Bootloader starting
NRF_POWER->GPREGRET2 = 0004
CONFIG_GPIO_AS_PINRESET NOT defined
BHI260/BHA260 found. Product ID read 89
Loading firmware. Boot status: 11
No BHY UPDATE file found!
No ANNA_UPDATE_FILE found. Starting main application
Ä$≈ÖçïÅthe box still. Send s to capture 5 s startup + 30 s stationary data.
Bootloader starting
NRF_POWER->GPREGRET2 = 0004
CONFIG_GPIO_AS_PINRESET NOT defined
BHI260/BHA260 found. Product ID read 89
Loading firmware. Boot status: 11
No BHY UPDATE file found!
No ANNA_UPDATE_FILE found. Starting main application
Ä$≈ÖçïÅthe box still. Send s to capture 5 s startup + 30 s stationary data.
# NICLA_DIAGNOSTIC_V1
# Arduino_BHY2=1.0.8; corrected counts; no orientation or BLE output
# configuration_read_attempts=3
# CONFIG,phase,sensor_id,rate_hz,latency_ms,range,sensitivity
# startup_us=5000000,duration_us=35000000
# host_us is delivery time; hardware timestamps and upstream loss are not exposed
sensor_id,sequence,host_us,x_counts,y_counts,z_counts
# CONFIG_READ_FAILURE,phase=start,sensor_id=4,attempt=1,status=-5,bytes=4,expected_bytes=12
# CONFIG,start,4,100.000,0,4,0
# CONFIG,start,13,100.000,0,1000,0
4,1,135536,57,-119,8520
4,2,138136,55,-124,8521
13,1,138159,12,-24,-14
4,3,138184,49,-121,8521
13,2,138206,12,-22,-14
4,4,138228,50,-104,8517
13,3,138250,13,-20,-13
4,5,147084,58,-116,8515
13,4,147106,12,-18,-11
4,6,156330,69,-110,8508
13,5,156352,11,-19,-12
4,7,166400,52,-113,8502
13,6,166422,12,-20,-12
4,8,176436,46,-119,8511
13,7,176458,13,-19,-13
4,9,186510,57,-112,8519
13,8,186532,12,-20,-13
4,10,196632,63,-114,8508
13,9,196654,11,-20,-11
4,11,206711,53,-111,8514
13,10,206733,14,-19,-13
4,12,216731,44,-113,8523
13,11,216753,14,-21,-12
4,13,226867,60,-109,8514
13,12,226889,11,-22,-12
4,14,236984,61,-118,8513
13,13,237034,11,-21,-14
4,15,246982,60,-111,8523
13,14,247032,14,-20,-11
4,16,257079,53,-109,8518
13,15,257101,12,-23,-11
4,17,267204,64,-120,8517
13,16,267227,10,-25,-10
4,18,277293,58,-119,8519
13,17,277316,11,-19,-12
4,19,287297,59,-109,8515
13,18,287320,14,-21,-13
4,20,297334,61,-108,8514
13,19,297357,14,-22,-16
4,21,307454,52,-112,8519
13,20,307475,13,-21,-13
4,22,317586,52,-114,8511
13,21,317608,12,-21,-10
4,23,327575,65,-110,8513
13,22,327597,11,-20,-12
4,24,337655,53,-107,8512
13,23,337677,12,-20,-13
4,25,347741,52,-112,8514
13,24,347763,13,-23,-12
4,26,357880,61,-113,8516
13,25,357902,10,-20,-12
4,27,367854,55,-97,8511
13,26,367876,10,-19,-12
4,28,377975,56,-111,8516
13,27,377997,10,-23,-12
4,29,388058,55,-108,8520
13,28,388080,13,-20,-12
4,30,398108,51,-117,8525
13,29,398130,13,-21,-13
4,31,408205,59,-124,8511
13,30,408227,12,-22,-14
4,32,418265,67,-111,8511
13,31,418287,11,-22,-13
4,33,428327,47,-119,8520
13,32,428349,12,-18,-13
4,34,438568,54,-116,8514
13,33,438590,12,-21,-14
4,35,448501,65,-116,8513
13,34,448523,11,-23,-13
4,36,458574,63,-114,8513
13,35,458596,13,-22,-12
4,37,468655,61,-111,8533
13,36,468676,11,-20,-10
4,38,478812,53,-108,8518
13,37,478834,10,-22,-11
4,39,488805,45,-101,8515
13,38,488827,12,-22,-11
4,40,498894,55,-117,8518
13,39,498944,11,-19,-12
4,41,508985,64,-122,8512
13,40,509007,13,-21,-11
4,42,519104,57,-120,8505
13,41,519126,13,-22,-10
4,43,529170,53,-116,8516
13,42,529192,14,-20,-11
4,44,539200,66,-124,8517
13,43,539222,14,-20,-12
4,45,549267,46,-114,8531
13,44,549289,12,-19,-13
4,46,559310,52,-106,8530
13,45,559332,13,-20,-10
4,47,569506,62,-109,8501
13,46,569528,13,-24,-11
4,48,579457,55,-119,8518
13,47,579479,11,-21,-12
4,49,589614,52,-109,8523
13,48,589636,11,-20,-13
4,50,599813,50,-111,8510
13,49,599835,13,-21,-12
4,51,609705,62,-99,8522
13,50,609727,14,-20,-13
4,52,619837,55,-125,8518
13,51,619859,15,-20,-14
4,53,629920,43,-114,8512
13,52,629942,11,-21,-13
4,54,640009,53,-104,8515
13,53,640031,9,-20,-10
4,55,650128,58,-112,8516
13,54,650150,1,0,0
4,56,660216,55,-118,8512
13,55,660238,0,0,0
4,57,670212,50,-110,8520
13,56,670234,0,0,0
4,58,680389,55,-104,8515
13,57,680411,3,1,2
4,59,690355,45,-110,8515
13,58,690377,0,3,0
4,60,700517,55,-126,8526
13,59,700539,0,1,-1
4,61,710462,54,-116,8515
13,60,710483,0,0,0
4,62,720648,57,-112,8520
13,61,720670,1,0,0
4,63,730731,53,-119,8530
13,62,730753,2,0,0
4,64,740761,54,-120,8523
13,63,740783,1,0,0
4,65,750816,54,-109,8517
13,64,750865,1,1,-1
4,66,761043,50,-113,8520
13,65,761065,0,1,1
4,67,771043,62,-116,8509
13,66,771065,0,1,0
4,68,781103,58,-109,8517
13,67,781125,3,0,-2
4,69,791182,59,-109,8523
13,68,791204,0,1,0
4,70,801330,52,-116,8526
13,69,801352,-1,0,-1
4,71,811330,59,-115,8523
13,70,811352,1,1,0
4,72,821444,57,-115,8524
13,71,821466,0,1,1
4,73,831463,65,-121,8510
13,72,831485,0,0,0
4,74,841703,53,-109,8516
13,73,841725,1,0,0
4,75,851616,56,-116,8524
13,74,851638,0,1,0
4,76,861645,62,-122,8528
13,75,861667,0,1,0
4,77,871860,56,-124,8521
13,76,871882,0,1,0
4,78,881939,57,-117,8511
13,77,881961,0,0,1
4,79,891898,51,-110,8515
13,78,891920,0,0,0
4,80,902022,62,-118,8507
13,79,902044,2,2,1
4,81,912166,55,-114,8515
13,80,912188,0,0,1
4,82,922208,55,-124,8511
13,81,922230,0,-1,-1
4,83,932313,49,-124,8523
13,82,932335,0,0,0
4,84,942281,60,-130,8520
13,83,942303,0,1,0
4,85,952463,59,-122,8511
13,84,952485,-1,2,0
4,86,962525,63,-118,8514
13,85,962546,0,0,1
4,87,972617,62,-118,8525
13,86,972639,0,0,0
4,88,982607,61,-117,8516
13,87,982629,0,0,1
4,89,992711,51,-117,8511
13,88,992733,-1,1,0
4,90,1002909,50,-120,8520
13,89,1002931,0,1,0
4,91,1012893,62,-114,8506
13,90,1012915,0,1,1
4,92,1023025,63,-108,8515
13,91,1023047,1,1,0
4,93,1033122,58,-121,8518
13,92,1033144,1,1,0
4,94,1043097,51,-127,8519
13,93,1043119,1,1,-1
4,95,1053182,55,-115,8531
13,94,1053204,1,1,0
4,96,1063190,59,-115,8519
13,95,1063212,0,0,1
4,97,1073334,64,-113,8516
13,96,1073356,1,0,0
4,98,1083481,54,-124,8520
13,97,1083503,0,0,1
4,99,1093458,59,-117,8519
13,98,1093480,0,1,0
4,100,1103606,67,-104,8512
13,99,1103628,0,0,0
4,101,1113618,63,-119,8509
13,100,1113639,2,0,0
4,102,1123788,51,-130,8518
13,101,1123810,1,0,3
4,103,1133801,61,-121,8519
13,102,1133823,1,2,2
4,104,1143891,50,-114,8517
13,103,1143913,0,2,1
4,105,1153941,51,-118,8515
13,104,1153963,1,-1,0
4,106,1164106,57,-120,8521
13,105,1164127,0,0,-1
4,107,1174122,59,-115,8211
13,106,1174147,0,1,0
4,108,1184159,40,-116,8228
13,107,1184181,1,0,2
4,109,1194233,61,-106,8232
13,108,1194255,1,0,0
4,110,1204355,51,-121,8228
13,109,1204377,0,-1,-1
4,111,1214397,55,-130,8218
13,110,1214419,1,2,1
4,112,1224482,60,-110,8229
13,111,1224504,2,0,0
4,113,1234478,61,-111,8223
13,112,1234500,0,1,1
4,114,1244763,52,-127,8221
13,113,1244785,0,0,0
4,115,1254642,55,-108,8223
13,114,1254664,2,0,1
4,116,1264792,54,-104,8224
13,115,1264814,0,2,0
4,117,1274878,64,-111,8231
13,116,1274900,1,2,0
4,118,1284965,58,-119,8225
13,117,1284987,0,1,0
4,119,1295017,56,-116,8218
13,118,1295039,0,3,1
4,120,1305150,54,-119,8214
13,119,1305172,1,0,-1
4,121,1315154,51,-104,8217
13,120,1315176,0,0,1
4,122,1325377,56,-103,8216
13,121,1325398,1,0,1
4,123,1335345,64,-115,8213
13,122,1335367,0,1,2
4,124,1345374,56,-122,8220
13,123,1345396,0,0,0
4,125,1355445,52,-117,8232
13,124,1355467,1,1,1
4,126,1365604,51,-112,8232
13,125,1365654,0,0,2
4,127,1375520,55,-111,8228
13,126,1375542,0,2,1
4,128,1385681,61,-111,8218
13,127,1385703,1,3,0
4,129,1395701,72,-121,8221
13,128,1395723,0,2,1
4,130,1405896,74,-130,8229
13,129,1405918,1,0,0
4,131,1415939,65,-122,8225
13,130,1415961,0,2,-1
4,132,1425925,66,-122,8224
13,131,1425947,1,1,0
4,133,1436030,50,-121,8226
13,132,1436052,0,-3,0
4,134,1446104,48,-117,8231
13,133,1446126,0,2,0
4,135,1456173,51,-117,8225
13,134,1456195,0,0,1
4,136,1466225,53,-108,8225
13,135,1466247,-1,1,1
4,137,1476311,68,-118,8216
13,136,1476333,0,-1,1
4,138,1486481,57,-131,8206
13,137,1486531,2,3,0
4,139,1496381,54,-120,8214
13,138,1496403,0,-1,2
4,140,1506544,48,-116,8217
13,139,1506566,0,-1,0
4,141,1516619,59,-117,8225
13,140,1516641,2,0,0
4,142,1526742,63,-112,8230
13,141,1526764,1,1,0
4,143,1536821,53,-113,8228
13,142,1536843,0,3,0
4,144,1546788,50,-110,8223
13,143,1546810,0,0,0
4,145,1556914,50,-121,8223
13,144,1556936,0,-2,0
4,146,1567083,57,-116,8232
13,145,1567104,1,0,0
4,147,1577075,51,-101,8222
13,146,1577097,0,2,0
4,148,1587145,61,-110,8214
13,147,1587167,-1,1,0
4,149,1597186,65,-121,8217
13,148,1597208,1,0,0
4,150,1607332,52,-122,8221
13,149,1607354,0,0,0
4,151,1617376,62,-120,8229
13,150,1617398,0,1,0
4,152,1627504,65,-122,8225
13,151,1627526,0,0,0
4,153,1637493,66,-121,8231
13,152,1637515,1,1,0
4,154,1647757,57,-112,8221
13,153,1647779,1,0,-1
4,155,1657704,59,-125,8217
13,154,1657726,1,0,0
4,156,1667771,55,-119,8226
13,155,1667793,0,3,1
4,157,1677881,54,-125,8219
13,156,1677903,1,3,2
4,158,1687961,54,-118,8225
13,157,1687983,1,0,0
4,159,1697984,69,-119,8221
13,158,1698006,1,0,-1
4,160,1708066,54,-121,8217
13,159,1708088,2,-1,0
4,161,1718157,50,-119,8228
13,160,1718179,0,1,-1
4,162,1728315,60,-121,8226
13,161,1728337,0,1,1
4,163,1738311,57,-117,8227
13,162,1738333,0,0,2
4,164,1748320,54,-121,8217
13,163,1748342,0,0,0
4,165,1758547,62,-131,8224
13,164,1758569,3,0,1
4,166,1768597,61,-111,8230
13,165,1768619,0,3,0
4,167,1778636,57,-108,8216
13,166,1778658,0,1,1
4,168,1788743,59,-119,8225
13,167,1788765,1,0,1
4,169,1798823,65,-125,8225
13,168,1798845,1,1,0
4,170,1808885,71,-115,8218
13,169,1808907,0,0,-1
4,171,1818910,64,-115,8221
13,170,1818932,1,0,0
4,172,1828992,57,-119,8229
13,171,1829014,2,2,0
4,173,1839072,63,-125,8225
13,172,1839094,0,0,1
4,174,1849156,62,-123,8233
13,173,1849178,0,1,0
4,175,1859257,51,-108,8219
13,174,1859279,-1,0,0
4,176,1869266,53,-119,8220
13,175,1869288,0,0,0
4,177,1879501,60,-120,8216
13,176,1879523,0,0,0
4,178,1889614,43,-123,8228
13,177,1889636,0,1,1
4,179,1899550,48,-116,8226
13,178,1899572,0,0,1
4,180,1909694,63,-117,8218
13,179,1909716,2,1,1
4,181,1919753,44,-115,8205
13,180,1919775,1,0,0
4,182,1929860,60,-111,8216
13,181,1929882,0,3,0
4,183,1939846,54,-107,8221
13,182,1939868,0,1,1
4,184,1950005,53,-116,8207
13,183,1950027,1,-1,0
4,185,1960071,61,-112,8213
13,184,1960093,0,1,0
4,186,1970262,60,-110,8221
13,185,1970284,0,2,3
4,187,1980244,51,-107,8213
13,186,1980266,0,1,2
4,188,1990313,45,-112,8222
13,187,1990335,1,0,0
4,189,2000396,47,-113,8226
13,188,2000445,0,2,0
4,190,2010472,53,-111,8221
13,189,2010494,0,3,1
4,191,2020658,58,-120,8219
13,190,2020680,2,2,0
4,192,2030662,61,-110,8226
13,191,2030684,1,0,0
4,193,2040732,64,-121,8239
13,192,2040754,2,1,0
4,194,2050815,57,-124,8230
13,193,2050837,0,2,0
4,195,2060855,54,-115,8215
13,194,2060877,0,0,2
4,196,2070972,56,-111,8211
13,195,2070994,2,0,0
4,197,2080963,66,-107,8219
13,196,2080985,1,0,0
4,198,2091143,60,-114,8223
13,197,2091165,1,1,0
4,199,2101201,57,-125,8218
13,198,2101223,2,1,0
4,200,2111238,52,-116,8226
13,199,2111259,0,0,1
4,201,2121343,50,-111,8226
13,200,2121365,0,3,1
4,202,2131579,65,-117,8224
13,201,2131601,-1,5,0
4,203,2141544,63,-119,8209
13,202,2141566,0,0,0
4,204,2151614,56,-114,8208
13,203,2151636,0,2,0
4,205,2161714,65,-119,8213
13,204,2161736,3,0,1
4,206,2171809,64,-120,8226
13,205,2171831,2,0,-1
4,207,2181862,52,-112,8216
13,206,2181884,1,3,0
4,208,2191926,50,-103,8227
13,207,2191948,0,-1,1
4,209,2201989,58,-117,8215
13,208,2202011,0,1,0
4,210,2212183,58,-110,8220
13,209,2212205,0,3,1
4,211,2222217,51,-124,8223
13,210,2222239,0,3,2
4,212,2232196,61,-109,8221
13,211,2232218,1,2,0
4,213,2242359,53,-118,8223
13,212,2242381,2,1,0
4,214,2252483,44,-132,8225
13,213,2252505,1,1,2
4,215,2262563,52,-127,8225
13,214,2262585,1,3,2
4,216,2272539,57,-120,8226
13,215,2272561,1,3,0
4,217,2282692,59,-108,8213
13,216,2282714,2,1,0
4,218,2292841,60,-113,8214
13,217,2292863,2,0,0
4,219,2302842,63,-114,8219
13,218,2302864,0,2,-1
4,220,2312939,64,-122,8228
13,219,2312961,0,2,0
4,221,2323052,72,-110,8235
13,220,2323074,1,0,0
4,222,2333042,55,-121,8216
13,221,2333064,1,2,1
4,223,2343162,59,-126,8212
13,222,2343183,0,2,1
4,224,2353176,48,-116,8222
13,223,2353198,0,0,2
4,225,2363297,58,-108,8236
13,224,2363319,-1,0,2
4,226,2373517,56,-108,8229
13,225,2373539,3,-1,2
4,227,2383485,55,-116,8227
13,226,2383507,2,0,0
4,228,2393640,68,-107,8225
13,227,2393662,0,0,0
4,229,2403667,60,-116,8227
13,228,2403689,0,0,0
4,230,2413771,54,-114,8232
13,229,2413793,0,2,0
4,231,2423798,55,-109,8231
13,230,2423820,-1,0,0
4,232,2433884,58,-103,8230
13,231,2433906,0,0,-2
4,233,2443946,64,-117,8218
13,232,2443968,-1,0,0
4,234,2454094,64,-121,8211
13,233,2454116,1,-1,0
4,235,2464089,56,-122,8217
13,234,2464111,0,0,-2
4,236,2474169,44,-118,8226
13,235,2474191,0,-1,0
4,237,2484261,59,-113,8230
13,236,2484283,0,0,4
4,238,2494467,61,-120,8227
13,237,2494489,-1,0,3
4,239,2504348,56,-127,8220
13,238,2504370,1,0,0
4,240,2514591,57,-120,8206
13,239,2514613,0,-2,1
4,241,2524533,66,-108,8223
13,240,2524555,0,0,1
4,242,2534818,62,-120,8231
13,241,2534840,0,1,0
4,243,2544798,58,-120,8221
13,242,2544820,0,0,0
4,244,2554820,55,-107,8219
13,243,2554842,0,1,0
4,245,2564925,66,-121,8223
13,244,2564947,1,0,0
4,246,2575016,56,-118,8230
13,245,2575038,1,1,-1
4,247,2585081,56,-114,8227
13,246,2585103,-3,1,0
4,248,2595175,59,-123,8221
13,247,2595197,0,-1,0
4,249,2605215,45,-109,8224
13,248,2605236,2,1,2
4,250,2615348,60,-113,8220
13,249,2615369,0,1,2
4,251,2625381,52,-109,8226
13,250,2625403,0,2,0
4,252,2635420,53,-117,8217
13,251,2635470,0,0,0
4,253,2645587,56,-120,8229
13,252,2645609,0,-1,0
4,254,2655644,64,-108,8229
13,253,2655666,1,-1,1
4,255,2665736,60,-116,8216
13,254,2665758,1,1,0
4,256,2675797,63,-109,8224
13,255,2675819,0,-1,0
4,257,2685857,52,-105,8216
13,256,2685879,0,-2,-1
4,258,2696066,54,-122,8216
13,257,2696088,0,0,1
4,259,2706098,56,-128,8225
13,258,2706119,1,0,3
4,260,2716129,60,-116,8217
13,259,2716151,0,0,0
4,261,2726213,71,-116,8226
13,260,2726235,-2,0,0
4,262,2736273,63,-119,8224
13,261,2736295,0,0,1
4,263,2746430,48,-119,8229
13,262,2746480,1,1,1
4,264,2756517,65,-114,8227
13,263,2756539,1,0,1
4,265,2766554,55,-115,8219
13,264,2766576,0,2,3
4,266,2776755,59,-120,8227
13,265,2776777,1,1,3
4,267,2786657,52,-108,8232
13,266,2786679,-2,0,3
4,268,2796790,69,-113,8223
13,267,2796812,0,0,0
4,269,2806907,62,-118,8229
13,268,2806928,0,0,0
4,270,2816971,56,-108,8219
13,269,2816993,1,0,1
4,271,2827017,54,-124,8215
13,270,2827039,1,0,-1
4,272,2837082,48,-121,8229
13,271,2837104,0,0,1
4,273,2847190,55,-123,8228
13,272,2847211,0,2,0
4,274,2857352,57,-118,8217
13,273,2857374,0,0,-2
4,275,2867402,56,-111,8222
13,274,2867424,0,1,-1
4,276,2877413,65,-114,8237
13,275,2877435,2,0,1
4,277,2887539,54,-121,8224
13,276,2887561,1,-2,-1
4,278,2897654,58,-115,8223
13,277,2897676,-1,1,0
4,279,2907694,57,-118,8217
13,278,2907716,1,1,1
4,280,2917829,61,-121,8218
13,279,2917851,1,-1,0
4,281,2927820,56,-116,8235
13,280,2927842,0,0,-1
4,282,2937985,72,-120,8233
13,281,2938007,-1,0,0
4,283,2948041,57,-100,8219
13,282,2948063,0,0,0
4,284,2957966,56,-123,8217
13,283,2957988,0,0,0
4,285,2968116,57,-113,8219
13,284,2968138,1,0,0
4,286,2978232,58,-106,8220
13,285,2978254,0,0,0
4,287,2988226,60,-114,8224
13,286,2988248,0,-1,0
4,288,2998353,59,-111,8213
13,287,2998375,0,-1,0
4,289,3008469,56,-115,8228
13,288,3008491,1,2,0
4,290,3018661,55,-120,8235
13,289,3018683,1,1,-2
4,291,3028538,60,-118,8224
13,290,3028560,0,-1,-2
4,292,3038717,60,-113,8228
13,291,3038739,0,0,1
4,293,3048709,52,-115,8226
13,292,3048731,0,0,0
4,294,3058794,65,-128,8213
13,293,3058816,0,-1,-1
4,295,3068925,56,-118,8224
13,294,3068946,1,-1,-1
4,296,3078947,53,-107,8215
13,295,3078969,1,-1,0
4,297,3089022,63,-117,8218
13,296,3089044,0,0,0
4,298,3099219,71,-116,8220
13,297,3099241,1,-3,0
4,299,3109198,53,-114,8215
13,298,3109220,1,-3,-1
4,300,3119249,55,-110,8229
13,299,3119271,0,0,0
4,301,3129397,61,-122,8230
13,300,3129419,0,-2,0
4,302,3139548,47,-121,8221
13,301,3139570,0,0,0
4,303,3149576,61,-117,8217
13,302,3149598,0,2,0
4,304,3159616,59,-115,8223
13,303,3159638,1,0,0
4,305,3169620,61,-115,8221
13,304,3169642,0,-2,0
4,306,3179907,65,-115,8232
13,305,3179929,1,-2,0
4,307,3189874,64,-120,8227
13,306,3189896,1,0,0
4,308,3199854,65,-122,8216
13,307,3199876,1,0,-1
4,309,3210039,61,-116,8224
13,308,3210061,0,1,0
4,310,3220100,58,-112,8222
13,309,3220122,0,-1,-1
4,311,3230146,56,-118,8222
13,310,3230168,0,0,-1
4,312,3240207,55,-108,8228
13,311,3240229,0,0,0
4,313,3250278,60,-122,8231
13,312,3250300,1,0,0
4,314,3260477,62,-114,8230
13,313,3260499,1,-2,0
4,315,3270508,44,-107,8224
13,314,3270530,0,0,2
4,316,3280554,53,-124,8219
13,315,3280576,1,0,1
4,317,3290561,59,-118,8218
13,316,3290583,0,0,1
4,318,3300718,64,-121,8222
13,317,3300740,2,0,0
4,319,3310786,62,-122,8221
13,318,3310808,0,2,0
4,320,3320898,57,-113,8218
13,319,3320920,0,0,-1
4,321,3330897,50,-118,8233
13,320,3330919,0,0,0
4,322,3341130,54,-122,8220
13,321,3341152,0,0,-1
4,323,3351078,56,-123,8212
13,322,3351100,0,0,0
4,324,3361137,70,-115,8220
13,323,3361159,0,0,0
4,325,3371232,69,-122,8208
13,324,3371254,1,0,0
4,326,3381354,50,-118,8214
13,325,3381376,0,1,0
4,327,3391457,54,-118,8222
13,326,3391479,0,1,1
4,328,3401427,47,-113,8228
13,327,3401449,0,0,0
4,329,3411547,52,-105,8229
13,328,3411569,2,0,-1
4,330,3421709,59,-123,8224
13,329,3421731,0,-2,-2
4,331,3431653,53,-123,8218
13,330,3431675,0,-1,0
4,332,3441771,62,-120,8221
13,331,3441793,0,0,0
4,333,3451807,54,-119,8221
13,332,3451829,0,1,0
4,334,3461956,50,-105,8217
13,333,3461978,1,2,0
4,335,3471970,50,-100,8213
13,334,3471992,2,0,1
4,336,3482051,58,-120,8222
13,335,3482073,1,0,2
4,337,3492162,56,-123,8223
13,336,3492184,-1,2,0
4,338,3502247,50,-112,8218
13,337,3502296,1,0,-1
4,339,3512329,70,-114,8224
13,338,3512351,1,0,0
4,340,3522407,57,-115,8217
13,339,3522429,1,0,2
4,341,3532553,47,-113,8226
13,340,3532575,0,0,2
4,342,3542510,61,-115,8220
13,341,3542532,-1,0,0
4,343,3552606,48,-115,8227
13,342,3552628,-1,0,0
4,344,3562691,55,-123,8219
13,343,3562713,2,1,0
4,345,3572703,65,-100,8216
13,344,3572725,1,1,0
4,346,3582943,61,-108,8214
13,345,3582965,1,1,0
4,347,3592890,57,-125,8220
13,346,3592912,1,0,-2
4,348,3603058,55,-123,8214
13,347,3603080,2,0,-2
4,349,3613111,61,-112,8218
13,348,3613133,1,1,-1
4,350,3623116,68,-111,8226
13,349,3623138,0,0,-1
4,351,3633256,51,-108,8224
13,350,3633278,-1,-2,0
4,352,3643329,56,-108,8222
13,351,3643351,0,0,-1
4,353,3653410,58,-115,8220
13,352,3653432,1,2,0
4,354,3663513,53,-113,8223
13,353,3663535,0,-1,-1
4,355,3673558,61,-111,8232
13,354,3673580,2,0,0
4,356,3683605,63,-115,8222
13,355,3683627,0,0,2
4,357,3693699,54,-115,8224
13,356,3693721,0,-3,1
4,358,3703831,52,-125,8223
13,357,3703853,0,0,0
4,359,3713897,42,-134,8223
13,358,3713919,0,0,0
4,360,3723954,60,-120,8223
13,359,3723976,1,-1,0
4,361,3734005,56,-115,8228
13,360,3734027,1,0,0
4,362,3744141,57,-116,8218
13,361,3744163,0,0,2
4,363,3754141,62,-122,8216
13,362,3754163,1,0,2
4,364,3764250,64,-117,8223
13,363,3764272,-1,-2,1
4,365,3774349,56,-120,8227
13,364,3774371,0,0,0
4,366,3784429,65,-116,8216
13,365,3784451,1,2,0
4,367,3794489,72,-105,8214
13,366,3794511,0,0,-2
4,368,3804489,57,-110,8223
13,367,3804511,1,0,0
4,369,3814645,57,-105,8220
13,368,3814666,3,0,0
4,370,3824706,57,-110,8218
13,369,3824728,1,1,0
4,371,3834744,54,-114,8230
13,370,3834766,0,0,0
4,372,3844825,48,-109,8228
13,371,3844847,4,0,2
4,373,3854893,56,-118,8231
13,372,3854915,2,0,0
4,374,3865027,53,-115,8222
13,373,3865049,0,0,0
4,375,3875092,69,-99,8224
13,374,3875141,0,-2,0
4,376,3885179,61,-109,8220
13,375,3885201,0,0,0
4,377,3895263,64,-120,8215
13,376,3895285,2,0,0
4,378,3905411,61,-112,8221
13,377,3905433,0,2,-2
4,379,3915400,68,-120,8220
13,378,3915422,0,1,-2
4,380,3925438,64,-125,8234
13,379,3925460,0,0,0
4,381,3935575,54,-118,8231
13,380,3935597,0,-2,0
4,382,3945534,46,-109,8219
13,381,3945556,2,1,1
4,383,3955639,49,-105,8225
13,382,3955661,2,0,0
4,384,3965657,56,-103,8214
13,383,3965679,-1,1,0
4,385,3975790,59,-122,8219
13,384,3975812,-1,0,0
4,386,3986051,58,-122,8214
13,385,3986073,0,-1,0
4,387,3995931,55,-127,8228
13,386,3995952,0,1,-1
4,388,4006009,62,-104,8221
13,387,4006059,0,1,-1
4,389,4016099,70,-122,8218
13,388,4016121,0,-1,0
4,390,4026245,57,-107,8214
13,389,4026267,1,-1,0
4,391,4036255,56,-113,8222
13,390,4036277,1,1,0
4,392,4046355,56,-120,8214
13,391,4046377,0,0,-1
4,393,4056399,63,-122,8233
13,392,4056421,0,0,-1
4,394,4066506,58,-114,8221
13,393,4066528,0,0,0
4,395,4076542,56,-109,8218
13,394,4076564,0,0,1
4,396,4086627,55,-115,8225
13,395,4086649,0,0,1
4,397,4096696,54,-108,8223
13,396,4096718,-1,1,2
4,398,4106856,48,-119,8219
13,397,4106877,0,0,3
4,399,4116775,50,-120,8212
13,398,4116797,0,0,0
4,400,4126912,54,-113,8218
13,399,4126934,0,-1,-2
4,401,4137029,49,-114,8239
13,400,4137051,0,1,0
4,402,4147211,48,-112,8217
13,401,4147233,0,1,0
4,403,4157160,64,-109,8218
13,402,4157182,2,0,-1
4,404,4167199,66,-113,8217
13,403,4167221,0,0,0
4,405,4177293,70,-114,8224
13,404,4177315,-1,0,0
4,406,4187410,58,-123,8212
13,405,4187432,0,1,0
4,407,4197432,57,-112,8226
13,406,4197454,0,0,0
4,408,4207475,67,-115,8225
13,407,4207497,-1,2,2
4,409,4217582,59,-118,8215
13,408,4217604,1,0,0
4,410,4227745,52,-111,8223
13,409,4227767,-1,-2,-2
4,411,4237732,65,-116,8226
13,410,4237753,-1,-2,1
4,412,4247858,60,-109,8206
13,411,4247880,0,0,2
4,413,4257902,52,-115,8220
13,412,4257924,0,1,-3
4,414,4268037,64,-128,8235
13,413,4268059,0,1,-2
4,415,4278079,59,-118,8222
13,414,4278101,1,0,0
4,416,4288139,60,-108,8213
13,415,4288161,0,0,0
4,417,4298199,57,-118,8224
13,416,4298221,0,-2,2
4,418,4308370,55,-114,8212
13,417,4308391,-1,-2,1
4,419,4318273,70,-111,8216
13,418,4318295,0,0,-3
4,420,4328486,61,-122,8217
13,419,4328508,0,1,-2
4,421,4338521,60,-116,8219
13,420,4338543,1,0,0
4,422,4348603,49,-114,8210
13,421,4348625,-1,0,-2
4,423,4358643,57,-120,8218
13,422,4358665,0,1,0
4,424,4368778,65,-107,8225
13,423,4368800,0,0,2
4,425,4378750,59,-123,8209
13,424,4378772,1,0,0
4,426,4389007,57,-113,8221
13,425,4389029,1,-1,1
4,427,4398974,63,-112,8228
13,426,4398996,0,-2,0
4,428,4409065,60,-120,8232
13,427,4409087,0,0,0
4,429,4419073,42,-120,8221
13,428,4419095,0,0,2
4,430,4429210,60,-112,8229
13,429,4429232,1,0,1
4,431,4439188,60,-113,8223
13,430,4439210,0,1,3
4,432,4449408,55,-111,8211
13,431,4449430,0,0,2
4,433,4459406,59,-112,8221
13,432,4459428,0,0,0
4,434,4469554,64,-119,8221
13,433,4469576,0,0,1
4,435,4479586,58,-117,8214
13,434,4479608,0,0,0
4,436,4489637,50,-116,8215
13,435,4489659,-1,0,0
4,437,4499743,61,-119,8214
13,436,4499765,0,0,0
4,438,4509784,53,-123,8212
13,437,4509833,0,0,0
4,439,4519913,64,-115,8223
13,438,4519935,0,0,0
4,440,4530005,59,-119,8213
13,439,4530027,0,0,0
4,441,4540059,65,-112,8219
13,440,4540081,0,0,0
4,442,4550224,66,-106,8221
13,441,4550246,0,2,1
4,443,4560166,60,-109,8220
13,442,4560188,1,0,0
4,444,4570277,58,-118,8223
13,443,4570299,0,0,0
4,445,4580273,55,-105,8231
13,444,4580294,-1,0,0
4,446,4590514,54,-116,8227
13,445,4590535,0,0,0
4,447,4600479,60,-111,8226
13,446,4600500,2,0,0
4,448,4610589,60,-114,8216
13,447,4610611,0,0,0
4,449,4620599,61,-110,8220
13,448,4620621,0,-2,0
4,450,4630849,63,-110,8235
13,449,4630871,0,0,0
4,451,4640865,54,-114,8239
13,450,4640887,2,0,-2
4,452,4650872,55,-120,8232
13,451,4650894,4,-1,2
4,453,4661007,50,-123,8217
13,452,4661029,4,2,2
4,454,4671101,64,-119,8224
13,453,4671123,0,1,2
4,455,4681098,60,-117,8239
13,454,4681120,0,-1,0
4,456,4691233,56,-118,8218
13,455,4691255,2,-2,2
4,457,4701289,53,-115,8210
13,456,4701311,1,0,0
4,458,4711475,54,-112,8222
13,457,4711497,1,0,0
4,459,4721446,59,-109,8215
13,458,4721468,1,0,0
4,460,4731528,54,-110,8229
13,459,4731550,0,0,0
4,461,4741581,50,-116,8220
13,460,4741603,1,0,1
4,462,4751708,58,-112,8232
13,461,4751757,0,0,0
4,463,4761774,53,-113,8234
13,462,4761796,0,0,2
4,464,4771849,50,-117,8234
13,463,4771871,0,0,0
4,465,4781911,47,-127,8229
13,464,4781933,1,0,-2
4,466,4792095,49,-124,8219
13,465,4792117,0,0,0
4,467,4802006,58,-111,8225
13,466,4802028,-1,0,0
4,468,4812143,56,-115,8225
13,467,4812165,1,0,-3
4,469,4822178,57,-119,8215
13,468,4822200,0,-1,0
4,470,4832365,57,-122,8219
13,469,4832387,0,-2,0
4,471,4842283,56,-121,8210
13,470,4842305,1,-1,1
4,472,4852443,48,-116,8215
13,471,4852465,2,1,0
4,473,4862459,60,-115,8229
13,472,4862481,0,4,0
4,474,4872685,59,-100,8220
13,473,4872707,0,1,-1
4,475,4882691,54,-107,8234
13,474,4882713,2,1,-1
4,476,4892780,55,-121,8220
13,475,4892802,3,0,2
4,477,4902769,58,-120,8210
13,476,4902791,0,-1,0
4,478,4912927,55,-109,8226
13,477,4912949,0,0,1
4,479,4922913,55,-113,8221
13,478,4922935,0,0,2
4,480,4932986,66,-117,8211
13,479,4933008,1,0,0
4,481,4943077,51,-117,8223
13,480,4943099,0,-1,-1
4,482,4953244,51,-120,8221
13,481,4953266,0,0,0
4,483,4963268,57,-120,8224
13,482,4963290,0,-1,1
4,484,4973296,59,-124,8213
13,483,4973318,0,0,0
4,485,4983366,59,-127,8216
13,484,4983388,1,0,1
4,486,4993484,58,-125,8218
13,485,4993505,0,0,-1
4,487,5003537,60,-120,8214
13,486,5003586,0,0,0
4,488,5013666,62,-112,8228
13,487,5013688,0,1,1
4,489,5023695,57,-113,8220
13,488,5023717,1,-1,1
4,490,5033847,52,-121,8224
13,489,5033869,2,0,1
4,491,5043863,69,-102,8232
13,490,5043885,3,2,0
4,492,5053884,54,-113,8221
13,491,5053906,3,1,0
4,493,5064023,57,-127,8221
13,492,5064045,0,-2,0
4,494,5074011,54,-124,8218
13,493,5074033,1,-1,0
4,495,5084186,52,-120,8224
13,494,5084208,1,0,0
4,496,5094109,54,-107,8227
13,495,5094131,0,0,0
4,497,5104268,57,-115,8209
13,496,5104290,0,0,0
4,498,5114491,64,-114,8220
13,497,5114513,0,-2,0
4,499,5124350,57,-120,8218
13,498,5124372,0,-4,0
4,500,5134480,61,-123,8215
13,499,5134502,0,0,-2
4,501,5144521,59,-121,8209
13,500,5144543,1,0,1
4,502,5154628,58,-116,8219
13,501,5154650,1,0,1
4,503,5164669,51,-110,8223
13,502,5164691,0,0,0
4,504,5174734,67,-116,8229
13,503,5174756,0,-2,-1
4,505,5184740,58,-115,8212
13,504,5184762,1,-1,-1
4,506,5194931,57,-121,8216
13,505,5194953,-1,0,1
4,507,5204884,50,-127,8235
13,506,5204906,1,0,2
4,508,5215000,50,-117,8218
13,507,5215022,1,1,0
4,509,5225021,54,-120,8214
13,508,5225043,0,-2,-1
4,510,5235170,61,-117,8222
13,509,5235192,2,1,0
4,511,5245235,57,-109,8211
13,510,5245257,5,-2,2
4,512,5255292,51,-124,8225
13,511,5255314,2,0,0
4,513,5265404,53,-122,8228
13,512,5265426,1,0,1
4,514,5275619,60,-112,8229
13,513,5275641,0,-2,0
4,515,5285534,61,-128,8221
13,514,5285556,0,2,0
4,516,5295602,59,-121,8211
13,515,5295624,0,0,1
4,517,5305612,58,-119,8226
13,516,5305634,0,-3,0
4,518,5315836,51,-119,8228
13,517,5315858,1,0,-1
4,519,5325833,48,-116,8228
13,518,5325855,0,0,0
4,520,5335907,62,-114,8229
13,519,5335929,0,0,0
4,521,5345957,62,-114,8217
13,520,5345979,0,-2,1
4,522,5356071,62,-115,8220
13,521,5356093,0,2,0
4,523,5366096,51,-124,8232
13,522,5366118,0,2,-1
4,524,5376284,54,-123,8233
13,523,5376306,0,0,0
4,525,5386272,63,-124,8215
13,524,5386294,2,0,0
4,526,5396400,58,-120,8210
13,525,5396422,2,2,0
4,527,5406447,50,-114,8217
13,526,5406469,0,1,0
4,528,5416540,61,-115,8226
13,527,5416562,0,2,1
4,529,5426554,63,-124,8219
13,528,5426576,0,2,0
4,530,5436793,55,-123,8217
13,529,5436814,1,2,0
4,531,5446723,51,-117,8219
13,530,5446745,0,0,0
4,532,5456796,47,-122,8228
13,531,5456818,0,0,1
4,533,5466868,60,-113,8220
13,532,5466890,1,1,0
4,534,5476944,69,-111,8210
13,533,5476966,1,-1,0
4,535,5487084,58,-118,8226
13,534,5487105,0,-1,-1
4,536,5497102,52,-105,8223
13,535,5497124,-1,2,0
4,537,5507145,56,-101,8223
13,536,5507194,0,0,0
4,538,5517430,61,-117,8222
13,537,5517452,0,2,0
4,539,5527282,52,-118,8217
13,538,5527304,1,0,-2
4,540,5537427,66,-121,8225
13,539,5537449,0,1,0
4,541,5547488,59,-114,8230
13,540,5547510,0,2,0
4,542,5557531,72,-119,8223
13,541,5557553,0,2,0
4,543,5567614,58,-127,8210
13,542,5567636,2,2,-2
4,544,5577696,51,-117,8216
13,543,5577718,2,0,-2
4,545,5587818,65,-109,8226
13,544,5587840,0,0,0
4,546,5597888,74,-112,8225
13,545,5597910,1,-1,0
4,547,5607973,54,-117,8217
13,546,5607995,-1,2,0
4,548,5617983,48,-117,8226
13,547,5618005,1,2,0
4,549,5628033,69,-108,8227
13,548,5628055,1,-2,0
4,550,5638241,55,-125,8218
13,549,5638263,0,0,-1
4,551,5648187,48,-134,8223
13,550,5648209,-1,1,0
4,552,5658325,45,-104,8224
13,551,5658347,0,-1,0
4,553,5668388,58,-112,8219
13,552,5668410,1,0,0
4,554,5678524,53,-131,8217
13,553,5678546,0,0,0
4,555,5688488,49,-124,8219
13,554,5688510,-3,2,0
4,556,5698579,63,-102,8218
13,555,5698601,0,1,0
4,557,5708698,52,-107,8229
13,556,5708720,1,-1,0
4,558,5718794,46,-115,8216
13,557,5718816,0,-1,0
4,559,5728799,52,-121,8226
13,558,5728821,0,1,0
4,560,5738808,54,-102,8233
13,559,5738830,0,0,0
4,561,5748990,54,-114,8228
13,560,5749039,-1,0,0
4,562,5759177,55,-114,8223
13,561,5759199,0,2,0
4,563,5769009,63,-113,8230
13,562,5769058,1,-1,2
4,564,5779250,55,-107,8223
13,563,5779272,1,-2,-1
4,565,5789247,50,-109,8223
13,564,5789269,-1,0,0
4,566,5799342,56,-121,8224
13,565,5799364,0,0,1
4,567,5809352,59,-121,8227
13,566,5809374,2,0,0
4,568,5819479,56,-114,8221
13,567,5819501,0,0,-1
4,569,5829524,59,-111,8215
13,568,5829546,1,-1,0
4,570,5839741,63,-107,8215
13,569,5839763,0,0,0
4,571,5849674,56,-118,8226
13,570,5849696,1,0,-2
4,572,5859671,65,-110,8224
13,571,5859693,0,0,0
4,573,5869837,56,-122,8223
13,572,5869858,0,0,0
4,574,5880022,65,-109,8211
13,573,5880044,0,1,-2
4,575,5890063,58,-119,8211
13,574,5890085,3,0,0
4,576,5900091,45,-131,8221
13,575,5900113,1,0,1
4,577,5910203,59,-111,8221
13,576,5910225,0,0,0
4,578,5920338,59,-117,8213
13,577,5920360,1,0,-3
4,579,5930278,57,-114,8223
13,578,5930299,2,-1,0
4,580,5940376,59,-104,8238
13,579,5940398,1,-2,1
4,581,5950439,57,-111,8222
13,580,5950461,1,-1,0
4,582,5960629,61,-124,8216
13,581,5960651,2,0,-1
4,583,5970607,58,-107,8220
13,582,5970629,0,2,-1
4,584,5980705,52,-113,8221
13,583,5980727,0,0,0
4,585,5990806,60,-117,8214
13,584,5990828,0,0,0
4,586,6000977,67,-109,8225
13,585,6000999,1,0,-1
4,587,6010975,60,-120,8224
13,586,6010997,0,1,-1
4,588,6021059,66,-116,8223
13,587,6021081,-1,0,0
4,589,6031130,60,-114,8228
13,588,6031152,2,-1,-1
4,590,6041243,58,-110,8219
13,589,6041265,1,-1,-2
4,591,6051268,62,-122,8217
13,590,6051290,0,2,0
4,592,6061353,49,-121,8222
13,591,6061375,2,1,0
4,593,6071352,62,-117,8225
13,592,6071374,1,0,1
4,594,6081616,56,-118,8229
13,593,6081638,1,0,1
4,595,6091595,56,-114,8229
13,594,6091617,0,0,1
4,596,6101714,57,-110,8216
13,595,6101736,0,0,2
4,597,6111678,58,-120,8219
13,596,6111700,1,0,0
4,598,6121851,56,-114,8219
13,597,6121873,2,0,0
4,599,6131905,57,-111,8220
13,598,6131954,0,0,1
4,600,6141959,58,-113,8220
13,599,6141981,1,1,-1
4,601,6152090,58,-124,8234
13,600,6152112,0,0,0
4,602,6162233,67,-121,8220
13,601,6162255,-1,0,-1
4,603,6172244,58,-110,8219
13,602,6172266,0,0,-1
4,604,6182338,64,-120,8218
13,603,6182360,0,-2,-2
4,605,6192309,56,-113,8220
13,604,6192331,0,0,-2
4,606,6202464,44,-116,8224
13,605,6202486,-1,1,-2
4,607,6212498,72,-112,8218
13,606,6212520,-1,0,0
4,608,6222607,49,-124,8221
13,607,6222629,1,0,0
4,609,6232608,62,-116,8229
13,608,6232630,1,1,0
4,610,6242831,61,-99,8222
13,609,6242853,1,0,0
4,611,6252809,40,-115,8217
13,610,6252830,1,0,0
4,612,6262910,48,-114,8238
13,611,6262932,1,-3,1
4,613,6272993,63,-113,8220
13,612,6273015,-1,-2,-1
4,614,6283143,75,-118,8212
13,613,6283165,0,1,-3
4,615,6293149,61,-117,8221
13,614,6293171,2,1,0
4,616,6303205,57,-111,8230
13,615,6303227,2,0,0
4,617,6313225,68,-119,8227
13,616,6313246,0,-1,-1
4,618,6323444,59,-119,8224
13,617,6323466,0,-1,0
4,619,6333433,54,-108,8234
13,618,6333455,0,0,0
4,620,6343500,59,-112,8226
13,619,6343522,0,-1,0
4,621,6353564,51,-123,8220
13,620,6353586,1,1,2
4,622,6363700,50,-123,8215
13,621,6363722,2,0,1
4,623,6373680,64,-113,8218
13,622,6373702,0,1,1
4,624,6383882,47,-111,8222
13,623,6383904,0,0,-1
4,625,6393822,50,-100,8235
13,624,6393872,1,0,0
4,626,6404079,69,-111,8223
13,625,6404101,0,2,-1
4,627,6414078,59,-121,8220
13,626,6414100,0,2,-1
4,628,6424148,61,-118,8216
13,627,6424170,0,0,-2
4,629,6434202,52,-119,8221
13,628,6434224,0,0,-1
4,630,6444382,54,-111,8208
13,629,6444403,0,-2,0
4,631,6454368,62,-115,8223
13,630,6454390,0,0,1
4,632,6464535,64,-117,8221
13,631,6464557,0,0,0
4,633,6474569,55,-121,8215
13,632,6474591,2,-1,0
4,634,6484695,57,-121,8227
13,633,6484717,-1,-1,0
4,635,6494673,58,-119,8233
13,634,6494695,0,1,0
4,636,6504843,53,-110,8232
13,635,6504865,-1,1,0
4,637,6514775,60,-107,8220
13,636,6514824,0,1,0
4,638,6524987,58,-124,8209
13,637,6525009,-1,0,0
4,639,6534975,64,-125,8220
13,638,6534997,0,0,-1
4,640,6545098,67,-112,8228
13,639,6545120,0,0,0
4,641,6555215,54,-111,8234
13,640,6555237,-1,-2,1
4,642,6565314,49,-108,8223
13,641,6565335,0,-2,-2
4,643,6575318,43,-117,8217
13,642,6575340,-1,0,1
4,644,6585381,57,-112,8221
13,643,6585403,0,0,0
4,645,6595454,66,-112,8222
13,644,6595476,0,0,0
4,646,6605576,52,-111,8216
13,645,6605598,0,0,2
4,647,6615593,51,-117,8218
13,646,6615615,-1,0,0
4,648,6625690,46,-129,8212
13,647,6625712,0,-2,-1
4,649,6635691,53,-107,8224
13,648,6635713,0,-4,0
4,650,6645956,67,-109,8220
13,649,6645978,1,0,0
4,651,6655894,52,-112,8210
13,650,6655916,0,0,-1
4,652,6665997,44,-124,8225
13,651,6666019,0,0,-2
4,653,6676095,59,-119,8231
13,652,6676117,0,0,-3
4,654,6686081,67,-117,8228
13,653,6686103,0,0,0
4,655,6696205,60,-110,8218
13,654,6696227,0,0,-2
4,656,6706263,55,-117,8215
13,655,6706285,0,0,-1
4,657,6716354,59,-128,8214
13,656,6716376,-3,0,1
4,658,6726519,49,-112,8223
13,657,6726541,0,2,0
4,659,6736461,55,-112,8226
13,658,6736483,0,2,1
4,660,6746608,65,-116,8221
13,659,6746629,1,0,0
4,661,6756681,56,-117,8217
13,660,6756730,0,0,0
4,662,6766812,57,-123,8224
13,661,6766834,0,2,0
4,663,6776811,62,-123,8217
13,662,6776833,0,-1,0
4,664,6786968,58,-115,8221
13,663,6786990,-1,-1,0
4,665,6797009,55,-121,8218
13,664,6797031,-1,0,-1
4,666,6807181,49,-111,8207
13,665,6807203,0,-1,-1
4,667,6817198,48,-118,8222
13,666,6817220,1,-3,0
4,668,6827200,56,-124,8233
13,667,6827222,0,0,1
4,669,6837317,52,-118,8221
13,668,6837339,0,-1,0
4,670,6847417,59,-131,8221
13,669,6847439,1,0,-2
4,671,6857476,52,-112,8223
13,670,6857498,0,0,0
4,672,6867546,49,-120,8231
13,671,6867568,0,-1,0
4,673,6877619,57,-111,8224
13,672,6877641,-1,-4,0
4,674,6887793,65,-109,8228
13,673,6887815,0,0,0
4,675,6897871,47,-121,8221
13,674,6897893,0,0,-1
4,676,6907923,54,-122,8226
13,675,6907945,0,0,0
4,677,6917975,53,-108,8222
13,676,6917997,1,-1,0
4,678,6928067,52,-112,8222
13,677,6928089,2,0,2
4,679,6938171,56,-123,8216
13,678,6938193,-1,0,0
4,680,6948151,46,-119,8215
13,679,6948173,0,1,0
4,681,6958288,45,-123,8221
13,680,6958310,3,3,0
4,682,6968452,56,-111,8219
13,681,6968474,0,0,-2
4,683,6978444,57,-112,8233
13,682,6978466,0,0,0
4,684,6988461,50,-119,8218
13,683,6988483,1,0,-1
4,685,6998588,62,-106,8209
13,684,6998610,0,1,-1
4,686,7008638,54,-112,8222
13,685,7008660,-1,0,1
4,687,7018830,68,-120,8231
13,686,7018852,-2,0,1
4,688,7028866,62,-113,8230
13,687,7028888,0,-1,0
4,689,7038867,64,-117,8225
13,688,7038889,0,2,-1
4,690,7049097,59,-114,8222
13,689,7049119,0,0,0
4,691,7059074,56,-108,8225
13,690,7059096,0,0,0
4,692,7069170,53,-114,8221
13,691,7069192,-1,1,-1
4,693,7079193,57,-119,8229
13,692,7079215,0,0,0
4,694,7089353,45,-118,8213
13,693,7089375,-2,-1,0
4,695,7099419,50,-108,8224
13,694,7099441,0,-2,0
4,696,7109490,68,-107,8216
13,695,7109511,0,-3,1
4,697,7119566,56,-116,8222
13,696,7119588,0,-2,-1
4,698,7129757,56,-116,8228
13,697,7129779,0,0,0
4,699,7139775,66,-106,8226
13,698,7139797,-1,1,3
4,700,7149781,62,-117,8224
13,699,7149803,0,0,-1
4,701,7160001,65,-116,8227
13,700,7160023,-1,0,1
4,702,7170051,59,-115,8220
13,701,7170073,0,0,0
4,703,7180048,65,-119,8217
13,702,7180070,0,1,0
4,704,7190096,51,-121,8224
13,703,7190118,0,2,0
4,705,7200191,55,-115,8224
13,704,7200213,0,-1,1
4,706,7210389,58,-118,8229
13,705,7210411,0,-1,0
4,707,7220303,47,-119,8219
13,706,7220325,0,-1,-1
4,708,7230431,68,-112,8219
13,707,7230453,-1,0,1
4,709,7240529,62,-127,8218
13,708,7240551,-1,0,-1
4,710,7250584,64,-112,8216
13,709,7250606,0,0,0
4,711,7260714,59,-116,8217
13,710,7260736,-1,-1,2
4,712,7270786,55,-122,8224
13,711,7270808,-2,0,0
4,713,7280867,56,-124,8223
13,712,7280889,-2,0,-2
4,714,7291016,49,-113,8218
13,713,7291038,0,1,2
4,715,7300988,49,-113,8220
13,714,7301010,0,0,3
4,716,7311074,49,-110,8226
13,715,7311096,-1,0,0
4,717,7321147,65,-120,8228
13,716,7321169,0,0,0
4,718,7331245,66,-118,8220
13,717,7331267,0,0,0
4,719,7341286,74,-115,8211
13,718,7341308,0,0,0
4,720,7351385,62,-112,8218
13,719,7351407,0,0,0
4,721,7361503,51,-104,8228
13,720,7361525,0,-1,2
4,722,7371582,59,-117,8231
13,721,7371604,0,0,-1
4,723,7381672,57,-122,8215
13,722,7381694,-1,0,0
4,724,7391682,54,-125,8221
13,723,7391704,2,0,0
4,725,7401835,57,-114,8228
13,724,7401857,0,0,0
4,726,7411813,53,-117,8231
13,725,7411835,0,-4,-1
4,727,7421918,47,-115,8224
13,726,7421940,-1,1,-2
4,728,7431961,59,-124,8222
13,727,7431983,-2,0,1
4,729,7442054,57,-124,8224
13,728,7442076,0,1,0
4,730,7452271,58,-120,8222
13,729,7452293,2,0,0
4,731,7462232,54,-115,8221
13,730,7462254,1,-2,0
4,732,7472229,65,-116,8214
13,731,7472251,-2,0,1
4,733,7482336,61,-117,8224
13,732,7482358,-2,0,0
4,734,7492400,64,-120,8219
13,733,7492422,0,0,0
4,735,7502494,64,-120,8233
13,734,7502516,0,0,1
4,736,7512608,49,-109,8230
13,735,7512630,0,0,0
4,737,7522654,55,-115,8226
13,736,7522676,1,2,0
4,738,7532890,59,-121,8222
13,737,7532912,0,-1,0
4,739,7542824,50,-108,8237
13,738,7542846,0,-1,-1
4,740,7552898,55,-118,8224
13,739,7552919,0,2,0
4,741,7562936,49,-119,8218
13,740,7562957,0,-1,1
4,742,7573052,51,-115,8226
13,741,7573074,0,1,0
4,743,7583101,38,-117,8221
13,742,7583123,-1,2,-1
4,744,7593198,58,-114,8213
13,743,7593220,-2,2,0
4,745,7603243,58,-115,8223
13,744,7603265,0,0,1
4,746,7613443,64,-122,8222
13,745,7613465,0,-1,0
4,747,7623383,46,-116,8225
13,746,7623405,0,0,1
4,748,7633553,59,-125,8222
13,747,7633575,0,0,0
4,749,7643471,54,-121,8220
13,748,7643493,0,-2,0
4,750,7653729,62,-116,8226
13,749,7653751,0,0,1
4,751,7663686,58,-124,8215
13,750,7663708,-1,2,0
4,752,7673804,63,-116,8222
13,751,7673826,0,0,1
4,753,7683897,68,-123,8215
13,752,7683919,0,-1,0
4,754,7693989,55,-125,8220
13,753,7694011,0,0,0
4,755,7703967,53,-126,8221
13,754,7703989,-1,1,0
4,756,7714046,64,-122,8215
13,755,7714068,-2,0,0
4,757,7724121,59,-115,8217
13,756,7724143,0,0,1
4,758,7734248,59,-120,8223
13,757,7734269,0,-4,0
4,759,7744278,59,-113,8219
13,758,7744300,0,0,0
4,760,7754348,50,-101,8218
13,759,7754370,-1,-1,1
4,761,7764480,59,-104,8224
13,760,7764502,-1,-1,0
4,762,7774607,61,-114,8218
13,761,7774629,-1,0,0
4,763,7784634,54,-120,8197
13,762,7784656,-1,-3,2
4,764,7794639,65,-120,8232
13,763,7794661,0,-1,-1
4,765,7804778,64,-121,8224
13,764,7804799,0,-2,-4
4,766,7814892,50,-119,8227
13,765,7814914,0,0,0
4,767,7824926,53,-125,8242
13,766,7824948,0,0,0
4,768,7834976,62,-117,8210
13,767,7834998,-1,-1,1
4,769,7845138,57,-112,8219
13,768,7845160,0,0,1
4,770,7855242,52,-113,8214
13,769,7855264,-2,0,-2
4,771,7865209,60,-110,8218
13,770,7865231,0,1,-1
4,772,7875236,70,-108,8217
13,771,7875258,0,-1,0
4,773,7885435,59,-116,8215
13,772,7885457,0,-1,-2
4,774,7895519,58,-110,8234
13,773,7895541,-1,1,0
4,775,7905530,57,-104,8228
13,774,7905552,0,0,0
4,776,7915652,52,-124,8212
13,775,7915674,0,-1,0
4,777,7925652,50,-123,8235
13,776,7925674,0,-1,-1
4,778,7935849,66,-118,8239
13,777,7935871,-1,-1,0
4,779,7945910,72,-105,8217
13,778,7945932,1,0,0
4,780,7955900,63,-114,8224
13,779,7955922,1,-1,0
4,781,7966008,47,-116,8218
13,780,7966030,0,-4,1
4,782,7976110,44,-113,8221
13,781,7976132,-1,-3,1
4,783,7986138,59,-111,8222
13,782,7986160,0,-1,0
4,784,7996222,52,-112,8222
13,783,7996244,0,-1,0
4,785,8006375,59,-110,8223
13,784,8006397,1,2,0
4,786,8016528,67,-117,8225
13,785,8016550,-1,1,0
4,787,8026468,54,-121,8223
13,786,8026490,-1,0,-1
4,788,8036571,63,-109,8226
13,787,8036593,-2,0,-1
4,789,8046633,64,-106,8218
13,788,8046655,-2,0,0
4,790,8056776,58,-115,8224
13,789,8056798,0,0,0
4,791,8066767,50,-119,8228
13,790,8066789,0,0,1
4,792,8076862,55,-116,8225
13,791,8076884,1,0,1
4,793,8086971,56,-106,8214
13,792,8086993,0,0,-3
4,794,8097024,59,-110,8207
13,793,8097046,-1,1,1
4,795,8107075,53,-130,8223
13,794,8107097,0,2,1
4,796,8117144,57,-111,8208
13,795,8117166,1,0,0
4,797,8127175,47,-116,8219
13,796,8127196,1,0,-1
4,798,8137348,45,-120,8215
13,797,8137370,0,1,-1
4,799,8147399,58,-121,8202
13,798,8147421,-3,3,0
4,800,8157566,59,-115,8216
13,799,8157588,0,2,0
4,801,8167509,51,-110,8222
13,800,8167531,-2,0,0
4,802,8177774,65,-122,8228
13,801,8177796,0,1,0
4,803,8187684,68,-118,8225
13,802,8187706,0,0,0
4,804,8197708,49,-109,8222
13,803,8197730,0,2,-1
4,805,8207926,58,-116,8218
13,804,8207948,-2,2,0
4,806,8217910,62,-100,8215
13,805,8217932,0,0,0
4,807,8228029,60,-107,8221
13,806,8228051,0,-1,0
4,808,8238108,57,-112,8215
13,807,8238130,0,-1,0
4,809,8248170,52,-118,8222
13,808,8248192,0,0,1
4,810,8258364,46,-111,8223
13,809,8258386,0,-1,1
4,811,8268340,49,-119,8218
13,810,8268362,-1,0,2
4,812,8278469,54,-112,8222
13,811,8278491,-2,2,0
4,813,8288532,54,-115,8226
13,812,8288554,0,1,0
4,814,8298602,61,-125,8232
13,813,8298624,0,1,0
4,815,8308586,58,-113,8214
13,814,8308608,-2,0,-1
4,816,8318738,68,-104,8232
13,815,8318760,-2,0,0
4,817,8328796,67,-122,8227
13,816,8328818,0,0,0
4,818,8338886,68,-133,8214
13,817,8338908,-2,-2,-3
4,819,8348965,54,-115,8212
13,818,8348987,-2,0,0
4,820,8358974,60,-115,8223
13,819,8358996,0,0,0
4,821,8369055,74,-109,8219
13,820,8369077,1,0,0
4,822,8379150,56,-113,8229
13,821,8379172,-1,-1,0
4,823,8389238,66,-121,8226
13,822,8389260,0,-2,0
4,824,8399323,64,-123,8205
13,823,8399345,0,0,1
4,825,8409457,51,-110,8227
13,824,8409479,-1,0,2
4,826,8419561,50,-117,8226
13,825,8419582,-1,2,-1
4,827,8429484,49,-117,8224
13,826,8429506,0,0,-2
4,828,8439602,49,-120,8239
13,827,8439624,0,1,0
4,829,8449726,52,-111,8225
13,828,8449748,0,-1,0
4,830,8459833,59,-112,8229
13,829,8459855,0,0,-1
4,831,8469827,53,-110,8218
13,830,8469849,1,2,0
4,832,8479935,56,-120,8215
13,831,8479957,0,0,0
4,833,8489953,66,-121,8225
13,832,8489975,-1,-1,0
4,834,8500122,60,-115,8217
13,833,8500172,0,0,-1
4,835,8510090,55,-109,8220
13,834,8510139,0,0,0
4,836,8520187,57,-115,8213
13,835,8520209,0,1,0
4,837,8530324,59,-122,8209
13,836,8530346,0,1,0
4,838,8540322,56,-129,8225
13,837,8540344,1,1,-1
4,839,8550396,59,-112,8229
13,838,8550418,0,-2,0
4,840,8560483,63,-110,8228
13,839,8560505,-1,0,1
4,841,8570525,59,-119,8228
13,840,8570547,1,0,0
4,842,8580734,50,-139,8223
13,841,8580756,-1,-2,-1
4,843,8590688,60,-122,8220
13,842,8590710,0,0,0
4,844,8600755,65,-117,8236
13,843,8600777,1,1,3
4,845,8610852,61,-103,8226
13,844,8610874,0,0,1
4,846,8620947,58,-107,8230
13,845,8620969,0,0,1
4,847,8630998,53,-115,8221
13,846,8631020,0,-2,1
4,848,8641007,49,-119,8218
13,847,8641029,-2,1,0
4,849,8651171,62,-112,8232
13,848,8651193,-2,0,-1
4,850,8661321,64,-109,8222
13,849,8661343,0,0,1
4,851,8671350,53,-117,8219
13,850,8671372,-2,0,0
4,852,8681356,60,-113,8223
13,851,8681378,-1,0,0
4,853,8691439,62,-117,8225
13,852,8691461,0,0,0
4,854,8701545,61,-120,8218
13,853,8701567,0,1,0
4,855,8711526,66,-110,8225
13,854,8711548,0,-1,0
4,856,8721702,63,-125,8224
13,855,8721724,0,-2,0
4,857,8731741,45,-107,8224
13,856,8731763,0,0,1
4,858,8741979,48,-117,8221
13,857,8742028,0,-1,0
4,859,8751940,64,-108,8215
13,858,8751962,0,0,0
4,860,8761891,64,-110,8213
13,859,8761913,0,0,0
4,861,8772064,65,-123,8220
13,860,8772086,0,2,-1
4,862,8782162,53,-124,8228
13,861,8782184,0,0,0
4,863,8792225,49,-126,8227
13,862,8792247,0,-1,-2
4,864,8802234,57,-120,8225
13,863,8802256,0,2,-2
4,865,8812316,52,-114,8217
13,864,8812338,0,0,0
4,866,8822508,56,-122,8223
13,865,8822530,1,2,2
4,867,8832477,53,-112,8240
13,866,8832499,1,1,2
4,868,8842560,49,-116,8211
13,867,8842582,1,-1,0
4,869,8852677,66,-121,8215
13,868,8852699,-1,1,0
4,870,8862731,60,-123,8219
13,869,8862753,-2,1,1
4,871,8872746,48,-114,8221
13,870,8872768,0,0,0
4,872,8882781,56,-121,8221
13,871,8882803,0,0,-1
4,873,8892918,70,-116,8216
13,872,8892940,0,0,-1
4,874,8903101,72,-116,8229
13,873,8903123,0,1,0
4,875,8913086,58,-110,8222
13,874,8913108,0,0,0
4,876,8923146,60,-120,8225
13,875,8923168,-1,-1,0
4,877,8933205,53,-108,8231
13,876,8933227,0,-1,-1
4,878,8943236,59,-112,8217
13,877,8943258,-2,0,0
4,879,8953334,58,-115,8217
13,878,8953356,-1,0,0
4,880,8963352,58,-105,8223
13,879,8963374,0,0,-1
4,881,8973477,53,-112,8223
13,880,8973499,-1,0,0
4,882,8983676,57,-119,8217
13,881,8983698,0,0,0
4,883,8993654,57,-118,8207
13,882,8993676,0,0,0
4,884,9003747,57,-115,8213
13,883,9003769,1,-1,0
4,885,9013877,56,-116,8223
13,884,9013899,1,-1,0
4,886,9023933,55,-111,8232
13,885,9023955,0,-2,-1
4,887,9034035,63,-113,8227
13,886,9034057,0,0,-3
4,888,9044124,58,-111,8219
13,887,9044146,0,0,-3
4,889,9054147,61,-111,8220
13,888,9054169,1,0,-3
4,890,9064300,56,-120,8216
13,889,9064321,0,0,-1
4,891,9074325,49,-110,8215
13,890,9074347,0,-2,1
4,892,9084296,56,-109,8225
13,891,9084318,0,0,1
4,893,9094408,52,-110,8217
13,892,9094430,1,-1,1
4,894,9104502,58,-112,8217
13,893,9104524,0,0,-1
4,895,9114581,65,-122,8223
13,894,9114603,1,0,-3
4,896,9124700,60,-119,8227
13,895,9124722,1,0,0
4,897,9134718,50,-123,8230
13,896,9134767,0,0,0
4,898,9144953,65,-115,8224
13,897,9144975,0,1,-1
4,899,9154943,63,-112,8217
13,898,9154965,0,2,-2
4,900,9164979,63,-118,8219
13,899,9165001,1,1,0
4,901,9175099,64,-128,8217
13,900,9175120,1,0,0
4,902,9185155,49,-112,8213
13,901,9185177,-1,1,0
4,903,9195208,64,-114,8224
13,902,9195230,-1,1,1
4,904,9205251,60,-122,8208
13,903,9205273,0,-1,0
4,905,9215376,52,-114,8215
13,904,9215397,0,2,-1
4,906,9225548,45,-109,8211
13,905,9225570,0,0,0
4,907,9235503,49,-118,8217
13,906,9235525,0,0,0
4,908,9245669,55,-123,8229
13,907,9245691,1,2,-1
4,909,9255616,58,-118,8218
13,908,9255638,-1,0,1
4,910,9265800,55,-112,8220
13,909,9265822,-1,-2,-1
4,911,9275823,60,-113,8217
13,910,9275845,-2,0,0
4,912,9285915,50,-114,8207
13,911,9285937,-2,0,0
4,913,9296002,56,-130,8228
13,912,9296024,1,0,-1
4,914,9306079,60,-120,8227
13,913,9306101,1,0,0
4,915,9316148,52,-115,8230
13,914,9316170,0,-1,0
4,916,9326217,59,-122,8225
13,915,9326239,-1,0,0
4,917,9336306,64,-120,8227
13,916,9336327,0,1,-2
4,918,9346345,59,-114,8219
13,917,9346367,0,-1,-1
4,919,9356476,56,-123,8225
13,918,9356498,0,1,0
4,920,9366554,55,-110,8223
13,919,9366576,0,0,0
4,921,9376617,48,-122,8227
13,920,9376639,-1,0,-1
4,922,9386877,64,-119,8218
13,921,9386899,0,0,0
4,923,9396801,58,-110,8233
13,922,9396823,0,0,1
4,924,9406874,55,-117,8234
13,923,9406896,-2,-1,0
4,925,9416916,62,-122,8211
13,924,9416938,0,-1,-1
4,926,9427022,73,-115,8212
13,925,9427044,0,1,0
4,927,9437049,65,-109,8218
13,926,9437071,0,0,0
4,928,9447115,57,-116,8222
13,927,9447137,-1,0,0
4,929,9457127,60,-123,8218
13,928,9457149,0,2,2
4,930,9467433,54,-125,8230
13,929,9467455,-2,0,0
4,931,9477365,56,-118,8236
13,930,9477387,0,0,0
4,932,9487403,59,-114,8220
13,931,9487425,0,-1,0
4,933,9497498,58,-121,8211
13,932,9497520,0,0,0
4,934,9507681,61,-113,8215
13,933,9507703,0,0,-1
4,935,9517590,49,-111,8216
13,934,9517612,0,0,0
4,936,9527763,37,-104,8213
13,935,9527785,0,1,-1
4,937,9537815,54,-113,8212
13,936,9537837,0,2,0
4,938,9547963,64,-119,8226
13,937,9547985,0,1,0
4,939,9557908,62,-112,8226
13,938,9557930,1,0,-1
4,940,9568034,55,-112,8210
13,939,9568056,2,2,0
4,941,9578026,50,-113,8214
13,940,9578048,2,0,-1
4,942,9588252,54,-119,8228
13,941,9588274,0,0,0
4,943,9598281,54,-121,8230
13,942,9598303,0,1,0
4,944,9608258,64,-122,8218
13,943,9608280,2,0,3
4,945,9618394,57,-117,8220
13,944,9618416,-1,2,0
4,946,9628572,64,-124,8221
13,945,9628594,0,0,0
4,947,9638560,62,-110,8223
13,946,9638582,1,-1,0
4,948,9648552,57,-124,8237
13,947,9648574,0,2,-1
4,949,9658694,65,-116,8222
13,948,9658716,0,2,-1
4,950,9668799,61,-115,8212
13,949,9668821,0,2,0
4,951,9678836,65,-118,8222
13,950,9678858,0,0,1
4,952,9688944,65,-115,8223
13,951,9688966,1,3,0
4,953,9698963,56,-114,8213
13,952,9698985,0,0,0
4,954,9709180,58,-109,8222
13,953,9709202,-1,-1,0
4,955,9719062,55,-108,8230
13,954,9719084,-2,2,-1
4,956,9729263,66,-117,8222
13,955,9729285,-1,2,0
4,957,9739281,65,-111,8225
13,956,9739303,0,1,0
4,958,9749377,49,-106,8209
13,957,9749399,0,0,0
4,959,9759367,56,-115,8216
13,958,9759389,-2,0,-1
4,960,9769500,52,-109,8215
13,959,9769522,-1,0,-1
4,961,9779598,51,-129,8211
13,960,9779620,-1,0,-1
4,962,9789694,61,-117,8215
13,961,9789716,1,0,2
4,963,9799703,61,-125,8216
13,962,9799725,1,0,2
4,964,9809743,56,-115,8226
13,963,9809765,0,0,0
4,965,9819760,61,-123,8222
13,964,9819782,-1,-2,-1
4,966,9829937,64,-118,8214
13,965,9829959,0,0,0
4,967,9839966,47,-118,8216
13,966,9839988,0,1,1
4,968,9850061,60,-109,8220
13,967,9850083,-1,0,-1
4,969,9860099,62,-119,8217
13,968,9860121,-1,0,-1
4,970,9870287,67,-126,8215
13,969,9870309,0,0,0
4,971,9880256,50,-118,8226
13,970,9880278,0,0,1
4,972,9890317,58,-118,8227
13,971,9890366,-1,0,0
4,973,9900436,58,-120,8220
13,972,9900458,-2,1,0
4,974,9910553,60,-117,8220
13,973,9910575,0,1,0
4,975,9920580,53,-102,8221
13,974,9920602,0,0,0
4,976,9930676,50,-116,8219
13,975,9930698,0,0,-2
4,977,9940639,53,-113,8237
13,976,9940661,0,0,-1
4,978,9950901,70,-115,8223
13,977,9950923,-1,0,-1
4,979,9960827,69,-127,8218
13,978,9960849,0,0,0
4,980,9970946,61,-101,8216
13,979,9970968,0,-1,0
4,981,9980899,56,-120,8219
13,980,9980921,0,2,0
4,982,9991069,66,-121,8219
13,981,9991091,1,0,-1
4,983,10001111,56,-121,8225
13,982,10001133,0,1,1
4,984,10011191,67,-121,8232
13,983,10011240,-2,0,0
4,985,10021327,55,-117,8223
13,984,10021349,-1,-1,0
4,986,10031501,57,-115,8228
13,985,10031523,1,1,-2
4,987,10041361,71,-121,8228
13,986,10041383,0,0,1
4,988,10051480,60,-121,8219
13,987,10051502,0,2,1
4,989,10061472,56,-115,8210
13,988,10061494,0,0,0
4,990,10071609,60,-108,8218
13,989,10071631,-1,-1,0
4,991,10081664,54,-111,8207
13,990,10081686,0,0,0
4,992,10091725,52,-119,8219
13,991,10091747,0,1,0
4,993,10101832,54,-113,8232
13,992,10101854,0,0,0
4,994,10111961,65,-115,8220
13,993,10111983,0,-1,-1
4,995,10121919,60,-99,8219
13,994,10121941,0,-1,0
4,996,10132014,57,-116,8223
13,995,10132036,-1,0,0
4,997,10142046,52,-116,8222
13,996,10142096,1,0,0
4,998,10152181,55,-120,8222
13,997,10152203,0,-1,1
4,999,10162259,59,-100,8223
13,998,10162281,0,0,0
4,1000,10172320,59,-123,8228
13,999,10172342,1,0,-2
4,1001,10182379,68,-114,8228
13,1000,10182401,-1,0,-1
4,1002,10192533,65,-124,8221
13,1001,10192555,0,-1,0
4,1003,10202546,54,-117,8225
13,1002,10202568,0,-2,0
4,1004,10212497,60,-125,8226
13,1003,10212519,0,0,-1
4,1005,10222699,61,-114,8224
13,1004,10222721,-1,-1,0
4,1006,10232691,53,-104,8206
13,1005,10232712,-1,1,1
4,1007,10242828,56,-115,8213
13,1006,10242850,0,-1,-2
4,1008,10252932,63,-117,8224
13,1007,10252981,0,0,-1
4,1009,10262950,54,-121,8226
13,1008,10262972,2,0,0
4,1010,10273118,63,-109,8211
13,1009,10273140,-1,1,0
4,1011,10283086,68,-107,8229
13,1010,10283108,-1,-2,0
4,1012,10293149,63,-112,8213
13,1011,10293171,-1,0,0
4,1013,10303230,61,-109,8227
13,1012,10303252,0,0,1
4,1014,10313302,61,-119,8227
13,1013,10313324,1,1,0
4,1015,10323304,61,-112,8242
13,1014,10323326,2,1,-2
4,1016,10333447,68,-108,8229
13,1015,10333469,2,1,0
4,1017,10343459,67,-111,8214
13,1016,10343481,0,0,1
4,1018,10353649,63,-109,8225
13,1017,10353671,0,-2,0
4,1019,10363582,50,-112,8217
13,1018,10363604,-2,-3,0
4,1020,10373721,49,-114,8213
13,1019,10373743,-1,1,0
4,1021,10383772,65,-117,8218
13,1020,10383794,-1,0,0
4,1022,10393924,57,-125,8219
13,1021,10393946,0,0,0
4,1023,10403964,43,-118,8220
13,1022,10403986,2,1,0
4,1024,10414121,60,-123,8219
13,1023,10414143,1,-1,0
4,1025,10424121,53,-119,8230
13,1024,10424143,0,1,0
4,1026,10434244,52,-107,8224
13,1025,10434266,-1,2,0
4,1027,10444192,56,-114,8225
13,1026,10444214,0,0,0
4,1028,10454356,58,-116,8216
13,1027,10454378,0,-1,1
4,1029,10464390,58,-111,8214
13,1028,10464412,-1,1,0
4,1030,10474456,55,-121,8229
13,1029,10474478,1,1,0
4,1031,10484505,52,-112,8236
13,1030,10484527,1,0,1
4,1032,10494539,53,-124,8229
13,1031,10494561,0,1,0
4,1033,10504652,65,-116,8224
13,1032,10504674,0,0,-1
4,1034,10514926,55,-107,8234
13,1033,10514948,-1,0,1
4,1035,10524807,54,-108,8220
13,1034,10524829,1,0,0
4,1036,10534921,55,-110,8221
13,1035,10534943,0,0,-2
4,1037,10544971,81,-125,8225
13,1036,10544993,-1,1,-1
4,1038,10555045,70,-124,8228
13,1037,10555067,-1,1,0
4,1039,10565097,55,-129,8234
13,1038,10565118,0,0,0
4,1040,10575201,64,-115,8221
13,1039,10575223,-1,2,-2
4,1041,10585235,69,-115,8222
13,1040,10585257,-2,1,-2
4,1042,10595398,66,-113,8230
13,1041,10595420,-2,0,0
4,1043,10605382,57,-123,8212
13,1042,10605404,0,0,0
4,1044,10615432,55,-123,8225
13,1043,10615454,-1,0,-1
4,1045,10625551,59,-125,8222
13,1044,10625573,0,-2,0
4,1046,10635658,59,-120,8220
13,1045,10635680,1,-1,0
4,1047,10645681,46,-111,8216
13,1046,10645703,-1,0,0
4,1048,10655838,56,-105,8225
13,1047,10655860,-1,0,0
4,1049,10665771,50,-111,8229
13,1048,10665793,-1,0,-1
4,1050,10675990,63,-119,8227
13,1049,10676012,-1,0,2
4,1051,10685957,64,-116,8226
13,1050,10685979,-1,2,1
4,1052,10695988,54,-107,8229
13,1051,10696010,0,-2,0
4,1053,10706089,55,-114,8234
13,1052,10706111,0,0,0
4,1054,10716219,66,-126,8218
13,1053,10716241,0,2,-1
4,1055,10726324,58,-107,8221
13,1054,10726346,-1,-3,0
4,1056,10736278,53,-121,8229
13,1055,10736300,-3,-3,0
4,1057,10746470,60,-115,8218
13,1056,10746492,-1,0,-3
4,1058,10756602,61,-120,8230
13,1057,10756624,0,0,-1
4,1059,10766478,65,-135,8217
13,1058,10766500,-1,0,0
4,1060,10776695,67,-119,8223
13,1059,10776717,-1,1,1
4,1061,10786641,69,-123,8229
13,1060,10786663,0,-4,0
4,1062,10796820,62,-121,8219
13,1061,10796842,0,-1,0
4,1063,10806838,65,-108,8213
13,1062,10806859,0,2,2
4,1064,10816939,61,-114,8224
13,1063,10816961,0,1,-1
4,1065,10826993,54,-117,8215
13,1064,10827015,0,1,0
4,1066,10837158,61,-116,8221
13,1065,10837180,0,0,0
4,1067,10847182,69,-114,8226
13,1066,10847204,-1,-1,0
4,1068,10857247,59,-109,8230
13,1067,10857269,-2,0,0
4,1069,10867290,53,-102,8218
13,1068,10867312,0,1,0
4,1070,10877327,61,-117,8214
13,1069,10877349,0,-1,2
4,1071,10887493,65,-125,8212
13,1070,10887515,0,0,0
4,1072,10897576,61,-103,8216
13,1071,10897598,1,1,0
4,1073,10907540,57,-106,8221
13,1072,10907562,0,-1,0
4,1074,10917791,61,-122,8228
13,1073,10917813,0,0,-2
4,1075,10927747,61,-125,8210
13,1074,10927769,0,2,-4
4,1076,10937779,54,-127,8219
13,1075,10937801,0,1,0
4,1077,10947854,47,-121,8223
13,1076,10947876,0,1,0
4,1078,10957984,52,-131,8211
13,1077,10958006,-1,0,1
4,1079,10968008,57,-109,8214
13,1078,10968030,0,1,0
4,1080,10978153,57,-113,8211
13,1079,10978175,0,-1,1
4,1081,10988156,65,-116,8227
13,1080,10988178,1,0,0
4,1082,10998249,57,-106,8229
13,1081,10998271,0,1,-2
4,1083,11008282,58,-110,8219
13,1082,11008304,0,2,-2
4,1084,11018433,54,-114,8224
13,1083,11018455,0,0,-1
4,1085,11028519,61,-128,8232
13,1084,11028541,-1,0,-1
4,1086,11038571,64,-121,8215
13,1085,11038593,-3,-1,-2
4,1087,11048641,59,-118,8218
13,1086,11048663,1,-3,-1
4,1088,11058662,54,-106,8234
13,1087,11058684,1,-3,0
4,1089,11068711,53,-115,8223
13,1088,11068733,-1,0,0
4,1090,11078920,44,-122,8225
13,1089,11078942,0,-1,-1
4,1091,11088881,66,-119,8219
13,1090,11088903,0,0,-1
4,1092,11099004,55,-108,8219
13,1091,11099026,0,1,1
4,1093,11108968,54,-108,8221
13,1092,11108990,1,0,1
4,1094,11119116,66,-120,8228
13,1093,11119138,0,1,0
4,1095,11129184,63,-117,8212
13,1094,11129206,0,2,-3
4,1096,11139290,60,-107,8222
13,1095,11139312,0,1,0
4,1097,11149372,50,-117,8224
13,1096,11149394,0,0,0
4,1098,11159529,61,-115,8218
13,1097,11159551,0,0,-1
4,1099,11169503,57,-123,8219
13,1098,11169525,1,-1,-2
4,1100,11179610,51,-116,8220
13,1099,11179632,0,-2,0
4,1101,11189627,58,-115,8227
13,1100,11189648,0,1,1
4,1102,11199749,65,-118,8229
13,1101,11199771,0,-1,-3
4,1103,11209710,60,-112,8224
13,1102,11209732,0,-1,-1
4,1104,11219850,53,-117,8232
13,1103,11219872,2,0,-1
4,1105,11229915,52,-117,8232
13,1104,11229937,0,-1,-1
4,1106,11240152,59,-108,8230
13,1105,11240174,-1,0,0
4,1107,11250034,62,-118,8218
13,1106,11250056,0,-1,1
4,1108,11260147,63,-116,8217
13,1107,11260169,2,0,0
4,1109,11270270,66,-116,8211
13,1108,11270292,-1,0,0
4,1110,11280314,58,-128,8216
13,1109,11280336,0,2,1
4,1111,11290423,64,-112,8216
13,1110,11290445,0,1,1
4,1112,11300488,60,-113,8211
13,1111,11300510,1,-2,0
4,1113,11310571,50,-109,8222
13,1112,11310593,0,-1,0
4,1114,11320756,59,-109,8229
13,1113,11320778,1,0,1
4,1115,11330630,52,-110,8224
13,1114,11330652,0,1,-1
4,1116,11340763,57,-115,8223
13,1115,11340785,0,1,-1
4,1117,11350835,70,-111,8216
13,1116,11350857,0,2,-1
4,1118,11360952,59,-115,8236
13,1117,11360974,0,0,0
4,1119,11370937,55,-115,8229
13,1118,11370959,-1,0,0
4,1120,11381063,50,-112,8231
13,1119,11381085,0,-1,-1
4,1121,11391139,50,-124,8238
13,1120,11391188,0,0,1
4,1122,11401320,51,-108,8232
13,1121,11401342,0,1,2
4,1123,11411314,56,-113,8217
13,1122,11411336,0,0,-1
4,1124,11421436,50,-117,8213
13,1123,11421458,0,-2,0
4,1125,11431440,47,-105,8224
13,1124,11431462,2,-2,1
4,1126,11441556,50,-119,8227
13,1125,11441578,-2,0,-1
4,1127,11451533,45,-113,8216
13,1126,11451555,-1,2,0
4,1128,11461708,42,-111,8223
13,1127,11461730,0,2,0
4,1129,11471750,63,-119,8219
13,1128,11471772,0,0,0
4,1130,11481938,63,-125,8232
13,1129,11481960,1,0,0
4,1131,11491889,58,-117,8222
13,1130,11491911,0,0,0
4,1132,11501988,52,-122,8219
13,1131,11502010,0,1,1
4,1133,11511980,66,-127,8230
13,1132,11512002,0,0,2
4,1134,11522174,66,-113,8224
13,1133,11522196,0,-2,0
4,1135,11532148,52,-110,8217
13,1134,11532170,0,0,-1
4,1136,11542259,54,-116,8226
13,1135,11542281,-1,0,-1
4,1137,11552352,53,-120,8235
13,1136,11552374,-1,2,-1
4,1138,11562471,61,-126,8218
13,1137,11562492,0,1,-1
4,1139,11572440,55,-122,8226
13,1138,11572462,-1,-1,1
4,1140,11582553,56,-116,8219
13,1139,11582575,-2,0,0
4,1141,11592584,52,-113,8226
13,1140,11592606,0,0,-1
4,1142,11602746,54,-118,8218
13,1141,11602768,1,-2,0
4,1143,11612784,48,-122,8221
13,1142,11612806,0,-1,2
4,1144,11622827,51,-119,8216
13,1143,11622849,1,1,-1
4,1145,11632861,53,-114,8209
13,1144,11632883,0,2,0
4,1146,11643108,67,-128,8221
13,1145,11643130,0,1,0
4,1147,11652988,58,-115,8227
13,1146,11653010,1,1,-1
4,1148,11663088,50,-116,8221
13,1147,11663110,0,-2,-1
4,1149,11673120,53,-125,8218
13,1148,11673142,-1,0,0
4,1150,11683251,71,-110,8221
13,1149,11683273,1,-1,0
4,1151,11693357,69,-130,8216
13,1150,11693379,0,1,0
4,1152,11703362,64,-108,8233
13,1151,11703384,0,1,0
4,1153,11713458,59,-124,8221
13,1152,11713479,0,2,0
4,1154,11723619,62,-100,8224
13,1153,11723641,-1,0,1
4,1155,11733592,58,-116,8232
13,1154,11733614,1,1,-2
4,1156,11743673,62,-108,8238
13,1155,11743695,0,0,0
4,1157,11753740,49,-117,8216
13,1156,11753762,0,0,0
4,1158,11763889,43,-123,8221
13,1157,11763911,0,-2,0
4,1159,11773880,54,-119,8225
13,1158,11773902,0,0,0
4,1160,11784016,61,-113,8225
13,1159,11784038,0,1,0
4,1161,11794057,66,-125,8227
13,1160,11794079,0,0,0
4,1162,11804217,69,-122,8231
13,1161,11804239,0,2,-1
4,1163,11814266,64,-114,8222
13,1162,11814288,0,0,0
4,1164,11824205,56,-115,8217
13,1163,11824227,0,-1,0
4,1165,11834364,68,-117,8217
13,1164,11834386,0,0,0
4,1166,11844453,66,-110,8223
13,1165,11844474,0,0,0
4,1167,11854478,58,-112,8232
13,1166,11854500,0,0,0
4,1168,11864564,47,-120,8223
13,1167,11864586,0,0,-1
4,1169,11874573,53,-120,8207
13,1168,11874595,1,-1,0
4,1170,11884823,48,-115,8208
13,1169,11884845,0,1,0
4,1171,11894772,46,-120,8214
13,1170,11894794,-1,4,0
4,1172,11904879,55,-110,8225
13,1171,11904901,-1,0,0
4,1173,11914858,45,-120,8228
13,1172,11914880,0,0,0
4,1174,11925034,51,-114,8226
13,1173,11925056,0,2,0
4,1175,11935053,66,-122,8218
13,1174,11935075,1,0,0
4,1176,11945133,60,-125,8214
13,1175,11945155,0,0,-1
4,1177,11955241,59,-114,8237
13,1176,11955263,0,-1,-2
4,1178,11965358,61,-123,8228
13,1177,11965380,1,-1,-1
4,1179,11975357,59,-116,8226
13,1178,11975378,0,1,0
4,1180,11985387,60,-109,8222
13,1179,11985409,-1,-1,0
4,1181,11995474,60,-120,8227
13,1180,11995496,1,-2,0
4,1182,12005586,63,-118,8231
13,1181,12005608,1,0,3
4,1183,12015618,58,-121,8220
13,1182,12015667,1,-1,0
4,1184,12025670,62,-115,8222
13,1183,12025692,0,1,-2
4,1185,12035854,62,-129,8214
13,1184,12035876,1,0,0
4,1186,12045952,69,-127,8215
13,1185,12045974,1,0,0
4,1187,12055933,58,-113,8235
13,1186,12055955,-1,0,0
4,1188,12065987,57,-105,8232
13,1187,12066009,-1,0,0
4,1189,12076123,52,-116,8224
13,1188,12076145,0,-1,1
4,1190,12086110,42,-124,8230
13,1189,12086132,-1,0,1
4,1191,12096199,53,-121,8218
13,1190,12096221,-1,0,0
4,1192,12106282,61,-127,8223
13,1191,12106304,0,-1,1
4,1193,12116344,56,-125,8230
13,1192,12116366,-3,-1,2
4,1194,12126460,58,-117,8223
13,1193,12126482,-1,1,0
4,1195,12136489,57,-114,8228
13,1194,12136511,0,0,-1
4,1196,12146521,61,-114,8235
13,1195,12146570,0,0,0
4,1197,12156730,52,-117,8216
13,1196,12156752,0,1,0
4,1198,12166801,64,-119,8227
13,1197,12166823,0,0,-1
4,1199,12176766,60,-119,8226
13,1198,12176788,0,0,2
4,1200,12186866,58,-119,8218
13,1199,12186888,0,-2,1
4,1201,12196948,58,-129,8222
13,1200,12196970,-1,1,0
4,1202,12207136,59,-126,8216
13,1201,12207158,0,2,0
4,1203,12217030,49,-108,8218
13,1202,12217052,-2,0,1
4,1204,12227166,57,-111,8218
13,1203,12227188,1,0,2
4,1205,12237258,43,-116,8230
13,1204,12237280,1,0,1
4,1206,12247341,65,-114,8240
13,1205,12247363,2,2,0
4,1207,12257453,65,-114,8217
13,1206,12257503,1,0,-1
4,1208,12267534,53,-121,8214
13,1207,12267556,0,0,0
4,1209,12277586,60,-111,8232
13,1208,12277608,0,0,0
4,1210,12287708,62,-119,8225
13,1209,12287730,1,0,0
4,1211,12297785,53,-120,8227
13,1210,12297807,0,0,0
4,1212,12307798,68,-123,8233
13,1211,12307820,-2,0,0
4,1213,12317861,60,-124,8233
13,1212,12317883,-1,-2,-1
4,1214,12327940,65,-104,8218
13,1213,12327962,1,-1,0
4,1215,12338004,62,-119,8221
13,1214,12338026,0,0,0
4,1216,12348110,63,-116,8220
13,1215,12348132,0,0,-2
4,1217,12358103,65,-122,8225
13,1216,12358125,-1,2,-1
4,1218,12368351,60,-117,8222
13,1217,12368373,0,0,1
4,1219,12378347,52,-107,8209
13,1218,12378369,1,-1,0
4,1220,12388333,56,-112,8224
13,1219,12388355,0,1,0
4,1221,12398517,45,-115,8226
13,1220,12398539,0,0,-1
4,1222,12408620,58,-114,8231
13,1221,12408642,0,0,0
4,1223,12418666,63,-129,8229
13,1222,12418688,-1,0,1
4,1224,12428765,68,-114,8216
13,1223,12428787,0,0,0
4,1225,12438786,60,-112,8218
13,1224,12438808,0,0,0
4,1226,12448971,56,-124,8221
13,1225,12448992,1,0,0
4,1227,12458928,64,-125,8221
13,1226,12458950,0,0,0
4,1228,12469012,65,-113,8227
13,1227,12469034,0,0,0
4,1229,12479072,65,-115,8221
13,1228,12479094,0,0,0
4,1230,12489228,66,-106,8219
13,1229,12489250,0,1,-1
4,1231,12499306,64,-123,8217
13,1230,12499328,-1,0,1
4,1232,12509249,46,-105,8211
13,1231,12509271,-3,-2,-2
4,1233,12519467,53,-121,8214
13,1232,12519489,0,0,-2
4,1234,12529599,53,-120,8231
13,1233,12529621,1,1,0
4,1235,12539633,56,-111,8216
13,1234,12539655,0,2,-2
4,1236,12549584,49,-107,8226
13,1235,12549606,-1,0,0
4,1237,12559694,52,-109,8223
13,1236,12559716,-1,0,0
4,1238,12569781,71,-125,8225
13,1237,12569803,0,1,1
4,1239,12579844,52,-132,8223
13,1238,12579866,0,1,1
4,1240,12589983,52,-120,8214
13,1239,12590005,-2,0,-2
4,1241,12600038,50,-118,8218
13,1240,12600059,-1,0,0
4,1242,12610098,52,-119,8220
13,1241,12610120,0,0,0
4,1243,12620118,55,-114,8233
13,1242,12620140,0,0,0
4,1244,12630137,64,-118,8226
13,1243,12630159,0,0,1
4,1245,12640253,60,-124,8218
13,1244,12640275,-1,2,0
4,1246,12650389,65,-111,8217
13,1245,12650411,0,0,0
4,1247,12660447,54,-120,8215
13,1246,12660469,-3,1,1
4,1248,12670577,51,-129,8223
13,1247,12670599,-1,0,2
4,1249,12680589,60,-116,8224
13,1248,12680611,0,0,0
4,1250,12690726,61,-109,8212
13,1249,12690748,0,0,-1
4,1251,12700715,70,-127,8205
13,1250,12700737,-1,0,0
4,1252,12710785,75,-117,8217
13,1251,12710807,-1,0,2
4,1253,12720841,66,-116,8222
13,1252,12720863,0,1,2
4,1254,12730966,67,-116,8227
13,1253,12730988,-1,0,0
4,1255,12741010,61,-114,8224
13,1254,12741032,0,0,1
4,1256,12751112,53,-119,8233
13,1255,12751134,2,2,0
4,1257,12761136,49,-115,8227
13,1256,12761158,0,0,-1
4,1258,12771393,66,-112,8228
13,1257,12771415,0,-1,0
4,1259,12781255,59,-119,8222
13,1258,12781277,0,1,0
4,1260,12791433,59,-125,8224
13,1259,12791455,-2,2,1
4,1261,12801406,43,-129,8239
13,1260,12801428,0,2,1
4,1262,12811577,58,-115,8218
13,1261,12811599,1,1,-1
4,1263,12821632,67,-124,8224
13,1262,12821654,2,0,0
4,1264,12831658,58,-123,8219
13,1263,12831680,0,0,0
4,1265,12841723,45,-120,8215
13,1264,12841745,0,-1,0
4,1266,12851896,64,-121,8210
13,1265,12851918,0,1,1
4,1267,12861856,63,-111,8226
13,1266,12861878,-1,2,-2
4,1268,12871944,46,-126,8209
13,1267,12871966,0,0,-1
4,1269,12881993,49,-118,8213
13,1268,12882015,1,-1,0
4,1270,12892105,65,-117,8207
13,1269,12892128,0,0,-1
4,1271,12902181,62,-116,8222
13,1270,12902203,-1,0,0
4,1272,12912200,52,-119,8219
13,1271,12912222,-3,1,0
4,1273,12922301,60,-119,8220
13,1272,12922323,-2,-2,0
4,1274,12932379,61,-122,8214
13,1273,12932401,1,0,0
4,1275,12942432,61,-113,8218
13,1274,12942454,0,3,0
4,1276,12952483,36,-120,8220
13,1275,12952505,-1,0,0
4,1277,12962565,55,-123,8224
13,1276,12962587,0,0,0
4,1278,12972655,69,-119,8215
13,1277,12972677,0,0,0
4,1279,12982738,61,-119,8223
13,1278,12982760,-2,0,2
4,1280,12992792,49,-108,8215
13,1279,12992813,0,0,-1
4,1281,13002843,62,-108,8220
13,1280,13002864,0,0,-2
4,1282,13012985,58,-111,8223
13,1281,13013007,-1,1,0
4,1283,13023050,51,-121,8222
13,1282,13023072,0,0,-1
4,1284,13033101,62,-108,8218
13,1283,13033123,0,-1,0
4,1285,13043164,56,-112,8225
13,1284,13043186,1,-1,0
4,1286,13053263,58,-127,8228
13,1285,13053285,0,1,-1
4,1287,13063263,56,-120,8226
13,1286,13063285,1,0,0
4,1288,13073393,57,-118,8216
13,1287,13073415,0,0,1
4,1289,13083520,67,-115,8220
13,1288,13083542,-1,0,0
4,1290,13093599,61,-127,8206
13,1289,13093621,-1,0,0
4,1291,13103591,54,-113,8210
13,1290,13103613,0,1,0
4,1292,13113661,46,-118,8221
13,1291,13113683,0,0,-1
4,1293,13123759,54,-115,8223
13,1292,13123780,1,0,-1
4,1294,13133881,52,-111,8221
13,1293,13133930,0,0,0
4,1295,13143981,55,-124,8222
13,1294,13144003,0,0,1
4,1296,13154044,67,-110,8216
13,1295,13154066,0,0,1
4,1297,13164111,42,-115,8212
13,1296,13164133,1,-1,2
4,1298,13174278,49,-120,8229
13,1297,13174300,0,1,2
4,1299,13184233,61,-113,8220
13,1298,13184255,-1,2,1
4,1300,13194366,52,-120,8229
13,1299,13194388,-2,-2,0
4,1301,13204410,55,-112,8229
13,1300,13204432,-2,0,1
4,1302,13214495,60,-120,8225
13,1301,13214517,-1,-2,0
4,1303,13224617,61,-113,8221
13,1302,13224639,-1,-3,0
4,1304,13234572,61,-118,8222
13,1303,13234594,0,-2,0
4,1305,13244721,63,-106,8227
13,1304,13244743,-1,0,0
4,1306,13254864,54,-96,8217
13,1305,13254913,-1,0,0
4,1307,13264808,55,-120,8224
13,1306,13264829,0,-2,1
4,1308,13274974,56,-125,8212
13,1307,13274996,0,0,0
4,1309,13285039,58,-120,8217
13,1308,13285061,0,0,0
4,1310,13295220,65,-125,8210
13,1309,13295242,0,0,-1
4,1311,13305138,59,-121,8224
13,1310,13305160,-1,-1,0
4,1312,13315307,61,-116,8231
13,1311,13315329,0,0,0
4,1313,13325313,66,-109,8214
13,1312,13325335,0,0,0
4,1314,13335449,47,-120,8227
13,1313,13335471,2,0,0
4,1315,13345545,42,-119,8226
13,1314,13345567,0,-1,0
4,1316,13355514,56,-114,8222
13,1315,13355536,1,0,0
4,1317,13365643,67,-114,8222
13,1316,13365665,0,0,0
4,1318,13375740,54,-106,8226
13,1317,13375762,-1,-3,0
4,1319,13385862,56,-104,8231
13,1318,13385885,1,-1,0
4,1320,13395905,58,-114,8229
13,1319,13395927,0,0,0
4,1321,13405962,54,-124,8224
13,1320,13405984,-1,0,0
4,1322,13416194,57,-111,8219
13,1321,13416216,1,-2,-1
4,1323,13426158,59,-113,8217
13,1322,13426180,0,-1,0
4,1324,13436179,64,-124,8227
13,1323,13436201,0,-6,0
4,1325,13446196,62,-125,8229
13,1324,13446218,-1,-3,0
4,1326,13456404,49,-123,8220
13,1325,13456426,-1,-2,0
4,1327,13466492,64,-117,8229
13,1326,13466514,0,-2,-3
4,1328,13476425,54,-121,8220
13,1327,13476447,-1,-3,0
4,1329,13486629,56,-111,8224
13,1328,13486651,-1,-2,0
4,1330,13496746,48,-123,8194
13,1329,13496768,-1,-3,0
4,1331,13506735,72,-111,8247
13,1330,13506757,2,-16,0
4,1332,13516805,62,-117,8231
13,1331,13516855,-1,-3,1
4,1333,13526911,73,-112,8226
13,1332,13526933,1,-4,0
4,1334,13537031,63,-117,8235
13,1333,13537053,0,0,0
4,1335,13547108,58,-118,8229
13,1334,13547130,-1,1,-1
4,1336,13557144,55,-107,8210
13,1335,13557166,0,-2,-2
4,1337,13567160,51,-99,8210
13,1336,13567182,0,-3,-1
4,1338,13577363,63,-120,8221
13,1337,13577385,0,0,-2
4,1339,13587408,61,-125,8222
13,1338,13587430,1,1,0
4,1340,13597492,57,-117,8226
13,1339,13597514,2,1,0
4,1341,13607516,60,-115,8225
13,1340,13607538,-3,0,0
4,1342,13617674,59,-114,8224
13,1341,13617696,-1,1,0
4,1343,13627664,56,-114,8217
13,1342,13627686,0,0,0
4,1344,13637743,55,-113,8222
13,1343,13637765,-3,0,-2
4,1345,13647843,52,-122,8226
13,1344,13647865,-2,-2,1
4,1346,13658038,59,-119,8226
13,1345,13658060,0,-1,0
4,1347,13668068,66,-108,8215
13,1346,13668090,0,0,0
4,1348,13678054,64,-121,8210
13,1347,13678076,0,-1,0
4,1349,13688138,55,-125,8219
13,1348,13688160,0,-1,0
4,1350,13698281,66,-102,8205
13,1349,13698303,0,-3,1
4,1351,13708312,63,-106,8229
13,1350,13708334,1,-5,0
4,1352,13718387,57,-117,8232
13,1351,13718409,2,-4,-3
4,1353,13728465,57,-122,8216
13,1352,13728487,0,-1,0
4,1354,13738643,63,-120,8225
13,1353,13738665,0,1,3
4,1355,13748632,65,-116,8228
13,1354,13748654,0,-1,1
4,1356,13758692,71,-114,8221
13,1355,13758714,0,-1,0
4,1357,13768784,59,-116,8231
13,1356,13768833,0,0,0
4,1358,13778867,67,-118,8219
13,1357,13778889,1,1,0
4,1359,13788963,62,-113,8224
13,1358,13788985,2,1,0
4,1360,13799055,60,-109,8227
13,1359,13799077,-2,2,0
4,1361,13809131,62,-127,8206
13,1360,13809153,0,0,1
4,1362,13819201,23,-137,8224
13,1361,13819223,-2,10,-7
4,1363,13829226,49,-103,8216
13,1362,13829248,6,-19,0
4,1364,13839330,56,-123,8223
13,1363,13839352,2,-34,2
4,1365,13849315,90,-115,8214
13,1364,13849337,4,-20,2
4,1366,13859497,48,-125,8213
13,1365,13859519,7,0,3
4,1367,13869537,86,-94,8216
13,1366,13869559,3,-15,6
4,1368,13879689,89,-95,8212
13,1367,13879711,-22,31,0
4,1369,13889784,28,-134,8247
13,1368,13889806,-32,43,0
4,1370,13899831,41,-137,8238
13,1369,13899853,-18,-3,-10
4,1371,13909855,72,-125,8215
13,1370,13909877,-9,-22,-19
4,1372,13919958,91,-98,8228
13,1371,13919980,1,-17,-15
4,1373,13930033,210,-40,8255
13,1372,13930055,-7,-20,27
4,1374,13940067,271,20,8205
13,1373,13940089,-13,-46,119
4,1375,13950150,-180,-289,8217
13,1374,13950171,-27,20,207
4,1376,13960248,-20,-180,8234
13,1375,13960269,-44,47,59
4,1377,13970297,19,-203,8219
13,1376,13970319,-20,34,-30
4,1378,13980486,49,-97,8238
13,1377,13980508,52,-14,-71
4,1379,13990537,92,-52,8211
13,1378,13990559,18,-13,-41
4,1380,14000556,48,-104,8228
13,1379,14000578,-42,27,2
4,1381,14010635,-2,159,8224
13,1380,14010656,-43,23,18
4,1382,14020715,18,93,8220
13,1381,14020737,47,0,122
4,1383,14030824,115,-391,8227
13,1382,14030846,8,7,170
4,1384,14040904,88,-301,8229
13,1383,14040926,-28,41,68
4,1385,14050973,39,-108,8225
13,1384,14050995,5,21,34
4,1386,14061132,86,-218,8203
13,1385,14061154,9,16,42
4,1387,14071110,104,-158,8228
13,1386,14071132,16,27,7
4,1388,14081138,53,-84,8217
13,1387,14081160,-13,45,0
4,1389,14091263,-1,-47,8193
13,1388,14091284,-8,40,33
4,1390,14101316,88,-220,8215
13,1389,14101338,16,19,68
4,1391,14111422,65,-148,8233
13,1390,14111444,-5,10,21
4,1392,14121502,78,-100,8211
13,1391,14121524,-7,21,7
4,1393,14131562,19,-132,8216
13,1392,14131584,-28,47,28
4,1394,14141768,23,-130,8220
13,1393,14141790,-13,2,48
4,1395,14151827,47,-135,8206
13,1394,14151849,0,-33,87
4,1396,14161828,38,-152,8197
13,1395,14161850,16,-35,157
4,1397,14171971,43,-103,8220
13,1396,14171993,19,-41,133
4,1398,14182036,100,-89,8203
13,1397,14182058,-11,-45,141
4,1399,14192057,73,-156,8229
13,1398,14192079,-45,-1,153
4,1400,14202127,66,-140,8216
13,1399,14202149,-22,22,89
4,1401,14212240,65,-143,8209
13,1400,14212262,-4,40,61
4,1402,14222312,46,-137,8209
13,1401,14222334,-16,40,38
4,1403,14232351,53,-130,8216
13,1402,14232373,-11,25,47
4,1404,14242361,52,-126,8226
13,1403,14242383,-12,33,81
4,1405,14252488,33,-147,8213
13,1404,14252510,-2,30,114
4,1406,14262688,48,-119,8220
13,1405,14262710,0,19,159
4,1407,14272666,57,-137,8226
13,1406,14272688,-13,12,148
4,1408,14282749,27,-121,8222
13,1407,14282771,-15,21,132
4,1409,14292811,52,-129,8218
13,1408,14292833,-31,28,109
4,1410,14302969,55,-152,8212
13,1409,14302991,-36,59,85
4,1411,14312965,28,-135,8226
13,1410,14312987,-23,82,30
4,1412,14323020,103,-160,8205
13,1411,14323042,-30,104,-12
4,1413,14333125,22,-118,8229
13,1412,14333147,-17,188,-10
4,1414,14343153,26,-166,8227
13,1413,14343175,-15,203,-30
4,1415,14353260,-3,-152,8206
13,1414,14353282,8,192,0
4,1416,14363337,5,-125,8224
13,1415,14363359,21,184,15
4,1417,14373381,19,-119,8246
13,1416,14373403,7,191,41
4,1418,14383648,-7,-150,8230
13,1417,14383670,-10,210,99
4,1419,14393494,10,-157,8227
13,1418,14393516,2,229,84
4,1420,14403669,-54,-136,8234
13,1419,14403691,6,264,67
4,1421,14413719,-88,-121,8213
13,1420,14413741,-4,243,36
4,1422,14423823,-32,-142,8208
13,1421,14423845,-14,196,34
4,1423,14433836,-17,-127,8233
13,1422,14433858,-4,238,36
4,1424,14443854,-46,-127,8243
13,1423,14443876,-18,301,64
4,1425,14454001,-66,-131,8233
13,1424,14454023,-28,346,73
4,1426,14464162,-70,-163,8232
13,1425,14464184,-25,396,59
4,1427,14474160,-146,-133,8221
13,1426,14474182,-17,436,66
4,1428,14484168,-171,-170,8228
13,1427,14484190,-13,406,71
4,1429,14494291,-140,-163,8222
13,1428,14494313,6,394,90
4,1430,14504408,-254,-162,8206
13,1429,14504430,15,394,123
4,1431,14514457,-261,-160,8214
13,1430,14514478,11,296,129
4,1432,14524636,-191,-159,8227
13,1431,14524658,21,231,157
4,1433,14534627,-249,-133,8216
13,1432,14534649,14,232,179
4,1434,14544825,-258,-153,8232
13,1433,14544847,0,209,143
4,1435,14554774,-244,-143,8228
13,1434,14554796,3,194,144
4,1436,14564833,-266,-148,8221
13,1435,14564855,10,182,119
4,1437,14574909,-283,-129,8213
13,1436,14574931,17,158,67
4,1438,14585002,-294,-90,8243
13,1437,14585024,1,134,58
4,1439,14595005,-267,-171,8213
13,1438,14595027,-15,89,56
4,1440,14605177,-199,-146,8233
13,1439,14605199,-2,86,86
4,1441,14615217,-207,-158,8223
13,1440,14615239,7,175,108
4,1442,14625401,-274,-142,8230
13,1441,14625423,14,260,130
4,1443,14635380,-351,-142,8215
13,1442,14635402,15,255,137
4,1444,14645532,-315,-125,8214
13,1443,14645554,16,207,107
4,1445,14655507,-337,-155,8205
13,1444,14655529,4,184,96
4,1446,14665690,-297,-128,8232
13,1445,14665712,13,170,114
4,1447,14675730,-345,-132,8228
13,1446,14675752,3,190,118
4,1448,14685815,-344,-143,8226
13,1447,14685837,0,183,66
4,1449,14695797,-392,-114,8237
13,1448,14695819,-3,166,62
4,1450,14706058,-311,-160,8216
13,1449,14706080,-15,124,57
4,1451,14715976,-301,-141,8231
13,1450,14715998,-1,171,107
4,1452,14726170,-382,-140,8224
13,1451,14726192,0,222,120
4,1453,14736239,-373,-145,8209
13,1452,14736261,1,215,80
4,1454,14746260,-375,-136,8220
13,1453,14746282,1,216,65
4,1455,14756392,-412,-152,8224
13,1454,14756414,-7,218,48
4,1456,14766447,-314,-169,8239
13,1455,14766469,-5,239,53
4,1457,14776575,-395,-123,8226
13,1456,14776597,-3,328,99
4,1458,14786697,-429,-149,8232
13,1457,14786719,-4,352,71
4,1459,14796722,-459,-144,8229
13,1458,14796744,-2,355,64
4,1460,14806835,-476,-145,8227
13,1459,14806857,-2,347,61
4,1461,14816865,-513,-141,8216
13,1460,14816887,0,325,51
4,1462,14826982,-499,-140,8214
13,1461,14827004,-3,308,56
4,1463,14837017,-515,-143,8221
13,1462,14837039,-8,300,66
4,1464,14847120,-538,-134,8210
13,1463,14847142,-6,283,52
4,1465,14857114,-534,-135,8219
13,1464,14857136,-3,275,29
4,1466,14867419,-524,-141,8218
13,1465,14867441,-1,289,9
4,1467,14877337,-524,-133,8216
13,1466,14877359,-1,327,7
4,1468,14887401,-563,-144,8219
13,1467,14887423,-8,357,5
4,1469,14897443,-599,-144,8227
13,1468,14897465,-11,365,4
4,1470,14907620,-635,-153,8213
13,1469,14907642,-6,356,4
4,1471,14917688,-658,-153,8205
13,1470,14917710,-6,312,18
4,1472,14927688,-613,-154,8223
13,1471,14927710,-7,278,45
4,1473,14937834,-659,-139,8210
13,1472,14937856,1,299,41
4,1474,14947981,-696,-141,8204
13,1473,14948003,3,268,30
4,1475,14957911,-672,-154,8221
13,1474,14957933,-1,226,20
4,1476,14968048,-660,-146,8229
13,1475,14968070,-2,221,26
4,1477,14978139,-642,-152,8198
13,1476,14978161,-2,241,17
4,1478,14988261,-694,-151,8218
13,1477,14988283,1,270,34
4,1479,14998263,-719,-149,8230
13,1478,14998285,1,285,83
4,1480,15008398,-706,-140,8209
13,1479,15008420,0,294,98
4,1481,15018428,-714,-139,8217
13,1480,15018450,2,304,55
4,1482,15028642,-756,-131,8217
13,1481,15028664,5,313,11
4,1483,15038641,-811,-133,8194
13,1482,15038663,0,294,-6
4,1484,15048700,-801,-131,8194
13,1483,15048722,-3,253,0
4,1485,15058764,-800,-135,8215
13,1484,15058786,-3,235,1
4,1486,15068926,-772,-154,8219
13,1485,15068948,-4,232,1
4,1487,15078858,-796,-162,8206
13,1486,15078879,0,255,11
4,1488,15089043,-828,-150,8201
13,1487,15089065,6,274,28
4,1489,15099050,-867,-144,8202
13,1488,15099071,6,265,47
4,1490,15109307,-890,-149,8197
13,1489,15109329,8,238,74
4,1491,15119136,-1062,-149,8227
13,1490,15119158,9,265,75
4,1492,15129296,-761,-102,8216
13,1491,15129318,3,457,68
4,1493,15139358,-644,-145,8141
13,1492,15139380,-4,391,68
4,1494,15149501,-1016,-114,8200
13,1493,15149523,0,244,4
4,1495,15159598,-915,-148,8206
13,1494,15159620,-4,179,-9
4,1496,15169682,-909,-138,8187
13,1495,15169704,-4,173,-4
4,1497,15179628,-943,-141,8203
13,1496,15179650,-2,164,-10
4,1498,15189826,-955,-136,8206
13,1497,15189848,0,148,-21
4,1499,15199760,-937,-138,8172
13,1498,15199782,-1,135,-41
4,1500,15209879,-975,-145,8196
13,1499,15209901,2,107,-10
4,1501,15219980,-940,-136,8206
13,1500,15220002,2,75,4
4,1502,15230070,-928,-136,8198
13,1501,15230092,-1,79,0
4,1503,15240155,-921,-139,8196
13,1502,15240177,-2,105,0
4,1504,15250204,-925,-141,8203
13,1503,15250226,0,145,-1
4,1505,15260246,-933,-144,8187
13,1504,15260267,0,190,-5
4,1506,15270475,-967,-146,8197
13,1505,15270497,0,223,-12
4,1507,15280440,-1002,-146,8194
13,1506,15280462,1,237,-15
4,1508,15290526,-1043,-134,8187
13,1507,15290548,1,221,-12
4,1509,15300584,-1074,-132,8169
13,1508,15300606,-1,159,-8
4,1510,15310684,-1033,-141,8173
13,1509,15310706,-1,87,-4
4,1511,15320759,-978,-136,8190
13,1510,15320780,-3,66,1
4,1512,15330814,-971,-116,8198
13,1511,15330835,-9,119,-1
4,1513,15340965,-954,-133,8210
13,1512,15340987,-13,196,-16
4,1514,15351025,-1020,-148,8192
13,1513,15351047,-10,295,-48
4,1515,15361108,-1079,-132,8181
13,1514,15361130,-4,333,-63
4,1516,15371064,-1093,-151,8175
13,1515,15371086,-1,321,-65
4,1517,15381261,-1282,-112,8187
13,1516,15381283,-3,317,3
4,1518,15391412,-953,-195,8168
13,1517,15391434,-13,401,101
4,1519,15401363,-928,-150,8163
13,1518,15401385,-6,390,71
4,1520,15411465,-1103,-131,8169
13,1519,15411487,-2,377,12
4,1521,15421509,-1134,-133,8173
13,1520,15421531,-3,396,-6
4,1522,15431692,-1157,-145,8174
13,1521,15431714,-7,431,-7
4,1523,15441652,-1211,-146,8148
13,1522,15441674,-6,444,-5
4,1524,15451736,-1255,-138,8149
13,1523,15451758,-4,398,-3
4,1525,15461781,-1263,-130,8158
13,1524,15461803,-4,337,0
4,1526,15471938,-1212,-146,8164
13,1525,15471959,-5,306,-1
4,1527,15481932,-1202,-134,8166
13,1526,15481954,-5,326,-3
4,1528,15492082,-1230,-137,8167
13,1527,15492104,-8,378,-5
4,1529,15502086,-1250,-153,8159
13,1528,15502108,-8,425,-1
4,1530,15512337,-1302,-152,8153
13,1529,15512359,-7,458,-4
4,1531,15522331,-1388,-161,8127
13,1530,15522353,-7,445,-5
4,1532,15532436,-1398,-166,8138
13,1531,15532458,-3,358,-6
4,1533,15542481,-1363,-148,8139
13,1532,15542503,-1,289,-2
4,1534,15552660,-1393,-153,8129
13,1533,15552682,0,255,-2
4,1535,15562627,-1373,-153,8144
13,1534,15562649,0,211,0
4,1536,15572713,-1316,-140,8159
13,1535,15572735,0,228,-1
4,1537,15582735,-1358,-139,8135
13,1536,15582757,-4,324,-2
4,1538,15593021,-1424,-155,8135
13,1537,15593043,-2,346,-6
4,1539,15602963,-1390,-145,8143
13,1538,15602985,-1,338,-4
4,1540,15613024,-1410,-145,8141
13,1539,15613046,-5,391,-1
4,1541,15623089,-1485,-149,8129
13,1540,15623111,-9,414,-2
4,1542,15633137,-1506,-146,8117
13,1541,15633159,-12,376,-5
4,1543,15643264,-1498,-149,8112
13,1542,15643313,-6,344,-6
4,1544,15653406,-1498,-146,8112
13,1543,15653428,-2,327,-4
4,1545,15663414,-1529,-152,8115
13,1544,15663436,-4,313,-3
4,1546,15673591,-1532,-147,8118
13,1545,15673613,-3,312,-2
4,1547,15683594,-1537,-149,8118
13,1546,15683615,-2,314,0
4,1548,15693635,-1551,-142,8108
13,1547,15693657,-4,315,1
4,1549,15703709,-1551,-151,8118
13,1548,15703731,-1,344,-1
4,1550,15713890,-1606,-150,8093
13,1549,15713912,0,363,0
4,1551,15723866,-1606,-144,8096
13,1550,15723888,-3,333,8
4,1552,15733926,-1612,-155,8091
13,1551,15733948,-10,332,19
4,1553,15744023,-1654,-158,8086
13,1552,15744044,-7,315,3
4,1554,15754202,-1596,-163,8108
13,1553,15754224,-3,288,-5
4,1555,15764275,-1625,-144,8105
13,1554,15764297,-3,342,0
4,1556,15774302,-1668,-142,8095
13,1555,15774324,-6,373,-2
4,1557,15784393,-1680,-143,8086
13,1556,15784415,-6,367,-2
4,1558,15794530,-1745,-155,8061
13,1557,15794552,-6,351,-3
4,1559,15804468,-1734,-149,8048
13,1558,15804490,-6,310,-2
4,1560,15814599,-1765,-151,8077
13,1559,15814621,-2,283,0
4,1561,15824659,-1764,-147,8071
13,1560,15824681,-3,237,10
4,1562,15834799,-1716,-142,8085
13,1561,15834821,-5,222,23
4,1563,15844810,-1735,-141,8090
13,1562,15844832,-6,268,12
4,1564,15854914,-1781,-136,8068
13,1563,15854936,-2,294,-5
4,1565,15865019,-1734,-152,8086
13,1564,15865041,-1,300,-8
4,1566,15875049,-1770,-150,8078
13,1565,15875071,0,360,0
4,1567,15885175,-1837,-161,8062
13,1566,15885225,-2,394,3
4,1568,15895181,-1853,-151,8050
13,1567,15895231,-4,372,15
4,1569,15905262,-1882,-148,8042
13,1568,15905284,-9,360,39
4,1570,15915507,-1936,-160,8030
13,1569,15915529,0,292,24
4,1571,15925398,-1860,-150,8047
13,1570,15925420,-2,219,21
4,1572,15935506,-1886,-161,8035
13,1571,15935528,-6,231,9
4,1573,15945537,-1923,-145,8030
13,1572,15945559,0,207,0
4,1574,15955644,-1878,-144,8053
13,1573,15955666,3,169,2
4,1575,15965710,-1888,-151,8048
13,1574,15965732,-1,193,8
4,1576,15975809,-1903,-148,8039
13,1575,15975831,-3,213,9
4,1577,15985893,-1896,-145,8040
13,1576,15985915,-2,234,3
4,1578,15996087,-1927,-143,8039
13,1577,15996109,-4,271,-2
4,1579,16006021,-1950,-162,8034
13,1578,16006043,-3,282,0
4,1580,16016027,-1976,-159,8016
13,1579,16016049,-1,276,1
4,1581,16026255,-1970,-163,8018
13,1580,16026277,-1,274,27
4,1582,16036352,-1958,-146,8035
13,1581,16036374,-1,289,61
4,1583,16046305,-1957,-150,8031
13,1582,16046327,0,326,74
4,1584,16056460,-1997,-157,8015
13,1583,16056482,-1,381,77
4,1585,16066463,-2115,-137,7988
13,1584,16066485,5,372,48
4,1586,16076623,-2082,-140,8011
13,1585,16076645,8,272,15
4,1587,16086626,-2071,-130,7985
13,1586,16086648,0,228,15
4,1588,16096699,-2105,-140,7985
13,1587,16096721,-2,178,-4
4,1589,16106761,-2080,-143,7998
13,1588,16106783,-1,120,-7
4,1590,16116946,-2018,-142,8018
13,1589,16116968,-2,119,-1
4,1591,16126905,-2045,-142,8005
13,1590,16126927,-3,183,0
4,1592,16136984,-2089,-155,8008
13,1591,16137006,0,212,-7
4,1593,16147105,-2062,-157,8024
13,1592,16147128,2,235,-2
4,1594,16157351,-2128,-150,7990
13,1593,16157373,0,281,0
4,1595,16167314,-2149,-139,7981
13,1594,16167336,2,246,-4
4,1596,16177333,-2102,-154,7995
13,1595,16177355,-1,234,3
4,1597,16187438,-2190,-152,7973
13,1596,16187460,-2,268,-1
4,1598,16197505,-2147,-149,7987
13,1597,16197527,1,225,-10
4,1599,16207521,-2123,-137,7987
13,1598,16207543,2,246,-3
4,1600,16217594,-2174,-148,7980
13,1599,16217616,-1,280,-2
4,1601,16227691,-2170,-151,7979
13,1600,16227713,-5,278,-1
4,1602,16237919,-2203,-167,7959
13,1601,16237941,-2,304,-5
4,1603,16247768,-2265,-154,7956
13,1602,16247790,5,286,-5
4,1604,16257910,-2238,-150,7952
13,1603,16257932,1,228,4
4,1605,16267992,-2229,-148,7961
13,1604,16268014,2,206,10
4,1606,16278137,-2230,-158,7958
13,1605,16278159,1,208,2
4,1607,16288177,-2234,-149,7958
13,1606,16288199,2,209,-5
4,1608,16298258,-2245,-151,7961
13,1607,16298280,5,220,-2
4,1609,16308320,-2261,-153,7950
13,1608,16308342,4,236,2
4,1610,16318484,-2288,-154,7956
13,1609,16318506,7,236,4
4,1611,16328456,-2306,-145,7950
13,1610,16328478,4,222,7
4,1612,16338534,-2302,-144,7950
13,1611,16338556,0,195,7
4,1613,16348565,-2292,-138,7953
13,1612,16348587,0,184,7
4,1614,16358724,-2282,-140,7946
13,1613,16358746,0,196,-1
4,1615,16368753,-2309,-147,7933
13,1614,16368775,-1,234,-7
4,1616,16378896,-2356,-145,7918
13,1615,16378918,0,238,-3
4,1617,16388871,-2348,-153,7929
13,1616,16388893,1,205,0
4,1618,16399152,-2354,-153,7940
13,1617,16399174,-1,185,3
4,1619,16409094,-2347,-142,7938
13,1618,16409116,1,187,7
4,1620,16419127,-2352,-142,7934
13,1619,16419149,2,196,14
4,1621,16429269,-2363,-145,7945
13,1620,16429291,1,212,13
4,1622,16439367,-2378,-153,7919
13,1621,16439389,1,223,10
4,1623,16449461,-2387,-158,7923
13,1622,16449483,2,227,8
4,1624,16459527,-2417,-146,7917
13,1623,16459549,8,243,2
4,1625,16469506,-2424,-147,7908
13,1624,16469528,5,234,26
4,1626,16479719,-2409,-137,7915
13,1625,16479741,0,227,54
4,1627,16489718,-2421,-141,7917
13,1626,16489740,-3,239,55
4,1628,16499765,-2415,-146,7909
13,1627,16499787,0,262,31
4,1629,16509796,-2483,-141,7903
13,1628,16509818,3,289,39
4,1630,16519977,-2473,-147,7909
13,1629,16519999,-2,284,70
4,1631,16530001,-2430,-135,7894
13,1630,16530023,-1,314,58
4,1632,16540116,-2494,-126,7887
13,1631,16540138,4,350,33
4,1633,16550186,-2522,-136,7889
13,1632,16550208,3,348,32
4,1634,16560387,-2552,-142,7869
13,1633,16560409,3,353,53
4,1635,16570303,-2588,-149,7867
13,1634,16570325,-1,361,84
4,1636,16580364,-2569,-142,7856
13,1635,16580386,-3,350,112
4,1637,16590397,-2582,-129,7849
13,1636,16590419,-1,331,89
4,1638,16600562,-2615,-124,7854
13,1637,16600584,-3,290,74
4,1639,16610601,-2524,-131,7861
13,1638,16610623,-3,244,48
4,1640,16620683,-2609,-133,7854
13,1639,16620705,4,228,23
4,1641,16630747,-2628,-130,7862
13,1640,16630769,-1,216,8
4,1642,16640941,-2628,-146,7843
13,1641,16640963,-2,203,0
4,1643,16650828,-2596,-133,7857
13,1642,16650850,0,190,2
4,1644,16660978,-2602,-143,7854
13,1643,16661000,-1,236,3
4,1645,16671014,-2642,-138,7841
13,1644,16671036,1,284,1
4,1646,16681172,-2702,-128,7828
13,1645,16681194,2,290,2
4,1647,16691197,-2724,-135,7829
13,1646,16691219,2,241,4
4,1648,16701272,-2703,-139,7828
13,1647,16701294,0,189,0
4,1649,16711349,-2656,-124,7833
13,1648,16711371,-1,162,5
4,1650,16721585,-2653,-120,7834
13,1649,16721607,-11,219,10
4,1651,16731488,-2730,-129,7825
13,1650,16731510,-5,240,-6
4,1652,16741600,-2647,-135,7849
13,1651,16741622,0,224,-5
4,1653,16751707,-2681,-134,7831
13,1652,16751729,1,313,2
4,1654,16761734,-2752,-141,7808
13,1653,16761756,7,352,2
4,1655,16771825,-2732,-126,7823
13,1654,16771847,3,341,7
4,1656,16781951,-2803,-125,7797
13,1655,16781973,4,350,8
4,1657,16791924,-2808,-138,7790
13,1656,16791946,2,318,1
4,1658,16802118,-2798,-132,7793
13,1657,16802140,0,282,0
4,1659,16812042,-2804,-138,7807
13,1658,16812064,0,278,-5
4,1660,16822153,-2863,-129,7784
13,1659,16822174,0,270,-1
4,1661,16832276,-2855,-131,7779
13,1660,16832298,-4,207,0
4,1662,16842338,-2851,-139,7792
13,1661,16842360,-1,161,3
4,1663,16852342,-2849,-141,7777
13,1662,16852364,-3,138,11
4,1664,16862444,-2828,-149,7770
13,1663,16862466,0,133,15
4,1665,16872494,-2814,-138,7792
13,1664,16872516,2,152,14
4,1666,16882659,-2836,-145,7777
13,1665,16882681,7,208,21
4,1667,16892648,-2854,-126,7771
13,1666,16892670,10,233,37
4,1668,16902759,-2856,-124,7773
13,1667,16902781,8,239,23
4,1669,16912799,-2882,-112,7753
13,1668,16912821,8,248,0
4,1670,16922943,-2910,-126,7748
13,1669,16922965,1,247,-7
4,1671,16932987,-2921,-134,7757
13,1670,16933008,-5,235,-13
4,1672,16943029,-2928,-134,7746
13,1671,16943050,-1,215,-15
4,1673,16953158,-2912,-134,7755
13,1672,16953180,0,200,-7
4,1674,16963239,-2900,-131,7750
13,1673,16963261,0,225,-1
4,1675,16973261,-2915,-132,7764
13,1674,16973283,-2,271,-12
4,1676,16983366,-2961,-138,7730
13,1675,16983388,-1,306,-49
4,1677,16993414,-2979,-145,7717
13,1676,16993436,-1,290,-52
4,1678,17003562,-2971,-142,7729
13,1677,17003584,2,257,-27
4,1679,17013545,-2990,-139,7718
13,1678,17013567,5,262,-6
4,1680,17023689,-3017,-139,7707
13,1679,17023711,3,255,3
4,1681,17033779,-2987,-136,7709
13,1680,17033801,7,233,4
4,1682,17043937,-2977,-132,7722
13,1681,17043959,10,252,6
4,1683,17053896,-3016,-130,7710
13,1682,17053918,9,289,7
4,1684,17063985,-3073,-134,7695
13,1683,17064007,3,289,3
4,1685,17074079,-3079,-123,7691
13,1684,17074100,3,269,4
4,1686,17084156,-3071,-140,7695
13,1685,17084178,7,241,24
4,1687,17094255,-3044,-137,7716
13,1686,17094277,6,234,47
4,1688,17104284,-3031,-128,7703
13,1687,17104306,3,286,32
4,1689,17114347,-3071,-126,7681
13,1688,17114369,5,344,15
4,1690,17124516,-3129,-116,7673
13,1689,17124537,1,362,12
4,1691,17134487,-3111,-115,7678
13,1690,17134509,0,359,1
4,1692,17144578,-3159,-129,7659
13,1691,17144627,2,371,-7
4,1693,17154667,-3176,-127,7650
13,1692,17154689,0,354,0
4,1694,17164726,-3198,-117,7638
13,1693,17164748,0,327,11
4,1695,17174882,-3231,-134,7641
13,1694,17174904,2,283,6
4,1696,17184892,-3198,-122,7631
13,1695,17184914,1,249,5
4,1697,17194965,-3202,-122,7639
13,1696,17194987,1,250,21
4,1698,17205131,-3224,-121,7633
13,1697,17205153,0,236,31
4,1699,17215165,-3163,-120,7640
13,1698,17215187,1,245,17
4,1700,17225141,-3188,-125,7637
13,1699,17225163,4,324,-2
4,1701,17235262,-3270,-119,7623
13,1700,17235284,1,374,-12
4,1702,17245356,-3347,-122,7598
13,1701,17245378,3,336,-17
4,1703,17255398,-3343,-123,7591
13,1702,17255419,3,226,-14
4,1704,17265449,-3312,-124,7598
13,1703,17265471,3,148,-8
4,1705,17275560,-3264,-123,7616
13,1704,17275582,3,127,-6
4,1706,17285686,-3214,-126,7622
13,1705,17285708,3,161,-15
4,1707,17295771,-3229,-143,7616
13,1706,17295793,7,249,-37
4,1708,17305793,-3307,-139,7595
13,1707,17305815,5,330,-72
4,1709,17315803,-3340,-122,7576
13,1708,17315825,1,349,-79
4,1710,17325960,-3400,-128,7558
13,1709,17325982,2,327,-73
4,1711,17335990,-3459,-126,7553
13,1710,17336012,2,245,-78
4,1712,17346053,-3427,-117,7551
13,1711,17346075,3,133,-79
4,1713,17356096,-3332,-109,7581
13,1712,17356118,3,77,-64
4,1714,17366308,-3331,-130,7596
13,1713,17366330,1,112,-39
4,1715,17376313,-3343,-122,7578
13,1714,17376335,-2,172,-37
4,1716,17386373,-3373,-122,7574
13,1715,17386395,-4,216,-47
4,1717,17396444,-3360,-140,7574
13,1716,17396493,-1,237,-31
4,1718,17406589,-3378,-147,7570
13,1717,17406611,0,267,-27
4,1719,17416635,-3421,-141,7558
13,1718,17416657,2,300,-30
4,1720,17426688,-3440,-142,7544
13,1719,17426710,6,296,-14
4,1721,17436793,-3438,-129,7537
13,1720,17436815,8,293,-13
4,1722,17446963,-3521,-133,7515
13,1721,17446984,2,276,-11
4,1723,17456998,-3385,-130,7509
13,1722,17457020,0,209,-4
4,1724,17466995,-3359,-121,7515
13,1723,17467017,1,174,-7
4,1725,17477079,-3354,-123,7519
13,1724,17477101,-1,170,-10
4,1726,17487125,-3365,-134,7510
13,1725,17487147,-6,180,-7
4,1727,17497254,-3338,-139,7520
13,1726,17497276,-1,204,-5
4,1728,17507291,-3357,-125,7509
13,1727,17507313,3,264,-16
4,1729,17517340,-3432,-129,7479
13,1728,17517362,2,302,-22
4,1730,17527588,-3471,-143,7457
13,1729,17527610,3,270,-6
4,1731,17537643,-3464,-134,7481
13,1730,17537665,3,196,0
4,1732,17547631,-3404,-121,7485
13,1731,17547653,2,176,-5
4,1733,17557734,-3415,-127,7480
13,1732,17557756,1,216,-7
4,1734,17567830,-3450,-117,7471
13,1733,17567852,1,241,-11
4,1735,17577923,-3478,-117,7458
13,1734,17577945,0,247,-17
4,1736,17587995,-3457,-132,7464
13,1735,17588017,-1,238,-13
4,1737,17597977,-3437,-130,7468
13,1736,17597999,-1,266,-12
4,1738,17608286,-3447,-120,7462
13,1737,17608308,2,328,-8
4,1739,17618229,-3510,-141,7448
13,1738,17618251,1,371,-10
4,1740,17628274,-3550,-135,7427
13,1739,17628296,0,350,-8
4,1741,17638389,-3533,-143,7460
13,1740,17638411,2,311,-12
4,1742,17648497,-3523,-123,7438
13,1741,17648519,5,328,-24
4,1743,17658620,-3602,-136,7395
13,1742,17658642,0,359,-53
4,1744,17668641,-3626,-149,7388
13,1743,17668663,-1,296,-29
4,1745,17678651,-3549,-136,7405
13,1744,17678673,0,232,8
4,1746,17688897,-3530,-130,7418
13,1745,17688919,0,274,13
4,1747,17698896,-3601,-154,7412
13,1746,17698918,0,347,14
4,1748,17708952,-3600,-170,7398
13,1747,17708974,8,381,21
4,1749,17719061,-3643,-184,7390
13,1748,17719083,11,420,17
4,1750,17729158,-3691,-191,7368
13,1749,17729180,8,444,-2
4,1751,17739133,-3683,-155,7350
13,1750,17739155,9,453,-54
4,1752,17749272,-3661,-20,7355
13,1751,17749294,26,484,-58
4,1753,17759298,-3761,-129,7322
13,1752,17759320,22,455,17
4,1754,17769550,-3773,-148,7330
13,1753,17769572,21,388,12
4,1755,17779538,-3772,-110,7338
13,1754,17779560,35,344,-4
4,1756,17789670,-3661,-97,7329
13,1755,17789692,29,314,22
4,1757,17799677,-3736,-155,7334
13,1756,17799699,20,379,44
4,1758,17809814,-3746,-115,7314
13,1757,17809836,27,452,49
4,1759,17819802,-3819,-113,7289
13,1758,17819824,24,476,63
4,1760,17829959,-3899,-114,7265
13,1759,17829981,18,440,87
4,1761,17839963,-3893,-120,7263
13,1760,17839985,17,351,91
4,1762,17850120,-3852,-125,7262
13,1761,17850142,16,268,89
4,1763,17860135,-3850,-102,7262
13,1762,17860157,16,249,75
4,1764,17870207,-3855,-106,7275
13,1763,17870229,16,234,63
4,1765,17880299,-3795,-107,7292
13,1764,17880321,11,262,59
4,1766,17890472,-3823,-99,7278
13,1765,17890494,10,353,50
4,1767,17900483,-3891,-94,7246
13,1766,17900505,10,425,38
4,1768,17910567,-3970,-82,7214
13,1767,17910589,11,443,39
4,1769,17920634,-3962,-96,7206
13,1768,17920656,5,381,37
4,1770,17930774,-3975,-99,7221
13,1769,17930796,7,328,31
4,1771,17940816,-3961,-82,7221
13,1770,17940838,9,318,34
4,1772,17950852,-3966,-93,7227
13,1771,17950874,7,329,31
4,1773,17960956,-3983,-105,7201
13,1772,17960978,9,351,37
4,1774,17970980,-4031,-100,7184
13,1773,17971002,9,382,62
4,1775,17981069,-4033,-102,7181
13,1774,17981091,10,388,79
4,1776,17991157,-4060,-102,7170
13,1775,17991179,6,389,88
4,1777,18001192,-4074,-109,7165
13,1776,18001214,3,378,85
4,1778,18011442,-4133,-139,7170
13,1777,18011464,5,451,47
4,1779,18021318,-4427,30,7045
13,1778,18021340,-27,700,0
4,1780,18031448,-4033,49,7005
13,1779,18031470,-316,1181,36
4,1781,18041501,-3502,-357,7366
13,1780,18041523,-202,1052,16
4,1782,18051650,-4856,-291,6948
13,1781,18051672,140,612,10
4,1783,18061659,-5497,124,5770
13,1782,18061681,189,1071,-53
4,1784,18071751,-4101,403,6563
13,1783,18071773,137,3030,142
4,1785,18081818,-3499,-439,7931
13,1784,18081840,-57,3309,221
4,1786,18092003,-4571,-107,7050
13,1785,18092025,-8,1760,11
4,1787,18102029,-4944,-54,6544
13,1786,18102051,-54,1023,104
4,1788,18112070,-4630,-138,6856
13,1787,18112092,-72,1065,131
4,1789,18122125,-4588,-102,6802
13,1788,18122147,-60,1052,86
4,1790,18132246,-4636,-1,6795
13,1789,18132268,-43,1056,71
4,1791,18142264,-4732,-157,6750
13,1790,18142286,-57,999,80
4,1792,18152403,-4615,-144,6831
13,1791,18152425,-32,939,66
4,1793,18162473,-4776,-13,6703
13,1792,18162495,-17,949,11
4,1794,18172653,-4794,-7,6620
13,1793,18172675,-15,1070,36
4,1795,18182642,-4738,-57,6878
13,1794,18182664,-28,1033,44
4,1796,18192679,-4891,-6,6592
13,1795,18192701,-17,797,22
4,1797,18202798,-4923,-9,6544
13,1796,18202820,-25,850,40
4,1798,18212925,-4749,-110,6918
13,1797,18212947,-31,826,43
4,1799,18222934,-5056,-68,6410
13,1798,18222955,-10,516,-8
4,1800,18232977,-5056,5,6459
13,1799,18232999,-7,682,0
4,1801,18243086,-4838,-193,6847
13,1800,18243108,-16,697,37
4,1802,18253256,-5046,-133,6551
13,1801,18253278,8,307,-23
4,1803,18263306,-5110,-18,6373
13,1802,18263328,9,211,-16
4,1804,18273351,-5171,-106,6276
13,1803,18273373,-20,452,17
4,1805,18283404,-4855,-127,6807
13,1804,18283426,0,672,-3
4,1806,18293545,-5028,-148,6611
13,1805,18293567,0,312,-24
4,1807,18303651,-5202,-41,6276
13,1806,18303673,17,165,-31
4,1808,18313658,-5271,-123,6153
13,1807,18313680,1,430,-5
4,1809,18323708,-5014,-26,6602
13,1808,18323730,-8,755,48
4,1810,18333899,-5124,-177,6556
13,1809,18333921,-54,547,35
4,1811,18343939,-5298,-43,6226
13,1810,18343961,0,372,-6
4,1812,18353935,-5284,5,6227
13,1811,18353956,3,543,9
4,1813,18363979,-5129,-120,6551
13,1812,18364001,-19,610,36
4,1814,18374151,-5271,-131,6353
13,1813,18374173,-3,369,-25
4,1815,18384172,-5248,-65,6335
13,1814,18384194,31,317,-41
4,1816,18394321,-5210,-62,6322
13,1815,18394343,40,388,-39
4,1817,18404355,-5300,-176,6153
13,1816,18404377,45,522,-57
4,1818,18414524,-5037,-86,6707
13,1817,18414546,72,651,-67
4,1819,18424496,-5300,-104,6179
13,1818,18424518,36,456,-70
4,1820,18434602,-5405,-80,6032
13,1819,18434624,76,658,-101
4,1821,18444634,-5233,-38,6509
13,1820,18444656,75,860,-74
4,1822,18454759,-5358,-13,6319
13,1821,18454780,55,630,-61
4,1823,18464798,-5482,-22,6124
13,1822,18464820,44,497,-52
4,1824,18474858,-5352,-153,6371
13,1823,18474879,-13,458,5
4,1825,18484897,-5369,-113,6282
13,1824,18484919,-33,238,27
4,1826,18495104,-5394,-62,6174
13,1825,18495126,-50,188,48
4,1827,18505106,-5343,-80,6189
13,1826,18505128,-98,292,101
4,1828,18515238,-5334,-123,6235
13,1827,18515288,-118,403,119
4,1829,18525300,-5435,-89,6164
13,1828,18525322,-84,472,83
4,1830,18535410,-5447,-98,6157
13,1829,18535432,-77,496,78
4,1831,18545511,-5477,-89,6148
13,1830,18545533,-43,501,42
4,1832,18555541,-5560,-59,6083
13,1831,18555563,-41,489,41
4,1833,18565584,-5524,-108,6108
13,1832,18565606,-69,435,71
4,1834,18575770,-5542,-86,6083
13,1833,18575792,-60,425,69
4,1835,18585791,-5535,-85,6078
13,1834,18585813,-77,427,84
4,1836,18595805,-5556,-85,6052
13,1835,18595827,-86,452,94
4,1837,18605894,-5568,-95,6052
13,1836,18605916,-89,466,94
4,1838,18616055,-5590,-90,6032
13,1837,18616076,-81,464,76
4,1839,18626012,-5589,-91,6020
13,1838,18626034,-73,455,67
4,1840,18636114,-5588,-86,6017
13,1839,18636136,-70,478,64
4,1841,18646300,-5650,-93,5991
13,1840,18646322,-70,510,65
4,1842,18656382,-5633,-95,5968
13,1841,18656404,-69,501,66
4,1843,18666380,-5660,-88,5970
13,1842,18666402,-59,504,63
4,1844,18676443,-5635,-80,5958
13,1843,18676465,-74,529,78
4,1845,18686510,-5686,-118,5938
13,1844,18686532,-81,584,81
4,1846,18696612,-5677,-100,5922
13,1845,18696634,-33,577,27
4,1847,18706643,-5728,-86,5885
13,1846,18706664,-13,606,5
4,1848,18716791,-5766,-88,5876
13,1847,18716813,-10,612,0
4,1849,18726792,-5787,-96,5850
13,1848,18726814,-8,602,-2
4,1850,18737007,-5773,-74,5844
13,1849,18737029,-12,601,6
4,1851,18746949,-5828,-89,5818
13,1850,18746971,-36,627,35
4,1852,18757076,-5792,-93,5808
13,1851,18757097,-31,625,25
4,1853,18767109,-5841,-86,5772
13,1852,18767131,-18,663,17
4,1854,18777161,-5907,-80,5744
13,1853,18777183,-26,664,27
4,1855,18787332,-5909,-100,5747
13,1854,18787354,-27,633,26
4,1856,18797344,-5912,-95,5718
13,1855,18797366,-8,605,3
4,1857,18807400,-5911,-98,5697
13,1856,18807422,-3,597,-5
4,1858,18817518,-5970,-90,5648
13,1857,18817540,-2,602,-4
4,1859,18827540,-5990,-90,5655
13,1858,18827562,-2,570,-5
4,1860,18837684,-5953,-96,5666
13,1859,18837706,0,553,-7
4,1861,18847648,-5955,-87,5631
13,1860,18847670,6,625,-6
4,1862,18857805,-6033,-80,5606
13,1861,18857827,6,662,-13
4,1863,18867841,-5968,-97,5598
13,1862,18867863,4,692,-20
4,1864,18877946,-6003,-138,5564
13,1863,18877968,25,790,-41
4,1865,18888025,-6098,-119,5528
13,1864,18888047,91,875,-99
4,1866,18898204,-6145,-89,5494
13,1865,18898226,103,874,-103
4,1867,18908132,-6203,-101,5439
13,1866,18908154,86,829,-76
4,1868,18918264,-6257,-98,5427
13,1867,18918286,59,716,-47
4,1869,18928392,-6173,-121,5437
13,1868,18928414,59,624,-50
4,1870,18938432,-6190,-91,5412
13,1869,18938454,85,642,-72
4,1871,18948436,-6197,-89,5399
13,1870,18948458,80,660,-72
4,1872,18958532,-6174,-93,5375
13,1871,18958554,63,699,-59
4,1873,18968636,-6226,-86,5341
13,1872,18968658,57,769,-52
4,1874,18978765,-6273,-70,5318
13,1873,18978787,36,791,-28
4,1875,18988774,-6407,-96,5248
13,1874,18988796,4,765,-2
4,1876,18998930,-6356,-127,5247
13,1875,18998952,22,657,-27
4,1877,19008968,-6285,-126,5239
13,1876,19008990,61,659,-62
4,1878,19019055,-6371,-107,5196
13,1877,19019077,103,724,-92
4,1879,19029089,-6411,-88,5167
13,1878,19029111,106,710,-93
4,1880,19039100,-6443,-88,5054
13,1879,19039122,111,719,-92
4,1881,19049223,-6507,-17,5004
13,1880,19049245,100,782,-73
4,1882,19059353,-6418,-141,5262
13,1881,19059375,49,785,-47
4,1883,19069331,-6503,-58,5089
13,1882,19069353,75,669,-53
4,1884,19079468,-6526,-77,5108
13,1883,19079490,10,580,-6
4,1885,19089452,-6422,-89,5022
13,1884,19089474,-14,484,4
4,1886,19099589,-6480,-117,5035
13,1885,19099611,-34,583,20
4,1887,19109701,-6550,-106,5051
13,1886,19109723,-5,587,0
4,1888,19119713,-6532,-108,4993
13,1887,19119735,9,523,-9
4,1889,19129782,-6534,-90,4960
13,1888,19129804,25,541,-22
4,1890,19139991,-6611,-46,4699
13,1889,19140013,16,569,-18
4,1891,19149856,-6632,-47,4591
13,1890,19149878,-28,841,25
4,1892,19160044,-6655,-136,5405
13,1891,19160066,-83,945,51
4,1893,19170099,-6627,-139,4979
13,1892,19170121,-14,400,-6
4,1894,19180193,-6619,-62,4744
13,1893,19180215,15,314,-12
4,1895,19190216,-6650,-49,4494
13,1894,19190238,-9,505,3
4,1896,19200284,-6681,-32,4552
13,1895,19200306,-64,913,54
4,1897,19210278,-6646,-254,5441
13,1896,19210300,-80,879,65
4,1898,19220489,-6665,-68,4780
13,1897,19220511,7,370,-7
4,1899,19230500,-6696,-60,4525
13,1898,19230522,-53,458,31
4,1900,19240489,-6752,-44,4504
13,1899,19240511,-127,747,67
4,1901,19250674,-6731,-100,4907
13,1900,19250696,-140,853,86
4,1902,19260746,-6731,-201,4940
13,1901,19260768,-125,591,75
4,1903,19270765,-6730,-108,4614
13,1902,19270787,-8,450,-1
4,1904,19280883,-6806,-89,4625
13,1903,19280905,-12,529,0
4,1905,19291027,-6791,-105,4635
13,1904,19291049,-21,522,3
4,1906,19301180,-6814,-115,4588
13,1905,19301202,-6,533,-3
4,1907,19311128,-6868,-96,4556
13,1906,19311150,0,520,-4
4,1908,19321150,-6863,-109,4538
13,1907,19321171,0,466,-6
4,1909,19331244,-6806,-100,4545
13,1908,19331266,-1,463,-4
4,1910,19341332,-6941,-81,4500
13,1909,19341354,-5,485,-2
4,1911,19351343,-6915,-104,4495
13,1910,19351365,-9,390,-4
4,1912,19361493,-6823,-114,4517
13,1911,19361515,-11,365,-2
4,1913,19371548,-6837,-106,4503
13,1912,19371570,-7,435,-4
4,1914,19381711,-6853,-111,4493
13,1913,19381733,-2,508,-12
4,1915,19391701,-6873,-97,4447
13,1914,19391723,1,559,-17
4,1916,19401830,-6950,-107,4425
13,1915,19401852,2,603,-16
4,1917,19411879,-6960,-146,4361
13,1916,19411901,13,576,-17
4,1918,19422007,-6963,-121,4375
13,1917,19422029,73,532,-49
4,1919,19432016,-6958,-120,4356
13,1918,19432038,83,521,-57
4,1920,19442089,-6999,-107,4333
13,1919,19442111,102,534,-70
4,1921,19452172,-7037,-50,4328
13,1920,19452194,90,506,-61
4,1922,19462349,-6978,-98,4314
13,1921,19462371,19,450,-17
4,1923,19472274,-6994,-140,4270
13,1922,19472296,18,474,-20
4,1924,19482395,-7089,-91,4240
13,1923,19482416,58,480,-46
4,1925,19492514,-7040,-92,4264
13,1924,19492536,18,397,-18
4,1926,19502573,-6974,-121,4248
13,1925,19502595,-7,408,-5
4,1927,19512616,-7029,-107,4212
13,1926,19512638,-1,476,-11
4,1928,19522645,-7057,-119,4185
13,1927,19522667,4,495,-10
4,1929,19532777,-7043,-165,4169
13,1928,19532799,27,527,-24
4,1930,19542949,-7086,-112,4133
13,1929,19542971,84,569,-59
4,1931,19552897,-7126,-106,4120
13,1930,19552919,94,541,-63
4,1932,19562966,-7121,-92,4070
13,1931,19562988,113,537,-72
4,1933,19572992,-7110,-42,4060
13,1932,19573014,135,572,-78
4,1934,19583139,-7242,-42,3975
13,1933,19583161,66,563,-35
4,1935,19593159,-7227,-42,3921
13,1934,19593181,16,482,-9
4,1936,19603234,-7149,-169,3978
13,1935,19603256,-12,520,0
4,1937,19613309,-7163,-73,4153
13,1936,19613331,41,496,-30
4,1938,19623396,-7107,-250,4158
13,1937,19623418,-25,358,-1
4,1939,19633450,-7151,-124,4000
13,1938,19633472,72,383,-49
4,1940,19643592,-7270,-106,3989
13,1939,19643614,50,405,-34
4,1941,19653625,-7224,-112,3960
13,1940,19653647,-2,255,-3
4,1942,19663707,-7192,-110,3937
13,1941,19663729,-2,220,-5
4,1943,19673776,-7192,-81,3881
13,1942,19673798,0,241,-7
4,1944,19683838,-7230,57,3500
13,1943,19683860,-21,323,4
4,1945,19693885,-7257,-247,4157
13,1944,19693907,-80,554,44
4,1946,19704058,-7240,-183,4032
13,1945,19704080,-3,280,-1
4,1947,19714006,-7218,58,3461
13,1946,19714028,74,272,-39
4,1948,19724116,-7283,-176,4017
13,1947,19724138,-99,555,43
4,1949,19734173,-7253,-209,4221
13,1948,19734195,-88,284,32
4,1950,19744271,-7264,-65,3748
13,1949,19744293,-14,72,0
4,1951,19754380,-7274,-136,3846
13,1950,19754402,-46,122,16
4,1952,19764384,-7239,-140,3876
13,1951,19764406,-23,94,9
4,1953,19774493,-7227,-119,3844
13,1952,19774515,-2,98,0
4,1954,19784588,-7234,-118,3830
13,1953,19784610,1,134,-1
4,1955,19794649,-7251,-132,3799
13,1954,19794671,8,175,-8
4,1956,19804683,-7268,-13,3611
13,1955,19804705,36,238,-25
4,1957,19814779,-7278,-165,3961
13,1956,19814801,-18,328,7
4,1958,19824811,-7250,-155,3882
13,1957,19824833,-3,198,-2
4,1959,19834892,-7276,-109,3770
13,1958,19834914,4,181,-10
4,1960,19844987,-7305,-123,3761
13,1959,19845009,-4,205,-6
4,1961,19855037,-7294,-125,3770
13,1960,19855059,0,186,-1
4,1962,19865219,-7316,-114,3759
13,1961,19865241,2,180,0
4,1963,19875132,-7298,-113,3762
13,1962,19875154,0,160,-1
4,1964,19885291,-7283,-120,3756
13,1963,19885313,0,164,-5
4,1965,19895355,-7261,-112,3757
13,1964,19895377,0,172,-4
4,1966,19905498,-7334,-122,3731
13,1965,19905520,0,214,-3
4,1967,19915474,-7262,-124,3745
13,1966,19915496,-1,210,-5
4,1968,19925651,-7356,-117,3690
13,1967,19925673,0,255,-4
4,1969,19935682,-7372,-116,3699
13,1968,19935704,0,187,-5
4,1970,19945783,-7341,-111,3700
13,1969,19945805,1,151,-6
4,1971,19955814,-7335,-113,3683
13,1970,19955835,1,133,-3
4,1972,19965876,-7356,-113,3694
13,1971,19965898,1,118,-1
4,1973,19975969,-7344,-115,3697
13,1972,19975991,2,113,-4
4,1974,19986055,-7349,-122,3676
13,1973,19986077,2,98,-4
4,1975,19996098,-7215,-111,3719
13,1974,19996120,1,111,-1
4,1976,20006218,-7341,-118,3672
13,1975,20006240,0,246,-2
4,1977,20016227,-7426,-124,3658
13,1976,20016249,2,223,-4
4,1978,20026414,-7347,-112,3665
13,1977,20026436,-2,159,-1
4,1979,20036417,-7327,-124,3643
13,1978,20036439,0,165,-2
4,1980,20046487,-7335,-123,3654
13,1979,20046509,0,182,-6
4,1981,20056508,-7359,-114,3620
13,1980,20056530,-1,199,-3
4,1982,20066652,-7407,-125,3619
13,1981,20066674,1,163,0
4,1983,20076673,-7373,-123,3621
13,1982,20076695,1,118,-1
4,1984,20086706,-7377,-112,3621
13,1983,20086728,3,99,0
4,1985,20096846,-7355,-123,3626
13,1984,20096868,0,93,-1
4,1986,20107041,-7353,-113,3629
13,1985,20107063,0,115,-2
4,1987,20116927,-7378,-115,3624
13,1986,20116949,0,132,-3
4,1988,20127071,-7349,-120,3621
13,1987,20127093,0,137,-2
4,1989,20137170,-7360,-127,3594
13,1988,20137192,1,191,2
4,1990,20147330,-7430,-116,3575
13,1989,20147352,1,191,-1
4,1991,20157339,-7391,-114,3579
13,1990,20157361,1,154,-3
4,1992,20167389,-7381,-125,3580
13,1991,20167411,0,155,-2
4,1993,20177551,-7384,-133,3580
13,1992,20177573,0,164,-3
4,1994,20187649,-7432,-127,3547
13,1993,20187671,1,175,-2
4,1995,20197645,-7399,-120,3541
13,1994,20197667,0,149,0
4,1996,20207715,-7382,-120,3542
13,1995,20207737,0,164,-1
4,1997,20217780,-7411,-119,3541
13,1996,20217802,0,188,-3
4,1998,20227968,-7422,-134,3525
13,1997,20227990,0,190,-2
4,1999,20237957,-7421,-129,3499
13,1998,20237979,0,193,0
4,2000,20247946,-7441,-122,3526
13,1999,20247968,0,169,0
4,2001,20258107,-7411,-121,3529
13,2000,20258129,-1,157,0
4,2002,20268350,-7336,-118,3525
13,2001,20268372,0,191,1
4,2003,20278201,-7404,-126,3500
13,2002,20278250,0,285,-4
4,2004,20288371,-7385,-135,3469
13,2003,20288393,2,262,-5
4,2005,20298358,-7454,-131,3469
13,2004,20298380,0,254,-3
4,2006,20308577,-7430,-131,3462
13,2005,20308599,0,236,0
4,2007,20318620,-7419,-127,3457
13,2006,20318641,0,221,-2
4,2008,20328678,-7420,-121,3446
13,2007,20328700,0,216,0
4,2009,20338730,-7435,-127,3420
13,2008,20338752,-1,224,-2
4,2010,20348889,-7445,-132,3421
13,2009,20348911,-1,224,-2
4,2011,20358849,-7476,-117,3411
13,2010,20358871,-4,207,2
4,2012,20368969,-7399,26,3265
13,2011,20368991,-31,196,15
4,2013,20379056,-7393,-120,3394
13,2012,20379078,-253,355,100
4,2014,20389150,-7467,-291,3535
13,2013,20389172,-210,401,88
4,2015,20399258,-7517,-142,3350
13,2014,20399280,-13,301,4
4,2016,20409311,-7494,-97,3337
13,2015,20409333,-7,241,3
4,2017,20419401,-7499,-135,3349
13,2016,20419423,-20,213,11
4,2018,20429572,-7481,-124,3326
13,2017,20429594,-5,180,3
4,2019,20439545,-7446,-100,3318
13,2018,20439567,-9,161,2
4,2020,20449623,-7428,-35,3232
13,2019,20449645,-58,208,20
4,2021,20459689,-7420,-153,3042
13,2020,20459711,-226,368,79
4,2022,20469782,-7500,-303,3728
13,2021,20469803,-70,490,18
4,2023,20479907,-7439,23,3041
13,2022,20479929,110,294,-50
4,2024,20489888,-7456,57,2944
13,2023,20489910,-143,636,57
4,2025,20500052,-7614,-363,3781
13,2024,20500074,-246,695,92
4,2026,20510159,-7540,48,2872
13,2025,20510181,-32,345,8
4,2027,20520196,-7563,-204,3183
13,2026,20520245,-134,479,46
4,2028,20530180,-7537,-296,3198
13,2027,20530229,-46,456,13
4,2029,20540347,-7574,-20,3248
13,2028,20540369,80,472,-28
4,2030,20550462,-7496,-222,3341
13,2029,20550484,-32,354,15
4,2031,20560515,-7400,-134,2701
13,2030,20560537,64,423,-30
4,2032,20570554,-7612,-102,3244
13,2031,20570576,-1,798,-7
4,2033,20580636,-7495,-212,3466
13,2032,20580658,47,623,-21
4,2034,20590813,-7587,-141,2954
13,2033,20590835,154,601,-66
4,2035,20600846,-7745,-137,2880
13,2034,20600868,191,605,-78
4,2036,20610917,-7489,-237,2865
13,2035,20610939,259,556,-100
4,2037,20620985,-7705,79,3080
13,2036,20621007,413,685,-137
4,2038,20631053,-7642,36,2693
13,2037,20631074,129,569,-48
4,2039,20641081,-7651,-416,2962
13,2038,20641103,-13,654,0
4,2040,20651200,-7780,-28,3180
13,2039,20651222,203,534,-65
4,2041,20661246,-7721,-96,2852
13,2040,20661268,55,248,-25
4,2042,20671359,-7646,-146,2843
13,2041,20671381,41,181,-18
4,2043,20681413,-7617,-119,2891
13,2042,20681435,67,227,-23
4,2044,20691465,-7659,-157,2841
13,2043,20691487,59,269,-22
4,2045,20701557,-7677,-167,2822
13,2044,20701579,98,274,-37
4,2046,20711578,-7668,-143,2819
13,2045,20711600,139,287,-49
4,2047,20721674,-7743,-100,2797
13,2046,20721696,181,282,-59
4,2048,20731769,-7715,-37,2833
13,2047,20731791,114,188,-36
4,2049,20741825,-7670,-160,2774
13,2048,20741847,38,146,-14
4,2050,20752062,-7625,-225,2745
13,2049,20752084,95,166,-33
4,2051,20761969,-7578,-50,2053
13,2050,20761991,207,360,-72
4,2052,20771992,-7853,-14,3174
13,2051,20772014,38,739,-17
4,2053,20782151,-7698,-266,3243
13,2052,20782173,3,316,-10
4,2054,20792265,-7616,-39,2398
13,2053,20792287,152,217,-50
4,2055,20802308,-7822,83,2667
13,2054,20802330,-15,439,16
4,2056,20812396,-7757,-236,2862
13,2055,20812418,-194,290,65
4,2057,20822429,-7725,-105,2619
13,2056,20822451,-101,205,23
4,2058,20832622,-7742,-223,2784
13,2057,20832644,-63,202,8
4,2059,20842514,-7705,-85,2701
13,2058,20842536,19,130,-8
4,2060,20852656,-7689,-149,2694
13,2059,20852678,-30,154,10
4,2061,20862714,-7746,-146,2669
13,2060,20862736,-14,192,4
4,2062,20872853,-7714,-181,2611
13,2061,20872875,13,189,-7
4,2063,20882874,-7656,-165,2379
13,2062,20882896,132,253,-42
4,2064,20892977,-7781,72,2600
13,2063,20892999,81,426,-25
4,2065,20902972,-7732,-408,2719
13,2064,20902994,-68,370,12
4,2066,20913266,-7767,94,2602
13,2065,20913288,192,351,-51
4,2067,20923206,-7773,-12,2611
13,2066,20923228,-94,319,28
4,2068,20933281,-7768,-262,2698
13,2067,20933303,-171,276,44
4,2069,20943317,-7760,-124,2535
13,2068,20943339,-49,223,8
4,2070,20953498,-7727,-95,2527
13,2069,20953520,-80,238,21
4,2071,20963510,-7745,-138,2558
13,2070,20963532,-113,308,31
4,2072,20973634,-7780,-76,2369
13,2071,20973656,-131,333,35
4,2073,20983661,-7734,-373,2211
13,2072,20983683,-156,435,34
4,2074,20993822,-7768,-110,2420
13,2073,20993844,104,603,-35
4,2075,21003739,-7883,108,2889
13,2074,21003761,8,589,8
4,2076,21013920,-7696,-246,2178
13,2075,21013942,-173,422,38
4,2077,21023885,-7871,-101,2525
13,2076,21023907,14,651,-14
4,2078,21034078,-7876,-167,2811
13,2077,21034100,-37,431,5
4,2079,21044173,-7833,-148,2311
13,2078,21044195,-9,254,1
4,2080,21054136,-7906,-125,2323
13,2079,21054158,4,232,-2
4,2081,21064276,-7776,-122,2379
13,2080,21064298,-10,150,7
4,2082,21074373,-7776,-126,2354
13,2081,21074395,-26,203,8
4,2083,21084371,-7812,-148,2357
13,2082,21084393,-32,238,6
4,2084,21094434,-7773,-137,2369
13,2083,21094456,-21,253,1
4,2085,21104518,-7818,-134,2340
13,2084,21104540,-11,304,-1
4,2086,21114637,-7837,-136,2316
13,2085,21114659,-6,306,-3
4,2087,21124636,-7824,-136,2294
13,2086,21124658,-1,320,-3
4,2088,21134781,-7834,-141,2285
13,2087,21134803,0,339,-5
4,2089,21144779,-7849,-130,2275
13,2088,21144801,1,352,-3
4,2090,21155036,-7869,-138,2237
13,2089,21155058,1,343,-2
4,2091,21165043,-7890,-124,2215
13,2090,21165065,1,296,-3
4,2092,21175053,-7850,-129,2232
13,2091,21175075,0,246,-1
4,2093,21185148,-7812,-135,2232
13,2092,21185170,1,271,-1
4,2094,21195193,-7826,-131,2218
13,2093,21195215,3,326,-2
4,2095,21205335,-7820,-135,2195
13,2094,21205357,3,391,-4
4,2096,21215295,-7862,-137,2177
13,2095,21215317,2,444,-6
4,2097,21225403,-7853,-131,2158
13,2096,21225424,3,466,-8
4,2098,21235598,-7870,-128,2120
13,2097,21235620,1,497,-6
4,2099,21245572,-7903,-133,2086
13,2098,21245594,0,508,-6
4,2100,21255616,-7921,-131,2073
13,2099,21255638,1,481,-6
4,2101,21265711,-7932,-124,2070
13,2100,21265733,1,462,-5
4,2102,21275850,-7970,-148,2028
13,2101,21275872,1,430,-4
4,2103,21285839,-7951,-122,2013
13,2102,21285861,0,372,0
4,2104,21295976,-7874,-124,2016
13,2103,21295998,-2,350,1
4,2105,21306093,-7932,-133,1984
13,2104,21306115,-10,370,2
4,2106,21316198,-7929,-6,1843
13,2105,21316220,-43,355,7
4,2107,21326087,-7916,-38,1874
13,2106,21326109,-249,391,53
4,2108,21336248,-7930,-267,2061
13,2107,21336270,-329,413,63
4,2109,21346246,-7899,-174,1986
13,2108,21346268,-150,360,25
4,2110,21356405,-7878,59,1689
13,2109,21356427,-177,417,29
4,2111,21366425,-7983,-336,2108
13,2110,21366447,-345,516,57
4,2112,21376475,-7941,-159,1954
13,2111,21376497,-95,430,13
4,2113,21386587,-7941,-104,1838
13,2112,21386609,-49,431,6
4,2114,21396796,-7972,-61,1759
13,2113,21396818,-89,433,17
4,2115,21406777,-7920,97,1567
13,2114,21406799,-289,461,55
4,2116,21416838,-7942,-408,1847
13,2115,21416860,-481,532,85
4,2117,21426910,-7857,-440,1461
13,2116,21426932,-146,628,9
4,2118,21436941,-8191,129,2446
13,2117,21436963,96,692,-15
4,2119,21447049,-7910,-57,1634
13,2118,21447071,-105,362,20
4,2120,21457111,-7928,3,1354
13,2119,21457133,-310,521,48
4,2121,21467140,-8063,-360,1978
13,2120,21467162,-386,557,58
4,2122,21477333,-7899,5,1404
13,2121,21477354,-158,438,24
4,2123,21487303,-7948,-301,1520
13,2122,21487325,-288,702,39
4,2124,21497361,-8167,-162,2079
13,2123,21497383,-134,604,16
4,2125,21507427,-8022,-135,1497
13,2124,21507449,-65,365,5
4,2126,21517552,-8114,-180,1524
13,2125,21517602,-88,333,10
4,2127,21527629,-8043,-168,1593
13,2126,21527651,-61,209,9
4,2128,21537733,-8035,-158,1552
13,2127,21537755,-23,172,4
4,2129,21547760,-8007,-165,1552
13,2128,21547782,-8,145,0
4,2130,21557900,-7973,-163,1542
13,2129,21557922,-2,146,-2
4,2131,21567857,-7987,-168,1529
13,2130,21567879,14,188,-5
4,2132,21578002,-8022,-245,1475
13,2131,21578024,62,197,-13
4,2133,21588029,-7870,-184,1082
13,2132,21588051,300,284,-48
4,2134,21598200,-8224,239,1760
13,2133,21598222,28,447,-4
4,2135,21608182,-8043,-461,1761
13,2134,21608204,-233,150,26
4,2136,21618292,-7980,-212,1351
13,2135,21618314,112,118,-23
4,2137,21628272,-7953,-189,1420
13,2136,21628293,231,219,-43
4,2138,21638549,-8083,20,1555
13,2137,21638571,237,291,-39
4,2139,21648424,-8064,-115,1479
13,2138,21648446,69,213,-12
4,2140,21658638,-8020,-245,1374
13,2139,21658660,46,168,-9
4,2141,21668672,-7984,-276,1339
13,2140,21668694,217,213,-34
4,2142,21678792,-8071,91,1541
13,2141,21678814,290,247,-40
4,2143,21688874,-8012,-120,1468
13,2142,21688896,22,177,0
4,2144,21698866,-8004,-189,1382
13,2143,21698888,-2,204,-5
4,2145,21708975,-7976,-238,1319
13,2144,21708996,61,255,-17
4,2146,21719130,-7991,-118,1359
13,2145,21719152,207,373,-38
4,2147,21729138,-8082,-64,1374
13,2146,21729160,185,411,-31
4,2148,21739155,-8120,-84,1411
13,2147,21739177,76,332,-17
4,2149,21749271,-8067,-160,1325
13,2148,21749293,-2,266,-6
4,2150,21759403,-8141,-152,1290
13,2149,21759425,2,216,-5
4,2151,21769498,-8074,-150,1308
13,2150,21769547,3,113,-3
4,2152,21779595,-8060,-146,1327
13,2151,21779617,0,87,-1
4,2153,21789635,-8076,-146,1309
13,2152,21789657,0,76,0
4,2154,21799808,-8044,-144,1310
13,2153,21799830,3,46,-1
4,2155,21809798,-8021,-154,1308
13,2154,21809820,1,61,0
4,2156,21819876,-8050,-150,1304
13,2155,21819898,0,103,0
4,2157,21829985,-8059,-143,1296
13,2156,21830007,0,115,-2
4,2158,21840031,-8027,-140,1303
13,2157,21840053,0,114,-1
4,2159,21850074,-8016,-145,1301
13,2158,21850096,0,154,-5
4,2160,21860142,-8077,-148,1269
13,2159,21860164,0,185,-5
4,2161,21870220,-8090,-133,1246
13,2160,21870242,0,156,-5
4,2162,21880305,-8087,-136,1253
13,2161,21880327,0,108,-3
4,2163,21890327,-8099,-139,1230
13,2162,21890349,2,59,0
4,2164,21900439,-8069,-147,1249
13,2163,21900461,2,14,0
4,2165,21910438,-8091,-154,1245
13,2164,21910460,0,-1,0
4,2166,21920637,-8035,-146,1262
13,2165,21920659,0,-16,-3
4,2167,21930598,-8050,-155,1274
13,2166,21930620,0,13,-2
4,2168,21940733,-8026,-147,1259
13,2167,21940755,0,24,0
4,2169,21950761,-7993,-142,1262
13,2168,21950783,-2,75,-1
4,2170,21960934,-8019,-145,1253
13,2169,21960955,-1,155,-4
4,2171,21970884,-8018,-148,1255
13,2170,21970906,0,202,-6
4,2172,21981047,-8059,-155,1228
13,2171,21981069,2,250,-7
4,2173,21991148,-8071,-151,1223
13,2172,21991170,-1,244,-5
4,2174,22001177,-8070,-153,1221
13,2173,22001199,0,232,-5
4,2175,22011176,-8103,-157,1196
13,2174,22011198,0,217,-4
4,2176,22021283,-8074,-156,1181
13,2175,22021305,0,184,-3
4,2177,22031399,-8152,-153,1161
13,2176,22031421,0,137,-3
4,2178,22041588,-8111,-157,1169
13,2177,22041610,-1,38,1
4,2179,22051541,-7968,-146,1196
13,2178,22051563,-1,22,1
4,2180,22061639,-8006,-141,1195
13,2179,22061661,0,143,-2
4,2181,22071672,-8033,-152,1174
13,2180,22071694,1,221,-5
4,2182,22081783,-8043,-146,1157
13,2181,22081805,0,273,-7
4,2183,22091862,-8093,-130,1126
13,2182,22091884,-1,284,-8
4,2184,22101910,-8077,-156,1130
13,2183,22101932,0,267,-8
4,2185,22111971,-8048,-154,1118
13,2184,22111993,0,271,-4
4,2186,22122123,-8062,-154,1108
13,2185,22122145,0,314,-6
4,2187,22132057,-8062,-153,1087
13,2186,22132079,0,336,-7
4,2188,22142219,-8030,-151,1081
13,2187,22142268,0,367,-8
4,2189,22152291,-8192,-164,1038
13,2188,22152313,1,400,-8
4,2190,22162366,-8105,-147,1020
13,2189,22162388,0,311,0
4,2191,22172413,-8155,-162,1020
13,2190,22172435,0,236,-2
4,2192,22182566,-8019,-146,1039
13,2191,22182588,1,217,0
4,2193,22192553,-8073,-161,1022
13,2192,22192575,0,272,-4
4,2194,22202718,-8094,-151,996
13,2193,22202740,0,294,-5
4,2195,22212720,-8071,-145,987
13,2194,22212742,1,294,-5
4,2196,22222754,-8105,-146,971
13,2195,22222775,1,305,-6
4,2197,22232805,-8147,-142,951
13,2196,22232827,1,289,-5
4,2198,22242903,-8152,-148,943
13,2197,22242925,2,224,-3
4,2199,22252896,-8108,-144,928
13,2198,22252918,0,166,0
4,2200,22263023,-8127,-148,915
13,2199,22263045,0,115,1
4,2201,22273106,-8102,-163,935
13,2200,22273155,1,90,0
4,2202,22283292,-8106,-155,915
13,2201,22283314,0,90,1
4,2203,22293255,-8085,-161,918
13,2202,22293277,0,77,0
4,2204,22303341,-8098,-164,913
13,2203,22303363,2,91,0
4,2205,22313415,-8119,-145,913
13,2204,22313437,2,102,0
4,2206,22323551,-8096,-146,909
13,2205,22323573,0,93,-1
4,2207,22333477,-8114,-155,897
13,2206,22333498,-1,80,-4
4,2208,22343615,-8105,-161,906
13,2207,22343637,-1,68,-2
4,2209,22353680,-8090,-152,893
13,2208,22353702,-1,74,0
4,2210,22363875,-8077,-166,893
13,2209,22363897,0,93,-2
4,2211,22373817,-8044,-153,911
13,2210,22373839,0,127,-3
4,2212,22383834,-8067,-153,886
13,2211,22383856,0,210,-2
4,2213,22394032,-8144,-164,861
13,2212,22394081,0,242,-3
4,2214,22404108,-8119,-161,864
13,2213,22404130,3,208,-3
4,2215,22414168,-8123,-162,852
13,2214,22414190,3,190,-1
4,2216,22424305,-8049,-152,854
13,2215,22424327,3,188,0
4,2217,22434365,-8213,-149,812
13,2216,22434387,1,177,-1
4,2218,22444416,-8087,-159,855
13,2217,22444438,3,65,3
4,2219,22454437,-8134,-146,847
13,2218,22454459,2,93,-1
4,2220,22464595,-8144,-165,825
13,2219,22464617,0,65,0
4,2221,22474588,-8110,-153,837
13,2220,22474610,-1,23,-1
4,2222,22484708,-8080,-157,820
13,2221,22484730,0,52,-3
4,2223,22494812,-8151,-150,797
13,2222,22494834,0,48,0
4,2224,22504828,-8133,-160,828
13,2223,22504850,0,-7,0
4,2225,22514897,-8129,-157,815
13,2224,22514919,0,-28,2
4,2226,22525098,-8236,-152,787
13,2225,22525120,0,-116,4
4,2227,22535095,-8146,-158,825
13,2226,22535117,-2,-242,4
4,2228,22545154,-8128,-141,850
13,2227,22545176,-1,-288,3
4,2229,22555303,-8021,-148,867
13,2228,22555325,-1,-273,0
4,2230,22565280,-8062,-162,892
13,2229,22565302,2,-173,0
4,2231,22575334,-8099,-166,877
13,2230,22575356,1,-107,1
4,2232,22585417,-8092,-154,872
13,2231,22585439,-1,-98,0
4,2233,22595544,-8084,-150,875
13,2232,22595566,0,-88,1
4,2234,22605668,-8107,-162,878
13,2233,22605689,0,-69,-1
4,2235,22615686,-8127,-158,888
13,2234,22615708,1,-73,0
4,2236,22625709,-8145,-142,882
13,2235,22625731,0,-108,0
4,2237,22635829,-8146,-161,873
13,2236,22635851,0,-171,5
4,2238,22645900,-8100,-165,913
13,2237,22645922,-1,-220,6
4,2239,22655957,-8052,-167,939
13,2238,22655979,1,-212,6
4,2240,22666009,-8060,-160,944
13,2239,22666031,1,-139,3
4,2241,22676068,-8128,-157,938
13,2240,22676090,0,-105,0
4,2242,22686199,-8149,-144,942
13,2241,22686221,0,-149,0
4,2243,22696208,-8173,-154,924
13,2242,22696230,0,-212,0
4,2244,22706246,-8135,-153,938
13,2243,22706268,0,-316,5
4,2245,22716315,-8069,-157,981
13,2244,22716337,0,-369,4
4,2246,22726432,-8096,-163,984
13,2245,22726454,0,-360,5
4,2247,22736454,-8045,-154,1014
13,2246,22736476,0,-353,5
4,2248,22746506,-8062,-154,1025
13,2247,22746528,-2,-309,4
4,2249,22756650,-8098,-148,1021
13,2248,22756672,0,-286,2
4,2250,22766737,-8045,-144,1044
13,2249,22766786,1,-275,2
4,2251,22776742,-8070,-149,1066
13,2250,22776791,0,-248,3
4,2252,22786864,-8020,-151,1076
13,2251,22786886,2,-217,2
4,2253,22796877,-8016,-151,1095
13,2252,22796899,0,-136,2
4,2254,22807061,-8071,-161,1074
13,2253,22807083,0,-56,1
4,2255,22817084,-8074,-142,1071
13,2254,22817106,1,-47,0
4,2256,22827118,-8093,-155,1078
13,2255,22827139,-1,-44,-1
4,2257,22837220,-8111,-156,1074
13,2256,22837242,0,-63,-1
4,2258,22847324,-8093,-152,1073
13,2257,22847346,0,-95,1
4,2259,22857358,-8107,-143,1087
13,2258,22857380,0,-124,3
4,2260,22867355,-8083,-153,1103
13,2259,22867377,1,-151,2
4,2261,22877545,-8052,-152,1106
13,2260,22877567,-1,-148,3
4,2262,22887646,-8055,-155,1119
13,2261,22887695,-1,-111,1
4,2263,22897612,-8117,-152,1114
13,2262,22897634,0,-110,0
4,2264,22907774,-8066,-141,1129
13,2263,22907796,0,-150,4
4,2265,22917813,-8059,-150,1132
13,2264,22917835,0,-133,5
4,2266,22927921,-8081,-155,1135
13,2265,22927943,1,-135,4
4,2267,22937945,-8075,-177,1128
13,2266,22937967,9,-137,0
4,2268,22947971,-8001,-480,993
13,2267,22947993,130,-94,-13
4,2269,22958080,-8175,101,1241
13,2268,22958102,469,-15,-45
4,2270,22968172,-8165,9,1206
13,2269,22968194,136,-172,-10
4,2271,22978188,-8071,-182,1137
13,2270,22978210,-37,-256,6
4,2272,22988271,-8034,-150,1155
13,2271,22988293,4,-247,3
4,2273,22998338,-8079,-143,1175
13,2272,22998360,6,-223,1
4,2274,23008478,-8082,-157,1184
13,2273,23008500,1,-228,2
4,2275,23018479,-8096,-163,1197
13,2274,23018501,4,-261,1
4,2276,23028579,-8079,-171,1192
13,2275,23028601,7,-308,2
4,2277,23038586,-8066,-253,1175
13,2276,23038608,79,-332,-5
4,2278,23048822,-8040,-360,1119
13,2277,23048844,263,-343,-31
4,2279,23058733,-8199,143,1366
13,2278,23058755,490,-344,-45
4,2280,23068935,-8032,-49,1338
13,2279,23068957,107,-517,-5
4,2281,23078861,-7898,-183,1324
13,2280,23078883,-30,-437,7
4,2282,23089102,-8063,-154,1313
13,2281,23089124,0,-288,3
4,2283,23099034,-8046,-138,1334
13,2282,23099056,0,-307,4
4,2284,23109148,-8017,-157,1356
13,2283,23109170,0,-276,3
4,2285,23119240,-8050,-148,1354
13,2284,23119262,2,-245,1
4,2286,23129325,-8035,-146,1346
13,2285,23129347,0,-244,3
4,2287,23139387,-8050,-138,1366
13,2286,23139409,0,-239,4
4,2288,23149426,-8040,-144,1377
13,2287,23149476,0,-251,6
4,2289,23159549,-7965,-135,1418
13,2288,23159571,-2,-232,6
4,2290,23169761,-7993,-150,1407
13,2289,23169783,-2,-144,4
4,2291,23179712,-8046,-145,1397
13,2290,23179734,0,-87,0
4,2292,23189792,-8074,-133,1384
13,2291,23189814,0,-107,1
4,2293,23199773,-8043,-123,1411
13,2292,23199795,-2,-158,3
4,2294,23209920,-7996,-139,1419
13,2293,23209942,-1,-145,2
4,2295,23219913,-8024,-136,1426
13,2294,23219935,0,-100,0
4,2296,23230002,-8027,-141,1432
13,2295,23230024,-1,-89,-1
4,2297,23240002,-8045,-144,1424
13,2296,23240024,-1,-93,1
4,2298,23250239,-8023,-144,1439
13,2297,23250261,-2,-102,1
4,2299,23260241,-8033,-149,1441
13,2298,23260263,0,-97,4
4,2300,23270385,-8051,-141,1441
13,2299,23270407,-1,-101,1
4,2301,23280323,-8060,-134,1444
13,2300,23280345,-3,-128,2
4,2302,23290516,-8032,-144,1458
13,2301,23290538,-2,-157,2
4,2303,23300550,-8026,-145,1466
13,2302,23300572,-1,-157,2
4,2304,23310639,-8048,-139,1477
13,2303,23310661,-2,-162,1
4,2305,23320726,-8024,-139,1481
13,2304,23320748,0,-182,0
4,2306,23330848,-8048,-147,1499
13,2305,23330870,-1,-197,2
4,2307,23340747,-8055,-148,1493
13,2306,23340769,-2,-229,5
4,2308,23350900,-8030,-140,1509
13,2307,23350922,-1,-258,4
4,2309,23360941,-8003,-139,1528
13,2308,23360963,-5,-260,1
4,2310,23371069,-8031,-145,1536
13,2309,23371091,-2,-255,4
4,2311,23381099,-8005,-145,1543
13,2310,23381121,-1,-262,4
4,2312,23391197,-7994,-140,1557
13,2311,23391219,-1,-252,3
4,2313,23401244,-8003,-133,1575
13,2312,23401294,0,-235,1
4,2314,23411377,-8002,-130,1568
13,2313,23411399,-2,-224,3
4,2315,23421429,-8011,-134,1585
13,2314,23421451,0,-224,3
4,2316,23431480,-8003,-135,1591
13,2315,23431502,0,-231,0
4,2317,23441585,-7981,-151,1612
13,2316,23441606,0,-217,1
4,2318,23451650,-7988,-137,1630
13,2317,23451672,0,-182,0
4,2319,23461684,-8065,-142,1600
13,2318,23461706,-1,-187,1
4,2320,23471729,-8047,-148,1612
13,2319,23471751,0,-266,4
4,2321,23481859,-7999,-141,1645
13,2320,23481881,-2,-319,2
4,2322,23492036,-7997,-132,1648
13,2321,23492058,0,-328,4
4,2323,23502005,-8002,-138,1669
13,2322,23502027,0,-335,4
4,2324,23512038,-7956,-145,1701
13,2323,23512060,-2,-341,2
4,2325,23522208,-8030,-136,1689
13,2324,23522257,-2,-329,4
4,2326,23532332,-8019,-136,1698
13,2325,23532354,-1,-387,6
4,2327,23542429,-7947,-144,1745
13,2326,23542451,0,-431,7
4,2328,23552453,-7900,-164,1779
13,2327,23552475,0,-381,3
4,2329,23562525,-7935,-126,1786
13,2328,23562547,0,-295,5
4,2330,23572606,-7981,-145,1775
13,2329,23572628,-1,-255,0
4,2331,23582691,-7973,-144,1789
13,2330,23582713,-2,-266,0
4,2332,23592670,-7948,-145,1806
13,2331,23592691,-4,-281,2
4,2333,23602786,-7897,-146,1828
13,2332,23602808,0,-255,2
4,2334,23612956,-7924,-138,1832
13,2333,23612978,0,-191,1
4,2335,23622885,-7954,-137,1820
13,2334,23622907,-4,-156,2
4,2336,23633070,-7931,-129,1829
13,2335,23633091,-3,-156,1
4,2337,23643092,-7950,-146,1837
13,2336,23643114,-3,-134,0
4,2338,23653288,-8003,-145,1834
13,2337,23653310,-1,-143,0
4,2339,23663266,-7976,-143,1839
13,2338,23663288,-3,-214,-1
4,2340,23673326,-7907,-140,1877
13,2339,23673348,-1,-213,0
4,2341,23683420,-7992,-138,1873
13,2340,23683442,0,-174,2
4,2342,23693476,-7946,-131,1874
13,2341,23693498,0,-223,1
4,2343,23703553,-7938,-135,1886
13,2342,23703575,-2,-223,2
4,2344,23713586,-7922,-132,1905
13,2343,23713608,0,-212,5
4,2345,23723693,-7903,-134,1910
13,2344,23723715,-1,-175,0
4,2346,23733904,-7937,-142,1913
13,2345,23733926,-1,-158,0
4,2347,23743775,-7945,-129,1927
13,2346,23743797,-1,-171,2
4,2348,23753933,-7940,-142,1937
13,2347,23753955,-1,-185,2
4,2349,23763945,-7949,-133,1940
13,2348,23763967,-1,-200,1
4,2350,23774189,-7978,-132,1936
13,2349,23774211,-2,-239,3
4,2351,23784108,-7937,-134,1953
13,2350,23784130,-1,-290,4
4,2352,23794254,-7924,-134,1972
13,2351,23794276,-3,-306,3
4,2353,23804327,-7911,-129,2000
13,2352,23804349,-1,-311,3
4,2354,23814483,-7912,-131,1997
13,2353,23814505,0,-290,4
4,2355,23824450,-7930,-130,1998
13,2354,23824472,-2,-292,4
4,2356,23834522,-7910,-140,2020
13,2355,23834544,-2,-303,3
4,2357,23844617,-7942,-127,2028
13,2356,23844639,-2,-311,1
4,2358,23854635,-7951,-135,2040
13,2357,23854657,-3,-361,3
4,2359,23864745,-7936,-138,2054
13,2358,23864767,-2,-409,3
4,2360,23874880,-7882,-134,2095
13,2359,23874902,-2,-448,4
4,2361,23884915,-7868,-129,2109
13,2360,23884937,-1,-423,4
4,2362,23895005,-7902,-144,2120
13,2361,23895054,-1,-394,3
4,2363,23905062,-7863,-142,2128
13,2362,23905084,0,-391,4
4,2364,23915123,-7869,-133,2153
13,2363,23915145,0,-375,4
4,2365,23925212,-7843,-127,2190
13,2364,23925234,-3,-363,4
4,2366,23935346,-7824,-129,2190
13,2365,23935368,-1,-316,1
4,2367,23945300,-7885,-131,2192
13,2366,23945322,0,-290,0
4,2368,23955421,-7881,-139,2190
13,2367,23955443,0,-310,1
4,2369,23965487,-7854,-134,2224
13,2368,23965509,0,-323,1
4,2370,23975679,-7865,-132,2240
13,2369,23975701,-3,-323,3
4,2371,23985644,-7869,-134,2246
13,2370,23985666,-1,-343,5
4,2372,23995726,-7864,-132,2266
13,2371,23995748,-2,-373,4
4,2373,24005759,-7867,-145,2296
13,2372,24005781,0,-387,2
4,2374,24015953,-7855,-130,2305
13,2373,24016002,0,-407,-2
4,2375,24025995,-7825,-116,2318
13,2374,24026017,0,-418,3
4,2376,24036085,-7833,-131,2340
13,2375,24036107,-1,-416,4
4,2377,24046150,-7828,-129,2340
13,2376,24046172,2,-419,1
4,2378,24056304,-7827,-140,2369
13,2377,24056326,6,-422,0
4,2379,24066280,-7836,-135,2387
13,2378,24066302,16,-429,-1
4,2380,24076323,-7860,-134,2399
13,2379,24076345,15,-455,-1
4,2381,24086398,-7868,-125,2422
13,2380,24086419,8,-518,1
4,2382,24096534,-7808,-129,2433
13,2381,24096556,4,-599,5
4,2383,24106599,-7700,-138,2484
13,2382,24106621,4,-600,3
4,2384,24116614,-7770,-147,2514
13,2383,24116636,9,-502,0
4,2385,24126720,-7744,-216,2490
13,2384,24126742,52,-453,-13
4,2386,24136820,-7728,-193,2526
13,2385,24136842,199,-400,-59
4,2387,24146974,-7826,-5,2584
13,2386,24146996,226,-387,-62
4,2388,24156990,-7787,-129,2554
13,2387,24157012,72,-475,-20
4,2389,24167133,-7755,-140,2588
13,2388,24167155,73,-513,-20
4,2390,24177158,-7774,-120,2617
13,2389,24177180,109,-523,-29
4,2391,24187197,-7636,-192,2650
13,2390,24187219,180,-536,-50
4,2392,24197250,-7648,-94,2658
13,2391,24197272,280,-414,-81
4,2393,24207327,-7741,-64,2668
13,2392,24207348,183,-341,-54
4,2394,24217469,-7666,-141,2686
13,2393,24217491,90,-341,-27
4,2395,24227542,-7694,-161,2677
13,2394,24227564,107,-280,-30
4,2396,24237563,-7804,-95,2688
13,2395,24237585,164,-263,-44
4,2397,24247627,-7724,-96,2714
13,2396,24247649,120,-367,-31
4,2398,24257826,-7695,-132,2742
13,2397,24257848,67,-380,-17
4,2399,24267794,-7701,-127,2757
13,2398,24267816,45,-353,-11
4,2400,24277882,-7657,-127,2774
13,2399,24277904,24,-354,-3
4,2401,24287967,-7644,-133,2780
13,2400,24287989,5,-316,3
4,2402,24298140,-7709,-126,2780
13,2401,24298162,0,-281,1
4,2403,24308068,-7670,-127,2800
13,2402,24308090,0,-297,4
4,2404,24318195,-7682,-128,2828
13,2403,24318217,0,-281,5
4,2405,24328271,-7722,-139,2818
13,2404,24328293,0,-292,3
4,2406,24338409,-7647,-131,2828
13,2405,24338431,-2,-334,6
4,2407,24348401,-7679,-111,2840
13,2406,24348423,-2,-333,3
4,2408,24358529,-7679,-128,2862
13,2407,24358551,-2,-349,4
4,2409,24368572,-7612,-127,2888
13,2408,24368594,-2,-373,4
4,2410,24378752,-7603,-113,2898
13,2409,24378774,-2,-331,3
4,2411,24388792,-7652,-130,2906
13,2410,24388814,-1,-292,0
4,2412,24398909,-7683,-137,2914
13,2411,24398931,-2,-330,3
4,2413,24408948,-7606,-118,2941
13,2412,24408970,-2,-379,6
4,2414,24419052,-7639,-123,2952
13,2413,24419074,-2,-355,3
4,2415,24429114,-7621,-126,2974
13,2414,24429136,0,-353,4
4,2416,24439157,-7597,-136,2988
13,2415,24439179,-1,-358,4
4,2417,24449190,-7629,-121,2995
13,2416,24449212,-4,-350,3
4,2418,24459394,-7580,-118,3006
13,2417,24459416,-5,-359,4
4,2419,24469375,-7585,-135,3039
13,2418,24469397,-1,-348,2
4,2420,24479408,-7629,-114,3050
13,2419,24479430,0,-330,2
4,2421,24489524,-7584,-116,3054
13,2420,24489546,0,-356,5
4,2422,24499607,-7583,-124,3066
13,2421,24499629,-1,-361,1
4,2423,24509697,-7571,-119,3089
13,2422,24509719,-1,-352,2
4,2424,24519777,-7567,-130,3092
13,2423,24519799,-2,-348,2
4,2425,24529858,-7565,-126,3114
13,2424,24529880,0,-345,3
4,2426,24539984,-7587,-117,3108
13,2425,24540006,-2,-349,3
4,2427,24550052,-7582,-123,3124
13,2426,24550074,-2,-393,4
4,2428,24560127,-7557,-131,3156
13,2427,24560149,0,-426,3
4,2429,24570138,-7570,-119,3172
13,2428,24570160,0,-447,6
4,2430,24580176,-7581,-125,3177
13,2429,24580198,-3,-505,-1
4,2431,24590296,-7503,-117,3205
13,2430,24590317,-2,-545,2
4,2432,24600347,-7448,-115,3253
13,2431,24600369,-1,-536,0
4,2433,24610457,-7424,-127,3280
13,2432,24610479,-1,-454,1
4,2434,24620638,-7441,-128,3280
13,2433,24620660,0,-338,4
4,2435,24630581,-7491,-132,3291
13,2434,24630603,0,-284,3
4,2436,24640689,-7504,-133,3294
13,2435,24640711,1,-286,3
4,2437,24650736,-7491,-125,3299
13,2436,24650758,0,-301,1
4,2438,24660943,-7486,-116,3302
13,2437,24660965,0,-309,1
4,2439,24670946,-7520,-135,3318
13,2438,24670968,-2,-340,2
4,2440,24681025,-7459,-122,3340
13,2439,24681047,-2,-373,2
4,2441,24691085,-7506,-115,3358
13,2440,24691107,-3,-388,3
4,2442,24701145,-7436,-113,3392
13,2441,24701167,-3,-432,3
4,2443,24711262,-7399,-111,3410
13,2442,24711283,-3,-393,2
4,2444,24721262,-7409,-120,3418
13,2443,24721284,0,-335,3
4,2445,24731358,-7439,-116,3417
13,2444,24731380,0,-309,5
4,2446,24741442,-7419,-112,3440
13,2445,24741464,0,-317,7
4,2447,24751544,-7387,-116,3453
13,2446,24751566,1,-307,5
4,2448,24761548,-7421,-129,3455
13,2447,24761570,0,-281,1
4,2449,24771644,-7413,-117,3463
13,2448,24771666,0,-287,5
4,2450,24781901,-7428,-112,3473
13,2449,24781923,1,-295,3
4,2451,24791813,-7404,-117,3508
13,2450,24791835,-1,-317,3
4,2452,24801900,-7366,-119,3525
13,2451,24801922,1,-292,2
4,2453,24811973,-7386,-118,3511
13,2452,24811995,1,-261,0
4,2454,24821989,-7375,-116,3532
13,2453,24822011,1,-256,-2
4,2455,24832075,-7413,-115,3531
13,2454,24832097,0,-252,3
4,2456,24842191,-7386,-114,3543
13,2455,24842213,-1,-293,2
4,2457,24852247,-7364,-123,3553
13,2456,24852269,2,-306,2
4,2458,24862421,-7365,-125,3573
13,2457,24862443,1,-310,4
4,2459,24872387,-7351,-133,3587
13,2458,24872408,0,-316,5
4,2460,24882456,-7320,-122,3609
13,2459,24882478,0,-284,5
4,2461,24892612,-7371,-112,3592
13,2460,24892634,0,-253,5
4,2462,24902601,-7313,-114,3633
13,2461,24902650,-1,-281,6
4,2463,24912723,-7337,-114,3633
13,2462,24912745,-3,-251,2
4,2464,24922809,-7325,-117,3621
13,2463,24922831,1,-242,3
4,2465,24932880,-7311,-127,3654
13,2464,24932902,1,-240,3
4,2466,24943018,-7321,-119,3650
13,2465,24943040,0,-220,1
4,2467,24952925,-7299,-116,3661
13,2466,24952947,0,-209,3
4,2468,24963148,-7284,-115,3682
13,2467,24963170,-1,-176,3
4,2469,24973162,-7301,-99,3672
13,2468,24973184,0,-138,2
4,2470,24983268,-7299,-103,3676
13,2469,24983290,-2,-129,0
4,2471,24993354,-7301,-117,3688
13,2470,24993376,0,-125,0
4,2472,25003435,-7317,-119,3701
13,2471,25003457,0,-132,0
4,2473,25013402,-7336,-118,3696
13,2472,25013424,-1,-145,3
4,2474,25023656,-7336,-119,3690
13,2473,25023678,-2,-183,5
4,2475,25033683,-7322,-109,3705
13,2474,25033705,0,-212,3
4,2476,25043684,-7317,-118,3716
13,2475,25043706,1,-224,4
4,2477,25053755,-7319,-124,3723
13,2476,25053777,0,-264,6
4,2478,25063888,-7286,-126,3746
13,2477,25063910,0,-314,7
4,2479,25073881,-7278,-123,3764
13,2478,25073903,-1,-319,5
4,2480,25083966,-7287,-120,3764
13,2479,25083988,-2,-321,7
4,2481,25094028,-7254,-117,3781
13,2480,25094050,-1,-333,8
4,2482,25104208,-7275,-125,3790
13,2481,25104230,-1,-338,8
4,2483,25114176,-7275,-108,3800
13,2482,25114198,0,-355,7
4,2484,25124288,-7235,-107,3816
13,2483,25124309,0,-364,6
4,2485,25134255,-7207,-118,3834
13,2484,25134277,-2,-362,7
4,2486,25144409,-7193,-110,3861
13,2485,25144431,-1,-309,7
4,2487,25154480,-7235,-110,3856
13,2486,25154502,0,-284,7
4,2488,25164638,-7178,-122,3866
13,2487,25164660,0,-295,6
4,2489,25174630,-7188,-115,3883
13,2488,25174652,0,-264,3
4,2490,25184848,-7208,-106,3891
13,2489,25184870,0,-251,0
4,2491,25194792,-7236,-113,3885
13,2490,25194814,0,-272,1
4,2492,25204921,-7203,-104,3909
13,2491,25204943,1,-313,2
4,2493,25214921,-7167,-105,3921
13,2492,25214943,0,-312,5
4,2494,25225020,-7193,-112,3932
13,2493,25225042,0,-317,7
4,2495,25235054,-7145,-115,3940
13,2494,25235076,2,-323,4
4,2496,25245135,-7176,-112,3963
13,2495,25245157,-1,-286,4
4,2497,25255213,-7196,-110,3960
13,2496,25255235,-2,-288,3
4,2498,25265374,-7140,-114,4003
13,2497,25265424,0,-318,5
4,2499,25275416,-7155,-110,4001
13,2498,25275438,1,-306,7
4,2500,25285457,-7129,-105,4018
13,2499,25285479,-1,-303,5
4,2501,25295560,-7159,-118,4014
13,2500,25295582,1,-293,1
4,2502,25305655,-7164,-102,4017
13,2501,25305677,2,-314,5
4,2503,25315624,-7193,-113,4011
13,2502,25315646,-1,-356,8
4,2504,25325827,-7085,-118,4058
13,2503,25325849,0,-421,6
4,2505,25335747,-7112,-122,4074
13,2504,25335769,3,-395,8
4,2506,25345989,-7097,-118,4085
13,2505,25346011,4,-400,9
4,2507,25355980,-7072,-111,4096
13,2506,25356002,1,-401,9
4,2508,25366009,-7074,-114,4120
13,2507,25366031,-1,-399,7
4,2509,25376177,-7068,-112,4129
13,2508,25376199,-2,-391,7
4,2510,25386234,-7098,-106,4139
13,2509,25386256,-2,-393,9
4,2511,25396255,-7096,-99,4160
13,2510,25396277,-1,-446,7
4,2512,25406356,-7047,-108,4173
13,2511,25406378,-1,-486,9
4,2513,25416385,-7059,-113,4191
13,2512,25416407,0,-511,13
4,2514,25426617,-6994,-120,4230
13,2513,25426639,3,-525,11
4,2515,25436544,-7069,-103,4230
13,2514,25436566,1,-516,9
4,2516,25446686,-7022,-101,4258
13,2515,25446708,0,-585,10
4,2517,25456773,-6967,-102,4299
13,2516,25456794,0,-612,10
4,2518,25466826,-6939,-101,4318
13,2517,25466848,-1,-591,11
4,2519,25476870,-6950,-102,4328
13,2518,25476891,-2,-556,9
4,2520,25486973,-6939,-101,4342
13,2519,25486995,0,-549,9
4,2521,25496949,-6938,-103,4366
13,2520,25496971,0,-553,12
4,2522,25507192,-6951,-108,4378
13,2521,25507214,-2,-576,11
4,2523,25517153,-6901,-101,4409
13,2522,25517175,0,-613,12
4,2524,25527283,-6866,-107,4445
13,2523,25527305,0,-600,11
4,2525,25537346,-6896,-108,4454
13,2524,25537368,-1,-578,12
4,2526,25547461,-6856,-99,4490
13,2525,25547483,-3,-606,12
4,2527,25557492,-6826,-106,4510
13,2526,25557514,-1,-592,12
4,2528,25567567,-6825,-99,4520
13,2527,25567589,-3,-575,10
4,2529,25577613,-6791,-91,4545
13,2528,25577635,0,-563,9
4,2530,25587794,-6801,-103,4562
13,2529,25587816,0,-536,8
4,2531,25597759,-6851,-96,4572
13,2530,25597781,-4,-550,8
4,2532,25607776,-6822,-85,4585
13,2531,25607798,-2,-603,9
4,2533,25617979,-6751,-96,4618
13,2532,25618001,-3,-658,9
4,2534,25627962,-6699,-99,4678
13,2533,25627984,-2,-633,8
4,2535,25638122,-6738,-97,4678
13,2534,25638143,-1,-573,9
4,2536,25648095,-6676,-84,4703
13,2535,25648117,0,-568,7
4,2537,25658240,-6728,-99,4704
13,2536,25658262,0,-536,5
4,2538,25668346,-6677,-105,4724
13,2537,25668368,0,-561,6
4,2539,25678388,-6669,-94,4761
13,2538,25678410,-1,-552,3
4,2540,25688446,-6702,-91,4770
13,2539,25688468,-2,-544,6
4,2541,25698483,-6694,-97,4785
13,2540,25698505,-2,-587,7
4,2542,25708608,-6585,-101,4825
13,2541,25708630,-4,-636,9
4,2543,25718660,-6537,-98,4857
13,2542,25718682,-2,-565,6
4,2544,25728721,-6558,-106,4863
13,2543,25728743,-3,-470,4
4,2545,25738854,-6572,-92,4869
13,2544,25738876,-3,-414,5
4,2546,25749015,-6602,-96,4876
13,2545,25749036,-3,-401,5
4,2547,25758974,-6610,-109,4888
13,2546,25758996,-4,-441,4
4,2548,25769025,-6565,-88,4921
13,2547,25769047,-4,-480,5
4,2549,25779113,-6526,-95,4941
13,2548,25779135,-2,-483,8
4,2550,25789205,-6543,-98,4955
13,2549,25789227,0,-464,5
4,2551,25799245,-6543,-93,4954
13,2550,25799267,-4,-473,4
4,2552,25809277,-6543,-94,4967
13,2551,25809299,-4,-499,8
4,2553,25819364,-6463,-95,5010
13,2552,25819386,0,-525,12
4,2554,25829532,-6521,-95,5012
13,2553,25829554,0,-513,8
4,2555,25839554,-6469,-85,5035
13,2554,25839576,-2,-544,4
4,2556,25849514,-6490,-86,5053
13,2555,25849535,-3,-559,4
4,2557,25859660,-6465,-95,5080
13,2556,25859682,-1,-597,0
4,2558,25869755,-6436,-89,5109
13,2557,25869777,0,-630,1
4,2559,25879796,-6378,-93,5117
13,2558,25879818,0,-638,0
4,2560,25889900,-6362,-105,5138
13,2559,25889922,0,-618,0
4,2561,25899938,-6366,-83,5168
13,2560,25899960,0,-588,2
4,2562,25910079,-6336,-100,5187
13,2561,25910101,-2,-569,4
4,2563,25920116,-6347,-94,5187
13,2562,25920138,1,-545,0
4,2564,25930180,-6379,-94,5199
13,2563,25930202,-1,-571,7
4,2565,25940244,-6289,-91,5235
13,2564,25940266,0,-623,10
4,2566,25950343,-6291,-105,5249
13,2565,25950365,-1,-622,5
4,2567,25960367,-6292,-97,5279
13,2566,25960389,0,-637,8
4,2568,25970504,-6275,-79,5290
13,2567,25970526,1,-655,7
4,2569,25980479,-6217,-93,5317
13,2568,25980501,1,-677,0
4,2570,25990683,-6174,-91,5375
13,2569,25990704,1,-647,0
4,2571,26000686,-6181,-84,5381
13,2570,26000708,0,-584,2
4,2572,26010772,-6152,-95,5399
13,2571,26010794,-1,-551,2
4,2573,26020824,-6150,-91,5413
13,2572,26020846,3,-527,1
4,2574,26030969,-6182,-90,5412
13,2573,26030991,2,-531,3
4,2575,26040952,-6106,-91,5429
13,2574,26040974,0,-558,8
4,2576,26051079,-6151,-86,5459
13,2575,26051101,4,-551,0
4,2577,26061143,-6155,-89,5474
13,2576,26061165,7,-598,-5
4,2578,26071305,-6042,-94,5515
13,2577,26071327,9,-646,-8
4,2579,26081212,-6026,-84,5526
13,2578,26081234,23,-608,-19
4,2580,26091395,-5996,-97,5552
13,2579,26091417,7,-545,-5
4,2581,26101408,-6064,-88,5566
13,2580,26101430,-2,-478,7
4,2582,26111586,-6059,-94,5563
13,2581,26111608,-6,-501,11
4,2583,26121549,-6050,-86,5566
13,2582,26121571,-3,-558,4
4,2584,26131632,-6040,-95,5597
13,2583,26131654,-2,-615,1
4,2585,26141644,-5945,-97,5636
13,2584,26141666,-1,-653,2
4,2586,26151937,-5916,-93,5668
13,2585,26151959,4,-627,0
4,2587,26161837,-5883,-89,5690
13,2586,26161859,7,-570,-6
4,2588,26171931,-5880,-91,5698
13,2587,26171953,13,-510,-13
4,2589,26182077,-5885,-87,5693
13,2588,26182099,8,-470,-5
4,2590,26192080,-5905,-89,5702
13,2589,26192102,5,-454,-2
4,2591,26202194,-5889,-76,5723
13,2590,26202216,3,-465,-5
4,2592,26212224,-5859,-75,5743
13,2591,26212246,8,-482,-8
4,2593,26222290,-5852,-67,5761
13,2592,26222312,9,-507,-10
4,2594,26232492,-5817,-63,5785
13,2593,26232514,0,-523,0
4,2595,26242436,-5822,-42,5802
13,2594,26242458,-12,-521,22
4,2596,26252522,-5773,-102,5818
13,2595,26252544,-38,-560,47
4,2597,26262543,-5792,-135,5821
13,2596,26262565,-24,-546,28
4,2598,26272693,-5790,-82,5846
13,2597,26272743,-5,-562,5
4,2599,26282665,-5718,-96,5849
13,2598,26282687,5,-591,-2
4,2600,26292849,-5724,-109,5872
13,2599,26292871,1,-556,-2
4,2601,26302959,-5696,-93,5887
13,2600,26302981,-2,-552,1
4,2602,26313019,-5667,-115,5921
13,2601,26313041,-2,-558,1
4,2603,26323030,-5644,-86,5928
13,2602,26323052,9,-527,-9
4,2604,26333047,-5642,-88,5948
13,2603,26333069,7,-494,-5
4,2605,26343247,-5692,-88,5944
13,2604,26343269,2,-486,0
4,2606,26353224,-5616,-89,5972
13,2605,26353246,1,-531,0
4,2607,26363300,-5623,-92,5984
13,2606,26363322,3,-526,-2
4,2608,26373397,-5646,-75,5988
13,2607,26373419,14,-568,-11
4,2609,26383445,-5622,-79,6008
13,2608,26383467,22,-650,-16
4,2610,26393675,-5473,-108,6049
13,2609,26393697,29,-674,-24
4,2611,26403592,-5521,-101,6067
13,2610,26403641,22,-587,-21
4,2612,26413715,-5444,-103,6093
13,2611,26413737,5,-550,-3
4,2613,26423725,-5414,-90,6104
13,2612,26423747,-1,-465,5
4,2614,26433887,-5463,-86,6109
13,2613,26433909,-3,-392,8
4,2615,26443961,-5506,-82,6102
13,2614,26443983,-1,-375,9
4,2616,26453974,-5441,-91,6131
13,2615,26453996,-4,-423,11
4,2617,26463989,-5421,-91,6148
13,2616,26464011,-6,-413,12
4,2618,26474201,-5440,-83,6162
13,2617,26474223,-4,-399,9
4,2619,26484163,-5428,-85,6167
13,2618,26484185,-1,-414,9
4,2620,26494252,-5448,-77,6178
13,2619,26494274,-1,-453,9
4,2621,26504349,-5418,-78,6181
13,2620,26504371,-2,-498,8
4,2622,26514379,-5478,-80,6194
13,2621,26514401,-2,-547,10
4,2623,26524491,-5326,-79,6239
13,2622,26524540,-7,-655,14
4,2624,26534592,-5294,-80,6250
13,2623,26534614,-4,-643,12
4,2625,26544652,-5323,-76,6260
13,2624,26544674,-1,-622,5
4,2626,26554852,-5257,-89,6295
13,2625,26554874,-3,-642,2
4,2627,26564820,-5211,-91,6323
13,2626,26564842,-2,-605,2
4,2628,26574814,-5260,-88,6309
13,2627,26574836,-4,-544,4
4,2629,26584971,-5190,-86,6307
13,2628,26584992,-3,-524,4
4,2630,26595039,-5211,-73,6328
13,2629,26595061,-1,-484,0
4,2631,26605104,-5191,-90,6386
13,2630,26605126,-1,-505,0
4,2632,26615156,-5107,-97,6399
13,2631,26615178,0,-469,-1
4,2633,26625239,-5139,-95,6395
13,2632,26625261,1,-391,-5
4,2634,26635386,-5148,-84,6387
13,2633,26635408,3,-363,-8
4,2635,26645386,-5157,-90,6399
13,2634,26645408,0,-382,-5
4,2636,26655480,-5076,-67,6424
13,2635,26655502,4,-397,-5
4,2637,26665560,-5109,-82,6414
13,2636,26665582,1,-357,0
4,2638,26675739,-5099,-91,6441
13,2637,26675761,-2,-351,0
4,2639,26685709,-5104,-83,6434
13,2638,26685731,0,-355,2
4,2640,26695772,-5054,-77,6442
13,2639,26695794,0,-363,1
4,2641,26705753,-5102,-81,6456
13,2640,26705775,2,-353,0
4,2642,26716053,-5070,-92,6470
13,2641,26716075,1,-408,0
4,2643,26725970,-5006,-88,6478
13,2642,26725992,10,-436,-12
4,2644,26736091,-5027,-82,6492
13,2643,26736113,11,-419,-13
4,2645,26746123,-5033,-84,6496
13,2644,26746145,19,-433,-25
4,2646,26756206,-4980,-97,6524
13,2645,26756228,38,-493,-46
4,2647,26766204,-4977,-84,6539
13,2646,26766226,60,-504,-68
4,2648,26776392,-4989,-87,6542
13,2647,26776414,66,-505,-73
4,2649,26786378,-4968,-73,6534
13,2648,26786400,68,-547,-76
4,2650,26796672,-4899,-92,6591
13,2649,26796694,51,-584,-61
4,2651,26806579,-4931,-82,6584
13,2650,26806601,54,-582,-62
4,2652,26816646,-4916,-74,6601
13,2651,26816668,51,-631,-62
4,2653,26826754,-4846,-114,6633
13,2652,26826775,53,-689,-64
4,2654,26836842,-4858,-91,6647
13,2653,26836864,102,-728,-124
4,2655,26846853,-4849,-93,6663
13,2654,26846875,111,-789,-144
4,2656,26856936,-4774,-60,6653
13,2655,26856958,113,-864,-161
4,2657,26866996,-4727,-64,6683
13,2656,26867018,62,-820,-98
4,2658,26877154,-4694,-78,6732
13,2657,26877176,37,-780,-63
4,2659,26887166,-4684,-91,6745
13,2658,26887188,41,-774,-61
4,2660,26897224,-4611,-90,6779
13,2659,26897246,62,-797,-89
4,2661,26907382,-4601,-80,6791
13,2660,26907404,76,-758,-106
4,2662,26917424,-4551,-78,6810
13,2661,26917446,85,-730,-112
4,2663,26927474,-4550,-58,6819
13,2662,26927496,87,-686,-115
4,2664,26937579,-4579,-54,6831
13,2663,26937601,62,-683,-93
4,2665,26947577,-4546,-95,6833
13,2664,26947599,35,-695,-50
4,2666,26957834,-4585,-97,6849
13,2665,26957856,25,-752,-36
4,2667,26967799,-4478,-87,6890
13,2666,26967821,52,-880,-80
4,2668,26977832,-4420,-67,6913
13,2667,26977854,61,-908,-87
4,2669,26987887,-4402,-38,7026
13,2668,26987909,76,-976,-116
4,2670,26997976,-4127,0,7067
13,2669,26997998,74,-1202,-150
4,2671,27008027,-4376,-219,6861
13,2670,27008049,40,-1063,-29
4,2672,27018026,-4271,-99,6977
13,2671,27018048,109,-818,-157
4,2673,27028163,-4222,-59,7024
13,2672,27028212,88,-715,-143
4,2674,27038349,-4266,-76,7028
13,2673,27038371,48,-660,-79
4,2675,27048316,-4303,-76,7114
13,2674,27048338,73,-758,-114
4,2676,27058418,-3871,65,7176
13,2675,27058440,102,-1050,-185
4,2677,27068467,-4191,-203,6969
13,2676,27068489,-8,-898,12
4,2678,27078572,-4201,-112,7066
13,2677,27078594,30,-645,-49
4,2679,27088628,-4170,-73,7123
13,2678,27088650,32,-633,-57
4,2680,27098713,-3994,-40,7165
13,2679,27098735,69,-873,-96
4,2681,27108707,-3913,-49,7200
13,2680,27108729,13,-895,-24
4,2682,27119018,-3940,-123,7248
13,2681,27119040,2,-899,9
4,2683,27128966,-3803,-76,7320
13,2682,27128988,57,-1015,-100
4,2684,27139007,-3997,-151,7188
13,2683,27139029,87,-1241,-160
4,2685,27149007,-3849,-5,7049
13,2684,27149029,91,-1168,-188
4,2686,27159220,-3767,-93,7298
13,2685,27159242,9,-564,-17
4,2687,27169280,-3820,-93,7314
13,2686,27169302,40,-526,-65
4,2688,27179341,-3777,-74,7284
13,2687,27179363,56,-657,-100
4,2689,27189438,-3655,-68,7299
13,2688,27189460,40,-603,-65
4,2690,27199560,-3683,-79,7315
13,2689,27199582,21,-474,-34
4,2691,27209565,-3680,-66,7323
13,2690,27209587,19,-443,-45
4,2692,27219605,-3650,-85,7353
13,2691,27219627,16,-385,-35
4,2693,27229743,-3695,-60,7335
13,2692,27229765,16,-334,-27
4,2694,27239805,-3690,-64,7333
13,2693,27239827,0,-329,-1
4,2695,27249829,-3751,-72,7334
13,2694,27249851,-3,-392,2
4,2696,27259968,-3655,-67,7346
13,2695,27259990,-3,-499,10
4,2697,27269944,-3709,-80,7353
13,2696,27269966,-22,-537,51
4,2698,27280269,-3266,-165,7668
13,2697,27280291,-34,-719,80
4,2699,27290187,-3606,-92,7296
13,2698,27290209,-6,-1246,30
4,2700,27300246,-3787,28,7199
13,2699,27300268,-32,-943,62
4,2701,27310347,-3319,-91,7518
13,2700,27310369,-18,-448,51
4,2702,27320456,-3488,-99,7428
13,2701,27320478,-16,-400,47
4,2703,27330454,-3520,-69,7430
13,2702,27330476,-13,-480,24
4,2704,27340526,-3306,-194,7542
13,2703,27340548,-5,-582,9
4,2705,27350680,-3087,-115,7665
13,2704,27350702,22,-784,-54
4,2706,27360775,-3602,31,7332
13,2705,27360797,-8,-1013,-38
4,2707,27370751,-3052,-140,7603
13,2706,27370772,-9,-742,51
4,2708,27380852,-3533,-12,7371
13,2707,27380874,31,-507,-24
4,2709,27390853,-3340,-57,7511
13,2708,27390875,-5,-289,-17
4,2710,27401040,-3227,-100,7570
13,2709,27401062,-14,-330,9
4,2711,27411067,-3230,-88,7591
13,2710,27411089,-25,-573,26
4,2712,27421164,-3103,-87,7617
13,2711,27421186,-27,-887,68
4,2713,27431226,-3431,-110,7424
13,2712,27431248,-16,-1035,69
4,2714,27441364,-3291,-13,7489
13,2713,27441386,2,-771,24
4,2715,27451371,-2982,-87,7638
13,2714,27451393,-12,-480,32
4,2716,27461488,-3126,-83,7582
13,2715,27461510,-16,-431,41
4,2717,27471466,-3138,-82,7590
13,2716,27471488,-14,-457,44
4,2718,27481611,-3068,-74,7610
13,2717,27481633,-14,-494,41
4,2719,27491681,-2984,-63,7640
13,2718,27491703,-19,-467,58
4,2720,27501727,-2947,-49,7687
13,2719,27501749,-48,-446,113
4,2721,27511791,-2848,-99,7704
13,2720,27511813,-69,-627,161
4,2722,27521962,-3215,-134,7532
13,2721,27521984,-75,-698,151
4,2723,27532018,-2998,-70,7655
13,2722,27532040,-40,-487,132
4,2724,27542073,-2942,-72,7660
13,2723,27542095,-31,-424,88
4,2725,27552132,-2835,-108,7744
13,2724,27552154,-22,-497,65
4,2726,27562269,-2770,-39,7757
13,2725,27562291,8,-761,5
4,2727,27572284,-3036,-22,7583
13,2726,27572306,-29,-1012,43
4,2728,27582282,-2682,-133,7772
13,2727,27582304,-47,-925,114
4,2729,27592395,-3026,-59,7616
13,2728,27592417,-27,-954,62
4,2730,27602629,-2716,-113,7727
13,2729,27602651,-53,-867,94
4,2731,27612551,-2649,-82,7770
13,2730,27612573,-24,-617,100
4,2732,27622610,-2661,-72,7747
13,2731,27622631,-16,-479,59
4,2733,27632735,-2670,-90,7739
13,2732,27632757,-16,-478,42
4,2734,27642785,-2667,-84,7764
13,2733,27642807,-8,-488,16
4,2735,27652829,-2641,-81,7773
13,2734,27652878,-3,-497,0
4,2736,27662937,-2618,-50,7778
13,2735,27662959,9,-532,-39
4,2737,27672989,-2524,-87,7808
13,2736,27673011,0,-489,-14
4,2738,27683157,-2593,-86,7795
13,2737,27683179,7,-427,-27
4,2739,27693170,-2565,-76,7796
13,2738,27693192,22,-483,-77
4,2740,27703127,-2543,-74,7803
13,2739,27703149,34,-532,-116
4,2741,27713259,-2513,-78,7815
13,2740,27713281,37,-563,-117
4,2742,27723379,-2468,-89,7827
13,2741,27723401,37,-570,-109
4,2743,27733492,-2459,-85,7826
13,2742,27733514,24,-540,-72
4,2744,27743496,-2435,-96,7834
13,2743,27743518,13,-523,-45
4,2745,27753633,-2419,-77,7839
13,2744,27753655,11,-515,-32
4,2746,27763747,-2391,-92,7860
13,2745,27763796,7,-508,-16
4,2747,27773805,-2060,-95,7993
13,2746,27773827,15,-562,-42
4,2748,27783824,-1834,-187,8057
13,2747,27783846,0,-1128,0
4,2749,27793915,-2634,-149,7742
13,2748,27793937,-32,-1822,23
4,2750,27804043,-2332,-53,7843
13,2749,27804065,41,-1625,-86
4,2751,27814053,-2164,-92,7919
13,2750,27814075,42,-1360,-107
4,2752,27824118,-1646,-87,8032
13,2751,27824140,10,-1263,-58
4,2753,27834199,-2192,-98,7904
13,2752,27834220,-4,-1426,-21
4,2754,27844378,-2137,-64,7919
13,2753,27844400,15,-1267,-43
4,2755,27854357,-1559,-128,8075
13,2754,27854379,-14,-1211,-12
4,2756,27864423,-2032,7,7925
13,2755,27864444,-5,-1258,11
4,2757,27874495,-2070,-63,7960
13,2756,27874517,-16,-1061,45
4,2758,27884564,-1922,-11,7983
13,2757,27884586,8,-725,10
4,2759,27894710,-1640,-92,8015
13,2758,27894759,-3,-570,-61
4,2760,27904677,-1819,-81,7991
13,2759,27904699,5,-568,-68
4,2761,27914849,-1744,-64,8034
13,2760,27914871,11,-548,-64
4,2762,27924998,-1653,-87,8038
13,2761,27925020,20,-543,-110
4,2763,27934914,-1573,-62,8054
13,2762,27934936,25,-581,-125
4,2764,27945081,-1393,-65,8069
13,2763,27945103,-1,-699,-47
4,2765,27955111,-1611,-165,8027
13,2764,27955133,-4,-919,31
4,2766,27965215,-1894,-92,8008
13,2765,27965237,22,-817,-58
4,2767,27975251,-1450,-89,8086
13,2766,27975273,6,-496,-99
4,2768,27985278,-1475,-97,8052
13,2767,27985300,0,-452,-57
4,2769,27995382,-1493,-88,8067
13,2768,27995404,1,-474,-51
4,2770,28005519,-1454,-83,8077
13,2769,28005541,9,-484,-71
4,2771,28015607,-1406,-89,8079
13,2770,28015629,5,-467,-49
4,2772,28025698,-1388,-92,8103
13,2771,28025720,0,-426,-32
4,2773,28035725,-1384,-78,8095
13,2772,28035747,2,-391,-48
4,2774,28045840,-1401,-77,8084
13,2773,28045862,3,-366,-45
4,2775,28055872,-1387,-100,8095
13,2774,28055894,0,-364,-31
4,2776,28065911,-1396,-100,8085
13,2775,28065933,1,-389,-35
4,2777,28075987,-1373,-87,8082
13,2776,28076008,4,-438,-31
4,2778,28086176,-1332,-83,8080
13,2777,28086198,0,-472,6
4,2779,28096135,-1339,-90,8088
13,2778,28096156,-18,-508,81
4,2780,28106219,-1207,-105,8133
13,2779,28106241,-38,-549,166
4,2781,28116276,-1141,-98,8131
13,2780,28116298,-10,-432,62
4,2782,28126402,-1270,-94,8091
13,2781,28126424,-2,-309,33
4,2783,28136424,-1292,-96,8089
13,2782,28136446,-20,-354,90
4,2784,28146503,-1185,-96,8126
13,2783,28146525,-20,-423,84
4,2785,28156605,-859,-50,8154
13,2784,28156627,-6,-425,29
4,2786,28166783,-795,-148,8109
13,2785,28166805,-10,-718,98
4,2787,28176719,-1569,-112,8098
13,2786,28176741,-18,-930,73
4,2788,28186906,-1204,-41,8138
13,2787,28186928,1,-550,44
4,2789,28196859,-953,-71,8126
13,2788,28196881,-11,-412,38
4,2790,28207054,-1121,-114,8104
13,2789,28207076,-25,-552,50
4,2791,28216985,-1248,-126,8114
13,2790,28217007,-27,-592,33
4,2792,28227109,-896,-81,8152
13,2791,28227131,-10,-502,30
4,2793,28237137,-618,-158,8170
13,2792,28237159,-3,-524,47
4,2794,28247372,-962,-122,8101
13,2793,28247394,-9,-889,122
4,2795,28257321,-1256,3,8213
13,2794,28257343,-17,-803,83
4,2796,28267424,-781,-95,8179
13,2795,28267446,9,-201,-32
4,2797,28277472,-634,-106,8122
13,2796,28277494,3,-231,-2
4,2798,28287636,-931,-144,8113
13,2797,28287658,-5,-656,3
4,2799,28297674,-901,-91,8168
13,2798,28297696,-1,-744,-40
4,2800,28307799,-1020,-39,8155
13,2799,28307821,17,-601,-54
4,2801,28317855,-460,-126,8151
13,2800,28317877,2,-520,-71
4,2802,28328013,-774,-200,8149
13,2801,28328035,-10,-852,-35
4,2803,28337965,-776,-61,8197
13,2802,28337987,7,-829,-101
4,2804,28348028,-711,-56,8175
13,2803,28348050,23,-635,-170
4,2805,28358107,-480,-146,8180
13,2804,28358129,10,-511,-175
4,2806,28368221,-776,-100,8174
13,2805,28368243,14,-590,-157
4,2807,28378186,-608,-76,8189
13,2806,28378208,15,-532,-140
4,2808,28388371,-582,-162,8175
13,2807,28388393,-4,-499,-96
4,2809,28398409,-729,-58,8181
13,2808,28398431,14,-385,-21
4,2810,28408677,-491,-107,8203
13,2809,28408699,19,-252,14
4,2811,28418518,-518,-118,8174
13,2810,28418540,11,-265,-34
4,2812,28428659,-419,-134,8165
13,2811,28428681,-11,-368,-72
4,2813,28438746,-566,-72,8202
13,2812,28438768,-13,-439,-56
4,2814,28448808,-558,-80,8167
13,2813,28448830,4,-407,-19
4,2815,28458922,-409,-119,8173
13,2814,28458944,-12,-452,-3
4,2816,28468936,-365,-117,8195
13,2815,28468958,2,-477,-59
4,2817,28478968,-682,-12,8199
13,2816,28478990,-3,-405,-74
4,2818,28489166,-264,-137,8188
13,2817,28489188,-2,-336,-31
4,2819,28499158,-177,-124,8169
13,2818,28499180,-12,-393,-75
4,2820,28509221,-618,-30,8198
13,2819,28509243,0,-472,-58
4,2821,28519310,-569,-12,8218
13,2820,28519332,7,-280,0
4,2822,28529454,-309,-121,8176
13,2821,28529476,0,-133,16
4,2823,28539473,-375,-97,8180
13,2822,28539495,0,-165,12
4,2824,28549523,-401,-91,8182
13,2823,28549545,1,-230,-9
4,2825,28559629,-337,-108,8192
13,2824,28559651,4,-277,-15
4,2826,28569795,-285,-105,8207
13,2825,28569817,1,-261,29
4,2827,28579743,-255,-111,8205
13,2826,28579765,-4,-231,50
4,2828,28589818,-219,-147,8174
13,2827,28589840,-5,-223,34
4,2829,28599893,-96,-169,8155
13,2828,28599915,-8,-346,1
4,2830,28609951,-320,-61,8195
13,2829,28609973,-5,-527,-38
4,2831,28620081,-420,-58,8222
13,2830,28620103,-4,-490,-35
4,2832,28630145,-298,-73,8227
13,2831,28630166,-7,-291,-1
4,2833,28640216,-88,-121,8196
13,2832,28640238,2,-162,-5
4,2834,28650347,-93,-124,8172
13,2833,28650369,3,-199,-29
4,2835,28660433,-430,-60,8202
13,2834,28660455,1,-238,-17
4,2836,28670455,-165,-175,8138
13,2835,28670477,-7,-169,35
4,2837,28680583,-37,-70,8064
13,2836,28680605,-41,-709,150
4,2838,28690634,-446,-75,8299
13,2837,28690656,-2,-925,-7
4,2839,28700651,68,-146,8241
13,2838,28700673,10,-423,-27
4,2840,28710683,347,-171,8096
13,2839,28710704,-9,-563,34
4,2841,28720839,-432,-30,8246
13,2840,28720860,3,-739,-55
4,2842,28730936,-56,-115,8226
13,2841,28730958,-2,-459,-54
4,2843,28740965,64,-111,8135
13,2842,28740987,-7,-480,9
4,2844,28751092,-165,-48,8229
13,2843,28751114,-1,-511,-5
4,2845,28761061,191,-108,8189
13,2844,28761083,-1,-380,-20
4,2846,28771315,240,-137,8153
13,2845,28771337,0,-486,-16
4,2847,28781316,-221,-81,8252
13,2846,28781338,7,-518,-23
4,2848,28791379,-13,-96,8220
13,2847,28791401,4,-304,0
4,2849,28801467,117,-114,8175
13,2848,28801489,0,-253,12
4,2850,28811616,149,-104,8201
13,2849,28811638,4,-238,25
4,2851,28821602,129,-105,8195
13,2850,28821624,5,-202,36
4,2852,28831610,122,-106,8203
13,2851,28831632,5,-179,6
4,2853,28841724,143,-104,8180
13,2852,28841746,2,-175,-1
4,2854,28851798,159,-107,8199
13,2853,28851820,2,-156,1
4,2855,28861872,166,-109,8205
13,2854,28861894,6,-130,3
4,2856,28872043,181,-110,8199
13,2855,28872065,5,-105,0
4,2857,28881989,156,-99,8191
13,2856,28882010,2,-73,-2
4,2858,28892263,127,-98,8181
13,2857,28892285,0,-62,-1
4,2859,28902146,136,-110,8192
13,2858,28902168,1,-79,-4
4,2860,28912342,177,-109,8196
13,2859,28912364,3,-95,-7
4,2861,28922328,174,-106,8184
13,2860,28922350,6,-87,-10
4,2862,28932485,174,-104,8177
13,2861,28932507,6,-93,-11
4,2863,28942543,201,-105,8190
13,2862,28942565,9,-95,-29
4,2864,28952605,186,-110,8209
13,2863,28952627,15,-88,-43
4,2865,28962678,168,-105,8183
13,2864,28962700,11,-57,-4
4,2866,28972835,171,-94,8172
13,2865,28972857,-5,-81,11
4,2867,28982825,253,-120,8176
13,2866,28982847,-12,-90,5
4,2868,28992864,206,-106,8202
13,2867,28992886,-1,-29,-7
4,2869,29002959,197,-107,8204
13,2868,29002981,2,-16,-8
4,2870,29013168,187,-94,8193
13,2869,29013218,3,-13,-3
4,2871,29023148,179,-106,8203
13,2870,29023170,5,-14,-2
4,2872,29033191,188,-116,8187
13,2871,29033240,2,-15,-3
4,2873,29043325,178,-115,8184
13,2872,29043347,-2,-16,-6
4,2874,29053426,190,-97,8190
13,2873,29053448,0,-20,-5
4,2875,29063485,194,-105,8202
13,2874,29063507,1,-21,-6
4,2876,29073515,199,-106,8197
13,2875,29073537,1,-25,-4
4,2877,29083553,197,-113,8188
13,2876,29083575,1,-23,-3
4,2878,29093693,192,-105,8192
13,2877,29093715,2,-16,0
4,2879,29103760,203,-96,8198
13,2878,29103782,1,-12,0
4,2880,29113843,201,-104,8200
13,2879,29113865,1,-10,-2
4,2881,29123930,200,-112,8192
13,2880,29123952,0,-6,-4
4,2882,29134072,198,-110,8193
13,2881,29134094,3,-3,-2
4,2883,29144022,202,-111,8190
13,2882,29144043,3,-4,-3
4,2884,29154233,214,-104,8203
13,2883,29154255,0,-2,-1
4,2885,29164249,174,-101,8202
13,2884,29164271,-3,-10,2
4,2886,29174375,215,-123,8184
13,2885,29174397,-13,-20,3
4,2887,29184415,212,-95,8193
13,2886,29184437,-3,2,-2
4,2888,29194493,217,-103,8211
13,2887,29194515,0,0,-4
4,2889,29204556,194,-102,8192
13,2888,29204578,0,0,-3
4,2890,29214725,190,-98,8196
13,2889,29214747,3,2,-4
4,2891,29224729,208,-104,8200
13,2890,29224751,0,0,-1
4,2892,29234792,195,-106,8200
13,2891,29234814,1,-2,-2
4,2893,29244943,193,-103,8194
13,2892,29244965,2,2,-1
4,2894,29254977,190,-99,8187
13,2893,29254998,0,0,-1
4,2895,29265021,196,-103,8186
13,2894,29265043,0,-3,-2
4,2896,29275029,177,-112,8196
13,2895,29275051,0,-8,-2
4,2897,29285264,207,-106,8203
13,2896,29285286,-3,-17,0
4,2898,29295392,200,-116,8180
13,2897,29295414,-2,-6,0
4,2899,29305408,190,-114,8197
13,2898,29305430,2,-1,-3
4,2900,29315433,207,-106,8213
13,2899,29315455,0,-4,-1
4,2901,29325497,196,-108,8204
13,2900,29325519,2,-1,-2
4,2902,29335560,193,-108,8186
13,2901,29335581,0,-2,0
4,2903,29345638,186,-103,8189
13,2902,29345660,0,-7,-1
4,2904,29355691,185,-109,8194
13,2903,29355713,0,-9,-2
4,2905,29365862,199,-101,8198
13,2904,29365884,-2,-17,0
4,2906,29375982,200,-114,8205
13,2905,29376003,-2,-17,-3
4,2907,29385961,214,-109,8180
13,2906,29385983,0,-14,-2
4,2908,29396132,226,-101,8192
13,2907,29396154,1,-14,-3
4,2909,29406142,207,-111,8198
13,2908,29406164,1,-14,-1
4,2910,29416245,217,-106,8185
13,2909,29416267,2,-11,0
4,2911,29426287,214,-102,8180
13,2910,29426309,0,-7,0
4,2912,29436379,202,-101,8193
13,2911,29436401,0,-11,0
4,2913,29446365,202,-103,8202
13,2912,29446387,1,-9,2
4,2914,29456599,210,-110,8206
13,2913,29456621,-1,-12,1
4,2915,29466554,201,-108,8183
13,2914,29466576,0,-6,0
4,2916,29476681,202,-108,8194
13,2915,29476703,-1,-6,1
4,2917,29486715,216,-109,8206
13,2916,29486737,0,-7,2
4,2918,29496817,210,-103,8202
13,2917,29496839,-2,-6,2
4,2919,29506861,209,-110,8190
13,2918,29506883,0,-4,-1
4,2920,29516935,198,-105,8188
13,2919,29516957,2,-7,-1
4,2921,29527078,220,-102,8205
13,2920,29527100,2,-4,1
4,2922,29537237,205,-107,8197
13,2921,29537259,1,-5,1
4,2923,29547153,197,-121,8196
13,2922,29547175,0,-5,1
4,2924,29557256,211,-117,8192
13,2923,29557278,1,-4,3
4,2925,29567311,215,-114,8180
13,2924,29567333,3,1,0
4,2926,29577413,218,-108,8196
13,2925,29577435,1,-1,1
4,2927,29587381,211,-102,8196
13,2926,29587403,0,-3,0
4,2928,29597507,208,-101,8188
13,2927,29597529,0,-1,0
4,2929,29607590,215,-100,8196
13,2928,29607612,0,-4,0
4,2930,29617716,206,-89,8205
13,2929,29617738,0,-7,-1
4,2931,29627746,216,-104,8198
13,2930,29627768,0,-9,-2
4,2932,29637767,215,-110,8194
13,2931,29637788,0,-5,1
4,2933,29647913,204,-98,8196
13,2932,29647935,0,-4,0
4,2934,29658030,214,-111,8204
13,2933,29658052,-1,-1,1
4,2935,29668101,209,-110,8197
13,2934,29668123,-1,-4,0
4,2936,29678099,202,-110,8190
13,2935,29678121,0,-4,0
4,2937,29688289,197,-115,8191
13,2936,29688311,1,1,0
4,2938,29698442,205,-100,8197
13,2937,29698464,3,1,0
4,2939,29708347,212,-108,8198
13,2938,29708369,2,4,0
4,2940,29718388,210,-111,8200
13,2939,29718410,1,4,0
4,2941,29728518,204,-106,8188
13,2940,29728540,1,1,-2
4,2942,29738628,206,-122,8208
13,2941,29738650,1,3,0
4,2943,29748640,215,-108,8197
13,2942,29748662,0,-3,0
4,2944,29758731,190,-111,8183
13,2943,29758753,-1,2,-1
4,2945,29768795,208,-116,8209
13,2944,29768817,-1,2,-3
4,2946,29779002,211,-103,8201
13,2945,29779024,0,1,-1
4,2947,29789012,206,-100,8182
13,2946,29789034,-1,0,1
4,2948,29799100,220,-101,8199
13,2947,29799122,-1,-2,2
4,2949,29809152,218,-115,8196
13,2948,29809174,-1,0,0
4,2950,29819212,213,-109,8214
13,2949,29819234,2,2,-1
4,2951,29829233,213,-109,8198
13,2950,29829255,-1,0,-1
4,2952,29839290,212,-105,8193
13,2951,29839311,0,0,0
4,2953,29849431,212,-99,8187
13,2952,29849453,1,-1,0
4,2954,29859560,210,-94,8189
13,2953,29859582,-1,-2,-1
4,2955,29869552,203,-108,8187
13,2954,29869574,-1,0,0
4,2956,29879597,209,-105,8209
13,2955,29879619,0,1,0
4,2957,29889737,221,-105,8206
13,2956,29889759,1,2,0
4,2958,29899789,207,-110,8189
13,2957,29899838,0,3,0
4,2959,29909868,199,-109,8202
13,2958,29909890,1,0,0
4,2960,29919990,215,-110,8191
13,2959,29920012,0,-2,0
4,2961,29930032,208,-116,8192
13,2960,29930054,0,0,0
4,2962,29940143,210,-109,8198
13,2961,29940165,1,0,-1
4,2963,29950154,205,-106,8199
13,2962,29950176,0,-1,0
4,2964,29960163,201,-106,8197
13,2963,29960185,0,2,1
4,2965,29970292,207,-104,8197
13,2964,29970314,-1,2,0
4,2966,29980422,212,-109,8198
13,2965,29980444,1,2,0
4,2967,29990465,213,-108,8205
13,2966,29990487,0,2,0
4,2968,30000554,215,-107,8196
13,2967,30000576,0,2,0
4,2969,30010614,200,-110,8211
13,2968,30010636,0,1,2
4,2970,30020826,191,-113,8200
13,2969,30020848,1,2,1
4,2971,30030853,201,-100,8186
13,2970,30030875,1,0,1
4,2972,30040772,206,-94,8204
13,2971,30040794,2,-3,4
4,2973,30050918,216,-71,8208
13,2972,30050940,0,-3,17
4,2974,30061011,233,-80,8191
13,2973,30061033,-1,0,231
4,2975,30071055,180,-202,8222
13,2974,30071077,1,1,169
4,2976,30081106,212,-88,8184
13,2975,30081128,1,0,-20
4,2977,30091124,213,-115,8191
13,2976,30091146,0,-1,6
4,2978,30101391,213,-111,8195
13,2977,30101413,0,-4,14
4,2979,30111296,212,-87,8190
13,2978,30111318,0,-1,13
4,2980,30121385,238,1,8213
13,2979,30121407,0,-3,130
4,2981,30131506,178,-246,8204
13,2980,30131528,2,1,237
4,2982,30141656,197,-115,8197
13,2981,30141678,3,1,19
4,2983,30151519,209,-99,8193
13,2982,30151541,1,0,20
4,2984,30161702,212,-123,8192
13,2983,30161724,-2,-1,56
4,2985,30171806,201,-112,8188
13,2984,30171828,-1,-3,56
4,2986,30181934,206,-120,8205
13,2985,30181956,1,-7,36
4,2987,30191929,219,-117,8202
13,2986,30191951,1,-5,7
4,2988,30202009,208,-110,8194
13,2987,30202031,2,-8,3
4,2989,30212028,203,-105,8198
13,2988,30212050,2,-4,1
4,2990,30222135,199,-104,8204
13,2989,30222157,0,-1,-1
4,2991,30232178,197,-118,8207
13,2990,30232200,1,-1,1
4,2992,30242250,208,-107,8194
13,2991,30242272,0,-2,1
4,2993,30252302,214,-106,8188
13,2992,30252324,0,1,0
4,2994,30262598,210,-98,8196
13,2993,30262620,0,0,0
4,2995,30272414,208,-94,8201
13,2994,30272435,0,0,2
4,2996,30282566,202,-110,8192
13,2995,30282588,0,-1,1
4,2997,30292640,205,-103,8194
13,2996,30292662,0,-4,0
4,2998,30302787,208,-98,8211
13,2997,30302809,1,-6,0
4,2999,30312783,214,-109,8181
13,2998,30312805,1,-4,-2
4,3000,30322898,212,-96,8191
13,2999,30322920,0,-2,1
4,3001,30332910,208,-114,8207
13,3000,30332932,0,-1,0
4,3002,30343124,213,-120,8192
13,3001,30343146,-2,1,-2
4,3003,30353064,211,-99,8180
13,3002,30353086,0,2,0
4,3004,30363135,202,-101,8208
13,3003,30363157,0,2,0
4,3005,30373220,192,-112,8210
13,3004,30373241,0,2,1
4,3006,30383351,186,-124,8190
13,3005,30383373,0,1,0
4,3007,30393372,196,-114,8210
13,3006,30393394,-1,0,-1
4,3008,30403484,193,-104,8214
13,3007,30403506,1,-4,0
4,3009,30413563,193,-118,8195
13,3008,30413585,1,-3,-2
4,3010,30423740,211,-114,8211
13,3009,30423762,1,-3,-1
4,3011,30433720,197,-106,8194
13,3010,30433742,0,-3,-1
4,3012,30443798,205,-101,8189
13,3011,30443820,2,-3,0
4,3013,30453798,212,-108,8200
13,3012,30453820,2,-2,0
4,3014,30464010,212,-110,8187
13,3013,30464032,1,-1,0
4,3015,30473961,206,-109,8192
13,3014,30473983,1,-2,0
4,3016,30484078,215,-103,8192
13,3015,30484100,2,-1,0
4,3017,30494151,203,-108,8185
13,3016,30494173,0,-2,0
4,3018,30504275,209,-100,8199
13,3017,30504297,3,-3,0
4,3019,30514358,198,-95,8198
13,3018,30514379,1,-1,0
4,3020,30524421,211,-108,8184
13,3019,30524470,0,-1,0
4,3021,30534495,216,-100,8195
13,3020,30534517,-2,-5,-1
4,3022,30544609,205,-105,8206
13,3021,30544631,1,-2,0
4,3023,30554606,208,-111,8189
13,3022,30554628,0,-1,0
4,3024,30564749,209,-107,8186
13,3023,30564771,0,-1,-1
4,3025,30574733,206,-109,8199
13,3024,30574755,0,0,1
4,3026,30585014,201,-102,8191
13,3025,30585036,1,0,-1
4,3027,30595004,212,-100,8204
13,3026,30595025,2,3,-1
4,3028,30605011,212,-115,8199
13,3027,30605033,0,2,0
4,3029,30615105,200,-119,8196
13,3028,30615127,-1,0,1
4,3030,30625175,213,-114,8193
13,3029,30625197,0,-1,0
4,3031,30635198,202,-107,8207
13,3030,30635219,1,1,-1
4,3032,30645333,209,-111,8206
13,3031,30645355,0,0,0
4,3033,30655370,211,-114,8186
13,3032,30655419,2,1,0
4,3034,30665591,208,-115,8199
13,3033,30665613,3,0,-1
4,3035,30675556,202,-106,8190
13,3034,30675578,1,0,1
4,3036,30685639,212,-111,8199
13,3035,30685661,-3,1,2
4,3037,30695720,213,-119,8201
13,3036,30695742,-2,0,-1
4,3038,30705804,216,-114,8205
13,3037,30705826,1,0,-1
4,3039,30715844,210,-109,8203
13,3038,30715866,1,0,0
4,3040,30725915,209,-104,8190
13,3039,30725937,3,-1,0
4,3041,30736002,218,-110,8194
13,3040,30736024,0,0,1
4,3042,30746095,217,-97,8187
13,3041,30746117,0,0,1
4,3043,30756197,206,-95,8196
13,3042,30756219,-1,-2,-2
4,3044,30766160,202,-102,8204
13,3043,30766182,0,-2,-1
4,3045,30776382,207,-115,8200
13,3044,30776404,2,0,1
4,3046,30786349,211,-112,8188
13,3045,30786371,1,-2,0
4,3047,30796460,222,-105,8189
13,3046,30796482,-1,0,0
4,3048,30806499,208,-110,8200
13,3047,30806521,-1,0,-1
4,3049,30816587,211,-104,8193
13,3048,30816609,0,0,0
4,3050,30826761,218,-108,8197
13,3049,30826783,0,2,0
4,3051,30836718,203,-104,8200
13,3050,30836740,0,2,-1
4,3052,30846812,206,-114,8197
13,3051,30846834,1,3,-2
4,3053,30856866,197,-106,8204
13,3052,30856888,0,0,-3
4,3054,30866978,190,-113,8192
13,3053,30867000,-1,0,-1
4,3055,30877107,211,-125,8202
13,3054,30877129,3,0,0
4,3056,30887159,212,-103,8201
13,3055,30887181,3,-2,0
4,3057,30897242,202,-121,8192
13,3056,30897291,1,0,-1
4,3058,30907358,206,-103,8197
13,3057,30907380,0,-1,0
4,3059,30917339,211,-103,8205
13,3058,30917361,0,0,1
4,3060,30927445,210,-100,8189
13,3059,30927467,0,0,0
4,3061,30937505,223,-112,8192
13,3060,30937527,-2,-2,0
4,3062,30947552,211,-114,8198
13,3061,30947574,0,0,0
4,3063,30957637,200,-112,8196
13,3062,30957659,0,1,0
4,3064,30967732,204,-110,8196
13,3063,30967754,2,0,0
4,3065,30977844,206,-104,8199
13,3064,30977866,1,1,-1
4,3066,30987899,208,-107,8182
13,3065,30987921,1,-2,-3
4,3067,30997950,203,-114,8190
13,3066,30997971,1,0,0
4,3068,31008009,207,-109,8200
13,3067,31008031,0,0,-1
4,3069,31018099,214,-93,8189
13,3068,31018121,0,-4,-2
4,3070,31028285,213,-101,8189
13,3069,31028307,1,-3,-2
4,3071,31038290,209,-116,8198
13,3070,31038312,2,0,0
4,3072,31048280,207,-111,8193
13,3071,31048302,2,1,0
4,3073,31058448,218,-100,8192
13,3072,31058470,0,1,2
4,3074,31068559,223,-100,8203
13,3073,31068581,-1,0,0
4,3075,31078548,212,-103,8188
13,3074,31078570,0,-2,0
4,3076,31088650,205,-113,8189
13,3075,31088672,0,0,0
4,3077,31098722,205,-118,8194
13,3076,31098744,0,2,0
4,3078,31108848,210,-111,8209
13,3077,31108870,0,2,-1
4,3079,31118807,218,-108,8195
13,3078,31118829,0,2,0
4,3080,31128980,205,-97,8192
13,3079,31129002,-1,1,0
4,3081,31139004,207,-120,8203
13,3080,31139026,0,-1,-1
4,3082,31149223,204,-114,8207
13,3081,31149245,0,-2,0
4,3083,31159190,211,-108,8206
13,3082,31159212,1,-1,0
4,3084,31169252,204,-100,8188
13,3083,31169274,2,0,1
4,3085,31179294,199,-105,8206
13,3084,31179316,1,-1,0
4,3086,31189441,199,-107,8207
13,3085,31189463,0,-3,-2
4,3087,31199457,211,-100,8198
13,3086,31199479,2,0,-1
4,3088,31209539,215,-111,8197
13,3087,31209561,3,1,0
4,3089,31219573,198,-115,8198
13,3088,31219595,1,0,-1
4,3090,31229851,203,-106,8199
13,3089,31229873,0,-1,1
4,3091,31239768,215,-96,8197
13,3090,31239790,0,-2,0
4,3092,31249921,203,-103,8192
13,3091,31249943,0,0,-3
4,3093,31259927,205,-102,8184
13,3092,31259948,-1,1,-1
4,3094,31270068,213,-104,8190
13,3093,31270117,0,2,0
4,3095,31280038,215,-98,8197
13,3094,31280060,-1,1,0
4,3096,31290255,204,-108,8211
13,3095,31290277,1,1,-1
4,3097,31300222,217,-103,8210
13,3096,31300244,1,-1,0
4,3098,31310420,212,-118,8200
13,3097,31310442,2,-3,-1
4,3099,31320450,209,-122,8201
13,3098,31320472,2,-4,0
4,3100,31330404,208,-112,8202
13,3099,31330426,2,-1,0
4,3101,31340591,212,-114,8188
13,3100,31340612,0,-1,-1
4,3102,31350669,210,-111,8209
13,3101,31350691,0,-5,-3
4,3103,31360679,220,-119,8201
13,3102,31360701,1,-6,-1
4,3104,31370769,221,-106,8197
13,3103,31370790,0,-4,0
4,3105,31380831,212,-114,8196
13,3104,31380853,0,-2,0
4,3106,31391061,212,-112,8195
13,3105,31391083,0,0,0
4,3107,31400957,209,-110,8188
13,3106,31400979,-2,1,-2
4,3108,31411102,212,-102,8187
13,3107,31411124,0,0,-1
4,3109,31421138,211,-111,8199
13,3108,31421160,2,1,-4
4,3110,31431311,215,-105,8205
13,3109,31431333,0,-5,-2
4,3111,31441384,217,-106,8204
13,3110,31441406,-1,2,0
4,3112,31451357,220,-113,8175
13,3111,31451379,-2,-1,1
4,3113,31461464,213,-116,8190
13,3112,31461486,-1,-2,1
4,3114,31471570,206,-110,8200
13,3113,31471592,0,-3,0
4,3115,31481666,212,-112,8203
13,3114,31481687,1,0,0
4,3116,31491639,207,-110,8208
13,3115,31491661,2,0,0
4,3117,31501775,204,-108,8200
13,3116,31501797,0,0,-1
4,3118,31511886,223,-125,8189
13,3117,31511908,0,2,0
4,3119,31521919,212,-109,8205
13,3118,31521941,0,2,-1
4,3120,31532023,207,-113,8194
13,3119,31532045,0,2,0
4,3121,31542066,199,-116,8208
13,3120,31542088,1,1,0
4,3122,31552268,201,-107,8202
13,3121,31552290,0,0,0
4,3123,31562189,215,-113,8196
13,3122,31562211,0,2,0
4,3124,31572256,214,-111,8199
13,3123,31572278,-1,1,0
4,3125,31582410,209,-115,8187
13,3124,31582432,0,0,0
4,3126,31592438,201,-115,8190
13,3125,31592460,0,0,-1
4,3127,31602456,211,-112,8208
13,3126,31602478,0,0,-1
4,3128,31612584,210,-108,8185
13,3127,31612606,3,0,-1
4,3129,31622582,193,-109,8194
13,3128,31622604,0,-4,0
4,3130,31632814,216,-100,8215
13,3129,31632836,2,-5,-1
4,3131,31642796,216,-104,8186
13,3130,31642818,1,0,0
4,3132,31652841,206,-108,8197
13,3131,31652862,-1,-2,0
4,3133,31662958,214,-99,8202
13,3132,31662980,-1,-2,-1
4,3134,31673098,221,-108,8183
13,3133,31673120,0,-1,0
4,3135,31683128,211,-105,8186
13,3134,31683150,0,-1,0
4,3136,31693227,206,-112,8197
13,3135,31693249,1,0,0
4,3137,31703264,211,-113,8202
13,3136,31703286,0,-2,0
4,3138,31713394,200,-110,8207
13,3137,31713416,0,-3,0
4,3139,31723489,204,-109,8192
13,3138,31723511,1,-1,-1
4,3140,31733486,215,-113,8203
13,3139,31733508,0,-3,2
4,3141,31743591,217,-94,8197
13,3140,31743613,1,0,2
4,3142,31753666,215,-113,8193
13,3141,31753688,1,-1,-1
4,3143,31763723,217,-119,8204
13,3142,31763745,0,0,1
4,3144,31773828,213,-106,8195
13,3143,31773877,1,1,0
4,3145,31783901,220,-101,8194
13,3144,31783923,1,2,0
4,3146,31794094,216,-106,8187
13,3145,31794116,0,0,-1
4,3147,31804061,201,-103,8196
13,3146,31804083,0,0,-2
4,3148,31814178,212,-105,8187
13,3147,31814200,0,1,-1
4,3149,31824182,215,-111,8196
13,3148,31824204,0,-3,-1
4,3150,31834321,224,-98,8206
13,3149,31834343,0,-2,-1
4,3151,31844290,218,-107,8189
13,3150,31844312,0,-1,0
4,3152,31854450,209,-113,8206
13,3151,31854472,3,0,-1
4,3153,31864494,204,-100,8211
13,3152,31864516,1,0,0
4,3154,31874692,215,-104,8192
13,3153,31874714,2,-2,-1
4,3155,31884661,211,-106,8179
13,3154,31884683,0,1,1
4,3156,31894720,221,-100,8201
13,3155,31894742,2,2,0
4,3157,31904716,222,-114,8201
13,3156,31904738,1,2,0
4,3158,31914924,216,-113,8189
13,3157,31914946,1,0,1
4,3159,31924887,209,-111,8184
13,3158,31924909,0,0,0
4,3160,31935129,214,-114,8201
13,3159,31935151,-2,0,-1
4,3161,31945110,221,-115,8211
13,3160,31945132,1,1,0
4,3162,31955287,215,-109,8207
13,3161,31955309,1,0,0
4,3163,31965305,210,-114,8203
13,3162,31965327,0,0,-1
4,3164,31975306,208,-106,8196
13,3163,31975327,0,2,0
4,3165,31985385,210,-109,8190
13,3164,31985407,1,2,0
4,3166,31995488,218,-106,8198
13,3165,31995510,1,2,0
4,3167,32005533,213,-109,8191
13,3166,32005555,0,-1,-1
4,3168,32015536,208,-108,8215
13,3167,32015558,1,0,-1
4,3169,32025661,214,-101,8207
13,3168,32025683,0,1,0
4,3170,32035848,217,-105,8197
13,3169,32035870,0,0,1
4,3171,32045890,218,-108,8198
13,3170,32045912,0,-2,0
4,3172,32055918,212,-108,8186
13,3171,32055940,0,-3,-2
4,3173,32065971,209,-106,8198
13,3172,32065993,0,0,-1
4,3174,32076063,209,-107,8205
13,3173,32076085,1,0,0
4,3175,32086094,209,-101,8205
13,3174,32086116,1,0,0
4,3176,32096235,208,-108,8201
13,3175,32096257,0,1,-2
4,3177,32106258,209,-101,8199
13,3176,32106280,-2,0,-2
4,3178,32116365,204,-107,8196
13,3177,32116387,-1,3,0
4,3179,32126387,220,-116,8195
13,3178,32126409,-1,0,0
4,3180,32136412,219,-111,8203
13,3179,32136434,0,0,1
4,3181,32146496,223,-106,8193
13,3180,32146518,0,-1,0
4,3182,32156558,214,-104,8208
13,3181,32156580,0,1,0
4,3183,32166695,214,-110,8190
13,3182,32166717,0,2,-1
4,3184,32176732,219,-113,8185
13,3183,32176754,0,2,0
4,3185,32186753,211,-98,8198
13,3184,32186775,-1,4,-1
4,3186,32196967,202,-99,8181
13,3185,32196989,0,6,-1
4,3187,32206853,225,-115,8203
13,3186,32206875,-2,5,1
4,3188,32217006,208,-114,8206
13,3187,32217027,0,3,0
4,3189,32227045,200,-110,8199
13,3188,32227066,1,6,0
4,3190,32237175,214,-120,8214
13,3189,32237197,0,4,1
4,3191,32247152,208,-120,8193
13,3190,32247174,1,0,0
4,3192,32257342,207,-114,8198
13,3191,32257364,1,0,0
4,3193,32267377,202,-109,8201
13,3192,32267398,0,-2,0
4,3194,32277504,210,-105,8188
13,3193,32277526,-3,-3,2
4,3195,32287453,213,-109,8192
13,3194,32287475,0,-3,0
4,3196,32297547,201,-109,8197
13,3195,32297569,0,-1,0
4,3197,32307665,194,-106,8198
13,3196,32307687,0,-1,0
4,3198,32317737,211,-104,8208
13,3197,32317759,0,-2,0
4,3199,32327759,214,-108,8202
13,3198,32327781,2,0,0
4,3200,32337834,211,-106,8206
13,3199,32337856,2,0,1
4,3201,32347900,205,-110,8206
13,3200,32347922,0,-2,0
4,3202,32358064,218,-107,8207
13,3201,32358086,1,-1,0
4,3203,32368076,219,-101,8195
13,3202,32368098,2,0,0
4,3204,32378114,201,-121,8200
13,3203,32378136,0,0,-1
4,3205,32388170,202,-108,8193
13,3204,32388192,0,-1,-1
4,3206,32398267,207,-100,8194
13,3205,32398316,1,-6,0
4,3207,32408272,209,-96,8204
13,3206,32408321,0,-5,0
4,3208,32418494,205,-101,8196
13,3207,32418516,1,-5,0
4,3209,32428501,220,-112,8192
13,3208,32428523,0,-4,0
4,3210,32438615,213,-117,8196
13,3209,32438637,3,-5,0
4,3211,32448605,203,-118,8194
13,3210,32448626,3,-5,-1
4,3212,32458703,208,-113,8203
13,3211,32458725,2,-2,0
4,3213,32468736,212,-118,8208
13,3212,32468758,1,0,0
4,3214,32478865,213,-103,8195
13,3213,32478887,2,1,0
4,3215,32488951,199,-114,8194
13,3214,32488973,-2,0,1
4,3216,32498968,211,-103,8199
13,3215,32498990,-1,-4,0
4,3217,32509022,206,-112,8190
13,3216,32509044,0,-3,0
4,3218,32519246,210,-110,8200
13,3217,32519268,0,-4,0
4,3219,32529137,209,-107,8196
13,3218,32529159,-1,-4,-1
4,3220,32539288,208,-103,8198
13,3219,32539310,0,-3,-1
4,3221,32549379,211,-103,8200
13,3220,32549401,0,-2,0
4,3222,32559452,225,-105,8206
13,3221,32559474,0,-5,0
4,3223,32569526,203,-110,8188
13,3222,32569548,-1,0,0
4,3224,32579548,215,-112,8188
13,3223,32579570,0,2,-1
4,3225,32589611,218,-109,8208
13,3224,32589633,0,1,0
4,3226,32599832,213,-98,8206
13,3225,32599854,1,0,0
4,3227,32609668,216,-108,8194
13,3226,32609690,1,-2,-1
4,3228,32619832,204,-113,8194
13,3227,32619854,0,0,0
4,3229,32629887,214,-102,8210
13,3228,32629909,1,2,1
4,3230,32640004,218,-104,8203
13,3229,32640026,0,1,0
4,3231,32650023,232,-97,8197
13,3230,32650045,1,-2,0
4,3232,32660054,226,-108,8201
13,3231,32660104,1,-1,1
4,3233,32670237,212,-112,8203
13,3232,32670259,0,0,0
4,3234,32680345,196,-109,8201
13,3233,32680367,0,-1,0
4,3235,32690314,201,-112,8192
13,3234,32690336,2,0,0
4,3236,32700393,225,-107,8195
13,3235,32700415,3,2,0
4,3237,32710505,222,-97,8202
13,3236,32710527,1,1,0
4,3238,32720469,214,-108,8200
13,3237,32720491,0,-2,-1
4,3239,32730577,217,-115,8196
13,3238,32730599,3,0,-1
4,3240,32740722,209,-104,8196
13,3239,32740744,1,1,-2
4,3241,32750723,208,-107,8219
13,3240,32750745,1,0,-1
4,3242,32760885,212,-103,8200
13,3241,32760907,0,-3,1
4,3243,32770912,212,-107,8190
13,3242,32770934,0,-1,0
4,3244,32780922,213,-105,8190
13,3243,32780944,0,-3,-1
4,3245,32791015,215,-102,8194
13,3244,32791037,0,-2,1
4,3246,32801140,210,-108,8201
13,3245,32801162,0,0,-1
4,3247,32811189,207,-113,8194
13,3246,32811211,0,0,-1
4,3248,32821247,215,-103,8180
13,3247,32821269,0,-1,0
4,3249,32831354,224,-108,8200
13,3248,32831376,0,-3,-1
4,3250,32841450,220,-113,8203
13,3249,32841471,0,-1,0
4,3251,32851455,220,-102,8203
13,3250,32851477,-1,0,1
4,3252,32861529,213,-105,8196
13,3251,32861551,-2,0,0
4,3253,32871654,210,-106,8199
13,3252,32871676,0,0,0
4,3254,32881714,218,-107,8187
13,3253,32881736,1,0,1
4,3255,32891788,210,-106,8189
13,3254,32891810,-1,3,0
4,3256,32901879,206,-109,8205
13,3255,32901901,0,2,-1
4,3257,32911982,212,-109,8200
13,3256,32912004,2,2,0
4,3258,32922102,212,-105,8190
13,3257,32922124,0,2,0
4,3259,32932073,208,-108,8206
13,3258,32932095,0,1,-1
4,3260,32942144,211,-118,8193
13,3259,32942166,0,0,0
4,3261,32952185,225,-110,8197
13,3260,32952207,2,-1,0
4,3262,32962303,214,-95,8203
13,3261,32962325,1,0,-1
4,3263,32972349,209,-104,8194
13,3262,32972371,3,1,0
4,3264,32982403,216,-113,8197
13,3263,32982425,1,-1,0
4,3265,32992491,216,-114,8207
13,3264,32992513,0,-1,2
4,3266,33002667,207,-106,8200
13,3265,33002689,1,0,1
4,3267,33012627,206,-116,8196
13,3266,33012648,0,0,1
4,3268,33022677,202,-112,8181
13,3267,33022699,0,-1,0
4,3269,33032874,211,-110,8204
13,3268,33032896,0,-2,0
4,3270,33042891,210,-94,8202
13,3269,33042913,0,0,-1
4,3271,33052956,216,-110,8186
13,3270,33052978,0,1,0
4,3272,33063029,222,-109,8201
13,3271,33063051,-1,2,1
4,3273,33073033,221,-101,8201
13,3272,33073055,0,-1,0
4,3274,33083289,218,-115,8199
13,3273,33083311,0,0,0
4,3275,33093243,209,-119,8188
13,3274,33093265,0,0,0
4,3276,33103307,212,-109,8192
13,3275,33103329,-1,0,1
4,3277,33113371,222,-119,8206
13,3276,33113393,1,-2,2
4,3278,33123437,199,-113,8201
13,3277,33123459,0,-2,0
4,3279,33133523,205,-109,8201
13,3278,33133545,0,1,0
4,3280,33143566,214,-110,8199
13,3279,33143588,0,0,0
4,3281,33153747,216,-113,8196
13,3280,33153769,1,0,0
4,3282,33163940,224,-110,8203
13,3281,33163962,0,1,0
4,3283,33173861,209,-106,8188
13,3282,33173883,0,1,1
4,3284,33183920,206,-108,8201
13,3283,33183942,2,1,1
4,3285,33193993,214,-112,8204
13,3284,33194015,2,1,0
4,3286,33204015,220,-99,8203
13,3285,33204037,0,2,0
4,3287,33214147,207,-118,8189
13,3286,33214169,0,0,0
4,3288,33224223,209,-129,8199
13,3287,33224245,0,0,-3
4,3289,33234278,211,-105,8203
13,3288,33234300,0,-2,-1
4,3290,33244431,203,-106,8202
13,3289,33244453,2,-2,0
4,3291,33254412,209,-108,8192
13,3290,33254434,2,-1,0
4,3292,33264496,217,-104,8200
13,3291,33264518,1,-2,2
4,3293,33274544,211,-108,8205
13,3292,33274566,2,-1,1
4,3294,33284722,214,-121,8199
13,3293,33284744,0,-1,0
4,3295,33294723,209,-121,8202
13,3294,33294745,1,1,0
4,3296,33304815,220,-114,8204
13,3295,33304837,0,2,0
4,3297,33314818,226,-105,8184
13,3296,33314840,3,1,-2
4,3298,33325091,209,-96,8196
13,3297,33325113,1,1,0
4,3299,33334973,208,-112,8210
13,3298,33334995,1,3,0
4,3300,33345130,211,-125,8200
13,3299,33345152,0,0,0
4,3301,33355110,207,-105,8202
13,3300,33355132,-1,0,-1
4,3302,33365259,217,-109,8203
13,3301,33365281,-2,2,0
4,3303,33375255,212,-115,8196
13,3302,33375277,1,3,0
4,3304,33385401,207,-104,8199
13,3303,33385423,0,3,0
4,3305,33395463,213,-109,8203
13,3304,33395485,0,0,0
4,3306,33405679,214,-106,8202
13,3305,33405701,1,3,0
4,3307,33415649,216,-103,8205
13,3306,33415671,2,0,0
4,3308,33425735,211,-109,8188
13,3307,33425757,0,1,-1
4,3309,33435779,213,-113,8199
13,3308,33435801,0,0,0
4,3310,33445943,203,-113,8205
13,3309,33445965,1,4,0
4,3311,33455976,211,-118,8203
13,3310,33455998,1,3,-2
4,3312,33466053,209,-108,8191
13,3311,33466074,1,-1,-4
4,3313,33476036,217,-102,8195
13,3312,33476058,1,-2,-2
4,3314,33486222,213,-112,8208
13,3313,33486243,0,0,0
4,3315,33496218,210,-110,8197
13,3314,33496240,-1,-2,0
4,3316,33506277,216,-113,8193
13,3315,33506299,1,0,-1
4,3317,33516302,214,-112,8198
13,3316,33516324,0,2,0
4,3318,33526427,227,-117,8195
13,3317,33526476,0,2,0
4,3319,33536509,215,-124,8200
13,3318,33536531,0,3,-2
4,3320,33546657,219,-107,8191
13,3319,33546679,0,3,1
4,3321,33556598,212,-107,8200
13,3320,33556620,-2,3,0
4,3322,33566806,209,-101,8204
13,3321,33566828,-1,3,1
4,3323,33576786,199,-103,8192
13,3322,33576808,0,3,0
4,3324,33586859,210,-107,8203
13,3323,33586881,-2,0,-1
4,3325,33596972,204,-105,8205
13,3324,33596994,1,1,-2
4,3326,33607039,219,-97,8201
13,3325,33607061,0,0,0
4,3327,33617015,219,-104,8184
13,3326,33617037,0,2,0
4,3328,33627137,210,-109,8200
13,3327,33627159,0,1,-2
4,3329,33637225,204,-111,8203
13,3328,33637247,0,0,0
4,3330,33647397,195,-116,8208
13,3329,33647419,2,0,0
4,3331,33657376,201,-110,8191
13,3330,33657398,1,0,-1
4,3332,33667455,208,-118,8203
13,3331,33667477,2,0,0
4,3333,33677528,209,-110,8202
13,3332,33677550,0,1,1
4,3334,33687576,210,-109,8205
13,3333,33687598,0,0,0
4,3335,33697636,212,-106,8194
13,3334,33697658,0,0,0
4,3336,33707741,212,-117,8200
13,3335,33707763,-1,1,0
4,3337,33717782,211,-109,8198
13,3336,33717804,-1,1,-2
4,3338,33727958,210,-101,8200
13,3337,33727980,0,2,-2
4,3339,33737924,201,-108,8193
13,3338,33737946,3,3,-3
4,3340,33747959,209,-119,8190
13,3339,33747981,0,0,0
4,3341,33758037,227,-114,8192
13,3340,33758059,0,0,-2
4,3342,33768145,216,-117,8194
13,3341,33768167,1,-1,0
4,3343,33778187,209,-113,8200
13,3342,33778209,0,0,3
4,3344,33788195,212,-115,8202
13,3343,33788245,2,0,-1
4,3345,33798410,218,-101,8199
13,3344,33798432,-1,-1,0
4,3346,33808498,204,-110,8176
13,3345,33808520,0,0,0
4,3347,33818504,213,-103,8190
13,3346,33818526,1,-1,0
4,3348,33828530,213,-116,8203
13,3347,33828552,1,-1,0
4,3349,33838582,210,-110,8207
13,3348,33838603,0,2,1
4,3350,33848675,210,-96,8194
13,3349,33848697,0,0,0
4,3351,33858800,211,-105,8202
13,3350,33858822,0,-1,0
4,3352,33868792,220,-109,8198
13,3351,33868814,3,0,1
4,3353,33878865,201,-96,8193
13,3352,33878887,0,0,0
4,3354,33889129,213,-104,8190
13,3353,33889151,0,1,0
4,3355,33898960,206,-107,8198
13,3354,33898982,0,1,0
4,3356,33909165,195,-117,8187
13,3355,33909187,2,1,-1
4,3357,33919189,202,-105,8192
13,3356,33919211,1,-2,0
4,3358,33929291,203,-108,8209
13,3357,33929313,-2,0,0
4,3359,33939332,225,-109,8195
13,3358,33939354,-2,0,0
4,3360,33949371,206,-100,8195
13,3359,33949393,0,1,0
4,3361,33959455,221,-102,8188
13,3360,33959477,1,1,0
4,3362,33969561,203,-94,8200
13,3361,33969583,0,2,-1
4,3363,33979591,218,-103,8198
13,3362,33979613,0,1,-2
4,3364,33989613,215,-113,8195
13,3363,33989635,-1,-1,0
4,3365,33999719,214,-114,8187
13,3364,33999741,0,-1,0
4,3366,34009910,213,-106,8213
13,3365,34009932,0,-2,-2
4,3367,34019838,219,-106,8192
13,3366,34019860,0,2,0
4,3368,34030029,211,-102,8188
13,3367,34030051,0,3,-1
4,3369,34040005,215,-102,8207
13,3368,34040027,0,3,-1
4,3370,34050272,221,-105,8194
13,3369,34050294,0,2,0
4,3371,34060159,208,-110,8194
13,3370,34060181,0,0,-1
4,3372,34070270,208,-109,8187
13,3371,34070291,0,-2,0
4,3373,34080318,221,-117,8197
13,3372,34080340,0,0,0
4,3374,34090413,207,-120,8200
13,3373,34090435,0,-2,0
4,3375,34100463,217,-108,8193
13,3374,34100485,0,-4,2
4,3376,34110558,211,-107,8200
13,3375,34110580,-1,-4,-1
4,3377,34120630,206,-103,8207
13,3376,34120652,0,-1,-1
4,3378,34130740,215,-110,8196
13,3377,34130762,0,0,-2
4,3379,34140766,202,-109,8186
13,3378,34140788,0,0,0
4,3380,34150918,212,-125,8200
13,3379,34150940,0,0,-2
4,3381,34160936,209,-112,8206
13,3380,34160958,-2,0,-2
4,3382,34171022,204,-109,8200
13,3381,34171044,1,0,0
4,3383,34181097,207,-109,8208
13,3382,34181119,1,-2,-1
4,3384,34191143,205,-92,8201
13,3383,34191165,1,-1,2
4,3385,34201231,213,-102,8197
13,3384,34201253,0,-2,0
4,3386,34211410,221,-115,8207
13,3385,34211432,0,0,-1
4,3387,34221334,213,-101,8187
13,3386,34221356,0,-5,-2
4,3388,34231473,214,-102,8186
13,3387,34231495,0,-2,-2
4,3389,34241544,207,-105,8194
13,3388,34241566,0,-2,0
4,3390,34251665,213,-103,8201
13,3389,34251687,0,-3,-1
4,3391,34261689,213,-105,8200
13,3390,34261711,0,-2,0
4,3392,34271794,218,-107,8193
13,3391,34271816,1,0,-1
4,3393,34281786,222,-117,8204
13,3392,34281808,0,0,-1
4,3394,34292121,202,-114,8207
13,3393,34292143,0,0,0
4,3395,34302051,209,-105,8201
13,3394,34302073,1,0,0
4,3396,34312127,216,-107,8192
13,3395,34312149,3,0,0
4,3397,34322211,201,-112,8191
13,3396,34322233,1,-1,-1
4,3398,34332288,201,-106,8204
13,3397,34332310,-1,3,0
4,3399,34342335,205,-106,8191
13,3398,34342357,0,0,0
4,3400,34352408,208,-100,8203
13,3399,34352430,0,0,-1
4,3401,34362493,213,-117,8203
13,3400,34362515,0,1,0
4,3402,34372658,208,-119,8203
13,3401,34372680,0,-1,0
4,3403,34382674,209,-110,8199
13,3402,34382696,0,-2,0
4,3404,34392680,218,-114,8210
13,3403,34392702,1,-1,1
4,3405,34402761,208,-106,8187
13,3404,34402783,-2,1,1
4,3406,34412874,219,-114,8186
13,3405,34412896,0,-1,-2
4,3407,34422990,204,-119,8198
13,3406,34423012,0,1,0
4,3408,34433028,215,-107,8210
13,3407,34433050,0,0,2
4,3409,34443111,213,-106,8203
13,3408,34443133,-1,1,0
4,3410,34453240,209,-102,8185
13,3409,34453262,0,1,-1
4,3411,34463218,203,-98,8184
13,3410,34463240,1,0,2
4,3412,34473211,203,-112,8198
13,3411,34473233,0,0,3
4,3413,34483355,217,-109,8203
13,3412,34483376,1,0,1
4,3414,34493410,218,-104,8200
13,3413,34493432,1,1,-1
4,3415,34503551,219,-98,8202
13,3414,34503573,1,0,0
4,3416,34513591,210,-109,8181
13,3415,34513613,2,0,0
4,3417,34523634,212,-113,8186
13,3416,34523656,2,3,0
4,3418,34533874,209,-106,8191
13,3417,34533896,1,0,-1
4,3419,34543793,206,-100,8187
13,3418,34543815,0,1,-1
4,3420,34553873,210,-102,8199
13,3419,34553895,0,0,0
4,3421,34563937,205,-103,8187
13,3420,34563959,3,0,1
4,3422,34574027,211,-104,8200
13,3421,34574048,1,1,0
4,3423,34583987,212,-99,8199
13,3422,34584009,0,0,-2
4,3424,34594144,211,-108,8198
13,3423,34594166,-3,-1,-2
4,3425,34604180,209,-97,8194
13,3424,34604202,0,-1,-1
4,3426,34614411,213,-98,8200
13,3425,34614433,1,0,0
4,3427,34624334,218,-110,8208
13,3426,34624356,0,-1,0
4,3428,34634387,213,-110,8188
13,3427,34634409,0,0,1
4,3429,34644489,199,-111,8200
13,3428,34644511,0,0,-3
4,3430,34654612,199,-101,8201
13,3429,34654634,-1,1,-2
4,3431,34664712,210,-110,8208
13,3430,34664734,-1,0,-1
4,3432,34674802,215,-112,8189
13,3431,34674824,1,0,0
4,3433,34684799,216,-105,8194
13,3432,34684821,1,0,0
4,3434,34694945,219,-111,8203
13,3433,34694967,-1,-1,0
4,3435,34704895,219,-111,8194
13,3434,34704917,0,-2,-1
4,3436,34714982,221,-107,8190
13,3435,34715004,1,-3,-1
4,3437,34724974,219,-112,8224
13,3436,34724996,2,0,-1
4,3438,34735138,208,-111,8195
13,3437,34735160,0,4,-2
4,3439,34745188,208,-104,8202
13,3438,34745210,0,0,-2
4,3440,34755216,215,-102,8201
13,3439,34755238,-2,0,0
4,3441,34765343,213,-105,8182
13,3440,34765365,0,1,0
4,3442,34775489,216,-97,8205
13,3441,34775511,0,2,0
4,3443,34785529,217,-105,8202
13,3442,34785551,0,-2,-1
4,3444,34795568,215,-107,8197
13,3443,34795590,0,1,-2
4,3445,34805663,209,-104,8211
13,3444,34805685,0,2,-1
4,3446,34815693,216,-113,8207
13,3445,34815715,0,0,0
4,3447,34825799,212,-117,8199
13,3446,34825820,1,-1,0
4,3448,34835918,205,-107,8195
13,3447,34835940,2,-1,0
4,3449,34845893,218,-115,8192
13,3448,34845915,4,0,-1
4,3450,34856010,219,-107,8181
13,3449,34856032,1,-2,-2
4,3451,34866035,220,-97,8187
13,3450,34866057,2,-1,1
4,3452,34876095,209,-109,8184
13,3451,34876116,3,-1,0
4,3453,34886183,213,-115,8197
13,3452,34886205,0,-3,1
4,3454,34896257,209,-110,8192
13,3453,34896279,0,-1,0
4,3455,34906335,214,-102,8202
13,3454,34906357,0,0,1
4,3456,34916403,220,-114,8196
13,3455,34916425,0,-1,2
4,3457,34926483,212,-112,8190
13,3456,34926505,0,1,0
4,3458,34936646,206,-106,8205
13,3457,34936668,0,2,0
4,3459,34946576,205,-117,8192
13,3458,34946598,0,-1,2
4,3460,34956643,205,-109,8195
13,3459,34956665,0,-1,0
4,3461,34966714,215,-91,8211
13,3460,34966736,0,-2,0
4,3462,34976755,207,-101,8193
13,3461,34976777,0,1,0
4,3463,34986899,205,-106,8190
13,3462,34986921,2,0,1
4,3464,34996915,209,-106,8203
13,3463,34996937,1,-1,1
# CONFIG,end,4,100.000,0,4,0
# CONFIG,end,13,100.000,0,1000,0
# END,accel_events=3464,gyro_events=3463,queue_dropped=0,malformed=0,max_poll_gap_us=135165
#
# EXPERIMENT,rotation-x
# planned_turn_us=10000000:13000000,planned_return_us=20000000:23000000
