b’436464,-29,-116,8218,0,0
37,1188,24036505,-109,36,171,16382,0
13,1189,24046448,0,1,0,0,0
4,1189,24056671,-23,-110,8224,0,0
37,1189,24056711,-109,36,171,16382,0
13,1190,24066524,0,0,0,0,0
4,1190,24076695,-32,-95,8218,0,0
37,1190,24076735,-109,36,171,16382,0
13,1191,24086721,0,2,0,0,0
L,24089221,VALID,-0.023,-0.023,1
4,1191,24096833,-42,-94,8228,0,0
37,1191,24096874,-108,36,172,16382,0
13,1192,24106772,0,2,1,0,0
4,1192,24116941,-52,-97,8226,0,0
37,1192,24116982,-108,37,172,16382,0
13,1193,24126910,-1,1,0,0,0
4,1193,24137122,-50,-106,8231,0,0
37,1193,24137163,-108,37,172,16382,0
13,1194,24147048,2,1,1,0,0
4,1194,24157185,-43,-105,8234,0,0
37,1194,24157226,-108,38,172,16382,0
13,1195,24167160,1,-2,0,0,0
4,1195,24177323,-44,-104,8226,0,0
37,1195,24177364,-107,38,172,16382,0
13,1196,24187323,0,0,0,0,0
L,24189822,VALID,-0.037,-0.009,1
4,1196,24197454,-31,-117,8220,0,0
37,1196,24197494,-108,38,172,16382,0
13,1197,24207386,0,-1,0,0,0
4,1197,24217580,-41,-119,8235,0,0
37,1197,24217621,-108,38,172,16382,0
13,1198,24227407,0,-1,0,0,0
4,1198,24237665,-28,-108,8224,0,0
37,1198,24237705,-108,37,172,16382,0
13,1199,24247614,0,1,0,0,0
4,1199,24257748,-26,-106,8213,0,0
37,1199,24257789,-108,37,172,16382,0
13,1200,24267717,0,2,0,0,0
4,1200,24277818,-29,-98,8228,0,0
37,1200,24277859,-108,37,172,16382,0
13,1201,24287836,-1,2,0,0,0
L,24290432,VALID,-0.030,-0.016,1
4,1201,24298080,-40,-95,8223,0,0
37,1201,24298120,-108,37,172,16382,0
13,1202,24307985,0,0,0,0,0
4,1202,24318042,-43,-99,8228,0,0
37,1202,24318082,-107,37,172,16382,0
13,1203,24328129,0,1,0,0,0
4,1203,24338207,-56,-107,8228,0,0
37,1203,24338247,-107,38,172,16382,0
13,1204,24348162,-1,1,0,0,0
4,1204,24358421,-52,-101,8225,0,0
37,1204,24358462,-107,38,172,16382,0
13,1205,24368319,0,1,0,0,0
4,1205,24378540,-53,-115,8224,0,0
37,1205,24378580,-108,39,172,16382,0
13,1206,24388456,0,0,0,0,0
L,24390955,VALID,-0.030,-0.002,1
4,1206,24398464,-50,-109,8229,0,0
37,1206,24398505,-108,39,172,16382,0
13,1207,24408706,0,0,0,0,0
4,1207,24418775,-36,-117,8223,0,0
37,1207,24418815,-108,39,172,16382,0
13,1208,24428708,2,-2,1,0,0
4,1208,24438841,-35,-108,8224,0,0
37,1208,24438882,-108,39,172,16382,0
13,1209,24448887,0,-1,0,0,0
4,1209,24459050,-26,-112,8219,0,0
37,1209,24459090,-108,38,172,16382,0
13,1210,24469049,0,0,1,0,0
4,1210,24479064,-28,-104,8227,0,0
37,1210,24479105,-108,38,172,16382,0
13,1211,24489083,1,0,0,0,0
L,24491582,VALID,-0.030,-0.009,1
4,1211,24499160,-26,-108,8214,0,0
37,1211,24499200,-108,37,172,16382,0
13,1212,24509099,-1,1,0,0,0
4,1212,24519278,-35,-106,8223,0,0
37,1212,24519319,-108,37,172,16382,0
13,1213,24529237,0,0,0,0,0
4,1213,24539536,-35,-107,8206,0,0
37,1213,24539577,-108,37,172,16382,0
13,1214,24549386,-1,1,1,0,0
4,1214,24559503,-41,-116,8227,0,0
37,1214,24559543,-108,37,172,16382,0
13,1215,24569608,0,1,0,0,0
4,1215,24579641,-51,-111,8232,0,0
37,1215,24579682,-109,38,173,16382,0
13,1216,24589658,0,0,1,0,0
L,24592132,VALID,-0.023,-0.009,1
4,1216,24599632,-42,-117,8230,0,0
37,1216,24599673,-109,38,173,16382,0
13,1217,24609751,0,0,0,0,0
4,1217,24620017,-44,-104,8233,0,0
37,1217,24620057,-108,38,173,16382,0
13,1218,24629873,0,-1,0,0,0
4,1218,24639921,-32,-113,8217,0,0
37,1218,24639961,-109,38,173,16382,0
13,1219,24649983,0,-1,0,0,0
4,1219,24660069,-24,-109,8223,0,0
37,1219,24660109,-109,37,173,16382,0
13,1220,24670167,-1,-2,0,0,0
4,1220,24680275,-26,-104,8227,0,0
37,1220,24680316,-109,36,173,16382,0
13,1221,24690207,0,0,0,0,0
L,24692689,VALID,-0.023,-0.023,1
4,1221,24700467,-25,-111,8225,0,0
37,1221,24700507,-109,36,173,16382,0
13,1222,24710371,0,0,0,0,0
4,1222,24720421,-18,-103,8213,0,0
37,1222,24720462,-109,35,173,16382,0
13,1223,24730377,0,0,0,0,0
4,1223,24740567,-34,-106,8230,0,0
37,1223,24740608,-108,35,173,16382,0
13,1224,24750585,0,1,0,0,0
4,1224,24760617,-43,-100,8218,0,0
37,1224,24760658,-108,36,173,16382,0
13,1225,24770714,0,0,0,0,0
4,1225,24780843,-31,-117,8224,0,0
37,1225,24780884,-109,36,173,16382,0
13,1226,24790819,0,1,1,0,0
L,24793325,VALID,-0.023,-0.023,1
4,1226,24800871,-53,-118,8233,0,0
37,1226,24800911,-109,36,173,16382,0
13,1227,24810809,-1,0,1,0,0
4,1227,24821128,-48,-107,8233,0,0
37,1227,24821168,-109,37,173,16382,0
13,1228,24831045,0,-1,0,0,0
4,1228,24841109,-43,-104,8224,0,0
37,1228,24841150,-109,37,173,16382,0
13,1229,24851178,0,0,0,0,0
4,1229,24861340,-33,-108,8224,0,0
37,1229,24861380,-109,37,173,16382,0
13,1230,24871272,-1,0,0,0,0
4,1230,24881392,-29,-105,8225,0,0
37,1230,24881432,-109,36,173,16382,0
13,1231,24891375,-1,1,1,0,0
L,24893979,VALID,-0.023,-0.023,1
4,1231,24901462,-27,-105,8221,0,0
37,1231,24901503,-109,36,173,16382,0
13,1232,24911434,0,0,0,0,0
4,1232,24921615,-29,-107,8221,0,0
37,1232,24921655,-108,36,173,16382,0
13,1233,24931634,0,0,0,0,0
4,1233,24941812,-42,-106,8219,0,0
37,1233,24941853,-108,36,173,16382,0
13,1234,24951727,-1,0,0,0,0
4,1234,24961805,-35,-102,8231,0,0
37,1234,24961845,-108,36,173,16382,0
13,1235,24971778,-1,1,0,0,0
4,1235,24981933,-40,-97,8228,0,0
37,1235,24981973,-108,36,173,16382,0
13,1236,24991966,-1,2,1,0,0
L,24994563,VALID,-0.030,-0.023,1
4,1236,25002012,-39,-111,8232,0,0
37,1236,25002052,-108,37,173,16382,0
13,1237,25012010,0,0,0,0,0
4,1237,25022319,-54,-111,8226,0,0
37,1237,25022360,-108,37,173,16382,0
13,1238,25032183,0,1,0,0,0
4,1238,25042312,-48,-110,8231,0,0
37,1238,25042352,-108,38,173,16382,0
13,1239,25052278,0,1,0,0,0
4,1239,25062423,-45,-107,8221,0,0
37,1239,25062463,-108,38,173,16382,0
13,1240,25072510,0,0,0,0,0
4,1240,25082543,-37,-103,8222,0,0
37,1240,25082583,-108,38,173,16382,0
13,1241,25092533,3,0,1,0,0
L,25095016,VALID,-0.030,-0.009,1
4,1241,25102680,-33,-100,8217,0,0
37,1241,25102721,-107,38,173,16382,0
13,1242,25112610,0,-1,1,0,0
4,1242,25122782,-29,-105,8218,0,0
37,1242,25122823,-107,37,173,16382,0
13,1243,25132645,-1,1,-1,0,0
4,1243,25142866,-21,-103,8229,0,0
37,1243,25142907,-107,37,173,16382,0
13,1244,25152834,0,0,-1,0,0
4,1244,25162902,-22,-104,8220,0,0
37,1244,25162970,-107,36,173,16382,0
13,1245,25173032,0,0,0,0,0
4,1245,25183179,-38,-100,8225,0,0
37,1245,25183219,-107,36,173,16382,0
13,1246,25193153,1,1,1,0,0
L,25195635,VALID,-0.037,-0.023,1
4,1246,25203161,-40,-112,8219,0,0
37,1246,25203202,-107,37,173,16382,0
13,1247,25213212,-1,1,-1,0,0
4,1247,25223341,-41,-109,8233,0,0
37,1247,25223381,-107,37,173,16382,0
13,1248,25233401,0,2,0,0,0
4,1248,25243451,-54,-116,8228,0,0
37,1248,25243491,-108,38,173,16382,0
13,1249,25253487,-1,0,0,0,0
4,1249,25263699,-49,-105,8235,0,0
37,1249,25263740,-107,38,173,16382,0
13,1250,25273590,0,1,-2,0,0
4,1250,25283649,-48,-110,8226,0,0
37,1250,25283689,-108,38,173,16382,0
13,1251,25293736,-1,0,1,0,0
L,25296323,VALID,-0.030,-0.009,1
4,1251,25303783,-42,-106,8217,0,0
37,1251,25303824,-108,39,173,16382,0
13,1252,25313847,-1,0,0,0,0
4,1252,25323897,-26,-107,8226,0,0
37,1252,25323937,-108,38,173,16382,0
13,1253,25333959,0,0,-1,0,0
4,1253,25344106,-30,-106,8221,0,0
37,1253,25344147,-108,38,173,16382,0
13,1254,25353976,0,-2,0,0,0
4,1254,25364182,-28,-109,8220,0,0
37,1254,25364223,-108,37,173,16382,0
13,1255,25374191,0,0,0,0,0
4,1255,25384336,-32,-114,8216,0,0
37,1255,25384376,-108,37,173,16382,0
13,1256,25394251,0,1,-1,0,0
L,25396829,VALID,-0.030,-0.016,1
4,1256,25404390,-42,-100,8224,0,0
37,1256,25404430,-108,37,173,16382,0
13,1257,25414414,-1,0,-1,0,0
4,1257,25424528,-37,-114,8225,0,0
37,1257,25424568,-108,37,173,16382,0
13,1258,25434690,0,0,0,0,0
4,1258,25444645,-50,-116,8228,0,0
37,1258,25444685,-109,38,173,16382,0
13,1259,25454706,-1,1,-1,0,0
4,1259,25464751,-49,-114,8231,0,0
37,1259,25464792,-109,38,172,16382,0
13,1260,25474698,0,0,0,0,0
4,1260,25484809,-40,-115,8227,0,0
37,1260,25484849,-109,38,172,16382,0
13,1261,25494894,0,0,-2,0,0
L,25497491,VALID,-0.023,-0.009,1
4,1261,25505078,-42,-97,8230,0,0
37,1261,25505118,-109,38,172,16382,0
13,1262,25514956,0,0,2,0,0
4,1262,25525065,-35,-110,8230,0,0
37,1262,25525106,-109,38,173,16382,0
13,1263,25535083,0,-1,0,0,0
4,1263,25545231,-32,-113,8221,0,0
37,1263,25545272,-109,38,173,16382,0
13,1264,25555223,0,0,0,0,0
4,1264,25565335,-35,-110,8215,0,0
37,1264,25565375,-109,37,173,16382,0
13,1265,25575292,-1,-1,1,0,0
4,1265,25585575,-28,-111,8218,0,0
37,1265,25585615,-109,37,173,16382,0
13,1266,25595499,0,1,0,0,0
L,25597979,VALID,-0.023,-0.016,1
4,1266,25605558,-33,-100,8228,0,0
37,1266,25605598,-109,37,173,16382,0
13,1267,25615582,-1,1,-1,0,0
4,1267,25625763,-38,-111,8233,0,0
37,1267,25625803,-109,37,173,16382,0
13,1268,25635720,0,1,0,0,0
4,1268,25645811,-42,-111,8233,0,0
37,1268,25645852,-109,37,173,16382,0
13,1269,25655874,0,1,0,0,0
4,1269,25666091,-41,-104,8235,0,0
37,1269,25666132,-109,37,173,16382,0
13,1270,25675988,0,1,0,0,0
4,1270,25686083,-47,-104,8235,0,0
37,1270,25686123,-109,38,173,16382,0
13,1271,25696090,0,0,0,0,0
L,25698563,VALID,-0.023,-0.009,1
4,1271,25706341,-49,-98,8228,0,0
37,1271,25706382,-109,38,173,16382,0
13,1272,25716227,0,0,0,0,0
4,1272,25726302,-35,-102,8223,0,0
37,1272,25726342,-108,38,173,16382,0
13,1273,25736242,1,0,0,0,0
4,1273,25746578,-37,-108,8222,0,0
37,1273,25746619,-108,38,173,16382,0
13,1274,25756451,0,-1,0,0,0
4,1274,25766543,-44,-109,8231,0,0
37,1274,25766584,-108,38,173,16382,0
13,1275,25776570,1,0,0,0,0
4,1275,25786715,-34,-103,8214,0,0
37,1275,25786783,-108,38,173,16382,0
13,1276,25796698,0,0,-1,0,0
L,25799303,VALID,-0.030,-0.009,1
4,1276,25806850,-22,-107,8223,0,0
37,1276,25806890,-108,37,173,16382,0
13,1277,25816856,-2,0,-2,0,0
4,1277,25826981,-31,-110,8222,0,0
37,1277,25827022,-108,37,172,16382,0
13,1278,25836957,-1,-1,0,0,0
4,1278,25847061,-42,-110,8230,0,0
37,1278,25847101,-109,37,172,16382,0
13,1279,25856974,-2,0,0,0,0
4,1279,25867292,-33,-108,8227,0,0
37,1279,25867332,-109,36,173,16382,0
13,1280,25877138,-2,-1,0,0,0
4,1280,25887281,-47,-113,8227,0,0
37,1280,25887321,-109,37,173,16382,0
13,1281,25897309,0,0,1,0,0
L,25899791,VALID,-0.023,-0.016,1
4,1281,25907473,-42,-109,8233,0,0
37,1281,25907541,-109,37,173,16382,0
13,1282,25917551,0,-1,0,0,0
4,1282,25927631,-40,-110,8227,0,0
37,1282,25927672,-109,37,173,16382,0
13,1283,25937552,9,-3,1,0,0
4,1283,25947740,-52,-100,8223,0,0
37,1283,25947781,-105,36,173,16382,0
13,1284,25957791,33,-12,5,0,0
4,1284,25967842,-28,-98,8221,0,0
37,1284,25967883,-105,35,174,16382,0
13,1285,25977929,1,-1,3,0,0
4,1285,25988099,-31,-101,8234,0,0
37,1285,25988140,-104,35,174,16382,0
13,1286,25997955,-1,-2,0,0,0
L,26000627,VALID,-0.057,-0.030,1
4,1286,26008050,-28,-99,8224,0,0
37,1286,26008090,-105,34,174,16382,0
13,1287,26018004,-19,8,0,0,0
4,1287,26028245,-40,-113,8215,0,0
37,1287,26028286,-108,36,174,16382,0
13,1288,26038177,-18,7,0,0,0
4,1288,26048376,-33,-121,8215,0,0
37,1288,26048416,-108,36,174,16382,0
13,1289,26058343,14,-6,-1,0,0
4,1289,26068541,-37,-128,8201,0,0
37,1289,26068582,-109,35,174,16382,0
13,1290,26078557,-3,-16,4,0,0
4,1290,26088589,-38,-88,8235,0,0
37,1290,26088630,-107,33,174,16382,0
13,1291,26098642,6,-12,9,0,0
L,26101333,VALID,-0.036,-0.044,1
4,1291,26108678,-44,-109,8244,0,0
37,1291,26108719,-106,33,177,16382,0
13,1292,26118760,0,-5,67,0,0
4,1292,26128934,-49,-119,8202,0,0
37,1292,26128975,-107,32,184,16382,0
13,1293,26138866,-2,-8,82,0,0
4,1293,26149029,45,-366,8220,0,0
37,1293,26149070,-111,30,197,16382,0
13,1294,26159002,-8,-16,234,0,0
4,1294,26169021,-72,10,8218,0,0
37,1294,26169061,-108,29,219,16382,0
13,1295,26179158,-2,-27,176,0,0
4,1295,26189315,-65,24,8226,0,0
37,1295,26189355,-107,27,223,16382,0
13,1296,26199227,-1,-29,-30,0,0
L,26202186,VALID,-0.037,-0.084,1
4,1296,26209418,-19,-83,8230,0,0
37,1296,26209458,-108,24,220,16382,0
13,1297,26219407,-3,-28,-14,0,0
4,1297,26229546,-11,-94,8228,0,0
37,1297,26229587,-108,22,220,16382,0
13,1298,26239403,-7,-10,-2,0,0
4,1298,26249579,-18,-109,8230,0,0
37,1298,26249619,-109,21,220,16382,0
13,1299,26259664,-5,-3,-2,0,0
4,1299,26269759,-30,-109,8244,0,0
37,1299,26269800,-109,21,220,16382,0
13,1300,26279785,4,-8,-1,0,0
4,1300,26289845,-29,-105,8243,0,0
37,1300,26289912,-108,20,220,16382,0
13,1301,26299933,5,-10,0,0,0
L,26302596,VALID,-0.029,-0.133,1
4,1301,26310071,-19,-98,8225,0,0
37,1301,26310111,-108,20,219,16382,0
13,1302,26319898,-17,9,-1,0,0
4,1302,26330192,-22,-116,8234,0,0
37,1302,26330232,-110,21,219,16382,0
13,1303,26340103,-23,14,-1,0,0
4,1303,26350232,-27,-117,8218,0,0
37,1303,26350273,-113,23,219,16382,0
13,1304,26360255,-26,17,1,0,0
4,1304,26370360,-43,-110,8230,0,0
37,1304,26370400,-115,24,220,16382,0
13,1305,26380334,-28,16,2,0,0
4,1305,26390559,-37,-103,8244,0,0
37,1305,26390599,-118,26,220,16382,0
13,1306,26400481,-53,21,2,0,0
L,26403267,VALID,0.041,-0.090,1
4,1306,26410543,-28,-126,8250,0,0
37,1306,26410584,-123,27,220,16382,0
13,1307,26420565,-38,14,0,0,0
4,1307,26430775,-33,-128,8225,0,0
37,1307,26430815,-125,28,220,16382,0
13,1308,26440732,-16,4,0,0,0
4,1308,26450799,-32,-140,8224,0,0
37,1308,26450839,-127,29,220,16382,0
13,1309,26460850,2,-1,-1,0,0
4,1309,26471005,-33,-142,8205,0,0
37,1309,26471045,-125,28,220,16382,0
13,1310,26480910,31,-11,1,0,0
4,1310,26490978,-28,-127,8251,0,0
37,1310,26491018,-122,27,220,16382,0
13,1311,26501073,32,-6,1,0,0
L,26503764,VALID,0.068,-0.082,1
4,1311,26511169,-30,-121,8227,0,0
37,1311,26511209,-120,27,220,16382,0
13,1312,26521099,16,-3,-1,0,0
4,1312,26531279,-42,-119,8254,0,0
37,1312,26531320,-119,27,220,16382,0
13,1313,26541305,5,-4,0,0,0
4,1313,26551522,-40,-107,8260,0,0
37,1313,26551562,-119,27,220,16382,0
13,1314,26561358,-17,6,0,0,0
4,1314,26571504,-41,-113,8231,0,0
37,1314,26571545,-120,29,220,16382,0
13,1315,26581597,-13,8,-2,0,0
4,1315,26591684,-36,-125,8234,0,0
37,1315,26591725,-121,29,220,16382,0
13,1316,26601684,-6,2,0,0,0
L,26604274,VALID,0.061,-0.069,1
4,1316,26611701,-39,-125,8234,0,0
37,1316,26611741,-122,30,220,16382,0
13,1317,26621734,-11,5,0,0,0
4,1317,26632008,-35,-114,8231,0,0
37,1317,26632049,-123,31,220,16382,0
13,1318,26641760,-15,8,0,0,0
4,1318,26651965,-46,-117,8231,0,0
37,1318,26652005,-124,32,220,16382,0
13,1319,26661990,-11,6,0,0,0
4,1319,26672060,-31,-127,8231,0,0
37,1319,26672101,-125,32,220,16382,0
13,1320,26682191,-10,6,0,0,0
4,1320,26692236,-34,-141,8233,0,0
37,1320,26692276,-126,33,220,16381,0
13,1321,26702309,-2,1,0,0,0
L,26704888,VALID,0.096,-0.040,1
4,1321,26712413,-33,-144,8224,0,0
37,1321,26712453,-127,33,220,16381,0
13,1322,26722335,3,-1,1,0,0
4,1322,26732439,-34,-132,8224,0,0
37,1322,26732479,-127,32,220,16381,0
13,1323,26742564,5,-3,0,0,0
4,1323,26752645,-40,-130,8242,0,0
37,1323,26752685,-126,32,220,16381,0
13,1324,26762611,0,-2,-1,0,0
4,1324,26772713,-40,-115,8232,0,0
37,1324,26772753,-126,33,220,16381,0
13,1325,26782730,-10,6,0,0,0
4,1325,26792912,-49,-124,8204,0,0
37,1325,26792953,-126,34,220,16381,0
13,1326,26802887,11,-1,-2,0,0
L,26805637,VALID,0.096,-0.033,1
4,1326,26812845,-35,-126,8235,0,0
37,1326,26812886,-125,33,219,16382,0
13,1327,26822972,16,-13,0,0,0
4,1327,26833084,-53,-126,8279,0,0
37,1327,26833124,-123,32,219,16382,0
13,1328,26843100,27,-26,-2,0,0
4,1328,26853100,-35,-105,8237,0,0
37,1328,26853140,-120,29,219,16382,0
13,1329,26863082,34,-39,-29,0,0
4,1329,26873375,270,-138,8218,0,0
37,1329,26873416,-117,19,164,16382,0
13,1330,26883288,51,-77,-1428,0,0
4,1330,26893402,-134,-158,8221,0,0
37,1330,26893442,-114,16,38,16383,0
13,1331,26903340,12,-54,-1117,0,0
L,26906464,VALID,0.015,-0.169,1
4,1331,26913499,-53,-62,8301,0,0
37,1331,26913539,-112,11,-42,16383,0
13,1332,26923536,20,-37,-818,0,0
4,1332,26933546,87,-184,8242,0,0
37,1332,26933613,-111,6,-111,16383,0
13,1333,26943811,22,-30,-773,0,0
4,1333,26953823,-266,-60,8258,0,0
37,1333,26953863,-107,8,-163,16382,0
13,1334,26963855,23,-17,-253,0,0
4,1334,26973858,-38,-81,8245,0,0
37,1334,26973899,-106,4,-168,16382,0
13,1335,26983802,7,-15,-49,0,0
4,1335,26993983,-53,-69,8224,0,0
37,1335,26994023,-107,3,-172,16382,0
13,1336,27004046,8,-24,-8,0,0
L,27006822,VALID,-0.034,-0.270,1
4,1336,27014160,-16,-76,8291,0,0
37,1336,27014200,-105,1,-172,16382,0
13,1337,27024078,-3,-9,-13,0,0
4,1337,27034320,-30,-61,8271,0,0
37,1337,27034360,-105,1,-173,16382,0
13,1338,27044214,-9,-6,-4,0,0
4,1338,27054345,-25,-74,8270,0,0
37,1338,27054412,-105,1,-173,16382,0
13,1339,27064414,-7,-3,-4,0,0
4,1339,27074538,-25,-93,8262,0,0
37,1339,27074578,-105,2,-174,16382,0
13,1340,27084501,-7,1,-3,0,0
4,1340,27094673,-32,-109,8255,0,0
37,1340,27094713,-106,3,-174,16382,0
13,1341,27104664,-5,1,-3,0,0
L,27107328,VALID,-0.041,-0.270,1
4,1341,27114829,-28,-99,8287,0,0
37,1341,27114869,-106,4,-174,16382,0
13,1342,27124766,-1,4,0,0,0
4,1342,27134912,-28,-114,8280,0,0
37,1342,27134952,-106,5,-174,16382,0
13,1343,27144887,-1,5,1,0,0
4,1343,27155032,-38,-122,8286,0,0
37,1343,27155072,-107,6,-174,16382,0
13,1344,27165058,-7,11,4,0,0
4,1344,27175110,-25,-110,8271,0,0
37,1344,27175150,-108,8,-173,16382,0
13,1345,27185109,-17,21,6,0,0
4,1345,27195360,-49,-474,8237,0,0
37,1345,27195400,-116,11,-175,16382,0
13,1346,27205293,-43,35,-318,0,0
L,27208320,VALID,0.030,-0.214,1
4,1346,27215448,-34,154,8247,0,0
37,1346,27215488,-109,14,-217,16382,0
13,1347,27225367,-39,44,-46,0,0
4,1347,27235533,6,29,8225,0,0
37,1347,27235573,-117,18,-200,16382,0
13,1348,27245452,-54,33,44,0,0
4,1348,27255669,-43,-92,8236,0,0
37,1348,27255709,-124,21,-201,16382,0
13,1349,27265651,-63,24,0,0,0
4,1349,27275849,-19,-117,8234,0,0
37,1349,27275889,-128,23,-201,16382,0
13,1350,27285781,-33,16,0,0,0
4,1350,27295875,-21,-126,8207,0,0
37,1350,27295915,-129,24,-201,16382,0
13,1351,27305875,-9,14,40,0,0
L,27308652,VALID,0.122,-0.126,1
4,1351,27316077,-116,-279,8240,0,0
37,1351,27316117,-132,26,-172,16382,0
13,1352,27326032,-30,21,608,0,0
4,1352,27336130,110,-12,8233,0,0
37,1352,27336170,-132,27,-130,16382,0
13,1353,27346210,1,7,271,0,0
4,1353,27356365,4,-141,8234,0,0
37,1353,27356405,-133,27,-111,16383,0
13,1354,27366262,-6,6,316,0,0
4,1354,27376554,139,-14,8220,0,0
37,1354,27376595,-131,27,-63,16383,0
13,1355,27386443,13,4,700,0,0
4,1355,27396606,-305,-284,8231,0,0
37,1355,27396647,-131,32,-17,16383,0
13,1356,27406589,15,-3,175,0,0
L,27409470,VALID,0.134,-0.060,1
4,1356,27416634,167,-144,8223,0,0
37,1356,27416675,-130,26,-4,16383,0
13,1357,27426830,17,1,617,0,0
4,1357,27436989,-119,-160,8233,0,0
37,1357,27437029,-128,32,83,16383,0
13,1358,27446849,17,1,884,0,0
4,1358,27456986,-78,-120,8222,0,0
37,1358,27457026,-126,30,141,16382,0
13,1359,27467044,19,1,655,0,0
4,1359,27477183,-103,-79,8229,0,0
37,1359,27477224,-124,32,198,16382,0
13,1360,27487213,17,0,421,0,0
4,1360,27497260,-16,-82,8239,0,0
37,1360,27497301,-122,31,207,16382,0
13,1361,27507276,25,-6,-20,0,0
L,27510115,VALID,0.068,-0.055,1
4,1361,27517467,-74,-234,8219,0,0
37,1361,27517508,-122,32,205,16382,0
13,1362,27527294,5,1,-103,0,0
4,1362,27537525,25,-40,8215,0,0
37,1362,27537566,-119,30,195,16382,0
13,1363,27547508,7,0,-26,0,0
4,1363,27557725,-28,-138,8236,0,0
37,1363,27557765,-119,30,195,16382,0
13,1364,27567648,1,2,-16,0,0
4,1364,27577778,-28,-120,8231,0,0
37,1364,27577818,-120,31,193,16382,0
13,1365,27587878,-19,9,-24,0,0
4,1365,27598009,-36,-123,8224,0,0
37,1365,27598050,-123,32,192,16382,0
13,1366,27607955,-24,10,0,0,0
L,27610742,VALID,0.075,-0.049,1
4,1366,27617923,-43,-140,8228,0,0
37,1366,27617963,-125,33,192,16382,0
13,1367,27628068,-10,3,-1,0,0
4,1367,27638266,-50,-129,8217,0,0
37,1367,27638306,-125,34,192,16382,0
13,1368,27648205,4,-3,0,0,0
4,1368,27658265,-49,-111,8220,0,0
37,1368,27658305,-124,33,192,16382,0
13,1369,27668325,14,-10,2,0,0
4,1369,27678455,-38,-112,8232,0,0
37,1369,27678496,-122,33,192,16382,0
13,1370,27688491,12,-8,-1,0,0
4,1370,27698595,-35,-118,8227,0,0
37,1370,27698636,-121,32,191,16382,0
13,1371,27708517,-3,0,-14,0,0
L,27711274,VALID,0.061,-0.049,1
4,1371,27718741,-77,-279,8238,0,0
37,1371,27718782,-124,33,183,16382,0
13,1372,27728722,-20,1,-228,0,0
4,1372,27738756,-58,-245,8222,0,0
37,1372,27738796,-127,33,158,16382,0
13,1373,27748702,-7,0,-409,0,0
4,1373,27758962,14,-118,8157,0,0
37,1373,27759002,-123,30,111,16383,0
13,1374,27768900,63,-21,-444,0,0
4,1374,27778998,74,-255,8280,0,0
37,1374,27779038,-118,27,74,16383,0
13,1375,27789019,32,-11,-387,0,0
4,1375,27799127,-89,261,8247,0,0
37,1375,27799167,-112,29,61,16383,0
13,1376,27809210,6,-8,-7,0,0
L,27811867,VALID,0.000,-0.077,1
4,1376,27819247,-31,-148,8236,0,0
37,1376,27819288,-114,29,61,16383,0
13,1377,27829193,1,-7,-3,0,0
4,1377,27839574,-47,-123,8206,0,0
37,1377,27839614,-112,28,61,16383,0
13,1378,27849365,37,-21,-3,0,0
4,1378,27859493,-39,-104,8244,0,0
37,1378,27859534,-108,26,60,16383,0
13,1379,27869537,45,-27,-46,0,0
4,1379,27879685,131,-267,8221,0,0
37,1379,27879725,-105,21,36,16383,0
13,1380,27889708,48,-44,-453,0,0
4,1380,27899789,-225,86,8258,0,0
37,1380,27899829,-99,19,16,16383,0
13,1381,27909766,25,-25,-5,0,0
L,27912642,VALID,-0.090,-0.149,1
4,1381,27919953,-6,-109,8252,0,0
37,1381,27920020,-99,17,16,16383,0
13,1382,27929844,13,-19,-47,0,0
4,1382,27940047,270,-189,8231,0,0
37,1382,27940088,-98,12,-5,16383,0
13,1383,27950071,21,-38,-479,0,0
4,1383,27960157,-154,-101,8229,0,0
37,1383,27960197,-95,12,-48,16383,0
13,1384,27970164,26,-37,-332,0,0
4,1384,27980286,-182,-29,8244,0,0
37,1384,27980327,-93,8,-57,16383,0
13,1385,27990249,18,-29,5,0,0
4,1385,28000457,-13,-111,8258,0,0
37,1385,28000497,-91,6,-57,16383,0
13,1386,28010430,19,-29,-3,0,0
L,28013269,VALID,-0.146,-0.243,1
4,1386,28020494,-24,-81,8269,0,0
37,1386,28020534,-89,4,-57,16383,0
13,1387,28030506,12,-17,0,0,0
4,1387,28040723,4,-43,8211,0,0
37,1387,28040763,-89,2,-58,16383,0
13,1388,28050702,-12,-12,-1,0,0
4,1388,28060829,-42,-109,8350,0,0
37,1388,28060869,-89,2,-57,16383,0
13,1389,28070782,10,-6,0,0,0
4,1389,28080998,-29,-81,8243,0,0
37,1389,28081038,-88,2,-58,16383,0
13,1390,28091022,-2,-5,0,0,0
4,1390,28101093,-34,-67,8294,0,0
37,1390,28101134,-88,3,-58,16383,0
13,1391,28111065,-7,-5,-2,0,0
L,28113827,VALID,-0.167,-0.264,1
4,1391,28121189,-25,-78,8270,0,0
37,1391,28121229,-89,3,-58,16383,0
13,1392,28131143,-18,4,-1,0,0
4,1392,28141307,-30,-89,8284,0,0
37,1392,28141348,-91,5,-58,16383,0
13,1393,28151220,-20,9,-1,0,0
4,1393,28161479,-16,-94,8266,0,0
37,1393,28161519,-93,6,-58,16383,0
13,1394,28171356,-25,17,-2,0,0
4,1394,28181454,-26,-108,8265,0,0
37,1394,28181494,-96,8,-58,16383,0
13,1395,28191547,-39,25,0,0,0
4,1395,28201655,-17,-115,8229,0,0
37,1395,28201695,-99,10,-58,16383,0
13,1396,28211692,-41,28,2,0,0
L,28214480,VALID,-0.090,-0.215,1
4,1396,28221669,-10,-112,8243,0,0
37,1396,28221709,-103,13,-58,16383,0
13,1397,28231726,-40,38,3,0,0
4,1397,28241926,-11,-108,8204,0,0
37,1397,28241966,-106,17,-58,16383,0
13,1398,28251930,-39,33,3,0,0
4,1398,28262010,-26,-104,8250,0,0
37,1398,28262050,-110,20,-57,16383,0
13,1399,28272037,-56,33,-3,0,0
4,1399,28282176,-34,-113,8256,0,0
37,1399,28282216,-118,23,-59,16383,0
13,1400,28292105,-80,37,-15,0,0
4,1400,28302210,-33,-112,8243,0,0
37,1400,28302251,-121,27,-59,16383,0
13,1401,28312295,-39,30,4,0,0
L,28315056,VALID,0.065,-0.097,1
4,1401,28322394,-29,-134,8172,0,0
37,1401,28322435,-125,28,-59,16383,0
13,1402,28332417,-20,13,0,0,0
4,1402,28342466,-27,-126,8252,0,0
37,1402,28342507,-126,29,-59,16383,0
13,1403,28352544,-18,11,-3,0,0
4,1403,28362587,-36,-136,8242,0,0
37,1403,28362628,-128,30,-59,16383,0
13,1404,28372535,-7,3,0,0,0
4,1404,28382750,-54,-153,8233,0,0
37,1404,28382790,-128,30,-59,16383,0
13,1405,28392759,8,-7,0,0,0
4,1405,28402947,-33,-148,8230,0,0
37,1405,28402988,-128,30,-59,16383,0
13,1406,28412845,15,-4,0,0,0
L,28415500,VALID,0.114,-0.076,1
4,1406,28422914,-22,-141,8226,0,0
37,1406,28422955,-127,30,-59,16383,0
13,1407,28432972,6,2,0,0,0
4,1407,28443085,-18,-135,8242,0,0
37,1407,28443126,-127,30,-59,16383,0
13,1408,28453231,0,4,0,0,0
4,1408,28463178,-33,-128,8229,0,0
37,1408,28463218,-127,30,-59,16383,0
13,1409,28473307,1,0,1,0,0
4,1409,28483360,-32,-125,8231,0,0
37,1409,28483401,-127,30,-59,16383,0
13,1410,28493256,3,-4,0,0,0
4,1410,28503435,-28,-125,8225,0,0
37,1410,28503476,-126,29,-59,16383,0
13,1411,28513454,7,-6,-1,0,0
L,28516136,VALID,0.100,-0.083,1
4,1411,28523636,-18,-116,8235,0,0
37,1411,28523676,-125,28,-59,16383,0
13,1412,28533566,2,-1,0,0,0
4,1412,28543651,-43,-118,8248,0,0
37,1412,28543691,-125,29,-59,16383,0
13,1413,28553651,4,1,1,0,0
4,1413,28563892,-45,-138,8215,0,0
37,1413,28563933,-125,30,-59,16383,0
13,1414,28573764,0,0,0,0,0
4,1414,28583934,-44,-129,8230,0,0
37,1414,28583974,-124,30,-59,16383,0
13,1415,28593860,20,-10,-1,0,0
4,1415,28604100,-29,-135,8267,0,0
37,1415,28604141,-122,28,-59,16383,0
13,1416,28614074,20,-11,0,0,0
L,28616824,VALID,0.072,-0.090,1
4,1416,28624135,-37,-134,8251,0,0
37,1416,28624175,-121,28,-59,16383,0
13,1417,28634115,6,-3,0,0,0
4,1417,28644397,-26,-145,8220,0,0
37,1417,28644437,-122,28,-59,16383,0
13,1418,28654245,9,0,0,0,0
4,1418,28664361,-29,-136,8239,0,0
37,1418,28664402,-120,27,-59,16383,0
13,1419,28674451,20,-11,1,0,0
4,1419,28684511,-25,-114,8240,0,0
37,1419,28684551,-118,26,-59,16383,0
13,1420,28694501,20,-14,1,0,0
4,1420,28704667,-28,-111,8231,0,0
37,1420,28704708,-116,25,-59,16383,0
13,1421,28714650,30,-23,1,0,0
L,28717417,VALID,0.030,-0.111,1
4,1421,28724970,-38,-95,8245,0,0
37,1421,28725010,-113,22,-59,16383,0
13,1422,28734821,31,-28,-2,0,0
4,1422,28744854,-35,-105,8248,0,0
37,1422,28744895,-110,20,-59,16383,0
Bootloader starting
NRF_POWER->GPREGRET2 = 0004
CONFIG_GPIO_AS_PINRESET NOT defined
BHI260/BHA260 found. Product ID read 89
Loading firmware. Boot status: 11
No BHY UPDATE file found!
No ANNA_UPDATE_FILE found. Starting main application
 #Place the box still. Send s to capture 5 s startup + 30 s stationary data.
# Send q for a 60 s six-axis quaternion bench capture at 50 Hz.
# Send l for a 120 s live lean bench test. Start upright and still; c recalibrates.
# NICLA_LEAN_V1
# Arduino_BHY2=1.0.8; Game RV=37; no magnetometer fusion or BLE output
# configuration_read_attempts=3
# CONFIG,phase,sensor_id,rate_hz,latency_ms,range,sensitivity
# LEAN,host_us,status,roll_deg,pitch_nose_up_deg,calibration_id; blank angles when invalid
# startup_us=5000000,duration_us=120000000,rate_hz=50
# host_us is delivery time; hardware timestamps and upstream loss are not exposed
sensor_id,sequence,host_us,x_raw,y_raw,z_raw,w_raw,accuracy_raw
# CONFIG_READ_FAILURE,phase=start,sensor_id=4,attempt=1,status=-5,bytes=4,expected_bytes=12
# CONFIG,start,4,50.000,0,4,0
# CONFIG,start,13,50.000,0,1000,0
# CONFIG,start,37,50.000,0,1,0
L,148903,STARTUP,,,0
13,1,148870,13,-22,-7,0,0
4,1,155327,-29,-117,8468,0,0
37,1,155370,-113,27,-1,16383,0
13,2,164586,12,-22,-12,0,0
4,2,174578,-27,-112,8532,0,0
37,2,174618,-111,24,-2,16383,0
13,3,184536,13,-22,-12,0,0
4,3,194703,-36,-111,8522,0,0
37,3,194744,-110,23,-3,16383,0
13,4,204759,12,-22,-12,0,0
4,4,214806,-32,-113,8517,0,0
37,4,214846,-109,21,-4,16383,0
13,5,224801,15,-21,-12,0,0
4,5,235169,-34,-111,8522,0,0
37,5,235210,-107,19,-5,16383,0
13,6,244951,12,-19,-12,0,0
L,248952,STARTUP,,,0
4,6,255138,-29,-116,8514,0,0
37,6,255178,-107,17,-6,16383,0
13,7,265122,13,-19,-11,0,0
4,7,275245,-35,-103,8517,0,0
37,7,275286,-105,16,-7,16383,0
13,8,285234,12,-20,-12,0,0
4,8,295375,-29,-111,8520,0,0
37,8,295415,-104,14,-8,16383,0
13,9,305404,13,-21,-13,0,0
4,9,315528,-36,-99,8520,0,0
37,9,315569,-103,12,-9,16383,0
13,10,325447,12,-20,-10,0,0
4,10,335519,-31,-106,8516,0,0
37,10,335560,-102,10,-10,16383,0
13,11,345655,11,-21,-12,0,0
L,348993,STARTUP,,,0
4,11,355830,-39,-107,8514,0,0
37,11,355871,-101,9,-11,16383,0
13,12,365786,13,-22,-12,0,0
4,12,375867,-48,-114,8519,0,0
37,12,375908,-100,7,-13,16383,0
13,13,385872,16,-22,-11,0,0
4,13,396097,-37,-102,8518,0,0
37,13,396138,-98,6,-14,16383,0
13,14,406023,12,-20,-12,0,0
4,14,416133,-29,-110,8520,0,0
37,14,416173,-98,4,-15,16383,0
13,15,426170,12,-22,-12,0,0
4,15,436268,-33,-109,8518,0,0
37,15,436309,-96,2,-16,16383,0
13,16,446264,13,-23,-13,0,0
L,449007,STARTUP,,,0
4,16,456454,-36,-109,8520,0,0
37,16,456495,-95,0,-17,16383,0
13,17,466505,14,-20,-12,0,0
4,17,476685,-35,-104,8510,0,0
37,17,476725,-94,0,-18,16383,0
13,18,486637,12,-20,-13,0,0
4,18,496683,-32,-99,8516,0,0
37,18,496724,-93,-2,-19,16383,0
13,19,506680,12,-22,-14,0,0
4,19,516812,-39,-95,8520,0,0
37,19,516852,-92,-3,-20,16383,0
13,20,526798,12,-21,-10,0,0
4,20,536922,-34,-114,8518,0,0
37,20,536963,-91,-5,-21,16383,0
13,21,546936,13,-21,-12,0,0
L,549541,STARTUP,,,0
4,21,557089,-41,-110,8525,0,0
37,21,557130,-90,-6,-23,16383,0
13,22,567194,12,-21,-11,0,0
4,22,577198,-41,-118,8522,0,0
37,22,577239,-89,-8,-24,16383,0
13,23,587159,13,-21,-14,0,0
4,23,597360,-45,-112,8514,0,0
37,23,597401,-88,-9,-25,16383,0
13,24,607220,11,-22,-12,0,0
4,24,617474,-35,-113,8517,0,0
37,24,617514,-87,-11,-26,16383,0
13,25,627428,11,-21,-13,0,0
4,25,637653,-33,-103,8517,0,0
37,25,637694,-86,-13,-27,16383,0
13,26,647624,6,-11,-6,0,0
L,650033,STARTUP,,,0
4,26,657673,-21,-110,8518,0,0
37,26,657713,-86,-12,-27,16383,0
13,27,667768,1,0,1,0,0
4,27,677814,-28,-104,8517,0,0
37,27,677855,-87,-11,-27,16383,0
13,28,687795,0,0,1,0,0
4,28,697942,-30,-116,8512,0,0
37,28,697982,-87,-10,-27,16383,0
13,29,707924,0,0,0,0,0
4,29,718263,-31,-107,8513,0,0
37,29,718304,-87,-9,-27,16383,0
13,30,728002,0,0,0,0,0
4,30,738149,-25,-112,8515,0,0
37,30,738217,-88,-8,-27,16383,0
13,31,748200,1,0,1,0,0
L,750313,STARTUP,,,0
4,31,758358,-40,-113,8519,0,0
37,31,758398,-88,-7,-27,16383,0
13,32,768320,1,-3,0,0,0
4,32,778441,-31,-109,8519,0,0
37,32,778482,-89,-6,-27,16383,0
13,33,788466,0,1,0,0,0
4,33,798553,-39,-112,8527,0,0
37,33,798594,-89,-5,-27,16383,0
13,34,808533,0,0,0,0,0
4,34,818672,-34,-102,8505,0,0
37,34,818712,-89,-4,-27,16383,0
13,35,828706,0,0,1,0,0
4,35,838895,-24,-103,8526,0,0
37,35,838936,-90,-3,-27,16383,0
13,36,848827,1,0,2,0,0
L,851019,STARTUP,,,0
4,36,858900,-38,-103,8518,0,0
37,36,858941,-90,-2,-26,16383,0
13,37,868920,1,0,0,0,0
4,37,879120,-33,-110,8518,0,0
37,37,879161,-90,-1,-27,16383,0
13,38,889197,-1,-1,0,0,0
4,38,899190,-22,-103,8515,0,0
37,38,899230,-91,-1,-26,16383,0
13,39,909203,0,2,0,0,0
4,39,919361,-43,-103,8524,0,0
37,39,919401,-91,0,-27,16383,0
13,40,929299,0,0,0,0,0
4,40,939403,-33,-109,8517,0,0
37,40,939443,-91,0,-26,16383,0
13,41,949460,1,1,0,0,0
L,951602,STARTUP,,,0
4,41,959631,-27,-108,8519,0,0
37,41,959672,-91,1,-26,16383,0
13,42,969600,0,0,0,0,0
4,42,979679,-38,-118,8524,0,0
37,42,979720,-92,2,-26,16383,0
13,43,989623,0,2,0,0,0
4,43,999823,-31,-112,8529,0,0
37,43,999864,-92,3,-26,16383,0
13,44,1009902,0,-1,0,0,0
4,44,1019963,-38,-117,8520,0,0
37,44,1020004,-93,4,-26,16383,0
13,45,1029943,0,1,0,0,0
4,45,1040203,-33,-108,8517,0,0
37,45,1040243,-93,5,-26,16383,0
13,46,1050013,0,0,1,0,0
L,1052212,STARTUP,,,0
4,46,1060156,-30,-106,8524,0,0
37,46,1060196,-93,5,-26,16383,0
13,47,1070175,0,-1,0,0,0
4,47,1080307,-35,-107,8516,0,0
37,47,1080348,-93,6,-26,16383,0
13,48,1090245,1,1,0,0,0
4,48,1100443,-32,-108,8517,0,0
37,48,1100483,-94,7,-26,16383,0
13,49,1110434,0,0,1,0,0
4,49,1120676,-25,-109,8516,0,0
37,49,1120717,-94,7,-26,16383,0
13,50,1130669,0,-2,0,0,0
4,50,1140679,-35,-103,8517,0,0
37,50,1140719,-94,8,-26,16383,0
13,51,1150725,0,0,0,0,0
L,1152926,STARTUP,,,0
4,51,1160877,-31,-107,8513,0,0
37,51,1160918,-94,8,-26,16383,0
13,52,1170856,0,-3,-1,0,0
4,52,1180927,-33,-112,8527,0,0
37,52,1180967,-95,9,-26,16383,0
13,53,1191070,0,0,1,0,0
4,53,1201219,-28,-110,8522,0,0
37,53,1201259,-95,9,-26,16383,0
13,54,1211123,1,0,1,0,0
4,54,1221252,-34,-108,8520,0,0
37,54,1221293,-95,10,-26,16383,0
13,55,1231192,-1,1,2,0,0
4,55,1241318,-31,-117,8523,0,0
37,55,1241385,-96,11,-26,16383,0
13,56,1251355,0,1,0,0,0
L,1253554,STARTUP,,,0
4,56,1261539,-41,-102,8522,0,0
37,56,1261580,-96,12,-26,16383,0
13,57,1271424,0,0,0,0,0
4,57,1281725,-30,-109,8519,0,0
37,57,1281765,-96,12,-26,16383,0
13,58,1291595,0,0,0,0,0
4,58,1301731,-34,-109,8228,0,0
37,58,1301774,-96,13,-26,16383,0
13,59,1311689,1,0,1,0,0
4,59,1321931,-34,-99,8214,0,0
37,59,1321971,-96,13,-26,16383,0
13,60,1331956,1,0,0,0,0
4,60,1341999,-36,-104,8218,0,0
37,60,1342039,-97,14,-26,16383,0
13,61,1351973,0,0,0,0,0
L,1354225,STARTUP,,,0
4,61,1362220,-30,-109,8221,0,0
37,61,1362260,-97,15,-26,16383,0
13,62,1372005,0,0,1,0,0
4,62,1382232,-29,-107,8219,0,0
37,62,1382272,-97,15,-25,16383,0
13,63,1392289,0,0,0,0,0
4,63,1402394,-33,-114,8222,0,0
37,63,1402434,-98,16,-25,16383,0
13,64,1412384,-1,0,1,0,0
4,64,1422439,-34,-114,8233,0,0
37,64,1422480,-98,16,-25,16383,0
13,65,1432531,0,-1,3,0,0
4,65,1442644,-32,-122,8227,0,0
37,65,1442685,-99,16,-25,16383,0
13,66,1452532,0,-2,-1,0,0
L,1454939,STARTUP,,,0
4,66,1462822,-42,-110,8217,0,0
37,66,1462863,-99,17,-25,16383,0
13,67,1472713,1,0,0,0,0
4,67,1482859,-42,-112,8235,0,0
37,67,1482899,-99,18,-25,16383,0
13,68,1492876,2,0,0,0,0
4,68,1503032,-30,-107,8227,0,0
37,68,1503073,-100,18,-25,16383,0
13,69,1513049,0,-1,1,0,0
4,69,1523246,-22,-111,8226,0,0
37,69,1523287,-100,18,-25,16383,0
13,70,1533157,0,0,1,0,0
4,70,1543228,-26,-106,8215,0,0
37,70,1543268,-100,19,-25,16383,0
13,71,1553202,1,0,1,0,0
L,1555453,STARTUP,,,0
4,71,1563388,-34,-108,8222,0,0
37,71,1563429,-100,19,-24,16383,0
13,72,1573374,0,-1,0,0,0
4,72,1583434,-22,-107,8223,0,0
37,72,1583475,-101,19,-25,16383,0
13,73,1593503,-1,0,0,0,0
4,73,1603709,-34,-111,8223,0,0
37,73,1603776,-101,20,-24,16383,0
13,74,1613649,0,-1,0,0,0
4,74,1623631,-32,-111,8224,0,0
37,74,1623671,-102,20,-25,16383,0
13,75,1633744,0,2,-1,0,0
4,75,1643882,-40,-105,8227,0,0
37,75,1643923,-102,21,-25,16383,0
13,76,1653889,0,0,0,0,0
L,1656089,STARTUP,,,0
4,76,1664041,-35,-115,8223,0,0
37,76,1664082,-102,21,-24,16383,0
13,77,1674002,1,1,1,0,0
4,77,1684200,-29,-103,8230,0,0
37,77,1684240,-102,22,-24,16383,0
13,78,1694097,0,0,0,0,0
4,78,1704181,-39,-110,8223,0,0
37,78,1704222,-102,22,-24,16383,0
13,79,1714285,0,1,1,0,0
4,79,1724310,-32,-106,8220,0,0
37,79,1724351,-102,23,-24,16383,0
13,80,1734336,0,0,-1,0,0
4,80,1744527,-38,-108,8226,0,0
37,80,1744568,-102,24,-25,16383,0
13,81,1754439,0,0,0,0,0
L,1756673,STARTUP,,,0
4,81,1764659,-24,-106,8233,0,0
37,81,1764699,-102,24,-25,16383,0
13,82,1774671,0,0,0,0,0
4,82,1784775,-42,-117,8214,0,0
37,82,1784816,-103,24,-24,16383,0
13,83,1794705,1,0,0,0,0
4,83,1804938,-30,-107,8222,0,0
37,83,1804978,-103,25,-25,16383,0
13,84,1814784,0,1,0,0,0
4,84,1824981,-36,-108,8221,0,0
37,84,1825022,-103,25,-24,16383,0
13,85,1834947,0,0,1,0,0
4,85,1845205,-34,-114,8217,0,0
37,85,1845245,-103,25,-25,16383,0
13,86,1855154,0,-1,0,0,0
L,1857491,STARTUP,,,0
4,86,1865201,-29,-112,8225,0,0
37,86,1865269,-104,25,-24,16383,0
13,87,1875195,0,0,0,0,0
4,87,1885445,-35,-113,8228,0,0
37,87,1885485,-104,26,-24,16383,0
13,88,1895378,0,0,0,0,0
4,88,1905522,-42,-103,8226,0,0
37,88,1905562,-104,26,-24,16383,0
13,89,1915547,0,0,0,0,0
4,89,1925679,-37,-102,8227,0,0
37,89,1925719,-104,27,-25,16383,0
13,90,1935575,0,1,1,0,0
4,90,1945686,-41,-97,8221,0,0
37,90,1945726,-104,27,-24,16383,0
13,91,1955693,1,-1,0,0,0
L,1958014,STARTUP,,,0
4,91,1965785,-29,-106,8228,0,0
37,91,1965825,-104,27,-24,16383,0
13,92,1975900,0,0,0,0,0
4,92,1985935,-29,-113,8221,0,0
37,92,1985975,-104,28,-24,16383,0
13,93,1995943,0,2,0,0,0
4,93,2006210,-37,-108,8221,0,0
37,93,2006250,-104,28,-24,16383,0
13,94,2016160,1,0,0,0,0
4,94,2026133,-33,-107,8226,0,0
37,94,2026174,-104,29,-24,16383,0
13,95,2036295,0,0,2,0,0
4,95,2046382,-32,-117,8229,0,0
37,95,2046423,-105,29,-24,16383,0
13,96,2056321,0,0,0,0,0
L,2058563,STARTUP,,,0
4,96,2066507,-33,-105,8215,0,0
37,96,2066547,-105,29,-24,16383,0
13,97,2076355,0,-1,-1,0,0
4,97,2086701,-38,-119,8230,0,0
37,97,2086741,-105,29,-24,16383,0
13,98,2096615,0,0,0,0,0
4,98,2106613,-37,-109,8228,0,0
37,98,2106653,-105,30,-24,16383,0
13,99,2116672,0,0,1,0,0
4,99,2126880,-35,-104,8225,0,0
37,99,2126921,-105,30,-24,16383,0
13,100,2136854,1,0,1,0,0
4,100,2146951,-31,-110,8229,0,0
37,100,2146991,-105,30,-24,16383,0
13,101,2157001,1,0,0,0,0
L,2159295,STARTUP,,,0
4,101,2167109,-41,-111,8223,0,0
37,101,2167150,-105,30,-24,16383,0
13,102,2177001,2,0,-2,0,0
4,102,2187243,-26,-110,8223,0,0
37,102,2187283,-106,30,-24,16383,0
13,103,2197173,0,1,1,0,0
4,103,2207310,-36,-108,8230,0,0
37,103,2207350,-106,31,-24,16383,0
13,104,2217216,0,0,0,0,0
4,104,2227395,-32,-117,8229,0,0
37,104,2227435,-106,31,-24,16383,0
13,105,2237442,0,-1,0,0,0
4,105,2247630,-31,-111,8227,0,0
37,105,2247670,-106,31,-24,16383,0
13,106,2257594,0,0,0,0,0
L,2259922,STARTUP,,,0
4,106,2267678,-35,-107,8229,0,0
37,106,2267719,-107,31,-24,16383,0
13,107,2277671,0,1,0,0,0
4,107,2287849,-36,-110,8223,0,0
37,107,2287889,-107,32,-24,16383,0
13,108,2297826,2,2,0,0,0
4,108,2307878,-27,-107,8226,0,0
37,108,2307918,-107,31,-24,16383,0
13,109,2317955,1,0,1,0,0
4,109,2328128,-45,-105,8218,0,0
37,109,2328168,-107,32,-23,16383,0
13,110,2338075,0,0,1,0,0
4,110,2348118,-36,-115,8225,0,0
37,110,2348159,-107,32,-23,16383,0
13,111,2358195,0,1,0,0,0
L,2360515,STARTUP,,,0
4,111,2368380,-25,-106,8230,0,0
37,111,2368421,-107,32,-23,16383,0
13,112,2378351,0,1,0,0,0
4,112,2388421,-32,-109,8226,0,0
37,112,2388462,-107,32,-23,16383,0
13,113,2398403,1,-1,0,0,0
4,113,2408623,-36,-106,8218,0,0
37,113,2408663,-107,32,-23,16383,0
13,114,2418555,0,-1,0,0,0
4,114,2428669,-26,-110,8223,0,0
37,114,2428709,-107,32,-23,16383,0
13,115,2438651,1,-1,0,0,0
4,115,2448858,-32,-111,8226,0,0
37,115,2448899,-107,32,-23,16383,0
13,116,2458858,0,0,0,0,0
L,2461142,STARTUP,,,0
4,116,2468938,-32,-111,8224,0,0
37,116,2468978,-107,32,-23,16383,0
13,117,2478857,0,0,1,0,0
4,117,2489172,-34,-106,8221,0,0
37,117,2489212,-107,32,-23,16383,0
13,118,2498958,0,2,0,0,0
4,118,2509262,-36,-107,8225,0,0
37,118,2509302,-107,33,-23,16383,0
13,119,2519220,0,1,0,0,0
4,119,2529389,-31,-102,8218,0,0
37,119,2529429,-107,33,-23,16383,0
13,120,2539433,0,2,0,0,0
4,120,2549434,-38,-103,8221,0,0
37,120,2549475,-107,33,-23,16383,0
13,121,2559425,0,2,0,0,0
L,2561769,STARTUP,,,0
4,121,2569592,-32,-102,8224,0,0
37,121,2569632,-106,33,-23,16383,0
13,122,2579606,-1,0,0,0,0
4,122,2589674,-30,-113,8227,0,0
37,122,2589714,-107,33,-23,16383,0
13,123,2599725,0,0,0,0,0
4,123,2609769,-36,-108,8234,0,0
37,123,2609810,-107,34,-23,16383,0
13,124,2619835,0,0,1,0,0
4,124,2629931,-28,-113,8225,0,0
37,124,2629971,-107,33,-23,16383,0
13,125,2640078,1,-1,0,0,0
4,125,2650259,-32,-113,8222,0,0
37,125,2650299,-107,33,-23,16383,0
13,126,2660147,0,-1,0,0,0
L,2662536,STARTUP,,,0
4,126,2670255,-30,-118,8224,0,0
37,126,2670296,-108,33,-23,16383,0
13,127,2680250,0,1,-1,0,0
4,127,2690354,-27,-112,8225,0,0
37,127,2690394,-108,33,-23,16383,0
13,128,2700387,0,0,2,0,0
4,128,2710378,-30,-115,8227,0,0
37,128,2710419,-108,33,-23,16383,0
13,129,2720516,0,2,1,0,0
4,129,2730675,-36,-106,8232,0,0
37,129,2730715,-108,33,-23,16383,0
13,130,2740653,0,2,0,0,0
4,130,2750679,-32,-112,8227,0,0
37,130,2750746,-108,33,-23,16383,0
13,131,2760643,0,0,0,0,0
L,2762981,STARTUP,,,0
4,131,2770922,-29,-112,8230,0,0
37,131,2770962,-109,33,-23,16383,0
13,132,2780911,0,0,0,0,0
4,132,2791022,-33,-115,8220,0,0
37,132,2791062,-109,32,-23,16383,0
13,133,2800963,-1,-1,0,0,0
4,133,2811153,-35,-109,8231,0,0
37,133,2811194,-109,33,-23,16383,0
13,134,2821126,0,0,1,0,0
4,134,2831135,-29,-113,8224,0,0
37,134,2831175,-109,32,-23,16383,0
13,135,2841367,1,-2,0,0,0
4,135,2851366,-36,-104,8227,0,0
37,135,2851407,-109,32,-23,16383,0
13,136,2861439,0,-1,0,0,0
L,2863877,STARTUP,,,0
4,136,2871431,-31,-112,8217,0,0
37,136,2871472,-109,32,-23,16383,0
13,137,2881399,0,0,2,0,0
4,137,2891709,-22,-109,8228,0,0
37,137,2891749,-109,32,-22,16383,0
13,138,2901643,0,-1,1,0,0
4,138,2911777,-33,-115,8221,0,0
37,138,2911818,-110,32,-22,16383,0
13,139,2921709,1,0,1,0,0
4,139,2931865,-29,-113,8230,0,0
37,139,2931905,-110,31,-22,16383,0
13,140,2941839,0,0,1,0,0
4,140,2951934,-23,-108,8221,0,0
37,140,2951974,-110,31,-22,16383,0
13,141,2961942,0,2,1,0,0
L,2964235,STARTUP,,,0
4,141,2972187,-28,-110,8220,0,0
37,141,2972227,-110,31,-22,16383,0
13,142,2982011,0,0,-1,0,0
4,142,2992260,-38,-104,8223,0,0
37,142,2992300,-109,31,-22,16383,0
13,143,3002285,1,1,-1,0,0
4,143,3012391,-31,-113,8226,0,0
37,143,3012431,-110,31,-22,16383,0
13,144,3022364,0,0,0,0,0
4,144,3032542,-31,-111,8233,0,0
37,144,3032583,-110,31,-22,16383,0
13,145,3042483,0,-1,-2,0,0
4,145,3052692,-31,-115,8223,0,0
37,145,3052732,-110,31,-22,16383,0
13,146,3062657,1,1,2,0,0
L,3064958,STARTUP,,,0
4,146,3072704,-36,-116,8227,0,0
37,146,3072744,-110,32,-22,16383,0
13,147,3082759,0,-1,0,0,0
4,147,3092880,-30,-111,8225,0,0
37,147,3092920,-110,32,-22,16383,0
13,148,3102871,0,0,0,0,0
4,148,3113111,-38,-105,8227,0,0
37,148,3113179,-110,32,-22,16383,0
13,149,3122973,0,0,-1,0,0
4,149,3133242,-31,-115,8228,0,0
37,149,3133282,-110,32,-22,16383,0
13,150,3143059,0,0,1,0,0
4,150,3153325,-35,-109,8219,0,0
37,150,3153365,-110,32,-22,16383,0
13,151,3163275,0,1,-1,0,0
L,3165672,STARTUP,,,0
4,151,3173435,-35,-112,8229,0,0
37,151,3173475,-110,33,-22,16383,0
13,152,3183394,0,0,1,0,0
4,152,3193506,-31,-103,8224,0,0
37,152,3193546,-110,33,-22,16383,0
13,153,3203533,1,2,0,0,0
4,153,3213731,-38,-108,8224,0,0
37,153,3213772,-110,33,-22,16383,0
13,154,3223671,2,-1,0,0,0
4,154,3233747,-35,-110,8231,0,0
37,154,3233788,-109,33,-22,16383,0
13,155,3243799,0,0,0,0,0
4,155,3253970,-42,-105,8221,0,0
37,155,3254010,-109,34,-22,16383,0
13,156,3263857,0,0,1,0,0
L,3266178,STARTUP,,,0
4,156,3274180,-32,-105,8232,0,0
37,156,3274220,-109,34,-22,16383,0
13,157,3284076,0,0,1,0,0
4,157,3294299,-29,-104,8225,0,0
37,157,3294339,-109,33,-22,16383,0
13,158,3304204,0,0,-1,0,0
4,158,3314264,-26,-104,8229,0,0
37,158,3314305,-108,33,-22,16383,0
13,159,3324401,0,0,0,0,0
4,159,3334505,-26,-112,8229,0,0
37,159,3334545,-109,32,-22,16383,0
13,160,3344452,0,0,-1,0,0
4,160,3354526,-32,-110,8221,0,0
37,160,3354566,-109,32,-22,16383,0
13,161,3364607,1,0,1,0,0
L,3366944,STARTUP,,,0
4,161,3374853,-33,-117,8221,0,0
37,161,3374894,-109,33,-22,16383,0
13,162,3384832,1,0,0,0,0
4,162,3394885,-29,-121,8222,0,0
37,162,3394925,-109,32,-22,16383,0
13,163,3404917,0,-1,0,0,0
4,163,3415012,-26,-109,8230,0,0
37,163,3415052,-109,32,-22,16383,0
13,164,3424916,4,-1,0,0,0
4,164,3435149,-28,-120,8219,0,0
37,164,3435190,-109,32,-22,16383,0
13,165,3445081,1,0,0,0,0
4,165,3455363,-32,-116,8228,0,0
37,165,3455404,-110,32,-22,16383,0
13,166,3465202,1,0,1,0,0
L,3467502,STARTUP,,,0
4,166,3475342,-34,-112,8226,0,0
37,166,3475382,-110,32,-22,16383,0
13,167,3485442,0,0,0,0,0
4,167,3495570,-29,-109,8219,0,0
37,167,3495638,-110,32,-22,16383,0
13,168,3505518,0,-1,0,0,0
4,168,3515614,-31,-104,8230,0,0
37,168,3515654,-109,31,-22,16383,0
13,169,3525735,0,-2,2,0,0
4,169,3535967,-33,-111,8228,0,0
37,169,3536007,-109,31,-22,16383,0
13,170,3545855,1,0,1,0,0
4,170,3555933,-27,-106,8233,0,0
37,170,3555973,-109,31,-22,16383,0
13,171,3565958,-1,0,0,0,0
L,3568338,STARTUP,,,0
4,171,3576030,-32,-108,8222,0,0
37,171,3576070,-109,31,-22,16383,0
13,172,3586095,0,0,1,0,0
4,172,3596190,-39,-117,8227,0,0
37,172,3596230,-109,32,-22,16383,0
13,173,3606173,0,0,0,0,0
4,173,3616483,-31,-111,8230,0,0
37,173,3616523,-110,31,-22,16383,0
13,174,3626327,0,0,0,0,0
4,174,3636473,-39,-106,8234,0,0
37,174,3636513,-109,32,-22,16383,0
13,175,3646377,0,2,2,0,0
4,175,3656603,-35,-114,8221,0,0
37,175,3656643,-110,32,-21,16383,0
13,176,3666671,-1,-1,2,0,0
L,3669174,STARTUP,,,0
4,176,3676719,-40,-114,8228,0,0
37,176,3676759,-110,33,-21,16383,0
13,177,3686757,0,0,2,0,0
4,177,3696903,-40,-105,8218,0,0
37,177,3696943,-110,33,-21,16383,0
13,178,3706878,1,1,0,0,0
4,178,3716929,-37,-108,8229,0,0
37,178,3716970,-110,33,-21,16383,0
13,179,3726921,-1,0,1,0,0
4,179,3737221,-32,-106,8224,0,0
37,179,3737262,-110,33,-21,16383,0
13,180,3747109,0,0,0,0,0
4,180,3757247,-31,-109,8230,0,0
37,180,3757288,-109,33,-21,16383,0
13,181,3767265,0,0,-1,0,0
L,3769671,STARTUP,,,0
4,181,3777485,-30,-111,8229,0,0
37,181,3777525,-109,33,-21,16383,0
13,182,3787410,0,0,-2,0,0
4,182,3797522,-28,-111,8213,0,0
37,182,3797562,-109,32,-22,16383,0
13,183,3807513,-1,0,0,0,0
4,183,3817625,-31,-109,8222,0,0
37,183,3817665,-110,32,-22,16383,0
13,184,3827600,0,0,0,0,0
4,184,3837780,-29,-109,8225,0,0
37,184,3837820,-110,32,-22,16383,0
13,185,3847772,0,0,0,0,0
4,185,3857926,-32,-112,8227,0,0
37,185,3857966,-110,32,-22,16383,0
13,186,3867883,-1,-2,0,0,0
L,3870376,STARTUP,,,0
4,186,3877999,-42,-117,8237,0,0
37,186,3878039,-110,32,-22,16383,0
13,187,3887977,0,0,0,0,0
4,187,3898186,-30,-97,8231,0,0
37,187,3898226,-109,32,-22,16383,0
13,188,3908227,0,0,0,0,0
4,188,3918268,-33,-112,8227,0,0
37,188,3918309,-110,32,-22,16383,0
13,189,3928270,0,0,1,0,0
4,189,3938512,-24,-114,8227,0,0
37,189,3938552,-110,32,-21,16383,0
13,190,3948443,1,0,1,0,0
4,190,3958579,-31,-105,8237,0,0
37,190,3958619,-109,32,-21,16383,0
13,191,3968511,0,-1,-1,0,0
L,3970986,STARTUP,,,0
4,191,3978670,-24,-112,8226,0,0
37,191,3978710,-109,31,-22,16383,0
13,192,3988735,0,0,0,0,0
4,192,3998854,-32,-104,8222,0,0
37,192,3998921,-109,31,-22,16383,0
13,193,4008794,-1,-1,0,0,0
4,193,4018995,-31,-113,8224,0,0
37,193,4019035,-109,31,-21,16383,0
13,194,4028907,0,0,1,0,0
4,194,4039087,-31,-113,8229,0,0
37,194,4039128,-109,31,-21,16383,0
13,195,4048975,0,0,0,0,0
4,195,4059172,-32,-107,8230,0,0
37,195,4059212,-109,31,-21,16383,0
13,196,4069147,0,0,1,0,0
L,4071466,STARTUP,,,0
4,196,4079193,-34,-116,8222,0,0
37,196,4079233,-110,32,-21,16383,0
13,197,4089335,1,-1,0,0,0
4,197,4099517,-32,-114,8234,0,0
37,197,4099557,-110,31,-21,16383,0
13,198,4109485,0,0,1,0,0
4,198,4119454,-36,-119,8234,0,0
37,198,4119495,-110,32,-21,16383,0
13,199,4129567,0,1,0,0,0
4,199,4139714,-26,-110,8221,0,0
37,199,4139754,-110,31,-21,16383,0
13,200,4149827,-1,0,0,0,0
4,200,4159878,-30,-117,8220,0,0
37,200,4159918,-111,31,-21,16383,0
13,201,4169903,0,0,0,0,0
L,4172206,STARTUP,,,0
4,201,4180089,-35,-114,8228,0,0
37,201,4180130,-111,32,-21,16383,0
13,202,4189991,1,1,-1,0,0
4,202,4200042,-39,-112,8237,0,0
37,202,4200082,-111,32,-21,16383,0
13,203,4210110,0,0,0,0,0
4,203,4220177,-37,-113,8217,0,0
37,203,4220218,-111,33,-21,16383,0
13,204,4230256,0,1,0,0,0
4,204,4240324,-34,-117,8225,0,0
37,204,4240365,-111,33,-21,16383,0
13,205,4250407,0,0,0,0,0
4,205,4260584,-30,-111,8229,0,0
37,205,4260624,-111,33,-21,16383,0
13,206,4270410,-1,-1,0,0,0
L,4272929,STARTUP,,,0
4,206,4280665,-31,-108,8225,0,0
37,206,4280705,-111,33,-21,16383,0
13,207,4290644,-1,0,0,0,0
4,207,4300798,-42,-119,8225,0,0
37,207,4300838,-112,33,-21,16383,0
13,208,4310727,-1,-1,1,0,0
4,208,4320831,-33,-106,8224,0,0
37,208,4320872,-112,33,-21,16383,0
13,209,4330892,-1,1,0,0,0
4,209,4340987,-38,-106,8225,0,0
37,209,4341027,-111,34,-21,16383,0
13,210,4351133,1,1,0,0,0
4,210,4361046,-38,-105,8219,0,0
37,210,4361086,-111,34,-21,16383,0
13,211,4371167,0,2,0,0,0
L,4373504,STARTUP,,,0
4,211,4381213,-24,-108,8226,0,0
37,211,4381280,-111,34,-21,16383,0
13,212,4391140,1,1,-1,0,0
4,212,4401355,-29,-113,8213,0,0
37,212,4401395,-111,34,-21,16383,0
13,213,4411408,0,0,0,0,0
4,213,4421615,-30,-112,8225,0,0
37,213,4421655,-111,33,-21,16383,0
13,214,4431458,0,0,1,0,0
4,214,4441570,-34,-113,8231,0,0
37,214,4441611,-111,33,-21,16383,0
13,215,4451579,0,0,0,0,0
4,215,4461724,-29,-115,8220,0,0
37,215,4461764,-111,33,-21,16383,0
13,216,4471708,-1,0,0,0,0
L,4474088,STARTUP,,,0
4,216,4481823,-31,-107,8223,0,0
37,216,4481864,-111,33,-21,16383,0
13,217,4491759,1,0,0,0,0
4,217,4502132,-35,-105,8226,0,0
37,217,4502172,-111,33,-21,16383,0
13,218,4512026,0,0,0,0,0
4,218,4522112,-37,-113,8220,0,0
37,218,4522153,-111,33,-21,16383,0
13,219,4532113,0,0,1,0,0
4,219,4542335,-44,-110,8234,0,0
37,219,4542375,-110,34,-21,16383,0
13,220,4552267,0,0,1,0,0
4,220,4562343,-34,-103,8222,0,0
37,220,4562383,-110,34,-21,16383,0
13,221,4572413,0,-1,0,0,0
L,4574820,STARTUP,,,0
4,221,4582548,-31,-107,8230,0,0
37,221,4582588,-110,33,-21,16383,0
13,222,4592474,0,0,0,0,0
4,222,4602611,-34,-111,8226,0,0
37,222,4602652,-110,33,-21,16383,0
13,223,4612628,-1,0,0,0,0
4,223,4622895,-38,-120,8214,0,0
37,223,4622962,-111,34,-21,16383,0
13,224,4632756,0,0,1,0,0
4,224,4642884,-38,-114,8231,0,0
37,224,4642952,-111,34,-21,16383,0
13,225,4652868,0,0,0,0,0
4,225,4663194,-35,-106,8219,0,0
37,225,4663235,-110,34,-20,16383,0
13,226,4673043,1,0,0,0,0
L,4675343,STARTUP,,,0
4,226,4683207,-37,-111,8225,0,0
37,226,4683247,-111,34,-21,16383,0
13,227,4693195,-1,0,0,0,0
4,227,4703334,-34,-112,8224,0,0
37,227,4703375,-111,34,-21,16383,0
13,228,4713342,-1,-1,0,0,0
4,228,4723437,-32,-106,8225,0,0
37,228,4723478,-110,34,-20,16383,0
13,229,4733428,0,0,0,0,0
4,229,4743626,-37,-107,8214,0,0
37,229,4743666,-110,34,-20,16383,0
13,230,4753574,-1,2,-1,0,0
4,230,4763685,-29,-108,8225,0,0
37,230,4763725,-110,34,-21,16383,0
13,231,4773659,-1,0,0,0,0
L,4776083,STARTUP,,,0
4,231,4783982,-32,-111,8233,0,0
37,231,4784022,-110,34,-20,16383,0
13,232,4793842,0,0,0,0,0
4,232,4803951,-36,-113,8229,0,0
37,232,4803991,-110,34,-21,16383,0
13,233,4813960,0,0,-2,0,0
4,233,4824099,-27,-111,8230,0,0
37,233,4824139,-111,33,-21,16383,0
13,234,4834202,-2,0,-1,0,0
4,234,4844257,-38,-118,8232,0,0
37,234,4844298,-111,34,-21,16383,0
13,235,4854202,0,0,-1,0,0
4,235,4864365,-28,-110,8225,0,0
37,235,4864405,-111,33,-21,16383,0
13,236,4874414,0,-1,0,0,0
L,4876867,STARTUP,,,0
4,236,4884533,-34,-109,8230,0,0
37,236,4884601,-111,33,-21,16383,0
13,237,4894616,0,0,0,0,0
4,237,4904753,-20,-107,8230,0,0
37,237,4904793,-111,33,-21,16383,0
13,238,4914651,0,1,0,0,0
4,238,4924759,-37,-112,8221,0,0
37,238,4924799,-111,33,-21,16383,0
13,239,4934698,-1,1,-1,0,0
4,239,4944933,-35,-106,8226,0,0
37,239,4944973,-111,34,-21,16383,0
13,240,4954872,-1,1,-1,0,0
4,240,4965009,-30,-106,8221,0,0
37,240,4965049,-110,33,-21,16383,0
13,241,4974984,0,1,-1,0,0
L,4977372,STARTUP,,,0
4,241,4985198,-36,-118,8222,0,0
37,241,4985239,-111,34,-21,16383,0
13,242,4995201,0,0,0,0,0
4,242,5005310,-35,-104,8225,0,0
37,242,5005350,-110,34,-21,16383,0
13,243,5015301,0,0,1,0,0
4,243,5025343,-31,-115,8225,0,0
37,243,5025411,-111,34,-21,16383,0
13,244,5035501,0,0,1,0,0
4,244,5045637,-27,-119,8224,0,0
37,244,5045678,-111,33,-21,16383,0
13,245,5055576,0,0,-1,0,0
4,245,5065733,-37,-107,8222,0,0
37,245,5065773,-111,33,-21,16383,0
13,246,5075699,3,-1,0,0,0
L,5078104,CALIBRATING,,,0
4,246,5085686,-27,-123,8221,0,0
37,246,5085727,-111,33,-21,16383,0
13,247,5095809,-1,0,0,0,0
4,247,5105965,-32,-119,8228,0,0
37,247,5106005,-111,33,-21,16383,0
13,248,5115860,0,1,0,0,0
4,248,5126083,-22,-101,8219,0,0
37,248,5126124,-111,33,-21,16383,0
13,249,5136058,1,1,0,0,0
4,249,5146274,-34,-111,8224,0,0
37,249,5146314,-111,33,-21,16383,0
13,250,5156118,0,0,1,0,0
4,250,5166282,-30,-115,8220,0,0
37,250,5166323,-111,33,-21,16383,0
13,251,5176392,0,-2,0,0,0
L,5178775,CALIBRATING,,,0
4,251,5186460,-34,-116,8219,0,0
37,251,5186500,-111,33,-21,16383,0
13,252,5196472,0,0,1,0,0
4,252,5206523,-40,-108,8222,0,0
37,252,5206563,-111,33,-21,16383,0
13,253,5216618,0,0,0,0,0
4,253,5226746,-40,-114,8228,0,0
37,253,5226786,-111,34,-21,16383,0
13,254,5236600,0,0,-1,0,0
4,254,5246926,-34,-111,8221,0,0
37,254,5246966,-111,34,-21,16383,0
13,255,5256797,0,0,0,0,0
4,255,5266977,-26,-105,8229,0,0
37,255,5267044,-111,33,-21,16383,0
13,256,5277022,0,0,-1,0,0
L,5279402,CALIBRATING,,,0
4,256,5287134,-32,-114,8224,0,0
37,256,5287174,-111,33,-21,16383,0
13,257,5297159,0,-1,0,0,0
4,257,5307366,-32,-125,8235,0,0
37,257,5307406,-112,33,-21,16383,0
13,258,5317254,0,0,0,0,0
4,258,5327322,-33,-103,8233,0,0
37,258,5327362,-111,33,-21,16383,0
13,259,5337322,0,0,1,0,0
4,259,5347529,-32,-112,8226,0,0
37,259,5347569,-111,33,-21,16383,0
13,260,5357546,1,-1,0,0,0
4,260,5367588,-36,-108,8222,0,0
37,260,5367628,-111,33,-21,16383,0
13,261,5377620,0,-2,-1,0,0
L,5380107,CALIBRATING,,,0
4,261,5387837,-29,-111,8223,0,0
37,261,5387878,-111,33,-21,16383,0
13,262,5397709,0,-1,2,0,0
4,262,5407873,-42,-107,8227,0,0
37,262,5407913,-111,33,-21,16383,0
13,263,5417942,0,1,-1,0,0
4,263,5428002,-33,-120,8225,0,0
37,263,5428042,-111,33,-21,16383,0
13,264,5437975,1,0,0,0,0
4,264,5448155,-32,-109,8222,0,0
37,264,5448195,-111,33,-21,16383,0
13,265,5458131,0,1,-1,0,0
4,265,5468363,-37,-113,8221,0,0
37,265,5468404,-111,34,-21,16383,0
13,266,5478234,0,0,-1,0,0
L,5480674,CALIBRATING,,,0
4,266,5488334,-34,-116,8224,0,0
37,266,5488374,-111,34,-21,16383,0
13,267,5498449,0,0,0,0,0
4,267,5508559,-24,-111,8228,0,0
37,267,5508599,-111,33,-21,16383,0
13,268,5518559,0,0,-1,0,0
4,268,5528612,-33,-115,8221,0,0
37,268,5528653,-112,33,-21,16383,0
13,269,5538629,-2,0,0,0,0
4,269,5548913,-39,-106,8223,0,0
37,269,5548953,-111,33,-21,16383,0
13,270,5558725,0,2,0,0,0
4,270,5568918,-33,-123,8232,0,0
37,270,5568959,-112,33,-21,16383,0
13,271,5578895,0,-1,0,0,0
L,5581293,CALIBRATING,,,0
4,271,5588979,-37,-111,8226,0,0
37,271,5589019,-112,34,-21,16383,0
13,272,5599050,0,0,0,0,0
4,272,5609118,-40,-110,8233,0,0
37,272,5609158,-112,34,-21,16383,0
13,273,5619187,-1,0,0,0,0
4,273,5629298,-31,-108,8226,0,0
37,273,5629338,-111,34,-21,16383,0
13,274,5639264,1,0,0,0,0
4,274,5649401,-36,-118,8230,0,0
37,274,5649468,-112,34,-21,16383,0
13,275,5659525,0,0,0,0,0
4,275,5669652,-34,-111,8226,0,0
37,275,5669692,-112,34,-21,16383,0
13,276,5679643,0,0,0,0,0
L,5681937,CALIBRATING,,,0
4,276,5689761,-25,-104,8232,0,0
37,276,5689802,-111,34,-21,16383,0
13,277,5699739,-1,0,1,0,0
4,277,5709920,-30,-112,8226,0,0
37,277,5709960,-112,33,-21,16383,0
13,278,5719867,0,1,0,0,0
4,278,5729850,-35,-114,8230,0,0
37,278,5729890,-112,34,-21,16383,0
13,279,5739994,0,0,0,0,0
4,279,5750099,-28,-109,8227,0,0
37,279,5750139,-112,33,-21,16383,0
13,280,5760107,-2,-1,-1,0,0
4,280,5770194,-31,-111,8222,0,0
37,280,5770235,-112,33,-21,16383,0
13,281,5780123,0,2,0,0,0
L,5782443,CALIBRATING,,,0
4,281,5790500,-32,-106,8221,0,0
37,281,5790540,-111,33,-21,16383,0
13,282,5800408,0,1,0,0,0
4,282,5810511,-42,-103,8222,0,0
37,282,5810552,-111,34,-21,16383,0
13,283,5820442,0,0,1,0,0
4,283,5830580,-30,-108,8229,0,0
37,283,5830621,-111,34,-21,16383,0
13,284,5840623,1,0,0,0,0
4,284,5850632,-39,-114,8223,0,0
37,284,5850672,-111,34,-21,16383,0
13,285,5860873,0,0,-1,0,0
4,285,5870882,-37,-113,8229,0,0
37,285,5870922,-111,34,-21,16383,0
13,286,5880950,0,0,0,0,0
L,5883270,CALIBRATING,,,0
4,286,5890930,-31,-106,8226,0,0
37,286,5890970,-111,34,-21,16383,0
13,287,5900906,-1,-1,0,0,0
4,287,5911122,-38,-117,8220,0,0
37,287,5911162,-111,34,-21,16383,0
13,288,5921183,-1,0,1,0,0
4,288,5931258,-41,-105,8229,0,0
37,288,5931298,-111,35,-20,16383,0
13,289,5941216,0,0,1,0,0
4,289,5951396,-23,-112,8217,0,0
37,289,5951436,-111,34,-20,16383,0
13,290,5961303,0,0,0,0,0
4,290,5971430,-31,-106,8224,0,0
37,290,5971470,-111,34,-20,16383,0
13,291,5981405,0,1,0,0,0
L,5983698,CALIBRATING,,,0
4,291,5991582,-42,-109,8223,0,0
37,291,5991622,-111,35,-20,16383,0
13,292,6001543,0,0,1,0,0
4,292,6011708,-37,-102,8218,0,0
37,292,6011748,-110,35,-20,16383,0
13,293,6021722,0,-2,-2,0,0
4,293,6031923,-41,-112,8221,0,0
37,293,6031964,-110,35,-20,16383,0
13,294,6041818,1,-1,0,0,0
4,294,6051964,-43,-109,8229,0,0
37,294,6052004,-110,35,-20,16383,0
13,295,6061927,0,0,0,0,0
4,295,6072056,-31,-112,8217,0,0
37,295,6072096,-110,35,-20,16383,0
13,296,6082067,0,-1,1,0,0
L,6084455,CALIBRATING,,,0
4,296,6092124,-43,-116,8225,0,0
37,296,6092165,-110,35,-20,16383,0
13,297,6102152,1,1,1,0,0
4,297,6112358,-24,-111,8225,0,0
37,297,6112399,-110,35,-20,16383,0
13,298,6122266,0,1,0,0,0
4,298,6132462,-35,-115,8224,0,0
37,298,6132502,-110,35,-20,16383,0
13,299,6142384,0,0,0,0,0
4,299,6152520,-37,-112,8224,0,0
37,299,6152587,-111,35,-20,16383,0
13,300,6162452,0,0,0,0,0
4,300,6172718,-31,-114,8232,0,0
37,300,6172759,-111,35,-20,16383,0
13,301,6182651,0,1,0,0,0
L,6184943,CALIBRATING,,,0
4,301,6192855,-34,-102,8222,0,0
37,301,6192896,-110,35,-20,16383,0
13,302,6202761,0,0,-1,0,0
4,302,6212857,-35,-102,8226,0,0
37,302,6212898,-110,35,-20,16383,0
13,303,6222864,0,1,0,0,0
4,303,6233017,-27,-117,8231,0,0
37,303,6233058,-110,35,-20,16383,0
13,304,6242943,0,-1,0,0,0
4,304,6253020,-32,-109,8227,0,0
37,304,6253060,-110,34,-20,16383,0
13,305,6263062,0,0,-1,0,0
4,305,6273276,-32,-109,8226,0,0
37,305,6273316,-110,34,-20,16383,0
13,306,6283104,2,1,0,0,0
L,6285441,CALIBRATING,,,0
4,306,6293403,-30,-108,8225,0,0
37,306,6293443,-110,34,-20,16383,0
13,307,6303304,0,0,0,0,0
4,307,6313456,-42,-114,8235,0,0
37,307,6313497,-110,34,-20,16383,0
13,308,6323422,0,0,0,0,0
4,308,6333463,-31,-107,8229,0,0
37,308,6333504,-110,34,-20,16383,0
13,309,6343594,-1,0,0,0,0
4,309,6353751,-28,-109,8216,0,0
37,309,6353791,-110,34,-20,16383,0
13,310,6363586,0,0,0,0,0
4,310,6373714,-31,-107,8220,0,0
37,310,6373754,-110,34,-20,16383,0
13,311,6383739,0,0,0,0,0
L,6386051,CALIBRATING,,,0
4,311,6393891,-40,-108,8230,0,0
37,311,6393931,-109,34,-20,16383,0
13,312,6403964,0,0,0,0,0
4,312,6414035,-32,-109,8230,0,0
37,312,6414075,-109,34,-20,16383,0
13,313,6424008,-1,0,-2,0,0
4,313,6434196,-22,-118,8230,0,0
37,313,6434236,-110,34,-21,16383,0
13,314,6444031,1,0,0,0,0
4,314,6454203,-40,-114,8234,0,0
37,314,6454244,-110,34,-21,16383,0
13,315,6464161,0,1,0,0,0
4,315,6474374,-23,-115,8224,0,0
37,315,6474415,-110,34,-21,16383,0
13,316,6484307,0,0,0,0,0
L,6486634,CALIBRATING,,,0
4,316,6494397,-32,-118,8213,0,0
37,316,6494438,-110,34,-21,16383,0
13,317,6504505,0,1,0,0,0
4,317,6514666,-31,-106,8231,0,0
37,317,6514733,-110,34,-20,16383,0
13,318,6524589,3,0,2,0,0
4,318,6534571,-35,-108,8223,0,0
37,318,6534611,-110,34,-20,16383,0
13,319,6544711,0,-1,1,0,0
4,319,6554918,-46,-101,8221,0,0
37,319,6554958,-109,34,-20,16383,0
13,320,6564831,0,0,1,0,0
4,320,6574872,-32,-109,8228,0,0
37,320,6574912,-109,34,-20,16383,0
13,321,6584908,0,1,0,0,0
L,6587209,CALIBRATING,,,0
4,321,6595025,-32,-111,8223,0,0
37,321,6595065,-109,34,-20,16383,0
13,322,6605045,1,0,0,0,0
4,322,6615158,-27,-106,8217,0,0
37,322,6615198,-109,34,-20,16383,0
13,323,6625088,1,1,0,0,0
4,323,6635310,-36,-113,8225,0,0
37,323,6635351,-109,34,-20,16383,0
13,324,6645328,0,0,-1,0,0
4,324,6655336,-31,-112,8223,0,0
37,324,6655377,-110,34,-20,16383,0
13,325,6665318,0,0,0,0,0
4,325,6675627,-21,-115,8223,0,0
37,325,6675668,-110,33,-20,16383,0
13,326,6685552,0,0,0,0,0
L,6687837,CALIBRATING,,,0
4,326,6695635,-39,-116,8228,0,0
37,326,6695675,-110,33,-20,16383,0
13,327,6705681,-1,0,0,0,0
4,327,6715723,-37,-105,8226,0,0
37,327,6715763,-110,34,-20,16383,0
13,328,6725775,0,1,0,0,0
4,328,6735844,-34,-105,8225,0,0
37,328,6735884,-110,33,-20,16383,0
13,329,6745766,0,0,0,0,0
4,329,6756152,-31,-116,8233,0,0
37,329,6756220,-110,33,-20,16383,0
13,330,6765947,0,1,-1,0,0
4,330,6776040,-38,-108,8230,0,0
37,330,6776081,-110,34,-20,16383,0
13,331,6786092,-1,0,1,0,0
L,6788525,CALIBRATING,,,0
4,331,6796247,-28,-106,8228,0,0
37,331,6796288,-110,33,-20,16383,0
13,332,6806264,0,-1,0,0,0
4,332,6816343,-32,-116,8217,0,0
37,332,6816383,-110,33,-20,16383,0
13,333,6826359,0,1,0,0,0
4,333,6836488,-36,-111,8229,0,0
37,333,6836529,-110,34,-20,16383,0
13,334,6846411,-1,0,1,0,0
4,334,6856556,-30,-107,8223,0,0
37,334,6856597,-110,33,-20,16383,0
13,335,6866522,0,0,0,0,0
4,335,6876650,-23,-105,8230,0,0
37,335,6876691,-110,33,-20,16383,0
13,336,6886650,0,0,0,0,0
L,6888953,CALIBRATING,,,0
4,336,6896698,-36,-105,8223,0,0
37,336,6896738,-110,33,-20,16383,0
13,337,6906709,1,0,0,0,0
4,337,6916935,-32,-104,8225,0,0
37,337,6916975,-109,33,-20,16383,0
13,338,6926909,0,1,0,0,0
4,338,6936967,-24,-116,8225,0,0
37,338,6937008,-110,33,-20,16383,0
13,339,6946984,-1,0,-1,0,0
4,339,6957168,-29,-97,8233,0,0
37,339,6957208,-109,33,-20,16383,0
13,340,6967131,0,0,-2,0,0
4,340,6977243,-37,-110,8232,0,0
37,340,6977283,-109,33,-20,16383,0
13,341,6987166,0,0,0,0,0
L,6989476,CALIBRATING,,,0
4,341,6997385,-28,-105,8224,0,0
37,341,6997425,-109,32,-20,16383,0
13,342,7007389,-1,-1,2,0,0
4,342,7017441,-28,-109,8227,0,0
37,342,7017482,-109,32,-20,16383,0
13,343,7027491,0,-1,-2,0,0
4,343,7037598,-44,-106,8215,0,0
37,343,7037638,-109,32,-20,16383,0
13,344,7047560,-1,0,0,0,0
4,344,7057750,-30,-102,8225,0,0
37,344,7057790,-109,32,-21,16383,0
13,345,7067596,-1,0,0,0,0
4,345,7077853,-27,-110,8228,0,0
37,345,7077893,-109,32,-20,16383,0
13,346,7087810,1,0,1,0,0
L,7090111,CALIBRATING,,,0
4,346,7097806,-37,-114,8226,0,0
37,346,7097846,-109,32,-20,16383,0
13,347,7107955,0,0,1,0,0
4,347,7118016,-34,-116,8220,0,0
37,347,7118057,-109,32,-20,16383,0
13,348,7128067,0,2,0,0,0
4,348,7138050,-36,-108,8226,0,0
37,348,7138090,-109,33,-20,16383,0
13,349,7148092,-1,-2,0,0,0
4,349,7158352,-34,-105,8226,0,0
37,349,7158393,-109,33,-20,16383,0
13,350,7168369,0,-1,-1,0,0
4,350,7178387,-36,-114,8225,0,0
37,350,7178427,-109,33,-20,16383,0
13,351,7188392,0,-2,0,0,0
L,7190791,CALIBRATING,,,0
4,351,7198543,-36,-111,8230,0,0
37,351,7198583,-109,33,-21,16383,0
13,352,7208506,0,0,-1,0,0
4,352,7218505,-38,-109,8227,0,0
37,352,7218545,-109,33,-21,16383,0
13,353,7228608,2,0,0,0,0
4,353,7238677,-31,-118,8226,0,0
37,353,7238717,-109,33,-21,16383,0
13,354,7248668,-1,1,0,0,0
4,354,7258779,-37,-114,8229,0,0
37,354,7258819,-110,33,-21,16383,0
13,355,7268813,0,-1,0,0,0
4,355,7278898,-25,-109,8235,0,0
37,355,7278939,-110,33,-21,16383,0
13,356,7288829,1,0,0,0,0
L,7291175,CALIBRATING,,,0
4,356,7299070,-31,-109,8230,0,0
37,356,7299110,-109,33,-21,16383,0
13,357,7309055,0,0,0,0,0
4,357,7319234,-35,-111,8225,0,0
37,357,7319275,-110,33,-21,16383,0
13,358,7329113,1,-1,0,0,0
4,358,7339209,-27,-104,8222,0,0
37,358,7339249,-109,32,-21,16383,0
13,359,7349278,-1,0,0,0,0
4,359,7359295,-40,-105,8223,0,0
37,359,7359335,-109,33,-21,16383,0
13,360,7369475,0,0,0,0,0
4,360,7379435,-35,-102,8223,0,0
37,360,7379476,-109,33,-21,16383,0
13,361,7389561,0,0,0,0,0
L,7391880,CALIBRATING,,,0
4,361,7399695,-31,-114,8225,0,0
37,361,7399736,-109,33,-21,16383,0
13,362,7409508,1,0,0,0,0
4,362,7419687,-32,-111,8227,0,0
37,362,7419728,-109,33,-21,16383,0
13,363,7429741,0,-1,0,0,0
4,363,7439886,-34,-102,8231,0,0
37,363,7439926,-109,33,-21,16383,0
13,364,7449809,0,-1,0,0,0
4,364,7459903,-31,-113,8215,0,0
37,364,7459943,-109,32,-21,16383,0
13,365,7469912,0,1,0,0,0
4,365,7480110,-31,-108,8227,0,0
37,365,7480150,-109,32,-20,16383,0
13,366,7490033,0,0,0,0,0
L,7492351,CALIBRATING,,,0
4,366,7500139,-34,-114,8228,0,0
37,366,7500179,-109,32,-20,16383,0
13,367,7510057,0,0,2,0,0
4,367,7520341,-37,-106,8222,0,0
37,367,7520382,-109,33,-20,16383,0
13,368,7530281,1,0,-1,0,0
4,368,7540385,-36,-108,8223,0,0
37,368,7540425,-109,33,-20,16383,0
13,369,7550393,1,1,0,0,0
4,369,7560633,-30,-104,8227,0,0
37,369,7560674,-108,33,-21,16383,0
13,370,7570523,0,-1,-1,0,0
4,370,7580597,-32,-105,8226,0,0
37,370,7580638,-108,33,-21,16383,0
13,371,7590615,0,0,0,0,0
L,7592901,CALIBRATING,,,0
4,371,7600750,-36,-104,8227,0,0
37,371,7600790,-108,33,-21,16383,0
13,372,7610719,0,0,0,0,0
4,372,7620776,-43,-111,8234,0,0
37,372,7620817,-108,34,-21,16383,0
13,373,7630787,0,0,-1,0,0
4,373,7641147,-34,-119,8229,0,0
37,373,7641187,-108,34,-21,16383,0
13,374,7650891,0,0,0,0,0
4,374,7661017,-31,-115,8227,0,0
37,374,7661085,-109,33,-21,16383,0
13,375,7670939,0,0,0,0,0
4,375,7681249,-29,-114,8226,0,0
37,375,7681290,-109,33,-21,16383,0
13,376,7691166,-1,-1,0,0,0
L,7693658,CALIBRATING,,,0
4,376,7701273,-33,-118,8229,0,0
37,376,7701314,-110,33,-21,16383,0
13,377,7711285,0,0,-1,0,0
4,377,7721467,-39,-104,8225,0,0
37,377,7721508,-109,33,-21,16383,0
13,378,7731345,0,0,2,0,0
4,378,7741500,-28,-111,8228,0,0
37,378,7741540,-109,33,-20,16383,0
13,379,7751465,0,0,1,0,0
4,379,7761560,-27,-112,8221,0,0
37,379,7761600,-109,33,-20,16383,0
13,380,7771611,1,0,0,0,0
4,380,7781696,-32,-105,8232,0,0
37,380,7781736,-109,33,-20,16383,0
13,381,7791661,1,0,0,0,0
L,7793981,CALIBRATING,,,0
4,381,7802056,-39,-109,8224,0,0
37,381,7802096,-109,33,-20,16383,0
13,382,7811864,0,0,1,0,0
4,382,7821953,-35,-106,8230,0,0
37,382,7821993,-109,34,-20,16383,0
13,383,7831989,-2,0,0,0,0
4,383,7842075,-32,-110,8232,0,0
37,383,7842115,-109,33,-20,16383,0
13,384,7852179,0,0,1,0,0
4,384,7862246,-33,-104,8218,0,0
37,384,7862286,-109,33,-20,16383,0
13,385,7872153,0,0,0,0,0
4,385,7882376,-33,-111,8234,0,0
37,385,7882417,-109,33,-20,16383,0
13,386,7892341,1,0,0,0,0
L,7894635,CALIBRATING,,,0
4,386,7902432,-31,-107,8229,0,0
37,386,7902473,-109,33,-20,16383,0
13,387,7912478,0,1,0,0,0
4,387,7922600,-27,-107,8223,0,0
37,387,7922641,-108,33,-20,16383,0
13,388,7932575,1,1,0,0,0
4,388,7942607,-40,-111,8230,0,0
37,388,7942648,-108,33,-20,16383,0
13,389,7952589,0,0,0,0,0
4,389,7962847,-29,-104,8224,0,0
37,389,7962888,-108,33,-20,16383,0
13,390,7972693,3,2,0,0,0
4,390,7982855,-39,-114,8214,0,0
37,390,7982895,-108,34,-20,16383,0
13,391,7992796,0,1,2,0,0
L,7995114,CALIBRATING,,,0
4,391,8002980,-28,-116,8233,0,0
37,391,8003020,-108,34,-20,16383,0
13,392,8013045,2,0,0,0,0
4,392,8023067,-29,-106,8230,0,0
37,392,8023108,-108,33,-20,16383,0
13,393,8033087,0,0,0,0,0
4,393,8043209,-27,-107,8223,0,0
37,393,8043249,-108,33,-20,16383,0
13,394,8053226,1,-1,1,0,0
4,394,8063433,-35,-108,8223,0,0
37,394,8063473,-108,33,-20,16383,0
13,395,8073345,1,1,0,0,0
4,395,8083440,-38,-116,8222,0,0
37,395,8083480,-108,33,-20,16383,0
13,396,8093440,0,0,1,0,0
L,8095733,VALID,-0.014,-0.003,1
4,396,8103441,-45,-112,8228,0,0
37,396,8103481,-108,34,-20,16383,0
13,397,8113516,0,1,0,0,0
4,397,8123740,-37,-111,8225,0,0
37,397,8123781,-108,34,-20,16383,0
13,398,8133612,1,0,0,0,0
4,398,8143764,-39,-108,8238,0,0
37,398,8143805,-108,34,-20,16383,0
13,399,8153756,1,0,-1,0,0
4,399,8163904,-41,-115,8233,0,0
37,399,8163944,-108,35,-20,16383,0
13,400,8173747,0,0,1,0,0
4,400,8183967,-32,-101,8228,0,0
37,400,8184008,-108,35,-20,16383,0
13,401,8194014,0,1,1,0,0
L,8196334,VALID,-0.014,0.011,1
4,401,8204171,-32,-110,8219,0,0
37,401,8204212,-108,35,-19,16383,0
13,402,8214118,0,0,0,0,0
4,402,8224143,-29,-109,8227,0,0
37,402,8224184,-108,34,-20,16383,0
13,403,8234194,0,0,0,0,0
4,403,8244341,-29,-112,8232,0,0
37,403,8244381,-108,34,-20,16383,0
13,404,8254229,-1,0,0,0,0
4,404,8264496,-35,-116,8226,0,0
37,404,8264536,-109,34,-20,16383,0
13,405,8274391,0,-1,0,0,0
4,405,8285060,-36,-112,8221,0,0
37,405,8285100,-109,34,-20,16383,0
13,406,8294558,0,0,0,0,0
L,8296875,VALID,-0.007,0.004,1
4,406,8304721,-33,-112,8233,0,0
37,406,8304761,-109,34,-20,16383,0
13,407,8314703,1,2,1,0,0
4,407,8324839,-37,-107,8227,0,0
37,407,8324879,-109,34,-19,16383,0
13,408,8334821,-3,1,1,0,0
4,408,8344830,-32,-112,8222,0,0
37,408,8344871,-109,34,-19,16383,0
13,409,8354846,0,-1,0,0,0
4,409,8365123,-39,-113,8219,0,0
37,409,8365164,-110,35,-19,16383,0
13,410,8375012,1,1,-1,0,0
4,410,8385062,-39,-113,8226,0,0
37,410,8385103,-110,35,-19,16383,0
13,411,8395156,1,0,0,0,0
L,8397493,VALID,0.000,0.011,1
4,411,8405218,-32,-110,8225,0,0
37,411,8405258,-110,35,-19,16383,0
13,412,8415207,0,0,2,0,0
4,412,8425345,-34,-104,8224,0,0
37,412,8425386,-109,35,-19,16383,0
13,413,8435389,0,0,0,0,0
4,413,8445568,-34,-109,8222,0,0
37,413,8445608,-109,35,-19,16383,0
13,414,8455465,1,0,-1,0,0
4,414,8465595,-33,-113,8216,0,0
37,414,8465636,-109,34,-19,16383,0
13,415,8475602,0,0,0,0,0
4,415,8485749,-31,-108,8222,0,0
37,415,8485789,-109,34,-19,16383,0
13,416,8495638,1,0,1,0,0
L,8497947,VALID,-0.007,0.004,1
4,416,8505749,-27,-112,8232,0,0
37,416,8505789,-110,34,-19,16383,0
13,417,8515843,0,0,0,0,0
4,417,8526031,-27,-111,8225,0,0
37,417,8526098,-110,33,-19,16383,0
13,418,8535937,0,0,0,0,0
4,418,8546049,-27,-115,8223,0,0
37,418,8546089,-110,33,-19,16383,0
13,419,8556041,0,2,0,0,0
4,419,8566256,-29,-112,8221,0,0
37,419,8566296,-110,33,-19,16383,0
13,420,8576111,-1,0,-1,0,0
4,420,8586272,-34,-105,8225,0,0
37,420,8586312,-110,33,-19,16383,0
13,421,8596280,0,0,0,0,0
L,8598566,VALID,0.000,-0.003,1
4,421,8606402,-24,-110,8225,0,0
37,421,8606443,-110,33,-19,16383,0
13,422,8616392,0,0,-1,0,0
4,422,8626488,-25,-106,8229,0,0
37,422,8626528,-110,33,-19,16383,0
13,423,8636539,0,0,0,0,0
4,423,8646564,-30,-111,8228,0,0
37,423,8646604,-110,32,-19,16383,0
13,424,8656602,0,0,1,0,0
4,424,8666707,-32,-113,8223,0,0
37,424,8666748,-110,32,-19,16383,0
13,425,8676884,0,0,0,0,0
4,425,8687047,-29,-104,8218,0,0
37,425,8687087,-110,32,-19,16383,0
13,426,8696926,0,2,0,0,0
L,8699245,VALID,0.000,-0.010,1
4,426,8707046,-37,-108,8228,0,0
37,426,8707087,-110,32,-19,16383,0
13,427,8717045,-1,0,0,0,0
4,427,8727115,-30,-113,8223,0,0
37,427,8727155,-110,32,-19,16383,0
13,428,8737166,0,-1,0,0,0
4,428,8747176,-34,-112,8231,0,0
37,428,8747216,-110,32,-19,16383,0
13,429,8757277,0,-1,0,0,0
4,429,8767451,-30,-109,8219,0,0
37,429,8767491,-110,32,-20,16383,0
13,430,8777372,1,1,-2,0,0
4,430,8787440,-41,-106,8225,0,0
37,430,8787480,-110,33,-20,16383,0
13,431,8797396,1,-3,3,0,0
L,8799811,VALID,0.000,-0.003,1
4,431,8807649,-33,-107,8219,0,0
37,431,8807689,-109,33,-19,16383,0
13,432,8817639,0,1,0,0,0
4,432,8827765,-29,-112,8219,0,0
37,432,8827805,-109,33,-19,16383,0
13,433,8837698,0,1,0,0,0
4,433,8847896,-37,-102,8223,0,0
37,433,8847936,-109,33,-19,16383,0
13,434,8857862,0,2,0,0,0
4,434,8867826,-38,-117,8233,0,0
37,434,8867866,-109,33,-19,16383,0
13,435,8878068,0,1,1,0,0
4,435,8888060,-33,-118,8217,0,0
37,435,8888101,-110,34,-19,16383,0
13,436,8898180,0,0,-1,0,0
L,8900612,VALID,0.000,0.004,1
4,436,8908137,-29,-115,8231,0,0
37,436,8908177,-110,33,-19,16383,0
13,437,8918109,0,1,-1,0,0
4,437,8928377,-36,-112,8219,0,0
37,437,8928418,-110,33,-19,16383,0
13,438,8938344,0,1,0,0,0
4,438,8948479,-30,-101,8216,0,0
37,438,8948520,-110,33,-19,16383,0
13,439,8958410,-1,0,0,0,0
4,439,8968566,-36,-106,8218,0,0
37,439,8968606,-110,33,-19,16383,0
13,440,8978549,-1,0,0,0,0
4,440,8988616,-44,-107,8225,0,0
37,440,8988657,-110,34,-19,16383,0
13,441,8998642,0,0,0,0,0
L,9000927,VALID,0.000,0.004,1
4,441,9008858,-35,-106,8235,0,0
37,441,9008899,-110,34,-19,16383,0
13,442,9018720,-1,-1,0,0,0
4,442,9028986,-32,-111,8227,0,0
37,442,9029026,-110,34,-19,16383,0
13,443,9038969,1,2,0,0,0
4,443,9049073,-39,-111,8224,0,0
37,443,9049113,-110,34,-19,16383,0
13,444,9059082,0,2,1,0,0
4,444,9069262,-40,-108,8225,0,0
37,444,9069303,-110,35,-19,16383,0
13,445,9079159,0,0,-1,0,0
4,445,9089374,-41,-110,8219,0,0
37,445,9089414,-110,35,-19,16383,0
13,446,9099348,1,1,1,0,0
L,9101685,VALID,0.000,0.011,1
4,446,9109382,-41,-110,8222,0,0
37,446,9109423,-110,36,-19,16383,0
13,447,9119390,0,1,0,0,0
4,447,9129570,-34,-116,8228,0,0
37,447,9129611,-110,36,-19,16383,0
13,448,9139528,0,0,1,0,0
4,448,9149787,-39,-104,8231,0,0
37,448,9149827,-110,36,-19,16383,0
13,449,9159666,1,0,0,0,0
4,449,9169933,-26,-115,8225,0,0
37,449,9169974,-110,36,-19,16383,0
13,450,9179759,0,0,0,0,0
4,450,9190001,-34,-103,8233,0,0
37,450,9190041,-109,35,-19,16383,0
13,451,9199942,0,0,0,0,0
L,9202234,VALID,-0.007,0.011,1
4,451,9210121,-37,-106,8228,0,0
37,451,9210162,-109,35,-19,16383,0
13,452,9220087,1,0,0,0,0
4,452,9230190,-41,-107,8222,0,0
37,452,9230230,-109,36,-19,16383,0
13,453,9240173,0,2,0,0,0
4,453,9250397,-34,-109,8218,0,0
37,453,9250437,-109,36,-19,16383,0
13,454,9260311,0,0,0,0,0
4,454,9270361,-26,-119,8224,0,0
37,454,9270401,-109,36,-19,16383,0
13,455,9280439,0,2,0,0,0
4,455,9290610,-29,-114,8224,0,0
37,455,9290651,-110,35,-19,16383,0
13,456,9300507,0,-3,0,0,0
L,9302965,VALID,0.000,0.011,1
4,456,9310845,-28,-112,8225,0,0
37,456,9310885,-110,35,-19,16383,0
13,457,9320769,1,2,-1,0,0
4,457,9330990,-32,-108,8222,0,0
37,457,9331030,-110,35,-19,16383,0
13,458,9340895,0,0,1,0,0
4,458,9350962,-34,-116,8222,0,0
37,458,9351002,-110,35,-19,16383,0
13,459,9361076,2,2,0,0,0
4,459,9371206,-34,-105,8222,0,0
37,459,9371246,-109,35,-19,16383,0
13,460,9381145,0,0,0,0,0
4,460,9391255,-37,-111,8230,0,0
37,460,9391295,-109,35,-19,16383,0
13,461,9401325,0,0,-2,0,0
L,9403705,VALID,-0.007,0.011,1
4,461,9411559,-34,-103,8229,0,0
37,461,9411599,-109,35,-20,16383,0
13,462,9421471,1,0,0,0,0
4,462,9431567,-30,-103,8228,0,0
37,462,9431608,-109,35,-20,16383,0
13,463,9441593,0,0,-1,0,0
4,463,9451686,-31,-105,8220,0,0
37,463,9451726,-109,35,-20,16383,0
13,464,9461618,1,1,0,0,0
4,464,9471823,-29,-108,8223,0,0
37,464,9471863,-108,34,-20,16383,0
13,465,9481798,0,0,0,0,0
4,465,9492039,-32,-113,8219,0,0
37,465,9492079,-109,34,-20,16383,0
13,466,9501902,0,0,0,0,0
L,9504194,VALID,-0.007,0.004,1
4,466,9512048,-27,-112,8228,0,0
37,466,9512089,-109,34,-20,16383,0
13,467,9522151,0,0,-1,0,0
4,467,9532286,-35,-101,8231,0,0
37,467,9532327,-109,34,-20,16383,0
13,468,9542236,1,0,0,0,0
4,468,9552261,-33,-102,8229,0,0
37,468,9552302,-108,34,-20,16383,0
13,469,9562392,1,1,0,0,0
4,469,9572668,-35,-110,8224,0,0
37,469,9572708,-108,34,-20,16383,0
13,470,9582547,0,1,1,0,0
4,470,9592579,-42,-105,8226,0,0
37,470,9592619,-108,35,-20,16383,0
13,471,9602641,0,0,0,0,0
L,9604926,VALID,-0.014,0.011,1
4,471,9612693,-32,-107,8231,0,0
37,471,9612734,-108,35,-20,16383,0
13,472,9622779,0,0,0,0,0
4,472,9632882,-31,-113,8230,0,0
37,472,9632923,-108,35,-20,16383,0
13,473,9642856,1,0,0,0,0
4,473,9653096,-28,-100,8224,0,0
37,473,9653137,-108,34,-20,16383,0
13,474,9663019,1,-1,0,0,0
4,474,9673079,-33,-105,8225,0,0
37,474,9673119,-108,34,-20,16383,0
13,475,9683009,0,1,0,0,0
4,475,9693260,-39,-116,8227,0,0
37,475,9693301,-108,34,-20,16383,0
13,476,9703302,1,1,0,0,0
L,9705622,VALID,-0.014,0.004,1
4,476,9713381,-31,-108,8228,0,0
37,476,9713421,-108,34,-20,16383,0
13,477,9723422,0,0,0,0,0
4,477,9733586,-30,-113,8230,0,0
37,477,9733627,-108,34,-20,16383,0
13,478,9743535,1,1,-2,0,0
4,478,9753613,-33,-113,8219,0,0
37,478,9753653,-108,34,-20,16383,0
13,479,9763577,0,0,0,0,0
4,479,9773896,-40,-106,8228,0,0
37,479,9773936,-109,35,-20,16383,0
13,480,9783775,-1,0,0,0,0
4,480,9793877,-32,-114,8230,0,0
37,480,9793917,-109,34,-20,16383,0
13,481,9803955,-1,0,1,0,0
L,9806389,VALID,-0.007,0.004,1
4,481,9814216,-37,-119,8225,0,0
37,481,9814256,-110,35,-20,16383,0
13,482,9824121,0,0,0,0,0
4,482,9834214,-31,-102,8224,0,0
37,482,9834254,-109,34,-20,16383,0
13,483,9844248,0,0,0,0,0
4,483,9854318,-34,-111,8220,0,0
37,483,9854358,-109,34,-20,16383,0
13,484,9864334,0,0,-1,0,0
4,484,9874490,-41,-107,8224,0,0
37,484,9874530,-109,35,-20,16383,0
13,485,9884490,2,0,-1,0,0
4,485,9894671,-39,-112,8226,0,0
37,485,9894711,-109,35,-20,16383,0
13,486,9904631,0,-1,0,0,0
L,9907033,VALID,-0.007,0.011,1
4,486,9914687,-31,-106,8224,0,0
37,486,9914728,-109,35,-20,16383,0
13,487,9924720,0,-1,1,0,0
4,487,9934912,-33,-112,8219,0,0
37,487,9934952,-109,35,-20,16383,0
13,488,9944929,0,0,-1,0,0
4,488,9954972,-31,-116,8226,0,0
37,488,9955012,-109,35,-20,16383,0
13,489,9965004,1,2,0,0,0
4,489,9975247,-35,-112,8221,0,0
37,489,9975287,-110,35,-20,16383,0
13,490,9985136,1,2,0,0,0
4,490,9995272,-36,-114,8229,0,0
37,490,9995313,-110,35,-20,16383,0
13,491,10005202,0,1,0,0,0
L,10007591,VALID,0.000,0.011,1
4,491,10015393,-31,-112,8223,0,0
37,491,10015434,-110,35,-20,16383,0
13,492,10025495,1,0,0,0,0
4,492,10035539,-31,-116,8231,0,0
37,492,10035579,-110,35,-20,16383,0
13,493,10045564,1,0,1,0,0
4,493,10055755,-28,-111,8233,0,0
37,493,10055795,-110,34,-20,16383,0
13,494,10065608,0,-1,0,0,0
4,494,10075824,-39,-115,8231,0,0
37,494,10075865,-110,34,-20,16383,0
13,495,10085756,1,0,0,0,0
4,495,10095959,-38,-110,8225,0,0
37,495,10096000,-110,35,-20,16383,0
13,496,10105926,0,0,0,0,0
L,10108305,VALID,0.000,0.011,1
4,496,10115979,-32,-110,8227,0,0
37,496,10116019,-110,35,-20,16383,0
13,497,10126073,0,3,-1,0,0
4,497,10136254,-34,-106,8220,0,0
37,497,10136294,-110,35,-20,16383,0
13,498,10146201,1,2,0,0,0
4,498,10156234,-29,-116,8231,0,0
37,498,10156275,-110,35,-20,16383,0
13,499,10166294,0,1,0,0,0
4,499,10176449,-45,-112,8224,0,0
37,499,10176517,-110,35,-20,16383,0
13,500,10186547,1,0,0,0,0
4,500,10196608,-30,-112,8225,0,0
37,500,10196649,-110,35,-20,16383,0
13,501,10206640,2,0,1,0,0
L,10209037,VALID,0.000,0.011,1
4,501,10216804,-42,-111,8233,0,0
37,501,10216845,-110,35,-20,16383,0
13,502,10226752,-2,-2,-1,0,0
4,502,10236795,-32,-106,8227,0,0
37,502,10236835,-110,35,-20,16383,0
13,503,10246856,2,-1,-1,0,0
4,503,10256926,-29,-109,8227,0,0
37,503,10256966,-110,35,-20,16383,0
13,504,10267010,0,0,0,0,0
4,504,10277063,-38,-109,8226,0,0
37,504,10277104,-110,35,-20,16383,0
13,505,10287129,0,0,0,0,0
4,505,10297283,-23,-111,8218,0,0
37,505,10297351,-110,34,-20,16383,0
13,506,10307137,0,0,0,0,0
L,10309560,VALID,0.000,0.004,1
4,506,10317424,-37,-116,8230,0,0
37,506,10317464,-110,35,-20,16383,0
13,507,10327390,0,1,-2,0,0
4,507,10337559,-30,-110,8231,0,0
37,507,10337600,-110,35,-20,16383,0
13,508,10347491,0,2,0,0,0
4,508,10357610,-28,-104,8223,0,0
37,508,10357650,-110,35,-20,16383,0
13,509,10367672,0,2,-2,0,0
4,509,10377765,-32,-108,8232,0,0
37,509,10377806,-110,35,-20,16383,0
13,510,10387896,0,0,1,0,0
4,510,10397840,-32,-100,8226,0,0
37,510,10397881,-109,35,-20,16383,0
13,511,10407946,2,0,0,0,0
L,10410352,VALID,-0.007,0.011,1
4,511,10417998,-38,-113,8232,0,0
37,511,10418039,-109,35,-20,16383,0
13,512,10427919,0,0,0,0,0
4,512,10438160,-32,-108,8224,0,0
37,512,10438200,-109,35,-20,16383,0
13,513,10448215,0,0,0,0,0
4,513,10458436,-38,-107,8219,0,0
37,513,10458476,-109,35,-20,16383,0
13,514,10468308,0,-3,0,0,0
4,514,10478419,-28,-113,8219,0,0
37,514,10478460,-109,34,-20,16383,0
13,515,10488445,0,1,0,0,0
4,515,10498531,-27,-118,8225,0,0
37,515,10498572,-110,34,-20,16383,0
13,516,10508540,0,0,1,0,0
L,10510954,VALID,0.000,0.004,1
4,516,10518652,-30,-104,8224,0,0
37,516,10518693,-109,34,-20,16383,0
13,517,10528608,0,1,0,0,0
4,517,10538952,-28,-103,8227,0,0
37,517,10539019,-109,34,-20,16383,0
13,518,10548876,0,1,0,0,0
4,518,10558951,-29,-111,8227,0,0
37,518,10559018,-109,34,-20,16383,0
13,519,10568943,-1,1,0,0,0
4,519,10579236,-35,-115,8219,0,0
37,519,10579276,-110,34,-20,16383,0
13,520,10589144,1,0,0,0,0
4,520,10599244,-30,-110,8225,0,0
37,520,10599284,-110,33,-20,16383,0
13,521,10609324,1,0,0,0,0
L,10611737,VALID,0.000,-0.003,1
4,521,10619463,-29,-112,8225,0,0
37,521,10619503,-110,33,-20,16383,0
13,522,10629366,0,-1,0,0,0
4,522,10639512,-32,-111,8220,0,0
37,522,10639552,-110,33,-20,16383,0
13,523,10649488,1,0,0,0,0
4,523,10659778,-34,-108,8222,0,0
37,523,10659819,-109,33,-20,16383,0
13,524,10669650,0,1,0,0,0
4,524,10679760,-35,-107,8226,0,0
37,524,10679800,-109,33,-20,16383,0
13,525,10689691,1,0,0,0,0
4,525,10700033,-42,-115,8221,0,0
37,525,10700073,-109,34,-20,16383,0
13,526,10709927,0,2,0,0,0
L,10712312,VALID,-0.007,0.004,1
4,526,10720063,-36,-114,8226,0,0
37,526,10720103,-110,34,-20,16383,0
13,527,10730053,0,0,0,0,0
4,527,10740148,-39,-114,8227,0,0
37,527,10740188,-110,34,-20,16383,0
13,528,10750148,0,1,0,0,0
4,528,10760241,-43,-111,8227,0,0
37,528,10760281,-110,35,-20,16383,0
13,529,10770268,0,1,1,0,0
4,529,10780431,-34,-112,8235,0,0
37,529,10780471,-110,35,-20,16383,0
13,530,10790387,0,2,0,0,0
4,530,10800541,-33,-109,8230,0,0
37,530,10800581,-110,35,-20,16383,0
13,531,10810524,0,0,0,0,0
L,10812957,VALID,0.000,0.011,1
4,531,10820811,-39,-114,8226,0,0
37,531,10820852,-110,35,-20,16383,0
13,532,10830709,1,0,1,0,0
4,532,10840810,-35,-105,8223,0,0
37,532,10840850,-110,35,-20,16383,0
13,533,10850835,0,1,0,0,0
4,533,10860945,-31,-113,8219,0,0
37,533,10860986,-110,35,-20,16383,0
13,534,10871052,0,1,1,0,0
4,534,10881069,-29,-110,8235,0,0
37,534,10881109,-110,35,-20,16383,0
13,535,10891034,1,2,-2,0,0
4,535,10901208,-31,-109,8217,0,0
37,535,10901248,-110,35,-20,16383,0
13,536,10911222,0,-1,1,0,0
L,10913697,VALID,0.000,0.011,1
4,536,10921360,-30,-110,8228,0,0
37,536,10921400,-110,34,-19,16383,0
13,537,10931403,0,-2,1,0,0
4,537,10941620,-36,-108,8228,0,0
37,537,10941660,-110,34,-19,16383,0
13,538,10951518,0,1,2,0,0
4,538,10961575,-40,-111,8223,0,0
37,538,10961616,-110,34,-19,16383,0
13,539,10971524,0,0,0,0,0
4,539,10981762,-35,-110,8224,0,0
37,539,10981803,-110,35,-19,16383,0
13,540,10991747,0,0,0,0,0
4,540,11001885,-29,-112,8229,0,0
37,540,11001925,-110,34,-19,16383,0
13,541,11011824,0,0,0,0,0
L,11014203,VALID,0.000,0.004,1
4,541,11022032,-36,-105,8220,0,0
37,541,11022072,-110,34,-19,16383,0
13,542,11032082,0,0,0,0,0
4,542,11042142,-41,-108,8230,0,0
37,542,11042182,-110,35,-19,16383,0
13,543,11052133,0,1,2,0,0
4,543,11062219,-35,-111,8232,0,0
37,543,11062259,-110,35,-19,16383,0
13,544,11072332,0,-1,0,0,0
4,544,11082469,-27,-114,8232,0,0
37,544,11082509,-110,34,-19,16383,0
13,545,11092453,0,0,0,0,0
4,545,11102607,-48,-113,8227,0,0
37,545,11102647,-110,35,-19,16383,0
13,546,11112582,0,0,0,0,0
L,11114987,VALID,0.000,0.011,1
4,546,11122574,-35,-109,8222,0,0
37,546,11122614,-110,35,-19,16383,0
13,547,11132676,0,0,0,0,0
4,547,11142814,-33,-117,8226,0,0
37,547,11142854,-111,35,-19,16383,0
13,548,11152766,0,-1,1,0,0
4,548,11162916,-36,-103,8227,0,0
37,548,11162956,-110,35,-19,16383,0
13,549,11172949,-1,-1,0,0,0
4,549,11183124,-29,-108,8223,0,0
37,549,11183164,-110,34,-19,16383,0
13,550,11192950,1,0,1,0,0
4,550,11203163,-34,-120,8229,0,0
37,550,11203203,-111,34,-19,16383,0
13,551,11213235,0,0,0,0,0
L,11215640,VALID,0.007,0.004,1
4,551,11223311,-40,-117,8229,0,0
37,551,11223352,-111,35,-19,16383,0
13,552,11233363,-1,0,0,0,0
4,552,11243424,-31,-109,8226,0,0
37,552,11243464,-111,35,-19,16383,0
13,553,11253476,0,2,0,0,0
4,553,11263647,-39,-110,8224,0,0
37,553,11263688,-111,35,-19,16383,0
13,554,11273518,0,0,0,0,0
4,554,11283800,-26,-104,8218,0,0
37,554,11283840,-111,35,-19,16383,0
13,555,11293664,2,0,-1,0,0
4,555,11303869,-35,-119,8224,0,0
37,555,11303909,-111,35,-19,16383,0
13,556,11313887,0,0,1,0,0
L,11316328,VALID,0.007,0.011,1
4,556,11324027,-32,-108,8230,0,0
37,556,11324067,-111,35,-19,16383,0
13,557,11334045,0,1,0,0,0
4,557,11344249,-32,-106,8224,0,0
37,557,11344289,-111,35,-19,16383,0
13,558,11354180,-1,0,0,0,0
4,558,11364232,-31,-108,8220,0,0
37,558,11364272,-111,34,-19,16383,0
13,559,11374232,0,1,2,0,0
4,559,11384455,-32,-108,8219,0,0
37,559,11384496,-110,34,-19,16383,0
13,560,11394449,0,2,0,0,0
4,560,11404481,-42,-111,8230,0,0
37,560,11404521,-110,35,-19,16383,0
13,561,11414585,1,3,0,0,0
L,11416973,VALID,0.000,0.011,1
4,561,11424756,-39,-112,8226,0,0
37,561,11424824,-111,36,-19,16383,0
13,562,11434678,0,1,0,0,0
4,562,11444781,-38,-109,8211,0,0
37,562,11444848,-110,36,-19,16383,0
13,563,11454878,0,0,2,0,0
4,563,11464998,-23,-107,8229,0,0
37,563,11465038,-110,35,-19,16383,0
13,564,11474980,0,0,2,0,0
4,564,11485142,-29,-115,8218,0,0
37,564,11485183,-111,35,-18,16383,0
13,565,11495128,0,1,1,0,0
4,565,11505350,-29,-121,8230,0,0
37,565,11505390,-111,35,-18,16383,0
13,566,11515246,0,1,1,0,0
L,11517661,VALID,0.007,0.011,1
4,566,11525325,-40,-122,8225,0,0
37,566,11525366,-112,35,-18,16383,0
13,567,11535456,0,-1,0,0,0
4,567,11545548,-24,-112,8230,0,0
37,567,11545588,-111,35,-18,16383,0
13,568,11555539,3,1,0,0,0
4,568,11565597,-31,-112,8231,0,0
37,568,11565638,-111,35,-18,16383,0
13,569,11575661,0,0,0,0,0
4,569,11585883,-37,-107,8225,0,0
37,569,11585924,-111,35,-18,16383,0
13,570,11595696,0,1,2,0,0
4,570,11605899,-38,-110,8221,0,0
37,570,11605940,-111,35,-18,16383,0
13,571,11615865,1,0,0,0,0
L,11618271,VALID,0.007,0.011,1
4,571,11625987,-30,-110,8225,0,0
37,571,11626027,-111,35,-18,16383,0
13,572,11636064,-1,0,0,0,0
4,572,11646106,-37,-109,8226,0,0
37,572,11646147,-111,35,-18,16383,0
13,573,11656218,1,-2,-2,0,0
4,573,11666279,-33,-109,8225,0,0
37,573,11666319,-111,35,-18,16383,0
13,574,11676252,0,-1,0,0,0
4,574,11686397,-38,-112,8225,0,0
37,574,11686438,-111,35,-18,16383,0
13,575,11696530,0,0,2,0,0
4,575,11706649,-33,-117,8224,0,0
37,575,11706689,-111,35,-18,16383,0
13,576,11716633,1,0,-1,0,0
L,11719107,VALID,0.007,0.011,1
4,576,11726745,-27,-113,8224,0,0
37,576,11726785,-111,34,-18,16383,0
13,577,11736760,0,0,0,0,0
4,577,11746915,-42,-99,8222,0,0
37,577,11746955,-111,35,-18,16383,0
13,578,11756865,0,0,0,0,0
4,578,11766864,-40,-112,8226,0,0
37,578,11766904,-111,35,-18,16383,0
13,579,11777017,0,0,1,0,0
4,579,11787104,-39,-109,8229,0,0
37,579,11787144,-111,35,-18,16383,0
13,580,11797137,0,1,0,0,0
4,580,11807197,-36,-113,8239,0,0
37,580,11807238,-111,36,-18,16383,0
13,581,11817138,1,1,0,0,0
L,11819569,VALID,0.007,0.018,1
4,581,11827516,-28,-109,8218,0,0
37,581,11827557,-111,35,-19,16383,0
13,582,11837408,0,0,-2,0,0
4,582,11847525,-34,-106,8231,0,0
37,582,11847566,-110,35,-19,16383,0
13,583,11857491,-1,0,1,0,0
4,583,11867638,-24,-109,8232,0,0
37,583,11867679,-110,35,-18,16383,0
13,584,11877629,1,0,0,0,0
4,584,11887637,-33,-113,8235,0,0
37,584,11887678,-111,35,-18,16383,0
13,585,11897869,0,0,0,0,0
4,585,11907912,-27,-107,8226,0,0
37,585,11907952,-110,34,-18,16383,0
13,586,11917937,0,-1,0,0,0
L,11920422,VALID,0.000,0.004,1
4,586,11927936,-38,-113,8219,0,0
37,586,11927976,-110,34,-19,16383,0
13,587,11937894,0,1,0,0,0
4,587,11948143,-27,-116,8217,0,0
37,587,11948184,-111,34,-19,16383,0
13,588,11958171,0,0,0,0,0
4,588,11968281,-30,-104,8214,0,0
37,588,11968322,-111,34,-19,16383,0
13,589,11978247,0,1,0,0,0
4,589,11988428,-34,-104,8229,0,0
37,589,11988469,-110,34,-19,16383,0
13,590,11998350,0,0,0,0,0
4,590,12008487,-39,-106,8227,0,0
37,590,12008527,-110,34,-19,16383,0
13,591,12018471,0,0,1,0,0
L,12020858,VALID,0.000,0.004,1
4,591,12028626,-35,-112,8229,0,0
37,591,12028667,-110,34,-19,16383,0
13,592,12038543,0,1,-1,0,0
4,592,12048770,-35,-121,8237,0,0
37,592,12048810,-111,35,-19,16383,0
13,593,12058806,0,2,-2,0,0
4,593,12068979,-33,-107,8221,0,0
37,593,12069020,-110,35,-19,16383,0
13,594,12078866,1,1,0,0,0
4,594,12089073,-40,-105,8230,0,0
37,594,12089113,-110,35,-19,16383,0
13,595,12099065,0,1,1,0,0
4,595,12109183,-39,-113,8222,0,0
37,595,12109223,-110,35,-19,16383,0
13,596,12119237,2,0,0,0,0
L,12121642,VALID,0.000,0.011,1
4,596,12129272,-36,-110,8223,0,0
37,596,12129312,-110,35,-19,16383,0
13,597,12139279,0,2,0,0,0
4,597,12149512,-29,-103,8223,0,0
37,597,12149552,-109,35,-19,16383,0
13,598,12159399,0,1,0,0,0
4,598,12169648,-33,-108,8228,0,0
37,598,12169689,-109,35,-19,16383,0
13,599,12179580,2,1,0,0,0
4,599,12189716,-33,-108,8229,0,0
37,599,12189756,-109,35,-19,16383,0
13,600,12199640,0,0,0,0,0
4,600,12209908,-29,-102,8225,0,0
37,600,12209948,-109,35,-19,16383,0
13,601,12219882,1,1,0,0,0
L,12222313,VALID,-0.007,0.011,1
4,601,12230106,-36,-112,8230,0,0
37,601,12230146,-109,35,-18,16383,0
13,602,12240037,-1,0,1,0,0
4,602,12250132,-33,-113,8221,0,0
37,602,12250172,-109,35,-19,16383,0
13,603,12260149,0,1,0,0,0
4,603,12270285,-37,-114,8233,0,0
37,603,12270326,-110,35,-18,16383,0
13,604,12280260,-1,0,0,0,0
4,604,12290353,-32,-110,8223,0,0
37,604,12290394,-110,35,-18,16383,0
13,605,12300391,0,0,0,0,0
4,605,12310611,-28,-104,8228,0,0
37,605,12310652,-110,35,-19,16383,0
13,606,12320495,0,1,0,0,0
L,12322914,VALID,0.000,0.011,1
4,606,12330820,-28,-115,8224,0,0
37,606,12330860,-110,34,-19,16383,0
13,607,12340692,0,0,0,0,0
4,607,12350888,-36,-108,8223,0,0
37,607,12350929,-110,35,-19,16383,0
13,608,12360827,0,1,0,0,0
4,608,12370920,-31,-108,8230,0,0
37,608,12370961,-110,34,-19,16383,0
13,609,12381095,0,0,0,0,0
4,609,12391250,-37,-110,8233,0,0
37,609,12391291,-110,35,-19,16383,0
13,610,12401078,0,0,0,0,0
4,610,12411205,-34,-116,8222,0,0
37,610,12411246,-110,35,-19,16383,0
13,611,12421257,1,0,0,0,0
L,12423663,VALID,0.000,0.011,1
4,611,12431464,-32,-105,8226,0,0
37,611,12431505,-110,35,-19,16383,0
13,612,12441552,0,-2,0,0,0
4,612,12451562,-31,-105,8229,0,0
37,612,12451602,-109,34,-19,16383,0
13,613,12461595,0,1,0,0,0
4,613,12471757,-30,-105,8216,0,0
37,613,12471797,-109,34,-19,16383,0
13,614,12481621,0,1,0,0,0
4,614,12491842,-39,-115,8224,0,0
37,614,12491882,-109,34,-19,16383,0
13,615,12501835,0,-1,-1,0,0
4,615,12511999,-26,-105,8222,0,0
37,615,12512040,-109,34,-19,16383,0
13,616,12521930,0,1,0,0,0
L,12524360,VALID,-0.007,0.004,1
4,616,12532128,-34,-110,8218,0,0
37,616,12532169,-109,34,-19,16383,0
13,617,12542144,-1,0,0,0,0
4,617,12552307,-32,-109,8231,0,0
37,617,12552347,-109,34,-19,16383,0
13,618,12562247,0,0,1,0,0
4,618,12572349,-33,-117,8223,0,0
37,618,12572389,-110,34,-19,16383,0
13,619,12582384,0,0,-2,0,0
4,619,12592558,-27,-118,8216,0,0
37,619,12592598,-110,33,-19,16383,0
13,620,12602549,1,0,1,0,0
4,620,12612641,-38,-109,8225,0,0
37,620,12612681,-110,34,-19,16383,0
13,621,12622634,1,0,0,0,0
L,12625048,VALID,0.000,0.004,1
4,621,12632851,-34,-107,8225,0,0
37,621,12632891,-109,34,-19,16383,0
13,622,12642773,0,2,0,0,0
4,622,12652918,-34,-109,8223,0,0
37,622,12652958,-109,34,-19,16383,0
13,623,12663057,0,0,1,0,0
4,623,12673029,-44,-114,8232,0,0
37,623,12673069,-110,34,-19,16383,0
13,624,12683090,0,-1,0,0,0
4,624,12693184,-27,-113,8221,0,0
37,624,12693224,-110,33,-19,16383,0
13,625,12703253,0,0,0,0,0
4,625,12713452,-38,-115,8216,0,0
37,625,12713492,-110,34,-19,16383,0
13,626,12723358,0,1,0,0,0
L,12725745,VALID,0.000,0.004,1
4,626,12733469,-28,-107,8223,0,0
37,626,12733509,-110,34,-19,16383,0
13,627,12743494,1,0,1,0,0
4,627,12753726,-35,-116,8234,0,0
37,627,12753766,-110,34,-19,16383,0
13,628,12763668,1,0,0,0,0
4,628,12773744,-32,-103,8230,0,0
37,628,12773785,-110,33,-19,16383,0
13,629,12783770,1,0,0,0,0
4,629,12793985,-35,-100,8228,0,0
37,629,12794026,-109,33,-19,16383,0
13,630,12803872,0,0,0,0,0
4,630,12814017,-36,-110,8221,0,0
37,630,12814058,-109,34,-19,16383,0
13,631,12823958,0,-1,-1,0,0
L,12826546,VALID,-0.007,0.004,1
4,631,12834306,-29,-121,8220,0,0
37,631,12834347,-110,33,-19,16383,0
13,632,12844270,0,0,-1,0,0
4,632,12854339,-32,-107,8226,0,0
37,632,12854379,-109,33,-19,16383,0
13,633,12864355,0,1,0,0,0
4,633,12874587,-25,-114,8227,0,0
37,633,12874627,-110,33,-19,16383,0
13,634,12884467,0,1,1,0,0
4,634,12894604,-36,-104,8222,0,0
37,634,12894644,-109,33,-19,16383,0
13,635,12904648,0,1,0,0,0
4,635,12914759,-43,-113,8222,0,0
37,635,12914799,-110,34,-19,16383,0
13,636,12924767,1,0,0,0,0
L,12927156,VALID,0.000,0.004,1
4,636,12934896,-30,-105,8221,0,0
37,636,12934936,-109,34,-19,16383,0
13,637,12944888,0,2,-2,0,0
4,637,12955249,-15,-111,8232,0,0
37,637,12955290,-109,33,-19,16383,0
13,638,12965062,1,1,0,0,0
4,638,12975183,-35,-112,8224,0,0
37,638,12975223,-109,33,-19,16383,0
13,639,12985131,1,0,0,0,0
4,639,12995396,-26,-114,8220,0,0
37,639,12995436,-110,33,-19,16383,0
13,640,13005319,2,1,0,0,0
4,640,13015456,-28,-106,8224,0,0
37,640,13015496,-110,33,-19,16383,0
13,641,13025447,-1,0,0,0,0
L,13027983,VALID,0.000,-0.003,1
4,641,13035681,-31,-114,8217,0,0
37,641,13035721,-110,33,-19,16383,0
13,642,13045611,0,0,0,0,0
4,642,13055704,-37,-101,8225,0,0
37,642,13055744,-109,33,-19,16383,0
13,643,13065757,0,0,0,0,0
4,643,13075850,-38,-116,8219,0,0
37,643,13075890,-110,33,-19,16383,0
13,644,13085886,0,0,1,0,0
4,644,13096015,-29,-110,8229,0,0
37,644,13096056,-110,33,-19,16383,0
13,645,13105965,0,-2,0,0,0
4,645,13116317,-31,-100,8219,0,0
37,645,13116358,-109,33,-19,16383,0
13,646,13126170,0,1,1,0,0
L,13128558,VALID,-0.007,-0.003,1
4,646,13136250,-40,-103,8223,0,0
37,646,13136290,-109,33,-19,16383,0
13,647,13146265,0,3,1,0,0
4,647,13156385,-28,-112,8223,0,0
37,647,13156425,-109,33,-19,16383,0
13,648,13166489,0,0,0,0,0
4,648,13176582,-29,-104,8224,0,0
37,648,13176622,-109,33,-19,16383,0
13,649,13186505,0,1,0,0,0
4,649,13196733,-30,-102,8216,0,0
37,649,13196801,-109,33,-19,16383,0
13,650,13206720,1,-1,0,0,0
4,650,13216852,-31,-113,8225,0,0
37,650,13216892,-109,33,-19,16383,0
13,651,13226918,0,0,1,0,0
L,13229324,VALID,-0.007,-0.003,1
4,651,13237015,-35,-117,8222,0,0
37,651,13237056,-109,33,-19,16383,0
13,652,13247021,1,0,0,0,0
4,652,13257073,-29,-118,8216,0,0
37,652,13257114,-109,33,-19,16383,0
13,653,13267003,0,0,0,0,0
4,653,13277331,-36,-111,8224,0,0
37,653,13277371,-109,33,-19,16383,0
13,654,13287159,2,1,1,0,0
4,654,13297322,-34,-104,8227,0,0
37,654,13297362,-109,33,-19,16383,0
13,655,13307295,0,0,1,0,0
4,655,13317467,-39,-118,8226,0,0
37,655,13317507,-109,33,-19,16383,0
13,656,13327536,-2,0,0,0,0
L,13330065,VALID,-0.007,-0.003,1
4,656,13337628,-27,-110,8215,0,0
37,656,13337668,-109,33,-19,16383,0
13,657,13347598,0,-1,0,0,0
4,657,13357718,-40,-106,8228,0,0
37,657,13357759,-109,34,-19,16383,0
13,658,13367770,0,0,0,0,0
4,658,13377896,-30,-114,8226,0,0
37,658,13377937,-110,33,-19,16383,0
13,659,13387839,1,0,0,0,0
4,659,13397940,-38,-111,8235,0,0
37,659,13397980,-109,34,-19,16383,0
13,660,13407957,0,0,-1,0,0
4,660,13417983,-31,-114,8227,0,0
37,660,13418023,-110,34,-19,16383,0
13,661,13428095,0,0,0,0,0
L,13430510,VALID,0.000,0.004,1
4,661,13438319,-31,-100,8222,0,0
37,661,13438388,-109,34,-19,16383,0
13,662,13448182,0,1,1,0,0
4,662,13458371,-44,-105,8229,0,0
37,662,13458411,-109,34,-19,16383,0
13,663,13468398,0,-1,-1,0,0
4,663,13478477,-31,-113,8234,0,0
37,663,13478517,-109,34,-19,16383,0
13,664,13488398,1,-1,-1,0,0
4,664,13498585,-38,-113,8231,0,0
37,664,13498625,-109,34,-19,16383,0
13,665,13508627,1,0,0,0,0
4,665,13518801,-27,-114,8227,0,0
37,665,13518841,-109,34,-19,16383,0
13,666,13528741,1,0,-1,0,0
L,13531242,VALID,-0.007,0.004,1
4,666,13538809,-43,-105,8230,0,0
37,666,13538849,-109,34,-19,16383,0
13,667,13548878,0,0,1,0,0
4,667,13558988,-33,-110,8218,0,0
37,667,13559029,-109,34,-20,16383,0
13,668,13568911,0,0,-1,0,0
4,668,13579204,-28,-113,8222,0,0
37,668,13579244,-109,34,-20,16383,0
13,669,13589067,-1,0,0,0,0
4,669,13599333,-31,-103,8215,0,0
37,669,13599374,-109,34,-20,16383,0
13,670,13609308,0,0,2,0,0
4,670,13619401,-42,-104,8223,0,0
37,670,13619442,-109,34,-19,16383,0
13,671,13629446,0,1,0,0,0
L,13631842,VALID,-0.007,0.004,1
4,671,13639559,-32,-116,8220,0,0
37,671,13639600,-109,34,-19,16383,0
13,672,13649524,0,0,0,0,0
4,672,13659591,-28,-110,8226,0,0
37,672,13659631,-109,34,-20,16383,0
13,673,13669617,-1,-1,-1,0,0
4,673,13679884,-39,-110,8229,0,0
37,673,13679925,-109,34,-20,16383,0
13,674,13689824,0,0,0,0,0
4,674,13699890,-33,-109,8237,0,0
37,674,13699930,-109,34,-20,16383,0
13,675,13709969,0,0,0,0,0
4,675,13720117,-30,-115,8232,0,0
37,675,13720157,-110,34,-20,16383,0
13,676,13730101,1,1,0,0,0
L,13732504,VALID,0.000,0.004,1
4,676,13740218,-17,-105,8237,0,0
37,676,13740259,-109,33,-20,16383,0
13,677,13750288,1,0,0,0,0
4,677,13760382,-44,-111,8225,0,0
37,677,13760422,-109,34,-20,16383,0
13,678,13770323,2,-1,0,0,0
4,678,13780521,-27,-114,8225,0,0
37,678,13780561,-109,33,-20,16383,0
13,679,13790504,0,1,0,0,0
4,679,13800675,-31,-99,8230,0,0
37,679,13800716,-109,33,-20,16383,0
13,680,13810571,-1,1,0,0,0
4,680,13820708,-22,-107,8233,0,0
37,680,13820748,-109,33,-20,16383,0
13,681,13830829,0,-2,0,0,0
L,13833358,VALID,-0.007,-0.003,1
4,681,13841006,-38,-97,8225,0,0
37,681,13841047,-108,33,-20,16383,0
13,682,13850909,0,0,-1,0,0
4,682,13861003,-34,-110,8223,0,0
37,682,13861044,-108,33,-20,16383,0
13,683,13870993,0,-2,0,0,0
4,683,13881174,-35,-108,8226,0,0
37,683,13881214,-108,33,-20,16383,0
13,684,13891113,0,0,0,0,0
4,684,13901224,-30,-116,8221,0,0
37,684,13901265,-109,33,-20,16383,0
13,685,13911252,0,-1,0,0,0
4,685,13921435,-24,-115,8222,0,0
37,685,13921475,-109,32,-20,16383,0
13,686,13931414,0,1,1,0,0
L,13933803,VALID,-0.007,-0.010,1
4,686,13941510,-36,-105,8229,0,0
37,686,13941550,-109,33,-20,16383,0
13,687,13951552,0,0,0,0,0
4,687,13961601,-30,-109,8230,0,0
37,687,13961641,-109,32,-20,16383,0
13,688,13971690,0,-1,0,0,0
4,688,13981804,-36,-116,8217,0,0
37,688,13981844,-109,32,-20,16383,0
13,689,13991913,0,0,0,0,0
4,689,14002051,-31,-105,8226,0,0
37,689,14002091,-109,33,-20,16383,0
13,690,14011992,0,-1,0,0,0
4,690,14022069,-38,-108,8226,0,0
37,690,14022109,-109,33,-20,16383,0
13,691,14032087,-1,1,0,0,0
L,14034596,VALID,-0.007,-0.003,1
4,691,14042199,-28,-116,8231,0,0
37,691,14042239,-109,33,-20,16383,0
13,692,14052244,0,0,0,0,0
4,692,14062247,-31,-112,8224,0,0
37,692,14062287,-110,33,-20,16383,0
13,693,14072359,0,0,-1,0,0
4,693,14082551,-29,-108,8226,0,0
37,693,14082592,-109,32,-20,16383,0
13,694,14092533,1,0,0,0,0
4,694,14102611,-25,-119,8222,0,0
37,694,14102652,-110,32,-20,16383,0
13,695,14112542,1,0,1,0,0
4,695,14122815,-26,-113,8229,0,0
37,695,14122855,-110,32,-20,16383,0
13,696,14132799,2,0,0,0,0
L,14135179,VALID,0.000,-0.010,1
4,696,14142870,-35,-112,8228,0,0
37,696,14142910,-110,32,-20,16383,0
13,697,14152851,0,0,0,0,0
4,697,14163048,-31,-111,8218,0,0
37,697,14163089,-110,32,-20,16383,0
13,698,14173006,0,-1,0,0,0
4,698,14183056,-27,-112,8224,0,0
37,698,14183096,-110,31,-20,16383,0
13,699,14193245,1,-2,0,0,0
4,699,14203262,-34,-115,8224,0,0
37,699,14203303,-110,31,-20,16383,0
13,700,14213402,0,-1,1,0,0
4,700,14223352,-34,-115,8226,0,0
37,700,14223392,-111,32,-20,16383,0
13,701,14233324,0,0,0,0,0
L,14235719,VALID,0.007,-0.010,1
4,701,14243607,-38,-107,8226,0,0
37,701,14243648,-110,32,-20,16383,0
13,702,14253547,0,0,1,0,0
4,702,14263624,-40,-118,8227,0,0
37,702,14263665,-111,32,-20,16383,0
13,703,14273606,-2,0,0,0,0
4,703,14283762,-28,-103,8224,0,0
37,703,14283802,-111,32,-20,16383,0
13,704,14293736,0,0,0,0,0
4,704,14303873,-30,-116,8225,0,0
37,704,14303913,-111,32,-20,16383,0
13,705,14313846,0,-1,0,0,0
4,705,14324078,-30,-100,8223,0,0
37,705,14324119,-110,32,-20,16383,0
13,706,14333933,0,0,2,0,0
L,14336338,VALID,0.000,-0.010,1
4,706,14344184,-27,-113,8216,0,0
37,706,14344225,-111,32,-20,16383,0
13,707,14354228,-1,-1,0,0,0
4,707,14364321,-41,-104,8222,0,0
37,707,14364362,-110,32,-20,16383,0
13,708,14374286,0,0,-1,0,0
4,708,14384458,-31,-111,8221,0,0
37,708,14384498,-110,32,-20,16383,0
13,709,14394397,0,-2,0,0,0
4,709,14404604,-32,-107,8230,0,0
37,709,14404644,-110,32,-20,16383,0
13,710,14414571,0,-2,0,0,0
4,710,14424638,-31,-106,8226,0,0
37,710,14424678,-110,31,-20,16383,0
13,711,14434628,-1,0,0,0,0
L,14437113,VALID,0.000,-0.017,1
4,711,14444811,-31,-112,8223,0,0
37,711,14444851,-110,31,-20,16383,0
13,712,14454758,0,0,0,0,0
4,712,14465017,-36,-114,8218,0,0
37,712,14465057,-110,32,-20,16383,0
13,713,14474887,0,0,0,0,0
4,713,14485136,-25,-115,8229,0,0
37,713,14485176,-111,32,-20,16383,0
13,714,14495001,0,0,-1,0,0
4,714,14505213,-26,-111,8224,0,0
37,714,14505253,-111,31,-20,16383,0
13,715,14515163,0,0,0,0,0
4,715,14525317,-35,-106,8224,0,0
37,715,14525357,-110,32,-20,16383,0
13,716,14535284,2,0,1,0,0
L,14537688,VALID,0.000,-0.010,1
4,716,14545413,-30,-111,8224,0,0
37,716,14545453,-110,32,-20,16383,0
13,717,14555406,0,1,-1,0,0
4,717,14565626,-38,-116,8227,0,0
37,717,14565666,-110,32,-20,16383,0
13,718,14575515,0,1,0,0,0
4,718,14585625,-27,-117,8229,0,0
37,718,14585665,-111,32,-20,16383,0
13,719,14595659,1,0,-2,0,0
4,719,14605842,-27,-105,8226,0,0
37,719,14605883,-110,32,-20,16383,0
13,720,14615774,1,-1,0,0,0
4,720,14626046,-37,-112,8223,0,0
37,720,14626087,-110,32,-20,16383,0
13,721,14635988,-1,-1,0,0,0
L,14638576,VALID,0.000,-0.010,1
4,721,14646172,-31,-107,8228,0,0
37,721,14646212,-110,32,-20,16383,0
13,722,14656074,1,0,1,0,0
4,722,14666133,-24,-115,8215,0,0
37,722,14666174,-110,32,-20,16383,0
13,723,14676307,0,1,-2,0,0
4,723,14686417,-31,-112,8220,0,0
37,723,14686457,-110,32,-20,16383,0
13,724,14696357,-1,0,1,0,0
4,724,14706467,-32,-120,8217,0,0
37,724,14706507,-111,32,-20,16383,0
13,725,14716511,0,-1,-1,0,0
4,725,14726773,-31,-114,8221,0,0
37,725,14726813,-111,32,-20,16383,0
13,726,14736763,-1,2,-1,0,0
L,14739342,VALID,0.007,-0.010,1
4,726,14746807,-30,-112,8221,0,0
37,726,14746848,-111,32,-20,16383,0
13,727,14756839,0,0,-1,0,0
4,727,14766918,-35,-118,8226,0,0
37,727,14766958,-112,32,-20,16383,0
13,728,14776864,-1,1,0,0,0
4,728,14787072,-34,-114,8228,0,0
37,728,14787112,-112,32,-20,16383,0
13,729,14797047,0,0,0,0,0
4,729,14807313,-35,-105,8217,0,0
37,729,14807353,-111,33,-20,16383,0
13,730,14817175,0,0,-1,0,0
4,730,14827269,-35,-112,8224,0,0
37,730,14827309,-111,33,-20,16383,0
13,731,14837432,-1,0,-1,0,0
L,14840022,VALID,0.007,-0.003,1
4,731,14847584,-30,-104,8227,0,0
37,731,14847624,-111,33,-21,16383,0
13,732,14857555,0,-1,-1,0,0
4,732,14867574,-29,-108,8220,0,0
37,732,14867614,-111,33,-21,16383,0
13,733,14877717,0,0,0,0,0
4,733,14887932,-34,-116,8232,0,0
37,733,14887972,-111,33,-21,16383,0
13,734,14897805,-2,0,0,0,0
4,734,14907872,-32,-110,8230,0,0
37,734,14907912,-112,32,-21,16383,0
13,735,14917941,-1,-2,0,0,0
4,735,14927966,-32,-111,8225,0,0
37,735,14928007,-112,32,-21,16383,0
13,736,14938087,0,0,0,0,0
L,14940501,VALID,0.014,-0.010,1
4,736,14948200,-28,-115,8224,0,0
37,736,14948240,-112,32,-21,16383,0
13,737,14958147,0,0,-2,0,0
4,737,14968458,-24,-108,8228,0,0
37,737,14968499,-112,32,-21,16383,0
13,738,14978355,0,0,0,0,0
4,738,14988449,-43,-114,8224,0,0
37,738,14988490,-112,32,-21,16383,0
13,739,14998424,1,-1,0,0,0
4,739,15008645,-36,-109,8229,0,0
37,739,15008685,-111,32,-21,16383,0
13,740,15018681,0,1,0,0,0
4,740,15028706,-32,-114,8218,0,0
37,740,15028747,-111,32,-21,16383,0
13,741,15038785,0,0,1,0,0
L,15041181,VALID,0.007,-0.010,1
4,741,15048949,-36,-111,8226,0,0
37,741,15048989,-111,33,-21,16383,0
13,742,15058930,0,-3,0,0,0
4,742,15068980,-41,-111,8225,0,0
37,742,15069021,-112,33,-21,16383,0
13,743,15078921,-1,0,0,0,0
4,743,15089274,-33,-114,8233,0,0
37,743,15089315,-112,33,-21,16383,0
13,744,15099102,1,1,0,0,0
4,744,15109265,-27,-113,8227,0,0
37,744,15109306,-112,33,-21,16383,0
13,745,15119309,1,-1,0,0,0
4,745,15129541,-35,-111,8223,0,0
37,745,15129581,-112,33,-21,16383,0
13,746,15139481,0,-1,0,0,0
L,15141956,VALID,0.014,-0.003,1
4,746,15149595,-35,-111,8222,0,0
37,746,15149636,-111,33,-21,16383,0
13,747,15159576,1,-1,0,0,0
4,747,15169671,-34,-107,8228,0,0
37,747,15169711,-111,33,-21,16383,0
13,748,15179679,0,0,0,0,0
4,748,15189816,-28,-107,8223,0,0
37,748,15189856,-111,32,-21,16383,0
13,749,15199850,2,1,-1,0,0
4,749,15210039,-28,-114,8230,0,0
37,749,15210080,-111,32,-21,16383,0
13,750,15219952,0,-1,-2,0,0
4,750,15230093,-36,-105,8221,0,0
37,750,15230134,-110,32,-21,16383,0
13,751,15240067,0,1,0,0,0
L,15242470,VALID,0.000,-0.010,1
4,751,15250221,-36,-108,8231,0,0
37,751,15250261,-110,33,-21,16383,0
13,752,15260271,-1,0,0,0,0
4,752,15270306,-31,-116,8223,0,0
37,752,15270346,-110,33,-21,16383,0
13,753,15280315,0,0,-1,0,0
4,753,15290582,-37,-110,8217,0,0
37,753,15290622,-110,33,-21,16383,0
13,754,15300478,0,-1,1,0,0
4,754,15310619,-29,-110,8223,0,0
37,754,15310660,-110,33,-21,16383,0
13,755,15320562,1,1,0,0,0
4,755,15330708,-30,-107,8217,0,0
37,755,15330749,-110,32,-21,16383,0
13,756,15340820,0,0,1,0,0
L,15343228,VALID,0.000,-0.010,1
4,756,15350919,-34,-121,8228,0,0
37,756,15350960,-110,32,-21,16383,0
13,757,15360923,0,0,0,0,0
4,757,15371062,-29,-116,8226,0,0
37,757,15371102,-111,32,-21,16383,0
13,758,15381002,1,0,0,0,0
4,758,15391122,-32,-114,8223,0,0
37,758,15391162,-111,32,-21,16383,0
13,759,15401043,0,1,0,0,0
4,759,15411243,-31,-108,8232,0,0
37,759,15411283,-110,32,-21,16383,0
13,760,15421175,0,0,0,0,0
4,760,15431258,-32,-100,8226,0,0
37,760,15431298,-110,32,-21,16383,0
13,761,15441363,0,1,-1,0,0
L,15443872,VALID,0.000,-0.010,1
4,761,15451527,-34,-112,8228,0,0
37,761,15451567,-110,32,-21,16383,0
13,762,15461492,0,1,0,0,0
4,762,15471481,-34,-108,8233,0,0
37,762,15471521,-110,32,-21,16383,0
13,763,15481524,1,0,0,0,0
4,763,15491731,-43,-102,8227,0,0
37,763,15491772,-110,33,-21,16383,0
13,764,15501792,0,0,-1,0,0
4,764,15511851,-40,-109,8223,0,0
37,764,15511892,-110,33,-21,16383,0
13,765,15521879,1,0,-2,0,0
4,765,15532026,-25,-114,8225,0,0
37,765,15532066,-110,33,-21,16383,0
13,766,15541957,1,1,-1,0,0
L,15544465,VALID,0.000,-0.003,1
4,766,15552008,-32,-120,8234,0,0
37,766,15552048,-110,33,-21,16383,0
13,767,15562075,0,1,0,0,0
4,767,15572099,-29,-115,8220,0,0
37,767,15572140,-110,33,-21,16383,0
13,768,15582195,0,0,1,0,0
4,768,15592229,-28,-111,8221,0,0
37,768,15592269,-111,33,-21,16383,0
13,769,15602352,0,0,0,0,0
4,769,15612490,-26,-112,8222,0,0
37,769,15612530,-111,32,-21,16383,0
13,770,15622343,0,1,0,0,0
4,770,15632573,-27,-117,8225,0,0
37,770,15632614,-111,32,-21,16383,0
13,771,15642591,-1,0,0,0,0
L,15645066,VALID,0.007,-0.010,1
4,771,15652706,-35,-101,8230,0,0
37,771,15652746,-111,33,-21,16383,0
13,772,15662635,0,2,-1,0,0
4,772,15672738,-35,-117,8236,0,0
37,772,15672778,-111,33,-21,16383,0
13,773,15682815,0,-1,0,0,0
4,773,15692932,-26,-103,8229,0,0
37,773,15692972,-111,32,-21,16383,0
13,774,15703038,1,0,0,0,0
4,774,15712968,-26,-116,8225,0,0
37,774,15713008,-111,32,-21,16383,0
13,775,15723150,0,-1,0,0,0
4,775,15733195,-35,-112,8230,0,0
37,775,15733236,-111,32,-22,16383,0
13,776,15743099,-2,1,0,0,0
L,15745589,VALID,0.007,-0.010,1
4,776,15753271,-32,-109,8227,0,0
37,776,15753311,-111,32,-21,16383,0
13,777,15763347,0,0,0,0,0
4,777,15773502,-42,-107,8225,0,0
37,777,15773543,-111,33,-21,16383,0
13,778,15783391,2,1,0,0,0
4,778,15793493,-40,-117,8225,0,0
37,778,15793534,-111,33,-21,16383,0
13,779,15803476,1,0,2,0,0
4,779,15813656,-33,-115,8228,0,0
37,779,15813697,-111,33,-21,16383,0
13,780,15823647,2,0,0,0,0
4,780,15833714,-43,-114,8232,0,0
37,780,15833755,-111,33,-21,16383,0
13,781,15843698,0,0,-1,0,0
L,15846199,VALID,0.007,-0.003,1
4,781,15854037,-33,-117,8228,0,0
37,781,15854078,-112,33,-21,16383,0
13,782,15863933,0,0,0,0,0
4,782,15874027,-34,-105,8228,0,0
37,782,15874068,-111,34,-21,16383,0
13,783,15884001,0,0,-1,0,0
4,783,15894190,-32,-114,8221,0,0
37,783,15894230,-111,33,-22,16383,0
13,784,15904173,0,0,0,0,0
4,784,15914224,-30,-120,8225,0,0
37,784,15914264,-112,33,-22,16383,0
13,785,15924310,-1,0,0,0,0
4,785,15934478,-35,-104,8232,0,0
37,785,15934518,-112,33,-22,16383,0
13,786,15944378,0,-2,0,0,0
L,15946861,VALID,0.014,-0.003,1
4,786,15954516,-39,-111,8228,0,0
37,786,15954557,-111,33,-21,16383,0
13,787,15964489,1,-1,1,0,0
4,787,15974775,-36,-111,8230,0,0
37,787,15974815,-111,34,-21,16383,0
13,788,15984681,0,1,0,0,0
4,788,15994774,-33,-113,8221,0,0
37,788,15994814,-111,34,-21,16383,0
13,789,16004680,0,2,1,0,0
4,789,16015022,-28,-113,8227,0,0
37,789,16015063,-111,34,-21,16383,0
13,790,16024868,-1,0,1,0,0
4,790,16034969,-32,-117,8225,0,0
37,790,16035010,-112,34,-21,16383,0
13,791,16044997,-1,1,0,0,0
L,16047480,VALID,0.014,0.004,1
4,791,16055136,-36,-113,8216,0,0
37,791,16055176,-112,34,-21,16383,0
13,792,16065073,0,0,0,0,0
4,792,16075210,-38,-115,8231,0,0
37,792,16075251,-112,34,-21,16383,0
13,793,16085219,0,0,-2,0,0
4,793,16095399,-35,-113,8226,0,0
37,793,16095467,-112,34,-22,16383,0
13,794,16105349,0,1,0,0,0
4,794,16115512,-37,-114,8222,0,0
37,794,16115552,-112,35,-22,16383,0
13,795,16125453,-2,0,0,0,0
4,795,16135771,-32,-105,8233,0,0
37,795,16135811,-112,34,-21,16383,0
13,796,16145658,0,0,1,0,0
L,16148081,VALID,0.014,0.004,1
4,796,16155754,-32,-117,8222,0,0
37,796,16155794,-112,34,-21,16383,0
13,797,16165711,1,2,0,0,0
4,797,16175881,-30,-108,8220,0,0
37,797,16175922,-112,34,-21,16383,0
13,798,16185968,0,-1,0,0,0
4,798,16196036,-34,-116,8232,0,0
37,798,16196077,-112,34,-22,16383,0
13,799,16205976,0,2,-1,0,0
4,799,16216121,-32,-103,8233,0,0
37,799,16216162,-112,34,-22,16383,0
13,800,16226147,0,1,0,0,0
4,800,16236303,-38,-110,8226,0,0
37,800,16236344,-112,35,-22,16383,0
13,801,16246380,0,1,0,0,0
L,16248787,VALID,0.014,0.011,1
4,801,16256544,-37,-101,8225,0,0
37,801,16256585,-111,35,-22,16383,0
13,802,16266416,-1,1,0,0,0
4,802,16276534,-28,-110,8226,0,0
37,802,16276574,-111,35,-22,16383,0
13,803,16286457,-1,-1,0,0,0
4,803,16296690,-30,-113,8223,0,0
37,803,16296731,-112,34,-22,16383,0
13,804,16306639,0,0,0,0,0
4,804,16316767,-32,-117,8227,0,0
37,804,16316807,-112,34,-22,16383,0
13,805,16326740,0,-1,0,0,0
4,805,16336972,-25,-106,8228,0,0
37,805,16337012,-112,34,-22,16383,0
13,806,16346999,-1,1,0,0,0
L,16349527,VALID,0.014,0.004,1
4,806,16357052,-38,-114,8223,0,0
37,806,16357092,-112,34,-22,16383,0
13,807,16367069,1,0,0,0,0
4,807,16377121,-46,-111,8222,0,0
37,807,16377162,-111,34,-22,16383,0
13,808,16387231,-1,-1,0,0,0
4,808,16397397,-34,-117,8229,0,0
37,808,16397437,-112,34,-22,16383,0
13,809,16407328,0,-1,0,0,0
4,809,16417508,-31,-102,8231,0,0
37,809,16417548,-111,34,-22,16383,0
13,810,16427473,0,0,0,0,0
4,810,16437471,-36,-110,8226,0,0
37,810,16437512,-111,34,-22,16383,0
13,811,16447583,0,0,0,0,0
L,16449963,VALID,0.007,0.004,1
4,811,16457745,-26,-116,8226,0,0
37,811,16457785,-111,34,-22,16383,0
13,812,16467696,0,0,-1,0,0
4,812,16477884,-37,-112,8215,0,0
37,812,16477924,-111,34,-22,16383,0
13,813,16487902,0,0,0,0,0
4,813,16498056,-30,-106,8222,0,0
37,813,16498097,-111,34,-22,16383,0
13,814,16507903,0,0,0,0,0
4,814,16518107,-34,-111,8222,0,0
37,814,16518148,-111,34,-22,16383,0
13,815,16528125,-1,1,1,0,0
4,815,16538229,-32,-106,8221,0,0
37,815,16538269,-111,34,-22,16383,0
13,816,16548273,0,0,0,0,0
L,16550651,VALID,0.007,0.004,1
4,816,16558324,-30,-113,8226,0,0
37,816,16558365,-111,34,-22,16383,0
13,817,16568401,-2,-2,0,0,0
4,817,16578582,-35,-104,8226,0,0
37,817,16578622,-111,34,-22,16383,0
13,818,16588443,0,0,0,0,0
4,818,16598752,-34,-118,8227,0,0
37,818,16598793,-111,34,-22,16383,0
13,819,16608624,0,-1,-1,0,0
4,819,16618832,-35,-102,8221,0,0
37,819,16618873,-110,34,-22,16383,0
13,820,16628883,0,1,1,0,0
4,820,16638968,-28,-112,8237,0,0
37,820,16639009,-110,33,-22,16383,0
13,821,16648951,0,-1,0,0,0
L,16651461,VALID,0.000,-0.003,1
4,821,16659187,-28,-110,8229,0,0
37,821,16659227,-110,33,-22,16383,0
13,822,16669099,0,-1,0,0,0
4,822,16679150,-26,-116,8229,0,0
37,822,16679190,-111,32,-22,16383,0
13,823,16689193,-1,0,0,0,0
4,823,16699396,-30,-105,8230,0,0
37,823,16699437,-110,32,-22,16383,0
13,824,16709356,-1,0,0,0,0
4,824,16719449,-30,-114,8230,0,0
37,824,16719489,-111,32,-22,16383,0
13,825,16729502,-1,-1,0,0,0
4,825,16739710,-32,-116,8224,0,0
37,825,16739751,-111,32,-22,16383,0
13,826,16749641,-1,-1,1,0,0
L,16752227,VALID,0.007,-0.010,1
4,826,16759746,-35,-114,8225,0,0
37,826,16759786,-111,32,-22,16383,0
13,827,16769862,0,0,1,0,0
4,827,16779932,-40,-111,8225,0,0
37,827,16779972,-111,32,-22,16383,0
13,828,16789915,0,0,0,0,0
4,828,16800096,-38,-112,8220,0,0
37,828,16800136,-111,33,-22,16383,0
13,829,16810104,1,0,0,0,0
4,829,16820285,-31,-108,8221,0,0
37,829,16820325,-111,33,-22,16383,0
13,830,16830173,0,1,0,0,0
4,830,16840317,-34,-115,8230,0,0
37,830,16840357,-111,33,-22,16383,0
13,831,16850439,-1,1,0,0,0
L,16852968,VALID,0.007,-0.003,1
4,831,16860547,-36,-106,8227,0,0
37,831,16860587,-111,33,-22,16383,0
13,832,16870554,0,1,-1,0,0
4,832,16880612,-38,-112,8224,0,0
37,832,16880652,-111,34,-22,16383,0
13,833,16890612,-1,-1,1,0,0
4,833,16900870,-35,-114,8215,0,0
37,833,16900910,-111,34,-22,16383,0
13,834,16910707,0,-1,0,0,0
4,834,16920852,-37,-113,8225,0,0
37,834,16920893,-111,34,-22,16383,0
13,835,16930879,-1,0,0,0,0
4,835,16940999,-39,-110,8219,0,0
37,835,16941039,-111,34,-22,16383,0
13,836,16951128,0,0,2,0,0
L,16953551,VALID,0.007,0.004,1
4,836,16961171,-44,-113,8225,0,0
37,836,16961212,-111,34,-22,16383,0
13,837,16971222,-1,0,0,0,0
4,837,16981360,-36,-111,8224,0,0
37,837,16981427,-111,35,-22,16383,0
13,838,16991317,0,0,0,0,0
4,838,17001497,-44,-113,8232,0,0
37,838,17001538,-111,35,-22,16383,0
13,839,17011610,0,0,1,0,0
4,839,17021687,-26,-105,8224,0,0
37,839,17021727,-111,34,-22,16383,0
13,840,17031679,-2,0,0,0,0
4,840,17041817,-37,-109,8220,0,0
37,840,17041858,-111,35,-22,16383,0
13,841,17051784,-1,0,0,0,0
L,17054266,VALID,0.007,0.011,1
4,841,17061964,-46,-110,8226,0,0
37,841,17062004,-111,35,-22,16383,0
13,842,17071963,0,0,-1,0,0
4,842,17081953,-35,-107,8224,0,0
37,842,17081994,-111,35,-22,16383,0
13,843,17092108,0,-1,1,0,0
4,843,17102185,-35,-110,8222,0,0
37,843,17102226,-111,35,-22,16383,0
13,844,17112282,0,0,0,0,0
4,844,17122335,-37,-111,8232,0,0
37,844,17122375,-111,35,-22,16383,0
13,845,17132299,-1,0,0,0,0
4,845,17142618,-35,-111,8232,0,0
37,845,17142658,-111,35,-22,16383,0
13,846,17152566,0,0,1,0,0
L,17154980,VALID,0.007,0.011,1
4,846,17162643,-24,-113,8224,0,0
37,846,17162684,-111,35,-22,16383,0
13,847,17172591,0,1,0,0,0
4,847,17182770,-29,-104,8228,0,0
37,847,17182811,-111,35,-22,16383,0
13,848,17192807,0,1,0,0,0
4,848,17202840,-35,-115,8221,0,0
37,848,17202880,-111,35,-22,16383,0
13,849,17213069,0,0,0,0,0
4,849,17223098,-35,-106,8226,0,0
37,849,17223138,-110,35,-21,16383,0
13,850,17233124,-1,-1,0,0,0
4,850,17243213,-38,-108,8222,0,0
37,850,17243253,-110,35,-22,16383,0
13,851,17253089,0,1,0,0,0
L,17255520,VALID,0.000,0.011,1
4,851,17263355,-31,-109,8229,0,0
37,851,17263396,-110,35,-22,16383,0
13,852,17273407,0,0,0,0,0
4,852,17283476,-32,-113,8231,0,0
37,852,17283516,-110,34,-22,16383,0
13,853,17293460,0,0,0,0,0
4,853,17303682,-34,-108,8233,0,0
37,853,17303723,-110,34,-22,16383,0
13,854,17313582,0,0,0,0,0
4,854,17323700,-32,-110,8224,0,0
37,854,17323741,-110,34,-22,16383,0
13,855,17333706,-3,-1,1,0,0
4,855,17343846,-34,-113,8214,0,0
37,855,17343886,-111,34,-22,16383,0
13,856,17353794,0,0,-2,0,0
L,17356269,VALID,0.007,0.004,1
4,856,17364046,-35,-112,8225,0,0
37,856,17364086,-111,34,-22,16383,0
13,857,17374055,0,1,-1,0,0
4,857,17384244,-38,-117,8233,0,0
37,857,17384284,-111,35,-22,16383,0
13,858,17394141,-1,-1,2,0,0
4,858,17404310,-39,-109,8226,0,0
37,858,17404351,-111,35,-22,16383,0
13,859,17414277,0,0,2,0,0
4,859,17424423,-33,-109,8223,0,0
37,859,17424463,-111,35,-22,16383,0
13,860,17434475,-1,1,-1,0,0
4,860,17444516,-32,-109,8226,0,0
37,860,17444557,-111,34,-22,16383,0
13,861,17454526,0,0,0,0,0
L,17456931,VALID,0.007,0.004,1
4,861,17464820,-25,-110,8233,0,0
37,861,17464860,-111,34,-22,16383,0
13,862,17474699,0,0,0,0,0
4,862,17484948,-30,-104,8225,0,0
37,862,17484988,-110,34,-22,16383,0
13,863,17494854,-1,1,0,0,0
4,863,17505059,-34,-110,8229,0,0
37,863,17505100,-110,34,-22,16383,0
13,864,17514975,-2,0,2,0,0
4,864,17525223,-35,-111,8221,0,0
37,864,17525264,-110,34,-22,16383,0
13,865,17535172,1,-1,0,0,0
4,865,17545362,-32,-105,8224,0,0
37,865,17545402,-110,34,-22,16383,0
13,866,17555285,0,0,0,0,0
L,17557689,VALID,0.000,0.004,1
4,866,17565422,-38,-104,8223,0,0
37,866,17565462,-110,34,-22,16383,0
13,867,17575448,2,0,0,0,0
4,867,17585609,-41,-112,8228,0,0
37,867,17585650,-110,34,-22,16383,0
13,868,17595619,0,0,0,0,0
4,868,17605626,-26,-117,8222,0,0
37,868,17605667,-110,34,-22,16383,0
13,869,17615713,1,-1,0,0,0
4,869,17625964,-39,-114,8218,0,0
37,869,17626005,-110,34,-22,16383,0
13,870,17635827,0,0,0,0,0
4,870,17646109,-31,-109,8225,0,0
37,870,17646149,-110,34,-22,16383,0
13,871,17656015,0,-1,0,0,0
L,17658507,VALID,0.000,0.004,1
4,871,17666127,-41,-113,8222,0,0
37,871,17666167,-110,34,-22,16383,0
13,872,17676144,1,1,0,0,0
4,872,17686221,-38,-117,8226,0,0
37,872,17686262,-110,34,-22,16383,0
13,873,17696376,0,0,0,0,0
4,873,17706548,-27,-115,8220,0,0
37,873,17706589,-110,34,-22,16383,0
13,874,17716410,1,-1,-1,0,0
4,874,17726540,-32,-110,8227,0,0
37,874,17726580,-110,33,-22,16383,0
13,875,17736583,1,0,-1,0,0
4,875,17746790,-29,-111,8221,0,0
37,875,17746831,-110,33,-22,16383,0
13,876,17756826,1,0,0,0,0
L,17759239,VALID,0.000,-0.003,1
4,876,17766877,-30,-113,8232,0,0
37,876,17766917,-110,33,-22,16383,0
13,877,17776883,0,0,0,0,0
4,877,17787022,-43,-113,8229,0,0
37,877,17787062,-110,33,-22,16383,0
13,878,17796934,0,0,-1,0,0
4,878,17807107,-32,-103,8223,0,0
37,878,17807147,-110,33,-22,16383,0
13,879,17817100,0,0,0,0,0
4,879,17827280,-36,-105,8217,0,0
37,879,17827320,-109,34,-22,16383,0
13,880,17837211,0,1,2,0,0
4,880,17847347,-40,-109,8233,0,0
37,880,17847387,-109,34,-22,16383,0
13,881,17857476,2,0,1,0,0
L,17859910,VALID,-0.007,0.004,1
4,881,17867610,-33,-104,8232,0,0
37,881,17867651,-109,34,-22,16383,0
13,882,17877548,0,0,-1,0,0
4,882,17887556,-38,-111,8223,0,0
37,882,17887596,-109,34,-22,16383,0
13,883,17897664,0,0,0,0,0
4,883,17907864,-39,-107,8230,0,0
37,883,17907904,-109,35,-22,16383,0
13,884,17917806,0,0,0,0,0
4,884,17927847,-38,-108,8218,0,0
37,884,17927887,-109,35,-22,16383,0
13,885,17937933,0,1,0,0,0
4,885,17948028,-38,-115,8231,0,0
37,885,17948068,-109,35,-22,16383,0
13,886,17958037,0,-1,-1,0,0
L,17960598,VALID,-0.007,0.011,1
4,886,17968174,-30,-110,8217,0,0
37,886,17968215,-109,35,-22,16383,0
13,887,17978121,0,1,1,0,0
4,887,17988327,-33,-115,8230,0,0
37,887,17988367,-109,35,-22,16383,0
13,888,17998347,1,0,0,0,0
4,888,18008382,-30,-103,8229,0,0
37,888,18008422,-109,34,-22,16383,0
13,889,18018346,0,-1,0,0,0
4,889,18028638,-35,-109,8231,0,0
37,889,18028678,-109,34,-22,16383,0
13,890,18038569,0,0,0,0,0
4,890,18048619,-36,-119,8219,0,0
37,890,18048660,-109,35,-22,16383,0
13,891,18058698,0,0,2,0,0
L,18061104,VALID,-0.007,0.011,1
4,891,18068768,-39,-111,8227,0,0
37,891,18068808,-110,35,-22,16383,0
13,892,18078827,0,0,0,0,0
4,892,18088869,-31,-112,8220,0,0
37,892,18088909,-110,34,-22,16383,0
13,893,18098843,0,-1,0,0,0
4,893,18109267,-35,-111,8224,0,0
37,893,18109308,-110,34,-22,16383,0
13,894,18119034,1,-1,0,0,0
4,894,18129145,-29,-108,8226,0,0
37,894,18129185,-109,34,-22,16383,0
13,895,18139249,2,0,0,0,0
4,895,18149410,-34,-110,8220,0,0
37,895,18149451,-109,34,-22,16383,0
13,896,18159352,2,0,1,0,0
L,18161748,VALID,-0.007,0.004,1
4,896,18169473,-41,-109,8226,0,0
37,896,18169514,-109,34,-22,16383,0
13,897,18179464,1,-1,0,0,0
4,897,18189627,-27,-111,8229,0,0
37,897,18189668,-109,34,-22,16383,0
13,898,18199542,0,0,1,0,0
4,898,18209712,-39,-113,8229,0,0
37,898,18209752,-109,34,-21,16383,0
13,899,18219712,0,1,1,0,0
4,899,18229848,-28,-112,8226,0,0
37,899,18229889,-110,34,-21,16383,0
13,900,18239883,0,0,0,0,0
4,900,18249908,-36,-101,8220,0,0
37,900,18249975,-109,34,-21,16383,0
13,901,18259962,0,0,0,0,0
L,18262341,VALID,-0.007,0.004,1
4,901,18270203,-35,-111,8227,0,0
37,901,18270244,-109,34,-21,16383,0
13,902,18280182,0,0,1,0,0
4,902,18290253,-35,-103,8223,0,0
37,902,18290293,-109,34,-21,16383,0
13,903,18300246,0,0,0,0,0
4,903,18310443,-35,-110,8221,0,0
37,903,18310483,-109,34,-21,16383,0
13,904,18320427,-1,-4,-1,0,0
4,904,18330556,-38,-114,8226,0,0
37,904,18330597,-109,34,-21,16383,0
13,905,18340502,-2,-1,0,0,0
4,905,18350727,-32,-109,8221,0,0
37,905,18350767,-110,34,-21,16383,0
13,906,18360753,0,0,1,0,0
L,18363194,VALID,0.000,0.004,1
4,906,18370806,-39,-111,8227,0,0
37,906,18370846,-110,34,-21,16383,0
13,907,18380866,0,0,0,0,0
4,907,18390943,-31,-117,8223,0,0
37,907,18390984,-110,34,-21,16383,0
13,908,18400925,1,1,0,0,0
4,908,18411104,-33,-106,8226,0,0
37,908,18411145,-110,34,-21,16383,0
13,909,18421011,0,0,0,0,0
4,909,18431277,-29,-123,8223,0,0
37,909,18431317,-110,34,-21,16383,0
13,910,18441176,1,0,0,0,0
4,910,18451208,-30,-106,8230,0,0
37,910,18451249,-110,33,-21,16383,0
13,911,18461355,-1,-2,0,0,0
L,18463960,VALID,0.000,-0.003,1
4,911,18471442,-34,-116,8227,0,0
37,911,18471483,-110,33,-21,16383,0
13,912,18481466,0,2,0,0,0
4,912,18491474,-35,-110,8215,0,0
37,912,18491514,-110,34,-21,16383,0
13,913,18501577,0,1,0,0,0
4,913,18511767,-27,-109,8224,0,0
37,913,18511807,-110,34,-21,16383,0
13,914,18521794,0,2,0,0,0
4,914,18531895,-32,-111,8222,0,0
37,914,18531936,-110,34,-21,16383,0
13,915,18541879,0,0,0,0,0
4,915,18552015,-43,-112,8227,0,0
37,915,18552055,-110,34,-21,16383,0
13,916,18562001,-1,-2,0,0,0
L,18564565,VALID,0.000,0.004,1
4,916,18572061,-38,-119,8224,0,0
37,916,18572101,-111,34,-21,16383,0
13,917,18582146,0,-1,0,0,0
4,917,18592256,-34,-120,8222,0,0
37,917,18592296,-111,34,-21,16383,0
13,918,18602266,0,1,0,0,0
4,918,18612359,-23,-110,8224,0,0
37,918,18612400,-111,33,-21,16383,0
13,919,18622386,-2,-1,0,0,0
4,919,18632535,-38,-114,8221,0,0
37,919,18632575,-112,33,-21,16383,0
13,920,18642456,0,-1,-1,0,0
4,920,18652663,-30,-102,8234,0,0
37,920,18652704,-111,33,-21,16383,0
13,921,18662679,0,0,-1,0,0
L,18665171,VALID,0.007,-0.003,1
4,921,18672896,-33,-106,8220,0,0
37,921,18672937,-111,33,-21,16383,0
13,922,18682758,2,-2,-1,0,0
4,922,18692869,-36,-114,8223,0,0
37,922,18692909,-111,33,-21,16383,0
13,923,18702928,1,0,-1,0,0
4,923,18712936,-25,-112,8230,0,0
37,923,18712977,-111,33,-22,16383,0
13,924,18723165,1,0,0,0,0
4,924,18733125,-33,-108,8227,0,0
37,924,18733166,-110,33,-21,16383,0
13,925,18743264,0,0,0,0,0
4,925,18753393,-39,-112,8225,0,0
37,925,18753434,-110,33,-22,16383,0
13,926,18763212,0,-1,-1,0,0
L,18765799,VALID,0.000,-0.003,1
4,926,18773403,-34,-111,8232,0,0
37,926,18773444,-110,33,-22,16383,0
13,927,18783452,1,0,0,0,0
4,927,18793599,-38,-109,8225,0,0
37,927,18793640,-110,33,-22,16383,0
13,928,18803504,0,0,-1,0,0
4,928,18813632,-36,-114,8229,0,0
37,928,18813672,-110,34,-22,16383,0
13,929,18823650,0,0,0,0,0
4,929,18833847,-37,-99,8224,0,0
37,929,18833887,-110,34,-22,16383,0
13,930,18843761,1,0,0,0,0
4,930,18853897,-32,-107,8223,0,0
37,930,18853937,-110,34,-22,16383,0
13,931,18863804,2,-1,0,0,0
L,18866278,VALID,0.000,0.004,1
4,931,18874133,-30,-113,8224,0,0
37,931,18874173,-110,33,-22,16383,0
13,932,18884116,0,0,1,0,0
4,932,18894134,-40,-112,8228,0,0
37,932,18894174,-110,34,-22,16383,0
13,933,18904158,0,0,0,0,0
4,933,18914398,-31,-122,8221,0,0
37,933,18914438,-110,34,-22,16383,0
13,934,18924295,12,0,0,0,0
4,934,18934388,-25,-117,8223,0,0
37,934,18934429,-108,33,-21,16383,0
13,935,18944458,15,-3,144,0,0
4,935,18954553,378,-646,8222,0,0
37,935,18954593,-113,28,13,16383,0
13,936,18964544,-8,-1,505,0,0
L,18967297,VALID,0.021,-0.036,1
4,936,18974640,-338,243,8225,0,0
37,936,18974681,-105,36,54,16383,0
13,937,18984672,0,-4,355,0,0
4,937,18995002,-156,107,8222,0,0
37,937,18995042,-108,33,68,16383,0
13,938,19004776,-9,0,11,0,0
4,938,19014914,-18,-124,8229,0,0
37,938,19014955,-109,32,67,16383,0
13,939,19024888,-6,3,0,0,0
4,939,19035154,-42,-127,8231,0,0
37,939,19035195,-110,33,67,16383,0
13,940,19045103,7,5,-2,0,0
4,940,19055162,-30,-114,8212,0,0
37,940,19055202,-110,33,66,16383,0
13,941,19065145,-3,0,0,0,0
L,19067620,VALID,-0.001,0.001,1
4,941,19075404,-34,-104,8224,0,0
37,941,19075445,-109,33,66,16383,0
13,942,19085284,1,1,0,0,0
4,942,19095420,-34,-101,8225,0,0
37,942,19095460,-109,33,66,16383,0
13,943,19105437,0,0,0,0,0
4,943,19115538,-25,-118,8233,0,0
37,943,19115579,-109,33,66,16383,0
13,944,19125557,1,0,-1,0,0
4,944,19135706,-35,-110,8221,0,0
37,944,19135746,-109,33,66,16383,0
13,945,19145607,1,0,1,0,0
4,945,19156012,-35,-111,8227,0,0
37,945,19156053,-109,33,67,16383,0
13,946,19165851,0,0,0,0,0
L,19168256,VALID,-0.008,0.001,1
4,946,19175972,-38,-113,8231,0,0
37,946,19176013,-109,33,67,16383,0
13,947,19185963,-1,1,0,0,0
4,947,19196040,-37,-112,8231,0,0
37,947,19196080,-110,34,67,16383,0
13,948,19206184,0,0,0,0,0
4,948,19216244,-26,-114,8227,0,0
37,948,19216284,-110,33,67,16383,0
13,949,19226168,0,-2,1,0,0
4,949,19236374,-36,-104,8226,0,0
37,949,19236414,-110,33,67,16383,0
13,950,19246347,-2,0,0,0,0
4,950,19256478,-36,-103,8223,0,0
37,950,19256519,-110,33,67,16383,0
13,951,19266539,0,0,0,0,0
L,19268961,VALID,-0.001,0.001,1
4,951,19276669,-37,-109,8231,0,0
37,951,19276709,-109,33,67,16383,0
13,952,19286624,1,0,-1,0,0
4,952,19296675,-33,-112,8226,0,0
37,952,19296715,-109,34,67,16383,0
13,953,19306665,0,0,0,0,0
4,953,19316933,-37,-117,8224,0,0
37,953,19316974,-110,34,67,16383,0
13,954,19326788,0,0,-1,0,0
4,954,19336976,-29,-120,8221,0,0
37,954,19337017,-110,33,67,16383,0
13,955,19346915,0,0,0,0,0
4,955,19357055,-35,-108,8224,0,0
37,955,19357095,-110,34,67,16383,0
13,956,19367181,1,0,0,0,0
L,19369615,VALID,-0.001,0.008,1
4,956,19377227,-37,-104,8228,0,0
37,956,19377268,-109,34,67,16383,0
13,957,19387269,0,-2,0,0,0
4,957,19397347,-33,-109,8228,0,0
37,957,19397388,-109,34,67,16383,0
13,958,19407353,0,1,-1,0,0
4,958,19417527,-24,-108,8227,0,0
37,958,19417568,-109,33,67,16383,0
13,959,19427475,1,-1,0,0,0
4,959,19437517,-26,-107,8232,0,0
37,959,19437557,-109,33,67,16383,0
13,960,19447576,0,1,2,0,0
4,960,19457569,-29,-107,8226,0,0
37,960,19457609,-109,33,67,16383,0
13,961,19467653,0,0,0,0,0
L,19470062,VALID,-0.008,0.001,1
4,961,19477887,-36,-113,8222,0,0
37,961,19477928,-109,33,67,16383,0
13,962,19487748,0,-3,0,0,0
4,962,19497874,-34,-108,8222,0,0
37,962,19497915,-109,33,67,16383,0
13,963,19507885,0,0,1,0,0
4,963,19518016,-30,-113,8224,0,0
37,963,19518057,-109,32,67,16383,0
13,964,19527955,0,0,1,0,0
4,964,19538134,-30,-107,8220,0,0
37,964,19538174,-109,32,67,16383,0
13,965,19548151,0,-1,0,0,0
4,965,19558298,-32,-116,8223,0,0
37,965,19558339,-110,32,67,16383,0
13,966,19568273,-1,-1,-1,0,0
L,19570948,VALID,-0.001,-0.006,1
4,966,19578319,-39,-117,8216,0,0
37,966,19578359,-110,33,67,16383,0
13,967,19588341,0,0,1,0,0
4,967,19598473,-37,-103,8223,0,0
37,967,19598513,-109,33,67,16383,0
13,968,19608357,0,-1,3,0,0
4,968,19618692,-45,-119,8224,0,0
37,968,19618733,-110,33,67,16383,0
13,969,19628546,0,1,0,0,0
4,969,19638754,-67,-108,8226,0,0
37,969,19638794,-107,35,66,16383,0
13,970,19648720,28,16,-150,0,0
4,970,19658824,-276,-38,8219,0,0
37,970,19658864,-107,38,43,16383,0
13,971,19668829,7,3,-226,0,0
L,19671488,VALID,-0.022,0.035,1
4,971,19678971,-287,-19,8241,0,0
37,971,19679011,-105,39,24,16383,0
13,972,19688934,4,1,-216,0,0
4,972,19698977,13,-65,8207,0,0
37,972,19699017,-106,36,9,16383,0
13,973,19708974,-12,7,-166,0,0
4,973,19719245,404,-290,8223,0,0
37,973,19719285,-109,32,-6,16383,0
13,974,19729156,0,-2,-109,0,0
4,974,19739201,-5,-120,8213,0,0
37,974,19739241,-108,35,-7,16383,0
13,975,19749258,-4,2,9,0,0
4,975,19759389,-35,-117,8229,0,0
37,975,19759429,-108,35,-7,16383,0
13,976,19769362,10,-1,0,0,0
L,19771950,VALID,-0.014,0.012,1
4,976,19779461,-32,-96,8226,0,0
37,976,19779501,-107,35,-7,16383,0
13,977,19789523,-2,7,-3,0,0
4,977,19799665,-25,-81,8220,0,0
37,977,19799705,-107,36,-9,16383,0
13,978,19809576,-9,7,-144,0,0
4,978,19819714,-63,-132,8219,0,0
37,978,19819754,-109,37,-28,16383,0
13,979,19829749,-8,-3,-91,0,0
4,979,19839895,-44,-117,8215,0,0
37,979,19839936,-109,36,-29,16383,0
13,980,19849818,2,-12,-26,0,0
4,980,19859948,-20,-71,8228,0,0
37,980,19859988,-109,35,-36,16383,0
13,981,19870014,-9,-7,-145,0,0
L,19872890,VALID,-0.006,0.010,1
4,981,19880211,-46,-138,8233,0,0
37,981,19880252,-111,35,-43,16383,0
13,982,19890128,-6,-3,2,0,0
4,982,19900199,-24,-104,8229,0,0
37,982,19900240,-111,34,-43,16383,0
13,983,19910214,-9,4,2,0,0
4,983,19920393,-79,-17,8217,0,0
37,983,19920433,-110,36,-40,16383,0
13,984,19930238,0,7,231,0,0
4,984,19940428,-105,-46,8213,0,0
37,984,19940468,-111,37,-4,16383,0
13,985,19950409,11,5,423,0,0
4,985,19960590,70,-240,8227,0,0
37,985,19960630,-112,35,28,16383,0
13,986,19970625,-4,4,265,0,0
L,19973300,VALID,0.014,0.013,1
4,986,19980661,-126,-215,8206,0,0
37,986,19980702,-112,38,64,16383,0
13,987,19990745,19,6,743,0,0
4,987,20000798,11,-105,8215,0,0
37,987,20000839,-109,39,135,16383,0
13,988,20010813,4,11,729,0,0
4,988,20020944,-19,-119,8233,0,0
37,988,20020985,-110,40,198,16382,0
13,989,20031090,-5,11,633,0,0
4,989,20041226,3,-51,8232,0,0
37,989,20041266,-111,41,233,16381,0
13,990,20051140,-12,2,157,0,0
4,990,20061209,-52,-137,8230,0,0
37,990,20061249,-112,41,237,16381,0
13,991,20071201,-16,0,69,0,0
L,20073884,VALID,0.010,0.065,1
4,991,20081314,8,-49,8228,0,0
37,991,20081354,-114,41,251,16381,0
13,992,20091364,-51,20,329,0,0
4,992,20101349,-47,-120,8221,0,0
37,992,20101390,-116,43,281,16381,0
13,993,20111458,-2,2,167,0,0
4,993,20121640,-52,-143,8218,0,0
37,993,20121707,-116,43,288,16380,0
13,994,20131578,-11,1,64,0,0
4,994,20141676,-59,-158,8224,0,0
37,994,20141716,-117,43,291,16380,0
13,995,20151648,2,-4,2,0,0
4,995,20161863,-34,-103,8237,0,0
37,995,20161903,-117,42,291,16380,0
13,996,20171897,-12,0,4,0,0
L,20174486,VALID,0.044,0.075,1
4,996,20181969,16,-46,8196,0,0
37,996,20182009,-117,41,295,16380,0
13,997,20191931,-2,0,139,0,0
4,997,20202146,-25,-110,8227,0,0
37,997,20202186,-119,42,313,16380,0
13,998,20212089,-8,2,216,0,0
4,998,20222112,-103,-208,8233,0,0
37,998,20222152,-120,43,327,16380,0
13,999,20232353,-4,1,62,0,0
4,999,20242327,-54,-136,8227,0,0
37,999,20242367,-120,43,327,16380,0
13,1000,20252396,11,-8,-2,0,0
4,1000,20262422,-41,-118,8227,0,0
37,1000,20262490,-119,42,327,16380,0
13,1001,20272369,3,-5,0,0,0
L,20274974,VALID,0.057,0.077,1
4,1001,20282688,-37,-102,8245,0,0
37,1001,20282728,-119,42,327,16380,0
13,1002,20292681,-17,2,-1,0,0
4,1002,20302783,-28,-117,8221,0,0
37,1002,20302823,-122,42,327,16380,0
13,1003,20312775,-31,6,0,0,0
4,1003,20322910,-68,-83,8225,0,0
37,1003,20322950,-123,43,326,16380,0
13,1004,20332879,-17,2,-101,0,0
4,1004,20342999,-36,-95,8238,0,0
37,1004,20343039,-125,43,312,16380,0
13,1005,20353050,-2,0,-190,0,0
4,1005,20363266,-89,-132,8230,0,0
37,1005,20363307,-128,42,286,16380,0
13,1006,20373103,-20,10,-236,0,0
L,20376131,VALID,0.121,0.076,1
4,1006,20383355,9,-207,8218,0,0
37,1006,20383395,-127,44,285,16380,0
13,1007,20393369,-21,6,57,0,0
4,1007,20403483,-97,-102,8233,0,0
37,1007,20403524,-129,45,283,16380,0
13,1008,20413464,-27,14,-74,0,0
4,1008,20423626,-56,-99,8241,0,0
37,1008,20423667,-133,47,279,16381,0
13,1009,20433574,-88,6,-61,0,0
4,1009,20443747,-88,45,8299,0,0
37,1009,20443788,-143,45,272,16381,0
13,1010,20453704,-258,-6,-15,0,0
4,1010,20463791,50,-148,8379,0,0
37,1010,20463831,-188,45,275,16380,0
13,1011,20473781,-733,18,38,0,0
L,20476715,VALID,0.540,0.104,1
4,1011,20483929,-24,-137,8239,0,0
37,1011,20483970,-263,45,279,16379,0
13,1012,20493970,-884,31,114,0,0
4,1012,20504198,-59,-288,8228,0,0
37,1012,20504239,-344,48,294,16377,0
13,1013,20514064,-942,33,143,0,0
4,1013,20524292,-52,-400,8260,0,0
37,1013,20524333,-430,50,303,16375,0
13,1014,20534127,-1028,42,73,0,0
4,1014,20544392,-82,-478,8202,0,0
37,1014,20544433,-524,52,308,16372,0
13,1015,20554323,-1000,32,61,0,0
4,1015,20564428,-81,-577,8175,0,0
37,1015,20564469,-604,53,318,16369,0
13,1016,20574417,-882,4,131,0,0
L,20577360,VALID,3.448,0.220,1
4,1016,20584539,-104,-656,8241,0,0
37,1016,20584580,-686,52,326,16366,0
13,1017,20594572,-953,6,2,0,0
4,1017,20604796,42,-743,8203,0,0
37,1017,20604836,-767,52,323,16362,0
13,1018,20614667,-907,85,-10,0,0
4,1018,20624729,-96,-799,8065,0,0
37,1018,20624769,-840,57,315,16359,0
13,1019,20634821,-628,115,-165,0,0
4,1019,20644988,-23,-952,8292,0,0
37,1019,20645029,-897,81,303,16356,0
13,1020,20654943,-739,389,-91,0,0
4,1020,20665210,-66,-994,8202,0,0
37,1020,20665250,-965,116,293,16352,0
13,1021,20675080,-781,499,-116,0,0
L,20678300,VALID,5.969,0.699,1
4,1021,20685290,-271,-962,8148,0,0
37,1021,20685330,-1034,160,279,16348,0
13,1022,20695219,-756,448,-165,0,0
4,1022,20705280,-282,-1026,8176,0,0
37,1022,20705320,-1102,190,263,16343,0
13,1023,20715433,-813,180,-94,0,0
4,1023,20725538,607,-2391,7462,0,0
37,1023,20725579,-1163,109,394,16337,0
13,1024,20735434,28,-2036,3546,0,0
4,1024,20745571,-1342,406,8959,0,0
37,1024,20745611,-1161,60,574,16332,0
13,1025,20755639,-866,540,-633,0,0
4,1025,20765891,199,-1478,7959,0,0
37,1025,20765931,-1239,63,510,16328,0
13,1026,20775848,-677,-259,-291,0,0
L,20779179,VALID,7.887,0.478,1
4,1026,20785935,44,-1361,8132,0,0
37,1026,20785976,-1288,41,494,16325,0
13,1027,20795905,-487,-60,-142,0,0
4,1027,20806054,24,-1440,8059,0,0
37,1027,20806094,-1336,38,495,16321,0
13,1028,20815938,-398,-59,176,0,0
4,1028,20826139,-97,-1382,8141,0,0
37,1028,20826179,-1351,33,514,16319,0
13,1029,20836120,-182,-84,155,0,0
4,1029,20846362,-111,-1380,8105,0,0
37,1029,20846403,-1371,26,526,16317,0
13,1030,20856216,-177,-80,110,0,0
4,1030,20866362,-96,-1460,8091,0,0
37,1030,20866403,-1383,20,531,16316,0
13,1031,20876473,-80,-42,8,0,0
L,20879355,VALID,8.906,0.223,1
4,1031,20886622,-241,-1318,8196,0,0
37,1031,20886663,-1384,21,532,16316,0
13,1032,20896604,-102,2,-1,0,0
4,1032,20906622,-287,-1287,8168,0,0
37,1032,20906662,-1401,22,526,16315,0
13,1033,20916732,-246,53,-170,0,0
4,1033,20926974,65,-1369,8107,0,0
37,1033,20927015,-1427,20,508,16313,0
13,1034,20936860,-245,4,-131,0,0
4,1034,20946879,99,-1409,8165,0,0
37,1034,20946919,-1447,18,506,16312,0
13,1035,20956945,-304,-8,63,0,0
4,1035,20966971,-97,-1365,8126,0,0
37,1035,20967012,-1476,20,512,16309,0
13,1036,20977083,-334,12,33,0,0
L,20980025,VALID,9.559,0.232,1
4,1036,20987197,-102,-1505,8142,0,0
37,1036,20987237,-1508,20,510,16306,0
13,1037,20997127,-370,16,-76,0,0
4,1037,21007463,-126,-1501,8088,0,0
37,1037,21007504,-1538,21,505,16303,0
13,1038,21017334,-316,19,-51,0,0
4,1038,21027403,5,-1641,8119,0,0
37,1038,21027443,-1567,19,495,16301,0
13,1039,21037366,-383,38,-133,0,0
4,1039,21047566,33,-1597,8070,0,0
37,1039,21047606,-1604,21,486,16297,0
13,1040,21057616,-388,28,-57,0,0
4,1040,21067651,26,-1659,8079,0,0
37,1040,21067692,-1636,22,484,16294,0
13,1041,21077727,-372,29,5,0,0
L,21080583,VALID,10.683,0.262,1
4,1041,21087910,-106,-1599,8114,0,0
37,1041,21087951,-1674,23,485,16290,0
13,1042,21097867,-473,2,14,0,0
4,1042,21107925,-70,-1735,8050,0,0
37,1042,21107965,-1714,22,488,16286,0
13,1043,21117900,-390,13,28,0,0
4,1043,21128219,-92,-1789,8019,0,0
37,1043,21128260,-1743,24,488,16283,0
13,1044,21138080,-237,24,-27,0,0
4,1044,21148219,-100,-1748,8048,0,0
37,1044,21148260,-1756,26,482,16282,0
13,1045,21158289,-135,30,-86,0,0
4,1045,21168512,-52,-1713,8102,0,0
37,1045,21168552,-1771,25,478,16280,0
13,1046,21178407,-241,-16,18,0,0
L,21181436,VALID,11.632,0.307,1
4,1046,21188496,-142,-1720,8109,0,0
37,1046,21188536,-1798,25,484,16277,0
13,1047,21198519,-359,3,100,0,0
4,1047,21208640,-62,-1824,8025,0,0
37,1047,21208680,-1828,25,492,16274,0
13,1048,21218605,-307,9,102,0,0
4,1048,21228750,-107,-1793,8081,0,0
37,1048,21228791,-1856,27,503,16270,0
13,1049,21238760,-355,22,129,0,0
4,1049,21248915,-74,-1841,8027,0,0
37,1049,21248956,-1887,28,515,16266,0
13,1050,21258889,-309,0,136,0,0
4,1050,21268949,-58,-1951,8021,0,0
37,1050,21269017,-1913,28,525,16263,0
13,1051,21278939,-256,-6,65,0,0
L,21281925,VALID,12.628,0.396,1
4,1051,21289149,-90,-1923,8026,0,0
37,1051,21289190,-1931,28,528,16261,0
13,1052,21299189,-213,10,54,0,0
4,1052,21309204,-147,-1925,8031,0,0
37,1052,21309245,-1952,30,533,16258,0
13,1053,21319231,-244,21,45,0,0
4,1053,21329465,-61,-1940,8031,0,0
37,1053,21329506,-1972,31,538,16255,0
13,1054,21339396,-232,25,78,0,0
4,1054,21349489,-35,-1997,7987,0,0
37,1054,21349530,-1992,36,543,16253,0
13,1055,21359447,-160,118,36,0,0
4,1055,21369577,-124,-1973,8009,0,0
37,1055,21369617,-2001,51,541,16252,0
13,1056,21379671,-95,212,-51,0,0
L,21382726,VALID,13.242,0.590,1
4,1056,21389768,-146,-1968,8042,0,0
37,1056,21389809,-2012,71,532,16251,0
13,1057,21399784,-143,258,-77,0,0
4,1057,21409956,-130,-2006,8013,0,0
37,1057,21409996,-2026,94,522,16249,0
13,1058,21419853,-147,296,-89,0,0
4,1058,21430032,-149,-1957,8039,0,0
37,1058,21430072,-2041,116,512,16247,0
13,1059,21439963,-227,184,-49,0,0
4,1059,21450119,-190,-2006,8018,0,0
37,1059,21450159,-2066,125,511,16244,0
13,1060,21460101,-295,94,44,0,0
4,1060,21470142,-187,-2103,7946,0,0
37,1060,21470182,-2090,133,514,16241,0
13,1061,21480273,-185,96,28,0,0
L,21483223,VALID,13.854,1.155,1
4,1061,21490438,-242,-2082,7983,0,0
37,1061,21490478,-2101,142,515,16239,0
13,1062,21500403,-113,71,3,0,0
4,1062,21510417,-233,-2101,7966,0,0
37,1062,21510457,-2108,146,514,16238,0
13,1063,21520445,-52,36,-16,0,0
4,1063,21530644,-217,-2065,8015,0,0
37,1063,21530684,-2113,147,512,16238,0
13,1064,21540712,-87,21,-13,0,0
4,1064,21550805,-258,-2091,8002,0,0
37,1064,21550845,-2125,151,511,16236,0
13,1065,21560823,-158,48,-13,0,0
4,1065,21570986,-226,-2104,7954,0,0
37,1065,21571027,-2138,153,509,16235,0
13,1066,21580926,-125,-8,-25,0,0
L,21583954,VALID,14.188,1.300,1
4,1066,21590988,-209,-2112,7971,0,0
37,1066,21591028,-2147,148,507,16234,0
13,1067,21601047,-85,-44,-11,0,0
4,1067,21611106,-204,-2135,7977,0,0
37,1067,21611146,-2153,145,508,16233,0
13,1068,21621202,-54,-23,4,0,0
4,1068,21631226,-192,-2117,7982,0,0
37,1068,21631267,-2155,145,509,16232,0
13,1069,21641305,-32,6,21,0,0
4,1069,21651476,-231,-2095,7996,0,0
37,1069,21651517,-2161,144,511,16232,0
13,1070,21661360,-103,-36,22,0,0
4,1070,21671584,-214,-2130,7993,0,0
37,1070,21671624,-2172,140,514,16230,0
13,1071,21681606,-145,-52,26,0,0
L,21684625,VALID,14.431,1.222,1
4,1071,21691727,-244,-2148,7965,0,0
37,1071,21691768,-2186,133,517,16228,0
13,1072,21701657,-152,-113,7,0,0
4,1072,21711733,-222,-2166,7970,0,0
37,1072,21711773,-2196,122,516,16227,0
13,1073,21721795,-122,-111,-48,0,0
4,1073,21731924,-143,-2182,7971,0,0
37,1073,21731964,-2209,110,513,16225,0
13,1074,21742070,-138,-83,-28,0,0
4,1074,21752020,-163,-2200,7975,0,0
37,1074,21752060,-2218,108,513,16224,0
13,1075,21762121,-117,-7,-3,0,0
4,1075,21772215,-158,-2176,7952,0,0
37,1075,21772256,-2230,106,515,16222,0
13,1076,21782107,-104,-44,42,0,0
L,21785182,VALID,14.847,1.000,1
4,1076,21792296,-168,-2197,7928,0,0
37,1076,21792336,-2233,99,521,16222,0
13,1077,21802343,-9,-159,43,0,0
4,1077,21812568,-256,-2230,7994,0,0
37,1077,21812608,-2237,84,527,16221,0
13,1078,21822413,-122,-151,59,0,0
4,1078,21832524,-179,-2260,7913,0,0
37,1078,21832565,-2248,71,533,16219,0
13,1079,21842542,-71,-168,26,0,0
4,1079,21852680,-128,-2226,7957,0,0
37,1079,21852720,-2249,56,536,16219,0
13,1080,21862628,-19,-145,15,0,0
4,1080,21872763,-112,-2205,7980,0,0
37,1080,21872804,-2252,46,538,16219,0
13,1081,21882687,-69,-88,-4,0,0
L,21885636,VALID,15.013,0.611,1
4,1081,21893095,-116,-2235,7958,0,0
37,1081,21893136,-2259,38,538,16218,0
13,1082,21902991,-77,-81,-10,0,0
4,1082,21913024,-142,-2241,7931,0,0
37,1082,21913064,-2266,30,538,16217,0
13,1083,21923042,-70,-129,-26,0,0
4,1083,21933273,-111,-2343,7930,0,0
37,1083,21933314,-2269,19,535,16217,0
13,1084,21943177,1,-52,-104,0,0
4,1084,21953272,-104,-2244,7939,0,0
37,1084,21953312,-2267,16,523,16217,0
13,1085,21963340,24,-17,-108,0,0
4,1085,21973478,-72,-2230,7956,0,0
37,1085,21973519,-2264,13,517,16218,0
13,1086,21983392,29,-15,-68,0,0
L,21986333,VALID,15.106,0.365,1
4,1086,21993548,-52,-2189,7966,0,0
37,1086,21993589,-2262,12,511,16219,0
13,1087,22003546,-3,3,-53,0,0
4,1087,22013857,-82,-2174,8001,0,0
37,1087,22013898,-2266,11,510,16218,0
13,1088,22023685,-119,-19,17,0,0
4,1088,22033823,-94,-2273,7936,0,0
37,1088,22033864,-2279,9,512,16216,0
13,1089,22043805,-105,-14,1,0,0
4,1089,22054125,-116,-2329,7917,0,0
37,1089,22054166,-2286,8,510,16215,0
13,1090,22063959,-35,-6,-71,0,0
4,1090,22074068,-96,-2298,7919,0,0
37,1090,22074109,-2285,7,502,16216,0
13,1091,22084063,50,0,-84,0,0
L,22086830,VALID,15.255,0.314,1
4,1091,22094235,-77,-2236,7942,0,0
37,1091,22094275,-2277,6,496,16217,0
13,1092,22104251,69,-6,-57,0,0
4,1092,22114328,-99,-2185,8002,0,0
37,1092,22114369,-2275,5,492,16217,0
13,1093,22124354,-43,-8,-37,0,0
4,1093,22134510,-78,-2248,7949,0,0
37,1093,22134550,-2283,4,488,16216,0
13,1094,22144492,-100,9,-47,0,0
4,1094,22154623,-62,-2257,7934,0,0
37,1094,22154663,-2291,4,485,16215,0
13,1095,22164534,-72,1,-8,0,0
4,1095,22174879,-80,-2245,7956,0,0
37,1095,22174919,-2296,4,486,16214,0
13,1096,22184768,-75,-5,17,0,0
L,22187623,VALID,15.335,0.280,1
4,1096,22194896,-85,-2284,7937,0,0
37,1096,22194937,-2302,3,488,16214,0
13,1097,22204895,-53,-7,26,0,0
4,1097,22215067,-85,-2272,7932,0,0
37,1097,22215108,-2306,3,491,16213,0
13,1098,22225128,-48,-12,39,0,0
4,1098,22235180,-81,-2266,7949,0,0
37,1098,22235221,-2310,2,495,16212,0
13,1099,22245154,-57,-18,59,0,0
4,1099,22255317,-91,-2319,7919,0,0
37,1099,22255357,-2316,1,501,16211,0
13,1100,22265344,-39,-17,49,0,0
4,1100,22275474,-82,-2316,7928,0,0
37,1100,22275515,-2317,1,503,16211,0
13,1101,22285535,-4,-2,6,0,0
L,22288198,VALID,15.483,0.280,1
4,1101,22295698,-90,-2288,7943,0,0
37,1101,22295738,-2317,1,503,16211,0
13,1102,22305610,-14,-7,4,0,0
4,1102,22315678,-86,-2269,7953,0,0
37,1102,22315719,-2319,1,505,16211,0
13,1103,22325618,-70,-2,21,0,0
4,1103,22335876,-84,-2313,7928,0,0
37,1103,22335917,-2328,1,506,16209,0
13,1104,22345765,-77,1,10,0,0
4,1104,22355986,-85,-2326,7911,0,0
37,1104,22356027,-2332,1,507,16209,0
13,1105,22365911,-14,7,0,0,0
4,1105,22376114,-90,-2305,7942,0,0
37,1105,22376155,-2332,2,507,16209,0
13,1106,22386133,-22,0,-1,0,0
L,22388903,VALID,15.588,0.295,1
4,1106,22396196,-96,-2287,7955,0,0
37,1106,22396265,-2335,2,506,16208,0
13,1107,22406239,-72,0,0,0,0
4,1107,22416289,-87,-2322,7927,0,0
37,1107,22416329,-2344,2,507,16207,0
13,1108,22426383,-88,-2,8,0,0
4,1108,22436504,-90,-2330,7907,0,0
37,1108,22436545,-2351,1,509,16206,0
13,1109,22446496,-71,-4,21,0,0
4,1109,22456590,-74,-2349,7905,0,0
37,1109,22456631,-2355,1,509,16205,0
13,1110,22466563,-26,0,-4,0,0
4,1110,22476580,-74,-2325,7923,0,0
37,1110,22476620,-2357,1,509,16205,0
13,1111,22486674,-27,2,-3,0,0
L,22489426,VALID,15.765,0.295,1
4,1111,22496840,-91,-2342,7918,0,0
37,1111,22496880,-2359,1,508,16205,0
13,1112,22506761,-21,2,-10,0,0
4,1112,22516916,-139,-2347,7934,0,0
37,1112,22516984,-2362,2,506,16204,0
13,1113,22526934,-54,9,-32,0,0
4,1113,22537107,-72,-2327,7930,0,0
37,1113,22537147,-2367,2,504,16204,0
13,1114,22546986,-72,0,-3,0,0
4,1114,22557147,-64,-2341,7918,0,0
37,1114,22557188,-2372,1,506,16203,0
13,1115,22567208,-36,-6,26,0,0
4,1115,22577303,-93,-2346,7917,0,0
37,1115,22577344,-2376,1,508,16202,0
13,1116,22587328,-34,-6,29,0,0
L,22590192,VALID,15.900,0.299,1
4,1116,22597382,-89,-2348,7931,0,0
37,1116,22597422,-2379,2,511,16202,0
13,1117,22607405,-50,0,22,0,0
4,1117,22617577,-106,-2356,7930,0,0
37,1117,22617617,-2384,2,512,16201,0
13,1118,22627466,-71,5,-7,0,0
4,1118,22637775,-106,-2379,7914,0,0
37,1118,22637816,-2392,2,508,16200,0
13,1119,22647630,-88,12,-49,0,0
4,1119,22657803,-53,-2383,7890,0,0
37,1119,22657844,-2396,2,505,16199,0
13,1120,22667838,-5,2,-23,0,0
4,1120,22677930,-68,-2364,7925,0,0
37,1120,22677971,-2394,2,504,16200,0
13,1121,22687939,12,0,-8,0,0
L,22690594,VALID,16.026,0.305,1
4,1121,22698145,-105,-2326,7957,0,0
37,1121,22698185,-2397,2,504,16199,0
13,1122,22708059,-112,-1,20,0,0
4,1122,22718119,-66,-2400,7889,0,0
37,1122,22718160,-2409,1,507,16197,0
13,1123,22728110,-100,1,23,0,0
4,1123,22738316,-85,-2404,7895,0,0
37,1123,22738356,-2415,2,507,16197,0
13,1124,22748342,-48,7,0,0,0
4,1124,22758358,-103,-2414,7880,0,0
37,1124,22758399,-2418,3,507,16196,0
13,1125,22768428,-19,3,-20,0,0
4,1125,22778646,-113,-2391,7926,0,0
37,1125,22778686,-2421,3,503,16196,0
13,1126,22788480,-78,12,-44,0,0
L,22791439,VALID,16.217,0.317,1
4,1126,22798680,-110,-2394,7927,0,0
37,1126,22798721,-2430,4,500,16194,0
13,1127,22808712,-130,9,-36,0,0
4,1127,22818798,-74,-2417,7894,0,0
37,1127,22818838,-2441,3,497,16193,0
13,1128,22828806,-99,11,-25,0,0
4,1128,22838910,-84,-2414,7909,0,0
37,1128,22838951,-2449,4,495,16192,0
13,1129,22848943,-104,18,-28,0,0
4,1129,22859167,-104,-2434,7899,0,0
37,1129,22859208,-2458,5,492,16190,0
13,1130,22869005,-109,7,-33,0,0
4,1130,22879115,-91,-2449,7892,0,0
37,1130,22879156,-2468,4,489,16189,0
13,1131,22889227,-121,2,3,0,0
L,22892057,VALID,16.550,0.320,1
4,1131,22899315,-94,-2486,7864,0,0
37,1131,22899382,-2483,4,493,16187,0
13,1132,22909332,-143,-14,20,0,0
4,1132,22919419,-14,-2524,7887,0,0
37,1132,22919460,-2496,3,494,16185,0
13,1133,22929419,-158,11,36,0,0
4,1133,22939667,31,-2625,7960,0,0
37,1133,22939707,-2511,2,496,16182,0
13,1134,22949459,-375,-2,98,0,0
4,1134,22959630,-70,-2517,7832,0,0
37,1134,22959671,-2540,3,510,16177,0
13,1135,22969656,-313,-29,120,0,0
4,1135,22979744,-27,-2585,7846,0,0
37,1135,22979784,-2579,1,523,16171,0
13,1136,22989811,-444,-32,166,0,0
L,22992945,VALID,17.334,0.361,1
4,1136,22999893,-223,-2422,7876,0,0
37,1136,22999934,-2616,2,533,16164,0
13,1137,23009947,-407,-1,55,0,0
4,1137,23020053,-132,-2523,7849,0,0
37,1137,23020093,-2646,1,533,16159,0
13,1138,23030044,-307,17,-56,0,0
4,1138,23040175,9,-2830,7875,0,0
37,1138,23040215,-2696,0,531,16151,0
13,1139,23050301,-848,28,15,0,0
4,1139,23060421,-326,-2490,7867,0,0
37,1139,23060462,-2770,0,525,16139,0
13,1140,23070397,-799,-66,120,0,0
4,1140,23080468,107,-4072,7635,0,0
37,1140,23080508,-2852,-25,665,16120,0
13,1141,23090492,-1633,-383,1353,0,0
L,23093885,VALID,19.270,0.418,1
4,1141,23100661,-448,-2050,7845,0,0
37,1141,23100701,-3027,0,510,16093,0
13,1142,23110620,-1604,864,-2073,0,0
4,1142,23120650,18,-2566,7547,0,0
37,1142,23120690,-3091,16,485,16082,0
13,1143,23130748,-38,40,138,0,0
4,1143,23140828,-95,-3019,7772,0,0
37,1143,23140868,-3097,18,478,16081,0
13,1144,23150895,-107,4,-95,0,0
4,1144,23160983,-130,-3083,7622,0,0
37,1144,23161023,-3095,19,471,16082,0
13,1145,23170948,140,28,-113,0,0
4,1145,23181269,-208,-3042,7676,0,0
37,1145,23181309,-3079,17,459,16085,0
13,1146,23191172,206,-52,-148,0,0
L,23194313,VALID,20.883,0.503,1
4,1146,23201303,-145,-3047,7682,0,0
37,1146,23201343,-3056,8,446,16090,0
13,1147,23211265,299,-65,-167,0,0
4,1147,23221413,-143,-2984,7710,0,0
37,1147,23221454,-3031,6,434,16095,0
13,1148,23231446,316,16,-127,0,0
4,1148,23241454,-123,-2933,7729,0,0
37,1148,23241495,-2995,6,423,16102,0
13,1149,23251661,433,46,-165,0,0
4,1149,23261731,-116,-2848,7779,0,0
37,1149,23261771,-2961,10,404,16109,0
13,1150,23271739,325,44,-166,0,0
4,1150,23281738,-73,-2861,7797,0,0
37,1150,23281779,-2938,11,396,16113,0
13,1151,23291703,182,41,-84,0,0
L,23294679,VALID,19.884,0.354,1
4,1151,23301922,-9,-2896,7748,0,0
37,1151,23301963,-2926,11,388,16115,0
13,1152,23311944,130,4,-18,0,0
4,1152,23322072,-16,-2901,7758,0,0
37,1152,23322112,-2918,12,389,16117,0
13,1153,23332020,65,2,10,0,0
4,1153,23342212,-104,-2856,7763,0,0
37,1153,23342252,-2912,14,388,16118,0
13,1154,23352152,57,25,-12,0,0
4,1154,23362245,-96,-2858,7732,0,0
37,1154,23362285,-2906,16,387,16119,0
13,1155,23372279,108,5,0,0,0
4,1155,23382424,-94,-2877,7789,0,0
37,1155,23382465,-2897,16,388,16121,0
13,1156,23392373,65,11,-14,0,0
L,23395237,VALID,19.591,0.371,1
4,1156,23402582,-109,-2852,7735,0,0
37,1156,23402650,-2893,18,385,16121,0
13,1157,23412626,54,20,-46,0,0
4,1157,23422773,-98,-2823,7788,0,0
37,1157,23422813,-2887,19,380,16122,0
13,1158,23432704,16,11,-22,0,0
4,1158,23442864,-85,-2827,7791,0,0
37,1158,23442905,-2890,19,381,16122,0
13,1159,23452821,-57,4,21,0,0
4,1159,23462949,-86,-2833,7764,0,0
37,1159,23462990,-2895,20,383,16121,0
13,1160,23473002,-71,1,23,0,0
4,1160,23483053,-126,-2837,7777,0,0
37,1160,23483093,-2903,21,385,16120,0
13,1161,23493053,-109,4,20,0,0
L,23495908,VALID,19.633,0.403,1
4,1161,23503296,-72,-2871,7726,0,0
37,1161,23503336,-2912,20,387,16118,0
13,1162,23513173,-46,-9,40,0,0
4,1162,23523431,-89,-2893,7737,0,0
37,1162,23523499,-2910,20,391,16118,0
13,1163,23533312,24,-11,56,0,0
4,1163,23543510,-93,-2881,7755,0,0
37,1163,23543550,-2910,21,396,16118,0
13,1164,23553450,13,11,40,0,0
4,1164,23563655,-153,-2856,7773,0,0
37,1164,23563696,-2909,24,398,16118,0
13,1165,23573621,-32,16,12,0,0
4,1165,23583819,-92,-2879,7730,0,0
37,1165,23583859,-2913,24,399,16117,0
13,1166,23593716,-8,-15,7,0,0
L,23596501,VALID,19.704,0.443,1
4,1166,23603853,-142,-2879,7743,0,0
37,1166,23603894,-2910,21,400,16118,0
13,1167,23613879,56,-61,1,0,0
4,1167,23624049,-130,-2886,7725,0,0
37,1167,23624090,-2900,17,398,16120,0
13,1168,23634035,127,-20,-52,0,0
4,1168,23644076,-96,-2828,7824,0,0
37,1168,23644117,-2894,15,396,16121,0
13,1169,23654171,-23,-10,13,0,0
4,1169,23664431,-106,-2822,7784,0,0
37,1169,23664472,-2901,15,400,16120,0
13,1170,23674232,-122,-11,57,0,0
4,1170,23684549,-101,-2869,7748,0,0
37,1170,23684589,-2912,14,405,16117,0
13,1171,23694455,-105,-17,41,0,0
L,23697501,VALID,19.699,0.381,1
4,1171,23704594,-137,-2900,7740,0,0
37,1171,23704635,-2919,14,407,16116,0
13,1172,23714593,-66,0,0,0,0
4,1172,23724643,-111,-2873,7762,0,0
37,1172,23724684,-2925,15,406,16115,0
13,1173,23734791,-85,9,-9,0,0
4,1173,23744987,-92,-2878,7753,0,0
37,1173,23745028,-2934,14,406,16113,0
13,1174,23754835,-128,-13,24,0,0
4,1174,23764946,-88,-2885,7747,0,0
37,1174,23764986,-2946,13,411,16111,0
13,1175,23775014,-175,-8,62,0,0
4,1175,23785198,-75,-2902,7748,0,0
37,1175,23785238,-2966,14,416,16107,0
13,1176,23795249,-275,15,43,0,0
L,23798207,VALID,20.082,0.405,1
4,1176,23805301,-123,-2894,7734,0,0
37,1176,23805341,-2993,15,420,16102,0
13,1177,23815293,-332,-16,99,0,0
4,1177,23825480,-91,-2973,7713,0,0
37,1177,23825521,-3021,15,433,16097,0
13,1178,23835332,-310,-5,156,0,0
4,1178,23845512,-130,-3028,7652,0,0
37,1178,23845553,-3045,19,444,16092,0
13,1179,23855470,-205,56,73,0,0
4,1179,23865692,-131,-2972,7738,0,0
37,1179,23865733,-3059,26,444,16089,0
13,1180,23875633,-224,98,7,0,0
4,1180,23885736,-137,-3023,7690,0,0
37,1180,23885777,-3085,34,444,16084,0
13,1181,23895849,-274,97,23,0,0
L,23898808,VALID,20.924,0.601,1
4,1181,23906043,-163,-3102,7657,0,0
37,1181,23906083,-3107,42,445,16080,0
13,1182,23915901,-261,89,-7,0,0
4,1182,23925970,-163,-3144,7657,0,0
37,1182,23926010,-3135,49,439,16075,0
13,1183,23936082,-314,94,-90,0,0
4,1183,23946270,-146,-3072,7665,0,0
37,1183,23946310,-3156,53,428,16071,0
13,1184,23956209,-258,24,-88,0,0
4,1184,23966270,-111,-3039,7705,0,0
37,1184,23966310,-3187,49,424,16065,0
13,1185,23976347,-461,-25,-12,0,0
4,1185,23986426,-129,-3199,7618,0,0
37,1185,23986466,-3227,46,425,16057,0
13,1186,23996450,-417,-38,-23,0,0
L,23999583,VALID,21.934,0.685,1
4,1186,24006565,-137,-3213,7588,0,0
37,1186,24006605,-3259,39,423,16050,0
13,1187,24016528,-292,-115,-15,0,0
4,1187,24026702,-139,-3274,7570,0,0
37,1187,24026769,-3280,25,425,16046,0
13,1188,24036682,-223,-127,-57,0,0
4,1188,24046745,-196,-3255,7585,0,0
37,1188,24046786,-3299,17,417,16042,0
13,1189,24056656,-173,-46,-132,0,0
4,1189,24066991,-133,-3197,7597,0,0
37,1189,24067032,-3305,11,406,16041,0
13,1190,24076913,-37,-16,-76,0,0
4,1190,24087000,-100,-3223,7626,0,0
37,1190,24087041,-3310,10,406,16040,0
13,1191,24097035,-68,-16,9,0,0
L,24099897,VALID,22.534,0.428,1
4,1191,24107129,-95,-3243,7617,0,0
37,1191,24107169,-3316,8,406,16039,0
13,1192,24117118,-119,-14,9,0,0
4,1192,24127206,-113,-3230,7627,0,0
37,1192,24127246,-3331,8,409,16036,0
13,1193,24137143,-219,-8,30,0,0
4,1193,24147560,-155,-3274,7577,0,0
37,1193,24147601,-3351,8,411,16032,0
13,1194,24157353,-196,-11,9,0,0
4,1194,24167482,-128,-3294,7578,0,0
37,1194,24167523,-3365,6,412,16029,0
13,1195,24177534,-118,-2,8,0,0
4,1195,24187679,-118,-3312,7581,0,0
37,1195,24187720,-3374,7,411,16027,0
13,1196,24197664,-110,24,-29,0,0
L,24200690,VALID,22.991,0.426,1
4,1196,24207758,-105,-3321,7564,0,0
37,1196,24207799,-3384,9,405,16025,0
13,1197,24217747,-148,59,-98,0,0
4,1197,24227867,-129,-3284,7588,0,0
37,1197,24227907,-3397,12,395,16022,0
13,1198,24237773,-161,45,-61,0,0
4,1198,24247943,-113,-3248,7608,0,0
37,1198,24247984,-3414,14,393,16019,0
13,1199,24257961,-281,47,-1,0,0
4,1199,24268089,-104,-3292,7628,0,0
37,1199,24268129,-3446,21,393,16012,0
13,1200,24278100,-482,77,63,0,0
4,1200,24288133,-169,-3398,7519,0,0
37,1200,24288174,-3495,25,399,16001,0
13,1201,24298150,-532,23,49,0,0
L,24301118,VALID,23.854,0.554,1
4,1201,24308383,-162,-3533,7446,0,0
37,1201,24308423,-3534,27,401,15993,0
13,1202,24318331,-319,17,8,0,0
4,1202,24328441,-153,-3451,7444,0,0
37,1202,24328482,-3551,27,401,15989,0
13,1203,24338415,-139,-10,5,0,0
4,1203,24348589,-161,-3426,7465,0,0
37,1203,24348629,-3558,25,402,15987,0
13,1204,24358597,-35,-28,-10,0,0
4,1204,24368676,-165,-3442,7446,0,0
37,1204,24368716,-3556,22,400,15988,0
13,1205,24378597,74,-38,-41,0,0
4,1205,24388837,-127,-3388,7507,0,0
37,1205,24388877,-3547,17,399,15990,0
13,1206,24398856,63,-66,4,0,0
L,24401667,VALID,24.227,0.508,1
4,1206,24408925,-107,-3360,7512,0,0
37,1206,24408993,-3543,12,402,15991,0
13,1207,24418960,3,-52,25,0,0
4,1207,24429020,-112,-3385,7480,0,0
37,1207,24429061,-3545,9,405,15990,0
13,1208,24439027,-6,-38,24,0,0
4,1208,24449180,-117,-3401,7476,0,0
37,1208,24449221,-3543,8,407,15991,0
13,1209,24459094,21,-9,-8,0,0
4,1209,24469334,-121,-3400,7475,0,0
37,1209,24469375,-3540,8,405,15991,0
13,1210,24479233,29,4,-38,0,0
4,1210,24489308,-120,-3384,7486,0,0
37,1210,24489348,-3537,7,400,15992,0
13,1211,24499421,18,5,-41,0,0
L,24502198,VALID,24.157,0.440,1
4,1211,24509517,-121,-3386,7497,0,0
37,1211,24509558,-3536,7,398,15992,0
13,1212,24519542,-22,2,-31,0,0
4,1212,24529540,-136,-3383,7489,0,0
37,1212,24529581,-3539,7,394,15992,0
13,1213,24539566,-44,8,-42,0,0
4,1213,24549826,-128,-3383,7484,0,0
37,1213,24549866,-3541,7,391,15991,0
13,1214,24559845,4,15,-42,0,0
4,1214,24569937,-122,-3372,7493,0,0
37,1214,24569978,-3540,9,387,15992,0
13,1215,24579914,-8,17,-36,0,0
4,1215,24590082,-114,-3403,7480,0,0
37,1215,24590122,-3541,9,384,15992,0
13,1216,24600006,-7,18,-37,0,0
L,24602860,VALID,24.185,0.430,1
4,1216,24610091,-128,-3388,7484,0,0
37,1216,24610132,-3540,11,380,15992,0
13,1217,24620161,5,10,-32,0,0
4,1217,24630271,-118,-3390,7481,0,0
37,1217,24630312,-3539,10,378,15992,0
13,1218,24640272,17,0,-21,0,0
4,1218,24650323,-115,-3368,7501,0,0
37,1218,24650363,-3537,11,376,15993,0
13,1219,24660400,-9,14,-18,0,0
4,1219,24670523,-122,-3387,7483,0,0
37,1219,24670564,-3539,12,375,15992,0
13,1220,24680419,-16,12,-12,0,0
4,1220,24690633,-120,-3406,7479,0,0
37,1220,24690673,-3539,13,372,15992,0
13,1221,24700624,0,14,-39,0,0
L,24703410,VALID,24.172,0.439,1
4,1221,24710823,-123,-3394,7484,0,0
37,1221,24710863,-3538,14,367,15993,0
13,1222,24720711,14,30,-72,0,0
4,1222,24730796,-124,-3385,7490,0,0
37,1222,24730836,-3536,16,359,15993,0
13,1223,24740865,9,37,-77,0,0
4,1223,24750862,-132,-3365,7494,0,0
37,1223,24750903,-3535,17,354,15994,0
13,1224,24761054,-3,16,-48,0,0
4,1224,24770985,-129,-3380,7492,0,0
37,1224,24771026,-3535,18,350,15994,0
13,1225,24781122,-9,7,-27,0,0
4,1225,24791286,-119,-3372,7512,0,0
37,1225,24791326,-3536,18,349,15993,0
13,1226,24801061,-24,2,-11,0,0
L,24803933,VALID,24.151,0.438,1
4,1226,24811288,-122,-3397,7482,0,0
37,1226,24811329,-3538,19,348,15993,0
13,1227,24821345,-28,17,-16,0,0
4,1227,24831508,-127,-3383,7490,0,0
37,1227,24831548,-3540,20,346,15993,0
13,1228,24841423,-26,7,-2,0,0
4,1228,24851499,-128,-3399,7482,0,0
37,1228,24851539,-3541,21,347,15992,0
13,1229,24861517,-13,7,2,0,0
4,1229,24871765,-91,-3389,7485,0,0
37,1229,24871805,-3540,22,347,15993,0
13,1230,24881655,-25,6,4,0,0
4,1230,24891737,-134,-3400,7496,0,0
37,1230,24891778,-3544,23,347,15992,0
13,1231,24901740,-40,10,-2,0,0
L,24904603,VALID,24.207,0.470,1
4,1231,24912009,-134,-3399,7473,0,0
37,1231,24912049,-3546,24,347,15991,0
13,1232,24921939,-20,3,-3,0,0
4,1232,24932033,-127,-3396,7482,0,0
37,1232,24932074,-3545,24,346,15992,0
13,1233,24942053,-4,0,-2,0,0
4,1233,24952289,-136,-3403,7481,0,0
37,1233,24952329,-3544,25,346,15992,0
13,1234,24962161,-6,4,-12,0,0
4,1234,24972247,-140,-3398,7483,0,0
37,1234,24972288,-3543,26,345,15992,0
13,1235,24982282,-25,3,-1,0,0
4,1235,24992409,-125,-3408,7486,0,0
37,1235,24992450,-3546,26,346,15991,0
13,1236,25002385,-49,4,6,0,0
L,25005074,VALID,24.221,0.490,1
4,1236,25012470,-130,-3419,7480,0,0
37,1236,25012511,-3551,27,346,15990,0
13,1237,25022488,-44,5,2,0,0
4,1237,25032815,-129,-3433,7461,0,0
37,1237,25032856,-3553,28,346,15990,0
13,1238,25042583,-9,3,-6,0,0
4,1238,25052719,-143,-3409,7469,0,0
37,1238,25052760,-3551,29,345,15990,0
13,1239,25062634,-2,3,-14,0,0
4,1239,25072925,-131,-3416,7475,0,0
37,1239,25072965,-3551,30,344,15990,0
13,1240,25082847,-15,0,-6,0,0
4,1240,25092959,-136,-3423,7473,0,0
37,1240,25092999,-3551,30,344,15990,0
13,1241,25102969,-7,-4,-2,0,0
L,25105745,VALID,24.257,0.515,1
4,1241,25113193,-125,-3422,7468,0,0
37,1241,25113233,-3549,30,344,15991,0
13,1242,25123090,4,7,-18,0,0
4,1242,25133196,-134,-3395,7483,0,0
37,1242,25133236,-3548,31,342,15991,0
13,1243,25143226,-10,2,-12,0,0
4,1243,25153328,-127,-3409,7471,0,0
37,1243,25153369,-3548,32,342,15991,0
13,1244,25163374,-15,1,3,0,0
4,1244,25173493,-112,-3420,7477,0,0
37,1244,25173534,-3548,32,342,15991,0
13,1245,25183390,-13,-11,10,0,0
4,1245,25193831,-140,-3424,7465,0,0
37,1245,25193871,-3549,32,344,15991,0
13,1246,25203614,-10,-10,6,0,0
L,25206468,VALID,24.241,0.528,1
4,1246,25213734,-137,-3440,7464,0,0
37,1246,25213774,-3548,32,344,15991,0
13,1247,25223734,4,5,-17,0,0
4,1247,25233781,-131,-3436,7452,0,0
37,1247,25233822,-3546,32,340,15991,0
13,1248,25243922,42,21,-52,0,0
4,1248,25253983,-141,-3409,7491,0,0
37,1248,25254023,-3543,33,336,15992,0
13,1249,25263957,10,10,-25,0,0
4,1249,25274179,-129,-3419,7467,0,0
37,1249,25274220,-3541,34,335,15993,0
13,1250,25284121,2,3,-13,0,0
4,1250,25294239,-135,-3414,7471,0,0
37,1250,25294280,-3540,35,334,15993,0
13,1251,25304338,-3,-6,-3,0,0
L,25307104,VALID,24.177,0.532,1
4,1251,25314432,-129,-3423,7473,0,0
37,1251,25314472,-3539,34,334,15993,0
13,1252,25324404,-2,-8,0,0,0
4,1252,25334429,-125,-3418,7471,0,0
37,1252,25334469,-3538,34,335,15993,0
13,1253,25344394,-2,-5,0,0,0
4,1253,25354678,-126,-3415,7476,0,0
37,1253,25354718,-3537,35,335,15993,0
13,1254,25364542,-3,2,-1,0,0
4,1254,25374729,-131,-3425,7463,0,0
37,1254,25374769,-3537,36,334,15994,0
13,1255,25384618,9,8,-11,0,0
4,1255,25394812,-138,-3412,7465,0,0
37,1255,25394852,-3534,37,333,15994,0
13,1256,25404868,29,8,-19,0,0
L,25407679,VALID,24.134,0.543,1
4,1256,25414938,-136,-3410,7487,0,0
37,1256,25415006,-3532,37,332,15995,0
13,1257,25424928,7,-4,-3,0,0
4,1257,25435056,-142,-3407,7478,0,0
37,1257,25435097,-3530,37,332,15995,0
13,1258,25445075,-5,0,-1,0,0
4,1258,25455253,-123,-3418,7479,0,0
37,1258,25455293,-3530,38,332,15995,0
13,1259,25465177,-3,0,-4,0,0
4,1259,25475236,-123,-3425,7463,0,0
37,1259,25475276,-3529,38,331,15995,0
13,1260,25485306,16,1,-9,0,0
4,1260,25495242,-133,-3413,7479,0,0
37,1260,25495283,-3526,38,330,15996,0
13,1261,25505381,10,5,-12,0,0
L,25508150,VALID,24.077,0.544,1
4,1261,25515607,-116,-3409,7476,0,0
37,1261,25515648,-3525,39,329,15996,0
13,1262,25525461,-4,3,-9,0,0
4,1262,25535594,-134,-3427,7458,0,0
37,1262,25535634,-3524,39,328,15996,0
13,1263,25545606,24,6,-20,0,0
4,1263,25555753,-122,-3399,7484,0,0
37,1263,25555794,-3521,39,326,15997,0
13,1264,25565605,16,0,-8,0,0
4,1264,25575852,-128,-3408,7477,0,0
37,1264,25575892,-3520,40,326,15997,0
13,1265,25585871,2,11,-10,0,0
4,1265,25596010,-133,-3411,7471,0,0
37,1265,25596051,-3519,41,324,15998,0
13,1266,25605984,3,9,-19,0,0
L,25608647,VALID,24.026,0.555,1
4,1266,25616042,-139,-3413,7466,0,0
37,1266,25616083,-3518,42,323,15998,0
13,1267,25626130,17,6,-22,0,0
4,1267,25636231,-129,-3402,7487,0,0
37,1267,25636272,-3516,42,321,15998,0
13,1268,25646164,2,4,-12,0,0
4,1268,25656429,-132,-3417,7475,0,0
37,1268,25656469,-3515,43,320,15999,0
13,1269,25666319,1,7,-10,0,0
4,1269,25676551,-126,-3403,7480,0,0
37,1269,25676592,-3514,44,319,15999,0
13,1270,25686528,-5,7,-5,0,0
4,1270,25696662,-120,-3405,7465,0,0
37,1270,25696703,-3514,44,319,15999,0
13,1271,25706627,-10,0,0,0,0
L,25709309,VALID,23.990,0.567,1
4,1271,25716767,-123,-3415,7470,0,0
37,1271,25716808,-3514,45,319,15999,0
13,1272,25726758,1,2,-3,0,0
4,1272,25736773,-129,-3408,7468,0,0
37,1272,25736813,-3512,45,319,15999,0
13,1273,25746808,16,3,-8,0,0
4,1273,25757090,-127,-3393,7479,0,0
37,1273,25757130,-3510,46,318,16000,0
13,1274,25766981,-3,2,-9,0,0
4,1274,25777030,-125,-3405,7470,0,0
37,1274,25777070,-3510,46,317,16000,0
13,1275,25787100,0,5,-16,0,0
4,1275,25797192,-117,-3420,7466,0,0
37,1275,25797260,-3509,46,316,16000,0
13,1276,25807169,16,1,-11,0,0
L,25809954,VALID,23.955,0.575,1
4,1276,25817310,-137,-3404,7467,0,0
37,1276,25817350,-3507,47,315,16001,0
13,1277,25827350,14,-3,-4,0,0
4,1277,25837547,-145,-3394,7481,0,0
37,1277,25837587,-3505,48,315,16001,0
13,1278,25847444,-2,0,-3,0,0
4,1278,25857589,-141,-3415,7478,0,0
37,1278,25857630,-3505,48,314,16001,0
13,1279,25867591,-2,4,-11,0,0
4,1279,25877744,-130,-3412,7474,0,0
37,1279,25877785,-3505,49,313,16001,0
13,1280,25887668,-2,6,-10,0,0
4,1280,25897760,-131,-3412,7469,0,0
37,1280,25897801,-3504,50,313,16001,0
13,1281,25907882,0,5,-5,0,0
L,25910494,VALID,23.919,0.598,1
4,1281,25918064,-145,-3426,7471,0,0
37,1281,25918105,-3504,51,312,16001,0
13,1282,25927952,9,1,-11,0,0
4,1282,25938037,-129,-3406,7476,0,0
37,1282,25938078,-3502,51,311,16002,0
13,1283,25948013,3,4,-11,0,0
4,1283,25958234,-119,-3411,7473,0,0
37,1283,25958275,-3502,52,310,16002,0
13,1284,25968113,1,9,-8,0,0
4,1284,25978267,-127,-3402,7470,0,0
37,1284,25978307,-3501,52,309,16002,0
13,1285,25988251,6,5,-20,0,0
4,1285,25998404,-137,-3403,7473,0,0
37,1285,25998445,-3500,53,307,16002,0
13,1286,26008423,15,9,-32,0,0
L,26011191,VALID,23.890,0.608,1
4,1286,26018475,-128,-3409,7471,0,0
37,1286,26018516,-3498,53,303,16003,0
13,1287,26028543,23,18,-43,0,0
4,1287,26038586,-129,-3392,7481,0,0
37,1287,26038626,-3496,54,300,16003,0
13,1288,26048621,7,10,-16,0,0
4,1288,26058749,-140,-3393,7482,0,0
37,1288,26058790,-3494,55,299,16004,0
13,1289,26068862,7,5,-10,0,0
4,1289,26079040,-134,-3399,7487,0,0
37,1289,26079081,-3493,56,299,16004,0
13,1290,26088922,-3,-2,4,0,0
4,1290,26099033,-139,-3404,7479,0,0
37,1290,26099073,-3493,56,300,16004,0
13,1291,26109033,-3,-1,6,0,0
L,26111697,VALID,23.840,0.618,1
4,1291,26119143,-142,-3394,7478,0,0
37,1291,26119184,-3493,57,300,16004,0
13,1292,26129222,0,-2,4,0,0
4,1292,26139177,-121,-3407,7484,0,0
37,1292,26139218,-3493,57,301,16004,0
13,1293,26149300,-8,-3,5,0,0
4,1293,26159470,-131,-3398,7476,0,0
37,1293,26159511,-3493,57,301,16004,0
13,1294,26169446,-9,1,0,0,0
4,1294,26179514,-131,-3402,7477,0,0
37,1294,26179554,-3493,57,301,16004,0
13,1295,26189463,-17,-1,4,0,0
4,1295,26199711,-128,-3414,7474,0,0
37,1295,26199752,-3494,57,302,16003,0
13,1296,26209678,-13,-1,3,0,0
L,26212472,VALID,23.848,0.628,1
4,1296,26219790,-130,-3413,7471,0,0
37,1296,26219830,-3495,58,302,16003,0
13,1297,26229755,-4,0,0,0,0
4,1297,26239943,-132,-3414,7481,0,0
37,1297,26239984,-3495,58,302,16003,0
13,1298,26249902,-4,1,-4,0,0
4,1298,26259899,-128,-3416,7462,0,0
37,1298,26259939,-3494,59,301,16004,0
13,1299,26270107,18,4,-13,0,0
4,1299,26280115,-138,-3401,7489,0,0
37,1299,26280156,-3492,59,300,16004,0
13,1300,26290202,2,-3,-2,0,0
4,1300,26300200,-133,-3410,7478,0,0
37,1300,26300268,-3492,59,301,16004,0
13,1301,26310158,-7,0,2,0,0
L,26312778,VALID,23.832,0.639,1
4,1301,26320450,-137,-3416,7472,0,0
37,1301,26320491,-3492,60,301,16004,0
13,1302,26330382,0,5,0,0,0
4,1302,26340542,-129,-3417,7478,0,0
37,1302,26340583,-3492,60,300,16004,0
13,1303,26350485,13,5,-14,0,0
4,1303,26360604,-145,-3402,7471,0,0
37,1303,26360644,-3490,61,299,16004,0
13,1304,26370580,5,2,-13,0,0
4,1304,26380681,-132,-3405,7481,0,0
37,1304,26380721,-3490,61,298,16005,0
13,1305,26390709,-1,-5,-3,0,0
4,1305,26400878,-139,-3413,7477,0,0
37,1305,26400919,-3489,61,298,16005,0
13,1306,26410734,3,-5,1,0,0
L,26413344,VALID,23.810,0.648,1
4,1306,26420965,-127,-3402,7488,0,0
37,1306,26421032,-3489,61,299,16005,0
13,1307,26430975,-1,-5,2,0,0
4,1307,26441096,-134,-3400,7478,0,0
37,1307,26441136,-3488,61,299,16005,0
13,1308,26451097,-7,0,-2,0,0
4,1308,26461230,-125,-3424,7473,0,0
37,1308,26461270,-3489,61,298,16005,0
13,1309,26471215,14,2,-6,0,0
4,1309,26481395,-127,-3403,7487,0,0
37,1309,26481436,-3487,61,298,16005,0
13,1310,26491362,0,-3,-2,0,0
4,1310,26501420,-139,-3409,7471,0,0
37,1310,26501460,-3487,61,298,16005,0
13,1311,26511447,2,0,-4,0,0
L,26514015,VALID,23.797,0.648,1
4,1311,26521574,-132,-3411,7472,0,0
37,1311,26521615,-3486,61,298,16005,0
13,1312,26531576,3,-3,0,0,0
4,1312,26541789,-142,-3397,7481,0,0
37,1312,26541856,-3486,61,298,16005,0
13,1313,26551688,-4,-11,3,0,0
4,1313,26561903,-140,-3406,7478,0,0
37,1313,26561943,-3486,61,299,16005,0
13,1314,26571722,-5,-9,5,0,0
4,1314,26581951,-142,-3402,7478,0,0
37,1314,26581992,-3486,61,299,16005,0
13,1315,26591919,4,-4,-2,0,0
4,1315,26602030,-130,-3402,7474,0,0
37,1315,26602070,-3485,61,299,16006,0
13,1316,26612005,7,-5,0,0,0
L,26614652,VALID,23.781,0.649,1
4,1316,26622125,-136,-3403,7476,0,0
37,1316,26622165,-3484,61,299,16006,0
13,1317,26632125,-5,-9,4,0,0
4,1317,26642337,-123,-3403,7481,0,0
37,1317,26642378,-3485,60,300,16006,0
13,1318,26652255,-14,-8,10,0,0
4,1318,26662302,-129,-3416,7466,0,0
37,1318,26662343,-3486,60,301,16005,0
13,1319,26672374,-12,-11,5,0,0
4,1319,26682548,-136,-3405,7459,0,0
37,1319,26682588,-3487,59,302,16005,0
13,1320,26692409,0,-20,5,0,0
4,1320,26702742,-122,-3418,7476,0,0
37,1320,26702783,-3486,56,303,16005,0
13,1321,26712615,7,-24,2,0,0
L,26715287,VALID,23.790,0.621,1
4,1321,26722797,-121,-3411,7477,0,0
37,1321,26722837,-3486,54,303,16005,0
13,1322,26732752,-4,-19,1,0,0
4,1322,26742733,-131,-3406,7473,0,0
37,1322,26742773,-3488,53,304,16005,0
13,1323,26752923,-19,-26,11,0,0
4,1323,26763028,-127,-3404,7483,0,0
37,1323,26763069,-3488,50,306,16005,0
13,1324,26772950,-11,-28,8,0,0
4,1324,26783043,-119,-3412,7475,0,0
37,1324,26783084,-3489,48,307,16005,0
13,1325,26793138,-22,-28,17,0,0
4,1325,26803331,-117,-3414,7465,0,0
37,1325,26803371,-3491,46,309,16004,0
13,1326,26813296,-17,-27,20,0,0
L,26816271,VALID,23.826,0.562,1
4,1326,26823357,-119,-3411,7468,0,0
37,1326,26823397,-3492,44,312,16004,0
13,1327,26833353,-9,-31,29,0,0
4,1327,26843441,-94,-3399,7469,0,0
37,1327,26843482,-3492,41,317,16004,0
13,1328,26853386,13,-49,72,0,0
4,1328,26863557,-124,-3444,7468,0,0
37,1328,26863598,-3491,40,323,16004,0
13,1329,26873525,22,-21,35,0,0
4,1329,26883781,-118,-3440,7457,0,0
37,1329,26883821,-3488,39,324,16004,0
13,1330,26893612,35,2,-2,0,0
4,1330,26903745,-110,-3417,7475,0,0
37,1330,26903786,-3485,40,323,16005,0
13,1331,26913886,39,10,-11,0,0
L,26916767,VALID,23.784,0.541,1
4,1331,26924001,-122,-3399,7479,0,0
37,1331,26924042,-3481,40,322,16006,0
13,1332,26934008,26,1,-8,0,0
4,1332,26943990,-111,-3404,7475,0,0
37,1332,26944031,-3479,41,322,16006,0
13,1333,26954085,32,2,2,0,0
4,1333,26964306,-110,-3402,7481,0,0
37,1333,26964346,-3476,41,322,16007,0
13,1334,26974186,35,3,-2,0,0
4,1334,26984210,-113,-3402,7472,0,0
37,1334,26984251,-3473,42,321,16008,0
13,1335,26994298,47,10,-11,0,0
4,1335,27004349,-119,-3383,7480,0,0
37,1335,27004390,-3468,42,320,16009,0
13,1336,27014410,42,3,-10,0,0
L,27017186,VALID,23.661,0.548,1
4,1336,27024513,-111,-3393,7484,0,0
37,1336,27024554,-3465,43,320,16010,0
13,1337,27034452,29,2,-2,0,0
4,1337,27044744,-115,-3390,7468,0,0
37,1337,27044785,-3462,42,320,16010,0
13,1338,27054642,35,-8,4,0,0
4,1338,27064727,-118,-3396,7483,0,0
37,1338,27064768,-3459,42,320,16011,0
13,1339,27074642,42,-9,6,0,0
4,1339,27084889,-122,-3385,7481,0,0
37,1339,27084929,-3455,42,321,16012,0
13,1340,27094942,44,-3,1,0,0
4,1340,27104967,-116,-3371,7493,0,0
37,1340,27105007,-3452,42,321,16012,0
13,1341,27115010,29,0,-1,0,0
L,27117666,VALID,23.548,0.547,1
4,1341,27125139,-110,-3382,7483,0,0
37,1341,27125180,-3450,42,321,16013,0
13,1342,27135131,24,-4,0,0,0
4,1342,27145207,-124,-3383,7481,0,0
37,1342,27145248,-3447,42,321,16013,0
13,1343,27155122,28,-5,0,0,0
4,1343,27165507,-109,-3378,7488,0,0
37,1343,27165548,-3445,41,321,16014,0
13,1344,27175329,29,-1,1,0,0
4,1344,27185464,-110,-3362,7489,0,0
37,1344,27185505,-3441,41,321,16015,0
13,1345,27195528,28,-6,2,0,0
4,1345,27205759,-113,-3368,7495,0,0
37,1345,27205799,-3439,41,322,16015,0
13,1346,27215656,28,-9,6,0,0
L,27218328,VALID,23.454,0.540,1
4,1346,27225786,-130,-3367,7495,0,0
37,1346,27225826,-3437,41,323,16016,0
13,1347,27235750,26,-7,6,0,0
4,1347,27245860,-119,-3368,7494,0,0
37,1347,27245901,-3435,40,323,16016,0
13,1348,27255844,27,0,0,0,0
4,1348,27265988,-112,-3361,7494,0,0
37,1348,27266028,-3432,40,323,16017,0
13,1349,27276008,25,3,-7,0,0
4,1349,27286185,-91,-3374,7476,0,0
37,1349,27286226,-3430,40,321,16017,0
13,1350,27296129,48,6,-31,0,0
4,1350,27306186,-102,-3361,7499,0,0
37,1350,27306254,-3425,41,318,16018,0
13,1351,27316205,48,4,-25,0,0
L,27319007,VALID,23.355,0.532,1
4,1351,27326337,-105,-3359,7499,0,0
37,1351,27326378,-3421,41,316,16019,0
13,1352,27336359,39,5,-23,0,0
4,1352,27346434,-144,-3337,7490,0,0
37,1352,27346475,-3418,41,314,16020,0
13,1353,27356427,22,3,-14,0,0
4,1353,27366677,-128,-3358,7500,0,0
37,1353,27366718,-3417,42,314,16020,0
13,1354,27376610,20,-2,-3,0,0
4,1354,27386720,-122,-3361,7482,0,0
37,1354,27386760,-3414,42,313,16021,0
13,1355,27396652,41,6,-6,0,0
4,1355,27406830,-123,-3326,7506,0,0
37,1355,27406870,-3410,42,312,16022,0
13,1356,27416927,36,13,-18,0,0
L,27419808,VALID,23.246,0.528,1
4,1356,27426963,-100,-3338,7510,0,0
37,1356,27427031,-3407,43,309,16022,0
13,1357,27436979,27,19,-34,0,0
4,1357,27447151,-126,-3337,7496,0,0
37,1357,27447191,-3405,45,306,16023,0
13,1358,27457071,40,6,-27,0,0
4,1358,27467259,-124,-3324,7513,0,0
37,1358,27467300,-3401,45,304,16024,0
13,1359,27477099,34,9,-24,0,0
4,1359,27487330,-110,-3323,7519,0,0
37,1359,27487370,-3399,45,302,16024,0
13,1360,27497288,12,3,-20,0,0
4,1360,27507311,-106,-3336,7505,0,0
37,1360,27507352,-3398,45,301,16024,0
13,1361,27517450,15,2,-12,0,0
L,27520227,VALID,23.162,0.531,1
4,1361,27527589,-103,-3332,7506,0,0
37,1361,27527629,-3397,45,299,16025,0
13,1362,27537554,21,5,-21,0,0
4,1362,27547579,-115,-3329,7520,0,0
37,1362,27547619,-3395,45,297,16025,0
13,1363,27557629,21,6,-20,0,0
4,1363,27567795,-117,-3322,7506,0,0
37,1363,27567835,-3393,45,295,16025,0
13,1364,27577907,20,3,-12,0,0
4,1364,27587914,-117,-3329,7513,0,0
37,1364,27587955,-3391,46,294,16026,0
13,1365,27597922,28,1,-10,0,0
4,1365,27608140,-111,-3318,7506,0,0
37,1365,27608181,-3389,45,294,16026,0
13,1366,27618027,19,1,-4,0,0
L,27620690,VALID,23.098,0.520,1
4,1366,27628059,-121,-3309,7517,0,0
37,1366,27628099,-3387,46,293,16027,0
13,1367,27638155,7,0,-3,0,0
4,1367,27648195,-109,-3322,7514,0,0
37,1367,27648236,-3387,46,293,16027,0
13,1368,27658275,9,-1,-3,0,0
4,1368,27668316,-103,-3322,7510,0,0
37,1368,27668356,-3385,46,293,16027,0
13,1369,27678378,26,2,-4,0,0
4,1369,27688585,-108,-3315,7521,0,0
37,1369,27688626,-3383,46,292,16028,0
13,1370,27698421,16,4,-11,0,0
4,1370,27708634,-115,-3319,7512,0,0
37,1370,27708675,-3382,47,292,16028,0
13,1371,27718653,8,4,-4,0,0
L,27721239,VALID,23.047,0.529,1
4,1371,27728765,-103,-3318,7506,0,0
37,1371,27728806,-3381,47,291,16028,0
13,1372,27738703,17,3,-5,0,0
4,1372,27748797,-122,-3312,7509,0,0
37,1372,27748838,-3380,47,290,16028,0
13,1373,27758859,12,2,-5,0,0
4,1373,27768959,-114,-3315,7520,0,0
37,1373,27769000,-3379,48,290,16028,0
13,1374,27779074,4,2,-4,0,0
4,1374,27789047,-117,-3311,7520,0,0
37,1374,27789087,-3379,48,290,16028,0
13,1375,27799143,0,0,0,0,0
4,1375,27809200,-103,-3312,7510,0,0
37,1375,27809268,-3379,48,290,16028,0
13,1376,27819134,0,3,-2,0,0
L,27821736,VALID,23.027,0.533,1
4,1376,27829323,-105,-3329,7505,0,0
37,1376,27829364,-3379,48,289,16028,0
13,1377,27839348,16,5,-8,0,0
4,1377,27849546,-106,-3329,7508,0,0
37,1377,27849586,-3377,49,288,16029,0
13,1378,27859409,27,12,-31,0,0
4,1378,27869520,-111,-3310,7508,0,0
37,1378,27869560,-3375,50,284,16029,0
13,1379,27879502,21,14,-35,0,0
4,1379,27889646,-99,-3317,7507,0,0
37,1379,27889687,-3373,50,280,16030,0
13,1380,27899657,32,19,-43,0,0
4,1380,27909749,-132,-3303,7521,0,0
37,1380,27909789,-3369,52,277,16031,0
13,1381,27919683,33,14,-34,0,0
L,27922554,VALID,22.954,0.540,1
4,1381,27930038,-125,-3299,7522,0,0
37,1381,27930079,-3367,52,274,16031,0
13,1382,27939925,29,4,-14,0,0
4,1382,27949984,-130,-3292,7528,0,0
37,1382,27950025,-3364,52,274,16032,0
13,1383,27960029,18,-2,-2,0,0
4,1383,27970207,-106,-3290,7534,0,0
37,1383,27970247,-3363,52,274,16032,0
13,1384,27980147,2,-1,0,0,0
4,1384,27990231,-113,-3303,7515,0,0
37,1384,27990272,-3363,52,274,16032,0
13,1385,28000276,10,1,-1,0,0
4,1385,28010438,-107,-3296,7517,0,0
37,1385,28010478,-3362,52,274,16032,0
13,1386,28020344,10,0,0,0,0
L,28022938,VALID,22.905,0.535,1
4,1386,28030429,-115,-3298,7520,0,0
37,1386,28030469,-3361,52,274,16033,0
13,1387,28040447,13,-5,3,0,0
4,1387,28050757,-119,-3304,7506,0,0
37,1387,28050798,-3360,52,274,16033,0
13,1388,28060586,29,-1,-1,0,0
4,1388,28070704,-108,-3308,7512,0,0
37,1388,28070745,-3356,52,273,16034,0
13,1389,28080619,50,7,-13,0,0
4,1389,28090994,-97,-3299,7521,0,0
37,1389,28091034,-3351,52,271,16035,0
13,1390,28100843,56,8,-32,0,0
4,1390,28110953,-122,-3269,7532,0,0
37,1390,28110994,-3347,53,269,16035,0
13,1391,28120945,25,1,-9,0,0
L,28123618,VALID,22.798,0.533,1
4,1391,28131100,-120,-3289,7537,0,0
37,1391,28131140,-3346,53,269,16036,0
13,1392,28141023,23,-2,0,0,0
4,1392,28151149,-106,-3284,7527,0,0
37,1392,28151190,-3343,52,269,16036,0
13,1393,28161186,30,-7,8,0,0
4,1393,28171330,-83,-3290,7519,0,0
37,1393,28171370,-3340,51,271,16037,0
13,1394,28181306,62,-13,21,0,0
4,1394,28191417,-104,-3304,7508,0,0
37,1394,28191485,-3332,51,273,16039,0
13,1395,28201340,127,-13,17,0,0
4,1395,28211684,-109,-3264,7540,0,0
37,1395,28211725,-3318,51,274,16041,0
13,1396,28221557,145,0,-5,0,0
L,28224314,VALID,22.591,0.523,1
4,1396,28231666,-138,-3228,7559,0,0
37,1396,28231707,-3308,51,273,16044,0
13,1397,28241649,88,4,-7,0,0
4,1397,28251785,-99,-3250,7548,0,0
37,1397,28251826,-3303,51,272,16045,0
13,1398,28261834,66,9,-19,0,0
4,1398,28271906,-114,-3238,7540,0,0
37,1398,28271947,-3296,52,269,16046,0
13,1399,28281847,65,15,-35,0,0
4,1399,28292017,-101,-3245,7532,0,0
37,1399,28292057,-3291,53,265,16047,0
13,1400,28302028,80,12,-38,0,0
4,1400,28312166,-113,-3245,7546,0,0
37,1400,28312206,-3283,53,263,16049,0
13,1401,28322218,120,3,-15,0,0
L,28325089,VALID,22.341,0.517,1
4,1401,28332399,-93,-3236,7546,0,0
37,1401,28332440,-3270,53,262,16052,0
13,1402,28342286,171,-5,7,0,0
4,1402,28352335,-115,-3200,7566,0,0
37,1402,28352376,-3254,54,263,16055,0
13,1403,28362292,174,0,3,0,0
4,1403,28372516,-129,-3178,7577,0,0
37,1403,28372556,-3240,54,263,16058,0
13,1404,28382449,128,4,-11,0,0
4,1404,28392576,-117,-3160,7582,0,0
37,1404,28392616,-3230,55,261,16060,0
13,1405,28402508,88,5,-16,0,0
4,1405,28412762,-104,-3170,7577,0,0
37,1405,28412802,-3224,54,260,16061,0
13,1406,28422776,65,0,-10,0,0
L,28425569,VALID,21.920,0.513,1
4,1406,28432809,-113,-3166,7576,0,0
37,1406,28432877,-3219,54,259,16062,0
13,1407,28442818,63,0,-6,0,0
4,1407,28452878,-88,-3171,7571,0,0
37,1407,28452918,-3213,53,259,16063,0
13,1408,28462937,77,-3,-6,0,0
4,1408,28473126,-88,-3169,7574,0,0
37,1408,28473166,-3205,53,258,16065,0
13,1409,28483065,102,-1,-6,0,0
4,1409,28493178,-104,-3149,7587,0,0
37,1409,28493218,-3196,53,258,16066,0
13,1410,28503135,94,-5,3,0,0
4,1410,28513132,-128,-3153,7588,0,0
37,1410,28513172,-3189,54,258,16068,0
13,1411,28523245,93,0,-8,0,0
L,28525927,VALID,21.670,0.506,1
4,1411,28533375,-123,-3141,7599,0,0
37,1411,28533416,-3180,54,257,16070,0
13,1412,28543347,92,2,-20,0,0
4,1412,28553442,-130,-3121,7599,0,0
37,1412,28553483,-3173,54,255,16071,0
13,1413,28563442,67,1,-10,0,0
4,1413,28573607,-107,-3125,7594,0,0
37,1413,28573648,-3168,53,255,16072,0
13,1414,28583469,61,2,-4,0,0
4,1414,28593622,-102,-3114,7585,0,0
37,1414,28593663,-3161,54,254,16073,0
13,1415,28603700,78,7,-14,0,0
4,1415,28613773,-97,-3099,7606,0,0
37,1415,28613814,-3155,54,252,16075,0
13,1416,28623786,61,6,-28,0,0
L,28626580,VALID,21.428,0.494,1
4,1416,28633838,-106,-3094,7609,0,0
37,1416,28633879,-3151,54,250,16076,0
13,1417,28643907,41,2,-14,0,0
4,1417,28654086,-128,-3100,7606,0,0
37,1417,28654126,-3147,55,249,16076,0
13,1418,28663924,40,2,0,0,0
4,1418,28674169,-107,-3103,7602,0,0
37,1418,28674209,-3144,54,249,16077,0
13,1419,28684095,50,0,-1,0,0
4,1419,28694205,-111,-3094,7597,0,0
37,1419,28694274,-3139,55,249,16078,0
13,1420,28704286,46,1,-2,0,0
4,1420,28714380,-94,-3090,7616,0,0
37,1420,28714420,-3136,55,249,16079,0
13,1421,28724383,20,2,-2,0,0
L,28727060,VALID,21.292,0.494,1
4,1421,28734604,-108,-3087,7606,0,0
37,1421,28734644,-3134,55,248,16079,0
13,1422,28744491,21,2,-7,0,0
4,1422,28754532,-116,-3088,7604,0,0
37,1422,28754572,-3132,55,248,16079,0
13,1423,28764568,28,0,-4,0,0
4,1423,28774781,-109,-3070,7619,0,0
37,1423,28774822,-3130,55,247,16080,0
13,1424,28784741,14,-2,-1,0,0
4,1424,28794780,-106,-3081,7610,0,0
37,1424,28794821,-3129,55,247,16080,0
13,1425,28804834,10,-1,0,0,0
4,1425,28815013,-102,-3084,7616,0,0
37,1425,28815054,-3129,55,247,16080,0
13,1426,28824921,5,1,0,0,0
L,28827435,VALID,21.243,0.491,1
4,1426,28835049,-104,-3087,7600,0,0
37,1426,28835090,-3128,55,247,16080,0
13,1427,28845084,22,2,-1,0,0
4,1427,28855193,-107,-3077,7616,0,0
37,1427,28855234,-3126,56,247,16080,0
13,1428,28865194,15,0,-1,0,0
4,1428,28875321,-100,-3089,7605,0,0
37,1428,28875361,-3125,56,247,16081,0
13,1429,28885333,21,1,0,0,0
4,1429,28895545,-99,-3080,7624,0,0
37,1429,28895586,-3123,56,247,16081,0
13,1430,28905367,29,2,-1,0,0
4,1430,28915526,-105,-3059,7619,0,0
37,1430,28915566,-3120,56,247,16082,0
13,1431,28925599,6,-1,-3,0,0
L,28928306,VALID,21.178,0.497,1
4,1431,28935693,-113,-3076,7613,0,0
37,1431,28935760,-3121,56,247,16081,0
13,1432,28945676,0,-3,3,0,0
4,1432,28955751,-110,-3076,7612,0,0
37,1432,28955792,-3120,56,247,16082,0
13,1433,28965764,23,0,0,0,0
4,1433,28976036,-100,-3078,7601,0,0
37,1433,28976076,-3118,56,247,16082,0
13,1434,28985831,36,4,-11,0,0
4,1434,28995992,-96,-3050,7620,0,0
37,1434,28996033,-3114,57,245,16083,0
13,1435,29005983,17,8,-30,0,0
4,1435,29016069,-117,-3059,7609,0,0
37,1435,29016109,-3114,57,244,16083,0
13,1436,29026171,14,0,1,0,0
L,29028768,VALID,21.136,0.499,1
4,1436,29036190,-110,-3079,7610,0,0
37,1436,29036230,-3113,58,244,16083,0
13,1437,29046233,26,0,0,0,0
4,1437,29056333,-105,-3069,7618,0,0
37,1437,29056373,-3110,58,243,16084,0
13,1438,29066302,28,3,-8,0,0
4,1438,29076404,-85,-3074,7611,0,0
37,1438,29076445,-3107,57,242,16084,0
13,1439,29086543,41,10,-27,0,0
4,1439,29096631,-103,-3051,7623,0,0
37,1439,29096671,-3103,58,239,16085,0
13,1440,29106593,38,13,-33,0,0
4,1440,29116654,-108,-3043,7623,0,0
37,1440,29116694,-3100,60,236,16086,0
13,1441,29126670,36,9,-26,0,0
L,29129456,VALID,21.036,0.507,1
4,1441,29136800,-113,-3055,7615,0,0
37,1441,29136841,-3097,59,234,16086,0
13,1442,29146801,34,0,-7,0,0
4,1442,29156789,-109,-3054,7630,0,0
37,1442,29156829,-3094,59,234,16087,0
13,1443,29166902,41,1,-1,0,0
4,1443,29176996,-108,-3055,7614,0,0
37,1443,29177036,-3089,59,234,16088,0
13,1444,29187024,77,2,-6,0,0
4,1444,29197072,-71,-3084,7613,0,0
37,1444,29197140,-3082,59,232,16089,0
13,1445,29207014,115,13,-42,0,0
4,1445,29217341,-91,-3045,7612,0,0
37,1445,29217382,-3069,60,226,16092,0
13,1446,29227280,163,24,-70,0,0
L,29230249,VALID,20.816,0.491,1
4,1446,29237376,-106,-3028,7627,0,0
37,1446,29237416,-3054,61,221,16095,0
13,1447,29247322,186,20,-56,0,0
4,1447,29257470,-123,-2959,7667,0,0
37,1447,29257510,-3039,63,216,16097,0
13,1448,29267478,137,8,-25,0,0
4,1448,29277434,-128,-2975,7648,0,0
37,1448,29277475,-3028,63,215,16100,0
13,1449,29287692,123,0,-8,0,0
4,1449,29297717,-95,-2961,7655,0,0
37,1449,29297758,-3018,62,215,16101,0
13,1450,29307735,109,-8,15,0,0
4,1450,29317753,-97,-2989,7646,0,0
37,1450,29317793,-3008,62,217,16103,0
13,1451,29327718,138,-8,19,0,0
L,29330589,VALID,20.383,0.487,1
4,1451,29337919,-103,-2979,7634,0,0
37,1451,29337959,-2994,62,218,16106,0
13,1452,29347984,193,-4,1,0,0
4,1452,29358052,-74,-2996,7634,0,0
37,1452,29358093,-2975,61,217,16109,0
13,1453,29368000,270,12,-61,0,0
4,1453,29378208,-60,-2967,7648,0,0
37,1453,29378249,-2946,63,204,16115,0
13,1454,29388113,351,47,-154,0,0
4,1454,29398208,-163,-2831,7719,0,0
37,1454,29398249,-2918,65,196,16120,0
13,1455,29408233,274,14,-42,0,0
4,1455,29418371,-122,-2859,7697,0,0
37,1455,29418412,-2897,65,194,16124,0
13,1456,29428250,252,5,-13,0,0
L,29431121,VALID,19.594,0.468,1
4,1456,29438508,-113,-2848,7701,0,0
37,1456,29438548,-2876,66,193,16128,0
13,1457,29448499,252,0,-6,0,0
4,1457,29458705,-108,-2848,7682,0,0
37,1457,29458745,-2852,66,192,16132,0
13,1458,29468587,303,4,-13,0,0
4,1458,29478741,-50,-2894,7647,0,0
37,1458,29478781,-2824,65,189,16137,0
13,1459,29488693,435,19,-111,0,0
4,1459,29498843,-153,-2683,7821,0,0
37,1459,29498883,-2777,68,178,16145,0
13,1460,29508860,450,0,-37,0,0
4,1460,29518911,-69,-2746,7696,0,0
37,1460,29518952,-2743,66,177,16151,0
13,1461,29528910,454,-9,-3,0,0
L,29531757,VALID,18.501,0.442,1
4,1461,29539119,-12,-2702,7732,0,0
37,1461,29539159,-2697,64,178,16159,0
13,1462,29549041,586,-25,28,0,0
4,1462,29559255,-70,-2659,7748,0,0
37,1462,29559323,-2642,64,182,16168,0
13,1463,29569126,619,-21,32,0,0
4,1463,29579324,-198,-2583,7807,0,0
37,1463,29579364,-2593,64,183,16176,0
13,1464,29589248,538,-14,-1,0,0
4,1464,29599444,-107,-2509,7844,0,0
37,1464,29599485,-2545,63,184,16183,0
13,1465,29609409,511,-25,34,0,0
4,1465,29619590,-114,-2516,7815,0,0
37,1465,29619631,-2506,61,187,16189,0
13,1466,29629531,469,-11,34,0,0
L,29632471,VALID,16.822,0.399,1
4,1466,29639617,-105,-2476,7827,0,0
37,1466,29639658,-2462,62,192,16196,0
13,1467,29649607,509,-12,25,0,0
4,1467,29659768,-109,-2407,7856,0,0
37,1467,29659808,-2419,62,189,16203,0
13,1468,29669744,465,20,-107,0,0
4,1468,29679770,-107,-2352,7873,0,0
37,1468,29679811,-2379,63,173,16209,0
13,1469,29689864,405,38,-159,0,0
4,1469,29700089,-112,-2334,7875,0,0
37,1469,29700130,-2347,65,162,16213,0
13,1470,29709934,357,38,-155,0,0
4,1470,29720243,-65,-2314,7863,0,0
37,1470,29720284,-2315,66,144,16218,0
13,1471,29730107,397,34,-143,0,0
L,29733159,VALID,15.473,0.375,1
4,1471,29740277,-78,-2221,7893,0,0
37,1471,29740318,-2273,67,139,16224,0
13,1472,29750232,448,-6,-7,0,0
4,1472,29760292,-80,-2250,7924,0,0
37,1472,29760332,-2248,66,141,16228,0
13,1473,29770448,219,-12,44,0,0
4,1473,29780611,-102,-2268,7872,0,0
37,1473,29780652,-2229,66,144,16230,0
13,1474,29790424,390,-10,28,0,0
4,1474,29800559,-13,-2156,7702,0,0
37,1474,29800599,-2157,66,145,16240,0
13,1475,29810629,1221,0,1,0,0
4,1475,29820793,-58,-2207,7857,0,0
37,1475,29820833,-2034,65,147,16256,0
13,1476,29830864,1496,-39,71,0,0
L,29833908,VALID,13.489,0.353,1
4,1476,29840882,-186,-2026,8055,0,0
37,1476,29840922,-1900,68,149,16272,0
13,1477,29850887,1256,-6,-21,0,0
4,1477,29861034,-74,-1784,7964,0,0
37,1477,29861075,-1821,66,150,16281,0
13,1478,29870877,1084,12,-80,0,0
4,1478,29881067,-25,-1686,7970,0,0
37,1478,29881108,-1688,68,136,16296,0
13,1479,29891041,1439,-1,-33,0,0
4,1479,29901222,-161,-1590,8197,0,0
37,1479,29901262,-1595,67,136,16305,0
13,1480,29911118,808,-18,0,0,0
4,1480,29921246,-99,-1598,8065,0,0
37,1480,29921286,-1541,67,141,16310,0
13,1481,29931350,625,-9,29,0,0
L,29934232,VALID,10.021,0.330,1
4,1481,29941560,-37,-1543,7942,0,0
37,1481,29941601,-1464,67,140,16317,0
13,1482,29951428,1085,-4,17,0,0
4,1482,29961436,-36,-1440,7891,0,0
37,1482,29961503,-1353,66,139,16327,0
13,1483,29971584,1611,-23,0,0,0
4,1483,29981789,-52,-1407,7997,0,0
37,1483,29981830,-1188,66,147,16340,0
13,1484,29991728,2013,-20,86,0,0
4,1484,30001745,-80,-1084,8172,0,0
37,1484,30001786,-1009,66,151,16352,0
13,1485,30011813,1917,-28,111,0,0
4,1485,30021905,-96,-918,8044,0,0
37,1485,30021945,-842,65,163,16361,0
13,1486,30031907,2030,-36,117,0,0
L,30035059,VALID,5.118,0.281,1
4,1486,30042066,-55,-752,8139,0,0
37,1486,30042106,-654,65,174,16369,0
13,1487,30052002,2140,-19,167,0,0
4,1487,30062218,-1,-635,8041,0,0
37,1487,30062259,-458,64,189,16376,0
13,1488,30072174,2483,-27,239,0,0
4,1488,30082263,-7,-484,7898,0,0
37,1488,30082304,-205,67,214,16381,0
13,1489,30092181,3286,-20,321,0,0
4,1489,30102474,-438,567,9396,0,0
37,1489,30102515,32,75,240,16382,0
13,1490,30112421,703,-10,99,0,0
4,1490,30122509,-27,-117,8014,0,0
37,1490,30122550,13,69,234,16382,0
13,1491,30132500,18,-7,-41,0,0
L,30135356,VALID,-0.867,0.248,1
4,1491,30142622,-77,-1,8226,0,0
37,1491,30142663,15,69,234,16382,0
13,1492,30152661,2,-3,2,0,0
4,1492,30162696,-72,-47,8200,0,0
37,1492,30162737,14,68,234,16382,0
13,1493,30172644,17,-5,-2,0,0
4,1493,30183068,-137,-205,8208,0,0
37,1493,30183108,12,69,228,16382,0
13,1494,30192801,11,-6,-199,0,0
4,1494,30202929,-126,-157,8215,0,0
37,1494,30202970,14,68,198,16382,0
13,1495,30213033,6,-9,-469,0,0
4,1495,30223173,-98,-103,8209,0,0
37,1495,30223213,14,67,146,16383,0
13,1496,30233134,0,-4,-634,0,0
L,30235983,VALID,-0.871,0.235,1
4,1496,30243248,-21,48,8212,0,0
37,1496,30243289,15,66,97,16383,0
13,1497,30253245,15,-4,-484,0,0
4,1497,30263378,-20,54,8202,0,0
37,1497,30263418,19,65,58,16383,0
13,1498,30273323,39,-8,-291,0,0
4,1498,30283445,550,1063,8176,0,0
37,1498,30283485,31,57,89,16383,0
13,1499,30293495,31,0,1482,0,0
4,1499,30303565,-572,-699,8228,0,0
37,1499,30303606,18,72,256,16381,0
13,1500,30313581,41,-2,1059,0,0
4,1500,30323643,-197,-268,8193,0,0
37,1500,30323683,28,63,269,16381,0
13,1501,30333667,20,-12,-29,0,0
L,30336654,VALID,-0.972,0.204,1
4,1501,30343873,-47,107,8201,0,0
37,1501,30343913,29,63,281,16381,0
13,1502,30353839,5,-4,238,0,0
4,1502,30363935,-78,-143,8203,0,0
37,1502,30363976,28,63,295,16381,0
13,1503,30373915,11,-6,42,0,0
4,1503,30384114,-53,31,8174,0,0
37,1503,30384154,30,63,300,16381,0
13,1504,30394053,13,-2,116,0,0
4,1504,30404164,-63,-76,8186,0,0
37,1504,30404205,30,62,309,16380,0
13,1505,30414122,8,1,49,0,0
4,1505,30424328,-53,-12,8177,0,0
37,1505,30424368,30,63,313,16380,0
13,1506,30434344,3,3,62,0,0
L,30436942,VALID,-0.988,0.204,1
4,1506,30444416,-63,-35,8207,0,0
37,1506,30444457,30,63,318,16380,0
13,1507,30454421,5,5,49,0,0
4,1507,30464546,-53,-14,8191,0,0
37,1507,30464586,31,63,323,16380,0
13,1508,30474509,1,2,50,0,0
4,1508,30484647,-62,-16,8197,0,0
37,1508,30484688,31,63,326,16380,0
13,1509,30494584,0,2,36,0,0
4,1509,30504844,-65,-20,8199,0,0
37,1509,30504884,30,64,330,16380,0
13,1510,30514716,0,0,31,0,0
4,1510,30524801,-68,-10,8188,0,0
37,1510,30524842,29,64,331,16380,0
13,1511,30534912,0,0,12,0,0
L,30537474,VALID,-0.981,0.211,1
4,1511,30545000,-76,-17,8197,0,0
37,1511,30545040,28,64,332,16380,0
13,1512,30555031,-1,2,23,0,0
4,1512,30565049,-76,-21,8200,0,0
37,1512,30565089,27,64,335,16380,0
13,1513,30575108,0,0,29,0,0
4,1513,30585359,-70,-30,8204,0,0
37,1513,30585400,27,64,338,16380,0
13,1514,30595336,0,0,26,0,0
4,1514,30605404,-60,-32,8200,0,0
37,1514,30605444,25,64,339,16380,0
13,1515,30615410,1,-1,9,0,0
4,1515,30625549,-48,-34,8201,0,0
37,1515,30625590,24,63,340,16380,0
13,1516,30635549,0,-2,5,0,0
L,30638145,VALID,-0.946,0.204,1
4,1516,30645611,-53,-27,8202,0,0
37,1516,30645651,23,63,340,16380,0
13,1517,30655651,0,2,7,0,0
4,1517,30665772,-42,-14,8191,0,0
37,1517,30665812,22,63,341,16380,0
13,1518,30675745,0,0,9,0,0
4,1518,30685813,-49,-9,8198,0,0
37,1518,30685853,21,62,342,16380,0
13,1519,30695865,1,1,9,0,0
4,1519,30705996,-54,-16,8217,0,0
37,1519,30706036,20,62,343,16380,0
13,1520,30715865,0,0,9,0,0
4,1520,30726149,-61,-14,8195,0,0
37,1520,30726189,19,62,344,16380,0
13,1521,30736132,0,2,11,0,0
L,30738729,VALID,-0.911,0.198,1
4,1521,30746325,-64,-18,8197,0,0
37,1521,30746365,18,63,344,16380,0
13,1522,30756218,0,2,9,0,0
4,1522,30766314,-79,-23,8212,0,0
37,1522,30766354,17,63,345,16380,0
13,1523,30776364,0,1,6,0,0
4,1523,30786408,-68,-24,8204,0,0
37,1523,30786448,16,63,346,16380,0
13,1524,30796622,0,1,8,0,0
4,1524,30806536,-63,-20,8201,0,0
37,1524,30806577,15,63,347,16380,0
13,1525,30816682,0,0,24,0,0
4,1525,30826733,-58,-14,8213,0,0
37,1525,30826801,15,63,350,16380,0
13,1526,30836595,1,-2,43,0,0
L,30839295,VALID,-0.884,0.205,1
4,1526,30846832,-57,-47,8198,0,0
37,1526,30846873,14,63,353,16380,0
13,1527,30856872,-1,-2,10,0,0
4,1527,30867054,-51,-15,8201,0,0
37,1527,30867094,13,62,353,16380,0
13,1528,30876966,0,1,6,0,0
4,1528,30887069,-45,-21,8195,0,0
37,1528,30887109,12,62,354,16380,0
13,1529,30897068,-1,2,3,0,0
4,1529,30907293,-39,-25,8205,0,0
37,1529,30907333,11,62,354,16380,0
13,1530,30917181,-6,4,7,0,0
4,1530,30927318,-42,-21,8185,0,0
37,1530,30927359,9,62,355,16380,0
13,1531,30937292,-10,8,7,0,0
L,30940001,VALID,-0.842,0.199,1
4,1531,30947544,-46,-18,8218,0,0
37,1531,30947612,8,62,356,16380,0
13,1532,30957603,-2,5,7,0,0
4,1532,30967614,-78,-27,8217,0,0
37,1532,30967654,7,63,356,16379,0
13,1533,30977628,0,2,12,0,0
4,1533,30987898,-73,-24,8204,0,0
37,1533,30987938,6,63,358,16379,0
13,1534,30997756,0,2,13,0,0
4,1534,31007852,-63,-32,8216,0,0
37,1534,31007892,5,63,359,16379,0
13,1535,31017928,1,0,15,0,0
4,1535,31028006,-59,-32,8206,0,0
37,1535,31028046,4,63,360,16379,0
13,1536,31037997,0,-1,18,0,0
L,31040689,VALID,-0.807,0.207,1
4,1536,31048102,-57,-27,8209,0,0
37,1536,31048143,3,63,362,16379,0
13,1537,31058099,0,0,15,0,0
4,1537,31068498,-52,-35,8199,0,0
37,1537,31068538,2,62,363,16379,0
13,1538,31078246,-2,0,11,0,0
4,1538,31088386,-35,-31,8193,0,0
37,1538,31088427,1,62,364,16379,0
13,1539,31098322,-2,2,7,0,0
4,1539,31108634,-28,-23,8189,0,0
37,1539,31108675,0,61,365,16379,0
13,1540,31118530,-2,2,6,0,0
4,1540,31128668,-32,-31,8192,0,0
37,1540,31128709,0,61,365,16379,0
13,1541,31138641,-4,4,3,0,0
L,31141238,VALID,-0.779,0.194,1
4,1541,31148854,-36,-26,8203,0,0
37,1541,31148895,-1,61,365,16379,0
13,1542,31158780,0,4,4,0,0
4,1542,31168909,-49,-24,8204,0,0
37,1542,31168949,-1,61,366,16379,0
13,1543,31178874,0,2,2,0,0
4,1543,31188993,-70,-25,8216,0,0
37,1543,31189034,-2,61,366,16379,0
13,1544,31199037,-1,5,4,0,0
4,1544,31209132,-60,-27,8208,0,0
37,1544,31209172,-3,61,367,16379,0
13,1545,31219113,-1,2,7,0,0
4,1545,31229511,-76,-39,8221,0,0
37,1545,31229552,-4,62,367,16379,0
13,1546,31239322,-1,0,6,0,0
L,31241900,VALID,-0.751,0.201,1
4,1546,31249444,-70,-18,8205,0,0
37,1546,31249484,-5,62,368,16379,0
13,1547,31259450,-1,0,8,0,0
4,1547,31269503,-66,-31,8211,0,0
37,1547,31269543,-6,62,368,16379,0
13,1548,31279682,0,-1,6,0,0
4,1548,31289690,-57,-25,8195,0,0
37,1548,31289731,-6,62,369,16379,0
13,1549,31299682,-1,-1,7,0,0
4,1549,31309880,-49,-35,8197,0,0
37,1549,31309920,-7,61,370,16379,0
13,1550,31319837,0,1,5,0,0
4,1550,31329974,-51,-24,8206,0,0
37,1550,31330041,-8,61,370,16379,0
13,1551,31340071,0,1,5,0,0
L,31342571,VALID,-0.723,0.195,1
4,1551,31350134,-40,-30,8216,0,0
37,1551,31350174,-8,61,371,16379,0
13,1552,31360155,0,0,4,0,0
4,1552,31370180,-42,-31,8196,0,0
37,1552,31370221,-9,60,371,16379,0
13,1553,31380120,0,1,5,0,0
4,1553,31390464,-49,-30,8193,0,0
37,1553,31390504,-10,60,372,16379,0
13,1554,31400312,0,1,6,0,0
4,1554,31410456,-67,-30,8210,0,0
37,1554,31410496,-10,60,372,16379,0
13,1555,31420396,0,1,5,0,0
4,1555,31430541,-80,-28,8214,0,0
37,1555,31430581,-11,61,373,16379,0
13,1556,31440661,0,2,6,0,0
L,31443181,VALID,-0.702,0.195,1
4,1556,31450724,-66,-28,8215,0,0
37,1556,31450791,-12,61,373,16379,0
13,1557,31460740,0,1,5,0,0
4,1557,31470810,-74,-23,8208,0,0
37,1557,31470850,-12,62,374,16379,0
13,1558,31480834,0,0,6,0,0
4,1558,31491022,-70,-20,8209,0,0
37,1558,31491063,-12,62,374,16379,0
13,1559,31500963,0,0,9,0,0
4,1559,31511047,-61,-30,8208,0,0
37,1559,31511088,-13,62,375,16379,0
13,1560,31521084,-1,-1,11,0,0
4,1560,31531075,-61,-32,8200,0,0
37,1560,31531115,-14,62,376,16379,0
13,1561,31541194,0,-1,6,0,0
L,31543791,VALID,-0.681,0.203,1
4,1561,31551394,-40,-30,8202,0,0
37,1561,31551434,-14,61,377,16379,0
13,1562,31561263,0,-2,3,0,0
4,1562,31571435,-39,-45,8196,0,0
37,1562,31571475,-15,60,377,16379,0
13,1563,31581426,0,0,3,0,0
4,1563,31591539,-49,-27,8201,0,0
37,1563,31591580,-15,60,377,16379,0
13,1564,31601442,-1,1,3,0,0
4,1564,31611640,-55,-37,8199,0,0
37,1564,31611681,-16,60,377,16379,0
13,1565,31621675,0,0,3,0,0
4,1565,31631823,-72,-18,8211,0,0
37,1565,31631863,-16,60,378,16379,0
13,1566,31641762,0,1,1,0,0
L,31644244,VALID,-0.667,0.189,1
4,1566,31651823,-59,-15,8214,0,0
37,1566,31651864,-16,60,378,16379,0
13,1567,31661916,0,1,1,0,0
4,1567,31672002,-64,-18,8199,0,0
37,1567,31672042,-17,60,378,16379,0
13,1568,31681932,-1,-2,0,0,0
4,1568,31692209,-58,-27,8199,0,0
37,1568,31692249,-17,60,378,16379,0
13,1569,31702087,-2,1,0,0,0
4,1569,31712339,-60,-25,8192,0,0
37,1569,31712379,-18,60,378,16379,0
13,1570,31722278,-1,0,0,0,0
4,1570,31732391,-45,-33,8201,0,0
37,1570,31732432,-19,60,378,16379,0
13,1571,31742405,-2,3,0,0,0
L,31744976,VALID,-0.646,0.190,1
4,1571,31752563,-44,-40,8219,0,0
37,1571,31752604,-20,60,378,16379,0
13,1572,31762536,-2,3,2,0,0
4,1572,31772578,-37,-38,8215,0,0
37,1572,31772619,-20,59,379,16379,0
13,1573,31782552,0,1,3,0,0
4,1573,31792853,-60,-31,8211,0,0
37,1573,31792893,-21,60,379,16379,0
13,1574,31802741,3,2,2,0,0
4,1574,31812807,-70,-36,8220,0,0
37,1574,31812847,-21,60,379,16379,0
13,1575,31822860,1,1,4,0,0
4,1575,31832998,-72,-32,8205,0,0
37,1575,31833065,-21,61,379,16379,0
13,1576,31842938,2,1,1,0,0
L,31845473,VALID,-0.632,0.197,1
4,1576,31853061,-68,-18,8203,0,0
37,1576,31853102,-21,61,379,16379,0
13,1577,31863136,2,0,0,0,0
4,1577,31873308,-65,-30,8210,0,0
37,1577,31873348,-21,61,380,16379,0
13,1578,31883196,2,-2,1,0,0
4,1578,31893333,-84,-31,8210,0,0
37,1578,31893373,-21,61,380,16379,0
13,1579,31903351,1,-5,0,0,0
4,1579,31913471,-71,-29,8211,0,0
37,1579,31913511,-22,61,380,16379,0
13,1580,31923405,-1,-6,2,0,0
4,1580,31933514,-54,-37,8212,0,0
37,1580,31933554,-22,60,380,16379,0
13,1581,31943607,-2,-7,1,0,0
L,31946300,VALID,-0.625,0.190,1
4,1581,31953810,-45,-35,8197,0,0
37,1581,31953851,-23,59,380,16379,0
13,1582,31963694,0,-5,1,0,0
4,1582,31973763,-40,-36,8192,0,0
37,1582,31973803,-23,58,380,16379,0
13,1583,31983771,0,-3,1,0,0
4,1583,31993954,-44,-34,8206,0,0
37,1583,31993994,-23,57,380,16379,0
13,1584,32003848,2,-2,1,0,0
4,1584,32014028,-42,-33,8202,0,0
37,1584,32014068,-24,57,380,16379,0
13,1585,32024003,0,-1,0,0,0
4,1585,32034149,-36,-16,8195,0,0
37,1585,32034189,-23,56,380,16379,0
13,1586,32044157,0,0,-1,0,0
L,32046762,VALID,-0.618,0.162,1
4,1586,32054194,-47,-19,8209,0,0
37,1586,32054234,-23,56,380,16379,0
13,1587,32064260,0,0,0,0,0
4,1587,32074310,-59,-15,8209,0,0
37,1587,32074350,-23,56,380,16379,0
13,1588,32084320,2,-1,1,0,0
4,1588,32094459,-72,-19,8216,0,0
37,1588,32094499,-23,56,381,16379,0
13,1589,32104553,0,0,3,0,0
4,1589,32114741,-58,-19,8210,0,0
37,1589,32114782,-22,56,381,16379,0
13,1590,32124631,1,0,9,0,0
4,1590,32134716,-72,-26,8205,0,0
37,1590,32134756,-22,57,382,16379,0
13,1591,32144699,1,-3,26,0,0
L,32147365,VALID,-0.625,0.169,1
4,1591,32154803,-56,-35,8209,0,0
37,1591,32154844,-23,56,386,16379,0
13,1592,32164854,0,-2,35,0,0
4,1592,32174844,-54,-43,8208,0,0
37,1592,32174885,-23,56,387,16379,0
13,1593,32184964,0,0,10,0,0
4,1593,32195075,-37,-35,8193,0,0
37,1593,32195116,-23,55,388,16379,0
13,1594,32205041,1,0,8,0,0
4,1594,32215178,-34,-23,8201,0,0
37,1594,32215218,-23,55,389,16379,0
13,1595,32225083,2,0,9,0,0
4,1595,32235341,-37,-28,8210,0,0
37,1595,32235382,-23,54,390,16379,0
13,1596,32245351,0,-1,6,0,0
L,32247930,VALID,-0.618,0.148,1
4,1596,32255430,-43,-5,8204,0,0
37,1596,32255471,-23,53,390,16379,0
13,1597,32265366,0,0,5,0,0
4,1597,32275557,-51,-6,8201,0,0
37,1597,32275598,-22,53,391,16379,0
13,1598,32285488,-1,3,4,0,0
4,1598,32295514,-53,-21,8213,0,0
37,1598,32295554,-22,54,391,16379,0
13,1599,32305729,-2,3,5,0,0
4,1599,32315712,-64,-20,8197,0,0
37,1599,32315752,-22,54,391,16379,0
13,1600,32325805,-3,2,1,0,0
4,1600,32335831,-68,-23,8211,0,0
37,1600,32335872,-23,55,392,16379,0
13,1601,32345761,-2,3,1,0,0
L,32348375,VALID,-0.618,0.155,1
4,1601,32356030,-61,-33,8215,0,0
37,1601,32356070,-23,56,392,16379,0
13,1602,32365987,-1,0,2,0,0
4,1602,32376115,-63,-38,8215,0,0
37,1602,32376155,-24,56,392,16379,0
13,1603,32386054,0,0,1,0,0
4,1603,32396184,-54,-27,8203,0,0
37,1603,32396224,-24,56,392,16379,0
13,1604,32406150,0,-1,2,0,0
4,1604,32416231,-47,-40,8205,0,0
37,1604,32416271,-25,55,392,16379,0
13,1605,32426217,-1,0,1,0,0
4,1605,32436448,-49,-28,8195,0,0
37,1605,32436489,-25,55,392,16379,0
13,1606,32446320,-1,-1,1,0,0
L,32449002,VALID,-0.604,0.156,1
4,1606,32456502,-45,-25,8200,0,0
37,1606,32456542,-25,55,393,16379,0
13,1607,32466491,-3,1,3,0,0
4,1607,32476623,-48,-11,8218,0,0
37,1607,32476664,-25,54,393,16379,0
13,1608,32486578,-1,2,0,0,0
4,1608,32496725,-64,-22,8216,0,0
37,1608,32496765,-25,55,393,16379,0
13,1609,32506680,-1,0,1,0,0
4,1609,32516862,-55,-27,8203,0,0
37,1609,32516902,-25,55,393,16379,0
13,1610,32526827,0,2,0,0,0
4,1610,32536878,-57,-32,8202,0,0
37,1610,32536918,-26,55,393,16379,0
13,1611,32546861,-2,1,1,0,0
L,32549447,VALID,-0.597,0.156,1
4,1611,32557042,-61,-22,8200,0,0
37,1611,32557083,-26,56,393,16379,0
13,1612,32566997,-1,1,2,0,0
4,1612,32577210,-64,-34,8212,0,0
37,1612,32577251,-26,56,394,16379,0
13,1613,32587117,0,2,7,0,0
4,1613,32597325,-57,5,8212,0,0
37,1613,32597365,-25,56,395,16379,0
13,1614,32607176,3,0,59,0,0
4,1614,32617418,-61,-66,8216,0,0
37,1614,32617459,-26,56,403,16378,0
13,1615,32627375,0,-3,49,0,0
4,1615,32637512,-52,-29,8200,0,0
37,1615,32637552,-27,56,404,16378,0
13,1616,32647495,0,0,6,0,0
L,32649996,VALID,-0.590,0.163,1
4,1616,32657575,-40,-20,8205,0,0
37,1616,32657616,-26,55,404,16378,0
13,1617,32667616,0,0,9,0,0
4,1617,32677838,-45,-13,8208,0,0
37,1617,32677878,-26,55,405,16378,0
13,1618,32687694,0,0,7,0,0
4,1618,32697769,-49,-16,8203,0,0
37,1618,32697809,-25,54,406,16378,0
13,1619,32707821,0,0,5,0,0
4,1619,32717994,-50,-25,8200,0,0
37,1619,32718035,-26,54,406,16378,0
13,1620,32727898,0,2,2,0,0
4,1620,32738199,-50,-25,8203,0,0
37,1620,32738239,-26,54,406,16378,0
13,1621,32748097,0,1,1,0,0
L,32750580,VALID,-0.597,0.149,1
4,1621,32758313,-53,-27,8202,0,0
37,1621,32758354,-26,54,407,16378,0
13,1622,32768218,-1,1,4,0,0
4,1622,32778217,-69,-23,8210,0,0
37,1622,32778258,-26,55,407,16378,0
13,1623,32788397,0,1,1,0,0
4,1623,32798475,-58,-20,8213,0,0
37,1623,32798515,-25,55,407,16378,0
13,1624,32808397,0,0,2,0,0
4,1624,32818534,-54,-22,8214,0,0
37,1624,32818574,-25,55,407,16378,0
13,1625,32828543,0,0,1,0,0
4,1625,32838803,-53,-22,8206,0,0
37,1625,32838843,-25,55,407,16378,0
13,1626,32848795,0,0,2,0,0
L,32851268,VALID,-0.604,0.156,1
4,1626,32858821,-53,-24,8196,0,0
37,1626,32858862,-25,54,408,16378,0
13,1627,32868828,-1,0,7,0,0
4,1627,32878912,-47,16,8208,0,0
37,1627,32878953,-24,54,409,16378,0
13,1628,32888842,2,0,65,0,0
4,1628,32899033,-53,-52,8208,0,0
37,1628,32899074,-25,54,417,16378,0
13,1629,32909007,0,-1,48,0,0
4,1629,32919265,-47,-33,8199,0,0
37,1629,32919305,-26,54,418,16378,0
13,1630,32929110,0,0,4,0,0
4,1630,32939246,-42,-35,8196,0,0
37,1630,32939286,-26,54,419,16378,0
13,1631,32949325,-1,2,6,0,0
L,32951922,VALID,-0.597,0.149,1
4,1631,32959421,-57,-23,8202,0,0
37,1631,32959489,-26,54,419,16378,0
13,1632,32969385,1,1,5,0,0
4,1632,32979429,-57,-20,8205,0,0
37,1632,32979469,-26,54,420,16378,0
13,1633,32989566,-1,2,4,0,0
4,1633,32999800,-64,-26,8213,0,0
37,1633,32999840,-26,55,420,16378,0
13,1634,33009652,0,0,1,0,0
4,1634,33019693,-53,-25,8206,0,0
37,1634,33019733,-26,55,420,16378,0
13,1635,33029755,0,0,2,0,0
4,1635,33039789,-57,-19,8220,0,0
37,1635,33039829,-26,55,420,16378,0
13,1636,33049875,1,2,1,0,0
L,33052384,VALID,-0.597,0.156,1
4,1636,33059979,-58,-12,8202,0,0
37,1636,33060019,-25,55,420,16378,0
13,1637,33069934,0,1,0,0,0
4,1637,33080217,-54,-22,8208,0,0
37,1637,33080257,-25,55,420,16378,0
13,1638,33090081,0,1,0,0,0
4,1638,33100158,-43,-14,8208,0,0
37,1638,33100199,-24,55,420,16378,0
13,1639,33110096,0,0,4,0,0
4,1639,33120312,-47,-1,8199,0,0
37,1639,33120353,-24,55,421,16378,0
13,1640,33130320,0,0,45,0,0
4,1640,33140372,-41,-17,8208,0,0
37,1640,33140412,-24,55,430,16378,0
13,1641,33150415,0,3,84,0,0
L,33153029,VALID,-0.612,0.156,1
4,1641,33160554,-54,-52,8214,0,0
37,1641,33160595,-24,55,432,16378,0
13,1642,33170527,-1,2,-1,0,0
4,1642,33180552,-48,-25,8203,0,0
37,1642,33180593,-25,55,432,16378,0
13,1643,33190493,-1,2,3,0,0
4,1643,33200834,-61,-29,8204,0,0
37,1643,33200875,-25,55,432,16378,0
13,1644,33210689,0,2,1,0,0
4,1644,33220774,-58,-19,8210,0,0
37,1644,33220814,-25,55,432,16378,0
13,1645,33230896,-1,0,1,0,0
4,1645,33241079,-59,-25,8212,0,0
37,1645,33241120,-25,56,432,16378,0
13,1646,33250965,-1,0,2,0,0
L,33253543,VALID,-0.605,0.163,1
4,1646,33261095,-64,-21,8208,0,0
37,1646,33261135,-25,56,433,16378,0
13,1647,33271076,-1,0,2,0,0
4,1647,33281180,-66,-22,8211,0,0
37,1647,33281220,-25,57,433,16378,0
13,1648,33291145,-1,0,1,0,0
4,1648,33301290,-62,-18,8199,0,0
37,1648,33301331,-25,57,433,16378,0
13,1649,33311273,0,0,4,0,0
4,1649,33321452,-53,-17,8208,0,0
37,1649,33321492,-24,57,433,16378,0
13,1650,33331367,-2,0,3,0,0
4,1650,33341427,-57,-15,8209,0,0
37,1650,33341467,-24,56,434,16378,0
13,1651,33351443,-2,-2,2,0,0
L,33354144,VALID,-0.612,0.163,1
4,1651,33361594,-48,-31,8209,0,0
37,1651,33361635,-25,56,434,16378,0
13,1652,33371667,-1,-1,3,0,0
4,1652,33381712,-48,-30,8198,0,0
37,1652,33381752,-25,55,434,16378,0
13,1653,33391693,0,-1,3,0,0
4,1653,33401909,-39,-23,8205,0,0
37,1653,33401949,-25,55,435,16378,0
13,1654,33411840,0,2,3,0,0
4,1654,33421943,-42,-35,8205,0,0
37,1654,33421983,-25,55,435,16378,0
13,1655,33431897,-1,0,1,0,0
4,1655,33442062,-46,-12,8204,0,0
37,1655,33442103,-25,54,435,16378,0
13,1656,33452113,-2,2,0,0,0
L,33454711,VALID,-0.605,0.149,1
4,1656,33462168,-63,-24,8210,0,0
37,1656,33462208,-25,55,435,16378,0
13,1657,33472156,-1,1,1,0,0
4,1657,33482330,-60,-21,8215,0,0
37,1657,33482371,-25,55,435,16378,0
13,1658,33492262,-3,-2,0,0,0
4,1658,33502443,-54,-25,8205,0,0
37,1658,33502483,-25,55,435,16378,0
13,1659,33512286,0,0,0,0,0
4,1659,33522500,-63,1,8207,0,0
37,1659,33522541,-25,55,435,16378,0
13,1660,33532465,-2,0,1,0,0
4,1660,33542492,-49,-24,8203,0,0
37,1660,33542532,-25,55,435,16378,0
13,1661,33552628,-2,0,0,0,0
L,33555208,VALID,-0.605,0.156,1
4,1661,33562785,-45,-17,8209,0,0
37,1661,33562826,-25,54,435,16378,0
13,1662,33572758,0,0,0,0,0
4,1662,33582739,-48,-18,8207,0,0
37,1662,33582779,-24,54,435,16378,0
13,1663,33592807,-1,1,0,0,0
4,1663,33602982,-53,-27,8209,0,0
37,1663,33603022,-25,54,435,16378,0
13,1664,33613077,-2,-2,0,0,0
4,1664,33623095,-50,-34,8209,0,0
37,1664,33623136,-25,54,435,16378,0
13,1665,33633118,-2,-1,0,0,0
4,1665,33643301,-42,-23,8208,0,0
37,1665,33643342,-25,53,435,16378,0
13,1666,33653231,-2,0,-1,0,0
L,33655913,VALID,-0.604,0.142,1
4,1666,33663309,-47,-21,8202,0,0
37,1666,33663349,-25,53,435,16378,0
13,1667,33673369,-3,0,0,0,0
4,1667,33683383,-64,-27,8201,0,0
37,1667,33683424,-26,53,435,16378,0
13,1668,33693496,-4,0,1,0,0
4,1668,33703531,-59,-24,8214,0,0
37,1668,33703571,-26,54,435,16378,0
13,1669,33713590,-1,0,0,0,0
4,1669,33723807,-54,-19,8203,0,0
37,1669,33723848,-26,53,435,16378,0
13,1670,33733616,-3,-1,0,0,0
4,1670,33743867,-59,-16,8218,0,0
37,1670,33743908,-26,53,435,16378,0
13,1671,33753883,-5,-3,0,0,0
L,33756558,VALID,-0.597,0.142,1
4,1671,33764007,-65,-16,8208,0,0
37,1671,33764047,-26,53,435,16378,0
13,1672,33773909,-8,-4,0,0,0
4,1672,33784021,-65,-33,8209,0,0
37,1672,33784062,-27,53,435,16378,0
13,1673,33794072,-5,-4,0,0,0
4,1673,33804158,-52,-25,8206,0,0
37,1673,33804198,-28,53,435,16378,0
13,1674,33814298,-8,-2,0,0,0
4,1674,33824261,-46,-31,8198,0,0
37,1674,33824301,-29,52,435,16378,0
13,1675,33834355,-5,-3,0,0,0
4,1675,33844381,-44,-36,8193,0,0
37,1675,33844421,-30,52,435,16378,0
13,1676,33854311,-5,0,2,0,0
L,33856907,VALID,-0.569,0.136,1
4,1676,33864495,-35,-33,8195,0,0
37,1676,33864536,-30,51,435,16378,0
13,1677,33874587,-5,-2,1,0,0
4,1677,33884770,-40,-10,8198,0,0
37,1677,33884810,-30,51,435,16378,0
13,1678,33894621,-1,0,-2,0,0
4,1678,33904726,-45,-16,8181,0,0
37,1678,33904766,-30,51,435,16378,0
13,1679,33914698,-2,2,0,0,0
4,1679,33924870,-51,-18,8203,0,0
37,1679,33924911,-29,51,435,16378,0
13,1680,33934862,2,3,1,0,0
4,1680,33944930,-56,-11,8216,0,0
37,1680,33944970,-28,51,435,16378,0
13,1681,33954895,1,3,0,0,0
L,33957387,VALID,-0.583,0.129,1
4,1681,33965242,-60,-21,8212,0,0
37,1681,33965282,-28,52,435,16378,0
13,1682,33975102,2,3,1,0,0
4,1682,33985240,-55,-22,8201,0,0
37,1682,33985281,-28,52,435,16378,0
13,1683,33995223,3,4,0,0,0
4,1683,34005413,-57,-36,8208,0,0
37,1683,34005454,-28,53,435,16378,0
13,1684,34015343,0,4,0,0,0
4,1684,34025437,-59,-39,8210,0,0
37,1684,34025478,-28,53,435,16378,0
13,1685,34035489,2,1,0,0,0
4,1685,34045661,-60,-43,8197,0,0
37,1685,34045702,-29,54,435,16378,0
13,1686,34055551,1,1,0,0,0
L,34058065,VALID,-0.577,0.150,1
4,1686,34065635,-53,-41,8208,0,0
37,1686,34065676,-29,54,435,16378,0
13,1687,34075651,1,1,1,0,0
4,1687,34085934,-58,-32,8209,0,0
37,1687,34086002,-29,54,435,16378,0
13,1688,34095789,0,3,2,0,0
4,1688,34105917,-49,-26,8207,0,0
37,1688,34105958,-29,54,436,16378,0
13,1689,34115865,-1,0,4,0,0
4,1689,34126202,-52,-6,8207,0,0
37,1689,34126243,-29,54,436,16378,0
13,1690,34136064,-2,0,1,0,0
4,1690,34146150,-51,-14,8213,0,0
37,1690,34146191,-28,54,436,16378,0
13,1691,34156158,-2,1,0,0,0
L,34158728,VALID,-0.584,0.150,1
4,1691,34166318,-63,-8,8223,0,0
37,1691,34166358,-28,54,436,16378,0
13,1692,34176287,-3,-1,0,0,0
4,1692,34186400,-49,-24,8209,0,0
37,1692,34186440,-28,53,436,16378,0
13,1693,34196372,-3,-2,0,0,0
4,1693,34206535,-54,-27,8201,0,0
37,1693,34206576,-28,53,436,16378,0
13,1694,34216510,-2,-3,0,0,0
4,1694,34226614,-61,-34,8217,0,0
37,1694,34226655,-29,53,436,16378,0
13,1695,34236595,-4,0,0,0,0
4,1695,34246932,-61,-33,8208,0,0
37,1695,34246973,-30,53,436,16378,0
13,1696,34256788,-4,-3,2,0,0
L,34259468,VALID,-0.569,0.143,1
4,1696,34266917,-41,-28,8203,0,0
37,1696,34266957,-30,53,436,16378,0
13,1697,34276966,-8,-1,0,0,0
4,1697,34287051,-42,-42,8203,0,0
37,1697,34287092,-31,52,436,16378,0
13,1698,34297148,-8,-1,0,0,0
4,1698,34307216,-47,-16,8203,0,0
37,1698,34307257,-32,52,436,16378,0
13,1699,34317181,-8,1,0,0,0
4,1699,34327317,-45,-21,8211,0,0
37,1699,34327357,-32,52,436,16378,0
13,1700,34337379,-11,0,0,0,0
4,1700,34347449,-42,-15,8216,0,0
37,1700,34347517,-33,51,436,16378,0
13,1701,34357577,-12,0,0,0,0
L,34360244,VALID,-0.548,0.130,1
4,1701,34367701,-53,-12,8207,0,0
37,1701,34367741,-33,51,436,16378,0
13,1702,34377613,-13,1,1,0,0
4,1702,34387716,-52,-23,8197,0,0
37,1702,34387756,-34,51,436,16378,0
13,1703,34397645,-13,3,3,0,0
4,1703,34407888,-59,-45,8209,0,0
37,1703,34407929,-36,52,436,16378,0
13,1704,34417818,-8,3,0,0,0
4,1704,34427995,-65,-31,8228,0,0
37,1704,34428036,-36,53,436,16378,0
13,1705,34437933,-11,4,1,0,0
4,1705,34448153,-69,-45,8204,0,0
37,1705,34448193,-38,54,436,16378,0
13,1706,34458187,-11,3,0,0,0
L,34460888,VALID,-0.514,0.152,1
4,1706,34468242,-55,-47,8184,0,0
37,1706,34468282,-39,54,436,16378,0
13,1707,34478264,-4,0,0,0,0
4,1707,34488256,-52,-39,8191,0,0
37,1707,34488324,-39,53,436,16378,0
13,1708,34498411,0,0,0,0,0
4,1708,34508557,-43,-36,8199,0,0
37,1708,34508598,-39,53,436,16378,0
13,1709,34518479,0,1,0,0,0
4,1709,34528626,-49,-31,8205,0,0
37,1709,34528667,-39,53,436,16378,0
13,1710,34538608,0,0,-1,0,0
4,1710,34548607,-53,-26,8210,0,0
37,1710,34548647,-38,53,436,16378,0
13,1711,34558720,0,-2,1,0,0
L,34561307,VALID,-0.514,0.145,1
4,1711,34568884,-58,-28,8212,0,0
37,1711,34568925,-38,53,436,16378,0
13,1712,34578762,0,0,1,0,0
4,1712,34588915,-67,-33,8207,0,0
37,1712,34588956,-38,53,436,16378,0
13,1713,34598933,0,0,0,0,0
4,1713,34609125,-58,-42,8212,0,0
37,1713,34609165,-38,53,436,16378,0
13,1714,34618951,0,0,0,0,0
4,1714,34629156,-50,-48,8211,0,0
37,1714,34629197,-39,53,436,16378,0
13,1715,34639173,0,1,1,0,0
4,1715,34649320,-59,-49,8213,0,0
37,1715,34649361,-39,53,437,16378,0
13,1716,34659295,0,0,1,0,0
L,34661804,VALID,-0.507,0.145,1
4,1716,34669356,-48,-45,8204,0,0
37,1716,34669397,-39,53,437,16378,0
13,1717,34679415,0,1,1,0,0
4,1717,34689575,-41,-36,8205,0,0
37,1717,34689616,-39,53,437,16378,0
13,1718,34699388,0,1,0,0,0
4,1718,34709697,-38,-31,8198,0,0
37,1718,34709738,-39,52,437,16378,0
13,1719,34719578,0,2,0,0,0
4,1719,34729766,-49,-31,8208,0,0
37,1719,34729806,-39,52,437,16378,0
13,1720,34739768,0,1,2,0,0
4,1720,34749916,-46,-22,8211,0,0
37,1720,34749956,-38,52,437,16378,0
13,1721,34759896,0,0,0,0,0
L,34762388,VALID,-0.513,0.138,1
4,1721,34770122,-50,-35,8197,0,0
37,1721,34770163,-38,52,437,16378,0
13,1722,34780061,0,2,1,0,0
4,1722,34790086,-54,-38,8210,0,0
37,1722,34790126,-38,52,437,16378,0
13,1723,34800094,0,2,-1,0,0
4,1723,34810300,-66,-37,8206,0,0
37,1723,34810341,-38,53,437,16378,0
13,1724,34820265,1,0,0,0,0
4,1724,34830333,-59,-44,8205,0,0
37,1724,34830374,-38,53,437,16378,0
13,1725,34840402,-1,-1,1,0,0
4,1725,34850533,-58,-54,8208,0,0
37,1725,34850574,-39,53,437,16378,0
13,1726,34860444,0,2,0,0,0
L,34862954,VALID,-0.507,0.145,1
4,1726,34870585,-45,-42,8203,0,0
37,1726,34870626,-39,53,437,16378,0
13,1727,34880619,-3,0,0,0,0
4,1727,34890711,-42,-34,8206,0,0
37,1727,34890751,-39,52,437,16378,0
13,1728,34900685,0,1,2,0,0
4,1728,34910815,-46,-34,8201,0,0
37,1728,34910855,-39,52,437,16378,0
13,1729,34920850,-1,1,2,0,0
4,1729,34931039,-50,-27,8210,0,0
37,1729,34931079,-39,52,437,16378,0
13,1730,34940866,1,1,1,0,0
4,1730,34951028,-47,-32,8205,0,0
37,1730,34951069,-38,52,437,16378,0
13,1731,34961090,1,1,1,0,0
L,34963608,VALID,-0.513,0.138,1
4,1731,34971202,-53,-35,8204,0,0
37,1731,34971270,-38,52,438,16378,0
13,1732,34981201,0,2,1,0,0
4,1732,34991227,-70,-45,8205,0,0
37,1732,34991268,-38,53,438,16378,0
13,1733,35001245,0,0,0,0,0
4,1733,35011520,-82,-55,8207,0,0
37,1733,35011561,-39,54,438,16378,0
13,1734,35021314,0,1,0,0,0
4,1734,35031457,-62,-49,8220,0,0
37,1734,35031498,-39,54,438,16378,0
13,1735,35041483,1,0,0,0,0
4,1735,35051518,-60,-42,8224,0,0
37,1735,35051559,-40,54,438,16377,0
13,1736,35061631,0,0,1,0,0
L,35064122,VALID,-0.500,0.152,1
4,1736,35071691,-52,-43,8203,0,0
37,1736,35071732,-40,54,438,16377,0
13,1737,35081706,1,0,0,0,0
4,1737,35091869,-51,-35,8204,0,0
37,1737,35091909,-39,54,438,16377,0
13,1738,35101793,2,0,1,0,0
4,1738,35111903,-48,-31,8212,0,0
37,1738,35111971,-39,54,438,16377,0
13,1739,35122070,3,3,0,0,0
4,1739,35132161,-45,-19,8201,0,0
37,1739,35132202,-38,54,438,16377,0
13,1740,35142137,2,3,1,0,0
4,1740,35152240,-38,-35,8191,0,0
37,1740,35152281,-38,53,438,16377,0
13,1741,35162206,3,3,0,0,0
L,35164697,VALID,-0.514,0.145,1
4,1741,35172337,-48,-48,8211,0,0
37,1741,35172377,-38,53,438,16377,0
13,1742,35182318,4,4,-1,0,0
4,1742,35192306,-55,-56,8209,0,0
37,1742,35192347,-38,54,438,16377,0
13,1743,35202419,4,2,0,0,0
4,1743,35212514,-64,-50,8202,0,0
37,1743,35212555,-38,54,438,16377,0
13,1744,35222532,4,4,1,0,0
4,1744,35232582,-67,-49,8216,0,0
37,1744,35232622,-38,55,438,16377,0
13,1745,35242547,3,4,-2,0,0
4,1745,35252883,-63,-35,8208,0,0
37,1745,35252923,-38,56,438,16377,0
13,1746,35262782,4,3,1,0,0
L,35265272,VALID,-0.514,0.166,1
4,1746,35272936,-67,-19,8200,0,0
37,1746,35272977,-37,57,438,16377,0
13,1747,35282849,4,3,0,0,0
4,1747,35293004,-58,-27,8199,0,0
37,1747,35293044,-36,57,438,16377,0
13,1748,35303022,6,6,0,0,0
4,1748,35313039,-46,-36,8191,0,0
37,1748,35313079,-35,57,438,16377,0
13,1749,35323262,9,7,0,0,0
4,1749,35333314,-42,-18,8190,0,0
37,1749,35333355,-34,58,438,16377,0
13,1750,35343279,9,13,0,0,0
4,1750,35353295,-40,-13,8206,0,0
37,1750,35353336,-33,58,438,16377,0
13,1751,35363268,8,10,0,0,0
L,35365865,VALID,-0.549,0.179,1
4,1751,35373496,-52,-36,8207,0,0
37,1751,35373537,-32,59,438,16377,0
13,1752,35383503,6,9,0,0,0
4,1752,35393640,-66,-39,8226,0,0
37,1752,35393680,-32,60,438,16377,0
13,1753,35403561,6,9,3,0,0
4,1753,35413778,-65,-46,8229,0,0
37,1753,35413818,-32,61,438,16377,0
13,1754,35423683,3,3,1,0,0
4,1754,35433777,-82,-46,8217,0,0
37,1754,35433818,-33,62,439,16377,0
13,1755,35443786,1,2,1,0,0
4,1755,35453904,-76,-36,8212,0,0
37,1755,35453945,-33,62,439,16377,0
13,1756,35463836,1,2,0,0,0
L,35466318,VALID,-0.550,0.207,1
4,1756,35474059,-74,-32,8200,0,0
37,1756,35474100,-32,63,439,16377,0
13,1757,35484042,5,1,0,0,0
4,1757,35494251,-65,-22,8201,0,0
37,1757,35494292,-32,63,439,16377,0
13,1758,35504165,2,0,0,0,0
4,1758,35514311,-61,-28,8209,0,0
37,1758,35514352,-31,63,439,16377,0
13,1759,35524274,4,1,0,0,0
4,1759,35534421,-54,-25,8210,0,0
37,1759,35534461,-31,63,439,16377,0
13,1760,35544439,3,1,1,0,0
4,1760,35554542,-48,-24,8195,0,0
37,1760,35554582,-30,63,439,16377,0
13,1761,35564490,0,5,-2,0,0
L,35567059,VALID,-0.571,0.213,1
4,1761,35574714,-39,-29,8199,0,0
37,1761,35574754,-30,62,439,16377,0
13,1762,35584618,1,2,0,0,0
4,1762,35594848,-55,-30,8207,0,0
37,1762,35594916,-30,62,439,16377,0
13,1763,35604730,3,4,0,0,0
4,1763,35614937,-65,-30,8216,0,0
37,1763,35614978,-30,62,439,16377,0
13,1764,35624815,3,3,0,0,0
4,1764,35635054,-68,-34,8207,0,0
37,1764,35635094,-30,63,439,16377,0
13,1765,35644989,1,2,0,0,0
4,1765,35655169,-75,-34,8199,0,0
37,1765,35655209,-30,64,439,16377,0
13,1766,35665099,4,4,0,0,0
L,35667599,VALID,-0.572,0.220,1
4,1766,35675187,-78,-20,8217,0,0
37,1766,35675228,-29,64,439,16377,0
13,1767,35685211,1,3,0,0,0
4,1767,35695357,-78,-18,8218,0,0
37,1767,35695397,-29,65,439,16377,0
13,1768,35705296,1,0,0,0,0
4,1768,35715364,-69,-11,8209,0,0
37,1768,35715404,-28,65,439,16377,0
13,1769,35725415,1,0,0,0,0
4,1769,35735650,-54,-14,8212,0,0
37,1769,35735690,-28,65,439,16377,0
13,1770,35745450,1,-2,0,0,0
4,1770,35755775,-47,-18,8188,0,0
37,1770,35755815,-27,64,439,16377,0
13,1771,35765667,0,4,0,0,0
L,35768166,VALID,-0.593,0.220,1
4,1771,35775812,-36,-27,8177,0,0
37,1771,35775853,-27,64,439,16377,0
13,1772,35785827,3,6,1,0,0
4,1772,35795837,-53,-24,8227,0,0
37,1772,35795877,-27,64,439,16377,0
13,1773,35805984,3,8,1,0,0
4,1773,35816148,-68,-30,8195,0,0
37,1773,35816188,-27,65,439,16377,0
13,1774,35825984,0,3,0,0,0
4,1774,35836085,-79,-21,8216,0,0
37,1774,35836126,-27,65,439,16377,0
13,1775,35846189,-1,3,0,0,0
4,1775,35856293,-81,-28,8225,0,0
37,1775,35856360,-27,66,439,16377,0
13,1776,35866336,0,2,0,0,0
L,35868819,VALID,-0.593,0.234,1
4,1776,35876416,-81,-34,8213,0,0
37,1776,35876457,-28,67,439,16377,0
13,1777,35886415,-2,0,0,0,0
4,1777,35896551,-87,-28,8221,0,0
37,1777,35896592,-28,67,439,16377,0
13,1778,35906438,0,-1,-2,0,0
4,1778,35916629,-92,-21,8217,0,0
37,1778,35916670,-28,68,439,16377,0
13,1779,35926550,0,-4,0,0,0
4,1779,35936764,-67,-14,8196,0,0
37,1779,35936804,-27,67,439,16377,0
13,1780,35946688,-1,-2,-2,0,0
4,1780,35956774,-61,-20,8208,0,0
37,1780,35956814,-27,67,439,16377,0
13,1781,35966919,0,-2,0,0,0
L,35969533,VALID,-0.593,0.241,1
4,1781,35977060,-46,-19,8200,0,0
37,1781,35977100,-27,66,439,16377,0
13,1782,35986945,1,-1,0,0,0
4,1782,35997014,-41,-29,8196,0,0
37,1782,35997055,-27,65,439,16377,0
13,1783,36007083,0,0,-1,0,0
4,1783,36017306,-40,-36,8220,0,0
37,1783,36017347,-27,65,438,16377,0
13,1784,36027246,0,4,-9,0,0
4,1784,36037263,-32,-58,8202,0,0
37,1784,36037304,-28,64,432,16378,0
13,1785,36047315,-3,0,-133,0,0
4,1785,36057436,-76,4,8188,0,0
37,1785,36057477,-27,65,426,16378,0
13,1786,36067425,3,1,5,0,0
L,36069935,VALID,-0.592,0.226,1
4,1786,36077547,-73,-34,8212,0,0
37,1786,36077587,-27,66,426,16378,0
13,1787,36087493,2,6,-1,0,0
4,1787,36097683,-88,-22,8221,0,0
37,1787,36097723,-27,67,426,16378,0
13,1788,36107692,2,0,0,0,0
4,1788,36117734,-99,-29,8225,0,0
37,1788,36117802,-27,67,427,16378,0
13,1789,36127673,2,0,1,0,0
4,1789,36137975,-82,-34,8220,0,0
37,1789,36138015,-27,68,427,16378,0
13,1790,36147941,0,-3,-1,0,0
4,1790,36157985,-78,-28,8223,0,0
37,1790,36158025,-27,68,427,16378,0
13,1791,36168028,-3,-7,0,0,0
L,36170684,VALID,-0.593,0.247,1
4,1791,36178132,-67,-16,8211,0,0
37,1791,36178173,-27,67,427,16378,0
13,1792,36188122,-2,-7,0,0,0
4,1792,36198216,-50,-23,8191,0,0
37,1792,36198256,-27,66,427,16378,0
13,1793,36208152,0,-6,0,0,0
4,1793,36218507,-39,-22,8212,0,0
37,1793,36218574,-27,65,427,16378,0
13,1794,36228328,-2,-3,2,0,0
4,1794,36238422,-44,-28,8193,0,0
37,1794,36238462,-27,64,427,16378,0
13,1795,36248508,-1,-1,2,0,0
4,1795,36258699,-43,-21,8194,0,0
37,1795,36258739,-27,63,427,16378,0
13,1796,36268671,-1,1,1,0,0
L,36271268,VALID,-0.592,0.212,1
4,1796,36278777,-42,-30,8214,0,0
37,1796,36278817,-27,63,427,16378,0
13,1797,36288809,0,0,0,0,0
4,1797,36298896,-73,-23,8195,0,0
37
# EXPERIMENT,lean
# cues_relative_to_first_VALID_reading_us
# PLANNED_CUE,0,CALIBRATED: keep upright for 5 seconds. Right lean is positive; nose-up pitch is positive.
# PLANNED_CUE,5000000,LEAN RIGHT about 25 degrees over 5 seconds, then hold.
# PLANNED_CUE,15000000,KEEP RIGHT LEAN: raise the front about 15 degrees over 5 seconds, then hold.
# PLANNED_CUE,25000000,KEEP RIGHT LEAN: return the front to level over 5 seconds, then hold.
# PLANNED_CUE,35000000,KEEP RIGHT LEAN: lower the front about 15 degrees over 5 seconds, then hold.
# PLANNED_CUE,45000000,RETURN UPRIGHT AND LEVEL over 5 seconds, then hold.
# PLANNED_CUE,55000000,LEAN LEFT about 25 degrees over 5 seconds, then hold.
# PLANNED_CUE,65000000,KEEP LEFT LEAN: raise the front about 15 degrees over 5 seconds, then hold.
# PLANNED_CUE,75000000,KEEP LEFT LEAN: return the front to level over 5 seconds, then hold.
# PLANNED_CUE,85000000,KEEP LEFT LEAN: lower the front about 15 degrees over 5 seconds, then hold.
# PLANNED_CUE,95000000,RETURN UPRIGHT AND LEVEL over 5 seconds; leave still until finished.
