Bootloader starting
NRF_POWER->GPREGRET2 = 0004
CONFIG_GPIO_AS_PINRESET NOT defined
BHI260/BHA260 found. Product ID read 89
Loading firmware. Boot status: 11
No BHY UPDATE file found!
No ANNA_UPDATE_FILE found. Starting main application
Ä$≈ÖçïÅthe box still. Send s to capture 5 s startup + 30 s stationary data.
# NICLA_DIAGNOSTIC_V1
# Arduino_BHY2=1.0.8; corrected counts; no orientation or BLE output
# configuration_read_attempts=3
# CONFIG,phase,sensor_id,rate_hz,latency_ms,range,sensitivity
# startup_us=5000000,duration_us=35000000
# host_us is delivery time; hardware timestamps and upstream loss are not exposed
sensor_id,sequence,host_us,x_counts,y_counts,z_counts
# CONFIG_READ_FAILURE,phase=start,sensor_id=4,attempt=1,status=-5,bytes=4,expected_bytes=12
# CONFIG,start,4,100.000,0,4,0
# CONFIG,start,13,100.000,0,1000,0
4,1,135398,-8265,-143,672
4,2,138136,-8263,-142,679
13,1,138158,15,-18,-11
4,3,138183,-8236,-153,662
13,2,138205,14,-18,-11
4,4,138228,-8303,-159,673
13,3,138250,12,-23,-15
4,5,145372,-8287,-162,666
13,4,145394,13,-14,-13
4,6,156701,-8252,-155,654
13,5,156723,14,-16,-13
4,7,164726,-8283,-142,645
13,6,164748,14,-12,-15
4,8,174863,-8285,-145,658
13,7,174885,13,-18,-15
4,9,184873,-8275,-153,664
13,8,184895,11,-23,-13
4,10,194992,-8268,-147,655
13,9,195014,12,-22,-15
4,11,204891,-8280,-148,651
13,10,204913,11,-21,-15
4,12,215027,-8282,-153,667
13,11,215049,13,-22,-13
4,13,225100,-8280,-167,667
13,12,225122,15,-27,-16
4,14,235206,-8289,-168,685
13,13,235229,12,-27,-14
4,15,245205,-8263,-156,673
13,14,245227,12,-23,-15
4,16,255271,-8262,-145,674
13,15,255293,11,-21,-16
4,17,265305,-8269,-145,694
13,16,265327,14,-18,-16
4,18,275523,-8269,-153,680
13,17,275545,13,-11,-15
4,19,285403,-8263,-164,672
13,18,285425,14,-8,-14
4,20,295559,-8273,-147,673
13,19,295582,14,-12,-14
4,21,305622,-8284,-162,667
13,20,305644,12,-19,-15
4,22,315699,-8286,-159,662
13,21,315721,14,-18,-12
4,23,325705,-8285,-149,674
13,22,325727,14,-18,-13
4,24,335826,-8278,-155,679
13,23,335848,13,-23,-13
4,25,345859,-8262,-164,668
13,24,345881,10,-27,-14
4,26,356082,-8267,-168,665
13,25,356104,13,-30,-14
4,27,366010,-8265,-150,661
13,26,366032,13,-22,-13
4,28,376038,-8272,-146,657
13,27,376060,12,-18,-14
4,29,386093,-8273,-162,663
13,28,386115,12,-8,-16
4,30,396250,-8273,-153,656
13,29,396299,12,0,-13
4,31,406199,-8282,-154,655
13,30,406221,12,0,-12
4,32,416319,-8291,-155,657
13,31,416341,11,-2,-17
4,33,426332,-8297,-139,650
13,32,426354,11,-14,-17
4,34,436525,-8287,-152,650
13,33,436547,13,-26,-17
4,35,446492,-8280,-164,660
13,34,446514,15,-34,-16
4,36,456562,-8293,-155,658
13,35,456584,11,-35,-15
4,37,466621,-8274,-150,663
13,36,466643,11,-31,-13
4,38,476710,-8270,-151,662
13,37,476732,12,-21,-12
4,39,486805,-8282,-149,665
13,38,486826,13,-20,-13
4,40,496794,-8275,-168,672
13,39,496816,13,-21,-12
4,41,506812,-8274,-152,676
13,40,506834,14,-19,-12
4,42,517020,-8257,-159,673
13,41,517042,13,-19,-12
4,43,527047,-8278,-158,678
13,42,527069,13,-12,-13
4,44,537070,-8274,-145,667
13,43,537092,13,-12,-14
4,45,547143,-8271,-149,666
13,44,547165,11,-16,-14
4,46,557284,-8279,-152,669
13,45,557306,13,-19,-15
4,47,567240,-8278,-156,663
13,46,567262,12,-23,-17
4,48,577293,-8287,-145,672
13,47,577315,13,-30,-15
4,49,587398,-8276,-144,652
13,48,587420,12,-36,-15
4,50,597525,-8272,-150,660
13,49,597546,11,-35,-15
4,51,607459,-8273,-147,673
13,50,607481,9,-29,-14
4,52,617482,-8272,-152,674
13,51,617504,11,-26,-14
4,53,627626,-8272,-155,671
13,52,627648,12,-21,-12
4,54,637706,-8283,-145,662
13,53,637728,13,-21,-14
4,55,647737,-8276,-149,649
13,54,647759,0,0,1
4,56,657728,-8282,-148,656
13,55,657750,-1,-5,1
4,57,667936,-8260,-153,666
13,56,667958,-2,-10,0
4,58,678002,-8273,-159,654
13,57,678024,0,-2,2
4,59,688011,-8275,-167,657
13,58,688033,0,3,1
4,60,698051,-8272,-155,672
13,59,698073,-1,4,0
4,61,708118,-8282,-154,681
13,60,708140,0,3,0
4,62,718215,-8276,-168,664
13,61,718237,-1,-1,2
4,63,728200,-8281,-164,656
13,62,728222,0,-1,2
4,64,738288,-8272,-160,673
13,63,738310,0,-2,1
4,65,748330,-8264,-155,663
13,64,748352,1,-4,1
4,66,758556,-8265,-154,668
13,65,758578,0,-9,1
4,67,768577,-8279,-151,662
13,66,768626,0,-10,1
4,68,778522,-8271,-150,672
13,67,778544,-1,-7,0
4,69,788657,-8275,-143,671
13,68,788679,0,-4,0
4,70,798721,-8269,-147,683
13,69,798743,0,-2,0
4,71,808858,-8273,-175,677
13,70,808880,1,4,2
4,72,818824,-8274,-156,667
13,71,818846,-1,9,0
4,73,828932,-8268,-145,659
13,72,828954,0,11,0
4,74,839073,-8265,-160,656
13,73,839095,0,9,1
4,75,849031,-8282,-166,663
13,74,849053,0,11,1
4,76,859082,-8286,-146,666
13,75,859104,0,5,2
4,77,869174,-8290,-158,645
13,76,869196,0,-2,2
4,78,879254,-8273,-163,662
13,77,879276,0,-9,2
4,79,889240,-8271,-161,662
13,78,889262,1,-6,1
4,80,899335,-8275,-160,663
13,79,899357,1,-2,0
4,81,909492,-8272,-159,676
13,80,909514,-1,3,0
4,82,919600,-8266,-167,663
13,81,919622,0,6,-2
4,83,929490,-8273,-153,666
13,82,929512,0,7,0
4,84,939643,-8285,-154,669
13,83,939665,-1,11,2
4,85,949619,-8283,-154,677
13,84,949641,1,14,2
4,86,959774,-8278,-155,659
13,85,959796,1,9,1
4,87,969784,-8273,-154,667
13,86,969806,0,7,0
4,88,979789,-8263,-158,673
13,87,979811,-1,2,0
4,89,989910,-8279,-154,664
13,88,989932,1,-1,1
4,90,1000072,-8267,-156,653
13,89,1000094,1,-7,0
4,91,1010056,-8271,-144,662
13,90,1010078,-2,-4,-1
4,92,1020101,-8271,-151,668
13,91,1020123,-1,-1,0
4,93,1030184,-8276,-156,659
13,92,1030233,0,6,0
4,94,1040252,-8280,-152,665
13,93,1040274,0,10,-1
4,95,1050411,-8269,-154,663
13,94,1050433,1,5,2
4,96,1060408,-8278,-151,664
13,95,1060430,-2,13,0
4,97,1070479,-8265,-156,671
13,96,1070501,0,12,1
4,98,1080598,-8275,-174,656
13,97,1080620,1,8,2
4,99,1090553,-8271,-156,657
13,98,1090575,1,7,0
4,100,1100634,-8277,-159,666
13,99,1100656,0,8,1
4,101,1110693,-8279,-162,660
13,100,1110714,0,11,2
4,102,1120807,-8279,-156,663
13,101,1120829,0,0,1
4,103,1130815,-8278,-157,650
13,102,1130837,1,-7,2
4,104,1140967,-8269,-160,657
13,103,1140989,0,-8,0
4,105,1150988,-8273,-163,667
13,104,1151038,0,-4,2
4,106,1161137,-8263,-152,672
13,105,1161159,-2,-5,2
4,107,1171165,-8170,-167,666
13,106,1171190,1,0,0
4,108,1181155,-8170,-173,667
13,107,1181177,0,5,1
4,109,1191179,-8170,-154,647
13,108,1191201,2,13,0
4,110,1201307,-8183,-151,659
13,109,1201329,0,15,0
4,111,1211383,-8181,-154,657
13,110,1211405,0,9,0
4,112,1221469,-8185,-162,659
13,111,1221491,1,8,0
4,113,1231454,-8172,-153,652
13,112,1231476,3,4,4
4,114,1241630,-8182,-160,646
13,113,1241652,0,3,1
4,115,1251524,-8174,-158,663
13,114,1251546,-1,0,1
4,116,1261623,-8175,-160,660
13,115,1261644,0,0,-1
4,117,1271720,-8163,-162,658
13,116,1271742,1,5,0
4,118,1281739,-8169,-159,650
13,117,1281788,0,5,0
4,119,1291917,-8191,-166,653
13,118,1291939,0,4,0
4,120,1301855,-8192,-162,651
13,119,1301877,1,3,1
4,121,1312012,-8166,-162,652
13,120,1312034,0,0,0
4,122,1322142,-8170,-163,653
13,121,1322164,0,-1,0
4,123,1332069,-8192,-158,646
13,122,1332091,0,5,0
4,124,1342129,-8184,-156,647
13,123,1342151,1,5,0
4,125,1352189,-8162,-162,655
13,124,1352211,2,-3,0
4,126,1362226,-8175,-161,651
13,125,1362248,0,1,3
4,127,1372317,-8181,-162,657
13,126,1372339,1,-2,3
4,128,1382383,-8175,-155,662
13,127,1382405,0,0,1
4,129,1392439,-8180,-157,661
13,128,1392461,1,-4,3
4,130,1402627,-8198,-156,651
13,129,1402649,-1,-4,1
4,131,1412624,-8185,-144,646
13,130,1412646,-1,-8,-1
4,132,1422585,-8165,-150,652
13,131,1422607,-1,-8,-1
4,133,1432703,-8166,-148,654
13,132,1432725,1,-10,2
4,134,1442815,-8172,-157,657
13,133,1442837,0,-6,2
4,135,1452783,-8184,-155,656
13,134,1452805,0,-2,1
4,136,1462940,-8187,-156,653
13,135,1462962,-1,1,0
4,137,1472978,-8189,-164,656
13,136,1473000,1,0,1
4,138,1483097,-8175,-157,656
13,137,1483119,0,-2,2
4,139,1493086,-8177,-157,662
13,138,1493108,1,-6,2
4,140,1503224,-8177,-165,663
13,139,1503246,1,-8,-1
4,141,1513271,-8184,-159,655
13,140,1513293,-1,-9,0
4,142,1523411,-8176,-164,655
13,141,1523433,0,-8,1
4,143,1533339,-8180,-158,656
13,142,1533389,0,-7,2
4,144,1543436,-8179,-154,660
13,143,1543458,0,0,1
4,145,1553519,-8181,-155,656
13,144,1553541,0,5,2
4,146,1563601,-8180,-167,649
13,145,1563623,-1,10,1
4,147,1573626,-8173,-165,661
13,146,1573648,1,5,1
4,148,1583683,-8186,-167,652
13,147,1583705,1,2,1
4,149,1593754,-8189,-149,664
13,148,1593776,0,4,0
4,150,1603846,-8174,-161,669
13,149,1603868,0,1,1
4,151,1613884,-8174,-163,653
13,150,1613906,0,0,2
4,152,1623958,-8180,-143,645
13,151,1623980,0,0,1
4,153,1634033,-8175,-142,656
13,152,1634055,0,-6,2
4,154,1644176,-8186,-146,661
13,153,1644226,0,-10,1
4,155,1654136,-8185,-155,656
13,154,1654158,0,-12,0
4,156,1664224,-8180,-157,648
13,155,1664246,0,-10,-1
4,157,1674300,-8178,-159,670
13,156,1674322,4,-10,0
4,158,1684328,-8183,-162,648
13,157,1684350,1,-6,1
4,159,1694429,-8169,-154,650
13,158,1694451,0,2,0
4,160,1704510,-8168,-154,661
13,159,1704532,0,5,1
4,161,1714527,-8175,-153,650
13,160,1714549,0,4,1
4,162,1724678,-8191,-159,659
13,161,1724700,1,1,1
4,163,1734605,-8181,-160,662
13,162,1734627,2,3,2
4,164,1744721,-8178,-165,651
13,163,1744743,1,-2,3
4,165,1754785,-8165,-157,656
13,164,1754807,0,-7,1
4,166,1764915,-8161,-155,662
13,165,1764937,0,-10,-1
4,167,1774929,-8170,-163,671
13,166,1774951,0,-6,0
4,168,1784941,-8174,-165,662
13,167,1784963,-1,-2,1
4,169,1795104,-8175,-156,659
13,168,1795126,0,0,0
4,170,1805251,-8170,-158,665
13,169,1805273,0,1,1
4,171,1815214,-8160,-145,652
13,170,1815236,-1,2,1
4,172,1825270,-8168,-154,654
13,171,1825292,-1,2,2
4,173,1835264,-8185,-168,669
13,172,1835286,-1,2,0
4,174,1845410,-8181,-164,659
13,173,1845432,0,2,0
4,175,1855536,-8179,-159,661
13,174,1855558,0,0,0
4,176,1865514,-8183,-153,662
13,175,1865536,-2,-3,0
4,177,1875587,-8187,-142,664
13,176,1875609,-1,-5,2
4,178,1885729,-8179,-156,661
13,177,1885751,0,-3,1
4,179,1895713,-8181,-152,667
13,178,1895734,1,-1,0
4,180,1905829,-8173,-158,660
13,179,1905851,0,1,2
4,181,1915864,-8184,-157,665
13,180,1915886,1,4,3
4,182,1925969,-8173,-160,659
13,181,1925991,0,3,0
4,183,1935991,-8166,-158,648
13,182,1936013,0,0,1
4,184,1946072,-8179,-154,662
13,183,1946094,2,0,0
4,185,1956129,-8182,-153,664
13,184,1956151,0,-2,0
4,186,1966333,-8172,-168,648
13,185,1966355,0,-3,3
4,187,1976267,-8181,-169,657
13,186,1976289,0,-7,0
4,188,1986316,-8177,-167,661
13,187,1986338,0,-10,0
4,189,1996358,-8186,-156,654
13,188,1996380,0,-8,-2
4,190,2006486,-8180,-152,665
13,189,2006507,0,-10,-1
4,191,2016511,-8163,-161,662
13,190,2016533,0,-9,-1
4,192,2026572,-8155,-163,654
13,191,2026594,1,0,0
4,193,2036593,-8174,-159,661
13,192,2036615,2,15,2
4,194,2046844,-8175,-156,664
13,193,2046866,1,20,2
4,195,2056813,-8171,-157,665
13,194,2056835,0,19,1
4,196,2066876,-8190,-162,665
13,195,2066898,0,18,0
4,197,2076906,-8183,-176,654
13,196,2076928,0,17,1
4,198,2086983,-8185,-160,653
13,197,2087005,-1,10,2
4,199,2097056,-8183,-158,666
13,198,2097077,-1,4,1
4,200,2107099,-8180,-153,659
13,199,2107121,0,-1,2
4,201,2117211,-8175,-157,656
13,200,2117233,0,-4,0
4,202,2127276,-8181,-146,652
13,201,2127298,1,-4,0
4,203,2137377,-8184,-159,659
13,202,2137399,0,-4,1
4,204,2147384,-8165,-161,656
13,203,2147406,-1,0,1
4,205,2157397,-8172,-166,662
13,204,2157419,-1,3,0
4,206,2167564,-8186,-167,646
13,205,2167586,-1,8,-1
4,207,2177617,-8185,-149,653
13,206,2177639,0,7,0
4,208,2187689,-8188,-149,659
13,207,2187711,0,5,0
4,209,2197738,-8184,-165,654
13,208,2197760,1,2,-1
4,210,2207871,-8179,-163,658
13,209,2207893,0,-3,0
4,211,2217827,-8171,-161,650
13,210,2217849,0,-2,1
4,212,2227937,-8170,-157,653
13,211,2227959,0,-2,0
4,213,2237903,-8172,-154,660
13,212,2237925,0,0,0
4,214,2248060,-8172,-159,661
13,213,2248082,0,1,0
4,215,2258093,-8171,-165,667
13,214,2258115,0,-1,0
4,216,2268106,-8182,-151,665
13,215,2268128,0,0,0
4,217,2278243,-8171,-157,664
13,216,2278265,-1,-2,-3
4,218,2288412,-8163,-161,670
13,217,2288434,0,2,0
4,219,2298356,-8175,-156,662
13,218,2298378,-1,10,2
4,220,2308444,-8179,-170,658
13,219,2308466,0,11,1
4,221,2318571,-8182,-155,663
13,220,2318593,0,7,0
4,222,2328541,-8190,-168,654
13,221,2328563,0,6,1
4,223,2338619,-8180,-154,653
13,222,2338641,0,0,0
4,224,2348698,-8185,-159,642
13,223,2348720,-1,-4,0
4,225,2358842,-8180,-164,648
13,224,2358864,0,-8,0
4,226,2368975,-8179,-166,670
13,225,2368997,0,-6,0
4,227,2378856,-8182,-163,665
13,226,2378878,0,-4,1
4,228,2389037,-8181,-160,658
13,227,2389059,-3,-1,0
4,229,2399084,-8180,-159,641
13,228,2399106,0,4,0
4,230,2409196,-8175,-159,654
13,229,2409218,0,1,0
4,231,2419224,-8175,-157,654
13,230,2419246,-1,0,1
4,232,2429296,-8171,-161,652
13,231,2429318,-3,2,0
4,233,2439447,-8170,-161,647
13,232,2439469,-1,3,0
4,234,2449509,-8177,-156,660
13,233,2449531,0,5,0
4,235,2459424,-8179,-158,655
13,234,2459446,1,6,1
4,236,2469564,-8174,-161,669
13,235,2469586,1,10,0
4,237,2479663,-8181,-165,659
13,236,2479685,1,9,1
4,238,2489729,-8170,-156,660
13,237,2489751,0,1,1
4,239,2499817,-8168,-165,646
13,238,2499839,-1,-4,0
4,240,2509864,-8166,-155,657
13,239,2509886,0,-8,2
4,241,2519870,-8167,-158,660
13,240,2519891,0,-7,1
4,242,2530117,-8163,-166,666
13,241,2530139,-1,0,-1
4,243,2540064,-8159,-167,653
13,242,2540086,0,6,0
4,244,2550176,-8165,-153,662
13,243,2550198,0,5,0
4,245,2560246,-8174,-160,657
13,244,2560268,0,3,-1
4,246,2570387,-8187,-159,663
13,245,2570409,0,2,-1
4,247,2580374,-8187,-150,652
13,246,2580396,0,0,0
4,248,2590503,-8179,-149,663
13,247,2590525,0,-3,-1
4,249,2600478,-8169,-152,655
13,248,2600500,-1,-1,0
4,250,2610745,-8187,-173,651
13,249,2610767,1,-8,-3
4,251,2620638,-8183,-156,659
13,250,2620660,0,-13,0
4,252,2630679,-8170,-163,655
13,251,2630701,0,-4,0
4,253,2640784,-8173,-170,655
13,252,2640805,0,1,0
4,254,2650898,-8173,-164,658
13,253,2650948,0,1,1
4,255,2660947,-8165,-174,654
13,254,2660969,0,5,0
4,256,2671075,-8173,-161,655
13,255,2671097,1,6,1
4,257,2681084,-8180,-164,656
13,256,2681106,0,6,0
4,258,2691232,-8177,-163,646
13,257,2691254,1,4,0
4,259,2701209,-8179,-165,658
13,258,2701231,0,4,0
4,260,2711238,-8168,-155,661
13,259,2711259,0,1,0
4,261,2721378,-8173,-162,669
13,260,2721399,0,2,2
4,262,2731444,-8177,-158,675
13,261,2731466,0,1,1
4,263,2741524,-8171,-153,655
13,262,2741546,0,-1,0
4,264,2751514,-8182,-165,652
13,263,2751536,-1,3,0
4,265,2761641,-8173,-148,651
13,264,2761663,0,7,0
4,266,2771838,-8171,-159,664
13,265,2771860,0,9,2
4,267,2781753,-8187,-156,649
13,266,2781775,-1,8,1
4,268,2791844,-8188,-160,658
13,267,2791866,0,5,0
4,269,2801876,-8180,-155,651
13,268,2801898,-1,4,-1
4,270,2812003,-8188,-159,660
13,269,2812025,1,5,-1
4,271,2822000,-8182,-172,664
13,270,2822022,2,1,-3
4,272,2832096,-8158,-164,661
13,271,2832118,0,1,0
4,273,2842106,-8172,-159,653
13,272,2842128,0,0,2
4,274,2852321,-8180,-179,661
13,273,2852343,1,1,-1
4,275,2862300,-8174,-163,647
13,274,2862321,0,1,-3
4,276,2872354,-8172,-155,652
13,275,2872376,0,-3,0
4,277,2882481,-8170,-162,659
13,276,2882503,2,-5,4
4,278,2892526,-8171,-164,657
13,277,2892548,1,-4,1
4,279,2902545,-8187,-167,667
13,278,2902567,0,-7,0
4,280,2912659,-8180,-159,670
13,279,2912681,1,-3,0
4,281,2922733,-8172,-157,663
13,280,2922755,0,-1,-1
4,282,2932895,-8175,-167,673
13,281,2932917,1,0,1
4,283,2942867,-8179,-162,665
13,282,2942889,1,0,-2
4,284,2952885,-8162,-155,663
13,283,2952907,0,0,0
4,285,2962956,-8179,-159,658
13,284,2962978,1,3,3
4,286,2973062,-8178,-168,648
13,285,2973084,0,0,0
4,287,2983080,-8176,-156,658
13,286,2983102,-1,-7,-1
4,288,2993205,-8179,-158,653
13,287,2993227,0,-10,0
4,289,3003221,-8186,-162,667
13,288,3003243,0,-11,0
4,290,3013309,-8174,-159,657
13,289,3013331,0,-7,0
4,291,3023350,-8174,-163,647
13,290,3023372,-2,-3,1
4,292,3033410,-8176,-157,661
13,291,3033459,-1,1,1
4,293,3043567,-8170,-164,658
13,292,3043589,0,5,1
4,294,3053612,-8169,-168,652
13,293,3053634,0,10,0
4,295,3063637,-8176,-150,655
13,294,3063659,0,12,1
4,296,3073702,-8183,-159,657
13,295,3073724,0,11,0
4,297,3083798,-8192,-158,653
13,296,3083820,3,1,0
4,298,3093885,-8181,-153,651
13,297,3093907,2,-8,0
4,299,3103888,-8172,-161,656
13,298,3103909,-1,-12,-1
4,300,3113925,-8180,-161,653
13,299,3113947,0,-16,-1
4,301,3124080,-8172,-147,655
13,300,3124102,0,-21,-3
4,302,3134104,-8173,-157,659
13,301,3134126,0,-19,-1
4,303,3144085,-8175,-158,671
13,302,3144107,0,-15,-1
4,304,3154207,-8179,-162,668
13,303,3154229,-1,-7,0
4,305,3164285,-8161,-164,665
13,304,3164307,-3,-2,1
4,306,3174461,-8166,-162,668
13,305,3174483,0,5,0
4,307,3184410,-8169,-158,664
13,306,3184432,1,9,1
4,308,3194489,-8174,-169,664
13,307,3194511,0,10,1
4,309,3204536,-8171,-162,668
13,308,3204558,0,5,0
4,310,3214642,-8176,-165,669
13,309,3214664,0,0,-2
4,311,3224659,-8180,-167,674
13,310,3224681,0,-4,-3
4,312,3234715,-8182,-162,662
13,311,3234737,0,-8,-1
4,313,3244818,-8189,-159,671
13,312,3244840,0,-5,0
4,314,3254935,-8175,-151,666
13,313,3254957,-2,-4,-1
4,315,3264879,-8161,-160,653
13,314,3264901,-1,-2,-1
4,316,3274969,-8159,-171,663
13,315,3274990,0,5,1
4,317,3285042,-8182,-164,666
13,316,3285092,-1,12,1
4,318,3295243,-8179,-162,657
13,317,3295265,-1,19,0
4,319,3305212,-8184,-153,661
13,318,3305234,0,14,-2
4,320,3315313,-8178,-162,659
13,319,3315335,0,5,-2
4,321,3325384,-8187,-165,644
13,320,3325406,0,1,0
4,322,3335526,-8203,-155,660
13,321,3335548,1,-3,-2
4,323,3345460,-8179,-154,662
13,322,3345482,0,-11,0
4,324,3355533,-8163,-161,663
13,323,3355555,-1,-14,0
4,325,3365679,-8170,-163,658
13,324,3365701,0,-11,0
4,326,3375730,-8176,-158,656
13,325,3375752,-2,-3,0
4,327,3385764,-8180,-168,668
13,326,3385786,-1,5,0
4,328,3395851,-8184,-162,675
13,327,3395873,0,5,0
4,329,3405859,-8177,-158,670
13,328,3405880,-1,4,0
4,330,3416068,-8165,-162,659
13,329,3416090,0,4,0
4,331,3426088,-8168,-154,651
13,330,3426110,0,1,0
4,332,3436102,-8173,-149,652
13,331,3436124,2,0,0
4,333,3446156,-8186,-152,652
13,332,3446178,0,-3,0
4,334,3456232,-8179,-162,668
13,333,3456254,1,0,0
4,335,3466270,-8171,-175,668
13,334,3466291,2,1,0
4,336,3476337,-8182,-170,666
13,335,3476359,0,3,-1
4,337,3486399,-8174,-163,667
13,336,3486421,0,1,0
4,338,3496631,-8177,-158,666
13,337,3496653,0,0,0
4,339,3506561,-8180,-164,661
13,338,3506583,-1,3,-1
4,340,3516653,-8187,-148,657
13,339,3516675,-1,2,0
4,341,3526705,-8184,-149,652
13,340,3526727,-1,0,1
4,342,3536879,-8193,-154,661
13,341,3536901,0,-7,0
4,343,3546840,-8183,-150,662
13,342,3546862,0,-9,0
4,344,3556877,-8162,-152,652
13,343,3556899,1,-10,2
4,345,3567053,-8179,-154,662
13,344,3567075,2,-7,2
4,346,3577128,-8174,-165,676
13,345,3577150,0,-1,0
4,347,3587099,-8172,-167,667
13,346,3587121,0,4,0
4,348,3597130,-8189,-165,665
13,347,3597152,-1,6,1
4,349,3607240,-8179,-159,670
13,348,3607262,0,8,0
4,350,3617410,-8177,-162,665
13,349,3617432,0,8,-1
4,351,3627355,-8169,-166,657
13,350,3627377,-3,5,-1
4,352,3637454,-8168,-174,663
13,351,3637476,1,-1,0
4,353,3647536,-8179,-153,676
13,352,3647558,1,-9,0
4,354,3657720,-8175,-157,676
13,353,3657742,0,-9,0
4,355,3667709,-8167,-157,675
13,354,3667731,-1,-10,-2
4,356,3677778,-8154,-158,671
13,355,3677800,-1,-6,0
4,357,3687775,-8177,-166,663
13,356,3687797,0,2,2
4,358,3697926,-8178,-168,655
13,357,3697948,2,4,2
4,359,3708004,-8168,-151,666
13,358,3708026,0,4,0
4,360,3718050,-8186,-155,656
13,359,3718072,0,1,0
4,361,3728055,-8176,-157,668
13,360,3728077,2,3,0
4,362,3738283,-8165,-159,663
13,361,3738305,1,6,2
4,363,3748251,-8182,-160,657
13,362,3748273,0,3,0
4,364,3758263,-8181,-156,664
13,363,3758284,0,3,0
4,365,3768378,-8184,-160,668
13,364,3768400,0,3,1
4,366,3778575,-8166,-161,663
13,365,3778597,-1,-2,0
4,367,3788621,-8165,-156,658
13,366,3788643,1,-2,-1
4,368,3798622,-8191,-150,666
13,367,3798644,0,-1,0
4,369,3808703,-8194,-159,667
13,368,3808725,0,-4,0
4,370,3818786,-8178,-168,651
13,369,3818808,0,-8,0
4,371,3828788,-8171,-168,643
13,370,3828810,0,-3,0
4,372,3838896,-8172,-176,665
13,371,3838918,0,0,-1
4,373,3848885,-8165,-169,671
13,372,3848907,0,1,0
4,374,3859104,-8174,-170,675
13,373,3859126,0,2,1
4,375,3869034,-8175,-157,670
13,374,3869056,-1,4,0
4,376,3879158,-8179,-156,669
13,375,3879180,0,9,1
4,377,3889290,-8168,-146,665
13,376,3889312,1,12,0
4,378,3899420,-8181,-159,662
13,377,3899442,0,8,-1
4,379,3909421,-8182,-165,667
13,378,3909443,-1,2,0
4,380,3919450,-8194,-172,664
13,379,3919472,0,2,0
4,381,3929471,-8174,-160,659
13,380,3929493,0,-3,2
4,382,3939621,-8170,-152,665
13,381,3939643,0,-6,1
4,383,3949662,-8201,-155,659
13,382,3949684,1,-7,-1
4,384,3959693,-8177,-154,668
13,383,3959715,2,-5,0
4,385,3969763,-8177,-158,669
13,384,3969785,0,-5,1
4,386,3979939,-8169,-165,663
13,385,3979961,0,-6,0
4,387,3989830,-8148,-156,665
13,386,3989852,-1,-2,0
4,388,3999989,-8164,-150,658
13,387,4000011,-1,5,0
4,389,4010034,-8181,-144,661
13,388,4010056,1,11,1
4,390,4020094,-8176,-153,656
13,389,4020116,2,13,0
4,391,4030262,-8183,-167,642
13,390,4030284,-2,9,0
4,392,4040261,-8173,-172,663
13,391,4040283,0,9,1
4,393,4050354,-8181,-165,675
13,392,4050376,2,8,0
4,394,4060508,-8182,-163,661
13,393,4060530,0,2,-1
4,395,4070530,-8167,-167,659
13,394,4070552,0,-1,0
4,396,4080605,-8162,-159,652
13,395,4080627,2,1,-1
4,397,4090684,-8191,-153,657
13,396,4090706,1,0,0
4,398,4100719,-8178,-164,677
13,397,4100741,1,2,-1
4,399,4110775,-8178,-165,656
13,398,4110797,0,4,-1
4,400,4120852,-8172,-162,662
13,399,4120874,0,0,1
4,401,4130861,-8176,-162,653
13,400,4130883,0,-5,0
4,402,4141083,-8183,-162,662
13,401,4141105,0,0,0
4,403,4151041,-8174,-155,663
13,402,4151062,0,0,0
4,404,4161151,-8165,-153,661
13,403,4161173,0,-3,0
4,405,4171220,-8165,-162,664
13,404,4171242,-1,-2,2
4,406,4181302,-8180,-161,661
13,405,4181324,1,3,2
4,407,4191376,-8194,-159,662
13,406,4191398,0,8,0
4,408,4201422,-8175,-162,657
13,407,4201444,0,10,1
4,409,4211481,-8176,-161,655
13,408,4211503,0,9,0
4,410,4221630,-8179,-162,659
13,409,4221652,0,4,0
4,411,4231581,-8173,-165,660
13,410,4231603,-1,-5,0
4,412,4241658,-8174,-171,655
13,411,4241680,0,-13,0
4,413,4251685,-8176,-154,657
13,412,4251707,0,-14,0
4,414,4261844,-8176,-152,664
13,413,4261866,1,-17,-2
4,415,4271934,-8178,-164,651
13,414,4271956,1,-14,0
4,416,4281946,-8174,-165,666
13,415,4281967,-1,-9,-2
4,417,4292053,-8175,-160,666
13,416,4292075,0,-3,0
4,418,4302177,-8168,-167,659
13,417,4302199,0,0,0
4,419,4312188,-8178,-164,664
13,418,4312210,-1,5,-1
4,420,4322264,-8172,-164,660
13,419,4322286,0,10,0
4,421,4332295,-8168,-161,653
13,420,4332317,0,11,1
4,422,4342409,-8185,-155,659
13,421,4342431,0,10,1
4,423,4352395,-8191,-153,663
13,422,4352417,1,7,0
4,424,4362502,-8177,-159,670
13,423,4362524,0,1,1
4,425,4372614,-8168,-158,659
13,424,4372636,-1,-3,0
4,426,4382745,-8171,-162,654
13,425,4382767,0,-4,0
4,427,4392723,-8180,-161,672
13,426,4392745,-1,-4,0
4,428,4402754,-8185,-159,663
13,427,4402776,-2,-2,0
4,429,4412849,-8171,-164,664
13,428,4412898,0,-3,0
4,430,4423035,-8175,-162,657
13,429,4423057,0,-1,0
4,431,4433007,-8188,-166,665
13,430,4433029,1,-8,-1
4,432,4443098,-8174,-174,653
13,431,4443120,0,-9,1
4,433,4453147,-8191,-170,650
13,432,4453169,-1,-9,0
4,434,4463306,-8179,-156,663
13,433,4463328,-1,-12,-1
4,435,4473279,-8180,-159,670
13,434,4473301,0,-13,-1
4,436,4483352,-8173,-157,669
13,435,4483373,1,-13,-1
4,437,4493441,-8170,-158,670
13,436,4493463,1,-10,-1
4,438,4503521,-8173,-160,661
13,437,4503543,-1,-5,0
4,439,4513552,-8174,-150,661
13,438,4513574,-1,3,0
4,440,4523610,-8189,-149,654
13,439,4523632,0,9,-4
4,441,4533787,-8176,-165,659
13,440,4533809,-1,-3,-3
4,442,4543908,-8172,-170,669
13,441,4543930,1,0,0
4,443,4553863,-8179,-167,669
13,442,4553885,0,1,0
4,444,4563889,-8179,-154,669
13,443,4563911,0,0,1
4,445,4574003,-8166,-159,668
13,444,4574025,0,1,1
4,446,4584119,-8165,-165,677
13,445,4584141,0,0,1
4,447,4594128,-8175,-151,671
13,446,4594150,-2,1,2
4,448,4604147,-8167,-159,661
13,447,4604169,0,4,1
4,449,4614282,-8173,-160,667
13,448,4614304,0,4,0
4,450,4624448,-8180,-165,663
13,449,4624470,0,6,0
4,451,4634458,-8186,-160,664
13,450,4634479,0,10,-1
4,452,4644498,-8176,-160,667
13,451,4644520,0,3,2
4,453,4654539,-8186,-162,666
13,452,4654561,1,-5,2
4,454,4664717,-8167,-157,667
13,453,4664739,0,-8,1
4,455,4674735,-8159,-165,663
13,454,4674757,0,-6,2
4,456,4684830,-8174,-169,669
13,455,4684852,0,-5,-1
4,457,4694848,-8166,-163,663
13,456,4694870,2,-1,0
4,458,4705088,-8178,-167,657
13,457,4705110,0,1,3
4,459,4714997,-8180,-170,676
13,458,4715019,0,2,1
4,460,4725033,-8179,-156,671
13,459,4725055,0,3,-1
4,461,4735170,-8172,-157,669
13,460,4735192,0,0,-1
4,462,4745276,-8178,-171,673
13,461,4745298,-1,0,4
4,463,4755332,-8185,-163,677
13,462,4755354,0,0,2
4,464,4765369,-8183,-163,671
13,463,4765391,0,-2,1
4,465,4775443,-8167,-171,659
13,464,4775465,0,-3,0
4,466,4785653,-8165,-166,668
13,465,4785675,0,-2,0
4,467,4795633,-8177,-180,668
13,466,4795655,0,-6,0
4,468,4805647,-8170,-168,674
13,467,4805669,-1,0,-1
4,469,4815766,-8167,-159,672
13,468,4815788,0,3,0
4,470,4825867,-8164,-161,655
13,469,4825888,1,0,1
4,471,4835864,-8183,-162,668
13,470,4835886,0,2,-1
4,472,4845979,-8183,-171,665
13,471,4846000,-1,4,1
4,473,4856038,-8174,-171,665
13,472,4856060,0,5,3
4,474,4866163,-8184,-158,668
13,473,4866185,0,0,0
4,475,4876187,-8182,-154,676
13,474,4876209,0,-3,-2
4,476,4886313,-8174,-156,653
13,475,4886335,0,0,0
4,477,4896266,-8183,-154,656
13,476,4896288,0,1,0
4,478,4906435,-8181,-161,658
13,477,4906484,2,0,2
4,479,4916523,-8174,-174,662
13,478,4916545,2,0,1
4,480,4926641,-8159,-165,669
13,479,4926663,0,3,0
4,481,4936668,-8168,-162,676
13,480,4936690,-1,4,0
4,482,4946763,-8177,-153,670
13,481,4946785,-1,5,2
4,483,4956852,-8182,-154,662
13,482,4956874,0,0,1
4,484,4966873,-8178,-166,679
13,483,4966895,0,-2,0
4,485,4976917,-8177,-160,671
13,484,4976939,1,-2,1
4,486,4987072,-8169,-183,678
13,485,4987094,1,-6,0
4,487,4997091,-8173,-169,678
13,486,4997113,0,-6,-1
4,488,5007249,-8172,-163,668
13,487,5007271,0,-3,2
4,489,5017250,-8166,-166,675
13,488,5017272,0,0,2
4,490,5027385,-8181,-168,670
13,489,5027434,0,0,1
4,491,5037412,-8175,-169,667
13,490,5037462,0,2,-1
4,492,5047574,-8193,-173,667
13,491,5047596,0,0,0
4,493,5057602,-8167,-164,665
13,492,5057624,0,3,0
4,494,5067737,-8174,-162,665
13,493,5067759,-1,-1,0
4,495,5077749,-8183,-160,662
13,494,5077771,-1,-5,-2
4,496,5087741,-8172,-164,669
13,495,5087763,0,-7,0
4,497,5097879,-8164,-169,672
13,496,5097901,0,-7,1
4,498,5107973,-8175,-155,666
13,497,5107995,0,2,0
4,499,5117996,-8178,-160,670
13,498,5118018,1,1,0
4,500,5128088,-8168,-166,666
13,499,5128110,2,-4,2
4,501,5138202,-8182,-151,687
13,500,5138224,2,-4,0
4,502,5148287,-8166,-158,673
13,501,5148309,0,-2,-1
4,503,5158343,-8170,-168,667
13,502,5158393,0,-2,1
4,504,5168311,-8175,-174,676
13,503,5168361,-1,4,1
4,505,5178541,-8171,-158,671
13,504,5178563,-1,8,-3
4,506,5188634,-8182,-160,670
13,505,5188656,-1,5,0
4,507,5198590,-8174,-163,668
13,506,5198612,0,5,0
4,508,5208672,-8169,-178,666
13,507,5208694,1,5,0
4,509,5218757,-8180,-167,665
13,508,5218779,-1,4,0
4,510,5228845,-8172,-149,662
13,509,5228867,0,2,0
4,511,5238955,-8178,-157,671
13,510,5238977,0,4,0
4,512,5248977,-8168,-160,685
13,511,5248998,2,3,-1
4,513,5259033,-8162,-165,673
13,512,5259055,2,3,0
4,514,5269199,-8179,-170,666
13,513,5269221,2,6,0
4,515,5279167,-8173,-167,674
13,514,5279189,0,10,0
4,516,5289333,-8170,-163,671
13,515,5289355,0,10,0
4,517,5299341,-8183,-168,664
13,516,5299363,-1,5,0
4,518,5309507,-8171,-163,662
13,517,5309529,0,7,1
4,519,5319436,-8166,-163,666
13,518,5319458,1,4,0
4,520,5329547,-8175,-162,672
13,519,5329569,3,0,2
4,521,5339639,-8182,-154,660
13,520,5339661,0,-1,0
4,522,5349767,-8168,-161,661
13,521,5349789,-1,-1,0
4,523,5359744,-8164,-159,657
13,522,5359766,-2,-4,0
4,524,5369775,-8182,-164,669
13,523,5369797,0,0,1
4,525,5379889,-8172,-159,659
13,524,5379911,0,5,0
4,526,5389973,-8175,-154,665
13,525,5389995,0,7,-1
4,527,5400048,-8168,-166,670
13,526,5400070,-1,5,0
4,528,5410071,-8176,-168,677
13,527,5410093,0,5,0
4,529,5420202,-8194,-158,668
13,528,5420224,0,5,0
4,530,5430409,-8182,-152,662
13,529,5430431,-1,3,0
4,531,5440365,-8173,-161,673
13,530,5440387,-1,0,-1
4,532,5450455,-8169,-174,671
13,531,5450477,0,-7,1
4,533,5460495,-8188,-166,666
13,532,5460517,0,-7,1
4,534,5470583,-8175,-164,666
13,533,5470605,0,-7,0
4,535,5480635,-8166,-167,678
13,534,5480657,-1,-2,0
4,536,5490679,-8178,-153,689
13,535,5490701,-1,5,0
4,537,5500793,-8164,-170,675
13,536,5500815,-1,14,-1
4,538,5510941,-8166,-180,663
13,537,5510963,-1,14,-1
4,539,5520909,-8176,-160,669
13,538,5520931,0,14,2
4,540,5531004,-8188,-160,660
13,539,5531026,0,9,1
4,541,5541108,-8182,-167,657
13,540,5541130,-2,8,0
4,542,5551234,-8198,-163,669
13,541,5551256,0,4,-1
4,543,5561296,-8169,-162,660
13,542,5561318,0,0,-2
4,544,5571335,-8166,-152,652
13,543,5571357,2,-4,-2
4,545,5581345,-8176,-153,667
13,544,5581367,0,-9,-1
4,546,5591528,-8170,-164,665
13,545,5591550,-1,-7,0
4,547,5601523,-8172,-157,658
13,546,5601545,1,-6,0
4,548,5611639,-8173,-153,664
13,547,5611661,0,-6,0
4,549,5621687,-8182,-158,669
13,548,5621709,-1,0,0
4,550,5631791,-8172,-156,669
13,549,5631813,-1,4,1
4,551,5641816,-8168,-162,673
13,550,5641838,0,15,0
4,552,5651937,-8190,-171,662
13,551,5651959,1,21,2
4,553,5661970,-8195,-160,664
13,552,5662019,0,5,1
4,554,5672185,-8176,-170,669
13,553,5672207,0,4,-1
4,555,5682121,-8165,-159,675
13,554,5682143,-2,4,0
4,556,5692278,-8188,-158,669
13,555,5692300,0,7,1
4,557,5702289,-8178,-160,667
13,556,5702311,0,5,2
4,558,5712324,-8176,-152,670
13,557,5712346,0,7,2
4,559,5722419,-8185,-160,668
13,558,5722441,0,6,0
4,560,5732463,-8169,-162,664
13,559,5732485,1,0,0
4,561,5742546,-8184,-155,666
13,560,5742568,0,-1,0
4,562,5752716,-8181,-152,661
13,561,5752738,0,1,1
4,563,5762708,-8178,-153,663
13,562,5762730,-1,4,0
4,564,5772745,-8181,-152,659
13,563,5772767,1,0,-2
4,565,5782811,-8182,-158,664
13,564,5782833,0,0,0
4,566,5792957,-8169,-149,651
13,565,5792979,0,0,1
4,567,5802973,-8178,-166,666
13,566,5802995,0,-2,1
4,568,5813061,-8174,-161,658
13,567,5813083,0,-3,1
4,569,5823153,-8175,-155,672
13,568,5823175,0,0,0
4,570,5833227,-8167,-156,662
13,569,5833249,1,0,-1
4,571,5843244,-8172,-158,664
13,570,5843266,0,5,-1
4,572,5853309,-8172,-168,656
13,571,5853331,-1,10,-2
4,573,5863448,-8182,-180,661
13,572,5863470,-2,9,1
4,574,5873477,-8199,-164,669
13,573,5873499,-1,3,0
4,575,5883543,-8178,-157,651
13,574,5883565,-2,-2,0
4,576,5893649,-8173,-178,653
13,575,5893671,0,-4,0
4,577,5903668,-8184,-166,666
13,576,5903690,0,-8,0
4,578,5913864,-8187,-159,662
13,577,5913886,-2,-11,0
4,579,5923829,-8180,-172,664
13,578,5923851,0,-13,-1
4,580,5933989,-8173,-177,671
13,579,5934011,0,-14,0
4,581,5943974,-8165,-164,678
13,580,5943996,0,-9,0
4,582,5954056,-8172,-168,660
13,581,5954078,0,-2,0
4,583,5964156,-8189,-166,667
13,582,5964178,0,4,3
4,584,5974131,-8175,-172,661
13,583,5974153,0,8,2
4,585,5984240,-8179,-165,671
13,584,5984262,0,9,-1
4,586,5994478,-8166,-159,655
13,585,5994499,0,7,-1
4,587,6004382,-8180,-150,666
13,586,6004404,0,7,0
4,588,6014453,-8171,-153,653
13,587,6014475,0,6,2
4,589,6024524,-8189,-163,653
13,588,6024546,-1,2,2
4,590,6034659,-8186,-173,645
13,589,6034681,0,-2,0
4,591,6044740,-8187,-163,670
13,590,6044762,0,-5,0
4,592,6054776,-8159,-166,670
13,591,6054798,0,-3,2
4,593,6064890,-8154,-168,666
13,592,6064912,1,-6,0
4,594,6075003,-8176,-173,668
13,593,6075025,1,-5,0
4,595,6085004,-8175,-163,668
13,594,6085026,0,0,0
4,596,6095031,-8154,-160,669
13,595,6095053,0,0,0
4,597,6105143,-8167,-164,667
13,596,6105165,0,3,0
4,598,6115223,-8180,-164,682
13,597,6115245,1,3,0
4,599,6125218,-8169,-156,667
13,598,6125240,1,1,2
4,600,6135386,-8175,-164,656
13,599,6135408,1,2,0
4,601,6145431,-8182,-169,665
13,600,6145453,2,0,-1
4,602,6155590,-8182,-163,669
13,601,6155612,1,-6,-1
4,603,6165487,-8164,-155,664
13,602,6165509,-1,-10,-1
4,604,6175621,-8173,-172,662
13,603,6175643,0,-11,0
4,605,6185756,-8171,-166,670
13,604,6185778,1,-9,-1
4,606,6195779,-8162,-160,656
13,605,6195801,0,-8,-2
4,607,6205859,-8175,-154,667
13,606,6205881,0,-3,-2
4,608,6215904,-8174,-147,665
13,607,6215926,2,-4,0
4,609,6225974,-8179,-159,670
13,608,6225996,1,-1,2
4,610,6236161,-8169,-166,656
13,609,6236183,0,5,0
4,611,6246116,-8173,-172,657
13,610,6246138,0,6,-2
4,612,6256112,-8189,-157,667
13,611,6256134,-1,5,-4
4,613,6266271,-8180,-156,669
13,612,6266293,-2,0,-1
4,614,6276417,-8171,-162,669
13,613,6276439,-2,-4,0
4,615,6286439,-8180,-170,674
13,614,6286488,-2,0,0
4,616,6296423,-8175,-162,666
13,615,6296472,0,2,0
4,617,6306626,-8165,-160,664
13,616,6306648,0,0,0
4,618,6316773,-8187,-158,672
13,617,6316795,-2,0,0
4,619,6326684,-8170,-176,665
13,618,6326706,-1,-1,0
4,620,6336813,-8170,-165,660
13,619,6336835,0,0,0
4,621,6346922,-8187,-163,668
13,620,6346944,1,-2,0
4,622,6357036,-8175,-161,676
13,621,6357058,-1,-3,-2
4,623,6367033,-8163,-158,664
13,622,6367055,0,0,-1
4,624,6377112,-8175,-150,664
13,623,6377134,0,4,1
4,625,6387112,-8182,-159,676
13,624,6387134,0,11,0
4,626,6397343,-8173,-165,679
13,625,6397365,-3,20,0
4,627,6407325,-8180,-157,661
13,626,6407347,-2,19,3
4,628,6417344,-8168,-158,660
13,627,6417393,0,17,1
4,629,6427546,-8179,-172,663
13,628,6427568,0,12,-2
4,630,6437549,-8193,-157,654
13,629,6437571,-1,4,0
4,631,6447661,-8182,-157,656
13,630,6447683,-1,-3,0
4,632,6457744,-8184,-156,662
13,631,6457766,-1,-11,0
4,633,6467786,-8178,-161,658
13,632,6467808,-1,-12,0
4,634,6477925,-8174,-162,647
13,633,6477946,-1,-7,-1
4,635,6487902,-8172,-156,667
13,634,6487924,0,-1,0
4,636,6497917,-8170,-161,682
13,635,6497939,0,4,0
4,637,6508031,-8161,-168,663
13,636,6508053,0,5,0
4,638,6518169,-8183,-174,649
13,637,6518191,1,9,-2
4,639,6528172,-8172,-161,676
13,638,6528194,0,9,-3
4,640,6538273,-8196,-175,671
13,639,6538322,0,8,-1
4,641,6548363,-8181,-175,659
13,640,6548385,0,5,2
4,642,6558495,-8172,-174,638
13,641,6558517,1,-2,0
4,643,6568519,-8174,-160,667
13,642,6568541,1,-9,-1
4,644,6578594,-8185,-165,668
13,643,6578616,0,-11,1
4,645,6588600,-8173,-162,662
13,644,6588622,-1,-7,2
4,646,6598792,-8172,-165,671
13,645,6598813,2,-8,3
4,647,6608776,-8169,-160,670
13,646,6608798,0,-7,-1
4,648,6618861,-8168,-161,665
13,647,6618883,0,-4,-2
4,649,6628947,-8169,-157,677
13,648,6628969,2,-4,0
4,650,6639176,-8175,-161,668
13,649,6639198,0,0,0
4,651,6649122,-8162,-164,662
13,650,6649144,0,5,0
4,652,6659234,-8176,-170,663
13,651,6659256,-1,7,-1
4,653,6669244,-8195,-165,651
13,652,6669266,0,8,-1
4,654,6679377,-8172,-164,658
13,653,6679399,-1,9,1
4,655,6689438,-8169,-174,658
13,654,6689460,-1,5,0
4,656,6699436,-8164,-162,659
13,655,6699458,1,5,1
4,657,6709542,-8169,-154,657
13,656,6709563,0,4,1
4,658,6719689,-8182,-169,656
13,657,6719711,1,0,0
4,659,6729695,-8189,-163,665
13,658,6729717,0,1,0
4,660,6739759,-8185,-159,655
13,659,6739781,1,0,0
4,661,6749809,-8170,-160,664
13,660,6749831,0,-4,0
4,662,6759955,-8170,-161,658
13,661,6759977,0,-4,-2
4,663,6769965,-8169,-155,660
13,662,6769987,-1,-1,0
4,664,6780065,-8177,-165,662
13,663,6780087,-2,0,-1
4,665,6790134,-8163,-159,666
13,664,6790183,0,2,-2
4,666,6800317,-8183,-160,665
13,665,6800339,1,4,0
4,667,6810285,-8174,-162,672
13,666,6810307,0,5,1
4,668,6820321,-8185,-162,668
13,667,6820343,0,0,0
4,669,6830472,-8189,-171,662
13,668,6830493,0,-1,1
4,670,6840592,-8171,-167,653
13,669,6840614,0,-5,1
4,671,6850599,-8169,-163,671
13,670,6850621,0,-6,0
4,672,6860670,-8174,-163,659
13,671,6860692,0,-7,0
4,673,6870707,-8164,-167,663
13,672,6870729,0,-4,-1
4,674,6880929,-8179,-165,677
13,673,6880951,0,-3,-1
4,675,6890909,-8174,-160,676
13,674,6890931,0,1,0
4,676,6901009,-8183,-166,669
13,675,6901031,0,0,-1
4,677,6911058,-8188,-166,655
13,676,6911080,-2,0,0
4,678,6921170,-8179,-161,669
13,677,6921192,0,1,0
4,679,6931263,-8161,-163,659
13,678,6931285,-1,-5,0
4,680,6941346,-8180,-140,661
13,679,6941368,0,-7,0
4,681,6951437,-8189,-160,652
13,680,6951459,0,-9,0
4,682,6961590,-8189,-162,660
13,681,6961612,0,-9,-1
4,683,6971533,-8174,-158,672
13,682,6971555,0,-5,1
4,684,6981624,-8181,-156,677
13,683,6981646,0,-4,1
4,685,6991782,-8174,-151,664
13,684,6991804,1,-7,0
4,686,7001833,-8186,-154,669
13,685,7001855,-1,-8,-2
4,687,7011867,-8172,-159,672
13,686,7011889,0,-7,-1
4,688,7021949,-8169,-173,673
13,687,7021971,0,-7,-2
4,689,7032021,-8161,-175,669
13,688,7032043,0,0,1
4,690,7042215,-8175,-158,660
13,689,7042237,1,5,1
4,691,7052200,-8174,-167,667
13,690,7052222,0,4,0
4,692,7062272,-8171,-166,675
13,691,7062294,2,4,0
4,693,7072334,-8185,-167,667
13,692,7072356,1,-1,0
4,694,7082434,-8165,-160,654
13,693,7082456,0,-1,0
4,695,7092459,-8167,-166,665
13,694,7092481,0,-4,0
4,696,7102598,-8180,-176,661
13,695,7102620,0,0,1
4,697,7112654,-8196,-177,661
13,696,7112676,0,6,1
4,698,7122773,-8162,-169,651
13,697,7122795,0,5,1
4,699,7132707,-8182,-167,665
13,698,7132729,0,2,0
4,700,7142818,-8175,-167,663
13,699,7142840,0,0,0
4,701,7152915,-8177,-151,669
13,700,7152937,-1,0,0
4,702,7163000,-8173,-157,668
13,701,7163049,0,-3,0
4,703,7172998,-8182,-168,660
13,702,7173048,0,-2,1
4,704,7183162,-8179,-169,663
13,703,7183184,0,0,0
4,705,7193244,-8160,-152,673
13,704,7193266,0,0,-2
4,706,7203411,-8180,-154,662
13,705,7203433,0,-2,0
4,707,7213366,-8181,-163,666
13,706,7213388,0,-2,2
4,708,7223406,-8169,-169,682
13,707,7223427,0,-2,2
4,709,7233514,-8171,-165,684
13,708,7233536,-1,-1,0
4,710,7243646,-8181,-168,670
13,709,7243668,-1,-2,0
4,711,7253700,-8168,-167,667
13,710,7253722,0,-3,0
4,712,7263683,-8167,-161,664
13,711,7263705,0,-4,0
4,713,7273902,-8178,-162,680
13,712,7273924,-3,0,0
4,714,7284027,-8176,-169,678
13,713,7284049,-2,3,0
4,715,7293933,-8160,-174,671
13,714,7293955,0,7,-1
4,716,7304093,-8180,-159,668
13,715,7304115,-1,10,-1
4,717,7314175,-8174,-166,658
13,716,7314197,0,5,0
4,718,7324283,-8179,-171,661
13,717,7324305,0,1,1
4,719,7334311,-8169,-170,668
13,718,7334333,0,0,0
4,720,7344387,-8178,-168,680
13,719,7344409,0,-2,1
4,721,7354442,-8177,-169,670
13,720,7354464,0,-3,1
4,722,7364632,-8165,-163,664
13,721,7364654,0,-1,0
4,723,7374555,-8191,-161,666
13,722,7374577,0,2,0
4,724,7384687,-8185,-159,674
13,723,7384709,1,0,0
4,725,7394769,-8173,-158,677
13,724,7394791,2,4,1
4,726,7404823,-8174,-151,669
13,725,7404845,1,5,1
4,727,7414915,-8192,-167,658
13,726,7414964,-1,3,0
4,728,7425027,-8172,-153,657
13,727,7425049,1,0,2
4,729,7435064,-8175,-168,656
13,728,7435086,1,-4,0
4,730,7445265,-8182,-170,665
13,729,7445287,0,-11,0
4,731,7455265,-8178,-165,663
13,730,7455287,-2,-10,0
4,732,7465249,-8172,-166,664
13,731,7465271,0,-16,0
4,733,7475354,-8174,-163,676
13,732,7475376,-1,-13,0
4,734,7485492,-8176,-156,676
13,733,7485514,1,-8,0
4,735,7495591,-8171,-164,680
13,734,7495613,-2,-4,-2
4,736,7505604,-8166,-155,677
13,735,7505626,-1,0,0
4,737,7515629,-8182,-160,671
13,736,7515651,1,0,1
4,738,7525950,-8155,-171,676
13,737,7525972,1,-1,-1
4,739,7535853,-8168,-162,680
13,738,7535875,1,1,0
4,740,7545938,-8184,-163,667
13,739,7545960,-1,2,-1
4,741,7556051,-8176,-170,665
13,740,7556073,0,3,0
4,742,7566143,-8173,-155,674
13,741,7566165,1,5,1
4,743,7576226,-8174,-160,666
13,742,7576248,1,5,4
4,744,7586229,-8170,-159,677
13,743,7586251,0,4,0
4,745,7596279,-8170,-162,666
13,744,7596301,-1,1,1
4,746,7606489,-8179,-164,672
13,745,7606511,0,0,2
4,747,7616544,-8188,-161,659
13,746,7616566,0,0,0
4,748,7626557,-8175,-162,674
13,747,7626579,2,-1,-3
4,749,7636706,-8172,-155,675
13,748,7636728,2,1,-2
4,750,7646775,-8204,-161,674
13,749,7646797,-1,5,1
4,751,7656738,-8166,-171,673
13,750,7656760,-1,7,4
4,752,7666916,-8188,-171,657
13,751,7666938,0,5,2
4,753,7676951,-8181,-163,671
13,752,7676973,0,5,0
4,754,7687152,-8175,-173,666
13,753,7687174,0,3,1
4,755,7697161,-8191,-170,668
13,754,7697183,0,1,1
4,756,7707257,-8162,-162,669
13,755,7707279,0,-3,1
4,757,7717274,-8187,-166,690
13,756,7717296,1,-13,0
4,758,7727433,-8161,-158,668
13,757,7727455,0,-14,-2
4,759,7737352,-8172,-160,687
13,758,7737374,0,-14,-1
4,760,7747553,-8181,-163,675
13,759,7747575,0,-11,2
4,761,7757578,-8161,-161,670
13,760,7757600,0,-4,-2
4,762,7767699,-8183,-160,677
13,761,7767721,2,0,-1
4,763,7777727,-8177,-161,664
13,762,7777749,0,5,-1
4,764,7787799,-8168,-152,672
13,763,7787821,-1,7,-1
4,765,7797911,-8173,-158,677
13,764,7797933,0,8,0
4,766,7808076,-8186,-160,659
13,765,7808098,1,6,0
4,767,7818044,-8169,-150,660
13,766,7818066,1,4,0
4,768,7828117,-8177,-164,672
13,767,7828139,0,3,0
4,769,7838189,-8180,-167,664
13,768,7838211,0,0,0
4,770,7848337,-8187,-160,653
13,769,7848359,2,0,-1
4,771,7858377,-8176,-158,669
13,770,7858399,0,0,1
4,772,7868375,-8174,-158,677
13,771,7868397,2,1,1
4,773,7878504,-8169,-158,670
13,772,7878526,2,1,1
4,774,7888529,-8169,-166,670
13,773,7888551,1,3,0
4,775,7898632,-8173,-179,665
13,774,7898654,1,8,-1
4,776,7908720,-8179,-174,679
13,775,7908742,2,10,1
4,777,7918827,-8185,-171,664
13,776,7918849,0,10,1
4,778,7928984,-8186,-162,660
13,777,7929006,0,11,0
4,779,7938897,-8180,-163,654
13,778,7938919,1,13,0
4,780,7949029,-8172,-178,670
13,779,7949051,0,9,1
4,781,7959069,-8170,-169,663
13,780,7959091,0,6,0
4,782,7969200,-8179,-166,670
13,781,7969222,1,7,0
4,783,7979204,-8186,-169,674
13,782,7979226,1,2,0
4,784,7989338,-8180,-156,669
13,783,7989360,0,-4,0
4,785,7999425,-8172,-153,660
13,784,7999447,1,-1,1
4,786,8009584,-8176,-158,659
13,785,8009606,0,0,1
4,787,8019634,-8172,-161,669
13,786,8019656,0,3,0
4,788,8029688,-8158,-169,671
13,787,8029710,0,4,3
4,789,8039755,-8172,-158,671
13,788,8039776,-1,2,1
4,790,8049899,-8174,-149,679
13,789,8049921,0,2,0
4,791,8059916,-8181,-157,676
13,790,8059938,0,3,0
4,792,8070018,-8187,-166,670
13,791,8070040,0,2,0
4,793,8080101,-8169,-152,673
13,792,8080123,0,5,2
4,794,8090232,-8179,-163,668
13,793,8090254,0,3,-1
4,795,8100211,-8182,-165,663
13,794,8100233,0,3,0
4,796,8110267,-8177,-161,664
13,795,8110289,0,5,2
4,797,8120385,-8176,-158,663
13,796,8120407,2,4,1
4,798,8130534,-8180,-160,670
13,797,8130556,0,0,-1
4,799,8140523,-8178,-165,667
13,798,8140545,1,-1,0
4,800,8150531,-8184,-168,665
13,799,8150553,0,-3,0
4,801,8160667,-8182,-170,666
13,800,8160689,-1,-5,0
4,802,8170878,-8148,-156,666
13,801,8170900,0,-1,1
4,803,8180874,-8185,-165,661
13,802,8180896,-2,1,2
4,804,8190902,-8181,-159,666
13,803,8190924,0,6,0
4,805,8200977,-8178,-166,674
13,804,8200999,0,7,-1
4,806,8211060,-8173,-169,669
13,805,8211082,0,6,0
4,807,8221153,-8175,-161,671
13,806,8221175,2,5,2
4,808,8231167,-8174,-152,672
13,807,8231189,0,8,0
4,809,8241260,-8167,-149,670
13,808,8241282,0,6,0
4,810,8251404,-8197,-163,661
13,809,8251426,0,6,0
4,811,8261445,-8167,-170,662
13,810,8261467,-1,3,-1
4,812,8271454,-8180,-157,664
13,811,8271476,0,1,-1
4,813,8281463,-8177,-160,677
13,812,8281485,1,0,0
4,814,8292737,-8175,-166,676
13,813,8292759,1,1,0
4,815,8301698,-8182,-168,659
13,814,8301720,0,5,1
4,816,8311801,-8185,-163,648
13,815,8311823,0,3,0
4,817,8321857,-8172,-177,675
13,816,8321879,0,-1,1
4,818,8331989,-8169,-164,680
13,817,8332011,0,2,0
4,819,8341970,-8180,-160,660
13,818,8341992,-1,3,-1
4,820,8352038,-8182,-168,656
13,819,8352060,0,2,-1
4,821,8362105,-8197,-170,677
13,820,8362127,0,0,0
4,822,8372190,-8171,-162,669
13,821,8372212,0,-1,2
4,823,8382242,-8179,-158,661
13,822,8382264,3,-2,0
4,824,8392308,-8193,-164,671
13,823,8392330,0,-1,0
4,825,8402338,-8163,-151,664
13,824,8402360,0,-1,0
4,826,8412569,-8176,-156,672
13,825,8412591,0,-2,0
4,827,8422536,-8178,-155,674
13,826,8422558,-1,1,1
4,828,8432661,-8169,-159,666
13,827,8432683,0,6,0
4,829,8442685,-8171,-161,675
13,828,8442707,0,9,1
4,830,8452790,-8191,-158,671
13,829,8452812,1,7,2
4,831,8462849,-8175,-165,658
13,830,8462871,0,5,0
4,832,8472872,-8174,-161,661
13,831,8472894,0,2,0
4,833,8482918,-8180,-150,678
13,832,8482940,0,0,0
4,834,8493097,-8171,-158,669
13,833,8493119,0,-4,0
4,835,8503128,-8186,-155,663
13,834,8503150,0,-5,1
4,836,8513115,-8177,-165,671
13,835,8513137,0,-4,0
4,837,8523211,-8184,-161,660
13,836,8523233,0,0,-2
4,838,8533382,-8181,-175,671
13,837,8533404,1,0,1
4,839,8543266,-8181,-179,659
13,838,8543288,0,3,0
4,840,8553419,-8177,-167,673
13,839,8553441,0,6,0
4,841,8563538,-8175,-170,669
13,840,8563560,0,5,1
4,842,8573611,-8179,-165,669
13,841,8573633,0,1,1
4,843,8583593,-8171,-153,664
13,842,8583615,1,-1,0
4,844,8593638,-8173,-152,660
13,843,8593660,1,-3,-3
4,845,8603718,-8173,-163,668
13,844,8603740,0,-1,0
4,846,8613813,-8184,-163,664
13,845,8613835,-1,1,1
4,847,8623856,-8177,-162,659
13,846,8623878,0,4,0
4,848,8633961,-8163,-151,665
13,847,8633983,1,5,0
4,849,8643973,-8175,-154,681
13,848,8643995,0,4,0
4,850,8654224,-8179,-171,675
13,849,8654246,0,2,0
4,851,8664144,-8172,-164,664
13,850,8664166,1,-1,2
4,852,8674288,-8170,-160,669
13,851,8674310,0,-3,-1
4,853,8684277,-8178,-170,668
13,852,8684299,1,-1,0
4,854,8694348,-8169,-151,680
13,853,8694370,1,1,-1
4,855,8704486,-8181,-146,680
13,854,8704508,0,2,0
4,856,8714475,-8186,-164,672
13,855,8714496,2,4,0
4,857,8724540,-8165,-167,662
13,856,8724562,0,4,2
4,858,8734667,-8175,-170,670
13,857,8734689,0,1,0
4,859,8744688,-8180,-174,662
13,858,8744710,0,4,1
4,860,8754827,-8186,-158,662
13,859,8754849,-1,5,0
4,861,8764796,-8179,-160,664
13,860,8764818,0,3,1
4,862,8774938,-8177,-174,666
13,861,8774960,2,-1,0
4,863,8784973,-8195,-154,675
13,862,8784995,0,0,0
4,864,8795024,-8178,-165,669
13,863,8795074,-1,5,0
4,865,8805147,-8174,-171,663
13,864,8805169,-1,8,2
4,866,8815298,-8165,-153,664
13,865,8815320,1,11,2
4,867,8825228,-8169,-161,669
13,866,8825250,0,12,3
4,868,8835343,-8184,-162,672
13,867,8835365,0,9,4
4,869,8845441,-8186,-161,656
13,868,8845463,0,6,0
4,870,8855497,-8185,-167,659
13,869,8855519,0,2,1
4,871,8865461,-8183,-159,666
13,870,8865483,0,-1,2
4,872,8875589,-8176,-167,658
13,871,8875611,-1,-4,1
4,873,8885655,-8180,-160,661
13,872,8885677,0,-7,1
4,874,8895789,-8172,-165,665
13,873,8895811,1,0,0
4,875,8905823,-8173,-166,663
13,874,8905845,0,1,1
4,876,8915927,-8162,-161,666
13,875,8915949,-1,6,1
4,877,8926021,-8167,-153,677
13,876,8926043,0,17,0
4,878,8936055,-8171,-148,667
13,877,8936077,0,19,0
4,879,8946099,-8176,-174,660
13,878,8946121,2,16,2
4,880,8956090,-8181,-165,665
13,879,8956112,-1,12,0
4,881,8966190,-8185,-158,666
13,880,8966212,0,5,0
4,882,8976371,-8172,-169,662
13,881,8976393,3,-1,0
4,883,8986272,-8172,-157,658
13,882,8986294,0,-4,1
4,884,8996473,-8177,-164,661
13,883,8996494,0,-5,0
4,885,9006421,-8171,-162,673
13,884,9006443,0,-10,0
4,886,9016569,-8166,-162,670
13,885,9016591,0,-7,2
4,887,9026645,-8182,-171,664
13,886,9026667,0,-2,1
4,888,9036667,-8188,-162,663
13,887,9036689,1,-1,0
4,889,9046769,-8173,-167,656
13,888,9046791,0,1,0
4,890,9056916,-8172,-161,655
13,889,9056938,-1,5,-1
4,891,9066841,-8175,-162,646
13,890,9066863,0,5,-1
4,892,9076936,-8176,-161,643
13,891,9076958,2,2,-1
4,893,9087007,-8179,-171,660
13,892,9087029,0,0,0
4,894,9097078,-8163,-162,663
13,893,9097100,0,1,0
4,895,9107132,-8171,-167,657
13,894,9107154,2,1,0
4,896,9117212,-8174,-167,655
13,895,9117234,0,-1,1
4,897,9127192,-8176,-175,660
13,896,9127214,0,1,0
4,898,9137425,-8181,-163,669
13,897,9137446,0,5,0
4,899,9147405,-8184,-171,677
13,898,9147427,-1,5,0
4,900,9157415,-8171,-171,673
13,899,9157437,0,4,0
4,901,9167602,-8172,-154,652
13,900,9167624,2,-3,1
4,902,9177666,-8181,-152,672
13,901,9177688,0,-7,1
4,903,9187700,-8188,-159,672
13,902,9187722,1,-10,0
4,904,9197770,-8170,-168,654
13,903,9197792,0,-10,0
4,905,9207892,-8172,-166,663
13,904,9207914,0,-8,0
4,906,9218012,-8178,-158,669
13,905,9218034,-1,-3,0
4,907,9227993,-8166,-162,664
13,906,9228014,-1,0,-1
4,908,9238024,-8158,-166,670
13,907,9238046,0,4,0
4,909,9248059,-8188,-168,671
13,908,9248081,2,7,0
4,910,9258189,-8182,-162,654
13,909,9258211,1,8,0
4,911,9268159,-8164,-158,654
13,910,9268181,-1,5,0
4,912,9278268,-8185,-167,658
13,911,9278289,0,4,0
4,913,9288331,-8180,-157,673
13,912,9288352,-1,2,-1
4,914,9298539,-8179,-163,664
13,913,9298561,-2,0,0
4,915,9308488,-8176,-160,655
13,914,9308510,0,-8,-1
4,916,9318570,-8186,-167,662
13,915,9318592,0,-11,-1
4,917,9328643,-8184,-161,662
13,916,9328665,-1,-6,0
4,918,9338719,-8177,-168,666
13,917,9338741,0,-4,1
4,919,9348769,-8179,-164,669
13,918,9348791,0,1,1
4,920,9358842,-8173,-168,659
13,919,9358864,0,6,1
4,921,9368920,-8176,-158,677
13,920,9368942,-1,8,2
4,922,9379072,-8176,-154,670
13,921,9379094,0,10,0
4,923,9388989,-8174,-167,655
13,922,9389011,1,5,-3
4,924,9399123,-8174,-164,657
13,923,9399145,0,-2,-3
4,925,9409221,-8172,-171,660
13,924,9409243,1,-2,0
4,926,9419324,-8184,-179,676
13,925,9419346,0,-5,1
4,927,9429343,-8183,-165,664
13,926,9429365,0,-4,2
4,928,9439342,-8171,-170,670
13,927,9439364,-1,-4,0
4,929,9449453,-8177,-167,654
13,928,9449475,0,-3,1
4,930,9459605,-8173,-171,659
13,929,9459627,2,3,0
4,931,9469581,-8166,-162,668
13,930,9469603,1,6,-1
4,932,9479642,-8160,-153,675
13,931,9479664,0,4,0
4,933,9489664,-8172,-154,668
13,932,9489686,1,4,0
4,934,9499774,-8171,-156,657
13,933,9499796,0,3,0
4,935,9509822,-8185,-173,663
13,934,9509844,0,0,0
4,936,9519873,-8181,-160,656
13,935,9519895,1,0,0
4,937,9529963,-8186,-156,647
13,936,9529984,2,-3,0
4,938,9540077,-8179,-164,658
13,937,9540099,1,-4,0
4,939,9550087,-8170,-152,671
13,938,9550109,0,-6,1
4,940,9560218,-8163,-170,678
13,939,9560240,-2,-8,0
4,941,9570217,-8164,-164,653
13,940,9570239,-1,-5,-1
4,942,9580332,-8165,-153,674
13,941,9580354,0,1,-2
4,943,9590336,-8181,-159,666
13,942,9590358,0,5,0
4,944,9600405,-8177,-158,653
13,943,9600427,3,7,1
4,945,9610459,-8183,-158,660
13,944,9610481,0,4,2
4,946,9620641,-8185,-150,666
13,945,9620663,-2,1,2
4,947,9630647,-8172,-157,658
13,946,9630669,0,-4,1
4,948,9640707,-8181,-166,664
13,947,9640729,2,-3,1
4,949,9650770,-8176,-164,668
13,948,9650792,1,0,2
4,950,9660868,-8181,-157,669
13,949,9660890,1,-1,0
4,951,9670998,-8168,-152,666
13,950,9671020,1,2,-1
4,952,9681011,-8175,-158,668
13,951,9681033,2,7,0
4,953,9691077,-8188,-152,673
13,952,9691099,0,4,0
4,954,9701183,-8170,-162,664
13,953,9701205,-2,5,1
4,955,9711195,-8167,-154,657
13,954,9711217,1,1,0
4,956,9721242,-8172,-163,668
13,955,9721264,1,0,0
4,957,9731279,-8165,-151,661
13,956,9731301,0,-2,1
4,958,9741318,-8171,-154,663
13,957,9741340,1,-1,-1
4,959,9751429,-8171,-164,668
13,958,9751451,2,2,0
4,960,9761487,-8178,-165,680
13,959,9761509,0,2,-1
4,961,9771555,-8173,-151,679
13,960,9771577,-1,-3,0
4,962,9781746,-8175,-169,657
13,961,9781768,0,-3,0
4,963,9791619,-8176,-174,667
13,962,9791641,2,0,0
4,964,9801751,-8185,-165,675
13,963,9801773,0,-2,0
4,965,9811862,-8182,-165,663
13,964,9811884,-1,0,1
4,966,9821933,-8170,-161,666
13,965,9821955,0,0,0
4,967,9831932,-8179,-158,669
13,966,9831954,-1,-3,-1
4,968,9842075,-8177,-161,670
13,967,9842097,0,-2,2
4,969,9852102,-8179,-164,673
13,968,9852123,1,1,-1
4,970,9862217,-8170,-156,674
13,969,9862239,0,2,0
4,971,9872215,-8172,-149,666
13,970,9872237,-1,1,0
4,972,9882301,-8169,-169,677
13,971,9882323,0,-1,0
4,973,9892364,-8176,-173,665
13,972,9892386,0,-2,0
4,974,9902470,-8177,-162,652
13,973,9902492,-2,-4,-2
4,975,9912493,-8183,-155,671
13,974,9912515,1,-5,-2
4,976,9922575,-8177,-169,664
13,975,9922597,1,-8,-2
4,977,9932679,-8164,-157,664
13,976,9932701,0,-12,0
4,978,9942773,-8179,-155,670
13,977,9942795,0,-14,0
4,979,9952826,-8181,-157,674
13,978,9952848,1,-9,0
4,980,9962871,-8164,-174,678
13,979,9962893,0,-5,2
4,981,9972879,-8169,-164,671
13,980,9972901,0,3,1
4,982,9983038,-8184,-162,661
13,981,9983059,1,6,0
4,983,9993059,-8180,-162,654
13,982,9993081,0,3,1
4,984,10003081,-8190,-164,656
13,983,10003103,0,-4,0
4,985,10013215,-8182,-160,675
13,984,10013237,1,-10,0
4,986,10023435,-8175,-165,676
13,985,10023485,2,-9,1
4,987,10033268,-8170,-160,666
13,986,10033290,1,-3,-2
4,988,10043405,-8175,-155,677
13,987,10043454,-1,3,-2
4,989,10053511,-8182,-160,678
13,988,10053533,0,5,1
4,990,10063674,-8178,-168,675
13,989,10063696,0,7,0
4,991,10073663,-8180,-165,672
13,990,10073685,0,5,-1
4,992,10083635,-8175,-163,662
13,991,10083657,3,4,-2
4,993,10093828,-8177,-158,662
13,992,10093849,1,-1,-3
4,994,10103926,-8187,-168,662
13,993,10103948,1,-6,-1
4,995,10113890,-8169,-174,676
13,994,10113912,1,-11,0
4,996,10123977,-8177,-153,663
13,995,10123999,2,-3,0
4,997,10134002,-8172,-159,671
13,996,10134024,0,-5,1
4,998,10144187,-8177,-165,671
13,997,10144209,0,-3,0
4,999,10154159,-8167,-160,661
13,998,10154181,-1,0,0
4,1000,10164182,-8170,-168,647
13,999,10164204,-1,0,0
4,1001,10174327,-8168,-156,671
13,1000,10174349,1,5,0
4,1002,10184531,-8185,-156,670
13,1001,10184553,0,0,0
4,1003,10194472,-8164,-165,661
13,1002,10194494,0,1,0
4,1004,10204584,-8167,-156,668
13,1003,10204606,0,4,0
4,1005,10214563,-8169,-162,662
13,1004,10214585,-1,5,0
4,1006,10224598,-8173,-160,659
13,1005,10224620,0,3,0
4,1007,10234688,-8187,-163,673
13,1006,10234710,-1,-5,-2
4,1008,10244713,-8183,-163,678
13,1007,10244735,1,-6,0
4,1009,10254830,-8182,-165,665
13,1008,10254852,0,-7,1
4,1010,10265006,-8175,-162,655
13,1009,10265028,2,-5,0
4,1011,10275032,-8169,-155,664
13,1010,10275054,1,-6,0
4,1012,10285068,-8179,-171,673
13,1011,10285090,0,-8,0
4,1013,10295178,-8174,-170,671
13,1012,10295200,-1,-6,-1
4,1014,10305203,-8170,-159,664
13,1013,10305225,0,-1,0
4,1015,10315357,-8169,-160,682
13,1014,10315379,0,4,0
4,1016,10325350,-8176,-161,680
13,1015,10325372,0,6,0
4,1017,10335399,-8186,-163,669
13,1016,10335421,0,8,0
4,1018,10345565,-8172,-162,660
13,1017,10345587,-1,5,-1
4,1019,10355563,-8175,-165,663
13,1018,10355585,1,3,0
4,1020,10365620,-8184,-159,667
13,1019,10365642,0,4,2
4,1021,10375738,-8189,-172,669
13,1020,10375760,0,0,2
4,1022,10385791,-8181,-169,677
13,1021,10385813,1,-3,0
4,1023,10395833,-8176,-166,676
13,1022,10395855,1,-6,0
4,1024,10405887,-8182,-159,674
13,1023,10405909,0,-7,0
4,1025,10415947,-8175,-160,677
13,1024,10415969,0,-2,0
4,1026,10426214,-8173,-168,678
13,1025,10426236,-1,2,0
4,1027,10436131,-8172,-162,679
13,1026,10436153,-1,7,1
4,1028,10446248,-8166,-159,666
13,1027,10446270,0,12,2
4,1029,10456206,-8182,-156,673
13,1028,10456228,1,8,0
4,1030,10466340,-8188,-161,665
13,1029,10466362,0,5,0
4,1031,10476362,-8187,-164,661
13,1030,10476384,-2,3,0
4,1032,10486430,-8170,-158,662
13,1031,10486452,0,5,-2
4,1033,10496522,-8182,-165,676
13,1032,10496544,2,4,1
4,1034,10506606,-8163,-157,675
13,1033,10506628,1,-2,0
4,1035,10516621,-8174,-170,672
13,1034,10516643,2,-3,0
4,1036,10526661,-8190,-170,664
13,1035,10526683,2,0,-1
4,1037,10536765,-8173,-166,666
13,1036,10536787,0,-5,0
4,1038,10546838,-8165,-160,675
13,1037,10546888,-2,-5,0
4,1039,10556954,-8179,-152,685
13,1038,10556976,1,-3,0
4,1040,10567034,-8174,-157,671
13,1039,10567056,0,-2,0
4,1041,10577087,-8181,-172,667
13,1040,10577109,-1,-1,0
4,1042,10587296,-8175,-170,672
13,1041,10587318,1,0,0
4,1043,10597199,-8174,-168,678
13,1042,10597221,0,-2,-1
4,1044,10607255,-8174,-153,670
13,1043,10607277,1,-6,0
4,1045,10617345,-8164,-152,663
13,1044,10617367,0,-6,0
4,1046,10627422,-8178,-153,679
13,1045,10627444,-1,-7,0
4,1047,10637501,-8171,-162,668
13,1046,10637523,-1,-6,0
4,1048,10647535,-8180,-158,679
13,1047,10647557,0,-5,0
4,1049,10657634,-8174,-165,663
13,1048,10657656,1,0,0
4,1050,10667809,-8171,-159,667
13,1049,10667831,0,2,1
4,1051,10677777,-8172,-161,675
13,1050,10677799,-1,5,-1
4,1052,10687850,-8178,-164,661
13,1051,10687872,0,9,0
4,1053,10697966,-8164,-166,668
13,1052,10697988,-1,5,0
4,1054,10707996,-8169,-169,687
13,1053,10708018,0,3,-1
4,1055,10717977,-8177,-160,680
13,1054,10717999,1,-4,0
4,1056,10728085,-8187,-153,668
13,1055,10728107,2,-7,0
4,1057,10738133,-8178,-153,664
13,1056,10738155,1,-9,2
4,1058,10748362,-8162,-155,667
13,1057,10748384,0,-8,2
4,1059,10758289,-8162,-166,662
13,1058,10758311,0,-4,-1
4,1060,10768369,-8171,-159,677
13,1059,10768391,0,0,0
4,1061,10778432,-8174,-144,674
13,1060,10778454,1,5,-1
4,1062,10788619,-8171,-156,676
13,1061,10788641,0,5,-1
4,1063,10798645,-8179,-163,670
13,1062,10798667,0,8,-1
4,1064,10808689,-8171,-161,681
13,1063,10808711,0,8,1
4,1065,10818763,-8173,-168,676
13,1064,10818785,0,4,0
4,1066,10828949,-8177,-171,656
13,1065,10828971,1,3,1
4,1067,10838867,-8193,-173,669
13,1066,10838889,0,1,1
4,1068,10848886,-8177,-177,675
13,1067,10848908,0,0,0
4,1069,10859007,-8179,-163,655
13,1068,10859029,1,1,0
4,1070,10869125,-8164,-171,667
13,1069,10869147,0,3,0
4,1071,10879166,-8179,-162,672
13,1070,10879188,0,6,-1
4,1072,10889219,-8173,-156,663
13,1071,10889241,1,5,-1
4,1073,10899283,-8164,-168,663
13,1072,10899305,0,5,0
4,1074,10909442,-8180,-160,667
13,1073,10909491,2,4,0
4,1075,10919428,-8181,-163,669
13,1074,10919450,1,3,0
4,1076,10929542,-8168,-161,668
13,1075,10929564,0,1,2
4,1077,10939585,-8172,-157,673
13,1076,10939607,0,0,-1
4,1078,10949697,-8184,-168,665
13,1077,10949719,0,0,-1
4,1079,10959719,-8168,-163,661
13,1078,10959741,1,-1,2
4,1080,10969728,-8169,-154,664
13,1079,10969750,0,3,1
4,1081,10979873,-8176,-155,663
13,1080,10979895,0,2,0
4,1082,10990025,-8182,-172,680
13,1081,10990047,-1,2,-1
4,1083,11000051,-8178,-167,686
13,1082,11000073,0,3,0
4,1084,11010037,-8177,-165,672
13,1083,11010059,-1,2,0
4,1085,11020103,-8179,-168,671
13,1084,11020125,-1,3,1
4,1086,11030255,-8170,-163,670
13,1085,11030277,0,3,0
4,1087,11040230,-8172,-170,679
13,1086,11040252,0,4,2
4,1088,11050312,-8180,-179,673
13,1087,11050334,1,7,1
4,1089,11060391,-8178,-168,669
13,1088,11060413,1,9,2
4,1090,11070577,-8188,-155,672
13,1089,11070599,0,6,2
4,1091,11080516,-8180,-160,679
13,1090,11080538,-1,2,0
4,1092,11090566,-8177,-158,672
13,1091,11090588,-2,-2,0
4,1093,11100668,-8184,-162,666
13,1092,11100690,0,-4,2
4,1094,11110667,-8169,-162,658
13,1093,11110689,0,0,0
4,1095,11120725,-8159,-169,669
13,1094,11120747,0,1,0
4,1096,11130876,-8180,-169,674
13,1095,11130898,0,2,0
4,1097,11140920,-8170,-169,668
13,1096,11140942,0,5,-1
4,1098,11151028,-8169,-154,669
13,1097,11151050,-1,4,-1
4,1099,11161027,-8183,-159,676
13,1098,11161049,0,5,0
4,1100,11171062,-8171,-166,678
13,1099,11171111,0,3,1
4,1101,11181191,-8170,-155,673
13,1100,11181213,0,3,0
4,1102,11191266,-8172,-156,664
13,1101,11191288,1,6,0
4,1103,11201343,-8167,-167,667
13,1102,11201365,0,8,0
4,1104,11211354,-8175,-151,671
13,1103,11211376,0,10,0
4,1105,11221448,-8167,-155,673
13,1104,11221470,3,15,1
4,1106,11231569,-8183,-162,655
13,1105,11231591,1,15,2
4,1107,11241570,-8185,-172,664
13,1106,11241592,0,5,0
4,1108,11251558,-8190,-170,671
13,1107,11251580,0,-1,1
4,1109,11261583,-8186,-170,667
13,1108,11261605,1,-9,0
4,1110,11271794,-8171,-165,665
13,1109,11271816,0,-6,0
4,1111,11281772,-8171,-161,671
13,1110,11281794,0,0,0
4,1112,11291806,-8172,-159,665
13,1111,11291828,1,0,1
4,1113,11301849,-8166,-177,668
13,1112,11301898,0,6,2
4,1114,11312060,-8173,-170,657
13,1113,11312082,-1,11,0
4,1115,11322091,-8177,-166,668
13,1114,11322113,0,10,-1
4,1116,11332076,-8172,-173,666
13,1115,11332098,1,11,0
4,1117,11342141,-8188,-165,661
13,1116,11342163,0,7,0
4,1118,11352271,-8174,-166,668
13,1117,11352293,0,2,-2
4,1119,11362292,-8183,-153,661
13,1118,11362314,1,-1,0
4,1120,11372355,-8186,-158,671
13,1119,11372377,-1,-2,0
4,1121,11382411,-8182,-155,669
13,1120,11382433,0,-7,0
4,1122,11392537,-8182,-162,660
13,1121,11392558,0,-4,0
4,1123,11402578,-8174,-155,669
13,1122,11402600,0,-3,0
4,1124,11412687,-8184,-154,676
13,1123,11412736,-1,-4,-1
4,1125,11422740,-8182,-175,663
13,1124,11422762,0,-2,0
4,1126,11432773,-8172,-177,673
13,1125,11432795,0,-1,0
4,1127,11442876,-8157,-155,676
13,1126,11442898,1,2,-2
4,1128,11452941,-8181,-162,677
13,1127,11452963,-1,3,1
4,1129,11462968,-8179,-164,671
13,1128,11462990,-1,5,-1
4,1130,11473145,-8177,-173,666
13,1129,11473167,1,5,-3
4,1131,11483141,-8173,-160,665
13,1130,11483163,0,7,0
4,1132,11493248,-8175,-165,670
13,1131,11493270,-1,6,0
4,1133,11503231,-8168,-166,651
13,1132,11503253,0,7,0
4,1134,11513331,-8162,-164,655
13,1133,11513353,2,6,0
4,1135,11523314,-8181,-158,666
13,1134,11523336,0,4,0
4,1136,11533439,-8185,-172,671
13,1135,11533461,2,-1,0
4,1137,11543512,-8191,-177,671
13,1136,11543534,2,-1,0
4,1138,11553620,-8189,-165,664
13,1137,11553642,1,1,-1
4,1139,11563712,-8174,-171,657
13,1138,11563734,0,1,0
4,1140,11573657,-8182,-153,657
13,1139,11573679,0,2,1
4,1141,11583813,-8187,-156,660
13,1140,11583835,0,-1,0
4,1142,11593931,-8168,-161,664
13,1141,11593953,0,1,0
4,1143,11603927,-8173,-151,664
13,1142,11603949,0,2,0
4,1144,11613996,-8180,-160,673
13,1143,11614018,0,0,0
4,1145,11624096,-8177,-163,667
13,1144,11624118,-1,1,2
4,1146,11634202,-8173,-159,673
13,1145,11634224,0,0,0
4,1147,11644198,-8168,-161,662
13,1146,11644220,1,1,-1
4,1148,11654287,-8181,-165,657
13,1147,11654309,1,5,1
4,1149,11664326,-8171,-168,663
13,1148,11664348,2,6,2
4,1150,11674481,-8179,-159,664
13,1149,11674503,0,7,2
4,1151,11684523,-8187,-166,659
13,1150,11684545,0,4,0
4,1152,11694522,-8179,-162,664
13,1151,11694544,0,0,0
4,1153,11704648,-8170,-164,660
13,1152,11704670,1,-1,-1
4,1154,11714773,-8184,-153,678
13,1153,11714795,0,-2,0
4,1155,11724694,-8184,-161,652
13,1154,11724716,0,-4,0
4,1156,11734849,-8176,-167,662
13,1155,11734871,-2,0,-1
4,1157,11744892,-8170,-176,678
13,1156,11744914,-3,4,-2
4,1158,11754990,-8176,-163,664
13,1157,11755012,0,5,1
4,1159,11765009,-8174,-149,663
13,1158,11765031,0,4,0
4,1160,11775160,-8186,-158,657
13,1159,11775182,0,3,-1
4,1161,11785239,-8191,-160,659
13,1160,11785261,0,-2,0
4,1162,11795414,-8178,-160,664
13,1161,11795436,0,0,0
4,1163,11805329,-8169,-177,658
13,1162,11805351,0,-3,1
4,1164,11815393,-8179,-159,656
13,1163,11815415,0,-1,0
4,1165,11825458,-8176,-154,672
13,1164,11825480,1,0,0
4,1166,11835487,-8169,-156,673
13,1165,11835509,0,0,1
4,1167,11845571,-8179,-168,664
13,1166,11845593,0,4,0
4,1168,11855627,-8177,-166,664
13,1167,11855649,-1,6,-1
4,1169,11865706,-8172,-166,655
13,1168,11865728,0,4,2
4,1170,11875855,-8174,-154,664
13,1169,11875877,1,5,2
4,1171,11885859,-8164,-168,669
13,1170,11885881,0,5,2
4,1172,11895948,-8162,-159,679
13,1171,11895970,2,6,3
4,1173,11905996,-8173,-164,665
13,1172,11906018,0,5,2
4,1174,11916138,-8176,-173,663
13,1173,11916160,-2,7,0
4,1175,11926157,-8175,-176,667
13,1174,11926179,0,3,0
4,1176,11936256,-8172,-165,667
13,1175,11936278,0,1,0
4,1177,11946314,-8175,-153,662
13,1176,11946336,0,3,1
4,1178,11956403,-8184,-160,666
13,1177,11956425,0,1,0
4,1179,11966425,-8181,-157,671
13,1178,11966447,0,0,0
4,1180,11976523,-8185,-152,662
13,1179,11976545,-1,5,-1
4,1181,11986552,-8185,-151,662
13,1180,11986574,0,5,0
4,1182,11996649,-8186,-153,662
13,1181,11996671,0,5,1
4,1183,12006659,-8175,-166,657
13,1182,12006681,-1,2,1
4,1184,12016771,-8176,-149,661
13,1183,12016793,1,2,1
4,1185,12026828,-8174,-152,661
13,1184,12026849,0,0,0
4,1186,12037036,-8176,-167,661
13,1185,12037058,0,-4,0
4,1187,12046983,-8169,-166,663
13,1186,12047032,0,-4,0
4,1188,12057033,-8182,-157,658
13,1187,12057055,-1,-4,0
4,1189,12067150,-8170,-155,679
13,1188,12067172,0,-8,-2
4,1190,12077256,-8180,-166,677
13,1189,12077278,1,-2,0
4,1191,12087275,-8167,-162,658
13,1190,12087297,0,-2,0
4,1192,12097311,-8177,-170,672
13,1191,12097333,0,-2,0
4,1193,12107368,-8169,-168,676
13,1192,12107390,0,-3,-2
4,1194,12117540,-8172,-154,661
13,1193,12117562,0,1,-1
4,1195,12127594,-8173,-158,661
13,1194,12127616,-2,2,0
4,1196,12137589,-8183,-167,659
13,1195,12137611,0,3,0
4,1197,12147654,-8171,-154,670
13,1196,12147676,0,1,0
4,1198,12157760,-8169,-159,674
13,1197,12157782,0,2,1
4,1199,12167808,-8162,-157,667
13,1198,12167830,1,-4,0
4,1200,12177915,-8173,-167,677
13,1199,12177937,0,3,0
4,1201,12187975,-8177,-167,664
13,1200,12187997,1,6,-1
4,1202,12198162,-8168,-162,658
13,1201,12198184,1,6,0
4,1203,12208116,-8165,-166,649
13,1202,12208138,0,4,1
4,1204,12218180,-8178,-160,659
13,1203,12218202,0,1,0
4,1205,12228231,-8173,-156,657
13,1204,12228253,0,5,1
4,1206,12238382,-8166,-165,666
13,1205,12238404,2,4,0
4,1207,12248382,-8185,-166,650
13,1206,12248404,0,1,-1
4,1208,12258451,-8182,-163,671
13,1207,12258473,1,5,0
4,1209,12268504,-8173,-160,660
13,1208,12268525,1,2,0
4,1210,12278687,-8185,-163,657
13,1209,12278709,0,1,-1
4,1211,12288655,-8163,-158,658
13,1210,12288677,0,1,0
4,1212,12298793,-8179,-154,662
13,1211,12298815,-2,-1,0
4,1213,12308794,-8177,-158,667
13,1212,12308816,0,-2,-1
4,1214,12318960,-8179,-157,666
13,1213,12318982,1,-2,0
4,1215,12328982,-8172,-176,651
13,1214,12329004,-1,-2,0
4,1216,12339030,-8175,-156,662
13,1215,12339052,0,-1,1
4,1217,12349075,-8182,-146,674
13,1216,12349097,0,3,3
4,1218,12359225,-8183,-161,672
13,1217,12359247,-2,0,1
4,1219,12369231,-8185,-167,672
13,1218,12369253,0,3,0
4,1220,12379295,-8181,-161,665
13,1219,12379317,0,2,0
4,1221,12389373,-8175,-164,656
13,1220,12389395,0,-1,0
4,1222,12399408,-8173,-156,650
13,1221,12399430,0,-2,1
4,1223,12409553,-8169,-150,653
13,1222,12409575,0,-2,0
4,1224,12419539,-8181,-156,662
13,1223,12419561,0,-2,-1
4,1225,12429610,-8184,-165,667
13,1224,12429632,0,-6,0
4,1226,12439813,-8182,-167,663
13,1225,12439835,0,-9,0
4,1227,12449784,-8176,-159,661
13,1226,12449806,0,-5,0
4,1228,12459866,-8155,-167,677
13,1227,12459888,1,0,0
4,1229,12469877,-8162,-170,671
13,1228,12469899,-1,4,3
4,1230,12480006,-8174,-177,665
13,1229,12480028,0,8,1
4,1231,12490025,-8182,-167,672
13,1230,12490047,0,8,1
4,1232,12500110,-8183,-161,672
13,1231,12500131,1,7,3
4,1233,12510111,-8179,-162,668
13,1232,12510132,0,7,1
4,1234,12520317,-8170,-165,662
13,1233,12520339,1,1,-1
4,1235,12530322,-8181,-160,664
13,1234,12530344,1,-3,0
4,1236,12540300,-8186,-159,663
13,1235,12540322,0,0,-3
4,1237,12550494,-8179,-165,655
13,1236,12550516,1,-2,0
4,1238,12560579,-8186,-162,661
13,1237,12560601,0,-3,0
4,1239,12570568,-8180,-166,669
13,1238,12570590,-1,0,1
4,1240,12580679,-8181,-168,659
13,1239,12580701,0,3,0
4,1241,12590799,-8181,-161,663
13,1240,12590821,0,2,0
4,1242,12600824,-8170,-155,653
13,1241,12600846,-1,1,0
4,1243,12610848,-8173,-172,654
13,1242,12610870,2,5,0
4,1244,12620944,-8175,-176,652
13,1243,12620966,1,6,2
4,1245,12631073,-8186,-158,662
13,1244,12631095,0,2,0
4,1246,12641112,-8179,-160,666
13,1245,12641134,0,5,1
4,1247,12651091,-8182,-157,656
13,1246,12651113,-1,4,0
4,1248,12661264,-8181,-165,653
13,1247,12661286,0,1,1
4,1249,12671271,-8171,-166,662
13,1248,12671293,-1,3,0
4,1250,12681474,-8179,-158,660
13,1249,12681496,0,1,1
4,1251,12691458,-8181,-161,673
13,1250,12691480,1,-3,1
4,1252,12701517,-8188,-164,657
13,1251,12701539,2,-9,1
4,1253,12711636,-8177,-164,650
13,1252,12711658,0,-13,-1
4,1254,12721671,-8181,-156,665
13,1253,12721692,0,-13,-2
4,1255,12731655,-8178,-163,667
13,1254,12731677,0,-8,0
4,1256,12741772,-8183,-154,673
13,1255,12741793,0,-2,0
4,1257,12751890,-8194,-161,671
13,1256,12751912,-2,-2,2
4,1258,12762018,-8173,-165,660
13,1257,12762040,0,0,0
4,1259,12772027,-8160,-166,661
13,1258,12772049,0,0,3
4,1260,12782028,-8182,-166,662
13,1259,12782050,-1,3,0
4,1261,12792036,-8176,-164,672
13,1260,12792058,-2,3,0
4,1262,12802222,-8177,-177,682
13,1261,12802244,0,2,0
4,1263,12812245,-8178,-180,659
13,1262,12812267,1,0,0
4,1264,12822340,-8174,-160,663
13,1263,12822362,-1,0,2
4,1265,12832417,-8179,-156,662
13,1264,12832439,1,-2,0
4,1266,12842600,-8175,-169,670
13,1265,12842622,0,-8,0
4,1267,12852522,-8167,-158,673
13,1266,12852544,0,-10,0
4,1268,12862653,-8169,-172,672
13,1267,12862675,0,-8,1
4,1269,12872608,-8175,-168,660
13,1268,12872630,0,-5,-1
4,1270,12882849,-8172,-166,685
13,1269,12882870,0,-1,0
4,1271,12892817,-8178,-171,672
13,1270,12892839,0,0,0
4,1272,12902860,-8180,-168,674
13,1271,12902882,0,0,0
4,1273,12912981,-8168,-160,678
13,1272,12913003,-1,5,1
4,1274,12923184,-8178,-165,670
13,1273,12923206,0,5,2
4,1275,12933136,-8178,-165,658
13,1274,12933158,0,5,3
4,1276,12943271,-8173,-161,664
13,1275,12943293,1,0,0
4,1277,12953299,-8177,-157,662
13,1276,12953321,1,0,0
4,1278,12963351,-8184,-163,653
13,1277,12963373,-1,0,0
4,1279,12973416,-8175,-155,670
13,1278,12973438,-1,-3,0
4,1280,12983460,-8178,-156,665
13,1279,12983482,0,-1,3
4,1281,12993600,-8171,-157,660
13,1280,12993622,-2,-3,0
4,1282,13003711,-8178,-162,655
13,1281,13003733,1,-2,-2
4,1283,13013753,-8179,-164,678
13,1282,13013774,1,-2,1
4,1284,13023740,-8171,-172,665
13,1283,13023762,-1,0,0
4,1285,13033842,-8167,-149,662
13,1284,13033864,-1,-2,-2
4,1286,13043997,-8179,-166,671
13,1285,13044019,0,-5,0
4,1287,13054033,-8178,-168,653
13,1286,13054055,2,-9,0
4,1288,13064095,-8178,-163,663
13,1287,13064117,0,-7,0
4,1289,13074128,-8170,-173,673
13,1288,13074150,0,-3,0
4,1290,13084313,-8161,-165,674
13,1289,13084335,0,-3,0
4,1291,13094260,-8169,-167,678
13,1290,13094282,0,-4,1
4,1292,13104345,-8165,-171,669
13,1291,13104367,0,0,1
4,1293,13114402,-8169,-160,670
13,1292,13114424,0,2,0
4,1294,13124530,-8178,-156,663
13,1293,13124552,0,0,0
4,1295,13134603,-8166,-167,654
13,1294,13134625,0,0,0
4,1296,13144634,-8178,-155,663
13,1295,13144656,0,-2,-1
4,1297,13154777,-8169,-167,670
13,1296,13154799,0,-5,-4
4,1298,13164905,-8175,-163,657
13,1297,13164927,-2,-1,0
4,1299,13174887,-8180,-170,653
13,1298,13174909,-1,-1,0
4,1300,13184951,-8172,-162,661
13,1299,13184973,0,-3,0
4,1301,13195011,-8171,-149,666
13,1300,13195033,0,-3,-2
4,1302,13205126,-8176,-159,676
13,1301,13205148,0,0,-2
4,1303,13215147,-8177,-174,679
13,1302,13215169,-1,1,1
4,1304,13225182,-8173,-161,663
13,1303,13225204,1,2,1
4,1305,13235290,-8187,-161,671
13,1304,13235312,0,1,0
4,1306,13245431,-8170,-154,676
13,1305,13245453,0,-2,-1
4,1307,13255427,-8180,-163,678
13,1306,13255449,0,-3,0
4,1308,13265544,-8176,-160,671
13,1307,13265566,0,-2,0
4,1309,13275577,-8170,-168,679
13,1308,13275599,0,-3,-1
4,1310,13285619,-8185,-171,653
13,1309,13285641,-1,-6,0
4,1311,13295714,-8165,-169,665
13,1310,13295736,1,-5,0
4,1312,13305814,-8185,-154,669
13,1311,13305836,0,-6,0
4,1313,13315935,-8191,-168,670
13,1312,13315957,1,-9,0
4,1314,13326071,-8180,-162,674
13,1313,13326093,0,-7,2
4,1315,13336019,-8177,-174,665
13,1314,13336041,-2,-3,0
4,1316,13346085,-8172,-173,667
13,1315,13346107,-1,-2,-1
4,1317,13356200,-8186,-164,677
13,1316,13356222,2,0,0
4,1318,13366247,-8167,-148,674
13,1317,13366269,2,-5,0
4,1319,13376301,-8175,-154,663
13,1318,13376323,0,0,-2
4,1320,13386360,-8177,-150,667
13,1319,13386382,0,3,-1
4,1321,13396542,-8167,-149,672
13,1320,13396564,-2,0,0
4,1322,13406625,-8170,-151,668
13,1321,13406646,0,1,-1
4,1323,13416531,-8188,-161,663
13,1322,13416553,-1,-4,-2
4,1324,13426713,-8178,-166,672
13,1323,13426735,0,-3,-1
4,1325,13436773,-8171,-160,679
13,1324,13436795,0,-2,-1
4,1326,13446898,-8168,-165,681
13,1325,13446920,0,-1,0
4,1327,13456915,-8178,-173,679
13,1326,13456937,2,3,0
4,1328,13466967,-8184,-169,679
13,1327,13466989,4,1,0
4,1329,13477040,-8177,-162,673
13,1328,13477062,0,3,3
4,1330,13487219,-8169,-164,669
13,1329,13487241,0,5,1
4,1331,13497211,-8181,-158,669
13,1330,13497233,0,-1,1
4,1332,13507279,-8185,-164,674
13,1331,13507301,-2,0,0
4,1333,13517362,-8181,-166,671
13,1332,13517384,-2,0,1
4,1334,13527460,-8183,-160,670
13,1333,13527482,1,0,-1
4,1335,13537444,-8169,-157,671
13,1334,13537466,2,-1,0
4,1336,13547579,-8170,-171,658
13,1335,13547601,1,0,0
4,1337,13557702,-8179,-166,668
13,1336,13557724,0,1,1
4,1338,13567923,-8188,-165,677
13,1337,13567945,1,2,-1
4,1339,13577845,-8183,-171,675
13,1338,13577867,1,0,-1
4,1340,13587911,-8172,-168,665
13,1339,13587933,0,-1,0
4,1341,13598018,-8178,-163,674
13,1340,13598040,1,1,-1
4,1342,13608082,-8170,-159,683
13,1341,13608103,0,0,1
4,1343,13618106,-8178,-160,671
13,1342,13618128,0,3,0
4,1344,13628190,-8175,-158,672
13,1343,13628212,0,5,0
4,1345,13638328,-8172,-151,681
13,1344,13638350,2,5,0
4,1346,13648425,-8179,-165,677
13,1345,13648447,1,5,0
4,1347,13658435,-8175,-172,672
13,1346,13658456,0,3,0
4,1348,13668563,-8185,-155,673
13,1347,13668585,0,2,0
4,1349,13678500,-8160,-151,674
13,1348,13678522,2,2,0
4,1350,13688695,-8171,-165,674
13,1349,13688717,0,4,0
4,1351,13698780,-8175,-164,680
13,1350,13698802,0,1,0
4,1352,13708830,-8163,-166,672
13,1351,13708852,0,-3,-1
4,1353,13718866,-8181,-146,678
13,1352,13718888,1,-7,0
4,1354,13729023,-8190,-166,666
13,1353,13729045,0,-5,0
4,1355,13738969,-8179,-176,666
13,1354,13738991,1,2,0
4,1356,13749053,-8178,-170,671
13,1355,13749075,1,5,3
4,1357,13759139,-8175,-172,669
13,1356,13759161,0,8,2
4,1358,13769283,-8185,-161,667
13,1357,13769305,-1,12,-3
4,1359,13779273,-8177,-165,672
13,1358,13779295,-1,11,-2
4,1360,13789407,-8186,-169,678
13,1359,13789456,1,9,0
4,1361,13799463,-8175,-161,670
13,1360,13799485,0,4,0
4,1362,13809671,-8179,-161,664
13,1361,13809693,0,5,-2
4,1363,13819583,-8173,-162,669
13,1362,13819605,2,5,0
4,1364,13829627,-8191,-153,655
13,1363,13829649,0,-1,0
4,1365,13839745,-8181,-147,682
13,1364,13839767,0,-1,0
4,1366,13849834,-8167,-158,661
13,1365,13849856,0,-4,0
4,1367,13859850,-8179,-152,648
13,1366,13859871,0,-5,0
4,1368,13869881,-8175,-151,669
13,1367,13869903,0,-2,-1
4,1369,13880002,-8170,-175,675
13,1368,13880024,-1,1,-2
4,1370,13890218,-8168,-173,681
13,1369,13890240,0,3,0
4,1371,13900101,-8174,-161,683
13,1370,13900122,0,9,0
4,1372,13910188,-8184,-164,654
13,1371,13910210,0,9,-1
4,1373,13920290,-8182,-163,665
13,1372,13920312,-1,13,0
4,1374,13930412,-8173,-168,659
13,1373,13930434,1,10,0
4,1375,13940446,-8174,-166,662
13,1374,13940468,3,6,0
4,1376,13950514,-8181,-167,673
13,1375,13950536,0,3,0
4,1377,13960513,-8176,-161,657
13,1376,13960535,-1,-4,0
4,1378,13970721,-8172,-158,663
13,1377,13970742,0,-3,-2
4,1379,13980730,-8171,-160,666
13,1378,13980752,0,-2,0
4,1380,13990759,-8174,-166,668
13,1379,13990781,0,-3,0
4,1381,14000761,-8179,-155,667
13,1380,14000783,-1,0,0
4,1382,14010938,-8173,-153,678
13,1381,14010960,0,2,0
4,1383,14020951,-8180,-165,678
13,1382,14020973,-1,5,0
4,1384,14030975,-8181,-163,662
13,1383,14030997,-1,5,2
4,1385,14041128,-8173,-155,664
13,1384,14041150,0,4,1
4,1386,14051329,-8181,-163,669
13,1385,14051351,0,-1,3
4,1387,14061334,-8179,-159,653
13,1386,14061356,-1,0,1
4,1388,14071334,-8180,-171,670
13,1387,14071356,0,4,-2
4,1389,14081428,-8189,-172,672
13,1388,14081450,0,2,0
4,1390,14091466,-8183,-159,653
13,1389,14091488,0,3,1
4,1391,14101508,-8184,-152,670
13,1390,14101530,-1,3,-2
4,1392,14111596,-8163,-155,666
13,1391,14111618,-1,5,0
4,1393,14121599,-8186,-161,663
13,1392,14121620,1,7,-1
4,1394,14131892,-8179,-160,667
13,1393,14131913,0,3,-2
4,1395,14141763,-8167,-165,676
13,1394,14141785,0,-1,0
4,1396,14151886,-8184,-161,673
13,1395,14151908,1,-4,0
4,1397,14162009,-8173,-151,661
13,1396,14162031,1,-3,0
4,1398,14172080,-8187,-161,654
13,1397,14172130,-1,-5,0
4,1399,14182145,-8179,-164,665
13,1398,14182167,0,0,1
4,1400,14192202,-8174,-155,662
13,1399,14192224,1,5,1
4,1401,14202253,-8177,-152,659
13,1400,14202275,0,9,0
4,1402,14212429,-8170,-160,662
13,1401,14212451,0,9,0
4,1403,14222418,-8176,-159,665
13,1402,14222440,0,10,2
4,1404,14232472,-8189,-157,660
13,1403,14232494,0,7,1
4,1405,14242573,-8187,-172,667
13,1404,14242595,0,5,0
4,1406,14252680,-8179,-166,661
13,1405,14252702,1,1,1
4,1407,14262657,-8174,-164,672
13,1406,14262679,0,-4,0
4,1408,14272813,-8178,-162,665
13,1407,14272835,0,-6,0
4,1409,14282866,-8177,-159,675
13,1408,14282888,0,-5,0
4,1410,14292976,-8168,-164,661
13,1409,14293025,0,-7,-1
4,1411,14303081,-8172,-147,666
13,1410,14303103,0,-1,0
4,1412,14313081,-8176,-155,676
13,1411,14313103,0,4,0
4,1413,14323178,-8186,-155,669
13,1412,14323200,-1,5,0
4,1414,14333276,-8183,-173,676
13,1413,14333298,0,5,0
4,1415,14343340,-8170,-164,668
13,1414,14343362,0,5,1
4,1416,14353396,-8180,-163,664
13,1415,14353418,-2,5,0
4,1417,14363508,-8178,-163,669
13,1416,14363530,0,5,-1
4,1418,14373588,-8183,-179,672
13,1417,14373610,0,1,0
4,1419,14383561,-8182,-178,669
13,1418,14383583,0,1,1
4,1420,14393662,-8176,-167,668
13,1419,14393684,2,3,0
4,1421,14403652,-8177,-178,669
13,1420,14403674,2,2,1
4,1422,14413844,-8176,-163,664
13,1421,14413866,0,3,0
4,1423,14423853,-8181,-159,672
13,1422,14423874,0,1,0
4,1424,14433975,-8180,-166,661
13,1423,14433997,2,1,-1
4,1425,14444046,-8177,-153,657
13,1424,14444068,1,1,0
4,1426,14454222,-8182,-155,655
13,1425,14454244,0,4,0
4,1427,14464199,-8184,-161,666
13,1426,14464221,0,4,-2
4,1428,14474236,-8184,-172,676
13,1427,14474258,0,1,-1
4,1429,14484302,-8183,-158,669
13,1428,14484324,0,2,2
4,1430,14494421,-8180,-156,677
13,1429,14494443,0,1,1
4,1431,14504454,-8177,-161,662
13,1430,14504476,0,-3,-1
4,1432,14514524,-8177,-161,661
13,1431,14514546,0,-3,0
4,1433,14524568,-8182,-162,678
13,1432,14524590,0,-1,0
4,1434,14534779,-8196,-167,670
13,1433,14534828,0,-1,0
4,1435,14544783,-8163,-160,668
13,1434,14544832,0,-1,0
4,1436,14554842,-8163,-162,662
13,1435,14554864,-1,-1,0
4,1437,14564900,-8190,-171,665
13,1436,14564922,1,0,0
4,1438,14574970,-8185,-171,662
13,1437,14574992,2,1,0
4,1439,14585052,-8181,-158,675
13,1438,14585074,0,-2,0
4,1440,14595100,-8182,-156,664
13,1439,14595122,1,-2,0
4,1441,14605186,-8174,-168,658
13,1440,14605208,1,0,1
4,1442,14615325,-8176,-175,663
13,1441,14615347,0,0,0
4,1443,14625285,-8186,-159,676
13,1442,14625307,0,4,0
4,1444,14635384,-8179,-173,663
13,1443,14635406,0,3,0
4,1445,14645479,-8179,-156,665
13,1444,14645501,0,3,0
4,1446,14655573,-8182,-160,673
13,1445,14655595,0,5,0
4,1447,14665614,-8169,-171,673
13,1446,14665636,0,3,0
4,1448,14675643,-8185,-161,659
13,1447,14675665,0,2,1
4,1449,14685805,-8172,-152,671
13,1448,14685827,0,5,-1
4,1450,14695999,-8164,-162,665
13,1449,14696021,-1,3,-1
4,1451,14705904,-8186,-160,659
13,1450,14705926,0,0,0
4,1452,14715997,-8177,-178,679
13,1451,14716018,-1,-1,3
4,1453,14726049,-8177,-163,669
13,1452,14726071,0,-4,0
4,1454,14736133,-8162,-154,667
13,1453,14736155,0,-3,0
4,1455,14746189,-8172,-164,668
13,1454,14746211,-1,0,0
4,1456,14756246,-8180,-151,670
13,1455,14756268,-1,2,0
4,1457,14766332,-8180,-157,665
13,1456,14766354,0,5,2
4,1458,14776492,-8162,-164,668
13,1457,14776514,1,6,0
4,1459,14786446,-8172,-162,667
13,1458,14786468,2,7,0
4,1460,14796573,-8178,-173,659
13,1459,14796595,0,11,1
4,1461,14806697,-8188,-161,654
13,1460,14806719,0,9,0
4,1462,14816746,-8183,-155,662
13,1461,14816768,1,5,0
4,1463,14826762,-8179,-163,655
13,1462,14826784,0,0,-1
4,1464,14836791,-8185,-170,661
13,1463,14836813,0,-1,-1
4,1465,14846922,-8189,-158,664
13,1464,14846944,-1,-7,-2
4,1466,14857076,-8181,-157,660
13,1465,14857098,1,-13,-1
4,1467,14867045,-8180,-162,651
13,1466,14867067,1,-9,1
4,1468,14877067,-8173,-161,669
13,1467,14877089,-1,-3,0
4,1469,14887204,-8161,-154,677
13,1468,14887226,0,3,1
4,1470,14897288,-8158,-160,667
13,1469,14897310,0,6,2
4,1471,14907348,-8179,-168,663
13,1470,14907370,0,13,0
4,1472,14917403,-8186,-168,659
13,1471,14917425,2,12,0
4,1473,14927409,-8164,-159,654
13,1472,14927431,1,8,0
4,1474,14937643,-8177,-156,654
13,1473,14937665,0,5,0
4,1475,14947608,-8189,-160,663
13,1474,14947630,-2,1,0
4,1476,14957701,-8183,-158,664
13,1475,14957723,0,-1,0
4,1477,14967674,-8173,-169,665
13,1476,14967696,0,-5,0
4,1478,14977890,-8173,-167,661
13,1477,14977912,1,-3,-2
4,1479,14987857,-8172,-161,666
13,1478,14987879,-1,-3,-2
4,1480,14997882,-8157,-171,672
13,1479,14997904,0,-3,-1
4,1481,15007998,-8165,-170,674
13,1480,15008020,2,-1,-1
4,1482,15018135,-8172,-158,667
13,1481,15018157,1,3,-1
4,1483,15028106,-8165,-151,660
13,1482,15028128,1,3,0
4,1484,15038159,-8166,-162,669
13,1483,15038181,2,4,0
4,1485,15048250,-8174,-171,668
13,1484,15048299,1,4,0
4,1486,15058353,-8165,-163,659
13,1485,15058375,0,1,-3
4,1487,15068378,-8176,-147,663
13,1486,15068400,0,0,0
4,1488,15078375,-8177,-162,654
13,1487,15078397,1,3,0
4,1489,15088525,-8171,-168,657
13,1488,15088547,1,5,0
4,1490,15098654,-8167,-156,661
13,1489,15098676,0,11,1
4,1491,15108565,-8201,-160,661
13,1490,15108586,1,9,2
4,1492,15118702,-8191,-164,653
13,1491,15118724,0,6,3
4,1493,15128778,-8186,-172,647
13,1492,15128800,0,0,0
4,1494,15138838,-8182,-161,669
13,1493,15138860,0,-5,0
4,1495,15148927,-8183,-160,656
13,1494,15148949,0,-9,-1
4,1496,15159044,-8172,-163,654
13,1495,15159066,1,-8,0
4,1497,15169014,-8171,-156,664
13,1496,15169036,-1,-7,0
4,1498,15179222,-8170,-164,661
13,1497,15179244,-1,1,-1
4,1499,15189238,-8171,-164,666
13,1498,15189260,0,5,-2
4,1500,15199341,-8173,-172,663
13,1499,15199363,-3,4,0
4,1501,15209351,-8185,-168,659
13,1500,15209373,-2,5,1
4,1502,15219374,-8185,-172,664
13,1501,15219396,0,6,1
4,1503,15229521,-8160,-162,677
13,1502,15229543,0,3,-1
4,1504,15239544,-8181,-155,665
13,1503,15239566,1,4,1
4,1505,15249588,-8195,-170,660
13,1504,15249609,2,2,0
4,1506,15259772,-8183,-167,649
13,1505,15259794,-1,8,-3
4,1507,15269716,-8186,-163,659
13,1506,15269738,0,2,0
4,1508,15279843,-8179,-173,653
13,1507,15279864,0,0,-1
4,1509,15289880,-8175,-167,662
13,1508,15289902,0,1,0
4,1510,15299921,-8173,-164,670
13,1509,15299943,-1,1,0
4,1511,15310059,-8180,-159,671
13,1510,15310081,2,5,2
4,1512,15320157,-8175,-162,668
13,1511,15320179,0,2,0
4,1513,15330207,-8161,-166,669
13,1512,15330229,-3,0,0
4,1514,15340372,-8175,-157,664
13,1513,15340394,0,0,-2
4,1515,15350295,-8178,-146,669
13,1514,15350317,1,0,0
4,1516,15360313,-8185,-159,667
13,1515,15360335,0,1,0
4,1517,15370433,-8188,-148,651
13,1516,15370455,0,0,2
4,1518,15380473,-8166,-160,657
13,1517,15380495,1,4,2
4,1519,15390559,-8168,-166,673
13,1518,15390581,0,5,2
4,1520,15400633,-8184,-167,667
13,1519,15400655,0,4,-1
4,1521,15410768,-8180,-168,673
13,1520,15410790,0,0,0
4,1522,15420911,-8183,-158,663
13,1521,15420933,0,0,-1
4,1523,15430960,-8185,-152,656
13,1522,15430982,1,3,-1
4,1524,15440898,-8175,-171,668
13,1523,15440920,2,1,0
4,1525,15451069,-8168,-165,651
13,1524,15451091,0,-1,1
4,1526,15461128,-8178,-158,669
13,1525,15461150,0,0,0
4,1527,15471106,-8178,-163,674
13,1526,15471128,0,1,-1
4,1528,15481193,-8193,-171,664
13,1527,15481215,0,0,0
4,1529,15491274,-8172,-163,659
13,1528,15491296,0,-3,-2
4,1530,15501425,-8181,-159,657
13,1529,15501447,0,-4,0
4,1531,15511459,-8182,-161,667
13,1530,15511481,0,-6,2
4,1532,15521481,-8177,-165,675
13,1531,15521503,-1,-6,0
4,1533,15531543,-8174,-168,660
13,1532,15531565,1,-3,-1
4,1534,15541665,-8172,-164,656
13,1533,15541687,1,0,0
4,1535,15551680,-8181,-159,661
13,1534,15551729,-2,3,0
4,1536,15561856,-8173,-160,661
13,1535,15561878,0,5,-1
4,1537,15571862,-8175,-161,666
13,1536,15571884,1,6,0
4,1538,15582048,-8190,-152,662
13,1537,15582070,1,4,0
4,1539,15591958,-8178,-146,661
13,1538,15591980,0,0,-1
4,1540,15602021,-8178,-163,674
13,1539,15602043,-1,-2,0
4,1541,15612111,-8178,-166,661
13,1540,15612132,1,-4,-1
4,1542,15622222,-8177,-167,665
13,1541,15622244,3,-4,0
4,1543,15632262,-8177,-168,666
13,1542,15632284,0,-3,2
4,1544,15642263,-8172,-163,676
13,1543,15642285,0,-1,0
4,1545,15652414,-8175,-169,677
13,1544,15652436,0,1,-1
4,1546,15662523,-8176,-165,662
13,1545,15662545,0,5,0
4,1547,15672542,-8179,-162,666
13,1546,15672564,-1,4,1
4,1548,15682559,-8182,-163,671
13,1547,15682608,-1,3,0
4,1549,15692690,-8180,-153,668
13,1548,15692712,1,3,-2
4,1550,15702791,-8181,-154,664
13,1549,15702813,0,4,0
4,1551,15712851,-8172,-154,674
13,1550,15712873,-3,-4,0
4,1552,15722939,-8178,-165,656
13,1551,15722961,-2,-2,0
4,1553,15732947,-8197,-159,661
13,1552,15732969,0,-3,0
4,1554,15743107,-8171,-159,664
13,1553,15743129,0,-6,0
4,1555,15753075,-8173,-172,670
13,1554,15753097,-1,-10,0
4,1556,15763128,-8171,-167,671
13,1555,15763150,0,-4,1
4,1557,15773204,-8179,-171,674
13,1556,15773226,0,0,1
4,1558,15783329,-8188,-162,673
13,1557,15783351,0,2,2
4,1559,15793348,-8172,-163,657
13,1558,15793370,0,5,0
4,1560,15803406,-8176,-166,662
13,1559,15803455,0,7,0
4,1561,15813514,-8186,-163,656
13,1560,15813536,0,4,1
4,1562,15823685,-8186,-158,670
13,1561,15823707,0,1,-1
4,1563,15833685,-8199,-173,666
13,1562,15833707,0,-4,1
4,1564,15843678,-8179,-161,660
13,1563,15843700,2,-5,0
4,1565,15853684,-8172,-167,658
13,1564,15853706,1,-6,0
4,1566,15863814,-8172,-166,676
13,1565,15863836,1,-4,0
4,1567,15873861,-8168,-164,672
13,1566,15873883,0,0,1
4,1568,15883984,-8169,-169,686
13,1567,15884006,-1,-1,1
4,1569,15894000,-8170,-173,678
13,1568,15894022,-2,1,0
4,1570,15904139,-8173,-156,680
13,1569,15904161,1,0,0
4,1571,15914124,-8174,-165,669
13,1570,15914146,0,-1,0
4,1572,15924301,-8187,-158,661
13,1571,15924323,-1,0,1
4,1573,15934275,-8169,-167,658
13,1572,15934297,0,0,0
4,1574,15944419,-8169,-169,656
13,1573,15944441,0,-3,-2
4,1575,15954415,-8170,-158,655
13,1574,15954437,-1,-5,0
4,1576,15964509,-8169,-158,661
13,1575,15964531,0,-5,0
4,1577,15974550,-8184,-175,658
13,1576,15974572,0,-4,-1
4,1578,15984647,-8175,-175,663
13,1577,15984669,0,-5,0
4,1579,15994678,-8176,-168,674
13,1578,15994700,-2,-3,0
4,1580,16004755,-8177,-166,672
13,1579,16004777,0,1,0
4,1581,16014825,-8168,-159,667
13,1580,16014847,0,5,2
4,1582,16024923,-8174,-160,679
13,1581,16024945,0,7,0
4,1583,16034939,-8171,-156,673
13,1582,16034961,-1,0,-2
4,1584,16045009,-8170,-169,672
13,1583,16045031,-1,-1,0
4,1585,16055107,-8185,-171,675
13,1584,16055129,-1,-2,-2
4,1586,16065296,-8177,-161,670
13,1585,16065318,0,-2,-1
4,1587,16075255,-8173,-164,665
13,1586,16075277,0,-3,0
4,1588,16085353,-8191,-165,676
13,1587,16085375,1,-5,-1
4,1589,16095368,-8176,-163,678
13,1588,16095390,0,0,-1
4,1590,16105443,-8176,-160,674
13,1589,16105465,0,7,0
4,1591,16115531,-8170,-170,665
13,1590,16115553,0,6,0
4,1592,16125565,-8174,-168,659
13,1591,16125587,0,4,-1
4,1593,16135727,-8183,-159,669
13,1592,16135749,0,4,0
4,1594,16145809,-8177,-173,670
13,1593,16145831,0,4,0
4,1595,16155801,-8181,-154,667
13,1594,16155823,0,3,0
4,1596,16165909,-8188,-154,669
13,1595,16165931,0,0,-3
4,1597,16175920,-8184,-168,667
13,1596,16175970,-2,-2,0
4,1598,16186049,-8171,-175,668
13,1597,16186071,0,-5,3
4,1599,16196062,-8183,-163,671
13,1598,16196084,0,-9,0
4,1600,16206205,-8174,-162,675
13,1599,16206227,-2,-7,1
4,1601,16216212,-8168,-168,675
13,1600,16216234,0,-2,-1
4,1602,16226340,-8178,-170,680
13,1601,16226362,1,2,-2
4,1603,16236365,-8187,-169,676
13,1602,16236387,0,5,-2
4,1604,16246335,-8170,-163,674
13,1603,16246357,0,6,0
4,1605,16256460,-8169,-169,671
13,1604,16256482,1,10,0
4,1606,16266598,-8176,-157,669
13,1605,16266620,0,5,2
4,1607,16276608,-8168,-161,668
13,1606,16276630,-1,3,2
4,1608,16286673,-8185,-159,656
13,1607,16286695,2,1,2
4,1609,16296742,-8170,-161,670
13,1608,16296764,3,-4,3
4,1610,16306904,-8174,-157,688
13,1609,16306926,1,-3,2
4,1611,16316891,-8188,-153,678
13,1610,16316913,0,-5,-2
4,1612,16326955,-8182,-163,661
13,1611,16326977,0,-11,0
4,1613,16337080,-8183,-151,670
13,1612,16337102,0,-11,0
4,1614,16347105,-8185,-156,669
13,1613,16347127,0,-10,1
4,1615,16357193,-8177,-161,671
13,1614,16357215,0,-2,0
4,1616,16367207,-8173,-166,670
13,1615,16367229,-1,0,0
4,1617,16377337,-8165,-173,671
13,1616,16377359,-1,2,2
4,1618,16387418,-8176,-170,673
13,1617,16387440,-1,8,0
4,1619,16397360,-8175,-176,672
13,1618,16397382,-2,7,1
4,1620,16407517,-8186,-161,678
13,1619,16407539,0,5,1
4,1621,16417545,-8181,-161,677
13,1620,16417567,0,1,2
4,1622,16427670,-8177,-175,671
13,1621,16427692,-2,-2,0
4,1623,16437628,-8180,-163,666
13,1622,16437650,0,-5,1
4,1624,16447763,-8179,-172,660
13,1623,16447785,0,-9,0
4,1625,16457882,-8185,-157,669
13,1624,16457904,0,-8,-1
4,1626,16467907,-8179,-153,666
13,1625,16467929,-1,-8,1
4,1627,16477912,-8185,-150,674
13,1626,16477934,1,-7,-1
4,1628,16488010,-8173,-167,676
13,1627,16488032,0,-8,-2
4,1629,16498066,-8159,-165,669
13,1628,16498088,0,-4,-1
4,1630,16508155,-8175,-167,677
13,1629,16508177,1,-1,2
4,1631,16518219,-8164,-154,675
13,1630,16518241,1,4,2
4,1632,16528218,-8175,-163,664
13,1631,16528240,0,8,0
4,1633,16538375,-8177,-161,670
13,1632,16538397,0,10,0
4,1634,16548606,-8180,-163,677
13,1633,16548628,1,13,0
4,1635,16558538,-8181,-163,672
13,1634,16558560,0,9,0
4,1636,16568524,-8166,-162,676
13,1635,16568546,0,5,0
4,1637,16578682,-8164,-163,665
13,1636,16578704,0,3,0
4,1638,16588772,-8169,-162,679
13,1637,16588794,2,4,0
4,1639,16598744,-8173,-175,667
13,1638,16598766,1,4,0
4,1640,16608861,-8176,-170,665
13,1639,16608883,0,3,0
4,1641,16619001,-8173,-164,678
13,1640,16619023,-1,3,0
4,1642,16629159,-8183,-178,669
13,1641,16629181,-1,2,0
4,1643,16639066,-8171,-159,669
13,1642,16639088,0,3,0
4,1644,16649148,-8166,-159,673
13,1643,16649170,0,11,0
4,1645,16659164,-8179,-160,676
13,1644,16659186,0,14,1
4,1646,16669323,-8179,-165,677
13,1645,16669345,1,11,-1
4,1647,16679388,-8184,-169,667
13,1646,16679410,0,7,-2
4,1648,16689399,-8190,-165,660
13,1647,16689421,0,8,0
4,1649,16699602,-8182,-154,652
13,1648,16699624,0,4,1
4,1650,16709637,-8188,-157,655
13,1649,16709659,1,1,0
4,1651,16719672,-8189,-166,655
13,1650,16719694,0,1,0
4,1652,16729768,-8169,-163,663
13,1651,16729790,0,0,0
4,1653,16739783,-8178,-163,683
13,1652,16739805,1,1,1
4,1654,16749913,-8173,-164,667
13,1653,16749935,0,8,0
4,1655,16759923,-8182,-167,664
13,1654,16759945,0,6,0
4,1656,16769960,-8166,-154,669
13,1655,16769982,0,5,0
4,1657,16780099,-8178,-166,668
13,1656,16780121,0,2,0
4,1658,16790295,-8186,-162,668
13,1657,16790317,0,1,0
4,1659,16800223,-8168,-166,666
13,1658,16800245,0,-1,1
4,1660,16810330,-8188,-150,668
13,1659,16810352,0,-4,0
4,1661,16820407,-8171,-169,657
13,1660,16820429,0,-4,0
4,1662,16830437,-8169,-165,668
13,1661,16830459,-1,-9,0
4,1663,16840558,-8179,-155,670
13,1662,16840580,0,-8,0
4,1664,16850557,-8177,-169,669
13,1663,16850579,0,-6,-1
4,1665,16860605,-8171,-170,677
13,1664,16860627,0,-3,-2
4,1666,16870863,-8170,-166,674
13,1665,16870885,0,0,0
4,1667,16880777,-8177,-161,675
13,1666,16880799,1,-1,0
4,1668,16890837,-8188,-163,662
13,1667,16890859,0,3,0
4,1669,16900904,-8180,-157,671
13,1668,16900926,-1,9,2
4,1670,16911068,-8179,-161,666
13,1669,16911090,0,13,0
4,1671,16921077,-8182,-159,663
13,1670,16921099,-1,14,0
4,1672,16931166,-8181,-148,666
13,1671,16931188,-1,10,0
4,1673,16941232,-8173,-163,670
13,1672,16941254,-1,8,0
4,1674,16951343,-8170,-167,673
13,1673,16951365,0,7,2
4,1675,16961343,-8177,-166,655
13,1674,16961365,0,0,0
4,1676,16971336,-8176,-164,667
13,1675,16971358,0,1,0
4,1677,16981467,-8177,-168,673
13,1676,16981489,0,2,0
4,1678,16991542,-8176,-171,669
13,1677,16991564,0,4,1
4,1679,17001578,-8168,-156,667
13,1678,17001600,0,0,0
4,1680,17011668,-8181,-153,672
13,1679,17011690,2,1,0
4,1681,17021724,-8186,-164,664
13,1680,17021746,0,2,1
4,1682,17031906,-8183,-168,669
13,1681,17031928,-2,0,0
4,1683,17041864,-8173,-162,659
13,1682,17041886,0,-1,-5
4,1684,17051948,-8167,-160,658
13,1683,17051998,1,0,-2
4,1685,17062037,-8175,-167,669
13,1684,17062059,0,3,-1
4,1686,17072130,-8166,-176,665
13,1685,17072152,0,5,0
4,1687,17082181,-8182,-160,662
13,1686,17082203,0,7,0
4,1688,17092183,-8182,-165,650
13,1687,17092205,-1,6,1
4,1689,17102290,-8179,-178,655
13,1688,17102312,0,8,1
4,1690,17112478,-8174,-163,659
13,1689,17112500,1,6,2
4,1691,17122397,-8182,-161,654
13,1690,17122419,2,6,2
4,1692,17132464,-8178,-169,664
13,1691,17132486,0,4,0
4,1693,17142477,-8181,-167,663
13,1692,17142499,0,-3,0
4,1694,17152659,-8184,-161,657
13,1693,17152680,1,-6,-2
4,1695,17162685,-8172,-164,668
13,1694,17162707,1,-7,0
4,1696,17172763,-8167,-163,670
13,1695,17172785,0,-6,1
4,1697,17182841,-8174,-162,666
13,1696,17182863,0,-2,1
4,1698,17192977,-8169,-165,660
13,1697,17192999,0,0,2
4,1699,17202994,-8163,-156,663
13,1698,17203016,-1,3,1
4,1700,17213080,-8171,-162,670
13,1699,17213102,0,7,0
4,1701,17223119,-8180,-162,671
13,1700,17223141,-1,8,0
4,1702,17233227,-8173,-160,672
13,1701,17233249,1,12,-1
4,1703,17243199,-8170,-171,662
13,1702,17243221,0,12,0
4,1704,17253303,-8188,-167,659
13,1703,17253325,-1,11,0
4,1705,17263473,-8177,-175,667
13,1704,17263495,0,5,0
4,1706,17273539,-8177,-168,664
13,1705,17273561,0,2,1
4,1707,17283514,-8185,-172,663
13,1706,17283536,-1,-2,0
4,1708,17293606,-8181,-170,659
13,1707,17293628,0,-8,0
4,1709,17303638,-8187,-179,657
13,1708,17303687,4,-14,0
4,1710,17313805,-8171,-165,665
13,1709,17313827,1,-11,2
4,1711,17323826,-8180,-170,670
13,1710,17323848,-2,-5,1
4,1712,17333906,-8175,-178,673
13,1711,17333928,0,1,-1
4,1713,17343954,-8173,-163,663
13,1712,17343976,1,4,0
4,1714,17354100,-8170,-163,648
13,1713,17354122,0,9,1
4,1715,17364066,-8178,-165,671
13,1714,17364088,0,6,0
4,1716,17374203,-8176,-168,672
13,1715,17374225,1,5,0
4,1717,17384215,-8183,-166,654
13,1716,17384237,1,4,1
4,1718,17394319,-8189,-160,653
13,1717,17394341,0,1,1
4,1719,17404309,-8172,-168,656
13,1718,17404331,0,0,0
4,1720,17414434,-8172,-166,667
13,1719,17414456,2,-2,-1
4,1721,17424516,-8181,-160,673
13,1720,17424566,0,-2,0
4,1722,17434679,-8181,-152,670
13,1721,17434701,-2,-4,0
4,1723,17444591,-8169,-155,662
13,1722,17444613,-1,0,2
4,1724,17454712,-8188,-160,665
13,1723,17454734,0,-1,0
4,1725,17464761,-8175,-166,682
13,1724,17464783,1,0,-3
4,1726,17474879,-8180,-164,666
13,1725,17474901,0,3,-1
4,1727,17484894,-8186,-162,650
13,1726,17484916,0,4,-1
4,1728,17494914,-8181,-156,668
13,1727,17494936,-1,1,0
4,1729,17505032,-8178,-160,670
13,1728,17505054,0,3,0
4,1730,17515209,-8180,-177,661
13,1729,17515231,0,3,0
4,1731,17525202,-8178,-176,661
13,1730,17525224,0,4,0
4,1732,17535189,-8191,-167,667
13,1731,17535211,-1,7,1
4,1733,17545368,-8181,-169,656
13,1732,17545390,-1,5,0
4,1734,17555451,-8173,-166,662
13,1733,17555473,0,4,0
4,1735,17565411,-8189,-158,653
13,1734,17565433,1,6,0
4,1736,17575558,-8197,-161,659
13,1735,17575580,-2,6,2
4,1737,17585635,-8179,-168,660
13,1736,17585657,0,3,2
4,1738,17595757,-8172,-158,658
13,1737,17595779,0,-5,1
4,1739,17605723,-8174,-149,656
13,1738,17605745,0,-5,0
4,1740,17615796,-8185,-160,658
13,1739,17615818,0,-3,0
4,1741,17625852,-8187,-160,666
13,1740,17625874,1,-5,0
4,1742,17636006,-8170,-157,672
13,1741,17636028,-1,-9,-1
4,1743,17645965,-8176,-155,667
13,1742,17645987,0,-1,1
4,1744,17656061,-8177,-169,657
13,1743,17656083,0,2,1
4,1745,17666150,-8180,-171,659
13,1744,17666172,1,3,0
4,1746,17676289,-8179,-163,665
13,1745,17676311,-1,3,-1
4,1747,17686318,-8179,-158,668
13,1746,17686340,-2,4,-2
4,1748,17696378,-8184,-173,660
13,1747,17696400,-1,6,0
4,1749,17706399,-8174,-171,658
13,1748,17706421,1,4,0
4,1750,17716538,-8182,-165,671
13,1749,17716560,1,0,0
4,1751,17726600,-8185,-174,653
13,1750,17726622,2,-5,0
4,1752,17736578,-8179,-161,665
13,1751,17736600,1,-7,0
4,1753,17746708,-8180,-169,678
13,1752,17746730,0,-10,0
4,1754,17756874,-8171,-168,672
13,1753,17756896,2,-11,1
4,1755,17766872,-8174,-169,665
13,1754,17766894,0,-6,0
4,1756,17776880,-8196,-154,650
13,1755,17776902,-1,-1,0
4,1757,17786887,-8191,-168,664
13,1756,17786909,1,0,0
4,1758,17797154,-8192,-170,666
13,1757,17797176,2,0,0
4,1759,17807155,-8174,-156,666
13,1758,17807177,0,0,0
4,1760,17817183,-8171,-147,651
13,1759,17817205,0,0,0
4,1761,17827275,-8171,-161,660
13,1760,17827297,0,2,1
4,1762,17837390,-8171,-166,655
13,1761,17837411,0,0,1
4,1763,17847420,-8176,-170,656
13,1762,17847441,-1,1,0
4,1764,17857453,-8170,-166,663
13,1763,17857475,0,-4,-3
4,1765,17867433,-8170,-157,684
13,1764,17867455,0,-2,-1
4,1766,17877611,-8176,-177,671
13,1765,17877633,1,2,1
4,1767,17887685,-8180,-166,667
13,1766,17887707,1,-1,0
4,1768,17897710,-8183,-166,663
13,1767,17897732,0,0,0
4,1769,17907855,-8173,-168,662
13,1768,17907876,-1,7,1
4,1770,17917928,-8169,-163,667
13,1769,17917950,0,8,2
4,1771,17927863,-8168,-156,661
13,1770,17927885,-2,5,1
4,1772,17938003,-8173,-167,664
13,1771,17938025,0,0,0
4,1773,17948010,-8178,-174,655
13,1772,17948032,0,-4,1
4,1774,17958159,-8176,-174,662
13,1773,17958181,2,-6,2
4,1775,17968212,-8166,-172,661
13,1774,17968234,0,-7,2
4,1776,17978284,-8180,-169,664
13,1775,17978306,0,-6,1
4,1777,17988323,-8174,-159,658
13,1776,17988345,1,0,0
4,1778,17998557,-8176,-159,652
13,1777,17998579,0,2,-1
4,1779,18008390,-8168,-161,665
13,1778,18008412,0,4,0
4,1780,18018569,-8179,-160,659
13,1779,18018591,0,8,0
4,1781,18028582,-8180,-160,671
13,1780,18028604,1,6,-1
4,1782,18038655,-8176,-163,669
13,1781,18038677,2,4,0
4,1783,18048718,-8179,-169,660
13,1782,18048740,1,0,1
4,1784,18058767,-8182,-166,670
13,1783,18058816,1,0,1
4,1785,18068886,-8179,-162,676
13,1784,18068908,0,0,1
4,1786,18079085,-8174,-160,668
13,1785,18079107,1,1,0
4,1787,18089035,-8177,-167,662
13,1786,18089057,0,1,-1
4,1788,18099081,-8175,-167,665
13,1787,18099103,-1,-1,0
4,1789,18109161,-8177,-159,662
13,1788,18109183,0,-1,-1
4,1790,18119227,-8170,-168,662
13,1789,18119249,0,1,0
4,1791,18129325,-8165,-160,664
13,1790,18129347,0,3,0
4,1792,18139345,-8172,-162,658
13,1791,18139366,0,3,1
4,1793,18149451,-8171,-161,665
13,1792,18149473,0,4,1
4,1794,18159507,-8180,-160,662
13,1793,18159529,1,2,0
4,1795,18169536,-8176,-164,663
13,1794,18169558,1,1,1
4,1796,18179601,-8183,-164,666
13,1795,18179651,0,-1,1
4,1797,18189685,-8197,-178,653
13,1796,18189707,0,-1,0
4,1798,18199774,-8180,-167,661
13,1797,18199796,1,-4,1
4,1799,18209786,-8168,-160,668
13,1798,18209808,2,-2,1
4,1800,18219893,-8190,-158,663
13,1799,18219914,0,-9,0
4,1801,18229900,-8183,-173,659
13,1800,18229922,-1,-6,0
4,1802,18240114,-8176,-162,658
13,1801,18240136,0,0,0
4,1803,18250017,-8164,-164,670
13,1802,18250039,1,0,0
4,1804,18260154,-8169,-164,679
13,1803,18260176,-1,2,1
4,1805,18270221,-8185,-153,667
13,1804,18270243,-1,0,2
4,1806,18280339,-8168,-157,660
13,1805,18280361,0,0,0
4,1807,18290410,-8178,-168,671
13,1806,18290432,0,3,0
4,1808,18300421,-8180,-168,674
13,1807,18300443,1,1,1
4,1809,18310500,-8184,-161,665
13,1808,18310522,0,-2,-1
4,1810,18320699,-8173,-174,661
13,1809,18320721,0,-10,-3
4,1811,18330650,-8179,-166,663
13,1810,18330672,0,-12,1
4,1812,18340711,-8166,-166,667
13,1811,18340733,-1,-11,2
4,1813,18350786,-8171,-177,670
13,1812,18350808,0,-11,0
4,1814,18360847,-8176,-163,672
13,1813,18360869,0,-5,0
4,1815,18370901,-8167,-168,672
13,1814,18370923,-2,1,-1
4,1816,18380951,-8169,-160,672
13,1815,18380973,-1,3,0
4,1817,18391059,-8167,-167,668
13,1816,18391081,0,5,0
4,1818,18401250,-8175,-148,671
13,1817,18401272,0,7,0
4,1819,18411175,-8175,-151,658
13,1818,18411197,-2,3,0
4,1820,18421197,-8179,-167,657
13,1819,18421219,-1,3,0
4,1821,18431323,-8179,-149,674
13,1820,18431345,0,5,0
4,1822,18441438,-8180,-151,668
13,1821,18441460,-1,8,1
4,1823,18451519,-8179,-161,660
13,1822,18451541,0,9,1
4,1824,18461550,-8169,-164,660
13,1823,18461572,1,5,0
4,1825,18471602,-8172,-166,655
13,1824,18471624,0,0,0
4,1826,18481740,-8169,-164,661
13,1825,18481762,-1,-6,0
4,1827,18491787,-8164,-167,667
13,1826,18491809,0,-10,3
4,1828,18501765,-8175,-156,668
13,1827,18501787,1,-10,2
4,1829,18511858,-8173,-165,667
13,1828,18511880,0,-8,0
4,1830,18521953,-8176,-167,663
13,1829,18521975,0,-9,0
4,1831,18532039,-8185,-180,662
13,1830,18532061,0,-9,0
4,1832,18542046,-8168,-161,666
13,1831,18542068,1,-2,0
4,1833,18552084,-8165,-156,666
13,1832,18552106,0,0,2
4,1834,18562328,-8165,-165,666
13,1833,18562350,1,1,0
4,1835,18572274,-8187,-167,654
13,1834,18572296,1,3,0
4,1836,18582356,-8164,-162,666
13,1835,18582378,0,3,0
4,1837,18592390,-8176,-167,681
13,1836,18592412,0,1,0
4,1838,18602508,-8187,-155,684
13,1837,18602530,0,-3,0
4,1839,18612518,-8179,-166,667
13,1838,18612540,0,-7,1
4,1840,18622572,-8187,-159,668
13,1839,18622594,0,-7,1
4,1841,18632655,-8174,-161,674
13,1840,18632677,0,-8,1
4,1842,18642805,-8166,-169,674
13,1841,18642827,-1,-7,-2
4,1843,18652820,-8177,-157,670
13,1842,18652842,0,-5,-2
4,1844,18662878,-8190,-157,657
13,1843,18662900,0,2,-2
4,1845,18672880,-8176,-166,669
13,1844,18672902,0,1,-1
4,1846,18683067,-8174,-159,673
13,1845,18683089,-1,3,0
4,1847,18693123,-8178,-163,657
13,1846,18693145,0,6,0
4,1848,18703260,-8181,-171,665
13,1847,18703282,1,7,0
4,1849,18713294,-8170,-164,663
13,1848,18713316,1,8,0
4,1850,18723436,-8176,-157,658
13,1849,18723457,0,5,0
4,1851,18733451,-8178,-163,674
13,1850,18733473,0,4,-2
4,1852,18743444,-8170,-166,667
13,1851,18743466,1,0,0
4,1853,18753546,-8165,-165,660
13,1852,18753568,0,0,0
4,1854,18763632,-8179,-169,664
13,1853,18763654,1,-1,1
4,1855,18773717,-8193,-155,658
13,1854,18773739,2,-5,0
4,1856,18783718,-8182,-162,660
13,1855,18783740,1,-11,0
4,1857,18793810,-8183,-157,661
13,1856,18793832,-1,-8,-1
4,1858,18804030,-8171,-164,658
13,1857,18804052,-1,-9,0
4,1859,18813893,-8162,-166,662
13,1858,18813915,0,-10,0
4,1860,18824042,-8169,-160,668
13,1859,18824064,0,0,0
4,1861,18834140,-8189,-166,668
13,1860,18834162,0,4,0
4,1862,18844159,-8185,-165,667
13,1861,18844181,0,0,2
4,1863,18854175,-8172,-156,672
13,1862,18854197,0,0,2
4,1864,18864269,-8164,-164,661
13,1863,18864291,0,0,2
4,1865,18874318,-8199,-160,672
13,1864,18874340,1,0,-1
4,1866,18884463,-8186,-160,670
13,1865,18884485,0,0,0
4,1867,18894456,-8183,-170,657
13,1866,18894478,-1,-4,0
4,1868,18904576,-8167,-173,656
13,1867,18904597,0,-7,0
4,1869,18914595,-8180,-171,662
13,1868,18914617,-1,-10,0
4,1870,18924750,-8179,-170,661
13,1869,18924772,-2,-11,0
4,1871,18934743,-8170,-164,667
13,1870,18934765,0,-12,-1
4,1872,18944867,-8182,-163,674
13,1871,18944889,-1,-8,0
4,1873,18954877,-8174,-170,680
13,1872,18954899,0,1,1
4,1874,18964962,-8167,-167,668
13,1873,18964984,2,7,0
4,1875,18975014,-8170,-164,673
13,1874,18975036,0,10,0
4,1876,18985055,-8184,-155,654
13,1875,18985077,0,9,1
4,1877,18995099,-8183,-149,663
13,1876,18995121,2,6,0
4,1878,19005156,-8176,-170,666
13,1877,19005178,0,3,1
4,1879,19015257,-8180,-166,666
13,1878,19015279,0,3,3
4,1880,19025337,-8182,-165,665
13,1879,19025359,0,-2,1
4,1881,19035325,-8173,-165,669
13,1880,19035347,-1,-8,0
4,1882,19045557,-8176,-162,669
13,1881,19045579,2,-4,-1
4,1883,19055525,-8179,-170,670
13,1882,19055548,-1,-4,0
4,1884,19065598,-8183,-166,668
13,1883,19065620,-1,0,0
4,1885,19075653,-8178,-160,674
13,1884,19075675,0,4,0
4,1886,19085768,-8172,-164,664
13,1885,19085790,2,0,0
4,1887,19095722,-8178,-156,669
13,1886,19095744,1,1,0
4,1888,19105810,-8190,-151,670
13,1887,19105832,0,4,2
4,1889,19115919,-8181,-161,666
13,1888,19115941,0,0,0
4,1890,19126037,-8184,-162,674
13,1889,19126059,0,-4,-2
4,1891,19135932,-8187,-169,666
13,1890,19135954,1,-5,0
4,1892,19146072,-8179,-157,678
13,1891,19146094,0,-2,0
4,1893,19156144,-8171,-161,659
13,1892,19156165,2,-1,0
4,1894,19166197,-8175,-159,665
13,1893,19166219,1,-4,0
4,1895,19176287,-8162,-171,674
13,1894,19176308,0,0,-1
4,1896,19186429,-8172,-169,669
13,1895,19186451,0,1,0
4,1897,19196519,-8175,-164,666
13,1896,19196541,-1,5,2
4,1898,19206598,-8173,-175,667
13,1897,19206620,-1,4,2
4,1899,19216574,-8175,-170,661
13,1898,19216596,0,5,2
4,1900,19226583,-8173,-163,664
13,1899,19226605,0,6,1
4,1901,19236655,-8176,-170,679
13,1900,19236677,3,8,1
4,1902,19246794,-8171,-165,686
13,1901,19246816,1,11,1
4,1903,19256747,-8178,-161,667
13,1902,19256769,0,7,1
4,1904,19266945,-8190,-156,668
13,1903,19266967,-1,5,0
4,1905,19276884,-8176,-160,670
13,1904,19276906,1,4,0
4,1906,19287106,-8182,-157,666
13,1905,19287128,0,5,2
4,1907,19297144,-8175,-155,677
13,1906,19297193,0,2,1
4,1908,19307140,-8180,-162,665
13,1907,19307189,0,0,-1
4,1909,19317263,-8175,-167,671
13,1908,19317285,-1,2,1
4,1910,19327332,-8173,-172,673
13,1909,19327354,0,2,1
4,1911,19337339,-8180,-159,667
13,1910,19337361,1,2,0
4,1912,19347443,-8174,-155,661
13,1911,19347465,0,0,0
4,1913,19357515,-8179,-157,660
13,1912,19357537,0,-4,0
4,1914,19367668,-8186,-154,668
13,1913,19367690,0,-1,-2
4,1915,19377631,-8174,-160,662
13,1914,19377653,0,0,0
4,1916,19387716,-8181,-170,661
13,1915,19387738,0,-3,1
4,1917,19397699,-8179,-169,667
13,1916,19397721,2,2,1
4,1918,19407897,-8162,-160,662
13,1917,19407919,0,4,0
4,1919,19417897,-8175,-156,666
13,1918,19417919,0,5,0
4,1920,19427929,-8194,-162,660
13,1919,19427951,1,3,0
4,1921,19438106,-8180,-166,668
13,1920,19438128,0,-3,0
4,1922,19448216,-8167,-163,669
13,1921,19448238,1,-7,-1
4,1923,19458220,-8172,-164,666
13,1922,19458242,0,-6,-1
4,1924,19468286,-8182,-173,662
13,1923,19468308,0,-5,0
4,1925,19478379,-8170,-169,657
13,1924,19478401,0,-6,0
4,1926,19488476,-8171,-154,671
13,1925,19488498,0,-4,-1
4,1927,19498488,-8173,-159,672
13,1926,19498510,-1,-2,2
4,1928,19508525,-8174,-164,662
13,1927,19508547,0,-3,2
4,1929,19518601,-8178,-162,674
13,1928,19518622,0,-1,0
4,1930,19528751,-8187,-161,667
13,1929,19528773,0,2,0
4,1931,19538644,-8171,-177,667
13,1930,19538666,0,3,0
4,1932,19548761,-8186,-161,674
13,1931,19548783,-1,5,1
4,1933,19558859,-8184,-157,669
13,1932,19558881,1,6,0
4,1934,19568972,-8175,-166,667
13,1933,19568994,0,6,0
4,1935,19579029,-8160,-163,660
13,1934,19579051,-1,7,-1
4,1936,19589065,-8175,-174,663
13,1935,19589087,1,5,0
4,1937,19599121,-8183,-163,665
13,1936,19599143,-1,9,0
4,1938,19609273,-8178,-156,662
13,1937,19609295,-2,9,1
4,1939,19619257,-8177,-165,659
13,1938,19619279,0,5,2
4,1940,19629315,-8177,-170,657
13,1939,19629337,0,6,2
4,1941,19639369,-8188,-161,655
13,1940,19639391,0,6,1
4,1942,19649481,-8182,-172,663
13,1941,19649503,0,3,1
4,1943,19659456,-8175,-180,651
13,1942,19659478,2,-2,0
4,1944,19669597,-8176,-168,656
13,1943,19669619,3,-2,-1
4,1945,19679744,-8167,-157,659
13,1944,19679766,0,-5,2
4,1946,19689844,-8170,-159,666
13,1945,19689866,0,-5,0
4,1947,19699793,-8181,-177,668
13,1946,19699815,0,-4,0
4,1948,19709805,-8174,-173,667
13,1947,19709827,0,-4,2
4,1949,19719958,-8170,-158,666
13,1948,19719980,1,-2,0
4,1950,19730003,-8175,-163,659
13,1949,19730025,1,3,0
4,1951,19740069,-8168,-166,663
13,1950,19740091,1,3,1
4,1952,19750089,-8171,-166,669
13,1951,19750111,2,4,0
4,1953,19760140,-8182,-168,666
13,1952,19760162,0,6,-1
4,1954,19770356,-8177,-174,671
13,1953,19770378,-1,4,0
4,1955,19780331,-8175,-169,657
13,1954,19780352,-1,3,0
4,1956,19790394,-8189,-156,661
13,1955,19790416,2,0,-1
4,1957,19800442,-8179,-162,675
13,1956,19800464,0,2,0
4,1958,19810499,-8179,-168,666
13,1957,19810548,0,2,0
4,1959,19820616,-8169,-168,656
13,1958,19820638,1,0,-1
4,1960,19830749,-8172,-166,667
13,1959,19830771,0,1,0
4,1961,19840737,-8183,-159,666
13,1960,19840759,0,3,0
4,1962,19850859,-8182,-177,661
13,1961,19850881,0,3,1
4,1963,19860857,-8175,-169,657
13,1962,19860879,-1,0,0
4,1964,19870891,-8180,-163,669
13,1963,19870913,0,4,0
4,1965,19880975,-8180,-163,665
13,1964,19880997,1,7,-2
4,1966,19891054,-8177,-160,656
13,1965,19891076,1,7,-2
4,1967,19901105,-8178,-171,659
13,1966,19901127,1,8,2
4,1968,19911157,-8175,-173,654
13,1967,19911179,0,7,0
4,1969,19921237,-8178,-150,661
13,1968,19921259,2,4,0
4,1970,19931429,-8187,-161,662
13,1969,19931451,-1,-2,-1
4,1971,19941424,-8184,-157,663
13,1970,19941446,0,-9,-2
4,1972,19951453,-8198,-163,651
13,1971,19951475,0,-10,0
4,1973,19961503,-8184,-163,649
13,1972,19961525,1,-10,1
4,1974,19971570,-8177,-162,659
13,1973,19971592,0,-8,1
4,1975,19981610,-8171,-168,660
13,1974,19981632,0,-5,0
4,1976,19991665,-8181,-161,667
13,1975,19991687,-1,-2,0
4,1977,20001767,-8183,-165,670
13,1976,20001789,-1,3,1
4,1978,20011848,-8181,-154,657
13,1977,20011870,0,5,2
4,1979,20021858,-8175,-158,657
13,1978,20021880,1,4,0
4,1980,20031924,-8183,-166,665
13,1979,20031946,2,5,-1
4,1981,20042007,-8178,-182,666
13,1980,20042029,0,6,2
4,1982,20052088,-8177,-164,667
13,1981,20052137,0,2,2
4,1983,20062102,-8179,-168,651
13,1982,20062124,0,-1,-1
4,1984,20072222,-8179,-151,663
13,1983,20072244,0,-8,-2
4,1985,20082292,-8182,-162,661
13,1984,20082314,1,-14,-1
4,1986,20092433,-8183,-171,658
13,1985,20092455,1,-13,-1
4,1987,20102361,-8171,-167,657
13,1986,20102383,0,-10,0
4,1988,20112516,-8175,-159,655
13,1987,20112538,-2,-7,1
4,1989,20122529,-8165,-174,672
13,1988,20122551,-2,2,-1
4,1990,20132577,-8176,-173,664
13,1989,20132599,1,4,0
4,1991,20142654,-8166,-161,669
13,1990,20142676,0,4,0
4,1992,20152705,-8184,-166,680
13,1991,20152727,0,4,0
4,1993,20162820,-8184,-170,666
13,1992,20162842,1,0,0
4,1994,20172979,-8169,-157,661
13,1993,20173001,1,-2,-2
4,1995,20182940,-8184,-164,663
13,1994,20182962,0,-5,-2
4,1996,20193001,-8185,-167,663
13,1995,20193023,0,-6,1
4,1997,20203061,-8169,-161,665
13,1996,20203083,0,-3,0
4,1998,20213126,-8179,-164,665
13,1997,20213148,-1,-3,0
4,1999,20223210,-8181,-150,667
13,1998,20223232,0,-3,-1
4,2000,20233275,-8168,-161,659
13,1999,20233297,0,0,0
4,2001,20243264,-8180,-175,664
13,2000,20243285,-1,-2,1
4,2002,20253517,-8185,-155,666
13,2001,20253539,0,-1,1
4,2003,20263466,-8174,-165,655
13,2002,20263488,0,0,0
4,2004,20273486,-8175,-168,662
13,2003,20273508,0,3,0
4,2005,20283611,-8168,-168,655
13,2004,20283633,-1,0,0
4,2006,20293771,-8169,-164,651
13,2005,20293793,0,0,0
4,2007,20303703,-8176,-166,661
13,2006,20303725,0,4,2
4,2008,20313817,-8181,-172,663
13,2007,20313839,1,5,2
4,2009,20323938,-8172,-166,664
13,2008,20323960,0,3,1
4,2010,20334081,-8180,-158,657
13,2009,20334103,0,1,-1
4,2011,20344037,-8185,-149,668
13,2010,20344059,0,-2,-3
4,2012,20354039,-8179,-151,653
13,2011,20354061,0,-8,0
4,2013,20364171,-8173,-159,654
13,2012,20364193,0,-8,1
4,2014,20374244,-8169,-166,653
13,2013,20374266,0,-3,0
4,2015,20384272,-8174,-160,669
13,2014,20384294,0,4,1
4,2016,20394347,-8174,-161,666
13,2015,20394369,0,3,0
4,2017,20404419,-8182,-153,660
13,2016,20404441,-1,4,-1
4,2018,20414646,-8178,-157,656
13,2017,20414695,1,9,-2
4,2019,20424559,-8170,-167,660
13,2018,20424581,0,7,0
4,2020,20434567,-8176,-177,665
13,2019,20434589,-2,4,0
4,2021,20444736,-8181,-172,656
13,2020,20444758,1,0,0
4,2022,20454869,-8181,-170,661
13,2021,20454891,0,-2,0
4,2023,20464887,-8173,-170,655
13,2022,20464909,0,-3,-3
4,2024,20474976,-8170,-172,667
13,2023,20474998,0,-2,0
4,2025,20484993,-8166,-161,659
13,2024,20485015,0,-2,1
4,2026,20495076,-8173,-162,664
13,2025,20495098,0,-3,0
4,2027,20505107,-8176,-156,672
13,2026,20505129,1,0,0
4,2028,20515150,-8170,-165,656
13,2027,20515172,0,2,0
4,2029,20525242,-8179,-160,663
13,2028,20525264,0,4,-1
4,2030,20535383,-8177,-165,664
13,2029,20535404,0,2,0
4,2031,20545468,-8182,-165,650
13,2030,20545490,0,4,-1
4,2032,20555466,-8185,-165,671
13,2031,20555488,0,4,-1
4,2033,20565645,-8173,-157,667
13,2032,20565667,0,0,0
4,2034,20575656,-8185,-156,650
13,2033,20575678,-1,-5,1
4,2035,20585764,-8169,-160,667
13,2034,20585786,-1,-6,2
4,2036,20595757,-8177,-157,663
13,2035,20595779,0,-8,0
4,2037,20605754,-8189,-171,663
13,2036,20605776,0,-5,0
4,2038,20615920,-8177,-174,670
13,2037,20615942,0,-2,0
4,2039,20625936,-8170,-171,659
13,2038,20625958,0,0,0
4,2040,20636034,-8174,-163,668
13,2039,20636056,0,5,1
4,2041,20646152,-8176,-160,661
13,2040,20646174,0,7,1
4,2042,20656270,-8175,-160,655
13,2041,20656292,-2,5,0
4,2043,20666247,-8177,-160,667
13,2042,20666269,0,4,0
4,2044,20676311,-8168,-172,658
13,2043,20676333,-1,-1,-1
4,2045,20686413,-8182,-165,658
13,2044,20686435,2,-5,-1
4,2046,20696568,-8180,-173,666
13,2045,20696590,0,-7,0
4,2047,20706564,-8178,-163,664
13,2046,20706586,0,-7,0
4,2048,20716654,-8168,-173,669
13,2047,20716676,2,-4,0
4,2049,20726628,-8156,-156,657
13,2048,20726650,1,-4,1
4,2050,20736801,-8186,-154,661
13,2049,20736823,0,-4,1
4,2051,20746773,-8182,-165,659
13,2050,20746795,-3,1,1
4,2052,20756862,-8189,-175,660
13,2051,20756884,0,5,0
4,2053,20766905,-8177,-160,665
13,2052,20766927,0,6,-1
4,2054,20776973,-8179,-166,660
13,2053,20776995,2,8,0
4,2055,20787031,-8179,-163,664
13,2054,20787053,0,6,0
4,2056,20797067,-8183,-153,664
13,2055,20797089,0,3,0
4,2057,20807212,-8177,-161,665
13,2056,20807235,0,4,0
4,2058,20817330,-8178,-171,659
13,2057,20817352,0,4,0
4,2059,20827349,-8175,-171,663
13,2058,20827371,1,4,1
4,2060,20837390,-8173,-174,663
13,2059,20837412,0,4,0
4,2061,20847486,-8172,-164,664
13,2060,20847508,-1,1,-1
4,2062,20857606,-8182,-164,659
13,2061,20857627,0,-2,-2
4,2063,20867589,-8179,-176,658
13,2062,20867611,2,-5,0
4,2064,20877633,-8172,-171,652
13,2063,20877655,0,-8,0
4,2065,20887710,-8175,-157,663
13,2064,20887732,2,-9,3
4,2066,20897860,-8171,-165,661
13,2065,20897882,2,-7,2
4,2067,20907846,-8176,-164,664
13,2066,20907868,0,0,-1
4,2068,20917933,-8177,-157,647
13,2067,20917955,0,6,0
4,2069,20927964,-8173,-168,657
13,2068,20927986,1,3,0
4,2070,20938139,-8172,-169,665
13,2069,20938161,-1,4,0
4,2071,20948151,-8166,-155,658
13,2070,20948173,0,8,0
4,2072,20958222,-8188,-161,669
13,2071,20958244,1,5,-1
4,2073,20968329,-8181,-164,668
13,2072,20968351,0,1,-1
4,2074,20978434,-8188,-156,652
13,2073,20978456,1,-1,-1
4,2075,20988351,-8181,-156,661
13,2074,20988373,0,-2,0
4,2076,20998471,-8173,-155,651
13,2075,20998493,0,-4,1
4,2077,21008539,-8173,-152,650
13,2076,21008561,0,-6,0
4,2078,21018701,-8179,-158,660
13,2077,21018723,0,-7,0
4,2079,21028675,-8182,-159,654
13,2078,21028697,1,-6,-1
4,2080,21038738,-8179,-166,655
13,2079,21038760,1,-7,-1
4,2081,21048790,-8166,-165,660
13,2080,21048812,0,-5,0
4,2082,21059070,-8172,-167,657
13,2081,21059092,0,-7,-1
4,2083,21068958,-8189,-171,668
13,2082,21068980,0,-12,-2
4,2084,21079090,-8169,-168,655
13,2083,21079112,-1,-5,1
4,2085,21089123,-8177,-174,658
13,2084,21089145,1,0,4
4,2086,21099259,-8188,-163,664
13,2085,21099280,0,1,2
4,2087,21109236,-8172,-170,654
13,2086,21109258,0,3,0
4,2088,21119247,-8183,-169,657
13,2087,21119269,-1,7,0
4,2089,21129385,-8180,-162,662
13,2088,21129407,0,7,0
4,2090,21139516,-8175,-164,661
13,2089,21139538,0,2,2
4,2091,21149533,-8183,-158,658
13,2090,21149555,1,-2,0
4,2092,21159585,-8188,-164,654
13,2091,21159607,2,-7,0
4,2093,21169673,-8173,-166,658
13,2092,21169695,2,-10,0
4,2094,21179739,-8178,-156,669
13,2093,21179789,0,-11,-1
4,2095,21189825,-8182,-159,668
13,2094,21189847,-2,-3,0
4,2096,21199905,-8172,-160,662
13,2095,21199927,-1,-2,0
4,2097,21209958,-8169,-172,666
13,2096,21209980,1,0,0
4,2098,21220105,-8191,-160,677
13,2097,21220127,-1,3,0
4,2099,21230073,-8177,-150,656
13,2098,21230095,0,8,1
4,2100,21240093,-8175,-161,659
13,2099,21240115,0,4,3
4,2101,21250221,-8178,-157,662
13,2100,21250243,1,4,1
4,2102,21260310,-8180,-157,666
13,2101,21260332,0,5,0
4,2103,21270418,-8176,-160,664
13,2102,21270440,-1,1,0
4,2104,21280439,-8172,-169,672
13,2103,21280461,-1,-2,0
4,2105,21290514,-8173,-163,675
13,2104,21290536,1,-5,0
4,2106,21300764,-8182,-160,682
13,2105,21300786,0,-6,-2
4,2107,21310679,-8178,-167,664
13,2106,21310701,-1,0,-1
4,2108,21320741,-8183,-165,658
13,2107,21320763,1,1,0
4,2109,21330830,-8178,-165,659
13,2108,21330852,-1,4,1
4,2110,21340979,-8190,-165,654
13,2109,21341000,-1,3,0
4,2111,21350930,-8186,-164,656
13,2110,21350952,-2,4,0
4,2112,21361026,-8189,-160,661
13,2111,21361048,0,4,0
4,2113,21371134,-8179,-155,655
13,2112,21371156,-3,4,1
4,2114,21381204,-8172,-164,660
13,2113,21381226,-1,0,0
4,2115,21391238,-8172,-164,648
13,2114,21391260,0,-5,1
4,2116,21401356,-8179,-163,652
13,2115,21401377,0,-8,0
4,2117,21411371,-8165,-152,672
13,2116,21411393,-1,-8,0
4,2118,21421498,-8183,-160,663
13,2117,21421520,0,-5,0
4,2119,21431523,-8185,-161,665
13,2118,21431572,1,-4,0
4,2120,21441636,-8170,-176,657
13,2119,21441658,0,-1,3
4,2121,21451707,-8167,-161,652
13,2120,21451729,0,0,1
4,2122,21461846,-8178,-161,662
13,2121,21461868,1,3,1
4,2123,21471864,-8172,-157,668
13,2122,21471886,0,1,-1
4,2124,21481907,-8178,-171,679
13,2123,21481929,0,-3,0
4,2125,21492005,-8176,-175,662
13,2124,21492027,1,-7,1
4,2126,21502052,-8172,-160,661
13,2125,21502074,0,-9,0
4,2127,21512180,-8173,-168,659
13,2126,21512201,0,-7,2
4,2128,21522173,-8171,-174,673
13,2127,21522194,2,-11,0
4,2129,21532220,-8178,-168,657
13,2128,21532242,0,-16,-2
4,2130,21542465,-8180,-169,653
13,2129,21542515,0,-16,-3
4,2131,21552392,-8183,-165,657
13,2130,21552414,0,-15,0
4,2132,21562487,-8175,-167,666
13,2131,21562509,0,-11,-2
4,2133,21572500,-8159,-166,672
13,2132,21572522,1,-3,-1
4,2134,21582676,-8161,-156,666
13,2133,21582698,3,0,0
4,2135,21592745,-8173,-153,669
13,2134,21592767,2,3,0
4,2136,21602727,-8180,-157,664
13,2135,21602749,0,5,2
4,2137,21612831,-8180,-151,659
13,2136,21612853,2,6,1
4,2138,21623019,-8187,-169,670
13,2137,21623041,0,4,0
4,2139,21632947,-8179,-156,673
13,2138,21632969,0,4,1
4,2140,21643022,-8165,-157,670
13,2139,21643044,0,2,1
4,2141,21653112,-8178,-166,658
13,2140,21653134,1,2,1
4,2142,21663160,-8172,-154,667
13,2141,21663182,0,4,-1
4,2143,21673275,-8181,-167,656
13,2142,21673297,0,4,0
4,2144,21683376,-8190,-172,655
13,2143,21683398,0,2,1
4,2145,21693401,-8180,-177,658
13,2144,21693423,0,0,2
4,2146,21703503,-8187,-164,675
13,2145,21703525,0,-3,0
4,2147,21713538,-8186,-177,671
13,2146,21713560,0,-5,-1
4,2148,21723628,-8165,-166,673
13,2147,21723650,0,-4,0
4,2149,21733621,-8171,-170,669
13,2148,21733643,1,-6,0
4,2150,21743769,-8183,-157,662
13,2149,21743791,0,0,0
4,2151,21753844,-8172,-161,663
13,2150,21753866,-1,2,0
4,2152,21763931,-8172,-150,669
13,2151,21763953,-1,3,1
4,2153,21773959,-8177,-153,670
13,2152,21773981,0,3,0
4,2154,21784148,-8183,-161,664
13,2153,21784170,2,5,1
4,2155,21794067,-8188,-166,651
13,2154,21794089,0,3,0
4,2156,21804177,-8185,-159,660
13,2155,21804199,0,1,0
4,2157,21814270,-8182,-156,661
13,2156,21814292,-1,-3,-1
4,2158,21824290,-8175,-163,667
13,2157,21824312,-4,-7,-3
4,2159,21834450,-8174,-169,663
13,2158,21834472,-1,-8,-2
4,2160,21844396,-8184,-155,658
13,2159,21844418,0,-3,0
4,2161,21854508,-8170,-158,673
13,2160,21854530,0,2,1
4,2162,21864720,-8191,-156,658
13,2161,21864742,2,1,0
4,2163,21874651,-8174,-165,674
13,2162,21874673,-1,-1,0
4,2164,21884730,-8176,-166,669
13,2163,21884752,0,-4,-2
4,2165,21894765,-8176,-155,669
13,2164,21894787,0,-4,0
4,2166,21904848,-8189,-158,666
13,2165,21904870,0,-4,0
4,2167,21914921,-8180,-168,665
13,2166,21914943,0,-3,1
4,2168,21924997,-8176,-164,671
13,2167,21925019,1,-3,1
4,2169,21935092,-8171,-163,670
13,2168,21935114,0,-4,0
4,2170,21945250,-8175,-168,668
13,2169,21945272,0,-3,1
4,2171,21955223,-8178,-169,667
13,2170,21955245,-4,-3,2
4,2172,21965235,-8172,-172,670
13,2171,21965257,2,-4,1
4,2173,21975355,-8173,-168,673
13,2172,21975377,0,-2,0
4,2174,21985423,-8186,-157,662
13,2173,21985445,0,-3,0
4,2175,21995431,-8179,-158,663
13,2174,21995453,-2,-5,0
4,2176,22005609,-8167,-162,681
13,2175,22005631,0,-6,0
4,2177,22015620,-8175,-155,673
13,2176,22015642,0,-7,0
4,2178,22025802,-8175,-167,666
13,2177,22025823,0,-3,-1
4,2179,22035769,-8151,-164,659
13,2178,22035791,-1,-2,0
4,2180,22045910,-8182,-162,668
13,2179,22045932,0,-1,0
4,2181,22055988,-8170,-160,670
13,2180,22056010,0,2,-1
4,2182,22066109,-8176,-157,670
13,2181,22066131,1,4,0
4,2183,22076096,-8188,-160,665
13,2182,22076118,0,5,0
4,2184,22086138,-8190,-166,681
13,2183,22086160,0,4,-1
4,2185,22096244,-8181,-168,675
13,2184,22096266,0,0,0
4,2186,22106295,-8184,-165,658
13,2185,22106317,1,2,1
4,2187,22116338,-8163,-167,668
13,2186,22116360,0,3,0
4,2188,22126386,-8167,-167,670
13,2187,22126408,0,4,1
4,2189,22136473,-8183,-166,664
13,2188,22136495,0,0,2
4,2190,22146611,-8170,-176,668
13,2189,22146633,0,-3,-1
4,2191,22156630,-8181,-170,675
13,2190,22156652,0,-4,-1
4,2192,22166694,-8181,-171,670
13,2191,22166716,0,-4,-1
4,2193,22176768,-8188,-164,667
13,2192,22176789,1,-3,0
4,2194,22186966,-8168,-159,662
13,2193,22186988,0,-1,0
4,2195,22196921,-8164,-176,660
13,2194,22196943,1,3,0
4,2196,22206979,-8168,-165,672
13,2195,22207001,-1,2,0
4,2197,22217057,-8176,-161,670
13,2196,22217079,0,3,1
4,2198,22227094,-8171,-155,674
13,2197,22227116,0,5,-1
4,2199,22237183,-8172,-153,658
13,2198,22237205,-1,3,-2
4,2200,22247307,-8171,-157,674
13,2199,22247329,0,1,1
4,2201,22257350,-8176,-148,668
13,2200,22257372,0,-3,0
4,2202,22267471,-8168,-150,660
13,2201,22267492,-1,-3,-1
4,2203,22277403,-8181,-154,677
13,2202,22277425,1,-1,1
4,2204,22287549,-8169,-164,674
13,2203,22287571,0,-2,0
4,2205,22297606,-8163,-176,648
13,2204,22297628,0,-2,0
4,2206,22307740,-8173,-165,659
13,2205,22307762,0,3,0
4,2207,22317780,-8177,-164,673
13,2206,22317802,0,4,0
4,2208,22327788,-8175,-158,668
13,2207,22327810,0,4,0
4,2209,22337916,-8178,-160,663
13,2208,22337938,0,4,-1
4,2210,22348089,-8177,-173,656
13,2209,22348111,0,2,2
4,2211,22358041,-8189,-169,669
13,2210,22358063,0,1,0
4,2212,22368105,-8185,-167,676
13,2211,22368127,1,6,0
4,2213,22378127,-8185,-163,667
13,2212,22378149,4,5,0
4,2214,22388257,-8169,-163,662
13,2213,22388279,1,4,0
4,2215,22398386,-8181,-157,671
13,2214,22398408,0,7,1
4,2216,22408372,-8180,-159,661
13,2215,22408394,0,4,1
4,2217,22418480,-8173,-159,658
13,2216,22418502,0,3,1
4,2218,22428654,-8180,-161,673
13,2217,22428676,0,-1,0
4,2219,22438640,-8180,-157,655
13,2218,22438662,-1,-4,-1
4,2220,22448710,-8183,-165,657
13,2219,22448732,0,-6,-2
4,2221,22458792,-8172,-160,668
13,2220,22458814,0,-5,0
4,2222,22468887,-8172,-163,667
13,2221,22468909,0,-1,1
4,2223,22478904,-8174,-162,673
13,2222,22478926,0,0,0
4,2224,22488966,-8169,-155,661
13,2223,22488988,0,7,-1
4,2225,22499074,-8160,-155,671
13,2224,22499096,0,5,0
4,2226,22509291,-8177,-157,665
13,2225,22509313,0,6,2
4,2227,22519219,-8178,-159,671
13,2226,22519241,-1,9,0
4,2228,22529291,-8183,-165,657
13,2227,22529313,0,5,0
4,2229,22539329,-8179,-164,661
13,2228,22539351,0,0,1
4,2230,22549473,-8177,-167,656
13,2229,22549495,0,-3,0
4,2231,22559558,-8174,-165,663
13,2230,22559580,2,-5,1
4,2232,22569647,-8182,-163,658
13,2231,22569669,0,-7,0
4,2233,22579654,-8174,-169,661
13,2232,22579676,-1,-4,2
4,2234,22589844,-8180,-172,671
13,2233,22589866,0,0,0
4,2235,22599850,-8186,-163,666
13,2234,22599872,0,1,0
4,2236,22609907,-8178,-171,669
13,2235,22609929,0,3,1
4,2237,22619984,-8179,-171,658
13,2236,22620006,0,5,1
4,2238,22630009,-8187,-161,660
13,2237,22630031,0,1,0
4,2239,22640131,-8177,-164,661
13,2238,22640153,0,-2,0
4,2240,22650204,-8182,-157,668
13,2239,22650226,0,-2,0
4,2241,22660295,-8196,-148,667
13,2240,22660317,2,1,0
4,2242,22670371,-8181,-165,669
13,2241,22670392,0,-1,0
4,2243,22680510,-8172,-154,670
13,2242,22680532,-2,0,0
4,2244,22690508,-8176,-148,676
13,2243,22690530,0,1,-2
4,2245,22700539,-8170,-156,665
13,2244,22700561,0,4,3
4,2246,22710709,-8177,-160,659
13,2245,22710731,1,0,1
4,2247,22720734,-8173,-162,668
13,2246,22720756,1,2,0
4,2248,22730809,-8176,-166,665
13,2247,22730831,0,5,1
4,2249,22740865,-8180,-164,661
13,2248,22740887,1,8,0
4,2250,22751027,-8169,-162,658
13,2249,22751049,0,4,0
4,2251,22760990,-8166,-161,668
13,2250,22761012,0,3,1
4,2252,22771042,-8179,-161,663
13,2251,22771064,0,2,-1
4,2253,22781063,-8175,-170,658
13,2252,22781084,-1,0,0
4,2254,22791223,-8175,-170,658
13,2253,22791245,-1,0,1
4,2255,22801270,-8186,-169,661
13,2254,22801292,1,-1,0
4,2256,22811265,-8178,-170,661
13,2255,22811287,-1,3,0
4,2257,22821442,-8182,-160,664
13,2256,22821464,-1,3,1
4,2258,22831586,-8181,-166,663
13,2257,22831608,0,1,0
4,2259,22841517,-8177,-166,649
13,2258,22841539,0,2,-1
4,2260,22851645,-8178,-155,668
13,2259,22851667,1,0,0
4,2261,22861732,-8182,-161,658
13,2260,22861754,0,2,-1
4,2262,22871752,-8183,-159,661
13,2261,22871774,-2,0,1
4,2263,22881855,-8179,-153,660
13,2262,22881876,0,0,0
4,2264,22891917,-8179,-150,660
13,2263,22891939,0,-1,1
4,2265,22902040,-8166,-152,666
13,2264,22902062,1,0,2
4,2266,22912149,-8170,-162,660
13,2265,22912171,0,-2,0
4,2267,22922072,-8172,-161,655
13,2266,22922094,0,-3,1
4,2268,22932258,-8175,-159,654
13,2267,22932280,3,-1,0
4,2269,22942312,-8172,-153,664
13,2268,22942334,0,-3,-2
4,2270,22952400,-8183,-156,671
13,2269,22952422,0,-6,-2
4,2271,22962444,-8164,-161,669
13,2270,22962466,1,-8,-2
4,2272,22972519,-8173,-155,675
13,2271,22972541,0,-6,2
4,2273,22982633,-8167,-165,666
13,2272,22982655,0,-6,0
4,2274,22992730,-8179,-164,669
13,2273,22992752,0,-6,0
4,2275,23002644,-8173,-169,663
13,2274,23002666,0,-2,3
4,2276,23012780,-8164,-164,673
13,2275,23012802,0,2,1
4,2277,23022898,-8166,-169,675
13,2276,23022920,0,4,-1
4,2278,23032940,-8180,-168,658
13,2277,23032962,0,8,0
4,2279,23043036,-8181,-161,661
13,2278,23043057,0,7,0
4,2280,23053033,-8173,-164,657
13,2279,23053055,0,2,0
4,2281,23063083,-8189,-166,652
13,2280,23063105,0,1,1
4,2282,23073315,-8171,-164,660
13,2281,23073337,0,-4,0
4,2283,23083246,-8184,-170,671
13,2282,23083268,-1,-1,1
4,2284,23093350,-8180,-161,666
13,2283,23093372,-1,-4,1
4,2285,23103431,-8171,-172,662
13,2284,23103453,0,-6,-1
4,2286,23113561,-8171,-157,662
13,2285,23113583,0,-1,0
4,2287,23123548,-8176,-157,674
13,2286,23123570,-1,-6,-1
4,2288,23133704,-8176,-154,666
13,2287,23133725,3,-2,-2
4,2289,23143632,-8171,-165,668
13,2288,23143654,1,0,1
4,2290,23153939,-8176,-161,678
13,2289,23153961,0,-1,1
4,2291,23163857,-8182,-163,665
13,2290,23163879,0,4,1
4,2292,23173868,-8179,-167,669
13,2291,23173890,0,2,-1
4,2293,23183998,-8185,-154,672
13,2292,23184047,0,0,0
4,2294,23194120,-8175,-167,658
13,2293,23194142,0,-2,0
4,2295,23204201,-8179,-163,669
13,2294,23204223,0,0,0
4,2296,23214300,-8165,-171,667
13,2295,23214322,-2,2,1
4,2297,23224330,-8173,-175,669
13,2296,23224352,-1,4,1
4,2298,23234472,-8184,-164,667
13,2297,23234493,0,10,3
4,2299,23244432,-8164,-162,659
13,2298,23244454,0,11,1
4,2300,23254498,-8177,-157,660
13,2299,23254520,0,10,-2
4,2301,23264633,-8179,-150,653
13,2300,23264654,0,1,-1
4,2302,23274673,-8169,-167,666
13,2301,23274695,0,-6,-1
4,2303,23284752,-8183,-175,656
13,2302,23284774,0,-6,0
4,2304,23294745,-8176,-163,663
13,2303,23294767,0,-1,0
4,2305,23304839,-8176,-159,670
13,2304,23304861,0,2,0
4,2306,23315045,-8176,-150,671
13,2305,23315067,0,6,0
4,2307,23325003,-8169,-164,672
13,2306,23325025,0,10,0
4,2308,23335095,-8172,-153,658
13,2307,23335117,0,7,0
4,2309,23345121,-8176,-167,671
13,2308,23345143,0,6,0
4,2310,23355237,-8176,-164,665
13,2309,23355259,-1,4,1
4,2311,23365223,-8183,-156,660
13,2310,23365245,0,8,0
4,2312,23375322,-8191,-160,660
13,2311,23375344,-2,2,1
4,2313,23385367,-8184,-155,662
13,2312,23385389,-2,-2,0
4,2314,23395562,-8181,-155,678
13,2313,23395584,0,0,0
4,2315,23405518,-8168,-162,680
13,2314,23405540,0,-5,0
4,2316,23415613,-8175,-157,659
13,2315,23415635,0,-1,0
4,2317,23425725,-8172,-159,653
13,2316,23425774,0,-1,-1
4,2318,23435790,-8169,-165,667
13,2317,23435812,-2,2,1
4,2319,23445813,-8176,-170,652
13,2318,23445835,-2,4,0
4,2320,23455887,-8174,-163,652
13,2319,23455909,0,3,-1
4,2321,23465946,-8171,-171,665
13,2320,23465968,0,4,0
4,2322,23476098,-8166,-167,669
13,2321,23476120,0,7,0
4,2323,23486059,-8182,-158,650
13,2322,23486080,1,7,0
4,2324,23496119,-8186,-162,653
13,2323,23496141,0,4,0
4,2325,23506211,-8176,-170,666
13,2324,23506233,0,0,2
4,2326,23516297,-8179,-178,657
13,2325,23516319,0,2,2
4,2327,23526357,-8183,-162,664
13,2326,23526378,0,4,1
4,2328,23536457,-8179,-159,670
13,2327,23536479,-1,4,1
4,2329,23546472,-8176,-166,662
13,2328,23546494,0,1,0
4,2330,23556621,-8177,-160,656
13,2329,23556643,0,1,1
4,2331,23566645,-8182,-161,655
13,2330,23566667,0,3,0
4,2332,23576731,-8177,-161,661
13,2331,23576753,0,0,0
4,2333,23586816,-8172,-158,666
13,2332,23586838,0,0,-1
4,2334,23596905,-8170,-159,671
13,2333,23596927,0,-6,-1
4,2335,23606880,-8190,-168,657
13,2334,23606902,0,-11,0
4,2336,23616956,-8173,-162,658
13,2335,23616978,-1,-7,2
4,2337,23627085,-8181,-159,670
13,2336,23627107,1,-2,0
4,2338,23637211,-8181,-156,676
13,2337,23637233,0,-1,1
4,2339,23647168,-8181,-159,671
13,2338,23647190,1,1,1
4,2340,23657230,-8162,-164,658
13,2339,23657252,-1,4,0
4,2341,23667351,-8188,-159,665
13,2340,23667373,0,3,0
4,2342,23677401,-8193,-156,664
13,2341,23677423,-1,3,0
4,2343,23687383,-8177,-165,654
13,2342,23687405,-1,0,1
4,2344,23697562,-8171,-176,659
13,2343,23697584,0,-8,0
4,2345,23707616,-8176,-161,659
13,2344,23707638,0,-6,-2
4,2346,23717756,-8172,-166,671
13,2345,23717778,2,-6,0
4,2347,23727717,-8170,-165,669
13,2346,23727739,1,-4,1
4,2348,23737793,-8187,-161,660
13,2347,23737815,1,0,0
4,2349,23747856,-8171,-170,658
13,2348,23747878,1,2,-3
4,2350,23757977,-8175,-164,651
13,2349,23757999,-1,3,-1
4,2351,23768024,-8177,-166,645
13,2350,23768046,-1,0,0
4,2352,23778076,-8177,-155,649
13,2351,23778098,1,-1,0
4,2353,23788176,-8178,-164,640
13,2352,23788198,0,-1,0
4,2354,23798320,-8194,-164,656
13,2353,23798369,0,-1,0
4,2355,23808237,-8177,-153,663
13,2354,23808259,0,-5,-1
4,2356,23818400,-8166,-168,661
13,2355,23818422,-2,-5,0
4,2357,23828473,-8178,-170,669
13,2356,23828495,-3,-1,1
4,2358,23838613,-8182,-162,666
13,2357,23838635,0,1,0
4,2359,23848602,-8175,-161,648
13,2358,23848624,1,3,0
4,2360,23858664,-8182,-160,656
13,2359,23858685,2,2,1
4,2361,23868793,-8174,-150,651
13,2360,23868815,-1,4,1
4,2362,23878886,-8179,-158,659
13,2361,23878908,0,3,0
4,2363,23888853,-8174,-171,654
13,2362,23888875,2,4,0
4,2364,23898929,-8169,-175,663
13,2363,23898951,0,4,-1
4,2365,23909046,-8178,-166,653
13,2364,23909068,0,2,0
4,2366,23919079,-8181,-160,665
13,2365,23919101,1,0,0
4,2367,23929122,-8178,-153,665
13,2366,23929144,-2,-3,1
4,2368,23939263,-8177,-160,677
13,2367,23939285,-3,0,1
4,2369,23949218,-8174,-167,675
13,2368,23949240,-1,2,-2
4,2370,23959476,-8175,-168,658
13,2369,23959498,1,1,1
4,2371,23969471,-8180,-174,657
13,2370,23969493,0,4,1
4,2372,23979495,-8178,-162,669
13,2371,23979517,0,7,2
4,2373,23989545,-8176,-165,664
13,2372,23989567,0,6,1
4,2374,23999661,-8175,-156,648
13,2373,23999683,0,3,0
4,2375,24009674,-8177,-156,655
13,2374,24009696,1,0,-2
4,2376,24019730,-8184,-161,652
13,2375,24019752,0,-3,1
4,2377,24029829,-8195,-168,670
13,2376,24029851,-1,-6,1
4,2378,24040027,-8162,-158,661
13,2377,24040049,0,-4,-2
4,2379,24049957,-8179,-160,659
13,2378,24049978,0,0,-1
4,2380,24060096,-8183,-171,676
13,2379,24060118,0,-3,-1
4,2381,24070113,-8179,-182,658
13,2380,24070135,-1,0,-2
4,2382,24080281,-8184,-172,648
13,2381,24080303,1,0,0
4,2383,24090254,-8178,-165,657
13,2382,24090276,1,0,1
4,2384,24100282,-8180,-169,661
13,2383,24100304,2,0,0
4,2385,24110433,-8173,-174,658
13,2384,24110455,1,1,0
4,2386,24120569,-8194,-165,663
13,2385,24120590,0,2,1
4,2387,24130546,-8181,-177,670
13,2386,24130568,0,1,0
4,2388,24140551,-8178,-159,659
13,2387,24140573,-2,0,-2
4,2389,24150709,-8181,-163,666
13,2388,24150731,0,-2,-3
4,2390,24160841,-8185,-166,665
13,2389,24160863,0,-2,-1
4,2391,24170796,-8176,-169,656
13,2390,24170818,0,-1,1
4,2392,24180917,-8168,-157,655
13,2391,24180939,-1,0,0
4,2393,24191034,-8170,-166,667
13,2392,24191056,0,4,1
4,2394,24201193,-8185,-162,658
13,2393,24201215,1,4,0
4,2395,24211157,-8178,-169,655
13,2394,24211179,0,4,0
4,2396,24221256,-8183,-162,659
13,2395,24221278,0,2,0
4,2397,24231249,-8187,-168,655
13,2396,24231271,0,1,1
4,2398,24241412,-8176,-168,648
13,2397,24241434,0,-3,0
4,2399,24251485,-8178,-167,668
13,2398,24251507,-2,-4,0
4,2400,24261528,-8175,-164,660
13,2399,24261550,0,0,0
4,2401,24271524,-8177,-163,662
13,2400,24271546,2,0,1
4,2402,24281768,-8191,-165,658
13,2401,24281790,1,0,0
4,2403,24291738,-8188,-177,667
13,2402,24291760,0,-3,0
4,2404,24301746,-8180,-163,664
13,2403,24301768,0,-5,0
4,2405,24311861,-8175,-161,656
13,2404,24311883,0,-1,0
4,2406,24322050,-8176,-167,672
13,2405,24322072,0,-2,0
4,2407,24332108,-8179,-168,673
13,2406,24332130,0,0,0
4,2408,24342087,-8184,-163,658
13,2407,24342109,1,1,0
4,2409,24352169,-8175,-168,653
13,2408,24352191,0,-1,1
4,2410,24362234,-8168,-161,663
13,2409,24362256,1,-2,0
4,2411,24372288,-8174,-163,652
13,2410,24372310,1,-1,-2
4,2412,24382349,-8176,-166,662
13,2411,24382370,0,0,0
4,2413,24392368,-8170,-155,661
13,2412,24392390,0,2,-1
4,2414,24402582,-8167,-160,658
13,2413,24402604,0,4,0
4,2415,24412503,-8177,-160,661
13,2414,24412525,0,6,2
4,2416,24422643,-8193,-156,654
13,2415,24422665,0,3,0
4,2417,24432775,-8183,-165,666
13,2416,24432797,1,-1,0
4,2418,24442905,-8182,-167,662
13,2417,24442927,0,-3,0
4,2419,24452888,-8187,-164,663
13,2418,24452910,0,-6,0
4,2420,24462933,-8182,-165,667
13,2419,24462955,0,-5,0
4,2421,24472943,-8185,-162,658
13,2420,24472965,2,-4,0
4,2422,24483059,-8179,-168,662
13,2421,24483081,0,-5,1
4,2423,24493116,-8175,-153,668
13,2422,24493138,0,0,3
4,2424,24503174,-8172,-158,667
13,2423,24503195,1,5,0
4,2425,24513257,-8169,-176,652
13,2424,24513279,1,6,-1
4,2426,24523421,-8180,-172,654
13,2425,24523443,2,8,0
4,2427,24533340,-8180,-165,658
13,2426,24533362,0,7,-1
4,2428,24543489,-8187,-166,649
13,2427,24543511,0,4,-1
4,2429,24553545,-8180,-167,655
13,2428,24553567,1,0,-1
4,2430,24563625,-8179,-170,655
13,2429,24563647,1,-4,0
4,2431,24573781,-8184,-169,659
13,2430,24573803,0,-6,2
4,2432,24583759,-8171,-150,654
13,2431,24583781,1,-6,0
4,2433,24593853,-8174,-156,669
13,2432,24593875,0,-3,1
4,2434,24603970,-8183,-162,661
13,2433,24603992,-1,-4,1
4,2435,24614016,-8175,-154,662
13,2434,24614038,-1,-7,0
4,2436,24624073,-8169,-156,659
13,2435,24624095,0,-3,3
4,2437,24634128,-8168,-165,663
13,2436,24634150,-1,-2,1
4,2438,24644185,-8178,-164,671
13,2437,24644207,0,0,2
4,2439,24654223,-8177,-158,677
13,2438,24654245,0,-1,1
4,2440,24664305,-8186,-162,655
13,2439,24664327,1,-1,-2
4,2441,24674324,-8173,-166,655
13,2440,24674346,0,-1,0
4,2442,24684575,-8167,-161,668
13,2441,24684597,1,2,-1
4,2443,24694551,-8171,-166,674
13,2442,24694573,1,5,0
4,2444,24704621,-8174,-168,654
13,2443,24704643,0,3,0
4,2445,24714674,-8183,-162,659
13,2444,24714696,0,3,0
4,2446,24724769,-8178,-161,663
13,2445,24724791,0,2,1
4,2447,24734795,-8176,-168,646
13,2446,24734817,0,-3,0
4,2448,24744874,-8172,-163,653
13,2447,24744896,2,-6,2
4,2449,24754961,-8179,-151,666
13,2448,24754982,1,-10,0
4,2450,24765109,-8189,-150,668
13,2449,24765131,0,-15,0
4,2451,24775096,-8171,-161,658
13,2450,24775117,-1,-15,-1
4,2452,24785174,-8173,-161,654
13,2451,24785196,-1,-11,1
4,2453,24795154,-8167,-169,654
13,2452,24795176,0,-4,1
4,2454,24805347,-8174,-168,667
13,2453,24805396,0,5,1
4,2455,24815437,-8176,-163,672
13,2454,24815459,0,7,0
4,2456,24825483,-8170,-158,660
13,2455,24825505,0,4,-1
4,2457,24835540,-8183,-156,653
13,2456,24835562,-1,2,0
4,2458,24845657,-8185,-167,665
13,2457,24845679,0,0,0
4,2459,24855684,-8171,-172,662
13,2458,24855706,1,-2,0
4,2460,24865740,-8172,-151,656
13,2459,24865762,4,-5,0
4,2461,24875800,-8170,-166,660
13,2460,24875822,1,-8,2
4,2462,24885898,-8169,-165,663
13,2461,24885920,-1,-7,1
4,2463,24895893,-8181,-164,652
13,2462,24895915,0,-6,2
4,2464,24906009,-8181,-167,670
13,2463,24906031,0,-9,-1
4,2465,24916077,-8181,-172,674
13,2464,24916099,0,-8,-1
4,2466,24926265,-8174,-161,672
13,2465,24926287,1,-8,0
4,2467,24936204,-8162,-158,668
13,2466,24936226,0,-5,-2
4,2468,24946233,-8179,-177,666
13,2467,24946255,0,-4,0
4,2469,24956347,-8171,-173,669
13,2468,24956369,0,0,0
4,2470,24966538,-8155,-168,651
13,2469,24966560,0,4,2
4,2471,24976479,-8163,-163,659
13,2470,24976501,0,1,0
4,2472,24986536,-8190,-165,662
13,2471,24986558,1,1,0
4,2473,24996624,-8175,-163,666
13,2472,24996646,0,0,1
4,2474,25006771,-8164,-167,663
13,2473,25006793,0,-3,0
4,2475,25016739,-8180,-154,658
13,2474,25016761,0,-6,0
4,2476,25026794,-8178,-158,663
13,2475,25026816,-2,-7,0
4,2477,25036884,-8166,-174,679
13,2476,25036906,-1,0,1
4,2478,25046966,-8182,-167,677
13,2477,25046988,-1,0,0
4,2479,25057017,-8174,-165,661
13,2478,25057039,0,0,1
4,2480,25067105,-8179,-157,671
13,2479,25067127,0,0,-1
4,2481,25077222,-8178,-167,667
13,2480,25077244,0,3,0
4,2482,25087327,-8173,-164,664
13,2481,25087349,-1,2,0
4,2483,25097282,-8175,-167,665
13,2482,25097304,0,1,0
4,2484,25107314,-8190,-169,659
13,2483,25107336,0,0,1
4,2485,25117413,-8180,-166,668
13,2484,25117435,-1,-3,0
4,2486,25127505,-8171,-157,667
13,2485,25127527,1,-1,-1
4,2487,25137548,-8175,-165,670
13,2486,25137570,1,-2,0
4,2488,25147571,-8163,-179,676
13,2487,25147593,0,-1,0
4,2489,25157716,-8179,-169,665
13,2488,25157738,0,1,1
4,2490,25167854,-8182,-166,671
13,2489,25167876,-2,0,0
4,2491,25177820,-8183,-174,674
13,2490,25177842,-1,0,0
4,2492,25187868,-8176,-168,655
13,2491,25187890,0,-1,1
4,2493,25197881,-8179,-152,665
13,2492,25197931,-2,-2,0
4,2494,25208083,-8162,-165,662
13,2493,25208105,0,-1,1
4,2495,25218111,-8173,-167,657
13,2494,25218133,0,0,1
4,2496,25228199,-8180,-165,659
13,2495,25228221,2,0,0
4,2497,25238148,-8181,-163,663
13,2496,25238169,0,2,-1
4,2498,25248455,-8172,-158,659
13,2497,25248477,0,3,0
4,2499,25258339,-8175,-169,666
13,2498,25258361,0,-1,0
4,2500,25268364,-8191,-156,661
13,2499,25268386,1,-4,4
4,2501,25278477,-8176,-164,664
13,2500,25278499,0,-7,1
4,2502,25288563,-8171,-165,672
13,2501,25288585,-1,-10,-3
4,2503,25298631,-8170,-171,674
13,2502,25298653,0,-10,-2
4,2504,25308671,-8172,-156,668
13,2503,25308693,1,-12,0
4,2505,25318804,-8178,-149,671
13,2504,25318826,1,-7,-2
4,2506,25328931,-8169,-163,657
13,2505,25328953,0,-2,-3
4,2507,25338907,-8172,-165,656
13,2506,25338929,0,0,0
4,2508,25348913,-8171,-161,657
13,2507,25348935,0,2,0
4,2509,25359013,-8181,-162,672
13,2508,25359034,0,3,0
4,2510,25369148,-8183,-168,679
13,2509,25369170,-1,1,-4
4,2511,25379088,-8170,-159,665
13,2510,25379110,-1,2,1
4,2512,25389255,-8172,-162,671
13,2511,25389277,0,0,0
4,2513,25399315,-8159,-163,656
13,2512,25399337,0,2,0
4,2514,25409433,-8183,-158,670
13,2513,25409455,1,4,1
4,2515,25419426,-8177,-169,667
13,2514,25419447,1,0,2
4,2516,25429562,-8172,-166,669
13,2515,25429611,0,1,1
4,2517,25439512,-8164,-168,678
13,2516,25439534,1,5,1
4,2518,25449669,-8176,-160,666
13,2517,25449691,3,3,0
4,2519,25459737,-8172,-165,669
13,2518,25459759,1,3,-1
4,2520,25469837,-8177,-169,670
13,2519,25469859,-2,3,-1
4,2521,25479836,-8167,-162,653
13,2520,25479858,-1,-2,0
4,2522,25489911,-8180,-161,665
13,2521,25489932,0,-4,0
4,2523,25499977,-8167,-165,661
13,2522,25499999,0,-2,-1
4,2524,25510021,-8177,-162,668
13,2523,25510043,0,0,-1
4,2525,25520062,-8178,-149,670
13,2524,25520084,-2,4,1
4,2526,25530178,-8172,-155,675
13,2525,25530199,-1,9,1
4,2527,25540192,-8168,-169,671
13,2526,25540214,0,14,0
4,2528,25550340,-8169,-168,669
13,2527,25550362,0,17,1
4,2529,25560320,-8175,-164,660
13,2528,25560342,-1,15,1
4,2530,25570448,-8180,-164,662
13,2529,25570470,0,12,0
4,2531,25580506,-8187,-164,666
13,2530,25580528,0,5,2
4,2532,25590588,-8184,-164,655
13,2531,25590610,0,0,-1
4,2533,25600622,-8165,-166,657
13,2532,25600644,0,-2,1
4,2534,25610728,-8171,-173,654
13,2533,25610750,-1,-7,1
4,2535,25620714,-8168,-163,647
13,2534,25620736,0,-11,0
4,2536,25630717,-8169,-167,667
13,2535,25630739,-1,-7,0
4,2537,25640862,-8168,-164,661
13,2536,25640884,-1,-6,1
4,2538,25650966,-8177,-165,671
13,2537,25650988,0,-1,1
4,2539,25660954,-8171,-171,665
13,2538,25660976,1,4,-2
4,2540,25671030,-8175,-161,653
13,2539,25671052,0,9,-3
4,2541,25681186,-8178,-156,652
13,2540,25681208,0,11,0
4,2542,25691219,-8176,-157,658
13,2541,25691241,0,11,2
4,2543,25701302,-8176,-162,662
13,2542,25701324,1,8,1
4,2544,25711261,-8181,-157,672
13,2543,25711283,-1,3,0
4,2545,25721407,-8186,-157,669
13,2544,25721429,-2,0,-3
4,2546,25731510,-8184,-171,655
13,2545,25731532,0,-6,0
4,2547,25741446,-8172,-172,667
13,2546,25741468,0,-11,0
4,2548,25751526,-8163,-173,667
13,2547,25751548,0,-9,0
4,2549,25761613,-8170,-169,666
13,2548,25761635,0,-3,-1
4,2550,25771691,-8183,-168,660
13,2549,25771713,0,-1,-1
4,2551,25781786,-8168,-167,660
13,2550,25781808,0,4,-1
4,2552,25791806,-8175,-168,653
13,2551,25791828,2,4,0
4,2553,25801893,-8182,-163,653
13,2552,25801915,0,4,-1
4,2554,25812073,-8178,-173,664
13,2553,25812095,-2,8,1
4,2555,25822018,-8173,-164,667
13,2554,25822040,0,5,0
4,2556,25832125,-8177,-165,655
13,2555,25832147,-1,4,0
4,2557,25842154,-8163,-166,651
13,2556,25842176,0,3,0
4,2558,25852271,-8180,-155,653
13,2557,25852293,1,4,-1
4,2559,25862222,-8186,-167,651
13,2558,25862244,1,4,0
4,2560,25872330,-8177,-160,661
13,2559,25872352,-1,0,0
4,2561,25882407,-8173,-148,657
13,2560,25882428,-2,-1,2
4,2562,25892549,-8176,-159,664
13,2561,25892571,0,-3,0
4,2563,25902533,-8180,-159,668
13,2562,25902555,-1,-6,0
4,2564,25912556,-8170,-166,674
13,2563,25912578,-1,-4,-1
4,2565,25922679,-8175,-161,651
13,2564,25922701,-2,-6,0
4,2566,25932736,-8176,-162,660
13,2565,25932758,0,-3,0
4,2567,25942840,-8171,-158,658
13,2566,25942862,0,3,0
4,2568,25952858,-8170,-158,665
13,2567,25952880,0,7,1
4,2569,25963009,-8169,-169,655
13,2568,25963031,0,4,3
4,2570,25973129,-8167,-163,658
13,2569,25973151,0,3,0
4,2571,25983107,-8170,-167,658
13,2570,25983129,-1,2,0
4,2572,25993234,-8174,-170,669
13,2571,25993256,1,1,0
4,2573,26003262,-8181,-165,662
13,2572,26003284,0,-2,0
4,2574,26013359,-8172,-163,653
13,2573,26013380,0,-1,0
4,2575,26023398,-8174,-166,655
13,2574,26023420,0,-1,0
4,2576,26033452,-8175,-160,659
13,2575,26033474,0,-2,1
4,2577,26043517,-8184,-161,666
13,2576,26043539,0,-3,1
4,2578,26053712,-8186,-166,664
13,2577,26053734,0,0,1
4,2579,26063646,-8182,-163,652
13,2578,26063668,0,1,0
4,2580,26073782,-8181,-174,653
13,2579,26073804,0,-2,-1
4,2581,26083847,-8170,-164,666
13,2580,26083869,-2,0,-2
4,2582,26093970,-8167,-160,649
13,2581,26093992,0,4,1
4,2583,26104008,-8180,-162,650
13,2582,26104030,0,2,2
4,2584,26114042,-8188,-161,653
13,2583,26114064,1,2,-1
4,2585,26124064,-8189,-159,663
13,2584,26124086,1,1,0
4,2586,26134261,-8174,-154,652
13,2585,26134283,1,3,0
4,2587,26144250,-8175,-156,660
13,2586,26144272,1,4,0
4,2588,26154375,-8183,-165,656
13,2587,26154397,0,1,0
4,2589,26164399,-8176,-169,661
13,2588,26164421,0,1,1
4,2590,26174491,-8189,-161,660
13,2589,26174513,1,0,-1
4,2591,26184539,-8181,-154,662
13,2590,26184561,0,-2,-2
4,2592,26194703,-8177,-163,671
13,2591,26194725,-1,-3,-1
4,2593,26204695,-8168,-167,676
13,2592,26204717,0,0,0
4,2594,26214882,-8170,-169,662
13,2593,26214904,0,-1,0
4,2595,26224858,-8172,-171,650
13,2594,26224880,-2,0,1
4,2596,26234955,-8168,-161,663
13,2595,26234977,-1,2,0
4,2597,26244977,-8184,-147,654
13,2596,26244999,0,4,0
4,2598,26255011,-8187,-165,662
13,2597,26255033,0,4,0
4,2599,26265139,-8184,-168,656
13,2598,26265161,-1,3,1
4,2600,26275182,-8164,-164,664
13,2599,26275204,0,1,0
4,2601,26285287,-8165,-156,659
13,2600,26285309,-1,0,1
4,2602,26295436,-8172,-165,666
13,2601,26295458,1,4,2
4,2603,26305405,-8167,-155,654
13,2602,26305427,-1,5,2
4,2604,26315510,-8179,-168,651
13,2603,26315532,-3,5,-1
4,2605,26325577,-8193,-164,651
13,2604,26325599,1,3,1
4,2606,26335690,-8178,-157,665
13,2605,26335712,1,0,1
4,2607,26345720,-8178,-154,659
13,2606,26345742,0,0,-2
4,2608,26355774,-8182,-153,652
13,2607,26355795,-1,-4,0
4,2609,26365810,-8171,-174,658
13,2608,26365832,0,-2,2
4,2610,26375934,-8182,-167,654
13,2609,26375956,1,1,1
4,2611,26385960,-8180,-169,665
13,2610,26385982,0,3,0
4,2612,26395989,-8182,-163,663
13,2611,26396011,-1,4,0
4,2613,26406135,-8167,-151,657
13,2612,26406157,1,4,1
4,2614,26416169,-8175,-148,656
13,2613,26416191,0,2,1
4,2615,26426205,-8172,-167,657
13,2614,26426227,0,2,1
4,2616,26436354,-8169,-171,651
13,2615,26436376,0,0,2
4,2617,26446393,-8182,-177,672
13,2616,26446415,3,0,-1
4,2618,26456535,-8183,-172,674
13,2617,26456557,2,-1,-2
4,2619,26466492,-8180,-170,661
13,2618,26466514,-1,3,1
4,2620,26476618,-8183,-180,666
13,2619,26476640,-2,3,0
4,2621,26486599,-8184,-158,667
13,2620,26486620,0,4,1
4,2622,26496742,-8179,-170,660
13,2621,26496764,-1,2,1
4,2623,26506791,-8171,-165,668
13,2622,26506813,0,2,2
4,2624,26516770,-8173,-161,653
13,2623,26516792,0,0,0
4,2625,26526893,-8171,-159,661
13,2624,26526915,0,0,-1
4,2626,26537120,-8181,-163,663
13,2625,26537142,-1,0,0
4,2627,26547050,-8170,-158,663
13,2626,26547072,2,-1,1
4,2628,26557090,-8175,-161,648
13,2627,26557112,1,-3,0
4,2629,26567220,-8175,-162,652
13,2628,26567242,0,0,1
4,2630,26577294,-8166,-157,670
13,2629,26577316,0,2,0
4,2631,26587349,-8172,-155,662
13,2630,26587371,0,4,-1
4,2632,26597423,-8176,-159,655
13,2631,26597445,-1,6,-2
4,2633,26607531,-8187,-162,656
13,2632,26607553,0,6,3
4,2634,26617622,-8183,-174,658
13,2633,26617644,1,7,2
4,2635,26627646,-8177,-171,648
13,2634,26627668,1,6,0
4,2636,26637648,-8186,-164,662
13,2635,26637670,0,2,0
4,2637,26647803,-8191,-168,660
13,2636,26647825,1,-1,-1
4,2638,26657828,-8177,-162,656
13,2637,26657850,0,-6,0
4,2639,26667807,-8172,-167,665
13,2638,26667829,0,-14,0
4,2640,26677974,-8172,-163,665
13,2639,26677996,0,-13,0
4,2641,26688004,-8172,-169,652
13,2640,26688026,0,-7,0
4,2642,26698186,-8173,-175,649
13,2641,26698208,0,-1,0
4,2643,26708110,-8178,-161,653
13,2642,26708132,-1,2,0
4,2644,26718278,-8174,-156,667
13,2643,26718300,0,3,2
4,2645,26728347,-8188,-167,658
13,2644,26728369,1,4,0
4,2646,26738349,-8175,-177,658
13,2645,26738371,1,5,-2
4,2647,26748447,-8185,-163,658
13,2646,26748469,0,5,-1
4,2648,26758500,-8174,-159,652
13,2647,26758522,0,4,0
4,2649,26768585,-8168,-152,665
13,2648,26768607,0,3,0
4,2650,26778725,-8179,-164,657
13,2649,26778747,0,0,-1
4,2651,26788696,-8184,-159,663
13,2650,26788718,1,-3,0
4,2652,26798714,-8179,-154,675
13,2651,26798736,0,-6,1
4,2653,26808866,-8172,-155,671
13,2652,26808888,-2,-7,1
4,2654,26819022,-8169,-161,664
13,2653,26819044,0,-3,-1
4,2655,26829005,-8168,-159,671
13,2654,26829027,0,0,0
4,2656,26839024,-8171,-167,662
13,2655,26839046,0,0,0
4,2657,26849135,-8176,-170,666
13,2656,26849157,0,3,0
4,2658,26859286,-8180,-163,673
13,2657,26859308,0,4,0
4,2659,26869199,-8182,-160,673
13,2658,26869221,0,5,0
4,2660,26879336,-8179,-162,654
13,2659,26879358,0,5,0
4,2661,26889457,-8174,-171,658
13,2660,26889479,-1,4,0
4,2662,26899553,-8176,-164,665
13,2661,26899575,-1,8,1
4,2663,26909539,-8163,-172,638
13,2662,26909561,0,4,1
4,2664,26919592,-8185,-164,646
13,2663,26919614,0,3,-2
4,2665,26929616,-8175,-158,653
13,2664,26929638,0,2,1
4,2666,26939845,-8186,-156,648
13,2665,26939867,0,-4,5
4,2667,26949844,-8176,-156,656
13,2666,26949866,1,-4,0
4,2668,26959843,-8178,-167,655
13,2667,26959865,1,-7,0
4,2669,26970022,-8182,-162,655
13,2668,26970044,0,-6,0
4,2670,26980000,-8178,-164,652
13,2669,26980022,0,-4,0
4,2671,26990066,-8183,-163,653
13,2670,26990088,0,0,0
4,2672,27000188,-8165,-153,653
13,2671,27000210,1,4,0
4,2673,27010189,-8171,-164,652
13,2672,27010211,2,7,1
4,2674,27020392,-8184,-162,656
13,2673,27020414,0,3,1
4,2675,27030336,-8178,-174,652
13,2674,27030358,0,2,1
4,2676,27040366,-8186,-169,659
13,2675,27040388,1,-4,0
4,2677,27050489,-8179,-165,659
13,2676,27050511,0,-6,-1
4,2678,27060563,-8170,-148,667
13,2677,27060612,0,-8,0
4,2679,27070663,-8176,-162,653
13,2678,27070685,2,-8,1
4,2680,27080707,-8177,-170,644
13,2679,27080729,0,-5,0
4,2681,27090798,-8174,-170,660
13,2680,27090820,0,-3,2
4,2682,27100876,-8184,-169,654
13,2681,27100897,0,-2,1
4,2683,27110877,-8178,-169,657
13,2682,27110898,0,0,1
4,2684,27120935,-8181,-165,662
13,2683,27120957,1,1,0
4,2685,27130989,-8172,-160,668
13,2684,27131011,-1,2,0
4,2686,27141165,-8183,-158,664
13,2685,27141187,0,0,0
4,2687,27151140,-8184,-159,655
13,2686,27151162,0,0,0
4,2688,27161195,-8184,-158,660
13,2687,27161217,-1,-3,0
4,2689,27171274,-8187,-163,662
13,2688,27171295,-2,-5,0
4,2690,27181528,-8185,-152,656
13,2689,27181550,0,-1,2
4,2691,27191472,-8161,-158,654
13,2690,27191494,0,0,-1
4,2692,27201523,-8177,-184,659
13,2691,27201545,0,0,0
4,2693,27211551,-8165,-158,651
13,2692,27211573,0,1,0
4,2694,27221638,-8179,-154,656
13,2693,27221660,-3,-1,0
4,2695,27231665,-8164,-161,651
13,2694,27231687,-2,0,1
4,2696,27241632,-8179,-162,661
13,2695,27241654,0,-3,-1
4,2697,27251802,-8192,-163,663
13,2696,27251824,0,-5,0
4,2698,27261903,-8199,-165,655
13,2697,27261925,0,-6,-1
4,2699,27271889,-8181,-160,655
13,2698,27271911,1,-15,-2
4,2700,27281960,-8170,-156,655
13,2699,27281982,0,-15,-1
4,2701,27292008,-8179,-160,652
13,2700,27292030,0,-11,1
4,2702,27302121,-8172,-171,658
13,2701,27302143,2,-9,0
4,2703,27312120,-8173,-166,666
13,2702,27312142,1,-7,0
4,2704,27322226,-8182,-167,667
13,2703,27322248,0,-3,2
4,2705,27332311,-8162,-167,663
13,2704,27332333,0,0,0
4,2706,27342459,-8164,-172,663
13,2705,27342481,0,1,1
4,2707,27352448,-8183,-169,663
13,2706,27352469,0,0,1
4,2708,27362418,-8178,-166,668
13,2707,27362440,0,4,0
4,2709,27372535,-8179,-166,662
13,2708,27372557,0,1,0
4,2710,27382666,-8181,-163,671
13,2709,27382688,0,0,0
4,2711,27392665,-8169,-165,659
13,2710,27392687,-1,-1,0
4,2712,27402719,-8170,-166,661
13,2711,27402741,0,-2,1
4,2713,27412755,-8179,-161,657
13,2712,27412777,-1,-3,0
4,2714,27422957,-8173,-157,652
13,2713,27422979,0,-6,0
4,2715,27432929,-8179,-165,667
13,2714,27432951,0,-4,2
4,2716,27443013,-8179,-152,665
13,2715,27443035,0,-5,1
4,2717,27453077,-8160,-156,655
13,2716,27453099,0,-7,0
4,2718,27463130,-8179,-172,654
13,2717,27463152,0,-7,0
4,2719,27473209,-8180,-161,659
13,2718,27473231,-1,-6,1
4,2720,27483238,-8193,-155,667
13,2719,27483260,0,-3,0
4,2721,27493313,-8164,-167,660
13,2720,27493334,0,0,0
4,2722,27503457,-8170,-169,674
13,2721,27503479,-1,0,1
4,2723,27513408,-8180,-174,671
13,2722,27513430,0,2,1
4,2724,27523502,-8174,-161,647
13,2723,27523524,1,4,0
4,2725,27533635,-8184,-168,667
13,2724,27533657,1,1,1
4,2726,27543664,-8182,-161,681
13,2725,27543686,0,-2,-1
4,2727,27553699,-8184,-166,679
13,2726,27553721,0,-8,0
4,2728,27563825,-8172,-176,666
13,2727,27563847,0,-12,1
4,2729,27573861,-8181,-161,658
13,2728,27573883,0,-11,0
4,2730,27584022,-8176,-164,659
13,2729,27584044,-1,-11,-2
4,2731,27593965,-8171,-161,667
13,2730,27593987,-1,-9,1
4,2732,27604066,-8174,-167,670
13,2731,27604088,-1,-7,2
4,2733,27614088,-8182,-163,670
13,2732,27614110,0,-3,3
4,2734,27624178,-8171,-155,674
13,2733,27624200,0,-1,2
4,2735,27634226,-8173,-161,663
13,2734,27634248,0,2,-1
4,2736,27644327,-8171,-162,658
13,2735,27644349,0,4,0
4,2737,27654344,-8176,-157,655
13,2736,27654366,0,0,4
4,2738,27664494,-8194,-161,668
13,2737,27664516,0,-3,0
4,2739,27674398,-8184,-168,669
13,2738,27674420,-1,-5,0
4,2740,27684502,-8180,-163,661
13,2739,27684523,-2,-7,0
4,2741,27694603,-8178,-161,666
13,2740,27694625,0,-7,3
4,2742,27704698,-8166,-156,672
13,2741,27704720,2,-8,0
4,2743,27714659,-8169,-160,679
13,2742,27714681,1,-11,0
4,2744,27724764,-8178,-169,665
13,2743,27724786,0,-7,1
4,2745,27734822,-8183,-162,665
13,2744,27734844,0,-7,0
4,2746,27744958,-8169,-161,663
13,2745,27744980,1,-2,0
4,2747,27754930,-8168,-161,660
13,2746,27754951,0,0,0
4,2748,27764942,-8171,-159,666
13,2747,27764964,0,2,0
4,2749,27775055,-8174,-153,662
13,2748,27775077,1,2,0
4,2750,27785154,-8176,-164,672
13,2749,27785176,-1,0,-1
4,2751,27795192,-8171,-174,671
13,2750,27795214,0,-3,0
4,2752,27805185,-8176,-173,672
13,2751,27805207,0,0,0
4,2753,27815394,-8187,-174,677
13,2752,27815416,2,2,1
4,2754,27825494,-8172,-167,673
13,2753,27825516,1,4,1
4,2755,27835418,-8174,-168,675
13,2754,27835440,0,5,0
4,2756,27845523,-8182,-165,664
13,2755,27845545,0,3,-1
4,2757,27855569,-8176,-160,656
13,2756,27855591,-1,4,1
4,2758,27865673,-8173,-171,658
13,2757,27865695,0,1,1
4,2759,27875667,-8176,-168,668
13,2758,27875689,-1,2,1
4,2760,27885755,-8180,-165,666
13,2759,27885777,-1,-1,0
4,2761,27895800,-8185,-172,664
13,2760,27895822,0,-1,0
4,2762,27905960,-8186,-164,663
13,2761,27905982,1,0,0
4,2763,27915880,-8178,-160,663
13,2762,27915901,1,1,0
4,2764,27925978,-8171,-161,660
13,2763,27926000,0,2,1
4,2765,27936055,-8181,-170,653
13,2764,27936077,0,4,3
4,2766,27946098,-8180,-165,662
13,2765,27946120,0,7,0
4,2767,27956206,-8175,-161,658
13,2766,27956228,1,8,0
4,2768,27966264,-8175,-167,660
13,2767,27966286,1,6,1
4,2769,27976262,-8172,-166,668
13,2768,27976284,0,4,-2
4,2770,27986457,-8179,-164,664
13,2769,27986479,0,3,0
4,2771,27996450,-8188,-160,665
13,2770,27996472,-1,0,1
4,2772,28006422,-8173,-150,672
13,2771,28006444,-1,-2,0
4,2773,28016530,-8182,-162,673
13,2772,28016552,0,-2,1
4,2774,28026629,-8188,-160,663
13,2773,28026650,1,-4,1
4,2775,28036705,-8172,-166,673
13,2774,28036727,0,-2,0
4,2776,28046727,-8178,-160,671
13,2775,28046749,0,-1,-1
4,2777,28056731,-8174,-170,667
13,2776,28056753,1,0,-1
4,2778,28066996,-8178,-162,664
13,2777,28067018,-1,4,-1
4,2779,28076935,-8168,-157,674
13,2778,28076957,0,4,-1
4,2780,28086988,-8177,-160,674
13,2779,28087010,-1,7,0
4,2781,28097068,-8176,-167,675
13,2780,28097090,-1,8,1
4,2782,28107116,-8155,-173,662
13,2781,28107138,0,8,1
4,2783,28117220,-8192,-172,652
13,2782,28117242,-1,4,1
4,2784,28127219,-8182,-166,661
13,2783,28127241,2,1,2
4,2785,28137213,-8173,-163,643
13,2784,28137235,1,-4,0
4,2786,28147450,-8182,-167,661
13,2785,28147472,0,-10,0
4,2787,28157460,-8170,-171,665
13,2786,28157482,0,-12,0
4,2788,28167480,-8178,-165,676
13,2787,28167502,0,-8,0
4,2789,28177588,-8174,-156,664
13,2788,28177610,0,-2,0
4,2790,28187613,-8167,-163,667
13,2789,28187662,0,2,0
4,2791,28197642,-8174,-168,656
13,2790,28197664,-1,5,2
4,2792,28207734,-8177,-159,668
13,2791,28207756,0,4,0
4,2793,28217773,-8167,-160,658
13,2792,28217795,1,8,0
4,2794,28227924,-8189,-168,654
13,2793,28227946,3,5,2
4,2795,28237898,-8174,-164,654
13,2794,28237920,0,1,0
4,2796,28248012,-8170,-164,656
13,2795,28248034,-1,0,1
4,2797,28258026,-8180,-171,664
13,2796,28258048,0,1,0
4,2798,28268198,-8170,-164,670
13,2797,28268220,1,0,0
4,2799,28278109,-8172,-170,667
13,2798,28278131,0,0,2
4,2800,28288280,-8177,-161,675
13,2799,28288302,0,-3,1
4,2801,28298285,-8181,-178,668
13,2800,28298307,-2,-3,0
4,2802,28308450,-8186,-170,667
13,2801,28308472,-1,2,0
4,2803,28318446,-8179,-167,662
13,2802,28318468,0,0,-1
4,2804,28328493,-8180,-161,664
13,2803,28328515,0,-2,0
4,2805,28338575,-8191,-157,658
13,2804,28338597,-1,0,0
4,2806,28348681,-8178,-167,672
13,2805,28348703,-1,-3,0
4,2807,28358688,-8164,-172,673
13,2806,28358710,0,0,0
4,2808,28368715,-8170,-174,658
13,2807,28368737,0,3,-1
4,2809,28378826,-8176,-169,660
13,2808,28378848,0,4,0
4,2810,28388925,-8172,-157,654
13,2809,28388946,0,4,0
4,2811,28398944,-8179,-159,673
13,2810,28398966,-1,2,0
4,2812,28408979,-8196,-160,662
13,2811,28409001,-1,4,1
4,2813,28419077,-8174,-169,664
13,2812,28419099,1,1,0
4,2814,28429093,-8172,-153,658
13,2813,28429115,0,-1,0
4,2815,28439168,-8184,-150,665
13,2814,28439217,0,-1,0
4,2816,28449265,-8179,-163,667
13,2815,28449287,1,0,1
4,2817,28459327,-8175,-150,660
13,2816,28459349,-1,2,0
4,2818,28469488,-8175,-167,668
13,2817,28469510,0,1,1
4,2819,28479403,-8162,-169,674
13,2818,28479425,0,2,1
4,2820,28489477,-8171,-162,655
13,2819,28489499,0,3,3
4,2821,28499488,-8175,-163,668
13,2820,28499510,0,5,1
4,2822,28509618,-8176,-168,660
13,2821,28509640,0,6,1
4,2823,28519625,-8169,-161,651
13,2822,28519647,-1,4,0
4,2824,28529716,-8190,-153,656
13,2823,28529738,1,5,0
4,2825,28539803,-8182,-171,661
13,2824,28539824,0,1,0
4,2826,28549943,-8180,-166,671
13,2825,28549965,0,0,0
4,2827,28559945,-8174,-168,667
13,2826,28559994,-1,4,2
4,2828,28570005,-8178,-162,665
13,2827,28570027,0,7,0
4,2829,28580075,-8183,-172,650
13,2828,28580097,0,6,0
4,2830,28590171,-8183,-167,664
13,2829,28590193,0,2,-1
4,2831,28600192,-8169,-166,658
13,2830,28600214,0,0,0
4,2832,28610234,-8170,-158,654
13,2831,28610256,3,1,1
4,2833,28620287,-8177,-166,658
13,2832,28620309,2,4,0
4,2834,28630441,-8181,-158,654
13,2833,28630463,0,0,0
4,2835,28640418,-8168,-160,657
13,2834,28640440,0,-5,0
4,2836,28650493,-8176,-158,668
13,2835,28650515,0,-2,-1
4,2837,28660572,-8178,-158,662
13,2836,28660594,0,1,-1
4,2838,28670706,-8171,-161,664
13,2837,28670727,0,8,1
4,2839,28680689,-8187,-167,660
13,2838,28680711,0,4,1
4,2840,28690701,-8180,-163,669
13,2839,28690723,1,1,0
4,2841,28700840,-8173,-166,650
13,2840,28700862,2,-1,0
4,2842,28711002,-8177,-163,646
13,2841,28711024,1,0,0
4,2843,28721010,-8181,-159,669
13,2842,28721032,0,2,0
4,2844,28731001,-8176,-152,662
13,2843,28731023,-1,0,-1
4,2845,28741048,-8182,-165,661
13,2844,28741070,-1,0,0
4,2846,28751161,-8181,-173,653
13,2845,28751183,1,3,0
4,2847,28761268,-8176,-162,656
13,2846,28761290,0,0,-1
4,2848,28771251,-8172,-163,663
13,2847,28771273,0,3,2
4,2849,28781330,-8176,-168,655
13,2848,28781352,0,3,1
4,2850,28791474,-8172,-164,647
13,2849,28791496,0,2,0
4,2851,28801516,-8181,-166,658
13,2850,28801538,0,1,-1
4,2852,28811550,-8181,-172,656
13,2851,28811599,0,5,0
4,2853,28821534,-8178,-161,656
13,2852,28821556,-1,3,2
4,2854,28831746,-8179,-151,663
13,2853,28831768,0,3,0
4,2855,28841766,-8176,-156,657
13,2854,28841788,1,3,0
4,2856,28851862,-8173,-171,662
13,2855,28851884,1,1,2
4,2857,28861896,-8175,-156,649
13,2856,28861917,0,-1,0
4,2858,28872063,-8176,-154,667
13,2857,28872085,0,-2,0
4,2859,28882043,-8176,-158,657
13,2858,28882065,0,-5,-2
4,2860,28892091,-8182,-165,654
13,2859,28892113,-1,-3,-1
4,2861,28902171,-8170,-162,668
13,2860,28902193,0,-1,-2
4,2862,28912246,-8185,-168,673
13,2861,28912268,0,0,2
4,2863,28922290,-8181,-173,663
13,2862,28922312,-2,3,0
4,2864,28932340,-8158,-163,666
13,2863,28932362,0,4,0
4,2865,28942383,-8163,-166,667
13,2864,28942405,-2,3,0
4,2866,28952615,-8188,-170,656
13,2865,28952637,0,8,2
4,2867,28962595,-8188,-169,654
13,2866,28962617,0,10,2
4,2868,28972704,-8176,-166,658
13,2867,28972726,0,7,0
4,2869,28982698,-8176,-167,659
13,2868,28982720,2,4,1
4,2870,28992811,-8176,-159,660
13,2869,28992833,1,0,2
4,2871,29002855,-8187,-173,660
13,2870,29002877,0,-1,0
4,2872,29012860,-8184,-178,657
13,2871,29012882,0,0,0
4,2873,29022962,-8175,-169,657
13,2872,29022984,-1,0,1
4,2874,29033105,-8176,-171,651
13,2873,29033127,0,0,1
4,2875,29043149,-8189,-162,657
13,2874,29043171,2,0,0
4,2876,29053134,-8183,-163,662
13,2875,29053156,1,0,2
4,2877,29063224,-8179,-162,670
13,2876,29063273,1,2,2
4,2878,29073373,-8181,-175,655
13,2877,29073395,-1,4,-1
4,2879,29083288,-8181,-161,666
13,2878,29083310,0,4,0
4,2880,29093437,-8181,-158,654
13,2879,29093459,0,4,3
4,2881,29103525,-8167,-153,662
13,2880,29103547,0,3,1
4,2882,29113621,-8174,-156,671
13,2881,29113643,0,0,1
4,2883,29123568,-8180,-163,651
13,2882,29123590,1,0,0
4,2884,29133652,-8172,-169,649
13,2883,29133674,1,0,0
4,2885,29143707,-8178,-154,658
13,2884,29143728,-1,-5,0
4,2886,29153804,-8164,-169,672
13,2885,29153826,1,-6,0
4,2887,29163862,-8174,-155,669
13,2886,29163884,1,-6,-2
4,2888,29173973,-8175,-163,662
13,2887,29173995,0,-3,-3
4,2889,29184018,-8175,-173,669
13,2888,29184040,0,1,-2
4,2890,29194215,-8166,-165,658
13,2889,29194237,0,5,-1
4,2891,29204142,-8175,-164,647
13,2890,29204164,0,10,1
4,2892,29214254,-8171,-167,651
13,2891,29214276,0,8,0
4,2893,29224262,-8183,-162,642
13,2892,29224284,0,9,1
4,2894,29234288,-8178,-164,643
13,2893,29234310,0,9,0
4,2895,29244405,-8182,-164,648
13,2894,29244427,0,4,0
4,2896,29254440,-8196,-161,645
13,2895,29254462,2,4,0
4,2897,29264480,-8188,-162,652
13,2896,29264502,-1,0,0
4,2898,29274601,-8176,-156,639
13,2897,29274622,0,-1,1
4,2899,29284636,-8176,-168,647
13,2898,29284658,0,-5,0
4,2900,29294731,-8178,-168,657
13,2899,29294753,1,-4,1
4,2901,29304709,-8166,-148,664
13,2900,29304731,1,-2,0
4,2902,29314858,-8174,-158,658
13,2901,29314880,0,0,0
4,2903,29324922,-8173,-160,663
13,2902,29324944,0,0,1
4,2904,29334960,-8189,-163,649
13,2903,29334982,0,-1,0
4,2905,29345062,-8182,-159,664
13,2904,29345084,0,0,-1
4,2906,29355180,-8165,-164,663
13,2905,29355202,0,1,-2
4,2907,29365109,-8172,-163,653
13,2906,29365131,1,2,0
4,2908,29375217,-8190,-167,662
13,2907,29375239,1,3,0
4,2909,29385329,-8171,-167,667
13,2908,29385351,0,0,1
4,2910,29395413,-8157,-170,660
13,2909,29395434,-1,-3,0
4,2911,29405379,-8182,-167,655
13,2910,29405401,0,-1,0
4,2912,29415485,-8180,-164,661
13,2911,29415507,-1,-2,0
4,2913,29425561,-8176,-160,649
13,2912,29425583,0,-3,-2
4,2914,29435671,-8175,-164,653
13,2913,29435720,0,3,-1
4,2915,29445725,-8169,-157,665
13,2914,29445747,-1,1,-1
4,2916,29455820,-8180,-163,647
13,2915,29455842,0,1,0
4,2917,29465923,-8180,-157,659
13,2916,29465945,0,2,1
4,2918,29475936,-8195,-163,654
13,2917,29475958,0,0,0
4,2919,29485962,-8178,-161,659
13,2918,29485984,0,-2,0
4,2920,29495978,-8185,-158,653
13,2919,29496000,0,2,1
4,2921,29506077,-8189,-163,639
13,2920,29506099,0,4,1
4,2922,29516250,-8162,-165,657
13,2921,29516272,0,3,-1
4,2923,29526150,-8167,-158,649
13,2922,29526172,0,6,0
4,2924,29536333,-8177,-145,646
13,2923,29536355,1,8,0
4,2925,29546263,-8181,-157,656
13,2924,29546285,0,6,0
4,2926,29556417,-8186,-158,658
13,2925,29556439,1,5,0
4,2927,29566565,-8171,-171,654
13,2926,29566587,-1,1,0
4,2928,29576544,-8176,-169,650
13,2927,29576566,0,3,1
4,2929,29586651,-8169,-171,666
13,2928,29586673,0,0,1
4,2930,29596763,-8173,-162,661
13,2929,29596785,0,-2,-1
4,2931,29606704,-8182,-170,646
13,2930,29606726,0,-10,-1
4,2932,29616794,-8175,-170,665
13,2931,29616816,0,-11,-1
4,2933,29626862,-8182,-153,663
13,2932,29626884,3,-8,0
4,2934,29636970,-8181,-161,651
13,2933,29636992,0,-5,1
4,2935,29647001,-8176,-157,649
13,2934,29647022,0,-1,1
4,2936,29657055,-8176,-161,650
13,2935,29657077,0,3,0
4,2937,29667087,-8177,-153,645
13,2936,29667109,0,4,0
4,2938,29677290,-8188,-167,656
13,2937,29677339,1,5,0
4,2939,29687222,-8178,-165,665
13,2938,29687244,0,4,-2
4,2940,29697280,-8168,-159,660
13,2939,29697302,0,1,0
4,2941,29707468,-8170,-157,646
13,2940,29707490,0,-2,0
4,2942,29717498,-8183,-155,659
13,2941,29717520,0,-7,1
4,2943,29727543,-8177,-158,664
13,2942,29727565,0,-5,0
4,2944,29737575,-8172,-150,664
13,2943,29737596,-1,-5,0
4,2945,29747704,-8173,-149,654
13,2944,29747726,0,-5,0
4,2946,29757834,-8172,-160,665
13,2945,29757856,0,-1,0
4,2947,29767811,-8176,-161,665
13,2946,29767833,0,2,0
4,2948,29777850,-8172,-165,666
13,2947,29777872,0,4,0
4,2949,29787901,-8184,-148,655
13,2948,29787922,0,3,1
4,2950,29798027,-8184,-168,663
13,2949,29798049,-1,2,1
4,2951,29807992,-8184,-162,660
13,2950,29808014,0,1,0
4,2952,29818130,-8180,-166,652
13,2951,29818152,1,1,0
4,2953,29828208,-8180,-167,649
13,2952,29828230,0,-1,0
4,2954,29838344,-8176,-160,645
13,2953,29838366,1,-2,-1
4,2955,29848341,-8173,-155,663
13,2954,29848363,2,-6,0
4,2956,29858368,-8166,-155,661
13,2955,29858390,2,-11,1
4,2957,29868442,-8172,-168,653
13,2956,29868464,0,-14,-2
4,2958,29878509,-8192,-164,659
13,2957,29878531,0,-15,0
4,2959,29888560,-8161,-162,660
13,2958,29888582,2,-13,3
4,2960,29898605,-8172,-173,662
13,2959,29898627,0,-7,1
4,2961,29908688,-8175,-172,654
13,2960,29908710,-1,-1,1
4,2962,29918861,-8189,-166,649
13,2961,29918883,0,4,0
4,2963,29928752,-8171,-167,659
13,2962,29928774,1,1,-1
4,2964,29938891,-8170,-161,668
13,2963,29938940,1,0,1
4,2965,29949041,-8182,-165,654
13,2964,29949063,0,-3,0
4,2966,29959106,-8182,-157,652
13,2965,29959128,2,-1,-3
4,2967,29969095,-8177,-173,656
13,2966,29969117,1,-7,0
4,2968,29979116,-8172,-174,666
13,2967,29979138,-1,-14,0
4,2969,29989236,-8184,-159,669
13,2968,29989258,-1,-11,0
4,2970,29999374,-8172,-155,661
13,2969,29999396,0,-7,0
4,2971,30009341,-8175,-158,674
13,2970,30009363,0,-7,0
4,2972,30019396,-8184,-164,663
13,2971,30019418,0,-2,0
4,2973,30029415,-8175,-167,657
13,2972,30029437,0,-2,-2
4,2974,30039567,-8180,-163,668
13,2973,30039589,1,0,0
4,2975,30049588,-8179,-165,656
13,2974,30049610,1,0,1
4,2976,30059686,-8176,-155,662
13,2975,30059708,0,-7,0
4,2977,30069719,-8186,-161,653
13,2976,30069768,1,-7,1
4,2978,30079878,-8176,-164,645
13,2977,30079900,0,-10,2
4,2979,30089906,-8173,-166,665
13,2978,30089928,1,-12,1
4,2980,30100029,-8167,-168,663
13,2979,30100051,1,-8,0
4,2981,30110037,-8175,-168,658
13,2980,30110059,1,-5,0
4,2982,30120117,-8182,-157,657
13,2981,30120139,0,-1,2
4,2983,30130165,-8161,-174,655
13,2982,30130187,-1,3,0
4,2984,30140196,-8186,-166,677
13,2983,30140218,0,3,0
4,2985,30150319,-8178,-154,668
13,2984,30150341,1,0,0
4,2986,30160439,-8178,-148,667
13,2985,30160461,-1,2,0
4,2987,30170410,-8171,-158,663
13,2986,30170432,0,0,0
4,2988,30180468,-8169,-150,658
13,2987,30180490,0,0,-1
4,2989,30190554,-8184,-168,663
13,2988,30190603,0,1,-1
4,2990,30200702,-8183,-160,673
13,2989,30200724,-2,0,1
4,2991,30210789,-8177,-164,675
13,2990,30210811,0,-1,0
4,2992,30220808,-8173,-162,662
13,2991,30220830,0,0,-1
4,2993,30230874,-8176,-163,660
13,2992,30230896,0,-1,0
4,2994,30240986,-8180,-159,657
13,2993,30241008,0,-2,2
4,2995,30251008,-8174,-176,665
13,2994,30251030,1,-6,0
4,2996,30261042,-8176,-158,655
13,2995,30261064,0,-3,0
4,2997,30271123,-8173,-164,661
13,2996,30271145,-1,0,0
4,2998,30281176,-8180,-171,659
13,2997,30281198,1,-3,2
4,2999,30291283,-8176,-168,663
13,2998,30291305,0,-3,1
4,3000,30301331,-8182,-165,664
13,2999,30301353,-2,0,0
4,3001,30311438,-8176,-161,652
13,3000,30311460,0,1,0
4,3002,30321602,-8181,-157,655
13,3001,30321624,1,0,-1
4,3003,30331527,-8174,-154,664
13,3002,30331549,1,1,0
4,3004,30341647,-8174,-163,673
13,3003,30341669,0,4,2
4,3005,30351703,-8176,-166,666
13,3004,30351725,0,1,0
4,3006,30361820,-8180,-158,659
13,3005,30361841,-1,2,0
4,3007,30371770,-8178,-163,654
13,3006,30371792,0,1,-2
4,3008,30381962,-8173,-158,658
13,3007,30381984,0,-2,0
4,3009,30391959,-8174,-155,657
13,3008,30391981,0,-7,2
4,3010,30402078,-8172,-169,679
13,3009,30402100,2,-10,0
4,3011,30412101,-8171,-158,680
13,3010,30412123,0,-9,0
4,3012,30422171,-8178,-159,671
13,3011,30422193,0,-6,0
4,3013,30432252,-8175,-181,652
13,3012,30432274,0,-3,0
4,3014,30442383,-8172,-170,668
13,3013,30442405,1,0,-1
4,3015,30452436,-8174,-172,661
13,3014,30452458,-1,2,0
4,3016,30462498,-8169,-162,660
13,3015,30462520,0,0,0
4,3017,30472578,-8162,-160,673
13,3016,30472600,2,4,1
4,3018,30482636,-8179,-167,668
13,3017,30482658,2,4,-1
4,3019,30492645,-8183,-176,658
13,3018,30492667,-2,0,-1
4,3020,30502755,-8189,-177,655
13,3019,30502777,-1,-2,-1
4,3021,30512752,-8184,-182,669
13,3020,30512774,0,-3,0
4,3022,30522925,-8162,-180,665
13,3021,30522947,0,-2,1
4,3023,30532937,-8180,-170,664
13,3022,30532958,1,-3,0
4,3024,30542968,-8183,-154,666
13,3023,30542990,0,-5,0
4,3025,30553051,-8182,-161,666
13,3024,30553073,0,-8,1
4,3026,30563329,-8181,-164,665
13,3025,30563351,0,-5,0
4,3027,30573192,-8175,-150,663
13,3026,30573214,0,0,0
4,3028,30583282,-8164,-161,666
13,3027,30583304,0,-4,0
4,3029,30593383,-8166,-157,669
13,3028,30593405,1,-6,0
4,3030,30603487,-8177,-166,679
13,3029,30603509,0,0,0
4,3031,30613464,-8182,-167,664
13,3030,30613486,-1,0,0
4,3032,30623486,-8183,-165,659
13,3031,30623507,1,0,-1
4,3033,30633670,-8178,-158,661
13,3032,30633692,1,0,-1
4,3034,30643779,-8180,-165,669
13,3033,30643801,0,-4,0
4,3035,30653730,-8176,-174,671
13,3034,30653752,0,-8,-1
4,3036,30663828,-8178,-155,660
13,3035,30663850,0,-10,0
4,3037,30673861,-8176,-163,667
13,3036,30673883,2,-8,0
4,3038,30684093,-8173,-157,660
13,3037,30684115,0,-3,-1
4,3039,30694043,-8161,-161,660
13,3038,30694065,0,-1,-2
4,3040,30704065,-8180,-166,667
13,3039,30704087,0,-1,2
4,3041,30714209,-8182,-171,661
13,3040,30714231,0,0,0
4,3042,30724369,-8178,-166,656
13,3041,30724391,0,6,-1
4,3043,30734311,-8173,-168,651
13,3042,30734333,0,4,2
4,3044,30744388,-8170,-159,669
13,3043,30744410,-1,2,1
4,3045,30754416,-8184,-167,674
13,3044,30754438,-1,2,1
4,3046,30764471,-8189,-155,672
13,3045,30764493,0,2,0
4,3047,30774529,-8179,-153,674
13,3046,30774551,0,-2,-3
4,3048,30784566,-8177,-155,669
13,3047,30784588,0,-2,0
4,3049,30794695,-8174,-171,661
13,3048,30794717,0,0,1
4,3050,30804830,-8177,-159,673
13,3049,30804880,0,-1,1
4,3051,30814882,-8179,-166,670
13,3050,30814904,-1,0,2
4,3052,30824883,-8169,-169,657
13,3051,30824905,-1,1,0
4,3053,30835017,-8181,-163,663
13,3052,30835039,0,3,0
4,3054,30844976,-8171,-157,656
13,3053,30844998,-2,4,0
4,3055,30855130,-8183,-160,667
13,3054,30855152,0,3,1
4,3056,30865123,-8186,-159,665
13,3055,30865145,0,0,1
4,3057,30875137,-8183,-166,666
13,3056,30875159,-1,-2,2
4,3058,30885334,-8171,-175,657
13,3057,30885356,-3,-1,2
4,3059,30895301,-8172,-158,671
13,3058,30895323,0,-1,0
4,3060,30905388,-8180,-165,671
13,3059,30905410,1,0,0
4,3061,30915486,-8178,-166,660
13,3060,30915508,0,3,0
4,3062,30925557,-8182,-156,673
13,3061,30925579,0,4,1
4,3063,30935567,-8173,-165,668
13,3062,30935589,1,10,2
4,3064,30945655,-8173,-161,672
13,3063,30945677,3,11,1
4,3065,30955743,-8174,-157,660
13,3064,30955765,-1,7,1
4,3066,30965928,-8171,-158,671
13,3065,30965950,0,5,1
4,3067,30975843,-8155,-157,676
13,3066,30975865,2,5,0
4,3068,30985917,-8175,-151,663
13,3067,30985939,0,5,-1
4,3069,30995886,-8179,-146,661
13,3068,30995908,-1,5,1
4,3070,31006037,-8179,-160,661
13,3069,31006059,0,2,1
4,3071,31016056,-8172,-167,661
13,3070,31016078,2,3,1
4,3072,31026124,-8179,-160,658
13,3071,31026146,1,7,0
4,3073,31036191,-8167,-152,654
13,3072,31036213,2,6,0
4,3074,31046293,-8173,-155,665
13,3073,31046315,0,8,0
4,3075,31056307,-8186,-158,670
13,3074,31056329,0,4,3
4,3076,31066341,-8193,-163,667
13,3075,31066363,0,0,0
4,3077,31076473,-8178,-159,657
13,3076,31076495,2,-2,0
4,3078,31086513,-8184,-166,658
13,3077,31086535,2,-6,0
4,3079,31096595,-8177,-163,675
13,3078,31096617,0,-7,1
4,3080,31106660,-8182,-154,663
13,3079,31106682,-1,-5,-1
4,3081,31116719,-8180,-163,653
13,3080,31116741,0,-1,1
4,3082,31126912,-8174,-158,652
13,3081,31126934,0,0,0
4,3083,31136834,-8175,-159,671
13,3082,31136856,0,2,0
4,3084,31146887,-8174,-158,657
13,3083,31146909,0,4,0
4,3085,31156965,-8179,-160,662
13,3084,31156987,-1,3,0
4,3086,31167049,-8173,-167,666
13,3085,31167071,1,1,0
4,3087,31177104,-8181,-178,667
13,3086,31177126,0,0,1
4,3088,31187178,-8180,-164,658
13,3087,31187227,0,0,0
4,3089,31197257,-8168,-147,670
13,3088,31197279,0,-1,0
4,3090,31207405,-8172,-167,665
13,3089,31207427,-1,-3,0
4,3091,31217384,-8175,-169,659
13,3090,31217406,-1,0,0
4,3092,31227458,-8169,-159,675
13,3091,31227480,1,2,0
4,3093,31237525,-8189,-156,671
13,3092,31237547,3,4,2
4,3094,31247587,-8177,-157,666
13,3093,31247609,0,9,0
4,3095,31257554,-8176,-158,670
13,3094,31257576,-1,11,-1
4,3096,31267679,-8185,-159,661
13,3095,31267701,0,8,-1
4,3097,31277778,-8174,-160,672
13,3096,31277800,0,5,0
4,3098,31287970,-8174,-162,663
13,3097,31287992,0,6,3
4,3099,31297867,-8158,-177,658
13,3098,31297889,2,6,0
4,3100,31307952,-8179,-172,651
13,3099,31307974,0,8,-1
4,3101,31318007,-8173,-162,662
13,3100,31318056,0,6,0
4,3102,31328209,-8177,-163,664
13,3101,31328231,0,4,0
4,3103,31338184,-8177,-172,659
13,3102,31338206,0,1,1
4,3104,31348237,-8186,-167,652
13,3103,31348259,0,1,0
4,3105,31358283,-8182,-161,653
13,3104,31358305,0,0,0
4,3106,31368495,-8182,-162,663
13,3105,31368517,-1,-2,0
4,3107,31378418,-8175,-168,663
13,3106,31378440,-2,-5,0
4,3108,31388395,-8177,-166,668
13,3107,31388417,-1,-7,0
4,3109,31398531,-8172,-169,664
13,3108,31398553,-1,-6,0
4,3110,31408610,-8174,-172,661
13,3109,31408632,-1,-2,0
4,3111,31418664,-8176,-166,654
13,3110,31418686,-1,0,2
4,3112,31428713,-8173,-167,654
13,3111,31428735,2,4,-1
4,3113,31438806,-8169,-148,654
13,3112,31438855,2,4,0
4,3114,31448987,-8173,-159,650
13,3113,31449009,0,8,2
4,3115,31458931,-8187,-153,665
13,3114,31458953,0,8,1
4,3116,31469003,-8182,-161,664
13,3115,31469025,0,5,1
4,3117,31479071,-8178,-167,664
13,3116,31479093,0,4,0
4,3118,31489143,-8169,-161,660
13,3117,31489165,2,-1,1
4,3119,31499159,-8175,-158,652
13,3118,31499181,1,-4,0
4,3120,31509190,-8167,-155,668
13,3119,31509212,0,-6,0
4,3121,31519297,-8165,-166,661
13,3120,31519319,0,-4,-1
4,3122,31529457,-8181,-157,667
13,3121,31529479,1,-4,1
4,3123,31539500,-8166,-165,653
13,3122,31539522,0,-4,0
4,3124,31549498,-8178,-158,656
13,3123,31549520,0,0,0
4,3125,31559583,-8182,-161,673
13,3124,31559605,0,0,0
4,3126,31569738,-8183,-148,664
13,3125,31569760,0,-1,-2
4,3127,31579737,-8176,-170,659
13,3126,31579759,2,3,0
4,3128,31589812,-8170,-162,652
13,3127,31589834,0,4,0
4,3129,31599862,-8173,-165,656
13,3128,31599884,1,4,0
4,3130,31610077,-8177,-160,654
13,3129,31610099,0,4,-1
4,3131,31619972,-8179,-160,640
13,3130,31619993,0,3,0
4,3132,31630034,-8176,-167,661
13,3131,31630056,1,2,0
4,3133,31640170,-8183,-162,665
13,3132,31640191,0,0,0
4,3134,31650159,-8164,-156,663
13,3133,31650181,0,-4,1
4,3135,31660280,-8173,-164,655
13,3134,31660302,0,-10,0
4,3136,31670373,-8180,-170,666
13,3135,31670395,-3,-9,-1
4,3137,31680394,-8166,-156,658
13,3136,31680416,0,-5,-3
4,3138,31690562,-8177,-151,667
13,3137,31690584,0,-8,0
4,3139,31700527,-8189,-154,657
13,3138,31700549,0,-7,1
4,3140,31710609,-8181,-151,672
13,3139,31710631,-1,-4,1
4,3141,31720669,-8166,-157,667
13,3140,31720691,-2,3,1
4,3142,31730746,-8170,-172,658
13,3141,31730768,0,3,0
4,3143,31740844,-8170,-163,651
13,3142,31740865,1,4,1
4,3144,31750865,-8175,-157,660
13,3143,31750887,0,4,1
4,3145,31760993,-8159,-168,664
13,3144,31761015,0,5,1
4,3146,31771066,-8175,-170,668
13,3145,31771088,0,3,0
4,3147,31781111,-8183,-169,669
13,3146,31781133,0,0,0
4,3148,31791119,-8170,-160,657
13,3147,31791141,-2,0,1
4,3149,31801129,-8173,-161,653
13,3148,31801151,1,-5,0
4,3150,31811371,-8178,-174,661
13,3149,31811393,0,-6,-2
4,3151,31821358,-8177,-168,662
13,3150,31821380,1,-4,0
4,3152,31831421,-8163,-168,673
13,3151,31831443,0,-3,0
4,3153,31841418,-8190,-160,661
13,3152,31841440,-1,0,0
4,3154,31851642,-8184,-178,657
13,3153,31851664,0,3,1
4,3155,31861634,-8170,-175,659
13,3154,31861656,2,5,0
4,3156,31871605,-8183,-168,662
13,3155,31871627,0,4,0
4,3157,31881724,-8167,-163,653
13,3156,31881746,0,5,0
4,3158,31891841,-8176,-164,646
13,3157,31891863,0,4,0
4,3159,31901850,-8180,-156,663
13,3158,31901872,0,3,0
4,3160,31911914,-8189,-158,662
13,3159,31911936,1,1,0
4,3161,31922023,-8166,-167,664
13,3160,31922045,0,3,0
4,3162,31932096,-8179,-172,658
13,3161,31932118,0,1,0
4,3163,31942175,-8186,-178,657
13,3162,31942197,0,-1,1
4,3164,31952264,-8166,-178,654
13,3163,31952286,0,-3,1
4,3165,31962293,-8180,-159,664
13,3164,31962315,0,-7,0
4,3166,31972315,-8179,-162,653
13,3165,31972337,0,-1,1
4,3167,31982404,-8176,-177,649
13,3166,31982426,0,0,1
4,3168,31992445,-8184,-164,649
13,3167,31992466,0,0,0
4,3169,32002436,-8169,-169,670
13,3168,32002458,1,4,0
4,3170,32012671,-8169,-170,657
13,3169,32012693,-1,8,-1
4,3171,32022681,-8174,-173,658
13,3170,32022703,-2,7,0
4,3172,32032748,-8180,-168,655
13,3171,32032770,-1,4,2
4,3173,32042751,-8182,-163,658
13,3172,32042773,0,2,2
4,3174,32052851,-8179,-169,659
13,3173,32052873,2,0,1
4,3175,32062834,-8172,-166,651
13,3174,32062856,1,-4,0
4,3176,32072953,-8173,-156,671
13,3175,32072975,0,0,0
4,3177,32083046,-8180,-152,669
13,3176,32083068,-1,0,0
4,3178,32093129,-8177,-159,666
13,3177,32093151,0,2,0
4,3179,32103172,-8172,-159,659
13,3178,32103194,-1,3,0
4,3180,32113171,-8170,-170,662
13,3179,32113193,0,4,0
4,3181,32123267,-8169,-154,659
13,3180,32123289,1,4,-1
4,3182,32133440,-8172,-151,662
13,3181,32133462,1,0,0
4,3183,32143395,-8169,-150,655
13,3182,32143417,3,-5,0
4,3184,32153472,-8171,-161,653
13,3183,32153494,1,-4,0
4,3185,32163517,-8170,-164,646
13,3184,32163539,4,-7,2
4,3186,32173632,-8174,-177,655
13,3185,32173654,0,-5,1
4,3187,32183651,-8171,-167,658
13,3186,32183673,0,-3,0
4,3188,32193743,-8179,-174,664
13,3187,32193765,2,-2,0
4,3189,32203810,-8187,-161,670
13,3188,32203832,-1,-2,-1
4,3190,32213907,-8173,-170,661
13,3189,32213929,0,-3,-1
4,3191,32223929,-8166,-169,672
13,3190,32223951,0,-3,-2
4,3192,32233949,-8177,-162,664
13,3191,32233971,1,-3,0
4,3193,32244076,-8177,-171,659
13,3192,32244098,0,-1,0
4,3194,32254208,-8175,-166,657
13,3193,32254230,0,1,0
4,3195,32264107,-8173,-165,658
13,3194,32264129,-2,2,2
4,3196,32274299,-8178,-171,658
13,3195,32274321,0,0,0
4,3197,32284311,-8188,-175,669
13,3196,32284333,0,2,0
4,3198,32294413,-8176,-169,654
13,3197,32294435,0,0,0
4,3199,32304449,-8169,-158,646
13,3198,32304471,1,-2,2
4,3200,32314600,-8174,-162,664
13,3199,32314622,1,-1,0
4,3201,32324655,-8167,-157,661
13,3200,32324677,0,-2,0
4,3202,32334817,-8179,-153,660
13,3201,32334839,-1,-1,0
4,3203,32344739,-8192,-154,650
13,3202,32344761,0,1,0
4,3204,32354772,-8187,-156,659
13,3203,32354794,0,4,0
4,3205,32364847,-8179,-160,654
13,3204,32364869,1,1,1
4,3206,32374871,-8169,-163,654
13,3205,32374893,0,4,2
4,3207,32384941,-8168,-161,664
13,3206,32384963,0,5,1
4,3208,32395029,-8172,-164,662
13,3207,32395051,1,5,0
4,3209,32405115,-8168,-173,662
13,3208,32405137,1,5,0
4,3210,32415265,-8181,-170,662
13,3209,32415287,0,7,-1
4,3211,32425233,-8182,-162,670
13,3210,32425255,0,5,1
4,3212,32435306,-8184,-157,651
13,3211,32435327,-1,2,0
4,3213,32445376,-8179,-164,661
13,3212,32445398,0,-1,-1
4,3214,32455492,-8175,-161,660
13,3213,32455514,1,-3,0
4,3215,32465508,-8179,-162,653
13,3214,32465530,2,-5,1
4,3216,32475596,-8169,-171,666
13,3215,32475618,1,-9,-1
4,3217,32485641,-8180,-167,649
13,3216,32485663,-1,-10,-1
4,3218,32495720,-8190,-172,655
13,3217,32495742,-1,-6,-1
4,3219,32505786,-8169,-171,666
13,3218,32505808,0,0,1
4,3220,32515872,-8171,-154,662
13,3219,32515894,0,5,1
4,3221,32525909,-8170,-161,662
13,3220,32525931,0,9,2
4,3222,32535998,-8182,-155,651
13,3221,32536020,1,7,0
4,3223,32545988,-8176,-161,653
13,3222,32546010,1,5,0
4,3224,32556115,-8199,-167,667
13,3223,32556137,0,4,1
4,3225,32566197,-8183,-161,658
13,3224,32566247,-1,0,0
4,3226,32576396,-8178,-159,646
13,3225,32576418,2,-2,0
4,3227,32586345,-8189,-168,661
13,3226,32586367,3,-6,0
4,3228,32596368,-8172,-164,669
13,3227,32596390,0,-8,2
4,3229,32606494,-8173,-165,664
13,3228,32606516,1,-10,0
4,3230,32616559,-8171,-164,673
13,3229,32616581,2,-12,0
4,3231,32626602,-8168,-168,673
13,3230,32626624,1,-6,0
4,3232,32636656,-8173,-177,656
13,3231,32636678,0,0,1
4,3233,32646682,-8178,-170,661
13,3232,32646704,0,5,0
4,3234,32656898,-8181,-161,655
13,3233,32656920,0,4,-1
4,3235,32666925,-8196,-162,656
13,3234,32666947,0,-1,0
4,3236,32676933,-8192,-162,659
13,3235,32676955,0,0,1
4,3237,32686974,-8175,-170,665
13,3236,32686996,0,0,-1
4,3238,32697136,-8181,-182,653
13,3237,32697158,0,7,0
4,3239,32707129,-8179,-174,662
13,3238,32707151,0,5,0
4,3240,32717215,-8182,-166,649
13,3239,32717237,-1,2,1
4,3241,32727282,-8175,-161,658
13,3240,32727304,0,3,2
4,3242,32737413,-8177,-169,655
13,3241,32737435,0,1,0
4,3243,32747376,-8180,-170,645
13,3242,32747398,0,-2,1
4,3244,32757442,-8181,-162,656
13,3243,32757464,0,-9,0
4,3245,32767513,-8177,-154,644
13,3244,32767535,0,-10,0
4,3246,32777645,-8172,-161,659
13,3245,32777667,2,-11,0
4,3247,32787637,-8182,-162,654
13,3246,32787659,0,-11,0
4,3248,32797677,-8188,-156,657
13,3247,32797699,0,-9,0
4,3249,32807718,-8174,-150,663
13,3248,32807740,0,-5,0
4,3250,32817952,-8173,-154,660
13,3249,32817974,-3,-1,0
4,3251,32827927,-8172,-178,666
13,3250,32827949,-1,2,0
4,3252,32837997,-8174,-172,651
13,3251,32838019,0,5,1
4,3253,32847985,-8172,-161,651
13,3252,32848007,-1,0,2
4,3254,32858137,-8179,-158,666
13,3253,32858159,0,-7,0
4,3255,32868179,-8176,-161,670
13,3254,32868201,0,-10,0
4,3256,32878234,-8162,-169,662
13,3255,32878256,0,-13,-1
4,3257,32888315,-8167,-158,658
13,3256,32888337,0,-12,-1
4,3258,32898424,-8155,-171,662
13,3257,32898446,0,-6,-1
4,3259,32908457,-8169,-165,666
13,3258,32908479,-1,-2,0
4,3260,32918515,-8189,-165,670
13,3259,32918537,0,0,1
4,3261,32928580,-8186,-161,665
13,3260,32928602,1,-1,-1
4,3262,32938608,-8182,-171,658
13,3261,32938630,0,0,0
4,3263,32948809,-8184,-166,662
13,3262,32948831,0,0,0
4,3264,32958789,-8177,-164,663
13,3263,32958811,-1,-8,-1
4,3265,32968831,-8185,-161,655
13,3264,32968853,0,-10,0
4,3266,32978994,-8184,-153,660
13,3265,32979016,0,-12,1
4,3267,32988963,-8184,-154,655
13,3266,32988985,1,-15,0
4,3268,32999018,-8170,-155,662
13,3267,32999040,0,-14,-1
4,3269,33009062,-8175,-149,665
13,3268,33009083,1,-12,0
4,3270,33019178,-8178,-163,676
13,3269,33019200,1,-10,0
4,3271,33029223,-8173,-167,658
13,3270,33029245,0,-7,-1
4,3272,33039271,-8166,-166,672
13,3271,33039293,3,-2,0
4,3273,33049323,-8165,-159,658
13,3272,33049345,1,4,0
4,3274,33059545,-8174,-152,658
13,3273,33059567,-2,6,1
4,3275,33069542,-8184,-168,669
13,3274,33069564,-1,3,0
4,3276,33079509,-8169,-171,662
13,3275,33079531,0,4,0
4,3277,33089652,-8175,-164,667
13,3276,33089674,-1,-2,2
4,3278,33099755,-8187,-181,672
13,3277,33099777,-1,-4,2
4,3279,33109713,-8173,-160,669
13,3278,33109735,0,-9,0
4,3280,33119804,-8176,-172,670
13,3279,33119826,2,-10,-1
4,3281,33129929,-8175,-166,669
13,3280,33129951,0,-10,-1
4,3282,33140003,-8180,-163,665
13,3281,33140024,0,-7,0
4,3283,33150009,-8181,-153,666
13,3282,33150031,-1,2,1
4,3284,33160075,-8163,-158,665
13,3283,33160097,0,6,2
4,3285,33170191,-8171,-173,660
13,3284,33170213,-2,8,2
4,3286,33180253,-8169,-159,659
13,3285,33180275,-1,8,1
4,3287,33190205,-8177,-152,658
13,3286,33190227,0,5,0
4,3288,33200411,-8196,-163,660
13,3287,33200433,2,0,-1
4,3289,33210464,-8176,-165,663
13,3288,33210486,-1,-4,0
4,3290,33220578,-8182,-159,661
13,3289,33220600,-1,-5,0
4,3291,33230562,-8181,-156,666
13,3290,33230584,0,-2,-2
4,3292,33240611,-8181,-161,655
13,3291,33240633,1,-3,1
4,3293,33250719,-8173,-163,675
13,3292,33250741,0,0,2
4,3294,33260773,-8169,-172,674
13,3293,33260795,0,1,1
4,3295,33270743,-8172,-174,677
13,3294,33270764,1,-3,0
4,3296,33280887,-8183,-164,664
13,3295,33280909,0,-2,0
4,3297,33290990,-8182,-167,672
13,3296,33291012,3,-2,0
4,3298,33301130,-8176,-166,653
13,3297,33301152,3,-5,0
4,3299,33311146,-8181,-160,672
13,3298,33311195,0,-4,0
4,3300,33321167,-8181,-162,664
13,3299,33321189,-2,-5,-1
4,3301,33331179,-8171,-158,670
13,3300,33331201,0,-6,0
4,3302,33341345,-8166,-172,662
13,3301,33341367,-1,-5,0
4,3303,33351318,-8172,-154,662
13,3302,33351340,-1,-1,0
4,3304,33361398,-8168,-159,682
13,3303,33361420,-1,-2,0
4,3305,33371518,-8178,-159,670
13,3304,33371540,0,-1,0
4,3306,33381700,-8164,-168,672
13,3305,33381722,2,3,-2
4,3307,33391591,-8166,-160,662
13,3306,33391613,-1,1,-1
4,3308,33401741,-8190,-152,662
13,3307,33401763,-2,3,2
4,3309,33411701,-8183,-159,668
13,3308,33411723,0,2,2
4,3310,33421906,-8182,-162,666
13,3309,33421928,0,0,1
4,3311,33431880,-8182,-153,657
13,3310,33431902,0,0,2
4,3312,33441909,-8170,-168,656
13,3311,33441931,0,-2,2
4,3313,33452045,-8167,-176,656
13,3312,33452067,0,-6,0
4,3314,33462219,-8176,-177,658
13,3313,33462241,0,-6,2
4,3315,33472191,-8165,-172,663
13,3314,33472213,1,-3,0
4,3316,33482254,-8170,-163,674
13,3315,33482276,0,1,1
4,3317,33492283,-8166,-169,665
13,3316,33492305,0,1,0
4,3318,33502372,-8181,-168,671
13,3317,33502394,2,0,-1
4,3319,33512403,-8172,-173,669
13,3318,33512425,0,3,1
4,3320,33522467,-8176,-170,661
13,3319,33522488,0,3,0
4,3321,33532614,-8175,-168,667
13,3320,33532636,0,0,-1
4,3322,33542724,-8169,-157,665
13,3321,33542746,0,-4,1
4,3323,33552741,-8177,-168,669
13,3322,33552762,0,0,0
4,3324,33562714,-8166,-157,681
13,3323,33562736,0,4,-2
4,3325,33572847,-8161,-159,666
13,3324,33572869,0,2,0
4,3326,33582934,-8168,-164,658
13,3325,33582956,1,2,0
4,3327,33592977,-8185,-154,662
13,3326,33592999,0,4,0
4,3328,33603032,-8176,-172,658
13,3327,33603054,0,2,0
4,3329,33613045,-8178,-162,671
13,3328,33613067,0,3,1
4,3330,33623208,-8180,-170,666
13,3329,33623230,-1,2,0
4,3331,33633153,-8179,-162,652
13,3330,33633175,0,-5,0
4,3332,33643261,-8184,-178,670
13,3331,33643283,0,-7,-1
4,3333,33653275,-8176,-159,673
13,3332,33653297,-1,-6,0
4,3334,33663421,-8185,-153,656
13,3333,33663443,-1,-1,0
4,3335,33673455,-8183,-164,661
13,3334,33673477,-1,1,-2
4,3336,33683525,-8175,-163,658
13,3335,33683547,0,1,-2
4,3337,33693688,-8173,-166,660
13,3336,33693710,0,2,1
4,3338,33703805,-8172,-166,664
13,3337,33703827,-1,1,0
4,3339,33713731,-8175,-163,676
13,3338,33713753,-3,2,0
4,3340,33723808,-8179,-157,675
13,3339,33723830,1,3,0
4,3341,33733884,-8175,-163,678
13,3340,33733906,-1,0,1
4,3342,33743945,-8180,-159,673
13,3341,33743967,0,-1,0
4,3343,33754003,-8168,-167,674
13,3342,33754025,0,-6,-1
4,3344,33764039,-8156,-171,665
13,3343,33764060,-1,-4,-2
4,3345,33774109,-8170,-166,672
13,3344,33774131,-2,-3,1
4,3346,33784263,-8180,-158,668
13,3345,33784285,1,-1,0
4,3347,33794243,-8180,-153,666
13,3346,33794265,2,-1,0
4,3348,33804372,-8168,-161,658
13,3347,33804394,-1,0,0
4,3349,33814379,-8173,-164,674
13,3348,33814401,-1,0,0
4,3350,33824440,-8175,-161,667
13,3349,33824462,0,3,0
4,3351,33834516,-8173,-166,666
13,3350,33834538,0,5,-1
4,3352,33844613,-8176,-172,651
13,3351,33844635,-1,5,-2
4,3353,33854714,-8185,-164,651
13,3352,33854736,0,6,1
4,3354,33864813,-8177,-163,665
13,3353,33864835,0,7,0
4,3355,33874785,-8180,-172,666
13,3354,33874807,-1,6,1
4,3356,33884809,-8186,-169,657
13,3355,33884831,-2,1,0
4,3357,33894954,-8183,-173,664
13,3356,33894976,0,-4,0
4,3358,33905000,-8179,-168,659
13,3357,33905022,0,-3,0
4,3359,33915047,-8187,-160,661
13,3358,33915069,0,-2,0
4,3360,33925095,-8177,-155,669
13,3359,33925117,0,-4,0
4,3361,33935202,-8176,-163,679
13,3360,33935224,0,-7,0
4,3362,33945353,-8189,-164,668
13,3361,33945375,0,-3,-2
4,3363,33955242,-8174,-171,670
13,3362,33955264,0,2,0
4,3364,33965373,-8179,-161,676
13,3363,33965395,0,4,1
4,3365,33975413,-8176,-165,662
13,3364,33975435,0,7,-1
4,3366,33985517,-8167,-164,662
13,3365,33985538,-1,6,2
4,3367,33995529,-8170,-159,657
13,3366,33995551,0,4,0
4,3368,34005597,-8172,-168,663
13,3367,34005619,1,3,0
4,3369,34015659,-8173,-167,653
13,3368,34015681,0,0,0
4,3370,34025810,-8189,-170,665
13,3369,34025832,1,-3,0
4,3371,34035783,-8187,-168,669
13,3370,34035805,1,-5,0
4,3372,34045841,-8166,-154,674
13,3371,34045863,0,-4,0
4,3373,34055909,-8162,-161,661
13,3372,34055931,0,3,-1
4,3374,34066021,-8184,-150,670
13,3373,34066043,0,0,0
4,3375,34075994,-8165,-161,658
13,3374,34076017,0,4,1
4,3376,34086123,-8177,-169,664
13,3375,34086145,1,4,1
4,3377,34096181,-8186,-155,659
13,3376,34096203,0,1,2
4,3378,34106361,-8171,-173,658
13,3377,34106383,0,0,0
4,3379,34116270,-8170,-163,669
13,3378,34116292,2,0,0
4,3380,34126336,-8170,-168,654
13,3379,34126358,0,0,0
4,3381,34136450,-8188,-164,660
13,3380,34136472,0,-2,0
4,3382,34146495,-8178,-159,664
13,3381,34146516,0,-3,0
4,3383,34156543,-8179,-157,671
13,3382,34156565,-1,0,0
4,3384,34166592,-8170,-157,651
13,3383,34166614,-1,2,2
4,3385,34176733,-8173,-154,663
13,3384,34176754,0,5,2
4,3386,34186826,-8173,-168,659
13,3385,34186848,1,7,0
4,3387,34196794,-8183,-169,668
13,3386,34196816,2,5,-1
4,3388,34206919,-8180,-159,678
13,3387,34206941,1,1,0
4,3389,34216871,-8176,-165,665
13,3388,34216893,-2,0,0
4,3390,34227056,-8170,-164,676
13,3389,34227078,-1,0,0
4,3391,34237111,-8166,-157,664
13,3390,34237133,-1,1,0
4,3392,34247113,-8166,-164,669
13,3391,34247135,-1,0,1
4,3393,34257183,-8169,-156,669
13,3392,34257205,0,0,0
4,3394,34267363,-8187,-162,667
13,3393,34267385,1,4,0
4,3395,34277325,-8171,-155,670
13,3394,34277347,1,2,-2
4,3396,34287364,-8174,-166,660
13,3395,34287386,0,1,1
4,3397,34297449,-8180,-165,665
13,3396,34297471,1,-3,1
4,3398,34307584,-8171,-167,667
13,3397,34307633,0,-3,0
4,3399,34317620,-8176,-163,654
13,3398,34317642,0,0,1
4,3400,34327708,-8173,-149,664
13,3399,34327730,0,1,0
4,3401,34337710,-8176,-150,662
13,3400,34337732,-1,2,0
4,3402,34347907,-8170,-163,661
13,3401,34347929,0,4,0
4,3403,34357826,-8174,-166,665
13,3402,34357848,2,4,0
4,3404,34367822,-8169,-165,657
13,3403,34367843,0,-1,1
4,3405,34377982,-8178,-164,659
13,3404,34378004,-1,-2,1
4,3406,34388021,-8175,-170,664
13,3405,34388043,1,-1,1
4,3407,34398041,-8169,-162,671
13,3406,34398063,2,2,0
4,3408,34408043,-8181,-175,656
13,3407,34408065,0,-1,-1
4,3409,34418163,-8169,-164,667
13,3408,34418185,0,0,1
4,3410,34428404,-8175,-161,659
13,3409,34428426,0,1,0
4,3411,34438245,-8174,-168,658
13,3410,34438267,-1,1,0
4,3412,34448359,-8170,-168,661
13,3411,34448381,-1,2,1
4,3413,34458440,-8173,-180,672
13,3412,34458462,0,1,0
4,3414,34468534,-8168,-169,664
13,3413,34468556,-1,1,0
4,3415,34478569,-8189,-160,670
13,3414,34478591,0,0,1
4,3416,34488596,-8184,-157,657
13,3415,34488618,0,0,2
4,3417,34498621,-8179,-171,655
13,3416,34498643,-1,0,1
4,3418,34508817,-8175,-161,664
13,3417,34508839,0,2,2
4,3419,34518824,-8172,-156,660
13,3418,34518846,0,0,2
4,3420,34528846,-8166,-170,652
13,3419,34528868,0,-2,2
4,3421,34538838,-8186,-151,667
13,3420,34538860,2,0,1
4,3422,34549017,-8176,-157,667
13,3421,34549038,3,0,0
4,3423,34559052,-8187,-163,653
13,3422,34559074,0,-3,0
4,3424,34569026,-8176,-161,663
13,3423,34569048,1,-2,0
4,3425,34579202,-8163,-151,668
13,3424,34579224,1,1,-2
4,3426,34589371,-8176,-158,659
13,3425,34589393,0,3,-3
4,3427,34599374,-8162,-157,667
13,3426,34599396,0,4,1
4,3428,34609360,-8167,-160,672
13,3427,34609381,0,6,2
4,3429,34619382,-8191,-148,661
13,3428,34619404,0,3,0
4,3430,34629431,-8174,-161,667
13,3429,34629453,0,2,0
4,3431,34639512,-8174,-164,667
13,3430,34639534,1,3,1
4,3432,34649589,-8185,-165,665
13,3431,34649611,0,1,0
4,3433,34659605,-8179,-159,658
13,3432,34659627,0,-5,-2
4,3434,34669858,-8167,-159,662
13,3433,34669880,0,-7,-2
4,3435,34679712,-8176,-151,658
13,3434,34679734,1,-4,-1
4,3436,34689827,-8178,-158,657
13,3435,34689876,0,-4,0
4,3437,34699968,-8166,-168,655
13,3436,34699990,1,0,0
4,3438,34709986,-8175,-157,658
13,3437,34710008,-1,5,1
4,3439,34720041,-8179,-161,662
13,3438,34720063,0,4,0
4,3440,34730082,-8176,-159,665
13,3439,34730104,-1,4,0
4,3441,34740107,-8167,-169,649
13,3440,34740129,-1,3,0
4,3442,34750269,-8180,-173,640
13,3441,34750291,0,1,0
4,3443,34760235,-8174,-148,654
13,3442,34760257,0,0,0
4,3444,34770331,-8184,-164,665
13,3443,34770353,-1,2,0
4,3445,34780375,-8171,-160,650
13,3444,34780397,0,2,-2
4,3446,34790482,-8162,-147,666
13,3445,34790504,0,0,-1
4,3447,34800462,-8172,-158,663
13,3446,34800484,0,3,2
4,3448,34810566,-8170,-160,661
13,3447,34810588,0,1,1
4,3449,34820659,-8169,-157,657
13,3448,34820681,0,-2,1
4,3450,34830777,-8179,-154,662
13,3449,34830799,0,-1,0
4,3451,34840829,-8172,-152,655
13,3450,34840851,0,-2,0
4,3452,34850823,-8178,-158,657
13,3451,34850845,0,-2,0
4,3453,34860898,-8181,-158,661
13,3452,34860920,1,1,0
4,3454,34870952,-8192,-167,663
13,3453,34870974,0,3,0
4,3455,34881048,-8184,-165,659
13,3454,34881070,0,4,0
4,3456,34891113,-8181,-162,668
13,3455,34891135,0,4,0
4,3457,34901187,-8181,-153,656
13,3456,34901209,0,7,0
4,3458,34911306,-8178,-168,652
13,3457,34911327,-3,7,0
4,3459,34921235,-8174,-169,659
13,3458,34921257,0,4,-2
4,3460,34931331,-8175,-166,661
13,3459,34931353,2,4,0
4,3461,34941310,-8189,-165,663
13,3460,34941332,0,3,0
4,3462,34951489,-8172,-162,669
13,3461,34951511,0,4,-1
4,3463,34961512,-8179,-163,654
13,3462,34961534,0,-1,0
4,3464,34971562,-8184,-167,661
13,3463,34971584,0,-7,-1
4,3465,34981683,-8181,-158,652
13,3464,34981705,0,-8,2
4,3466,34991763,-8180,-162,655
13,3465,34991785,2,-9,0
# CONFIG,end,4,100.000,0,4,0
# CONFIG,end,13,100.000,0,1000,0
# END,accel_events=3466,gyro_events=3465,queue_dropped=0,malformed=0,max_poll_gap_us=135027
#