Bootloader starting
NRF_POWER->GPREGRET2 = 0004
CONFIG_GPIO_AS_PINRESET NOT defined
BHI260/BHA260 found. Product ID read 89
Loading firmware. Boot status: 11
No BHY UPDATE file found!
No ANNA_UPDATE_FILE found. Starting main application
Ä$≈ÖçïÅthe box still. Send s to capture 5 s startup + 30 s stationary data.
# NICLA_DIAGNOSTIC_V1
# Arduino_BHY2=1.0.8; corrected counts; no orientation or BLE output
# configuration_read_attempts=3
# CONFIG,phase,sensor_id,rate_hz,latency_ms,range,sensitivity
# startup_us=5000000,duration_us=35000000
# host_us is delivery time; hardware timestamps and upstream loss are not exposed
sensor_id,sequence,host_us,x_counts,y_counts,z_counts
# CONFIG_READ_FAILURE,phase=start,sensor_id=4,attempt=1,status=-5,bytes=4,expected_bytes=12
# CONFIG,start,4,100.000,0,4,0
# CONFIG,start,13,100.000,0,1000,0
4,1,136084,7926,-57,269
4,2,136110,7931,-54,271
13,1,136132,14,-21,-13
4,3,138708,7925,-48,260
13,2,138731,13,-22,-13
4,4,138753,7919,-50,277
13,3,138775,13,-21,-11
4,5,143383,7924,-59,276
13,4,143406,13,-22,-12
4,6,154468,7928,-42,264
13,5,154490,14,-22,-13
4,7,162747,7917,-50,272
13,6,162769,13,-21,-13
4,8,172780,7932,-56,283
13,7,172802,13,-21,-13
4,9,182841,7936,-54,269
13,8,182863,13,-22,-13
4,10,192973,7920,-63,263
13,9,192996,12,-21,-13
4,11,202891,7931,-47,270
13,10,202914,12,-21,-12
4,12,212990,7926,-52,266
13,11,213012,11,-24,-9
4,13,223010,7915,-46,282
13,12,223059,11,-21,-11
4,14,233166,7910,-52,274
13,13,233189,13,-21,-11
4,15,243213,7938,-54,262
13,14,243235,13,-20,-11
4,16,253273,7938,-54,271
13,15,253295,13,-19,-11
4,17,263321,7927,-63,263
13,16,263343,13,-20,-12
4,18,273443,7928,-69,261
13,17,273465,12,-20,-11
4,19,283412,7928,-68,261
13,18,283434,11,-19,-11
4,20,293522,7920,-53,262
13,19,293544,15,-17,-12
4,21,303575,7924,-38,261
13,20,303597,14,-19,-13
4,22,313690,7923,-49,269
13,21,313712,13,-19,-11
4,23,323620,7917,-48,267
13,22,323642,13,-20,-13
4,24,333705,7932,-57,266
13,23,333727,14,-22,-13
4,25,343798,7930,-45,272
13,24,343820,12,-20,-11
4,26,353933,7920,-48,265
13,25,353955,13,-21,-12
4,27,363806,7927,-53,259
13,26,363828,13,-22,-12
4,28,373913,7934,-56,266
13,27,373935,14,-24,-10
4,29,383970,7932,-62,263
13,28,383992,12,-21,-12
4,30,394092,7929,-51,260
13,29,394114,14,-20,-10
4,31,404033,7934,-53,276
13,30,404055,14,-22,-9
4,32,414113,7926,-50,268
13,31,414135,12,-18,-12
4,33,424199,7930,-49,263
13,32,424221,12,-18,-12
4,34,434342,7924,-49,264
13,33,434364,13,-19,-11
4,35,444311,7923,-54,265
13,34,444333,12,-20,-11
4,36,454363,7926,-59,275
13,35,454385,12,-20,-12
4,37,464431,7940,-56,260
13,36,464453,14,-22,-10
4,38,474537,7927,-60,263
13,37,474559,12,-21,-13
4,39,484619,7928,-57,273
13,38,484641,12,-19,-13
4,40,494594,7926,-58,272
13,39,494616,11,-21,-11
4,41,504696,7933,-50,271
13,40,504718,12,-23,-11
4,42,514798,7927,-52,270
13,41,514820,15,-22,-12
4,43,524737,7933,-48,269
13,42,524759,13,-19,-11
4,44,534808,7930,-47,266
13,43,534830,10,-20,-11
4,45,544863,7932,-43,268
13,44,544885,11,-21,-13
4,46,554968,7927,-42,264
13,45,554990,10,-21,-12
4,47,564929,7922,-52,262
13,46,564951,8,-24,-10
4,48,575031,7927,-62,263
13,47,575053,13,-23,-9
4,49,585154,7926,-64,282
13,48,585176,13,-21,-11
4,50,595281,7926,-55,268
13,49,595303,10,-18,-12
4,51,605251,7935,-54,260
13,50,605273,9,-22,-12
4,52,615292,7934,-45,267
13,51,615314,13,-23,-12
4,53,625358,7919,-46,278
13,52,625380,12,-20,-11
4,54,635410,7914,-55,280
13,53,635432,10,-21,-9
4,55,645518,7922,-54,265
13,54,645540,0,-1,0
4,56,655512,7919,-51,257
13,55,655534,0,0,-1
4,57,665555,7927,-46,276
13,56,665577,1,0,0
4,58,675665,7931,-52,283
13,57,675687,0,1,-1
4,59,685668,7937,-59,274
13,58,685690,-1,-1,0
4,60,695717,7922,-54,264
13,59,695739,-1,0,0
4,61,705725,7921,-43,271
13,60,705747,0,1,0
4,62,715883,7925,-55,265
13,61,715905,1,0,0
4,63,725930,7932,-59,265
13,62,725952,-1,0,0
4,64,735949,7933,-56,269
13,63,735971,0,0,0
4,65,746008,7918,-61,272
13,64,746030,0,0,0
4,66,756074,7934,-58,270
13,65,756096,1,-1,-1
4,67,766087,7930,-50,268
13,66,766109,0,-1,-1
4,68,776143,7928,-52,263
13,67,776165,0,1,1
4,69,786205,7926,-45,270
13,68,786226,0,0,1
4,70,796230,7922,-53,274
13,69,796252,0,0,-2
4,71,806382,7936,-61,260
13,70,806404,0,0,-1
4,72,816386,7921,-45,265
13,71,816408,-2,0,0
4,73,826388,7913,-49,262
13,72,826410,-1,-2,1
4,74,836632,7928,-64,273
13,73,836654,0,0,1
4,75,846519,7928,-47,276
13,74,846568,-1,2,1
4,76,856624,7916,-50,270
13,75,856646,0,-1,-1
4,77,866682,7927,-50,277
13,76,866704,0,-2,1
4,78,876769,7921,-64,273
13,77,876791,0,-2,1
4,79,886823,7915,-53,267
13,78,886845,-1,-2,0
4,80,896871,7935,-47,269
13,79,896893,0,0,-1
4,81,906876,7935,-58,271
13,80,906898,1,0,0
4,82,917045,7917,-52,270
13,81,917067,0,-1,-1
4,83,926940,7916,-57,278
13,82,926961,0,-3,0
4,84,937012,7923,-56,270
13,83,937034,0,-3,1
4,85,947046,7924,-52,274
13,84,947068,-1,2,1
4,86,957139,7921,-42,278
13,85,957161,0,0,1
4,87,967222,7933,-56,265
13,86,967244,0,0,0
4,88,977169,7930,-60,271
13,87,977191,-2,1,1
4,89,987289,7939,-52,265
13,88,987311,0,1,0
4,90,997428,7928,-55,257
13,89,997450,1,0,0
4,91,1007380,7935,-51,269
13,90,1007402,-1,0,1
4,92,1017420,7928,-57,271
13,91,1017442,-1,-1,0
4,93,1027486,7936,-54,256
13,92,1027508,-2,0,-1
4,94,1037542,7929,-49,270
13,93,1037564,-2,0,1
4,95,1047559,7924,-46,272
13,94,1047581,0,-1,0
4,96,1057608,7931,-52,272
13,95,1057630,0,1,0
4,97,1067675,7935,-52,277
13,96,1067697,0,0,0
4,98,1077770,7929,-61,276
13,97,1077792,-2,0,0
4,99,1087767,7928,-55,281
13,98,1087789,-1,1,0
4,100,1097872,7923,-55,265
13,99,1097894,-1,0,1
4,101,1107982,7929,-54,272
13,100,1108004,0,1,0
4,102,1117966,7937,-46,267
13,101,1117988,0,1,1
4,103,1128011,7927,-62,266
13,102,1128033,0,0,0
4,104,1138046,7930,-61,279
13,103,1138068,0,1,-2
4,105,1148080,7938,-51,282
13,104,1148101,-2,1,2
4,106,1158244,7926,-65,273
13,105,1158265,-2,0,1
4,107,1168213,7933,-62,267
13,106,1168235,0,0,1
4,108,1178312,7930,-60,271
13,107,1178333,0,-2,0
4,109,1188376,7935,-45,268
13,108,1188398,0,-3,0
4,110,1198366,7920,-48,268
13,109,1198388,-1,-2,0
4,111,1208434,7920,-49,278
13,110,1208456,0,0,-2
4,112,1218542,7921,-56,279
13,111,1218564,-1,0,0
4,113,1228573,7936,-66,276
13,112,1228595,1,-1,1
4,114,1238682,7926,-59,261
13,113,1238704,-2,0,0
4,115,1248745,8172,-58,275
13,114,1248770,2,0,1
4,116,1258730,8157,-38,269
13,115,1258752,0,2,0
4,117,1268707,8153,-44,279
13,116,1268729,-2,0,0
4,118,1278849,8156,-42,285
13,117,1278871,0,0,0
4,119,1288881,8172,-64,295
13,118,1288903,0,1,1
4,120,1298988,8163,-56,286
13,119,1299010,0,2,0
4,121,1309006,8159,-49,280
13,120,1309028,0,0,0
4,122,1319144,8169,-58,266
13,121,1319166,2,0,0
4,123,1329075,8164,-60,278
13,122,1329097,0,0,0
4,124,1339142,8165,-59,287
13,123,1339164,-1,0,0
4,125,1349269,8167,-58,287
13,124,1349291,0,2,0
4,126,1359378,8161,-57,283
13,125,1359400,0,0,-2
4,127,1369329,8160,-60,267
13,126,1369351,-2,-1,0
4,128,1379374,8173,-44,275
13,127,1379396,1,-1,1
4,129,1389421,8170,-50,291
13,128,1389443,1,0,0
4,130,1399581,8162,-56,274
13,129,1399603,0,0,0
4,131,1409469,8163,-56,282
13,130,1409491,-1,-3,0
4,132,1419582,8166,-56,286
13,131,1419604,-1,-3,0
4,133,1429648,8158,-54,275
13,132,1429670,-2,0,1
4,134,1439683,8169,-47,279
13,133,1439704,-2,2,0
4,135,1449757,8170,-61,276
13,134,1449779,-2,-1,-2
4,136,1459754,8163,-45,280
13,135,1459775,-1,0,-2
4,137,1469939,8170,-47,267
13,136,1469961,0,0,-2
4,138,1480087,8158,-45,268
13,137,1480109,-1,0,0
4,139,1490019,8167,-70,282
13,138,1490041,0,0,-1
4,140,1500036,8166,-63,272
13,139,1500058,0,-1,-2
4,141,1510160,8160,-51,263
13,140,1510182,1,1,0
4,142,1520296,8163,-55,271
13,141,1520318,1,0,-1
4,143,1530251,8172,-60,277
13,142,1530273,0,-1,0
4,144,1540249,8157,-51,281
13,143,1540271,0,0,0
4,145,1550370,8161,-51,286
13,144,1550392,0,1,-1
4,146,1560526,8161,-48,272
13,145,1560548,-3,1,0
4,147,1570504,8166,-47,274
13,146,1570526,0,-2,0
4,148,1580526,8160,-66,286
13,147,1580548,0,-1,0
4,149,1590590,8164,-52,281
13,148,1590612,0,0,3
4,150,1600745,8168,-59,281
13,149,1600767,0,-1,1
4,151,1610746,8167,-55,271
13,150,1610768,0,0,0
4,152,1620791,8156,-52,274
13,151,1620813,0,0,0
4,153,1630885,8160,-57,286
13,152,1630907,0,1,0
4,154,1641018,8164,-56,279
13,153,1641040,0,-1,1
4,155,1650960,8170,-65,279
13,154,1650982,0,0,0
4,156,1661103,8164,-54,276
13,155,1661125,-1,-3,-3
4,157,1671052,8172,-53,273
13,156,1671074,0,0,0
4,158,1681207,8174,-64,285
13,157,1681229,0,0,0
4,159,1691233,8166,-63,278
13,158,1691255,0,0,1
4,160,1701287,8171,-57,284
13,159,1701309,0,-1,0
4,161,1711363,8165,-67,283
13,160,1711385,0,-1,-1
4,162,1721478,8164,-64,274
13,161,1721500,2,1,0
4,163,1731515,8168,-51,277
13,162,1731537,2,-1,0
4,164,1741573,8161,-52,282
13,163,1741595,-1,0,-1
4,165,1751639,8165,-68,295
13,164,1751661,0,-1,-1
4,166,1761680,8163,-65,277
13,165,1761701,0,0,0
4,167,1771721,8170,-57,277
13,166,1771743,0,0,0
4,168,1781798,8168,-48,276
13,167,1781820,0,0,0
4,169,1791881,8166,-49,282
13,168,1791903,0,0,0
4,170,1802074,8162,-57,277
13,169,1802096,0,0,0
4,171,1811979,8159,-46,280
13,170,1812001,-1,0,0
4,172,1822042,8166,-41,273
13,171,1822064,0,0,0
4,173,1832129,8168,-52,280
13,172,1832151,1,0,0
4,174,1842234,8168,-61,277
13,173,1842256,0,-2,-1
4,175,1852289,8165,-51,277
13,174,1852311,0,-1,1
4,176,1862302,8166,-58,276
13,175,1862324,-1,0,-1
4,177,1872346,8175,-54,271
13,176,1872368,0,-1,-1
4,178,1882567,8158,-53,277
13,177,1882589,-1,0,0
4,179,1892469,8168,-46,272
13,178,1892491,0,2,0
4,180,1902557,8168,-56,277
13,179,1902579,1,0,2
4,181,1912631,8165,-50,272
13,180,1912653,-1,-2,0
4,182,1922792,8157,-43,270
13,181,1922814,0,-1,-1
4,183,1932667,8174,-51,276
13,182,1932689,0,0,-1
4,184,1942778,8163,-49,276
13,183,1942800,0,0,-1
4,185,1952856,8156,-49,273
13,184,1952878,0,-1,0
4,186,1963036,8164,-44,284
13,185,1963058,0,1,0
4,187,1972925,8159,-50,286
13,186,1972975,-1,1,0
4,188,1983072,8160,-50,280
13,187,1983094,-1,0,0
4,189,1993064,8164,-40,286
13,188,1993086,1,0,-3
4,190,2003232,8161,-62,287
13,189,2003254,0,-2,0
4,191,2013194,8152,-56,289
13,190,2013216,0,-2,0
4,192,2023206,8158,-55,278
13,191,2023228,-1,-3,0
4,193,2033331,8168,-60,277
13,192,2033353,-2,0,1
4,194,2043509,8160,-58,284
13,193,2043531,0,0,1
4,195,2053461,8164,-54,275
13,194,2053483,0,1,0
4,196,2063484,8160,-63,271
13,195,2063506,0,-3,-1
4,197,2073571,8152,-58,282
13,196,2073593,0,-2,0
4,198,2083698,8160,-61,270
13,197,2083720,0,1,0
4,199,2093708,8178,-58,280
13,198,2093758,-1,0,1
4,200,2103782,8171,-47,284
13,199,2103804,-2,0,0
4,201,2113887,8177,-51,283
13,200,2113909,0,0,1
4,202,2123984,8157,-61,277
13,201,2124006,1,0,0
4,203,2133943,8166,-63,285
13,202,2133965,1,1,-1
4,204,2144076,8176,-63,280
13,203,2144098,0,1,0
4,205,2154071,8173,-56,281
13,204,2154093,0,1,2
4,206,2164161,8165,-50,279
13,205,2164183,0,1,1
4,207,2174143,8158,-48,291
13,206,2174165,1,1,0
4,208,2184291,8155,-63,284
13,207,2184313,0,0,0
4,209,2194340,8157,-56,279
13,208,2194362,-1,0,0
4,210,2204446,8167,-49,271
13,209,2204468,0,0,0
4,211,2214447,8161,-43,279
13,210,2214469,1,0,-1
4,212,2224564,8159,-44,277
13,211,2224586,0,2,-1
4,213,2234551,8164,-62,271
13,212,2234573,0,0,0
4,214,2244710,8174,-59,280
13,213,2244732,0,0,-4
4,215,2254735,8175,-52,279
13,214,2254757,1,1,-1
4,216,2264762,8161,-65,270
13,215,2264784,0,0,0
4,217,2274852,8171,-57,280
13,216,2274874,0,-1,0
4,218,2284969,8171,-48,286
13,217,2284991,-1,0,0
4,219,2294953,8161,-67,278
13,218,2294975,3,0,3
4,220,2305005,8157,-57,280
13,219,2305027,0,0,0
4,221,2315068,8160,-68,290
13,220,2315090,0,1,0
4,222,2325168,8161,-66,280
13,221,2325190,0,0,0
4,223,2335210,8155,-64,281
13,222,2335232,-2,0,0
4,224,2345358,8157,-60,279
13,223,2345380,-1,-2,-2
4,225,2355282,8169,-46,284
13,224,2355304,0,-1,0
4,226,2365559,8155,-43,286
13,225,2365581,0,-2,0
4,227,2375498,8154,-55,271
13,226,2375520,2,-1,-1
4,228,2385552,8152,-53,281
13,227,2385574,0,-1,-1
4,229,2395537,8157,-45,277
13,228,2395559,-1,-2,0
4,230,2405670,8158,-58,272
13,229,2405692,0,-2,0
4,231,2415700,8162,-55,276
13,230,2415722,-1,0,1
4,232,2425761,8179,-56,288
13,231,2425783,0,1,0
4,233,2435914,8168,-63,279
13,232,2435936,0,-1,0
4,234,2446036,8166,-61,265
13,233,2446058,1,0,-1
4,235,2455892,8168,-57,275
13,234,2455914,0,1,1
4,236,2466021,8160,-66,276
13,235,2466070,0,0,0
4,237,2476029,8162,-60,279
13,236,2476078,0,-2,0
4,238,2486228,8177,-63,276
13,237,2486250,-1,-1,0
4,239,2496230,8168,-51,273
13,238,2496252,0,-1,1
4,240,2506322,8176,-48,272
13,239,2506344,1,2,1
4,241,2516408,8175,-59,277
13,240,2516430,2,1,0
4,242,2526528,8160,-59,283
13,241,2526550,1,0,0
4,243,2536499,8165,-54,282
13,242,2536521,0,0,2
4,244,2546556,8162,-68,279
13,243,2546578,-1,0,0
4,245,2556641,8161,-63,277
13,244,2556663,1,-2,0
4,246,2566726,8163,-54,270
13,245,2566748,1,-1,-1
4,247,2576762,8168,-54,275
13,246,2576784,1,0,3
4,248,2586826,8165,-47,279
13,247,2586848,0,0,0
4,249,2596904,8154,-66,275
13,248,2596926,-1,2,-2
4,250,2607049,8168,-51,275
13,249,2607071,1,1,0
4,251,2617061,8173,-51,281
13,250,2617083,1,0,-1
4,252,2627027,8157,-49,278
13,251,2627049,-2,0,0
4,253,2637176,8174,-57,275
13,252,2637198,0,1,1
4,254,2647127,8171,-52,269
13,253,2647149,0,-2,2
4,255,2657289,8166,-54,275
13,254,2657311,-1,-1,0
4,256,2667315,8166,-56,277
13,255,2667337,-1,-3,0
4,257,2677364,8173,-53,279
13,256,2677386,-1,-3,2
4,258,2687485,8154,-55,281
13,257,2687506,-1,-1,0
4,259,2697468,8166,-53,272
13,258,2697490,-1,-1,0
4,260,2707503,8163,-52,266
13,259,2707525,0,0,0
4,261,2717570,8167,-62,273
13,260,2717619,0,-1,1
4,262,2727721,8158,-55,276
13,261,2727743,-2,-1,2
4,263,2737681,8166,-61,285
13,262,2737703,0,1,0
4,264,2747805,8174,-55,269
13,263,2747827,-1,0,0
4,265,2757789,8167,-60,275
13,264,2757811,0,-1,0
4,266,2767972,8167,-51,296
13,265,2767994,0,-1,1
4,267,2777871,8161,-62,280
13,266,2777893,-2,1,0
4,268,2787996,8154,-70,276
13,267,2788017,-1,0,-1
4,269,2798057,8170,-53,279
13,268,2798079,1,0,0
4,270,2808151,8166,-55,277
13,269,2808173,-3,-1,0
4,271,2818182,8162,-60,276
13,270,2818204,0,0,0
4,272,2828272,8172,-59,285
13,271,2828294,0,0,0
4,273,2838297,8165,-55,290
13,272,2838319,0,0,0
4,274,2848484,8163,-53,283
13,273,2848506,0,0,-1
4,275,2858391,8161,-56,276
13,274,2858413,0,-1,-1
4,276,2868572,8161,-57,267
13,275,2868594,-2,-1,1
4,277,2878576,8168,-45,263
13,276,2878598,0,-3,0
4,278,2888640,8167,-51,273
13,277,2888662,2,1,-1
4,279,2898642,8157,-60,274
13,278,2898664,2,0,1
4,280,2908673,8159,-55,274
13,279,2908695,0,0,0
4,281,2918778,8159,-61,279
13,280,2918800,-3,0,0
4,282,2928985,8167,-63,276
13,281,2929007,0,-1,-2
4,283,2938887,8180,-66,277
13,282,2938909,0,-1,0
4,284,2948950,8158,-49,278
13,283,2948972,-2,1,2
4,285,2959004,8155,-66,282
13,284,2959026,0,-3,0
4,286,2969129,8164,-59,271
13,285,2969151,0,-2,0
4,287,2979163,8159,-53,279
13,286,2979185,2,2,0
4,288,2989268,8164,-62,278
13,287,2989290,2,-1,0
4,289,2999251,8168,-58,287
13,288,2999273,0,0,0
4,290,3009418,8153,-63,281
13,289,3009440,0,0,1
4,291,3019375,8162,-57,288
13,290,3019397,0,-2,1
4,292,3029435,8163,-58,281
13,291,3029457,-2,0,1
4,293,3039545,8162,-63,275
13,292,3039567,0,1,-1
4,294,3049583,8163,-55,282
13,293,3049605,2,-2,-2
4,295,3059631,8154,-54,277
13,294,3059653,0,-1,-2
4,296,3069712,8157,-61,278
13,295,3069733,-1,1,0
4,297,3079684,8165,-46,287
13,296,3079706,0,-2,1
4,298,3089906,8160,-47,278
13,297,3089928,0,-1,0
4,299,3099863,8163,-52,276
13,298,3099885,0,-1,0
4,300,3109874,8159,-58,278
13,299,3109896,0,-2,0
4,301,3119956,8163,-59,284
13,300,3119978,-1,1,0
4,302,3130052,8164,-52,278
13,301,3130073,0,3,2
4,303,3140098,8176,-51,279
13,302,3140120,1,0,0
4,304,3150079,8164,-56,281
13,303,3150101,0,-1,-1
4,305,3160228,8165,-60,274
13,304,3160250,0,0,-2
4,306,3170343,8170,-63,279
13,305,3170365,1,-1,0
4,307,3180213,8174,-57,289
13,306,3180235,0,-1,1
4,308,3190392,8162,-50,291
13,307,3190414,1,-1,0
4,309,3200343,8160,-57,277
13,308,3200365,2,0,1
4,310,3210482,8157,-52,269
13,309,3210504,0,1,-1
4,311,3220545,8159,-58,271
13,310,3220567,-1,0,0
4,312,3230578,8163,-64,281
13,311,3230600,-2,-1,2
4,313,3240692,8160,-51,287
13,312,3240714,-2,0,2
4,314,3250773,8170,-64,279
13,313,3250795,-1,0,0
4,315,3260807,8159,-66,273
13,314,3260829,0,0,0
4,316,3270876,8157,-56,286
13,315,3270898,0,-1,0
4,317,3280827,8162,-61,280
13,316,3280849,0,-2,0
4,318,3290905,8166,-49,262
13,317,3290927,-1,-2,-1
4,319,3301028,8171,-58,265
13,318,3301050,0,-5,0
4,320,3311074,8174,-60,266
13,319,3311096,0,-2,0
4,321,3321012,8171,-56,280
13,320,3321034,-2,-2,1
4,322,3331291,8163,-55,287
13,321,3331313,0,0,-1
4,323,3341201,8163,-57,278
13,322,3341250,0,0,0
4,324,3351249,8168,-57,266
13,323,3351271,0,0,1
4,325,3361346,8169,-55,281
13,324,3361368,0,0,-1
4,326,3371422,8173,-59,281
13,325,3371444,1,1,-1
4,327,3381426,8168,-59,280
13,326,3381448,0,1,0
4,328,3391526,8164,-67,283
13,327,3391548,0,0,0
4,329,3401533,8164,-59,278
13,328,3401555,2,-1,1
4,330,3411618,8161,-52,285
13,329,3411640,1,1,0
4,331,3421636,8160,-62,274
13,330,3421658,-1,0,1
4,332,3431753,8158,-54,276
13,331,3431775,0,-1,1
4,333,3441812,8166,-61,281
13,332,3441834,0,0,0
4,334,3451855,8167,-61,279
13,333,3451877,-2,-1,-1
4,335,3461963,8155,-58,273
13,334,3461985,0,0,-1
4,336,3471940,8166,-69,285
13,335,3471962,0,0,-3
4,337,3482007,8166,-55,274
13,336,3482029,0,1,1
4,338,3492156,8154,-57,276
13,337,3492178,-2,-1,1
4,339,3502112,8162,-55,283
13,338,3502134,-2,-1,0
4,340,3512179,8156,-67,277
13,339,3512201,0,0,0
4,341,3522123,8156,-54,280
13,340,3522145,1,-1,-2
4,342,3532289,8164,-51,285
13,341,3532311,0,-2,-3
4,343,3542286,8166,-46,279
13,342,3542308,0,0,-1
4,344,3552375,8168,-47,273
13,343,3552396,0,0,-2
4,345,3562418,8160,-55,276
13,344,3562440,0,0,0
4,346,3572566,8168,-54,286
13,345,3572588,0,0,0
4,347,3582541,8163,-59,268
13,346,3582562,0,-1,0
4,348,3592610,8158,-57,276
13,347,3592632,0,0,-2
4,349,3602685,8163,-53,286
13,348,3602707,0,2,-1
4,350,3612756,8164,-64,289
13,349,3612778,0,0,0
4,351,3622744,8164,-55,275
13,350,3622766,0,-1,-3
4,352,3632831,8172,-51,277
13,351,3632853,0,0,-1
4,353,3642898,8157,-48,268
13,352,3642920,-1,0,-1
4,354,3653076,8164,-64,277
13,353,3653097,0,0,0
4,355,3662936,8166,-60,280
13,354,3662957,0,-1,0
4,356,3673078,8158,-71,279
13,355,3673100,2,0,-4
4,357,3683087,8164,-57,290
13,356,3683109,0,0,0
4,358,3693140,8158,-67,285
13,357,3693162,-2,2,0
4,359,3703195,8151,-52,283
13,358,3703217,0,-2,-1
4,360,3713275,8149,-58,283
13,359,3713297,0,0,0
4,361,3723407,8166,-56,284
13,360,3723429,0,0,0
4,362,3733559,8168,-60,284
13,361,3733581,1,0,-1
4,363,3743400,8168,-46,268
13,362,3743422,1,0,-2
4,364,3753490,8156,-63,279
13,363,3753512,0,0,-1
4,365,3763559,8161,-53,278
13,364,3763581,1,-1,-1
4,366,3773633,8178,-45,275
13,365,3773655,0,-2,0
4,367,3783600,8167,-61,282
13,366,3783622,-2,-1,-1
4,368,3793705,8162,-43,277
13,367,3793726,0,0,0
4,369,3803762,8173,-56,285
13,368,3803784,-3,0,0
4,370,3813936,8165,-64,277
13,369,3813958,-1,-1,-2
4,371,3823872,8172,-56,286
13,370,3823894,0,-1,-1
4,372,3834011,8162,-45,281
13,371,3834061,-1,-1,0
4,373,3843986,8164,-56,284
13,372,3844036,0,0,-3
4,374,3854134,8167,-61,282
13,373,3854156,0,0,0
4,375,3864103,8163,-57,277
13,374,3864125,0,-3,0
4,376,3874188,8162,-56,272
13,375,3874210,0,0,-1
4,377,3884254,8171,-50,280
13,376,3884276,0,1,-1
4,378,3894390,8165,-51,284
13,377,3894412,0,0,2
4,379,3904353,8172,-57,276
13,378,3904375,0,0,3
4,380,3914382,8162,-61,279
13,379,3914404,0,-1,1
4,381,3924421,8163,-57,277
13,380,3924443,-1,-1,1
4,382,3934533,8163,-49,281
13,381,3934555,0,1,1
4,383,3944512,8170,-63,272
13,382,3944534,1,-1,0
4,384,3954621,8156,-69,281
13,383,3954643,0,-1,0
4,385,3964686,8166,-63,268
13,384,3964708,0,0,1
4,386,3974884,8163,-55,268
13,385,3974906,1,-1,2
4,387,3984821,8155,-57,288
13,386,3984843,0,-2,0
4,388,3994945,8159,-58,285
13,387,3994967,0,-3,-2
4,389,4004918,8164,-61,288
13,388,4004940,0,-3,0
4,390,4015048,8173,-66,279
13,389,4015069,-1,-1,0
4,391,4025094,8163,-56,280
13,390,4025116,-1,-2,0
4,392,4035061,8159,-55,274
13,391,4035083,0,0,1
4,393,4045145,8168,-70,278
13,392,4045167,-1,-1,-1
4,394,4055338,8166,-73,281
13,393,4055360,0,0,-1
4,395,4065176,8160,-54,271
13,394,4065198,0,1,1
4,396,4075291,8172,-49,267
13,395,4075313,0,-3,1
4,397,4085274,8175,-57,274
13,396,4085296,-2,-1,0
4,398,4095478,8169,-47,284
13,397,4095500,-1,0,1
4,399,4105520,8160,-51,277
13,398,4105542,0,-1,0
4,400,4115556,8160,-50,288
13,399,4115578,0,0,0
4,401,4125567,8167,-49,286
13,400,4125589,0,1,0
4,402,4135703,8173,-61,271
13,401,4135725,0,0,0
4,403,4145666,8161,-59,266
13,402,4145688,-2,0,0
4,404,4155727,8163,-50,272
13,403,4155749,-2,-1,0
4,405,4165791,8161,-49,279
13,404,4165813,0,0,0
4,406,4175871,8164,-54,281
13,405,4175893,0,1,0
4,407,4185866,8169,-55,280
13,406,4185888,1,0,0
4,408,4195944,8168,-53,277
13,407,4195966,0,0,0
4,409,4206061,8167,-58,279
13,408,4206083,0,-1,-1
4,410,4216202,8165,-42,284
13,409,4216224,1,-1,1
4,411,4226210,8163,-56,287
13,410,4226232,0,-2,0
4,412,4236170,8154,-57,283
13,411,4236192,0,0,-2
4,413,4246286,8167,-64,288
13,412,4246308,0,0,0
4,414,4256360,8162,-57,282
13,413,4256382,-1,1,0
4,415,4266373,8168,-46,273
13,414,4266395,-1,-1,2
4,416,4276442,8173,-58,270
13,415,4276464,-1,0,0
4,417,4286455,8152,-61,273
13,416,4286477,-2,0,0
4,418,4296671,8166,-58,269
13,417,4296693,-1,-1,0
4,419,4306625,8170,-54,288
13,418,4306647,0,0,0
4,420,4316677,8163,-58,282
13,419,4316699,1,0,0
4,421,4326707,8161,-51,286
13,420,4326729,0,0,0
4,422,4336837,8160,-63,281
13,421,4336886,0,0,0
4,423,4346897,8168,-70,275
13,422,4346919,0,0,0
4,424,4356971,8161,-57,269
13,423,4356993,1,0,1
4,425,4367103,8160,-50,278
13,424,4367125,0,0,2
4,426,4377160,8170,-54,276
13,425,4377182,2,0,1
4,427,4387096,8167,-60,280
13,426,4387118,1,-1,-1
4,428,4397166,8172,-48,283
13,427,4397188,0,0,-1
4,429,4407224,8164,-50,275
13,428,4407246,-1,1,0
4,430,4417339,8155,-52,291
13,429,4417361,0,0,0
4,431,4427346,8168,-62,287
13,430,4427368,0,-2,0
4,432,4437365,8160,-48,277
13,431,4437387,0,-3,0
4,433,4447527,8174,-58,289
13,432,4447549,0,-2,0
4,434,4457648,8159,-51,291
13,433,4457670,0,-1,-2
4,435,4467607,8160,-66,285
13,434,4467629,0,0,0
4,436,4477650,8166,-65,281
13,435,4477672,-1,1,1
4,437,4487781,8170,-66,279
13,436,4487803,-2,0,1
4,438,4497749,8163,-49,287
13,437,4497771,-1,0,-1
4,439,4507818,8164,-63,278
13,438,4507840,0,0,0
4,440,4517880,8165,-67,285
13,439,4517902,0,0,-1
4,441,4527956,8171,-51,273
13,440,4527978,0,0,0
4,442,4538043,8163,-58,276
13,441,4538065,0,0,0
4,443,4548057,8157,-63,289
13,442,4548079,0,0,0
4,444,4558079,8170,-69,284
13,443,4558101,0,0,1
4,445,4568228,8167,-60,274
13,444,4568250,-1,-1,-2
4,446,4578274,8161,-69,276
13,445,4578295,0,0,0
4,447,4588249,8173,-50,286
13,446,4588271,1,0,0
4,448,4598384,8169,-55,287
13,447,4598406,-1,0,0
4,449,4608439,8168,-67,285
13,448,4608461,1,-1,0
4,450,4618609,8157,-59,288
13,449,4618631,0,0,0
4,451,4628535,8164,-48,271
13,450,4628557,-2,0,0
4,452,4638601,8167,-52,276
13,451,4638623,-1,-3,0
4,453,4648675,8160,-48,283
13,452,4648697,-1,0,0
4,454,4658770,8160,-54,274
13,453,4658792,0,1,0
4,455,4668805,8168,-58,279
13,454,4668827,1,0,-1
4,456,4678867,8166,-67,284
13,455,4678889,-1,-2,0
4,457,4688934,8166,-52,280
13,456,4688956,-1,2,0
4,458,4699038,8162,-58,272
13,457,4699060,1,-1,0
4,459,4709083,8163,-61,278
13,458,4709105,1,-2,-1
4,460,4719114,8168,-54,282
13,459,4719136,0,0,2
4,461,4729194,8168,-51,268
13,460,4729216,0,0,1
4,462,4739249,8161,-50,277
13,461,4739271,0,0,0
4,463,4749347,8171,-52,291
13,462,4749369,-1,0,-1
4,464,4759352,8167,-62,280
13,463,4759374,0,0,-1
4,465,4769392,8163,-52,277
13,464,4769414,2,0,0
4,466,4779595,8164,-48,270
13,465,4779617,2,0,0
4,467,4789526,8164,-61,280
13,466,4789548,0,1,0
4,468,4799561,8161,-52,277
13,467,4799583,0,1,0
4,469,4809673,8177,-55,275
13,468,4809695,0,0,0
4,470,4819775,8176,-56,276
13,469,4819797,-2,0,0
4,471,4829781,8161,-53,276
13,470,4829803,-2,-3,0
4,472,4839896,8161,-54,284
13,471,4839918,-1,-1,-1
4,473,4849942,8165,-51,289
13,472,4849964,0,0,0
4,474,4860125,8168,-53,274
13,473,4860147,-1,1,0
4,475,4870090,8167,-49,271
13,474,4870112,-1,0,-1
4,476,4880138,8164,-50,273
13,475,4880160,0,0,-1
4,477,4890182,8156,-53,281
13,476,4890204,0,0,-1
4,478,4900266,8157,-53,284
13,477,4900288,-1,1,1
4,479,4910366,8170,-57,289
13,478,4910388,0,-3,3
4,480,4920321,8176,-60,273
13,479,4920343,0,-1,0
4,481,4930509,8170,-41,280
13,480,4930531,0,-1,0
4,482,4940609,8160,-52,284
13,481,4940631,0,0,0
4,483,4950625,8157,-57,275
13,482,4950647,0,0,0
4,484,4960587,8172,-66,275
13,483,4960609,-1,1,0
4,485,4970729,8162,-64,273
13,484,4970751,-2,0,-1
4,486,4980843,8164,-55,284
13,485,4980865,0,0,2
4,487,4990848,8166,-44,284
13,486,4990870,0,0,0
4,488,5000970,8159,-54,281
13,487,5000992,1,-1,1
4,489,5011043,8163,-58,284
13,488,5011065,0,-1,0
4,490,5021056,8165,-48,289
13,489,5021078,-2,0,-1
4,491,5031105,8165,-45,280
13,490,5031127,0,-1,0
4,492,5041094,8165,-65,268
13,491,5041116,-1,0,0
4,493,5051236,8156,-53,280
13,492,5051258,-2,0,-1
4,494,5061298,8171,-61,291
13,493,5061320,1,0,-3
4,495,5071350,8166,-59,269
13,494,5071372,0,1,-1
4,496,5081462,8160,-59,265
13,495,5081484,-1,0,0
4,497,5091469,8165,-46,276
13,496,5091518,0,1,0
4,498,5101665,8152,-46,274
13,497,5101687,0,2,0
4,499,5111636,8168,-52,274
13,498,5111658,-2,0,0
4,500,5121710,8166,-60,280
13,499,5121732,0,-1,0
4,501,5131755,8167,-57,279
13,500,5131777,3,0,0
4,502,5141808,8160,-50,278
13,501,5141830,1,0,0
4,503,5151862,8164,-53,286
13,502,5151884,-2,-1,1
4,504,5161905,8166,-54,278
13,503,5161927,-2,0,2
4,505,5171995,8168,-53,270
13,504,5172017,0,1,1
4,506,5182210,8163,-53,291
13,505,5182232,0,0,2
4,507,5192073,8164,-57,280
13,506,5192095,0,1,2
4,508,5202222,8161,-52,277
13,507,5202244,1,1,0
4,509,5212179,8163,-57,289
13,508,5212201,1,0,0
4,510,5222438,8162,-43,271
13,509,5222460,-1,1,0
4,511,5232466,8163,-46,269
13,510,5232488,-1,0,-2
4,512,5242456,8160,-49,275
13,511,5242478,0,0,-3
4,513,5252529,8161,-55,284
13,512,5252551,0,-2,-2
4,514,5262653,8162,-57,287
13,513,5262675,-1,0,0
4,515,5272627,8156,-58,290
13,514,5272649,1,0,0
4,516,5282661,8172,-54,283
13,515,5282683,1,1,-4
4,517,5292749,8170,-69,281
13,516,5292771,0,0,-2
4,518,5302780,8167,-70,270
13,517,5302802,0,0,0
4,519,5312868,8161,-51,272
13,518,5312890,0,0,0
4,520,5322876,8161,-52,283
13,519,5322898,2,0,0
4,521,5333012,8157,-61,289
13,520,5333034,1,0,0
4,522,5343125,8157,-58,284
13,521,5343147,0,-1,-2
4,523,5353152,8160,-54,278
13,522,5353174,1,0,0
4,524,5363204,8157,-52,275
13,523,5363226,-1,-1,1
4,525,5373250,8160,-58,270
13,524,5373272,0,0,0
4,526,5383344,8158,-63,279
13,525,5383366,1,-1,0
4,527,5393420,8156,-63,280
13,526,5393442,0,0,0
4,528,5403452,8157,-60,279
13,527,5403474,0,0,1
4,529,5413500,8156,-62,292
13,528,5413522,-1,-3,0
4,530,5423622,8164,-54,285
13,529,5423644,0,0,-2
4,531,5433688,8165,-53,284
13,530,5433710,0,-1,0
4,532,5443687,8149,-55,279
13,531,5443708,0,1,0
4,533,5453751,8172,-67,289
13,532,5453773,1,1,1
4,534,5463855,8169,-55,292
13,533,5463877,0,-2,2
4,535,5473805,8167,-54,276
13,534,5473855,0,0,1
4,536,5483952,8159,-52,266
13,535,5483974,0,0,0
4,537,5494081,8167,-54,282
13,536,5494103,0,-1,-1
4,538,5504138,8155,-52,278
13,537,5504160,-1,-1,0
4,539,5514082,8160,-55,278
13,538,5514104,0,-2,1
4,540,5524185,8168,-50,289
13,539,5524207,2,1,0
4,541,5534236,8163,-46,283
13,540,5534258,0,-1,-1
4,542,5544324,8163,-53,272
13,541,5544346,-1,-1,0
4,543,5554403,8162,-66,278
13,542,5554425,-1,0,2
4,544,5564397,8174,-64,283
13,543,5564419,0,0,2
4,545,5574493,8170,-52,279
13,544,5574515,1,0,0
4,546,5584650,8162,-57,277
13,545,5584672,1,0,-1
4,547,5594612,8173,-62,280
13,546,5594634,1,-2,-1
4,548,5604721,8169,-53,268
13,547,5604743,0,-1,0
4,549,5614731,8169,-60,281
13,548,5614753,-1,2,0
4,550,5624808,8170,-62,290
13,549,5624830,-2,0,0
4,551,5634866,8162,-59,285
13,550,5634888,-1,0,-1
4,552,5644833,8171,-60,265
13,551,5644855,0,0,-1
4,553,5654955,8179,-67,277
13,552,5654977,0,0,0
4,554,5665103,8163,-50,286
13,553,5665125,0,0,-2
4,555,5674989,8175,-63,276
13,554,5675011,0,-1,-1
4,556,5685084,8176,-57,281
13,555,5685106,0,-3,1
4,557,5695150,8169,-65,292
13,556,5695172,0,0,0
4,558,5705348,8162,-50,285
13,557,5705370,-1,-2,0
4,559,5715266,8176,-49,290
13,558,5715288,0,1,0
4,560,5725413,8170,-54,294
13,559,5725435,0,0,0
4,561,5735428,8164,-59,270
13,560,5735450,-1,0,-4
4,562,5745523,8174,-62,292
13,561,5745545,-1,-1,0
4,563,5755560,8171,-57,277
13,562,5755582,0,0,2
4,564,5765517,8159,-59,275
13,563,5765539,-1,0,-1
4,565,5775618,8164,-49,272
13,564,5775640,0,2,-3
4,566,5785745,8165,-48,283
13,565,5785767,-1,-1,-1
4,567,5795747,8162,-52,278
13,566,5795769,-1,0,0
4,568,5805841,8161,-66,283
13,567,5805863,0,0,-1
4,569,5815895,8159,-59,277
13,568,5815917,0,0,0
4,570,5826145,8168,-64,283
13,569,5826167,1,-2,0
4,571,5836096,8156,-45,292
13,570,5836118,0,-3,0
4,572,5846087,8169,-57,280
13,571,5846109,0,-3,-1
4,573,5856114,8176,-63,264
13,572,5856136,0,-2,-1
4,574,5866281,8170,-53,286
13,573,5866303,-2,-2,0
4,575,5876316,8159,-58,285
13,574,5876338,0,-1,0
4,576,5886264,8157,-55,285
13,575,5886286,0,-1,0
4,577,5896395,8174,-58,279
13,576,5896417,0,-4,0
4,578,5906518,8168,-65,265
13,577,5906540,-1,0,0
4,579,5916471,8164,-52,279
13,578,5916492,-1,2,0
4,580,5926522,8169,-53,282
13,579,5926544,0,0,0
4,581,5936569,8163,-45,274
13,580,5936590,-2,1,0
4,582,5946664,8166,-61,280
13,581,5946686,0,0,0
4,583,5956745,8155,-55,283
13,582,5956767,0,-3,-1
4,584,5966770,8162,-40,274
13,583,5966792,-2,-1,0
4,585,5976780,8174,-52,268
13,584,5976802,0,-1,0
4,586,5986974,8173,-56,276
13,585,5986996,0,0,0
4,587,5997008,8167,-51,287
13,586,5997030,-2,2,0
4,588,6007033,8173,-69,274
13,587,6007055,0,0,-2
4,589,6017041,8168,-65,271
13,588,6017063,0,-1,-3
4,590,6027207,8173,-51,276
13,589,6027229,0,0,0
4,591,6037153,8166,-58,280
13,590,6037175,1,1,0
4,592,6047219,8161,-49,283
13,591,6047240,0,0,0
4,593,6057290,8160,-59,284
13,592,6057312,-1,-2,0
4,594,6067459,8171,-57,276
13,593,6067481,0,-2,0
4,595,6077471,8170,-48,288
13,594,6077493,1,1,-3
4,596,6087401,8172,-55,286
13,595,6087423,0,0,0
4,597,6097551,8169,-64,269
13,596,6097573,0,-3,1
4,598,6107662,8159,-65,283
13,597,6107684,0,-3,0
4,599,6117685,8140,-62,280
13,598,6117707,0,0,1
4,600,6127726,8166,-56,258
13,599,6127748,-2,0,0
4,601,6137794,8169,-61,276
13,600,6137816,-1,0,-2
4,602,6147933,8166,-70,273
13,601,6147955,0,-1,-2
4,603,6157898,8161,-56,285
13,602,6157920,0,0,-2
4,604,6167985,8168,-50,287
13,603,6168007,0,0,-2
4,605,6178025,8164,-50,284
13,604,6178047,0,-2,-1
4,606,6188093,8160,-47,282
13,605,6188115,0,-1,-1
4,607,6198167,8158,-58,286
13,606,6198189,1,0,-2
4,608,6208233,8168,-48,277
13,607,6208255,0,0,0
4,609,6218376,8163,-61,282
13,608,6218398,0,-1,1
4,610,6228409,8166,-54,284
13,609,6228431,0,0,0
4,611,6238441,8154,-45,274
13,610,6238463,0,0,1
4,612,6248491,8158,-52,276
13,611,6248513,-1,0,0
4,613,6258527,8155,-53,280
13,612,6258549,0,1,0
4,614,6268626,8172,-43,279
13,613,6268648,0,-3,1
4,615,6278677,8171,-55,286
13,614,6278699,0,0,0
4,616,6288757,8170,-61,291
13,615,6288779,0,0,-1
4,617,6298825,8171,-47,275
13,616,6298847,0,-3,0
4,618,6308875,8161,-63,272
13,617,6308897,0,-1,0
4,619,6318887,8170,-53,268
13,618,6318909,0,0,-1
4,620,6328952,8157,-59,287
13,619,6328974,0,-5,1
4,621,6339006,8158,-60,287
13,620,6339028,0,-1,0
4,622,6349099,8159,-55,273
13,621,6349121,2,1,-1
4,623,6359147,8166,-55,270
13,622,6359169,0,-1,0
4,624,6369209,8168,-56,289
13,623,6369231,0,-3,0
4,625,6379304,8173,-52,277
13,624,6379326,0,0,0
4,626,6389422,8167,-52,283
13,625,6389444,0,0,1
4,627,6399435,8165,-59,293
13,626,6399457,0,-1,0
4,628,6409452,8163,-60,276
13,627,6409474,3,1,-4
4,629,6419506,8164,-62,273
13,628,6419528,0,-2,-1
4,630,6429553,8165,-42,279
13,629,6429575,1,0,1
4,631,6439641,8175,-54,284
13,630,6439663,1,0,1
4,632,6449695,8164,-67,283
13,631,6449717,0,-1,0
4,633,6459759,8168,-49,283
13,632,6459781,1,0,1
4,634,6469958,8169,-60,285
13,633,6469980,0,-3,1
4,635,6479889,8171,-61,283
13,634,6479911,0,-2,-1
4,636,6489888,8160,-61,272
13,635,6489910,0,0,-2
4,637,6500023,8154,-56,276
13,636,6500045,-2,1,0
4,638,6510050,8176,-58,280
13,637,6510072,0,0,1
4,639,6520132,8170,-64,281
13,638,6520154,0,0,0
4,640,6530177,8167,-49,274
13,639,6530199,0,-3,-3
4,641,6540252,8161,-52,281
13,640,6540274,-3,-3,-2
4,642,6550364,8161,-58,274
13,641,6550386,-2,0,-2
4,643,6560401,8173,-53,286
13,642,6560423,0,-1,0
4,644,6570395,8162,-57,287
13,643,6570417,0,0,-1
4,645,6580513,8164,-42,274
13,644,6580535,0,1,0
4,646,6590639,8158,-57,277
13,645,6590661,0,0,0
4,647,6600597,8171,-62,284
13,646,6600619,-2,0,-2
4,648,6610693,8172,-59,276
13,647,6610715,-1,0,-1
4,649,6620804,8162,-57,281
13,648,6620826,-1,1,-1
4,650,6630820,8170,-62,280
13,649,6630842,0,0,0
4,651,6640847,8170,-53,283
13,650,6640869,1,0,2
4,652,6650837,8172,-51,275
13,651,6650859,0,-2,0
4,653,6660958,8167,-60,281
13,652,6660980,0,0,0
4,654,6671112,8163,-61,280
13,653,6671134,0,-1,1
4,655,6681085,8168,-51,282
13,654,6681107,0,-1,1
4,656,6691146,8165,-55,269
13,655,6691168,0,1,0
4,657,6701212,8170,-58,277
13,656,6701234,0,2,0
4,658,6711398,8160,-53,284
13,657,6711420,-1,2,0
4,659,6721369,8161,-52,289
13,658,6721391,1,0,2
4,660,6731454,8175,-60,280
13,659,6731476,2,-1,1
4,661,6741477,8154,-66,279
13,660,6741499,2,-1,0
4,662,6751528,8157,-66,278
13,661,6751550,0,0,0
4,663,6761593,8167,-56,281
13,662,6761615,-1,0,2
4,664,6771628,8169,-55,270
13,663,6771650,0,-1,0
4,665,6781703,8166,-55,272
13,664,6781725,2,0,0
4,666,6791926,8158,-58,282
13,665,6791948,0,0,0
4,667,6801781,8159,-52,279
13,666,6801803,0,-1,0
4,668,6811873,8150,-55,273
13,667,6811895,0,-1,1
4,669,6821951,8150,-51,263
13,668,6821973,2,0,0
4,670,6832037,8163,-59,277
13,669,6832059,-2,0,0
4,671,6842100,8163,-58,291
13,670,6842122,-2,0,0
4,672,6852111,8161,-66,283
13,671,6852133,0,0,0
4,673,6862209,8157,-65,263
13,672,6862231,0,0,0
4,674,6872377,8170,-55,262
13,673,6872399,-1,1,0
4,675,6882337,8157,-58,282
13,674,6882359,0,0,-2
4,676,6892327,8165,-52,277
13,675,6892349,1,0,0
4,677,6902431,8167,-50,278
13,676,6902453,1,0,0
4,678,6912558,8158,-59,282
13,677,6912580,0,0,0
4,679,6922577,8160,-51,283
13,678,6922599,0,0,0
4,680,6932702,8163,-60,283
13,679,6932724,0,0,0
4,681,6942739,8158,-56,280
13,680,6942761,0,-1,0
4,682,6952860,8168,-56,269
13,681,6952881,0,1,0
4,683,6962847,8166,-48,270
13,682,6962869,0,1,1
4,684,6972920,8159,-44,274
13,683,6972942,-1,-1,1
4,685,6982999,8174,-57,275
13,684,6983021,1,0,0
4,686,6993079,8181,-54,285
13,685,6993101,0,-3,0
4,687,7003049,8169,-59,278
13,686,7003071,0,-2,0
4,688,7013200,8174,-52,279
13,687,7013222,-1,0,0
4,689,7023197,8174,-56,281
13,688,7023218,0,0,0
4,690,7033364,8164,-51,280
13,689,7033386,0,0,0
4,691,7043331,8165,-58,273
13,690,7043353,-1,-1,0
4,692,7053449,8166,-52,281
13,691,7053471,0,0,-2
4,693,7063396,8163,-53,278
13,692,7063418,1,-1,0
4,694,7073544,8156,-54,281
13,693,7073566,1,-1,3
4,695,7083579,8173,-46,266
13,694,7083601,1,0,2
4,696,7093661,8161,-61,273
13,695,7093683,0,-1,0
4,697,7103707,8155,-50,279
13,696,7103729,0,1,0
4,698,7113886,8160,-62,274
13,697,7113908,0,0,1
4,699,7123782,8175,-61,284
13,698,7123804,0,-2,2
4,700,7133947,8170,-53,283
13,699,7133969,-2,0,1
4,701,7143913,8154,-52,279
13,700,7143935,-1,0,1
4,702,7154000,8165,-54,275
13,701,7154022,1,0,0
4,703,7164067,8158,-63,281
13,702,7164088,0,2,-1
4,704,7174117,8167,-64,279
13,703,7174138,2,0,0
4,705,7184171,8153,-42,277
13,704,7184193,1,0,0
4,706,7194277,8163,-38,271
13,705,7194299,1,0,0
4,707,7204293,8165,-53,272
13,706,7204315,0,0,1
4,708,7214327,8174,-50,275
13,707,7214349,-1,-1,1
4,709,7224442,8183,-61,289
13,708,7224464,-1,1,0
4,710,7234529,8158,-51,291
13,709,7234551,0,-1,0
4,711,7244541,8159,-57,282
13,710,7244563,-1,-2,1
4,712,7254597,8172,-58,272
13,711,7254619,-1,-1,1
4,713,7264600,8167,-57,270
13,712,7264622,-2,0,-1
4,714,7274849,8154,-53,271
13,713,7274871,0,0,-1
4,715,7284731,8159,-47,279
13,714,7284753,0,-1,-1
4,716,7294797,8161,-57,277
13,715,7294819,1,-1,-1
4,717,7304790,8167,-56,278
13,716,7304812,0,-2,0
4,718,7314958,8169,-61,269
13,717,7314980,0,0,0
4,719,7324942,8166,-50,278
13,718,7324964,0,0,0
4,720,7334953,8164,-55,284
13,719,7334975,1,1,1
4,721,7345078,8172,-60,281
13,720,7345100,-1,-2,0
4,722,7355233,8164,-61,281
13,721,7355255,0,0,0
4,723,7365159,8164,-59,279
13,722,7365181,-1,1,0
4,724,7375265,8159,-52,276
13,723,7375287,-2,-1,-1
4,725,7385324,8152,-50,275
13,724,7385346,0,0,-1
4,726,7395379,8160,-65,284
13,725,7395401,1,0,0
4,727,7405426,8155,-53,292
13,726,7405448,1,0,-2
4,728,7415469,8170,-46,287
13,727,7415491,0,0,-1
4,729,7425543,8164,-55,278
13,728,7425565,0,-2,0
4,730,7435720,8158,-62,287
13,729,7435742,-1,-3,0
4,731,7445671,8168,-61,289
13,730,7445693,-1,0,0
4,732,7455715,8166,-68,280
13,731,7455737,0,1,0
4,733,7465767,8169,-56,268
13,732,7465789,0,0,0
4,734,7475965,8161,-54,257
13,733,7475987,0,0,0
4,735,7485876,8165,-64,279
13,734,7485898,0,0,0
4,736,7496033,8173,-66,287
13,735,7496055,0,0,0
4,737,7506079,8166,-50,276
13,736,7506101,-3,0,0
4,738,7516238,8160,-60,293
13,737,7516260,0,0,0
4,739,7526117,8162,-60,267
13,738,7526138,0,1,0
4,740,7536213,8161,-55,279
13,739,7536235,-2,-1,-1
4,741,7546273,8169,-51,279
13,740,7546295,-1,0,-1
4,742,7556357,8160,-58,290
13,741,7556379,-1,1,-3
4,743,7566434,8152,-51,282
13,742,7566456,0,0,0
4,744,7576530,8165,-48,288
13,743,7576552,1,0,1
4,745,7586476,8163,-61,272
13,744,7586498,1,0,0
4,746,7596728,8173,-67,279
13,745,7596750,0,0,0
4,747,7606614,8165,-64,284
13,746,7606636,0,0,0
4,748,7616718,8162,-63,284
13,747,7616740,0,0,0
4,749,7626783,8158,-60,281
13,748,7626805,1,2,-1
4,750,7636866,8162,-61,283
13,749,7636888,0,1,-3
4,751,7646961,8169,-58,278
13,750,7646983,-1,2,0
4,752,7656944,8170,-69,284
13,751,7656966,0,1,1
4,753,7667009,8167,-62,281
13,752,7667031,0,-1,2
4,754,7677143,8158,-49,276
13,753,7677165,2,1,1
4,755,7687113,8161,-57,268
13,754,7687135,0,1,1
4,756,7697200,8159,-63,280
13,755,7697221,-1,-1,1
4,757,7707235,8167,-58,281
13,756,7707257,-1,1,0
4,758,7717369,8166,-63,291
13,757,7717391,0,0,-1
4,759,7727394,8166,-63,284
13,758,7727416,0,0,0
4,760,7737466,8162,-50,285
13,759,7737488,1,0,1
4,761,7747565,8153,-57,266
13,760,7747587,1,-3,0
4,762,7757593,8178,-59,269
13,761,7757615,0,-2,0
4,763,7767647,8167,-71,283
13,762,7767669,0,-1,0
4,764,7777587,8153,-61,288
13,763,7777609,0,2,0
4,765,7787754,8163,-52,278
13,764,7787776,-1,-2,0
4,766,7797840,8168,-50,280
13,765,7797862,0,-2,0
4,767,7807808,8175,-48,275
13,766,7807830,2,0,-1
4,768,7817862,8165,-58,262
13,767,7817884,0,1,-1
4,769,7827919,8163,-57,288
13,768,7827941,0,0,0
4,770,7838130,8165,-66,290
13,769,7838152,-1,-3,0
4,771,7848082,8165,-56,279
13,770,7848104,-1,-1,0
4,772,7858143,8162,-56,293
13,771,7858165,0,1,-1
4,773,7868137,8157,-59,292
13,772,7868159,-1,0,-2
4,774,7878268,8157,-61,293
13,773,7878290,0,-2,0
4,775,7888235,8166,-62,278
13,774,7888257,0,0,0
4,776,7898332,8165,-53,276
13,775,7898354,-1,0,0
4,777,7908336,8163,-56,289
13,776,7908358,-1,-1,0
4,778,7918540,8158,-65,284
13,777,7918562,0,0,0
4,779,7928522,8166,-67,278
13,778,7928544,0,0,0
4,780,7938542,8163,-68,279
13,779,7938564,0,0,0
4,781,7948607,8158,-59,275
13,780,7948629,0,-2,0
4,782,7958760,8161,-57,274
13,781,7958782,-1,0,0
4,783,7968752,8173,-51,270
13,782,7968774,-2,0,0
4,784,7978816,8159,-54,284
13,783,7978838,-1,-1,1
4,785,7988811,8162,-58,275
13,784,7988833,-1,0,1
4,786,7999052,8164,-64,278
13,785,7999074,0,0,0
4,787,8008951,8160,-56,288
13,786,8008973,0,0,0
4,788,8018995,8168,-59,278
13,787,8019017,0,-1,0
4,789,8029056,8163,-58,283
13,788,8029078,-1,1,0
4,790,8039078,8165,-63,275
13,789,8039100,0,-2,2
4,791,8049182,8163,-60,275
13,790,8049204,0,-1,0
4,792,8059283,8151,-58,285
13,791,8059305,0,0,0
4,793,8069299,8168,-83,280
13,792,8069321,-1,0,1
4,794,8079473,8170,-65,284
13,793,8079495,0,0,0
4,795,8089398,8164,-48,283
13,794,8089420,-1,-2,-2
4,796,8099475,8168,-54,279
13,795,8099497,-1,-1,0
4,797,8109561,8174,-54,285
13,796,8109583,-2,0,-1
4,798,8119708,8159,-46,283
13,797,8119730,0,2,0
4,799,8129658,8156,-61,276
13,798,8129680,-1,0,0
4,800,8139716,8160,-60,271
13,799,8139738,-1,-1,-1
4,801,8149768,8165,-67,279
13,800,8149790,0,2,0
4,802,8159926,8160,-58,277
13,801,8159948,0,2,1
4,803,8169929,8162,-60,271
13,802,8169951,0,1,0
4,804,8179920,8157,-52,272
13,803,8179942,0,0,0
4,805,8189992,8163,-46,276
13,804,8190014,-1,0,0
4,806,8200127,8158,-50,271
13,805,8200149,0,0,1
4,807,8210077,8170,-60,282
13,806,8210099,1,0,0
4,808,8220187,8169,-65,281
13,807,8220209,0,0,0
4,809,8230297,8162,-55,271
13,808,8230319,-1,0,-1
4,810,8240351,8158,-56,283
13,809,8240373,0,0,-1
4,811,8250362,8168,-54,285
13,810,8250384,0,2,0
4,812,8260438,8165,-50,282
13,811,8260460,0,0,-1
4,813,8270511,8170,-61,295
13,812,8270533,0,1,1
4,814,8280520,8161,-64,285
13,813,8280541,1,0,-1
4,815,8290645,8168,-62,271
13,814,8290667,0,-4,1
4,816,8300673,8164,-47,282
13,815,8300695,0,2,1
4,817,8310672,8164,-52,290
13,816,8310694,0,0,0
4,818,8320952,8153,-59,280
13,817,8321001,0,-2,1
4,819,8330806,8166,-61,274
13,818,8330827,-1,0,0
4,820,8340898,8168,-54,274
13,819,8340948,-1,1,-1
4,821,8351029,8157,-53,272
13,820,8351051,1,2,0
4,822,8361109,8156,-45,288
13,821,8361131,0,0,0
4,823,8371130,8168,-55,284
13,822,8371152,0,-2,-1
4,824,8381202,8172,-53,280
13,823,8381224,0,0,-1
4,825,8391294,8166,-59,272
13,824,8391316,0,-1,1
4,826,8401453,8172,-58,264
13,825,8401475,0,0,0
4,827,8411346,8173,-58,284
13,826,8411368,0,1,-2
4,828,8421369,8161,-63,275
13,827,8421391,-1,0,0
4,829,8431513,8160,-56,271
13,828,8431535,1,-1,0
4,830,8441598,8163,-51,281
13,829,8441620,0,-1,1
4,831,8451545,8178,-64,271
13,830,8451567,0,-1,1
4,832,8461717,8166,-52,269
13,831,8461739,0,1,0
4,833,8471740,8164,-56,272
13,832,8471762,0,0,-1
4,834,8481868,8165,-62,273
13,833,8481890,0,0,1
4,835,8491837,8165,-57,266
13,834,8491859,0,-2,0
4,836,8501897,8164,-64,269
13,835,8501919,0,0,-1
4,837,8511908,8167,-54,274
13,836,8511930,0,3,0
4,838,8522077,8165,-53,282
13,837,8522099,-2,-4,0
4,839,8532026,8162,-60,275
13,838,8532048,-1,-4,0
4,840,8542040,8151,-62,262
13,839,8542062,1,-1,1
4,841,8552156,8158,-56,289
13,840,8552178,1,-2,2
4,842,8562344,8168,-50,270
13,841,8562366,0,0,-1
4,843,8572310,8161,-59,273
13,842,8572332,-1,0,-1
4,844,8582282,8163,-61,297
13,843,8582304,0,-2,0
4,845,8592426,8165,-59,277
13,844,8592448,0,-3,-1
4,846,8602450,8163,-52,280
13,845,8602472,0,0,0
4,847,8612529,8163,-46,278
13,846,8612551,0,0,0
4,848,8622555,8157,-58,281
13,847,8622577,2,2,0
4,849,8632611,8155,-50,290
13,848,8632633,2,0,-1
4,850,8642806,8162,-60,276
13,849,8642828,-1,1,-2
4,851,8652634,8159,-46,271
13,850,8652656,0,1,-1
4,852,8662784,8168,-52,281
13,851,8662806,0,0,0
4,853,8672822,8169,-54,287
13,852,8672844,0,0,0
4,854,8682930,8162,-65,277
13,853,8682952,0,1,0
4,855,8692926,8162,-59,287
13,854,8692948,0,1,2
4,856,8702980,8160,-68,280
13,855,8703002,-3,-2,1
4,857,8713071,8154,-58,271
13,856,8713120,-1,0,0
4,858,8723240,8162,-58,274
13,857,8723262,-4,0,-1
4,859,8733201,8164,-57,283
13,858,8733223,0,1,-1
4,860,8743231,8166,-53,273
13,859,8743253,1,1,0
4,861,8753265,8173,-56,276
13,860,8753287,1,0,0
4,862,8763364,8165,-60,275
13,861,8763386,0,0,1
4,863,8773397,8172,-63,267
13,862,8773419,0,0,1
4,864,8783500,8170,-50,273
13,863,8783522,0,-1,-2
4,865,8793465,8162,-61,268
13,864,8793487,0,-1,0
4,866,8803693,8159,-54,279
13,865,8803715,0,1,0
4,867,8813626,8162,-60,287
13,866,8813648,-1,0,0
4,868,8823649,8167,-71,284
13,867,8823671,0,-1,1
4,869,8833724,8160,-57,283
13,868,8833746,-1,1,0
4,870,8843860,8166,-51,285
13,869,8843882,0,0,0
4,871,8853958,8165,-53,292
13,870,8853980,-1,1,-1
4,872,8863991,8158,-60,280
13,871,8864013,-1,-1,-1
4,873,8873993,8155,-52,271
13,872,8874015,-1,0,-2
4,874,8884148,8153,-50,275
13,873,8884170,0,0,-1
4,875,8894100,8163,-40,279
13,874,8894122,3,0,0
4,876,8904158,8159,-55,281
13,875,8904180,-1,2,0
4,877,8914149,8150,-46,276
13,876,8914171,-1,0,0
4,878,8924289,8158,-62,283
13,877,8924311,0,2,0
4,879,8934312,8165,-56,276
13,878,8934334,0,0,1
4,880,8944378,8167,-45,274
13,879,8944400,0,0,0
4,881,8954425,8165,-52,270
13,880,8954447,0,0,-1
4,882,8964669,8155,-61,278
13,881,8964691,1,0,0
4,883,8974574,8156,-53,281
13,882,8974596,-1,0,0
4,884,8984628,8168,-50,270
13,883,8984650,-1,0,0
4,885,8994638,8163,-55,277
13,884,8994660,0,-1,0
4,886,9004760,8175,-51,292
13,885,9004782,0,0,0
4,887,9014802,8163,-50,285
13,886,9014824,0,0,0
4,888,9024848,8161,-63,283
13,887,9024869,0,-1,0
4,889,9034922,8158,-60,272
13,888,9034944,1,2,0
4,890,9045056,8163,-41,287
13,889,9045078,0,0,0
4,891,9054936,8176,-60,272
13,890,9054958,0,0,0
4,892,9065090,8168,-58,279
13,891,9065112,-2,-2,0
4,893,9075072,8154,-67,279
13,892,9075094,0,-1,2
4,894,9085257,8155,-65,273
13,893,9085279,1,0,1
4,895,9095276,8165,-63,281
13,894,9095298,-1,2,0
4,896,9105347,8158,-65,277
13,895,9105369,0,1,0
4,897,9115378,8162,-55,276
13,896,9115400,0,-2,2
4,898,9125589,8162,-62,277
13,897,9125611,0,0,1
4,899,9135476,8162,-61,278
13,898,9135498,0,0,0
4,900,9145579,8161,-53,278
13,899,9145601,1,0,2
4,901,9155667,8163,-54,277
13,900,9155688,0,0,1
4,902,9165682,8166,-49,269
13,901,9165704,0,0,1
4,903,9175723,8161,-61,287
13,902,9175745,0,0,0
4,904,9185827,8163,-53,279
13,903,9185849,0,-1,0
4,905,9195786,8157,-58,276
13,904,9195808,0,1,1
4,906,9206018,8166,-47,285
13,905,9206040,0,2,0
4,907,9215885,8166,-55,277
13,906,9215907,1,-1,0
4,908,9226041,8155,-59,284
13,907,9226063,0,0,-1
4,909,9236160,8163,-55,288
13,908,9236182,3,0,0
4,910,9246202,8165,-59,273
13,909,9246224,-1,0,1
4,911,9256227,8167,-68,276
13,910,9256249,0,-1,0
4,912,9266259,8171,-67,280
13,911,9266281,-1,1,-2
4,913,9276306,8169,-59,281
13,912,9276328,0,0,2
4,914,9286455,8168,-60,280
13,913,9286477,0,-1,1
4,915,9296414,8159,-48,286
13,914,9296436,-1,-1,1
4,916,9306488,8171,-60,278
13,915,9306510,-1,0,-1
4,917,9316493,8170,-52,277
13,916,9316515,0,0,0
4,918,9326621,8161,-50,281
13,917,9326643,-1,-2,1
4,919,9336626,8165,-53,280
13,918,9336648,0,0,0
4,920,9346710,8173,-48,284
13,919,9346732,0,1,-1
4,921,9356838,8160,-57,272
13,920,9356860,0,-1,0
4,922,9366885,8158,-54,279
13,921,9366907,0,0,0
4,923,9376873,8161,-55,290
13,922,9376895,0,0,-1
4,924,9386919,8156,-57,272
13,923,9386941,-1,-1,0
4,925,9396985,8167,-59,283
13,924,9397007,-1,-1,2
4,926,9407052,8159,-66,285
13,925,9407074,0,0,1
4,927,9417038,8165,-64,286
13,926,9417060,0,-1,-2
4,928,9427146,8156,-61,279
13,927,9427168,0,0,0
4,929,9437203,8159,-47,285
13,928,9437225,1,1,-1
4,930,9447369,8163,-49,281
13,929,9447391,1,0,0
4,931,9457270,8169,-61,279
13,930,9457292,0,0,0
4,932,9467414,8167,-50,286
13,931,9467436,0,1,0
4,933,9477463,8164,-56,269
13,932,9477485,0,-2,0
4,934,9487553,8169,-51,278
13,933,9487575,-1,0,-1
4,935,9497640,8165,-47,280
13,934,9497662,-1,-2,0
4,936,9507621,8169,-59,275
13,935,9507643,1,-2,1
4,937,9517693,8155,-54,272
13,936,9517715,0,0,0
4,938,9527852,8158,-55,278
13,937,9527873,-1,0,1
4,939,9537808,8161,-66,276
13,938,9537830,-2,0,0
4,940,9547866,8170,-61,280
13,939,9547888,0,0,-1
4,941,9557949,8167,-57,285
13,940,9557971,0,0,-1
4,942,9567959,8163,-63,290
13,941,9567981,0,0,0
4,943,9578130,8161,-54,280
13,942,9578152,0,1,0
4,944,9588120,8160,-58,264
13,943,9588169,-2,0,0
4,945,9598215,8155,-60,282
13,944,9598237,-1,1,1
4,946,9608365,8160,-54,291
13,945,9608387,0,0,-1
4,947,9618365,8163,-53,288
13,946,9618387,-1,0,0
4,948,9628335,8170,-56,276
13,947,9628357,-2,0,-1
4,949,9638419,8158,-65,272
13,948,9638441,-1,-1,-1
4,950,9648522,8150,-57,263
13,949,9648544,-1,0,0
4,951,9658557,8159,-57,287
13,950,9658579,0,0,2
4,952,9668556,8163,-67,281
13,951,9668578,0,-2,-2
4,953,9678699,8165,-65,269
13,952,9678721,-1,-1,-2
4,954,9688755,8170,-56,281
13,953,9688777,0,0,-1
4,955,9698862,8165,-63,282
13,954,9698884,0,0,-1
4,956,9708852,8161,-55,285
13,955,9708874,-1,0,-1
4,957,9718874,8168,-51,285
13,956,9718922,-3,1,0
4,958,9729029,8175,-61,273
13,957,9729051,0,0,0
4,959,9739062,8167,-57,284
13,958,9739084,1,0,0
4,960,9749119,8163,-53,273
13,959,9749141,2,0,0
4,961,9759109,8162,-63,278
13,960,9759131,-1,-3,0
4,962,9769308,8169,-51,280
13,961,9769330,0,0,0
4,963,9779270,8175,-56,291
13,962,9779292,1,-2,-1
4,964,9789349,8156,-55,286
13,963,9789371,0,-1,-2
4,965,9799391,8169,-50,279
13,964,9799413,0,0,2
4,966,9809483,8166,-50,272
13,965,9809504,1,1,0
4,967,9819500,8173,-48,279
13,966,9819522,2,0,-2
4,968,9829531,8171,-53,263
13,967,9829553,0,-1,0
4,969,9839740,8150,-47,285
13,968,9839762,-2,0,0
4,970,9849808,8169,-59,273
13,969,9849830,0,0,-2
4,971,9859817,8165,-52,287
13,970,9859839,-1,-1,-2
4,972,9869799,8159,-48,286
13,971,9869821,0,0,0
4,973,9879913,8167,-59,274
13,972,9879935,-1,-4,0
4,974,9889962,8160,-59,283
13,973,9889984,1,-2,-1
4,975,9899944,8159,-58,275
13,974,9899965,1,0,-1
4,976,9910061,8159,-51,281
13,975,9910082,0,0,-1
4,977,9920117,8173,-53,283
13,976,9920139,0,0,-1
4,978,9930240,8172,-64,281
13,977,9930262,0,1,-2
4,979,9940221,8162,-61,269
13,978,9940243,3,0,-2
4,980,9950302,8165,-60,278
13,979,9950324,0,0,0
4,981,9960342,8167,-51,299
13,980,9960364,-3,0,0
4,982,9970466,8164,-58,271
13,981,9970488,0,0,0
4,983,9980481,8158,-63,263
13,982,9980503,1,2,0
4,984,9990524,8160,-55,290
13,983,9990546,1,0,1
4,985,10000642,8168,-61,288
13,984,10000664,0,-1,3
4,986,10010741,8164,-51,282
13,985,10010763,0,-3,0
4,987,10020713,8150,-61,277
13,986,10020735,0,0,-1
4,988,10030733,8160,-61,272
13,987,10030755,0,-1,2
4,989,10040848,8164,-56,279
13,988,10040870,0,0,0
4,990,10050825,8170,-54,275
13,989,10050847,0,-2,-1
4,991,10060979,8166,-55,278
13,990,10061001,0,0,1
4,992,10070993,8165,-61,292
13,991,10071015,0,0,0
4,993,10081077,8161,-62,290
13,992,10081099,0,-1,-1
4,994,10091162,8166,-56,282
13,993,10091184,-1,0,0
4,995,10101183,8173,-55,274
13,994,10101205,1,0,0
4,996,10111255,8164,-45,270
13,995,10111277,0,-1,0
4,997,10121321,8160,-57,276
13,996,10121343,0,-1,-2
4,998,10131424,8162,-53,273
13,997,10131446,0,-1,0
4,999,10141473,8155,-42,272
13,998,10141495,1,-2,0
4,1000,10151413,8165,-43,280
13,999,10151435,2,0,0
4,1001,10161567,8157,-53,282
13,1000,10161589,-1,0,-1
4,1002,10171636,8163,-55,280
13,1001,10171658,-2,0,0
4,1003,10181629,8156,-59,282
13,1002,10181651,0,0,0
4,1004,10191716,8161,-49,286
13,1003,10191738,1,-2,0
4,1005,10201761,8166,-57,273
13,1004,10201783,1,0,-1
4,1006,10211950,8163,-63,276
13,1005,10211972,-1,0,-1
4,1007,10221892,8174,-64,283
13,1006,10221914,-2,0,-2
4,1008,10231967,8176,-52,272
13,1007,10231989,0,0,0
4,1009,10242028,8164,-59,290
13,1008,10242050,-1,-4,0
4,1010,10252144,8164,-47,284
13,1009,10252166,-1,-3,1
4,1011,10262128,8160,-48,278
13,1010,10262150,0,2,0
4,1012,10272160,8164,-50,277
13,1011,10272182,0,0,0
4,1013,10282232,8168,-43,274
13,1012,10282254,0,-3,0
4,1014,10292312,8172,-52,279
13,1013,10292334,0,0,0
4,1015,10302358,8164,-48,293
13,1014,10302379,1,0,1
4,1016,10312462,8163,-52,279
13,1015,10312484,-1,0,0
4,1017,10322404,8168,-66,272
13,1016,10322426,0,-2,-1
4,1018,10332721,8166,-56,279
13,1017,10332743,0,0,0
4,1019,10342511,8161,-46,280
13,1018,10342533,0,-1,-1
4,1020,10352741,8165,-59,270
13,1019,10352763,1,-1,-1
4,1021,10362797,8157,-60,288
13,1020,10362819,0,0,-1
4,1022,10372836,8164,-51,275
13,1021,10372858,1,-1,-2
4,1023,10382853,8177,-63,276
13,1022,10382875,0,-1,1
4,1024,10392864,8165,-50,285
13,1023,10392886,-1,0,0
4,1025,10402957,8169,-60,288
13,1024,10402979,0,0,1
4,1026,10413090,8151,-56,284
13,1025,10413112,0,0,1
4,1027,10423073,8158,-53,278
13,1026,10423095,-1,-2,1
4,1028,10433057,8173,-59,284
13,1027,10433078,0,0,0
4,1029,10443177,8160,-64,280
13,1028,10443199,0,0,0
4,1030,10453213,8172,-47,276
13,1029,10453235,0,0,0
4,1031,10463288,8157,-52,278
13,1030,10463310,-2,0,0
4,1032,10473350,8161,-57,278
13,1031,10473372,-3,2,0
4,1033,10483439,8168,-54,275
13,1032,10483461,0,0,1
4,1034,10493574,8163,-46,284
13,1033,10493596,0,-1,0
4,1035,10503537,8162,-61,281
13,1034,10503559,0,2,0
4,1036,10513593,8167,-57,274
13,1035,10513615,-1,0,0
4,1037,10523687,8175,-52,277
13,1036,10523709,-1,-2,0
4,1038,10533737,8164,-41,286
13,1037,10533759,0,-1,2
4,1039,10543780,8158,-55,272
13,1038,10543802,0,0,0
4,1040,10553765,8168,-64,281
13,1039,10553787,0,-1,-2
4,1041,10563930,8158,-57,288
13,1040,10563952,-1,-2,-2
4,1042,10574022,8168,-67,278
13,1041,10574044,-2,1,-2
4,1043,10583998,8170,-60,284
13,1042,10584020,0,0,0
4,1044,10594098,8160,-44,291
13,1043,10594120,0,2,-1
4,1045,10604106,8159,-52,278
13,1044,10604128,1,0,0
4,1046,10614267,8155,-58,274
13,1045,10614289,1,-1,0
4,1047,10624314,8153,-55,278
13,1046,10624336,1,-2,1
4,1048,10634316,8175,-54,288
13,1047,10634338,0,-1,0
4,1049,10644388,8175,-59,290
13,1048,10644410,0,-1,-1
4,1050,10654552,8159,-54,279
13,1049,10654574,0,0,0
4,1051,10664510,8160,-63,277
13,1050,10664532,0,-1,1
4,1052,10674550,8159,-57,274
13,1051,10674572,0,-3,-1
4,1053,10684663,8161,-51,280
13,1052,10684685,0,0,0
4,1054,10694708,8159,-65,276
13,1053,10694730,0,1,1
4,1055,10704736,8171,-63,274
13,1054,10704758,1,-2,1
4,1056,10714795,8163,-54,287
13,1055,10714844,0,-1,-1
4,1057,10724874,8151,-55,285
13,1056,10724896,0,-2,0
4,1058,10735087,8153,-58,286
13,1057,10735109,0,-1,1
4,1059,10744994,8171,-55,278
13,1058,10745016,0,1,-1
4,1060,10755076,8175,-65,270
13,1059,10755098,0,-1,0
4,1061,10765152,8161,-57,272
13,1060,10765174,1,-2,0
4,1062,10775166,8164,-50,281
13,1061,10775188,0,-1,0
4,1063,10785227,8169,-53,278
13,1062,10785249,0,1,0
4,1064,10795281,8166,-43,283
13,1063,10795303,1,1,1
4,1065,10805303,8170,-56,278
13,1064,10805325,-2,0,1
4,1066,10815508,8173,-68,279
13,1065,10815530,-2,0,0
4,1067,10825476,8165,-51,283
13,1066,10825498,0,-1,2
4,1068,10835622,8150,-46,276
13,1067,10835644,-1,0,0
4,1069,10845547,8153,-53,283
13,1068,10845596,-2,0,-2
4,1070,10855780,8167,-54,279
13,1069,10855802,0,0,-1
4,1071,10865754,8173,-65,280
13,1070,10865776,0,-1,0
4,1072,10875765,8164,-63,278
13,1071,10875787,0,0,0
4,1073,10885881,8161,-54,282
13,1072,10885902,-2,0,0
4,1074,10895952,8174,-52,285
13,1073,10895974,0,-1,0
4,1075,10905950,8168,-56,281
13,1074,10905972,0,-1,1
4,1076,10916025,8158,-56,286
13,1075,10916047,0,0,1
4,1077,10926042,8172,-57,281
13,1076,10926064,0,-1,-2
4,1078,10936157,8165,-51,261
13,1077,10936179,2,0,-2
4,1079,10946181,8163,-48,272
13,1078,10946203,0,-1,0
4,1080,10956294,8171,-47,282
13,1079,10956343,-2,-1,-2
4,1081,10966397,8174,-56,277
13,1080,10966419,0,0,-1
4,1082,10976472,8169,-60,277
13,1081,10976494,-1,-2,1
4,1083,10986368,8171,-53,280
13,1082,10986390,0,-1,0
4,1084,10996579,8163,-71,284
13,1083,10996601,0,0,0
4,1085,11006570,8151,-58,284
13,1084,11006592,0,1,-2
4,1086,11016583,8159,-56,280
13,1085,11016605,0,0,-1
4,1087,11026708,8166,-66,275
13,1086,11026730,0,-3,0
4,1088,11036703,8163,-62,280
13,1087,11036725,0,0,0
4,1089,11046761,8161,-49,285
13,1088,11046783,-1,0,0
4,1090,11056911,8176,-53,282
13,1089,11056933,-1,0,1
4,1091,11066862,8170,-55,282
13,1090,11066884,0,0,0
4,1092,11076906,8158,-54,282
13,1091,11076928,0,-2,-1
4,1093,11087061,8162,-55,272
13,1092,11087083,0,0,0
4,1094,11097088,8170,-58,275
13,1093,11097110,0,0,-1
4,1095,11107087,8164,-50,281
13,1094,11107109,0,-2,0
4,1096,11117165,8156,-49,277
13,1095,11117187,0,-2,-1
4,1097,11127294,8161,-57,284
13,1096,11127316,2,-3,-2
4,1098,11137415,8160,-64,287
13,1097,11137437,0,-1,0
4,1099,11147309,8167,-52,275
13,1098,11147331,0,0,1
4,1100,11157426,8167,-49,271
13,1099,11157448,0,0,1
4,1101,11167442,8156,-51,270
13,1100,11167464,0,0,0
4,1102,11177546,8155,-44,279
13,1101,11177568,0,1,3
4,1103,11187550,8162,-61,274
13,1102,11187572,-2,0,1
4,1104,11197598,8161,-48,279
13,1103,11197620,0,0,0
4,1105,11207752,8160,-60,279
13,1104,11207774,0,1,0
4,1106,11217779,8168,-55,281
13,1105,11217801,0,0,-1
4,1107,11227797,8167,-47,277
13,1106,11227819,0,-1,0
4,1108,11237846,8167,-56,274
13,1107,11237868,0,1,0
4,1109,11247907,8168,-58,277
13,1108,11247929,0,0,-1
4,1110,11257995,8169,-61,270
13,1109,11258017,1,-2,0
4,1111,11268009,8168,-68,276
13,1110,11268031,0,0,0
4,1112,11278070,8160,-51,283
13,1111,11278092,0,0,1
4,1113,11288149,8157,-56,275
13,1112,11288171,1,0,2
4,1114,11298296,8153,-52,281
13,1113,11298318,1,1,1
4,1115,11308239,8161,-55,282
13,1114,11308261,0,-1,1
4,1116,11318232,8167,-58,285
13,1115,11318254,0,0,0
4,1117,11328355,8177,-58,291
13,1116,11328377,1,0,0
4,1118,11338472,8178,-58,285
13,1117,11338494,0,-3,0
4,1119,11348576,8168,-53,282
13,1118,11348598,1,-2,0
4,1120,11358490,8160,-57,275
13,1119,11358512,1,0,0
4,1121,11368606,8159,-56,285
13,1120,11368628,1,-2,0
4,1122,11378755,8166,-58,283
13,1121,11378777,0,0,-2
4,1123,11388681,8172,-58,281
13,1122,11388703,0,0,-2
4,1124,11398756,8162,-48,280
13,1123,11398778,0,-1,-1
4,1125,11408809,8152,-49,286
13,1124,11408831,0,0,-1
4,1126,11418994,8166,-62,281
13,1125,11419016,1,-1,-2
4,1127,11429000,8161,-52,286
13,1126,11429022,1,-2,-1
4,1128,11438970,8171,-57,284
13,1127,11438992,0,0,0
4,1129,11449102,8172,-54,273
13,1128,11449124,0,-1,0
4,1130,11459285,8162,-58,280
13,1129,11459307,-1,0,0
4,1131,11469227,8173,-53,289
13,1130,11469249,0,1,0
4,1132,11479219,8172,-54,280
13,1131,11479241,0,-3,0
4,1133,11489361,8166,-61,278
13,1132,11489383,1,-1,0
4,1134,11499422,8167,-52,276
13,1133,11499444,0,1,0
4,1135,11509459,8160,-61,279
13,1134,11509481,0,0,0
4,1136,11519503,8157,-60,278
13,1135,11519525,0,1,-1
4,1137,11529606,8166,-50,285
13,1136,11529628,-1,1,0
4,1138,11539719,8166,-54,285
13,1137,11539741,0,0,-1
4,1139,11549667,8157,-66,273
13,1138,11549689,-1,0,-1
4,1140,11559684,8174,-52,286
13,1139,11559706,0,0,1
4,1141,11569783,8168,-58,280
13,1140,11569805,0,0,1
4,1142,11579912,8148,-60,277
13,1141,11579962,0,-1,0
4,1143,11589913,8157,-45,276
13,1142,11589962,-1,0,0
4,1144,11600028,8179,-41,285
13,1143,11600050,0,1,0
4,1145,11610081,8170,-63,276
13,1144,11610103,1,0,0
4,1146,11620162,8163,-59,267
13,1145,11620184,-1,0,3
4,1147,11630190,8157,-53,278
13,1146,11630212,-1,-2,1
4,1148,11640180,8159,-58,275
13,1147,11640202,-1,-2,0
4,1149,11650316,8161,-53,281
13,1148,11650338,0,1,0
4,1150,11660381,8161,-54,288
13,1149,11660402,0,2,0
4,1151,11670428,8166,-77,275
13,1150,11670450,0,0,0
4,1152,11680468,8166,-54,281
13,1151,11680490,0,-1,0
4,1153,11690579,8163,-49,281
13,1152,11690601,1,-1,0
4,1154,11700738,8160,-67,279
13,1153,11700760,1,-2,2
4,1155,11710727,8178,-51,276
13,1154,11710749,0,0,2
4,1156,11720802,8164,-42,284
13,1155,11720824,0,0,0
4,1157,11730817,8157,-53,282
13,1156,11730839,-1,0,-1
4,1158,11740927,8166,-60,285
13,1157,11740949,1,-2,-1
4,1159,11750987,8170,-55,281
13,1158,11751009,1,0,-1
4,1160,11760943,8169,-61,274
13,1159,11760965,0,0,-1
4,1161,11771058,8156,-55,276
13,1160,11771080,0,1,1
4,1162,11781113,8159,-48,277
13,1161,11781135,-1,0,2
4,1163,11791149,8167,-63,276
13,1162,11791171,0,-2,1
4,1164,11801264,8173,-54,265
13,1163,11801286,1,-1,0
4,1165,11811277,8181,-50,262
13,1164,11811299,-1,0,0
4,1166,11821367,8173,-31,283
13,1165,11821389,-2,0,1
4,1167,11831374,8168,-51,281
13,1166,11831396,1,0,0
4,1168,11841434,8166,-62,277
13,1167,11841483,0,-1,0
4,1169,11851510,8157,-68,284
13,1168,11851532,-2,-1,1
4,1170,11861698,8167,-58,276
13,1169,11861720,-2,0,2
4,1171,11871638,8163,-50,277
13,1170,11871660,0,0,0
4,1172,11881628,8160,-59,270
13,1171,11881650,2,-3,0
4,1173,11891714,8172,-62,283
13,1172,11891736,1,-1,0
4,1174,11901811,8163,-66,274
13,1173,11901833,-1,0,0
4,1175,11911838,8171,-54,271
13,1174,11911860,-2,0,-1
4,1176,11921915,8166,-49,273
13,1175,11921937,2,0,0
4,1177,11931918,8167,-49,290
13,1176,11931940,-1,-2,0
4,1178,11942082,8160,-61,270
13,1177,11942104,-2,-2,0
4,1179,11952027,8165,-61,279
13,1178,11952049,0,1,-1
4,1180,11962106,8161,-50,285
13,1179,11962127,0,-2,-1
4,1181,11972165,8159,-57,284
13,1180,11972187,0,0,0
4,1182,11982222,8166,-69,288
13,1181,11982244,2,-1,0
4,1183,11992283,8174,-67,272
13,1182,11992305,0,-1,0
4,1184,12002341,8158,-64,278
13,1183,12002363,1,0,0
4,1185,12012369,8157,-53,298
13,1184,12012391,2,1,0
4,1186,12022469,8171,-61,279
13,1185,12022491,0,1,0
4,1187,12032459,8160,-67,281
13,1186,12032481,-1,0,-1
4,1188,12042507,8169,-58,279
13,1187,12042529,-1,0,0
4,1189,12052564,8163,-65,284
13,1188,12052586,0,0,-2
4,1190,12062708,8162,-66,286
13,1189,12062730,0,-1,0
4,1191,12072681,8159,-65,276
13,1190,12072702,0,-1,0
4,1192,12082726,8158,-61,276
13,1191,12082748,0,0,1
4,1193,12092831,8160,-49,287
13,1192,12092853,-2,-2,0
4,1194,12102933,8168,-51,273
13,1193,12102955,0,0,0
4,1195,12112886,8176,-59,272
13,1194,12112908,0,0,0
4,1196,12122950,8173,-45,289
13,1195,12122972,-1,-1,0
4,1197,12132928,8157,-48,274
13,1196,12132950,2,0,0
4,1198,12143122,8148,-52,272
13,1197,12143144,0,-1,0
4,1199,12153061,8162,-64,276
13,1198,12153083,0,-2,0
4,1200,12163116,8168,-51,276
13,1199,12163138,0,0,0
4,1201,12173156,8168,-50,287
13,1200,12173178,0,-1,0
4,1202,12183378,8166,-51,276
13,1201,12183400,1,0,2
4,1203,12193208,8169,-50,272
13,1202,12193230,1,2,3
4,1204,12203305,8171,-46,283
13,1203,12203327,0,0,0
4,1205,12213358,8165,-49,279
13,1204,12213407,1,-1,1
4,1206,12223471,8164,-62,281
13,1205,12223493,0,0,2
4,1207,12233432,8166,-61,282
13,1206,12233454,0,1,2
4,1208,12243529,8168,-53,287
13,1207,12243551,0,-3,0
4,1209,12253550,8162,-53,293
13,1208,12253572,-1,-1,-2
4,1210,12263793,8169,-52,281
13,1209,12263815,0,0,-1
4,1211,12273663,8160,-61,274
13,1210,12273685,0,-1,1
4,1212,12283687,8164,-45,282
13,1211,12283709,0,-1,0
4,1213,12293767,8177,-52,281
13,1212,12293789,0,0,0
4,1214,12303863,8157,-61,273
13,1213,12303885,0,0,1
4,1215,12313867,8151,-65,281
13,1214,12313889,-1,0,0
4,1216,12323883,8169,-68,279
13,1215,12323905,-3,2,0
4,1217,12334001,8175,-63,290
13,1216,12334023,1,0,0
4,1218,12344176,8162,-49,278
13,1217,12344198,3,0,0
4,1219,12354142,8159,-55,278
13,1218,12354164,0,-1,1
4,1220,12364195,8165,-64,276
13,1219,12364217,0,-2,2
4,1221,12374268,8165,-53,277
13,1220,12374290,0,-2,-1
4,1222,12384305,8169,-52,269
13,1221,12384327,0,0,-2
4,1223,12394276,8164,-63,266
13,1222,12394298,0,0,1
4,1224,12404456,8160,-56,275
13,1223,12404478,-1,0,0
4,1225,12414453,8157,-47,280
13,1224,12414475,-3,0,0
4,1226,12424581,8163,-58,276
13,1225,12424603,-1,0,2
4,1227,12434480,8174,-59,283
13,1226,12434502,-1,0,0
4,1228,12444611,8163,-65,287
13,1227,12444633,0,0,1
4,1229,12454632,8154,-50,268
13,1228,12454654,2,-2,0
4,1230,12464680,8158,-47,272
13,1229,12464702,0,-2,2
4,1231,12474816,8164,-49,282
13,1230,12474838,0,-2,1
4,1232,12484833,8173,-65,288
13,1231,12484855,0,0,1
4,1233,12494830,8171,-51,281
13,1232,12494852,-1,2,0
4,1234,12505019,8172,-50,293
13,1233,12505041,0,2,0
4,1235,12514973,8179,-63,294
13,1234,12514994,0,0,0
4,1236,12525015,8159,-62,278
13,1235,12525037,-1,0,0
4,1237,12535066,8156,-54,278
13,1236,12535088,0,1,0
4,1238,12545181,8160,-53,283
13,1237,12545203,-1,-1,1
4,1239,12555189,8157,-55,285
13,1238,12555211,-1,0,-1
4,1240,12565246,8169,-55,281
13,1239,12565268,0,0,-1
4,1241,12575288,8161,-61,277
13,1240,12575310,-1,-2,0
4,1242,12585470,8164,-54,281
13,1241,12585492,-1,-3,-1
4,1243,12595426,8164,-60,285
13,1242,12595448,-1,-1,-2
4,1244,12605525,8164,-62,283
13,1243,12605547,0,0,-1
4,1245,12615511,8160,-66,278
13,1244,12615533,0,-2,2
4,1246,12625637,8156,-56,283
13,1245,12625659,0,-3,2
4,1247,12635606,8153,-59,279
13,1246,12635628,0,-2,0
4,1248,12645707,8149,-57,269
13,1247,12645729,0,-1,1
4,1249,12655676,8172,-57,286
13,1248,12655698,-2,-1,1
4,1250,12665862,8176,-65,284
13,1249,12665884,-1,-1,1
4,1251,12675812,8170,-64,288
13,1250,12675834,0,0,0
4,1252,12685889,8163,-65,278
13,1251,12685911,0,0,0
4,1253,12696004,8158,-49,271
13,1252,12696026,-1,-1,-1
4,1254,12706131,8169,-55,267
13,1253,12706153,-1,0,1
4,1255,12716019,8175,-54,270
13,1254,12716040,0,0,0
4,1256,12726153,8172,-48,272
13,1255,12726175,0,0,0
4,1257,12736149,8164,-59,286
13,1256,12736171,0,3,-1
4,1258,12746315,8165,-61,280
13,1257,12746336,-2,0,1
4,1259,12756319,8166,-49,277
13,1258,12756341,-1,0,0
4,1260,12766362,8166,-54,270
13,1259,12766384,0,0,2
4,1261,12776481,8167,-54,284
13,1260,12776503,0,0,0
4,1262,12786494,8163,-49,279
13,1261,12786516,0,0,-1
4,1263,12796510,8162,-61,281
13,1262,12796532,-1,1,1
4,1264,12806590,8167,-59,279
13,1263,12806612,0,0,0
4,1265,12816628,8164,-67,278
13,1264,12816650,0,1,0
4,1266,12826827,8168,-61,282
13,1265,12826849,0,3,0
4,1267,12836769,8157,-45,280
13,1266,12836818,-1,2,1
4,1268,12846853,8157,-65,280
13,1267,12846875,1,3,1
4,1269,12856906,8165,-56,279
13,1268,12856928,0,1,0
4,1270,12867004,8162,-57,294
13,1269,12867026,-2,-1,-1
4,1271,12877056,8163,-54,279
13,1270,12877078,-1,-2,0
4,1272,12887003,8170,-59,277
13,1271,12887025,3,-1,0
4,1273,12897217,8168,-60,279
13,1272,12897239,0,0,0
4,1274,12907219,8160,-50,263
13,1273,12907240,-1,3,0
4,1275,12917306,8168,-62,275
13,1274,12917328,0,0,-2
4,1276,12927381,8167,-67,281
13,1275,12927403,-1,0,0
4,1277,12937371,8160,-66,277
13,1276,12937393,-1,-2,1
4,1278,12947471,8164,-57,266
13,1277,12947493,0,0,0
4,1279,12957491,8163,-48,272
13,1278,12957513,0,2,-1
4,1280,12967572,8161,-59,282
13,1279,12967594,0,3,2
4,1281,12977641,8160,-45,288
13,1280,12977663,-1,1,0
4,1282,12987793,8165,-57,281
13,1281,12987815,0,0,-1
4,1283,12997715,8154,-45,268
13,1282,12997737,0,0,1
4,1284,13007784,8174,-56,274
13,1283,13007806,-1,0,0
4,1285,13017818,8165,-55,267
13,1284,13017840,0,0,1
4,1286,13027947,8160,-59,286
13,1285,13027969,0,-2,2
4,1287,13037962,8168,-72,275
13,1286,13037984,1,0,-1
4,1288,13048051,8167,-60,287
13,1287,13048073,2,0,-2
4,1289,13058160,8164,-56,277
13,1288,13058182,0,0,0
4,1290,13068281,8153,-50,276
13,1289,13068303,-2,1,0
4,1291,13078270,8164,-54,283
13,1290,13078292,0,1,-1
4,1292,13088415,8157,-60,301
13,1291,13088437,0,0,0
4,1293,13098406,8164,-64,289
13,1292,13098428,0,0,-1
4,1294,13108520,8159,-62,272
13,1293,13108542,0,1,-1
4,1295,13118470,8161,-71,273
13,1294,13118492,-1,1,0
4,1296,13128650,8174,-56,271
13,1295,13128672,0,2,-1
4,1297,13138627,8172,-42,282
13,1296,13138649,1,3,0
4,1298,13148819,8170,-56,283
13,1297,13148841,0,-1,0
4,1299,13158784,8170,-69,286
13,1298,13158806,-1,0,0
4,1300,13168778,8166,-61,282
13,1299,13168800,0,0,-3
4,1301,13178905,8162,-67,267
13,1300,13178927,0,0,-2
4,1302,13189037,8165,-66,269
13,1301,13189059,0,1,-1
4,1303,13199023,8158,-56,278
13,1302,13199045,1,0,-1
4,1304,13209061,8163,-60,276
13,1303,13209083,1,-1,0
4,1305,13219165,8167,-61,278
13,1304,13219187,0,0,0
4,1306,13229353,8171,-61,287
13,1305,13229375,-2,2,0
4,1307,13239278,8164,-46,282
13,1306,13239300,0,2,1
4,1308,13249413,8175,-56,279
13,1307,13249435,0,2,0
4,1309,13259396,8171,-60,277
13,1308,13259418,0,3,-1
4,1310,13269505,8161,-64,282
13,1309,13269526,2,0,0
4,1311,13279510,8160,-50,280
13,1310,13279532,0,0,0
4,1312,13289599,8165,-53,281
13,1311,13289621,0,-2,0
4,1313,13299718,8167,-49,280
13,1312,13299740,1,0,0
4,1314,13309799,8163,-59,278
13,1313,13309821,0,2,2
4,1315,13319771,8157,-54,275
13,1314,13319793,0,1,0
4,1316,13329892,8164,-49,286
13,1315,13329942,0,0,0
4,1317,13339842,8182,-51,292
13,1316,13339864,0,0,1
4,1318,13350018,8162,-64,272
13,1317,13350040,0,0,0
4,1319,13360021,8164,-67,277
13,1318,13360043,-1,1,-1
4,1320,13370049,8159,-62,265
13,1319,13370071,-1,3,0
4,1321,13380149,8156,-60,269
13,1320,13380171,0,0,1
4,1322,13390300,8166,-54,269
13,1321,13390322,0,-1,2
4,1323,13400311,8172,-55,274
13,1322,13400333,-1,2,1
4,1324,13410240,8172,-64,286
13,1323,13410262,0,2,-1
4,1325,13420433,8175,-51,278
13,1324,13420455,0,1,0
4,1326,13430471,8172,-56,275
13,1325,13430493,0,1,1
4,1327,13440441,8167,-49,276
13,1326,13440463,1,1,0
4,1328,13450604,8153,-51,273
13,1327,13450626,0,-1,1
4,1329,13460554,8172,-57,273
13,1328,13460576,0,1,-2
4,1330,13470768,8168,-58,285
13,1329,13470790,-1,0,0
4,1331,13480705,8166,-62,278
13,1330,13480727,-1,1,1
4,1332,13490770,8176,-62,284
13,1331,13490792,0,0,-1
4,1333,13500838,8156,-58,281
13,1332,13500860,0,0,-1
4,1334,13510907,8149,-63,281
13,1333,13510929,-1,2,0
4,1335,13520969,8163,-63,275
13,1334,13520991,-1,0,0
4,1336,13531038,8166,-59,276
13,1335,13531060,1,2,0
4,1337,13541040,8169,-72,283
13,1336,13541062,0,0,0
4,1338,13551144,8172,-63,285
13,1337,13551166,0,-1,-1
4,1339,13561228,8163,-55,272
13,1338,13561250,0,3,0
4,1340,13571246,8160,-62,263
13,1339,13571268,0,3,0
4,1341,13581205,8158,-56,278
13,1340,13581227,-1,1,1
4,1342,13591431,8172,-45,283
13,1341,13591453,-1,0,0
4,1343,13601407,8162,-60,280
13,1342,13601429,0,0,0
4,1344,13611452,8155,-57,280
13,1343,13611474,0,1,0
4,1345,13621503,8147,-62,283
13,1344,13621525,0,0,0
4,1346,13631650,8158,-52,285
13,1345,13631672,1,0,-1
4,1347,13641584,8166,-60,285
13,1346,13641606,0,1,1
4,1348,13651723,8175,-62,288
13,1347,13651745,0,2,-1
4,1349,13661721,8165,-61,285
13,1348,13661743,1,1,-2
4,1350,13671746,8172,-58,291
13,1349,13671768,0,1,0
4,1351,13681816,8164,-62,282
13,1350,13681838,0,0,-1
4,1352,13691941,8167,-58,279
13,1351,13691963,0,-1,-1
4,1353,13702035,8159,-56,281
13,1352,13702084,0,0,0
4,1354,13712118,8167,-51,283
13,1353,13712140,-1,2,0
4,1355,13722157,8166,-66,291
13,1354,13722179,0,0,-1
4,1356,13732135,8166,-62,270
13,1355,13732157,0,0,0
4,1357,13742216,8162,-58,264
13,1356,13742238,-1,-1,0
4,1358,13752262,8166,-57,280
13,1357,13752284,1,2,0
4,1359,13762303,8168,-50,280
13,1358,13762325,1,2,0
4,1360,13772422,8172,-59,287
13,1359,13772444,2,2,0
4,1361,13782361,8158,-66,276
13,1360,13782383,1,0,0
4,1362,13792583,8163,-49,292
13,1361,13792605,1,-3,2
4,1363,13802535,8174,-61,276
13,1362,13802557,0,0,0
4,1364,13812580,8163,-61,271
13,1363,13812602,0,1,0
4,1365,13822642,8164,-51,266
13,1364,13822664,-1,1,0
4,1366,13832733,8166,-54,284
13,1365,13832755,-1,0,0
4,1367,13842806,8165,-56,280
13,1366,13842828,1,-2,-1
4,1368,13852842,8173,-65,276
13,1367,13852864,1,0,2
4,1369,13862925,8165,-64,275
13,1368,13862947,0,0,0
4,1370,13873015,8166,-63,284
13,1369,13873037,2,0,0
4,1371,13882928,8165,-55,279
13,1370,13882950,0,0,0
4,1372,13893052,8161,-59,279
13,1371,13893074,-1,0,0
4,1373,13903072,8166,-61,279
13,1372,13903094,0,1,0
4,1374,13913226,8161,-53,280
13,1373,13913248,0,1,-1
4,1375,13923115,8167,-58,290
13,1374,13923137,0,1,0
4,1376,13933244,8162,-56,281
13,1375,13933266,-2,0,0
4,1377,13943300,8160,-62,274
13,1376,13943322,1,0,-1
4,1378,13953409,8171,-50,279
13,1377,13953431,0,0,0
4,1379,13963470,8161,-61,286
13,1378,13963492,-1,-4,-3
4,1380,13973491,8163,-58,285
13,1379,13973513,0,1,-1
4,1381,13983612,8168,-66,279
13,1380,13983634,0,1,-1
4,1382,13993664,8158,-57,276
13,1381,13993686,0,-2,0
4,1383,14003626,8173,-45,274
13,1382,14003648,-2,0,1
4,1384,14013681,8175,-54,288
13,1383,14013703,-2,0,0
4,1385,14023776,8163,-59,281
13,1384,14023798,-1,-2,0
4,1386,14033879,8160,-73,277
13,1385,14033901,0,0,1
4,1387,14043785,8160,-55,278
13,1386,14043807,1,-2,1
4,1388,14053910,8173,-42,279
13,1387,14053932,0,-2,2
4,1389,14063963,8166,-54,277
13,1388,14063985,0,0,3
4,1390,14074062,8164,-58,281
13,1389,14074084,-1,0,-1
4,1391,14084052,8172,-55,282
13,1390,14084074,0,0,-3
4,1392,14094221,8159,-55,281
13,1391,14094243,-1,1,-4
4,1393,14104194,8159,-54,279
13,1392,14104216,0,0,-1
4,1394,14114359,8170,-49,279
13,1393,14114381,1,1,0
4,1395,14124259,8160,-61,282
13,1394,14124281,1,0,0
4,1396,14134341,8166,-60,281
13,1395,14134363,0,0,0
4,1397,14144409,8174,-59,269
13,1396,14144431,0,-4,0
4,1398,14154468,8176,-54,284
13,1397,14154490,-2,-1,0
4,1399,14164504,8170,-58,286
13,1398,14164526,0,0,-1
4,1400,14174556,8176,-63,280
13,1399,14174578,0,0,0
4,1401,14184588,8162,-60,276
13,1400,14184610,0,-1,-2
4,1402,14194806,8156,-58,280
13,1401,14194828,0,0,1
4,1403,14204688,8171,-61,292
13,1402,14204710,0,-2,1
4,1404,14214798,8170,-70,278
13,1403,14214847,1,-2,1
4,1405,14224873,8162,-48,275
13,1404,14224895,0,-1,0
4,1406,14234961,8166,-53,277
13,1405,14234983,1,0,0
4,1407,14244975,8170,-58,281
13,1406,14244997,0,1,0
4,1408,14255053,8168,-67,287
13,1407,14255075,-1,0,-1
4,1409,14265065,8160,-65,274
13,1408,14265087,-1,0,-2
4,1410,14275277,8168,-53,276
13,1409,14275299,0,0,0
4,1411,14285249,8164,-52,287
13,1410,14285271,0,1,0
4,1412,14295246,8180,-63,279
13,1411,14295268,0,0,-1
4,1413,14305282,8165,-53,273
13,1412,14305304,0,0,1
4,1414,14315448,8159,-45,280
13,1413,14315469,-1,0,0
4,1415,14325334,8175,-53,271
13,1414,14325356,1,-1,0
4,1416,14335474,8175,-63,271
13,1415,14335496,1,2,0
4,1417,14345514,8158,-51,260
13,1416,14345536,-2,0,2
4,1418,14355704,8156,-48,271
13,1417,14355726,-2,1,0
4,1419,14365727,8160,-58,278
13,1418,14365749,0,2,0
4,1420,14375728,8165,-57,275
13,1419,14375750,0,0,1
4,1421,14385760,8169,-58,287
13,1420,14385781,0,1,0
4,1422,14395857,8165,-64,281
13,1421,14395879,-1,0,-1
4,1423,14405886,8164,-56,281
13,1422,14405908,0,1,0
4,1424,14415948,8165,-50,279
13,1423,14415969,0,1,0
4,1425,14426022,8169,-45,274
13,1424,14426044,0,0,0
4,1426,14436163,8159,-53,281
13,1425,14436184,1,2,0
4,1427,14446053,8157,-65,275
13,1426,14446075,1,-1,0
4,1428,14456187,8170,-53,286
13,1427,14456209,0,-1,0
4,1429,14466249,8175,-57,284
13,1428,14466271,0,1,-1
4,1430,14476365,8157,-57,282
13,1429,14476387,1,1,-2
4,1431,14486444,8155,-56,279
13,1430,14486466,0,0,0
4,1432,14496392,8154,-56,288
13,1431,14496414,-1,0,0
4,1433,14506483,8158,-70,285
13,1432,14506505,0,0,0
4,1434,14516634,8164,-57,266
13,1433,14516656,0,0,0
4,1435,14526614,8168,-52,286
13,1434,14526636,-1,-1,0
4,1436,14536648,8167,-62,278
13,1435,14536670,-1,0,0
4,1437,14546674,8161,-56,272
13,1436,14546696,1,1,0
4,1438,14556792,8162,-60,278
13,1437,14556814,-1,0,-1
4,1439,14566836,8156,-64,282
13,1438,14566858,-4,1,-1
4,1440,14576883,8164,-54,270
13,1439,14576905,-1,0,0
4,1441,14586909,8167,-46,275
13,1440,14586931,0,1,1
4,1442,14597122,8170,-47,274
13,1441,14597144,-1,1,1
4,1443,14607088,8166,-62,278
13,1442,14607110,0,2,2
4,1444,14617151,8164,-63,275
13,1443,14617173,1,0,2
4,1445,14627226,8165,-63,279
13,1444,14627248,1,-1,0
4,1446,14637285,8176,-47,278
13,1445,14637307,0,1,0
4,1447,14647317,8175,-55,280
13,1446,14647339,0,2,0
4,1448,14657379,8162,-51,265
13,1447,14657401,0,-2,-2
4,1449,14667469,8161,-49,270
13,1448,14667491,0,-3,-1
4,1450,14677585,8161,-57,285
13,1449,14677607,0,1,0
4,1451,14687578,8152,-60,289
13,1450,14687600,0,0,1
4,1452,14697557,8160,-60,274
13,1451,14697579,0,2,1
4,1453,14707782,8169,-61,284
13,1452,14707804,0,1,0
4,1454,14717811,8158,-67,286
13,1453,14717833,0,0,0
4,1455,14727814,8169,-61,273
13,1454,14727836,0,2,1
4,1456,14737901,8179,-58,283
13,1455,14737923,1,1,-1
4,1457,14748005,8160,-57,287
13,1456,14748027,2,1,-2
4,1458,14758026,8166,-56,282
13,1457,14758048,1,0,-2
4,1459,14768058,8171,-57,270
13,1458,14768080,-2,0,-1
4,1460,14778125,8177,-56,286
13,1459,14778147,0,0,0
4,1461,14788178,8162,-49,284
13,1460,14788200,0,0,0
4,1462,14798209,8170,-58,282
13,1461,14798231,-1,0,-1
4,1463,14808311,8166,-64,290
13,1462,14808333,-1,-1,-1
4,1464,14818283,8165,-53,286
13,1463,14818305,-2,-1,0
4,1465,14828492,8164,-57,282
13,1464,14828541,0,0,0
4,1466,14838607,8155,-68,285
13,1465,14838629,1,0,0
4,1467,14848526,8162,-58,277
13,1466,14848548,-1,1,0
4,1468,14858606,8171,-60,286
13,1467,14858628,0,2,0
4,1469,14868683,8159,-56,278
13,1468,14868705,1,0,-1
4,1470,14878769,8162,-63,285
13,1469,14878791,-2,1,0
4,1471,14888736,8163,-56,283
13,1470,14888758,0,2,0
4,1472,14898864,8153,-52,291
13,1471,14898886,0,0,0
4,1473,14908911,8166,-47,273
13,1472,14908933,0,1,1
4,1474,14919065,8162,-58,282
13,1473,14919087,0,2,0
4,1475,14929027,8159,-61,280
13,1474,14929049,0,0,0
4,1476,14939105,8162,-53,280
13,1475,14939127,-1,0,2
4,1477,14949164,8159,-47,282
13,1476,14949186,0,0,1
4,1478,14959210,8171,-48,273
13,1477,14959232,0,1,0
4,1479,14969379,8166,-44,291
13,1478,14969401,1,0,0
4,1480,14979380,8162,-56,273
13,1479,14979402,0,-1,1
4,1481,14989459,8174,-64,282
13,1480,14989481,-1,0,0
4,1482,14999519,8177,-50,283
13,1481,14999541,-1,1,0
4,1483,15009509,8165,-41,275
13,1482,15009531,2,-1,2
4,1484,15019604,8165,-57,277
13,1483,15019626,1,0,0
4,1485,15029594,8174,-59,288
13,1484,15029616,0,1,-1
4,1486,15039744,8159,-46,278
13,1485,15039766,0,0,0
4,1487,15049778,8156,-51,274
13,1486,15049800,0,2,0
4,1488,15059810,8168,-37,282
13,1487,15059832,0,2,0
4,1489,15069893,8169,-49,275
13,1488,15069915,0,2,0
4,1490,15080107,8161,-50,278
13,1489,15080129,0,1,-1
4,1491,15090049,8164,-45,279
13,1490,15090071,0,0,0
4,1492,15100116,8163,-50,274
13,1491,15100138,0,0,0
4,1493,15110202,8167,-53,287
13,1492,15110224,0,0,0
4,1494,15120291,8168,-56,288
13,1493,15120313,3,0,-2
4,1495,15130321,8165,-64,280
13,1494,15130343,1,1,-1
4,1496,15140340,8162,-60,293
13,1495,15140362,0,0,0
4,1497,15150433,8164,-60,298
13,1496,15150455,1,0,-1
4,1498,15160576,8163,-61,290
13,1497,15160598,0,0,-1
4,1499,15170560,8163,-55,283
13,1498,15170582,0,0,0
4,1500,15180522,8173,-59,286
13,1499,15180544,0,0,0
4,1501,15190670,8162,-63,288
13,1500,15190692,2,0,0
4,1502,15200749,8165,-59,276
13,1501,15200771,1,0,0
4,1503,15210821,8159,-56,276
13,1502,15210843,-1,0,0
4,1504,15220760,8158,-55,274
13,1503,15220809,-1,1,1
4,1505,15230898,8170,-49,292
13,1504,15230920,2,-1,-2
4,1506,15241051,8163,-50,282
13,1505,15241073,0,-3,0
4,1507,15251044,8165,-64,284
13,1506,15251066,0,0,0
4,1508,15261109,8167,-61,290
13,1507,15261131,0,-2,-1
4,1509,15271184,8168,-58,282
13,1508,15271206,0,-1,0
4,1510,15281155,8167,-50,279
13,1509,15281177,0,0,-1
4,1511,15291234,8163,-66,273
13,1510,15291255,0,-1,-1
4,1512,15301254,8161,-63,286
13,1511,15301276,0,2,0
4,1513,15311359,8153,-64,283
13,1512,15311381,0,0,1
4,1514,15321524,8164,-49,285
13,1513,15321546,-1,-2,-3
4,1515,15331484,8163,-57,273
13,1514,15331506,0,0,-2
4,1516,15341626,8168,-53,277
13,1515,15341648,2,0,0
4,1517,15351629,8161,-65,282
13,1516,15351651,-1,1,2
4,1518,15361751,8169,-57,276
13,1517,15361773,1,0,0
4,1519,15371788,8160,-53,280
13,1518,15371810,-2,0,0
4,1520,15381809,8164,-52,287
13,1519,15381831,-2,0,-2
4,1521,15391880,8163,-59,272
13,1520,15391902,-1,-2,-3
4,1522,15402044,8164,-40,288
13,1521,15402066,2,0,-3
4,1523,15412023,8161,-57,286
13,1522,15412045,0,0,-1
4,1524,15422071,8157,-54,278
13,1523,15422093,0,1,0
4,1525,15432136,8162,-47,268
13,1524,15432158,0,1,-1
4,1526,15442270,8152,-62,275
13,1525,15442292,0,1,0
4,1527,15452196,8165,-59,282
13,1526,15452218,0,1,1
4,1528,15462381,8152,-50,296
13,1527,15462403,0,2,-1
4,1529,15472345,8158,-58,287
13,1528,15472367,0,3,-1
4,1530,15482597,8170,-48,283
13,1529,15482619,0,3,0
4,1531,15492577,8165,-58,290
13,1530,15492599,0,0,-1
4,1532,15502558,8159,-65,272
13,1531,15502580,0,1,-1
4,1533,15512611,8162,-58,278
13,1532,15512633,0,1,-1
4,1534,15522686,8170,-55,281
13,1533,15522708,0,-2,-1
4,1535,15532724,8163,-58,286
13,1534,15532746,-2,0,-1
4,1536,15542772,8162,-57,276
13,1535,15542794,0,0,-1
4,1537,15552851,8156,-48,275
13,1536,15552873,0,0,0
4,1538,15562935,8166,-56,288
13,1537,15562956,-1,-1,0
4,1539,15572979,8168,-63,273
13,1538,15573001,-1,-1,0
4,1540,15583015,8171,-63,283
13,1539,15583037,0,1,1
4,1541,15593127,8158,-54,274
13,1540,15593149,1,0,0
4,1542,15603198,8155,-46,278
13,1541,15603220,0,-1,1
4,1543,15613258,8171,-60,277
13,1542,15613280,-1,0,0
4,1544,15623345,8169,-54,281
13,1543,15623367,1,1,0
4,1545,15633380,8168,-65,276
13,1544,15633402,0,0,0
4,1546,15643518,8171,-50,276
13,1545,15643540,-1,0,0
4,1547,15653536,8162,-52,281
13,1546,15653558,0,3,0
4,1548,15663542,8174,-59,275
13,1547,15663564,0,0,-1
4,1549,15673628,8169,-54,275
13,1548,15673650,0,0,0
4,1550,15683653,8163,-66,275
13,1549,15683675,0,3,-1
4,1551,15693797,8163,-63,283
13,1550,15693819,0,0,-1
4,1552,15703792,8173,-57,279
13,1551,15703814,0,1,0
4,1553,15713858,8167,-51,276
13,1552,15713908,0,3,1
4,1554,15724052,8170,-48,279
13,1553,15724074,0,0,0
4,1555,15733964,8159,-59,279
13,1554,15733986,0,-2,0
4,1556,15744094,8160,-66,276
13,1555,15744116,0,1,0
4,1557,15754163,8159,-60,279
13,1556,15754185,0,0,0
4,1558,15764207,8163,-48,278
13,1557,15764229,1,0,0
4,1559,15774215,8158,-51,281
13,1558,15774237,1,0,1
4,1560,15784272,8167,-65,277
13,1559,15784294,-2,-1,0
4,1561,15794392,8171,-57,277
13,1560,15794413,0,0,-1
4,1562,15804519,8159,-55,282
13,1561,15804541,0,0,-3
4,1563,15814555,8169,-54,279
13,1562,15814577,2,0,0
4,1564,15824543,8173,-64,280
13,1563,15824565,0,2,1
4,1565,15834597,8165,-49,288
13,1564,15834619,0,0,0
4,1566,15844699,8165,-52,281
13,1565,15844721,0,-2,-1
4,1567,15854752,8168,-59,284
13,1566,15854774,-2,0,-1
4,1568,15864850,8163,-51,285
13,1567,15864872,0,0,-2
4,1569,15874844,8163,-62,279
13,1568,15874866,0,-1,-1
4,1570,15884985,8155,-62,283
13,1569,15885007,0,0,0
4,1571,15894994,8159,-48,281
13,1570,15895016,0,0,0
4,1572,15904924,8161,-56,284
13,1571,15904946,2,-3,0
4,1573,15915056,8154,-56,269
13,1572,15915078,-1,-2,0
4,1574,15925149,8156,-53,267
13,1573,15925171,0,0,1
4,1575,15935141,8165,-58,287
13,1574,15935163,-1,2,0
4,1576,15945218,8175,-52,286
13,1575,15945240,1,0,2
4,1577,15955325,8162,-52,283
13,1576,15955347,0,0,0
4,1578,15965525,8157,-53,282
13,1577,15965547,0,0,-2
4,1579,15975395,8159,-67,285
13,1578,15975417,-2,-2,1
4,1580,15985568,8154,-58,283
13,1579,15985590,-1,0,1
4,1581,15995548,8150,-65,265
13,1580,15995570,0,0,0
4,1582,16005596,8164,-60,274
13,1581,16005618,-1,0,1
4,1583,16015710,8171,-57,283
13,1582,16015732,-1,-1,0
4,1584,16025682,8171,-62,270
13,1583,16025704,0,0,-2
4,1585,16035780,8175,-64,282
13,1584,16035802,0,0,0
4,1586,16045948,8156,-65,274
13,1585,16045970,0,0,-1
4,1587,16055891,8155,-55,287
13,1586,16055913,0,0,0
4,1588,16065946,8174,-52,281
13,1587,16065968,-2,1,0
4,1589,16076008,8154,-49,292
13,1588,16076030,0,0,0
4,1590,16086187,8162,-53,273
13,1589,16086209,1,1,0
4,1591,16096234,8167,-60,273
13,1590,16096256,0,1,-2
4,1592,16106211,8173,-56,287
13,1591,16106233,1,1,0
4,1593,16116232,8171,-54,291
13,1592,16116254,0,3,0
4,1594,16126476,8174,-62,265
13,1593,16126498,0,3,1
4,1595,16136429,8163,-46,271
13,1594,16136451,0,3,0
4,1596,16146384,8162,-48,299
13,1595,16146406,-1,2,0
4,1597,16156538,8157,-59,283
13,1596,16156560,0,-2,1
4,1598,16166591,8170,-60,276
13,1597,16166613,0,-2,0
4,1599,16176613,8165,-53,279
13,1598,16176635,-1,-1,0
4,1600,16186648,8162,-72,272
13,1599,16186670,-2,0,-1
4,1601,16196732,8162,-69,280
13,1600,16196754,-1,2,0
4,1602,16206910,8169,-64,283
13,1601,16206932,0,2,0
4,1603,16216947,8165,-52,272
13,1602,16216969,0,0,0
4,1604,16226934,8170,-58,275
13,1603,16226956,-2,0,0
4,1605,16236930,8157,-60,292
13,1604,16236952,-1,0,0
4,1606,16247092,8162,-55,279
13,1605,16247114,0,1,-1
4,1607,16257150,8174,-52,272
13,1606,16257172,0,-1,0
4,1608,16267205,8180,-48,287
13,1607,16267226,-1,0,0
4,1609,16277218,8166,-63,292
13,1608,16277240,-1,0,1
4,1610,16287409,8159,-63,292
13,1609,16287431,0,0,0
4,1611,16297297,8166,-53,284
13,1610,16297319,0,1,0
4,1612,16307363,8165,-61,285
13,1611,16307385,1,0,1
4,1613,16317444,8171,-53,281
13,1612,16317466,0,-1,1
4,1614,16327517,8159,-56,280
13,1613,16327539,0,0,0
4,1615,16337622,8170,-65,269
13,1614,16337644,0,3,0
4,1616,16347568,8182,-56,275
13,1615,16347590,0,3,0
4,1617,16357679,8165,-56,285
13,1616,16357701,0,1,-1
4,1618,16367788,8160,-59,292
13,1617,16367810,-1,2,0
4,1619,16377778,8160,-56,291
13,1618,16377800,1,0,0
4,1620,16387811,8159,-56,282
13,1619,16387833,0,0,1
4,1621,16397851,8167,-48,284
13,1620,16397873,0,1,1
4,1622,16407980,8146,-56,278
13,1621,16408002,2,2,0
4,1623,16417987,8164,-46,280
13,1622,16418009,1,1,0
4,1624,16428064,8160,-58,281
13,1623,16428086,0,0,1
4,1625,16438116,8165,-50,284
13,1624,16438138,1,0,0
4,1626,16448184,8161,-50,269
13,1625,16448206,0,0,0
4,1627,16458230,8158,-64,275
13,1626,16458252,-3,0,2
4,1628,16468293,8164,-63,280
13,1627,16468315,-1,0,0
4,1629,16478423,8165,-54,279
13,1628,16478445,0,0,0
4,1630,16488387,8166,-61,290
13,1629,16488409,0,-1,0
4,1631,16498480,8158,-65,272
13,1630,16498502,0,-1,0
4,1632,16508498,8161,-52,286
13,1631,16508520,0,1,-1
4,1633,16518507,8167,-52,281
13,1632,16518529,1,1,0
4,1634,16528735,8159,-57,275
13,1633,16528757,2,0,1
4,1635,16538683,8171,-61,269
13,1634,16538704,0,0,0
4,1636,16548810,8168,-51,268
13,1635,16548832,1,2,0
4,1637,16558857,8165,-48,270
13,1636,16558879,0,1,0
4,1638,16568868,8164,-56,265
13,1637,16568890,0,0,0
4,1639,16578942,8157,-63,274
13,1638,16578964,0,0,0
4,1640,16588968,8154,-57,268
13,1639,16589017,1,0,0
4,1641,16599093,8163,-65,278
13,1640,16599115,0,1,0
4,1642,16609172,8165,-60,276
13,1641,16609194,0,0,0
4,1643,16619205,8164,-49,280
13,1642,16619227,2,0,0
4,1644,16629212,8156,-56,275
13,1643,16629234,-2,0,-1
4,1645,16639269,8161,-51,280
13,1644,16639291,0,0,0
4,1646,16649365,8165,-47,281
13,1645,16649387,1,1,0
4,1647,16659445,8171,-56,276
13,1646,16659467,-1,0,1
4,1648,16669443,8161,-54,275
13,1647,16669465,-1,0,1
4,1649,16679483,8158,-46,283
13,1648,16679505,0,0,0
4,1650,16689599,8173,-50,279
13,1649,16689621,0,0,-1
4,1651,16699623,8167,-60,281
13,1650,16699644,-2,1,0
4,1652,16709679,8153,-63,280
13,1651,16709701,-1,-2,1
4,1653,16719770,8167,-57,284
13,1652,16719792,2,1,0
4,1654,16729834,8167,-64,271
13,1653,16729856,1,0,0
4,1655,16739869,8160,-53,270
13,1654,16739891,0,-2,-2
4,1656,16749881,8161,-51,282
13,1655,16749903,0,0,-1
4,1657,16759986,8170,-55,274
13,1656,16760008,-2,2,0
4,1658,16770054,8165,-56,282
13,1657,16770076,0,0,-2
4,1659,16780070,8163,-62,289
13,1658,16780092,0,0,0
4,1660,16790120,8163,-64,283
13,1659,16790142,0,1,1
4,1661,16800188,8172,-49,280
13,1660,16800210,0,1,0
4,1662,16810277,8157,-43,280
13,1661,16810299,0,0,0
4,1663,16820371,8156,-53,278
13,1662,16820393,0,1,0
4,1664,16830366,8160,-65,276
13,1663,16830388,-1,0,-1
4,1665,16840497,8151,-61,286
13,1664,16840519,0,0,0
4,1666,16850650,8172,-59,289
13,1665,16850672,1,0,0
4,1667,16860576,8174,-58,283
13,1666,16860598,-1,0,-1
4,1668,16870623,8166,-57,275
13,1667,16870645,0,1,0
4,1669,16880720,8172,-63,275
13,1668,16880742,0,0,0
4,1670,16890690,8160,-67,269
13,1669,16890712,-1,0,0
4,1671,16900767,8168,-62,280
13,1670,16900789,3,0,0
4,1672,16910764,8172,-68,279
13,1671,16910786,1,2,2
4,1673,16920936,8161,-62,285
13,1672,16920958,1,0,0
4,1674,16931112,8158,-57,284
13,1673,16931134,2,0,1
4,1675,16941022,8165,-58,272
13,1674,16941044,1,0,0
4,1676,16951078,8165,-51,285
13,1675,16951100,0,1,0
4,1677,16961157,8161,-50,284
13,1676,16961206,-1,0,0
4,1678,16971279,8163,-56,279
13,1677,16971301,0,0,0
4,1679,16981292,8156,-56,287
13,1678,16981314,0,1,0
4,1680,16991350,8171,-53,286
13,1679,16991372,-1,1,-1
4,1681,17001398,8159,-58,276
13,1680,17001420,0,0,0
4,1682,17011476,8165,-44,270
13,1681,17011498,0,-1,0
4,1683,17021497,8164,-54,279
13,1682,17021519,0,1,0
4,1684,17031560,8154,-59,282
13,1683,17031581,2,0,0
4,1685,17041638,8163,-60,291
13,1684,17041660,2,2,0
4,1686,17051778,8173,-59,271
13,1685,17051800,1,0,0
4,1687,17061681,8169,-39,274
13,1686,17061703,0,2,0
4,1688,17071820,8167,-50,273
13,1687,17071842,0,1,-1
4,1689,17081879,8165,-51,279
13,1688,17081901,0,0,0
4,1690,17092086,8161,-66,287
13,1689,17092108,1,0,0
4,1691,17102035,8173,-55,278
13,1690,17102057,0,0,0
4,1692,17112053,8163,-58,273
13,1691,17112075,0,1,1
4,1693,17122157,8166,-54,277
13,1692,17122179,0,1,2
4,1694,17132226,8168,-53,276
13,1693,17132247,0,1,-1
4,1695,17142256,8173,-57,286
13,1694,17142278,0,0,-1
4,1696,17152249,8159,-50,289
13,1695,17152271,0,-1,-1
4,1697,17162378,8160,-52,287
13,1696,17162400,0,0,-2
4,1698,17172517,8167,-65,282
13,1697,17172539,0,1,0
4,1699,17182486,8155,-60,269
13,1698,17182508,0,0,2
4,1700,17192594,8165,-56,275
13,1699,17192616,-1,1,0
4,1701,17202603,8175,-60,279
13,1700,17202625,0,0,-1
4,1702,17212710,8163,-61,284
13,1701,17212732,0,-1,0
4,1703,17222765,8159,-43,274
13,1702,17222787,1,0,0
4,1704,17232833,8161,-56,273
13,1703,17232855,0,0,-2
4,1705,17242894,8168,-73,274
13,1704,17242916,0,0,0
4,1706,17253005,8163,-62,280
13,1705,17253026,1,0,-1
4,1707,17262906,8155,-57,269
13,1706,17262928,0,2,0
4,1708,17273067,8172,-46,272
13,1707,17273089,0,2,3
4,1709,17283083,8168,-61,285
13,1708,17283105,-1,1,1
4,1710,17293154,8175,-57,286
13,1709,17293176,0,0,1
4,1711,17303200,8158,-58,276
13,1710,17303222,5,0,2
4,1712,17313301,8151,-59,278
13,1711,17313323,1,-2,0
4,1713,17323268,8172,-57,280
13,1712,17323290,-1,0,-2
4,1714,17333490,8172,-50,286
13,1713,17333512,0,0,0
4,1715,17343460,8164,-48,285
13,1714,17343482,0,-1,0
4,1716,17353535,8164,-50,272
13,1715,17353557,-1,0,0
4,1717,17363517,8169,-53,277
13,1716,17363539,0,1,0
4,1718,17373675,8158,-67,283
13,1717,17373697,0,-1,0
4,1719,17383663,8170,-56,277
13,1718,17383685,1,0,0
4,1720,17393791,8162,-51,289
13,1719,17393813,0,0,0
4,1721,17403807,8164,-45,284
13,1720,17403829,1,0,0
4,1722,17413911,8169,-39,274
13,1721,17413933,1,0,-1
4,1723,17423938,8160,-55,292
13,1722,17423960,0,2,0
4,1724,17433982,8156,-56,284
13,1723,17434004,0,1,1
4,1725,17444036,8151,-56,275
13,1724,17444058,0,1,1
4,1726,17454080,8163,-50,282
13,1725,17454102,0,0,0
4,1727,17464203,8168,-48,287
13,1726,17464225,0,2,0
4,1728,17474237,8158,-49,281
13,1727,17474259,0,1,0
4,1729,17484316,8161,-63,292
13,1728,17484338,0,1,0
4,1730,17494429,8163,-58,281
13,1729,17494451,-1,1,0
4,1731,17504411,8161,-51,277
13,1730,17504433,0,-3,0
4,1732,17514466,8166,-57,273
13,1731,17514488,0,0,-1
4,1733,17524457,8157,-45,281
13,1732,17524479,0,0,0
4,1734,17534681,8159,-56,274
13,1733,17534703,-1,0,0
4,1735,17544630,8157,-54,286
13,1734,17544652,0,2,0
4,1736,17554689,8167,-55,286
13,1735,17554710,1,1,0
4,1737,17564714,8167,-62,282
13,1736,17564736,0,1,1
4,1738,17574911,8162,-57,279
13,1737,17574933,0,0,1
4,1739,17584885,8167,-45,269
13,1738,17584934,2,0,0
4,1740,17594879,8171,-60,276
13,1739,17594928,1,0,2
4,1741,17605027,8168,-59,277
13,1740,17605049,0,1,0
4,1742,17615127,8163,-51,278
13,1741,17615149,0,1,1
4,1743,17625110,8163,-59,274
13,1742,17625132,0,0,2
4,1744,17635193,8168,-47,273
13,1743,17635215,0,-1,0
4,1745,17645236,8166,-59,285
13,1744,17645258,0,0,-2
4,1746,17655389,8161,-60,283
13,1745,17655411,1,0,0
4,1747,17665349,8157,-47,290
13,1746,17665371,1,0,-2
4,1748,17675439,8150,-54,291
13,1747,17675461,0,-1,0
4,1749,17685490,8164,-61,291
13,1748,17685512,0,-1,0
4,1750,17695619,8167,-60,282
13,1749,17695641,-2,0,2
4,1751,17705611,8152,-51,282
13,1750,17705633,0,1,1
4,1752,17715718,8160,-54,280
13,1751,17715740,0,0,-1
4,1753,17725789,8176,-56,289
13,1752,17725811,-1,-1,-1
4,1754,17735968,8167,-47,278
13,1753,17735989,0,-1,0
4,1755,17745830,8168,-59,278
13,1754,17745852,1,0,0
4,1756,17755974,8172,-72,276
13,1755,17755996,1,0,-1
4,1757,17766001,8168,-53,285
13,1756,17766023,0,0,-2
4,1758,17776122,8162,-59,274
13,1757,17776144,0,0,0
4,1759,17786031,8168,-55,278
13,1758,17786053,1,0,0
4,1760,17796144,8167,-52,278
13,1759,17796166,0,0,0
4,1761,17806212,8167,-54,291
13,1760,17806234,0,0,1
4,1762,17816386,8173,-52,274
13,1761,17816408,0,0,1
4,1763,17826377,8170,-54,270
13,1762,17826399,-1,0,0
4,1764,17836479,8161,-53,280
13,1763,17836501,-1,0,0
4,1765,17846398,8167,-47,277
13,1764,17846420,-1,0,1
4,1766,17856561,8165,-39,291
13,1765,17856583,2,0,0
4,1767,17866531,8170,-65,300
13,1766,17866553,0,1,0
4,1768,17876656,8167,-66,286
13,1767,17876678,0,0,0
4,1769,17886708,8170,-62,278
13,1768,17886730,0,0,1
4,1770,17896841,8167,-60,276
13,1769,17896863,0,0,0
4,1771,17906857,8169,-39,294
13,1770,17906879,1,0,1
4,1772,17916873,8158,-55,270
13,1771,17916895,1,0,-1
4,1773,17926921,8169,-55,281
13,1772,17926943,0,0,1
4,1774,17937034,8159,-63,284
13,1773,17937056,2,1,0
4,1775,17947047,8163,-62,282
13,1774,17947069,0,1,1
4,1776,17957139,8167,-54,290
13,1775,17957161,0,0,1
4,1777,17967215,8164,-57,276
13,1776,17967237,1,0,-1
4,1778,17977392,8173,-51,282
13,1777,17977414,0,0,-4
4,1779,17987360,8164,-64,276
13,1778,17987382,0,0,-2
4,1780,17997404,8171,-66,266
13,1779,17997426,1,0,0
4,1781,18007497,8168,-53,289
13,1780,18007519,0,-1,0
4,1782,18017498,8156,-59,289
13,1781,18017520,0,1,-1
4,1783,18027651,8155,-46,289
13,1782,18027673,0,-2,0
4,1784,18037576,8174,-46,271
13,1783,18037598,0,-1,0
4,1785,18047768,8167,-63,282
13,1784,18047790,0,0,2
4,1786,18057912,8170,-62,284
13,1785,18057934,1,0,2
4,1787,18067804,8163,-54,284
13,1786,18067826,0,0,0
4,1788,18077860,8159,-49,289
13,1787,18077882,1,1,0
4,1789,18087953,8153,-53,284
13,1788,18087975,-2,-1,0
4,1790,18098054,8161,-56,281
13,1789,18098076,-2,1,0
4,1791,18108070,8167,-49,287
13,1790,18108092,-1,0,-1
4,1792,18118107,8166,-53,292
13,1791,18118129,1,-1,0
4,1793,18128127,8161,-49,291
13,1792,18128149,1,0,0
4,1794,18138299,8170,-51,284
13,1793,18138321,0,1,0
4,1795,18148234,8166,-66,272
13,1794,18148256,0,1,0
4,1796,18158341,8157,-75,282
13,1795,18158363,0,1,0
4,1797,18168374,8172,-68,276
13,1796,18168396,-2,1,3
4,1798,18178526,8159,-56,280
13,1797,18178548,-1,2,0
4,1799,18188556,8154,-56,280
13,1798,18188578,1,0,0
4,1800,18198588,8165,-54,279
13,1799,18198610,1,2,0
4,1801,18208697,8171,-60,279
13,1800,18208746,0,2,0
4,1802,18218935,8169,-61,281
13,1801,18218957,-1,0,2
4,1803,18228811,8166,-59,287
13,1802,18228833,0,1,1
4,1804,18238886,8162,-58,281
13,1803,18238908,-1,2,-2
4,1805,18248874,8175,-51,278
13,1804,18248896,0,4,0
4,1806,18259070,8173,-56,283
13,1805,18259092,0,2,0
4,1807,18269057,8156,-50,283
13,1806,18269079,0,1,0
4,1808,18279088,8173,-54,284
13,1807,18279110,0,1,2
4,1809,18289186,8171,-61,283
13,1808,18289208,-1,0,0
4,1810,18299273,8164,-65,285
13,1809,18299295,1,0,0
4,1811,18309334,8162,-57,276
13,1810,18309356,0,2,1
4,1812,18319420,8175,-57,274
13,1811,18319442,0,0,-1
4,1813,18329423,8168,-56,282
13,1812,18329445,0,0,1
4,1814,18339556,8169,-59,270
13,1813,18339578,0,0,1
4,1815,18349589,8163,-56,278
13,1814,18349611,0,3,0
4,1816,18359644,8168,-58,272
13,1815,18359666,-1,0,0
4,1817,18369719,8169,-59,282
13,1816,18369741,0,0,2
4,1818,18379886,8178,-61,281
13,1817,18379908,0,2,0
4,1819,18389823,8161,-53,276
13,1818,18389845,0,0,-2
4,1820,18399850,8173,-59,275
13,1819,18399871,0,-1,0
4,1821,18409927,8167,-56,275
13,1820,18409949,-1,0,0
4,1822,18420007,8167,-59,280
13,1821,18420029,-2,1,0
4,1823,18430127,8165,-57,277
13,1822,18430149,0,0,0
4,1824,18440098,8162,-52,286
13,1823,18440120,0,1,3
4,1825,18450199,8160,-44,285
13,1824,18450221,0,2,0
4,1826,18460402,8176,-67,285
13,1825,18460424,1,3,-2
4,1827,18470223,8167,-57,273
13,1826,18470272,2,0,-1
4,1828,18480385,8165,-55,280
13,1827,18480407,0,0,-1
4,1829,18490452,8157,-56,280
13,1828,18490474,0,0,-2
4,1830,18500512,8168,-60,278
13,1829,18500534,2,0,-2
4,1831,18510542,8171,-66,276
13,1830,18510564,0,1,1
4,1832,18520606,8161,-53,292
13,1831,18520628,2,2,1
4,1833,18530747,8154,-59,281
13,1832,18530769,0,0,-2
4,1834,18540771,8173,-48,286
13,1833,18540793,0,1,-1
4,1835,18550869,8176,-49,272
13,1834,18550891,1,0,0
4,1836,18560860,8158,-70,291
13,1835,18560882,0,1,1
4,1837,18570877,8170,-55,287
13,1836,18570899,0,0,1
4,1838,18581086,8160,-53,277
13,1837,18581108,0,0,0
4,1839,18590978,8168,-62,276
13,1838,18591000,0,-1,0
4,1840,18601142,8172,-49,277
13,1839,18601164,0,-2,0
4,1841,18611192,8156,-64,284
13,1840,18611214,0,0,1
4,1842,18621331,8169,-63,281
13,1841,18621353,0,1,1
4,1843,18631305,8157,-66,275
13,1842,18631327,0,0,0
4,1844,18641354,8160,-62,273
13,1843,18641376,-1,0,0
4,1845,18651460,8155,-53,263
13,1844,18651482,-2,2,2
4,1846,18661563,8159,-70,277
13,1845,18661585,-1,0,0
4,1847,18671526,8162,-53,274
13,1846,18671548,0,1,0
4,1848,18681538,8159,-57,282
13,1847,18681560,0,0,0
4,1849,18691715,8159,-55,283
13,1848,18691737,0,0,-1
4,1850,18701888,8165,-58,290
13,1849,18701910,0,1,0
4,1851,18711713,8174,-64,281
13,1850,18711735,3,0,1
4,1852,18721898,8174,-54,279
13,1851,18721920,2,0,0
4,1853,18731891,8165,-47,275
13,1852,18731913,0,0,-1
4,1854,18742005,8168,-40,287
13,1853,18742027,0,-3,0
4,1855,18752011,8158,-49,289
13,1854,18752033,0,-1,0
4,1856,18762066,8155,-61,281
13,1855,18762088,0,1,0
4,1857,18772112,8159,-48,287
13,1856,18772134,1,2,0
4,1858,18782315,8178,-52,288
13,1857,18782337,1,0,0
4,1859,18792233,8162,-55,282
13,1858,18792255,0,3,0
4,1860,18802204,8154,-48,287
13,1859,18802226,1,1,-1
4,1861,18812357,8168,-55,277
13,1860,18812379,1,3,-1
4,1862,18822472,8156,-65,278
13,1861,18822494,0,2,0
4,1863,18832545,8162,-58,274
13,1862,18832567,0,1,0
4,1864,18842522,8179,-52,283
13,1863,18842544,-1,1,0
4,1865,18852686,8160,-55,276
13,1864,18852708,-2,0,0
4,1866,18862748,8158,-53,273
13,1865,18862770,1,0,0
4,1867,18872695,8147,-59,294
13,1866,18872717,0,0,-1
4,1868,18882764,8160,-65,272
13,1867,18882786,-1,0,0
4,1869,18892805,8165,-52,272
13,1868,18892827,0,0,0
4,1870,18902967,8168,-56,291
13,1869,18902989,0,3,0
4,1871,18912854,8166,-53,277
13,1870,18912876,0,0,0
4,1872,18922981,8157,-64,280
13,1871,18923003,1,0,1
4,1873,18933044,8159,-64,283
13,1872,18933066,0,0,0
4,1874,18943206,8173,-56,275
13,1873,18943228,-1,-1,-1
4,1875,18953197,8169,-57,275
13,1874,18953218,0,0,0
4,1876,18963277,8169,-58,283
13,1875,18963299,1,0,-1
4,1877,18973334,8162,-58,275
13,1876,18973356,1,2,0
4,1878,18983431,8175,-55,271
13,1877,18983453,0,2,0
4,1879,18993465,8173,-52,280
13,1878,18993487,2,-1,1
4,1880,19003536,8163,-69,288
13,1879,19003558,0,-2,0
4,1881,19013500,8157,-46,272
13,1880,19013522,-1,0,2
4,1882,19023714,8160,-53,279
13,1881,19023736,0,0,2
4,1883,19033666,8151,-62,269
13,1882,19033687,0,-1,-1
4,1884,19043801,8166,-45,282
13,1883,19043823,0,0,0
4,1885,19053731,8166,-54,267
13,1884,19053753,-1,-1,1
4,1886,19063893,8174,-47,275
13,1885,19063914,-1,-1,1
4,1887,19073924,8161,-52,284
13,1886,19073946,0,1,1
4,1888,19083936,8161,-50,280
13,1887,19083958,0,0,0
4,1889,19094080,8164,-56,279
13,1888,19094102,0,-1,0
4,1890,19104230,8165,-48,281
13,1889,19104252,1,0,-1
4,1891,19114262,8164,-42,271
13,1890,19114284,2,2,1
4,1892,19124274,8175,-50,270
13,1891,19124296,-1,3,0
4,1893,19134273,8163,-54,288
13,1892,19134295,0,4,0
4,1894,19144393,8161,-50,292
13,1893,19144415,0,1,0
4,1895,19154417,8164,-53,276
13,1894,19154439,-1,0,0
4,1896,19164488,8169,-58,273
13,1895,19164510,0,0,-1
4,1897,19174522,8164,-56,291
13,1896,19174544,-1,2,0
4,1898,19184727,8168,-60,290
13,1897,19184749,0,-1,0
4,1899,19194683,8162,-55,279
13,1898,19194705,0,3,-3
4,1900,19204736,8170,-68,266
13,1899,19204758,-2,2,0
4,1901,19214823,8166,-62,282
13,1900,19214845,0,2,1
4,1902,19224958,8165,-51,284
13,1901,19224980,5,2,0
4,1903,19234965,8159,-41,282
13,1902,19234987,0,0,0
4,1904,19244987,8165,-60,280
13,1903,19245009,-1,-1,0
4,1905,19255014,8151,-53,283
13,1904,19255036,0,0,0
4,1906,19265187,8166,-55,284
13,1905,19265209,-1,-1,-1
4,1907,19275130,8168,-51,266
13,1906,19275152,-1,-1,-1
4,1908,19285220,8166,-52,279
13,1907,19285242,0,3,-1
4,1909,19295269,8169,-59,276
13,1908,19295291,0,0,0
4,1910,19305356,8173,-64,285
13,1909,19305378,1,0,0
4,1911,19315323,8165,-65,285
13,1910,19315344,0,1,0
4,1912,19325451,8168,-63,283
13,1911,19325473,0,1,0
4,1913,19335457,8169,-64,296
13,1912,19335479,0,0,0
4,1914,19345693,8154,-56,269
13,1913,19345715,0,1,-1
4,1915,19355658,8169,-59,276
13,1914,19355680,0,1,-2
4,1916,19365703,8169,-58,287
13,1915,19365725,0,0,0
4,1917,19375777,8156,-53,270
13,1916,19375799,0,2,1
4,1918,19385882,8155,-44,290
13,1917,19385904,0,0,0
4,1919,19395854,8160,-53,290
13,1918,19395876,0,1,0
4,1920,19405970,8169,-59,278
13,1919,19405992,0,0,-2
4,1921,19416029,8162,-64,272
13,1920,19416050,1,0,1
4,1922,19426127,8177,-52,276
13,1921,19426149,0,-1,0
4,1923,19436084,8166,-54,278
13,1922,19436106,-1,-1,-2
4,1924,19446207,8154,-59,269
13,1923,19446228,0,0,-1
4,1925,19456145,8163,-53,282
13,1924,19456167,0,3,0
4,1926,19466328,8164,-49,279
13,1925,19466350,1,0,1
4,1927,19476308,8167,-53,279
13,1926,19476330,2,0,0
4,1928,19486417,8160,-51,275
13,1927,19486439,0,1,0
4,1929,19496526,8163,-44,276
13,1928,19496548,-1,1,0
4,1930,19506608,8165,-47,278
13,1929,19506630,-1,0,-1
4,1931,19516566,8160,-65,281
13,1930,19516587,0,0,0
4,1932,19526611,8162,-59,281
13,1931,19526632,0,1,0
4,1933,19536677,8167,-49,283
13,1932,19536698,-1,3,1
4,1934,19546779,8172,-55,274
13,1933,19546801,-1,3,0
4,1935,19556779,8162,-50,278
13,1934,19556801,0,1,0
4,1936,19566864,8173,-54,279
13,1935,19566886,1,0,0
4,1937,19576848,8168,-56,279
13,1936,19576870,-1,0,-2
4,1938,19587118,8165,-53,278
13,1937,19587140,1,1,0
4,1939,19597068,8179,-50,291
13,1938,19597090,0,0,0
4,1940,19607136,8167,-54,286
13,1939,19607158,0,-1,-2
4,1941,19617219,8158,-55,279
13,1940,19617241,0,0,0
4,1942,19627211,8174,-59,282
13,1941,19627233,1,1,0
4,1943,19637274,8165,-52,286
13,1942,19637296,0,0,1
4,1944,19647300,8167,-52,282
13,1943,19647322,0,-2,0
4,1945,19657400,8163,-55,294
13,1944,19657422,-1,0,0
4,1946,19667538,8160,-51,289
13,1945,19667560,0,1,1
4,1947,19677455,8176,-52,274
13,1946,19677477,-1,1,0
4,1948,19687553,8168,-74,279
13,1947,19687575,-1,0,0
4,1949,19697596,8170,-65,282
13,1948,19697618,0,1,2
4,1950,19707735,8166,-61,278
13,1949,19707757,0,3,0
4,1951,19717645,8164,-59,280
13,1950,19717694,-1,0,1
4,1952,19727824,8163,-51,282
13,1951,19727846,0,-2,0
4,1953,19737858,8152,-50,265
13,1952,19737880,0,-2,-2
4,1954,19747996,8167,-55,273
13,1953,19748018,0,-1,0
4,1955,19758004,8168,-65,276
13,1954,19758026,0,0,-2
4,1956,19768000,8164,-55,281
13,1955,19768022,0,-1,-1
4,1957,19778057,8156,-41,276
13,1956,19778079,2,-1,0
4,1958,19788161,8171,-68,282
13,1957,19788183,1,0,0
4,1959,19798183,8160,-55,278
13,1958,19798205,-1,-1,-2
4,1960,19808245,8158,-46,287
13,1959,19808267,-2,0,0
4,1961,19818326,8156,-46,282
13,1960,19818348,2,2,-1
4,1962,19828403,8165,-52,271
13,1961,19828424,0,-1,0
4,1963,19838498,8164,-52,288
13,1962,19838520,-1,-2,0
4,1964,19848512,8165,-56,288
13,1963,19848534,-1,-1,0
4,1965,19858541,8155,-63,270
13,1964,19858563,0,0,-1
4,1966,19868635,8171,-59,274
13,1965,19868657,0,1,0
4,1967,19878683,8164,-61,278
13,1966,19878705,0,0,-1
4,1968,19888635,8173,-56,282
13,1967,19888657,0,0,-1
4,1969,19898743,8175,-56,291
13,1968,19898764,0,-1,0
4,1970,19908892,8168,-52,275
13,1969,19908914,-1,-1,0
4,1971,19918878,8160,-55,284
13,1970,19918900,0,1,0
4,1972,19928857,8164,-56,283
13,1971,19928879,0,-1,0
4,1973,19939002,8159,-57,276
13,1972,19939024,-1,0,2
4,1974,19949028,8165,-54,277
13,1973,19949050,0,-1,1
4,1975,19959206,8172,-62,279
13,1974,19959228,-1,-4,0
4,1976,19969178,8166,-57,273
13,1975,19969200,0,0,1
4,1977,19979228,8165,-62,292
13,1976,19979250,0,0,-1
4,1978,19989427,8172,-64,272
13,1977,19989449,0,-1,-2
4,1979,19999367,8162,-57,264
13,1978,19999389,0,-4,-3
4,1980,20009443,8162,-60,279
13,1979,20009465,1,1,-1
4,1981,20019422,8162,-56,274
13,1980,20019444,1,2,3
4,1982,20029591,8160,-53,292
13,1981,20029613,0,0,1
4,1983,20039592,8158,-52,277
13,1982,20039614,0,0,-1
4,1984,20049672,8175,-63,276
13,1983,20049694,2,-2,1
4,1985,20059702,8176,-52,274
13,1984,20059724,0,-2,0
4,1986,20069885,8164,-49,270
13,1985,20069907,0,1,0
4,1987,20079848,8170,-51,273
13,1986,20079870,0,-1,0
4,1988,20089826,8154,-53,282
13,1987,20089848,0,-1,-1
4,1989,20100059,8164,-51,275
13,1988,20100081,0,0,0
4,1990,20110061,8165,-62,276
13,1989,20110083,0,0,2
4,1991,20120103,8164,-70,284
13,1990,20120125,0,0,3
4,1992,20130116,8181,-60,276
13,1991,20130138,1,0,-1
4,1993,20140226,8170,-51,289
13,1992,20140248,2,1,2
4,1994,20150365,8174,-50,288
13,1993,20150387,0,-2,0
4,1995,20160284,8162,-57,279
13,1994,20160305,-1,0,-1
4,1996,20170393,8161,-63,290
13,1995,20170415,1,-1,-1
4,1997,20180438,8175,-68,284
13,1996,20180459,0,-2,0
4,1998,20190481,8179,-58,269
13,1997,20190503,1,-1,0
4,1999,20200558,8161,-51,284
13,1998,20200580,1,0,0
4,2000,20210619,8165,-57,285
13,1999,20210641,0,0,0
4,2001,20220715,8170,-61,275
13,2000,20220737,0,-2,4
4,2002,20230849,8167,-50,283
13,2001,20230871,1,0,0
4,2003,20240848,8161,-47,290
13,2002,20240870,0,-1,-2
4,2004,20250879,8167,-49,279
13,2003,20250901,0,0,0
4,2005,20260918,8170,-57,276
13,2004,20260940,1,0,0
4,2006,20271007,8166,-53,273
13,2005,20271029,1,-2,0
4,2007,20281052,8155,-52,279
13,2006,20281074,0,0,0
4,2008,20291110,8167,-55,280
13,2007,20291132,-2,-3,0
4,2009,20301253,8167,-60,284
13,2008,20301275,-1,-1,1
4,2010,20311300,8169,-51,275
13,2009,20311321,-1,0,0
4,2011,20321360,8164,-68,282
13,2010,20321382,0,-2,-1
4,2012,20331385,8165,-56,266
13,2011,20331407,-2,-3,0
4,2013,20341511,8169,-60,262
13,2012,20341533,0,1,-1
4,2014,20351476,8162,-71,285
13,2013,20351498,1,0,-1
4,2015,20361558,8160,-56,281
13,2014,20361580,1,-3,0
4,2016,20371619,8169,-61,281
13,2015,20371641,0,-2,0
4,2017,20381668,8166,-46,273
13,2016,20381690,0,-1,1
4,2018,20391857,8170,-56,282
13,2017,20391878,0,0,1
4,2019,20401805,8167,-63,275
13,2018,20401827,-1,0,1
4,2020,20411793,8159,-60,274
13,2019,20411815,0,0,0
4,2021,20421880,8164,-48,267
13,2020,20421902,0,0,0
4,2022,20431928,8178,-51,278
13,2021,20431950,0,1,0
4,2023,20442000,8171,-55,278
13,2022,20442022,0,0,0
4,2024,20452080,8161,-56,272
13,2023,20452102,0,0,1
4,2025,20462152,8157,-67,292
13,2024,20462174,2,0,3
4,2026,20472373,8161,-51,281
13,2025,20472395,1,0,0
4,2027,20482271,8168,-40,276
13,2026,20482293,0,2,0
4,2028,20492304,8169,-55,277
13,2027,20492326,0,0,0
4,2029,20502373,8167,-55,283
13,2028,20502395,0,-2,0
4,2030,20512456,8169,-59,289
13,2029,20512478,2,-1,0
4,2031,20522501,8154,-61,289
13,2030,20522523,0,-2,0
4,2032,20532531,8155,-73,284
13,2031,20532553,0,2,3
4,2033,20542627,8168,-62,275
13,2032,20542649,-1,0,-1
4,2034,20552761,8158,-60,280
13,2033,20552783,0,-2,-1
4,2035,20562718,8157,-67,274
13,2034,20562740,0,1,0
4,2036,20572871,8171,-56,274
13,2035,20572893,0,0,0
4,2037,20582813,8171,-55,271
13,2036,20582835,0,-1,2
4,2038,20593052,8172,-53,278
13,2037,20593074,0,1,0
4,2039,20602935,8163,-57,283
13,2038,20602957,0,0,0
4,2040,20613120,8159,-57,273
13,2039,20613142,0,-3,0
4,2041,20623183,8167,-56,278
13,2040,20623205,1,-2,0
4,2042,20633258,8170,-51,279
13,2041,20633280,1,0,1
4,2043,20643240,8163,-59,279
13,2042,20643262,0,0,0
4,2044,20653260,8174,-61,294
13,2043,20653282,0,2,-1
4,2045,20663319,8168,-58,285
13,2044,20663341,0,1,-3
4,2046,20673399,8165,-49,282
13,2045,20673421,-1,0,0
4,2047,20683430,8155,-54,280
13,2046,20683452,1,0,2
4,2048,20693456,8161,-51,280
13,2047,20693478,2,-2,0
4,2049,20703553,8166,-59,278
13,2048,20703575,-1,1,-1
4,2050,20713700,8177,-63,278
13,2049,20713722,0,1,1
4,2051,20723700,8179,-52,277
13,2050,20723722,0,-1,1
4,2052,20733720,8160,-61,286
13,2051,20733742,0,2,1
4,2053,20743805,8159,-62,278
13,2052,20743827,0,0,2
4,2054,20753886,8171,-52,272
13,2053,20753908,0,-2,-1
4,2055,20763903,8165,-56,271
13,2054,20763925,0,0,0
4,2056,20773967,8172,-59,274
13,2055,20773989,1,0,-2
4,2057,20784091,8160,-47,276
13,2056,20784113,1,0,0
4,2058,20794168,8169,-61,285
13,2057,20794190,-1,0,-1
4,2059,20804130,8169,-51,283
13,2058,20804152,0,-3,0
4,2060,20814151,8170,-57,275
13,2059,20814173,1,0,1
4,2061,20824313,8165,-58,271
13,2060,20824335,0,0,1
4,2062,20834391,8160,-54,276
13,2061,20834413,0,-1,2
4,2063,20844406,8161,-52,280
13,2062,20844428,0,0,0
4,2064,20854477,8172,-67,279
13,2063,20854499,0,3,-2
4,2065,20864491,8171,-48,275
13,2064,20864513,0,2,0
4,2066,20874681,8155,-53,273
13,2065,20874702,0,-2,0
4,2067,20884700,8167,-49,282
13,2066,20884722,0,-2,2
4,2068,20894702,8157,-58,280
13,2067,20894724,-1,0,0
4,2069,20904771,8162,-70,275
13,2068,20904793,0,2,-2
4,2070,20914860,8172,-70,275
13,2069,20914882,0,1,0
4,2071,20924906,8162,-64,274
13,2070,20924928,0,-1,0
4,2072,20934942,8179,-45,275
13,2071,20934964,0,0,0
4,2073,20945090,8172,-58,276
13,2072,20945112,0,0,0
4,2074,20955172,8169,-55,277
13,2073,20955194,-1,-1,0
4,2075,20965142,8170,-68,274
13,2074,20965164,-1,-1,0
4,2076,20975218,8166,-57,275
13,2075,20975240,0,-2,1
4,2077,20985278,8164,-50,285
13,2076,20985300,1,0,1
4,2078,20995415,8167,-60,286
13,2077,20995437,0,0,1
4,2079,21005387,8164,-56,279
13,2078,21005409,0,0,-3
4,2080,21015433,8158,-49,279
13,2079,21015454,0,0,-2
4,2081,21025560,8163,-67,274
13,2080,21025582,-1,0,-1
4,2082,21035592,8166,-51,277
13,2081,21035614,1,1,0
4,2083,21045645,8164,-57,289
13,2082,21045667,0,1,0
4,2084,21055673,8176,-60,285
13,2083,21055695,0,3,0
4,2085,21065712,8167,-54,283
13,2084,21065734,0,0,0
4,2086,21075842,8162,-53,282
13,2085,21075864,0,-2,1
4,2087,21085869,8158,-60,274
13,2086,21085918,0,-3,0
4,2088,21096041,8164,-53,275
13,2087,21096063,0,-1,-2
4,2089,21105991,8149,-56,271
13,2088,21106013,-1,-2,0
4,2090,21116218,8164,-53,288
13,2089,21116240,1,-1,0
4,2091,21126154,8165,-74,277
13,2090,21126176,0,0,0
4,2092,21136119,8164,-60,282
13,2091,21136141,0,0,0
4,2093,21146283,8168,-62,281
13,2092,21146305,1,-2,1
4,2094,21156294,8170,-67,275
13,2093,21156316,0,-2,0
4,2095,21166348,8162,-72,285
13,2094,21166370,0,0,0
4,2096,21176394,8159,-52,276
13,2095,21176416,0,0,0
4,2097,21186469,8172,-58,281
13,2096,21186491,0,-1,0
4,2098,21196624,8164,-54,269
13,2097,21196646,0,0,0
4,2099,21206605,8152,-54,283
13,2098,21206654,0,0,0
4,2100,21216725,8163,-47,286
13,2099,21216747,1,0,0
4,2101,21226782,8158,-52,280
13,2100,21226804,3,2,-1
4,2102,21236834,8152,-57,282
13,2101,21236856,0,1,0
4,2103,21246795,8165,-59,279
13,2102,21246817,0,-1,1
4,2104,21256952,8178,-58,288
13,2103,21256974,-1,1,0
4,2105,21267020,8148,-53,295
13,2104,21267041,-1,-1,-3
4,2106,21277052,8162,-50,274
13,2105,21277074,0,2,-1
4,2107,21287128,8168,-63,281
13,2106,21287150,0,0,-1
4,2108,21297109,8162,-61,287
13,2107,21297131,0,0,0
4,2109,21307203,8160,-60,289
13,2108,21307224,0,1,0
4,2110,21317262,8160,-73,288
13,2109,21317284,0,2,0
4,2111,21327313,8165,-59,277
13,2110,21327335,0,0,-3
4,2112,21337349,8170,-69,276
13,2111,21337398,0,0,2
4,2113,21347505,8169,-62,289
13,2112,21347527,0,3,1
4,2114,21357607,8162,-57,289
13,2113,21357629,0,3,1
4,2115,21367526,8165,-52,278
13,2114,21367548,0,0,0
4,2116,21377640,8159,-66,283
13,2115,21377662,0,3,0
4,2117,21387707,8162,-53,287
13,2116,21387729,-1,0,0
4,2118,21397819,8173,-49,282
13,2117,21397841,1,0,-1
4,2119,21407779,8165,-62,287
13,2118,21407801,0,0,1
4,2120,21417907,8170,-64,273
13,2119,21417929,-1,0,2
4,2121,21427943,8164,-62,274
13,2120,21427965,0,0,0
4,2122,21438068,8159,-53,286
13,2121,21438090,0,-1,-1
4,2123,21448032,8163,-49,277
13,2122,21448054,0,0,-1
4,2124,21458091,8164,-63,280
13,2123,21458113,-2,1,2
4,2125,21468228,8174,-54,275
13,2124,21468250,0,1,2
4,2126,21478221,8160,-59,280
13,2125,21478243,0,0,0
4,2127,21488283,8160,-57,289
13,2126,21488305,1,-1,0
4,2128,21498359,8170,-49,286
13,2127,21498381,2,-1,1
4,2129,21508381,8159,-64,275
13,2128,21508403,0,1,-1
4,2130,21518535,8162,-61,259
13,2129,21518557,1,0,0
4,2131,21528482,8166,-61,263
13,2130,21528504,0,-1,0
4,2132,21538555,8172,-59,287
13,2131,21538577,-2,0,0
4,2133,21548613,8160,-60,280
13,2132,21548635,0,1,0
4,2134,21558702,8155,-62,283
13,2133,21558724,0,-1,-1
4,2135,21568716,8159,-56,283
13,2134,21568738,1,-2,-1
4,2136,21578728,8172,-57,271
13,2135,21578750,0,0,0
4,2137,21588895,8165,-53,276
13,2136,21588917,-1,-2,-1
4,2138,21599023,8166,-64,287
13,2137,21599045,1,-1,0
4,2139,21609026,8167,-52,271
13,2138,21609048,0,0,-1
4,2140,21618984,8171,-58,268
13,2139,21619006,0,2,1
4,2141,21629061,8161,-63,281
13,2140,21629083,0,2,0
4,2142,21639159,8152,-55,274
13,2141,21639181,0,0,1
4,2143,21649107,8164,-56,277
13,2142,21649129,0,-2,0
4,2144,21659246,8166,-52,289
13,2143,21659268,-2,1,0
4,2145,21669271,8163,-55,274
13,2144,21669293,-1,0,1
4,2146,21679499,8160,-58,283
13,2145,21679521,0,0,0
4,2147,21689457,8159,-62,272
13,2146,21689478,0,1,0
4,2148,21699406,8163,-58,279
13,2147,21699428,-1,0,0
4,2149,21709513,8168,-53,273
13,2148,21709562,0,2,0
4,2150,21719627,8164,-59,273
13,2149,21719649,0,0,0
4,2151,21729675,8168,-56,290
13,2150,21729697,0,2,0
4,2152,21739645,8165,-50,280
13,2151,21739667,0,0,0
4,2153,21749801,8170,-48,272
13,2152,21749823,1,2,1
4,2154,21759888,8170,-56,277
13,2153,21759910,0,1,1
4,2155,21769870,8164,-57,287
13,2154,21769892,1,1,0
4,2156,21779930,8171,-64,275
13,2155,21779952,0,0,0
4,2157,21790031,8155,-66,280
13,2156,21790053,0,0,0
4,2158,21800079,8166,-51,276
13,2157,21800100,-1,-1,0
4,2159,21810117,8178,-58,277
13,2158,21810139,0,0,0
4,2160,21820132,8171,-61,282
13,2159,21820154,0,0,0
4,2161,21830221,8165,-55,284
13,2160,21830243,0,1,0
4,2162,21840407,8159,-34,285
13,2161,21840429,1,-2,0
4,2163,21850370,8166,-56,282
13,2162,21850392,1,-2,3
4,2164,21860438,8161,-63,278
13,2163,21860460,0,0,0
4,2165,21870491,8162,-67,281
13,2164,21870513,-4,-1,-3
4,2166,21880533,8171,-54,270
13,2165,21880554,-1,-1,0
4,2167,21890576,8163,-53,274
13,2166,21890597,0,0,2
4,2168,21900585,8166,-62,292
13,2167,21900607,0,0,0
4,2169,21910715,8173,-64,267
13,2168,21910737,5,-1,0
4,2170,21920850,8162,-58,268
13,2169,21920872,2,-1,1
4,2171,21930807,8154,-63,279
13,2170,21930828,0,0,0
4,2172,21940880,8155,-57,279
13,2171,21940902,1,-2,0
4,2173,21950982,8168,-49,281
13,2172,21951032,0,-1,0
4,2174,21961031,8168,-52,287
13,2173,21961053,0,0,0
4,2175,21971108,8163,-70,278
13,2174,21971130,1,0,0
4,2176,21981176,8164,-53,280
13,2175,21981198,1,1,0
4,2177,21991167,8163,-62,282
13,2176,21991189,0,0,0
4,2178,22001286,8167,-63,274
13,2177,22001308,-2,-1,-1
4,2179,22011335,8163,-71,277
13,2178,22011357,-1,0,0
4,2180,22021256,8160,-73,278
13,2179,22021278,0,0,0
4,2181,22031359,8163,-64,270
13,2180,22031381,-1,1,0
4,2182,22041408,8159,-64,273
13,2181,22041430,0,1,-1
4,2183,22051480,8176,-58,282
13,2182,22051502,0,-1,0
4,2184,22061616,8173,-51,285
13,2183,22061638,0,-2,1
4,2185,22071619,8157,-60,284
13,2184,22071641,0,-1,-2
4,2186,22081788,8168,-69,271
13,2185,22081810,0,0,-1
4,2187,22091725,8181,-60,286
13,2186,22091747,0,0,0
4,2188,22101801,8170,-54,287
13,2187,22101823,0,0,1
4,2189,22111863,8159,-63,277
13,2188,22111885,-2,-3,0
4,2190,22121930,8162,-50,277
13,2189,22121952,1,0,0
4,2191,22131939,8160,-51,274
13,2190,22131961,2,1,1
4,2192,22141953,8173,-65,278
13,2191,22141975,1,-2,0
4,2193,22152065,8159,-47,288
13,2192,22152087,0,2,-1
4,2194,22162200,8171,-54,276
13,2193,22162222,0,-2,-1
4,2195,22172174,8156,-62,288
13,2194,22172196,0,0,0
4,2196,22182283,8159,-48,281
13,2195,22182305,0,0,1
4,2197,22192238,8169,-59,272
13,2196,22192260,-1,-1,0
4,2198,22202390,8169,-66,282
13,2197,22202412,1,0,0
4,2199,22212434,8154,-67,275
13,2198,22212456,-2,-1,1
4,2200,22222507,8157,-52,272
13,2199,22222529,-1,1,0
4,2201,22232568,8160,-65,278
13,2200,22232590,0,1,0
4,2202,22242665,8168,-63,280
13,2201,22242687,1,0,0
4,2203,22252660,8167,-41,273
13,2202,22252682,-1,-2,1
4,2204,22262696,8167,-43,271
13,2203,22262718,0,-1,0
4,2205,22272763,8167,-51,276
13,2204,22272785,0,0,-2
4,2206,22282793,8166,-62,282
13,2205,22282815,0,-2,1
4,2207,22292882,8164,-51,285
13,2206,22292904,0,-4,0
4,2208,22302919,8174,-52,267
13,2207,22302941,0,0,0
4,2209,22312969,8172,-56,281
13,2208,22312991,3,0,1
4,2210,22323195,8163,-55,283
13,2209,22323217,1,0,2
4,2211,22333087,8172,-49,276
13,2210,22333136,-1,-1,1
4,2212,22343174,8173,-55,278
13,2211,22343196,0,0,1
4,2213,22353221,8165,-61,281
13,2212,22353243,0,-2,0
4,2214,22363322,8166,-50,267
13,2213,22363344,0,-1,-1
4,2215,22373340,8160,-63,279
13,2214,22373362,0,1,0
4,2216,22383394,8172,-55,284
13,2215,22383416,1,1,1
4,2217,22393407,8166,-63,269
13,2216,22393429,1,-2,-1
4,2218,22403642,8171,-59,265
13,2217,22403664,0,-2,0
4,2219,22413583,8158,-63,283
13,2218,22413605,2,0,0
4,2220,22423624,8161,-51,276
13,2219,22423646,1,0,0
4,2221,22433675,8175,-53,281
13,2220,22433697,0,-1,0
4,2222,22443830,8170,-60,282
13,2221,22443852,1,-2,1
4,2223,22453779,8162,-63,286
13,2222,22453801,0,-1,1
4,2224,22463889,8160,-54,283
13,2223,22463911,-1,1,1
4,2225,22473956,8158,-51,288
13,2224,22473978,-1,-1,1
4,2226,22484131,8159,-55,270
13,2225,22484153,-1,0,0
4,2227,22494021,8165,-56,288
13,2226,22494043,-1,0,-2
4,2228,22504099,8164,-53,287
13,2227,22504121,0,-2,0
4,2229,22514090,8154,-51,271
13,2228,22514112,-1,0,0
4,2230,22524331,8155,-51,285
13,2229,22524353,0,1,1
4,2231,22534270,8166,-53,288
13,2230,22534292,0,0,0
4,2232,22544273,8168,-52,280
13,2231,22544295,1,0,0
4,2233,22554421,8163,-51,278
13,2232,22554443,0,-2,0
4,2234,22564573,8169,-51,288
13,2233,22564595,-1,1,-2
4,2235,22574537,8163,-65,284
13,2234,22574559,0,1,0
4,2236,22584532,8167,-61,270
13,2235,22584554,0,-1,0
4,2237,22594693,8158,-63,277
13,2236,22594715,0,0,0
4,2238,22604758,8166,-45,289
13,2237,22604780,0,0,1
4,2239,22614790,8159,-37,282
13,2238,22614812,0,0,1
4,2240,22624845,8167,-53,287
13,2239,22624867,0,0,0
4,2241,22634873,8163,-45,277
13,2240,22634895,-1,-2,0
4,2242,22645039,8163,-46,268
13,2241,22645061,-1,0,0
4,2243,22654922,8157,-59,278
13,2242,22654944,-1,0,0
4,2244,22665113,8160,-50,276
13,2243,22665135,0,-2,1
4,2245,22675136,8168,-52,280
13,2244,22675157,0,-1,1
4,2246,22685201,8162,-56,278
13,2245,22685223,0,1,0
4,2247,22695183,8164,-46,279
13,2246,22695205,-1,0,2
4,2248,22705301,8169,-44,282
13,2247,22705323,-2,-2,0
4,2249,22715416,8171,-50,284
13,2248,22715438,-1,-2,2
4,2250,22725478,8170,-59,268
13,2249,22725500,-1,-2,0
4,2251,22735511,8153,-64,282
13,2250,22735533,1,0,0
4,2252,22745561,8156,-51,283
13,2251,22745583,0,0,0
4,2253,22755584,8171,-53,285
13,2252,22755605,-1,-1,0
4,2254,22765688,8167,-73,284
13,2253,22765710,-1,0,0
4,2255,22775682,8167,-50,287
13,2254,22775704,0,2,-1
4,2256,22785772,8177,-52,291
13,2255,22785794,0,0,0
4,2257,22795811,8164,-65,274
13,2256,22795833,0,0,1
4,2258,22805973,8153,-63,273
13,2257,22805995,0,0,1
4,2259,22815924,8160,-57,279
13,2258,22815946,1,1,0
4,2260,22825967,8175,-56,280
13,2259,22825989,1,1,2
4,2261,22836055,8180,-73,275
13,2260,22836077,0,0,0
4,2262,22846155,8163,-52,282
13,2261,22846177,-1,1,2
4,2263,22856177,8153,-57,274
13,2262,22856199,0,-1,0
4,2264,22866289,8171,-62,292
13,2263,22866311,0,-2,-1
4,2265,22876241,8168,-54,273
13,2264,22876263,0,0,2
4,2266,22886456,8161,-59,276
13,2265,22886478,-2,0,0
4,2267,22896364,8164,-64,274
13,2266,22896386,-1,0,0
4,2268,22906490,8165,-65,273
13,2267,22906512,1,0,1
4,2269,22916437,8163,-54,270
13,2268,22916459,0,-1,0
4,2270,22926593,8166,-48,276
13,2269,22926615,0,0,0
4,2271,22936600,8167,-63,281
13,2270,22936622,0,0,0
4,2272,22946666,8170,-55,281
13,2271,22946688,1,0,0
4,2273,22956814,8174,-67,284
13,2272,22956836,0,-2,0
4,2274,22966965,8170,-68,276
13,2273,22966987,-2,-2,1
4,2275,22976800,8169,-53,281
13,2274,22976822,-1,0,0
4,2276,22986897,8173,-61,283
13,2275,22986919,2,0,-1
4,2277,22996907,8167,-64,284
13,2276,22996929,-1,0,0
4,2278,23007037,8156,-54,277
13,2277,23007059,-2,1,0
4,2279,23017053,8162,-57,274
13,2278,23017075,0,-2,2
4,2280,23027116,8166,-62,271
13,2279,23027138,0,0,2
4,2281,23037258,8171,-73,269
13,2280,23037280,2,0,0
4,2282,23047306,8173,-56,285
13,2281,23047328,1,2,0
4,2283,23057264,8170,-55,277
13,2282,23057285,-1,0,0
4,2284,23067350,8170,-60,274
13,2283,23067372,1,-1,0
4,2285,23077394,8167,-48,286
13,2284,23077416,1,0,0
4,2286,23087538,8164,-63,278
13,2285,23087560,-1,-1,1
4,2287,23097550,8171,-56,286
13,2286,23097572,0,-4,-1
4,2288,23107599,8170,-52,284
13,2287,23107621,0,-2,0
4,2289,23117660,8170,-45,292
13,2288,23117682,-1,-2,0
4,2290,23127784,8165,-59,282
13,2289,23127806,0,-2,0
4,2291,23137806,8156,-51,265
13,2290,23137828,1,-1,0
4,2292,23147761,8175,-54,271
13,2291,23147783,0,1,0
4,2293,23157942,8169,-47,271
13,2292,23157964,-1,-2,0
4,2294,23167895,8171,-53,271
13,2293,23167917,0,0,-1
4,2295,23178052,8159,-61,282
13,2294,23178074,0,1,0
4,2296,23188136,8163,-65,286
13,2295,23188158,0,0,0
4,2297,23198119,8167,-64,279
13,2296,23198141,0,0,2
4,2298,23208335,8163,-56,273
13,2297,23208357,-1,-1,0
4,2299,23218265,8163,-47,280
13,2298,23218287,0,1,-1
4,2300,23228333,8166,-54,286
13,2299,23228355,0,-1,0
4,2301,23238414,8162,-60,267
13,2300,23238436,0,-2,1
4,2302,23248506,8159,-55,274
13,2301,23248528,0,-1,1
4,2303,23258481,8169,-60,268
13,2302,23258503,0,-1,1
4,2304,23268560,8179,-53,289
13,2303,23268582,0,0,0
4,2305,23278582,8176,-52,280
13,2304,23278604,-1,0,-2
4,2306,23288786,8170,-62,282
13,2305,23288808,0,-1,-2
4,2307,23298711,8168,-57,281
13,2306,23298733,0,0,-2
4,2308,23308837,8172,-48,287
13,2307,23308859,0,2,-2
4,2309,23318884,8170,-57,271
13,2308,23318906,-1,0,0
4,2310,23328999,8170,-59,286
13,2309,23329049,0,-3,0
4,2311,23339058,8174,-63,275
13,2310,23339080,1,-2,-1
4,2312,23349177,8177,-57,278
13,2311,23349199,3,-1,-2
4,2313,23359160,8158,-52,277
13,2312,23359182,2,0,0
4,2314,23369316,8168,-58,276
13,2313,23369338,0,-1,-1
4,2315,23379213,8165,-61,277
13,2314,23379235,-1,-1,0
4,2316,23389359,8170,-57,270
13,2315,23389381,0,-3,0
4,2317,23399363,8157,-58,278
13,2316,23399385,0,-1,1
4,2318,23409444,8160,-61,289
13,2317,23409466,-2,0,0
4,2319,23419469,8164,-57,288
13,2318,23419491,-1,0,0
4,2320,23429480,8168,-48,282
13,2319,23429502,1,0,1
4,2321,23439596,8166,-52,272
13,2320,23439618,0,0,-1
4,2322,23449830,8158,-54,287
13,2321,23449852,0,0,2
4,2323,23459750,8162,-47,278
13,2322,23459772,0,0,2
4,2324,23469825,8162,-50,278
13,2323,23469847,0,1,-3
4,2325,23479847,8148,-61,275
13,2324,23479869,1,0,-1
4,2326,23489967,8152,-56,265
13,2325,23489989,1,-1,-1
4,2327,23499988,8159,-57,285
13,2326,23500009,0,2,0
4,2328,23510058,8160,-54,287
13,2327,23510080,-1,-1,0
4,2329,23520096,8162,-64,283
13,2328,23520118,0,-2,0
4,2330,23530218,8160,-68,281
13,2329,23530240,-1,-1,1
4,2331,23540201,8172,-55,288
13,2330,23540223,0,0,0
4,2332,23550245,8168,-48,287
13,2331,23550267,0,0,0
4,2333,23560384,8164,-51,286
13,2332,23560406,0,0,0
4,2334,23570408,8164,-48,285
13,2333,23570430,0,0,0
4,2335,23580451,8155,-52,290
13,2334,23580473,0,-1,0
4,2336,23590608,8179,-53,292
13,2335,23590630,0,0,0
4,2337,23600545,8169,-72,280
13,2336,23600567,0,2,0
4,2338,23610747,8170,-57,275
13,2337,23610769,-1,2,1
4,2339,23620715,8169,-60,290
13,2338,23620737,-1,1,0
4,2340,23630737,8160,-62,290
13,2339,23630759,0,2,0
4,2341,23640802,8164,-59,277
13,2340,23640824,0,3,0
4,2342,23650897,8166,-50,272
13,2341,23650919,-2,1,0
4,2343,23660996,8153,-52,277
13,2342,23661018,0,0,0
4,2344,23670926,8159,-61,281
13,2343,23670948,0,0,0
4,2345,23681135,8155,-62,270
13,2344,23681157,1,0,0
4,2346,23691193,8165,-61,287
13,2345,23691215,0,3,-1
4,2347,23701121,8167,-48,293
13,2346,23701143,0,0,1
4,2348,23711304,8167,-55,279
13,2347,23711326,0,1,1
4,2349,23721272,8160,-60,281
13,2348,23721294,3,4,0
4,2350,23731437,8169,-61,287
13,2349,23731459,0,-1,-1
4,2351,23741447,8166,-49,279
13,2350,23741469,-1,0,0
4,2352,23751499,8163,-48,281
13,2351,23751521,0,0,0
4,2353,23761535,8159,-44,278
13,2352,23761557,0,0,0
4,2354,23771703,8171,-52,282
13,2353,23771725,1,2,0
4,2355,23781701,8162,-54,280
13,2354,23781723,0,2,0
4,2356,23791754,8175,-52,280
13,2355,23791776,-1,0,-1
4,2357,23801790,8173,-51,289
13,2356,23801812,0,0,-1
4,2358,23811790,8172,-54,278
13,2357,23811812,0,0,0
4,2359,23821953,8165,-58,273
13,2358,23821975,0,0,0
4,2360,23832050,8168,-65,278
13,2359,23832072,0,-3,0
4,2361,23842021,8165,-53,287
13,2360,23842044,0,0,-1
4,2362,23852247,8174,-53,291
13,2361,23852269,0,1,-1
4,2363,23862181,8164,-59,288
13,2362,23862203,-1,0,0
4,2364,23872245,8168,-64,272
13,2363,23872267,0,0,1
4,2365,23882266,8161,-37,281
13,2364,23882287,1,-3,0
4,2366,23892404,8163,-54,282
13,2365,23892426,2,0,2
4,2367,23902405,8169,-64,280
13,2366,23902427,0,0,0
4,2368,23912523,8173,-51,271
13,2367,23912545,0,-1,0
4,2369,23922553,8167,-52,274
13,2368,23922575,0,0,0
4,2370,23932631,8161,-60,286
13,2369,23932653,-2,0,-1
4,2371,23942666,8168,-60,271
13,2370,23942688,-1,1,-1
4,2372,23952772,8160,-59,276
13,2371,23952821,0,1,0
4,2373,23962864,8173,-49,286
13,2372,23962886,0,4,2
4,2374,23972909,8174,-53,283
13,2373,23972931,0,-1,0
4,2375,23982985,8156,-47,276
13,2374,23983007,0,-1,-1
4,2376,23993003,8167,-55,273
13,2375,23993025,-1,1,0
4,2377,24003038,8167,-54,270
13,2376,24003060,0,0,0
4,2378,24013203,8169,-58,270
13,2377,24013225,0,-3,-2
4,2379,24023145,8166,-60,281
13,2378,24023167,0,-3,0
4,2380,24033268,8173,-52,286
13,2379,24033290,0,-2,0
4,2381,24043228,8161,-59,283
13,2380,24043250,1,-2,2
4,2382,24053379,8168,-64,281
13,2381,24053401,1,0,-1
4,2383,24063432,8178,-51,278
13,2382,24063454,1,0,-1
4,2384,24073474,8165,-57,283
13,2383,24073496,0,2,0
4,2385,24083577,8166,-49,272
13,2384,24083599,-1,0,0
4,2386,24093703,8163,-48,277
13,2385,24093725,0,0,0
4,2387,24103688,8148,-60,279
13,2386,24103710,0,0,-2
4,2388,24113758,8164,-63,273
13,2387,24113780,0,0,0
4,2389,24123807,8167,-51,270
13,2388,24123829,1,1,2
4,2390,24133881,8168,-53,277
13,2389,24133903,1,0,1
4,2391,24143851,8158,-58,281
13,2390,24143873,0,0,0
4,2392,24153955,8165,-48,268
13,2391,24153977,-1,0,-2
4,2393,24164042,8163,-58,281
13,2392,24164064,0,0,0
4,2394,24174237,8163,-57,279
13,2393,24174259,0,-2,1
4,2395,24184100,8164,-55,279
13,2394,24184122,0,-2,0
4,2396,24194206,8168,-60,279
13,2395,24194228,0,-1,0
4,2397,24204271,8165,-60,283
13,2396,24204293,0,-1,0
4,2398,24214342,8167,-54,286
13,2397,24214364,0,-1,0
4,2399,24224433,8156,-63,285
13,2398,24224455,-1,0,-1
4,2400,24234464,8166,-60,275
13,2399,24234486,-2,0,1
4,2401,24244590,8165,-51,282
13,2400,24244611,0,-2,1
4,2402,24254741,8159,-54,281
13,2401,24254763,0,0,0
4,2403,24264574,8166,-51,276
13,2402,24264596,1,1,0
4,2404,24274706,8167,-51,278
13,2403,24274728,0,-3,1
4,2405,24284764,8159,-56,269
13,2404,24284786,-1,-2,-1
4,2406,24294866,8166,-65,283
13,2405,24294888,-2,-2,1
4,2407,24304828,8164,-61,279
13,2406,24304849,0,-1,1
4,2408,24314948,8165,-48,279
13,2407,24314970,1,-1,-1
4,2409,24325026,8160,-47,277
13,2408,24325048,1,1,0
4,2410,24335208,8172,-58,292
13,2409,24335230,2,0,0
4,2411,24345192,8161,-49,276
13,2410,24345214,0,-3,1
4,2412,24355271,8159,-55,270
13,2411,24355293,0,-2,-1
4,2413,24365297,8165,-60,281
13,2412,24365319,0,0,-1
4,2414,24375349,8167,-52,278
13,2413,24375371,0,-1,0
4,2415,24385310,8154,-61,274
13,2414,24385332,0,0,2
4,2416,24395437,8159,-54,284
13,2415,24395459,0,-1,0
4,2417,24405475,8169,-48,277
13,2416,24405497,2,0,0
4,2418,24415648,8170,-52,280
13,2417,24415670,1,1,3
4,2419,24425594,8177,-59,267
13,2418,24425616,0,0,1
4,2420,24435663,8164,-53,268
13,2419,24435685,0,0,-1
4,2421,24445626,8160,-55,281
13,2420,24445648,0,0,-1
4,2422,24455833,8162,-60,275
13,2421,24455855,-1,0,0
4,2423,24465760,8164,-54,278
13,2422,24465782,0,2,0
4,2424,24475895,8162,-61,271
13,2423,24475917,0,1,0
4,2425,24485989,8166,-64,274
13,2424,24486011,0,-2,0
4,2426,24496075,8166,-55,274
13,2425,24496097,1,0,-1
4,2427,24506065,8161,-58,284
13,2426,24506087,0,0,2
4,2428,24516160,8160,-62,283
13,2427,24516182,0,0,0
4,2429,24526165,8153,-45,273
13,2428,24526187,0,0,0
4,2430,24536318,8164,-69,280
13,2429,24536340,-1,0,1
4,2431,24546327,8165,-68,286
13,2430,24546349,-1,0,0
4,2432,24556353,8163,-64,279
13,2431,24556375,-1,-2,1
4,2433,24566409,8161,-66,272
13,2432,24566430,0,-4,-1
4,2434,24576648,8154,-53,287
13,2433,24576670,1,1,-2
4,2435,24586482,8162,-45,276
13,2434,24586504,1,0,-1
4,2436,24596591,8165,-60,293
13,2435,24596613,0,0,0
4,2437,24606609,8158,-61,270
13,2436,24606631,0,0,0
4,2438,24616750,8168,-54,281
13,2437,24616772,0,0,0
4,2439,24626808,8163,-52,281
13,2438,24626830,0,-1,0
4,2440,24636788,8168,-61,283
13,2439,24636810,1,0,0
4,2441,24646884,8168,-61,280
13,2440,24646906,0,0,0
4,2442,24657001,8166,-51,276
13,2441,24657023,0,0,1
4,2443,24666942,8158,-60,273
13,2442,24666964,0,0,-1
4,2444,24677002,8160,-52,278
13,2443,24677024,0,-3,0
4,2445,24687044,8156,-47,276
13,2444,24687066,0,-1,2
4,2446,24697174,8162,-65,275
13,2445,24697196,0,0,0
4,2447,24707117,8171,-62,283
13,2446,24707139,0,0,0
4,2448,24717252,8156,-58,285
13,2447,24717274,0,0,0
4,2449,24727307,8171,-64,291
13,2448,24727329,0,0,0
4,2450,24737471,8175,-58,282
13,2449,24737493,2,-1,0
4,2451,24747458,8165,-46,277
13,2450,24747480,1,-2,1
4,2452,24757416,8161,-56,279
13,2451,24757438,1,-1,1
4,2453,24767516,8162,-55,295
13,2452,24767538,2,2,-2
4,2454,24777587,8165,-69,277
13,2453,24777609,2,3,0
4,2455,24787627,8159,-58,281
13,2454,24787649,0,0,0
4,2456,24797682,8165,-49,284
13,2455,24797704,0,-1,1
4,2457,24807694,8167,-51,278
13,2456,24807716,0,-2,0
4,2458,24817908,8153,-52,273
13,2457,24817930,0,0,0
4,2459,24827839,8167,-45,277
13,2458,24827861,0,-1,2
4,2460,24837950,8172,-51,274
13,2459,24837972,0,-1,0
4,2461,24847942,8161,-66,278
13,2460,24847964,0,0,-2
4,2462,24858096,8158,-52,290
13,2461,24858118,0,0,1
4,2463,24868101,8165,-58,281
13,2462,24868123,0,0,3
4,2464,24878152,8172,-65,286
13,2463,24878174,0,0,0
4,2465,24888247,8175,-60,277
13,2464,24888269,1,0,2
4,2466,24898342,8165,-54,273
13,2465,24898364,2,0,1
4,2467,24908295,8166,-53,277
13,2466,24908317,-1,1,0
4,2468,24918353,8168,-55,279
13,2467,24918374,0,0,1
4,2469,24928425,8159,-64,283
13,2468,24928447,0,0,0
4,2470,24938503,8177,-52,272
13,2469,24938525,0,1,0
4,2471,24948519,8173,-59,282
13,2470,24948540,0,-1,-1
4,2472,24958556,8158,-55,291
13,2471,24958578,0,0,0
4,2473,24968748,8169,-48,284
13,2472,24968770,0,0,0
4,2474,24978858,8174,-49,285
13,2473,24978880,-1,1,0
4,2475,24988793,8162,-59,279
13,2474,24988815,0,-2,-1
4,2476,24998819,8174,-66,279
13,2475,24998841,0,-1,1
4,2477,25008910,8175,-61,280
13,2476,25008932,0,1,0
4,2478,25018897,8169,-60,284
13,2477,25018919,-1,0,0
4,2479,25028977,8167,-66,275
13,2478,25028999,-2,0,0
4,2480,25039014,8170,-49,283
13,2479,25039036,0,1,-3
4,2481,25049088,8167,-55,291
13,2480,25049110,0,-1,-1
4,2482,25059179,8165,-50,274
13,2481,25059201,0,-2,1
4,2483,25069163,8162,-55,273
13,2482,25069185,0,0,0
4,2484,25079181,8181,-49,272
13,2483,25079203,0,0,-1
4,2485,25089382,8164,-60,276
13,2484,25089404,0,-1,0
4,2486,25099423,8168,-62,283
13,2485,25099445,0,-1,0
4,2487,25109399,8167,-71,273
13,2486,25109421,0,-1,0
4,2488,25119517,8161,-55,284
13,2487,25119539,2,0,2
4,2489,25129556,8164,-53,285
13,2488,25129578,-1,0,0
4,2490,25139686,8175,-52,275
13,2489,25139708,0,-1,-2
4,2491,25149582,8170,-56,281
13,2490,25149604,0,0,-1
4,2492,25159712,8173,-73,286
13,2491,25159734,0,0,1
4,2493,25169768,8171,-60,281
13,2492,25169789,1,2,0
4,2494,25179836,8170,-45,281
13,2493,25179858,0,-1,2
4,2495,25189862,8165,-54,292
13,2494,25189884,1,0,0
4,2496,25199915,8169,-56,270
13,2495,25199937,0,0,0
4,2497,25209980,8169,-41,268
13,2496,25210002,0,0,-1
4,2498,25220110,8167,-54,277
13,2497,25220132,0,1,0
4,2499,25230180,8166,-58,276
13,2498,25230202,0,-1,1
4,2500,25240193,8171,-54,274
13,2499,25240215,0,0,-3
4,2501,25250243,8165,-64,286
13,2500,25250265,0,-1,-1
4,2502,25260261,8170,-69,282
13,2501,25260283,0,0,-1
4,2503,25270319,8165,-58,278
13,2502,25270340,-1,-1,0
4,2504,25280389,8165,-59,285
13,2503,25280411,0,-1,0
4,2505,25290395,8165,-55,281
13,2504,25290417,0,1,0
4,2506,25300602,8164,-67,277
13,2505,25300624,0,0,2
4,2507,25310561,8166,-60,285
13,2506,25310582,0,0,1
4,2508,25320529,8169,-67,290
13,2507,25320551,-2,-1,0
4,2509,25330660,8172,-59,281
13,2508,25330682,0,0,0
4,2510,25340765,8162,-66,272
13,2509,25340787,1,0,0
4,2511,25350802,8166,-71,281
13,2510,25350824,2,1,0
4,2512,25360835,8162,-62,289
13,2511,25360857,1,0,-1
4,2513,25370900,8166,-66,280
13,2512,25370922,0,1,0
4,2514,25381020,8172,-63,277
13,2513,25381042,0,-1,0
4,2515,25390970,8163,-59,284
13,2514,25390992,0,0,0
4,2516,25401064,8165,-47,278
13,2515,25401086,0,0,0
4,2517,25411109,8165,-36,281
13,2516,25411131,0,-2,0
4,2518,25421221,8169,-58,276
13,2517,25421243,0,0,-1
4,2519,25431260,8156,-56,270
13,2518,25431282,0,-2,0
4,2520,25441221,8161,-49,265
13,2519,25441243,-1,-3,1
4,2521,25451444,8159,-60,276
13,2520,25451466,0,-2,-1
4,2522,25461523,8178,-55,278
13,2521,25461545,0,-2,0
4,2523,25471527,8169,-69,286
13,2522,25471549,0,0,0
4,2524,25481467,8175,-59,276
13,2523,25481489,0,-1,0
4,2525,25491611,8163,-52,272
13,2524,25491633,0,-1,1
4,2526,25501644,8155,-74,286
13,2525,25501666,0,0,-2
4,2527,25511667,8151,-50,272
13,2526,25511689,0,0,-1
4,2528,25521803,8174,-50,284
13,2527,25521825,-1,0,-1
4,2529,25531852,8172,-47,278
13,2528,25531874,0,1,0
4,2530,25541906,8169,-56,280
13,2529,25541928,1,0,0
4,2531,25551894,8168,-52,279
13,2530,25551916,0,0,0
4,2532,25561900,8158,-40,279
13,2531,25561922,0,1,-2
4,2533,25572012,8171,-60,272
13,2532,25572034,0,0,0
4,2534,25582143,8158,-59,288
13,2533,25582165,0,-1,-1
4,2535,25592151,8163,-50,286
13,2534,25592173,0,0,0
4,2536,25602247,8169,-63,276
13,2535,25602269,0,-1,0
4,2537,25612288,8167,-54,276
13,2536,25612310,1,0,0
4,2538,25622395,8169,-53,283
13,2537,25622417,0,0,1
4,2539,25632335,8183,-52,287
13,2538,25632357,-1,-1,1
4,2540,25642400,8163,-54,281
13,2539,25642422,-2,-1,1
4,2541,25652470,8159,-70,275
13,2540,25652492,-1,-1,0
4,2542,25662545,8166,-62,269
13,2541,25662567,0,0,-2
4,2543,25672558,8168,-55,271
13,2542,25672580,-1,-1,-3
4,2544,25682639,8163,-53,284
13,2543,25682660,-1,-2,-2
4,2545,25692655,8162,-49,284
13,2544,25692677,0,2,-1
4,2546,25702916,8161,-50,280
13,2545,25702938,0,1,0
4,2547,25712723,8162,-52,265
13,2546,25712745,0,-1,-2
4,2548,25722897,8164,-59,278
13,2547,25722919,0,1,0
4,2549,25732881,8161,-69,281
13,2548,25732903,1,-1,0
4,2550,25743049,8167,-42,268
13,2549,25743071,1,1,0
4,2551,25753061,8167,-50,276
13,2550,25753083,0,0,1
4,2552,25763037,8168,-62,285
13,2551,25763059,-1,-2,0
4,2553,25773133,8173,-53,298
13,2552,25773155,0,-2,-3
4,2554,25783257,8159,-59,280
13,2553,25783279,0,0,-3
4,2555,25793215,8155,-52,277
13,2554,25793237,0,-2,0
4,2556,25803291,8167,-66,285
13,2555,25803313,1,0,0
4,2557,25813307,8171,-57,292
13,2556,25813329,0,1,-2
4,2558,25823372,8167,-50,282
13,2557,25823394,2,1,0
4,2559,25833448,8175,-48,266
13,2558,25833497,0,0,0
4,2560,25843458,8170,-64,278
13,2559,25843480,3,0,0
4,2561,25853563,8157,-65,285
13,2560,25853585,1,0,-1
4,2562,25863656,8167,-61,285
13,2561,25863678,-2,-1,-1
4,2563,25873686,8170,-56,283
13,2562,25873708,0,-2,0
4,2564,25883729,8163,-66,278
13,2563,25883750,0,-1,0
4,2565,25893786,8157,-62,277
13,2564,25893808,0,0,1
4,2566,25903876,8171,-49,280
13,2565,25903898,0,-1,1
4,2567,25913978,8169,-62,285
13,2566,25914000,0,-1,0
4,2568,25923980,8174,-70,271
13,2567,25924002,-1,-2,0
4,2569,25934030,8166,-52,289
13,2568,25934052,0,0,1
4,2570,25944139,8168,-48,282
13,2569,25944161,0,0,0
4,2571,25954185,8163,-45,276
13,2570,25954235,2,0,0
4,2572,25964235,8162,-63,275
13,2571,25964257,1,0,0
4,2573,25974298,8174,-53,280
13,2572,25974320,0,0,0
4,2574,25984409,8169,-56,269
13,2573,25984431,-1,0,0
4,2575,25994337,8164,-64,291
13,2574,25994359,0,-1,0
4,2576,26004410,8168,-62,281
13,2575,26004432,0,0,0
4,2577,26014544,8170,-69,282
13,2576,26014566,-4,1,0
4,2578,26024619,8167,-65,274
13,2577,26024641,-2,-1,0
4,2579,26034611,8153,-57,272
13,2578,26034633,0,0,0
4,2580,26044636,8171,-40,278
13,2579,26044658,0,-1,0
4,2581,26054697,8170,-57,289
13,2580,26054719,2,-1,0
4,2582,26064802,8167,-58,285
13,2581,26064824,0,-1,1
4,2583,26074857,8168,-52,282
13,2582,26074879,-2,0,0
4,2584,26084877,8165,-43,284
13,2583,26084926,0,1,0
4,2585,26095000,8166,-52,291
13,2584,26095022,0,1,-2
4,2586,26105156,8167,-58,279
13,2585,26105178,0,-2,-1
4,2587,26115097,8170,-57,277
13,2586,26115119,2,0,0
4,2588,26125200,8166,-60,276
13,2587,26125221,1,0,1
4,2589,26135217,8166,-60,265
13,2588,26135239,0,-1,0
4,2590,26145288,8167,-55,285
13,2589,26145310,0,-1,-2
4,2591,26155388,8171,-47,280
13,2590,26155410,0,0,1
4,2592,26165345,8161,-65,284
13,2591,26165367,0,-1,1
4,2593,26175481,8166,-59,280
13,2592,26175503,0,0,0
4,2594,26185607,8170,-63,281
13,2593,26185629,0,0,2
4,2595,26195539,8160,-66,289
13,2594,26195561,1,0,0
4,2596,26205644,8166,-50,288
13,2595,26205666,-1,-1,-2
4,2597,26215742,8154,-58,290
13,2596,26215764,-1,0,0
4,2598,26225899,8167,-51,279
13,2597,26225921,0,0,1
4,2599,26235817,8169,-57,286
13,2598,26235839,0,1,-1
4,2600,26245971,8162,-57,283
13,2599,26245993,0,0,0
4,2601,26255983,8161,-49,294
13,2600,26256005,0,-1,0
4,2602,26266066,8168,-57,278
13,2601,26266088,2,1,0
4,2603,26276153,8169,-67,274
13,2602,26276175,0,0,0
4,2604,26286104,8165,-52,276
13,2603,26286126,-2,-2,0
4,2605,26296216,8163,-50,282
13,2604,26296238,-1,-3,0
4,2606,26306298,8173,-66,289
13,2605,26306320,0,-2,0
4,2607,26316342,8159,-59,281
13,2606,26316364,0,0,-1
4,2608,26326380,8160,-57,281
13,2607,26326402,2,-3,0
4,2609,26336497,8167,-65,287
13,2608,26336519,-1,-4,0
4,2610,26346727,8166,-52,277
13,2609,26346749,0,-2,1
4,2611,26356666,8171,-55,277
13,2610,26356688,-1,-2,0
4,2612,26366689,8156,-57,272
13,2611,26366711,0,0,0
4,2613,26376669,8167,-59,289
13,2612,26376691,1,-2,0
4,2614,26386861,8170,-50,280
13,2613,26386883,0,-5,2
4,2615,26396893,8159,-52,282
13,2614,26396915,0,-3,0
4,2616,26406833,8162,-54,280
13,2615,26406855,0,0,0
4,2617,26417013,8172,-64,290
13,2616,26417035,0,0,0
4,2618,26427090,8157,-64,278
13,2617,26427112,0,-3,0
4,2619,26437056,8154,-65,277
13,2618,26437078,0,0,0
4,2620,26447118,8174,-52,288
13,2619,26447140,0,0,-1
4,2621,26457182,8180,-53,286
13,2620,26457204,0,-1,2
4,2622,26467291,8166,-48,286
13,2621,26467313,0,0,0
4,2623,26477362,8170,-57,276
13,2622,26477384,0,0,-1
4,2624,26487402,8168,-52,281
13,2623,26487424,0,1,0
4,2625,26497393,8166,-59,277
13,2624,26497415,0,0,0
4,2626,26507574,8177,-63,289
13,2625,26507596,0,0,-3
4,2627,26517571,8171,-53,283
13,2626,26517593,0,0,0
4,2628,26527644,8170,-54,275
13,2627,26527666,0,-2,0
4,2629,26537636,8160,-60,275
13,2628,26537657,0,-1,-1
4,2630,26547779,8167,-61,281
13,2629,26547801,-1,-1,0
4,2631,26557749,8170,-57,284
13,2630,26557771,0,0,0
4,2632,26567802,8166,-58,297
13,2631,26567824,-1,0,0
4,2633,26577881,8162,-50,288
13,2632,26577903,0,0,0
4,2634,26588059,8172,-47,281
13,2633,26588081,0,0,0
4,2635,26598058,8162,-55,275
13,2634,26598080,0,0,0
4,2636,26608020,8154,-68,280
13,2635,26608042,0,0,0
4,2637,26618128,8164,-66,283
13,2636,26618150,0,0,0
4,2638,26628211,8166,-64,284
13,2637,26628233,0,0,-1
4,2639,26638215,8161,-53,286
13,2638,26638237,0,0,0
4,2640,26648309,8172,-56,284
13,2639,26648331,0,0,0
4,2641,26658353,8161,-51,277
13,2640,26658375,-1,-1,0
4,2642,26668508,8174,-58,272
13,2641,26668530,0,-1,0
4,2643,26678474,8169,-64,286
13,2642,26678496,0,-2,-1
4,2644,26688531,8161,-47,269
13,2643,26688553,0,-1,-1
4,2645,26698608,8171,-63,281
13,2644,26698630,1,-1,0
4,2646,26708616,8173,-59,280
13,2645,26708638,1,0,0
4,2647,26718737,8166,-62,268
13,2646,26718759,0,-1,-1
4,2648,26728809,8167,-62,274
13,2647,26728831,0,0,-1
4,2649,26738933,8164,-66,297
13,2648,26738955,2,0,-2
4,2650,26748975,8166,-54,276
13,2649,26748996,0,0,0
4,2651,26758963,8164,-50,278
13,2650,26758985,0,0,2
4,2652,26769024,8160,-52,271
13,2651,26769046,0,0,0
4,2653,26779037,8157,-62,280
13,2652,26779059,-1,0,0
4,2654,26789181,8171,-56,279
13,2653,26789203,0,-1,1
4,2655,26799188,8166,-61,283
13,2654,26799210,0,0,0
4,2656,26809321,8156,-53,287
13,2655,26809343,1,0,-1
4,2657,26819391,8164,-62,276
13,2656,26819413,-1,-1,0
4,2658,26829420,8170,-53,282
13,2657,26829469,0,0,-1
4,2659,26839475,8160,-58,286
13,2658,26839497,3,0,0
4,2660,26849527,8162,-55,280
13,2659,26849549,0,0,-1
4,2661,26859594,8165,-68,286
13,2660,26859616,-1,-2,-1
4,2662,26869624,8162,-56,276
13,2661,26869646,-1,-1,0
4,2663,26879669,8164,-64,274
13,2662,26879691,0,0,0
4,2664,26889739,8158,-59,279
13,2663,26889761,0,-3,0
4,2665,26899798,8168,-59,282
13,2664,26899820,2,0,0
4,2666,26909960,8167,-50,289
13,2665,26909982,0,0,1
4,2667,26919949,8165,-56,284
13,2666,26919971,-1,-2,0
4,2668,26929985,8159,-54,277
13,2667,26930007,0,-1,0
4,2669,26940020,8151,-53,288
13,2668,26940042,2,-2,-1
4,2670,26950082,8162,-67,272
13,2669,26950104,-1,1,-3
4,2671,26960162,8155,-62,282
13,2670,26960211,0,0,1
4,2672,26970222,8158,-54,286
13,2671,26970244,1,0,1
4,2673,26980293,8169,-52,276
13,2672,26980315,0,1,-2
4,2674,26990419,8173,-53,276
13,2673,26990441,0,2,2
4,2675,27000381,8168,-67,274
13,2674,27000403,-1,0,0
4,2676,27010363,8163,-68,279
13,2675,27010385,0,0,-1
4,2677,27020495,8167,-69,285
13,2676,27020517,0,-1,0
4,2678,27030551,8170,-57,286
13,2677,27030573,0,-1,0
4,2679,27040602,8165,-57,285
13,2678,27040624,1,-2,2
4,2680,27050679,8165,-54,290
13,2679,27050701,1,0,0
4,2681,27060764,8158,-53,284
13,2680,27060785,-1,0,0
4,2682,27070906,8161,-55,290
13,2681,27070955,0,0,0
4,2683,27080935,8160,-57,284
13,2682,27080958,0,-1,0
4,2684,27090951,8159,-52,274
13,2683,27090973,-1,0,0
4,2685,27101055,8170,-54,281
13,2684,27101077,0,1,0
4,2686,27111143,8169,-53,288
13,2685,27111165,2,2,-2
4,2687,27121141,8169,-53,278
13,2686,27121163,0,-1,0
4,2688,27131182,8151,-67,289
13,2687,27131204,-1,0,1
4,2689,27141291,8154,-47,281
13,2688,27141313,0,0,0
4,2690,27151339,8161,-53,272
13,2689,27151361,0,0,-3
4,2691,27161353,8162,-52,279
13,2690,27161374,0,0,0
4,2692,27171375,8164,-56,284
13,2691,27171397,-1,-1,1
4,2693,27181490,8155,-58,276
13,2692,27181512,0,0,0
4,2694,27191644,8160,-64,285
13,2693,27191666,0,0,-2
4,2695,27201626,8166,-62,281
13,2694,27201648,0,0,-1
4,2696,27211696,8163,-58,291
13,2695,27211718,0,1,-1
4,2697,27221779,8169,-61,283
13,2696,27221801,0,0,0
4,2698,27231909,8156,-64,270
13,2697,27231931,0,0,0
4,2699,27241900,8155,-56,277
13,2698,27241922,0,1,0
4,2700,27251942,8167,-50,284
13,2699,27251964,1,0,0
4,2701,27261973,8162,-45,291
13,2700,27261995,-1,-2,1
4,2702,27272008,8153,-54,283
13,2701,27272030,0,-2,-1
4,2703,27282097,8159,-55,284
13,2702,27282119,0,3,-1
4,2704,27292151,8172,-59,290
13,2703,27292173,0,0,-3
4,2705,27302231,8160,-45,275
13,2704,27302253,0,0,-3
4,2706,27312428,8161,-52,286
13,2705,27312450,0,3,0
4,2707,27322272,8162,-55,273
13,2706,27322294,-1,1,0
4,2708,27332397,8161,-70,286
13,2707,27332419,0,0,0
4,2709,27342479,8175,-59,284
13,2708,27342501,0,1,0
4,2710,27352585,8167,-48,271
13,2709,27352607,-1,0,-1
4,2711,27362641,8169,-48,281
13,2710,27362663,0,0,-1
4,2712,27372628,8154,-56,278
13,2711,27372650,0,0,0
4,2713,27382751,8170,-62,278
13,2712,27382773,1,0,0
4,2714,27392855,8171,-61,280
13,2713,27392877,1,2,-1
4,2715,27402827,8164,-47,302
13,2714,27402849,-2,1,1
4,2716,27412818,8169,-51,282
13,2715,27412840,0,2,0
4,2717,27422943,8176,-54,278
13,2716,27422965,0,3,0
4,2718,27433034,8174,-46,281
13,2717,27433056,2,0,1
4,2719,27443059,8154,-56,284
13,2718,27443080,0,-1,0
4,2720,27453212,8168,-55,286
13,2719,27453234,-3,0,0
4,2721,27463195,8167,-61,277
13,2720,27463217,0,0,-3
4,2722,27473369,8168,-57,281
13,2721,27473391,0,-3,0
4,2723,27483303,8163,-57,281
13,2722,27483325,-2,-2,1
4,2724,27493371,8167,-59,278
13,2723,27493393,0,-1,0
4,2725,27503414,8167,-69,281
13,2724,27503436,1,1,1
4,2726,27513498,8168,-55,288
13,2725,27513520,0,0,0
4,2727,27523480,8154,-52,282
13,2726,27523502,2,-1,0
4,2728,27533613,8172,-60,269
13,2727,27533635,2,-3,0
4,2729,27543663,8157,-64,283
13,2728,27543685,0,-2,0
4,2730,27553787,8167,-51,293
13,2729,27553809,-1,0,0
4,2731,27563747,8168,-50,284
13,2730,27563769,-1,0,-1
4,2732,27573874,8161,-58,279
13,2731,27573896,0,0,1
4,2733,27583801,8166,-57,271
13,2732,27583823,0,1,0
4,2734,27593992,8162,-54,279
13,2733,27594014,0,-1,1
4,2735,27604005,8169,-59,289
13,2734,27604027,0,-2,1
4,2736,27614091,8167,-54,288
13,2735,27614113,0,-1,0
4,2737,27624072,8167,-61,282
13,2736,27624094,-1,-1,0
4,2738,27634269,8166,-51,277
13,2737,27634291,0,0,0
4,2739,27644196,8165,-54,282
13,2738,27644218,1,1,-1
4,2740,27654358,8153,-61,288
13,2739,27654380,0,0,0
4,2741,27664377,8153,-62,276
13,2740,27664399,0,-2,0
4,2742,27674393,8161,-66,275
13,2741,27674415,-2,0,-1
4,2743,27684472,8159,-63,271
13,2742,27684494,-1,0,2
4,2744,27694514,8166,-56,280
13,2743,27694536,-3,0,0
4,2745,27704612,8172,-58,288
13,2744,27704634,0,0,0
4,2746,27714694,8165,-58,283
13,2745,27714716,0,-1,0
4,2747,27724728,8171,-46,283
13,2746,27724750,3,-3,0
4,2748,27734807,8174,-60,284
13,2747,27734829,-1,2,1
4,2749,27744833,8156,-72,288
13,2748,27744855,0,3,0
4,2750,27754933,8169,-67,279
13,2749,27754955,0,1,0
4,2751,27764912,8167,-48,272
13,2750,27764934,0,0,-1
4,2752,27774968,8168,-56,280
13,2751,27774990,0,0,1
4,2753,27784971,8165,-64,280
13,2752,27784993,1,0,1
4,2754,27795238,8175,-61,278
13,2753,27795260,0,1,-2
4,2755,27805178,8168,-50,276
13,2754,27805200,-1,1,-1
4,2756,27815230,8168,-65,284
13,2755,27815252,0,0,0
4,2757,27825233,8162,-55,286
13,2756,27825255,0,1,1
4,2758,27835411,8165,-52,282
13,2757,27835433,0,0,0
4,2759,27845442,8166,-45,279
13,2758,27845464,0,-1,0
4,2760,27855410,8174,-58,283
13,2759,27855432,1,0,0
4,2761,27865538,8166,-55,274
13,2760,27865560,1,0,1
4,2762,27875656,8169,-61,280
13,2761,27875678,0,1,1
4,2763,27885572,8165,-63,282
13,2762,27885594,0,0,0
4,2764,27895677,8169,-61,289
13,2763,27895699,0,0,0
4,2765,27905714,8162,-65,290
13,2764,27905736,0,0,0
4,2766,27915817,8159,-53,288
13,2765,27915839,-2,2,0
4,2767,27925828,8169,-59,280
13,2766,27925850,-1,0,0
4,2768,27935883,8179,-58,281
13,2767,27935905,-1,0,1
4,2769,27945954,8165,-52,279
13,2768,27945976,0,0,2
4,2770,27956118,8183,-53,285
13,2769,27956140,-1,-2,1
4,2771,27966057,8174,-60,285
13,2770,27966079,0,0,0
4,2772,27976095,8172,-56,280
13,2771,27976117,0,-3,0
4,2773,27986194,8162,-57,285
13,2772,27986216,0,-2,1
4,2774,27996289,8155,-58,283
13,2773,27996311,0,0,0
4,2775,28006206,8158,-58,274
13,2774,28006228,-1,1,0
4,2776,28016385,8169,-48,279
13,2775,28016407,0,0,-1
4,2777,28026371,8155,-46,273
13,2776,28026393,-1,0,2
4,2778,28036599,8167,-52,281
13,2777,28036621,0,3,0
4,2779,28046428,8158,-64,286
13,2778,28046449,1,0,0
4,2780,28056525,8164,-55,275
13,2779,28056547,1,0,0
4,2781,28066601,8163,-54,282
13,2780,28066623,-2,0,0
4,2782,28076689,8165,-47,284
13,2781,28076711,-1,0,0
4,2783,28086786,8174,-47,294
13,2782,28086808,0,-3,-1
4,2784,28096856,8173,-65,281
13,2783,28096878,-1,0,-1
4,2785,28106817,8166,-63,276
13,2784,28106839,0,0,0
4,2786,28116967,8174,-56,278
13,2785,28116989,0,-1,0
4,2787,28126898,8176,-56,282
13,2786,28126920,0,1,-3
4,2788,28136983,8177,-52,289
13,2787,28137005,0,0,0
4,2789,28147059,8158,-46,280
13,2788,28147081,0,-3,0
4,2790,28157161,8166,-51,279
13,2789,28157183,0,-1,1
4,2791,28167231,8162,-67,273
13,2790,28167253,0,0,0
4,2792,28177245,8166,-69,276
13,2791,28177267,1,0,0
4,2793,28187302,8167,-63,289
13,2792,28187324,0,0,0
4,2794,28197489,8159,-47,272
13,2793,28197511,0,-3,0
4,2795,28207423,8158,-55,288
13,2794,28207472,0,-3,1
4,2796,28217494,8171,-63,283
13,2795,28217516,0,1,0
4,2797,28227576,8153,-59,277
13,2796,28227598,1,0,-3
4,2798,28237637,8167,-56,283
13,2797,28237659,0,0,-3
4,2799,28247683,8163,-63,283
13,2798,28247705,1,-4,0
4,2800,28257718,8175,-59,280
13,2799,28257740,-1,-1,0
4,2801,28267827,8180,-55,277
13,2800,28267849,-1,-2,2
4,2802,28277875,8159,-66,279
13,2801,28277897,-2,-1,1
4,2803,28287927,8170,-58,271
13,2802,28287948,0,0,0
4,2804,28297907,8173,-56,270
13,2803,28297929,0,0,0
4,2805,28308060,8166,-58,283
13,2804,28308082,0,1,0
4,2806,28318166,8162,-58,271
13,2805,28318188,0,-2,1
4,2807,28328116,8165,-49,284
13,2806,28328138,-1,0,0
4,2808,28338189,8174,-57,289
13,2807,28338211,-1,0,0
4,2809,28348273,8162,-61,280
13,2808,28348295,-1,-2,0
4,2810,28358403,8169,-61,268
13,2809,28358425,0,-3,-1
4,2811,28368396,8180,-70,271
13,2810,28368418,0,-1,0
4,2812,28378405,8167,-52,283
13,2811,28378427,1,-3,-1
4,2813,28388427,8176,-62,277
13,2812,28388449,1,-1,1
4,2814,28398540,8164,-57,287
13,2813,28398562,1,0,0
4,2815,28408525,8163,-45,284
13,2814,28408547,-2,0,0
4,2816,28418645,8159,-62,274
13,2815,28418667,0,0,0
4,2817,28428632,8162,-61,273
13,2816,28428654,-2,0,-1
4,2818,28438881,8165,-62,283
13,2817,28438903,0,-1,0
4,2819,28448814,8160,-62,288
13,2818,28448836,-1,-1,-1
4,2820,28458865,8164,-51,284
13,2819,28458915,0,3,0
4,2821,28468952,8161,-56,275
13,2820,28468974,0,0,0
4,2822,28479081,8178,-59,270
13,2821,28479103,0,1,-2
4,2823,28489059,8161,-61,283
13,2822,28489081,0,-1,0
4,2824,28499114,8156,-59,273
13,2823,28499136,1,0,0
4,2825,28509128,8175,-48,274
13,2824,28509149,2,2,0
4,2826,28519368,8173,-63,285
13,2825,28519390,1,0,0
4,2827,28529289,8163,-57,285
13,2826,28529311,0,0,1
4,2828,28539324,8157,-58,286
13,2827,28539346,2,0,-1
4,2829,28549395,8172,-61,289
13,2828,28549417,0,1,0
4,2830,28559440,8164,-59,270
13,2829,28559462,0,-2,2
4,2831,28569520,8160,-62,285
13,2830,28569542,0,-2,-2
4,2832,28579674,8167,-57,273
13,2831,28579696,0,-1,-2
4,2833,28589669,8164,-53,276
13,2832,28589691,0,1,0
4,2834,28599846,8170,-60,282
13,2833,28599868,0,0,0
4,2835,28609785,8166,-58,278
13,2834,28609807,1,1,2
4,2836,28619849,8167,-48,273
13,2835,28619871,0,1,0
4,2837,28629900,8156,-61,277
13,2836,28629922,0,0,-2
4,2838,28640059,8162,-66,277
13,2837,28640081,0,1,0
4,2839,28650040,8168,-57,281
13,2838,28650062,0,1,0
4,2840,28660054,8164,-68,277
13,2839,28660076,0,1,1
4,2841,28670169,8166,-60,283
13,2840,28670191,0,0,1
4,2842,28680279,8161,-54,282
13,2841,28680301,0,0,1
4,2843,28690294,8157,-58,271
13,2842,28690316,2,1,0
4,2844,28700311,8162,-46,271
13,2843,28700333,0,-2,1
4,2845,28710359,8159,-59,271
13,2844,28710408,-1,2,2
4,2846,28720541,8161,-63,270
13,2845,28720563,0,1,1
4,2847,28730439,8166,-65,278
13,2846,28730461,0,3,0
4,2848,28740550,8174,-48,267
13,2847,28740572,-1,2,1
4,2849,28750584,8173,-57,280
13,2848,28750606,0,2,-2
4,2850,28760682,8161,-50,283
13,2849,28760704,3,1,-2
4,2851,28770707,8170,-66,274
13,2850,28770729,0,-1,0
4,2852,28780769,8159,-64,274
13,2851,28780791,0,-1,0
4,2853,28790876,8155,-63,278
13,2852,28790898,0,-1,0
4,2854,28800871,8155,-48,276
13,2853,28800893,1,0,0
4,2855,28810991,8163,-52,284
13,2854,28811013,0,1,-1
4,2856,28820990,8165,-64,281
13,2855,28821012,0,1,0
4,2857,28831023,8157,-57,289
13,2856,28831045,0,0,0
4,2858,28841331,8159,-58,292
13,2857,28841353,0,-1,1
4,2859,28851169,8167,-49,279
13,2858,28851191,0,2,1
4,2860,28861278,8170,-49,276
13,2859,28861300,0,3,1
4,2861,28871314,8165,-44,281
13,2860,28871336,1,0,0
4,2862,28881407,8165,-53,293
13,2861,28881429,0,-1,-2
4,2863,28891444,8163,-48,271
13,2862,28891466,0,0,0
4,2864,28901486,8161,-50,282
13,2863,28901508,-1,1,0
4,2865,28911621,8165,-54,276
13,2864,28911643,-1,0,1
4,2866,28921755,8171,-64,283
13,2865,28921777,-1,0,0
4,2867,28931675,8165,-58,274
13,2866,28931697,0,1,-2
4,2868,28941657,8156,-50,271
13,2867,28941679,0,0,0
4,2869,28951853,8153,-50,268
13,2868,28951902,0,1,0
4,2870,28961991,8167,-57,285
13,2869,28962013,2,0,-1
4,2871,28971887,8161,-64,289
13,2870,28971909,0,0,0
4,2872,28982053,8165,-58,271
13,2871,28982075,0,2,2
4,2873,28992085,8179,-57,285
13,2872,28992107,0,1,0
4,2874,29002213,8160,-54,280
13,2873,29002235,-1,1,0
4,2875,29012172,8155,-56,287
13,2874,29012193,-1,-1,-1
4,2876,29022237,8169,-60,280
13,2875,29022259,-1,1,2
4,2877,29032298,8176,-61,271
13,2876,29032320,0,2,2
4,2878,29042433,8158,-57,289
13,2877,29042455,2,0,0
4,2879,29052407,8170,-53,294
13,2878,29052428,-1,0,0
4,2880,29062420,8166,-60,286
13,2879,29062442,0,0,0
4,2881,29072530,8161,-46,264
13,2880,29072552,1,-3,0
4,2882,29082765,8167,-50,269
13,2881,29082787,0,-2,0
4,2883,29092716,8170,-59,287
13,2882,29092738,0,0,0
4,2884,29102744,8171,-60,281
13,2883,29102766,1,2,-2
4,2885,29112852,8156,-61,283
13,2884,29112874,0,0,0
4,2886,29122882,8167,-59,268
13,2885,29122904,0,0,0
4,2887,29132881,8151,-46,268
13,2886,29132903,1,0,1
4,2888,29142944,8169,-53,281
13,2887,29142966,-1,1,0
4,2889,29153041,8172,-56,275
13,2888,29153063,0,3,0
4,2890,29163235,8165,-60,279
13,2889,29163257,0,0,0
4,2891,29173107,8163,-50,277
13,2890,29173129,0,0,0
4,2892,29183212,8179,-54,272
13,2891,29183234,0,-1,0
4,2893,29193291,8165,-64,276
13,2892,29193313,0,0,-1
4,2894,29203362,8157,-64,288
13,2893,29203384,1,0,0
4,2895,29213411,8176,-43,291
13,2894,29213433,0,3,-2
4,2896,29223513,8170,-45,277
13,2895,29223535,0,3,-1
4,2897,29233534,8162,-60,292
13,2896,29233556,1,1,1
4,2898,29243709,8163,-59,283
13,2897,29243731,0,2,-1
4,2899,29253652,8159,-55,283
13,2898,29253674,0,2,0
4,2900,29263712,8168,-50,291
13,2899,29263734,0,1,-1
4,2901,29273714,8178,-51,280
13,2900,29273736,0,2,0
4,2902,29283873,8164,-59,282
13,2901,29283895,0,3,0
4,2903,29293909,8166,-55,277
13,2902,29293931,0,0,0
4,2904,29304018,8180,-54,269
13,2903,29304040,2,0,0
4,2905,29314007,8170,-62,281
13,2904,29314029,0,0,0
4,2906,29324224,8169,-63,276
13,2905,29324246,-1,1,-1
4,2907,29334163,8161,-50,266
13,2906,29334213,0,1,0
4,2908,29344189,8159,-64,277
13,2907,29344211,0,0,-1
4,2909,29354283,8166,-56,280
13,2908,29354305,1,0,0
4,2910,29364401,8171,-47,278
13,2909,29364423,0,3,1
4,2911,29374437,8173,-55,275
13,2910,29374459,0,2,-1
4,2912,29384510,8175,-69,285
13,2911,29384532,0,0,0
4,2913,29394435,8165,-69,275
13,2912,29394457,0,0,1
4,2914,29404691,8166,-61,279
13,2913,29404713,0,0,0
4,2915,29414641,8166,-60,280
13,2914,29414662,-2,0,-2
4,2916,29424685,8169,-46,286
13,2915,29424707,1,0,-1
4,2917,29434728,8171,-51,285
13,2916,29434750,0,0,0
4,2918,29444865,8162,-53,279
13,2917,29444887,0,0,0
4,2919,29454900,8163,-63,285
13,2918,29454922,1,0,0
4,2920,29464958,8167,-56,293
13,2919,29464980,0,-2,0
4,2921,29475056,8158,-51,283
13,2920,29475078,1,-1,1
4,2922,29485242,8157,-54,269
13,2921,29485263,-1,2,0
4,2923,29495146,8157,-58,275
13,2922,29495168,-1,-1,0
4,2924,29505196,8169,-47,284
13,2923,29505218,-2,0,0
4,2925,29515217,8168,-63,287
13,2924,29515239,0,-1,0
4,2926,29525368,8170,-67,279
13,2925,29525390,0,1,1
4,2927,29535389,8162,-63,272
13,2926,29535411,0,0,0
4,2928,29545454,8162,-69,278
13,2927,29545476,0,2,-2
4,2929,29555490,8164,-55,280
13,2928,29555512,0,0,0
4,2930,29565650,8164,-49,284
13,2929,29565672,-1,-1,2
4,2931,29575559,8166,-53,267
13,2930,29575581,0,0,0
4,2932,29585693,8171,-59,281
13,2931,29585715,-2,0,0
4,2933,29595725,8161,-50,276
13,2932,29595747,-2,-2,0
4,2934,29605836,8168,-53,286
13,2933,29605858,0,1,2
4,2935,29615904,8161,-50,277
13,2934,29615926,1,0,1
4,2936,29625940,8161,-60,276
13,2935,29625962,0,1,0
4,2937,29636004,8167,-56,278
13,2936,29636026,-1,2,-3
4,2938,29646207,8170,-49,272
13,2937,29646229,-1,2,-1
4,2939,29656093,8158,-66,276
13,2938,29656115,0,0,0
4,2940,29666238,8159,-67,268
13,2939,29666260,0,2,0
4,2941,29676279,8164,-50,278
13,2940,29676301,-1,1,0
4,2942,29686335,8177,-56,283
13,2941,29686357,1,-1,0
4,2943,29696352,8165,-55,274
13,2942,29696374,0,1,1
4,2944,29706508,8167,-58,285
13,2943,29706530,0,0,0
4,2945,29716473,8164,-61,280
13,2944,29716495,1,1,-3
4,2946,29726657,8149,-55,282
13,2945,29726679,1,-1,1
4,2947,29736599,8161,-46,283
13,2946,29736621,-1,0,1
4,2948,29746698,8162,-57,283
13,2947,29746720,0,2,0
4,2949,29756794,8159,-56,284
13,2948,29756816,0,0,0
4,2950,29766824,8162,-55,279
13,2949,29766846,0,-2,-1
4,2951,29776871,8165,-52,281
13,2950,29776893,0,0,2
4,2952,29786925,8170,-59,273
13,2951,29786946,-1,2,1
4,2953,29797006,8161,-55,283
13,2952,29797028,1,2,0
4,2954,29807155,8170,-49,281
13,2953,29807177,1,0,-2
4,2955,29817128,8160,-53,278
13,2954,29817150,0,-3,-1
4,2956,29827180,8167,-65,269
13,2955,29827201,0,0,0
4,2957,29837200,8164,-48,275
13,2956,29837222,1,3,0
4,2958,29847390,8163,-53,285
13,2957,29847412,0,0,1
4,2959,29857430,8181,-50,281
13,2958,29857452,0,0,1
4,2960,29867478,8169,-52,280
13,2959,29867500,1,-2,0
4,2961,29877552,8160,-60,282
13,2960,29877574,0,-1,1
4,2962,29887600,8173,-54,287
13,2961,29887622,-1,0,-1
4,2963,29897636,8162,-46,278
13,2962,29897658,0,2,0
4,2964,29907681,8166,-60,293
13,2963,29907703,0,1,0
4,2965,29917761,8170,-55,298
13,2964,29917783,0,1,-1
4,2966,29927860,8172,-53,278
13,2965,29927882,0,0,0
4,2967,29937821,8166,-52,275
13,2966,29937843,0,0,0
4,2968,29947958,8167,-54,281
13,2967,29947980,0,0,0
4,2969,29958014,8169,-62,284
13,2968,29958064,-1,-1,0
4,2970,29968199,8158,-62,281
13,2969,29968221,0,1,1
4,2971,29978120,8166,-61,282
13,2970,29978142,0,1,0
4,2972,29988224,8164,-58,287
13,2971,29988246,0,0,0
4,2973,29998293,8169,-58,286
13,2972,29998315,0,-1,0
4,2974,30008360,8175,-56,289
13,2973,30008382,0,0,0
4,2975,30018447,8154,-57,283
13,2974,30018468,-3,0,0
4,2976,30028462,8173,-63,278
13,2975,30028484,0,0,0
4,2977,30038521,8164,-67,281
13,2976,30038542,1,0,0
4,2978,30048662,8164,-63,284
13,2977,30048684,-1,0,2
4,2979,30058624,8165,-49,288
13,2978,30058646,0,-1,2
4,2980,30068707,8173,-50,288
13,2979,30068729,0,3,-1
4,2981,30078752,8166,-52,283
13,2980,30078774,0,-1,0
4,2982,30088825,8170,-50,279
13,2981,30088847,-1,-2,-1
4,2983,30098954,8154,-49,284
13,2982,30098976,0,3,-1
4,2984,30108987,8158,-71,291
13,2983,30109009,0,0,0
4,2985,30119034,8164,-60,280
13,2984,30119056,1,0,0
4,2986,30129164,8170,-58,283
13,2985,30129186,-1,2,-1
4,2987,30139210,8165,-52,276
13,2986,30139232,0,0,-2
4,2988,30149149,8161,-57,267
13,2987,30149171,1,-2,0
4,2989,30159273,8160,-59,277
13,2988,30159295,2,0,2
4,2990,30169347,8166,-46,284
13,2989,30169369,1,0,0
4,2991,30179393,8163,-50,274
13,2990,30179415,0,3,-1
4,2992,30189391,8171,-57,280
13,2991,30189413,1,0,-1
4,2993,30199522,8165,-49,290
13,2992,30199544,2,0,0
4,2994,30209644,8158,-39,293
13,2993,30209666,-1,0,0
4,2995,30219700,8162,-53,283
13,2994,30219722,0,1,0
4,2996,30229751,8159,-60,287
13,2995,30229773,-2,0,-1
4,2997,30239713,8163,-55,288
13,2996,30239735,1,1,1
4,2998,30249878,8163,-65,277
13,2997,30249899,0,1,0
4,2999,30259893,8150,-50,294
13,2998,30259915,0,4,-2
4,3000,30269961,8154,-45,290
13,2999,30269983,2,3,0
4,3001,30279978,8168,-59,282
13,3000,30280000,1,0,0
4,3002,30290172,8169,-53,274
13,3001,30290194,-2,-1,1
4,3003,30300138,8162,-43,276
13,3002,30300160,0,3,1
4,3004,30310182,8162,-47,274
13,3003,30310204,0,0,1
4,3005,30320289,8166,-57,277
13,3004,30320311,0,0,-1
4,3006,30330360,8159,-53,287
13,3005,30330409,0,2,-2
4,3007,30340415,8165,-47,288
13,3006,30340437,1,2,-1
4,3008,30350426,8166,-51,278
13,3007,30350448,1,-3,0
4,3009,30360611,8159,-65,275
13,3008,30360633,0,-1,1
4,3010,30370704,8167,-62,294
13,3009,30370726,0,3,1
4,3011,30380631,8172,-55,293
13,3010,30380653,-1,3,0
4,3012,30390671,8175,-43,281
13,3011,30390693,0,1,0
4,3013,30400776,8169,-55,276
13,3012,30400798,-1,2,1
4,3014,30410866,8177,-63,275
13,3013,30410888,0,0,0
4,3015,30420830,8169,-60,287
13,3014,30420852,0,0,-2
4,3016,30430961,8175,-55,289
13,3015,30430982,0,0,-2
4,3017,30441060,8172,-60,278
13,3016,30441082,0,-2,-1
4,3018,30451130,8175,-56,284
13,3017,30451152,0,2,-1
4,3019,30461212,8171,-51,291
13,3018,30461234,-1,2,0
4,3020,30471258,8170,-61,285
13,3019,30471280,0,0,0
4,3021,30481318,8156,-62,279
13,3020,30481340,0,-1,0
4,3022,30491425,8152,-46,284
13,3021,30491447,0,0,1
4,3023,30501425,8161,-66,277
13,3022,30501447,1,0,1
4,3024,30511497,8177,-74,282
13,3023,30511519,0,1,0
4,3025,30521542,8165,-65,276
13,3024,30521564,-1,0,-2
4,3026,30531726,8170,-67,281
13,3025,30531748,-1,0,0
4,3027,30541692,8166,-59,293
13,3026,30541714,0,0,0
4,3028,30551734,8161,-51,271
13,3027,30551756,0,0,0
4,3029,30561846,8160,-51,276
13,3028,30561868,0,0,0
4,3030,30571853,8168,-57,275
13,3029,30571875,-2,1,1
4,3031,30582015,8161,-57,281
13,3030,30582037,-1,1,0
4,3032,30592026,8165,-61,275
13,3031,30592048,1,2,-1
4,3033,30602157,8172,-45,266
13,3032,30602179,0,0,0
4,3034,30612181,8166,-61,270
13,3033,30612203,0,0,-1
4,3035,30622195,8162,-62,284
13,3034,30622217,0,1,1
4,3036,30632248,8162,-63,280
13,3035,30632270,1,1,0
4,3037,30642270,8158,-66,288
13,3036,30642292,3,0,0
4,3038,30652455,8168,-50,276
13,3037,30652477,2,0,0
4,3039,30662453,8160,-52,283
13,3038,30662475,1,2,0
4,3040,30672434,8166,-50,279
13,3039,30672456,0,0,0
4,3041,30682524,8163,-58,275
13,3040,30682546,-1,0,0
4,3042,30692650,8153,-51,281
13,3041,30692672,0,0,0
4,3043,30702675,8159,-44,284
13,3042,30702697,2,1,0
4,3044,30712745,8170,-54,278
13,3043,30712767,0,1,-3
4,3045,30722818,8166,-61,271
13,3044,30722840,-1,-1,0
4,3046,30732958,8161,-55,278
13,3045,30732980,0,1,2
4,3047,30742937,8159,-54,289
13,3046,30742959,0,2,2
4,3048,30752969,8156,-55,286
13,3047,30752991,0,0,0
4,3049,30763041,8169,-63,274
13,3048,30763063,0,1,0
4,3050,30773186,8169,-57,288
13,3049,30773208,2,0,0
4,3051,30783143,8175,-48,286
13,3050,30783165,1,2,0
4,3052,30793227,8171,-54,273
13,3051,30793249,0,0,1
4,3053,30803266,8160,-61,279
13,3052,30803287,0,-1,0
4,3054,30813369,8153,-65,271
13,3053,30813391,0,2,0
4,3055,30823406,8168,-53,261
13,3054,30823428,0,2,0
4,3056,30833531,8166,-63,280
13,3055,30833553,-1,0,0
4,3057,30843486,8177,-55,290
13,3056,30843508,0,-1,-1
4,3058,30853751,8173,-56,294
13,3057,30853773,-1,1,0
4,3059,30863616,8161,-64,276
13,3058,30863638,-1,1,0
4,3060,30873735,8171,-63,285
13,3059,30873757,0,0,0
4,3061,30883798,8164,-56,283
13,3060,30883820,-2,-2,1
4,3062,30893841,8176,-60,275
13,3061,30893863,0,0,2
4,3063,30903876,8175,-57,277
13,3062,30903897,1,1,1
4,3064,30913943,8164,-44,290
13,3063,30913965,-1,1,-1
4,3065,30924014,8169,-52,289
13,3064,30924036,0,0,0
4,3066,30934161,8159,-58,283
13,3065,30934183,0,1,3
4,3067,30944100,8168,-55,273
13,3066,30944122,0,0,1
4,3068,30954120,8174,-56,281
13,3067,30954142,-1,1,2
4,3069,30964266,8168,-66,287
13,3068,30964288,0,2,2
4,3070,30974308,8167,-56,279
13,3069,30974330,0,1,1
4,3071,30984396,8163,-49,282
13,3070,30984418,1,0,1
4,3072,30994365,8166,-57,276
13,3071,30994387,0,2,0
4,3073,31004476,8171,-53,277
13,3072,31004498,1,2,0
4,3074,31014609,8171,-55,287
13,3073,31014631,0,0,0
4,3075,31024615,8172,-54,270
13,3074,31024637,0,1,0
4,3076,31034628,8171,-60,284
13,3075,31034650,-3,0,1
4,3077,31044755,8163,-57,279
13,3076,31044777,-2,-1,0
4,3078,31054793,8179,-55,284
13,3077,31054815,-2,0,0
4,3079,31064804,8169,-51,278
13,3078,31064826,0,0,1
4,3080,31074833,8158,-55,275
13,3079,31074855,-1,-1,0
4,3081,31085027,8154,-55,283
13,3080,31085049,0,2,-2
4,3082,31095141,8166,-56,287
13,3081,31095163,1,3,0
4,3083,31105100,8174,-55,284
13,3082,31105122,1,3,-2
4,3084,31115146,8168,-52,288
13,3083,31115168,0,1,-1
4,3085,31125181,8153,-53,287
13,3084,31125203,0,1,0
4,3086,31135281,8164,-54,281
13,3085,31135303,1,-1,1
4,3087,31145406,8167,-55,277
13,3086,31145428,0,0,0
4,3088,31155387,8169,-64,286
13,3087,31155409,0,0,0
4,3089,31165478,8170,-59,288
13,3088,31165500,1,0,0
4,3090,31175610,8164,-55,284
13,3089,31175632,0,1,0
4,3091,31185584,8166,-59,276
13,3090,31185606,0,2,-2
4,3092,31195654,8164,-58,273
13,3091,31195676,0,0,-1
4,3093,31205768,8152,-54,277
13,3092,31205790,-1,1,-1
4,3094,31215844,8169,-60,282
13,3093,31215866,0,1,3
4,3095,31225857,8158,-57,283
13,3094,31225879,2,0,0
4,3096,31235917,8173,-54,284
13,3095,31235939,1,0,1
4,3097,31246009,8164,-53,279
13,3096,31246031,0,-2,0
4,3098,31256163,8168,-50,274
13,3097,31256185,-1,1,-1
4,3099,31266102,8159,-51,278
13,3098,31266124,0,3,1
4,3100,31276162,8175,-57,291
13,3099,31276184,-1,2,-2
4,3101,31286299,8163,-54,291
13,3100,31286321,-1,0,0
4,3102,31296271,8163,-70,285
13,3101,31296293,-1,0,-1
4,3103,31306368,8166,-71,277
13,3102,31306390,0,0,0
4,3104,31316427,8164,-60,279
13,3103,31316449,0,1,0
4,3105,31326415,8160,-50,291
13,3104,31326436,0,-2,0
4,3106,31336702,8161,-60,280
13,3105,31336724,0,-3,1
4,3107,31346630,8164,-62,281
13,3106,31346652,0,-1,0
4,3108,31356786,8166,-56,287
13,3107,31356808,0,-1,-1
4,3109,31366735,8159,-56,278
13,3108,31366757,0,-1,0
4,3110,31376900,8158,-58,277
13,3109,31376922,-1,-1,0
4,3111,31386894,8168,-55,282
13,3110,31386916,1,0,-1
4,3112,31396903,8166,-60,280
13,3111,31396925,0,1,0
4,3113,31407101,8164,-54,283
13,3112,31407123,-1,-1,0
4,3114,31417114,8169,-62,286
13,3113,31417136,-2,0,0
4,3115,31427149,8169,-56,284
13,3114,31427171,1,0,0
4,3116,31437208,8163,-62,283
13,3115,31437230,2,-2,0
4,3117,31447275,8160,-59,273
13,3116,31447297,0,0,0
4,3118,31457430,8168,-56,283
13,3117,31457452,0,2,0
4,3119,31467439,8162,-66,291
13,3118,31467461,0,0,0
4,3120,31477557,8166,-61,274
13,3119,31477579,0,0,0
4,3121,31487616,8161,-61,266
13,3120,31487638,-2,-2,0
4,3122,31497679,8171,-54,282
13,3121,31497701,1,0,-2
4,3123,31507607,8158,-58,283
13,3122,31507629,0,0,0
4,3124,31517762,8162,-60,292
13,3123,31517784,0,-2,-1
4,3125,31527831,8167,-48,280
13,3124,31527853,0,-3,0
4,3126,31537793,8170,-57,270
13,3125,31537815,0,-1,-2
4,3127,31547931,8164,-59,280
13,3126,31547953,0,0,0
4,3128,31557933,8170,-57,288
13,3127,31557955,0,-2,0
4,3129,31568031,8171,-54,276
13,3128,31568053,-1,0,0
4,3130,31578168,8167,-56,287
13,3129,31578190,0,0,1
4,3131,31588134,8159,-61,279
13,3130,31588156,-1,0,1
4,3132,31598224,8148,-70,275
13,3131,31598246,0,1,-1
4,3133,31608320,8159,-53,274
13,3132,31608342,0,0,0
4,3134,31618342,8169,-72,266
13,3133,31618364,0,0,0
4,3135,31628291,8167,-60,283
13,3134,31628313,2,0,0
4,3136,31638392,8169,-54,286
13,3135,31638414,1,0,0
4,3137,31648509,8159,-62,285
13,3136,31648531,0,0,0
4,3138,31658632,8171,-55,285
13,3137,31658654,-1,0,0
4,3139,31668556,8163,-55,279
13,3138,31668578,0,0,0
4,3140,31678654,8166,-61,279
13,3139,31678676,-2,0,0
4,3141,31688671,8165,-58,278
13,3140,31688693,0,0,-2
4,3142,31698746,8157,-62,295
13,3141,31698768,0,-1,0
4,3143,31708771,8157,-64,278
13,3142,31708793,-1,2,0
4,3144,31718873,8166,-62,284
13,3143,31718895,0,0,-1
4,3145,31728996,8166,-59,277
13,3144,31729018,0,-2,0
4,3146,31739033,8149,-56,274
13,3145,31739055,0,1,2
4,3147,31749046,8156,-58,288
13,3146,31749068,0,0,1
4,3148,31759077,8163,-54,288
13,3147,31759099,0,1,0
4,3149,31769132,8165,-48,283
13,3148,31769154,2,0,-1
4,3150,31779225,8180,-58,289
13,3149,31779247,0,-2,1
4,3151,31789256,8172,-67,283
13,3150,31789278,0,0,-2
4,3152,31799311,8171,-60,273
13,3151,31799333,0,1,1
4,3153,31809364,8165,-52,276
13,3152,31809386,1,0,2
4,3154,31819511,8157,-54,276
13,3153,31819533,-1,-3,0
4,3155,31829454,8181,-71,279
13,3154,31829476,-3,0,0
4,3156,31839462,8162,-53,280
13,3155,31839511,0,2,0
4,3157,31849624,8158,-55,288
13,3156,31849646,-2,2,2
4,3158,31859695,8166,-60,286
13,3157,31859717,-2,2,0
4,3159,31869759,8163,-59,279
13,3158,31869781,-1,0,-1
4,3160,31879738,8185,-64,281
13,3159,31879760,-1,0,1
4,3161,31889826,8172,-55,274
13,3160,31889848,0,-3,2
4,3162,31899968,8158,-55,278
13,3161,31899990,0,-3,0
4,3163,31909871,8156,-63,281
13,3162,31909893,2,-2,0
4,3164,31919969,8159,-55,282
13,3163,31919991,0,0,0
4,3165,31930049,8167,-51,280
13,3164,31930071,1,-1,-2
4,3166,31940197,8174,-52,280
13,3165,31940218,-1,0,-1
4,3167,31950233,8161,-42,283
13,3166,31950282,-1,0,-2
4,3168,31960173,8161,-48,290
13,3167,31960195,0,0,0
4,3169,31970339,8159,-52,276
13,3168,31970361,1,0,0
4,3170,31980462,8162,-55,277
13,3169,31980484,-1,0,0
4,3171,31990443,8172,-65,270
13,3170,31990465,0,0,0
4,3172,32000461,8169,-60,286
13,3171,32000483,0,-1,3
4,3173,32010540,8169,-63,286
13,3172,32010561,-1,-1,0
4,3174,32020631,8171,-60,276
13,3173,32020653,1,0,-2
4,3175,32030641,8164,-57,276
13,3174,32030663,-1,-3,-1
4,3176,32040706,8164,-56,283
13,3175,32040728,0,0,0
4,3177,32050834,8173,-55,274
13,3176,32050856,1,0,0
4,3178,32060909,8157,-55,284
13,3177,32060931,0,-1,0
4,3179,32070870,8157,-61,273
13,3178,32070892,1,-1,3
4,3180,32080853,8171,-52,275
13,3179,32080875,0,1,0
4,3181,32091007,8156,-62,281
13,3180,32091029,0,0,0
4,3182,32101105,8154,-60,281
13,3181,32101127,0,-1,0
4,3183,32111119,8164,-61,275
13,3182,32111141,0,-2,1
4,3184,32121191,8169,-55,287
13,3183,32121213,0,1,3
4,3185,32131224,8159,-67,267
13,3184,32131246,1,0,1
4,3186,32141328,8159,-53,274
13,3185,32141350,0,-1,2
4,3187,32151334,8171,-54,288
13,3186,32151356,1,-1,0
4,3188,32161376,8172,-62,280
13,3187,32161398,1,0,0
4,3189,32171479,8161,-52,280
13,3188,32171501,0,0,0
4,3190,32181591,8162,-63,288
13,3189,32181613,0,-1,-1
4,3191,32191606,8161,-56,283
13,3190,32191628,-1,0,0
4,3192,32201679,8164,-63,287
13,3191,32201701,0,-2,0
4,3193,32211855,8160,-60,281
13,3192,32211877,1,-1,0
4,3194,32221903,8163,-50,293
13,3193,32221925,0,0,1
4,3195,32231947,8160,-48,279
13,3194,32231969,0,0,1
4,3196,32242018,8169,-65,279
13,3195,32242040,0,-2,0
4,3197,32252005,8166,-63,283
13,3196,32252027,0,2,0
4,3198,32262095,8161,-58,280
13,3197,32262117,0,2,-1
4,3199,32272165,8172,-61,273
13,3198,32272187,0,0,0
4,3200,32282115,8179,-56,266
13,3199,32282137,-1,2,0
4,3201,32292228,8163,-68,275
13,3200,32292250,0,0,1
4,3202,32302356,8165,-58,287
13,3201,32302378,0,0,1
4,3203,32312356,8159,-53,284
13,3202,32312378,0,-2,0
4,3204,32322475,8170,-63,285
13,3203,32322497,0,-3,0
4,3205,32332499,8173,-59,286
13,3204,32332548,0,0,1
4,3206,32342611,8171,-64,276
13,3205,32342633,0,1,3
4,3207,32352652,8170,-66,284
13,3206,32352674,0,-1,0
4,3208,32362731,8166,-48,280
13,3207,32362753,1,0,0
4,3209,32372795,8170,-66,284
13,3208,32372817,0,-1,1
4,3210,32382918,8172,-62,276
13,3209,32382940,-1,-1,0
4,3211,32392889,8152,-55,286
13,3210,32392911,1,1,-2
4,3212,32402891,8172,-53,274
13,3211,32402913,0,0,-3
4,3213,32412982,8166,-60,273
13,3212,32413004,0,-1,-1
4,3214,32423096,8179,-59,283
13,3213,32423118,-5,0,1
4,3215,32433120,8165,-57,277
13,3214,32433142,0,0,1
4,3216,32443234,8160,-52,280
13,3215,32443256,1,-1,0
4,3217,32453185,8168,-53,274
13,3216,32453207,-3,0,1
4,3218,32463409,8180,-65,272
13,3217,32463431,0,0,1
4,3219,32473376,8163,-63,280
13,3218,32473398,0,-2,0
4,3220,32483436,8162,-58,280
13,3219,32483458,-1,1,0
4,3221,32493497,8166,-45,273
13,3220,32493519,0,-1,1
4,3222,32503508,8162,-53,292
13,3221,32503530,0,-2,0
4,3223,32513574,8159,-57,296
13,3222,32513596,0,0,1
4,3224,32523641,8163,-55,283
13,3223,32523663,1,-2,0
4,3225,32533726,8165,-60,281
13,3224,32533748,0,-2,1
4,3226,32543794,8155,-57,279
13,3225,32543816,0,-2,0
4,3227,32553798,8157,-64,287
13,3226,32553820,0,0,-1
4,3228,32563860,8171,-71,286
13,3227,32563882,0,-2,0
4,3229,32573910,8161,-59,277
13,3228,32573932,-1,0,0
4,3230,32584091,8175,-48,283
13,3229,32584113,0,0,1
4,3231,32594057,8175,-60,282
13,3230,32594079,-1,-1,-1
4,3232,32604120,8157,-66,286
13,3231,32604142,1,-1,0
4,3233,32614175,8157,-57,277
13,3232,32614197,0,0,0
4,3234,32624301,8170,-55,285
13,3233,32624323,-1,-2,1
4,3235,32634262,8171,-54,284
13,3234,32634284,0,-1,0
4,3236,32644319,8166,-56,281
13,3235,32644341,0,0,-1
4,3237,32654338,8168,-61,283
13,3236,32654360,0,1,-1
4,3238,32664534,8176,-60,288
13,3237,32664556,0,0,0
4,3239,32674474,8162,-68,277
13,3238,32674496,2,0,-2
4,3240,32684546,8169,-63,276
13,3239,32684568,0,0,0
4,3241,32694636,8176,-54,282
13,3240,32694658,0,0,3
4,3242,32704839,8167,-57,281
13,3241,32704861,1,0,0
4,3243,32714664,8158,-57,287
13,3242,32714713,0,0,-1
4,3244,32724819,8164,-43,286
13,3243,32724841,2,-1,-1
4,3245,32734869,8168,-51,274
13,3244,32734891,1,0,0
4,3246,32744950,8161,-56,265
13,3245,32744972,0,0,0
4,3247,32754960,8164,-53,274
13,3246,32754982,0,0,0
4,3248,32765000,8163,-58,296
13,3247,32765022,0,0,0
4,3249,32775025,8162,-51,299
13,3248,32775047,0,0,0
4,3250,32785293,8160,-46,271
13,3249,32785315,0,0,0
4,3251,32795210,8160,-64,271
13,3250,32795232,0,-1,1
4,3252,32805189,8170,-63,277
13,3251,32805211,-1,-1,0
4,3253,32815342,8164,-64,283
13,3252,32815364,-2,0,-2
4,3254,32825409,8171,-47,286
13,3253,32825431,0,2,-1
4,3255,32835429,8167,-60,279
13,3254,32835478,2,0,-1
4,3256,32845481,8164,-60,281
13,3255,32845503,2,0,0
4,3257,32855580,8163,-54,270
13,3256,32855602,0,0,0
4,3258,32865713,8170,-52,285
13,3257,32865735,0,-1,1
4,3259,32875667,8159,-57,282
13,3258,32875689,1,0,0
4,3260,32885698,8163,-50,277
13,3259,32885720,0,1,0
4,3261,32895753,8163,-63,272
13,3260,32895775,-1,1,0
4,3262,32905847,8156,-61,282
13,3261,32905869,0,1,-1
4,3263,32915844,8145,-46,289
13,3262,32915866,0,0,-1
4,3264,32925967,8169,-60,288
13,3263,32925988,0,1,0
4,3265,32936004,8166,-72,283
13,3264,32936025,0,0,0
4,3266,32946130,8173,-63,275
13,3265,32946179,0,1,0
4,3267,32956040,8179,-57,276
13,3266,32956062,0,0,0
4,3268,32966194,8163,-64,276
13,3267,32966216,1,0,0
4,3269,32976259,8164,-57,286
13,3268,32976281,0,1,0
4,3270,32986309,8165,-57,283
13,3269,32986331,0,1,1
4,3271,32996360,8153,-57,285
13,3270,32996382,0,0,0
4,3272,33006423,8184,-55,287
13,3271,33006445,-1,1,0
4,3273,33016441,8171,-42,287
13,3272,33016463,-1,0,0
4,3274,33026627,8156,-61,287
13,3273,33026649,2,0,0
4,3275,33036602,8161,-60,279
13,3274,33036624,0,1,1
4,3276,33046656,8174,-58,271
13,3275,33046678,-1,3,1
4,3277,33056745,8167,-61,283
13,3276,33056767,0,-1,2
4,3278,33066816,8171,-59,286
13,3277,33066838,0,-1,-2
4,3279,33076845,8157,-49,297
13,3278,33076867,0,0,-2
4,3280,33086946,8158,-56,283
13,3279,33086968,0,0,-1
4,3281,33097009,8161,-52,278
13,3280,33097031,0,2,1
4,3282,33107155,8160,-49,281
13,3281,33107177,-1,1,0
4,3283,33117125,8162,-51,277
13,3282,33117147,0,1,0
4,3284,33127232,8170,-57,277
13,3283,33127254,0,2,1
4,3285,33137160,8163,-44,283
13,3284,33137182,0,2,0
4,3286,33147375,8161,-59,283
13,3285,33147397,0,1,-1
4,3287,33157333,8160,-65,288
13,3286,33157355,0,-1,0
4,3288,33167462,8170,-48,284
13,3287,33167484,1,0,0
4,3289,33177404,8172,-63,276
13,3288,33177426,2,0,-1
4,3290,33187581,8159,-61,276
13,3289,33187603,2,-3,0
4,3291,33197570,8167,-53,273
13,3290,33197592,0,-1,-1
4,3292,33207633,8166,-40,289
13,3291,33207655,-1,3,0
4,3293,33217762,8155,-51,280
13,3292,33217784,0,2,0
4,3294,33227815,8165,-63,281
13,3293,33227837,1,0,0
4,3295,33237756,8167,-52,273
13,3294,33237778,0,-2,-2
4,3296,33247862,8168,-56,269
13,3295,33247884,0,0,0
4,3297,33257841,8160,-52,271
13,3296,33257863,0,2,0
4,3298,33268078,8168,-61,272
13,3297,33268100,-3,0,0
4,3299,33278003,8161,-55,282
13,3298,33278025,-2,0,-1
4,3300,33288077,8163,-57,284
13,3299,33288099,-1,2,-2
4,3301,33298178,8156,-64,280
13,3300,33298200,2,0,0
4,3302,33308249,8164,-55,287
13,3301,33308271,2,-2,0
4,3303,33318241,8163,-58,274
13,3302,33318263,0,-1,1
4,3304,33328309,8170,-57,283
13,3303,33328331,0,2,1
4,3305,33338439,8166,-47,280
13,3304,33338461,-1,1,-1
4,3306,33348565,8157,-39,287
13,3305,33348587,-1,0,-1
4,3307,33358527,8156,-55,284
13,3306,33358549,0,0,-2
4,3308,33368572,8165,-65,294
13,3307,33368594,-1,0,-1
4,3309,33378616,8175,-53,286
13,3308,33378638,0,0,0
4,3310,33388699,8158,-59,285
13,3309,33388721,0,2,0
4,3311,33398776,8164,-56,275
13,3310,33398798,0,1,1
4,3312,33408748,8171,-60,264
13,3311,33408770,3,-1,1
4,3313,33418896,8159,-49,269
13,3312,33418917,1,0,1
4,3314,33428957,8166,-53,288
13,3313,33428979,-2,1,-1
4,3315,33439007,8161,-60,288
13,3314,33439029,0,2,0
4,3316,33449069,8167,-54,287
13,3315,33449118,0,3,0
4,3317,33459106,8154,-58,277
13,3316,33459128,0,-2,-1
4,3318,33469201,8168,-57,277
13,3317,33469223,0,0,1
4,3319,33479249,8169,-57,285
13,3318,33479271,-1,1,3
4,3320,33489270,8170,-61,287
13,3319,33489292,1,-1,-1
4,3321,33499326,8151,-66,280
13,3320,33499348,1,1,-1
4,3322,33509443,8167,-48,281
13,3321,33509465,1,1,1
4,3323,33519372,8160,-60,289
13,3322,33519394,2,0,1
4,3324,33529492,8171,-63,275
13,3323,33529514,0,0,0
4,3325,33539480,8158,-63,280
13,3324,33539502,0,0,0
4,3326,33549643,8157,-52,272
13,3325,33549665,0,1,0
4,3327,33559583,8165,-66,285
13,3326,33559605,0,1,0
4,3328,33569737,8167,-59,294
13,3327,33569759,0,0,-1
4,3329,33579762,8171,-61,282
13,3328,33579784,0,2,2
4,3330,33589972,8158,-48,276
13,3329,33589994,0,1,0
4,3331,33599943,8163,-51,269
13,3330,33599965,0,3,1
4,3332,33610034,8175,-55,278
13,3331,33610056,-1,3,0
4,3333,33620060,8167,-65,281
13,3332,33620082,-1,0,-1
4,3334,33630093,8161,-60,283
13,3333,33630115,0,2,0
4,3335,33640094,8156,-61,281
13,3334,33640116,1,0,0
4,3336,33650239,8170,-61,283
13,3335,33650261,0,1,0
4,3337,33660260,8172,-60,279
13,3336,33660282,0,-1,-3
4,3338,33670392,8178,-57,276
13,3337,33670414,0,0,0
4,3339,33680361,8155,-57,279
13,3338,33680383,0,2,1
4,3340,33690402,8157,-66,271
13,3339,33690424,0,3,-1
4,3341,33700459,8169,-71,284
13,3340,33700481,0,0,-1
4,3342,33710675,8161,-57,278
13,3341,33710697,1,0,0
4,3343,33720609,8158,-47,284
13,3342,33720631,0,0,1
4,3344,33730672,8169,-55,281
13,3343,33730694,1,0,0
4,3345,33740714,8153,-61,280
13,3344,33740736,0,0,0
4,3346,33750873,8165,-58,287
13,3345,33750895,-1,1,0
4,3347,33760828,8172,-54,281
13,3346,33760850,-1,2,0
4,3348,33770927,8163,-51,271
13,3347,33770949,0,1,0
4,3349,33780936,8153,-64,283
13,3348,33780958,0,0,2
4,3350,33791013,8160,-51,273
13,3349,33791035,0,0,0
4,3351,33801053,8169,-57,273
13,3350,33801074,-1,0,1
4,3352,33811124,8167,-67,283
13,3351,33811146,0,1,0
4,3353,33821216,8167,-63,276
13,3352,33821238,0,1,-2
4,3354,33831343,8170,-50,286
13,3353,33831365,0,-1,-2
4,3355,33841270,8167,-65,293
13,3354,33841292,-1,3,-1
4,3356,33851384,8164,-68,274
13,3355,33851406,-2,1,0
4,3357,33861327,8161,-60,275
13,3356,33861349,0,0,0
4,3358,33871463,8165,-59,293
13,3357,33871485,0,1,-1
4,3359,33881491,8168,-65,283
13,3358,33881513,0,1,1
4,3360,33891460,8164,-59,279
13,3359,33891482,1,3,0
4,3361,33901612,8155,-58,284
13,3360,33901634,0,2,0
4,3362,33911741,8170,-65,277
13,3361,33911763,0,0,-1
4,3363,33921758,8160,-55,282
13,3362,33921780,-1,2,0
4,3364,33931693,8161,-47,290
13,3363,33931714,-1,1,-2
4,3365,33941847,8152,-57,289
13,3364,33941869,0,0,-1
4,3366,33951953,8181,-60,280
13,3365,33951976,0,2,0
4,3367,33961871,8171,-52,280
13,3366,33961893,0,0,2
4,3368,33972082,8172,-58,282
13,3367,33972104,0,2,1
4,3369,33982027,8170,-57,282
13,3368,33982049,0,0,1
4,3370,33992193,8169,-60,275
13,3369,33992215,0,0,-1
4,3371,34002147,8173,-63,274
13,3370,34002169,-1,-3,0
4,3372,34012193,8168,-70,278
13,3371,34012215,0,2,0
4,3373,34022293,8162,-56,287
13,3372,34022314,0,2,0
4,3374,34032358,8159,-64,281
13,3373,34032380,0,0,-1
4,3375,34042463,8155,-65,288
13,3374,34042485,0,0,-2
4,3376,34052508,8166,-61,277
13,3375,34052530,1,0,0
4,3377,34062523,8164,-54,283
13,3376,34062545,0,0,0
4,3378,34072612,8161,-51,289
13,3377,34072634,-1,0,0
4,3379,34082683,8165,-51,289
13,3378,34082705,-1,0,0
4,3380,34092752,8174,-62,276
13,3379,34092774,0,0,0
4,3381,34102682,8164,-48,288
13,3380,34102704,1,-1,0
4,3382,34112906,8167,-57,278
13,3381,34112928,0,0,0
4,3383,34122869,8159,-56,275
13,3382,34122891,-1,1,0
4,3384,34132910,8166,-62,279
13,3383,34132932,1,2,0
4,3385,34142974,8158,-55,282
13,3384,34142996,1,0,1
4,3386,34153110,8159,-61,274
13,3385,34153131,0,2,0
4,3387,34163108,8175,-48,275
13,3386,34163130,0,1,0
4,3388,34173194,8168,-50,277
13,3387,34173216,0,2,0
4,3389,34183201,8169,-66,287
13,3388,34183223,0,-2,0
4,3390,34193223,8164,-55,285
13,3389,34193245,3,0,0
4,3391,34203321,8158,-57,277
13,3390,34203343,2,1,0
4,3392,34213469,8170,-63,279
13,3391,34213491,0,3,-1
4,3393,34223495,8169,-62,284
13,3392,34223517,0,3,-1
4,3394,34233595,8166,-64,283
13,3393,34233617,0,1,1
4,3395,34243550,8164,-55,279
13,3394,34243572,0,0,0
4,3396,34253554,8161,-56,291
13,3395,34253576,0,0,-1
4,3397,34263601,8162,-56,282
13,3396,34263623,1,1,2
4,3398,34273700,8170,-61,280
13,3397,34273722,0,1,0
4,3399,34283723,8163,-69,286
13,3398,34283745,0,3,0
4,3400,34293823,8160,-52,273
13,3399,34293845,0,0,-2
4,3401,34303788,8171,-63,275
13,3400,34303810,1,0,-2
4,3402,34313975,8170,-58,271
13,3401,34313997,0,0,0
4,3403,34323949,8163,-56,281
13,3402,34323971,0,2,0
4,3404,34334031,8178,-63,285
13,3403,34334053,0,0,0
4,3405,34344093,8159,-60,280
13,3404,34344115,0,0,1
4,3406,34354182,8164,-60,288
13,3405,34354204,0,0,1
4,3407,34364207,8163,-59,293
13,3406,34364229,0,-1,0
4,3408,34374249,8166,-55,274
13,3407,34374271,0,0,0
4,3409,34384293,8158,-62,279
13,3408,34384314,0,0,0
4,3410,34394452,8161,-43,280
13,3409,34394474,1,-1,0
4,3411,34404369,8161,-54,283
13,3410,34404391,0,0,0
4,3412,34414466,8162,-64,281
13,3411,34414488,0,1,1
4,3413,34424544,8154,-57,281
13,3412,34424566,1,0,0
4,3414,34434690,8146,-52,286
13,3413,34434712,-1,0,0
4,3415,34444620,8166,-52,279
13,3414,34444642,-3,1,1
4,3416,34454699,8165,-48,277
13,3415,34454721,1,0,1
4,3417,34464795,8160,-62,287
13,3416,34464817,0,2,-1
4,3418,34474878,8170,-68,288
13,3417,34474900,0,1,-1
4,3419,34484917,8161,-55,287
13,3418,34484939,0,-1,0
4,3420,34494992,8155,-50,287
13,3419,34495014,0,3,0
4,3421,34505047,8157,-50,284
13,3420,34505069,1,1,0
4,3422,34515170,8169,-55,288
13,3421,34515192,-1,0,0
4,3423,34525065,8174,-64,282
13,3422,34525087,1,0,-2
4,3424,34535190,8173,-56,280
13,3423,34535212,1,0,0
4,3425,34545226,8172,-60,283
13,3424,34545248,0,0,0
4,3426,34555387,8154,-74,282
13,3425,34555409,-1,0,0
4,3427,34565327,8161,-54,287
13,3426,34565349,-1,0,0
4,3428,34575426,8166,-61,280
13,3427,34575448,0,1,0
4,3429,34585526,8158,-66,285
13,3428,34585548,0,-2,0
4,3430,34595594,8159,-60,288
13,3429,34595616,0,-2,0
4,3431,34605637,8160,-56,276
13,3430,34605659,0,2,1
4,3432,34615767,8164,-57,285
13,3431,34615789,-1,1,-3
4,3433,34625754,8167,-53,279
13,3432,34625776,0,0,-1
4,3434,34635879,8163,-52,278
13,3433,34635900,1,0,1
4,3435,34645785,8168,-49,272
13,3434,34645807,1,1,-1
4,3436,34655906,8158,-52,270
13,3435,34655928,0,2,-1
4,3437,34665938,8165,-46,281
13,3436,34665960,0,1,0
4,3438,34676027,8163,-60,284
13,3437,34676049,0,0,0
4,3439,34686071,8163,-54,282
13,3438,34686093,-1,0,1
4,3440,34696101,8165,-59,279
13,3439,34696123,1,0,1
4,3441,34706120,8168,-51,278
13,3440,34706142,2,0,0
4,3442,34716342,8171,-47,273
13,3441,34716364,1,1,0
4,3443,34726277,8161,-58,278
13,3442,34726299,0,-1,1
4,3444,34736348,8167,-59,287
13,3443,34736370,0,0,0
4,3445,34746436,8161,-52,285
13,3444,34746458,-1,0,0
4,3446,34756495,8163,-65,276
13,3445,34756517,0,1,-1
4,3447,34766529,8163,-57,278
13,3446,34766551,0,0,-1
4,3448,34776662,8171,-64,286
13,3447,34776684,-2,-1,-1
4,3449,34786649,8161,-54,281
13,3448,34786671,0,-2,-2
4,3450,34796868,8164,-62,278
13,3449,34796890,1,0,0
4,3451,34806806,8166,-63,275
13,3450,34806828,0,1,1
4,3452,34816803,8169,-52,271
13,3451,34816825,1,0,0
4,3453,34826902,8169,-54,285
13,3452,34826924,0,-1,0
4,3454,34837040,8162,-51,275
13,3453,34837062,1,0,0
4,3455,34846986,8168,-62,271
13,3454,34847008,0,3,1
4,3456,34857052,8163,-54,286
13,3455,34857074,0,1,0
4,3457,34867086,8163,-52,284
13,3456,34867108,0,1,-2
4,3458,34877235,8160,-62,279
13,3457,34877257,-1,1,-1
4,3459,34887261,8156,-58,269
13,3458,34887283,0,3,1
4,3460,34897265,8173,-51,285
13,3459,34897287,1,3,0
4,3461,34907336,8170,-57,285
13,3460,34907358,0,2,0
4,3462,34917437,8159,-55,277
13,3461,34917459,0,0,0
4,3463,34927450,8154,-58,272
13,3462,34927472,1,2,0
4,3464,34937501,8162,-59,278
13,3463,34937523,0,2,0
4,3465,34947559,8158,-64,276
13,3464,34947581,0,0,3
4,3466,34957751,8158,-58,288
13,3465,34957773,1,1,0
4,3467,34967643,8160,-58,278
13,3466,34967665,1,-1,-1
4,3468,34977745,8157,-61,280
13,3467,34977767,0,-2,0
4,3469,34987825,8164,-66,291
13,3468,34987847,0,2,0
4,3470,34997873,8178,-60,292
# CONFIG,end,4,100.000,0,4,0
# CONFIG,end,13,100.000,0,1000,0
13,3469,34997895,1,0,-1
# END,accel_events=3470,gyro_events=3469,queue_dropped=0,malformed=0,max_poll_gap_us=135678
# Reset the board before a