Bootloader starting
NRF_POWER->GPREGRET2 = 0004
CONFIG_GPIO_AS_PINRESET NOT defined
BHI260/BHA260 found. Product ID read 89
Loading firmware. Boot status: 11
No BHY UPDATE file found!
No ANNA_UPDATE_FILE found. Starting main application
Ä$≈ÖçïÅthe box still. Send s to capture 5 s startup + 30 s stationary data.
# NICLA_DIAGNOSTIC_V1
# Arduino_BHY2=1.0.8; corrected counts; no orientation or BLE output
# configuration_read_attempts=3
# CONFIG,phase,sensor_id,rate_hz,latency_ms,range,sensitivity
# startup_us=5000000,duration_us=35000000
# host_us is delivery time; hardware timestamps and upstream loss are not exposed
sensor_id,sequence,host_us,x_counts,y_counts,z_counts
# CONFIG_READ_FAILURE,phase=start,sensor_id=4,attempt=1,status=-5,bytes=4,expected_bytes=12
# CONFIG,start,4,100.000,0,4,0
# CONFIG,start,13,100.000,0,1000,0
4,1,136240,-8270,-191,502
4,2,138970,-8274,-187,488
13,1,138992,13,-19,-13
4,3,139017,-8267,-186,484
13,2,139039,13,-20,-10
4,4,139062,-8258,-192,501
13,3,139084,13,-22,-12
4,5,143859,-8267,-186,505
13,4,143882,16,-22,-13
4,6,155449,-8273,-199,493
13,5,155471,14,-20,-11
4,7,163313,-8268,-185,492
13,6,163335,13,-21,-12
4,8,173385,-8262,-192,490
13,7,173408,13,-20,-14
4,9,183479,-8271,-200,494
13,8,183501,15,-21,-12
4,10,193619,-8277,-191,489
13,9,193642,13,-22,-11
4,11,203713,-8270,-184,485
13,10,203735,14,-20,-12
4,12,213604,-8269,-192,493
13,11,213626,16,-21,-12
4,13,223731,-8265,-198,497
13,12,223753,13,-21,-12
4,14,233773,-8264,-182,477
13,13,233795,13,-21,-11
4,15,243816,-8264,-187,482
13,14,243838,12,-20,-10
4,16,253858,-8257,-195,487
13,15,253880,15,-21,-13
4,17,264003,-8268,-200,495
13,16,264025,13,-21,-14
4,18,274166,-8267,-192,488
13,17,274189,9,-23,-12
4,19,284051,-8260,-199,495
13,18,284074,13,-23,-11
4,20,294144,-8273,-191,490
13,19,294166,14,-24,-11
4,21,304192,-8270,-185,498
13,20,304214,13,-23,-12
4,22,314334,-8276,-193,501
13,21,314356,14,-21,-11
4,23,324298,-8263,-189,495
13,22,324320,13,-24,-11
4,24,334410,-8272,-188,486
13,23,334432,13,-21,-12
4,25,344505,-8279,-190,486
13,24,344527,12,-21,-11
4,26,354676,-8265,-195,495
13,25,354698,12,-23,-11
4,27,364557,-8268,-184,491
13,26,364579,14,-20,-10
4,28,374662,-8269,-189,486
13,27,374684,14,-20,-9
4,29,384741,-8252,-191,496
13,28,384763,15,-21,-8
4,30,394819,-8263,-172,486
13,29,394841,15,-21,-11
4,31,404907,-8273,-193,490
13,30,404929,15,-22,-13
4,32,414946,-8271,-187,487
13,31,414968,13,-21,-13
4,33,424919,-8258,-189,491
13,32,424941,12,-21,-13
4,34,435181,-8273,-186,503
13,33,435203,15,-21,-12
4,35,445162,-8279,-193,504
13,34,445184,15,-19,-12
4,36,455184,-8259,-183,507
13,35,455206,15,-18,-10
4,37,465269,-8254,-199,497
13,36,465291,12,-23,-9
4,38,475339,-8264,-205,498
13,37,475361,15,-24,-10
4,39,485419,-8280,-193,488
13,38,485441,17,-20,-11
4,40,495416,-8260,-187,485
13,39,495438,15,-19,-11
4,41,505512,-8263,-190,484
13,40,505534,14,-20,-12
4,42,515651,-8276,-195,503
13,41,515673,14,-21,-11
4,43,525631,-8264,-202,498
13,42,525653,11,-21,-11
4,44,535694,-8270,-201,494
13,43,535716,13,-23,-10
4,45,545705,-8262,-189,486
13,44,545727,14,-22,-10
4,46,555885,-8276,-180,487
13,45,555907,14,-21,-12
4,47,565904,-8260,-189,478
13,46,565926,14,-22,-10
4,48,575961,-8271,-193,497
13,47,575983,12,-22,-9
4,49,586012,-8264,-200,481
13,48,586034,12,-18,-13
4,50,596153,-8254,-190,491
13,49,596175,13,-18,-12
4,51,606134,-8268,-180,495
13,50,606156,14,-20,-9
4,52,616236,-8270,-195,482
13,51,616258,13,-18,-10
4,53,626198,-8261,-190,494
13,52,626220,12,-18,-12
4,54,636326,-8276,-188,490
13,53,636348,14,-20,-11
4,55,646404,-8271,-185,488
13,54,646426,0,4,0
4,56,656426,-8261,-183,497
13,55,656448,1,1,0
4,57,666449,-8259,-197,488
13,56,666470,1,1,0
4,58,676687,-8274,-192,481
13,57,676709,0,2,-1
4,59,686551,-8272,-191,481
13,58,686573,0,1,0
4,60,696676,-8266,-196,497
13,59,696698,-1,2,0
4,61,706699,-8273,-191,496
13,60,706721,0,3,0
4,62,716858,-8273,-178,489
13,61,716880,0,0,0
4,63,726862,-8258,-192,485
13,62,726883,1,0,1
4,64,736902,-8276,-197,501
13,63,736924,0,1,1
4,65,746928,-8270,-186,491
13,64,746950,0,0,-1
4,66,757193,-8267,-197,498
13,65,757215,0,3,-1
4,67,767084,-8265,-200,494
13,66,767106,-1,3,1
4,68,777104,-8276,-192,496
13,67,777126,-1,0,0
4,69,787222,-8267,-204,501
13,68,787244,0,0,-1
4,70,797341,-8267,-194,497
13,69,797363,0,3,1
4,71,807343,-8266,-184,492
13,70,807365,0,2,1
4,72,817443,-8257,-196,496
13,71,817465,0,1,0
4,73,827537,-8262,-204,485
13,72,827559,0,2,0
4,74,837678,-8260,-187,485
13,73,837700,-2,2,0
4,75,847638,-8261,-176,492
13,74,847659,-2,2,-2
4,76,857633,-8272,-193,490
13,75,857655,-1,0,-2
4,77,867737,-8260,-184,489
13,76,867759,-2,0,-2
4,78,877832,-8265,-194,489
13,77,877854,0,2,0
4,79,887846,-8268,-193,505
13,78,887868,0,4,0
4,80,897857,-8260,-191,497
13,79,897879,0,4,0
4,81,907955,-8262,-188,510
13,80,907977,-1,4,2
4,82,918128,-8273,-201,497
13,81,918149,-1,2,0
4,83,928148,-8269,-183,492
13,82,928197,0,0,-2
4,84,938209,-8268,-175,494
13,83,938231,0,1,0
4,85,948238,-8277,-191,489
13,84,948260,-4,0,3
4,86,958285,-8264,-182,487
13,85,958307,0,0,1
4,87,968369,-8253,-196,495
13,86,968391,1,1,0
4,88,978447,-8266,-185,480
13,87,978469,0,1,1
4,89,988416,-8277,-186,487
13,88,988438,0,3,1
4,90,998609,-8261,-189,497
13,89,998630,0,4,1
4,91,1008576,-8262,-196,492
13,90,1008598,0,2,0
4,92,1018651,-8281,-192,492
13,91,1018673,0,0,0
4,93,1028687,-8263,-193,499
13,92,1028709,0,2,2
4,94,1038801,-8256,-193,479
13,93,1038823,1,1,0
4,95,1048761,-8268,-203,479
13,94,1048783,0,2,-2
4,96,1058919,-8271,-188,489
13,95,1058941,-3,0,-1
4,97,1069033,-8265,-186,477
13,96,1069055,0,3,0
4,98,1079154,-8262,-187,482
13,97,1079176,0,3,1
4,99,1089059,-8266,-200,493
13,98,1089081,-1,2,0
4,100,1099178,-8271,-190,504
13,99,1099200,1,0,0
4,101,1109219,-8260,-191,493
13,100,1109241,0,0,0
4,102,1119239,-8257,-186,492
13,101,1119261,-3,4,-1
4,103,1129332,-8260,-184,489
13,102,1129353,-1,2,1
4,104,1139323,-8265,-184,486
13,103,1139345,-1,0,0
4,105,1149464,-8267,-188,487
13,104,1149486,0,1,0
4,106,1159515,-8269,-187,504
13,105,1159537,0,0,0
4,107,1169561,-8263,-193,495
13,106,1169582,0,3,0
4,108,1179626,-8262,-185,490
13,107,1179675,0,1,-2
4,109,1189757,-8259,-188,492
13,108,1189779,1,0,0
4,110,1199796,-8266,-196,491
13,109,1199818,0,1,1
4,111,1209852,-8260,-184,489
13,110,1209874,0,3,1
4,112,1219816,-8256,-185,492
13,111,1219838,0,2,0
4,113,1229941,-8250,-197,488
13,112,1229963,0,1,0
4,114,1240066,-8272,-185,492
13,113,1240087,-2,0,-1
4,115,1250060,-8197,-201,484
13,114,1250084,-2,1,0
4,116,1260055,-8191,-184,482
13,115,1260077,0,0,1
4,117,1270204,-8176,-189,488
13,116,1270226,-1,3,0
4,118,1280166,-8185,-191,493
13,117,1280188,-1,2,-1
4,119,1290305,-8190,-188,471
13,118,1290327,-1,0,0
4,120,1300253,-8187,-184,465
13,119,1300275,-2,0,-1
4,121,1310451,-8181,-197,482
13,120,1310473,-1,0,0
4,122,1320615,-8190,-184,484
13,121,1320637,0,2,0
4,123,1330495,-8192,-184,487
13,122,1330517,1,1,-1
4,124,1340552,-8181,-185,482
13,123,1340574,0,0,0
4,125,1350606,-8187,-190,485
13,124,1350628,0,2,0
4,126,1360680,-8184,-203,482
13,125,1360702,0,0,-1
4,127,1370718,-8179,-203,479
13,126,1370740,0,0,-1
4,128,1380760,-8190,-190,473
13,127,1380782,0,0,0
4,129,1390771,-8180,-182,480
13,128,1390793,-1,0,0
4,130,1400947,-8182,-185,490
13,129,1400969,0,0,0
4,131,1410873,-8191,-188,482
13,130,1410895,0,3,-1
4,132,1420994,-8183,-190,487
13,131,1421016,0,1,-1
4,133,1430995,-8174,-193,492
13,132,1431017,-2,3,0
4,134,1441176,-8179,-190,478
13,133,1441198,-1,2,0
4,135,1451197,-8184,-196,476
13,134,1451219,-1,3,0
4,136,1461250,-8186,-196,475
13,135,1461272,0,2,0
4,137,1471305,-8184,-201,492
13,136,1471327,-4,0,2
4,138,1481517,-8185,-186,488
13,137,1481539,-2,0,0
4,139,1491432,-8183,-180,480
13,138,1491454,-1,3,0
4,140,1501469,-8177,-192,466
13,139,1501491,-1,1,-1
4,141,1511477,-8179,-194,483
13,140,1511499,-1,1,0
4,142,1521669,-8190,-195,487
13,141,1521691,0,2,0
4,143,1531650,-8184,-184,489
13,142,1531672,0,0,1
4,144,1541705,-8177,-183,487
13,143,1541727,-2,2,0
4,145,1551781,-8177,-186,493
13,144,1551803,-2,2,1
4,146,1561894,-8182,-196,485
13,145,1561916,0,2,0
4,147,1571917,-8185,-195,488
13,146,1571939,-2,1,-1
4,148,1582059,-8187,-199,482
13,147,1582081,-1,3,-1
4,149,1592041,-8192,-189,483
13,148,1592063,-1,2,0
4,150,1602107,-8186,-197,474
13,149,1602129,-2,0,0
4,151,1612114,-8179,-191,484
13,150,1612136,-1,0,-2
4,152,1622194,-8184,-194,486
13,151,1622216,0,-1,-4
4,153,1632245,-8191,-198,489
13,152,1632267,-1,0,0
4,154,1642448,-8189,-184,491
13,153,1642470,-2,0,0
4,155,1652367,-8175,-182,472
13,154,1652389,-2,0,0
4,156,1662399,-8190,-189,478
13,155,1662421,0,-1,-1
4,157,1672499,-8194,-200,488
13,156,1672521,0,1,0
4,158,1682590,-8188,-194,475
13,157,1682612,-1,1,-1
4,159,1692669,-8189,-192,483
13,158,1692691,-1,1,-2
4,160,1702673,-8187,-198,465
13,159,1702695,0,-2,0
4,161,1712733,-8187,-194,484
13,160,1712755,-1,-2,0
4,162,1722927,-8186,-187,489
13,161,1722949,-1,1,2
4,163,1732779,-8178,-187,471
13,162,1732801,-1,0,-2
4,164,1742870,-8172,-182,478
13,163,1742892,1,0,0
4,165,1752921,-8171,-185,486
13,164,1752943,0,3,2
4,166,1762964,-8178,-197,492
13,165,1762986,-1,0,0
4,167,1773073,-8188,-188,476
13,166,1773095,-4,1,0
4,168,1783115,-8180,-191,478
13,167,1783137,-1,1,-1
4,169,1793270,-8182,-190,490
13,168,1793292,0,3,0
4,170,1803258,-8179,-190,487
13,169,1803307,-1,2,0
4,171,1813362,-8190,-194,492
13,170,1813384,-2,0,0
4,172,1823376,-8178,-183,488
13,171,1823398,0,2,-1
4,173,1833369,-8179,-194,480
13,172,1833391,0,1,0
4,174,1843590,-8193,-198,474
13,173,1843612,0,0,0
4,175,1853508,-8193,-189,473
13,174,1853530,0,0,-1
4,176,1863620,-8172,-193,486
13,175,1863642,0,1,1
4,177,1873658,-8163,-195,477
13,176,1873680,-2,0,3
4,178,1883825,-8196,-182,480
13,177,1883847,-3,0,0
4,179,1893788,-8197,-189,477
13,178,1893810,-3,1,0
4,180,1903852,-8187,-183,479
13,179,1903874,-1,0,0
4,181,1913966,-8190,-177,484
13,180,1913988,1,3,0
4,182,1924102,-8188,-191,483
13,181,1924124,1,2,0
4,183,1934093,-8192,-183,490
13,182,1934115,0,2,1
4,184,1944071,-8187,-187,485
13,183,1944093,-1,1,2
4,185,1954288,-8179,-187,484
13,184,1954310,0,0,0
4,186,1964409,-8190,-185,484
13,185,1964431,-1,0,-1
4,187,1974256,-8188,-189,476
13,186,1974278,0,0,0
4,188,1984413,-8181,-185,479
13,187,1984435,-3,2,0
4,189,1994422,-8191,-189,482
13,188,1994444,-2,1,0
4,190,2004531,-8191,-193,477
13,189,2004553,0,0,0
4,191,2014551,-8186,-176,478
13,190,2014573,0,0,-1
4,192,2024625,-8185,-191,474
13,191,2024647,0,0,0
4,193,2034680,-8184,-201,475
13,192,2034702,-2,1,2
4,194,2044909,-8188,-190,470
13,193,2044931,-1,2,1
4,195,2054824,-8187,-182,481
13,194,2054845,-1,2,0
4,196,2064811,-8185,-192,468
13,195,2064861,-1,1,1
4,197,2074964,-8187,-196,473
13,196,2074986,-1,1,0
4,198,2085115,-8187,-191,472
13,197,2085137,1,0,2
4,199,2095117,-8183,-190,482
13,198,2095139,2,1,0
4,200,2105152,-8189,-193,485
13,199,2105174,-2,2,-1
4,201,2115273,-8188,-189,483
13,200,2115295,-2,0,2
4,202,2125363,-8181,-191,483
13,201,2125385,0,-1,2
4,203,2135306,-8187,-188,480
13,202,2135328,0,0,0
4,204,2145389,-8192,-178,471
13,203,2145410,-1,2,-1
4,205,2155455,-8177,-192,486
13,204,2155477,-1,1,0
4,206,2165606,-8179,-197,478
13,205,2165628,0,0,0
4,207,2175523,-8171,-197,479
13,206,2175545,0,0,-1
4,208,2185654,-8181,-189,479
13,207,2185676,-1,0,0
4,209,2195734,-8186,-194,476
13,208,2195756,-2,2,0
4,210,2205883,-8194,-195,490
13,209,2205905,-1,1,0
4,211,2215850,-8184,-177,490
13,210,2215872,-1,2,0
4,212,2225903,-8191,-181,482
13,211,2225925,0,2,0
4,213,2235936,-8191,-195,478
13,212,2235958,-3,-1,0
4,214,2246049,-8197,-181,475
13,213,2246071,-2,0,0
4,215,2256066,-8175,-187,473
13,214,2256088,0,2,0
4,216,2266121,-8179,-186,472
13,215,2266143,-2,-1,1
4,217,2276150,-8178,-188,479
13,216,2276172,-2,0,0
4,218,2286340,-8185,-195,471
13,217,2286362,-2,0,0
4,219,2296319,-8183,-190,487
13,218,2296341,-2,0,3
4,220,2306448,-8185,-192,484
13,219,2306470,-2,1,1
4,221,2316355,-8192,-197,488
13,220,2316404,-1,1,0
4,222,2326542,-8195,-188,479
13,221,2326564,-1,0,0
4,223,2336617,-8183,-197,478
13,222,2336639,0,0,-2
4,224,2346590,-8195,-186,471
13,223,2346612,-1,1,-1
4,225,2356674,-8186,-193,476
13,224,2356696,-1,0,0
4,226,2366821,-8175,-198,481
13,225,2366843,0,-1,-1
4,227,2376842,-8174,-196,486
13,226,2376864,0,1,0
4,228,2386936,-8182,-194,486
13,227,2386958,0,-1,0
4,229,2396875,-8180,-180,468
13,228,2396897,-1,1,0
4,230,2407026,-8181,-182,468
13,229,2407048,-2,0,0
4,231,2417036,-8173,-183,479
13,230,2417057,-2,-1,0
4,232,2427115,-8183,-179,481
13,231,2427137,0,1,-1
4,233,2437145,-8192,-189,476
13,232,2437194,-1,1,0
4,234,2447373,-8191,-191,481
13,233,2447395,0,2,0
4,235,2457333,-8185,-189,471
13,234,2457355,0,4,0
4,236,2467385,-8192,-186,491
13,235,2467407,-2,0,-1
4,237,2477462,-8190,-190,479
13,236,2477484,-4,0,0
4,238,2487598,-8185,-190,479
13,237,2487620,-2,1,0
4,239,2497555,-8180,-199,482
13,238,2497577,-4,-1,0
4,240,2507632,-8176,-189,493
13,239,2507654,-4,0,0
4,241,2517620,-8185,-190,486
13,240,2517642,-3,1,0
4,242,2527844,-8185,-197,470
13,241,2527866,-1,0,-1
4,243,2537814,-8184,-180,476
13,242,2537836,-3,1,0
4,244,2547893,-8177,-173,495
13,243,2547915,-3,-1,2
4,245,2557943,-8176,-182,488
13,244,2557965,-1,0,-1
4,246,2568077,-8185,-195,483
13,245,2568099,-2,0,0
4,247,2578076,-8196,-186,486
13,246,2578098,-1,-1,-1
4,248,2588155,-8195,-189,479
13,247,2588177,-1,3,0
4,249,2598203,-8177,-197,468
13,248,2598225,-1,0,0
4,250,2608361,-8189,-191,473
13,249,2608383,-4,-4,0
4,251,2618343,-8173,-177,490
13,250,2618365,0,3,0
4,252,2628393,-8185,-197,488
13,251,2628415,-1,3,1
4,253,2638458,-8188,-189,479
13,252,2638479,-1,0,0
4,254,2648620,-8188,-185,482
13,253,2648642,0,3,0
4,255,2658578,-8185,-193,476
13,254,2658599,2,2,1
4,256,2668696,-8190,-198,485
13,255,2668718,-1,1,0
4,257,2678744,-8189,-198,492
13,256,2678793,-3,0,1
4,258,2688903,-8193,-191,480
13,257,2688925,0,-1,0
4,259,2698838,-8176,-190,478
13,258,2698860,-1,1,0
4,260,2708935,-8179,-188,492
13,259,2708957,-2,0,0
4,261,2718928,-8191,-187,484
13,260,2718950,-1,-1,0
4,262,2729036,-8189,-200,477
13,261,2729058,0,1,0
4,263,2739009,-8183,-202,481
13,262,2739031,-1,-1,0
4,264,2749101,-8183,-192,485
13,263,2749123,-2,1,1
4,265,2759247,-8184,-188,478
13,264,2759268,-1,0,1
4,266,2769323,-8182,-185,473
13,265,2769345,0,-1,0
4,267,2779305,-8184,-187,483
13,266,2779327,-2,0,0
4,268,2789359,-8177,-191,483
13,267,2789381,0,0,0
4,269,2799422,-8191,-201,487
13,268,2799444,-1,1,-3
4,270,2809572,-8192,-198,489
13,269,2809594,0,3,0
4,271,2819599,-8184,-188,489
13,270,2819621,-1,2,1
4,272,2829654,-8194,-196,483
13,271,2829676,-1,0,0
4,273,2839658,-8187,-188,490
13,272,2839680,-1,1,-2
4,274,2849829,-8182,-186,477
13,273,2849851,-2,0,0
4,275,2859807,-8187,-191,493
13,274,2859829,-1,1,1
4,276,2869862,-8190,-187,490
13,275,2869884,0,1,-1
4,277,2879983,-8188,-194,473
13,276,2880005,-1,0,-2
4,278,2889977,-8192,-192,480
13,277,2889999,-1,1,-1
4,279,2900052,-8176,-193,486
13,278,2900074,-2,-1,0
4,280,2910115,-8184,-196,480
13,279,2910137,-2,-1,1
4,281,2920192,-8182,-188,466
13,280,2920214,-1,0,1
4,282,2930378,-8184,-187,483
13,281,2930400,-1,0,-1
4,283,2940264,-8187,-193,479
13,282,2940313,-2,0,0
4,284,2950429,-8175,-192,476
13,283,2950451,-2,0,0
4,285,2960470,-8195,-201,471
13,284,2960492,-1,0,-2
4,286,2970595,-8186,-189,485
13,285,2970617,-2,0,-1
4,287,2980556,-8170,-189,477
13,286,2980578,-2,0,0
4,288,2990636,-8181,-198,480
13,287,2990658,0,1,-2
4,289,3000725,-8183,-194,483
13,288,3000747,0,1,0
4,290,3010884,-8180,-192,471
13,289,3010906,-1,0,2
4,291,3020921,-8174,-196,490
13,290,3020943,-4,2,0
4,292,3030921,-8189,-195,490
13,291,3030943,-4,2,0
4,293,3040995,-8187,-190,484
13,292,3041017,-1,1,0
4,294,3051072,-8194,-192,487
13,293,3051094,0,0,0
4,295,3061098,-8185,-185,480
13,294,3061147,0,0,0
4,296,3071192,-8186,-199,475
13,295,3071214,0,0,0
4,297,3081268,-8174,-188,487
13,296,3081290,-1,2,0
4,298,3091376,-8185,-190,490
13,297,3091398,-1,0,0
4,299,3101414,-8186,-191,483
13,298,3101436,0,0,0
4,300,3111431,-8172,-183,485
13,299,3111453,0,1,-3
4,301,3121498,-8183,-187,490
13,300,3121520,-2,2,1
4,302,3131578,-8187,-198,487
13,301,3131600,0,0,0
4,303,3141694,-8172,-194,478
13,302,3141716,-1,1,-2
4,304,3151621,-8184,-190,477
13,303,3151643,0,0,0
4,305,3161776,-8193,-191,486
13,304,3161798,1,3,0
4,306,3171917,-8187,-197,490
13,305,3171966,0,3,0
4,307,3181863,-8186,-190,485
13,306,3181885,-1,2,-1
4,308,3191922,-8193,-199,480
13,307,3191944,-2,1,-2
4,309,3202046,-8187,-192,481
13,308,3202068,-2,0,0
4,310,3212063,-8181,-191,479
13,309,3212085,-2,1,0
4,311,3222181,-8181,-201,481
13,310,3222203,0,0,-1
4,312,3232216,-8178,-191,488
13,311,3232238,-1,1,0
4,313,3242211,-8178,-189,483
13,312,3242233,-3,1,0
4,314,3252428,-8195,-194,479
13,313,3252450,0,1,-1
4,315,3262393,-8189,-187,470
13,314,3262415,-2,1,-2
4,316,3272460,-8182,-191,479
13,315,3272482,-1,2,-3
4,317,3282481,-8195,-188,477
13,316,3282503,0,0,-1
4,318,3292635,-8187,-182,480
13,317,3292657,0,3,1
4,319,3302689,-8171,-187,482
13,318,3302711,1,3,0
4,320,3312753,-8181,-197,488
13,319,3312775,2,2,0
4,321,3322836,-8177,-192,471
13,320,3322858,-1,1,2
4,322,3332955,-8195,-190,489
13,321,3332977,0,0,0
4,323,3342943,-8176,-187,485
13,322,3342965,2,0,0
4,324,3352942,-8180,-184,466
13,323,3352964,0,3,0
4,325,3363096,-8186,-186,482
13,324,3363118,0,2,-2
4,326,3373163,-8190,-192,490
13,325,3373184,0,1,1
4,327,3383156,-8190,-197,485
13,326,3383178,0,0,0
4,328,3393179,-8171,-199,478
13,327,3393201,0,1,-1
4,329,3403300,-8174,-187,467
13,328,3403321,-1,0,0
4,330,3413458,-8183,-200,487
13,329,3413480,0,1,0
4,331,3423378,-8178,-207,491
13,330,3423400,-1,4,0
4,332,3433503,-8182,-196,485
13,331,3433525,0,0,-2
4,333,3443548,-8181,-193,485
13,332,3443570,0,-1,-1
4,334,3453582,-8185,-189,482
13,333,3453604,-1,0,0
4,335,3463656,-8193,-190,478
13,334,3463678,0,0,0
4,336,3473728,-8190,-193,478
13,335,3473750,1,0,-1
4,337,3483767,-8183,-187,486
13,336,3483789,-1,-1,1
4,338,3493919,-8195,-192,476
13,337,3493941,-1,0,0
4,339,3503863,-8179,-196,472
13,338,3503885,0,1,0
4,340,3513956,-8181,-184,490
13,339,3513978,0,3,-1
4,341,3523997,-8188,-193,478
13,340,3524019,0,1,0
4,342,3534079,-8193,-202,481
13,341,3534100,0,0,0
4,343,3544123,-8185,-190,471
13,342,3544145,0,2,-1
4,344,3554183,-8185,-179,487
13,343,3554205,0,1,-2
4,345,3564326,-8184,-190,488
13,344,3564348,0,-2,0
4,346,3574358,-8187,-185,494
13,345,3574380,1,0,0
4,347,3584453,-8183,-185,479
13,346,3584475,-1,-1,-2
4,348,3594446,-8185,-187,474
13,347,3594468,-2,1,0
4,349,3604547,-8177,-188,485
13,348,3604569,-1,3,0
4,350,3614525,-8180,-192,485
13,349,3614547,0,2,-1
4,351,3624586,-8183,-193,478
13,350,3624607,0,2,-1
4,352,3634660,-8182,-185,479
13,351,3634681,0,2,-1
4,353,3644739,-8186,-191,474
13,352,3644761,1,3,0
4,354,3654969,-8188,-192,490
13,353,3654991,0,0,0
4,355,3664916,-8186,-190,483
13,354,3664938,0,-1,0
4,356,3674875,-8178,-190,472
13,355,3674897,-2,0,2
4,357,3685026,-8191,-195,478
13,356,3685049,-1,1,2
4,358,3695052,-8183,-195,477
13,357,3695074,0,1,0
4,359,3705167,-8194,-192,486
13,358,3705189,-1,0,0
4,360,3715214,-8182,-192,482
13,359,3715236,-1,1,2
4,361,3725298,-8199,-189,484
13,360,3725320,0,0,0
4,362,3735460,-8179,-178,480
13,361,3735482,0,1,0
4,363,3745390,-8179,-190,482
13,362,3745412,0,1,1
4,364,3755457,-8194,-186,490
13,363,3755479,-1,0,0
4,365,3765496,-8181,-174,486
13,364,3765518,0,0,1
4,366,3775635,-8183,-187,489
13,365,3775657,0,3,1
4,367,3785666,-8185,-191,486
13,366,3785688,1,3,0
4,368,3795725,-8195,-176,480
13,367,3795747,0,1,0
4,369,3805774,-8181,-191,475
13,368,3805796,0,1,1
4,370,3815974,-8187,-204,482
13,369,3815996,-1,-3,-2
4,371,3825924,-8195,-191,490
13,370,3825946,-1,0,-1
4,372,3836040,-8177,-188,482
13,371,3836062,0,0,-2
4,373,3846026,-8176,-195,489
13,372,3846048,0,0,1
4,374,3856205,-8188,-188,480
13,373,3856227,0,1,2
4,375,3866130,-8175,-195,473
13,374,3866152,-1,1,-2
4,376,3876273,-8190,-199,477
13,375,3876295,-1,0,-4
4,377,3886377,-8188,-195,480
13,376,3886399,1,-2,-1
4,378,3896465,-8187,-186,494
13,377,3896487,2,0,1
4,379,3906433,-8190,-188,491
13,378,3906455,0,0,3
4,380,3916485,-8188,-187,489
13,379,3916507,-1,0,0
4,381,3926561,-8172,-191,496
13,380,3926583,2,1,0
4,382,3936708,-8183,-195,477
13,381,3936730,0,-3,1
4,383,3946705,-8189,-184,479
13,382,3946727,-1,0,2
4,384,3956707,-8193,-193,485
13,383,3956729,0,0,0
4,385,3966842,-8191,-191,479
13,384,3966864,0,0,-1
4,386,3976920,-8184,-179,479
13,385,3976942,0,1,0
4,387,3986940,-8182,-192,492
13,386,3986962,0,2,0
4,388,3996925,-8182,-178,482
13,387,3996947,-2,0,0
4,389,4007071,-8168,-187,474
13,388,4007093,-1,0,2
4,390,4017136,-8180,-186,480
13,389,4017158,1,2,0
4,391,4027199,-8186,-196,477
13,390,4027220,0,0,0
4,392,4037250,-8175,-194,481
13,391,4037272,1,1,0
4,393,4047399,-8190,-191,477
13,392,4047421,0,1,0
4,394,4057525,-8175,-200,481
13,393,4057547,-1,0,0
4,395,4067476,-8187,-190,489
13,394,4067498,2,0,0
4,396,4077502,-8199,-193,487
13,395,4077524,0,1,0
4,397,4087671,-8189,-190,487
13,396,4087693,0,0,0
4,398,4097702,-8182,-188,480
13,397,4097724,-1,0,2
4,399,4107714,-8179,-186,476
13,398,4107736,-1,0,2
4,400,4117801,-8191,-196,484
13,399,4117823,1,-1,-1
4,401,4127828,-8185,-184,492
13,400,4127850,1,0,-1
4,402,4138038,-8184,-183,480
13,401,4138060,1,-2,0
4,403,4148084,-8185,-187,480
13,402,4148106,0,0,0
4,404,4158073,-8196,-182,482
13,403,4158095,0,1,-1
4,405,4168152,-8180,-194,480
13,404,4168174,-1,-1,-1
4,406,4178251,-8193,-187,484
13,405,4178300,0,-2,1
4,407,4188328,-8182,-200,470
13,406,4188350,0,-2,1
4,408,4198406,-8184,-187,474
13,407,4198428,0,2,2
4,409,4208520,-8183,-191,478
13,408,4208542,1,1,0
4,410,4218627,-8189,-195,486
13,409,4218648,0,1,-1
4,411,4228575,-8187,-195,473
13,410,4228597,-1,1,-1
4,412,4238644,-8185,-207,481
13,411,4238666,-1,0,0
4,413,4248704,-8173,-195,479
13,412,4248726,-1,0,-1
4,414,4258865,-8186,-185,479
13,413,4258887,0,0,-1
4,415,4268855,-8196,-190,479
13,414,4268877,0,1,-2
4,416,4278887,-8188,-189,491
13,415,4278909,-1,1,0
4,417,4289025,-8174,-202,484
13,416,4289047,-2,0,2
4,418,4299092,-8182,-205,489
13,417,4299114,1,0,2
4,419,4309095,-8179,-191,471
13,418,4309117,0,-1,0
4,420,4319209,-8177,-191,464
13,419,4319231,-2,0,0
4,421,4329201,-8184,-192,480
13,420,4329223,0,2,0
4,422,4339398,-8191,-192,477
13,421,4339420,-1,2,2
4,423,4349394,-8187,-192,484
13,422,4349416,-3,0,2
4,424,4359511,-8182,-186,481
13,423,4359533,-1,-2,-1
4,425,4369475,-8181,-179,476
13,424,4369497,-1,0,-2
4,426,4379759,-8188,-190,476
13,425,4379781,0,1,-3
4,427,4389662,-8185,-192,472
13,426,4389684,-1,0,0
4,428,4399671,-8187,-189,489
13,427,4399693,0,-1,-1
4,429,4409853,-8171,-191,482
13,428,4409875,3,1,0
4,430,4419847,-8182,-190,473
13,429,4419868,0,0,0
4,431,4429948,-8180,-197,471
13,430,4429969,-1,0,0
4,432,4440028,-8180,-187,475
13,431,4440050,0,0,0
4,433,4450084,-8181,-189,482
13,432,4450106,1,0,0
4,434,4460261,-8186,-186,489
13,433,4460283,1,0,0
4,435,4470220,-8182,-201,489
13,434,4470242,0,0,0
4,436,4480343,-8174,-192,481
13,435,4480365,-3,0,0
4,437,4490367,-8177,-200,469
13,436,4490389,-1,0,0
4,438,4500442,-8181,-199,476
13,437,4500464,-1,1,0
4,439,4510405,-8180,-193,482
13,438,4510427,0,1,1
4,440,4520586,-8190,-189,476
13,439,4520608,0,0,0
4,441,4530674,-8191,-197,490
13,440,4530696,-2,0,0
4,442,4540710,-8178,-201,483
13,441,4540732,-2,-1,-1
4,443,4550814,-8183,-197,481
13,442,4550864,-2,0,0
4,444,4560782,-8185,-195,475
13,443,4560832,0,-1,2
4,445,4570903,-8183,-186,474
13,444,4570925,0,2,0
4,446,4580999,-8185,-188,476
13,445,4581021,0,0,-1
4,447,4591023,-8182,-193,466
13,446,4591045,0,1,0
4,448,4601063,-8194,-194,478
13,447,4601085,0,3,0
4,449,4611172,-8175,-198,473
13,448,4611194,0,1,0
4,450,4621292,-8191,-197,483
13,449,4621314,0,0,0
4,451,4631200,-8178,-193,491
13,450,4631222,0,-2,0
4,452,4641327,-8188,-208,474
13,451,4641348,0,-4,-1
4,453,4651458,-8195,-191,477
13,452,4651480,0,2,0
4,454,4661522,-8193,-186,483
13,453,4661544,-1,3,0
4,455,4671520,-8184,-185,478
13,454,4671542,0,-1,1
4,456,4681668,-8185,-193,481
13,455,4681690,0,0,0
4,457,4691700,-8187,-196,485
13,456,4691722,-1,0,0
4,458,4701836,-8188,-198,481
13,457,4701858,-1,-2,0
4,459,4711811,-8182,-190,480
13,458,4711833,-1,-1,0
4,460,4721880,-8187,-180,481
13,459,4721902,-2,1,0
4,461,4731975,-8186,-190,481
13,460,4731997,0,0,0
4,462,4741997,-8182,-201,485
13,461,4742019,0,3,0
4,463,4752068,-8187,-184,482
13,462,4752090,-2,3,1
4,464,4762129,-8196,-190,475
13,463,4762151,0,2,0
4,465,4772201,-8181,-197,483
13,464,4772223,-1,2,-1
4,466,4782352,-8179,-194,488
13,465,4782374,-1,1,0
4,467,4792333,-8185,-192,490
13,466,4792355,0,0,2
4,468,4802386,-8187,-198,486
13,467,4802408,0,0,0
4,469,4812487,-8187,-197,473
13,468,4812509,0,0,0
4,470,4822583,-8179,-185,481
13,469,4822605,-1,0,2
4,471,4832589,-8177,-194,483
13,470,4832611,-1,0,2
4,472,4842617,-8180,-208,484
13,471,4842639,0,1,0
4,473,4852742,-8178,-201,482
13,472,4852764,0,2,0
4,474,4862903,-8182,-189,490
13,473,4862925,0,0,-2
4,475,4872903,-8184,-199,471
13,474,4872925,-1,1,0
4,476,4882850,-8182,-200,466
13,475,4882872,-1,0,1
4,477,4892989,-8177,-189,476
13,476,4893011,-3,0,0
4,478,4903092,-8176,-197,486
13,477,4903114,-2,0,0
4,479,4913062,-8182,-203,487
13,478,4913084,-2,0,-2
4,480,4923162,-8175,-195,479
13,479,4923184,-2,0,-1
4,481,4933256,-8176,-187,486
13,480,4933306,-1,1,0
4,482,4943455,-8192,-192,488
13,481,4943477,0,0,0
4,483,4953446,-8196,-199,494
13,482,4953468,0,0,-1
4,484,4963385,-8186,-193,483
13,483,4963407,-1,-1,0
4,485,4973502,-8178,-193,483
13,484,4973524,-2,-1,0
4,486,4983564,-8187,-191,492
13,485,4983586,0,2,-1
4,487,4993599,-8188,-204,481
13,486,4993621,0,0,0
4,488,5003611,-8188,-198,487
13,487,5003633,0,-1,0
4,489,5013728,-8185,-184,476
13,488,5013750,0,0,1
4,490,5023867,-8187,-189,493
13,489,5023889,-1,0,0
4,491,5033826,-8179,-187,490
13,490,5033848,-2,-1,1
4,492,5043887,-8192,-186,482
13,491,5043908,-1,2,0
4,493,5054011,-8195,-185,483
13,492,5054061,-1,3,-2
4,494,5064094,-8191,-197,487
13,493,5064116,-1,1,0
4,495,5074123,-8186,-200,485
13,494,5074145,-1,2,1
4,496,5084124,-8185,-192,493
13,495,5084146,0,1,0
4,497,5094269,-8184,-182,484
13,496,5094291,0,-1,-1
4,498,5104382,-8176,-182,467
13,497,5104404,0,0,0
4,499,5114339,-8176,-189,484
13,498,5114361,0,0,0
4,500,5124423,-8192,-198,481
13,499,5124445,0,-1,2
4,501,5134452,-8190,-189,479
13,500,5134474,-1,0,2
4,502,5144507,-8186,-182,480
13,501,5144529,-1,1,2
4,503,5154587,-8189,-193,473
13,502,5154609,-1,0,2
4,504,5164602,-8186,-192,471
13,503,5164624,0,2,-1
4,505,5174730,-8191,-187,483
13,504,5174752,-2,3,-1
4,506,5184915,-8195,-182,484
13,505,5184937,0,1,-1
4,507,5194890,-8187,-191,487
13,506,5194912,0,2,-1
4,508,5204954,-8192,-183,482
13,507,5204976,0,0,-2
4,509,5215062,-8198,-182,485
13,508,5215084,-1,-3,0
4,510,5225086,-8185,-190,489
13,509,5225108,0,0,0
4,511,5235186,-8183,-191,484
13,510,5235208,-1,1,0
4,512,5245239,-8169,-196,465
13,511,5245261,-2,0,-2
4,513,5255251,-8175,-193,486
13,512,5255273,-1,2,0
4,514,5265411,-8191,-202,489
13,513,5265433,-1,1,1
4,515,5275426,-8193,-191,483
13,514,5275448,-2,2,0
4,516,5285378,-8203,-194,468
13,515,5285400,-1,2,0
4,517,5295506,-8185,-195,472
13,516,5295528,0,0,0
4,518,5305540,-8189,-188,480
13,517,5305562,1,0,1
4,519,5315654,-8179,-193,483
13,518,5315676,-1,-1,0
4,520,5325763,-8178,-189,475
13,519,5325785,0,0,0
4,521,5335783,-8195,-188,478
13,520,5335805,2,1,0
4,522,5345911,-8180,-181,477
13,521,5345933,0,0,0
4,523,5355889,-8178,-193,485
13,522,5355911,-2,1,-2
4,524,5365942,-8180,-216,476
13,523,5365964,-1,1,-2
4,525,5376016,-8175,-193,485
13,524,5376038,-3,0,0
4,526,5386112,-8193,-186,490
13,525,5386134,-1,1,0
4,527,5396136,-8188,-186,476
13,526,5396158,-1,-1,-2
4,528,5406148,-8176,-198,480
13,527,5406170,0,0,-2
4,529,5416280,-8184,-202,478
13,528,5416302,0,2,0
4,530,5426461,-8178,-195,472
13,529,5426483,1,0,0
4,531,5436441,-8182,-206,490
13,530,5436463,0,2,-2
4,532,5446570,-8175,-199,492
13,531,5446592,0,1,0
4,533,5456503,-8170,-190,474
13,532,5456525,0,-2,0
4,534,5466655,-8187,-197,480
13,533,5466677,0,0,2
4,535,5476697,-8180,-195,484
13,534,5476719,0,3,1
4,536,5486729,-8183,-197,474
13,535,5486751,0,2,-2
4,537,5496842,-8190,-190,484
13,536,5496864,1,0,1
4,538,5506891,-8188,-182,486
13,537,5506913,0,-3,2
4,539,5516948,-8201,-187,486
13,538,5516970,-1,2,1
4,540,5526991,-8178,-186,492
13,539,5527013,-1,3,0
4,541,5537067,-8182,-186,471
13,540,5537089,0,0,1
4,542,5547088,-8190,-184,476
13,541,5547110,0,0,1
4,543,5557186,-8197,-188,480
13,542,5557207,0,2,0
4,544,5567276,-8176,-202,482
13,543,5567298,0,1,0
4,545,5577320,-8180,-199,496
13,544,5577342,-1,1,0
4,546,5587525,-8182,-187,480
13,545,5587547,1,0,0
4,547,5597482,-8190,-189,471
13,546,5597504,0,-1,1
4,548,5607496,-8195,-189,486
13,547,5607517,-1,0,0
4,549,5617577,-8187,-192,482
13,548,5617599,-1,1,0
4,550,5627662,-8191,-193,482
13,549,5627684,-1,2,1
4,551,5637713,-8185,-187,486
13,550,5637735,0,0,-3
4,552,5647747,-8179,-198,475
13,551,5647769,1,0,-1
4,553,5657799,-8186,-187,489
13,552,5657820,0,3,0
4,554,5668042,-8181,-199,477
13,553,5668091,-1,0,-1
4,555,5677971,-8171,-198,478
13,554,5677993,0,0,-1
4,556,5688059,-8199,-187,474
13,555,5688081,0,-1,0
4,557,5698126,-8180,-201,481
13,556,5698148,-2,1,0
4,558,5708306,-8188,-191,490
13,557,5708328,0,1,2
4,559,5718220,-8189,-200,487
13,558,5718242,-2,1,0
4,560,5728304,-8186,-198,469
13,559,5728326,0,2,-2
4,561,5738355,-8171,-186,477
13,560,5738377,0,2,0
4,562,5748542,-8181,-194,479
13,561,5748564,0,0,0
4,563,5758455,-8186,-191,487
13,562,5758477,0,1,0
4,564,5768537,-8181,-191,487
13,563,5768559,-2,3,-1
4,565,5778573,-8188,-198,477
13,564,5778595,-1,0,0
4,566,5788758,-8188,-198,495
13,565,5788779,-2,0,0
4,567,5798719,-8186,-189,491
13,566,5798741,0,1,0
4,568,5808717,-8176,-194,484
13,567,5808739,0,0,1
4,569,5818896,-8189,-186,476
13,568,5818918,-1,0,0
4,570,5829025,-8189,-191,479
13,569,5829047,0,-3,0
4,571,5838994,-8181,-190,478
13,570,5839016,-1,0,0
4,572,5849020,-8195,-192,485
13,571,5849042,1,3,0
4,573,5859113,-8186,-186,491
13,572,5859135,-1,0,0
4,574,5869220,-8183,-198,470
13,573,5869242,-1,0,1
4,575,5879234,-8184,-196,480
13,574,5879256,0,-1,0
4,576,5889318,-8176,-195,481
13,575,5889340,0,1,0
4,577,5899381,-8197,-186,472
13,576,5899403,-1,2,0
4,578,5909530,-8191,-195,482
13,577,5909552,-2,1,-2
4,579,5919458,-8181,-195,479
13,578,5919480,-2,0,0
4,580,5929654,-8198,-189,488
13,579,5929676,-1,1,0
4,581,5939666,-8186,-190,482
13,580,5939688,-1,1,0
4,582,5949765,-8184,-190,477
13,581,5949787,-2,-1,-1
4,583,5959751,-8186,-183,476
13,582,5959773,0,-2,-2
4,584,5969857,-8185,-197,477
13,583,5969879,0,0,0
4,585,5979907,-8181,-201,474
13,584,5979929,-1,0,1
4,586,5990033,-8186,-180,483
13,585,5990055,-2,1,0
4,587,6000046,-8196,-186,485
13,586,6000068,-2,2,0
4,588,6010114,-8192,-187,471
13,587,6010136,-1,0,-1
4,589,6020107,-8180,-184,487
13,588,6020129,0,-1,0
4,590,6030264,-8191,-188,485
13,589,6030286,2,1,1
4,591,6040283,-8194,-197,477
13,590,6040305,0,1,1
4,592,6050378,-8178,-203,478
13,591,6050400,-1,1,2
4,593,6060477,-8187,-196,487
13,592,6060500,0,1,0
4,594,6070625,-8182,-192,483
13,593,6070647,0,2,0
4,595,6080618,-8182,-188,474
13,594,6080640,-1,1,0
4,596,6090671,-8192,-193,475
13,595,6090693,-1,-1,1
4,597,6100741,-8184,-187,471
13,596,6100763,-4,-1,1
4,598,6110808,-8185,-184,484
13,597,6110830,0,0,0
4,599,6120841,-8189,-190,487
13,598,6120863,-1,-1,0
4,600,6130966,-8186,-202,482
13,599,6130988,-1,-1,1
4,601,6140926,-8188,-196,472
13,600,6140948,0,0,0
4,602,6151195,-8187,-182,492
13,601,6151217,0,-1,0
4,603,6161095,-8184,-189,487
13,602,6161117,0,0,-1
4,604,6171212,-8186,-188,482
13,603,6171234,0,0,0
4,605,6181170,-8186,-186,478
13,604,6181192,-1,2,-1
4,606,6191358,-8185,-187,487
13,605,6191380,-1,1,0
4,607,6201406,-8202,-191,476
13,606,6201428,0,0,0
4,608,6211423,-8182,-199,473
13,607,6211445,0,2,-1
4,609,6221556,-8174,-191,467
13,608,6221578,-2,0,1
4,610,6231691,-8180,-188,481
13,609,6231713,-2,0,0
4,611,6241522,-8168,-198,477
13,610,6241544,-2,2,1
4,612,6251671,-8189,-196,475
13,611,6251693,-1,1,1
4,613,6261658,-8189,-195,491
13,612,6261680,-1,0,1
4,614,6271829,-8184,-196,469
13,613,6271851,0,0,0
4,615,6281850,-8194,-192,480
13,614,6281872,0,0,0
4,616,6291917,-8190,-198,475
13,615,6291939,0,-1,0
4,617,6302057,-8197,-208,476
13,616,6302106,1,-3,0
4,618,6312182,-8197,-189,485
13,617,6312204,0,0,-1
4,619,6322133,-8191,-183,479
13,618,6322155,-1,-1,0
4,620,6332176,-8189,-195,478
13,619,6332198,-1,-1,0
4,621,6342249,-8186,-198,480
13,620,6342271,-1,-1,-2
4,622,6352311,-8178,-186,478
13,621,6352333,0,-2,0
4,623,6362367,-8175,-188,476
13,622,6362389,-1,1,1
4,624,6372401,-8187,-179,487
13,623,6372423,-2,2,2
4,625,6382481,-8175,-182,489
13,624,6382503,0,-1,0
4,626,6392623,-8192,-181,489
13,625,6392645,0,1,0
4,627,6402636,-8190,-184,484
13,626,6402658,-2,1,0
4,628,6412626,-8190,-192,479
13,627,6412648,-2,2,0
4,629,6422785,-8174,-191,470
13,628,6422807,-1,0,0
4,630,6432765,-8195,-200,483
13,629,6432787,0,0,-1
4,631,6442920,-8198,-181,467
13,630,6442942,-1,1,-1
4,632,6452990,-8176,-183,481
13,631,6453012,0,1,0
4,633,6463009,-8188,-200,490
13,632,6463031,0,0,0
4,634,6473128,-8194,-197,478
13,633,6473150,0,1,0
4,635,6483105,-8180,-186,472
13,634,6483127,-1,1,0
4,636,6493152,-8182,-175,485
13,635,6493174,-1,0,-1
4,637,6503214,-8183,-183,471
13,636,6503236,0,0,0
4,638,6513307,-8173,-183,471
13,637,6513329,2,1,0
4,639,6523261,-8173,-187,483
13,638,6523283,0,0,0
4,640,6533415,-8179,-206,492
13,639,6533437,-1,-2,0
4,641,6543421,-8180,-188,474
13,640,6543443,-1,0,1
4,642,6553660,-8186,-177,473
13,641,6553682,-1,0,0
4,643,6563529,-8184,-194,481
13,642,6563551,1,0,-1
4,644,6573682,-8184,-193,476
13,643,6573704,0,0,2
4,645,6583746,-8181,-191,478
13,644,6583768,0,0,2
4,646,6593855,-8180,-188,482
13,645,6593877,0,-2,-1
4,647,6603856,-8184,-195,480
13,646,6603878,0,0,1
4,648,6613953,-8185,-193,477
13,647,6613975,-1,1,0
4,649,6623991,-8186,-178,483
13,648,6624012,-1,1,-1
4,650,6634134,-8188,-185,478
13,649,6634156,-2,-1,0
4,651,6644042,-8185,-183,473
13,650,6644064,0,0,0
4,652,6654219,-8194,-192,473
13,651,6654241,0,1,0
4,653,6664207,-8180,-193,476
13,652,6664229,-2,0,2
4,654,6674319,-8180,-185,471
13,653,6674341,-1,0,1
4,655,6684321,-8175,-198,474
13,654,6684343,0,0,-1
4,656,6694399,-8189,-188,483
13,655,6694421,0,0,-3
4,657,6704477,-8185,-178,490
13,656,6704499,0,0,0
4,658,6714709,-8189,-191,485
13,657,6714730,-1,0,0
4,659,6724605,-8189,-186,478
13,658,6724627,0,0,0
4,660,6734660,-8185,-189,481
13,659,6734682,0,0,0
4,661,6744714,-8178,-195,499
13,660,6744736,2,1,0
4,662,6754801,-8195,-199,483
13,661,6754823,2,2,0
4,663,6764842,-8189,-184,482
13,662,6764864,0,2,-3
4,664,6774935,-8191,-187,484
13,663,6774957,-2,0,-3
4,665,6784983,-8179,-197,483
13,664,6785005,-2,-2,0
4,666,6795124,-8185,-193,477
13,665,6795146,0,0,0
4,667,6805097,-8189,-195,473
13,666,6805119,1,0,0
4,668,6815209,-8182,-183,486
13,667,6815231,0,0,0
4,669,6825285,-8178,-186,473
13,668,6825307,-1,1,-1
4,670,6835352,-8181,-197,474
13,669,6835374,0,1,-2
4,671,6845375,-8190,-198,490
13,670,6845397,0,0,-1
4,672,6855459,-8184,-186,482
13,671,6855481,0,3,0
4,673,6865409,-8186,-198,477
13,672,6865431,-1,0,1
4,674,6875620,-8182,-190,470
13,673,6875642,-1,-3,0
4,675,6885619,-8191,-192,468
13,674,6885641,0,-1,0
4,676,6895607,-8191,-199,490
13,675,6895629,0,0,0
4,677,6905745,-8176,-193,482
13,676,6905767,-3,2,0
4,678,6915826,-8188,-185,477
13,677,6915848,0,0,-1
4,679,6925909,-8188,-190,487
13,678,6925931,0,0,0
4,680,6935853,-8191,-188,485
13,679,6935875,0,-1,1
4,681,6946077,-8179,-188,487
13,680,6946099,0,-3,3
4,682,6956199,-8181,-184,486
13,681,6956221,0,-1,0
4,683,6966090,-8191,-192,486
13,682,6966112,0,0,0
4,684,6976274,-8177,-183,486
13,683,6976296,-1,2,0
4,685,6986203,-8180,-185,468
13,684,6986225,-1,0,1
4,686,6996373,-8186,-186,481
13,685,6996395,-2,0,-1
4,687,7006399,-8187,-198,478
13,686,7006420,-1,2,1
4,688,7016462,-8188,-189,473
13,687,7016484,0,1,1
4,689,7026517,-8189,-192,479
13,688,7026539,0,1,0
4,690,7036665,-8184,-190,485
13,689,7036687,0,0,0
4,691,7046701,-8187,-191,475
13,690,7046723,0,0,0
4,692,7056785,-8186,-185,489
13,691,7056807,-3,0,-1
4,693,7066785,-8181,-196,484
13,692,7066807,0,2,-1
4,694,7076859,-8189,-183,481
13,693,7076881,0,2,0
4,695,7086993,-8182,-185,484
13,694,7087015,-1,1,0
4,696,7097047,-8189,-196,478
13,695,7097069,0,-1,-1
4,697,7107044,-8181,-196,474
13,696,7107066,-2,0,0
4,698,7117286,-8184,-185,488
13,697,7117308,-1,0,-2
4,699,7127165,-8183,-193,485
13,698,7127187,-2,0,0
4,700,7137237,-8185,-194,477
13,699,7137258,-2,0,3
4,701,7147305,-8178,-192,480
13,700,7147327,-2,2,2
4,702,7157400,-8177,-185,479
13,701,7157421,0,2,0
4,703,7167422,-8191,-194,478
13,702,7167444,-3,2,-3
4,704,7177524,-8186,-190,484
13,703,7177574,-1,2,0
4,705,7187559,-8188,-189,481
13,704,7187581,0,1,3
4,706,7197659,-8186,-191,487
13,705,7197681,0,-1,1
4,707,7207673,-8183,-193,483
13,706,7207695,0,1,-2
4,708,7217797,-8185,-189,479
13,707,7217819,-1,0,-2
4,709,7227833,-8186,-194,483
13,708,7227855,-3,2,0
4,710,7237876,-8189,-191,476
13,709,7237898,-2,3,-1
4,711,7247962,-8182,-189,469
13,710,7247983,-2,0,0
4,712,7257963,-8180,-190,463
13,711,7257985,-1,0,0
4,713,7268050,-8177,-188,481
13,712,7268072,-2,1,0
4,714,7278156,-8189,-195,476
13,713,7278178,-1,0,0
4,715,7288135,-8178,-194,463
13,714,7288157,0,1,0
4,716,7298254,-8177,-191,484
13,715,7298276,0,1,0
4,717,7308202,-8192,-199,477
13,716,7308224,-2,2,0
4,718,7318362,-8197,-194,470
13,717,7318384,0,2,0
4,719,7328393,-8182,-185,479
13,718,7328415,0,2,-1
4,720,7338498,-8180,-198,484
13,719,7338520,0,0,-1
4,721,7348537,-8191,-192,484
13,720,7348559,0,-1,-2
4,722,7358681,-8188,-191,482
13,721,7358703,0,1,0
4,723,7368644,-8179,-180,486
13,722,7368666,0,0,1
4,724,7378699,-8187,-186,481
13,723,7378721,1,3,-1
4,725,7388768,-8180,-191,474
13,724,7388790,0,0,-2
4,726,7398872,-8187,-194,475
13,725,7398894,0,-1,1
4,727,7408841,-8191,-187,479
13,726,7408863,0,1,0
4,728,7418967,-8183,-188,470
13,727,7418989,0,1,-2
4,729,7429063,-8183,-185,481
13,728,7429085,-2,-1,-1
4,730,7439288,-8185,-195,488
13,729,7439310,-1,0,0
4,731,7449127,-8193,-191,478
13,730,7449149,0,0,0
4,732,7459251,-8191,-192,481
13,731,7459273,-1,1,1
4,733,7469315,-8183,-192,476
13,732,7469337,-1,2,0
4,734,7479367,-8190,-193,472
13,733,7479389,-2,1,2
4,735,7489440,-8187,-204,480
13,734,7489462,0,1,1
4,736,7499510,-8186,-193,477
13,735,7499532,0,0,0
4,737,7509622,-8180,-195,472
13,736,7509644,-4,2,0
4,738,7519791,-8174,-195,481
13,737,7519812,-2,0,1
4,739,7529643,-8184,-195,487
13,738,7529665,-1,0,0
4,740,7539749,-8185,-191,484
13,739,7539771,-1,2,0
4,741,7549849,-8176,-190,478
13,740,7549870,0,0,0
4,742,7559947,-8180,-182,477
13,741,7559969,0,-3,0
4,743,7569940,-8177,-194,473
13,742,7569962,-3,0,0
4,744,7580034,-8187,-195,485
13,743,7580056,-1,3,-3
4,745,7590122,-8179,-200,476
13,744,7590144,0,-1,-2
4,746,7600234,-8194,-193,488
13,745,7600256,1,1,0
4,747,7610197,-8184,-201,488
13,746,7610219,-1,1,1
4,748,7620351,-8180,-202,479
13,747,7620373,-1,1,0
4,749,7630330,-8189,-190,466
13,748,7630352,0,2,1
4,750,7640438,-8179,-193,473
13,749,7640460,0,0,-2
4,751,7650398,-8186,-189,475
13,750,7650419,-1,2,-2
4,752,7660545,-8182,-188,476
13,751,7660567,-2,3,-1
4,753,7670580,-8187,-193,487
13,752,7670602,-1,-1,0
4,754,7680778,-8181,-201,486
13,753,7680800,0,1,0
4,755,7690746,-8176,-196,474
13,754,7690768,0,3,-1
4,756,7700804,-8192,-193,484
13,755,7700826,0,0,0
4,757,7710811,-8180,-192,491
13,756,7710833,2,0,0
4,758,7720960,-8182,-176,484
13,757,7720982,-2,3,0
4,759,7730934,-8175,-194,475
13,758,7730956,0,1,2
4,760,7741020,-8187,-210,476
13,759,7741042,1,4,1
4,761,7751091,-8188,-180,485
13,760,7751112,-1,2,0
4,762,7761222,-8179,-194,478
13,761,7761244,0,1,0
4,763,7771212,-8164,-196,476
13,762,7771234,0,1,0
4,764,7781331,-8178,-185,488
13,763,7781353,-3,1,0
4,765,7791331,-8172,-194,483
13,764,7791353,0,0,0
4,766,7801519,-8195,-189,488
13,765,7801541,-1,2,0
4,767,7811542,-8192,-201,481
13,766,7811564,0,0,0
4,768,7821542,-8187,-188,485
13,767,7821564,0,0,1
4,769,7831636,-8195,-183,483
13,768,7831658,0,0,0
4,770,7841810,-8187,-198,486
13,769,7841832,0,0,0
4,771,7851684,-8185,-188,481
13,770,7851706,1,2,1
4,772,7861782,-8181,-194,468
13,771,7861804,-1,2,1
4,773,7871795,-8175,-192,475
13,772,7871817,-1,0,0
4,774,7881924,-8179,-188,479
13,773,7881946,1,0,1
4,775,7892024,-8178,-193,477
13,774,7892046,-1,1,0
4,776,7902045,-8181,-191,459
13,775,7902067,-2,1,-2
4,777,7912091,-8195,-196,481
13,776,7912113,-2,1,-1
4,778,7922291,-8177,-183,483
13,777,7922313,-1,0,0
4,779,7932213,-8177,-189,476
13,778,7932235,0,0,0
4,780,7942308,-8195,-190,490
13,779,7942330,0,0,0
4,781,7952353,-8187,-194,481
13,780,7952375,0,3,1
4,782,7962437,-8185,-191,476
13,781,7962459,-1,0,0
4,783,7972441,-8196,-188,476
13,782,7972463,-1,0,-1
4,784,7982509,-8190,-196,483
13,783,7982531,0,0,2
4,785,7992598,-8186,-180,487
13,784,7992620,0,0,-1
4,786,8002732,-8196,-188,480
13,785,8002754,0,0,-1
4,787,8012733,-8179,-182,481
13,786,8012755,-2,0,0
4,788,8022692,-8164,-181,493
13,787,8022714,0,0,0
4,789,8032817,-8180,-191,487
13,788,8032839,-1,1,-2
4,790,8042913,-8188,-191,486
13,789,8042935,-1,0,-1
4,791,8052913,-8180,-204,481
13,790,8052935,-1,0,-1
4,792,8063024,-8184,-184,484
13,791,8063046,0,0,-1
4,793,8073016,-8178,-193,483
13,792,8073038,0,1,0
4,794,8083227,-8171,-193,467
13,793,8083249,0,0,0
4,795,8093216,-8186,-188,475
13,794,8093238,0,0,0
4,796,8103256,-8192,-197,478
13,795,8103278,-1,1,-2
4,797,8113259,-8176,-189,476
13,796,8113281,0,2,0
4,798,8123409,-8187,-189,484
13,797,8123431,0,0,0
4,799,8133451,-8191,-190,483
13,798,8133473,0,1,0
4,800,8143501,-8179,-191,479
13,799,8143523,0,0,0
4,801,8153643,-8174,-186,485
13,800,8153665,-1,-2,0
4,802,8163723,-8182,-182,485
13,801,8163745,0,0,0
4,803,8173698,-8186,-177,480
13,802,8173719,0,0,-1
4,804,8183802,-8190,-186,481
13,803,8183824,-1,1,0
4,805,8193856,-8178,-191,485
13,804,8193878,0,2,-1
4,806,8203970,-8181,-192,486
13,805,8203992,0,0,0
4,807,8213983,-8176,-196,475
13,806,8214005,-1,0,-1
4,808,8223979,-8194,-184,489
13,807,8224001,-1,2,0
4,809,8234151,-8184,-178,487
13,808,8234173,0,1,-1
4,810,8244247,-8175,-197,481
13,809,8244269,0,1,0
4,811,8254206,-8177,-191,491
13,810,8254228,0,2,-2
4,812,8264272,-8182,-180,473
13,811,8264294,-1,3,0
4,813,8274398,-8178,-197,482
13,812,8274420,0,0,2
4,814,8284360,-8179,-200,470
13,813,8284381,1,2,2
4,815,8294443,-8186,-187,475
13,814,8294465,0,3,1
4,816,8304541,-8193,-183,471
13,815,8304563,-1,1,1
4,817,8314630,-8184,-194,479
13,816,8314652,0,0,0
4,818,8324737,-8187,-187,477
13,817,8324759,-1,0,0
4,819,8334757,-8187,-197,477
13,818,8334779,0,1,1
4,820,8344771,-8188,-186,475
13,819,8344793,0,1,0
4,821,8354908,-8187,-189,484
13,820,8354930,-1,0,-1
4,822,8364965,-8189,-198,478
13,821,8364987,0,-3,-1
4,823,8374909,-8194,-189,471
13,822,8374931,0,0,-2
4,824,8385034,-8181,-188,478
13,823,8385056,0,3,-1
4,825,8395117,-8191,-193,490
13,824,8395138,0,0,-3
4,826,8405264,-8179,-198,482
13,825,8405286,-1,-3,0
4,827,8415171,-8186,-186,485
13,826,8415193,0,-2,1
4,828,8425276,-8181,-184,477
13,827,8425298,0,0,-2
4,829,8435407,-8185,-195,468
13,828,8435429,0,0,-2
4,830,8445505,-8186,-196,477
13,829,8445527,0,0,-3
4,831,8455518,-8167,-190,472
13,830,8455540,-1,1,-2
4,832,8465596,-8175,-188,487
13,831,8465618,0,2,0
4,833,8475677,-8190,-187,494
13,832,8475699,1,0,0
4,834,8485756,-8169,-196,475
13,833,8485778,0,-1,0
4,835,8495838,-8176,-195,471
13,834,8495860,0,1,-1
4,836,8505836,-8185,-194,483
13,835,8505858,1,0,0
4,837,8515900,-8182,-195,480
13,836,8515922,-1,0,1
4,838,8525944,-8192,-197,468
13,837,8525966,0,0,0
4,839,8536058,-8180,-185,488
13,838,8536079,1,0,1
4,840,8546114,-8194,-195,486
13,839,8546136,-1,1,0
4,841,8556144,-8189,-197,484
13,840,8556166,0,1,0
4,842,8566373,-8164,-197,468
13,841,8566395,-2,-3,-1
4,843,8576348,-8180,-207,478
13,842,8576370,-2,-1,0
4,844,8586365,-8196,-189,479
13,843,8586387,0,1,0
4,845,8596486,-8177,-187,485
13,844,8596508,-1,0,0
4,846,8606573,-8184,-192,485
13,845,8606595,1,0,0
4,847,8616587,-8189,-180,483
13,846,8616609,0,-1,0
4,848,8626665,-8178,-194,480
13,847,8626687,-1,0,-1
4,849,8636724,-8179,-193,475
13,848,8636746,-1,3,0
4,850,8646889,-8185,-183,488
13,849,8646911,4,3,0
4,851,8656862,-8183,-198,487
13,850,8656884,0,1,0
4,852,8666922,-8192,-188,471
13,851,8666944,0,1,0
4,853,8677000,-8189,-190,480
13,852,8677022,0,0,0
4,854,8687089,-8199,-188,478
13,853,8687111,1,3,0
4,855,8697182,-8194,-195,474
13,854,8697204,0,1,1
4,856,8707156,-8186,-196,476
13,855,8707178,0,1,-1
4,857,8717337,-8182,-197,479
13,856,8717359,1,0,-1
4,858,8727408,-8189,-187,478
13,857,8727430,0,1,0
4,859,8737436,-8187,-195,479
13,858,8737458,1,3,0
4,860,8747398,-8195,-193,476
13,859,8747420,0,3,0
4,861,8757498,-8187,-186,482
13,860,8757520,0,0,0
4,862,8767617,-8186,-187,487
13,861,8767639,0,-1,0
4,863,8777653,-8176,-195,479
13,862,8777675,0,5,1
4,864,8787777,-8183,-196,486
13,863,8787799,0,2,2
4,865,8797820,-8188,-185,480
13,864,8797841,-1,0,0
4,866,8807903,-8182,-189,469
13,865,8807925,0,0,0
4,867,8817967,-8188,-191,484
13,866,8817989,0,-2,1
4,868,8827939,-8196,-195,482
13,867,8827961,1,-2,0
4,869,8838085,-8177,-191,480
13,868,8838107,0,1,0
4,870,8848172,-8185,-191,482
13,869,8848194,1,1,0
4,871,8858184,-8178,-200,489
13,870,8858206,0,0,0
4,872,8868295,-8184,-188,481
13,871,8868317,-2,1,-1
4,873,8878338,-8182,-185,478
13,872,8878360,0,0,-1
4,874,8888466,-8182,-191,466
13,873,8888488,0,2,0
4,875,8898433,-8185,-187,486
13,874,8898455,0,1,0
4,876,8908519,-8178,-191,475
13,875,8908541,1,0,0
4,877,8918583,-8188,-196,466
13,876,8918605,0,0,0
4,878,8928669,-8200,-196,465
13,877,8928690,-1,0,-1
4,879,8938739,-8181,-196,485
13,878,8938761,0,2,-1
4,880,8948782,-8185,-190,495
13,879,8948804,-1,2,0
4,881,8958856,-8193,-192,477
13,880,8958878,-1,0,1
4,882,8969032,-8176,-203,472
13,881,8969054,0,-2,2
4,883,8978931,-8190,-202,470
13,882,8978953,0,0,1
4,884,8989072,-8184,-181,486
13,883,8989094,2,0,1
4,885,8999055,-8191,-198,479
13,884,8999077,0,0,0
4,886,9009230,-8188,-188,483
13,885,9009252,-1,-1,-1
4,887,9019257,-8184,-199,478
13,886,9019279,-1,0,0
4,888,9029296,-8180,-190,475
13,887,9029318,0,2,-1
4,889,9039349,-8187,-191,473
13,888,9039371,0,2,-3
4,890,9049546,-8188,-192,473
13,889,9049568,1,0,0
4,891,9059477,-8192,-193,479
13,890,9059499,0,1,0
4,892,9069566,-8182,-204,485
13,891,9069588,0,1,0
4,893,9079640,-8181,-202,488
13,892,9079662,3,1,1
4,894,9089669,-8185,-192,481
13,893,9089691,0,1,1
4,895,9099779,-8189,-182,479
13,894,9099801,0,1,0
4,896,9109770,-8192,-191,481
13,895,9109792,0,1,-1
4,897,9119875,-8182,-191,481
13,896,9119897,0,0,0
4,898,9129983,-8175,-190,480
13,897,9130005,1,1,0
4,899,9139983,-8177,-196,483
13,898,9140005,-1,2,-1
4,900,9150045,-8188,-198,481
13,899,9150067,-3,0,-1
4,901,9160132,-8194,-189,480
13,900,9160154,-1,0,-2
4,902,9170252,-8182,-197,479
13,901,9170274,0,0,-1
4,903,9180353,-8183,-186,488
13,902,9180375,-1,-1,-1
4,904,9190377,-8181,-188,490
13,903,9190399,1,-1,0
4,905,9200419,-8182,-194,488
13,904,9200441,0,0,1
4,906,9210522,-8182,-191,485
13,905,9210544,1,0,0
4,907,9220628,-8176,-201,481
13,906,9220650,1,1,0
4,908,9230571,-8184,-195,478
13,907,9230593,0,0,0
4,909,9240647,-8186,-196,480
13,908,9240669,-1,0,0
4,910,9250747,-8177,-197,475
13,909,9250769,2,-4,1
4,911,9260716,-8184,-197,482
13,910,9260737,1,0,-2
4,912,9270820,-8179,-191,472
13,911,9270842,0,1,-1
4,913,9280950,-8186,-186,477
13,912,9280972,0,0,2
4,914,9291071,-8182,-190,480
13,913,9291093,0,1,2
4,915,9301016,-8187,-194,470
13,914,9301038,0,3,0
4,916,9311100,-8193,-183,482
13,915,9311149,-4,1,-1
4,917,9321165,-8183,-192,479
13,916,9321187,-3,3,0
4,918,9331286,-8191,-196,487
13,917,9331308,0,0,1
4,919,9341363,-8189,-186,473
13,918,9341385,0,2,0
4,920,9351381,-8183,-186,479
13,919,9351403,-1,0,0
4,921,9361416,-8188,-190,485
13,920,9361438,0,-1,0
4,922,9371576,-8184,-194,492
13,921,9371598,1,-1,0
4,923,9381553,-8186,-183,499
13,922,9381575,0,0,-1
4,924,9391681,-8188,-192,496
13,923,9391703,-1,0,0
4,925,9401690,-8183,-196,484
13,924,9401712,-1,0,0
4,926,9411786,-8178,-192,486
13,925,9411808,-2,0,1
4,927,9421883,-8186,-193,468
13,926,9421905,-2,0,1
4,928,9431843,-8184,-190,480
13,927,9431865,0,0,0
4,929,9441953,-8180,-195,484
13,928,9441975,-1,-1,1
4,930,9452147,-8181,-203,483
13,929,9452169,-2,0,0
4,931,9462053,-8190,-190,478
13,930,9462075,-1,0,0
4,932,9472168,-8187,-196,468
13,931,9472190,0,0,0
4,933,9482191,-8187,-203,483
13,932,9482213,-1,2,-1
4,934,9492340,-8183,-198,484
13,933,9492362,-2,0,-1
4,935,9502265,-8178,-179,467
13,934,9502287,-1,2,3
4,936,9512434,-8193,-194,480
13,935,9512456,-1,0,0
4,937,9522479,-8188,-188,481
13,936,9522501,0,0,0
4,938,9532575,-8193,-196,482
13,937,9532597,0,0,-1
4,939,9542648,-8182,-193,481
13,938,9542670,0,-1,-1
4,940,9552590,-8185,-183,483
13,939,9552612,-2,-1,0
4,941,9562739,-8182,-190,489
13,940,9562761,0,2,2
4,942,9572838,-8184,-196,474
13,941,9572860,0,0,0
4,943,9582869,-8185,-196,484
13,942,9582891,0,-1,0
4,944,9592956,-8188,-197,481
13,943,9592978,0,0,1
4,945,9603005,-8190,-191,483
13,944,9603027,0,0,1
4,946,9613223,-8193,-188,495
13,945,9613245,0,1,0
4,947,9623159,-8190,-194,493
13,946,9623181,0,0,0
4,948,9633153,-8183,-190,483
13,947,9633175,0,0,1
4,949,9643184,-8179,-190,477
13,948,9643206,1,2,1
4,950,9653384,-8183,-191,489
13,949,9653406,1,-1,-2
4,951,9663445,-8190,-191,482
13,950,9663467,2,0,0
4,952,9673374,-8174,-201,470
13,951,9673396,0,3,1
4,953,9683634,-8182,-193,491
13,952,9683656,-1,3,-1
4,954,9693706,-8182,-183,474
13,953,9693728,0,-1,0
4,955,9703665,-8197,-197,485
13,954,9703687,1,1,0
4,956,9713733,-8188,-189,480
13,955,9713755,0,0,0
4,957,9723778,-8190,-190,473
13,956,9723800,0,0,-1
4,958,9733882,-8178,-200,482
13,957,9733904,1,-1,0
4,959,9743939,-8184,-197,480
13,958,9743961,0,-1,-1
4,960,9753940,-8187,-198,474
13,959,9753961,0,-1,0
4,961,9763940,-8197,-189,483
13,960,9763962,0,3,0
4,962,9774164,-8181,-194,477
13,961,9774186,1,6,-1
4,963,9784198,-8186,-190,478
13,962,9784220,0,1,0
4,964,9794232,-8183,-192,485
13,963,9794254,-1,0,-1
4,965,9804256,-8188,-189,484
13,964,9804278,-1,-2,-2
4,966,9814407,-8181,-179,469
13,965,9814429,0,-1,0
4,967,9824375,-8191,-196,472
13,966,9824397,-1,0,0
4,968,9834451,-8177,-186,486
13,967,9834473,-2,2,0
4,969,9844508,-8176,-182,464
13,968,9844530,-4,2,-1
4,970,9854635,-8182,-186,467
13,969,9854657,0,0,-1
4,971,9864638,-8183,-184,486
13,970,9864660,0,0,0
4,972,9874585,-8181,-193,477
13,971,9874607,0,0,0
4,973,9884675,-8179,-194,473
13,972,9884697,0,3,-2
4,974,9894800,-8182,-187,470
13,973,9894822,0,2,-2
4,975,9904835,-8176,-189,484
13,974,9904857,0,1,0
4,976,9914867,-8170,-191,472
13,975,9914889,0,-2,0
4,977,9924942,-8177,-181,488
13,976,9924964,0,0,-1
4,978,9935134,-8189,-187,478
13,977,9935156,0,0,0
4,979,9945082,-8171,-187,482
13,978,9945104,2,0,0
4,980,9955175,-8186,-191,478
13,979,9955197,0,0,0
4,981,9965219,-8194,-188,480
13,980,9965241,0,0,0
4,982,9975273,-8188,-187,472
13,981,9975295,-1,1,0
4,983,9985319,-8184,-187,477
13,982,9985341,0,1,0
4,984,9995397,-8177,-190,485
13,983,9995419,0,0,0
4,985,10005527,-8170,-191,481
13,984,10005549,0,0,-2
4,986,10015583,-8183,-185,481
13,985,10015605,-2,1,0
4,987,10025585,-8176,-184,475
13,986,10025607,-1,1,1
4,988,10035647,-8184,-195,489
13,987,10035669,0,0,0
4,989,10045680,-8190,-187,486
13,988,10045702,1,-1,0
4,990,10055799,-8171,-193,482
13,989,10055848,0,0,0
4,991,10065887,-8180,-196,489
13,990,10065909,0,0,-1
4,992,10075994,-8179,-197,479
13,991,10076016,-1,0,0
4,993,10086068,-8193,-188,479
13,992,10086090,-1,1,-1
4,994,10096095,-8200,-187,476
13,993,10096117,0,1,0
4,995,10106105,-8193,-203,484
13,994,10106127,0,1,0
4,996,10116195,-8176,-203,472
13,995,10116217,-2,0,0
4,997,10126256,-8184,-183,479
13,996,10126278,-1,0,-1
4,998,10136321,-8193,-180,492
13,997,10136343,-1,0,0
4,999,10146377,-8177,-188,478
13,998,10146399,-1,0,0
4,1000,10156433,-8178,-184,486
13,999,10156455,-1,1,-2
4,1001,10166527,-8183,-194,487
13,1000,10166548,-1,1,-1
4,1002,10176688,-8185,-190,490
13,1001,10176710,-1,2,1
4,1003,10186733,-8174,-187,484
13,1002,10186755,1,0,0
4,1004,10196720,-8185,-188,495
13,1003,10196742,0,-1,1
4,1005,10206796,-8195,-189,476
13,1004,10206818,-3,-2,0
4,1006,10216815,-8188,-179,480
13,1005,10216837,-1,-1,0
4,1007,10226926,-8190,-191,471
13,1006,10226948,1,0,0
4,1008,10236961,-8177,-182,487
13,1007,10236983,-1,0,0
4,1009,10247026,-8178,-184,482
13,1008,10247048,-2,0,0
4,1010,10257205,-8180,-200,475
13,1009,10257227,-2,3,0
4,1011,10267157,-8179,-196,481
13,1010,10267178,1,4,-1
4,1012,10277150,-8188,-192,495
13,1011,10277172,-2,3,1
4,1013,10287263,-8177,-190,478
13,1012,10287285,0,2,2
4,1014,10297326,-8177,-190,481
13,1013,10297348,0,0,0
4,1015,10307397,-8179,-184,475
13,1014,10307419,0,0,1
4,1016,10317499,-8184,-196,469
13,1015,10317521,0,0,1
4,1017,10327599,-8187,-193,477
13,1016,10327621,-1,0,1
4,1018,10337729,-8190,-184,480
13,1017,10337751,0,0,1
4,1019,10347752,-8189,-190,477
13,1018,10347774,1,2,0
4,1020,10357734,-8181,-188,486
13,1019,10357756,-1,0,0
4,1021,10367840,-8174,-190,480
13,1020,10367862,0,0,0
4,1022,10377959,-8180,-191,479
13,1021,10377981,0,0,2
4,1023,10387905,-8174,-198,478
13,1022,10387927,0,0,1
4,1024,10397992,-8175,-193,497
13,1023,10398014,-1,0,0
4,1025,10408091,-8185,-191,481
13,1024,10408113,-1,0,0
4,1026,10418168,-8184,-188,489
13,1025,10418190,-1,0,1
4,1027,10428181,-8188,-187,478
13,1026,10428203,0,0,1
4,1028,10438178,-8181,-183,475
13,1027,10438200,1,0,1
4,1029,10448337,-8174,-185,484
13,1028,10448359,1,0,1
4,1030,10458478,-8179,-182,477
13,1029,10458500,0,-1,2
4,1031,10468470,-8175,-187,478
13,1030,10468492,-1,-3,1
4,1032,10478515,-8190,-187,483
13,1031,10478537,0,-1,0
4,1033,10488597,-8192,-196,481
13,1032,10488619,1,0,0
4,1034,10498735,-8181,-205,475
13,1033,10498757,0,1,0
4,1035,10508696,-8190,-193,480
13,1034,10508718,0,1,-1
4,1036,10518780,-8201,-189,476
13,1035,10518802,0,2,0
4,1037,10528832,-8184,-190,472
13,1036,10528853,0,0,-1
4,1038,10538870,-8182,-188,478
13,1037,10538892,0,2,0
4,1039,10548948,-8181,-194,489
13,1038,10548970,1,0,2
4,1040,10559037,-8187,-194,489
13,1039,10559086,0,-1,0
4,1041,10569111,-8170,-189,472
13,1040,10569133,0,0,0
4,1042,10579315,-8181,-181,479
13,1041,10579337,0,2,0
4,1043,10589195,-8185,-201,479
13,1042,10589217,0,0,0
4,1044,10599293,-8182,-200,489
13,1043,10599315,0,0,0
4,1045,10609348,-8186,-176,492
13,1044,10609370,0,-1,0
4,1046,10619424,-8180,-193,485
13,1045,10619446,0,0,0
4,1047,10629485,-8183,-197,492
13,1046,10629507,0,3,0
4,1048,10639475,-8181,-188,474
13,1047,10639497,0,2,0
4,1049,10649631,-8184,-194,469
13,1048,10649653,0,1,2
4,1050,10659774,-8187,-190,486
13,1049,10659796,1,1,0
4,1051,10669752,-8189,-183,483
13,1050,10669774,2,0,-3
4,1052,10679774,-8191,-189,494
13,1051,10679796,-1,0,-3
4,1053,10689914,-8189,-188,483
13,1052,10689936,0,3,-1
4,1054,10700044,-8192,-201,481
13,1053,10700066,0,0,0
4,1055,10710051,-8175,-189,479
13,1054,10710073,0,2,0
4,1056,10720154,-8188,-185,473
13,1055,10720176,0,2,0
4,1057,10730167,-8183,-198,474
13,1056,10730189,0,1,-1
4,1058,10740320,-8189,-205,461
13,1057,10740342,1,0,0
4,1059,10750295,-8198,-206,474
13,1058,10750317,0,2,0
4,1060,10760330,-8184,-193,472
13,1059,10760352,-1,0,1
4,1061,10770398,-8169,-200,473
13,1060,10770420,0,1,0
4,1062,10780511,-8183,-195,480
13,1061,10780533,-1,1,0
4,1063,10790471,-8203,-192,487
13,1062,10790493,0,1,1
4,1064,10800654,-8187,-184,489
13,1063,10800676,1,0,2
4,1065,10810719,-8182,-192,478
13,1064,10810742,0,0,0
4,1066,10820865,-8192,-192,484
13,1065,10820887,0,0,-2
4,1067,10830835,-8193,-186,488
13,1066,10830857,-2,2,0
4,1068,10840961,-8195,-189,482
13,1067,10840983,0,2,0
4,1069,10850889,-8184,-191,492
13,1068,10850911,1,1,-2
4,1070,10861019,-8184,-188,485
13,1069,10861041,0,3,0
4,1071,10871067,-8183,-192,487
13,1070,10871089,2,3,1
4,1072,10881112,-8173,-177,479
13,1071,10881134,1,0,0
4,1073,10891155,-8179,-187,486
13,1072,10891177,0,0,-2
4,1074,10901359,-8183,-195,488
13,1073,10901381,-1,3,0
4,1075,10911270,-8182,-191,481
13,1074,10911292,0,0,1
4,1076,10921431,-8177,-196,478
13,1075,10921452,0,1,-1
4,1077,10931421,-8181,-187,480
13,1076,10931443,0,1,1
4,1078,10941480,-8190,-191,478
13,1077,10941529,1,2,1
4,1079,10951589,-8184,-188,475
13,1078,10951611,0,1,0
4,1080,10961655,-8179,-188,468
13,1079,10961677,1,0,-2
4,1081,10971752,-8191,-189,476
13,1080,10971774,1,0,1
4,1082,10981819,-8182,-200,483
13,1081,10981841,-1,0,1
4,1083,10991828,-8176,-190,483
13,1082,10991850,1,3,-1
4,1084,11001903,-8188,-194,487
13,1083,11001925,0,0,-2
4,1085,11011968,-8182,-195,483
13,1084,11011990,0,0,0
4,1086,11022041,-8184,-192,472
13,1085,11022063,0,1,0
4,1087,11032086,-8177,-198,474
13,1086,11032108,-1,-1,0
4,1088,11042133,-8180,-190,483
13,1087,11042154,0,2,-1
4,1089,11052172,-8192,-192,479
13,1088,11052194,1,1,-2
4,1090,11062455,-8175,-188,474
13,1089,11062477,0,-1,0
4,1091,11072355,-8188,-191,492
13,1090,11072377,0,-1,1
4,1092,11082451,-8186,-186,488
13,1091,11082473,0,0,-2
4,1093,11092433,-8177,-194,477
13,1092,11092455,1,0,-2
4,1094,11102593,-8187,-181,477
13,1093,11102615,0,-1,0
4,1095,11112596,-8170,-180,480
13,1094,11112618,0,0,0
4,1096,11122594,-8175,-188,474
13,1095,11122616,0,0,-1
4,1097,11132737,-8194,-194,483
13,1096,11132759,0,-1,-1
4,1098,11142897,-8188,-196,490
13,1097,11142919,1,0,1
4,1099,11152789,-8177,-193,492
13,1098,11152811,1,0,-1
4,1100,11162911,-8183,-195,475
13,1099,11162933,0,0,2
4,1101,11172983,-8198,-199,471
13,1100,11173005,1,0,2
4,1102,11183062,-8188,-193,471
13,1101,11183111,2,0,1
4,1103,11193116,-8186,-182,490
13,1102,11193138,0,0,0
4,1104,11203174,-8184,-185,486
13,1103,11203196,0,0,0
4,1105,11213237,-8182,-202,477
13,1104,11213259,0,-4,1
4,1106,11223380,-8188,-192,473
13,1105,11223402,-1,-1,3
4,1107,11233337,-8187,-199,477
13,1106,11233359,-1,0,0
4,1108,11243398,-8185,-199,479
13,1107,11243420,0,-1,0
4,1109,11253449,-8175,-191,482
13,1108,11253471,0,0,0
4,1110,11263612,-8184,-202,480
13,1109,11263634,-1,-2,0
4,1111,11273521,-8190,-193,475
13,1110,11273543,0,-3,-1
4,1112,11283713,-8179,-193,479
13,1111,11283735,0,0,-2
4,1113,11293734,-8183,-183,481
13,1112,11293756,0,2,0
4,1114,11303933,-8190,-185,481
13,1113,11303955,0,0,0
4,1115,11313784,-8181,-190,474
13,1114,11313806,-2,1,-1
4,1116,11323903,-8190,-181,486
13,1115,11323925,0,0,1
4,1117,11333967,-8184,-188,484
13,1116,11333989,0,0,1
4,1118,11344040,-8188,-193,477
13,1117,11344062,-1,-1,0
4,1119,11354103,-8189,-188,474
13,1118,11354125,0,0,0
4,1120,11364158,-8194,-181,472
13,1119,11364180,0,0,-1
4,1121,11374092,-8188,-185,474
13,1120,11374114,0,1,-1
4,1122,11384327,-8185,-188,476
13,1121,11384349,1,1,0
4,1123,11394218,-8181,-191,495
13,1122,11394240,0,-1,2
4,1124,11404354,-8180,-189,503
13,1123,11404376,0,-3,0
4,1125,11414399,-8183,-192,487
13,1124,11414421,0,-1,0
4,1126,11424511,-8186,-197,493
13,1125,11424533,-2,0,0
4,1127,11434603,-8183,-196,482
13,1126,11434625,-2,1,0
4,1128,11444582,-8183,-191,476
13,1127,11444604,0,1,2
4,1129,11454681,-8184,-189,482
13,1128,11454703,0,-2,1
4,1130,11464802,-8180,-183,474
13,1129,11464824,1,2,0
4,1131,11474826,-8185,-191,481
13,1130,11474848,1,1,1
4,1132,11484798,-8191,-196,466
13,1131,11484820,-1,-1,0
4,1133,11494880,-8180,-196,479
13,1132,11494902,0,0,0
4,1134,11504991,-8180,-191,478
13,1133,11505013,1,-1,0
4,1135,11514998,-8177,-190,476
13,1134,11515019,-1,0,2
4,1136,11525046,-8187,-201,489
13,1135,11525068,1,0,-1
4,1137,11535167,-8191,-190,483
13,1136,11535189,0,0,-1
4,1138,11545226,-8190,-181,486
13,1137,11545248,1,0,0
4,1139,11555325,-8177,-195,481
13,1138,11555347,4,0,0
4,1140,11565218,-8191,-191,470
13,1139,11565240,0,0,-1
4,1141,11575457,-8192,-191,483
13,1140,11575479,0,0,-1
4,1142,11585518,-8175,-190,470
13,1141,11585540,0,-1,-1
4,1143,11595521,-8188,-192,472
13,1142,11595543,1,-2,-1
4,1144,11605547,-8182,-185,484
13,1143,11605569,1,-2,0
4,1145,11615626,-8187,-198,474
13,1144,11615648,-2,-1,0
4,1146,11625778,-8188,-199,477
13,1145,11625800,0,1,0
4,1147,11635725,-8182,-199,492
13,1146,11635747,-2,1,1
4,1148,11645806,-8183,-193,480
13,1147,11645828,0,-2,0
4,1149,11655810,-8189,-185,488
13,1148,11655832,3,-1,1
4,1150,11665972,-8181,-192,490
13,1149,11665994,0,-1,0
4,1151,11675938,-8182,-189,489
13,1150,11675960,0,0,0
4,1152,11686066,-8186,-200,490
13,1151,11686115,0,1,1
4,1153,11696089,-8174,-199,476
13,1152,11696111,-1,2,-2
4,1154,11706306,-8180,-194,481
13,1153,11706328,0,1,0
4,1155,11716276,-8185,-184,478
13,1154,11716298,0,0,0
4,1156,11726322,-8178,-181,480
13,1155,11726344,0,0,0
4,1157,11736354,-8180,-183,474
13,1156,11736376,0,0,0
4,1158,11746475,-8183,-181,473
13,1157,11746497,0,1,0
4,1159,11756438,-8192,-185,473
13,1158,11756460,0,-1,2
4,1160,11766492,-8191,-192,477
13,1159,11766514,-1,0,1
4,1161,11776526,-8187,-198,485
13,1160,11776548,0,1,-1
4,1162,11786775,-8182,-190,484
13,1161,11786797,0,0,0
4,1163,11796688,-8191,-194,490
13,1162,11796710,-1,-2,1
4,1164,11806748,-8175,-190,476
13,1163,11806770,0,-1,0
4,1165,11816822,-8179,-190,476
13,1164,11816844,0,-1,0
4,1166,11826887,-8194,-181,488
13,1165,11826909,1,-3,-2
4,1167,11836954,-8186,-178,482
13,1166,11836976,0,0,-1
4,1168,11847068,-8174,-187,476
13,1167,11847090,0,0,1
4,1169,11857061,-8194,-189,481
13,1168,11857083,0,0,-1
4,1170,11867213,-8189,-193,485
13,1169,11867235,-1,0,-1
4,1171,11877190,-8175,-191,488
13,1170,11877212,-1,2,0
4,1172,11887243,-8184,-197,480
13,1171,11887265,0,0,0
4,1173,11897301,-8190,-191,483
13,1172,11897323,0,-1,0
4,1174,11907444,-8182,-202,476
13,1173,11907466,1,1,-1
4,1175,11917398,-8177,-197,482
13,1174,11917420,0,2,-1
4,1176,11927500,-8184,-190,484
13,1175,11927521,0,2,0
4,1177,11937581,-8192,-190,475
13,1176,11937603,1,1,0
4,1178,11947742,-8189,-182,479
13,1177,11947764,0,1,1
4,1179,11957720,-8186,-188,491
13,1178,11957742,0,-2,2
4,1180,11967736,-8178,-181,480
13,1179,11967758,0,-4,0
4,1181,11977784,-8181,-180,479
13,1180,11977806,0,0,-1
4,1182,11987917,-8184,-192,474
13,1181,11987939,0,0,0
4,1183,11997852,-8193,-201,475
13,1182,11997874,0,0,0
4,1184,12007929,-8184,-191,491
13,1183,12007950,-1,0,0
4,1185,12018010,-8186,-188,474
13,1184,12018031,-1,0,0
4,1186,12028081,-8193,-193,474
13,1185,12028103,0,2,-1
4,1187,12038129,-8190,-201,497
13,1186,12038151,0,0,-2
4,1188,12048206,-8185,-193,479
13,1187,12048228,-1,-3,0
4,1189,12058336,-8173,-199,486
13,1188,12058358,0,0,0
4,1190,12068330,-8185,-188,471
13,1189,12068352,0,1,1
4,1191,12078448,-8175,-176,470
13,1190,12078470,0,1,0
4,1192,12088452,-8177,-179,478
13,1191,12088474,0,0,2
4,1193,12098466,-8184,-183,484
13,1192,12098488,-1,-1,-1
4,1194,12108696,-8201,-199,499
13,1193,12108718,0,-3,0
4,1195,12118579,-8186,-188,487
13,1194,12118601,-1,0,-2
4,1196,12128685,-8180,-183,482
13,1195,12128707,-1,0,0
4,1197,12138740,-8180,-194,475
13,1196,12138762,-1,0,3
4,1198,12148832,-8191,-193,474
13,1197,12148854,0,0,-1
4,1199,12158863,-8187,-207,467
13,1198,12158885,0,0,-1
4,1200,12168893,-8180,-188,475
13,1199,12168915,0,1,-1
4,1201,12179020,-8193,-189,482
13,1200,12179042,0,1,0
4,1202,12189230,-8189,-186,488
13,1201,12189252,1,1,-1
4,1203,12199125,-8178,-195,487
13,1202,12199147,-1,-2,0
4,1204,12209147,-8179,-191,489
13,1203,12209169,-2,-2,0
4,1205,12219285,-8188,-196,480
13,1204,12219307,-1,0,1
4,1206,12229375,-8192,-190,491
13,1205,12229397,0,0,0
4,1207,12239314,-8177,-198,485
13,1206,12239336,0,0,0
4,1208,12249446,-8181,-195,474
13,1207,12249468,-1,0,0
4,1209,12259473,-8196,-189,479
13,1208,12259495,0,1,-1
4,1210,12269620,-8190,-188,476
13,1209,12269642,1,2,0
4,1211,12279579,-8182,-193,477
13,1210,12279601,0,0,0
4,1212,12289665,-8183,-193,476
13,1211,12289687,3,-1,0
4,1213,12299706,-8187,-199,480
13,1212,12299728,0,2,0
4,1214,12309917,-8179,-190,483
13,1213,12309939,-1,1,0
4,1215,12319867,-8182,-193,479
13,1214,12319889,0,0,-1
4,1216,12329873,-8173,-195,470
13,1215,12329895,0,-1,-1
4,1217,12339980,-8188,-193,485
13,1216,12340002,0,-1,0
4,1218,12350167,-8183,-178,479
13,1217,12350189,0,0,0
4,1219,12360133,-8181,-186,481
13,1218,12360154,0,1,1
4,1220,12370115,-8187,-189,484
13,1219,12370137,0,0,0
4,1221,12380265,-8177,-200,489
13,1220,12380287,-2,0,1
4,1222,12390286,-8187,-195,482
13,1221,12390308,-1,1,0
4,1223,12400312,-8182,-186,476
13,1222,12400334,0,0,0
4,1224,12410355,-8183,-193,474
13,1223,12410377,0,-3,1
4,1225,12420444,-8174,-194,484
13,1224,12420465,0,0,-1
4,1226,12430647,-8172,-187,481
13,1225,12430669,0,0,-2
4,1227,12440465,-8181,-190,477
13,1226,12440487,-1,1,0
4,1228,12450610,-8187,-198,490
13,1227,12450632,-1,0,0
4,1229,12460634,-8193,-189,492
13,1228,12460656,0,0,0
4,1230,12470737,-8181,-190,491
13,1229,12470759,0,-2,-1
4,1231,12480735,-8190,-180,483
13,1230,12480757,-1,-3,0
4,1232,12490781,-8187,-183,474
13,1231,12490803,1,-3,0
4,1233,12500844,-8189,-194,480
13,1232,12500866,0,-2,0
4,1234,12510997,-8194,-192,487
13,1233,12511019,1,2,-1
4,1235,12520972,-8192,-202,486
13,1234,12520994,1,2,0
4,1236,12530984,-8189,-188,473
13,1235,12531006,0,0,0
4,1237,12541024,-8188,-185,472
13,1236,12541046,0,-4,0
4,1238,12551147,-8191,-187,481
13,1237,12551169,0,0,1
4,1239,12561180,-8176,-195,475
13,1238,12561230,0,0,-1
4,1240,12571337,-8169,-195,475
13,1239,12571359,0,0,0
4,1241,12581293,-8188,-189,487
13,1240,12581315,0,1,0
4,1242,12591462,-8192,-194,480
13,1241,12591484,0,0,1
4,1243,12601443,-8178,-195,486
13,1242,12601465,1,-1,0
4,1244,12611456,-8185,-183,473
13,1243,12611478,1,0,0
4,1245,12621538,-8166,-186,477
13,1244,12621560,0,0,2
4,1246,12631647,-8176,-194,479
13,1245,12631669,1,-2,2
4,1247,12641726,-8187,-188,480
13,1246,12641748,0,-2,0
4,1248,12651788,-8182,-191,488
13,1247,12651810,-1,-1,0
4,1249,12661748,-8190,-184,480
13,1248,12661770,1,-3,0
4,1250,12671923,-8191,-195,493
13,1249,12671945,2,0,0
4,1251,12681922,-8178,-181,479
13,1250,12681944,1,-1,0
4,1252,12691982,-8178,-196,477
13,1251,12692004,0,-1,0
4,1253,12701975,-8180,-193,487
13,1252,12701997,0,-2,0
4,1254,12712134,-8197,-176,488
13,1253,12712156,0,2,-2
4,1255,12722129,-8190,-194,468
13,1254,12722151,0,0,1
4,1256,12732185,-8192,-198,482
13,1255,12732207,0,0,0
4,1257,12742236,-8184,-203,481
13,1256,12742258,0,1,0
4,1258,12752464,-8188,-187,483
13,1257,12752486,0,0,0
4,1259,12762343,-8192,-194,483
13,1258,12762365,0,-2,0
4,1260,12772407,-8188,-196,466
13,1259,12772428,0,0,0
4,1261,12782417,-8190,-189,466
13,1260,12782439,0,0,-1
4,1262,12792570,-8189,-186,478
13,1261,12792592,0,0,-1
4,1263,12802580,-8187,-202,470
13,1262,12802601,-1,0,-1
4,1264,12812646,-8195,-200,475
13,1263,12812695,1,0,0
4,1265,12822746,-8190,-189,475
13,1264,12822768,1,1,0
4,1266,12832876,-8181,-184,478
13,1265,12832898,0,1,0
4,1267,12842773,-8186,-196,492
13,1266,12842795,-1,0,0
4,1268,12852892,-8184,-205,475
13,1267,12852914,0,0,2
4,1269,12862882,-8189,-196,471
13,1268,12862904,0,-1,1
4,1270,12873035,-8184,-185,489
13,1269,12873057,0,-3,0
4,1271,12883036,-8190,-187,487
13,1270,12883058,0,0,0
4,1272,12893100,-8183,-197,479
13,1271,12893122,0,0,-1
4,1273,12903167,-8180,-193,483
13,1272,12903189,1,0,-1
4,1274,12913375,-8178,-186,483
13,1273,12913396,0,0,0
4,1275,12923309,-8179,-187,485
13,1274,12923331,0,0,0
4,1276,12933423,-8176,-191,483
13,1275,12933445,0,1,1
4,1277,12943502,-8183,-198,487
13,1276,12943524,0,0,0
4,1278,12953529,-8186,-187,476
13,1277,12953551,0,1,0
4,1279,12963570,-8186,-184,470
13,1278,12963592,1,2,-1
4,1280,12973659,-8179,-201,482
13,1279,12973681,0,2,0
4,1281,12983623,-8175,-200,484
13,1280,12983645,0,-1,0
4,1282,12993827,-8185,-199,478
13,1281,12993848,0,0,0
4,1283,13003732,-8187,-183,479
13,1282,13003754,1,-1,-1
4,1284,13013875,-8189,-188,482
13,1283,13013897,0,-3,0
4,1285,13023950,-8182,-189,484
13,1284,13023972,0,0,0
4,1286,13034036,-8178,-185,477
13,1285,13034058,1,0,0
4,1287,13044026,-8186,-189,490
13,1286,13044048,0,0,-1
4,1288,13054091,-8182,-188,491
13,1287,13054113,0,0,0
4,1289,13064217,-8174,-179,480
13,1288,13064239,0,2,0
4,1290,13074354,-8179,-190,477
13,1289,13074376,1,-1,1
4,1291,13084315,-8190,-195,478
13,1290,13084337,0,-3,-2
4,1292,13094362,-8185,-182,480
13,1291,13094384,-1,-1,-1
4,1293,13104387,-8182,-191,477
13,1292,13104409,0,-2,0
4,1294,13114507,-8182,-191,477
13,1293,13114529,0,0,0
4,1295,13124523,-8176,-196,476
13,1294,13124545,0,-1,-2
4,1296,13134602,-8181,-198,476
13,1295,13134624,2,0,-1
4,1297,13144719,-8174,-187,468
13,1296,13144741,3,1,0
4,1298,13154772,-8185,-182,473
13,1297,13154794,-1,1,0
4,1299,13164802,-8179,-205,477
13,1298,13164824,2,2,0
4,1300,13174860,-8189,-183,488
13,1299,13174882,0,0,1
4,1301,13184916,-8183,-197,480
13,1300,13184966,0,0,0
4,1302,13195025,-8186,-202,467
13,1301,13195047,0,0,-2
4,1303,13205017,-8189,-194,475
13,1302,13205039,0,0,0
4,1304,13215135,-8178,-187,482
13,1303,13215157,0,0,3
4,1305,13225206,-8184,-191,482
13,1304,13225228,0,0,-2
4,1306,13235330,-8188,-190,477
13,1305,13235352,0,0,0
4,1307,13245250,-8180,-199,486
13,1306,13245272,0,0,0
4,1308,13255349,-8176,-202,470
13,1307,13255371,1,0,1
4,1309,13265405,-8178,-192,478
13,1308,13265427,0,0,1
4,1310,13275488,-8181,-179,486
13,1309,13275510,-1,0,0
4,1311,13285588,-8183,-184,491
13,1310,13285610,0,0,0
4,1312,13295581,-8183,-192,481
13,1311,13295603,0,0,1
4,1313,13305653,-8175,-186,476
13,1312,13305675,1,0,0
4,1314,13315845,-8184,-188,474
13,1313,13315867,1,0,0
4,1315,13325794,-8192,-193,489
13,1314,13325816,0,0,-2
4,1316,13335858,-8179,-201,478
13,1315,13335880,0,-2,-3
4,1317,13345932,-8185,-192,477
13,1316,13345954,0,0,-1
4,1318,13355925,-8188,-188,472
13,1317,13355947,0,0,1
4,1319,13366060,-8181,-191,475
13,1318,13366082,0,-1,0
4,1320,13376084,-8184,-196,475
13,1319,13376106,0,0,0
4,1321,13386159,-8170,-188,481
13,1320,13386181,1,0,0
4,1322,13396286,-8182,-195,480
13,1321,13396308,1,-2,0
4,1323,13406300,-8186,-196,482
13,1322,13406322,-1,-2,0
4,1324,13416290,-8192,-181,472
13,1323,13416312,0,-3,0
4,1325,13426404,-8187,-194,486
13,1324,13426426,1,-1,0
4,1326,13436532,-8184,-198,490
13,1325,13436554,2,1,0
4,1327,13446565,-8194,-189,482
13,1326,13446587,1,1,0
4,1328,13456558,-8180,-188,482
13,1327,13456580,0,0,0
4,1329,13466675,-8186,-196,479
13,1328,13466697,0,0,0
4,1330,13476744,-8182,-192,487
13,1329,13476766,0,1,0
4,1331,13486828,-8188,-198,480
13,1330,13486850,0,0,0
4,1332,13496826,-8181,-181,468
13,1331,13496848,0,0,0
4,1333,13506854,-8184,-178,479
13,1332,13506876,0,0,-1
4,1334,13517001,-8193,-184,483
13,1333,13517023,0,1,0
4,1335,13527020,-8196,-190,485
13,1334,13527042,0,1,-1
4,1336,13537088,-8181,-190,487
13,1335,13537110,0,-3,-2
4,1337,13547129,-8183,-184,497
13,1336,13547151,0,-1,-1
4,1338,13557325,-8197,-178,489
13,1337,13557347,0,0,1
4,1339,13567304,-8193,-198,477
13,1338,13567326,1,-1,0
4,1340,13577351,-8173,-193,487
13,1339,13577373,-3,0,0
4,1341,13587408,-8179,-185,476
13,1340,13587430,0,0,0
4,1342,13597516,-8192,-191,478
13,1341,13597538,1,-1,0
4,1343,13607505,-8187,-191,480
13,1342,13607526,-1,0,0
4,1344,13617536,-8177,-207,489
13,1343,13617558,-2,0,-1
4,1345,13627682,-8186,-199,486
13,1344,13627704,1,0,-2
4,1346,13637788,-8177,-188,487
13,1345,13637810,2,0,-2
4,1347,13647758,-8186,-190,473
13,1346,13647780,0,0,0
4,1348,13657738,-8185,-181,479
13,1347,13657760,-1,-3,0
4,1349,13667884,-8180,-184,480
13,1348,13667906,0,-1,-1
4,1350,13677966,-8180,-190,474
13,1349,13677988,1,1,-2
4,1351,13687946,-8186,-190,487
13,1350,13687968,2,-1,-1
4,1352,13698073,-8173,-187,472
13,1351,13698095,-1,0,1
4,1353,13708170,-8175,-202,465
13,1352,13708192,0,1,0
4,1354,13718253,-8190,-195,480
13,1353,13718275,0,-2,-2
4,1355,13728251,-8188,-185,486
13,1354,13728273,-1,-1,-2
4,1356,13738297,-8173,-193,488
13,1355,13738318,0,0,0
4,1357,13748355,-8183,-187,474
13,1356,13748377,-1,0,0
4,1358,13758456,-8184,-196,469
13,1357,13758478,2,0,-1
4,1359,13768459,-8187,-204,475
13,1358,13768481,1,0,-1
4,1360,13778546,-8187,-191,479
13,1359,13778568,-1,-1,-2
4,1361,13788616,-8177,-191,480
13,1360,13788638,0,0,-1
4,1362,13798788,-8180,-199,480
13,1361,13798810,0,0,0
4,1363,13808732,-8166,-188,491
13,1362,13808781,0,0,0
4,1364,13818807,-8184,-191,484
13,1363,13818829,0,-1,0
4,1365,13828956,-8190,-199,481
13,1364,13828978,0,-1,1
4,1366,13838913,-8178,-189,477
13,1365,13838935,0,0,0
4,1367,13849051,-8187,-185,473
13,1366,13849073,0,-2,-2
4,1368,13859036,-8183,-199,479
13,1367,13859058,1,0,0
4,1369,13869171,-8179,-190,493
13,1368,13869193,3,-1,0
4,1370,13879226,-8176,-185,475
13,1369,13879248,1,-1,0
4,1371,13889199,-8182,-193,492
13,1370,13889220,-2,0,0
4,1372,13899262,-8178,-178,481
13,1371,13899284,2,-1,0
4,1373,13909328,-8190,-182,484
13,1372,13909349,1,0,1
4,1374,13919469,-8191,-193,479
13,1373,13919491,0,-3,-1
4,1375,13929530,-8192,-191,479
13,1374,13929552,0,0,0
4,1376,13939425,-8186,-194,483
13,1375,13939447,0,1,1
4,1377,13949578,-8182,-192,479
13,1376,13949600,0,1,0
4,1378,13959665,-8188,-193,468
13,1377,13959687,1,-1,0
4,1379,13969683,-8188,-190,473
13,1378,13969705,1,0,2
4,1380,13979751,-8178,-178,482
13,1379,13979773,0,0,0
4,1381,13989782,-8188,-187,491
13,1380,13989803,0,2,-1
4,1382,13999954,-8185,-193,485
13,1381,13999976,0,1,0
4,1383,14009906,-8184,-188,475
13,1382,14009928,1,-2,0
4,1384,14019987,-8186,-189,480
13,1383,14020009,0,-1,-1
4,1385,14030048,-8186,-186,487
13,1384,14030070,1,-4,1
4,1386,14040199,-8184,-178,469
13,1385,14040221,1,-1,0
4,1387,14050159,-8178,-189,473
13,1386,14050181,0,0,0
4,1388,14060198,-8186,-193,478
13,1387,14060220,0,-2,-1
4,1389,14070314,-8192,-185,489
13,1388,14070336,0,-2,-1
4,1390,14080388,-8192,-191,487
13,1389,14080410,0,0,1
4,1391,14090440,-8183,-192,486
13,1390,14090462,0,0,0
4,1392,14100483,-8187,-191,477
13,1391,14100505,2,1,0
4,1393,14110462,-8192,-194,480
13,1392,14110484,0,0,-1
4,1394,14120734,-8182,-194,478
13,1393,14120756,0,0,-1
4,1395,14130568,-8194,-195,471
13,1394,14130590,0,0,-2
4,1396,14140735,-8183,-198,477
13,1395,14140757,0,-2,-2
4,1397,14150796,-8189,-200,481
13,1396,14150818,0,-2,-2
4,1398,14160841,-8186,-201,487
13,1397,14160863,-1,-2,0
4,1399,14170866,-8187,-197,487
13,1398,14170888,0,0,2
4,1400,14180904,-8189,-186,481
13,1399,14180926,-1,0,-1
4,1401,14191043,-8185,-199,473
13,1400,14191065,-3,0,-2
4,1402,14201147,-8185,-189,481
13,1401,14201169,-2,-4,-2
4,1403,14211119,-8189,-186,489
13,1402,14211141,2,-1,0
4,1404,14221128,-8178,-185,481
13,1403,14221150,0,-1,0
4,1405,14231216,-8173,-197,480
13,1404,14231238,1,0,-1
4,1406,14241240,-8183,-190,486
13,1405,14241262,0,2,0
4,1407,14251307,-8186,-184,479
13,1406,14251329,0,0,0
4,1408,14261355,-8184,-187,482
13,1407,14261377,-1,-1,-1
4,1409,14271436,-8192,-193,480
13,1408,14271458,-1,-1,0
4,1410,14281630,-8183,-193,483
13,1409,14281652,0,0,0
4,1411,14291574,-8207,-194,484
13,1410,14291596,2,1,0
4,1412,14301660,-8196,-179,481
13,1411,14301682,0,0,-1
4,1413,14311780,-8184,-194,490
13,1412,14311802,0,-1,0
4,1414,14321834,-8189,-188,480
13,1413,14321856,0,-2,-1
4,1415,14331860,-8189,-188,473
13,1414,14331882,0,-1,-1
4,1416,14341858,-8187,-183,485
13,1415,14341880,0,0,1
4,1417,14352019,-8182,-185,482
13,1416,14352041,0,2,0
4,1418,14362090,-8184,-181,481
13,1417,14362112,0,2,0
4,1419,14372042,-8184,-184,481
13,1418,14372064,0,0,0
4,1420,14382129,-8175,-185,478
13,1419,14382151,-2,0,0
4,1421,14392124,-8193,-187,475
13,1420,14392146,-1,1,0
4,1422,14402286,-8185,-194,486
13,1421,14402307,1,-2,1
4,1423,14412359,-8175,-195,486
13,1422,14412381,1,-1,0
4,1424,14422393,-8180,-196,474
13,1423,14422415,0,-3,0
4,1425,14432419,-8189,-202,475
13,1424,14432441,-1,-3,1
4,1426,14442642,-8183,-197,476
13,1425,14442664,-1,-1,0
4,1427,14452604,-8188,-192,474
13,1426,14452626,0,-1,-1
4,1428,14462623,-8183,-178,476
13,1427,14462645,0,0,2
4,1429,14472728,-8186,-181,485
13,1428,14472750,0,0,0
4,1430,14482777,-8178,-183,478
13,1429,14482799,0,-1,0
4,1431,14492816,-8181,-189,475
13,1430,14492838,0,-1,-2
4,1432,14502855,-8196,-196,492
13,1431,14502877,2,0,-1
4,1433,14512959,-8187,-186,472
13,1432,14512981,1,-3,-1
4,1434,14523148,-8183,-178,483
13,1433,14523170,0,-4,-3
4,1435,14533039,-8193,-181,464
13,1434,14533061,-1,-3,0
4,1436,14543123,-8183,-196,474
13,1435,14543145,-1,-2,0
4,1437,14553229,-8184,-186,478
13,1436,14553251,0,-1,2
4,1438,14563236,-8195,-194,478
13,1437,14563285,0,-1,1
4,1439,14573334,-8198,-205,484
13,1438,14573356,1,0,0
4,1440,14583388,-8178,-199,487
13,1439,14583410,0,-4,0
4,1441,14593405,-8184,-191,474
13,1440,14593427,-1,0,1
4,1442,14603568,-8181,-189,481
13,1441,14603590,0,-2,1
4,1443,14613557,-8186,-186,469
13,1442,14613579,2,-2,0
4,1444,14623675,-8186,-186,482
13,1443,14623697,1,0,0
4,1445,14633633,-8186,-190,485
13,1444,14633655,0,1,-2
4,1446,14643813,-8191,-190,482
13,1445,14643835,0,0,-2
4,1447,14653817,-8185,-195,484
13,1446,14653839,1,0,1
4,1448,14663797,-8176,-200,486
13,1447,14663818,0,0,1
4,1449,14673974,-8184,-184,490
13,1448,14673996,1,0,0
4,1450,14684071,-8173,-191,481
13,1449,14684093,0,0,1
4,1451,14694075,-8178,-189,472
13,1450,14694097,-1,0,-1
4,1452,14704165,-8190,-191,488
13,1451,14704187,0,0,-1
4,1453,14714187,-8181,-193,481
13,1452,14714209,0,-1,0
4,1454,14724286,-8188,-193,475
13,1453,14724308,0,-3,-1
4,1455,14734304,-8186,-177,475
13,1454,14734326,-1,0,0
4,1456,14744403,-8179,-193,481
13,1455,14744425,1,0,0
4,1457,14754461,-8179,-197,483
13,1456,14754483,0,-1,-2
4,1458,14764568,-8181,-188,472
13,1457,14764590,0,-2,0
4,1459,14774453,-8186,-179,481
13,1458,14774475,1,0,0
4,1460,14784621,-8187,-195,488
13,1459,14784643,1,-1,0
4,1461,14794701,-8179,-185,478
13,1460,14794723,0,1,0
4,1462,14804683,-8184,-183,486
13,1461,14804705,0,0,3
4,1463,14814842,-8195,-189,479
13,1462,14814864,-1,2,0
4,1464,14824859,-8180,-198,483
13,1463,14824881,-1,0,1
4,1465,14834915,-8182,-204,485
13,1464,14834937,0,-2,2
4,1466,14845055,-8185,-197,480
13,1465,14845076,0,0,0
4,1467,14855001,-8183,-191,472
13,1466,14855022,0,-1,0
4,1468,14865037,-8187,-180,480
13,1467,14865059,0,-4,1
4,1469,14875191,-8192,-187,472
13,1468,14875213,-1,-1,0
4,1470,14885191,-8180,-195,481
13,1469,14885213,1,-2,0
4,1471,14895210,-8191,-183,473
13,1470,14895232,1,0,0
4,1472,14905307,-8179,-186,474
13,1471,14905329,-1,2,-1
4,1473,14915429,-8177,-194,482
13,1472,14915451,0,1,0
4,1474,14925605,-8184,-198,485
13,1473,14925627,0,0,0
4,1475,14935479,-8180,-173,471
13,1474,14935529,0,-3,0
4,1476,14945640,-8184,-185,477
13,1475,14945662,0,-3,0
4,1477,14955618,-8173,-185,477
13,1476,14955640,0,0,0
4,1478,14965729,-8185,-197,464
13,1477,14965751,0,0,0
4,1479,14975742,-8185,-188,486
13,1478,14975764,0,-1,0
4,1480,14985791,-8174,-189,484
13,1479,14985813,0,1,0
4,1481,14995945,-8181,-183,480
13,1480,14995967,0,2,0
4,1482,15005949,-8188,-183,470
13,1481,15005971,0,0,-1
4,1483,15015994,-8185,-193,478
13,1482,15016016,0,1,0
4,1484,15026048,-8187,-203,483
13,1483,15026070,0,1,0
4,1485,15036108,-8187,-202,492
13,1484,15036130,-1,-4,1
4,1486,15046199,-8187,-190,480
13,1485,15046221,0,-4,1
4,1487,15056225,-8182,-192,485
13,1486,15056247,0,-1,1
4,1488,15066324,-8174,-188,486
13,1487,15066346,-2,-1,0
4,1489,15076376,-8184,-180,484
13,1488,15076398,-1,0,-1
4,1490,15086569,-8183,-191,477
13,1489,15086591,0,0,0
4,1491,15096512,-8184,-202,484
13,1490,15096534,0,-1,0
4,1492,15106550,-8190,-199,477
13,1491,15106572,0,0,0
4,1493,15116608,-8179,-190,471
13,1492,15116630,0,2,2
4,1494,15126706,-8183,-191,470
13,1493,15126728,-1,-1,0
4,1495,15136810,-8186,-193,481
13,1494,15136832,0,1,-1
4,1496,15146722,-8189,-186,475
13,1495,15146744,0,0,-1
4,1497,15156862,-8179,-182,480
13,1496,15156884,0,0,0
4,1498,15167003,-8192,-183,477
13,1497,15167025,0,1,0
4,1499,15176928,-8183,-189,479
13,1498,15176950,1,-1,0
4,1500,15187024,-8189,-192,467
13,1499,15187046,0,0,0
4,1501,15197105,-8191,-193,470
13,1500,15197127,0,1,1
4,1502,15207274,-8189,-194,482
13,1501,15207296,-1,0,-1
4,1503,15217297,-8177,-187,481
13,1502,15217319,0,1,0
4,1504,15227276,-8187,-200,486
13,1503,15227298,0,1,-2
4,1505,15237367,-8182,-203,498
13,1504,15237389,0,-2,0
4,1506,15247540,-8189,-188,492
13,1505,15247562,1,1,2
4,1507,15257492,-8184,-203,472
13,1506,15257514,0,2,0
4,1508,15267486,-8175,-194,479
13,1507,15267508,0,1,0
4,1509,15277637,-8176,-187,494
13,1508,15277659,-1,3,-1
4,1510,15287719,-8191,-188,489
13,1509,15287741,1,0,-2
4,1511,15297737,-8187,-183,474
13,1510,15297759,1,0,-1
4,1512,15307798,-8182,-187,467
13,1511,15307820,0,2,-1
4,1513,15317971,-8186,-184,483
13,1512,15317993,-1,2,0
4,1514,15328050,-8199,-196,484
13,1513,15328072,0,2,0
4,1515,15338029,-8184,-204,493
13,1514,15338051,0,2,-2
4,1516,15348053,-8186,-197,479
13,1515,15348075,0,0,0
4,1517,15358104,-8176,-196,486
13,1516,15358126,0,2,1
4,1518,15368212,-8192,-182,487
13,1517,15368234,0,-1,0
4,1519,15378251,-8188,-187,479
13,1518,15378273,0,2,0
4,1520,15388309,-8183,-187,480
13,1519,15388331,-2,2,1
4,1521,15398377,-8190,-188,479
13,1520,15398399,0,0,1
4,1522,15408452,-8188,-182,487
13,1521,15408474,1,-1,0
4,1523,15418496,-8198,-187,481
13,1522,15418518,0,1,0
4,1524,15428486,-8183,-197,484
13,1523,15428508,0,1,0
4,1525,15438624,-8185,-191,472
13,1524,15438646,1,0,0
4,1526,15448733,-8189,-189,483
13,1525,15448755,0,0,1
4,1527,15458752,-8186,-181,490
13,1526,15458774,-2,0,-2
4,1528,15468797,-8177,-196,484
13,1527,15468819,0,3,0
4,1529,15478912,-8180,-187,477
13,1528,15478934,0,2,0
4,1530,15489010,-8182,-185,483
13,1529,15489032,1,0,0
4,1531,15499025,-8190,-187,476
13,1530,15499047,0,0,0
4,1532,15509106,-8185,-186,470
13,1531,15509128,1,-1,0
4,1533,15519078,-8187,-190,484
13,1532,15519100,0,1,-2
4,1534,15529196,-8188,-190,480
13,1533,15529218,0,1,-1
4,1535,15539291,-8185,-191,477
13,1534,15539313,4,1,0
4,1536,15549219,-8177,-189,484
13,1535,15549241,2,-1,0
4,1537,15559341,-8184,-194,474
13,1536,15559390,0,1,0
4,1538,15569449,-8171,-197,478
13,1537,15569471,2,1,0
4,1539,15579482,-8180,-197,486
13,1538,15579504,1,1,0
4,1540,15589596,-8189,-191,485
13,1539,15589618,0,1,2
4,1541,15599612,-8192,-192,488
13,1540,15599634,0,0,0
4,1542,15609708,-8187,-194,473
13,1541,15609730,2,-3,1
4,1543,15619706,-8182,-189,474
13,1542,15619728,0,-2,-1
4,1544,15629780,-8186,-180,474
13,1543,15629802,0,1,-1
4,1545,15639878,-8184,-195,490
13,1544,15639900,-1,0,0
4,1546,15650025,-8192,-186,488
13,1545,15650047,1,-1,1
4,1547,15659976,-8190,-200,485
13,1546,15659998,1,0,0
4,1548,15670006,-8189,-204,484
13,1547,15670028,0,0,0
4,1549,15680133,-8181,-188,471
13,1548,15680155,0,2,-1
4,1550,15690260,-8187,-187,476
13,1549,15690282,1,2,0
4,1551,15700308,-8190,-192,478
13,1550,15700330,0,0,0
4,1552,15710398,-8178,-192,476
13,1551,15710420,0,0,0
4,1553,15720360,-8177,-199,492
13,1552,15720382,0,0,0
4,1554,15730549,-8172,-189,482
13,1553,15730571,1,0,1
4,1555,15740517,-8186,-187,488
13,1554,15740539,-1,0,0
4,1556,15750575,-8187,-199,479
13,1555,15750596,1,0,-1
4,1557,15760620,-8181,-190,474
13,1556,15760642,1,1,-3
4,1558,15770701,-8192,-185,480
13,1557,15770722,-1,0,0
4,1559,15780737,-8177,-187,481
13,1558,15780759,0,0,0
4,1560,15790826,-8191,-185,473
13,1559,15790848,0,-1,-2
4,1561,15800913,-8179,-193,474
13,1560,15800935,-1,1,0
4,1562,15811025,-8184,-189,474
13,1561,15811047,-3,0,0
4,1563,15821055,-8189,-191,485
13,1562,15821077,-1,0,0
4,1564,15831111,-8188,-193,485
13,1563,15831133,1,0,0
4,1565,15841180,-8188,-200,478
13,1564,15841202,1,1,1
4,1566,15851279,-8177,-181,490
13,1565,15851301,0,1,0
4,1567,15861277,-8185,-195,472
13,1566,15861299,1,3,-1
4,1568,15871323,-8189,-183,455
13,1567,15871345,0,1,0
4,1569,15881386,-8185,-189,471
13,1568,15881407,0,0,0
4,1570,15891565,-8175,-195,475
13,1569,15891587,1,2,0
4,1571,15901507,-8194,-201,491
13,1570,15901529,0,2,2
4,1572,15911580,-8180,-202,481
13,1571,15911602,0,-1,2
4,1573,15921600,-8200,-201,479
13,1572,15921622,0,0,-1
4,1574,15931845,-8174,-196,473
13,1573,15931867,0,0,0
4,1575,15941785,-8183,-194,467
13,1574,15941807,0,0,1
4,1576,15951847,-8177,-188,478
13,1575,15951869,0,3,0
4,1577,15961960,-8192,-181,482
13,1576,15961982,0,0,1
4,1578,15972102,-8186,-190,484
13,1577,15972124,0,0,0
4,1579,15982016,-8182,-200,481
13,1578,15982038,0,3,-1
4,1580,15992090,-8186,-195,484
13,1579,15992112,1,1,0
4,1581,16002165,-8192,-199,486
13,1580,16002187,0,3,1
4,1582,16012260,-8185,-198,485
13,1581,16012282,0,3,1
4,1583,16022218,-8180,-195,482
13,1582,16022240,-1,1,0
4,1584,16032347,-8183,-184,486
13,1583,16032369,0,0,1
4,1585,16042364,-8186,-191,480
13,1584,16042386,0,2,0
4,1586,16052658,-8190,-189,484
13,1585,16052680,-2,2,0
4,1587,16062542,-8182,-197,476
13,1586,16062591,-1,2,-2
4,1588,16072604,-8185,-194,494
13,1587,16072626,0,1,-1
4,1589,16082721,-8182,-186,488
13,1588,16082743,-1,1,0
4,1590,16092818,-8188,-195,480
13,1589,16092840,0,-1,-2
4,1591,16102839,-8190,-191,481
13,1590,16102861,0,1,0
4,1592,16112838,-8186,-190,476
13,1591,16112860,0,3,1
4,1593,16122988,-8189,-195,472
13,1592,16123010,-1,3,0
4,1594,16133105,-8189,-197,482
13,1593,16133127,0,0,0
4,1595,16143084,-8190,-184,486
13,1594,16143106,2,1,0
4,1596,16153141,-8181,-192,474
13,1595,16153163,1,0,-1
4,1597,16163215,-8183,-195,475
13,1596,16163237,0,0,1
4,1598,16173291,-8182,-191,481
13,1597,16173313,0,0,2
4,1599,16183280,-8180,-182,477
13,1598,16183302,0,0,1
4,1600,16193487,-8184,-186,472
13,1599,16193509,0,0,1
4,1601,16203476,-8181,-184,470
13,1600,16203498,0,0,0
4,1602,16213679,-8173,-193,477
13,1601,16213701,1,1,0
4,1603,16223548,-8185,-198,478
13,1602,16223570,2,1,-3
4,1604,16233658,-8185,-192,480
13,1603,16233680,2,4,-1
4,1605,16243706,-8186,-192,484
13,1604,16243728,0,3,0
4,1606,16253773,-8189,-186,478
13,1605,16253795,1,0,0
4,1607,16263862,-8176,-184,473
13,1606,16263883,2,1,-1
4,1608,16273897,-8183,-178,481
13,1607,16273919,0,-1,0
4,1609,16283928,-8176,-193,480
13,1608,16283950,-1,1,0
4,1610,16294131,-8195,-196,473
13,1609,16294152,-1,3,0
4,1611,16304115,-8182,-191,479
13,1610,16304137,-1,0,0
4,1612,16314145,-8174,-187,478
13,1611,16314195,0,-1,-2
4,1613,16324225,-8180,-198,486
13,1612,16324247,0,1,-1
4,1614,16334355,-8177,-192,472
13,1613,16334377,0,1,0
4,1615,16344372,-8184,-189,475
13,1614,16344394,0,2,0
4,1616,16354438,-8192,-192,476
13,1615,16354460,-1,0,0
4,1617,16364480,-8186,-195,482
13,1616,16364502,1,1,1
4,1618,16374619,-8177,-191,490
13,1617,16374641,0,0,3
4,1619,16384605,-8197,-183,479
13,1618,16384627,0,1,0
4,1620,16394677,-8187,-181,493
13,1619,16394699,0,0,-1
4,1621,16404661,-8180,-181,486
13,1620,16404683,0,0,0
4,1622,16414823,-8193,-181,494
13,1621,16414845,2,1,0
4,1623,16424810,-8185,-203,480
13,1622,16424832,1,-3,1
4,1624,16434944,-8171,-186,478
13,1623,16434966,2,-2,2
4,1625,16444910,-8198,-194,489
13,1624,16444932,1,0,-1
4,1626,16455091,-8188,-183,484
13,1625,16455113,-1,0,-1
4,1627,16465053,-8179,-186,476
13,1626,16465075,0,0,0
4,1628,16475098,-8192,-195,475
13,1627,16475120,0,0,-1
4,1629,16485184,-8176,-191,464
13,1628,16485206,0,0,-1
4,1630,16495316,-8190,-191,471
13,1629,16495338,0,0,1
4,1631,16505182,-8189,-183,474
13,1630,16505204,-1,0,1
4,1632,16515303,-8179,-195,484
13,1631,16515325,0,0,0
4,1633,16525320,-8178,-192,477
13,1632,16525342,0,0,-2
4,1634,16535507,-8190,-188,481
13,1633,16535528,-1,0,-1
4,1635,16545507,-8186,-193,476
13,1634,16545529,1,0,0
4,1636,16555537,-8184,-193,486
13,1635,16555559,1,0,1
4,1637,16565685,-8190,-190,477
13,1636,16565707,1,0,0
4,1638,16575715,-8186,-189,483
13,1637,16575737,2,0,0
4,1639,16585747,-8192,-192,483
13,1638,16585769,2,3,0
4,1640,16595805,-8184,-184,483
13,1639,16595827,0,1,0
4,1641,16605837,-8176,-183,484
13,1640,16605859,1,0,0
4,1642,16616001,-8189,-189,497
13,1641,16616023,-1,0,1
4,1643,16625932,-8194,-181,481
13,1642,16625954,-1,1,0
4,1644,16636007,-8186,-186,479
13,1643,16636029,-1,0,0
4,1645,16646052,-8177,-184,480
13,1644,16646074,-2,0,0
4,1646,16656173,-8186,-188,478
13,1645,16656195,0,1,-1
4,1647,16666253,-8192,-187,480
13,1646,16666275,0,-1,0
4,1648,16676178,-8171,-188,476
13,1647,16676200,1,1,2
4,1649,16686372,-8184,-192,476
13,1648,16686394,0,2,3
4,1650,16696433,-8177,-186,483
13,1649,16696455,0,0,-1
4,1651,16706490,-8174,-199,478
13,1650,16706512,0,0,0
4,1652,16716565,-8182,-186,465
13,1651,16716587,-1,-1,0
4,1653,16726576,-8186,-184,473
13,1652,16726598,-1,0,0
4,1654,16736661,-8183,-195,487
13,1653,16736683,-1,2,1
4,1655,16746674,-8190,-184,485
13,1654,16746696,-1,2,0
4,1656,16756729,-8189,-188,487
13,1655,16756751,-2,0,0
4,1657,16766803,-8184,-194,480
13,1656,16766825,0,-2,0
4,1658,16776938,-8178,-195,474
13,1657,16776960,0,0,2
4,1659,16786850,-8195,-191,484
13,1658,16786871,-2,0,-1
4,1660,16796951,-8183,-186,479
13,1659,16796972,0,0,0
4,1661,16806964,-8180,-182,478
13,1660,16806986,0,1,-1
4,1662,16817123,-8184,-188,476
13,1661,16817145,0,0,-3
4,1663,16827090,-8178,-189,474
13,1662,16827112,-1,3,-1
4,1664,16837181,-8189,-191,480
13,1663,16837203,0,2,0
4,1665,16847250,-8185,-188,486
13,1664,16847272,0,0,0
4,1666,16857396,-8190,-185,471
13,1665,16857418,0,0,0
4,1667,16867330,-8188,-189,479
13,1666,16867352,0,1,-1
4,1668,16877459,-8164,-188,482
13,1667,16877481,0,0,0
4,1669,16887461,-8172,-183,482
13,1668,16887483,1,0,-1
4,1670,16897573,-8174,-187,488
13,1669,16897595,0,0,0
4,1671,16907517,-8177,-181,467
13,1670,16907539,1,1,-1
4,1672,16917713,-8175,-177,462
13,1671,16917735,2,2,1
4,1673,16927697,-8187,-190,486
13,1672,16927719,0,2,2
4,1674,16937882,-8183,-194,486
13,1673,16937904,-1,-1,0
4,1675,16947854,-8176,-180,478
13,1674,16947876,-1,2,0
4,1676,16957835,-8189,-195,462
13,1675,16957857,0,1,-1
4,1677,16967960,-8201,-193,469
13,1676,16967982,0,2,0
4,1678,16978050,-8191,-186,471
13,1677,16978071,0,2,-2
4,1679,16988036,-8192,-194,480
13,1678,16988058,1,0,-1
4,1680,16998076,-8183,-183,473
13,1679,16998098,-1,-4,-2
4,1681,17008135,-8171,-184,482
13,1680,17008157,-1,0,0
4,1682,17018321,-8178,-192,481
13,1681,17018343,0,2,1
4,1683,17028273,-8184,-188,477
13,1682,17028295,-1,3,0
4,1684,17038382,-8182,-183,491
13,1683,17038404,-1,0,1
4,1685,17048389,-8184,-184,481
13,1684,17048411,0,1,1
4,1686,17058480,-8193,-195,481
13,1685,17058529,0,0,1
4,1687,17068549,-8185,-195,470
13,1686,17068571,0,0,1
4,1688,17078588,-8185,-199,475
13,1687,17078610,-1,2,0
4,1689,17088731,-8181,-196,480
13,1688,17088753,0,0,0
4,1690,17098768,-8184,-181,486
13,1689,17098790,0,-1,-2
4,1691,17108766,-8194,-183,488
13,1690,17108788,1,0,-2
4,1692,17118854,-8180,-186,481
13,1691,17118876,0,1,0
4,1693,17128806,-8190,-191,474
13,1692,17128828,0,1,0
4,1694,17138951,-8179,-186,469
13,1693,17138973,0,0,0
4,1695,17148955,-8177,-188,482
13,1694,17148977,-1,1,0
4,1696,17159002,-8191,-188,477
13,1695,17159024,0,0,0
4,1697,17169084,-8182,-191,473
13,1696,17169105,1,0,0
4,1698,17179287,-8175,-192,482
13,1697,17179309,0,1,0
4,1699,17189273,-8187,-194,470
13,1698,17189295,1,0,0
4,1700,17199222,-8183,-195,476
13,1699,17199244,0,0,0
4,1701,17209410,-8177,-190,486
13,1700,17209432,-2,0,0
4,1702,17219433,-8180,-182,488
13,1701,17219455,-2,2,0
4,1703,17229412,-8190,-193,481
13,1702,17229434,0,2,-1
4,1704,17239552,-8174,-189,485
13,1703,17239574,1,2,0
4,1705,17249504,-8195,-186,481
13,1704,17249526,0,-1,-2
4,1706,17259703,-8193,-195,468
13,1705,17259725,0,0,0
4,1707,17269667,-8198,-197,471
13,1706,17269689,0,0,0
4,1708,17279733,-8181,-192,478
13,1707,17279755,0,1,0
4,1709,17289782,-8178,-190,483
13,1708,17289804,-1,3,0
4,1710,17299890,-8171,-188,471
13,1709,17299912,1,0,2
4,1711,17310007,-8188,-181,484
13,1710,17310029,3,0,0
4,1712,17320063,-8185,-184,489
13,1711,17320085,1,0,0
4,1713,17330059,-8190,-187,473
13,1712,17330081,-1,2,0
4,1714,17340176,-8180,-203,478
13,1713,17340198,-2,0,1
4,1715,17350233,-8190,-197,481
13,1714,17350255,-2,-1,-1
4,1716,17360257,-8203,-190,466
13,1715,17360279,-1,0,0
4,1717,17370237,-8186,-193,481
13,1716,17370258,0,-1,0
4,1718,17380426,-8183,-188,477
13,1717,17380448,-2,-1,-1
4,1719,17390381,-8188,-185,486
13,1718,17390403,-2,0,0
4,1720,17400443,-8181,-189,487
13,1719,17400465,-1,0,0
4,1721,17410518,-8185,-188,483
13,1720,17410540,0,0,0
4,1722,17420685,-8185,-185,471
13,1721,17420707,1,1,0
4,1723,17430623,-8191,-184,483
13,1722,17430645,0,0,0
4,1724,17440795,-8182,-195,482
13,1723,17440817,0,-2,0
4,1725,17450757,-8197,-190,488
13,1724,17450779,0,1,0
4,1726,17460800,-8192,-196,480
13,1725,17460822,0,0,0
4,1727,17470882,-8179,-178,481
13,1726,17470904,1,1,0
4,1728,17480963,-8183,-187,483
13,1727,17480985,0,2,0
4,1729,17491017,-8192,-194,479
13,1728,17491039,0,1,1
4,1730,17501106,-8183,-193,486
13,1729,17501128,0,0,0
4,1731,17511131,-8181,-198,490
13,1730,17511153,0,1,0
4,1732,17521121,-8180,-193,476
13,1731,17521143,0,2,0
4,1733,17531181,-8191,-187,474
13,1732,17531203,-2,2,-1
4,1734,17541295,-8179,-187,477
13,1733,17541317,0,-1,1
4,1735,17551304,-8175,-195,485
13,1734,17551326,0,0,-1
4,1736,17561450,-8184,-198,481
13,1735,17561472,0,0,-2
4,1737,17571415,-8186,-187,483
13,1736,17571437,0,0,-2
4,1738,17581613,-8194,-180,478
13,1737,17581635,0,2,-1
4,1739,17591556,-8183,-194,474
13,1738,17591578,0,1,-1
4,1740,17601612,-8175,-187,479
13,1739,17601634,-1,-1,-3
4,1741,17611647,-8183,-190,482
13,1740,17611669,0,0,0
4,1742,17621730,-8183,-195,476
13,1741,17621752,0,2,1
4,1743,17631769,-8195,-190,478
13,1742,17631791,1,1,-1
4,1744,17641790,-8190,-187,495
13,1743,17641812,0,0,-1
4,1745,17651857,-8171,-190,482
13,1744,17651879,0,-4,-1
4,1746,17661999,-8168,-188,475
13,1745,17662021,0,0,0
4,1747,17671933,-8196,-185,491
13,1746,17671954,0,0,0
4,1748,17682063,-8185,-190,480
13,1747,17682085,1,2,0
4,1749,17692124,-8185,-195,480
13,1748,17692146,1,0,0
4,1750,17702288,-8181,-189,484
13,1749,17702310,2,0,1
4,1751,17712216,-8192,-194,485
13,1750,17712238,0,1,-1
4,1752,17722316,-8193,-185,472
13,1751,17722338,0,-1,0
4,1753,17732368,-8182,-186,485
13,1752,17732390,0,0,0
4,1754,17742446,-8176,-185,492
13,1753,17742467,0,2,1
4,1755,17752470,-8176,-193,481
13,1754,17752492,1,-1,1
4,1756,17762533,-8181,-194,474
13,1755,17762555,2,0,0
4,1757,17772672,-8181,-187,474
13,1756,17772694,0,0,1
4,1758,17782731,-8181,-180,481
13,1757,17782753,0,0,1
4,1759,17792665,-8177,-191,480
13,1758,17792687,0,1,-2
4,1760,17802781,-8176,-189,482
13,1759,17802803,0,2,0
4,1761,17812869,-8180,-200,474
13,1760,17812891,0,0,0
4,1762,17823029,-8191,-200,475
13,1761,17823051,-1,0,0
4,1763,17832923,-8179,-190,476
13,1762,17832945,0,0,1
4,1764,17843029,-8179,-177,490
13,1763,17843051,0,0,-1
4,1765,17853062,-8184,-195,479
13,1764,17853084,0,0,-3
4,1766,17863155,-8179,-195,484
13,1765,17863177,0,0,-1
4,1767,17873179,-8182,-199,485
13,1766,17873201,-2,-1,0
4,1768,17883285,-8172,-191,469
13,1767,17883307,1,-1,1
4,1769,17893299,-8191,-187,481
13,1768,17893321,3,0,0
4,1770,17903429,-8187,-197,481
13,1769,17903451,0,1,1
4,1771,17913354,-8179,-193,472
13,1770,17913376,0,0,0
4,1772,17923460,-8183,-192,487
13,1771,17923482,-2,0,-1
4,1773,17933520,-8191,-188,480
13,1772,17933569,1,0,-1
4,1774,17943632,-8184,-191,475
13,1773,17943654,1,2,0
4,1775,17953665,-8186,-191,477
13,1774,17953687,-1,-2,0
4,1776,17963732,-8180,-196,484
13,1775,17963754,-1,0,0
4,1777,17973720,-8176,-193,479
13,1776,17973742,1,1,-2
4,1778,17983915,-8184,-189,472
13,1777,17983937,0,0,0
4,1779,17993800,-8179,-191,470
13,1778,17993822,0,0,0
4,1780,18003925,-8181,-187,472
13,1779,18003947,1,-1,0
4,1781,18013975,-8184,-175,485
13,1780,18013997,0,2,0
4,1782,18024074,-8184,-188,482
13,1781,18024096,-1,1,-1
4,1783,18034128,-8185,-192,493
13,1782,18034150,0,1,0
4,1784,18044213,-8172,-195,481
13,1783,18044235,1,0,2
4,1785,18054237,-8170,-187,475
13,1784,18054259,0,2,1
4,1786,18064465,-8182,-192,484
13,1785,18064487,-1,2,-1
4,1787,18074414,-8190,-190,491
13,1786,18074436,0,1,0
4,1788,18084452,-8186,-187,490
13,1787,18084474,0,-1,0
4,1789,18094497,-8192,-187,487
13,1788,18094519,0,0,1
4,1790,18104619,-8186,-185,487
13,1789,18104641,0,-1,0
4,1791,18114504,-8181,-200,487
13,1790,18114525,0,0,1
4,1792,18124661,-8183,-192,479
13,1791,18124683,-1,0,1
4,1793,18134644,-8184,-195,490
13,1792,18134666,0,1,1
4,1794,18144888,-8181,-188,480
13,1793,18144910,0,3,0
4,1795,18154912,-8188,-191,476
13,1794,18154934,-2,1,-1
4,1796,18164878,-8185,-201,482
13,1795,18164900,0,1,0
4,1797,18174977,-8185,-193,476
13,1796,18174999,2,0,0
4,1798,18185098,-8178,-193,472
13,1797,18185120,0,-2,-1
4,1799,18195131,-8195,-193,483
13,1798,18195153,-2,0,-2
4,1800,18205188,-8183,-186,480
13,1799,18205210,0,0,0
4,1801,18215274,-8184,-194,474
13,1800,18215296,1,-1,0
4,1802,18225375,-8180,-200,466
13,1801,18225397,0,2,0
4,1803,18235306,-8186,-189,485
13,1802,18235328,0,1,1
4,1804,18245422,-8184,-193,487
13,1803,18245444,0,0,0
4,1805,18255473,-8188,-194,478
13,1804,18255495,2,-1,-1
4,1806,18265567,-8186,-194,484
13,1805,18265589,0,0,2
4,1807,18275657,-8181,-185,478
13,1806,18275679,-1,0,-2
4,1808,18285579,-8173,-189,474
13,1807,18285601,1,0,-2
4,1809,18295710,-8176,-194,476
13,1808,18295732,0,-1,-1
4,1810,18305877,-8185,-189,481
13,1809,18305899,0,2,-2
4,1811,18315881,-8170,-192,482
13,1810,18315903,1,-1,-3
4,1812,18325904,-8184,-191,475
13,1811,18325926,0,-1,-1
4,1813,18335929,-8177,-195,489
13,1812,18335951,-1,0,1
4,1814,18346065,-8171,-196,488
13,1813,18346087,-1,0,0
4,1815,18356077,-8187,-189,476
13,1814,18356099,1,-2,1
4,1816,18366132,-8178,-188,482
13,1815,18366154,2,-3,0
4,1817,18376157,-8191,-183,488
13,1816,18376179,0,0,-1
4,1818,18386365,-8190,-195,491
13,1817,18386387,0,0,-1
4,1819,18396309,-8187,-192,487
13,1818,18396331,0,-2,0
4,1820,18406385,-8175,-197,482
13,1819,18406407,-2,-1,0
4,1821,18416471,-8180,-199,469
13,1820,18416493,0,-2,-1
4,1822,18426538,-8182,-202,479
13,1821,18426560,0,0,0
4,1823,18436566,-8179,-198,474
13,1822,18436588,0,0,1
4,1824,18446612,-8178,-191,489
13,1823,18446634,1,0,0
4,1825,18456683,-8193,-198,483
13,1824,18456705,1,1,-2
4,1826,18466815,-8191,-195,482
13,1825,18466837,-1,-1,-2
4,1827,18476785,-8189,-174,486
13,1826,18476807,0,1,0
4,1828,18486775,-8186,-188,474
13,1827,18486797,1,2,0
4,1829,18496938,-8196,-198,481
13,1828,18496960,0,2,1
4,1830,18506968,-8187,-194,491
13,1829,18506990,-2,1,1
4,1831,18516986,-8193,-195,479
13,1830,18517008,0,2,-1
4,1832,18527073,-8189,-191,494
13,1831,18527094,0,0,3
4,1833,18537189,-8196,-184,481
13,1832,18537211,1,0,0
4,1834,18547225,-8191,-193,481
13,1833,18547247,0,0,-1
4,1835,18557211,-8191,-184,485
13,1834,18557233,-1,0,-1
4,1836,18567307,-8189,-189,477
13,1835,18567329,0,1,0
4,1837,18577356,-8187,-192,472
13,1836,18577378,0,1,0
4,1838,18587397,-8182,-199,485
13,1837,18587419,1,1,0
4,1839,18597509,-8184,-197,482
13,1838,18597531,1,0,0
4,1840,18607491,-8187,-202,478
13,1839,18607513,0,1,-1
4,1841,18617636,-8199,-190,477
13,1840,18617658,1,1,0
4,1842,18627719,-8183,-178,481
13,1841,18627741,1,0,0
4,1843,18637639,-8184,-197,487
13,1842,18637661,0,-2,0
4,1844,18647757,-8183,-191,482
13,1843,18647779,0,-2,0
4,1845,18657811,-8191,-194,457
13,1844,18657833,-1,0,0
4,1846,18667909,-8194,-196,487
13,1845,18667930,0,2,0
4,1847,18677881,-8184,-187,485
13,1846,18677903,1,1,1
4,1848,18688033,-8181,-199,488
13,1847,18688055,0,1,0
4,1849,18698096,-8176,-188,487
13,1848,18698118,0,0,0
4,1850,18708230,-8182,-189,469
13,1849,18708252,0,-1,1
4,1851,18718200,-8196,-195,475
13,1850,18718222,1,0,-1
4,1852,18728247,-8185,-199,470
13,1851,18728269,1,1,2
4,1853,18738282,-8175,-188,478
13,1852,18738304,-1,0,2
4,1854,18748321,-8174,-193,473
13,1853,18748343,0,-2,0
4,1855,18758450,-8184,-187,485
13,1854,18758472,0,-1,0
4,1856,18768445,-8177,-192,482
13,1855,18768467,-1,0,-1
4,1857,18778532,-8176,-193,492
13,1856,18778553,-1,-1,0
4,1858,18788615,-8188,-181,476
13,1857,18788637,-2,1,0
4,1859,18798649,-8188,-189,473
13,1858,18798670,0,0,-3
4,1860,18808729,-8196,-184,487
13,1859,18808751,-1,-1,0
4,1861,18818718,-8181,-185,487
13,1860,18818740,-1,0,0
4,1862,18828931,-8190,-193,483
13,1861,18828953,1,-2,0
4,1863,18838926,-8177,-188,485
13,1862,18838948,0,0,0
4,1864,18848951,-8182,-191,467
13,1863,18848973,-1,0,0
4,1865,18859056,-8182,-200,486
13,1864,18859078,-1,-2,0
4,1866,18869190,-8183,-190,482
13,1865,18869212,0,-1,0
4,1867,18879163,-8176,-190,484
13,1866,18879185,0,0,0
4,1868,18889197,-8171,-189,482
13,1867,18889219,0,1,0
4,1869,18899286,-8187,-183,472
13,1868,18899308,1,2,0
4,1870,18909346,-8185,-188,481
13,1869,18909368,0,-1,0
4,1871,18919376,-8179,-202,473
13,1870,18919398,1,0,0
4,1872,18929451,-8181,-191,483
13,1871,18929473,0,0,0
4,1873,18939535,-8179,-184,484
13,1872,18939557,1,-2,0
4,1874,18949704,-8176,-189,480
13,1873,18949726,0,0,0
4,1875,18959705,-8189,-182,472
13,1874,18959727,1,0,0
4,1876,18969685,-8184,-186,488
13,1875,18969707,2,1,-2
4,1877,18979812,-8185,-192,479
13,1876,18979834,0,1,0
4,1878,18989875,-8187,-181,471
13,1877,18989897,0,-2,2
4,1879,18999946,-8178,-184,478
13,1878,18999968,0,0,-1
4,1880,19009898,-8176,-191,488
13,1879,19009920,0,-1,-1
4,1881,19020036,-8179,-191,476
13,1880,19020058,0,0,0
4,1882,19030178,-8180,-192,481
13,1881,19030200,-1,1,0
4,1883,19040158,-8180,-188,477
13,1882,19040180,1,2,0
4,1884,19050275,-8189,-194,489
13,1883,19050297,0,-1,1
4,1885,19060342,-8183,-188,494
13,1884,19060364,-2,-2,0
4,1886,19070315,-8174,-190,483
13,1885,19070337,-2,0,0
4,1887,19080400,-8179,-190,480
13,1886,19080422,0,0,2
4,1888,19090421,-8190,-183,474
13,1887,19090443,2,0,1
4,1889,19100536,-8182,-187,485
13,1888,19100558,1,-1,-1
4,1890,19110697,-8177,-181,473
13,1889,19110719,0,-3,-1
4,1891,19120640,-8186,-182,482
13,1890,19120662,0,-1,-1
4,1892,19130761,-8189,-183,485
13,1891,19130783,1,-1,2
4,1893,19140775,-8184,-193,490
13,1892,19140797,-1,-4,2
4,1894,19150851,-8193,-194,476
13,1893,19150873,0,-2,-1
4,1895,19160911,-8185,-200,484
13,1894,19160933,1,-1,0
4,1896,19170949,-8183,-195,484
13,1895,19170971,1,-2,2
4,1897,19181029,-8182,-186,483
13,1896,19181051,1,-1,0
4,1898,19191181,-8188,-190,474
13,1897,19191203,0,0,-2
4,1899,19201150,-8187,-192,480
13,1898,19201172,0,-2,-1
4,1900,19211245,-8181,-188,492
13,1899,19211267,0,0,0
4,1901,19221286,-8198,-193,478
13,1900,19221308,1,0,0
4,1902,19231417,-8185,-194,477
13,1901,19231439,0,0,0
4,1903,19241324,-8184,-188,475
13,1902,19241346,-1,-1,2
4,1904,19251506,-8184,-174,477
13,1903,19251528,0,-2,1
4,1905,19261421,-8190,-184,493
13,1904,19261443,0,0,0
4,1906,19271721,-8193,-184,480
13,1905,19271743,1,0,1
4,1907,19281688,-8186,-188,476
13,1906,19281710,3,-1,0
4,1908,19291693,-8184,-188,485
13,1907,19291715,0,-3,0
4,1909,19301747,-8181,-190,477
13,1908,19301769,0,0,1
4,1910,19311855,-8178,-193,475
13,1909,19311877,0,1,0
4,1911,19321904,-8191,-188,487
13,1910,19321926,-2,0,0
4,1912,19331957,-8184,-181,478
13,1911,19331979,-1,-2,1
4,1913,19342038,-8190,-186,485
13,1912,19342060,2,2,0
4,1914,19352103,-8183,-193,480
13,1913,19352125,0,0,0
4,1915,19362122,-8184,-190,479
13,1914,19362144,0,0,0
4,1916,19372145,-8195,-192,480
13,1915,19372167,0,-1,0
4,1917,19382243,-8180,-201,481
13,1916,19382265,0,0,-1
4,1918,19392290,-8192,-189,483
13,1917,19392312,1,0,0
4,1919,19402342,-8188,-184,477
13,1918,19402364,1,1,-1
4,1920,19412409,-8196,-190,476
13,1919,19412431,0,0,-1
4,1921,19422478,-8180,-189,469
13,1920,19422500,0,0,1
4,1922,19432653,-8176,-190,473
13,1921,19432675,0,0,0
4,1923,19442692,-8177,-185,481
13,1922,19442714,1,0,1
4,1924,19452677,-8177,-187,476
13,1923,19452699,0,2,2
4,1925,19462771,-8188,-181,477
13,1924,19462793,-1,1,0
4,1926,19472774,-8178,-197,488
13,1925,19472796,0,1,0
4,1927,19482888,-8182,-202,477
13,1926,19482910,2,-1,0
4,1928,19492894,-8177,-191,482
13,1927,19492916,0,-2,1
4,1929,19502989,-8180,-194,489
13,1928,19503011,0,-2,-1
4,1930,19513156,-8190,-198,479
13,1929,19513178,-1,0,0
4,1931,19523033,-8181,-193,486
13,1930,19523055,0,0,2
4,1932,19533191,-8183,-197,488
13,1931,19533213,-1,0,0
4,1933,19543275,-8182,-191,489
13,1932,19543297,-1,0,0
4,1934,19553320,-8179,-193,476
13,1933,19553342,3,-1,-1
4,1935,19563401,-8184,-197,472
13,1934,19563423,0,0,-2
4,1936,19573468,-8178,-203,479
13,1935,19573490,0,-1,0
4,1937,19583538,-8184,-189,467
13,1936,19583560,0,0,0
4,1938,19593648,-8188,-190,486
13,1937,19593669,1,0,0
4,1939,19603699,-8186,-190,475
13,1938,19603721,0,0,1
4,1940,19613678,-8181,-196,470
13,1939,19613700,0,2,0
4,1941,19623744,-8189,-184,475
13,1940,19623766,0,0,1
4,1942,19633856,-8179,-188,478
13,1941,19633878,1,-2,0
4,1943,19643880,-8186,-202,488
13,1942,19643902,0,-1,-1
4,1944,19654003,-8190,-195,480
13,1943,19654025,1,1,-2
4,1945,19664020,-8179,-196,476
13,1944,19664041,1,0,-1
4,1946,19674181,-8179,-195,472
13,1945,19674230,0,0,1
4,1947,19684217,-8184,-190,478
13,1946,19684239,0,1,3
4,1948,19694142,-8183,-193,480
13,1947,19694191,0,-1,-1
4,1949,19704304,-8180,-196,480
13,1948,19704326,0,-3,0
4,1950,19714400,-8194,-192,478
13,1949,19714422,1,-1,0
4,1951,19724369,-8194,-198,482
13,1950,19724391,2,0,-1
4,1952,19734454,-8188,-188,471
13,1951,19734476,1,0,-1
4,1953,19744540,-8183,-207,483
13,1952,19744562,0,-2,0
4,1954,19754728,-8182,-191,490
13,1953,19754750,1,0,-1
4,1955,19764606,-8175,-193,484
13,1954,19764628,1,-1,0
4,1956,19774774,-8178,-190,490
13,1955,19774796,0,0,-1
4,1957,19784776,-8184,-183,480
13,1956,19784798,0,1,0
4,1958,19794828,-8184,-177,482
13,1957,19794850,2,0,-1
4,1959,19804940,-8185,-184,471
13,1958,19804989,0,1,-2
4,1960,19814918,-8172,-184,485
13,1959,19814967,0,0,0
4,1961,19825053,-8177,-196,499
13,1960,19825075,0,0,0
4,1962,19835190,-8187,-187,489
13,1961,19835212,0,-2,0
4,1963,19845190,-8187,-197,470
13,1962,19845212,1,-2,-4
4,1964,19855235,-8186,-195,481
13,1963,19855257,1,0,-4
4,1965,19865299,-8174,-204,480
13,1964,19865321,2,0,0
4,1966,19875424,-8182,-197,487
13,1965,19875446,1,-1,0
4,1967,19885462,-8181,-190,472
13,1966,19885484,0,1,0
4,1968,19895452,-8181,-191,477
13,1967,19895474,0,-1,0
4,1969,19905454,-8188,-195,481
13,1968,19905476,0,0,1
4,1970,19915730,-8193,-184,487
13,1969,19915752,0,0,0
4,1971,19925667,-8184,-178,492
13,1970,19925689,0,-2,0
4,1972,19935642,-8182,-192,486
13,1971,19935664,-1,0,0
4,1973,19945821,-8187,-192,474
13,1972,19945843,-1,-1,0
4,1974,19955880,-8194,-186,482
13,1973,19955902,0,0,0
4,1975,19965909,-8182,-184,488
13,1974,19965931,1,0,0
4,1976,19975946,-8190,-185,485
13,1975,19975968,0,0,0
4,1977,19985998,-8184,-180,470
13,1976,19986020,0,-1,0
4,1978,19996130,-8182,-192,484
13,1977,19996152,1,-2,0
4,1979,20006166,-8179,-181,490
13,1978,20006188,0,1,0
4,1980,20016157,-8186,-189,481
13,1979,20016179,0,0,0
4,1981,20026185,-8198,-186,475
13,1980,20026207,-1,-1,0
4,1982,20036349,-8181,-193,484
13,1981,20036371,0,-1,0
4,1983,20046406,-8198,-188,492
13,1982,20046428,1,0,0
4,1984,20056516,-8183,-191,479
13,1983,20056538,0,1,-1
4,1985,20066466,-8177,-182,483
13,1984,20066516,1,0,1
4,1986,20076733,-8199,-181,487
13,1985,20076755,-1,-1,0
4,1987,20086657,-8188,-192,482
13,1986,20086679,0,2,0
4,1988,20096714,-8173,-190,474
13,1987,20096736,1,2,-1
4,1989,20106757,-8184,-190,485
13,1988,20106779,-1,-2,2
4,1990,20116827,-8179,-190,481
13,1989,20116849,0,1,0
4,1991,20126924,-8184,-191,477
13,1990,20126946,0,-1,0
4,1992,20136867,-8190,-189,474
13,1991,20136889,-1,-3,1
4,1993,20147037,-8189,-191,487
13,1992,20147059,0,-1,0
4,1994,20157157,-8172,-183,480
13,1993,20157179,0,1,0
4,1995,20167145,-8178,-187,494
13,1994,20167167,-1,2,1
4,1996,20177219,-8180,-189,486
13,1995,20177241,0,0,1
4,1997,20187259,-8180,-176,479
13,1996,20187308,0,0,-2
4,1998,20197403,-8183,-192,465
13,1997,20197425,1,-1,-1
4,1999,20207456,-8184,-192,485
13,1998,20207478,1,-3,0
4,2000,20217510,-8178,-189,490
13,1999,20217532,1,0,-1
4,2001,20227559,-8185,-189,474
13,2000,20227581,0,0,0
4,2002,20237628,-8190,-191,480
13,2001,20237650,1,2,0
4,2003,20247662,-8189,-184,489
13,2002,20247684,1,0,0
4,2004,20257705,-8168,-189,485
13,2003,20257727,-1,0,1
4,2005,20267845,-8181,-181,485
13,2004,20267867,0,-1,0
4,2006,20277805,-8189,-198,481
13,2005,20277827,0,-2,-1
4,2007,20287889,-8190,-203,483
13,2006,20287911,0,-1,0
4,2008,20297964,-8183,-194,474
13,2007,20297986,0,-1,0
4,2009,20307989,-8180,-187,466
13,2008,20308011,1,-1,0
4,2010,20318222,-8183,-190,487
13,2009,20318244,0,0,1
4,2011,20328164,-8197,-197,489
13,2010,20328186,-1,0,2
4,2012,20338293,-8186,-191,478
13,2011,20338315,0,0,0
4,2013,20348342,-8182,-195,483
13,2012,20348364,1,0,0
4,2014,20358321,-8193,-193,487
13,2013,20358343,0,0,0
4,2015,20368390,-8183,-192,477
13,2014,20368412,2,0,0
4,2016,20378453,-8182,-198,475
13,2015,20378475,0,0,1
4,2017,20388530,-8184,-183,483
13,2016,20388552,0,-1,-1
4,2018,20398620,-8180,-184,487
13,2017,20398642,1,0,0
4,2019,20408658,-8183,-188,485
13,2018,20408680,1,0,0
4,2020,20418695,-8178,-184,476
13,2019,20418717,0,-1,0
4,2021,20428783,-8179,-180,482
13,2020,20428805,0,0,1
4,2022,20438891,-8179,-188,490
13,2021,20438913,0,0,0
4,2023,20448971,-8187,-194,480
13,2022,20448993,1,0,0
4,2024,20458990,-8182,-194,482
13,2023,20459012,-1,-1,0
4,2025,20469085,-8182,-186,485
13,2024,20469107,0,-2,-1
4,2026,20479137,-8184,-195,484
13,2025,20479159,0,-3,1
4,2027,20489169,-8184,-195,481
13,2026,20489190,1,2,0
4,2028,20499217,-8186,-189,467
13,2027,20499239,0,0,-2
4,2029,20509283,-8182,-181,478
13,2028,20509305,-1,-1,-2
4,2030,20519407,-8186,-192,491
13,2029,20519429,1,0,0
4,2031,20529423,-8187,-189,493
13,2030,20529445,0,-1,0
4,2032,20539424,-8187,-184,493
13,2031,20539446,-1,2,-1
4,2033,20549568,-8176,-189,479
13,2032,20549589,0,-1,0
4,2034,20559702,-8179,-188,471
13,2033,20559724,1,-1,1
4,2035,20569698,-8178,-189,488
13,2034,20569720,0,0,0
4,2036,20579784,-8190,-186,489
13,2035,20579806,1,0,-1
4,2037,20589854,-8190,-179,486
13,2036,20589876,0,1,3
4,2038,20599929,-8189,-182,478
13,2037,20599951,0,1,0
4,2039,20610013,-8196,-193,471
13,2038,20610035,1,0,0
4,2040,20620034,-8178,-187,488
13,2039,20620056,1,1,4
4,2041,20630133,-8188,-184,479
13,2040,20630155,0,1,1
4,2042,20640317,-8184,-200,477
13,2041,20640339,-1,0,-1
4,2043,20650197,-8184,-195,474
13,2042,20650219,0,1,1
4,2044,20660274,-8182,-181,481
13,2043,20660296,1,0,-2
4,2045,20670382,-8188,-181,489
13,2044,20670404,0,-1,-1
4,2046,20680384,-8189,-175,476
13,2045,20680406,0,-1,0
4,2047,20690510,-8175,-186,479
13,2046,20690532,1,0,0
4,2048,20700491,-8188,-192,488
13,2047,20700513,0,1,0
4,2049,20710606,-8188,-185,473
13,2048,20710628,-1,0,0
4,2050,20720775,-8192,-200,469
13,2049,20720797,-1,0,1
4,2051,20730709,-8181,-190,479
13,2050,20730731,2,0,0
4,2052,20740771,-8183,-190,474
13,2051,20740793,0,1,0
4,2053,20750849,-8184,-190,488
13,2052,20750871,1,-1,1
4,2054,20760942,-8176,-185,479
13,2053,20760964,0,0,1
4,2055,20770953,-8181,-180,480
13,2054,20770975,0,1,0
4,2056,20781022,-8178,-177,482
13,2055,20781044,0,-1,0
4,2057,20791093,-8179,-192,482
13,2056,20791115,-1,0,-1
4,2058,20801185,-8183,-196,471
13,2057,20801207,-1,1,0
4,2059,20811269,-8188,-197,480
13,2058,20811291,0,0,0
4,2060,20821310,-8196,-188,489
13,2059,20821332,0,0,0
4,2061,20831372,-8182,-191,470
13,2060,20831394,-1,-2,2
4,2062,20841490,-8185,-187,490
13,2061,20841512,-1,-1,2
4,2063,20851426,-8193,-190,475
13,2062,20851448,0,0,1
4,2064,20861510,-8177,-192,484
13,2063,20861532,-2,0,2
4,2065,20871580,-8185,-186,485
13,2064,20871602,0,2,1
4,2066,20881735,-8175,-181,476
13,2065,20881757,1,2,-1
4,2067,20891691,-8185,-197,491
13,2066,20891713,1,0,0
4,2068,20901722,-8181,-190,491
13,2067,20901744,0,-1,2
4,2069,20911818,-8180,-190,482
13,2068,20911839,-1,0,0
4,2070,20921926,-8179,-184,484
13,2069,20921948,0,0,0
4,2071,20931952,-8190,-187,474
13,2070,20932001,0,0,1
4,2072,20941927,-8175,-186,480
13,2071,20941949,1,0,-1
4,2073,20952121,-8176,-191,488
13,2072,20952143,0,0,-1
4,2074,20962221,-8188,-188,474
13,2073,20962243,0,0,-2
4,2075,20972211,-8172,-196,489
13,2074,20972233,0,-1,3
4,2076,20982297,-8171,-195,483
13,2075,20982319,0,-4,2
4,2077,20992322,-8186,-189,480
13,2076,20992344,0,-2,-2
4,2078,21002402,-8193,-189,481
13,2077,21002424,2,2,1
4,2079,21012426,-8192,-199,477
13,2078,21012448,1,0,0
4,2080,21022515,-8185,-184,477
13,2079,21022537,0,-2,0
4,2081,21032544,-8181,-194,486
13,2080,21032566,0,0,0
4,2082,21042737,-8175,-193,473
13,2081,21042759,0,-2,0
4,2083,21052615,-8185,-189,483
13,2082,21052637,0,-3,0
4,2084,21062810,-8182,-193,484
13,2083,21062832,0,0,-1
4,2085,21072823,-8190,-182,490
13,2084,21072845,0,0,0
4,2086,21082933,-8180,-190,478
13,2085,21082955,0,-1,0
4,2087,21092970,-8178,-189,478
13,2086,21092992,-1,-1,-1
4,2088,21103029,-8180,-196,480
13,2087,21103051,-1,0,-1
4,2089,21113011,-8183,-192,482
13,2088,21113033,0,0,0
4,2090,21123181,-8183,-194,485
13,2089,21123203,0,0,-1
4,2091,21133140,-8186,-186,486
13,2090,21133162,0,0,0
4,2092,21143227,-8187,-191,482
13,2091,21143249,-1,0,0
4,2093,21153196,-8180,-196,474
13,2092,21153218,0,-1,0
4,2094,21163379,-8180,-198,476
13,2093,21163401,-1,-1,-1
4,2095,21173348,-8182,-190,476
13,2094,21173370,-2,0,0
4,2096,21183557,-8178,-191,475
13,2095,21183579,1,0,0
4,2097,21193542,-8186,-188,482
13,2096,21193564,0,0,0
4,2098,21203648,-8184,-190,491
13,2097,21203670,2,-1,0
4,2099,21213688,-8191,-187,495
13,2098,21213710,1,0,1
4,2100,21223752,-8187,-192,486
13,2099,21223774,0,-1,0
4,2101,21233783,-8178,-193,479
13,2100,21233805,0,1,-1
4,2102,21243817,-8181,-193,472
13,2101,21243839,0,2,0
4,2103,21253901,-8186,-185,475
13,2102,21253923,0,0,1
4,2104,21263946,-8184,-190,481
13,2103,21263968,0,0,3
4,2105,21274041,-8185,-180,482
13,2104,21274063,1,-1,3
4,2106,21284193,-8192,-187,476
13,2105,21284215,0,0,0
4,2107,21294142,-8182,-188,476
13,2106,21294164,1,0,0
4,2108,21304214,-8180,-186,483
13,2107,21304236,1,1,0
4,2109,21314216,-8177,-190,484
13,2108,21314238,1,-1,1
4,2110,21324472,-8187,-178,478
13,2109,21324494,0,0,0
4,2111,21334422,-8186,-185,476
13,2110,21334444,1,2,-2
4,2112,21344470,-8187,-188,485
13,2111,21344492,-1,-2,-1
4,2113,21354467,-8192,-189,483
13,2112,21354489,0,-2,-2
4,2114,21364655,-8187,-190,484
13,2113,21364677,0,0,-2
4,2115,21374627,-8180,-188,475
13,2114,21374649,0,-1,0
4,2116,21384611,-8178,-188,482
13,2115,21384633,0,-2,-1
4,2117,21394741,-8189,-188,483
13,2116,21394763,1,1,0
4,2118,21404843,-8186,-193,485
13,2117,21404864,0,0,-1
4,2119,21414823,-8184,-193,491
13,2118,21414845,0,0,0
4,2120,21424910,-8179,-200,484
13,2119,21424932,3,-1,0
4,2121,21434989,-8171,-191,487
13,2120,21435012,1,0,1
4,2122,21445153,-8176,-188,474
13,2121,21445175,-1,0,0
4,2123,21455095,-8184,-189,485
13,2122,21455117,0,1,1
4,2124,21465147,-8182,-192,484
13,2123,21465169,0,2,0
4,2125,21475191,-8187,-193,492
13,2124,21475213,1,1,0
4,2126,21485279,-8185,-192,486
13,2125,21485301,0,0,0
4,2127,21495294,-8192,-181,483
13,2126,21495316,0,0,0
4,2128,21505366,-8178,-194,488
13,2127,21505388,1,0,-1
4,2129,21515437,-8175,-188,488
13,2128,21515459,1,0,0
4,2130,21525610,-8185,-188,478
13,2129,21525632,1,0,0
4,2131,21535472,-8189,-191,485
13,2130,21535494,0,-1,-1
4,2132,21545656,-8180,-204,481
13,2131,21545678,1,1,-1
4,2133,21555673,-8181,-188,482
13,2132,21555723,-1,0,-3
4,2134,21565810,-8192,-193,483
13,2133,21565832,-1,0,0
4,2135,21575750,-8190,-192,486
13,2134,21575772,0,2,0
4,2136,21585848,-8191,-182,473
13,2135,21585870,0,0,0
4,2137,21595907,-8191,-187,475
13,2136,21595929,0,0,1
4,2138,21606041,-8183,-190,480
13,2137,21606063,0,0,0
4,2139,21616044,-8179,-185,490
13,2138,21616066,0,-1,-2
4,2140,21626087,-8181,-181,489
13,2139,21626109,1,0,0
4,2141,21636037,-8178,-189,478
13,2140,21636059,0,-1,0
4,2142,21646190,-8182,-198,492
13,2141,21646212,0,1,0
4,2143,21656188,-8193,-200,487
13,2142,21656210,0,1,1
4,2144,21666275,-8180,-199,484
13,2143,21666297,2,0,0
4,2145,21676346,-8177,-183,489
13,2144,21676368,0,1,0
4,2146,21686509,-8176,-181,493
13,2145,21686531,-1,-1,0
4,2147,21696555,-8196,-188,489
13,2146,21696577,0,-1,0
4,2148,21706557,-8191,-192,486
13,2147,21706579,0,0,0
4,2149,21716606,-8183,-186,477
13,2148,21716628,0,-1,0
4,2150,21726666,-8179,-189,476
13,2149,21726688,0,-1,-2
4,2151,21736670,-8181,-194,476
13,2150,21736692,-1,0,0
4,2152,21746763,-8187,-179,487
13,2151,21746785,0,1,0
4,2153,21756817,-8188,-190,470
13,2152,21756839,1,1,0
4,2154,21766952,-8182,-187,478
13,2153,21766974,1,0,0
4,2155,21776919,-8192,-186,486
13,2154,21776941,0,-1,0
4,2156,21786964,-8184,-192,474
13,2155,21786986,0,0,0
4,2157,21797094,-8187,-182,468
13,2156,21797116,0,0,0
4,2158,21807083,-8202,-193,480
13,2157,21807105,0,1,0
4,2159,21817254,-8198,-196,475
13,2158,21817276,0,-1,0
4,2160,21827176,-8179,-197,475
13,2159,21827198,1,1,0
4,2161,21837340,-8183,-195,485
13,2160,21837362,0,0,0
4,2162,21847501,-8184,-182,479
13,2161,21847523,-1,-1,0
4,2163,21857373,-8183,-178,479
13,2162,21857395,1,1,1
4,2164,21867468,-8178,-181,481
13,2163,21867490,-2,0,0
4,2165,21877515,-8193,-189,481
13,2164,21877537,-1,-3,0
4,2166,21887606,-8188,-177,481
13,2165,21887627,2,0,0
4,2167,21897603,-8179,-192,473
13,2166,21897625,2,1,0
4,2168,21907652,-8176,-200,485
13,2167,21907674,0,-2,1
4,2169,21917678,-8190,-185,482
13,2168,21917700,0,-1,1
4,2170,21927849,-8174,-193,477
13,2169,21927898,0,0,0
4,2171,21937772,-8180,-190,477
13,2170,21937794,2,0,1
4,2172,21947887,-8178,-192,491
13,2171,21947909,-1,0,0
4,2173,21957913,-8192,-182,495
13,2172,21957935,1,-2,0
4,2174,21968042,-8183,-192,471
13,2173,21968064,1,-2,0
4,2175,21978073,-8183,-184,472
13,2174,21978095,0,0,0
4,2176,21988131,-8175,-182,480
13,2175,21988153,-1,0,0
4,2177,21998158,-8176,-186,459
13,2176,21998180,0,0,0
4,2178,22008399,-8178,-189,479
13,2177,22008421,0,-2,1
4,2179,22018291,-8185,-178,487
13,2178,22018313,-1,2,0
4,2180,22028364,-8183,-178,487
13,2179,22028386,0,1,1
4,2181,22038358,-8183,-191,480
13,2180,22038380,0,-1,3
4,2182,22048557,-8187,-188,478
13,2181,22048579,0,-2,1
4,2183,22058543,-8177,-198,480
13,2182,22058592,0,-1,0
4,2184,22068601,-8183,-195,493
13,2183,22068623,1,0,1
4,2185,22078709,-8192,-191,480
13,2184,22078731,0,-1,0
4,2186,22088768,-8180,-189,477
13,2185,22088790,-1,-3,0
4,2187,22098811,-8187,-190,476
13,2186,22098833,0,-1,0
4,2188,22108890,-8194,-191,465
13,2187,22108912,0,-1,0
4,2189,22118891,-8179,-193,464
13,2188,22118913,1,-1,0
4,2190,22129004,-8190,-200,475
13,2189,22129026,2,0,-2
4,2191,22139011,-8179,-197,473
13,2190,22139033,2,1,0
4,2192,22149077,-8180,-187,481
13,2191,22149099,2,0,0
4,2193,22159088,-8200,-189,483
13,2192,22159110,1,-1,0
4,2194,22169345,-8182,-180,486
13,2193,22169368,0,-1,1
4,2195,22179235,-8189,-191,480
13,2194,22179257,0,0,1
4,2196,22189294,-8184,-182,474
13,2195,22189316,0,0,0
4,2197,22199376,-8183,-182,476
13,2196,22199398,3,0,0
4,2198,22209448,-8174,-193,476
13,2197,22209470,-2,0,-1
4,2199,22219545,-8184,-194,481
13,2198,22219567,-1,-3,0
4,2200,22229537,-8193,-184,487
13,2199,22229559,0,-1,-1
4,2201,22239592,-8187,-176,482
13,2200,22239614,1,0,0
4,2202,22249781,-8169,-193,476
13,2201,22249803,0,-2,2
4,2203,22259616,-8180,-181,470
13,2202,22259638,0,-1,1
4,2204,22269756,-8188,-193,491
13,2203,22269777,1,-1,-1
4,2205,22279799,-8190,-191,479
13,2204,22279821,-1,0,-2
4,2206,22289845,-8187,-190,490
13,2205,22289867,0,-1,0
4,2207,22299922,-8177,-193,480
13,2206,22299944,0,0,0
4,2208,22309966,-8188,-192,481
13,2207,22310015,1,0,-1
4,2209,22320121,-8179,-193,487
13,2208,22320143,0,0,0
4,2210,22330146,-8183,-198,484
13,2209,22330168,0,1,-1
4,2211,22340241,-8197,-193,482
13,2210,22340263,0,0,-1
4,2212,22350213,-8193,-192,480
13,2211,22350235,0,-1,0
4,2213,22360206,-8171,-193,476
13,2212,22360228,-1,-3,0
4,2214,22370386,-8184,-176,479
13,2213,22370408,0,0,1
4,2215,22380315,-8186,-183,487
13,2214,22380337,0,0,1
4,2216,22390405,-8182,-186,495
13,2215,22390427,1,0,-3
4,2217,22400478,-8175,-183,473
13,2216,22400500,1,0,-1
4,2218,22410622,-8192,-190,478
13,2217,22410644,0,-1,0
4,2219,22420589,-8185,-197,488
13,2218,22420611,0,-1,-2
4,2220,22430648,-8181,-191,470
13,2219,22430670,-2,-1,-2
4,2221,22440764,-8184,-187,474
13,2220,22440786,0,-2,0
4,2222,22450853,-8182,-192,476
13,2221,22450875,-1,1,0
4,2223,22460849,-8186,-196,493
13,2222,22460871,-2,-1,0
4,2224,22470824,-8186,-196,479
13,2223,22470846,0,0,0
4,2225,22480970,-8186,-192,484
13,2224,22480992,0,-1,-1
4,2226,22491096,-8186,-186,477
13,2225,22491118,0,0,2
4,2227,22500970,-8188,-184,478
13,2226,22500992,0,0,0
4,2228,22511121,-8185,-184,487
13,2227,22511143,0,-2,-2
4,2229,22521138,-8189,-193,478
13,2228,22521160,0,-3,0
4,2230,22531214,-8186,-196,470
13,2229,22531236,-2,-2,-2
4,2231,22541227,-8184,-182,476
13,2230,22541249,0,-2,-3
4,2232,22551316,-8182,-182,480
13,2231,22551338,1,0,0
4,2233,22561397,-8191,-182,483
13,2232,22561419,0,-1,0
4,2234,22571590,-8181,-183,469
13,2233,22571612,2,-3,1
4,2235,22581475,-8175,-182,473
13,2234,22581497,1,-1,2
4,2236,22591477,-8186,-183,482
13,2235,22591499,0,1,-1
4,2237,22601569,-8183,-190,487
13,2236,22601591,0,1,0
4,2238,22611706,-8186,-199,479
13,2237,22611728,0,-1,-1
4,2239,22621755,-8182,-191,473
13,2238,22621777,1,0,-1
4,2240,22631708,-8184,-187,483
13,2239,22631730,1,1,-3
4,2241,22641844,-8192,-193,476
13,2240,22641866,0,1,1
4,2242,22651950,-8176,-186,483
13,2241,22651972,2,0,1
4,2243,22661887,-8192,-173,480
13,2242,22661909,0,-2,0
4,2244,22671954,-8189,-178,476
13,2243,22671976,0,-2,1
4,2245,22682019,-8189,-182,492
13,2244,22682041,0,-1,0
4,2246,22692208,-8178,-190,483
13,2245,22692230,0,-1,-2
4,2247,22702103,-8181,-196,479
13,2246,22702125,0,0,0
4,2248,22712199,-8190,-192,469
13,2247,22712221,0,0,0
4,2249,22722283,-8183,-198,475
13,2248,22722305,0,-3,0
4,2250,22732365,-8176,-181,488
13,2249,22732387,0,-1,-1
4,2251,22742360,-8175,-181,477
13,2250,22742382,-1,-2,0
4,2252,22752388,-8185,-189,479
13,2251,22752410,-1,0,-1
4,2253,22762469,-8184,-188,480
13,2252,22762491,0,1,-2
4,2254,22772527,-8185,-195,490
13,2253,22772549,1,-1,0
4,2255,22782545,-8186,-192,476
13,2254,22782567,0,-1,-3
4,2256,22792617,-8185,-185,487
13,2255,22792639,0,2,0
4,2257,22802608,-8191,-193,478
13,2256,22802630,0,0,1
4,2258,22812868,-8190,-190,481
13,2257,22812890,0,1,0
4,2259,22822806,-8173,-194,488
13,2258,22822828,0,-1,0
4,2260,22832935,-8177,-185,483
13,2259,22832957,1,0,0
4,2261,22842862,-8185,-187,482
13,2260,22842884,1,0,-1
4,2262,22852992,-8182,-187,484
13,2261,22853014,0,-1,0
4,2263,22863025,-8196,-196,481
13,2262,22863047,0,-1,0
4,2264,22873006,-8189,-177,475
13,2263,22873028,-1,1,0
4,2265,22883148,-8179,-191,478
13,2264,22883170,-1,0,1
4,2266,22893292,-8183,-200,473
13,2265,22893314,1,0,1
4,2267,22903322,-8181,-188,486
13,2266,22903344,-2,3,0
4,2268,22913359,-8201,-188,484
13,2267,22913381,-1,1,0
4,2269,22923303,-8191,-188,496
13,2268,22923325,0,0,1
4,2270,22933484,-8184,-193,495
13,2269,22933506,0,-1,0
4,2271,22943478,-8187,-197,488
13,2270,22943500,0,-2,-1
4,2272,22953547,-8185,-189,475
13,2271,22953569,1,2,0
4,2273,22963523,-8187,-185,475
13,2272,22963545,0,3,0
4,2274,22973729,-8187,-194,480
13,2273,22973751,-1,-1,0
4,2275,22983684,-8186,-181,490
13,2274,22983706,0,0,-1
4,2276,22993737,-8189,-186,467
13,2275,22993759,-3,0,0
4,2277,23003811,-8190,-193,479
13,2276,23003833,-1,2,-2
4,2278,23013937,-8178,-186,482
13,2277,23013959,1,1,0
4,2279,23023893,-8184,-189,480
13,2278,23023915,1,0,0
4,2280,23033937,-8186,-188,475
13,2279,23033959,0,3,0
4,2281,23043985,-8179,-186,485
13,2280,23044007,0,1,1
4,2282,23054171,-8181,-197,476
13,2281,23054193,3,0,0
4,2283,23064110,-8191,-191,483
13,2282,23064159,0,0,0
4,2284,23074211,-8185,-184,490
13,2283,23074233,0,0,0
4,2285,23084279,-8182,-181,479
13,2284,23084301,0,-1,-1
4,2286,23094369,-8188,-187,472
13,2285,23094391,-1,0,1
4,2287,23104345,-8189,-197,479
13,2286,23104367,0,-1,0
4,2288,23114413,-8192,-185,483
13,2287,23114435,0,0,0
4,2289,23124424,-8180,-182,481
13,2288,23124446,0,0,-1
4,2290,23134643,-8176,-191,482
13,2289,23134665,0,1,-1
4,2291,23144600,-8179,-188,482
13,2290,23144622,0,1,-1
4,2292,23154637,-8167,-197,475
13,2291,23154659,0,-1,-1
4,2293,23164702,-8188,-198,486
13,2292,23164724,0,0,-1
4,2294,23174853,-8193,-197,487
13,2293,23174902,0,2,0
4,2295,23184831,-8185,-198,476
13,2294,23184853,0,1,0
4,2296,23194952,-8178,-191,468
13,2295,23194974,0,-1,0
4,2297,23205041,-8189,-185,481
13,2296,23205063,1,0,0
4,2298,23215127,-8190,-195,475
13,2297,23215149,0,2,0
4,2299,23225094,-8192,-190,478
13,2298,23225116,-2,0,0
4,2300,23235184,-8179,-191,479
13,2299,23235206,-1,0,0
4,2301,23245112,-8181,-193,489
13,2300,23245134,0,0,0
4,2302,23255288,-8190,-187,486
13,2301,23255310,0,0,0
4,2303,23265230,-8186,-185,482
13,2302,23265252,-1,2,0
4,2304,23275371,-8177,-185,486
13,2303,23275393,0,0,0
4,2305,23285474,-8179,-178,484
13,2304,23285496,1,0,-3
4,2306,23295586,-8178,-188,478
13,2305,23295608,0,0,0
4,2307,23305555,-8183,-194,481
13,2306,23305577,2,0,1
4,2308,23315642,-8182,-187,480
13,2307,23315664,1,0,0
4,2309,23325716,-8184,-200,479
13,2308,23325738,0,1,-1
4,2310,23335796,-8180,-193,490
13,2309,23335818,0,3,0
4,2311,23345836,-8187,-187,476
13,2310,23345858,0,1,-2
4,2312,23355882,-8183,-193,480
13,2311,23355904,2,1,0
4,2313,23365875,-8187,-189,482
13,2312,23365897,3,1,-1
4,2314,23376084,-8169,-189,468
13,2313,23376106,2,0,-3
4,2315,23386034,-8177,-189,477
13,2314,23386056,2,-1,0
4,2316,23396104,-8181,-192,477
13,2315,23396126,-1,0,0
4,2317,23406219,-8169,-191,463
13,2316,23406241,0,1,-1
4,2318,23416190,-8184,-184,474
13,2317,23416212,1,0,-1
4,2319,23426306,-8185,-189,475
13,2318,23426328,0,0,-1
4,2320,23436343,-8167,-197,481
13,2319,23436392,1,0,-1
4,2321,23446453,-8190,-188,474
13,2320,23446475,1,0,0
4,2322,23456571,-8179,-192,470
13,2321,23456593,0,0,0
4,2323,23466498,-8173,-185,483
13,2322,23466520,1,1,0
4,2324,23476592,-8183,-184,484
13,2323,23476614,0,0,-2
4,2325,23486632,-8185,-191,483
13,2324,23486653,0,1,0
4,2326,23496753,-8192,-180,482
13,2325,23496775,0,3,-1
4,2327,23506707,-8176,-192,476
13,2326,23506729,0,2,0
4,2328,23516815,-8185,-184,479
13,2327,23516837,0,2,0
4,2329,23526877,-8195,-194,484
13,2328,23526899,-2,3,0
4,2330,23537032,-8193,-186,469
13,2329,23537054,-1,3,-1
4,2331,23547038,-8188,-177,471
13,2330,23547060,-1,0,1
4,2332,23557049,-8174,-187,489
13,2331,23557071,0,0,0
4,2333,23567138,-8178,-195,487
13,2332,23567160,0,0,-2
4,2334,23577206,-8175,-185,477
13,2333,23577228,0,-1,0
4,2335,23587268,-8197,-184,481
13,2334,23587290,0,0,1
4,2336,23597322,-8190,-189,474
13,2335,23597344,0,3,1
4,2337,23607356,-8185,-202,478
13,2336,23607378,0,0,0
4,2338,23617461,-8193,-189,483
13,2337,23617482,0,0,0
4,2339,23627537,-8187,-190,475
13,2338,23627559,0,-2,0
4,2340,23637550,-8181,-184,476
13,2339,23637571,0,1,0
4,2341,23647602,-8180,-195,480
13,2340,23647624,1,2,-1
4,2342,23657710,-8180,-194,479
13,2341,23657732,1,-2,-2
4,2343,23667784,-8187,-190,473
13,2342,23667806,-1,0,0
4,2344,23677728,-8184,-194,479
13,2343,23677749,1,0,0
4,2345,23687888,-8187,-190,482
13,2344,23687911,0,1,1
4,2346,23698029,-8180,-180,478
13,2345,23698051,0,0,0
4,2347,23708013,-8177,-183,489
13,2346,23708035,0,0,0
4,2348,23718006,-8180,-193,485
13,2347,23718028,0,-2,0
4,2349,23728119,-8185,-183,482
13,2348,23728140,-1,1,-1
4,2350,23738134,-8180,-188,482
13,2349,23738155,0,1,-2
4,2351,23748296,-8186,-196,476
13,2350,23748318,0,1,-2
4,2352,23758268,-8190,-193,484
13,2351,23758290,0,0,0
4,2353,23768298,-8183,-182,473
13,2352,23768320,2,0,0
4,2354,23778502,-8190,-189,480
13,2353,23778524,0,1,1
4,2355,23788445,-8187,-190,485
13,2354,23788467,0,0,0
4,2356,23798526,-8186,-193,460
13,2355,23798548,1,1,0
4,2357,23808510,-8173,-175,471
13,2356,23808532,0,0,0
4,2358,23818712,-8184,-185,478
13,2357,23818734,0,0,0
4,2359,23828700,-8181,-186,479
13,2358,23828722,0,0,0
4,2360,23838754,-8186,-196,480
13,2359,23838776,0,1,-1
4,2361,23848839,-8186,-189,475
13,2360,23848861,0,0,0
4,2362,23858938,-8194,-191,493
13,2361,23858960,0,-1,0
4,2363,23868921,-8185,-200,489
13,2362,23868943,0,1,1
4,2364,23878927,-8183,-191,475
13,2363,23878949,-1,0,2
4,2365,23889094,-8187,-183,478
13,2364,23889116,-1,0,0
4,2366,23899121,-8191,-189,481
13,2365,23899143,1,0,0
4,2367,23909147,-8193,-202,485
13,2366,23909169,0,-2,-1
4,2368,23919162,-8185,-193,489
13,2367,23919184,0,0,1
4,2369,23929270,-8184,-194,478
13,2368,23929292,1,1,1
4,2370,23939457,-8173,-195,471
13,2369,23939479,1,0,2
4,2371,23949345,-8195,-200,478
13,2370,23949367,0,1,1
4,2372,23959455,-8191,-192,487
13,2371,23959477,-2,3,1
4,2373,23969505,-8190,-190,484
13,2372,23969527,0,2,2
4,2374,23979552,-8191,-201,479
13,2373,23979574,0,0,0
4,2375,23989589,-8187,-192,490
13,2374,23989611,0,0,-1
4,2376,23999654,-8191,-180,484
13,2375,23999676,0,-1,-1
4,2377,24009742,-8188,-199,486
13,2376,24009764,0,1,-2
4,2378,24019864,-8191,-180,486
13,2377,24019885,-2,0,-1
4,2379,24029823,-8185,-179,473
13,2378,24029845,0,1,-1
4,2380,24039867,-8178,-187,476
13,2379,24039889,1,0,0
4,2381,24049913,-8184,-193,483
13,2380,24049935,-1,0,0
4,2382,24060035,-8185,-183,487
13,2381,24060057,0,1,0
4,2383,24070075,-8172,-189,495
13,2382,24070097,0,0,-1
4,2384,24080144,-8188,-196,481
13,2383,24080166,0,2,1
4,2385,24090230,-8186,-183,466
13,2384,24090252,0,0,0
4,2386,24100274,-8184,-195,481
13,2385,24100296,0,-1,0
4,2387,24110333,-8178,-184,491
13,2386,24110355,0,0,-2
4,2388,24120312,-8182,-179,481
13,2387,24120334,0,0,-3
4,2389,24130454,-8177,-183,473
13,2388,24130475,-1,0,0
4,2390,24140422,-8185,-194,474
13,2389,24140444,0,0,-1
4,2391,24150521,-8173,-189,473
13,2390,24150543,0,3,0
4,2392,24160555,-8188,-197,467
13,2391,24160577,2,0,0
4,2393,24170623,-8188,-193,484
13,2392,24170645,0,0,-1
4,2394,24180844,-8181,-188,479
13,2393,24180866,-1,-1,-4
4,2395,24190787,-8179,-197,473
13,2394,24190809,1,-1,-1
4,2396,24200735,-8187,-194,483
13,2395,24200757,1,-4,-1
4,2397,24210849,-8185,-188,480
13,2396,24210871,0,0,0
4,2398,24220905,-8191,-183,490
13,2397,24220927,-2,1,0
4,2399,24230942,-8180,-193,476
13,2398,24230964,0,2,0
4,2400,24240994,-8163,-195,486
13,2399,24241016,0,-1,-3
4,2401,24251051,-8180,-192,481
13,2400,24251073,-1,-1,0
4,2402,24261260,-8178,-192,477
13,2401,24261282,3,0,-2
4,2403,24271175,-8180,-195,478
13,2402,24271197,1,3,0
4,2404,24281218,-8177,-191,482
13,2403,24281240,-1,1,-1
4,2405,24291288,-8181,-186,482
13,2404,24291310,0,0,0
4,2406,24301370,-8186,-190,471
13,2405,24301392,1,0,-1
4,2407,24311400,-8185,-192,479
13,2406,24311449,0,-1,0
4,2408,24321458,-8178,-189,481
13,2407,24321480,1,0,1
4,2409,24331546,-8186,-182,480
13,2408,24331568,0,0,0
4,2410,24341653,-8198,-187,479
13,2409,24341675,1,0,0
4,2411,24351620,-8191,-197,485
13,2410,24351642,0,0,-2
4,2412,24361709,-8186,-193,479
13,2411,24361731,0,0,0
4,2413,24371670,-8176,-181,478
13,2412,24371692,-1,0,-1
4,2414,24381866,-8191,-181,480
13,2413,24381888,0,0,-2
4,2415,24391771,-8183,-198,481
13,2414,24391793,0,0,0
4,2416,24401941,-8173,-202,478
13,2415,24401963,0,2,0
4,2417,24411991,-8186,-198,493
13,2416,24412013,0,0,0
4,2418,24422095,-8189,-185,483
13,2417,24422144,0,0,1
4,2419,24432038,-8178,-184,482
13,2418,24432060,1,2,0
4,2420,24442139,-8184,-182,481
13,2419,24442161,0,0,0
4,2421,24452168,-8176,-193,482
13,2420,24452190,0,-1,-1
4,2422,24462274,-8174,-189,476
13,2421,24462296,0,1,0
4,2423,24472283,-8178,-191,489
13,2422,24472305,0,1,0
4,2424,24482298,-8185,-187,495
13,2423,24482320,0,-2,0
4,2425,24492395,-8186,-188,486
13,2424,24492417,0,-2,0
4,2426,24502472,-8198,-201,493
13,2425,24502494,0,0,0
4,2427,24512486,-8191,-188,473
13,2426,24512508,1,-1,1
4,2428,24522481,-8180,-192,473
13,2427,24522503,2,-2,0
4,2429,24532574,-8174,-201,483
13,2428,24532596,0,1,1
4,2430,24542687,-8176,-193,479
13,2429,24542709,0,2,0
4,2431,24552711,-8187,-186,491
13,2430,24552733,0,0,1
4,2432,24562795,-8182,-190,484
13,2431,24562817,0,-1,0
4,2433,24572921,-8184,-188,467
13,2432,24572943,0,2,0
4,2434,24583018,-8176,-191,487
13,2433,24583040,0,1,0
4,2435,24592973,-8177,-191,489
13,2434,24592995,1,0,0
4,2436,24602987,-8190,-182,480
13,2435,24603009,0,0,1
4,2437,24613109,-8192,-190,490
13,2436,24613130,-3,0,0
4,2438,24623171,-8187,-195,492
13,2437,24623193,0,2,-1
4,2439,24633186,-8183,-191,487
13,2438,24633208,1,0,2
4,2440,24643258,-8184,-189,481
13,2439,24643280,-2,-2,0
4,2441,24653261,-8196,-190,490
13,2440,24653283,0,0,-1
4,2442,24663466,-8191,-188,490
13,2441,24663488,0,0,0
4,2443,24673469,-8183,-193,494
13,2442,24673491,0,0,0
4,2444,24683477,-8183,-188,475
13,2443,24683526,1,0,-1
4,2445,24693585,-8184,-195,480
13,2444,24693607,0,-1,0
4,2446,24703645,-8185,-181,484
13,2445,24703667,1,1,1
4,2447,24713700,-8189,-193,475
13,2446,24713722,2,1,-1
4,2448,24723734,-8188,-185,465
13,2447,24723756,0,0,-1
4,2449,24733823,-8198,-191,476
13,2448,24733845,0,1,0
4,2450,24743968,-8181,-188,485
13,2449,24743990,2,2,-1
4,2451,24753911,-8175,-180,478
13,2450,24753933,0,2,-1
4,2452,24763965,-8191,-186,478
13,2451,24763987,1,0,0
4,2453,24774046,-8191,-193,483
13,2452,24774068,0,2,0
4,2454,24784187,-8181,-190,479
13,2453,24784209,0,0,0
4,2455,24794159,-8182,-189,475
13,2454,24794181,2,0,0
4,2456,24804220,-8190,-200,466
13,2455,24804242,0,-1,0
4,2457,24814380,-8182,-192,479
13,2456,24814402,0,-2,0
4,2458,24824420,-8177,-189,482
13,2457,24824442,1,-3,0
4,2459,24834441,-8178,-193,477
13,2458,24834463,0,0,0
4,2460,24844502,-8193,-190,481
13,2459,24844524,-1,2,0
4,2461,24854507,-8176,-190,485
13,2460,24854529,0,0,0
4,2462,24864612,-8188,-193,481
13,2461,24864634,-2,-1,-1
4,2463,24874649,-8189,-188,482
13,2462,24874670,-1,-1,-1
4,2464,24884770,-8178,-192,472
13,2463,24884792,1,1,0
4,2465,24894712,-8185,-183,485
13,2464,24894734,0,2,-1
4,2466,24905019,-8191,-189,485
13,2465,24905041,0,0,-1
4,2467,24914891,-8183,-189,489
13,2466,24914913,-1,0,0
4,2468,24924917,-8189,-187,485
13,2467,24924939,0,2,-2
4,2469,24935116,-8183,-191,470
13,2468,24935138,0,1,-1
4,2470,24945081,-8189,-194,480
13,2469,24945103,-1,0,1
4,2471,24955190,-8192,-206,482
13,2470,24955212,1,-2,1
4,2472,24965234,-8177,-195,474
13,2471,24965256,0,-1,0
4,2473,24975287,-8183,-188,485
13,2472,24975309,0,0,-1
4,2474,24985408,-8175,-189,480
13,2473,24985430,1,0,0
4,2475,24995395,-8180,-188,483
13,2474,24995417,0,1,1
4,2476,25005523,-8189,-192,473
13,2475,25005545,0,2,-2
4,2477,25015576,-8182,-183,487
13,2476,25015598,1,0,-1
4,2478,25025632,-8181,-186,492
13,2477,25025654,1,-1,0
4,2479,25035601,-8182,-185,479
13,2478,25035623,0,0,0
4,2480,25045798,-8196,-184,483
13,2479,25045820,1,-1,1
4,2481,25055826,-8188,-194,474
13,2480,25055848,0,-1,1
4,2482,25065926,-8182,-196,485
13,2481,25065948,0,1,0
4,2483,25075997,-8182,-194,479
13,2482,25076019,0,3,0
4,2484,25086006,-8187,-206,471
13,2483,25086028,0,0,0
4,2485,25096099,-8181,-192,483
13,2484,25096121,0,0,0
4,2486,25106156,-8182,-193,473
13,2485,25106178,1,0,-1
4,2487,25116160,-8178,-193,476
13,2486,25116182,0,2,0
4,2488,25126221,-8191,-194,480
13,2487,25126243,0,2,0
4,2489,25136363,-8182,-194,480
13,2488,25136385,0,3,-1
4,2490,25146444,-8186,-186,482
13,2489,25146466,1,0,0
4,2491,25156355,-8191,-190,474
13,2490,25156377,2,0,0
4,2492,25166484,-8184,-188,462
13,2491,25166506,0,0,0
4,2493,25176575,-8186,-190,475
13,2492,25176624,0,-1,-1
4,2494,25186704,-8191,-185,490
13,2493,25186726,0,0,-2
4,2495,25196672,-8182,-189,487
13,2494,25196694,0,-1,-1
4,2496,25206756,-8187,-182,477
13,2495,25206778,0,0,1
4,2497,25216788,-8187,-190,482
13,2496,25216810,0,2,-1
4,2498,25226898,-8183,-190,478
13,2497,25226920,0,0,0
4,2499,25236850,-8182,-195,468
13,2498,25236872,0,1,1
4,2500,25246914,-8171,-196,486
13,2499,25246936,1,3,0
4,2501,25257002,-8180,-190,499
13,2500,25257024,1,1,-1
4,2502,25266998,-8191,-189,495
13,2501,25267020,0,1,0
4,2503,25277110,-8194,-180,477
13,2502,25277132,0,1,0
4,2504,25287118,-8191,-192,473
13,2503,25287140,1,2,1
4,2505,25297183,-8168,-192,480
13,2504,25297205,0,1,-2
4,2506,25307366,-8178,-188,487
13,2505,25307388,0,0,0
4,2507,25317307,-8176,-185,479
13,2506,25317329,0,0,2
4,2508,25327371,-8184,-184,483
13,2507,25327393,0,0,0
4,2509,25337437,-8189,-192,492
13,2508,25337459,0,-1,0
4,2510,25347508,-8190,-189,480
13,2509,25347530,0,-2,0
4,2511,25357522,-8194,-181,482
13,2510,25357544,-1,2,0
4,2512,25367507,-8193,-189,482
13,2511,25367529,0,0,0
4,2513,25377650,-8183,-188,485
13,2512,25377672,1,0,0
4,2514,25387776,-8193,-184,485
13,2513,25387798,0,2,0
4,2515,25397806,-8181,-189,485
13,2514,25397828,-2,0,0
4,2516,25407755,-8186,-186,486
13,2515,25407777,0,1,0
4,2517,25417845,-8192,-186,488
13,2516,25417867,2,0,0
4,2518,25427971,-8175,-183,490
13,2517,25428020,1,-1,0
4,2519,25437902,-8191,-192,481
13,2518,25437924,0,0,0
4,2520,25448058,-8187,-188,476
13,2519,25448080,0,3,0
4,2521,25458131,-8183,-184,484
13,2520,25458153,0,-2,-2
4,2522,25468274,-8175,-187,480
13,2521,25468296,3,0,0
4,2523,25478256,-8183,-185,480
13,2522,25478278,0,0,0
4,2524,25488183,-8188,-199,486
13,2523,25488204,0,0,-2
4,2525,25498303,-8193,-195,478
13,2524,25498325,0,0,0
4,2526,25508393,-8186,-182,464
13,2525,25508415,0,-1,0
4,2527,25518435,-8186,-185,475
13,2526,25518457,1,3,0
4,2528,25528404,-8180,-181,483
13,2527,25528426,0,2,-1
4,2529,25538525,-8180,-191,484
13,2528,25538547,0,3,-1
4,2530,25548724,-8180,-188,470
13,2529,25548746,0,2,0
4,2531,25558641,-8188,-179,476
13,2530,25558690,-2,0,1
4,2532,25568732,-8198,-190,483
13,2531,25568754,0,-1,-2
4,2533,25578807,-8189,-196,473
13,2532,25578829,2,1,1
4,2534,25588863,-8186,-185,476
13,2533,25588885,0,0,0
4,2535,25598861,-8186,-185,486
13,2534,25598883,-1,0,0
4,2536,25608875,-8182,-195,471
13,2535,25608897,0,2,0
4,2537,25618985,-8181,-186,480
13,2536,25619007,0,1,-1
4,2538,25629120,-8189,-190,489
13,2537,25629142,0,2,-1
4,2539,25639088,-8190,-193,485
13,2538,25639110,0,1,0
4,2540,25649141,-8191,-187,481
13,2539,25649163,0,-1,0
4,2541,25659200,-8181,-187,481
13,2540,25659222,0,3,2
4,2542,25669223,-8184,-186,482
13,2541,25669245,-1,0,0
4,2543,25679271,-8186,-189,488
13,2542,25679293,0,-1,-2
4,2544,25689295,-8187,-190,484
13,2543,25689344,-1,0,0
4,2545,25699418,-8182,-188,471
13,2544,25699440,0,2,0
4,2546,25709559,-8177,-176,478
13,2545,25709581,-2,0,0
4,2547,25719506,-8188,-183,486
13,2546,25719528,1,1,0
4,2548,25729574,-8177,-195,481
13,2547,25729596,2,2,0
4,2549,25739674,-8179,-189,482
13,2548,25739696,1,2,0
4,2550,25749705,-8187,-194,486
13,2549,25749727,0,0,-1
4,2551,25759782,-8185,-192,489
13,2550,25759804,0,2,0
4,2552,25769831,-8188,-194,487
13,2551,25769853,0,-1,-2
4,2553,25779860,-8183,-189,469
13,2552,25779882,2,2,0
4,2554,25790000,-8176,-188,471
13,2553,25790022,0,1,0
4,2555,25800006,-8182,-193,484
13,2554,25800055,0,1,-1
4,2556,25809970,-8187,-187,477
13,2555,25809992,1,2,0
4,2557,25820075,-8185,-189,481
13,2556,25820097,-1,0,0
4,2558,25830115,-8191,-191,482
13,2557,25830137,0,0,-1
4,2559,25840179,-8192,-183,476
13,2558,25840201,0,0,1
4,2560,25850258,-8182,-177,486
13,2559,25850280,0,0,0
4,2561,25860263,-8185,-189,487
13,2560,25860285,0,0,0
4,2562,25870411,-8176,-188,478
13,2561,25870433,0,0,0
4,2563,25880367,-8184,-189,488
13,2562,25880389,0,0,-1
4,2564,25890404,-8184,-188,482
13,2563,25890426,0,3,0
4,2565,25900485,-8177,-186,470
13,2564,25900507,0,1,2
4,2566,25910556,-8190,-189,470
13,2565,25910578,0,2,0
4,2567,25920593,-8188,-186,477
13,2566,25920615,2,3,0
4,2568,25930550,-8190,-190,477
13,2567,25930572,0,0,0
4,2569,25940730,-8184,-200,480
13,2568,25940752,-1,0,0
4,2570,25950829,-8179,-188,497
13,2569,25950851,0,1,1
4,2571,25960788,-8190,-187,483
13,2570,25960810,0,2,0
4,2572,25970897,-8184,-194,478
13,2571,25970918,0,0,0
4,2573,25980846,-8176,-193,479
13,2572,25980868,0,0,-1
4,2574,25990998,-8181,-185,475
13,2573,25991020,0,1,1
4,2575,26000990,-8192,-201,474
13,2574,26001012,2,1,2
4,2576,26011036,-8193,-196,478
13,2575,26011058,3,0,0
4,2577,26021091,-8175,-191,485
13,2576,26021113,0,1,0
4,2578,26031191,-8181,-191,477
13,2577,26031213,0,2,0
4,2579,26041228,-8187,-189,484
13,2578,26041249,-1,1,0
4,2580,26051269,-8180,-190,484
13,2579,26051291,-1,0,-1
4,2581,26061361,-8191,-179,473
13,2580,26061383,0,1,0
4,2582,26071379,-8191,-189,469
13,2581,26071401,0,3,0
4,2583,26081457,-8187,-198,478
13,2582,26081479,-3,2,0
4,2584,26091517,-8180,-194,479
13,2583,26091539,0,1,0
4,2585,26101564,-8189,-187,481
13,2584,26101586,0,0,0
4,2586,26111755,-8187,-196,488
13,2585,26111777,0,-2,0
4,2587,26121664,-8189,-204,481
13,2586,26121686,-1,-1,0
4,2588,26131722,-8178,-204,490
13,2587,26131744,-1,-1,1
4,2589,26141764,-8176,-186,471
13,2588,26141786,0,-1,0
4,2590,26151872,-8181,-186,471
13,2589,26151894,2,1,-1
4,2591,26161887,-8196,-207,488
13,2590,26161909,0,0,-1
4,2592,26171953,-8179,-201,477
13,2591,26171975,0,1,0
4,2593,26181941,-8183,-183,478
13,2592,26181963,-1,0,0
4,2594,26192235,-8185,-188,478
13,2593,26192257,0,0,-1
4,2595,26202148,-8173,-181,484
13,2594,26202170,0,1,-1
4,2596,26212189,-8178,-193,479
13,2595,26212211,-1,0,0
4,2597,26222265,-8182,-191,476
13,2596,26222287,0,0,0
4,2598,26232373,-8177,-186,481
13,2597,26232395,2,-2,2
4,2599,26242290,-8180,-190,470
13,2598,26242312,0,2,0
4,2600,26252390,-8188,-193,484
13,2599,26252412,3,2,0
4,2601,26262451,-8188,-196,487
13,2600,26262473,1,0,1
4,2602,26272618,-8187,-204,472
13,2601,26272640,0,0,0
4,2603,26282486,-8192,-188,469
13,2602,26282508,0,1,-1
4,2604,26292602,-8187,-189,485
13,2603,26292624,0,-1,-1
4,2605,26302597,-8183,-184,485
13,2604,26302619,0,2,0
4,2606,26312847,-8177,-188,486
13,2605,26312869,2,2,0
4,2607,26322824,-8183,-186,479
13,2606,26322846,0,0,0
4,2608,26332806,-8187,-185,468
13,2607,26332828,1,-2,0
4,2609,26342930,-8186,-183,480
13,2608,26342952,1,2,0
4,2610,26353044,-8193,-185,479
13,2609,26353066,0,3,-3
4,2611,26363016,-8183,-191,481
13,2610,26363038,-1,-2,2
4,2612,26373014,-8193,-187,477
13,2611,26373036,0,-2,0
4,2613,26383123,-8192,-189,486
13,2612,26383145,0,0,-1
4,2614,26393222,-8188,-186,468
13,2613,26393244,0,0,-2
4,2615,26403252,-8176,-184,472
13,2614,26403274,2,-1,0
4,2616,26413309,-8185,-193,490
13,2615,26413331,3,0,1
4,2617,26423376,-8193,-200,481
13,2616,26423398,0,-1,0
4,2618,26433550,-8176,-193,480
13,2617,26433572,-2,-1,-1
4,2619,26443452,-8188,-202,492
13,2618,26443474,0,2,0
4,2620,26453595,-8184,-190,485
13,2619,26453617,0,0,3
4,2621,26463630,-8184,-180,483
13,2620,26463652,0,0,0
4,2622,26473666,-8185,-192,484
13,2621,26473688,1,1,0
4,2623,26483659,-8188,-191,488
13,2622,26483681,0,0,0
4,2624,26493755,-8181,-190,480
13,2623,26493777,-1,0,1
4,2625,26503816,-8180,-180,484
13,2624,26503838,0,4,0
4,2626,26513894,-8191,-185,477
13,2625,26513916,1,1,1
4,2627,26523893,-8191,-179,477
13,2626,26523915,0,0,1
4,2628,26533984,-8195,-187,487
13,2627,26534006,-1,-2,0
4,2629,26543963,-8182,-190,474
13,2628,26543985,0,-2,-1
4,2630,26554099,-8193,-196,479
13,2629,26554148,0,0,-1
4,2631,26564139,-8187,-179,479
13,2630,26564161,0,0,-1
4,2632,26574215,-8181,-193,497
13,2631,26574237,1,0,0
4,2633,26584285,-8174,-200,490
13,2632,26584307,0,0,0
4,2634,26594405,-8194,-187,481
13,2633,26594427,0,-1,0
4,2635,26604360,-8190,-187,482
13,2634,26604382,0,0,-2
4,2636,26614419,-8182,-194,484
13,2635,26614440,0,2,2
4,2637,26624464,-8185,-198,489
13,2636,26624486,1,2,1
4,2638,26634545,-8183,-188,485
13,2637,26634567,-1,2,-1
4,2639,26644596,-8187,-187,483
13,2638,26644618,1,0,0
4,2640,26654667,-8185,-189,473
13,2639,26654689,1,0,-2
4,2641,26664638,-8173,-184,476
13,2640,26664660,-3,-2,-1
4,2642,26674935,-8181,-184,480
13,2641,26674957,-1,1,0
4,2643,26684802,-8186,-182,477
13,2642,26684852,-1,1,0
4,2644,26694951,-8182,-187,475
13,2643,26694973,-1,0,0
4,2645,26704892,-8179,-192,483
13,2644,26704914,1,1,1
4,2646,26715033,-8188,-191,485
13,2645,26715055,0,2,-2
4,2647,26725047,-8184,-184,477
13,2646,26725069,0,1,0
4,2648,26735088,-8187,-191,482
13,2647,26735110,3,-1,0
4,2649,26745241,-8191,-200,482
13,2648,26745263,2,0,-1
4,2650,26755352,-8182,-184,484
13,2649,26755374,-2,1,0
4,2651,26765219,-8179,-191,471
13,2650,26765241,0,0,0
4,2652,26775338,-8186,-186,471
13,2651,26775359,1,1,-1
4,2653,26785334,-8179,-190,475
13,2652,26785356,0,0,-1
4,2654,26795480,-8176,-170,483
13,2653,26795502,0,0,0
4,2655,26805507,-8174,-189,489
13,2654,26805529,1,0,0
4,2656,26815625,-8185,-193,482
13,2655,26815647,0,0,0
4,2657,26825698,-8192,-196,479
13,2656,26825720,0,2,0
4,2658,26835841,-8184,-182,499
13,2657,26835863,0,-1,0
4,2659,26845768,-8181,-198,483
13,2658,26845790,0,1,1
4,2660,26855813,-8184,-193,459
13,2659,26855835,0,-1,-2
4,2661,26865867,-8184,-189,472
13,2660,26865889,0,0,0
4,2662,26875956,-8185,-194,478
13,2661,26875978,0,0,0
4,2663,26885998,-8179,-183,472
13,2662,26886020,2,1,0
4,2664,26896035,-8177,-185,469
13,2663,26896057,1,0,0
4,2665,26906115,-8185,-181,477
13,2664,26906137,0,-2,1
4,2666,26916230,-8195,-190,484
13,2665,26916252,-1,0,0
4,2667,26926263,-8177,-194,481
13,2666,26926312,0,-2,0
4,2668,26936196,-8176,-185,479
13,2667,26936218,0,-2,0
4,2669,26946388,-8174,-185,480
13,2668,26946410,1,0,-2
4,2670,26956373,-8180,-186,484
13,2669,26956395,-1,0,-3
4,2671,26966490,-8181,-200,481
13,2670,26966512,0,-1,0
4,2672,26976537,-8182,-193,473
13,2671,26976559,0,2,0
4,2673,26986521,-8184,-197,478
13,2672,26986543,0,1,-2
4,2674,26996707,-8186,-180,467
13,2673,26996728,1,1,0
4,2675,27006659,-8172,-188,474
13,2674,27006681,0,-1,-1
4,2676,27016709,-8175,-198,483
13,2675,27016731,0,0,-1
4,2677,27026790,-8186,-181,490
13,2676,27026812,2,-1,0
4,2678,27036870,-8179,-182,498
13,2677,27036892,-1,-2,1
4,2679,27046823,-8181,-194,491
13,2678,27046845,0,-2,1
4,2680,27056929,-8184,-188,479
13,2679,27056951,1,0,0
4,2681,27066993,-8184,-191,478
13,2680,27067015,1,1,-1
4,2682,27077168,-8189,-199,485
13,2681,27077190,0,-1,0
4,2683,27087085,-8181,-185,492
13,2682,27087107,0,0,0
4,2684,27097214,-8196,-187,486
13,2683,27097236,0,-1,0
4,2685,27107219,-8184,-192,478
13,2684,27107241,1,0,0
4,2686,27117333,-8179,-192,477
13,2685,27117355,0,-1,1
4,2687,27127316,-8192,-175,486
13,2686,27127338,0,0,-1
4,2688,27137472,-8178,-183,489
13,2687,27137494,-1,2,0
4,2689,27147438,-8179,-196,484
13,2688,27147460,0,0,0
4,2690,27157602,-8184,-180,484
13,2689,27157624,0,0,0
4,2691,27167521,-8182,-190,480
13,2690,27167543,0,0,1
4,2692,27177677,-8177,-188,476
13,2691,27177727,2,0,0
4,2693,27187717,-8185,-182,489
13,2692,27187739,1,0,0
4,2694,27197789,-8199,-179,492
13,2693,27197811,1,0,-1
4,2695,27207814,-8181,-193,480
13,2694,27207836,2,-3,-1
4,2696,27217819,-8182,-192,475
13,2695,27217841,2,0,1
4,2697,27227928,-8184,-189,484
13,2696,27227950,1,0,0
4,2698,27238119,-8190,-189,476
13,2697,27238140,1,-1,-1
4,2699,27248001,-8177,-189,477
13,2698,27248023,-1,1,-1
4,2700,27258089,-8184,-188,478
13,2699,27258110,1,1,-2
4,2701,27268120,-8176,-182,482
13,2700,27268142,0,1,0
4,2702,27278207,-8187,-177,490
13,2701,27278229,0,-1,0
4,2703,27288245,-8188,-182,479
13,2702,27288267,0,-3,0
4,2704,27298331,-8188,-186,477
13,2703,27298353,1,1,0
4,2705,27308354,-8193,-183,494
13,2704,27308403,0,0,0
4,2706,27318498,-8194,-189,486
13,2705,27318520,1,0,-3
4,2707,27328471,-8195,-191,466
13,2706,27328493,0,0,0
4,2708,27338522,-8178,-190,475
13,2707,27338544,1,1,0
4,2709,27348615,-8189,-186,485
13,2708,27348637,0,1,0
4,2710,27358669,-8198,-190,490
13,2709,27358691,0,0,0
4,2711,27368673,-8189,-193,485
13,2710,27368695,0,-2,-1
4,2712,27378775,-8184,-190,477
13,2711,27378797,2,-2,-1
4,2713,27388730,-8170,-189,475
13,2712,27388752,1,0,0
4,2714,27398943,-8186,-186,483
13,2713,27398965,0,2,0
4,2715,27408900,-8193,-190,484
13,2714,27408922,0,0,-1
4,2716,27418876,-8190,-190,481
13,2715,27418898,-1,-1,-3
4,2717,27429002,-8188,-179,483
13,2716,27429023,1,0,-5
4,2718,27439102,-8180,-180,481
13,2717,27439124,0,-1,0
4,2719,27449245,-8192,-194,484
13,2718,27449267,0,0,1
4,2720,27459137,-8193,-184,485
13,2719,27459159,4,-1,0
4,2721,27469313,-8192,-179,493
13,2720,27469335,1,-1,-1
4,2722,27479392,-8191,-181,479
13,2721,27479414,0,0,0
4,2723,27489307,-8180,-197,470
13,2722,27489329,0,0,-1
4,2724,27499490,-8185,-185,480
13,2723,27499512,0,-1,0
4,2725,27509438,-8185,-190,468
13,2724,27509460,0,-1,-1
4,2726,27519609,-8179,-195,482
13,2725,27519631,1,-1,-3
4,2727,27529612,-8177,-190,489
13,2726,27529634,0,-2,-1
4,2728,27539676,-8194,-189,496
13,2727,27539697,4,-2,0
4,2729,27549733,-8197,-199,482
13,2728,27549755,1,-1,0
4,2730,27559885,-8188,-186,481
13,2729,27559907,0,-4,-2
4,2731,27569924,-8186,-181,480
13,2730,27569946,1,-2,0
4,2732,27579967,-8175,-184,478
13,2731,27579989,1,0,0
4,2733,27589978,-8174,-193,476
13,2732,27590000,0,-1,-1
4,2734,27599984,-8176,-200,478
13,2733,27600006,-1,0,0
4,2735,27610105,-8185,-203,480
13,2734,27610127,-2,0,0
4,2736,27620167,-8185,-190,478
13,2735,27620189,0,1,0
4,2737,27630087,-8170,-190,480
13,2736,27630109,0,0,-1
4,2738,27640367,-8183,-186,470
13,2737,27640389,0,-1,-2
4,2739,27650280,-8194,-185,483
13,2738,27650302,1,-2,1
4,2740,27660316,-8180,-188,478
13,2739,27660338,0,2,1
4,2741,27670392,-8176,-189,479
13,2740,27670414,1,1,-2
4,2742,27680521,-8182,-178,476
13,2741,27680543,0,0,-2
4,2743,27690568,-8190,-190,478
13,2742,27690590,1,0,0
4,2744,27700644,-8182,-192,484
13,2743,27700666,0,0,1
4,2745,27710703,-8185,-189,494
13,2744,27710725,-1,0,2
4,2746,27720771,-8188,-195,474
13,2745,27720793,0,2,0
4,2747,27730760,-8183,-192,488
13,2746,27730782,0,-1,0
4,2748,27740910,-8181,-195,484
13,2747,27740932,0,0,-2
4,2749,27750933,-8181,-190,476
13,2748,27750955,0,-1,0
4,2750,27761008,-8181,-184,475
13,2749,27761030,0,0,0
4,2751,27771061,-8176,-186,488
13,2750,27771083,0,1,-1
4,2752,27781099,-8190,-184,478
13,2751,27781121,1,0,0
4,2753,27791142,-8203,-195,473
13,2752,27791163,1,1,-1
4,2754,27801340,-8188,-193,486
13,2753,27801362,0,2,-2
4,2755,27811289,-8190,-183,482
13,2754,27811311,0,0,-1
4,2756,27821398,-8179,-193,485
13,2755,27821420,0,-2,0
4,2757,27831364,-8181,-190,484
13,2756,27831386,0,-2,0
4,2758,27841473,-8185,-190,478
13,2757,27841495,1,-2,0
4,2759,27851497,-8173,-188,476
13,2758,27851519,1,-2,0
4,2760,27861538,-8195,-189,484
13,2759,27861560,0,0,-3
4,2761,27871624,-8183,-185,486
13,2760,27871646,0,0,-1
4,2762,27881767,-8174,-185,499
13,2761,27881789,0,-1,0
4,2763,27891724,-8178,-202,486
13,2762,27891746,0,-3,0
4,2764,27901789,-8198,-186,474
13,2763,27901811,0,0,-1
4,2765,27911869,-8180,-184,488
13,2764,27911891,0,2,0
4,2766,27921962,-8190,-190,492
13,2765,27921984,0,0,0
4,2767,27931910,-8187,-191,483
13,2766,27931932,0,1,1
4,2768,27942048,-8189,-194,498
13,2767,27942070,0,0,1
4,2769,27952140,-8183,-192,482
13,2768,27952162,0,-2,-1
4,2770,27962293,-8190,-185,478
13,2769,27962315,0,-1,-1
4,2771,27972199,-8194,-191,494
13,2770,27972221,0,-2,-1
4,2772,27982273,-8196,-185,487
13,2771,27982295,0,-1,0
4,2773,27992348,-8191,-189,486
13,2772,27992370,-1,0,0
4,2774,28002364,-8173,-186,492
13,2773,28002386,0,0,0
4,2775,28012434,-8182,-180,483
13,2774,28012456,0,0,0
4,2776,28022523,-8196,-195,480
13,2775,28022544,-1,-1,0
4,2777,28032645,-8178,-196,474
13,2776,28032667,0,-1,0
4,2778,28042818,-8172,-174,483
13,2777,28042840,0,0,-1
4,2779,28052635,-8178,-191,475
13,2778,28052657,0,0,-2
4,2780,28062796,-8192,-194,469
13,2779,28062818,0,0,0
4,2781,28072838,-8188,-188,465
13,2780,28072860,0,1,2
4,2782,28082937,-8180,-192,468
13,2781,28082959,0,0,0
4,2783,28092926,-8180,-188,480
13,2782,28092948,0,0,0
4,2784,28103003,-8185,-196,483
13,2783,28103025,1,-1,-1
4,2785,28113072,-8184,-186,480
13,2784,28113094,0,-2,0
4,2786,28123214,-8189,-182,480
13,2785,28123236,0,-1,0
4,2787,28133172,-8187,-189,484
13,2786,28133194,1,-1,-1
4,2788,28143272,-8179,-192,485
13,2787,28143294,0,1,0
4,2789,28153292,-8184,-183,479
13,2788,28153314,0,1,0
4,2790,28163417,-8182,-187,478
13,2789,28163439,0,-3,-1
4,2791,28173372,-8182,-179,484
13,2790,28173394,-2,0,-2
4,2792,28183484,-8181,-188,466
13,2791,28183533,-1,1,-2
4,2793,28193597,-8176,-185,476
13,2792,28193619,0,-2,0
4,2794,28203756,-8183,-189,481
13,2793,28203778,0,-2,0
4,2795,28213690,-8194,-188,492
13,2794,28213712,2,-1,-1
4,2796,28223765,-8192,-188,491
13,2795,28223787,1,0,-1
4,2797,28233779,-8186,-186,484
13,2796,28233801,0,1,0
4,2798,28243902,-8189,-184,486
13,2797,28243924,-1,1,0
4,2799,28253907,-8180,-185,482
13,2798,28253929,-1,-2,0
4,2800,28264003,-8189,-184,477
13,2799,28264025,0,-1,-1
4,2801,28274074,-8187,-174,484
13,2800,28274096,0,-1,-1
4,2802,28284209,-8190,-184,488
13,2801,28284231,0,-2,1
4,2803,28294187,-8180,-189,495
13,2802,28294209,-2,2,1
4,2804,28304337,-8177,-187,483
13,2803,28304359,-2,0,0
4,2805,28314352,-8176,-189,479
13,2804,28314374,2,-3,0
4,2806,28324510,-8185,-183,479
13,2805,28324532,0,-1,0
4,2807,28334522,-8182,-183,482
13,2806,28334544,-1,-2,-2
4,2808,28344525,-8184,-186,484
13,2807,28344547,1,-2,-1
4,2809,28354561,-8179,-174,486
13,2808,28354583,1,0,1
4,2810,28364757,-8187,-182,474
13,2809,28364779,0,1,0
4,2811,28374617,-8187,-188,477
13,2810,28374639,1,0,0
4,2812,28384737,-8184,-186,483
13,2811,28384759,0,0,0
4,2813,28394744,-8181,-187,467
13,2812,28394766,0,-2,-1
4,2814,28404878,-8186,-195,468
13,2813,28404900,0,-2,0
4,2815,28414974,-8187,-180,487
13,2814,28414996,0,0,2
4,2816,28424990,-8196,-183,487
13,2815,28425012,0,0,-2
4,2817,28435051,-8180,-187,475
13,2816,28435100,0,0,0
4,2818,28445239,-8186,-182,470
13,2817,28445261,0,2,0
4,2819,28455210,-8193,-194,491
13,2818,28455232,0,0,0
4,2820,28465264,-8191,-195,483
13,2819,28465286,0,0,-1
4,2821,28475301,-8184,-186,477
13,2820,28475323,1,0,0
4,2822,28485394,-8180,-191,468
13,2821,28485416,0,0,-1
4,2823,28495365,-8195,-193,489
13,2822,28495387,-1,-2,0
4,2824,28505462,-8198,-176,489
13,2823,28505484,0,0,1
4,2825,28515576,-8197,-181,486
13,2824,28515598,1,0,3
4,2826,28525709,-8188,-189,483
13,2825,28525731,0,0,1
4,2827,28535724,-8187,-199,483
13,2826,28535746,-1,-2,1
4,2828,28545661,-8182,-201,479
13,2827,28545683,0,-2,-2
4,2829,28555792,-8181,-188,477
13,2828,28555814,1,0,-3
4,2830,28565917,-8196,-194,494
13,2829,28565939,0,0,0
4,2831,28575942,-8174,-191,477
13,2830,28575964,0,0,1
4,2832,28586006,-8182,-185,488
13,2831,28586028,0,2,1
4,2833,28596008,-8181,-194,479
13,2832,28596030,1,2,-1
4,2834,28606189,-8190,-180,475
13,2833,28606210,-1,0,0
4,2835,28616130,-8187,-192,488
13,2834,28616152,0,2,0
4,2836,28626207,-8174,-186,492
13,2835,28626229,0,1,0
4,2837,28636205,-8178,-191,471
13,2836,28636227,0,0,2
4,2838,28646356,-8189,-190,484
13,2837,28646378,1,0,0
4,2839,28656394,-8176,-193,479
13,2838,28656416,0,0,-2
4,2840,28666424,-8179,-189,494
13,2839,28666446,-3,0,-1
4,2841,28676618,-8173,-186,483
13,2840,28676640,0,1,1
4,2842,28686692,-8177,-201,485
13,2841,28686714,2,0,1
4,2843,28696637,-8185,-194,482
13,2842,28696659,0,0,1
4,2844,28706703,-8187,-190,480
13,2843,28706725,-2,0,1
4,2845,28716740,-8176,-190,477
13,2844,28716762,0,0,0
4,2846,28726832,-8186,-192,466
13,2845,28726854,0,0,0
4,2847,28736864,-8175,-191,475
13,2846,28736886,-1,0,0
4,2848,28746881,-8181,-189,477
13,2847,28746903,0,0,-1
4,2849,28757017,-8187,-185,484
13,2848,28757039,1,0,0
4,2850,28767158,-8191,-187,482
13,2849,28767180,0,2,1
4,2851,28777118,-8191,-197,475
13,2850,28777140,-1,-3,1
4,2852,28787159,-8179,-188,473
13,2851,28787181,0,0,-1
4,2853,28797299,-8173,-183,489
13,2852,28797321,1,-1,0
4,2854,28807266,-8174,-188,481
13,2853,28807288,0,-1,2
4,2855,28817371,-8184,-188,485
13,2854,28817393,0,2,0
4,2856,28827417,-8194,-184,477
13,2855,28827439,0,-3,-2
4,2857,28837519,-8187,-185,489
13,2856,28837541,1,0,0
4,2858,28847552,-8179,-189,480
13,2857,28847574,2,-1,0
4,2859,28857568,-8181,-186,479
13,2858,28857590,0,0,0
4,2860,28867595,-8185,-182,476
13,2859,28867617,-1,-3,-1
4,2861,28877751,-8186,-184,479
13,2860,28877773,0,-3,-1
4,2862,28887828,-8184,-190,473
13,2861,28887850,0,0,-4
4,2863,28897780,-8176,-184,487
13,2862,28897802,0,0,-2
4,2864,28907918,-8176,-193,485
13,2863,28907940,0,2,2
4,2865,28917962,-8182,-194,481
13,2864,28917984,-1,0,2
4,2866,28928157,-8182,-197,484
13,2865,28928179,0,2,0
4,2867,28938032,-8177,-189,476
13,2866,28938054,0,0,-1
4,2868,28948181,-8180,-181,478
13,2867,28948203,0,0,0
4,2869,28958248,-8188,-186,488
13,2868,28958270,0,0,1
4,2870,28968334,-8197,-177,477
13,2869,28968356,0,-2,0
4,2871,28978342,-8187,-185,476
13,2870,28978363,0,-2,1
4,2872,28988399,-8183,-187,471
13,2871,28988421,1,0,1
4,2873,28998466,-8175,-188,485
13,2872,28998488,0,-1,0
4,2874,29008575,-8190,-190,481
13,2873,29008596,2,-2,-3
4,2875,29018627,-8187,-191,486
13,2874,29018649,0,0,-1
4,2876,29028640,-8187,-187,489
13,2875,29028662,0,1,0
4,2877,29038708,-8176,-184,483
13,2876,29038730,1,-1,-2
4,2878,29048763,-8179,-186,477
13,2877,29048785,0,2,-2
4,2879,29058839,-8182,-189,473
13,2878,29058889,0,0,-1
4,2880,29068905,-8179,-185,483
13,2879,29068927,0,-1,-1
4,2881,29078896,-8177,-189,476
13,2880,29078918,-1,0,-1
4,2882,29089109,-8181,-187,471
13,2881,29089131,0,0,0
4,2883,29099093,-8186,-187,475
13,2882,29099115,0,-2,0
4,2884,29109080,-8183,-190,478
13,2883,29109102,0,0,0
4,2885,29119197,-8189,-182,473
13,2884,29119218,0,-1,1
4,2886,29129267,-8181,-190,480
13,2885,29129289,0,0,2
4,2887,29139324,-8180,-190,482
13,2886,29139346,1,1,0
4,2888,29149361,-8188,-198,484
13,2887,29149383,0,-1,-1
4,2889,29159451,-8179,-186,480
13,2888,29159473,0,1,0
4,2890,29169600,-8177,-192,489
13,2889,29169649,0,0,0
4,2891,29179542,-8187,-188,489
13,2890,29179564,0,-1,-1
4,2892,29189652,-8198,-188,484
13,2891,29189674,1,-2,1
4,2893,29199700,-8183,-191,467
13,2892,29199722,0,-1,0
4,2894,29209830,-8184,-194,471
13,2893,29209852,1,0,-1
4,2895,29219863,-8201,-194,485
13,2894,29219885,1,0,-1
4,2896,29229838,-8181,-196,484
13,2895,29229860,-1,-1,0
4,2897,29240004,-8186,-188,495
13,2896,29240026,0,0,0
4,2898,29250091,-8190,-196,486
13,2897,29250113,0,2,-1
4,2899,29260105,-8184,-175,474
13,2898,29260127,0,2,0
4,2900,29270038,-8181,-189,486
13,2899,29270060,0,2,0
4,2901,29280178,-8187,-182,492
13,2900,29280200,0,-1,0
4,2902,29290297,-8178,-178,476
13,2901,29290319,-1,-2,-1
4,2903,29300307,-8186,-194,470
13,2902,29300329,0,-1,0
4,2904,29310459,-8183,-197,481
13,2903,29310481,0,0,0
4,2905,29320528,-8181,-195,482
13,2904,29320550,3,0,0
4,2906,29330575,-8187,-195,485
13,2905,29330597,0,0,0
4,2907,29340609,-8178,-192,470
13,2906,29340631,0,0,0
4,2908,29350587,-8179,-175,485
13,2907,29350609,0,0,0
4,2909,29360675,-8185,-184,486
13,2908,29360697,0,-1,-1
4,2910,29370766,-8188,-193,479
13,2909,29370788,0,-2,-1
4,2911,29380827,-8186,-189,478
13,2910,29380849,1,2,0
4,2912,29390925,-8182,-181,472
13,2911,29390947,0,2,0
4,2913,29400938,-8187,-190,484
13,2912,29400960,0,0,1
4,2914,29411096,-8192,-198,488
13,2913,29411117,0,1,1
4,2915,29421058,-8189,-185,484
13,2914,29421080,0,0,0
4,2916,29431124,-8186,-188,472
13,2915,29431173,0,-1,-1
4,2917,29441199,-8177,-191,476
13,2916,29441221,0,1,-2
4,2918,29451316,-8190,-186,474
13,2917,29451338,0,-2,0
4,2919,29461306,-8190,-192,467
13,2918,29461328,0,-2,3
4,2920,29471394,-8192,-195,476
13,2919,29471416,0,0,0
4,2921,29481410,-8191,-179,484
13,2920,29481432,1,1,0
4,2922,29491628,-8185,-190,481
13,2921,29491649,0,0,-1
4,2923,29501487,-8182,-190,485
13,2922,29501509,0,0,0
4,2924,29511649,-8187,-186,482
13,2923,29511670,0,2,0
4,2925,29521605,-8183,-183,475
13,2924,29521627,0,0,0
4,2926,29531797,-8188,-193,482
13,2925,29531819,0,0,-1
4,2927,29541814,-8183,-187,475
13,2926,29541836,0,1,0
4,2928,29551849,-8188,-195,485
13,2927,29551871,0,-1,0
4,2929,29561918,-8197,-187,478
13,2928,29561940,0,0,2
4,2930,29572100,-8183,-197,475
13,2929,29572122,1,0,1
4,2931,29582031,-8187,-186,480
13,2930,29582053,0,-1,-1
4,2932,29592098,-8191,-183,486
13,2931,29592120,1,0,0
4,2933,29602132,-8181,-192,479
13,2932,29602154,0,0,2
4,2934,29612165,-8177,-188,474
13,2933,29612187,0,0,3
4,2935,29622253,-8175,-191,476
13,2934,29622275,-1,0,0
4,2936,29632217,-8191,-197,476
13,2935,29632239,0,-1,0
4,2937,29642377,-8177,-183,480
13,2936,29642399,0,0,2
4,2938,29652434,-8196,-194,488
13,2937,29652456,3,0,0
4,2939,29662439,-8185,-193,475
13,2938,29662461,-1,0,0
4,2940,29672515,-8171,-181,479
13,2939,29672536,0,0,-1
4,2941,29682544,-8185,-178,461
13,2940,29682566,1,0,-2
4,2942,29692668,-8182,-195,482
13,2941,29692690,1,2,-2
4,2943,29702738,-8190,-192,481
13,2942,29702760,0,0,0
4,2944,29712749,-8183,-184,472
13,2943,29712771,0,0,0
4,2945,29722798,-8186,-190,479
13,2944,29722820,0,1,2
4,2946,29732892,-8189,-188,480
13,2945,29732914,1,1,2
4,2947,29742929,-8176,-184,487
13,2946,29742951,0,-1,0
4,2948,29752944,-8197,-189,479
13,2947,29752966,0,0,0
4,2949,29762994,-8181,-193,468
13,2948,29763016,0,0,0
4,2950,29773095,-8180,-195,476
13,2949,29773117,-1,0,-1
4,2951,29783068,-8179,-190,484
13,2950,29783089,0,0,0
4,2952,29793168,-8197,-192,484
13,2951,29793190,0,0,-1
4,2953,29803361,-8179,-181,492
13,2952,29803383,0,0,2
4,2954,29813413,-8187,-191,480
13,2953,29813435,0,-2,1
4,2955,29823375,-8182,-184,476
13,2954,29823397,0,0,-1
4,2956,29833441,-8188,-197,463
13,2955,29833463,0,-1,0
4,2957,29843477,-8181,-194,480
13,2956,29843499,0,0,0
4,2958,29853560,-8184,-187,481
13,2957,29853582,0,2,0
4,2959,29863629,-8182,-185,477
13,2958,29863651,0,2,-1
4,2960,29873633,-8189,-199,475
13,2959,29873655,0,1,0
4,2961,29883696,-8183,-194,475
13,2960,29883718,0,0,2
4,2962,29893840,-8187,-194,485
13,2961,29893862,0,-3,0
4,2963,29903781,-8191,-188,471
13,2962,29903803,0,-4,-2
4,2964,29913886,-8184,-190,483
13,2963,29913908,0,0,-3
4,2965,29923904,-8183,-192,471
13,2964,29923926,-1,1,0
4,2966,29933994,-8179,-188,480
13,2965,29934016,0,0,2
4,2967,29944119,-8181,-193,484
13,2966,29944141,2,-2,1
4,2968,29954014,-8183,-184,492
13,2967,29954036,1,1,0
4,2969,29964141,-8173,-196,473
13,2968,29964163,0,2,0
4,2970,29974261,-8182,-182,475
13,2969,29974283,3,0,0
4,2971,29984151,-8190,-182,475
13,2970,29984173,2,-4,-1
4,2972,29994259,-8191,-182,485
13,2971,29994281,0,1,0
4,2973,30004316,-8184,-197,479
13,2972,30004338,1,1,-1
4,2974,30014468,-8182,-188,480
13,2973,30014490,0,-3,1
4,2975,30024337,-8177,-170,484
13,2974,30024359,-1,-1,0
4,2976,30034518,-8180,-196,487
13,2975,30034540,0,1,1
4,2977,30044510,-8185,-183,488
13,2976,30044532,1,1,1
4,2978,30054589,-8185,-188,478
13,2977,30054639,0,2,0
4,2979,30064717,-8170,-194,486
13,2978,30064739,0,1,0
4,2980,30074653,-8185,-191,479
13,2979,30074675,1,-2,-2
4,2981,30084773,-8178,-189,481
13,2980,30084795,0,-2,0
4,2982,30094837,-8191,-198,477
13,2981,30094859,0,-2,-1
4,2983,30104823,-8178,-182,479
13,2982,30104845,3,-1,0
4,2984,30114881,-8194,-187,481
13,2983,30114903,2,0,-1
4,2985,30124944,-8177,-196,478
13,2984,30124966,-1,0,-1
4,2986,30135161,-8182,-182,482
13,2985,30135183,-1,1,0
4,2987,30145097,-8187,-184,485
13,2986,30145119,0,1,-1
4,2988,30155091,-8188,-195,479
13,2987,30155113,1,0,-2
4,2989,30165104,-8182,-185,475
13,2988,30165126,0,0,0
4,2990,30175336,-8190,-183,475
13,2989,30175358,0,-2,0
4,2991,30185359,-8187,-200,483
13,2990,30185381,0,0,0
4,2992,30195269,-8174,-193,473
13,2991,30195291,0,2,-1
4,2993,30205446,-8181,-181,472
13,2992,30205468,0,0,1
4,2994,30215503,-8194,-186,481
13,2993,30215525,-2,0,0
4,2995,30225478,-8181,-188,486
13,2994,30225500,-1,0,1
4,2996,30235519,-8178,-193,480
13,2995,30235541,0,0,1
4,2997,30245575,-8180,-192,481
13,2996,30245597,0,1,1
4,2998,30255678,-8181,-186,480
13,2997,30255699,-1,0,0
4,2999,30265730,-8179,-180,485
13,2998,30265752,-1,-2,0
4,3000,30275745,-8179,-187,481
13,2999,30275767,0,0,0
4,3001,30285761,-8181,-184,481
13,3000,30285783,0,-2,-1
4,3002,30295941,-8191,-183,487
13,3001,30295991,0,1,0
4,3003,30305982,-8188,-198,483
13,3002,30306004,0,0,-1
4,3004,30316049,-8171,-192,482
13,3003,30316071,0,-1,0
4,3005,30326049,-8170,-187,479
13,3004,30326071,1,-1,0
4,3006,30336199,-8176,-190,471
13,3005,30336221,0,-1,0
4,3007,30346181,-8176,-190,484
13,3006,30346202,0,0,1
4,3008,30356201,-8182,-182,475
13,3007,30356222,1,0,1
4,3009,30366247,-8185,-191,477
13,3008,30366269,0,0,0
4,3010,30376426,-8184,-196,481
13,3009,30376447,3,0,1
4,3011,30386446,-8188,-189,491
13,3010,30386468,1,0,0
4,3012,30396416,-8180,-183,495
13,3011,30396438,0,0,-1
4,3013,30406508,-8170,-175,480
13,3012,30406530,1,0,-1
4,3014,30416603,-8189,-195,479
13,3013,30416625,-1,1,-1
4,3015,30426661,-8187,-189,481
13,3014,30426683,0,-1,0
4,3016,30436705,-8175,-183,479
13,3015,30436727,0,-1,1
4,3017,30446795,-8182,-189,465
13,3016,30446817,0,-2,2
4,3018,30456923,-8192,-183,475
13,3017,30456945,0,-1,1
4,3019,30466903,-8179,-187,492
13,3018,30466925,0,1,-1
4,3020,30476927,-8179,-191,484
13,3019,30476949,0,0,1
4,3021,30486970,-8184,-197,477
13,3020,30486992,-1,-2,0
4,3022,30497008,-8178,-198,475
13,3021,30497030,0,0,0
4,3023,30507062,-8191,-188,493
13,3022,30507084,1,0,2
4,3024,30517160,-8187,-188,480
13,3023,30517182,2,-1,0
4,3025,30527230,-8187,-187,475
13,3024,30527252,1,0,-1
4,3026,30537292,-8188,-195,485
13,3025,30537314,0,0,0
4,3027,30547306,-8184,-194,481
13,3026,30547328,0,0,0
4,3028,30557363,-8171,-189,486
13,3027,30557413,0,0,0
4,3029,30567345,-8174,-194,477
13,3028,30567395,0,-1,1
4,3030,30577539,-8185,-203,476
13,3029,30577561,1,-1,0
4,3031,30587559,-8200,-182,459
13,3030,30587581,1,0,-2
4,3032,30597618,-8189,-186,474
13,3031,30597639,0,1,0
4,3033,30607730,-8183,-196,486
13,3032,30607752,0,0,2
4,3034,30617714,-8184,-189,473
13,3033,30617736,1,-4,1
4,3035,30627733,-8180,-181,484
13,3034,30627755,0,-1,0
4,3036,30637822,-8187,-179,476
13,3035,30637844,0,1,-2
4,3037,30647858,-8182,-183,481
13,3036,30647880,-1,2,-1
4,3038,30657893,-8207,-188,486
13,3037,30657915,0,1,0
4,3039,30667955,-8181,-199,477
13,3038,30667977,1,-1,1
4,3040,30678050,-8180,-192,480
13,3039,30678100,1,0,2
4,3041,30688111,-8170,-193,473
13,3040,30688133,1,2,0
4,3042,30698277,-8180,-199,482
13,3041,30698299,0,-1,0
4,3043,30708277,-8186,-189,486
13,3042,30708299,0,1,0
4,3044,30718269,-8183,-182,478
13,3043,30718291,2,0,1
4,3045,30728318,-8183,-177,485
13,3044,30728340,1,0,0
4,3046,30738317,-8186,-192,472
13,3045,30738339,0,-1,-1
4,3047,30748388,-8179,-196,492
13,3046,30748410,1,1,-2
4,3048,30758457,-8183,-191,487
13,3047,30758479,1,1,0
4,3049,30768520,-8187,-197,476
13,3048,30768542,1,0,3
4,3050,30778650,-8185,-188,476
13,3049,30778672,1,2,0
4,3051,30788583,-8181,-187,484
13,3050,30788605,1,1,1
4,3052,30798610,-8193,-182,482
13,3051,30798632,0,0,0
4,3053,30808741,-8188,-186,482
13,3052,30808763,1,1,0
4,3054,30818772,-8187,-193,464
13,3053,30818794,0,2,0
4,3055,30828838,-8185,-183,472
13,3054,30828860,-3,0,1
4,3056,30838897,-8186,-186,485
13,3055,30838919,0,-2,0
4,3057,30848934,-8186,-200,488
13,3056,30848956,1,0,0
4,3058,30859075,-8191,-181,476
13,3057,30859097,1,2,0
4,3059,30869092,-8186,-189,476
13,3058,30869114,0,2,-2
4,3060,30879075,-8192,-197,487
13,3059,30879097,0,2,0
4,3061,30889181,-8192,-197,475
13,3060,30889202,0,1,1
4,3062,30899247,-8185,-189,476
13,3061,30899269,1,0,2
4,3063,30909221,-8190,-192,469
13,3062,30909243,0,1,1
4,3064,30919282,-8190,-178,488
13,3063,30919304,-1,0,0
4,3065,30929421,-8193,-188,486
13,3064,30929443,0,0,0
4,3066,30939464,-8183,-185,478
13,3065,30939486,0,2,0
4,3067,30949480,-8178,-187,473
13,3066,30949502,0,0,1
4,3068,30959472,-8186,-197,486
13,3067,30959494,0,0,0
4,3069,30969580,-8177,-184,480
13,3068,30969602,1,0,-1
4,3070,30979696,-8180,-176,488
13,3069,30979718,0,0,0
4,3071,30989660,-8180,-178,481
13,3070,30989682,0,1,1
4,3072,30999706,-8189,-185,488
13,3071,30999728,0,2,0
4,3073,31009789,-8184,-188,480
13,3072,31009811,0,2,0
4,3074,31019922,-8188,-179,481
13,3073,31019944,0,1,0
4,3075,31029906,-8195,-175,469
13,3074,31029928,0,0,0
4,3076,31039946,-8185,-187,474
13,3075,31039968,0,-1,0
4,3077,31049985,-8186,-190,473
13,3076,31050006,0,0,0
4,3078,31060066,-8186,-194,481
13,3077,31060088,0,-2,-1
4,3079,31070142,-8186,-188,476
13,3078,31070164,0,0,0
4,3080,31080206,-8183,-203,483
13,3079,31080228,1,0,0
4,3081,31090262,-8181,-190,483
13,3080,31090284,0,1,-1
4,3082,31100436,-8191,-178,477
13,3081,31100457,1,1,0
4,3083,31110277,-8181,-184,479
13,3082,31110299,2,-1,-1
4,3084,31120369,-8184,-195,471
13,3083,31120391,0,-2,1
4,3085,31130455,-8177,-190,478
13,3084,31130477,0,0,1
4,3086,31140533,-8181,-200,471
13,3085,31140555,0,0,-2
4,3087,31150569,-8177,-190,473
13,3086,31150591,0,0,0
4,3088,31160537,-8186,-184,485
13,3087,31160558,2,1,0
4,3089,31170658,-8191,-193,478
13,3088,31170680,0,-1,0
4,3090,31180836,-8181,-191,477
13,3089,31180858,-3,0,-1
4,3091,31190778,-8174,-189,470
13,3090,31190800,0,2,0
4,3092,31200792,-8190,-195,474
13,3091,31200814,0,0,-3
4,3093,31210868,-8193,-189,483
13,3092,31210890,0,1,-2
4,3094,31220950,-8185,-174,492
13,3093,31220972,-1,1,-1
4,3095,31230968,-8183,-191,481
13,3094,31230990,0,0,-3
4,3096,31241080,-8189,-181,480
13,3095,31241102,0,-1,-1
4,3097,31251101,-8185,-185,485
13,3096,31251123,2,1,0
4,3098,31261233,-8178,-181,470
13,3097,31261254,0,1,0
4,3099,31271195,-8179,-184,482
13,3098,31271217,1,-1,0
4,3100,31281240,-8185,-191,472
13,3099,31281262,3,0,0
4,3101,31291316,-8185,-186,471
13,3100,31291338,-1,0,0
4,3102,31301386,-8184,-185,465
13,3101,31301436,0,0,0
4,3103,31311371,-8189,-194,476
13,3102,31311420,2,-2,0
4,3104,31321543,-8188,-197,478
13,3103,31321565,1,-1,0
4,3105,31331536,-8180,-182,484
13,3104,31331558,1,-1,1
4,3106,31341682,-8183,-187,482
13,3105,31341704,1,-2,0
4,3107,31351642,-8187,-192,486
13,3106,31351664,0,0,-1
4,3108,31361758,-8187,-195,475
13,3107,31361780,0,1,0
4,3109,31371684,-8175,-184,478
13,3108,31371706,1,2,0
4,3110,31381867,-8182,-181,485
13,3109,31381889,1,-2,-1
4,3111,31391858,-8181,-194,476
13,3110,31391880,1,0,0
4,3112,31401925,-8190,-194,473
13,3111,31401947,1,1,0
4,3113,31411968,-8180,-182,486
13,3112,31411990,0,0,-1
4,3114,31422190,-8185,-181,477
13,3113,31422212,1,0,-2
4,3115,31432076,-8184,-195,481
13,3114,31432098,0,0,-2
4,3116,31442259,-8181,-188,482
13,3115,31442281,0,1,0
4,3117,31452262,-8175,-181,476
13,3116,31452284,0,1,0
4,3118,31462316,-8174,-187,482
13,3117,31462338,0,-1,0
4,3119,31472395,-8181,-182,489
13,3118,31472417,0,-2,-2
4,3120,31482416,-8181,-200,483
13,3119,31482438,1,2,0
4,3121,31492462,-8184,-187,466
13,3120,31492484,0,0,0
4,3122,31502591,-8184,-182,479
13,3121,31502613,0,-2,0
4,3123,31512583,-8185,-180,483
13,3122,31512605,0,-1,0
4,3124,31522659,-8177,-186,485
13,3123,31522681,0,2,-1
4,3125,31532714,-8186,-180,467
13,3124,31532736,-1,2,0
4,3126,31542830,-8180,-195,477
13,3125,31542852,0,2,3
4,3127,31552854,-8181,-188,484
13,3126,31552876,0,-1,1
4,3128,31562909,-8187,-180,487
13,3127,31562931,0,0,-2
4,3129,31572959,-8171,-190,478
13,3128,31572981,0,0,-2
4,3130,31583163,-8181,-191,476
13,3129,31583185,1,-2,1
4,3131,31593101,-8201,-194,480
13,3130,31593123,2,0,1
4,3132,31603146,-8181,-178,489
13,3131,31603168,0,0,3
4,3133,31613151,-8180,-188,491
13,3132,31613173,-1,1,0
4,3134,31623295,-8185,-199,486
13,3133,31623317,0,1,0
4,3135,31633302,-8182,-192,474
13,3134,31633324,1,0,-1
4,3136,31643319,-8186,-189,471
13,3135,31643341,1,0,-2
4,3137,31653416,-8179,-191,482
13,3136,31653438,0,-1,-1
4,3138,31663595,-8185,-185,474
13,3137,31663617,0,1,-1
4,3139,31673485,-8191,-189,476
13,3138,31673507,-2,0,0
4,3140,31683640,-8187,-193,471
13,3139,31683662,1,0,0
4,3141,31693687,-8181,-188,475
13,3140,31693709,4,0,2
4,3142,31703791,-8185,-181,485
13,3141,31703813,3,-2,1
4,3143,31713826,-8190,-191,491
13,3142,31713848,0,-1,-1
4,3144,31723852,-8174,-193,489
13,3143,31723874,0,-1,0
4,3145,31733936,-8186,-179,502
13,3144,31733958,-1,0,-2
4,3146,31744035,-8190,-189,482
13,3145,31744057,0,2,-1
4,3147,31753994,-8175,-186,479
13,3146,31754016,0,2,0
4,3148,31764079,-8179,-190,479
13,3147,31764101,4,0,0
4,3149,31774127,-8185,-187,473
13,3148,31774149,2,1,0
4,3150,31784280,-8190,-181,484
13,3149,31784302,0,2,-1
4,3151,31794199,-8176,-182,478
13,3150,31794221,0,0,1
4,3152,31804393,-8197,-179,470
13,3151,31804415,0,-1,0
4,3153,31814380,-8194,-185,465
13,3152,31814402,-1,0,-2
4,3154,31824617,-8177,-186,475
13,3153,31824639,0,-1,0
4,3155,31834477,-8171,-191,483
13,3154,31834499,0,-1,0
4,3156,31844551,-8180,-184,481
13,3155,31844573,0,0,-1
4,3157,31854628,-8170,-188,484
13,3156,31854650,0,0,0
4,3158,31864707,-8182,-196,482
13,3157,31864729,0,1,-1
4,3159,31874792,-8179,-195,489
13,3158,31874814,0,2,-1
4,3160,31884840,-8183,-189,483
13,3159,31884861,1,0,0
4,3161,31894810,-8182,-176,479
13,3160,31894832,0,0,-2
4,3162,31904981,-8183,-185,480
13,3161,31905003,0,0,0
4,3163,31914883,-8188,-193,486
13,3162,31914905,0,-1,0
4,3164,31925016,-8183,-192,482
13,3163,31925038,-1,-2,-1
4,3165,31935118,-8173,-183,477
13,3164,31935140,0,0,0
4,3166,31945219,-8192,-187,477
13,3165,31945241,2,-3,0
4,3167,31955276,-8191,-183,476
13,3166,31955298,0,-3,1
4,3168,31965287,-8197,-187,490
13,3167,31965309,0,-1,0
4,3169,31975345,-8175,-181,473
13,3168,31975367,0,0,0
4,3170,31985470,-8191,-181,480
13,3169,31985492,1,-2,1
4,3171,31995484,-8187,-192,477
13,3170,31995506,3,-1,0
4,3172,32005478,-8178,-182,477
13,3171,32005499,0,0,-2
4,3173,32015561,-8182,-187,478
13,3172,32015583,0,0,0
4,3174,32025648,-8198,-185,483
13,3173,32025670,0,-2,1
4,3175,32035674,-8185,-188,483
13,3174,32035696,0,0,0
4,3176,32045740,-8175,-191,481
13,3175,32045762,0,0,2
4,3177,32055913,-8187,-193,484
13,3176,32055935,0,0,2
4,3178,32065961,-8183,-193,482
13,3177,32065983,2,0,-1
4,3179,32076018,-8178,-197,469
13,3178,32076040,0,-1,0
4,3180,32085977,-8184,-199,484
13,3179,32085999,0,0,1
4,3181,32096108,-8187,-190,483
13,3180,32096130,0,0,0
4,3182,32106211,-8178,-181,480
13,3181,32106233,1,-2,0
4,3183,32116185,-8185,-186,483
13,3182,32116207,1,-2,0
4,3184,32126240,-8188,-196,483
13,3183,32126262,0,-1,-2
4,3185,32136319,-8189,-189,476
13,3184,32136341,-2,0,-1
4,3186,32146454,-8181,-186,474
13,3185,32146476,-1,0,-1
4,3187,32156423,-8183,-193,481
13,3186,32156445,1,0,-2
4,3188,32166494,-8192,-188,492
13,3187,32166516,2,0,1
4,3189,32176516,-8183,-192,479
13,3188,32176538,3,1,1
4,3190,32186703,-8193,-191,479
13,3189,32186725,0,0,0
4,3191,32196680,-8188,-197,485
13,3190,32196702,0,0,0
4,3192,32206801,-8185,-190,489
13,3191,32206823,2,-2,0
4,3193,32216818,-8184,-195,474
13,3192,32216840,0,0,0
4,3194,32227018,-8176,-183,477
13,3193,32227040,-1,0,0
4,3195,32236967,-8187,-185,482
13,3194,32236989,0,0,0
4,3196,32247021,-8190,-184,476
13,3195,32247043,2,0,1
4,3197,32257115,-8193,-188,479
13,3196,32257137,0,-2,0
4,3198,32267246,-8190,-188,486
13,3197,32267268,0,0,-3
4,3199,32277237,-8187,-188,479
13,3198,32277259,1,-1,0
4,3200,32287287,-8176,-184,489
13,3199,32287309,0,0,0
4,3201,32297290,-8171,-195,494
13,3200,32297312,-1,1,0
4,3202,32307576,-8186,-183,492
13,3201,32307598,0,0,-1
4,3203,32317498,-8190,-199,482
13,3202,32317520,2,-2,0
4,3204,32327571,-8194,-190,472
13,3203,32327593,0,-3,0
4,3205,32337607,-8184,-183,483
13,3204,32337629,0,1,2
4,3206,32347665,-8188,-179,484
13,3205,32347687,0,-1,1
4,3207,32357717,-8195,-188,484
13,3206,32357738,0,-2,0
4,3208,32367866,-8178,-190,479
13,3207,32367888,0,-1,-1
4,3209,32377865,-8193,-192,480
13,3208,32377887,0,0,-1
4,3210,32387991,-8201,-188,481
13,3209,32388013,0,-1,-2
4,3211,32397977,-8195,-186,482
13,3210,32397999,0,2,-1
4,3212,32408024,-8193,-187,494
13,3211,32408046,1,2,-1
4,3213,32418092,-8173,-184,489
13,3212,32418114,1,-1,0
4,3214,32428265,-8168,-179,483
13,3213,32428287,0,-1,3
4,3215,32438248,-8184,-190,478
13,3214,32438270,0,-1,-1
4,3216,32448292,-8186,-184,480
13,3215,32448314,-1,0,0
4,3217,32458367,-8188,-188,480
13,3216,32458389,1,2,0
4,3218,32468533,-8193,-187,479
13,3217,32468555,0,0,-2
4,3219,32478527,-8188,-198,484
13,3218,32478549,0,-3,-1
4,3220,32488542,-8187,-194,474
13,3219,32488564,0,-2,-1
4,3221,32498585,-8174,-192,476
13,3220,32498607,-2,0,-1
4,3222,32508755,-8187,-194,481
13,3221,32508777,0,-2,2
4,3223,32518673,-8181,-194,474
13,3222,32518695,0,-2,2
4,3224,32528778,-8174,-191,482
13,3223,32528799,-1,-1,1
4,3225,32538883,-8188,-180,475
13,3224,32538905,0,-1,0
4,3226,32548958,-8191,-195,481
13,3225,32548980,1,0,-1
4,3227,32559017,-8179,-189,476
13,3226,32559039,0,1,-2
4,3228,32569061,-8180,-197,478
13,3227,32569083,-1,0,-1
4,3229,32579179,-8186,-201,476
13,3228,32579201,0,0,0
4,3230,32589157,-8193,-193,468
13,3229,32589179,0,0,1
4,3231,32599277,-8185,-183,488
13,3230,32599299,0,-1,0
4,3232,32609297,-8189,-198,490
13,3231,32609319,0,-1,0
4,3233,32619290,-8181,-194,481
13,3232,32619312,0,-3,0
4,3234,32629555,-8177,-184,491
13,3233,32629577,1,-1,-1
4,3235,32639386,-8182,-182,486
13,3234,32639408,-1,1,-1
4,3236,32649519,-8196,-190,485
13,3235,32649541,1,0,-2
4,3237,32659553,-8184,-185,474
13,3236,32659575,2,0,-1
4,3238,32669653,-8187,-177,479
13,3237,32669675,0,2,-1
4,3239,32679688,-8188,-193,486
13,3238,32679710,0,1,-1
4,3240,32689780,-8189,-184,483
13,3239,32689802,1,0,-2
4,3241,32699911,-8183,-189,473
13,3240,32699933,0,-1,-1
4,3242,32710015,-8179,-194,480
13,3241,32710037,0,-1,0
4,3243,32719956,-8190,-185,480
13,3242,32719978,0,-1,0
4,3244,32729949,-8183,-181,476
13,3243,32729971,4,0,1
4,3245,32740098,-8180,-177,485
13,3244,32740120,0,0,-1
4,3246,32750210,-8182,-197,482
13,3245,32750232,-1,-2,-1
4,3247,32760101,-8179,-202,486
13,3246,32760123,0,0,0
4,3248,32770284,-8188,-185,477
13,3247,32770306,-1,-1,0
4,3249,32780302,-8180,-190,476
13,3248,32780324,1,0,-1
4,3250,32790432,-8196,-192,476
13,3249,32790454,2,2,-1
4,3251,32800421,-8186,-196,476
13,3250,32800443,0,0,2
4,3252,32810520,-8177,-187,477
13,3251,32810542,0,0,0
4,3253,32820574,-8184,-199,488
13,3252,32820596,0,2,0
4,3254,32830720,-8190,-195,482
13,3253,32830742,0,2,0
4,3255,32840682,-8177,-183,472
13,3254,32840704,0,0,-1
4,3256,32850698,-8175,-192,476
13,3255,32850720,0,-3,0
4,3257,32860786,-8177,-182,484
13,3256,32860808,0,0,2
4,3258,32871004,-8167,-186,476
13,3257,32871026,2,0,-1
4,3259,32880968,-8190,-182,478
13,3258,32880990,1,0,0
4,3260,32890983,-8192,-185,476
13,3259,32891005,0,0,0
4,3261,32901082,-8181,-194,480
13,3260,32901103,-1,0,1
4,3262,32911142,-8188,-185,482
13,3261,32911164,-1,0,0
4,3263,32921185,-8179,-183,477
13,3262,32921207,3,1,-2
4,3264,32931226,-8176,-191,475
13,3263,32931275,3,-1,0
4,3265,32941333,-8190,-194,478
13,3264,32941355,0,0,0
4,3266,32951534,-8193,-176,474
13,3265,32951556,0,0,0
4,3267,32961375,-8181,-179,466
13,3266,32961397,0,2,0
4,3268,32971510,-8181,-184,475
13,3267,32971532,0,-1,0
4,3269,32981526,-8191,-180,479
13,3268,32981548,0,-1,-2
4,3270,32991645,-8184,-195,486
13,3269,32991667,0,2,-2
4,3271,33001652,-8187,-185,474
13,3270,33001674,0,1,0
4,3272,33011720,-8184,-182,477
13,3271,33011742,0,0,2
4,3273,33021789,-8177,-195,482
13,3272,33021810,0,0,0
4,3274,33031968,-8183,-192,478
13,3273,33031990,0,0,-1
4,3275,33041922,-8192,-190,485
13,3274,33041944,0,0,0
4,3276,33051964,-8179,-194,498
13,3275,33051986,1,0,0
4,3277,33061971,-8188,-184,480
13,3276,33062021,-1,0,-1
4,3278,33072140,-8189,-182,481
13,3277,33072162,0,0,0
4,3279,33082178,-8188,-189,481
13,3278,33082200,0,1,-2
4,3280,33092258,-8177,-182,488
13,3279,33092280,0,1,0
4,3281,33102246,-8177,-187,490
13,3280,33102268,-2,2,-1
4,3282,33112421,-8193,-191,489
13,3281,33112443,-1,0,0
4,3283,33122368,-8183,-182,485
13,3282,33122390,1,0,0
4,3284,33132389,-8186,-181,468
13,3283,33132410,-1,0,0
4,3285,33142495,-8179,-190,480
13,3284,33142517,0,1,0
4,3286,33152623,-8175,-189,488
13,3285,33152645,1,-2,-1
4,3287,33162679,-8193,-192,482
13,3286,33162701,0,-1,0
4,3288,33172762,-8189,-186,483
13,3287,33172811,-1,-1,3
4,3289,33182720,-8197,-190,491
13,3288,33182742,0,0,0
4,3290,33192925,-8171,-187,483
13,3289,33192947,1,1,0
4,3291,33202897,-8171,-193,478
13,3290,33202919,1,0,0
4,3292,33212965,-8197,-195,483
13,3291,33212987,2,-2,0
4,3293,33222970,-8185,-187,480
13,3292,33222992,1,0,0
4,3294,33233073,-8170,-188,472
13,3293,33233095,0,1,0
4,3295,33243121,-8192,-182,477
13,3294,33243143,0,0,-1
4,3296,33253185,-8196,-178,484
13,3295,33253206,0,0,-3
4,3297,33263228,-8176,-201,493
13,3296,33263250,-1,-1,-1
4,3298,33273449,-8181,-201,479
13,3297,33273470,0,0,3
4,3299,33283338,-8188,-179,477
13,3298,33283360,1,1,1
4,3300,33293417,-8178,-188,485
13,3299,33293439,2,-1,0
4,3301,33303412,-8182,-190,492
13,3300,33303433,0,-3,-1
4,3302,33313610,-8188,-202,489
13,3301,33313632,-1,-1,0
4,3303,33323630,-8186,-201,489
13,3302,33323652,0,-1,-2
4,3304,33333701,-8187,-193,481
13,3303,33333723,1,0,-1
4,3305,33343787,-8179,-189,482
13,3304,33343809,0,0,0
4,3306,33353892,-8178,-185,486
13,3305,33353914,1,1,0
4,3307,33363812,-8179,-179,493
13,3306,33363834,1,1,-3
4,3308,33373906,-8197,-193,483
13,3307,33373928,0,0,0
4,3309,33383907,-8183,-194,495
13,3308,33383929,2,-1,0
4,3310,33394050,-8194,-197,488
13,3309,33394072,1,0,0
4,3311,33404084,-8179,-190,485
13,3310,33404106,0,0,0
4,3312,33414135,-8185,-182,478
13,3311,33414157,1,-1,0
4,3313,33424191,-8177,-186,472
13,3312,33424213,0,1,0
4,3314,33434436,-8178,-201,485
13,3313,33434458,0,1,2
4,3315,33444340,-8177,-193,486
13,3314,33444362,2,0,0
4,3316,33454467,-8185,-199,469
13,3315,33454489,1,-1,0
4,3317,33464502,-8192,-182,478
13,3316,33464524,0,0,0
4,3318,33474535,-8186,-207,480
13,3317,33474557,0,1,-1
4,3319,33484548,-8192,-200,485
13,3318,33484570,-1,1,0
4,3320,33494669,-8182,-182,476
13,3319,33494691,-1,1,0
4,3321,33504643,-8193,-201,477
13,3320,33504665,0,0,0
4,3322,33514820,-8187,-188,487
13,3321,33514842,0,-1,0
4,3323,33524720,-8186,-187,486
13,3322,33524742,0,-2,0
4,3324,33534866,-8188,-188,467
13,3323,33534888,0,0,0
4,3325,33544963,-8183,-198,470
13,3324,33544985,0,-1,-2
4,3326,33555037,-8187,-189,488
13,3325,33555059,1,0,0
4,3327,33565037,-8188,-179,483
13,3326,33565059,2,0,0
4,3328,33575109,-8180,-189,472
13,3327,33575131,0,0,0
4,3329,33585165,-8176,-199,480
13,3328,33585187,-1,1,-1
4,3330,33595301,-8184,-186,498
13,3329,33595323,1,0,0
4,3331,33605273,-8184,-185,486
13,3330,33605295,0,0,0
4,3332,33615330,-8183,-182,489
13,3331,33615352,0,-1,1
4,3333,33625331,-8196,-196,487
13,3332,33625353,0,-1,0
4,3334,33635480,-8193,-186,489
13,3333,33635502,1,0,0
4,3335,33645527,-8173,-193,487
13,3334,33645549,1,0,-1
4,3336,33655566,-8186,-182,488
13,3335,33655588,-1,0,-1
4,3337,33665689,-8183,-186,486
13,3336,33665711,0,-2,-1
4,3338,33675713,-8185,-194,481
13,3337,33675762,1,-1,0
4,3339,33685730,-8186,-191,485
13,3338,33685752,0,0,-1
4,3340,33695828,-8196,-177,478
13,3339,33695850,0,1,-1
4,3341,33705848,-8180,-178,482
13,3340,33705870,0,1,0
4,3342,33715969,-8185,-186,475
13,3341,33715991,-1,0,-1
4,3343,33725919,-8181,-179,482
13,3342,33725941,-1,1,-2
4,3344,33736019,-8184,-186,487
13,3343,33736041,0,1,0
4,3345,33746049,-8197,-184,473
13,3344,33746071,0,-2,-1
4,3346,33756223,-8194,-198,486
13,3345,33756245,-2,-1,0
4,3347,33766133,-8173,-195,474
13,3346,33766155,0,-1,1
4,3348,33776219,-8193,-181,489
13,3347,33776241,0,-1,0
4,3349,33786292,-8185,-185,484
13,3348,33786314,0,0,0
4,3350,33796379,-8181,-184,480
13,3349,33796401,-1,-1,0
4,3351,33806493,-8190,-181,478
13,3350,33806515,0,0,2
4,3352,33816479,-8173,-186,476
13,3351,33816501,0,0,0
4,3353,33826557,-8165,-178,486
13,3352,33826579,0,1,0
4,3354,33836696,-8185,-178,485
13,3353,33836718,1,1,0
4,3355,33846657,-8176,-188,479
13,3354,33846679,0,0,-2
4,3356,33856721,-8186,-183,487
13,3355,33856742,0,0,0
4,3357,33866785,-8190,-193,491
13,3356,33866807,3,0,1
4,3358,33876842,-8188,-183,486
13,3357,33876864,1,-2,-2
4,3359,33886967,-8190,-184,478
13,3358,33886989,0,0,-2
4,3360,33896951,-8180,-190,479
13,3359,33896973,0,0,0
4,3361,33907033,-8180,-183,486
13,3360,33907055,1,-2,1
4,3362,33917198,-8184,-180,484
13,3361,33917248,0,0,0
4,3363,33927245,-8173,-184,495
13,3362,33927267,2,2,1
4,3364,33937147,-8181,-190,479
13,3363,33937196,0,0,0
4,3365,33947295,-8185,-185,486
13,3364,33947317,0,0,-1
4,3366,33957394,-8179,-182,477
13,3365,33957416,2,0,-1
4,3367,33967439,-8189,-186,468
13,3366,33967461,0,0,-1
4,3368,33977439,-8187,-186,470
13,3367,33977461,-1,0,-1
4,3369,33987545,-8190,-175,484
13,3368,33987567,-1,0,-3
4,3370,33997627,-8183,-184,481
13,3369,33997649,1,2,-3
4,3371,34007686,-8187,-188,478
13,3370,34007708,0,0,0
4,3372,34017700,-8185,-193,486
13,3371,34017722,1,0,0
4,3373,34027684,-8182,-194,478
13,3372,34027706,0,-2,0
4,3374,34037842,-8190,-188,491
13,3373,34037864,-1,0,0
4,3375,34047875,-8171,-198,488
13,3374,34047897,0,0,1
4,3376,34057952,-8178,-183,475
13,3375,34057974,0,-2,0
4,3377,34067970,-8186,-187,473
13,3376,34067992,2,1,-2
4,3378,34078163,-8190,-191,487
13,3377,34078185,1,2,1
4,3379,34088121,-8179,-179,473
13,3378,34088143,1,1,0
4,3380,34098205,-8179,-188,474
13,3379,34098227,1,0,-3
4,3381,34108241,-8182,-185,482
13,3380,34108262,-1,-2,-1
4,3382,34118351,-8194,-171,483
13,3381,34118373,-1,-2,0
4,3383,34128368,-8184,-190,482
13,3382,34128390,1,0,0
4,3384,34138370,-8185,-194,484
13,3383,34138392,1,0,-1
4,3385,34148545,-8185,-182,468
13,3384,34148567,1,0,-1
4,3386,34158639,-8181,-177,464
13,3385,34158661,0,0,-1
4,3387,34168620,-8192,-189,472
13,3386,34168642,1,-3,0
4,3388,34178616,-8174,-189,479
13,3387,34178638,0,-2,0
4,3389,34188756,-8186,-184,475
13,3388,34188778,0,1,0
4,3390,34198860,-8186,-183,479
13,3389,34198882,1,0,0
4,3391,34208840,-8176,-187,480
13,3390,34208862,0,-1,0
4,3392,34218949,-8181,-183,477
13,3391,34218971,1,0,0
4,3393,34228970,-8187,-190,472
13,3392,34228992,0,1,1
4,3394,34239079,-8187,-186,491
13,3393,34239101,0,0,-1
4,3395,34249090,-8180,-190,473
13,3394,34249112,2,1,-1
4,3396,34259166,-8190,-190,473
13,3395,34259188,1,-1,-1
4,3397,34269200,-8190,-187,483
13,3396,34269222,-1,0,-1
4,3398,34279308,-8181,-190,479
13,3397,34279330,0,0,0
4,3399,34289340,-8180,-187,482
13,3398,34289362,1,1,0
4,3400,34299417,-8187,-187,495
13,3399,34299439,2,0,-1
4,3401,34309489,-8179,-190,477
13,3400,34309511,-2,0,1
4,3402,34319667,-8174,-178,469
13,3401,34319689,-2,2,-2
4,3403,34329605,-8183,-189,483
13,3402,34329627,0,2,0
4,3404,34339657,-8180,-185,485
13,3403,34339679,2,1,0
4,3405,34349759,-8182,-202,474
13,3404,34349780,2,0,1
4,3406,34359718,-8201,-188,474
13,3405,34359740,0,0,1
4,3407,34369887,-8186,-187,488
13,3406,34369909,0,1,0
4,3408,34379858,-8177,-183,495
13,3407,34379880,0,-2,1
4,3409,34389991,-8192,-190,481
13,3408,34390013,0,-1,0
4,3410,34400033,-8199,-202,478
13,3409,34400055,-1,-1,-1
4,3411,34410030,-8175,-189,483
13,3410,34410052,1,0,-1
4,3412,34420123,-8185,-187,479
13,3411,34420145,0,0,1
4,3413,34430175,-8192,-187,486
13,3412,34430197,-3,-2,0
4,3414,34440384,-8180,-190,478
13,3413,34440406,-1,0,-2
4,3415,34450380,-8178,-186,480
13,3414,34450402,0,0,-1
4,3416,34460309,-8183,-186,476
13,3415,34460331,-1,1,-1
4,3417,34470473,-8182,-184,478
13,3416,34470495,0,0,0
4,3418,34480501,-8177,-186,479
13,3417,34480523,3,0,0
4,3419,34490556,-8192,-184,468
13,3418,34490578,1,1,-1
4,3420,34500595,-8193,-180,505
13,3419,34500616,-1,0,1
4,3421,34510674,-8188,-185,479
13,3420,34510696,-1,0,0
4,3422,34520799,-8186,-183,473
13,3421,34520821,-1,0,-1
4,3423,34530760,-8185,-183,478
13,3422,34530782,0,1,1
4,3424,34540847,-8185,-193,477
13,3423,34540869,0,0,-2
4,3425,34550899,-8177,-185,483
13,3424,34550921,0,-1,0
4,3426,34561078,-8182,-186,485
13,3425,34561100,0,0,0
4,3427,34571051,-8177,-197,502
13,3426,34571073,0,-1,0
4,3428,34581117,-8192,-188,477
13,3427,34581139,0,-1,0
4,3429,34591153,-8180,-189,481
13,3428,34591175,1,-1,1
4,3430,34601235,-8198,-182,476
13,3429,34601256,1,-1,1
4,3431,34611274,-8183,-185,483
13,3430,34611295,0,0,0
4,3432,34621380,-8190,-183,481
13,3431,34621402,-1,0,0
4,3433,34631358,-8191,-185,480
13,3432,34631380,0,-1,-1
4,3434,34641607,-8183,-186,475
13,3433,34641629,0,0,0
4,3435,34651459,-8184,-182,484
13,3434,34651481,2,-3,-1
4,3436,34661645,-8185,-199,479
13,3435,34661667,0,-3,-2
4,3437,34671699,-8187,-189,481
13,3436,34671721,1,-1,0
4,3438,34681757,-8188,-187,482
13,3437,34681779,0,-1,0
4,3439,34691773,-8179,-188,488
13,3438,34691795,1,0,1
4,3440,34701853,-8179,-182,481
13,3439,34701875,0,0,0
4,3441,34711892,-8182,-171,497
13,3440,34711914,0,0,-1
4,3442,34722031,-8181,-179,473
13,3441,34722053,1,2,1
4,3443,34731993,-8178,-183,478
13,3442,34732015,2,1,1
4,3444,34741983,-8187,-184,486
13,3443,34742005,1,-1,0
4,3445,34752110,-8184,-188,487
13,3444,34752132,0,-1,1
4,3446,34762154,-8185,-205,482
13,3445,34762176,2,-1,0
4,3447,34772253,-8188,-188,465
13,3446,34772275,0,-1,-1
4,3448,34782258,-8183,-175,475
13,3447,34782280,0,0,0
4,3449,34792388,-8179,-179,478
13,3448,34792410,0,-1,0
4,3450,34802578,-8188,-194,474
13,3449,34802600,0,-4,0
4,3451,34812519,-8186,-189,475
13,3450,34812541,0,0,-1
4,3452,34822628,-8197,-178,476
13,3451,34822650,0,1,0
4,3453,34832714,-8195,-188,474
13,3452,34832736,2,1,1
4,3454,34842788,-8190,-192,481
13,3453,34842810,2,2,1
4,3455,34852774,-8180,-183,469
13,3454,34852796,-1,3,0
4,3456,34862787,-8181,-182,472
13,3455,34862809,0,1,0
4,3457,34872963,-8183,-181,489
13,3456,34872985,0,-2,1
4,3458,34883062,-8190,-189,487
13,3457,34883084,0,-1,1
4,3459,34893054,-8175,-186,483
13,3458,34893076,1,0,0
4,3460,34903121,-8178,-187,471
13,3459,34903143,0,-2,0
4,3461,34913143,-8185,-192,472
13,3460,34913165,0,0,0
4,3462,34923291,-8196,-175,487
13,3461,34923313,0,-1,0
4,3463,34933437,-8182,-176,477
13,3462,34933459,-1,-1,-1
4,3464,34943457,-8182,-190,488
13,3463,34943479,-1,0,-3
4,3465,34953528,-8182,-185,488
13,3464,34953550,0,-2,0
4,3466,34963663,-8181,-191,484
13,3465,34963685,-1,-1,0
4,3467,34973624,-8181,-194,490
13,3466,34973646,0,0,-1
4,3468,34983710,-8182,-191,473
13,3467,34983732,0,0,0
4,3469,34993812,-8184,-188,474
13,3468,34993833,4,1,0
# CONFIG,end,4,100.000,0,4,0
# CONFIG,end,13,100.000,0,1000,0
# END,accel_events=3469,gyro_events=3468,queue_dropped=0,malformed=0,max_poll_gap_us=135869
# Reset the board before another ca