Bootloader starting
NRF_POWER->GPREGRET2 = 0004
CONFIG_GPIO_AS_PINRESET NOT defined
BHI260/BHA260 found. Product ID read 89
Loading firmware. Boot status: 11
No BHY UPDATE file found!
No ANNA_UPDATE_FILE found. Starting main application
Ä$≈ÖçïÅthe box still. Send s to capture 5 s startup + 30 s stationary data.
# NICLA_DIAGNOSTIC_V1
# Arduino_BHY2=1.0.8; corrected counts; no orientation or BLE output
# configuration_read_attempts=3
# CONFIG,phase,sensor_id,rate_hz,latency_ms,range,sensitivity
# startup_us=5000000,duration_us=35000000
# host_us is delivery time; hardware timestamps and upstream loss are not exposed
sensor_id,sequence,host_us,x_counts,y_counts,z_counts
# CONFIG_READ_FAILURE,phase=start,sensor_id=4,attempt=1,status=-5,bytes=4,expected_bytes=12
# CONFIG,start,4,100.000,0,4,0
# CONFIG,start,13,100.000,0,1000,0
4,1,135414,-199,42,8513
4,2,138006,-202,50,8518
13,1,138028,13,-19,-12
4,3,138054,-212,56,8512
13,2,138076,12,-22,-14
4,4,138098,-213,47,8511
13,3,138120,12,-22,-11
4,5,147013,-207,52,8511
13,4,147036,12,-22,-9
4,6,155841,-217,49,8516
13,5,155863,12,-19,-10
4,7,165502,-206,52,8518
13,6,165524,14,-18,-11
4,8,175662,-201,53,8516
13,7,175684,12,-21,-11
4,9,185665,-208,59,8528
13,8,185687,13,-22,-11
4,10,195886,-208,53,8529
13,9,195909,12,-20,-11
4,11,205796,-200,51,8516
13,10,205818,13,-21,-13
4,12,215943,-202,59,8511
13,11,215966,12,-22,-12
4,13,225987,-217,47,8516
13,12,226009,11,-24,-13
4,14,236086,-202,50,8514
13,13,236108,13,-22,-13
4,15,246134,-209,58,8524
13,14,246156,12,-22,-9
4,16,256194,-201,45,8522
13,15,256217,12,-20,-11
4,17,266199,-197,40,8519
13,16,266221,10,-22,-12
4,18,276438,-207,56,8519
13,17,276460,12,-22,-12
4,19,286342,-214,51,8523
13,18,286365,12,-22,-9
4,20,296446,-209,40,8515
13,19,296468,11,-22,-9
4,21,306529,-208,56,8510
13,20,306551,10,-21,-12
4,22,316663,-209,55,8522
13,21,316685,12,-20,-11
4,23,326674,-197,49,8508
13,22,326696,12,-20,-11
4,24,336852,-200,54,8511
13,23,336874,14,-25,-12
4,25,346812,-202,53,8508
13,24,346834,13,-21,-10
4,26,357041,-210,38,8523
13,25,357063,12,-20,-10
4,27,366997,-214,54,8525
13,26,367019,13,-19,-9
4,28,377020,-207,54,8504
13,27,377042,13,-22,-12
4,29,387108,-200,48,8513
13,28,387130,13,-20,-13
4,30,397261,-200,41,8523
13,29,397283,13,-18,-12
4,31,407215,-203,36,8518
13,30,407237,11,-19,-10
4,32,417317,-204,46,8516
13,31,417339,13,-20,-11
4,33,427344,-198,42,8510
13,32,427366,12,-22,-12
4,34,437598,-199,54,8502
13,33,437620,13,-22,-12
4,35,447553,-202,53,8516
13,34,447576,13,-20,-13
4,36,457636,-205,51,8523
13,35,457658,14,-22,-11
4,37,467723,-216,49,8513
13,36,467745,14,-22,-11
4,38,477834,-216,41,8514
13,37,477856,13,-22,-10
4,39,487889,-197,43,8507
13,38,487911,12,-20,-11
4,40,497923,-207,44,8524
13,39,497945,12,-20,-10
4,41,507925,-204,38,8518
13,40,507947,14,-20,-11
4,42,518146,-208,40,8518
13,41,518168,11,-21,-11
4,43,528104,-209,42,8519
13,42,528126,11,-20,-11
4,44,538188,-203,55,8521
13,43,538210,11,-23,-12
4,45,548272,-200,48,8515
13,44,548294,13,-20,-11
4,46,558460,-203,46,8505
13,45,558482,13,-20,-12
4,47,568410,-200,40,8510
13,46,568460,10,-21,-14
4,48,578508,-199,51,8519
13,47,578530,12,-20,-11
4,49,588624,-199,38,8508
13,48,588646,10,-21,-9
4,50,598758,-209,39,8512
13,49,598780,12,-20,-10
4,51,608728,-203,50,8519
13,50,608750,15,-22,-10
4,52,618717,-203,43,8511
13,51,618739,12,-20,-14
4,53,628862,-203,43,8510
13,52,628884,11,-21,-10
4,54,638941,-203,44,8522
13,53,638963,12,-22,-10
4,55,649020,-202,39,8512
13,54,649042,0,0,-1
4,56,659014,-209,47,8518
13,55,659036,0,0,-1
4,57,669185,-206,57,8518
13,56,669207,0,0,0
4,58,679251,-202,42,8517
13,57,679273,1,1,0
4,59,689259,-197,37,8523
13,58,689281,0,1,-4
4,60,699366,-210,46,8528
13,59,699388,-1,0,-1
4,61,709460,-210,54,8519
13,60,709482,0,0,0
4,62,719551,-198,45,8518
13,61,719573,2,1,-1
4,63,729541,-195,49,8520
13,62,729563,0,3,0
4,64,739643,-197,45,8513
13,63,739665,0,1,0
4,65,749674,-212,35,8525
13,64,749696,2,0,0
4,66,759894,-208,43,8524
13,65,759916,0,0,0
4,67,769928,-203,57,8501
13,66,769950,-1,3,0
4,68,779913,-209,58,8511
13,67,779935,0,0,0
4,69,789997,-212,44,8527
13,68,790019,0,0,0
4,70,800083,-204,46,8519
13,69,800105,2,0,0
4,71,810201,-198,50,8529
13,70,810223,1,0,0
4,72,820190,-203,59,8523
13,71,820212,0,1,0
4,73,830311,-203,42,8519
13,72,830333,0,0,0
4,74,840506,-212,41,8520
13,73,840528,0,0,-3
4,75,850505,-202,45,8522
13,74,850527,0,-2,-3
4,76,860551,-207,47,8523
13,75,860573,0,1,-1
4,77,870609,-209,45,8521
13,76,870631,1,1,-1
4,78,880712,-214,46,8513
13,77,880734,-3,1,0
4,79,890693,-196,54,8519
13,78,890715,-1,0,0
4,80,900818,-199,49,8519
13,79,900840,-1,-1,0
4,81,910954,-218,38,8518
13,80,910976,0,0,1
4,82,921022,-213,45,8518
13,81,921043,-1,-1,2
4,83,930955,-206,57,8507
13,82,930976,0,0,0
4,84,941093,-209,47,8521
13,83,941142,0,2,0
4,85,951098,-204,48,8508
13,84,951147,0,0,0
4,86,961280,-203,57,8499
13,85,961302,-1,2,0
4,87,971310,-199,38,8514
13,86,971332,0,0,0
4,88,981343,-194,42,8520
13,87,981365,-2,0,0
4,89,991435,-196,51,8520
13,88,991457,0,0,0
4,90,1001594,-193,47,8518
13,89,1001616,0,0,-3
4,91,1011564,-203,42,8517
13,90,1011585,1,1,0
4,92,1021642,-201,45,8526
13,91,1021664,1,1,-1
4,93,1031701,-204,49,8520
13,92,1031723,0,0,0
4,94,1041730,-206,45,8512
13,93,1041752,0,0,1
4,95,1051906,-205,51,8516
13,94,1051928,0,3,0
4,96,1061889,-204,49,8518
13,95,1061911,-1,1,1
4,97,1072002,-203,43,8529
13,96,1072024,-1,-1,1
4,98,1082194,-205,40,8511
13,97,1082216,-1,2,1
4,99,1092141,-193,44,8516
13,98,1092163,-1,1,0
4,100,1102230,-199,35,8515
13,99,1102252,1,2,1
4,101,1112273,-207,48,8521
13,100,1112295,-1,1,0
4,102,1122376,-199,50,8520
13,101,1122398,1,1,1
4,103,1132395,-204,41,8512
13,102,1132417,0,1,0
4,104,1142522,-205,42,8523
13,103,1142543,0,0,0
4,105,1152540,-204,44,8515
13,104,1152562,-3,2,1
4,106,1162687,-203,38,8526
13,105,1162709,0,0,1
4,107,1172684,-187,48,8227
13,106,1172709,1,-1,-1
4,108,1182722,-196,48,8219
13,107,1182744,0,0,0
4,109,1192719,-194,53,8225
13,108,1192741,0,2,2
4,110,1202938,-194,52,8224
13,109,1202960,-1,0,-2
4,111,1212988,-193,50,8231
13,110,1213010,-2,0,1
4,112,1223081,-195,48,8224
13,111,1223103,0,0,0
4,113,1233088,-195,52,8215
13,112,1233110,2,1,-2
4,114,1243248,-189,49,8218
13,113,1243270,0,2,0
4,115,1253151,-192,46,8212
13,114,1253172,-3,2,0
4,116,1263269,-188,42,8209
13,115,1263291,0,0,1
4,117,1273353,-198,39,8227
13,116,1273375,0,1,1
4,118,1283389,-208,47,8224
13,117,1283411,0,1,0
4,119,1293543,-191,47,8219
13,118,1293565,0,2,0
4,120,1303487,-193,49,8220
13,119,1303509,0,1,0
4,121,1313612,-197,51,8228
13,120,1313634,0,0,1
4,122,1323864,-191,50,8232
13,121,1323886,0,-1,0
4,123,1333743,-195,36,8222
13,122,1333765,0,0,-1
4,124,1343843,-187,40,8228
13,123,1343865,2,0,2
4,125,1353888,-189,50,8232
13,124,1353910,-1,0,3
4,126,1363913,-206,44,8217
13,125,1363935,-1,2,1
4,127,1374015,-194,47,8226
13,126,1374037,-2,2,0
4,128,1384080,-195,46,8229
13,127,1384102,-2,0,0
4,129,1394130,-201,56,8209
13,128,1394152,1,0,0
4,130,1404307,-195,44,8217
13,129,1404328,-1,0,2
4,131,1414301,-185,41,8225
13,130,1414323,0,0,3
4,132,1424276,-192,41,8216
13,131,1424298,0,1,1
4,133,1434433,-198,46,8227
13,132,1434455,-3,0,-1
4,134,1444552,-196,51,8217
13,133,1444574,-2,0,-2
4,135,1454528,-192,38,8220
13,134,1454550,-2,1,0
4,136,1464707,-201,47,8221
13,135,1464729,-3,3,0
4,137,1474698,-197,51,8227
13,136,1474720,0,1,0
4,138,1484866,-193,53,8228
13,137,1484888,0,2,0
4,139,1494791,-201,50,8215
13,138,1494812,1,0,1
4,140,1504942,-196,55,8221
13,139,1504964,0,0,-1
4,141,1514993,-193,43,8230
13,140,1515015,-2,0,-1
4,142,1525093,-193,45,8224
13,141,1525115,0,1,0
4,143,1535060,-205,55,8221
13,142,1535081,-2,1,0
4,144,1545122,-193,58,8218
13,143,1545144,-1,1,2
4,145,1555199,-191,48,8223
13,144,1555221,-1,2,0
4,146,1565343,-197,52,8226
13,145,1565365,0,1,3
4,147,1575372,-208,36,8218
13,146,1575394,0,1,1
4,148,1585425,-203,30,8226
13,147,1585447,0,2,-1
4,149,1595490,-199,47,8227
13,148,1595512,0,1,-1
4,150,1605606,-188,46,8226
13,149,1605628,0,0,0
4,151,1615615,-195,48,8214
13,150,1615637,-2,-1,2
4,152,1625700,-198,51,8221
13,151,1625722,-1,0,3
4,153,1635757,-191,46,8230
13,152,1635779,0,1,1
4,154,1645939,-188,49,8224
13,153,1645961,-1,2,0
4,155,1655880,-201,49,8223
13,154,1655902,0,3,0
4,156,1665966,-178,49,8227
13,155,1665988,0,0,1
4,157,1676034,-187,53,8226
13,156,1676056,0,0,0
4,158,1686076,-206,44,8211
13,157,1686098,-2,0,0
4,159,1696210,-191,40,8232
13,158,1696232,-2,0,1
4,160,1706309,-192,43,8222
13,159,1706331,0,0,1
4,161,1716337,-187,50,8224
13,160,1716359,0,0,0
4,162,1726469,-196,47,8220
13,161,1726491,-2,0,1
4,163,1736404,-203,44,8221
13,162,1736426,-1,0,0
4,164,1746518,-195,39,8228
13,163,1746540,0,0,0
4,165,1756569,-197,40,8236
13,164,1756591,1,1,0
4,166,1766686,-201,40,8218
13,165,1766708,3,0,-1
4,167,1776706,-200,38,8225
13,166,1776727,1,0,2
4,168,1786768,-192,54,8227
13,167,1786790,0,0,1
4,169,1796848,-195,47,8229
13,168,1796870,1,1,-2
4,170,1807030,-192,56,8229
13,169,1807079,0,1,-2
4,171,1817019,-204,49,8236
13,170,1817068,0,1,0
4,172,1827087,-199,41,8236
13,171,1827109,-1,1,0
4,173,1837143,-197,55,8220
13,172,1837165,0,0,0
4,174,1847276,-214,51,8230
13,173,1847298,-1,-1,1
4,175,1857363,-202,63,8223
13,174,1857385,-1,0,0
4,176,1867363,-193,49,8223
13,175,1867385,1,0,1
4,177,1877435,-187,54,8223
13,176,1877457,-1,1,0
4,178,1887599,-190,44,8217
13,177,1887621,-1,0,0
4,179,1897547,-190,45,8225
13,178,1897569,0,-2,1
4,180,1907655,-198,45,8219
13,179,1907677,0,0,0
4,181,1917695,-208,52,8222
13,180,1917717,0,2,1
4,182,1927801,-194,47,8216
13,181,1927823,-1,1,2
4,183,1937834,-194,48,8215
13,182,1937855,-1,0,1
4,184,1947938,-199,54,8235
13,183,1947960,0,0,0
4,185,1957979,-192,57,8230
13,184,1958001,1,-1,2
4,186,1968183,-204,47,8226
13,185,1968205,0,-2,0
4,187,1978130,-197,44,8226
13,186,1978152,0,0,0
4,188,1988161,-198,33,8220
13,187,1988183,0,0,1
4,189,1998200,-196,39,8218
13,188,1998222,0,1,0
4,190,2008347,-196,44,8228
13,189,2008369,0,-3,0
4,191,2018377,-189,45,8225
13,190,2018399,-2,-2,3
4,192,2028430,-192,45,8220
13,191,2028452,0,0,0
4,193,2038454,-202,58,8218
13,192,2038476,0,1,0
4,194,2048686,-198,54,8229
13,193,2048708,-2,2,1
4,195,2058648,-199,45,8225
13,194,2058670,-3,1,1
4,196,2068770,-206,43,8228
13,195,2068792,0,2,0
4,197,2078798,-201,39,8231
13,196,2078820,1,1,0
4,198,2088879,-194,39,8228
13,197,2088901,0,-1,1
4,199,2098957,-208,38,8223
13,198,2098979,-1,0,1
4,200,2109016,-200,46,8215
13,199,2109038,-2,0,0
4,201,2119083,-185,49,8216
13,200,2119105,0,0,0
4,202,2129199,-192,51,8209
13,201,2129221,-2,-3,0
4,203,2139300,-205,38,8223
13,202,2139322,-2,0,1
4,204,2149306,-191,50,8212
13,203,2149328,0,2,0
4,205,2159341,-202,46,8216
13,204,2159363,1,0,0
4,206,2169476,-195,46,8226
13,205,2169498,0,0,1
4,207,2179504,-191,41,8232
13,206,2179526,0,3,3
4,208,2189601,-198,43,8222
13,207,2189650,0,1,0
4,209,2199676,-203,49,8216
13,208,2199698,0,0,0
4,210,2209869,-198,51,8221
13,209,2209891,2,3,-2
4,211,2219825,-187,46,8220
13,210,2219847,0,2,1
4,212,2229907,-197,43,8226
13,211,2229929,-1,3,2
4,213,2239940,-202,44,8219
13,212,2239962,-2,-1,0
4,214,2250079,-189,45,8230
13,213,2250101,0,0,-2
4,215,2260108,-190,49,8222
13,214,2260130,0,1,0
4,216,2270133,-196,34,8215
13,215,2270154,0,2,0
4,217,2280269,-191,46,8224
13,216,2280291,2,0,0
4,218,2290415,-193,43,8220
13,217,2290437,-1,0,0
4,219,2300363,-195,49,8220
13,218,2300385,-2,0,1
4,220,2310459,-196,50,8219
13,219,2310481,0,1,2
4,221,2320631,-204,45,8226
13,220,2320653,-1,1,1
4,222,2330634,-193,54,8221
13,221,2330656,0,2,0
4,223,2340706,-194,42,8219
13,222,2340728,0,3,2
4,224,2350788,-193,44,8226
13,223,2350810,-2,2,0
4,225,2360857,-202,43,8220
13,224,2360879,-1,0,1
4,226,2370977,-207,49,8220
13,225,2370999,0,0,3
4,227,2380907,-200,50,8237
13,226,2380929,-1,1,2
4,228,2391060,-197,41,8221
13,227,2391081,-1,2,0
4,229,2401113,-203,51,8219
13,228,2401134,-1,0,0
4,230,2411208,-200,50,8228
13,229,2411230,0,0,0
4,231,2421240,-198,53,8229
13,230,2421261,1,0,2
4,232,2431316,-193,36,8219
13,231,2431338,0,0,1
4,233,2441459,-201,46,8209
13,232,2441481,-1,-2,0
4,234,2451549,-196,56,8203
13,233,2451571,-1,0,0
4,235,2461473,-195,42,8221
13,234,2461495,-1,3,0
4,236,2471617,-186,42,8231
13,235,2471639,0,1,0
4,237,2481701,-194,44,8230
13,236,2481723,0,-3,2
4,238,2491745,-185,51,8230
13,237,2491767,0,-1,0
4,239,2501832,-196,54,8214
13,238,2501854,0,0,0
4,240,2511822,-200,49,8222
13,239,2511844,0,1,-1
4,241,2521840,-189,40,8223
13,240,2521862,0,0,0
4,242,2532088,-194,46,8227
13,241,2532110,-1,0,-1
4,243,2542028,-205,49,8217
13,242,2542050,-2,0,-2
4,244,2552109,-197,45,8220
13,243,2552131,-2,0,0
4,245,2562207,-195,50,8223
13,244,2562229,0,2,0
4,246,2572371,-204,45,8227
13,245,2572393,0,0,0
4,247,2582364,-201,55,8227
13,246,2582386,0,0,0
4,248,2592499,-196,49,8227
13,247,2592521,0,1,1
4,249,2602435,-194,40,8226
13,248,2602457,0,0,0
4,250,2612701,-194,51,8219
13,249,2612723,-1,1,0
4,251,2622589,-187,54,8225
13,250,2622611,-1,3,0
4,252,2632636,-198,56,8227
13,251,2632658,-3,0,2
4,253,2642760,-192,55,8219
13,252,2642782,0,-1,-1
4,254,2652865,-191,52,8218
13,253,2652887,2,1,1
4,255,2662885,-199,56,8211
13,254,2662907,0,3,0
4,256,2672989,-192,50,8211
13,255,2673011,-1,1,0
4,257,2683036,-197,45,8227
13,256,2683058,-1,0,1
4,258,2693209,-195,45,8229
13,257,2693231,-1,0,0
4,259,2703188,-198,44,8222
13,258,2703210,1,2,0
4,260,2713261,-191,41,8222
13,259,2713283,0,2,2
4,261,2723376,-202,44,8239
13,260,2723398,0,1,1
4,262,2733432,-203,52,8237
13,261,2733454,0,0,0
4,263,2743492,-196,44,8234
13,262,2743514,1,0,0
4,264,2753483,-201,39,8224
13,263,2753505,0,2,0
4,265,2763586,-201,40,8226
13,264,2763608,-1,1,2
4,266,2773784,-194,48,8223
13,265,2773806,-2,1,2
4,267,2783741,-197,54,8223
13,266,2783763,0,0,0
4,268,2793812,-184,34,8213
13,267,2793833,0,0,0
4,269,2803831,-187,45,8223
13,268,2803853,-1,1,1
4,270,2814013,-195,41,8217
13,269,2814035,0,0,0
4,271,2823979,-192,52,8216
13,270,2824028,0,0,-3
4,272,2834124,-203,45,8222
13,271,2834146,0,0,0
4,273,2844158,-199,46,8227
13,272,2844180,-2,0,3
4,274,2854334,-190,46,8219
13,273,2854356,0,0,2
4,275,2864291,-190,46,8225
13,274,2864313,1,2,1
4,276,2874387,-197,39,8209
13,275,2874409,-1,0,1
4,277,2884494,-201,58,8222
13,276,2884516,-1,0,0
4,278,2894583,-200,41,8226
13,277,2894605,3,2,0
4,279,2904574,-194,43,8226
13,278,2904596,0,0,1
4,280,2914675,-198,59,8217
13,279,2914697,-1,0,1
4,281,2924720,-187,39,8220
13,280,2924742,-2,1,0
4,282,2934961,-192,53,8230
13,281,2934983,0,0,0
4,283,2944907,-195,49,8227
13,282,2944929,-1,-1,0
4,284,2954969,-196,47,8229
13,283,2954991,0,1,0
4,285,2965070,-194,45,8224
13,284,2965092,1,0,0
4,286,2975159,-197,37,8219
13,285,2975181,0,1,1
4,287,2985178,-192,39,8234
13,286,2985200,0,1,0
4,288,2995303,-191,39,8237
13,287,2995325,0,3,-1
4,289,3005294,-197,48,8214
13,288,3005316,0,0,0
4,290,3015423,-191,66,8221
13,289,3015445,0,0,0
4,291,3025451,-191,38,8218
13,290,3025473,0,0,0
4,292,3035549,-206,38,8216
13,291,3035571,0,1,0
4,293,3045633,-190,52,8219
13,292,3045655,0,1,1
4,294,3055722,-198,54,8238
13,293,3055744,0,1,1
4,295,3065741,-205,46,8233
13,294,3065790,0,0,1
4,296,3075840,-192,41,8221
13,295,3075862,-1,1,0
4,297,3085941,-197,56,8219
13,296,3085963,0,2,1
4,298,3096046,-203,37,8225
13,297,3096068,1,0,0
4,299,3106044,-190,45,8225
13,298,3106066,0,0,0
4,300,3116076,-192,39,8220
13,299,3116097,-1,1,0
4,301,3126173,-189,50,8233
13,300,3126195,-1,2,0
4,302,3136251,-199,54,8237
13,301,3136272,-2,1,0
4,303,3146215,-198,47,8215
13,302,3146237,0,-1,0
4,304,3156368,-193,39,8218
13,303,3156390,1,-2,0
4,305,3166441,-195,41,8224
13,304,3166463,0,1,0
4,306,3176630,-202,49,8227
13,305,3176679,0,1,0
4,307,3186583,-203,54,8225
13,306,3186605,0,-1,0
4,308,3196694,-206,39,8227
13,307,3196716,0,0,2
4,309,3206778,-200,46,8227
13,308,3206800,0,1,0
4,310,3216863,-190,49,8213
13,309,3216885,0,0,0
4,311,3226902,-186,42,8224
13,310,3226924,0,-2,-1
4,312,3236952,-200,47,8211
13,311,3236974,0,0,0
4,313,3247029,-207,44,8227
13,312,3247050,0,1,1
4,314,3257170,-198,47,8230
13,313,3257192,0,0,1
4,315,3267079,-185,45,8215
13,314,3267101,-2,0,2
4,316,3277231,-191,44,8221
13,315,3277253,0,3,0
4,317,3287268,-196,40,8224
13,316,3287290,0,0,-1
4,318,3297449,-188,50,8222
13,317,3297471,1,-1,0
4,319,3307468,-196,45,8222
13,318,3307490,0,3,0
4,320,3317532,-200,41,8225
13,319,3317554,0,1,0
4,321,3327645,-202,43,8233
13,320,3327667,-1,0,0
4,322,3337746,-202,30,8219
13,321,3337768,-2,0,0
4,323,3347744,-193,57,8209
13,322,3347766,0,-1,0
4,324,3357784,-203,40,8236
13,323,3357806,-2,0,1
4,325,3367892,-181,48,8218
13,324,3367914,0,0,0
4,326,3377926,-193,49,8222
13,325,3377948,0,-3,1
4,327,3387962,-180,49,8221
13,326,3387984,0,-3,0
4,328,3398092,-200,48,8220
13,327,3398114,0,0,0
4,329,3408028,-200,47,8214
13,328,3408050,-1,1,2
4,330,3418269,-199,39,8220
13,329,3418291,0,0,1
4,331,3428279,-204,47,8230
13,330,3428301,0,2,-2
4,332,3438303,-179,50,8228
13,331,3438325,1,3,-2
4,333,3448391,-201,50,8227
13,332,3448413,0,1,-1
4,334,3458521,-196,52,8220
13,333,3458543,0,0,1
4,335,3468560,-198,48,8223
13,334,3468582,-2,1,1
4,336,3478613,-200,50,8216
13,335,3478635,2,1,0
4,337,3488657,-190,48,8217
13,336,3488679,1,2,0
4,338,3498868,-198,48,8224
13,337,3498890,1,2,0
4,339,3508838,-191,45,8209
13,338,3508860,2,2,2
4,340,3518935,-197,40,8213
13,339,3518957,0,1,1
4,341,3528928,-196,46,8218
13,340,3528949,0,1,0
4,342,3539119,-192,55,8225
13,341,3539141,-1,0,0
4,343,3549075,-199,44,8225
13,342,3549097,-1,0,0
4,344,3559127,-200,54,8226
13,343,3559149,-1,-1,0
4,345,3569301,-195,46,8224
13,344,3569323,0,-2,0
4,346,3579447,-196,38,8227
13,345,3579469,0,-1,0
4,347,3589416,-197,41,8220
13,346,3589438,-2,1,0
4,348,3599421,-200,40,8230
13,347,3599443,2,0,0
4,349,3609545,-201,42,8212
13,348,3609567,0,0,0
4,350,3619665,-193,46,8224
13,349,3619687,-1,1,-1
4,351,3629612,-199,45,8224
13,350,3629633,-1,0,-1
4,352,3639744,-194,44,8216
13,351,3639766,-1,0,0
4,353,3649837,-190,39,8218
13,352,3649859,-1,-1,0
4,354,3659978,-199,46,8214
13,353,3660000,-1,-1,1
4,355,3669959,-198,48,8230
13,354,3669980,0,0,0
4,356,3680038,-197,39,8224
13,355,3680060,0,-1,1
4,357,3690026,-184,54,8230
13,356,3690048,-1,-1,1
4,358,3700236,-189,60,8225
13,357,3700258,-1,0,1
4,359,3710329,-200,47,8218
13,358,3710351,-1,3,1
4,360,3720383,-208,47,8211
13,359,3720405,1,1,-1
4,361,3730347,-204,51,8218
13,360,3730369,0,3,0
4,362,3740537,-184,54,8222
13,361,3740559,0,2,3
4,363,3750530,-182,42,8223
13,362,3750552,-1,0,0
4,364,3760534,-194,43,8224
13,363,3760556,-2,-2,0
4,365,3770687,-198,43,8229
13,364,3770709,0,0,0
4,366,3780843,-196,52,8228
13,365,3780865,0,1,0
4,367,3790852,-194,50,8221
13,366,3790874,0,-1,1
4,368,3800868,-195,50,8214
13,367,3800890,0,-2,0
4,369,3810935,-189,49,8225
13,368,3810957,0,-1,0
4,370,3821109,-193,40,8220
13,369,3821131,0,2,2
4,371,3831132,-199,44,8223
13,370,3831154,0,0,1
4,372,3841202,-206,44,8237
13,371,3841224,-1,0,0
4,373,3851211,-199,51,8219
13,372,3851233,0,2,0
4,374,3861413,-192,47,8217
13,373,3861435,-1,0,0
4,375,3871333,-200,45,8222
13,374,3871355,-1,0,1
4,376,3881462,-202,47,8223
13,375,3881484,0,2,1
4,377,3891600,-189,46,8227
13,376,3891622,0,1,2
4,378,3901696,-191,38,8233
13,377,3901718,0,1,0
4,379,3911690,-186,47,8233
13,378,3911712,0,0,0
4,380,3921759,-206,45,8213
13,379,3921781,0,1,1
4,381,3931781,-200,40,8219
13,380,3931803,-2,1,3
4,382,3941969,-202,47,8228
13,381,3941991,0,-1,1
4,383,3951999,-188,50,8222
13,382,3952021,0,2,0
4,384,3962072,-190,44,8213
13,383,3962094,0,1,0
4,385,3972122,-200,30,8225
13,384,3972144,-2,-1,0
4,386,3982294,-178,42,8214
13,385,3982316,-2,0,0
4,387,3992220,-183,44,8222
13,386,3992242,-1,-1,1
4,388,4002348,-194,52,8223
13,387,4002369,-1,0,-1
4,389,4012381,-201,40,8221
13,388,4012403,-1,0,0
4,390,4022459,-190,39,8227
13,389,4022481,1,1,0
4,391,4032601,-191,48,8215
13,390,4032623,-1,1,1
4,392,4042607,-194,51,8223
13,391,4042629,-4,2,1
4,393,4052690,-197,44,8219
13,392,4052712,0,0,2
4,394,4062874,-197,47,8225
13,393,4062896,-1,-2,0
4,395,4072909,-194,43,8224
13,394,4072931,0,0,0
4,396,4082990,-191,49,8218
13,395,4083012,2,-1,0
4,397,4093037,-197,50,8228
13,396,4093059,0,0,0
4,398,4103103,-195,41,8235
13,397,4103125,0,0,1
4,399,4113084,-183,48,8219
13,398,4113106,1,-2,0
4,400,4123171,-207,60,8230
13,399,4123193,1,0,0
4,401,4133162,-192,44,8222
13,400,4133184,0,0,0
4,402,4143416,-192,39,8214
13,401,4143438,-1,1,0
4,403,4153393,-191,56,8211
13,402,4153415,-2,3,2
4,404,4163430,-184,46,8221
13,403,4163452,-1,0,1
4,405,4173505,-190,44,8227
13,404,4173527,-1,-1,3
4,406,4183607,-200,35,8221
13,405,4183629,-3,1,1
4,407,4193682,-208,53,8228
13,406,4193704,-2,2,0
4,408,4203728,-204,52,8225
13,407,4203750,0,0,3
4,409,4213801,-200,48,8213
13,408,4213823,0,0,2
4,410,4223933,-201,59,8217
13,409,4223955,1,0,2
4,411,4233910,-195,48,8220
13,410,4233932,0,0,0
4,412,4243962,-178,48,8228
13,411,4243984,-2,0,1
4,413,4253952,-198,46,8242
13,412,4253974,-1,0,1
4,414,4264134,-194,51,8221
13,413,4264156,1,0,1
4,415,4274211,-190,44,8217
13,414,4274233,1,1,0
4,416,4284216,-195,36,8218
13,415,4284238,0,0,0
4,417,4294289,-190,42,8221
13,416,4294311,-2,0,1
4,418,4304398,-192,55,8220
13,417,4304420,0,1,-2
4,419,4314429,-201,52,8223
13,418,4314451,0,1,0
4,420,4324506,-197,37,8228
13,419,4324528,0,2,1
4,421,4334575,-195,46,8221
13,420,4334597,0,0,0
4,422,4344689,-203,50,8233
13,421,4344711,-1,0,-2
4,423,4354647,-198,48,8217
13,422,4354669,0,3,0
4,424,4364774,-190,54,8210
13,423,4364796,0,2,1
4,425,4374817,-206,40,8224
13,424,4374839,-1,2,0
4,426,4385018,-209,34,8221
13,425,4385040,0,0,-3
4,427,4394960,-194,46,8221
13,426,4394982,-1,3,-2
4,428,4404994,-194,40,8228
13,427,4405016,0,3,0
4,429,4415098,-199,46,8225
13,428,4415120,0,1,2
4,430,4425284,-202,55,8229
13,429,4425306,0,-2,-3
4,431,4435248,-193,52,8231
13,430,4435270,0,-1,-1
4,432,4445342,-212,50,8226
13,431,4445364,0,0,0
4,433,4455424,-197,47,8222
13,432,4455446,0,1,0
4,434,4465549,-193,46,8225
13,433,4465571,0,0,-1
4,435,4475541,-196,41,8227
13,434,4475563,0,0,0
4,436,4485579,-196,43,8219
13,435,4485601,-1,1,0
4,437,4495654,-192,50,8219
13,436,4495675,-2,1,0
4,438,4505742,-198,41,8218
13,437,4505764,0,-1,1
4,439,4515793,-194,49,8209
13,438,4515815,0,-2,2
4,440,4525890,-195,56,8231
13,439,4525912,-1,1,2
4,441,4535979,-191,47,8228
13,440,4536001,0,0,1
4,442,4546098,-193,45,8221
13,441,4546120,0,-2,0
4,443,4556075,-185,50,8223
13,442,4556097,0,1,0
4,444,4566084,-191,41,8216
13,443,4566106,0,2,2
4,445,4576235,-191,26,8220
13,444,4576257,0,1,1
4,446,4586350,-204,42,8224
13,445,4586372,-4,1,2
4,447,4596399,-204,51,8218
13,446,4596421,0,0,1
4,448,4606393,-202,51,8219
13,447,4606415,0,1,0
4,449,4616480,-203,45,8220
13,448,4616502,1,2,1
4,450,4626630,-187,43,8223
13,449,4626652,0,0,0
4,451,4636614,-203,47,8220
13,450,4636636,-1,0,0
4,452,4646673,-195,53,8225
13,451,4646695,0,0,2
4,453,4656679,-200,37,8225
13,452,4656701,0,0,0
4,454,4666861,-196,38,8225
13,453,4666883,0,0,0
4,455,4676852,-190,43,8218
13,454,4676874,-1,1,1
4,456,4686953,-191,45,8214
13,455,4687002,0,0,0
4,457,4696929,-192,59,8223
13,456,4696951,1,0,0
4,458,4707254,-200,52,8223
13,457,4707276,0,1,0
4,459,4717163,-194,31,8218
13,458,4717185,-2,0,0
4,460,4727142,-188,50,8226
13,459,4727164,-1,-1,3
4,461,4737240,-181,43,8220
13,460,4737262,0,0,0
4,462,4747355,-192,49,8224
13,461,4747376,-1,0,1
4,463,4757441,-202,55,8236
13,462,4757463,0,0,0
4,464,4767432,-188,37,8232
13,463,4767454,-1,0,0
4,465,4777544,-190,39,8219
13,464,4777566,0,0,0
4,466,4787689,-204,40,8213
13,465,4787711,0,0,1
4,467,4797646,-202,46,8227
13,466,4797668,0,1,0
4,468,4807678,-200,55,8229
13,467,4807700,0,0,0
4,469,4817785,-202,49,8232
13,468,4817807,0,0,0
4,470,4827948,-209,49,8232
13,469,4827970,0,1,1
4,471,4837919,-195,50,8230
13,470,4837941,-1,1,1
4,472,4848085,-187,43,8221
13,471,4848107,-1,0,1
4,473,4858097,-187,52,8211
13,472,4858119,-2,3,1
4,474,4868199,-199,49,8217
13,473,4868221,-1,-1,0
4,475,4878234,-189,48,8211
13,474,4878256,0,0,1
4,476,4888340,-198,47,8213
13,475,4888362,0,0,-1
4,477,4898295,-199,39,8220
13,476,4898316,-1,0,-1
4,478,4908442,-197,52,8214
13,477,4908464,0,0,0
4,479,4918504,-200,45,8231
13,478,4918526,0,0,2
4,480,4928611,-181,44,8225
13,479,4928633,-1,1,1
4,481,4938635,-197,45,8215
13,480,4938657,-1,0,0
4,482,4948767,-199,41,8227
13,481,4948789,0,0,-1
4,483,4958823,-205,44,8222
13,482,4958845,-1,0,0
4,484,4968873,-185,44,8220
13,483,4968895,0,2,0
4,485,4978893,-200,48,8216
13,484,4978915,-1,0,1
4,486,4988984,-196,48,8231
13,485,4989006,0,-3,0
4,487,4999027,-199,53,8219
13,486,4999049,0,0,0
4,488,5009161,-194,48,8221
13,487,5009183,0,-1,1
4,489,5019160,-190,52,8223
13,488,5019182,0,-2,2
4,490,5029256,-212,50,8234
13,489,5029278,1,0,1
4,491,5039299,-192,49,8225
13,490,5039321,0,0,1
4,492,5049393,-178,49,8222
13,491,5049415,1,0,1
4,493,5059412,-192,45,8225
13,492,5059434,0,0,1
4,494,5069631,-195,51,8226
13,493,5069653,0,0,1
4,495,5079579,-196,41,8221
13,494,5079601,-1,1,1
4,496,5089630,-203,38,8228
13,495,5089652,0,2,3
4,497,5099725,-199,45,8219
13,496,5099747,1,2,0
4,498,5109843,-205,42,8215
13,497,5109865,1,0,0
4,499,5119827,-189,48,8221
13,498,5119849,0,0,1
4,500,5129925,-183,45,8222
13,499,5129947,0,0,1
4,501,5140086,-194,57,8222
13,500,5140108,0,-2,0
4,502,5150090,-202,52,8232
13,501,5150112,0,1,0
4,503,5160189,-198,49,8222
13,502,5160211,-1,1,0
4,504,5170175,-203,50,8212
13,503,5170197,0,1,0
4,505,5180352,-203,45,8220
13,504,5180374,-1,0,0
4,506,5190455,-199,43,8218
13,505,5190477,-2,1,0
4,507,5200381,-197,37,8234
13,506,5200403,-1,1,-2
4,508,5210509,-208,52,8233
13,507,5210531,1,-1,0
4,509,5220552,-190,52,8226
13,508,5220574,0,2,0
4,510,5230658,-200,49,8232
13,509,5230680,0,1,0
4,511,5240731,-202,45,8224
13,510,5240753,1,0,0
4,512,5250753,-206,56,8225
13,511,5250775,1,0,1
4,513,5260819,-191,61,8227
13,512,5260841,0,0,0
4,514,5270981,-183,42,8212
13,513,5271003,1,0,0
4,515,5280962,-189,47,8219
13,514,5280984,2,0,0
4,516,5291066,-185,46,8224
13,515,5291088,0,-2,0
4,517,5301110,-190,48,8215
13,516,5301132,1,0,0
4,518,5311253,-198,51,8222
13,517,5311275,3,2,1
4,519,5321163,-190,39,8219
13,518,5321185,0,0,0
4,520,5331327,-187,57,8223
13,519,5331349,0,0,0
4,521,5341400,-194,47,8226
13,520,5341422,0,0,1
4,522,5351542,-194,46,8225
13,521,5351564,-1,0,0
4,523,5361486,-197,44,8224
13,522,5361508,0,0,0
4,524,5371517,-192,43,8226
13,523,5371539,0,0,0
4,525,5381614,-206,47,8219
13,524,5381636,0,-1,0
4,526,5391682,-204,51,8236
13,525,5391704,-1,0,0
4,527,5401762,-199,46,8226
13,526,5401783,-1,0,2
4,528,5411757,-193,49,8233
13,527,5411779,-1,3,0
4,529,5421875,-196,44,8224
13,528,5421897,0,3,2
4,530,5432076,-199,48,8229
13,529,5432098,0,0,2
4,531,5442021,-186,44,8221
13,530,5442070,-1,0,1
4,532,5452173,-197,55,8208
13,531,5452195,0,1,1
4,533,5462183,-199,49,8218
13,532,5462205,0,-1,1
4,534,5472267,-204,39,8221
13,533,5472289,0,0,0
4,535,5482290,-193,48,8216
13,534,5482312,-1,1,1
4,536,5492355,-197,46,8235
13,535,5492377,0,1,1
4,537,5502378,-195,47,8218
13,536,5502400,0,-2,-1
4,538,5512569,-200,43,8217
13,537,5512590,-2,0,-1
4,539,5522507,-191,33,8230
13,538,5522529,-2,0,1
4,540,5532592,-189,43,8230
13,539,5532614,0,0,0
4,541,5542633,-209,39,8229
13,540,5542655,0,-3,-1
4,542,5552743,-199,43,8221
13,541,5552765,0,0,3
4,543,5562862,-192,45,8226
13,542,5562885,0,0,-1
4,544,5572888,-197,39,8223
13,543,5572910,0,-3,0
4,545,5582918,-203,52,8223
13,544,5582940,0,0,0
4,546,5593126,-208,52,8216
13,545,5593148,0,1,0
4,547,5603086,-197,46,8225
13,546,5603108,0,0,1
4,548,5613171,-199,43,8223
13,547,5613193,0,0,1
4,549,5623184,-198,42,8227
13,548,5623206,1,0,1
4,550,5633290,-199,40,8216
13,549,5633312,0,0,0
4,551,5643325,-202,43,8228
13,550,5643347,0,0,2
4,552,5653463,-200,43,8229
13,551,5653485,1,2,2
4,553,5663440,-198,40,8225
13,552,5663461,0,1,0
4,554,5673658,-191,51,8214
13,553,5673707,-1,1,1
4,555,5683587,-191,46,8220
13,554,5683609,-2,2,2
4,556,5693720,-197,38,8224
13,555,5693742,-1,0,0
4,557,5703776,-203,44,8229
13,556,5703798,-2,2,0
4,558,5713804,-196,45,8221
13,557,5713826,-3,1,0
4,559,5723909,-200,45,8237
13,558,5723931,-2,-1,0
4,560,5733948,-198,48,8232
13,559,5733970,1,3,1
4,561,5743992,-186,52,8236
13,560,5744014,1,0,3
4,562,5754174,-192,48,8226
13,561,5754196,0,0,0
4,563,5764147,-203,41,8224
13,562,5764169,1,1,0
4,564,5774208,-191,38,8231
13,563,5774230,0,1,0
4,565,5784275,-196,39,8225
13,564,5784297,0,2,0
4,566,5794390,-191,47,8208
13,565,5794412,0,0,0
4,567,5804415,-199,37,8219
13,566,5804437,-1,0,0
4,568,5814548,-202,52,8227
13,567,5814570,0,1,0
4,569,5824571,-194,47,8223
13,568,5824593,0,0,0
4,570,5834673,-200,43,8229
13,569,5834695,2,1,1
4,571,5844716,-198,46,8218
13,570,5844738,-1,0,0
4,572,5854797,-188,44,8215
13,571,5854819,-2,-1,2
4,573,5864896,-203,52,8225
13,572,5864918,0,-1,2
4,574,5874929,-200,42,8222
13,573,5874951,-1,-2,1
4,575,5884963,-205,42,8224
13,574,5884984,0,0,1
4,576,5895062,-197,52,8219
13,575,5895084,-1,-1,2
4,577,5905076,-190,47,8216
13,576,5905098,0,0,1
4,578,5915246,-194,44,8223
13,577,5915268,0,2,0
4,579,5925211,-196,51,8215
13,578,5925233,2,0,1
4,580,5935380,-202,36,8221
13,579,5935402,-1,1,0
4,581,5945368,-191,52,8232
13,580,5945390,-1,2,0
4,582,5955476,-184,43,8211
13,581,5955498,0,0,2
4,583,5965579,-193,40,8226
13,582,5965601,0,0,0
4,584,5975537,-195,41,8226
13,583,5975559,-1,1,-2
4,585,5985634,-189,35,8227
13,584,5985656,-1,0,0
4,586,5995826,-201,43,8233
13,585,5995848,1,2,0
4,587,6005744,-200,46,8223
13,586,6005766,1,3,0
4,588,6015824,-184,44,8212
13,587,6015846,0,1,0
4,589,6025896,-183,43,8222
13,588,6025918,0,2,2
4,590,6035999,-191,51,8227
13,589,6036021,-1,0,0
4,591,6046043,-202,57,8218
13,590,6046065,-2,-1,-3
4,592,6056104,-183,55,8218
13,591,6056126,0,1,-3
4,593,6066240,-184,51,8226
13,592,6066262,0,1,0
4,594,6076378,-196,48,8224
13,593,6076400,-1,0,-1
4,595,6086385,-206,43,8223
13,594,6086407,0,1,0
4,596,6096392,-190,42,8219
13,595,6096414,1,0,0
4,597,6106497,-200,37,8228
13,596,6106519,0,0,0
4,598,6116513,-188,34,8228
13,597,6116535,1,-1,1
4,599,6126490,-184,39,8221
13,598,6126512,0,-2,0
4,600,6136682,-201,39,8218
13,599,6136704,-1,-2,-2
4,601,6146660,-200,41,8223
13,600,6146682,0,-2,0
4,602,6156851,-184,41,8226
13,601,6156873,0,-2,0
4,603,6166745,-194,43,8229
13,602,6166767,0,-1,0
4,604,6176871,-206,48,8222
13,603,6176893,0,-1,0
4,605,6187028,-194,48,8222
13,604,6187050,0,1,2
4,606,6197028,-194,38,8220
13,605,6197050,0,2,0
4,607,6207102,-205,51,8212
13,606,6207124,-1,0,0
4,608,6217178,-192,48,8220
13,607,6217200,0,0,0
4,609,6227217,-199,44,8212
13,608,6227239,0,-1,0
4,610,6237370,-187,43,8221
13,609,6237392,0,0,-2
4,611,6247342,-201,33,8231
13,610,6247364,0,1,-1
4,612,6257347,-201,44,8226
13,611,6257369,-1,3,0
4,613,6267472,-200,50,8220
13,612,6267494,-3,0,1
4,614,6277612,-188,56,8229
13,613,6277634,0,0,-1
4,615,6287613,-187,42,8221
13,614,6287635,0,0,-1
4,616,6297613,-178,30,8229
13,615,6297635,-1,1,-1
4,617,6307730,-199,49,8227
13,616,6307752,-1,0,0
4,618,6317920,-198,46,8206
13,617,6317942,0,0,0
4,619,6327813,-196,33,8211
13,618,6327835,0,1,0
4,620,6337941,-188,34,8233
13,619,6337963,-1,2,0
4,621,6348070,-197,50,8217
13,620,6348092,-1,0,-2
4,622,6358157,-201,49,8212
13,621,6358179,0,1,-2
4,623,6368122,-202,49,8229
13,622,6368144,0,1,0
4,624,6378165,-195,46,8234
13,623,6378187,-1,1,-1
4,625,6388212,-202,39,8227
13,624,6388234,0,3,-2
4,626,6398418,-192,39,8237
13,625,6398440,0,3,0
4,627,6408408,-198,48,8230
13,626,6408430,1,2,-1
4,628,6418404,-188,52,8233
13,627,6418426,0,-2,0
4,629,6428563,-197,62,8231
13,628,6428585,-3,-2,0
4,630,6438566,-202,48,8221
13,629,6438588,-1,0,0
4,631,6448690,-199,49,8228
13,630,6448712,0,3,0
4,632,6458824,-185,43,8223
13,631,6458846,0,1,0
4,633,6468828,-193,41,8218
13,632,6468850,0,0,-1
4,634,6478963,-194,40,8230
13,633,6478985,0,0,-1
4,635,6488912,-183,47,8216
13,634,6488934,-1,2,0
4,636,6498912,-202,53,8223
13,635,6498934,0,-1,0
4,637,6509063,-191,38,8225
13,636,6509085,-2,-3,-2
4,638,6519146,-191,35,8219
13,637,6519168,-2,0,-1
4,639,6529201,-188,46,8209
13,638,6529223,1,1,0
4,640,6539248,-197,39,8227
13,639,6539270,0,1,2
4,641,6549343,-188,46,8217
13,640,6549365,0,-1,0
4,642,6559421,-182,43,8229
13,641,6559471,-2,0,0
4,643,6569479,-188,40,8224
13,642,6569501,-1,1,-1
4,644,6579569,-194,51,8215
13,643,6579591,0,0,0
4,645,6589545,-195,35,8224
13,644,6589567,-1,0,-2
4,646,6599737,-199,42,8226
13,645,6599759,-2,0,0
4,647,6609748,-202,45,8217
13,646,6609770,-1,1,0
4,648,6619811,-192,52,8212
13,647,6619833,-2,0,0
4,649,6629855,-190,46,8224
13,648,6629877,0,2,0
4,650,6640085,-193,42,8223
13,649,6640107,-1,1,-1
4,651,6650075,-198,51,8221
13,650,6650097,-1,0,-1
4,652,6660103,-199,44,8228
13,651,6660125,1,2,2
4,653,6670144,-200,42,8216
13,652,6670166,0,0,0
4,654,6680239,-186,49,8211
13,653,6680261,-1,1,0
4,655,6690284,-196,56,8239
13,654,6690333,0,0,0
4,656,6700280,-200,41,8222
13,655,6700330,0,0,0
4,657,6710426,-193,48,8218
13,656,6710448,-1,0,0
4,658,6720586,-190,51,8214
13,657,6720608,0,3,-1
4,659,6730564,-205,49,8228
13,658,6730586,0,2,0
4,660,6740597,-202,50,8224
13,659,6740619,1,0,0
4,661,6750654,-184,49,8227
13,660,6750676,0,-1,-2
4,662,6760784,-191,49,8220
13,661,6760806,0,0,0
4,663,6770814,-189,42,8230
13,662,6770836,-1,2,-2
4,664,6780901,-190,46,8227
13,663,6780923,0,1,0
4,665,6790963,-207,48,8214
13,664,6790985,0,-1,0
4,666,6801103,-198,53,8223
13,665,6801125,1,-1,0
4,667,6811112,-194,43,8219
13,666,6811134,0,-1,-1
4,668,6821120,-207,46,8228
13,667,6821141,-1,1,0
4,669,6831287,-199,52,8210
13,668,6831309,0,2,-2
4,670,6841421,-198,54,8230
13,669,6841443,1,0,-1
4,671,6851431,-199,43,8239
13,670,6851453,1,2,-1
4,672,6861465,-196,45,8218
13,671,6861487,-2,2,0
4,673,6871499,-195,58,8217
13,672,6871521,-1,0,0
4,674,6881722,-188,44,8226
13,673,6881744,-1,-1,1
4,675,6891698,-206,34,8234
13,674,6891720,0,1,-1
4,676,6901779,-190,50,8232
13,675,6901801,0,-1,0
4,677,6911840,-184,53,8219
13,676,6911861,0,0,0
4,678,6921917,-198,40,8221
13,677,6921939,0,2,0
4,679,6932044,-190,51,8214
13,678,6932066,-1,3,0
4,680,6942147,-183,54,8229
13,679,6942169,0,2,0
4,681,6952197,-185,45,8223
13,680,6952219,0,-1,0
4,682,6962383,-194,38,8228
13,681,6962405,0,0,1
4,683,6972309,-203,49,8231
13,682,6972331,0,2,0
4,684,6982422,-202,45,8218
13,683,6982444,-3,3,0
4,685,6992525,-195,48,8221
13,684,6992547,0,1,1
4,686,7002600,-185,43,8212
13,685,7002622,3,0,0
4,687,7012626,-202,42,8212
13,686,7012648,1,0,0
4,688,7022680,-195,43,8221
13,687,7022702,0,0,1
4,689,7032748,-193,41,8226
13,688,7032770,0,3,-1
4,690,7042942,-200,45,8233
13,689,7042964,-1,1,-2
4,691,7052885,-206,51,8218
13,690,7052907,0,-1,-1
4,692,7062968,-204,58,8223
13,691,7063018,0,0,0
4,693,7073075,-200,47,8232
13,692,7073097,0,1,0
4,694,7083160,-200,53,8227
13,693,7083182,-1,0,-1
4,695,7093218,-194,42,8220
13,694,7093240,-1,-1,-1
4,696,7103301,-189,41,8214
13,695,7103322,0,0,0
4,697,7113319,-194,49,8221
13,696,7113341,0,0,0
4,698,7123478,-201,50,8220
13,697,7123500,0,0,-1
4,699,7133379,-207,38,8227
13,698,7133401,0,2,0
4,700,7143546,-207,36,8225
13,699,7143568,1,0,0
4,701,7153585,-213,47,8225
13,700,7153607,0,1,0
4,702,7163720,-186,32,8223
13,701,7163742,0,3,0
4,703,7173674,-184,43,8227
13,702,7173696,0,1,0
4,704,7183814,-194,55,8214
13,703,7183836,0,2,-1
4,705,7193893,-198,46,8224
13,704,7193915,1,0,-1
4,706,7204055,-199,39,8228
13,705,7204077,0,1,1
4,707,7214036,-199,48,8228
13,706,7214058,0,0,2
4,708,7224024,-199,42,8231
13,707,7224046,0,0,1
4,709,7234127,-202,42,8237
13,708,7234149,-1,-1,0
4,710,7244198,-194,46,8225
13,709,7244220,0,0,1
4,711,7254253,-193,44,8223
13,710,7254275,-1,0,3
4,712,7264275,-198,56,8233
13,711,7264297,0,0,1
4,713,7274449,-205,57,8246
13,712,7274471,0,0,-1
4,714,7284556,-197,45,8223
13,713,7284578,0,0,0
4,715,7294439,-205,46,8219
13,714,7294461,-1,0,0
4,716,7304578,-200,51,8232
13,715,7304600,-1,0,0
4,717,7314620,-178,50,8237
13,716,7314642,0,0,1
4,718,7324764,-191,39,8232
13,717,7324786,-1,0,1
4,719,7334781,-195,52,8231
13,718,7334803,-1,1,0
4,720,7344861,-196,57,8214
13,719,7344883,1,3,0
4,721,7354915,-206,39,8220
13,720,7354937,0,2,0
4,722,7365078,-198,46,8223
13,721,7365100,-1,2,0
4,723,7374982,-200,38,8225
13,722,7375004,0,1,1
4,724,7385093,-198,39,8228
13,723,7385115,1,0,0
4,725,7395183,-185,47,8222
13,724,7395205,-1,-2,0
4,726,7405219,-189,47,8223
13,725,7405241,0,-1,0
4,727,7415312,-195,42,8223
13,726,7415334,-1,0,0
4,728,7425398,-200,50,8217
13,727,7425420,-2,0,-1
4,729,7435396,-193,46,8228
13,728,7435418,0,1,0
4,730,7445675,-194,49,8223
13,729,7445697,-1,0,0
4,731,7455699,-200,45,8223
13,730,7455721,-1,0,0
4,732,7465644,-195,49,8237
13,731,7465666,0,0,0
4,733,7475768,-200,46,8232
13,732,7475790,-1,-1,0
4,734,7485841,-193,40,8220
13,733,7485863,-1,1,0
4,735,7495921,-194,50,8214
13,734,7495943,0,1,0
4,736,7505953,-185,42,8220
13,735,7505975,0,0,0
4,737,7515956,-184,39,8228
13,736,7515978,0,0,0
4,738,7526221,-207,43,8216
13,737,7526243,-1,0,0
4,739,7536151,-198,50,8231
13,738,7536173,0,0,-1
4,740,7546200,-178,46,8215
13,739,7546222,-3,1,0
4,741,7556287,-184,43,8214
13,740,7556309,-2,0,0
4,742,7566400,-203,38,8229
13,741,7566422,-1,0,0
4,743,7576509,-199,35,8225
13,742,7576531,-3,2,0
4,744,7586547,-188,43,8219
13,743,7586569,0,2,0
4,745,7596515,-206,45,8220
13,744,7596537,1,3,0
4,746,7606718,-198,49,8236
13,745,7606740,0,1,2
4,747,7616751,-194,52,8219
13,746,7616773,0,-1,0
4,748,7626749,-198,49,8222
13,747,7626771,0,-1,0
4,749,7636866,-195,43,8224
13,748,7636888,1,1,0
4,750,7646937,-197,52,8231
13,749,7646959,0,-1,-1
4,751,7656922,-191,52,8223
13,750,7656943,1,-3,0
4,752,7667024,-199,56,8227
13,751,7667046,0,-2,0
4,753,7677054,-205,50,8220
13,752,7677076,-1,1,2
4,754,7687287,-198,36,8220
13,753,7687309,-1,1,1
4,755,7697253,-203,41,8219
13,754,7697275,-1,0,0
4,756,7707392,-194,40,8229
13,755,7707414,0,2,0
4,757,7717378,-197,42,8244
13,756,7717400,0,2,-2
4,758,7727540,-201,51,8229
13,757,7727562,0,-1,1
4,759,7737456,-190,41,8232
13,758,7737478,0,0,2
4,760,7747655,-188,44,8227
13,759,7747677,0,3,0
4,761,7757618,-196,43,8221
13,760,7757640,0,0,1
4,762,7767731,-190,46,8227
13,761,7767753,-1,-1,-1
4,763,7777761,-195,51,8229
13,762,7777783,-1,0,0
4,764,7787809,-196,53,8232
13,763,7787831,-1,0,2
4,765,7797892,-189,40,8236
13,764,7797914,-2,0,1
4,766,7808072,-204,45,8225
13,765,7808094,0,1,1
4,767,7818037,-207,41,8221
13,766,7818059,1,2,0
4,768,7828082,-195,53,8220
13,767,7828104,0,0,1
4,769,7838153,-188,41,8221
13,768,7838175,-1,0,0
4,770,7848294,-199,48,8225
13,769,7848316,-1,0,0
4,771,7858297,-201,40,8223
13,770,7858319,1,1,0
4,772,7868332,-189,48,8215
13,771,7868354,0,0,0
4,773,7878421,-202,39,8229
13,772,7878443,0,-1,0
4,774,7888428,-211,44,8230
13,773,7888450,0,1,1
4,775,7898529,-198,37,8222
13,774,7898551,-1,0,0
4,776,7908614,-188,45,8226
13,775,7908636,0,0,0
4,777,7918678,-179,39,8223
13,776,7918700,1,0,0
4,778,7928856,-200,38,8217
13,777,7928878,-2,0,0
4,779,7938758,-216,47,8213
13,778,7938780,0,2,2
4,780,7948865,-194,37,8213
13,779,7948887,0,0,0
4,781,7958898,-200,43,8222
13,780,7958920,0,-1,-2
4,782,7969055,-195,39,8221
13,781,7969077,0,-2,0
4,783,7979004,-188,34,8232
13,782,7979026,-1,1,0
4,784,7989123,-207,46,8232
13,783,7989145,0,2,1
4,785,7999174,-196,36,8229
13,784,7999196,0,0,0
4,786,8009351,-187,46,8229
13,785,8009373,0,1,0
4,787,8019369,-203,50,8226
13,786,8019391,0,1,1
4,788,8029363,-195,39,8220
13,787,8029385,0,-1,-2
4,789,8039430,-195,46,8226
13,788,8039452,-1,1,-1
4,790,8049548,-197,41,8224
13,789,8049570,0,3,1
4,791,8059577,-197,53,8225
13,790,8059599,-1,0,0
4,792,8069677,-195,47,8227
13,791,8069699,-1,0,-2
4,793,8079769,-204,49,8215
13,792,8079791,0,2,0
4,794,8089910,-199,42,8223
13,793,8089932,0,3,0
4,795,8099867,-184,47,8225
13,794,8099889,0,0,-1
4,796,8109931,-196,48,8230
13,795,8109953,-2,2,0
4,797,8119986,-211,59,8225
13,796,8120007,-1,2,0
4,798,8130167,-208,45,8215
13,797,8130189,0,2,0
4,799,8140126,-197,54,8210
13,798,8140148,0,0,1
4,800,8150155,-194,51,8227
13,799,8150177,-1,0,0
4,801,8160281,-203,50,8224
13,800,8160303,0,-1,1
4,802,8170456,-194,56,8216
13,801,8170477,0,0,1
4,803,8180480,-190,55,8237
13,802,8180502,0,3,0
4,804,8190457,-191,41,8219
13,803,8190506,-1,0,1
4,805,8200564,-193,43,8229
13,804,8200586,-3,0,1
4,806,8210678,-191,43,8234
13,805,8210700,-1,0,0
4,807,8220751,-195,49,8216
13,806,8220773,-1,0,0
4,808,8230753,-217,54,8222
13,807,8230775,-1,3,0
4,809,8240795,-202,38,8224
13,808,8240817,0,0,1
4,810,8250974,-184,51,8222
13,809,8250996,0,0,-3
4,811,8261012,-192,52,8220
13,810,8261034,-1,1,-1
4,812,8271024,-191,47,8218
13,811,8271046,-1,2,2
4,813,8281030,-200,47,8221
13,812,8281052,0,0,0
4,814,8291200,-205,47,8215
13,813,8291222,-1,3,-2
4,815,8301236,-199,37,8211
13,814,8301257,-3,0,0
4,816,8311276,-189,43,8222
13,815,8311298,0,2,-1
4,817,8321398,-192,50,8222
13,816,8321420,1,1,0
4,818,8331545,-203,40,8234
13,817,8331567,0,1,0
4,819,8341517,-192,49,8230
13,818,8341539,0,0,0
4,820,8351592,-205,41,8221
13,819,8351614,0,0,0
4,821,8361624,-201,40,8221
13,820,8361645,-1,2,0
4,822,8371721,-194,52,8226
13,821,8371743,0,1,1
4,823,8381746,-196,48,8218
13,822,8381768,0,0,0
4,824,8391867,-200,51,8219
13,823,8391889,-2,-1,0
4,825,8401825,-187,43,8224
13,824,8401847,0,-1,1
4,826,8412068,-191,47,8226
13,825,8412090,0,0,0
4,827,8422025,-204,45,8229
13,826,8422046,0,-1,0
4,828,8432190,-206,40,8232
13,827,8432213,1,-2,0
4,829,8442200,-200,44,8221
13,828,8442222,0,-1,0
4,830,8452298,-209,43,8229
13,829,8452320,0,-2,0
4,831,8462392,-202,49,8230
13,830,8462414,0,0,0
4,832,8472400,-203,50,8225
13,831,8472422,0,0,1
4,833,8482463,-197,49,8220
13,832,8482485,-2,2,0
4,834,8492596,-190,50,8226
13,833,8492618,0,0,1
4,835,8502623,-193,51,8237
13,834,8502645,-1,0,1
4,836,8512633,-200,52,8224
13,835,8512655,-1,1,0
4,837,8522696,-195,37,8222
13,836,8522718,0,1,0
4,838,8532892,-200,47,8229
13,837,8532914,0,2,1
4,839,8542798,-194,48,8222
13,838,8542820,0,1,0
4,840,8552947,-191,40,8223
13,839,8552969,0,0,0
4,841,8563074,-197,42,8230
13,840,8563096,0,2,0
4,842,8573209,-188,48,8221
13,841,8573231,0,1,0
4,843,8583178,-187,34,8211
13,842,8583200,0,-3,0
4,844,8593228,-201,53,8218
13,843,8593250,0,-1,0
4,845,8603303,-207,45,8225
13,844,8603325,0,-1,0
4,846,8613358,-190,42,8225
13,845,8613380,1,-3,1
4,847,8623420,-196,51,8223
13,846,8623442,0,-1,0
4,848,8633539,-192,42,8241
13,847,8633561,-1,2,-1
4,849,8643524,-205,43,8230
13,848,8643546,-1,-2,-1
4,850,8653770,-197,49,8224
13,849,8653792,0,0,0
4,851,8663673,-191,49,8230
13,850,8663695,0,0,0
4,852,8673799,-205,40,8218
13,851,8673821,0,0,0
4,853,8683819,-183,50,8232
13,852,8683841,0,0,2
4,854,8693859,-198,50,8237
13,853,8693909,0,-2,0
4,855,8704048,-206,40,8230
13,854,8704070,0,-3,0
4,856,8714065,-201,50,8218
13,855,8714087,0,0,0
4,857,8724126,-202,50,8229
13,856,8724148,-1,0,0
4,858,8734216,-195,37,8234
13,857,8734238,-2,2,0
4,859,8744246,-199,51,8218
13,858,8744268,-1,-1,-1
4,860,8754360,-187,42,8219
13,859,8754382,0,-3,-1
4,861,8764336,-198,47,8232
13,860,8764357,-1,-1,-1
4,862,8774485,-202,54,8229
13,861,8774507,-1,0,0
4,863,8784526,-180,45,8233
13,862,8784548,-2,0,0
4,864,8794618,-190,36,8227
13,863,8794640,2,0,0
4,865,8804660,-194,58,8230
13,864,8804682,0,1,0
4,866,8814888,-203,50,8219
13,865,8814910,0,1,0
4,867,8824774,-196,43,8226
13,866,8824796,0,-1,0
4,868,8834942,-192,39,8233
13,867,8834964,0,-3,3
4,869,8845015,-194,44,8228
13,868,8845037,-1,0,0
4,870,8855069,-183,51,8223
13,869,8855091,0,0,0
4,871,8865066,-200,38,8222
13,870,8865088,0,-1,0
4,872,8875185,-194,44,8231
13,871,8875207,-1,1,0
4,873,8885253,-194,51,8219
13,872,8885275,0,0,0
4,874,8895346,-194,47,8224
13,873,8895368,0,0,0
4,875,8905362,-184,42,8223
13,874,8905384,0,-1,3
4,876,8915517,-195,51,8227
13,875,8915539,-1,0,0
4,877,8925579,-197,56,8222
13,876,8925600,0,2,0
4,878,8935639,-202,49,8227
13,877,8935688,-1,0,-1
4,879,8945707,-205,58,8222
13,878,8945729,-1,1,0
4,880,8955759,-193,46,8217
13,879,8955781,-1,-2,-1
4,881,8965863,-189,50,8233
13,880,8965885,0,0,0
4,882,8976010,-188,42,8226
13,881,8976032,-1,0,2
4,883,8985963,-192,37,8234
13,882,8985985,0,0,2
4,884,8996130,-198,35,8217
13,883,8996152,0,0,0
4,885,9006102,-194,50,8222
13,884,9006124,0,0,0
4,886,9016253,-197,48,8226
13,885,9016275,1,0,0
4,887,9026353,-211,47,8227
13,886,9026375,-1,-2,-2
4,888,9036378,-201,44,8218
13,887,9036400,0,-3,-1
4,889,9046459,-198,51,8214
13,888,9046481,0,-2,1
4,890,9056648,-197,51,8213
13,889,9056670,-2,-1,2
4,891,9066522,-190,42,8232
13,890,9066544,0,-2,0
4,892,9076707,-189,40,8221
13,891,9076729,0,-3,-1
4,893,9086771,-201,48,8223
13,892,9086793,1,1,-1
4,894,9096866,-207,54,8226
13,893,9096888,-1,2,1
4,895,9106896,-203,51,8224
13,894,9106918,-1,-2,0
4,896,9116977,-202,45,8227
13,895,9116999,1,0,0
4,897,9126994,-188,54,8224
13,896,9127016,1,0,-1
4,898,9137210,-187,41,8233
13,897,9137232,0,0,-2
4,899,9147192,-203,52,8228
13,898,9147214,1,1,0
4,900,9157209,-182,56,8227
13,899,9157231,2,0,0
4,901,9167398,-193,49,8217
13,900,9167420,0,0,0
4,902,9177432,-201,53,8221
13,901,9177454,-1,0,0
4,903,9187488,-196,50,8226
13,902,9187538,0,0,0
4,904,9197586,-200,55,8228
13,903,9197608,2,0,1
4,905,9207702,-196,51,8221
13,904,9207724,0,-1,0
4,906,9217843,-199,52,8236
13,905,9217865,2,-3,-1
4,907,9227820,-196,38,8232
13,906,9227842,0,-2,0
4,908,9237817,-200,46,8225
13,907,9237839,0,0,2
4,909,9247899,-188,52,8215
13,908,9247921,1,1,0
4,910,9257999,-190,47,8221
13,909,9258021,0,2,-1
4,911,9267951,-195,44,8234
13,910,9267973,0,0,0
4,912,9278105,-187,50,8225
13,911,9278127,-1,0,0
4,913,9288183,-194,41,8221
13,912,9288205,1,0,0
4,914,9298331,-179,40,8215
13,913,9298353,1,0,0
4,915,9308312,-187,46,8220
13,914,9308334,0,-3,0
4,916,9318410,-200,45,8228
13,915,9318432,-1,-2,0
4,917,9328507,-193,54,8231
13,916,9328529,-2,0,0
4,918,9338579,-195,49,8219
13,917,9338601,0,-1,0
4,919,9348641,-200,43,8229
13,918,9348663,1,0,2
4,920,9358697,-191,43,8226
13,919,9358718,0,-1,2
4,921,9368753,-201,44,8214
13,920,9368775,-2,0,2
4,922,9378935,-190,47,8221
13,921,9378957,0,-1,0
4,923,9388816,-200,46,8235
13,922,9388838,0,0,1
4,924,9398963,-191,47,8221
13,923,9398985,0,0,0
4,925,9409077,-184,41,8217
13,924,9409099,0,0,1
4,926,9419131,-188,53,8232
13,925,9419153,-3,1,0
4,927,9429175,-194,59,8218
13,926,9429197,-2,-1,-1
4,928,9439176,-201,46,8226
13,927,9439198,-1,-1,-2
4,929,9449333,-199,45,8229
13,928,9449355,0,0,0
4,930,9459503,-197,42,8232
13,929,9459525,-1,1,2
4,931,9469475,-193,52,8219
13,930,9469497,1,0,0
4,932,9479536,-193,49,8228
13,931,9479558,0,1,0
4,933,9489548,-193,43,8228
13,932,9489570,0,0,0
4,934,9499684,-198,33,8216
13,933,9499705,0,-3,0
4,935,9509717,-192,52,8217
13,934,9509739,0,-2,1
4,936,9519813,-187,53,8234
13,935,9519835,-2,0,0
4,937,9529872,-195,46,8225
13,936,9529894,-1,0,1
4,938,9539996,-196,51,8224
13,937,9540018,-1,-1,1
4,939,9550020,-194,49,8224
13,938,9550042,0,-1,1
4,940,9560163,-196,35,8221
13,939,9560185,0,-4,0
4,941,9570185,-196,29,8227
13,940,9570207,-2,-5,0
4,942,9580289,-186,47,8221
13,941,9580311,-2,-1,0
4,943,9590352,-194,52,8229
13,942,9590374,0,-1,0
4,944,9600390,-201,39,8228
13,943,9600412,0,0,1
4,945,9610435,-201,38,8222
13,944,9610457,0,0,0
4,946,9620602,-190,44,8230
13,945,9620624,0,-2,0
4,947,9630581,-194,42,8226
13,946,9630603,0,-1,0
4,948,9640657,-191,55,8212
13,947,9640679,0,0,0
4,949,9650718,-199,41,8213
13,948,9650740,-3,1,0
4,950,9660837,-193,54,8220
13,949,9660859,-1,0,-2
4,951,9670927,-208,36,8233
13,950,9670949,0,0,0
4,952,9680968,-203,48,8225
13,951,9680990,1,0,0
4,953,9690997,-197,51,8227
13,952,9691046,0,-1,2
4,954,9701133,-197,46,8221
13,953,9701155,-1,0,0
4,955,9711157,-199,49,8223
13,954,9711179,-1,0,0
4,956,9721237,-194,47,8226
13,955,9721259,0,-2,0
4,957,9731291,-197,55,8225
13,956,9731313,0,-2,0
4,958,9741302,-189,56,8227
13,957,9741324,-1,0,0
4,959,9751406,-195,47,8219
13,958,9751427,0,0,0
4,960,9761483,-194,36,8212
13,959,9761505,-4,-1,0
4,961,9771522,-200,50,8228
13,960,9771544,-3,-2,0
4,962,9781703,-191,52,8215
13,961,9781725,0,0,0
4,963,9791606,-189,50,8227
13,962,9791628,-1,0,1
4,964,9801757,-204,50,8227
13,963,9801779,0,0,1
4,965,9811808,-196,52,8222
13,964,9811830,0,0,-2
4,966,9821933,-193,39,8222
13,965,9821955,0,0,0
4,967,9831903,-195,41,8232
13,966,9831925,-2,0,-1
4,968,9842103,-198,41,8228
13,967,9842125,0,0,0
4,969,9852105,-191,33,8236
13,968,9852127,1,2,1
4,970,9862172,-202,50,8217
13,969,9862194,0,-2,1
4,971,9872198,-202,38,8233
13,970,9872220,0,0,1
4,972,9882263,-202,47,8231
13,971,9882285,-1,0,0
4,973,9892315,-189,43,8213
13,972,9892337,0,-2,0
4,974,9902414,-198,42,8229
13,973,9902436,0,0,0
4,975,9912445,-204,39,8234
13,974,9912467,0,0,-1
4,976,9922533,-203,50,8223
13,975,9922555,0,-1,0
4,977,9932575,-197,45,8219
13,976,9932597,0,1,0
4,978,9942718,-207,50,8235
13,977,9942740,-1,0,0
4,979,9952722,-192,51,8227
13,978,9952744,-1,0,0
4,980,9962825,-191,45,8222
13,979,9962847,0,-1,1
4,981,9972797,-205,58,8229
13,980,9972819,2,0,0
4,982,9982943,-198,44,8225
13,981,9982965,0,0,-3
4,983,9992969,-185,49,8220
13,982,9992991,-1,0,0
4,984,10002980,-211,38,8223
13,983,10003002,2,-2,0
4,985,10013082,-199,44,8216
13,984,10013104,2,0,0
4,986,10023297,-195,42,8216
13,985,10023319,0,1,0
4,987,10033163,-192,46,8212
13,986,10033185,-1,0,0
4,988,10043265,-184,41,8221
13,987,10043287,0,0,0
4,989,10053331,-193,38,8235
13,988,10053353,0,0,0
4,990,10063517,-199,47,8217
13,989,10063539,0,0,0
4,991,10073522,-191,43,8228
13,990,10073544,-1,2,0
4,992,10083520,-187,50,8231
13,991,10083542,0,-2,1
4,993,10093678,-191,57,8224
13,992,10093700,0,-1,0
4,994,10103785,-193,50,8212
13,993,10103807,0,0,0
4,995,10113737,-188,48,8221
13,994,10113759,3,0,0
4,996,10123803,-196,36,8222
13,995,10123825,0,0,0
4,997,10133881,-204,54,8219
13,996,10133903,2,1,1
4,998,10144027,-195,44,8224
13,997,10144049,0,-1,1
4,999,10154018,-205,46,8220
13,998,10154040,-1,0,0
4,1000,10164018,-191,44,8233
13,999,10164040,0,-1,0
4,1001,10174127,-199,48,8223
13,1000,10174149,1,-1,1
4,1002,10184373,-200,51,8222
13,1001,10184395,-1,2,1
4,1003,10194280,-198,34,8232
13,1002,10194302,0,1,0
4,1004,10204434,-190,38,8223
13,1003,10204456,0,-2,-1
4,1005,10214421,-191,47,8223
13,1004,10214443,0,-2,0
4,1006,10224495,-196,52,8217
13,1005,10224517,0,0,0
4,1007,10234526,-191,38,8216
13,1006,10234548,1,0,1
4,1008,10244557,-204,50,8222
13,1007,10244579,1,0,0
4,1009,10254661,-201,50,8219
13,1008,10254683,2,0,-1
4,1010,10264847,-192,47,8224
13,1009,10264869,1,-1,0
4,1011,10274860,-183,50,8223
13,1010,10274882,0,-2,0
4,1012,10284857,-197,46,8229
13,1011,10284879,0,0,-1
4,1013,10294975,-198,50,8220
13,1012,10294997,0,2,-1
4,1014,10304947,-193,44,8234
13,1013,10304969,0,0,0
4,1015,10315140,-193,42,8232
13,1014,10315162,0,-1,2
4,1016,10325141,-197,60,8213
13,1015,10325163,1,1,0
4,1017,10335137,-184,48,8234
13,1016,10335159,2,-1,0
4,1018,10345338,-194,42,8229
13,1017,10345360,0,0,1
4,1019,10355305,-190,33,8210
13,1018,10355327,0,-1,2
4,1020,10365371,-205,47,8233
13,1019,10365393,0,0,1
4,1021,10375455,-201,48,8238
13,1020,10375477,-1,1,-1
4,1022,10385533,-194,43,8216
13,1021,10385555,2,-3,0
4,1023,10395555,-187,41,8222
13,1022,10395577,2,-3,0
4,1024,10405587,-198,45,8226
13,1023,10405609,1,0,0
4,1025,10415671,-211,52,8230
13,1024,10415693,0,0,-1
4,1026,10425926,-201,45,8222
13,1025,10425948,0,0,1
4,1027,10435821,-190,43,8211
13,1026,10435870,0,0,0
4,1028,10445945,-209,43,8220
13,1027,10445967,0,0,0
4,1029,10455902,-195,38,8223
13,1028,10455924,3,-1,1
4,1030,10466056,-186,49,8228
13,1029,10466078,1,-2,0
4,1031,10476078,-210,43,8217
13,1030,10476100,0,0,0
4,1032,10486169,-199,48,8225
13,1031,10486191,-3,-3,0
4,1033,10496189,-188,54,8231
13,1032,10496211,0,0,-1
4,1034,10506337,-188,40,8212
13,1033,10506359,0,0,0
4,1035,10516345,-197,37,8228
13,1034,10516367,0,0,1
4,1036,10526344,-187,44,8226
13,1035,10526366,0,0,-1
4,1037,10536480,-199,42,8213
13,1036,10536502,0,0,0
4,1038,10546508,-200,60,8223
13,1037,10546529,0,0,0
4,1039,10556623,-186,58,8235
13,1038,10556645,1,0,0
4,1040,10566656,-188,46,8224
13,1039,10566705,1,0,0
4,1041,10576773,-199,41,8220
13,1040,10576795,0,0,0
4,1042,10586959,-207,33,8227
13,1041,10586981,0,-3,0
4,1043,10596877,-193,44,8242
13,1042,10596899,0,-2,1
4,1044,10606936,-187,49,8231
13,1043,10606958,0,1,2
4,1045,10616999,-197,52,8229
13,1044,10617021,1,1,2
4,1046,10627097,-198,38,8239
13,1045,10627119,1,-2,1
4,1047,10637127,-195,43,8218
13,1046,10637149,1,-1,0
4,1048,10647216,-200,36,8224
13,1047,10647238,0,0,0
4,1049,10657238,-198,39,8228
13,1048,10657260,1,0,0
4,1050,10667415,-198,47,8234
13,1049,10667437,1,0,2
4,1051,10677397,-191,47,8230
13,1050,10677419,0,0,1
4,1052,10687423,-190,42,8217
13,1051,10687472,0,-1,1
4,1053,10697600,-192,35,8223
13,1052,10697622,0,1,-1
4,1054,10707635,-191,40,8232
13,1053,10707657,0,2,0
4,1055,10717604,-189,47,8218
13,1054,10717626,2,0,2
4,1056,10727719,-200,50,8222
13,1055,10727741,2,-1,0
4,1057,10737778,-194,46,8231
13,1056,10737800,0,-1,0
4,1058,10747983,-190,39,8226
13,1057,10748005,0,1,0
4,1059,10757885,-195,46,8228
13,1058,10757907,1,-1,0
4,1060,10767972,-198,36,8234
13,1059,10767994,0,2,0
4,1061,10778006,-194,40,8222
13,1060,10778028,0,-3,0
4,1062,10788173,-188,56,8206
13,1061,10788195,0,-1,1
4,1063,10798147,-193,56,8218
13,1062,10798169,1,0,0
4,1064,10808215,-202,42,8222
13,1063,10808237,1,0,0
4,1065,10818328,-193,45,8225
13,1064,10818350,1,0,0
4,1066,10828500,-195,42,8231
13,1065,10828522,0,-1,2
4,1067,10838427,-190,42,8233
13,1066,10838449,1,-3,1
4,1068,10848436,-195,43,8224
13,1067,10848458,2,-1,1
4,1069,10858535,-199,48,8216
13,1068,10858557,2,1,1
4,1070,10868627,-186,45,8226
13,1069,10868649,2,1,-1
4,1071,10878648,-186,43,8231
13,1070,10878670,1,-2,0
4,1072,10888737,-193,42,8221
13,1071,10888759,1,-3,0
4,1073,10898782,-195,51,8220
13,1072,10898804,0,1,0
4,1074,10908968,-199,42,8216
13,1073,10908990,0,-1,2
4,1075,10918930,-196,42,8220
13,1074,10918952,0,0,-1
4,1076,10928997,-197,52,8235
13,1075,10929019,3,0,0
4,1077,10939045,-198,53,8226
13,1076,10939094,2,0,1
4,1078,10949162,-205,55,8224
13,1077,10949184,1,-1,0
4,1079,10959200,-193,61,8216
13,1078,10959222,0,0,0
4,1080,10969221,-190,45,8231
13,1079,10969243,0,-2,0
4,1081,10979323,-185,33,8220
13,1080,10979345,1,-4,0
4,1082,10989440,-194,51,8212
13,1081,10989462,0,1,1
4,1083,10999483,-203,45,8237
13,1082,10999505,-2,0,1
4,1084,11009484,-207,42,8241
13,1083,11009506,0,-2,1
4,1085,11019548,-195,36,8228
13,1084,11019570,0,0,0
4,1086,11029695,-211,55,8227
13,1085,11029717,0,0,0
4,1087,11039667,-206,47,8223
13,1086,11039689,0,-2,0
4,1088,11049765,-195,43,8224
13,1087,11049787,0,-3,1
4,1089,11059795,-191,47,8224
13,1088,11059817,0,-1,0
4,1090,11070068,-188,43,8224
13,1089,11070090,0,-2,0
4,1091,11079970,-194,29,8229
13,1090,11079992,1,-1,0
4,1092,11090016,-203,59,8230
13,1091,11090038,-2,0,0
4,1093,11100140,-215,50,8227
13,1092,11100162,-2,0,0
4,1094,11110115,-189,38,8199
13,1093,11110137,6,0,0
4,1095,11120211,-212,43,8253
13,1094,11120233,16,19,-1
4,1096,11130324,-177,62,8223
13,1095,11130346,23,-2,-2
4,1097,11140342,-207,49,8225
13,1096,11140364,9,2,-3
4,1098,11150500,-187,59,8226
13,1097,11150522,12,-17,-5
4,1099,11160455,-189,46,8216
13,1098,11160477,4,5,-3
4,1100,11170518,-195,26,8229
13,1099,11170540,11,-1,-3
4,1101,11180594,-199,42,8244
13,1100,11180616,24,-9,-7
4,1102,11190710,-183,22,8219
13,1101,11190732,33,-13,-25
4,1103,11200791,-166,22,8194
13,1102,11200813,25,2,-63
4,1104,11210791,-315,-9,8262
13,1103,11210813,6,51,-51
4,1105,11220908,-394,11,8217
13,1104,11220930,24,19,123
4,1106,11230973,-267,82,8212
13,1105,11230995,7,1,202
4,1107,11241026,-28,197,8212
13,1106,11241048,3,2,319
4,1108,11250999,7,105,8226
13,1107,11251021,2,7,194
4,1109,11261038,-205,55,8195
13,1108,11261060,3,8,-10
4,1110,11271227,-225,58,8240
13,1109,11271249,0,2,-7
4,1111,11281222,-197,50,8247
13,1110,11281244,-6,2,7
4,1112,11291312,-189,43,8224
13,1111,11291334,-1,1,3
4,1113,11301273,-214,59,8215
13,1112,11301295,3,-1,2
4,1114,11311539,-209,54,8227
13,1113,11311561,2,-2,5
4,1115,11321537,-208,67,8213
13,1114,11321559,3,-6,12
4,1116,11331514,-230,106,8210
13,1115,11331536,4,-9,79
4,1117,11341610,-179,29,8206
13,1116,11341632,3,-5,214
4,1118,11351696,-163,-11,8218
13,1117,11351718,2,0,141
4,1119,11361741,-193,41,8217
13,1118,11361763,0,-2,-2
4,1120,11371776,-200,52,8233
13,1119,11371798,1,-5,-12
4,1121,11381856,-168,19,8249
13,1120,11381878,1,-8,-12
4,1122,11391941,134,-111,8232
13,1121,11391963,12,-28,-140
4,1123,11401990,-163,-36,8217
13,1122,11402011,17,-37,-508
4,1124,11412049,-304,109,8210
13,1123,11412071,11,-39,-544
4,1125,11422065,-205,88,8216
13,1124,11422087,0,-31,-435
4,1126,11432139,-273,76,8219
13,1125,11432161,1,-20,-377
4,1127,11442229,-173,27,8219
13,1126,11442251,6,-31,-306
4,1128,11452326,-163,52,8235
13,1127,11452348,4,-28,-333
4,1129,11462299,-247,98,8230
13,1128,11462321,5,-26,-328
4,1130,11472475,-282,128,8220
13,1129,11472497,8,-21,-239
4,1131,11482501,-279,135,8227
13,1130,11482523,9,-17,-111
4,1132,11492567,-196,82,8195
13,1131,11492589,12,-17,-17
4,1133,11502587,-175,55,8216
13,1132,11502609,5,-7,-3
4,1134,11512676,-162,20,8216
13,1133,11512698,0,-4,-16
4,1135,11522659,-122,9,8216
13,1134,11522681,4,-9,-72
4,1136,11532782,-199,48,8231
13,1135,11532804,4,-9,-143
4,1137,11542842,-184,45,8235
13,1136,11542864,7,-11,-154
4,1138,11552927,-165,54,8227
13,1137,11552949,7,-16,-172
4,1139,11563049,-169,54,8197
13,1138,11563071,2,-13,-210
4,1140,11573030,-241,103,8236
13,1139,11573052,8,-13,-196
4,1141,11583133,-201,76,8216
13,1140,11583155,14,-11,-107
4,1142,11593283,-221,69,8223
13,1141,11593305,9,-17,-72
4,1143,11603249,-196,76,8205
13,1142,11603271,7,-17,-31
4,1144,11613334,-159,41,8209
13,1143,11613355,7,-12,-12
4,1145,11623347,-152,41,8205
13,1144,11623369,11,-14,-35
4,1146,11633468,-152,30,8220
13,1145,11633490,8,-11,-77
4,1147,11643490,-209,56,8236
13,1146,11643512,5,-13,-114
4,1148,11653532,-197,73,8220
13,1147,11653554,19,-21,-111
4,1149,11663632,-178,61,8220
13,1148,11663654,24,-18,-98
4,1150,11673695,-171,59,8228
13,1149,11673717,23,-16,-85
4,1151,11683763,-138,25,8237
13,1150,11683813,31,-23,-95
4,1152,11693744,-174,64,8215
13,1151,11693766,58,-17,-115
4,1153,11703926,-216,71,8236
13,1152,11703948,74,-2,-93
4,1154,11714074,-187,38,8264
13,1153,11714096,101,-12,-77
4,1155,11723966,-231,68,8246
13,1154,11723988,154,-9,-56
4,1156,11734151,-279,47,8211
13,1155,11734173,187,-5,-2
4,1157,11744123,-278,71,8077
13,1156,11744145,162,10,53
4,1158,11754251,-168,60,8304
13,1157,11754273,78,22,80
4,1159,11764273,-80,12,8336
13,1158,11764295,152,0,27
4,1160,11774430,-136,65,8279
13,1159,11774452,280,0,-24
4,1161,11784455,-103,118,8283
13,1160,11784477,369,0,-34
4,1162,11794644,-111,125,8252
13,1161,11794666,434,-6,-74
4,1163,11804540,-206,215,8194
13,1162,11804562,465,0,-101
4,1164,11814582,-199,214,8186
13,1163,11814603,428,-10,-77
4,1165,11824698,-118,155,8214
13,1164,11824720,405,-14,-79
4,1166,11834737,-107,80,8319
13,1165,11834759,443,-5,-143
4,1167,11844831,-182,177,8299
13,1166,11844853,549,-15,-220
4,1168,11854887,-239,278,8254
13,1167,11854909,652,7,-197
4,1169,11864925,-186,148,8391
13,1168,11864947,739,2,-134
4,1170,11875119,-307,231,8177
13,1169,11875141,878,-24,-157
4,1171,11885075,-455,419,8002
13,1170,11885097,829,4,-185
4,1172,11895160,65,419,8395
13,1171,11895182,710,-6,-159
4,1173,11905214,-57,309,8338
13,1172,11905236,923,-15,-159
4,1174,11915304,-133,444,8304
13,1173,11915326,1095,-9,-200
4,1175,11925351,-184,528,8211
13,1174,11925373,1236,-3,-140
4,1176,11935453,-212,637,8108
13,1175,11935475,1250,-7,-129
4,1177,11945490,-245,599,8097
13,1176,11945512,1167,-4,-162
4,1178,11955584,-304,664,8064
13,1177,11955606,1066,0,-258
4,1179,11965644,-288,752,8072
13,1178,11965666,940,-2,-283
4,1180,11975696,-278,775,8095
13,1179,11975718,831,-17,-282
4,1181,11985726,-277,785,8153
13,1180,11985748,776,-14,-358
4,1182,11995821,-71,913,8211
13,1181,11995843,779,-36,-344
4,1183,12005765,-87,848,8198
13,1182,12005787,883,-34,-257
4,1184,12015928,-124,876,8125
13,1183,12015950,925,-35,-236
4,1185,12025971,-59,1044,8137
13,1184,12025993,906,-36,-232
4,1186,12036121,-244,1024,8028
13,1185,12036142,923,-17,-208
4,1187,12046072,-275,1056,7948
13,1186,12046094,779,-4,-259
4,1188,12056084,-26,1083,8197
13,1187,12056106,593,-22,-284
4,1189,12066218,-129,1006,8240
13,1188,12066240,681,-35,-233
4,1190,12076303,-265,1060,8123
13,1189,12076325,811,-29,-237
4,1191,12086350,-176,1142,8099
13,1190,12086372,823,-24,-263
4,1192,12096413,-226,1272,8064
13,1191,12096435,818,-19,-245
4,1193,12106426,-340,1206,7938
13,1192,12106448,741,-28,-184
4,1194,12116585,-136,1350,8086
13,1193,12116607,583,-27,-158
4,1195,12126639,-228,1254,8065
13,1194,12126661,608,-26,-135
4,1196,12136617,-231,1374,7935
13,1195,12136639,523,-20,-126
4,1197,12146695,-37,1344,8165
13,1196,12146717,424,0,-41
4,1198,12156778,-164,1353,8075
13,1197,12156800,519,5,-26
4,1199,12166791,-265,1345,7943
13,1198,12166813,476,-3,-14
4,1200,12176879,-237,1411,7935
13,1199,12176901,299,-2,22
4,1201,12186919,-121,1452,8085
13,1200,12186941,180,-7,44
4,1202,12197151,-247,1358,8032
13,1201,12197173,200,-11,-14
4,1203,12207098,-236,1408,8029
13,1202,12207120,152,4,-63
4,1204,12217151,-89,1431,8141
13,1203,12217173,131,-12,-56
4,1205,12227216,-157,1402,8083
13,1204,12227238,192,-21,-11
4,1206,12237337,-97,1448,8079
13,1205,12237359,241,-19,-1
4,1207,12247326,-161,1468,8059
13,1206,12247348,281,2,15
4,1208,12257389,-240,1476,8013
13,1207,12257411,295,13,29
4,1209,12267393,-182,1454,8051
13,1208,12267415,275,19,62
4,1210,12277602,-196,1466,8063
13,1209,12277624,289,3,66
4,1211,12287554,-87,1458,8134
13,1210,12287576,303,-5,60
4,1212,12297638,-115,1504,8091
13,1211,12297660,440,6,43
4,1213,12307629,-136,1461,8090
13,1212,12307651,527,12,45
4,1214,12317837,-194,1533,8050
13,1213,12317859,566,17,27
4,1215,12327871,-166,1540,8038
13,1214,12327893,578,19,35
4,1216,12337925,-186,1573,8031
13,1215,12337947,588,19,31
4,1217,12347982,-144,1484,8125
13,1216,12348004,625,12,30
4,1218,12358089,-184,1553,8102
13,1217,12358111,752,5,-9
4,1219,12368108,-206,1641,8042
13,1218,12368130,843,-3,-15
4,1220,12378156,-180,1654,8024
13,1219,12378178,900,-3,-10
4,1221,12388220,-184,1729,7999
13,1220,12388242,942,-2,-7
4,1222,12398250,-176,1743,8021
13,1221,12398272,986,2,-14
4,1223,12408424,-199,1765,8055
13,1222,12408446,1069,4,-18
4,1224,12418432,-195,1907,7936
13,1223,12418454,1135,0,-17
4,1225,12428457,-206,1926,7954
13,1224,12428479,1143,1,-23
4,1226,12438708,-188,1954,7935
13,1225,12438730,1163,-9,-13
4,1227,12448655,-199,2018,7903
13,1226,12448677,1177,-14,-1
4,1228,12458730,-182,1953,8028
13,1227,12458752,1221,-9,-4
4,1229,12468789,-217,2156,7868
13,1228,12468811,1359,-9,-18
4,1230,12478896,-158,2105,7911
13,1229,12478918,1374,-12,-3
4,1231,12488889,-172,2194,7875
13,1230,12488911,1426,-6,-6
4,1232,12498984,-204,2425,7742
13,1231,12499006,1459,-7,-14
4,1233,12508985,-154,2286,7883
13,1232,12509007,1355,-12,9
4,1234,12519215,-184,2447,7755
13,1233,12519237,1384,-5,-1
4,1235,12529183,-227,2561,7715
13,1234,12529205,1418,-6,-16
4,1236,12539179,-137,2429,7824
13,1235,12539201,1386,-15,-6
4,1237,12549329,-213,2684,7642
13,1236,12549351,1407,-14,-14
4,1238,12559426,-203,2729,7659
13,1237,12559448,1374,-20,-26
4,1239,12569424,-126,2659,7690
13,1238,12569446,1266,-23,-10
4,1240,12579550,-182,2862,7554
13,1239,12579572,1285,-12,-29
4,1241,12589669,-174,2958,7502
13,1240,12589691,1117,-16,-14
4,1242,12599678,-148,2796,7689
13,1241,12599700,1059,-3,-30
4,1243,12609721,-180,2997,7522
13,1242,12609743,1063,-22,-53
4,1244,12619780,-195,3109,7417
13,1243,12619802,934,-25,-45
4,1245,12629905,-157,2878,7640
13,1244,12629927,762,-17,-17
4,1246,12639985,-184,3077,7498
13,1245,12640007,765,-17,-40
4,1247,12649931,-177,3024,7572
13,1246,12649953,687,-37,-70
4,1248,12660136,-196,3155,7463
13,1247,12660158,652,-35,-56
4,1249,12670119,-166,2974,7648
13,1248,12670141,617,-14,-18
4,1250,12680326,-163,3089,7538
13,1249,12680348,670,-22,-52
4,1251,12690303,-159,3131,7496
13,1250,12690325,655,-37,-75
4,1252,12700380,-199,3190,7488
13,1251,12700402,635,-36,-88
4,1253,12710513,-183,3247,7446
13,1252,12710535,584,-41,-67
4,1254,12720546,-178,3227,7438
13,1253,12720568,527,-35,-55
4,1255,12730566,-173,3285,7396
13,1254,12730588,444,-39,-71
4,1256,12740650,-194,3284,7432
13,1255,12740672,348,-45,-78
4,1257,12750742,-205,3272,7473
13,1256,12750764,308,-21,-39
4,1258,12760855,-184,3229,7516
13,1257,12760877,322,-4,1
4,1259,12770883,-169,3217,7521
13,1258,12770905,372,-6,4
4,1260,12780917,-170,3318,7429
13,1259,12780939,412,-12,0
4,1261,12790929,-160,3305,7422
13,1260,12790951,375,-14,3
4,1262,12801101,-162,3329,7397
13,1261,12801123,361,8,6
4,1263,12811065,-201,3314,7507
13,1262,12811087,337,40,39
4,1264,12821221,-160,3299,7456
13,1263,12821243,364,-2,27
4,1265,12831282,-182,3443,7307
13,1264,12831304,371,-6,13
4,1266,12841474,-175,3421,7344
13,1265,12841496,267,-2,17
4,1267,12851424,-185,3374,7403
13,1266,12851446,194,2,12
4,1268,12861495,-185,3360,7433
13,1267,12861517,175,-3,-3
4,1269,12871470,-247,3369,7384
13,1268,12871492,173,-9,-27
4,1270,12881667,-338,3367,7357
13,1269,12881689,104,-22,-70
4,1271,12891651,-86,3403,7456
13,1270,12891673,27,-42,-101
4,1272,12901685,-43,3413,7437
13,1271,12901707,86,-40,-65
4,1273,12911798,-149,3418,7430
13,1272,12911820,175,-4,-13
4,1274,12922007,-255,3323,7460
13,1273,12922029,223,-20,-15
4,1275,12931922,-228,3442,7383
13,1274,12931943,231,-32,-57
4,1276,12942078,-87,3388,7460
13,1275,12942100,248,-18,-32
4,1277,12952084,-206,3397,7412
13,1276,12952106,321,-20,-32
4,1278,12962190,-207,3443,7323
13,1277,12962212,340,-8,-41
4,1279,12972224,-225,3417,7430
13,1278,12972246,316,19,-4
4,1280,12982253,-193,3448,7418
13,1279,12982275,309,-9,-40
4,1281,12992396,-108,3534,7398
13,1280,12992418,400,-7,-3
4,1282,13002480,-99,3473,7398
13,1281,13002502,518,7,48
4,1283,13012512,-188,3518,7379
13,1282,13012534,611,21,55
4,1284,13022473,-203,3534,7305
13,1283,13022495,627,-4,30
4,1285,13032600,-355,3572,7202
13,1284,13032622,568,-6,-29
4,1286,13042714,-255,3541,7333
13,1285,13042736,406,-26,-121
4,1287,13052731,-83,3559,7409
13,1286,13052753,370,-65,-144
4,1288,13062852,-67,3556,7414
13,1287,13062874,514,-69,-99
4,1289,13072844,-151,3582,7363
13,1288,13072866,711,-47,-82
4,1290,13083083,-244,3616,7281
13,1289,13083105,836,-38,-74
4,1291,13092982,-246,3737,7201
13,1290,13093004,854,-22,-79
4,1292,13103075,-81,3775,7259
13,1291,13103097,844,-7,-58
4,1293,13113094,-100,3778,7228
13,1292,13113116,916,5,1
4,1294,13123251,-172,3803,7205
13,1293,13123273,988,21,44
4,1295,13133299,-183,3844,7172
13,1294,13133321,1030,27,51
4,1296,13143352,-199,3891,7128
13,1295,13143374,1039,21,49
4,1297,13153464,-264,3889,7112
13,1296,13153486,1025,19,45
4,1298,13163583,-360,3892,7065
13,1297,13163605,975,17,7
4,1299,13173550,-213,4016,7048
13,1298,13173572,846,-23,-80
4,1300,13183614,-37,3982,7130
13,1299,13183663,838,-69,-92
4,1301,13193694,-121,4030,7082
13,1300,13193716,959,-53,-75
4,1302,13203802,-83,4144,7019
13,1301,13203824,1035,-44,-51
4,1303,13213817,-197,4151,6937
13,1302,13213839,1102,-35,-40
4,1304,13223932,-309,4185,6888
13,1303,13223954,1081,2,-42
4,1305,13233930,-35,4280,6995
13,1304,13233952,1016,21,-19
4,1306,13244121,-127,4281,6903
13,1305,13244143,1142,22,52
4,1307,13254092,-278,4337,6834
13,1306,13254114,1152,33,57
4,1308,13264208,-388,4298,6820
13,1307,13264230,1068,37,46
4,1309,13274235,-129,4323,6948
13,1308,13274257,986,6,-28
4,1310,13284283,-232,4355,6850
13,1309,13284305,1096,-6,-7
4,1311,13294370,-159,4417,6832
13,1310,13294392,1160,12,16
4,1312,13304423,-65,4507,6740
13,1311,13304445,1250,14,26
4,1313,13314584,-67,4562,6688
13,1312,13314606,1305,28,52
4,1314,13324684,-122,4601,6670
13,1313,13324706,1340,27,39
4,1315,13334661,-122,4675,6621
13,1314,13334683,1336,10,10
4,1316,13344765,-108,4718,6586
13,1315,13344787,1335,4,-3
4,1317,13354829,-154,4751,6576
13,1316,13354851,1330,0,-13
4,1318,13364905,-200,4708,6638
13,1317,13364927,1359,2,-9
4,1319,13374925,-239,4741,6617
13,1318,13374947,1497,41,36
4,1320,13385007,-222,4809,6551
13,1319,13385029,1671,138,155
4,1321,13395136,-182,4901,6455
13,1320,13395158,1808,165,198
4,1322,13405230,-195,5149,6213
13,1321,13405252,1799,101,130
4,1323,13415155,-174,4950,6404
13,1322,13415177,1670,65,97
4,1324,13425259,-55,5050,6296
13,1323,13425281,1730,21,30
4,1325,13435351,-136,5194,6187
13,1324,13435400,1720,-13,-31
4,1326,13445479,-216,5317,6067
13,1325,13445501,1705,-4,-38
4,1327,13455496,-160,5290,6091
13,1326,13455518,1595,2,-25
4,1328,13465567,-187,5436,5975
13,1327,13465589,1558,1,-38
4,1329,13475644,-161,5501,5862
13,1328,13475666,1421,-5,-27
4,1330,13485797,-202,5499,5918
13,1329,13485819,1270,-5,-30
4,1331,13495735,-200,5497,5939
13,1330,13495757,1196,-2,-10
4,1332,13505810,-205,5471,5932
13,1331,13505832,1170,-5,-7
4,1333,13515862,-184,5574,5841
13,1332,13515884,1175,-10,-12
4,1334,13526004,-169,5749,5653
13,1333,13526026,1109,-20,-10
4,1335,13535944,-172,5523,5881
13,1334,13535965,924,-27,-39
4,1336,13546075,-186,5920,5515
13,1335,13546097,931,-23,-47
4,1337,13556143,-139,5504,5890
13,1336,13556165,667,-56,-63
4,1338,13566396,-216,5699,5749
13,1337,13566418,726,-106,-138
4,1339,13576302,-206,5961,5483
13,1338,13576324,628,-96,-102
4,1340,13586374,-179,5568,5842
13,1339,13586396,479,-136,-130
4,1341,13596504,-225,5823,5624
13,1340,13596526,568,-127,-128
4,1342,13606510,-211,6038,5359
13,1341,13606532,392,-103,-77
4,1343,13616558,-164,5571,5841
13,1342,13616580,242,-60,-33
4,1344,13626647,-214,5765,5737
13,1343,13626669,394,-15,-22
4,1345,13636758,-128,5852,5524
13,1344,13636780,458,-10,7
4,1346,13646873,-191,6167,5229
13,1345,13646895,210,-39,-40
4,1347,13656837,-190,5636,5753
13,1346,13656859,-173,-50,-47
4,1348,13666935,-239,5630,5879
13,1347,13666957,16,-33,-32
4,1349,13676916,-215,5808,5671
13,1348,13676938,235,2,39
4,1350,13687094,-90,6082,5203
13,1349,13687116,150,0,27
4,1351,13697197,-247,5785,5695
13,1350,13697219,-145,-6,-10
4,1352,13707212,-177,5478,5966
13,1351,13707234,-78,21,52
4,1353,13717256,-118,6005,5392
13,1352,13717278,137,40,51
4,1354,13727404,-185,5527,5931
13,1353,13727426,-14,8,0
4,1355,13737366,-197,5696,5747
13,1354,13737388,259,1,2
4,1356,13747453,-163,5864,5534
13,1355,13747475,341,-2,2
4,1357,13757514,-168,5890,5531
13,1356,13757536,240,0,-17
4,1358,13767658,-216,5873,5584
13,1357,13767680,138,8,-15
4,1359,13777623,-214,5806,5646
13,1358,13777645,109,8,10
4,1360,13787755,-199,5829,5609
13,1359,13787777,147,25,46
4,1361,13797773,-169,5807,5600
13,1360,13797795,186,65,79
4,1362,13808003,-153,5822,5609
13,1361,13808025,176,30,28
4,1363,13817939,-189,5829,5621
13,1362,13817961,173,4,-6
4,1364,13827926,-191,5851,5590
13,1363,13827948,187,2,-2
4,1365,13838107,-193,5838,5603
13,1364,13838129,192,-3,3
4,1366,13848134,-183,5810,5623
13,1365,13848156,215,1,3
4,1367,13858181,-183,5831,5608
13,1366,13858203,275,4,0
4,1368,13868182,-178,5837,5573
13,1367,13868204,311,2,-11
4,1369,13878308,-182,5858,5565
13,1368,13878330,327,2,-23
4,1370,13888525,-199,5880,5548
13,1369,13888547,353,4,-14
4,1371,13898386,-198,5837,5594
13,1370,13898408,393,2,-4
4,1372,13908503,-206,5834,5582
13,1371,13908525,484,-2,6
4,1373,13918564,-203,5873,5549
13,1372,13918586,592,1,19
4,1374,13928686,-187,5879,5530
13,1373,13928735,704,35,52
4,1375,13938755,-182,5915,5500
13,1374,13938777,841,107,108
4,1376,13948810,-184,5954,5449
13,1375,13948832,905,105,101
4,1377,13958823,-174,5997,5404
13,1376,13958845,925,51,48
4,1378,13969016,-175,6034,5339
13,1377,13969038,937,16,9
4,1379,13979064,-177,6085,5290
13,1378,13979085,914,-4,-21
4,1380,13989038,-181,6131,5236
13,1379,13989060,884,-4,-33
4,1381,13999086,-193,6080,5313
13,1380,13999108,859,2,-25
4,1382,14009226,-185,6103,5288
13,1381,14009248,936,0,-5
4,1383,14019237,-192,6116,5253
13,1382,14019259,1017,-1,1
4,1384,14029294,-187,6130,5237
13,1383,14029316,1087,-8,-6
4,1385,14039369,-181,6217,5131
13,1384,14039391,1171,-9,-8
4,1386,14049639,-194,6238,5100
13,1385,14049661,1208,-5,-7
4,1387,14059611,-182,6275,5058
13,1386,14059633,1251,-5,-7
4,1388,14069639,-173,6344,4965
13,1387,14069661,1277,0,-8
4,1389,14079683,-172,6371,4915
13,1388,14079705,1264,3,-13
4,1390,14089758,-191,6406,4910
13,1389,14089780,1249,5,-14
4,1391,14099841,-187,6384,4911
13,1390,14099863,1262,-7,-12
4,1392,14109866,-180,6503,4757
13,1391,14109888,1310,-1,-7
4,1393,14119872,-189,6515,4739
13,1392,14119894,1276,-1,-13
4,1394,14130173,-198,6513,4733
13,1393,14130194,1265,-2,-17
4,1395,14140029,-195,6514,4712
13,1394,14140051,1300,-2,-11
4,1396,14150143,-186,6553,4647
13,1395,14150165,1361,-8,-11
4,1397,14160296,-198,6621,4565
13,1396,14160318,1407,-6,-12
4,1398,14170334,-194,6656,4539
13,1397,14170356,1417,-7,-15
4,1399,14180369,-176,6688,4461
13,1398,14180390,1448,-3,-16
4,1400,14190492,-179,6783,4331
13,1399,14190514,1443,5,-19
4,1401,14200466,-180,6895,4200
13,1400,14200488,1345,0,-32
4,1402,14210697,-209,6958,4132
13,1401,14210719,1167,5,-30
4,1403,14220649,-202,6900,4178
13,1402,14220671,967,-2,-14
4,1404,14230734,-210,6824,4261
13,1403,14230755,872,-2,-6
4,1405,14240782,-211,6833,4250
13,1404,14240804,884,-3,0
4,1406,14250867,-197,6899,4171
13,1405,14250889,897,-7,0
4,1407,14260879,-197,6935,4121
13,1406,14260901,870,-9,0
4,1408,14271001,-204,6944,4085
13,1407,14271023,827,-14,6
4,1409,14281068,-182,6967,4034
13,1408,14281090,781,-11,10
4,1410,14291162,-206,6933,4062
13,1409,14291184,731,-2,9
4,1411,14301261,-164,7017,3929
13,1410,14301283,743,2,12
4,1412,14311274,-197,6969,3990
13,1411,14311296,656,5,-8
4,1413,14321385,-199,6978,3996
13,1412,14321407,646,14,1
4,1414,14331478,-182,7068,3862
13,1413,14331500,636,11,-6
4,1415,14341586,-196,7036,3887
13,1414,14341608,532,14,-16
4,1416,14351658,-193,7056,3890
13,1415,14351680,487,43,6
4,1417,14361687,-215,7136,3806
13,1416,14361709,400,62,2
4,1418,14371832,-219,6956,4000
13,1417,14371854,364,40,23
4,1419,14381788,-211,6982,3936
13,1418,14381810,528,104,87
4,1420,14391867,-201,7121,3797
13,1419,14391889,590,156,118
4,1421,14401900,-202,7073,3803
13,1420,14401922,519,139,96
4,1422,14412047,-175,7086,3788
13,1421,14412069,480,125,72
4,1423,14422099,-174,7122,3752
13,1422,14422121,446,116,55
4,1424,14432163,-182,7152,3711
13,1423,14432185,394,115,46
4,1425,14442270,-175,7092,3773
13,1424,14442292,333,103,38
4,1426,14452453,-188,7171,3680
13,1425,14452475,323,93,29
4,1427,14462397,-219,7063,3807
13,1426,14462419,244,40,6
4,1428,14472482,-205,7095,3760
13,1427,14472504,312,53,26
4,1429,14482503,-196,7119,3707
13,1428,14482525,386,131,80
4,1430,14492630,-193,7111,3704
13,1429,14492652,439,212,121
4,1431,14502658,-201,7101,3721
13,1430,14502680,495,279,149
4,1432,14512765,-212,7095,3739
13,1431,14512787,563,311,163
4,1433,14522746,-206,7131,3689
13,1432,14522768,611,253,134
4,1434,14532984,-169,7182,3612
13,1433,14533006,609,174,85
4,1435,14542997,-177,7188,3616
13,1434,14543019,567,103,39
4,1436,14552988,-193,7171,3587
13,1435,14553009,560,60,12
4,1437,14563096,-204,7198,3562
13,1436,14563118,583,50,9
4,1438,14573151,-203,7237,3519
13,1437,14573173,588,35,-1
4,1439,14583250,-206,7254,3477
13,1438,14583272,564,13,-4
4,1440,14593301,-206,7217,3524
13,1439,14593323,550,-1,-1
4,1441,14603353,-203,7184,3548
13,1440,14603375,605,-4,3
4,1442,14613493,-198,7201,3504
13,1441,14613515,706,-4,16
4,1443,14623417,-231,7191,3478
13,1442,14623439,808,12,12
4,1444,14633544,-198,7233,3416
13,1443,14633566,893,-8,-17
4,1445,14643604,-168,7320,3318
13,1444,14643626,910,-52,-50
4,1446,14653731,-208,7392,3217
13,1445,14653753,858,-86,-65
4,1447,14663757,-214,7398,3210
13,1446,14663778,744,-128,-86
4,1448,14673780,-189,7383,3194
13,1447,14673802,680,-138,-75
4,1449,14683884,-169,7414,3118
13,1448,14683933,640,-121,-61
4,1450,14694147,-184,7398,3136
13,1449,14694169,562,-99,-67
4,1451,14704053,-226,7366,3208
13,1450,14704075,519,-110,-72
4,1452,14714092,-230,7395,3150
13,1451,14714114,528,-142,-74
4,1453,14724179,-176,7420,3073
13,1452,14724201,508,-171,-81
4,1454,14734242,-165,7429,3044
13,1453,14734264,500,-129,-65
4,1455,14744284,-171,7413,3049
13,1454,14744306,509,-60,-36
4,1456,14754360,-184,7361,3121
13,1455,14754382,545,-7,-13
4,1457,14764421,-212,7380,3094
13,1456,14764443,619,1,-16
4,1458,14774580,-215,7435,3022
13,1457,14774602,666,-5,-16
4,1459,14784553,-205,7480,2941
13,1458,14784575,670,0,-14
4,1460,14794638,-216,7463,2932
13,1459,14794660,632,0,-13
4,1461,14804752,-220,7439,2968
13,1460,14804802,628,-3,-7
4,1462,14814847,-200,7430,2932
13,1461,14814869,690,0,-1
4,1463,14824857,-202,7468,2875
13,1462,14824879,733,2,-10
4,1464,14834887,-202,7509,2824
13,1463,14834909,745,3,-18
4,1465,14844984,-220,7526,2790
13,1464,14845006,724,0,-23
4,1466,14855117,-216,7525,2790
13,1465,14855139,701,1,-17
4,1467,14865074,-214,7490,2793
13,1466,14865096,720,2,-5
4,1468,14875072,-211,7508,2745
13,1467,14875093,779,5,4
4,1469,14885223,-213,7592,2629
13,1468,14885245,795,10,8
4,1470,14895296,-205,7617,2564
13,1469,14895318,720,2,-1
4,1471,14905341,-218,7608,2578
13,1470,14905363,635,-2,-7
4,1472,14915406,-203,7633,2529
13,1471,14915428,569,-1,-6
4,1473,14925413,-197,7662,2492
13,1472,14925435,487,2,-5
4,1474,14935674,-209,7627,2519
13,1473,14935696,401,6,-4
4,1475,14945642,-210,7610,2564
13,1474,14945664,370,10,2
4,1476,14955713,-215,7600,2553
13,1475,14955735,380,12,1
4,1477,14965723,-212,7591,2522
13,1476,14965745,381,1,-4
4,1478,14975930,-209,7605,2534
13,1477,14975951,394,-3,-6
4,1479,14985872,-216,7583,2534
13,1478,14985894,432,0,-3
4,1480,14995894,-209,7557,2532
13,1479,14995916,495,3,-2
4,1481,15005998,-204,7547,2530
13,1480,15006020,578,3,1
4,1482,15016192,-219,7575,2507
13,1481,15016214,680,12,10
4,1483,15026148,-209,7594,2456
13,1482,15026170,772,4,6
4,1484,15036225,-199,7594,2406
13,1483,15036247,844,-9,-8
4,1485,15046302,-203,7629,2351
13,1484,15046324,901,-7,-15
4,1486,15056438,-200,7654,2296
13,1485,15056460,936,-3,-17
4,1487,15066448,-221,7681,2248
13,1486,15066470,957,-7,-12
4,1488,15076469,-217,7723,2167
13,1487,15076491,958,-12,-8
4,1489,15086614,-216,7734,2137
13,1488,15086636,929,-10,-7
4,1490,15096762,-219,7703,2141
13,1489,15096784,917,-8,-3
4,1491,15106699,-217,7698,2098
13,1490,15106721,945,-5,-1
4,1492,15116813,-221,7723,2034
13,1491,15116835,979,0,-7
4,1493,15126879,-248,7722,1964
13,1492,15126901,999,17,-6
4,1494,15136947,-391,7659,1917
13,1493,15136969,1071,82,2
4,1495,15147013,-205,7721,1948
13,1494,15147035,1250,175,18
4,1496,15157137,-53,7915,1753
13,1495,15157159,1234,140,22
4,1497,15167084,-249,7775,1727
13,1496,15167106,1095,142,20
4,1498,15177335,-249,7791,1756
13,1497,15177357,1121,189,18
4,1499,15187323,-365,7730,1730
13,1498,15187345,1169,142,13
4,1500,15197442,-68,7971,1640
13,1499,15197464,1238,64,3
4,1501,15207464,-171,7904,1523
13,1500,15207486,1017,22,2
4,1502,15217492,-166,7889,1540
13,1501,15217514,912,46,2
4,1503,15227609,-203,7898,1520
13,1502,15227631,814,24,0
4,1504,15237610,-236,7856,1475
13,1503,15237632,764,13,-1
4,1505,15247684,-195,7933,1380
13,1504,15247706,746,21,-8
4,1506,15257875,-205,7918,1383
13,1505,15257896,632,1,-20
4,1507,15267827,-222,7925,1342
13,1506,15267849,558,-2,-22
4,1508,15277963,-224,7931,1330
13,1507,15277985,478,2,-23
4,1509,15287966,-234,7940,1309
13,1508,15287988,406,1,-15
4,1510,15298055,-228,7938,1277
13,1509,15298077,332,1,-5
4,1511,15308121,-221,7922,1292
13,1510,15308170,256,6,-1
4,1512,15318287,-209,7918,1297
13,1511,15318309,212,16,0
4,1513,15328296,-221,7881,1334
13,1512,15328318,189,22,4
4,1514,15338458,-223,7861,1346
13,1513,15338480,198,19,-1
4,1515,15348426,-228,7889,1312
13,1514,15348448,219,14,0
4,1516,15358415,-244,7914,1287
13,1515,15358437,210,13,2
4,1517,15368520,-241,7916,1270
13,1516,15368542,184,6,5
4,1518,15378551,-230,7886,1276
13,1517,15378573,162,-2,7
4,1519,15388631,-222,7886,1275
13,1518,15388653,158,-4,6
4,1520,15398731,-218,7891,1278
13,1519,15398753,158,-1,5
4,1521,15408818,-231,7908,1266
13,1520,15408839,155,0,0
4,1522,15418944,-213,7912,1239
13,1521,15418993,139,-5,3
4,1523,15428982,-219,7926,1218
13,1522,15429004,108,-4,5
4,1524,15438899,-221,7901,1253
13,1523,15438921,77,-3,5
4,1525,15449095,-218,7897,1255
13,1524,15449117,79,-5,3
4,1526,15459139,-231,7879,1259
13,1525,15459161,88,-4,-1
4,1527,15469120,-212,7869,1262
13,1526,15469142,103,-1,0
4,1528,15479193,-209,7849,1296
13,1527,15479215,133,-1,-3
4,1529,15489258,-214,7835,1300
13,1528,15489280,208,-2,-9
4,1530,15499434,-203,7872,1247
13,1529,15499455,280,-1,-11
4,1531,15509430,-219,7895,1217
13,1530,15509452,311,0,-10
4,1532,15519449,-235,7908,1198
13,1531,15519471,328,0,-6
4,1533,15529509,-228,7926,1152
13,1532,15529531,326,2,1
4,1534,15539625,-222,7910,1157
13,1533,15539647,307,0,9
4,1535,15549629,-217,7903,1143
13,1534,15549651,298,2,5
4,1536,15559811,-213,7912,1126
13,1535,15559833,290,3,0
4,1537,15569788,-224,7901,1141
13,1536,15569810,290,2,-2
4,1538,15580023,-220,7891,1145
13,1537,15580045,312,0,-7
4,1539,15589879,-223,7886,1128
13,1538,15589901,347,-4,-11
4,1540,15599976,-225,7916,1087
13,1539,15599998,366,0,-9
4,1541,15610044,-239,7926,1064
13,1540,15610065,368,2,-8
4,1542,15620144,-239,7945,1028
13,1541,15620166,362,1,-2
4,1543,15630175,-243,7945,1006
13,1542,15630197,338,0,2
4,1544,15640186,-238,7940,1003
13,1543,15640208,309,-1,6
4,1545,15650295,-225,7901,1040
13,1544,15650317,293,-1,3
4,1546,15660384,-222,7872,1056
13,1545,15660406,333,0,4
4,1547,15670415,-217,7894,1010
13,1546,15670437,398,1,2
4,1548,15680446,-211,7955,933
13,1547,15680467,440,10,-2
4,1549,15690559,-210,7988,880
13,1548,15690581,405,14,-5
4,1550,15700694,-220,7959,880
13,1549,15700716,359,26,-6
4,1551,15710684,-216,7967,861
13,1550,15710706,326,49,4
4,1552,15720819,-230,7920,911
13,1551,15720841,297,71,14
4,1553,15730790,-281,7878,906
13,1552,15730812,340,86,21
4,1554,15740994,-350,7799,877
13,1553,15741016,458,118,5
4,1555,15750945,-406,7743,879
13,1554,15750967,647,148,-7
4,1556,15760996,-89,8057,940
13,1555,15761018,916,77,-13
4,1557,15771071,12,8206,633
13,1556,15771093,699,35,8
4,1558,15781171,-247,7923,757
13,1557,15781193,386,48,-5
4,1559,15791213,-226,7868,825
13,1558,15791235,440,48,-7
4,1560,15801274,-223,7835,787
13,1559,15801296,560,68,-2
4,1561,15811351,-540,7246,503
13,1560,15811373,833,119,-10
4,1562,15821506,-429,7628,955
13,1561,15821528,1865,125,-54
4,1563,15831532,-452,7611,375
13,1562,15831554,2189,118,-21
4,1564,15841550,-330,8023,753
13,1563,15841572,2589,22,-49
4,1565,15851519,-441,7503,204
13,1564,15851541,2613,-36,-16
4,1566,15861681,-547,7545,65
13,1565,15861703,3315,40,-27
4,1567,15871668,1082,10618,-791
13,1566,15871690,2996,43,-15
4,1568,15881791,-165,8368,-194
13,1567,15881813,41,-19,-25
4,1569,15891815,-419,7712,126
13,1568,15891837,-174,2,2
4,1570,15901961,-179,8051,-99
13,1569,15901982,97,0,41
4,1571,15911959,-218,7948,-12
13,1570,15911981,-22,-5,5
4,1572,15922040,-235,7954,21
13,1571,15922062,-36,-3,-20
4,1573,15932075,-240,7978,24
13,1572,15932124,-9,-2,-20
4,1574,15942177,-243,7991,-15
13,1573,15942199,1,-3,-11
4,1575,15952190,-248,7973,14
13,1574,15952212,-13,-2,-6
4,1576,15962349,-230,7974,-21
13,1575,15962371,-1,1,-4
4,1577,15972322,-241,7986,-13
13,1576,15972344,-4,-1,-6
4,1578,15982408,-253,7970,-7
13,1577,15982430,-9,-3,-1
4,1579,15992405,-254,7977,1
13,1578,15992427,-6,-1,4
4,1580,16002481,-249,7993,1
13,1579,16002502,-4,-2,11
4,1581,16012549,-255,7996,2
13,1580,16012571,-5,-6,15
4,1582,16022634,-230,7973,3
13,1581,16022656,-10,-7,16
4,1583,16032667,-248,7969,0
13,1582,16032689,-14,-6,9
4,1584,16042733,-432,7964,50
13,1583,16042755,-13,-59,0
4,1585,16052790,-117,7998,-12
13,1584,16052811,-1,-257,-2
4,1586,16062977,-145,7987,-9
13,1585,16062999,2,-94,4
4,1587,16072966,-251,7959,32
13,1586,16072988,9,2,8
4,1588,16082991,-241,7977,9
13,1587,16083013,22,-10,5
4,1589,16093038,-236,7976,9
13,1588,16093060,22,-11,-1
4,1590,16103074,-232,7972,-2
13,1589,16103096,21,-12,-3
4,1591,16113137,-320,7985,34
13,1590,16113159,12,-45,-4
4,1592,16123229,-256,7983,5
13,1591,16123251,2,-250,-5
4,1593,16133333,-137,7977,-24
13,1592,16133355,2,-254,0
4,1594,16143444,-284,7982,37
13,1593,16143466,5,-116,-3
4,1595,16153381,-258,7976,22
13,1594,16153403,17,-230,0
4,1596,16163518,-174,7999,-30
13,1595,16163540,21,-278,9
4,1597,16173547,-176,7985,-54
13,1596,16173569,26,-139,6
4,1598,16183672,-243,7971,-15
13,1597,16183694,24,-25,6
4,1599,16193713,-253,7977,-11
13,1598,16193735,17,-38,4
4,1600,16203800,-237,7987,-30
13,1599,16203822,0,-61,1
4,1601,16213831,-232,7981,-18
13,1600,16213853,-7,-37,0
4,1602,16223935,-234,7973,-19
13,1601,16223957,-8,-19,-5
4,1603,16233974,-230,7975,-8
13,1602,16233996,-10,-16,-12
4,1604,16243940,-246,7972,3
13,1603,16243962,-5,-7,-12
4,1605,16254041,-241,7981,-20
13,1604,16254063,4,-4,-9
4,1606,16264211,-242,7993,-9
13,1605,16264233,-3,0,-5
4,1607,16274163,-255,7992,-4
13,1606,16274185,-5,-4,2
4,1608,16284279,-244,7967,12
13,1607,16284301,-2,-6,7
4,1609,16294280,-242,7964,12
13,1608,16294302,7,-8,4
4,1610,16304470,-249,7977,6
13,1609,16304492,10,-14,3
4,1611,16314459,-243,7984,8
13,1610,16314481,7,-28,1
4,1612,16324507,-217,7987,-16
13,1611,16324529,2,-51,0
4,1613,16334632,-204,7983,-22
13,1612,16334654,-6,-37,0
4,1614,16344671,-220,7981,3
13,1613,16344693,-12,-8,-4
4,1615,16354740,-225,7970,3
13,1614,16354762,-4,-3,-2
4,1616,16364728,-235,7970,-5
13,1615,16364750,2,-2,-1
4,1617,16374855,-237,7985,-4
13,1616,16374877,1,-2,-1
4,1618,16384964,-253,7974,0
13,1617,16384986,0,2,0
4,1619,16394857,-250,7972,3
13,1618,16394879,2,0,3
4,1620,16405034,-231,7971,-4
13,1619,16405056,4,-3,1
4,1621,16415054,-229,7982,-3
13,1620,16415076,-2,-1,0
4,1622,16425151,-231,7972,-12
13,1621,16425173,-2,0,0
4,1623,16435106,-233,7966,-8
13,1622,16435128,0,0,-2
4,1624,16445283,-237,7976,0
13,1623,16445305,5,-1,-3
4,1625,16455376,-251,7970,-2
13,1624,16455398,3,-1,-4
4,1626,16465422,-250,7977,6
13,1625,16465444,-1,0,-7
4,1627,16475424,-255,7982,0
13,1626,16475446,3,0,-1
4,1628,16485458,-246,7983,-27
13,1627,16485480,0,0,-2
4,1629,16495543,-246,7980,-9
13,1628,16495564,-6,0,-6
4,1630,16505620,-245,7971,10
13,1629,16505641,-2,-3,-1
4,1631,16515667,-240,7976,7
13,1630,16515689,1,-1,3
4,1632,16525688,-237,7976,8
13,1631,16525710,5,2,7
4,1633,16535799,-232,7971,1
13,1632,16535821,9,-1,7
4,1634,16546062,-224,7978,-6
13,1633,16546084,11,0,3
4,1635,16555938,-224,7981,-5
13,1634,16555987,5,0,-1
4,1636,16565992,-228,7984,-7
13,1635,16566014,-1,-1,-4
4,1637,16576077,-243,7980,-12
13,1636,16576099,-6,0,-4
4,1638,16586222,-240,7968,3
13,1637,16586244,-7,0,-6
4,1639,16596169,-238,7979,10
13,1638,16596191,-4,0,-3
4,1640,16606276,-239,7978,2
13,1639,16606298,1,-1,-2
4,1641,16616380,-243,7969,7
13,1640,16616402,4,-1,-2
4,1642,16626554,-244,7985,0
13,1641,16626576,9,-2,0
4,1643,16636480,-243,7989,-15
13,1642,16636502,6,0,-1
4,1644,16646522,-252,7982,-6
13,1643,16646543,6,-1,-1
4,1645,16656540,-240,7973,-3
13,1644,16656562,5,2,0
4,1646,16666677,-247,7989,-1
13,1645,16666699,-6,1,0
4,1647,16676718,-250,7982,3
13,1646,16676740,-7,1,0
4,1648,16686733,-250,7966,6
13,1647,16686755,-6,1,0
4,1649,16696920,-249,7972,2
13,1648,16696942,-2,0,0
4,1650,16706992,-251,7981,-5
13,1649,16707014,-4,0,-1
4,1651,16717004,-251,7972,-16
13,1650,16717026,-4,0,0
4,1652,16727077,-233,7972,0
13,1651,16727099,-3,-3,2
4,1653,16737101,-237,7970,8
13,1652,16737123,0,-1,2
4,1654,16747189,-239,7978,5
13,1653,16747211,7,2,0
4,1655,16757246,-251,7985,-8
13,1654,16757268,7,1,0
4,1656,16767229,-242,7983,-8
13,1655,16767251,4,-1,-3
4,1657,16777364,-224,8000,-15
13,1656,16777386,0,0,-5
4,1658,16787508,-241,7979,-1
13,1657,16787530,-1,2,-2
4,1659,16797462,-231,7962,-7
13,1658,16797483,0,0,0
4,1660,16807525,-239,7988,-5
13,1659,16807547,0,-3,1
4,1661,16817620,-246,7975,0
13,1660,16817642,0,-4,0
4,1662,16827681,-241,7965,-14
13,1661,16827703,-2,0,0
4,1663,16837755,-249,7982,8
13,1662,16837777,-1,-1,3
4,1664,16847818,-244,7991,3
13,1663,16847840,-3,0,0
4,1665,16857809,-245,7978,-4
13,1664,16857831,-2,1,-3
4,1666,16868069,-244,7972,-4
13,1665,16868091,0,-1,-3
4,1667,16877973,-245,7980,-3
13,1666,16877995,-2,0,-4
4,1668,16887999,-244,7980,-1
13,1667,16888021,-3,2,-3
4,1669,16898086,-250,7977,6
13,1668,16898108,-3,-1,-2
4,1670,16908221,-246,7978,7
13,1669,16908243,-5,-2,0
4,1671,16918260,-251,7968,9
13,1670,16918282,-1,0,1
4,1672,16928371,-248,7970,9
13,1671,16928393,1,0,0
4,1673,16938360,-244,7985,-9
13,1672,16938382,2,-1,-1
4,1674,16948505,-246,7981,0
13,1673,16948527,2,0,0
4,1675,16958503,-245,8168,-3
13,1674,16958525,1,0,2
4,1676,16968515,-246,8173,-9
13,1675,16968537,-1,0,0
4,1677,16978536,-250,8177,-5
13,1676,16978558,2,0,0
4,1678,16988688,-252,8172,-5
13,1677,16988710,1,0,-1
4,1679,16998635,-236,8178,-16
13,1678,16998657,0,-1,-1
4,1680,17008744,-250,8182,-11
13,1679,17008766,0,0,-2
4,1681,17018801,-255,8179,-13
13,1680,17018823,1,0,-3
4,1682,17028969,-241,8175,-9
13,1681,17028990,2,1,-4
4,1683,17038981,-244,8177,-1
13,1682,17039003,3,0,0
4,1684,17048982,-258,8166,-14
13,1683,17049004,1,1,2
4,1685,17058983,-245,8172,-17
13,1684,17059005,2,0,3
4,1686,17069159,-237,8167,-21
13,1685,17069181,0,0,0
4,1687,17079196,-250,8177,-19
13,1686,17079218,-7,-1,-1
4,1688,17089290,-259,8192,-5
13,1687,17089312,-12,-3,0
4,1689,17099314,-254,8168,-16
13,1688,17099336,-8,0,3
4,1690,17109450,-260,8159,-2
13,1689,17109472,-4,1,2
4,1691,17119418,-252,8183,-2
13,1690,17119440,3,0,-1
4,1692,17129418,-259,8180,5
13,1691,17129440,4,-1,-3
4,1693,17139539,-256,8171,-4
13,1692,17139561,5,-2,-1
4,1694,17149640,-245,8185,-5
13,1693,17149662,4,1,0
4,1695,17159667,-257,8186,-4
13,1694,17159689,3,2,2
4,1696,17169733,-258,8171,-7
13,1695,17169755,1,0,1
4,1697,17179793,-255,8178,-10
13,1696,17179842,1,-1,0
4,1698,17189908,-247,8180,-8
13,1697,17189930,1,-1,0
4,1699,17199930,-253,8170,-4
13,1698,17199952,0,0,-2
4,1700,17210000,-249,8176,-1
13,1699,17210022,-3,0,0
4,1701,17220030,-238,8174,-8
13,1700,17220052,-3,0,2
4,1702,17230078,-246,8176,0
13,1701,17230100,0,0,-1
4,1703,17240204,-241,8174,-5
13,1702,17240226,4,0,0
4,1704,17250235,-249,8168,-16
13,1703,17250257,5,-3,0
4,1705,17260308,-251,8182,-10
13,1704,17260330,4,-2,1
4,1706,17270446,-252,8172,-14
13,1705,17270468,1,-1,1
4,1707,17280386,-261,8178,-12
13,1706,17280408,-1,2,1
4,1708,17290386,-242,8164,-6
13,1707,17290408,-3,0,0
4,1709,17300590,-243,8179,-14
13,1708,17300612,-1,-1,-1
4,1710,17310538,-246,8171,-8
13,1709,17310587,-1,0,-1
4,1711,17320647,-252,8169,-6
13,1710,17320669,1,0,-1
4,1712,17330740,-246,8177,-16
13,1711,17330762,2,0,1
4,1713,17340703,-250,8165,-18
13,1712,17340725,3,-2,1
4,1714,17350941,-253,8187,-10
13,1713,17350963,5,-1,0
4,1715,17360828,-264,8187,4
13,1714,17360850,7,0,0
4,1716,17370903,-247,8169,-10
13,1715,17370925,8,1,0
4,1717,17380946,-245,8174,-17
13,1716,17380968,6,1,1
4,1718,17391036,-255,8174,-7
13,1717,17391058,2,1,1
4,1719,17401061,-249,8171,-8
13,1718,17401083,-4,0,2
4,1720,17411106,-255,8179,-4
13,1719,17411127,-4,-2,-3
4,1721,17421164,-245,8181,7
13,1720,17421186,-2,0,-4
4,1722,17431257,-257,8172,-8
13,1721,17431306,0,-1,-1
4,1723,17441318,-251,8182,-14
13,1722,17441340,0,-1,0
4,1724,17451420,-248,8167,-17
13,1723,17451442,-2,-1,0
4,1725,17461388,-253,8178,-21
13,1724,17461410,0,-1,0
4,1726,17471488,-246,8160,-14
13,1725,17471510,-2,-5,0
4,1727,17481486,-259,8181,-6
13,1726,17481508,1,0,4
4,1728,17491635,-246,8182,-14
13,1727,17491657,4,0,5
4,1729,17501581,-254,8169,-14
13,1728,17501603,1,0,1
4,1730,17511799,-257,8170,-10
13,1729,17511821,2,1,0
4,1731,17521752,-245,8168,-19
13,1730,17521773,2,1,-2
4,1732,17531832,-251,8164,-9
13,1731,17531854,2,0,-5
4,1733,17541849,-253,8176,-12
13,1732,17541871,5,0,-6
4,1734,17551996,-246,8180,2
13,1733,17552018,0,0,-4
4,1735,17562000,-256,8176,0
13,1734,17562022,-4,1,0
4,1736,17572028,-262,8168,2
13,1735,17572050,-5,1,2
4,1737,17582116,-236,8171,-11
13,1736,17582138,-2,-1,4
4,1738,17592302,-247,8167,-5
13,1737,17592324,1,0,1
4,1739,17602197,-246,8173,-8
13,1738,17602219,3,0,2
4,1740,17612188,-250,8176,-20
13,1739,17612210,7,-1,4
4,1741,17622335,-245,8178,-10
13,1740,17622357,4,0,2
4,1742,17632362,-245,8174,-1
13,1741,17632384,2,-2,5
4,1743,17642429,-248,8165,-6
13,1742,17642450,6,0,5
4,1744,17652500,-251,8165,4
13,1743,17652522,6,2,1
4,1745,17662503,-263,8170,-7
13,1744,17662525,6,0,1
4,1746,17672736,-258,8186,-25
13,1745,17672758,1,1,1
4,1747,17682705,-249,8178,-21
13,1746,17682727,-3,0,0
4,1748,17692767,-254,8171,-13
13,1747,17692789,-1,-1,-1
4,1749,17702824,-247,8175,-9
13,1748,17702846,3,0,-1
4,1750,17712949,-249,8168,-5
13,1749,17712971,5,2,-3
4,1751,17722918,-256,8177,-6
13,1750,17722940,-1,-1,3
4,1752,17733068,-251,8173,-12
13,1751,17733090,0,0,4
4,1753,17743077,-246,8178,-8
13,1752,17743099,1,2,0
4,1754,17753236,-253,8183,-22
13,1753,17753258,3,0,-1
4,1755,17763200,-253,8176,-16
13,1754,17763222,0,0,-2
4,1756,17773250,-262,8180,-13
13,1755,17773272,0,0,2
4,1757,17783313,-239,8165,-17
13,1756,17783335,1,1,5
4,1758,17793422,-244,8162,-1
13,1757,17793444,0,1,1
4,1759,17803432,-249,8175,-5
13,1758,17803454,0,1,-1
4,1760,17813532,-251,8178,-16
13,1759,17813554,1,1,-1
4,1761,17823628,-251,8165,-4
13,1760,17823650,0,0,0
4,1762,17833769,-256,8162,6
13,1761,17833791,2,0,3
4,1763,17843709,-258,8166,-15
13,1762,17843731,5,0,2
4,1764,17853721,-244,8176,-25
13,1763,17853743,5,0,2
4,1765,17863889,-252,8173,-11
13,1764,17863911,1,0,0
4,1766,17873904,-240,8168,-17
13,1765,17873925,2,0,0
4,1767,17883990,-242,8176,-15
13,1766,17884012,3,0,1
4,1768,17894012,-238,8174,-22
13,1767,17894034,-3,1,0
4,1769,17904077,-257,8166,-9
13,1768,17904099,-4,-1,-2
4,1770,17914165,-253,8175,-19
13,1769,17914187,1,1,0
4,1771,17924200,-251,8173,-8
13,1770,17924222,3,1,0
4,1772,17934206,-239,8188,-8
13,1771,17934228,2,0,0
4,1773,17944383,-243,8182,-5
13,1772,17944405,1,3,0
4,1774,17954424,-243,8168,-18
13,1773,17954446,0,0,1
4,1775,17964452,-253,8177,1
13,1774,17964474,2,0,0
4,1776,17974555,-249,8174,-7
13,1775,17974577,3,0,0
4,1777,17984555,-243,8168,-24
13,1776,17984577,-1,1,0
4,1778,17994709,-266,8167,-19
13,1777,17994731,-1,0,-2
4,1779,18004678,-252,8178,-16
13,1778,18004699,2,-1,-1
4,1780,18014744,-252,8173,-3
13,1779,18014766,1,0,0
4,1781,18024760,-262,8175,-15
13,1780,18024782,0,-1,0
4,1782,18034900,-248,8181,-24
13,1781,18034922,0,0,2
4,1783,18044954,-250,8182,-1
13,1782,18044976,-1,0,-1
4,1784,18055113,-248,8172,-13
13,1783,18055135,0,1,0
4,1785,18065091,-238,8163,-1
13,1784,18065113,2,0,0
4,1786,18075265,-255,8182,-12
13,1785,18075287,0,0,-2
4,1787,18085235,-250,8185,-22
13,1786,18085257,0,0,-4
4,1788,18095308,-265,8185,-16
13,1787,18095330,3,0,0
4,1789,18105375,-249,8175,-17
13,1788,18105397,4,0,0
4,1790,18115483,-256,8173,-18
13,1789,18115505,1,1,-2
4,1791,18125449,-249,8176,-7
13,1790,18125471,-1,-1,-1
4,1792,18135516,-253,8173,-19
13,1791,18135538,-3,-1,0
4,1793,18145604,-246,8170,-12
13,1792,18145626,-3,0,-1
4,1794,18155751,-241,8170,-10
13,1793,18155772,-5,0,-2
4,1795,18165656,-248,8188,-10
13,1794,18165678,-3,0,0
4,1796,18175755,-249,8181,-8
13,1795,18175777,-3,0,2
4,1797,18185849,-253,8173,-3
13,1796,18185871,0,-1,1
4,1798,18195909,-246,8172,-7
13,1797,18195931,2,2,0
4,1799,18205997,-255,8160,-1
13,1798,18206019,0,-1,-2
4,1800,18216037,-257,8180,-23
13,1799,18216059,-3,-3,-1
4,1801,18226079,-258,8170,-15
13,1800,18226101,-10,1,-2
4,1802,18236265,-253,8180,-18
13,1801,18236287,-4,1,0
4,1803,18246226,-259,8186,-4
13,1802,18246247,-2,0,4
4,1804,18256258,-249,8159,-9
13,1803,18256280,-1,1,3
4,1805,18266420,-254,8177,-7
13,1804,18266442,0,0,-3
4,1806,18276523,-248,8181,-14
13,1805,18276545,2,0,-1
4,1807,18286517,-250,8167,-11
13,1806,18286539,0,3,0
4,1808,18296515,-254,8172,-13
13,1807,18296537,-1,1,-2
4,1809,18306667,-261,8178,-14
13,1808,18306690,0,0,-3
4,1810,18316833,-246,8166,-10
13,1809,18316855,3,0,-2
4,1811,18326787,-237,8170,-16
13,1810,18326809,7,2,-1
4,1812,18336846,-259,8187,-5
13,1811,18336868,5,0,0
4,1813,18346914,-251,8165,-6
13,1812,18346936,1,2,1
4,1814,18357018,-249,8185,-11
13,1813,18357040,-2,0,2
4,1815,18367006,-255,8179,-18
13,1814,18367028,0,0,3
4,1816,18377158,-251,8160,-8
13,1815,18377180,4,0,0
4,1817,18387136,-253,8160,-2
13,1816,18387158,5,1,-3
4,1818,18397326,-263,8171,-13
13,1817,18397348,6,1,0
4,1819,18407280,-255,8176,-12
13,1818,18407302,4,1,1
4,1820,18417282,-266,8170,-24
13,1819,18417304,-1,1,0
4,1821,18427509,-261,8169,-17
13,1820,18427531,-6,0,0
4,1822,18437546,-242,8175,-17
13,1821,18437568,-5,0,1
4,1823,18447595,-260,8165,-12
13,1822,18447617,-1,-2,-2
4,1824,18457636,-270,8173,-9
13,1823,18457658,1,-4,1
4,1825,18467731,-248,8174,-2
13,1824,18467753,3,0,7
4,1826,18477826,-252,8168,-17
13,1825,18477848,6,1,0
4,1827,18487785,-253,8179,-16
13,1826,18487807,9,-1,0
4,1828,18497933,-258,8173,-8
13,1827,18497955,10,0,0
4,1829,18507926,-249,8178,-24
13,1828,18507948,4,0,-3
4,1830,18518050,-252,8186,-22
13,1829,18518072,-1,2,-1
4,1831,18528065,-245,8174,-14
13,1830,18528087,-5,1,1
4,1832,18538076,-255,8182,-25
13,1831,18538098,-1,0,1
4,1833,18548197,-262,8179,-16
13,1832,18548219,0,0,0
4,1834,18558390,-252,8159,-7
13,1833,18558412,2,0,-1
4,1835,18568353,-257,8182,-7
13,1834,18568375,7,0,1
4,1836,18578408,-261,8176,-11
13,1835,18578430,6,0,2
4,1837,18588479,-245,8177,-16
13,1836,18588501,6,0,0
4,1838,18598564,-248,8168,-25
13,1837,18598586,4,0,0
4,1839,18608641,-250,8179,-13
13,1838,18608663,2,1,-2
4,1840,18618622,-261,8172,-16
13,1839,18618644,1,3,-2
4,1841,18628723,-251,8182,-12
13,1840,18628745,1,3,-3
4,1842,18638899,-250,8169,-7
13,1841,18638921,1,0,0
4,1843,18648863,-258,8167,-16
13,1842,18648885,-1,-2,-1
4,1844,18658953,-247,8166,-12
13,1843,18658975,-2,0,-4
4,1845,18668938,-250,8173,-22
13,1844,18668960,-1,0,-4
4,1846,18679199,-248,8168,-15
13,1845,18679221,2,1,-3
4,1847,18689201,-247,8164,-26
13,1846,18689223,-1,0,0
4,1848,18699250,-249,8166,-19
13,1847,18699272,-2,2,3
4,1849,18709355,-240,8179,-18
13,1848,18709377,-1,0,4
4,1850,18719479,-247,8176,-22
13,1849,18719501,-1,1,6
4,1851,18729376,-255,8170,-14
13,1850,18729398,1,0,1
4,1852,18739461,-247,8170,-10
13,1851,18739483,1,2,-3
4,1853,18749607,-250,8174,-9
13,1852,18749629,4,0,-5
4,1854,18759641,-255,8180,-10
13,1853,18759663,7,-1,-3
4,1855,18769668,-256,8173,-17
13,1854,18769689,0,1,-1
4,1856,18779812,-249,8164,-13
13,1855,18779834,1,0,0
4,1857,18789791,-249,8180,-10
13,1856,18789813,2,-1,2
4,1858,18800012,-260,8168,-4
13,1857,18800034,6,0,1
4,1859,18809970,-245,8168,-20
13,1858,18809992,8,0,4
4,1860,18820022,-245,8187,-17
13,1859,18820044,9,1,1
4,1861,18830109,-239,8183,-22
13,1860,18830131,4,0,3
4,1862,18840201,-245,8178,-34
13,1861,18840223,-1,-1,1
4,1863,18850163,-251,8183,-20
13,1862,18850185,-7,0,1
4,1864,18860281,-243,8177,-16
13,1863,18860302,-15,0,0
4,1865,18870318,-248,8180,-25
13,1864,18870340,-13,-1,0
4,1866,18880546,-255,8162,-10
13,1865,18880568,-12,1,0
4,1867,18890474,-246,8175,-14
13,1866,18890496,-4,0,3
4,1868,18900606,-245,8170,-15
13,1867,18900628,-1,0,2
4,1869,18910607,-257,8171,-20
13,1868,18910629,2,0,0
4,1870,18920795,-260,8170,-13
13,1869,18920817,4,1,0
4,1871,18930760,-263,8169,-15
13,1870,18930782,7,0,-1
4,1872,18940831,-247,8191,-28
13,1871,18940853,10,-2,0
4,1873,18950878,-248,8178,-21
13,1872,18950900,11,0,0
4,1874,18961035,-253,8163,-25
13,1873,18961057,7,0,0
4,1875,18971022,-243,8175,-28
13,1874,18971044,0,0,0
4,1876,18981069,-242,8167,-20
13,1875,18981091,-3,1,0
4,1877,18991148,-255,8169,-18
13,1876,18991170,-4,0,0
4,1878,19001234,-244,8173,-18
13,1877,19001256,-4,0,2
4,1879,19011259,-242,8161,-13
13,1878,19011281,0,0,1
4,1880,19021381,-258,8179,-21
13,1879,19021403,0,0,1
4,1881,19031371,-257,8176,-29
13,1880,19031393,2,0,0
4,1882,19041685,-256,8169,-22
13,1881,19041707,5,0,0
4,1883,19051489,-249,8167,-26
13,1882,19051511,-2,2,0
4,1884,19061655,-259,8178,-9
13,1883,19061677,-6,2,-1
4,1885,19071719,-260,8172,-16
13,1884,19071741,0,0,0
4,1886,19081745,-256,8151,-28
13,1885,19081767,3,0,-2
4,1887,19091865,-255,8188,-11
13,1886,19091887,0,2,-2
4,1888,19101879,-244,8169,-25
13,1887,19101901,2,2,0
4,1889,19111972,-257,8176,-29
13,1888,19111994,0,1,-3
4,1890,19122109,-264,8179,-18
13,1889,19122131,-4,3,-1
4,1891,19132017,-244,8173,-9
13,1890,19132039,-3,0,4
4,1892,19142140,-248,8160,-7
13,1891,19142162,-2,-3,4
4,1893,19152144,-253,8165,-11
13,1892,19152166,-4,1,1
4,1894,19162378,-261,8175,-7
13,1893,19162400,-1,2,1
4,1895,19172455,-250,8173,-13
13,1894,19172477,3,0,0
4,1896,19182452,-257,8176,-3
13,1895,19182474,0,0,0
4,1897,19192490,-249,8189,-15
13,1896,19192512,7,0,1
4,1898,19202664,-237,8178,-1
13,1897,19202686,9,0,1
4,1899,19212564,-246,8172,2
13,1898,19212586,13,2,4
4,1900,19222667,-241,8174,-28
13,1899,19222689,15,1,4
4,1901,19232736,-258,8177,-20
13,1900,19232758,6,0,-1
4,1902,19242822,-255,8172,-18
13,1901,19242844,-2,0,0
4,1903,19252873,-258,8165,-26
13,1902,19252895,-5,0,2
4,1904,19262916,-260,8168,-18
13,1903,19262937,-7,0,-2
4,1905,19273013,-252,8167,-4
13,1904,19273035,-8,0,0
4,1906,19283143,-249,8174,-25
13,1905,19283165,1,1,2
4,1907,19293130,-249,8168,-20
13,1906,19293152,-1,0,0
4,1908,19303196,-257,8163,-10
13,1907,19303245,0,0,0
4,1909,19313289,-252,8172,-16
13,1908,19313311,0,0,3
4,1910,19323338,-244,8167,-24
13,1909,19323360,-2,0,0
4,1911,19333453,-245,8171,-13
13,1910,19333475,-2,0,-1
4,1912,19343451,-262,8183,-23
13,1911,19343473,-2,2,0
4,1913,19353573,-248,8179,-7
13,1912,19353595,0,3,2
4,1914,19363615,-242,8166,-14
13,1913,19363637,0,0,2
4,1915,19373644,-244,8166,-18
13,1914,19373666,1,0,4
4,1916,19383637,-242,8171,-18
13,1915,19383659,4,2,1
4,1917,19393788,-242,8182,-17
13,1916,19393810,1,0,-4
4,1918,19403858,-242,8184,-17
13,1917,19403880,0,0,-2
4,1919,19413897,-253,8180,-12
13,1918,19413919,-7,1,-1
4,1920,19423954,-252,8180,-8
13,1919,19423976,-9,0,-1
4,1921,19434040,-239,8180,-16
13,1920,19434062,-14,0,0
4,1922,19444204,-240,8163,-13
13,1921,19444226,-14,0,0
4,1923,19454216,-251,8164,-2
13,1922,19454238,-11,3,0
4,1924,19464251,-241,8174,-6
13,1923,19464273,0,0,2
4,1925,19474320,-242,8178,-18
13,1924,19474342,6,1,1
4,1926,19484355,-249,8181,-13
13,1925,19484377,5,1,0
4,1927,19494413,-257,8174,-4
13,1926,19494435,7,2,2
4,1928,19504459,-239,8181,-11
13,1927,19504481,10,0,0
4,1929,19514538,-257,8168,-15
13,1928,19514560,8,0,-3
4,1930,19524632,-246,8174,-19
13,1929,19524654,7,1,-3
4,1931,19534683,-250,8184,-14
13,1930,19534705,3,0,-8
4,1932,19544708,-241,8170,-12
13,1931,19544730,1,0,-7
4,1933,19554882,-245,8159,-8
13,1932,19554904,1,-2,-12
4,1934,19564850,-246,8186,-19
13,1933,19564872,2,0,-12
4,1935,19574958,-239,8178,-24
13,1934,19574980,-1,0,-10
4,1936,19585021,-246,8178,-17
13,1935,19585043,-8,0,-5
4,1937,19595083,-258,8168,-2
13,1936,19595105,-13,-2,-1
4,1938,19605276,-255,8170,-12
13,1937,19605298,-6,0,0
4,1939,19615187,-258,8172,-20
13,1938,19615209,-5,-1,0
4,1940,19625219,-256,8153,-13
13,1939,19625241,-4,-2,0
4,1941,19635349,-266,8190,-6
13,1940,19635371,-2,0,-1
4,1942,19645447,-257,8179,-8
13,1941,19645469,-4,1,2
4,1943,19655511,-245,8166,-6
13,1942,19655532,0,4,0
4,1944,19665568,-238,8177,-20
13,1943,19665590,-1,0,-5
4,1945,19675636,-258,8125,-20
13,1944,19675658,0,3,-11
4,1946,19685830,-249,8188,-30
13,1945,19685852,2,3,-8
4,1947,19695711,-254,8229,-5
13,1946,19695733,2,0,1
4,1948,19705851,-239,8156,-25
13,1947,19705873,6,3,5
4,1949,19715918,-255,8152,-5
13,1948,19715940,1,3,0
4,1950,19726005,-253,8166,-11
13,1949,19726027,6,0,0
4,1951,19736015,-252,8183,-9
13,1950,19736037,9,0,0
4,1952,19746098,-255,8184,-15
13,1951,19746120,5,0,-1
4,1953,19756093,-248,8180,-24
13,1952,19756115,0,0,-1
4,1954,19766314,-249,8168,-15
13,1953,19766336,-1,0,-2
4,1955,19776267,-244,8177,-12
13,1954,19776289,2,2,2
4,1956,19786329,-248,8188,-6
13,1955,19786351,1,-1,0
4,1957,19796359,-251,8181,-19
13,1956,19796381,0,0,-1
4,1958,19806560,-250,8173,-9
13,1957,19806582,-3,2,0
4,1959,19816555,-257,8172,-20
13,1958,19816577,-2,0,0
4,1960,19826686,-252,8173,-18
13,1959,19826708,-1,1,-1
4,1961,19836669,-251,8173,-15
13,1960,19836691,-1,3,-4
4,1962,19846804,-255,8171,-6
13,1961,19846826,-2,1,-4
4,1963,19856700,-258,8178,-12
13,1962,19856722,0,0,-2
4,1964,19866895,-248,8169,-14
13,1963,19866917,0,1,-3
4,1965,19876817,-254,8177,-21
13,1964,19876839,0,2,-2
4,1966,19886989,-262,8183,-24
13,1965,19887011,0,1,-2
4,1967,19897059,-253,8170,-17
13,1966,19897081,-3,-1,0
4,1968,19907051,-256,8167,-8
13,1967,19907073,-3,-2,0
4,1969,19917195,-255,8168,-15
13,1968,19917217,-1,0,-4
4,1970,19927336,-243,8170,-6
13,1969,19927358,0,0,-1
4,1971,19937313,-248,8171,-6
13,1970,19937335,3,-1,0
4,1972,19947376,-262,8174,-16
13,1971,19947398,0,-1,3
4,1973,19957453,-260,8169,-12
13,1972,19957475,-1,0,4
4,1974,19967517,-250,8171,-12
13,1973,19967538,-3,1,3
4,1975,19977485,-250,8163,-6
13,1974,19977507,-2,1,1
4,1976,19987614,-258,8157,-6
13,1975,19987636,0,0,-2
4,1977,19997612,-257,8181,-22
13,1976,19997634,2,-2,-2
4,1978,20007852,-256,8174,-20
13,1977,20007874,4,-1,-4
4,1979,20017855,-262,8174,-19
13,1978,20017877,0,0,-1
4,1980,20027829,-244,8176,-18
13,1979,20027851,-1,0,1
4,1981,20037956,-246,8169,-18
13,1980,20037978,0,1,5
4,1982,20048007,-271,8168,-13
13,1981,20048029,1,0,1
4,1983,20058144,-252,8174,-6
13,1982,20058166,2,0,0
4,1984,20068108,-256,8169,-21
13,1983,20068130,4,0,-1
4,1985,20078210,-259,8170,-15
13,1984,20078232,0,2,-3
4,1986,20088369,-263,8186,-23
13,1985,20088391,-5,0,0
4,1987,20098347,-253,8185,-19
13,1986,20098369,-7,0,2
4,1988,20108378,-253,8167,-15
13,1987,20108400,-5,3,0
4,1989,20118462,-248,8168,-23
13,1988,20118484,-2,1,-1
4,1990,20128561,-248,8168,-11
13,1989,20128583,-2,-1,-1
4,1991,20138541,-246,8181,-9
13,1990,20138563,-3,0,-1
4,1992,20148694,-248,8168,-14
13,1991,20148716,1,0,-1
4,1993,20158773,-267,8170,-10
13,1992,20158795,4,2,-1
4,1994,20168933,-258,8183,-19
13,1993,20168955,5,0,0
4,1995,20178794,-247,8176,-9
13,1994,20178816,3,2,1
4,1996,20188947,-256,8175,-14
13,1995,20188969,0,2,2
4,1997,20198945,-261,8171,-21
13,1996,20198967,-1,0,1
4,1998,20209108,-249,8175,-19
13,1997,20209130,-2,0,-2
4,1999,20219131,-255,8172,-23
13,1998,20219153,2,2,0
4,2000,20229112,-250,8179,-15
13,1999,20229134,2,0,4
4,2001,20239248,-246,8170,-16
13,2000,20239270,0,0,0
4,2002,20249377,-274,8188,-24
13,2001,20249399,2,0,-5
4,2003,20259354,-261,8173,-25
13,2002,20259376,-4,-1,-1
4,2004,20269393,-253,8166,-1
13,2003,20269415,-6,0,0
4,2005,20279458,-257,8168,-1
13,2004,20279480,-2,1,0
4,2006,20289524,-249,8167,-11
13,2005,20289545,0,-1,0
4,2007,20299675,-246,8176,-11
13,2006,20299697,-1,0,0
4,2008,20309737,-258,8175,-15
13,2007,20309759,0,0,0
4,2009,20319759,-244,8179,-20
13,2008,20319781,2,-1,0
4,2010,20329930,-262,8178,-19
13,2009,20329952,0,-2,-1
4,2011,20339902,-259,8165,-12
13,2010,20339924,0,2,1
4,2012,20349952,-255,8166,-12
13,2011,20349974,1,0,0
4,2013,20360001,-264,8157,-9
13,2012,20360022,1,0,-2
4,2014,20370119,-246,8167,-18
13,2013,20370141,0,2,-3
4,2015,20380163,-256,8180,-18
13,2014,20380185,0,0,-5
4,2016,20390278,-269,8179,-23
13,2015,20390300,0,0,-2
4,2017,20400291,-260,8182,-20
13,2016,20400313,-1,1,0
4,2018,20410421,-252,8170,-12
13,2017,20410443,-4,0,-2
4,2019,20420340,-250,8160,-11
13,2018,20420362,-6,0,0
4,2020,20430566,-255,8176,-11
13,2019,20430588,0,1,-3
4,2021,20440557,-264,8182,-13
13,2020,20440579,-2,1,-1
4,2022,20450724,-257,8191,-28
13,2021,20450746,-2,1,1
4,2023,20460672,-250,8177,-14
13,2022,20460694,-7,1,-1
4,2024,20470762,-257,8185,-10
13,2023,20470784,-7,1,-3
4,2025,20480737,-257,8175,-16
13,2024,20480759,-4,-1,-4
4,2026,20490949,-253,8177,-16
13,2025,20490971,0,-1,-6
4,2027,20500894,-257,8177,-11
13,2026,20500916,0,0,-6
4,2028,20511041,-243,8157,-10
13,2027,20511063,-3,0,-2
4,2029,20521067,-264,8189,-13
13,2028,20521089,-5,-2,0
4,2030,20531154,-268,8162,3
13,2029,20531176,-11,0,2
4,2031,20541244,-246,8161,-8
13,2030,20541266,-7,-4,7
4,2032,20551258,-247,8182,-26
13,2031,20551280,-5,1,5
4,2033,20561355,-255,8170,-23
13,2032,20561377,-13,0,0
4,2034,20571537,-260,8165,2
13,2033,20571559,-12,2,0
4,2035,20581473,-255,8165,17
13,2034,20581495,-4,0,1
4,2036,20591501,-228,8187,-21
13,2035,20591523,15,-1,8
4,2037,20601581,-273,8159,11
13,2036,20601603,2,0,3
4,2038,20611696,-263,8191,-23
13,2037,20611718,3,0,4
4,2039,20621789,-249,8184,-36
13,2038,20621811,2,3,6
4,2040,20631800,-252,8179,-20
13,2039,20631822,2,6,3
4,2041,20641875,-259,8168,-8
13,2040,20641897,-3,3,0
4,2042,20652030,-256,8162,0
13,2041,20652052,0,3,1
4,2043,20662023,-238,8191,-34
13,2042,20662045,-1,1,3
4,2044,20672146,-251,8155,16
13,2043,20672168,-10,1,3
4,2045,20682231,-232,8178,-26
13,2044,20682253,2,-2,5
4,2046,20692275,-260,8192,-14
13,2045,20692297,-14,2,-2
4,2047,20702297,-256,8171,-9
13,2046,20702319,-12,0,0
4,2048,20712371,-240,8162,5
13,2047,20712393,-9,-4,3
4,2049,20722378,-249,8180,-25
13,2048,20722400,-4,-2,-8
4,2050,20732501,-244,8178,-7
13,2049,20732523,-14,2,-11
4,2051,20742517,-246,8187,-13
13,2050,20742539,-15,2,-6
4,2052,20752586,-248,8172,-21
13,2051,20752608,-19,1,-5
4,2053,20762596,-253,8161,-2
13,2052,20762618,-19,0,-8
4,2054,20772782,-259,8160,0
13,2053,20772804,-12,-2,-4
4,2055,20782760,-260,8166,10
13,2054,20782782,-12,-3,-6
4,2056,20792893,-263,8166,6
13,2055,20792915,-4,-3,-3
4,2057,20802968,-277,8171,9
13,2056,20802990,0,-3,-4
4,2058,20813139,-253,8169,-1
13,2057,20813161,-1,-4,-3
4,2059,20823054,-250,8162,8
13,2058,20823076,-1,-9,0
4,2060,20833237,-261,8168,-4
13,2059,20833259,3,-12,0
4,2061,20843245,-275,8169,6
13,2060,20843267,6,-13,-1
4,2062,20853319,-253,8173,-2
13,2061,20853341,9,-16,3
4,2063,20863292,-263,8185,-7
13,2062,20863314,7,-15,1
4,2064,20873402,-268,8198,-27
13,2063,20873424,-5,-9,3
4,2065,20883481,-260,8182,-14
13,2064,20883503,-18,-3,2
4,2066,20893633,-237,8170,-11
13,2065,20893655,-19,-7,5
4,2067,20903626,-244,8177,-2
13,2066,20903648,-17,-14,0
4,2068,20913689,-298,8163,20
13,2067,20913711,-14,-28,-5
4,2069,20923756,-358,8171,70
13,2068,20923805,-9,-237,-6
4,2070,20933858,-130,8164,-85
13,2069,20933880,-8,-397,-7
4,2071,20943965,-251,8184,-12
13,2070,20943987,-22,-123,-9
4,2072,20953986,-272,8186,3
13,2071,20954008,-16,-85,1
4,2073,20964055,-214,8178,-36
13,2072,20964077,-15,-88,8
4,2074,20974187,-250,8173,-1
13,2073,20974209,-21,-19,0
4,2075,20984087,-248,8163,18
13,2074,20984109,-18,0,-3
4,2076,20994295,-262,8175,3
13,2075,20994317,-11,0,-3
4,2077,21004287,-257,8166,0
13,2076,21004309,-11,3,-1
4,2078,21014429,-249,8182,1
13,2077,21014451,-15,0,0
4,2079,21024431,-278,8168,9
13,2078,21024453,-19,0,0
4,2080,21034570,-265,8161,17
13,2079,21034591,-10,-3,1
4,2081,21044584,-254,8199,-9
13,2080,21044606,-6,-5,1
4,2082,21054777,-265,8156,26
13,2081,21054799,-23,-4,-6
4,2083,21064822,-262,8156,27
13,2082,21064844,-10,-4,-3
4,2084,21074820,-260,8171,0
13,2083,21074842,0,0,-5
4,2085,21084882,-258,8189,-5
13,2084,21084904,-13,-2,-2
4,2086,21094958,-273,8176,22
13,2085,21094980,-34,-9,-2
4,2087,21104917,-271,8177,151
13,2086,21104939,-30,-127,6
4,2088,21115086,-243,8116,-37
13,2087,21115108,-6,-318,7
4,2089,21125122,-245,8206,-57
13,2088,21125144,5,-159,-6
4,2090,21135308,-268,8251,-71
13,2089,21135330,-31,-85,-3
4,2091,21145267,-263,8238,-62
13,2090,21145289,-116,-60,4
4,2092,21155342,-263,8220,-15
13,2091,21155364,-197,-36,8
4,2093,21165381,-326,8219,64
13,2092,21165403,-254,-71,13
4,2094,21175567,-345,8225,162
13,2093,21175589,-306,-255,13
4,2095,21185524,-186,8169,11
13,2094,21185546,-377,-518,3
4,2096,21195609,-182,8130,26
13,2095,21195631,-344,-350,3
4,2097,21205685,-277,8188,140
13,2096,21205707,-296,-170,4
4,2098,21215811,-201,8173,39
13,2097,21215833,-347,-265,-7
4,2099,21225795,-216,8173,96
13,2098,21225817,-324,-140,-5
4,2100,21235785,-148,8388,175
13,2099,21235807,-378,-173,-1
4,2101,21245952,-320,8120,-40
13,2100,21245974,-640,-506,-2
4,2102,21255993,-320,8158,129
13,2101,21256015,-562,-149,-8
4,2103,21266040,-256,8293,148
13,2102,21266061,-562,-35,4
4,2104,21276206,-245,8165,179
13,2103,21276228,-683,-83,6
4,2105,21286218,-257,8086,394
13,2104,21286240,-653,7,20
4,2106,21296350,-254,8187,267
13,2105,21296372,-560,5,18
4,2107,21306331,-253,8166,315
13,2106,21306353,-587,0,13
4,2108,21316464,-246,8210,311
13,2107,21316486,-612,0,14
4,2109,21326467,-250,8141,408
13,2108,21326489,-644,-11,11
4,2110,21336563,-238,8177,383
13,2109,21336585,-642,-27,0
4,2111,21346651,-280,8226,402
13,2110,21346673,-681,-44,-6
4,2112,21356643,-261,8156,495
13,2111,21356665,-733,-97,-7
4,2113,21366716,-225,8117,527
13,2112,21366738,-696,-112,0
4,2114,21376856,-240,8141,526
13,2113,21376878,-622,-50,7
4,2115,21386830,-248,8137,574
13,2114,21386852,-583,-25,14
4,2116,21396898,-249,8151,595
13,2115,21396919,-545,-25,18
4,2117,21407006,-251,8150,590
13,2116,21407028,-533,-18,21
4,2118,21417007,-254,8203,583
13,2117,21417029,-559,-27,19
4,2119,21427071,-263,8217,606
13,2118,21427120,-631,-57,11
4,2120,21437176,-260,8168,684
13,2119,21437198,-709,-111,2
4,2121,21447283,-264,8101,783
13,2120,21447305,-709,-133,-5
4,2122,21457369,-264,8140,770
13,2121,21457391,-663,-188,-11
4,2123,21467373,-180,8137,735
13,2122,21467395,-657,-195,-9
4,2124,21477375,-207,8124,754
13,2123,21477397,-624,-93,-1
4,2125,21487501,-262,8134,830
13,2124,21487523,-605,-28,6
4,2126,21497554,-253,8073,941
13,2125,21497576,-566,-31,10
4,2127,21507580,-243,8081,908
13,2126,21507602,-491,-35,8
4,2128,21517619,-286,8094,980
13,2127,21517641,-422,-36,1
4,2129,21527682,-226,8110,902
13,2128,21527704,-364,-72,-2
4,2130,21537900,-217,8117,925
13,2129,21537922,-345,-55,-10
4,2131,21547834,-239,8096,973
13,2130,21547856,-329,-35,-11
4,2132,21557922,-271,8113,975
13,2131,21557944,-286,-37,-4
4,2133,21567983,-298,8143,991
13,2132,21568005,-272,-76,-1
4,2134,21578091,-271,8140,985
13,2133,21578113,-287,-133,0
4,2135,21588113,-218,8136,943
13,2134,21588135,-299,-140,-1
4,2136,21598127,-242,8116,989
13,2135,21598149,-329,-116,-11
4,2137,21608297,-214,8129,1006
13,2136,21608319,-345,-120,-12
4,2138,21618328,-236,8144,1022
13,2137,21618349,-354,-107,-9
4,2139,21628374,-280,8113,1091
13,2138,21628396,-372,-129,-16
4,2140,21638410,-233,8141,1062
13,2139,21638432,-371,-194,-22
4,2141,21648455,-188,8099,1054
13,2140,21648477,-375,-193,-21
4,2142,21658630,-257,8097,1108
13,2141,21658652,-356,-145,-21
4,2143,21668627,-229,8106,1079
13,2142,21668649,-346,-144,-21
4,2144,21678717,-256,8153,1083
13,2143,21678740,-344,-108,-5
4,2145,21688790,-293,8180,1108
13,2144,21688812,-397,-104,2
4,2146,21698904,-276,8124,1152
13,2145,21698926,-481,-160,-1
4,2147,21708917,-232,8100,1169
13,2146,21708939,-510,-190,-1
4,2148,21718952,-248,8097,1209
13,2147,21718974,-530,-197,-6
4,2149,21729075,-222,8094,1208
13,2148,21729097,-558,-230,-21
4,2150,21739171,-181,8062,1205
13,2149,21739193,-555,-204,-28
4,2151,21749170,-235,8106,1244
13,2150,21749192,-526,-135,-21
4,2152,21759257,-253,8123,1264
13,2151,21759278,-541,-148,-24
4,2153,21769298,-174,8137,1178
13,2152,21769320,-599,-138,-23
4,2154,21779409,-243,8124,1285
13,2153,21779431,-658,-45,0
4,2155,21789464,-261,8057,1408
13,2154,21789486,-701,-45,6
4,2156,21799506,-240,8028,1456
13,2155,21799528,-687,-69,11
4,2157,21809608,-230,7996,1513
13,2156,21809630,-627,-57,14
4,2158,21819722,-199,8022,1470
13,2157,21819744,-555,-49,12
4,2159,21829746,-207,8051,1486
13,2158,21829768,-525,-24,3
4,2160,21839804,-233,8056,1541
13,2159,21839826,-511,-15,3
4,2161,21849839,-238,8068,1518
13,2160,21849861,-517,-35,-2
4,2162,21860041,-218,8032,1551
13,2161,21860063,-548,-58,-16
4,2163,21869976,-229,8024,1589
13,2162,21869998,-525,-45,-13
4,2164,21880049,-216,8034,1570
13,2163,21880071,-513,-35,-17
4,2165,21890062,-229,8000,1643
13,2164,21890084,-513,-11,-16
4,2166,21900279,-228,8025,1638
13,2165,21900301,-488,-3,-11
4,2167,21910228,-234,8011,1675
13,2166,21910250,-488,-2,-5
4,2168,21920427,-237,8001,1713
13,2167,21920449,-471,2,0
4,2169,21930361,-249,7993,1736
13,2168,21930410,-435,-2,5
4,2170,21940579,-243,8001,1749
13,2169,21940601,-406,-7,9
4,2171,21950499,-232,7983,1740
13,2170,21950521,-376,-12,9
4,2172,21960643,-250,8005,1743
13,2171,21960665,-368,-16,4
4,2173,21970658,-249,7975,1794
13,2172,21970680,-376,-25,0
4,2174,21980786,-239,7998,1798
13,2173,21980808,-353,-36,-2
4,2175,21990813,-226,7994,1794
13,2174,21990835,-360,-51,-11
4,2176,22000892,-234,7985,1818
13,2175,22000914,-360,-58,-19
4,2177,22010931,-239,7949,1871
13,2176,22010953,-350,-61,-16
4,2178,22021157,-233,7973,1859
13,2177,22021179,-305,-50,-2
4,2179,22031129,-230,7962,1863
13,2178,22031151,-284,-38,1
4,2180,22041190,-229,7964,1884
13,2179,22041240,-262,-30,0
4,2181,22051239,-228,7982,1878
13,2180,22051261,-246,-19,-1
4,2182,22061326,-232,7988,1870
13,2181,22061348,-237,-11,-3
4,2183,22071358,-217,7972,1903
13,2182,22071380,-255,-9,0
4,2184,22081440,-228,7977,1921
13,2183,22081462,-256,-7,3
4,2185,22091453,-249,7981,1910
13,2184,22091475,-257,-25,0
4,2186,22101635,-223,7999,1897
13,2185,22101657,-291,-47,-6
4,2187,22111594,-241,7995,1911
13,2186,22111616,-317,-44,-5
4,2188,22121735,-231,7981,1932
13,2187,22121757,-365,-44,-3
4,2189,22131687,-236,7944,1997
13,2188,22131709,-373,-38,2
4,2190,22141846,-223,7919,2029
13,2189,22141868,-355,-49,4
4,2191,22151864,-226,7890,2059
13,2190,22151886,-305,-39,4
4,2192,22161935,-257,7897,2091
13,2191,22161957,-221,-27,12
4,2193,22172074,-260,7905,2062
13,2192,22172096,-170,-69,-1
4,2194,22182183,-268,7937,2058
13,2193,22182205,-163,-119,-25
4,2195,22192110,-237,7970,2038
13,2194,22192132,-177,-168,-37
4,2196,22202222,-214,7948,2025
13,2195,22202244,-203,-187,-43
4,2197,22212285,-217,7953,2042
13,2196,22212307,-211,-164,-38
4,2198,22222349,-213,7955,2035
13,2197,22222371,-237,-167,-44
4,2199,22232382,-197,7906,2063
13,2198,22232404,-252,-152,-50
4,2200,22242480,-203,7954,2040
13,2199,22242502,-236,-110,-46
4,2201,22252527,-210,7883,2134
13,2200,22252549,-242,-80,-36
4,2202,22262605,-248,7876,2191
13,2201,22262627,-176,-59,-19
4,2203,22272651,-248,7916,2134
13,2202,22272673,-127,-89,-21
4,2204,22282728,-237,7955,2090
13,2203,22282750,-133,-114,-16
4,2205,22292781,-221,7937,2108
13,2204,22292803,-174,-133,-16
4,2206,22302935,-204,7952,2074
13,2205,22302957,-191,-119,-14
4,2207,22312934,-195,7908,2106
13,2206,22312956,-237,-105,-26
4,2208,22322954,-217,7893,2160
13,2207,22322976,-237,-85,-28
4,2209,22333059,-243,7881,2186
13,2208,22333081,-244,-102,-41
4,2210,22343204,-264,7916,2204
13,2209,22343226,-236,-137,-44
4,2211,22353187,-243,7946,2155
13,2210,22353209,-253,-188,-47
4,2212,22363186,-203,7898,2152
13,2211,22363208,-274,-181,-41
4,2213,22373394,-251,7883,2205
13,2212,22373416,-283,-173,-45
4,2214,22383407,-225,7868,2227
13,2213,22383429,-294,-201,-56
4,2215,22393494,-227,7900,2220
13,2214,22393516,-280,-193,-63
4,2216,22403539,-210,7902,2207
13,2215,22403561,-292,-169,-51
4,2217,22413569,-287,7856,2301
13,2216,22413591,-299,-164,-49
4,2218,22423735,-201,7911,2206
13,2217,22423757,-309,-234,-64
4,2219,22433786,-165,7912,2210
13,2218,22433808,-338,-163,-34
4,2220,22443756,-294,7932,2290
13,2219,22443778,-368,-78,-3
4,2221,22453871,-129,7844,2272
13,2220,22453893,-402,-107,-9
4,2222,22464009,-193,7822,2373
13,2221,22464031,-383,-26,-3
4,2223,22473948,-236,7822,2412
13,2222,22473969,-325,-14,0
4,2224,22484094,-232,7845,2370
13,2223,22484116,-288,-37,-5
4,2225,22494117,-177,7900,2296
13,2224,22494139,-317,-51,0
4,2226,22504289,-203,7835,2363
13,2225,22504311,-376,-22,-4
4,2227,22514274,-265,7892,2440
13,2226,22514296,-363,-1,6
4,2228,22524321,-195,7880,2313
13,2227,22524343,-386,-25,19
4,2229,22534400,-245,7845,2432
13,2228,22534421,-458,0,9
4,2230,22544418,-209,7932,2345
13,2229,22544440,-472,3,28
4,2231,22554533,-121,7795,2316
13,2230,22554555,-555,54,42
4,2232,22564596,-279,7866,2490
13,2231,22564618,-583,165,54
4,2233,22574682,-251,7844,2498
13,2232,22574704,-643,130,49
4,2234,22584906,-241,7773,2584
13,2233,22584928,-693,87,37
4,2235,22594758,-225,7749,2634
13,2234,22594780,-679,75,30
4,2236,22604873,-211,7684,2689
13,2235,22604895,-606,77,37
4,2237,22614874,-203,7617,2737
13,2236,22614896,-428,163,57
4,2238,22625091,-247,7692,2817
13,2237,22625113,-275,185,44
4,2239,22635018,-221,7700,2733
13,2238,22635040,-197,81,21
4,2240,22645122,-227,7715,2706
13,2239,22645143,-153,28,2
4,2241,22655189,-204,7758,2671
13,2240,22655211,-129,3,-9
4,2242,22665357,-216,7768,2650
13,2241,22665379,-135,1,-11
4,2243,22675358,-221,7769,2682
13,2242,22675380,-146,3,-9
4,2244,22685382,-239,7774,2661
13,2243,22685404,-162,0,-7
4,2245,22695458,-201,7738,2644
13,2244,22695480,-189,-8,-4
4,2246,22705499,-237,7731,2759
13,2245,22705521,-192,15,-7
4,2247,22715574,-229,7732,2727
13,2246,22715596,-144,3,8
4,2248,22725683,-219,7753,2678
13,2247,22725705,-133,0,11
4,2249,22735666,-215,7730,2725
13,2248,22735688,-144,1,11
4,2250,22745801,-219,7717,2734
13,2249,22745823,-126,-5,7
4,2251,22755815,-206,7708,2742
13,2250,22755837,-105,-3,0
4,2252,22765825,-211,7723,2739
13,2251,22765847,-89,0,-12
4,2253,22775952,-234,7745,2731
13,2252,22775974,-79,-2,-16
4,2254,22786037,-221,7737,2728
13,2253,22786059,-84,-10,-16
4,2255,22796034,-232,7747,2726
13,2254,22796056,-75,-2,-11
4,2256,22806158,-236,7752,2704
13,2255,22806180,-98,0,-11
4,2257,22816239,-299,7861,2692
13,2256,22816261,-137,-6,-2
4,2258,22826411,-178,7710,2660
13,2257,22826433,-236,-34,1
4,2259,22836390,-218,7684,2793
13,2258,22836412,-275,9,-7
4,2260,22846411,-255,7720,2826
13,2259,22846433,-232,10,0
4,2261,22856431,-219,7714,2748
13,2260,22856453,-206,-6,5
4,2262,22866646,-209,7719,2793
13,2261,22866667,-220,-5,-2
4,2263,22876598,-231,7684,2842
13,2262,22876620,-207,-7,-2
4,2264,22886692,-245,7724,2809
13,2263,22886714,-171,-10,3
4,2265,22896751,-215,7679,2793
13,2264,22896773,-186,-15,0
4,2266,22906912,-291,7830,2802
13,2265,22906934,-212,-16,-1
4,2267,22916889,-148,7702,2658
13,2266,22916911,-375,-85,-20
4,2268,22926973,-224,7673,2881
13,2267,22926995,-433,-10,-23
4,2269,22937045,-252,7714,2957
13,2268,22937067,-395,-13,0
4,2270,22947129,-213,7614,2898
13,2269,22947151,-367,-49,0
4,2271,22957238,-223,7678,2904
13,2270,22957260,-334,-29,-2
4,2272,22967197,-214,7655,2936
13,2271,22967219,-324,-26,-2
4,2273,22977259,-219,7677,2903
13,2272,22977281,-309,-32,3
4,2274,22987357,-210,7678,2906
13,2273,22987379,-340,-30,-5
4,2275,22997438,-214,7660,2960
13,2274,22997460,-366,-23,-8
4,2276,23007452,-274,7809,2884
13,2275,23007474,-411,-55,-1
4,2277,23017579,-87,7540,2859
13,2276,23017601,-583,-110,-30
4,2278,23027619,-260,7611,3120
13,2277,23027641,-542,11,-19
4,2279,23037634,-250,7570,3122
13,2278,23037655,-445,-1,3
4,2280,23047696,-214,7576,3058
13,2279,23047718,-394,-22,-4
4,2281,23057808,-219,7580,3119
13,2280,23057830,-372,-18,-12
4,2282,23067939,-234,7597,3117
13,2281,23067961,-312,-3,0
4,2283,23077991,-217,7578,3113
13,2282,23078013,-281,0,10
4,2284,23087993,-200,7600,3097
13,2283,23088015,-273,-8,6
4,2285,23098051,-268,7582,3185
13,2284,23098073,-279,-8,0
4,2286,23108192,-181,7530,3114
13,2285,23108214,-281,-49,-8
4,2287,23118199,-226,7579,3181
13,2286,23118221,-246,-30,-10
4,2288,23128246,-231,7560,3175
13,2287,23128268,-207,-33,-5
4,2289,23138308,-207,7588,3113
13,2288,23138330,-190,-31,1
4,2290,23148497,-198,7583,3132
13,2289,23148519,-216,-9,2
4,2291,23158391,-217,7593,3152
13,2290,23158413,-228,10,0
4,2292,23168527,-197,7562,3172
13,2291,23168549,-254,13,1
4,2293,23178597,-219,7535,3209
13,2292,23178619,-263,16,-9
4,2294,23188789,-235,7569,3214
13,2293,23188811,-252,0,-11
4,2295,23198761,-198,7512,3213
13,2294,23198783,-255,-12,-6
4,2296,23208840,-250,7528,3266
13,2295,23208862,-232,7,-1
4,2297,23218862,-232,7534,3261
13,2296,23218884,-202,-2,7
4,2298,23229053,-202,7538,3216
13,2297,23229075,-191,-6,4
4,2299,23239100,-206,7521,3283
13,2298,23239122,-204,-6,-11
4,2300,23249127,-217,7530,3254
13,2299,23249149,-187,-14,-19
4,2301,23259151,-227,7569,3242
13,2300,23259173,-194,-3,-7
4,2302,23269251,-214,7601,3159
13,2301,23269273,-263,-20,-1
4,2303,23279283,-222,7483,3336
13,2302,23279305,-350,-23,-14
4,2304,23289369,-226,7520,3320
13,2303,23289390,-288,2,12
4,2305,23299364,-213,7513,3289
13,2304,23299385,-272,0,9
4,2306,23309652,-210,7519,3315
13,2305,23309674,-286,-9,-1
4,2307,23319584,-214,7492,3315
13,2306,23319606,-297,-13,-17
4,2308,23329623,-233,7521,3322
13,2307,23329645,-314,1,-13
4,2309,23339740,-232,7487,3389
13,2308,23339762,-310,3,-2
4,2310,23349740,-229,7569,3289
13,2309,23349762,-297,4,4
4,2311,23359837,-209,7489,3350
13,2310,23359859,-403,-6,-1
4,2312,23369913,-217,7415,3474
13,2311,23369935,-402,3,3
4,2313,23379986,-196,7530,3331
13,2312,23380008,-369,2,5
4,2314,23390084,-205,7497,3367
13,2313,23390106,-451,-5,-6
4,2315,23400156,-223,7472,3401
13,2314,23400178,-530,0,-8
4,2316,23410205,-228,7479,3446
13,2315,23410227,-561,3,4
4,2317,23420207,-211,7517,3357
13,2316,23420229,-648,-14,-1
4,2318,23430293,-234,7323,3628
13,2317,23430315,-707,-9,2
4,2319,23440384,-236,7519,3436
13,2318,23440406,-693,-26,3
4,2320,23450452,-219,7216,3769
13,2319,23450474,-734,-32,3
4,2321,23460504,-221,7500,3479
13,2320,23460526,-625,-14,11
4,2322,23470648,-212,7190,3765
13,2321,23470670,-685,-38,-11
4,2323,23480668,-227,7409,3594
13,2322,23480690,-542,0,16
4,2324,23490655,-227,7248,3781
13,2323,23490677,-580,-4,11
4,2325,23500689,-193,7405,3604
13,2324,23500711,-513,-1,20
4,2326,23510840,-216,7286,3718
13,2325,23510862,-590,-8,9
4,2327,23520874,-202,7405,3639
13,2326,23520896,-604,2,8
4,2328,23530958,-224,7201,3868
13,2327,23530980,-705,3,-1
4,2329,23541001,-210,7296,3780
13,2328,23541023,-652,2,16
4,2330,23551193,-225,7238,3826
13,2329,23551215,-633,3,24
4,2331,23561159,-207,7197,3896
13,2330,23561181,-614,11,21
4,2332,23571193,-235,7225,3869
13,2331,23571215,-556,38,27
4,2333,23581298,-227,7199,3901
13,2332,23581320,-544,54,32
4,2334,23591367,-247,7237,3878
13,2333,23591389,-537,74,44
4,2335,23601398,-242,7238,3910
13,2334,23601420,-559,85,52
4,2336,23611472,-132,7198,3962
13,2335,23611494,-627,18,18
4,2337,23621523,-168,7206,3919
13,2336,23621545,-675,-13,0
4,2338,23631628,-206,7113,4093
13,2337,23631649,-684,-9,-6
4,2339,23641655,-176,7129,4032
13,2338,23641677,-624,0,1
4,2340,23651702,-187,7114,4073
13,2339,23651724,-574,19,11
4,2341,23661783,-193,7099,4080
13,2340,23661805,-554,19,7
4,2342,23671805,-212,7131,4101
13,2341,23671827,-532,17,12
4,2343,23682000,-201,7089,4088
13,2342,23682022,-528,28,27
4,2344,23692003,-197,7127,4078
13,2343,23692025,-513,76,46
4,2345,23702089,-207,7088,4166
13,2344,23702111,-571,75,46
4,2346,23712190,-230,7084,4134
13,2345,23712212,-556,80,53
4,2347,23722136,-179,7052,4181
13,2346,23722158,-609,60,40
4,2348,23732147,-198,7042,4231
13,2347,23732169,-658,23,4
4,2349,23742325,-205,6967,4329
13,2348,23742346,-630,9,4
4,2350,23752306,-192,7038,4193
13,2349,23752328,-575,20,12
4,2351,23762398,-214,6963,4328
13,2350,23762420,-581,51,26
4,2352,23772517,-215,6991,4308
13,2351,23772539,-548,57,36
4,2353,23782469,-206,6943,4354
13,2352,23782490,-553,24,25
4,2354,23792773,-215,6993,4282
13,2353,23792795,-567,10,14
4,2355,23802667,-210,6940,4421
13,2354,23802689,-591,22,16
4,2356,23812720,-201,6916,4397
13,2355,23812742,-568,21,20
4,2357,23822808,-185,6913,4403
13,2356,23822830,-550,41,28
4,2358,23832891,-203,6903,4439
13,2357,23832913,-568,50,28
4,2359,23842905,-203,6886,4512
13,2358,23842927,-553,41,29
4,2360,23852936,-206,6893,4443
13,2359,23852958,-546,27,29
4,2361,23863010,-223,6822,4545
13,2360,23863032,-534,47,49
4,2362,23873140,-210,6900,4465
13,2361,23873162,-491,73,79
4,2363,23883153,-212,6797,4560
13,2362,23883175,-507,101,86
4,2364,23893288,-208,6809,4576
13,2363,23893310,-448,120,90
4,2365,23903219,-197,6801,4566
13,2364,23903241,-464,68,57
4,2366,23913386,-201,6789,4613
13,2365,23913407,-439,63,51
4,2367,23923354,-186,6813,4595
13,2366,23923376,-411,49,42
4,2368,23933561,-193,6807,4580
13,2367,23933583,-456,14,13
4,2369,23943521,-209,6754,4629
13,2368,23943543,-483,13,7
4,2370,23953716,-183,6791,4614
13,2369,23953738,-498,2,6
4,2371,23963700,-206,6711,4735
13,2370,23963722,-495,0,3
4,2372,23973714,-198,6740,4666
13,2371,23973736,-450,0,7
4,2373,23983792,-206,6744,4665
13,2372,23983814,-474,2,0
4,2374,23993886,-214,6684,4752
13,2373,23993908,-478,3,1
4,2375,24003899,-203,6706,4752
13,2374,24003921,-429,3,6
4,2376,24013925,-172,6733,4690
13,2375,24013947,-421,2,5
4,2377,24024016,-197,6679,4758
13,2376,24024038,-473,3,-8
4,2378,24034265,-205,6668,4799
13,2377,24034287,-462,4,-7
4,2379,24044136,-190,6753,4687
13,2378,24044158,-461,5,-5
4,2380,24054168,-227,6569,4911
13,2379,24054218,-547,6,-12
4,2381,24064293,-221,6622,4878
13,2380,24064315,-452,-3,0
4,2382,24074338,-197,6686,4756
13,2381,24074360,-459,-12,0
4,2383,24084417,-223,6545,4935
13,2382,24084439,-503,1,-3
4,2384,24094441,-205,6652,4851
13,2383,24094463,-434,3,8
4,2385,24104461,-194,6562,4903
13,2384,24104483,-472,-2,3
4,2386,24114645,-212,6614,4869
13,2385,24114667,-478,0,0
4,2387,24124626,-197,6585,4910
13,2386,24124648,-535,-4,-6
4,2388,24134652,-203,6489,5027
13,2387,24134674,-522,-8,-7
4,2389,24144735,-194,6560,4939
13,2388,24144757,-468,-22,-19
4,2390,24154815,-210,6539,4945
13,2389,24154837,-542,-63,-63
4,2391,24164784,-203,6529,4995
13,2390,24164806,-567,-60,-65
4,2392,24175018,-205,6490,5045
13,2391,24175040,-569,-35,-35
4,2393,24184986,-197,6447,5088
13,2392,24185008,-540,-13,-12
4,2394,24195156,-200,6482,5035
13,2393,24195178,-534,-7,0
4,2395,24205092,-214,6387,5153
13,2394,24205114,-528,-5,4
4,2396,24215159,-196,6465,5044
13,2395,24215181,-470,-4,11
4,2397,24225212,-195,6377,5164
13,2396,24225234,-473,-2,10
4,2398,24235287,-201,6487,5043
13,2397,24235309,-447,-2,8
4,2399,24245347,-204,6338,5200
13,2398,24245369,-524,-4,0
4,2400,24255384,-221,6343,5233
13,2399,24255406,-456,0,3
4,2401,24265523,-192,6431,5091
13,2400,24265545,-434,-16,-7
4,2402,24275612,-199,6336,5194
13,2401,24275634,-508,-23,-27
4,2403,24285569,-208,6376,5184
13,2402,24285591,-511,-15,-20
4,2404,24295589,-205,6269,5297
13,2403,24295611,-510,-1,-1
4,2405,24305777,-205,6289,5262
13,2404,24305799,-438,7,11
4,2406,24315839,-215,6270,5287
13,2405,24315861,-405,3,1
4,2407,24325925,-201,6293,5267
13,2406,24325947,-370,-1,-2
4,2408,24335946,-210,6284,5297
13,2407,24335968,-360,-1,-5
4,2409,24345969,-218,6237,5333
13,2408,24345991,-358,-14,-7
4,2410,24356089,-204,6271,5291
13,2409,24356111,-313,-16,-4
4,2411,24366083,-196,6241,5319
13,2410,24366105,-307,3,5
4,2412,24376086,-207,6224,5361
13,2411,24376108,-299,2,4
4,2413,24386300,-193,6245,5347
13,2412,24386322,-274,-3,4
4,2414,24396315,-199,6246,5336
13,2413,24396337,-284,-3,1
4,2415,24406380,-192,6178,5408
13,2414,24406402,-274,6,0
4,2416,24416494,-195,6181,5409
13,2415,24416516,-221,0,1
4,2417,24426517,-210,6174,5421
13,2416,24426539,-170,-1,-2
4,2418,24436697,-222,6171,5425
13,2417,24436719,-117,-1,-3
4,2419,24446668,-199,6191,5388
13,2418,24446690,-75,-2,4
4,2420,24456739,-200,6210,5374
13,2419,24456761,-62,-2,6
4,2421,24466737,-187,6199,5375
13,2420,24466759,-67,-2,1
4,2422,24476906,-183,6190,5384
13,2421,24476928,-59,0,0
4,2423,24486922,-191,6198,5390
13,2422,24486944,-60,0,-5
4,2424,24497072,-191,6198,5385
13,2423,24497094,-60,-1,-1
4,2425,24507067,-202,6205,5374
13,2424,24507089,-57,-7,-6
4,2426,24517252,-193,6200,5382
13,2425,24517274,-78,-14,-17
4,2427,24527230,-210,6189,5414
13,2426,24527252,-91,-22,-22
4,2428,24537282,-208,6185,5400
13,2427,24537304,-89,-26,-19
4,2429,24547434,-207,6200,5381
13,2428,24547456,-84,-18,-8
4,2430,24557540,-199,6187,5390
13,2429,24557562,-95,-11,2
4,2431,24567547,-198,6178,5407
13,2430,24567569,-113,-11,0
4,2432,24577601,-205,6160,5430
13,2431,24577623,-113,-12,-4
4,2433,24587675,-199,6157,5443
13,2432,24587697,-93,-14,-7
4,2434,24597824,-195,6160,5428
13,2433,24597845,-72,-15,-9
4,2435,24607725,-192,6176,5399
13,2434,24607747,-75,-17,-18
4,2436,24617852,-200,6167,5416
13,2435,24617874,-87,-19,-29
4,2437,24627918,-205,6163,5433
13,2436,24627940,-90,-30,-35
4,2438,24637995,-202,6159,5428
13,2437,24638017,-94,-37,-45
4,2439,24648071,-201,6166,5406
13,2438,24648093,-103,-42,-48
4,2440,24658107,-209,6165,5424
13,2439,24658129,-114,-28,-29
4,2441,24668199,-217,6165,5430
13,2440,24668221,-112,-14,-3
4,2442,24678386,-207,6177,5433
13,2441,24678408,-124,-12,9
4,2443,24688358,-192,6187,5404
13,2442,24688380,-144,-13,16
4,2444,24698363,-201,6135,5437
13,2443,24698385,-193,-12,15
4,2445,24708554,-199,6150,5429
13,2444,24708576,-215,-10,11
4,2446,24718630,-171,6228,5325
13,2445,24718652,-248,-7,5
4,2447,24728616,-214,6112,5475
13,2446,24728638,-377,-5,-7
4,2448,24738635,-199,6116,5509
13,2447,24738657,-383,-1,-3
4,2449,24748771,-202,6144,5447
13,2448,24748793,-382,0,0
4,2450,24758930,-191,6044,5534
13,2449,24758952,-467,-29,-26
4,2451,24768887,-197,6084,5507
13,2450,24768909,-453,-30,-37
4,2452,24778994,-211,6163,5436
13,2451,24779016,-509,-28,-32
4,2453,24789053,-209,5922,5690
13,2452,24789075,-610,-51,-51
4,2454,24799187,-198,6038,5578
13,2453,24799209,-468,-21,-11
4,2455,24809236,-211,6099,5488
13,2454,24809258,-473,-5,3
4,2456,24819361,-207,5935,5670
13,2455,24819383,-586,-19,-14
4,2457,24829374,-206,5940,5700
13,2456,24829396,-513,-6,5
4,2458,24839513,-192,6001,5597
13,2457,24839535,-459,1,11
4,2459,24849479,-186,5882,5710
13,2458,24849501,-510,-5,-8
4,2460,24859489,-197,5917,5723
13,2459,24859511,-452,-3,-9
4,2461,24869672,-196,5941,5669
13,2460,24869694,-421,-4,-9
4,2462,24879722,-198,5872,5743
13,2461,24879744,-446,-11,-18
4,2463,24889742,-202,5860,5766
13,2462,24889764,-399,-5,-11
4,2464,24899833,-200,5869,5729
13,2463,24899854,-356,-7,-4
4,2465,24909930,-207,5835,5775
13,2464,24909952,-350,-16,-15
4,2466,24920088,-200,5867,5734
13,2465,24920110,-333,-26,-28
4,2467,24930063,-206,5856,5748
13,2466,24930085,-345,-29,-31
4,2468,24940166,-203,5788,5829
13,2467,24940188,-347,-22,-22
4,2469,24950223,-199,5797,5811
13,2468,24950245,-277,-5,-4
4,2470,24960285,-198,5780,5805
13,2469,24960307,-244,-12,-10
4,2471,24970335,-209,5790,5809
13,2470,24970357,-212,-25,-27
4,2472,24980340,-200,5763,5824
13,2471,24980362,-197,-39,-43
4,2473,24990462,-199,5778,5827
13,2472,24990484,-169,-44,-46
4,2474,25000628,-202,5771,5825
13,2473,25000650,-144,-36,-39
4,2475,25010608,-193,5770,5805
13,2474,25010630,-123,-27,-35
4,2476,25020678,-203,5775,5802
13,2475,25020700,-109,-20,-39
4,2477,25030732,-200,5794,5794
13,2476,25030754,-115,-14,-38
4,2478,25040897,-201,5782,5803
13,2477,25040919,-135,-16,-38
4,2479,25050960,-208,5794,5801
13,2478,25050982,-144,-15,-31
4,2480,25060929,-213,5760,5841
13,2479,25060951,-149,-7,-17
4,2481,25071030,-205,5745,5840
13,2480,25071052,-135,-2,-7
4,2482,25081172,-200,5747,5824
13,2481,25081194,-124,-3,-8
4,2483,25091168,-193,5733,5862
13,2482,25091190,-115,-9,-18
4,2484,25101222,-189,5727,5867
13,2483,25101244,-107,-30,-49
4,2485,25111267,-214,5733,5883
13,2484,25111289,-77,-37,-58
4,2486,25121448,-219,5765,5838
13,2485,25121470,-57,-30,-43
4,2487,25131464,-225,5744,5864
13,2486,25131486,-67,-25,-28
4,2488,25141545,-209,5727,5867
13,2487,25141567,-60,-29,-18
4,2489,25151639,-212,5724,5858
13,2488,25151661,-40,-18,0
4,2490,25161856,-196,5738,5844
13,2489,25161878,-25,-15,3
4,2491,25171689,-196,5735,5836
13,2490,25171711,-37,-8,-2
4,2492,25181864,-206,5756,5828
13,2491,25181886,-59,-2,-5
4,2493,25191947,-198,5772,5824
13,2492,25191969,-98,-3,-9
4,2494,25202030,-195,5759,5852
13,2493,25202052,-131,-1,-8
4,2495,25212042,-213,5725,5867
13,2494,25212064,-146,-4,-11
4,2496,25222161,-206,5714,5882
13,2495,25222183,-150,-13,-20
4,2497,25232187,-218,5699,5887
13,2496,25232209,-140,-24,-27
4,2498,25242320,-220,5685,5908
13,2497,25242342,-116,-16,-15
4,2499,25252318,-212,5704,5896
13,2498,25252340,-86,-11,0
4,2500,25262381,-215,5691,5892
13,2499,25262403,-74,-12,1
4,2501,25272446,-195,5703,5875
13,2500,25272468,-65,-7,4
4,2502,25282607,-205,5699,5892
13,2501,25282656,-72,-5,2
4,2503,25292519,-204,5717,5893
13,2502,25292541,-77,0,3
4,2504,25302726,-202,5715,5881
13,2503,25302748,-97,0,1
4,2505,25312761,-200,5712,5878
13,2504,25312783,-123,0,0
4,2506,25322979,-209,5674,5922
13,2505,25323001,-137,-1,2
4,2507,25332894,-212,5671,5918
13,2506,25332916,-124,-4,5
4,2508,25343008,-208,5653,5929
13,2507,25343030,-106,-4,5
4,2509,25353048,-196,5677,5922
13,2508,25353070,-82,-2,1
4,2510,25363190,-199,5678,5921
13,2509,25363212,-80,-9,-2
4,2511,25373162,-198,5676,5924
13,2510,25373184,-82,-7,-4
4,2512,25383225,-203,5689,5902
13,2511,25383247,-94,-2,-8
4,2513,25393316,-192,5673,5891
13,2512,25393338,-117,-3,-12
4,2514,25403474,-189,5665,5899
13,2513,25403496,-135,-10,-21
4,2515,25413461,-204,5653,5928
13,2514,25413483,-151,-22,-42
4,2516,25423560,-231,5634,5957
13,2515,25423582,-150,-25,-47
4,2517,25433641,-228,5643,5962
13,2516,25433663,-134,-22,-29
4,2518,25443747,-204,5658,5930
13,2517,25443769,-124,-19,-17
4,2519,25453768,-219,5610,5987
13,2518,25453790,-124,-17,-11
4,2520,25463852,-211,5633,5950
13,2519,25463874,-97,-16,-5
4,2521,25473846,-195,5645,5945
13,2520,25473868,-96,-12,7
4,2522,25484140,-206,5641,5936
13,2521,25484162,-107,-12,5
4,2523,25494004,-202,5629,5954
13,2522,25494026,-133,-11,4
4,2524,25504123,-194,5641,5944
13,2523,25504145,-139,-11,-6
4,2525,25514212,-193,5644,5921
13,2524,25514234,-158,-5,-13
4,2526,25524226,-184,5619,5977
13,2525,25524248,-199,-4,-17
4,2527,25534402,-222,5591,6016
13,2526,25534424,-200,-13,-11
4,2528,25544402,-207,5580,5998
13,2527,25544424,-174,-20,-6
4,2529,25554523,-181,5611,5954
13,2528,25554545,-173,-19,-11
4,2530,25564674,-207,5594,5996
13,2529,25564696,-190,-11,-8
4,2531,25574565,-209,5607,5977
13,2530,25574587,-205,-13,-11
4,2532,25584716,-200,5587,5995
13,2531,25584738,-230,-12,-9
4,2533,25594712,-199,5573,6006
13,2532,25594734,-241,-13,-3
4,2534,25604924,-212,5581,6017
13,2533,25604946,-252,-18,-13
4,2535,25614941,-212,5587,6010
13,2534,25614963,-268,-21,-17
4,2536,25624975,-193,5542,6039
13,2535,25624996,-291,-22,-17
4,2537,25635017,-204,5541,6027
13,2536,25635039,-311,-30,-35
4,2538,25645176,-217,5572,6019
13,2537,25645198,-341,-35,-46
4,2539,25655112,-214,5489,6084
13,2538,25655134,-386,-43,-46
4,2540,25665211,-220,5523,6045
13,2539,25665233,-378,-38,-34
4,2541,25675345,-194,5514,6065
13,2540,25675367,-436,-39,-36
4,2542,25685428,-193,5416,6148
13,2541,25685450,-454,-33,-32
4,2543,25695448,-196,5482,6096
13,2542,25695470,-420,-38,-33
4,2544,25705535,-199,5470,6105
13,2543,25705557,-488,-55,-55
4,2545,25715566,-206,5341,6250
13,2544,25715588,-496,-55,-58
4,2546,25725766,-199,5396,6173
13,2545,25725788,-381,-27,-21
4,2547,25735687,-189,5430,6124
13,2546,25735709,-375,-16,-12
4,2548,25745793,-189,5452,6087
13,2547,25745815,-438,-16,-27
4,2549,25755846,-194,5399,6144
13,2548,25755868,-555,-32,-50
4,2550,25765918,-214,5297,6276
13,2549,25765940,-617,-46,-69
4,2551,25776065,-217,5295,6286
13,2550,25776087,-542,-46,-58
4,2552,25786045,-199,5336,6213
13,2551,25786067,-506,-40,-45
4,2553,25796238,-213,5324,6216
13,2552,25796260,-563,-51,-57
4,2554,25806283,-201,5303,6231
13,2553,25806305,-631,-60,-66
4,2555,25816335,-201,5223,6322
13,2554,25816357,-656,-59,-66
4,2556,25826343,-197,5323,6216
13,2555,25826365,-644,-44,-52
4,2557,25836447,-203,5209,6316
13,2556,25836469,-769,-44,-52
4,2558,25846534,-211,5091,6468
13,2557,25846556,-747,-29,-41
4,2559,25856577,-194,5182,6348
13,2558,25856599,-646,-16,-20
4,2560,25866632,-198,5075,6418
13,2559,25866654,-675,-29,-38
4,2561,25876701,-204,5070,6462
13,2560,25876723,-626,-33,-52
4,2562,25886897,-221,5082,6439
13,2561,25886919,-587,-30,-42
4,2563,25896922,-232,5018,6511
13,2562,25896943,-559,-25,-29
4,2564,25907002,-228,5018,6514
13,2563,25907024,-485,-14,-3
4,2565,25917060,-198,4999,6509
13,2564,25917082,-433,-8,11
4,2566,25927136,-194,4980,6517
13,2565,25927158,-398,-13,4
4,2567,25937184,-181,4961,6559
13,2566,25937206,-352,-20,-17
4,2568,25947259,-188,4956,6524
13,2567,25947281,-296,-35,-57
4,2569,25957313,-210,4975,6521
13,2568,25957335,-262,-47,-79
4,2570,25967379,-213,5002,6517
13,2569,25967401,-242,-38,-67
4,2571,25977434,-223,4958,6555
13,2570,25977456,-230,-17,-20
4,2572,25987468,-206,4943,6540
13,2571,25987490,-188,-6,8
4,2573,25997587,-198,4949,6518
13,2572,25997609,-167,0,8
4,2574,26007587,-207,4948,6520
13,2573,26007609,-174,3,0
4,2575,26017682,-209,4942,6556
13,2574,26017704,-170,0,-6
4,2576,26027758,-211,4928,6538
13,2575,26027780,-153,-3,0
4,2577,26037808,-203,4899,6599
13,2576,26037830,-135,-3,6
4,2578,26048062,-208,4908,6585
13,2577,26048084,-83,-6,7
4,2579,26057958,-199,4918,6540
13,2578,26057980,-48,-4,1
4,2580,26067984,-193,4942,6537
13,2579,26068006,-45,0,-8
4,2581,26078111,-204,4926,6571
13,2580,26078133,-54,-5,-14
4,2582,26088181,-206,4928,6552
13,2581,26088203,-50,-18,-20
4,2583,26098211,-210,4939,6526
13,2582,26098233,-52,-18,-27
4,2584,26108285,-206,4944,6524
13,2583,26108307,-67,-14,-21
4,2585,26118372,-202,4945,6510
13,2584,26118394,-96,-12,-18
4,2586,26128535,-204,4931,6551
13,2585,26128557,-137,-10,-18
4,2587,26138433,-215,4901,6581
13,2586,26138455,-151,-4,-11
4,2588,26148560,-208,4882,6579
13,2587,26148582,-134,-6,-5
4,2589,26158630,-208,4887,6566
13,2588,26158652,-113,-11,-11
4,2590,26168756,-197,4906,6557
13,2589,26168779,-113,-7,-15
4,2591,26178774,-215,4895,6582
13,2590,26178796,-126,-1,-8
4,2592,26188879,-210,4905,6576
13,2591,26188901,-130,0,-1
4,2593,26198868,-205,4884,6566
13,2592,26198890,-143,-7,0
4,2594,26209075,-218,4880,6568
13,2593,26209097,-160,-8,-1
4,2595,26219042,-198,4886,6569
13,2594,26219064,-174,-8,0
4,2596,26229072,-200,4877,6571
13,2595,26229094,-203,-2,-7
4,2597,26239129,-193,4847,6618
13,2596,26239150,-221,-3,-20
4,2598,26249310,-203,4844,6606
13,2597,26249332,-208,-14,-34
4,2599,26259318,-237,4852,6617
13,2598,26259340,-211,-19,-37
4,2600,26269440,-212,4845,6616
13,2599,26269462,-229,-14,-23
4,2601,26279464,-223,4820,6647
13,2600,26279486,-228,-8,0
4,2602,26289623,-213,4844,6607
13,2601,26289645,-221,-13,10
4,2603,26299520,-185,4838,6607
13,2602,26299542,-252,-10,7
4,2604,26309757,-204,4885,6547
13,2603,26309779,-302,-4,0
4,2605,26319685,-199,4749,6666
13,2604,26319707,-385,2,-8
4,2606,26329871,-213,4769,6683
13,2605,26329893,-369,4,-14
4,2607,26339898,-210,4793,6620
13,2606,26339919,-371,1,-8
4,2608,26349877,-208,4731,6666
13,2607,26349899,-430,-6,-6
4,2609,26360039,-221,4674,6767
13,2608,26360061,-427,-14,-10
4,2610,26370171,-223,4693,6724
13,2609,26370193,-358,-12,-3
4,2611,26380162,-194,4723,6679
13,2610,26380184,-340,-10,3
4,2612,26390221,-193,4773,6649
13,2611,26390243,-385,-14,-11
4,2613,26400287,-207,4640,6779
13,2612,26400309,-469,-26,-29
4,2614,26410402,-220,4687,6725
13,2613,26410424,-447,-35,-42
4,2615,26420357,-205,4700,6703
13,2614,26420379,-475,-26,-22
4,2616,26430522,-204,4632,6751
13,2615,26430544,-525,-5,0
4,2617,26440530,-217,4597,6776
13,2616,26440552,-535,5,0
4,2618,26450739,-209,4611,6762
13,2617,26450761,-565,0,-4
4,2619,26460762,-207,4458,6909
13,2618,26460784,-564,-1,-7
4,2620,26470752,-197,4527,6831
13,2619,26470774,-467,-3,-10
4,2621,26480838,-223,4560,6803
13,2620,26480860,-455,-11,-15
4,2622,26490916,-208,4454,6891
13,2621,26490938,-486,-10,-2
4,2623,26501048,-211,4435,6924
13,2622,26501070,-424,-2,2
4,2624,26511024,-196,4450,6907
13,2623,26511046,-358,-4,4
4,2625,26521151,-182,4413,6928
13,2624,26521173,-317,-9,-9
4,2626,26531299,-192,4401,6920
13,2625,26531348,-259,-24,-37
4,2627,26541275,-192,4414,6919
13,2626,26541297,-210,-44,-73
4,2628,26551367,-218,4424,6896
13,2627,26551389,-180,-54,-103
4,2629,26561449,-230,4417,6920
13,2628,26561471,-164,-46,-79
4,2630,26571542,-213,4416,6922
13,2629,26571564,-129,-31,-47
4,2631,26581532,-205,4405,6906
13,2630,26581554,-104,-26,-42
4,2632,26591649,-229,4419,6918
13,2631,26591671,-80,-22,-31
4,2633,26601773,-217,4395,6926
13,2632,26601795,-53,-9,-9
4,2634,26611898,-214,4428,6898
13,2633,26611920,-27,-5,-2
4,2635,26621796,-200,4433,6871
13,2634,26621818,-37,-5,3
4,2636,26631947,-202,4417,6900
13,2635,26631969,-60,-7,0
4,2637,26641956,-211,4405,6898
13,2636,26641978,-60,-9,-4
4,2638,26652117,-211,4403,6923
13,2637,26652139,-48,-8,0
4,2639,26662133,-221,4418,6921
13,2638,26662155,-23,-9,8
4,2640,26672165,-213,4398,6919
13,2639,26672187,-6,-6,12
4,2641,26682345,-207,4410,6919
13,2640,26682367,1,-4,14
4,2642,26692483,-193,4427,6890
13,2641,26692505,-8,-7,8
4,2643,26702495,-196,4417,6896
13,2642,26702517,-24,-6,4
4,2644,26712506,-199,4410,6902
13,2643,26712528,-34,0,0
4,2645,26722605,-193,4403,6906
13,2644,26722627,-40,3,-4
4,2646,26732637,-214,4402,6903
13,2645,26732659,-41,1,-3
4,2647,26742780,-217,4402,6918
13,2646,26742802,-46,-2,0
4,2648,26752850,-209,4393,6911
13,2647,26752872,-47,-7,5
4,2649,26762878,-214,4404,6916
13,2648,26762900,-45,-7,6
4,2650,26773073,-194,4391,6913
13,2649,26773095,-51,-6,6
4,2651,26783020,-195,4389,6920
13,2650,26783042,-56,-3,3
4,2652,26793128,-199,4389,6918
13,2651,26793177,-49,-3,5
4,2653,26803196,-196,4391,6912
13,2652,26803218,-41,-5,5
4,2654,26813320,-194,4417,6900
13,2653,26813342,-46,-5,2
4,2655,26823343,-188,4407,6917
13,2654,26823365,-63,-9,-3
4,2656,26833448,-194,4402,6907
13,2655,26833470,-80,0,-11
4,2657,26843481,-205,4402,6897
13,2656,26843503,-109,1,-10
4,2658,26853631,-221,4387,6920
13,2657,26853653,-144,0,-12
4,2659,26863559,-220,4374,6930
13,2658,26863581,-162,0,-8
4,2660,26873740,-215,4376,6922
13,2659,26873762,-167,-5,0
4,2661,26883747,-220,4355,6942
13,2660,26883769,-174,0,2
4,2662,26893915,-208,4364,6943
13,2661,26893937,-178,-2,-10
4,2663,26903878,-202,4353,6949
13,2662,26903900,-194,-9,-24
4,2664,26913994,-219,4349,6964
13,2663,26914043,-216,-16,-34
4,2665,26923983,-205,4330,6956
13,2664,26924032,-220,-16,-24
4,2666,26934244,-223,4320,6956
13,2665,26934266,-218,-10,-14
4,2667,26944129,-204,4306,6997
13,2666,26944151,-220,-7,-3
4,2668,26954293,-205,4283,6989
13,2667,26954315,-203,-7,-1
4,2669,26964306,-209,4277,6991
13,2668,26964328,-175,-4,-4
4,2670,26974422,-208,4281,6985
13,2669,26974444,-158,-6,-3
4,2671,26984510,-189,4267,6982
13,2670,26984532,-154,-5,-7
4,2672,26994530,-207,4252,6998
13,2671,26994552,-147,-13,-30
4,2673,27004611,-187,4258,6999
13,2672,27004633,-136,-25,-54
4,2674,27014754,-195,4255,6997
13,2673,27014776,-137,-30,-63
4,2675,27024735,-222,4251,7013
13,2674,27024757,-130,-31,-63
4,2676,27034764,-226,4231,7035
13,2675,27034785,-107,-32,-52
4,2677,27044888,-204,4272,6988
13,2676,27044937,-90,-33,-39
4,2678,27055022,-195,4282,6971
13,2677,27055044,-102,-24,-37
4,2679,27065115,-206,4283,6979
13,2678,27065137,-143,-24,-48
4,2680,27075177,-210,4263,7010
13,2679,27075199,-166,-26,-58
4,2681,27085212,-205,4257,6995
13,2680,27085234,-178,-28,-59
4,2682,27095348,-223,4248,6999
13,2681,27095370,-203,-30,-53
4,2683,27105314,-215,4252,6990
13,2682,27105336,-228,-27,-41
4,2684,27115435,-206,4196,7040
13,2683,27115457,-254,-22,-32
4,2685,27125515,-227,4191,7061
13,2684,27125537,-237,-12,-17
4,2686,27135565,-216,4171,7067
13,2685,27135587,-207,-7,0
4,2687,27145599,-208,4180,7044
13,2686,27145621,-190,-9,2
4,2688,27155693,-206,4188,7036
13,2687,27155715,-193,-8,-2
4,2689,27165750,-206,4203,7022
13,2688,27165771,-212,-5,-2
4,2690,27175925,-195,4186,7044
13,2689,27175947,-247,1,0
4,2691,27185929,-189,4162,7047
13,2690,27185951,-268,2,0
4,2692,27196001,-212,4211,6993
13,2691,27196023,-300,-1,-1
4,2693,27206016,-194,4171,7001
13,2692,27206038,-404,1,-5
4,2694,27216161,-197,4146,7032
13,2693,27216183,-496,0,-23
4,2695,27226147,-219,4151,7043
13,2694,27226169,-576,-23,-48
4,2696,27236300,-214,3998,7178
13,2695,27236322,-641,-26,-36
4,2697,27246381,-222,4023,7171
13,2696,27246403,-566,-15,-22
4,2698,27256551,-195,4113,7045
13,2697,27256573,-546,-18,-11
4,2699,27266477,-187,4013,7097
13,2698,27266499,-669,-23,-20
4,2700,27276671,-220,3994,7169
13,2699,27276693,-714,-18,-36
4,2701,27286786,-216,3919,7216
13,2700,27286808,-721,-13,-11
4,2702,27296828,-208,3946,7142
13,2701,27296850,-688,0,2
4,2703,27306808,-215,3924,7176
13,2702,27306830,-759,0,-3
4,2704,27316933,-233,3744,7372
13,2703,27316955,-759,0,-6
4,2705,27326989,-204,3825,7282
13,2704,27327011,-630,-7,6
4,2706,27337161,-182,3810,7237
13,2705,27337183,-602,-6,4
4,2707,27347135,-209,3836,7215
13,2706,27347157,-634,0,4
4,2708,27357206,-213,3687,7357
13,2707,27357228,-658,4,10
4,2709,27367287,-230,3700,7352
13,2708,27367309,-574,8,13
4,2710,27377379,-206,3687,7342
13,2709,27377401,-512,-1,14
4,2711,27387499,-200,3659,7346
13,2710,27387521,-476,-7,7
4,2712,27397510,-212,3624,7396
13,2711,27397532,-427,-1,0
4,2713,27407590,-213,3636,7361
13,2712,27407612,-368,0,0
4,2714,27417786,-192,3639,7361
13,2713,27417808,-336,3,6
4,2715,27427699,-201,3617,7357
13,2714,27427721,-322,7,0
4,2716,27437884,-218,3612,7363
13,2715,27437906,-306,5,-2
4,2717,27447896,-209,3605,7357
13,2716,27447918,-301,-1,-1
4,2718,27458009,-206,3607,7361
13,2717,27458031,-295,-4,3
4,2719,27468037,-186,3564,7396
13,2718,27468059,-288,-5,7
4,2720,27478178,-200,3550,7401
13,2719,27478200,-262,-6,5
4,2721,27488179,-204,3540,7418
13,2720,27488201,-228,-2,-1
4,2722,27498368,-207,3518,7418
13,2721,27498390,-182,0,-9
4,2723,27508413,-197,3513,7416
13,2722,27508435,-136,-6,-19
4,2724,27518410,-200,3532,7408
13,2723,27518432,-103,-16,-36
4,2725,27528496,-218,3548,7403
13,2724,27528518,-90,-17,-31
4,2726,27538600,-221,3540,7410
13,2725,27538649,-82,-12,-20
4,2727,27548615,-208,3541,7385
13,2726,27548664,-72,-7,-14
4,2728,27558759,-197,3540,7383
13,2727,27558781,-79,-7,-15
4,2729,27568829,-228,3533,7407
13,2728,27568851,-82,-4,-7
4,2730,27578961,-210,3537,7390
13,2729,27578982,-72,-5,-2
4,2731,27588964,-200,3546,7364
13,2730,27588986,-81,-5,-2
4,2732,27599036,-217,3540,7388
13,2731,27599058,-110,-6,-14
4,2733,27609117,-224,3519,7401
13,2732,27609139,-128,-9,-16
4,2734,27619270,-215,3527,7405
13,2733,27619292,-125,-10,-2
4,2735,27629204,-207,3498,7416
13,2734,27629226,-122,-12,5
4,2736,27639328,-198,3495,7429
13,2735,27639350,-109,-13,5
4,2737,27649386,-193,3518,7400
13,2736,27649408,-95,-12,0
4,2738,27659605,-193,3504,7381
13,2737,27659627,-116,-12,-8
4,2739,27669592,-200,3488,7404
13,2738,27669614,-138,-11,-17
4,2740,27679606,-217,3507,7425
13,2739,27679628,-150,-11,-20
4,2741,27689784,-197,3500,7437
13,2740,27689806,-160,-16,-23
4,2742,27699834,-198,3479,7428
13,2741,27699856,-169,-22,-38
4,2743,27709877,-197,3477,7422
13,2742,27709899,-176,-23,-52
4,2744,27719981,-206,3467,7429
13,2743,27720003,-184,-23,-59
4,2745,27730049,-194,3469,7429
13,2744,27730070,-193,-22,-54
4,2746,27740123,-193,3455,7423
13,2745,27740145,-214,-22,-63
4,2747,27750144,-197,3441,7447
13,2746,27750165,-237,-26,-78
4,2748,27760317,-220,3412,7477
13,2747,27760339,-242,-28,-75
4,2749,27770326,-226,3393,7495
13,2748,27770348,-218,-29,-60
4,2750,27780432,-203,3388,7478
13,2749,27780454,-183,-22,-38
4,2751,27790572,-203,3398,7452
13,2750,27790594,-166,-19,-34
4,2752,27800579,-187,3387,7458
13,2751,27800601,-169,-22,-43
4,2753,27810669,-200,3384,7461
13,2752,27810691,-179,-21,-55
4,2754,27820826,-200,3394,7437
13,2753,27820848,-193,-25,-68
4,2755,27830827,-189,3373,7461
13,2754,27830849,-217,-21,-79
4,2756,27840859,-203,3348,7484
13,2755,27840881,-221,-20,-81
4,2757,27850987,-230,3352,7480
13,2756,27851009,-214,-20,-71
4,2758,27861002,-215,3350,7490
13,2757,27861024,-213,-27,-67
4,2759,27871099,-219,3364,7466
13,2758,27871121,-215,-33,-58
4,2760,27881194,-214,3344,7477
13,2759,27881216,-242,-26,-32
4,2761,27891301,-206,3329,7473
13,2760,27891323,-263,-15,-7
4,2762,27901439,-200,3305,7504
13,2761,27901461,-272,-3,2
4,2763,27911459,-193,3286,7503
13,2762,27911508,-271,1,-3
4,2764,27921461,-208,3306,7503
13,2763,27921510,-272,1,-4
4,2765,27931647,-181,3304,7484
13,2764,27931669,-289,3,0
4,2766,27941677,-189,3267,7498
13,2765,27941699,-327,3,-18
4,2767,27951713,-214,3263,7513
13,2766,27951735,-365,-6,-41
4,2768,27961755,-242,3250,7538
13,2767,27961777,-383,-14,-37
4,2769,27971846,-226,3219,7538
13,2768,27971868,-378,-14,-8
4,2770,27982014,-194,3214,7537
13,2769,27982036,-390,-10,10
4,2771,27991978,-205,3244,7487
13,2770,27992000,-419,-11,13
4,2772,28002077,-196,3193,7506
13,2771,28002099,-497,-9,10
4,2773,28012151,-190,3120,7581
13,2772,28012173,-545,1,2
4,2774,28022272,-209,3146,7570
13,2773,28022294,-537,4,-5
4,2775,28032305,-207,3105,7560
13,2774,28032327,-575,1,-7
4,2776,28042345,-201,3021,7668
13,2775,28042366,-592,-2,-13
4,2777,28052550,-213,3005,7660
13,2776,28052572,-540,-5,-17
4,2778,28062625,-227,2988,7645
13,2777,28062647,-492,-12,-21
4,2779,28072659,-215,3000,7629
13,2778,28072681,-453,-14,-25
4,2780,28082701,-200,2957,7653
13,2779,28082723,-448,-6,-20
4,2781,28092728,-198,2965,7649
13,2780,28092750,-426,-16,-29
4,2782,28102930,-197,2954,7668
13,2781,28102951,-412,-11,-31
4,2783,28112912,-179,2956,7663
13,2782,28112934,-398,0,-42
4,2784,28122981,-196,2914,7673
13,2783,28123003,-397,-2,-57
4,2785,28133069,-216,2905,7674
13,2784,28133091,-386,-9,-54
4,2786,28143181,-245,2907,7666
13,2785,28143202,-380,-12,-34
4,2787,28153204,-217,2831,7727
13,2786,28153226,-375,-16,-25
4,2788,28163235,-207,2839,7705
13,2787,28163257,-324,-17,-27
4,2789,28173434,-204,2857,7672
13,2788,28173456,-303,-19,-28
4,2790,28183558,-194,2823,7689
13,2789,28183580,-311,-16,-32
4,2791,28193524,-185,2818,7697
13,2790,28193546,-302,-16,-42
4,2792,28203617,-217,2807,7706
13,2791,28203639,-297,-9,-43
4,2793,28213666,-209,2788,7733
13,2792,28213688,-284,-9,-30
4,2794,28223779,-195,2785,7708
13,2793,28223801,-262,-6,-26
4,2795,28233835,-203,2772,7697
13,2794,28233857,-260,-4,-28
4,2796,28243897,-210,2778,7706
13,2795,28243919,-261,-10,-40
4,2797,28253978,-218,2751,7723
13,2796,28253999,-261,-13,-37
4,2798,28264081,-214,2748,7719
13,2797,28264103,-260,-8,-20
4,2799,28274097,-209,2743,7723
13,2798,28274118,-257,-1,-7
4,2800,28284181,-207,2717,7736
13,2799,28284203,-255,-2,-6
4,2801,28294244,-198,2705,7745
13,2800,28294294,-242,-5,-13
4,2802,28304466,-204,2695,7748
13,2801,28304488,-226,-10,-16
4,2803,28314406,-211,2701,7736
13,2802,28314428,-216,-8,-14
4,2804,28324507,-218,2693,7737
13,2803,28324529,-218,0,-8
4,2805,28334490,-211,2665,7782
13,2804,28334512,-216,2,0
4,2806,28344692,-204,2643,7783
13,2805,28344714,-189,3,-2
4,2807,28354618,-204,2646,7771
13,2806,28354640,-164,3,-4
4,2808,28364819,-212,2647,7767
13,2807,28364841,-143,-3,-9
4,2809,28374769,-220,2645,7775
13,2808,28374791,-132,-10,-11
4,2810,28384956,-200,2652,7763
13,2809,28384978,-128,-8,-5
4,2811,28394891,-195,2650,7756
13,2810,28394913,-133,-6,-3
4,2812,28405011,-207,2622,7758
13,2811,28405033,-136,-5,0
4,2813,28415109,-199,2604,7785
13,2812,28415158,-129,2,-1
4,2814,28425204,-207,2608,7769
13,2813,28425226,-111,6,-7
4,2815,28435246,-204,2628,7765
13,2814,28435268,-102,0,-7
4,2816,28445337,-197,2621,7782
13,2815,28445359,-103,0,-2
4,2817,28455383,-206,2600,7779
13,2816,28455405,-98,0,-1
4,2818,28465595,-213,2617,7770
13,2817,28465617,-86,0,3
4,2819,28475541,-208,2619,7779
13,2818,28475563,-94,2,1
4,2820,28485614,-196,2603,7774
13,2819,28485636,-94,3,-5
4,2821,28495658,-193,2587,7773
13,2820,28495680,-93,5,-8
4,2822,28505742,-204,2575,7770
13,2821,28505764,-96,0,-24
4,2823,28515786,-222,2575,7795
13,2822,28515808,-89,-6,-28
4,2824,28525857,-215,2602,7788
13,2823,28525879,-79,-1,-12
4,2825,28535872,-208,2609,7744
13,2824,28535894,-81,-2,-1
4,2826,28546142,-200,2584,7774
13,2825,28546164,-109,0,1
4,2827,28556107,-200,2580,7786
13,2826,28556129,-125,-4,0
4,2828,28566245,-216,2564,7778
13,2827,28566267,-132,-2,1
4,2829,28576211,-207,2542,7804
13,2828,28576233,-126,-2,-1
4,2830,28586348,-204,2535,7806
13,2829,28586370,-103,-6,1
4,2831,28596381,-202,2518,7797
13,2830,28596403,-86,-8,3
4,2832,28606442,-213,2544,7797
13,2831,28606464,-74,-1,1
4,2833,28616565,-210,2570,7768
13,2832,28616587,-82,0,-3
4,2834,28626686,-198,2555,7778
13,2833,28626708,-118,0,-11
4,2835,28636627,-193,2536,7788
13,2834,28636649,-157,-2,-19
4,2836,28646751,-206,2544,7801
13,2835,28646773,-175,-6,-31
4,2837,28656840,-208,2519,7816
13,2836,28656862,-175,-10,-26
4,2838,28666952,-220,2521,7797
13,2837,28666974,-169,-10,-17
4,2839,28677000,-210,2503,7801
13,2838,28677022,-165,-9,-5
4,2840,28687085,-208,2485,7820
13,2839,28687107,-156,-6,4
4,2841,28697147,-198,2502,7796
13,2840,28697169,-159,-3,3
4,2842,28707213,-192,2511,7767
13,2841,28707235,-182,1,0
4,2843,28717260,-203,2476,7799
13,2842,28717281,-216,3,-5
4,2844,28727325,-196,2445,7827
13,2843,28727347,-229,4,-19
4,2845,28737390,-213,2430,7857
13,2844,28737412,-219,-3,-38
4,2846,28747505,-224,2425,7849
13,2845,28747527,-189,-7,-29
4,2847,28757532,-225,2449,7819
13,2846,28757553,-162,-6,-13
4,2848,28767560,-211,2451,7827
13,2847,28767581,-170,0,0
4,2849,28777693,-197,2405,7858
13,2848,28777715,-175,0,11
4,2850,28787862,-208,2425,7826
13,2849,28787884,-153,-1,9
4,2851,28797860,-207,2445,7794
13,2850,28797882,-161,2,11
4,2852,28807868,-219,2420,7826
13,2851,28807890,-195,3,6
4,2853,28818065,-207,2371,7870
13,2852,28818087,-199,0,5
4,2854,28828104,-202,2387,7841
13,2853,28828126,-178,3,1
4,2855,28838172,-207,2365,7841
13,2854,28838194,-175,4,0
4,2856,28848206,-210,2359,7878
13,2855,28848228,-160,4,0
4,2857,28858231,-208,2364,7859
13,2856,28858253,-138,-3,0
4,2858,28868354,-203,2348,7848
13,2857,28868376,-130,-3,0
4,2859,28878446,-224,2340,7852
13,2858,28878468,-125,1,3
4,2860,28888390,-212,2353,7856
13,2859,28888412,-116,-2,4
4,2861,28898517,-197,2357,7836
13,2860,28898539,-115,-3,-2
4,2862,28908710,-209,2346,7843
13,2861,28908732,-128,3,-6
4,2863,28918609,-218,2325,7879
13,2862,28918631,-130,5,-1
4,2864,28928794,-217,2309,7885
13,2863,28928816,-106,6,0
4,2865,28938843,-212,2320,7875
13,2864,28938865,-81,1,1
4,2866,28948959,-214,2328,7854
13,2865,28948981,-72,1,4
4,2867,28958970,-228,2349,7845
13,2866,28958992,-83,1,11
4,2868,28968991,-235,2322,7866
13,2867,28969013,-100,3,23
4,2869,28979101,-221,2312,7890
13,2868,28979123,-97,3,39
4,2870,28989128,-198,2290,7876
13,2869,28989150,-80,3,55
4,2871,28999194,-199,2295,7851
13,2870,28999216,-67,7,54
4,2872,29009260,-207,2311,7857
13,2871,29009282,-76,9,36
4,2873,29019329,-200,2295,7872
13,2872,29019351,-82,10,36
4,2874,29029622,-185,2281,7891
13,2873,29029644,-67,8,24
4,2875,29039444,-213,2327,7839
13,2874,29039466,-62,2,6
4,2876,29049571,-184,2268,7884
13,2875,29049593,-95,1,12
4,2877,29059604,-209,2277,7890
13,2876,29059626,-76,-1,0
4,2878,29069805,-221,2288,7872
13,2877,29069827,-65,0,-2
4,2879,29079751,-208,2267,7874
13,2878,29079773,-59,0,0
4,2880,29089847,-198,2280,7889
13,2879,29089869,-51,7,-5
4,2881,29099933,-202,2273,7902
13,2880,29099955,-40,8,-6
4,2882,29110080,-215,2260,7900
13,2881,29110102,-24,3,-1
4,2883,29120060,-220,2269,7872
13,2882,29120082,-8,0,2
4,2884,29130137,-198,2299,7834
13,2883,29130159,-21,-1,0
4,2885,29140192,-222,2300,7839
13,2884,29140214,-54,3,-8
4,2886,29150261,-216,2271,7887
13,2885,29150283,-81,5,-2
4,2887,29160338,-212,2270,7879
13,2886,29160360,-76,0,-2
4,2888,29170515,-217,2252,7878
13,2887,29170537,-70,-6,-4
4,2889,29180507,-232,2255,7898
13,2888,29180529,-61,-4,2
4,2890,29190619,-215,2249,7891
13,2889,29190641,-50,-5,11
4,2891,29200663,-213,2264,7855
13,2890,29200685,-50,-5,13
4,2892,29210665,-203,2239,7892
13,2891,29210687,-56,-2,7
4,2893,29220788,-218,2231,7922
13,2892,29220810,-40,2,-4
4,2894,29230871,-208,2244,7897
13,2893,29230893,-7,1,0
4,2895,29240853,-204,2251,7878
13,2894,29240875,11,0,1
4,2896,29250974,-219,2260,7880
13,2895,29250996,19,1,7
4,2897,29261060,-226,2271,7857
13,2896,29261082,16,2,11
4,2898,29271201,-189,2277,7847
13,2897,29271222,-10,4,12
4,2899,29281194,-205,2269,7856
13,2898,29281216,-47,4,3
4,2900,29291279,-222,2253,7868
13,2899,29291328,-69,-1,-1
4,2901,29301306,-211,2277,7856
13,2900,29301328,-81,-6,-4
4,2902,29311546,-212,2281,7840
13,2901,29311568,-118,-8,2
4,2903,29321514,-215,2224,7905
13,2902,29321536,-167,-8,9
4,2904,29331575,-211,2213,7899
13,2903,29331597,-156,-3,7
4,2905,29341627,-237,2242,7888
13,2904,29341649,-148,-1,9
4,2906,29351809,-213,2234,7872
13,2905,29351831,-164,-5,36
4,2907,29361801,-190,2234,7861
13,2906,29361823,-184,-1,44
4,2908,29371853,-232,2238,7859
13,2907,29371875,-222,9,34
4,2909,29381948,-211,2191,7896
13,2908,29381970,-250,10,44
4,2910,29392021,-192,2190,7865
13,2909,29392042,-273,4,31
4,2911,29402148,-199,2224,7829
13,2910,29402169,-334,1,22
4,2912,29412140,-236,2163,7916
13,2911,29412162,-395,4,28
4,2913,29422225,-264,2179,7896
13,2912,29422247,-401,3,52
4,2914,29432364,-214,2129,7891
13,2913,29432386,-432,10,99
4,2915,29442435,-198,2082,7933
13,2914,29442457,-440,12,96
4,2916,29452495,-235,2137,7878
13,2915,29452517,-438,6,79
4,2917,29462572,-220,2173,7784
13,2916,29462594,-513,15,88
4,2918,29472625,-144,2144,7761
13,2917,29472647,-719,10,79
4,2919,29482667,-207,2041,7880
13,2918,29482689,-900,6,23
4,2920,29492713,-173,1862,8026
13,2919,29492735,-974,10,37
4,2921,29502814,-195,1803,8062
13,2920,29502836,-867,14,9
4,2922,29512943,-209,1801,8065
13,2921,29512965,-766,-9,-13
4,2923,29523036,-233,1815,8016
13,2922,29523058,-689,-12,-6
4,2924,29533034,-212,1758,8055
13,2923,29533056,-647,-4,10
4,2925,29543175,-203,1752,8047
13,2924,29543197,-579,-6,9
4,2926,29553311,-203,1784,7994
13,2925,29553333,-524,1,12
4,2927,29563320,-214,1722,8035
13,2926,29563342,-515,6,11
4,2928,29573400,-217,1705,8065
13,2927,29573422,-470,2,10
4,2929,29583455,-194,1653,8079
13,2928,29583477,-425,3,17
4,2930,29593623,-202,1676,8037
13,2929,29593645,-359,4,12
4,2931,29603534,-217,1681,8035
13,2930,29603556,-338,3,12
4,2932,29613670,-243,1655,8052
13,2931,29613692,-321,7,24
4,2933,29623726,-230,1636,8020
13,2932,29623748,-300,6,44
4,2934,29633905,-234,1605,8076
13,2933,29633927,-281,-1,53
4,2935,29643882,-223,1594,8081
13,2934,29643904,-226,5,71
4,2936,29653967,-191,1587,8080
13,2935,29653989,-173,7,80
4,2937,29664014,-178,1626,8020
13,2936,29664036,-146,3,58
4,2938,29674221,-197,1602,8025
13,2937,29674243,-158,3,39
4,2939,29684256,-203,1596,8021
13,2938,29684278,-169,4,15
4,2940,29694304,-201,1612,8015
13,2939,29694326,-193,1,1
4,2941,29704342,-192,1595,8027
13,2940,29704364,-220,5,2
4,2942,29714441,-207,1583,8031
13,2941,29714463,-243,4,0
4,2943,29724448,-209,1567,8055
13,2942,29724470,-260,5,-2
4,2944,29734542,-204,1545,8059
13,2943,29734564,-264,3,-4
4,2945,29744532,-205,1531,8064
13,2944,29744554,-259,1,0
4,2946,29754764,-206,1525,8076
13,2945,29754786,-238,2,0
4,2947,29764736,-215,1508,8082
13,2946,29764758,-215,4,-1
4,2948,29774744,-228,1487,8091
13,2947,29774766,-184,4,4
4,2949,29784877,-215,1495,8075
13,2948,29784899,-150,5,8
4,2950,29794910,-224,1485,8069
13,2949,29794959,-131,6,11
4,2951,29805040,-221,1466,8092
13,2950,29805062,-104,10,21
4,2952,29815127,-256,1502,8080
13,2951,29815149,-62,10,31
4,2953,29825199,-216,1476,8074
13,2952,29825221,-37,14,67
4,2954,29835274,-191,1485,8054
13,2953,29835296,-22,15,66
4,2955,29845336,-226,1521,8016
13,2954,29845358,-34,1,33
4,2956,29855430,-234,1509,8037
13,2955,29855452,-80,7,59
4,2957,29865442,-198,1477,8039
13,2956,29865464,-104,7,73
4,2958,29875502,-171,1475,8029
13,2957,29875524,-126,10,48
4,2959,29885585,-208,1469,8048
13,2958,29885607,-156,11,10
4,2960,29895675,-221,1446,8083
13,2959,29895697,-162,5,-1
4,2961,29905707,-227,1473,8055
13,2960,29905729,-154,0,3
4,2962,29915939,-234,1469,8048
13,2961,29915961,-174,-5,17
4,2963,29925917,-227,1464,8049
13,2962,29925939,-210,-3,40
4,2964,29935968,-203,1453,8050
13,2963,29935990,-235,2,60
4,2965,29946059,-200,1418,8070
13,2964,29946081,-248,7,71
4,2966,29956178,-181,1387,8091
13,2965,29956200,-244,3,57
4,2967,29966176,-196,1385,8082
13,2966,29966198,-238,-3,30
4,2968,29976272,-218,1384,8080
13,2967,29976293,-234,-2,25
4,2969,29986319,-235,1388,8082
13,2968,29986341,-229,0,42
4,2970,29996427,-243,1408,8044
13,2969,29996449,-242,2,77
4,2971,30006524,-235,1376,8088
13,2970,30006546,-265,6,121
4,2972,30016568,-227,1338,8085
13,2971,30016590,-260,9,138
4,2973,30026621,-202,1321,8074
13,2972,30026643,-254,18,139
4,2974,30036776,-192,1321,8090
13,2973,30036798,-255,13,125
4,2975,30046838,-201,1316,8073
13,2974,30046860,-263,4,95
4,2976,30056867,-204,1316,8066
13,2975,30056889,-291,0,77
4,2977,30066946,-219,1314,8085
13,2976,30066968,-314,7,82
4,2978,30077146,-224,1244,8128
13,2977,30077168,-315,15,104
4,2979,30087088,-226,1242,8119
13,2978,30087110,-279,13,118
4,2980,30097136,-207,1237,8104
13,2979,30097158,-252,16,128
4,2981,30107225,-177,1214,8114
13,2980,30107247,-256,0,98
4,2982,30117275,-198,1206,8117
13,2981,30117297,-244,0,69
4,2983,30127381,-194,1208,8082
13,2982,30127403,-244,2,57
4,2984,30137472,-206,1214,8105
13,2983,30137494,-258,7,50
4,2985,30147533,-200,1185,8131
13,2984,30147554,-258,14,49
4,2986,30157747,-199,1170,8141
13,2985,30157769,-244,7,49
4,2987,30167721,-217,1159,8117
13,2986,30167743,-217,13,55
4,2988,30177808,-214,1161,8117
13,2987,30177830,-196,10,55
4,2989,30187932,-225,1166,8120
13,2988,30187954,-200,4,52
4,2990,30197950,-210,1144,8115
13,2989,30197972,-200,9,58
4,2991,30208022,-218,1138,8133
13,2990,30208044,-196,11,55
4,2992,30218055,-243,1122,8136
13,2991,30218077,-193,6,68
4,2993,30228148,-218,1110,8138
13,2992,30228170,-171,4,83
4,2994,30238316,-190,1108,8112
13,2993,30238338,-156,3,77
4,2995,30248276,-173,1113,8100
13,2994,30248298,-167,2,51
4,2996,30258429,-206,1166,8059
13,2995,30258451,-192,2,22
4,2997,30268456,-218,1074,8124
13,2996,30268478,-256,3,33
4,2998,30278563,-210,1043,8150
13,2997,30278585,-229,10,36
4,2999,30288684,-200,1048,8152
13,2998,30288706,-199,6,24
4,3000,30298788,-230,1050,8142
13,2999,30298810,-171,4,20
4,3001,30308699,-211,1059,8160
13,3000,30308721,-154,3,43
4,3002,30318940,-213,1044,8112
13,3001,30318962,-137,3,52
4,3003,30328942,-199,1025,8129
13,3002,30328964,-147,3,41
4,3004,30338963,-171,1052,8089
13,3003,30338985,-127,-3,22
4,3005,30349045,-247,1062,8129
13,3004,30349067,-191,0,7
4,3006,30359212,-228,1024,8141
13,3005,30359234,-195,0,41
4,3007,30369195,-225,1009,8142
13,3006,30369217,-184,2,55
4,3008,30379267,-251,1054,8088
13,3007,30379289,-175,1,52
4,3009,30389350,-205,976,8122
13,3008,30389372,-216,3,66
4,3010,30399498,-207,942,8201
13,3009,30399520,-190,10,68
4,3011,30409500,-221,965,8179
13,3010,30409522,-129,2,66
4,3012,30419674,-221,991,8116
13,3011,30419696,-102,0,76
4,3013,30429619,-219,993,8107
13,3012,30429641,-116,1,95
4,3014,30439783,-203,977,8121
13,3013,30439805,-146,0,98
4,3015,30449825,-212,979,8111
13,3014,30449847,-176,-1,85
4,3016,30459946,-221,1054,8016
13,3015,30459968,-226,3,92
4,3017,30469940,-192,847,8226
13,3016,30469962,-276,11,117
4,3018,30480157,-210,928,8177
13,3017,30480179,-211,-5,78
4,3019,30490112,-211,928,8139
13,3018,30490133,-189,-8,78
4,3020,30500223,-209,916,8126
13,3019,30500245,-182,1,78
4,3021,30510269,-249,945,8110
13,3020,30510291,-195,5,83
4,3022,30520341,-229,898,8141
13,3021,30520363,-226,3,113
4,3023,30530384,-242,899,8137
13,3022,30530406,-237,10,124
4,3024,30540466,-216,944,8059
13,3023,30540488,-262,21,145
4,3025,30550562,-183,775,8211
13,3024,30550584,-299,22,147
4,3026,30560769,-196,857,8130
13,3025,30560791,-271,16,105
4,3027,30570726,-211,864,8111
13,3026,30570748,-298,24,108
4,3028,30580794,-199,780,8198
13,3027,30580816,-311,20,104
4,3029,30590847,-228,815,8158
13,3028,30590869,-286,3,85
4,3030,30600964,-209,761,8198
13,3029,30600986,-275,-2,97
4,3031,30610939,-214,805,8146
13,3030,30610961,-239,-12,89
4,3032,30621142,-223,817,8128
13,3031,30621164,-250,-6,103
4,3033,30631086,-199,790,8125
13,3032,30631108,-285,2,120
4,3034,30641292,-201,757,8129
13,3033,30641314,-321,16,119
4,3035,30651283,-229,812,8087
13,3034,30651305,-362,13,111
4,3036,30661304,-202,707,8125
13,3035,30661325,-432,17,112
4,3037,30671534,-183,710,8106
13,3036,30671556,-471,22,124
4,3038,30681580,-191,718,8108
13,3037,30681602,-539,24,80
4,3039,30691600,-250,676,8136
13,3038,30691622,-578,20,59
4,3040,30701683,-231,687,8042
13,3039,30701705,-659,16,115
4,3041,30711684,-163,577,8190
13,3040,30711706,-736,6,94
4,3042,30721936,-394,477,8031
13,3041,30721958,-727,-7,63
4,3043,30731822,-263,443,7869
13,3042,30731844,-981,22,71
4,3044,30742041,-322,453,7936
13,3043,30742063,-1321,16,-13
4,3045,30752083,-140,369,8276
13,3044,30752105,-1503,-7,-40
4,3046,30762160,-90,412,8352
13,3045,30762182,-1412,6,-49
4,3047,30772209,-267,186,8306
13,3046,30772231,-1177,8,-40
4,3048,30782274,37,27,8794
13,3047,30782296,-1015,0,22
4,3049,30792311,-256,85,8614
13,3048,30792333,-223,48,-29
4,3050,30802558,-270,256,8106
13,3049,30802580,71,-16,-1
4,3051,30812528,-204,240,8125
13,3050,30812550,-14,-13,18
4,3052,30822587,-201,221,8203
13,3051,30822609,-19,8,26
4,3053,30832666,-212,225,8168
13,3052,30832688,-16,13,16
4,3054,30842756,-214,227,8190
13,3053,30842778,-24,22,-1
4,3055,30852803,-253,203,8242
13,3054,30852825,-21,17,-3
4,3056,30862870,-210,225,8215
13,3055,30862892,-5,-5,0
4,3057,30872942,-233,222,8159
13,3056,30872964,-4,3,1
4,3058,30883114,-235,212,8183
13,3057,30883136,-3,0,-2
4,3059,30893066,-223,222,8172
13,3058,30893088,-9,7,0
4,3060,30903084,-222,222,8182
13,3059,30903106,-20,24,1
4,3061,30913307,-227,223,8183
13,3060,30913329,-21,22,-1
4,3062,30923283,-231,220,8184
13,3061,30923305,-23,32,-3
4,3063,30933454,-227,222,8186
13,3062,30933476,-27,29,-6
4,3064,30943428,-263,195,8220
13,3063,30943450,-21,25,-4
4,3065,30953524,-251,214,8196
13,3064,30953546,-10,8,-4
4,3066,30963619,-243,211,8181
13,3065,30963641,-8,3,-3
4,3067,30973625,-227,210,8217
13,3066,30973647,-3,4,-1
4,3068,30983708,-231,214,8171
13,3067,30983730,-9,3,-6
4,3069,30993794,-246,223,8197
13,3068,30993816,-12,3,-13
4,3070,31003893,-224,217,8191
13,3069,31003915,-8,0,-12
4,3071,31013913,-223,219,8187
13,3070,31013935,-6,0,-12
4,3072,31023979,-226,204,8183
13,3071,31024001,-5,1,-13
4,3073,31034085,-214,190,8196
13,3072,31034107,-4,0,-49
4,3074,31044331,-237,224,8202
13,3073,31044353,-7,0,-86
4,3075,31054277,-260,232,8184
13,3074,31054299,-5,2,-63
4,3076,31064267,-246,208,8196
13,3075,31064289,-3,3,-27
4,3077,31074359,-245,226,8173
13,3076,31074381,-4,0,-27
4,3078,31084420,-239,206,8182
13,3077,31084442,-3,1,-20
4,3079,31094476,-231,208,8194
13,3078,31094498,-3,4,-7
4,3080,31104496,-236,202,8190
13,3079,31104518,-6,5,-3
4,3081,31114598,-249,221,8181
13,3080,31114620,-8,3,-3
4,3082,31124742,-245,212,8177
13,3081,31124764,-4,1,-3
4,3083,31134774,-243,213,8195
13,3082,31134796,-5,0,-1
4,3084,31144764,-228,230,8195
13,3083,31144786,-4,-3,-4
4,3085,31154868,-224,201,8187
13,3084,31154890,-2,0,-4
4,3086,31165010,-256,201,8187
13,3085,31165032,-2,-3,-6
4,3087,31175040,-233,190,8188
13,3086,31175062,-4,-5,-13
4,3088,31185179,-164,139,8194
13,3087,31185201,-3,-9,-53
4,3089,31195189,-279,254,8176
13,3088,31195211,-4,-6,-139
4,3090,31205269,-241,221,8200
13,3089,31205291,-4,1,-93
4,3091,31215322,-260,249,8191
13,3090,31215344,-1,3,-80
4,3092,31225368,-275,241,8182
13,3091,31225390,-3,3,-44
4,3093,31235466,-249,226,8191
13,3092,31235488,-4,2,-8
4,3094,31245555,-237,212,8199
13,3093,31245577,-4,-2,-1
4,3095,31255599,-241,211,8200
13,3094,31255621,-1,-3,-2
4,3096,31265657,-246,211,8181
13,3095,31265679,0,-6,-3
4,3097,31275682,-237,196,8195
13,3096,31275704,0,-7,-3
4,3098,31285942,-246,199,8195
13,3097,31285964,-1,-1,-3
4,3099,31295902,-235,196,8192
13,3098,31295924,-1,-2,-5
4,3100,31305984,-228,212,8196
13,3099,31306006,0,-4,-4
4,3101,31316058,-233,213,8194
13,3100,31316080,0,0,-2
4,3102,31326175,-231,213,8202
13,3101,31326197,-1,3,-1
4,3103,31336150,-237,201,8196
13,3102,31336172,1,-1,-4
4,3104,31346235,-243,207,8185
13,3103,31346257,2,-1,-2
4,3105,31356315,-250,207,8187
13,3104,31356337,0,-2,-3
4,3106,31366497,-249,202,8192
13,3105,31366519,1,-3,-3
4,3107,31376413,-246,214,8202
13,3106,31376435,2,-4,-2
4,3108,31386597,-228,207,8205
13,3107,31386619,-2,-6,0
4,3109,31396635,-234,205,8183
13,3108,31396657,0,-3,-2
4,3110,31406819,-240,206,8196
13,3109,31406841,1,-5,-6
4,3111,31416780,-235,201,8185
13,3110,31416803,0,-3,-3
4,3112,31426868,-237,220,8182
13,3111,31426890,-1,0,-5
4,3113,31436864,-256,219,8191
13,3112,31436886,-1,4,-2
4,3114,31447151,-243,203,8191
13,3113,31447173,0,3,-5
4,3115,31457022,-231,214,8189
13,3114,31457044,2,0,-6
4,3116,31467117,-246,206,8207
13,3115,31467139,-1,-1,-4
4,3117,31477233,-240,190,8210
13,3116,31477255,-2,1,-1
4,3118,31487241,-229,207,8195
13,3117,31487263,1,-1,0
4,3119,31497410,-240,204,8208
13,3118,31497432,0,-2,0
4,3120,31507388,-242,210,8204
13,3119,31507409,-1,-4,-1
4,3121,31517496,-238,209,8184
13,3120,31517518,-4,0,-1
4,3122,31527634,-240,204,8199
13,3121,31527684,-2,1,-1
4,3123,31537621,-236,206,8203
13,3122,31537643,-2,3,-3
4,3124,31547734,-235,209,8199
13,3123,31547756,-1,3,-1
4,3125,31557742,-243,198,8193
13,3124,31557764,2,3,-2
4,3126,31567904,-239,207,8199
13,3125,31567926,0,0,-2
4,3127,31577872,-245,205,8183
13,3126,31577894,2,0,-4
4,3128,31588010,-237,193,8191
13,3127,31588032,2,0,-2
4,3129,31598136,-249,211,8194
13,3128,31598158,1,2,-2
4,3130,31608178,-235,216,8185
13,3129,31608200,-2,0,0
4,3131,31618212,-249,200,8187
13,3130,31618234,0,-2,-1
4,3132,31628230,-254,197,8200
13,3131,31628252,1,-1,-1
4,3133,31638395,-252,198,8198
13,3132,31638417,1,-2,0
4,3134,31648388,-247,210,8191
13,3133,31648410,0,-3,0
4,3135,31658521,-245,208,8192
13,3134,31658543,0,-2,0
4,3136,31668623,-244,202,8186
13,3135,31668645,1,-3,0
4,3137,31678676,-256,202,8190
13,3136,31678698,1,-4,-1
4,3138,31688839,-250,210,8187
13,3137,31688861,0,-9,-2
4,3139,31698828,-241,213,8186
13,3138,31698850,0,-6,-2
4,3140,31708872,-223,212,8173
13,3139,31708894,0,-6,-1
4,3141,31718923,-229,202,8194
13,3140,31718945,0,-1,0
4,3142,31729081,-241,197,8205
13,3141,31729103,1,2,0
4,3143,31739181,-238,208,8195
13,3142,31739203,0,-2,0
4,3144,31749225,-232,211,8194
13,3143,31749247,0,-7,0
4,3145,31759221,-245,206,8186
13,3144,31759243,0,-3,0
4,3146,31769465,-248,204,8213
13,3145,31769487,0,-2,0
4,3147,31779389,-244,196,8199
13,3146,31779411,0,-3,0
4,3148,31789511,-247,208,8197
13,3147,31789561,0,-4,-1
4,3149,31799597,-252,203,8198
13,3148,31799619,2,-4,0
4,3150,31809658,-243,203,8194
13,3149,31809680,1,-3,-2
4,3151,31819771,-232,206,8200
13,3150,31819793,0,-5,-2
4,3152,31829819,-231,204,8184
13,3151,31829841,-1,-3,-3
4,3153,31839885,-241,195,8177
13,3152,31839907,0,0,0
4,3154,31850022,-249,199,8178
13,3153,31850044,0,1,-2
4,3155,31860005,-254,213,8191
13,3154,31860027,1,-2,0
4,3156,31870039,-250,211,8179
13,3155,31870061,1,-6,1
4,3157,31880198,-248,212,8192
13,3156,31880220,0,-3,1
4,3158,31890268,-246,203,8196
13,3157,31890290,0,-5,0
4,3159,31900302,-234,206,8195
13,3158,31900324,1,-4,0
4,3160,31910445,-226,210,8186
13,3159,31910467,0,-4,0
4,3161,31920473,-229,208,8186
13,3160,31920495,0,-5,0
4,3162,31930655,-240,200,8194
13,3161,31930677,1,-8,-2
4,3163,31940641,-239,201,8199
13,3162,31940663,0,-6,-2
4,3164,31950691,-243,206,8193
13,3163,31950713,-1,-6,-1
4,3165,31960745,-244,207,8202
13,3164,31960767,0,-5,-2
4,3166,31970913,-242,204,8205
13,3165,31970935,2,-7,0
4,3167,31980885,-240,209,8200
13,3166,31980907,0,-8,1
4,3168,31990940,-240,214,8190
13,3167,31990962,0,-8,0
4,3169,32000974,-237,209,8199
13,3168,32000996,0,-7,-2
4,3170,32011255,-240,192,8187
13,3169,32011276,0,-10,-5
4,3171,32021166,-226,213,8202
13,3170,32021188,0,-6,-3
4,3172,32031293,-242,209,8178
13,3171,32031342,0,-5,-1
4,3173,32041325,-258,216,8183
13,3172,32041347,4,-7,-1
4,3174,32051445,-250,211,8200
13,3173,32051467,0,-6,-1
4,3175,32061411,-233,200,8190
13,3174,32061433,-1,-7,-2
4,3176,32071557,-226,205,8193
13,3175,32071579,1,-4,-1
4,3177,32081576,-228,206,8192
13,3176,32081598,0,-3,-1
4,3178,32091795,-251,201,8205
13,3177,32091817,-1,-6,-1
4,3179,32101727,-236,203,8197
13,3178,32101749,1,-6,-2
4,3180,32111772,-244,212,8192
13,3179,32111794,1,-7,-3
4,3181,32121922,-251,209,8180
13,3180,32121944,0,-11,-2
4,3182,32131959,-255,206,8199
13,3181,32131981,2,-8,-1
4,3183,32141973,-244,194,8200
13,3182,32141995,1,-8,-3
4,3184,32152069,-240,215,8195
13,3183,32152091,2,-7,0
4,3185,32162120,-231,210,8181
13,3184,32162169,0,-8,0
4,3186,32172276,-234,217,8202
13,3185,32172298,-1,-3,0
4,3187,32182271,-243,226,8205
13,3186,32182293,0,-5,0
4,3188,32192343,-236,208,8188
13,3187,32192365,1,-6,-1
4,3189,32202432,-247,215,8187
13,3188,32202454,0,-1,0
4,3190,32212487,-245,193,8200
13,3189,32212509,0,-2,0
4,3191,32222547,-233,194,8192
13,3190,32222569,0,-4,-1
4,3192,32232612,-234,200,8189
13,3191,32232634,0,-3,0
4,3193,32242675,-230,190,8177
13,3192,32242697,0,-3,-2
4,3194,32252888,-239,200,8175
13,3193,32252910,-1,-1,0
4,3195,32262856,-238,207,8192
13,3194,32262878,0,-3,0
4,3196,32272874,-237,203,8195
13,3195,32272896,0,-3,-1
4,3197,32282948,-239,185,8200
13,3196,32282970,0,0,-2
4,3198,32293094,-225,204,8189
13,3197,32293116,1,0,-1
4,3199,32303105,-228,210,8207
13,3198,32303127,1,0,-1
4,3200,32313129,-247,206,8200
13,3199,32313151,1,0,-3
4,3201,32323256,-235,207,8198
13,3200,32323278,2,-1,-5
4,3202,32333391,-246,203,8196
13,3201,32333413,0,-2,-3
4,3203,32343319,-242,198,8186
13,3202,32343341,-1,-3,-2
4,3204,32353426,-241,207,8192
13,3203,32353448,-1,-2,-1
4,3205,32363467,-252,204,8187
13,3204,32363489,3,0,-1
4,3206,32373617,-243,210,8181
13,3205,32373638,2,-1,0
4,3207,32383658,-246,206,8182
13,3206,32383680,1,-1,0
4,3208,32393724,-231,207,8200
13,3207,32393746,0,-2,-1
4,3209,32403742,-234,199,8207
13,3208,32403764,0,-2,-2
4,3210,32414029,-248,211,8191
13,3209,32414051,1,0,-3
4,3211,32423987,-237,213,8199
13,3210,32424009,1,0,0
4,3212,32434017,-236,205,8182
13,3211,32434039,1,-2,-1
4,3213,32444025,-236,195,8203
13,3212,32444047,0,0,-1
4,3214,32454174,-232,211,8189
13,3213,32454196,-2,-1,-2
4,3215,32464185,-234,200,8191
13,3214,32464207,3,-4,-1
4,3216,32474267,-227,201,8193
13,3215,32474288,2,-4,0
4,3217,32484334,-230,211,8189
13,3216,32484355,2,-1,0
4,3218,32494509,-235,199,8180
13,3217,32494531,-1,0,0
4,3219,32504489,-237,195,8196
13,3218,32504511,0,0,0
4,3220,32514534,-235,208,8186
13,3219,32514556,1,-1,-1
4,3221,32524694,-234,206,8185
13,3220,32524716,0,-1,-2
4,3222,32534721,-232,205,8192
13,3221,32534770,2,-4,-1
4,3223,32544796,-232,207,8194
13,3222,32544818,3,-7,-1
4,3224,32554915,-230,208,8192
13,3223,32554937,0,-6,0
4,3225,32564904,-236,203,8182
13,3224,32564926,0,-3,-1
4,3226,32575174,-243,209,8194
13,3225,32575196,1,-3,0
4,3227,32585081,-229,199,8194
13,3226,32585102,0,0,0
4,3228,32595132,-238,204,8195
13,3227,32595154,1,0,-1
4,3229,32605214,-248,204,8189
13,3228,32605236,1,-3,-1
4,3230,32615387,-252,195,8180
13,3229,32615409,2,-7,-1
4,3231,32625387,-241,208,8189
13,3230,32625409,2,-4,0
4,3232,32635431,-230,228,8183
13,3231,32635453,0,-3,0
4,3233,32645590,-230,223,8195
13,3232,32645612,0,-3,1
4,3234,32655728,-242,216,8204
13,3233,32655750,-2,-5,0
4,3235,32665652,-236,206,8195
13,3234,32665701,0,-5,-1
4,3236,32675770,-231,204,8184
13,3235,32675792,0,-4,0
4,3237,32685772,-236,195,8189
13,3236,32685794,0,-3,1
4,3238,32695972,-229,200,8182
13,3237,32695994,1,-1,0
4,3239,32705979,-237,213,8200
13,3238,32706001,2,-1,0
4,3240,32716055,-238,211,8187
13,3239,32716077,2,-4,-3
4,3241,32726085,-236,210,8195
13,3240,32726107,3,-2,0
4,3242,32736295,-230,193,8197
13,3241,32736317,1,0,1
4,3243,32746255,-227,207,8191
13,3242,32746276,0,-7,0
4,3244,32756370,-246,209,8188
13,3243,32756392,-3,-6,0
4,3245,32766347,-237,205,8188
13,3244,32766369,-2,-4,-1
4,3246,32776476,-232,200,8181
13,3245,32776498,-1,-7,0
4,3247,32786578,-236,211,8184
13,3246,32786600,-2,-4,0
4,3248,32796632,-224,215,8204
13,3247,32796654,0,-5,-1
4,3249,32806712,-197,215,8279
13,3248,32806734,2,22,-2
4,3250,32816815,-231,202,7874
13,3249,32816837,-3,45,-7
4,3251,32826864,-314,189,8368
13,3250,32826886,-11,45,-13
4,3252,32836912,-281,188,8322
13,3251,32836934,1,-13,-3
4,3253,32846959,-185,214,8005
13,3252,32846981,15,-32,2
4,3254,32857138,-245,192,8236
13,3253,32857160,3,4,1
4,3255,32867148,-264,198,8247
13,3254,32867170,5,-6,-1
4,3256,32877136,-236,223,8162
13,3255,32877158,8,-15,-1
4,3257,32887254,-231,205,8143
13,3256,32887276,2,-3,-1
4,3258,32897522,-240,197,8210
13,3257,32897544,-1,2,0
4,3259,32907440,-228,209,8215
13,3258,32907462,0,0,0
4,3260,32917515,-208,209,8190
13,3259,32917537,0,-2,-2
4,3261,32927674,-236,202,8189
13,3260,32927696,-1,-2,0
4,3262,32937713,-248,196,8192
13,3261,32937735,0,-4,1
4,3263,32947738,-252,197,8171
13,3262,32947760,1,-6,1
4,3264,32957797,-240,210,8194
13,3263,32957819,0,-8,1
4,3265,32967872,-234,215,8207
13,3264,32967894,0,-3,-1
4,3266,32978064,-227,196,8263
13,3265,32978086,2,3,-2
4,3267,32988068,-192,204,8027
13,3266,32988090,-2,27,-2
4,3268,32998050,-274,198,8190
13,3267,32998072,-5,28,-4
4,3269,33008175,-287,214,8352
13,3268,33008197,-4,-3,-3
4,3270,33018264,-233,215,8063
13,3269,33018286,9,-22,0
4,3271,33028374,-246,206,8190
13,3270,33028396,3,-3,0
4,3272,33038435,-254,204,8238
13,3271,33038457,2,-3,-2
4,3273,33048541,-237,196,8178
13,3272,33048563,3,-13,-3
4,3274,33058645,-227,200,8161
13,3273,33058667,3,-9,0
4,3275,33068654,-233,201,8194
13,3274,33068676,1,0,0
4,3276,33078660,-238,203,8190
13,3275,33078682,2,-2,1
4,3277,33088717,-233,207,8179
13,3276,33088739,0,-9,-1
4,3278,33098848,-246,195,8190
13,3277,33098870,0,-5,-1
4,3279,33108841,-237,199,8188
13,3278,33108863,0,-7,-1
4,3280,33118921,-232,208,8182
13,3279,33118943,0,-5,-1
4,3281,33128976,-216,217,8245
13,3280,33128998,-3,4,-1
4,3282,33139161,-212,214,8040
13,3281,33139183,-3,22,-6
4,3283,33149143,-276,205,8243
13,3282,33149165,0,33,-3
4,3284,33159193,-263,207,8309
13,3283,33159215,0,-15,-1
4,3285,33169293,-217,198,8061
13,3284,33169315,7,-28,1
4,3286,33179356,-207,221,8208
13,3285,33179378,1,-2,2
4,3287,33189504,-242,216,8236
13,3286,33189526,0,9,-2
4,3288,33199479,-231,202,8087
13,3287,33199501,3,12,-2
4,3289,33209566,-259,208,8279
13,3288,33209588,4,7,-1
4,3290,33219704,-232,198,8179
13,3289,33219726,3,-15,0
4,3291,33229637,-226,198,8135
13,3290,33229659,3,-4,0
4,3292,33239848,-254,199,8237
13,3291,33239870,-1,0,0
4,3293,33249831,-237,203,8237
13,3292,33249853,0,-5,-1
4,3294,33259975,-214,219,8091
13,3293,33259997,0,5,-2
4,3295,33269994,-270,191,8224
13,3294,33270016,0,18,0
4,3296,33280036,-260,173,8247
13,3295,33280058,0,-11,1
4,3297,33290157,-223,207,8106
13,3296,33290179,3,-16,0
4,3298,33300274,-236,193,8205
13,3297,33300296,0,-1,-4
4,3299,33310366,-248,202,8222
13,3298,33310388,1,-3,0
4,3300,33320448,-237,204,8184
13,3299,33320470,-2,-6,2
4,3301,33330436,-226,208,8168
13,3300,33330458,-2,-4,0
4,3302,33340512,-244,202,8204
13,3301,33340534,1,-1,0
4,3303,33350560,-245,217,8188
13,3302,33350582,0,-2,1
4,3304,33360591,-232,217,8177
13,3303,33360613,0,-4,0
4,3305,33370699,-226,209,8198
13,3304,33370721,-1,-2,2
4,3306,33380897,-238,210,8186
13,3305,33380918,-1,-3,1
4,3307,33390850,-231,197,8188
13,3306,33390872,1,0,1
4,3308,33400913,-235,192,8180
13,3307,33400935,-1,0,0
4,3309,33410986,-237,201,8204
13,3308,33411036,-2,-2,2
4,3310,33421122,-235,195,8184
13,3309,33421144,-4,-10,2
4,3311,33431169,-214,230,8217
13,3310,33431191,-3,3,-2
4,3312,33441246,-256,199,8078
13,3311,33441268,-4,22,-3
4,3313,33451322,-281,187,8303
13,3312,33451344,0,9,-2
4,3314,33461440,-250,202,8190
13,3313,33461462,5,-16,0
4,3315,33471384,-233,190,8093
13,3314,33471406,2,-5,0
4,3316,33481551,-244,174,8233
13,3315,33481573,1,0,0
4,3317,33491521,-247,184,8205
13,3316,33491543,1,-5,-2
4,3318,33501732,-217,204,8173
13,3317,33501753,2,-6,0
4,3319,33511645,-215,202,8165
13,3318,33511667,0,-4,1
4,3320,33521814,-236,185,8209
13,3319,33521836,1,-2,0
4,3321,33531781,-238,201,8179
13,3320,33531803,3,-2,0
4,3322,33542043,-233,205,8186
13,3321,33542065,0,-4,0
4,3323,33552007,-241,214,8200
13,3322,33552029,-1,-4,-1
4,3324,33562094,-240,214,8194
13,3323,33562116,2,-8,0
4,3325,33572135,-226,215,8174
13,3324,33572157,0,-8,1
4,3326,33582217,-230,208,8208
13,3325,33582238,0,0,0
4,3327,33592271,-231,206,8193
13,3326,33592293,1,2,1
4,3328,33602389,-228,206,8187
13,3327,33602411,0,-1,0
4,3329,33612453,-232,197,8186
13,3328,33612475,0,0,0
4,3330,33622623,-240,199,8182
13,3329,33622645,1,0,1
4,3331,33632529,-242,209,8196
13,3330,33632551,1,-6,0
4,3332,33642604,-231,205,8174
13,3331,33642626,1,-3,1
4,3333,33652664,-220,200,8178
13,3332,33652686,0,3,1
4,3334,33662798,-226,204,8187
13,3333,33662820,0,2,2
4,3335,33672776,-229,194,8197
13,3334,33672798,2,2,1
4,3336,33682950,-241,186,8194
13,3335,33682972,1,0,1
4,3337,33692991,-242,179,8128
13,3336,33693013,1,3,0
4,3338,33703200,-270,201,8284
13,3337,33703222,1,-2,0
4,3339,33713077,-230,193,8128
13,3338,33713099,-1,-14,0
4,3340,33723169,-232,197,8182
13,3339,33723191,0,-3,-2
4,3341,33733271,-249,210,8212
13,3340,33733292,1,-4,-3
4,3342,33743359,-244,202,8162
13,3341,33743381,0,-8,0
4,3343,33753478,-229,212,8194
13,3342,33753500,0,-1,0
4,3344,33763461,-241,219,8193
13,3343,33763483,-1,2,0
4,3345,33773504,-239,215,8210
13,3344,33773526,0,3,-2
4,3346,33783743,-232,209,8194
13,3345,33783765,2,0,0
4,3347,33793739,-233,202,8190
13,3346,33793761,0,0,0
4,3348,33803811,-243,208,8184
13,3347,33803833,0,0,0
4,3349,33813875,-237,213,8208
13,3348,33813897,1,-2,0
4,3350,33823975,-244,204,8192
13,3349,33823997,3,0,0
4,3351,33833974,-229,197,8169
13,3350,33833996,0,0,-1
4,3352,33844049,-241,214,8201
13,3351,33844071,2,0,0
4,3353,33854151,-248,202,8200
13,3352,33854172,1,-4,1
4,3354,33864311,-239,197,8172
13,3353,33864333,0,-1,0
4,3355,33874290,-236,199,8199
13,3354,33874312,2,0,0
4,3356,33884350,-238,197,8169
13,3355,33884372,0,-1,3
4,3357,33894435,-228,166,8187
13,3356,33894457,1,0,40
4,3358,33904476,-233,234,8207
13,3357,33904498,0,0,168
4,3359,33914621,-235,201,8174
13,3358,33914643,0,1,50
4,3360,33924684,-245,194,8182
13,3359,33924706,0,0,18
4,3361,33934743,-247,186,8194
13,3360,33934765,0,2,23
4,3362,33944867,-250,213,8172
13,3361,33944889,2,5,11
4,3363,33954921,-231,227,8210
13,3362,33954943,0,3,10
4,3364,33964943,-231,223,8184
13,3363,33964965,0,0,9
4,3365,33975042,-247,204,8187
13,3364,33975064,4,2,12
4,3366,33985118,-241,218,8200
13,3365,33985140,1,5,19
4,3367,33995132,-222,206,8204
13,3366,33995154,0,1,46
4,3368,34005169,-231,204,8187
13,3367,34005191,1,-1,73
4,3369,34015332,-247,210,8188
13,3368,34015354,1,-1,45
4,3370,34025381,-243,212,8181
13,3369,34025403,1,-4,32
4,3371,34035458,-215,207,8186
13,3370,34035480,-1,0,42
4,3372,34045575,-245,212,8188
13,3371,34045597,0,1,70
4,3373,34055535,-253,207,8196
13,3372,34055557,2,-2,47
4,3374,34065737,-236,202,8177
13,3373,34065759,0,-2,25
4,3375,34075736,-249,198,8170
13,3374,34075758,0,-2,18
4,3376,34085789,-244,196,8204
13,3375,34085811,0,-2,10
4,3377,34095849,-236,187,8177
13,3376,34095871,-1,-7,6
4,3378,34106028,-239,192,8184
13,3377,34106050,2,-5,6
4,3379,34115994,-239,210,8200
13,3378,34116016,5,-3,3
4,3380,34126035,-240,183,8190
13,3379,34126057,3,-1,3
4,3381,34136137,-245,189,8190
13,3380,34136158,1,-1,2
4,3382,34146193,-240,212,8207
13,3381,34146215,1,-1,0
4,3383,34156305,-234,221,8168
13,3382,34156326,1,-5,1
4,3384,34166458,-239,212,8182
13,3383,34166480,1,-2,0
4,3385,34176428,-242,208,8187
13,3384,34176450,0,0,0
4,3386,34186646,-239,207,8184
13,3385,34186668,1,-3,1
4,3387,34196551,-236,213,8170
13,3386,34196573,4,-4,3
4,3388,34206706,-242,212,8200
13,3387,34206728,1,-2,1
4,3389,34216666,-235,216,8207
13,3388,34216688,1,-1,0
4,3390,34226824,-234,212,8189
13,3389,34226845,2,0,0
4,3391,34236851,-220,222,8195
13,3390,34236873,1,0,0
4,3392,34246947,-232,192,8208
13,3391,34246969,2,-1,1
4,3393,34257013,-236,207,8185
13,3392,34257035,0,-3,0
4,3394,34267181,-236,220,8196
13,3393,34267203,0,-1,0
4,3395,34277170,-244,194,8197
13,3394,34277192,1,3,3
4,3396,34287167,-232,202,8190
13,3395,34287189,1,1,2
4,3397,34297335,-219,210,8193
13,3396,34297357,0,0,11
4,3398,34307498,-114,225,8189
13,3397,34307520,-1,-1,54
4,3399,34317489,-194,198,8182
13,3398,34317511,1,-9,209
4,3400,34327502,-425,150,8182
13,3399,34327524,2,-3,180
4,3401,34337584,-251,213,8210
13,3400,34337606,2,-1,23
4,3402,34347680,-211,211,8188
13,3401,34347702,0,-1,12
4,3403,34357719,-220,223,8188
13,3402,34357741,1,-2,37
4,3404,34367793,-113,242,8192
13,3403,34367815,2,-3,83
4,3405,34377806,-245,211,8175
13,3404,34377828,3,-8,190
4,3406,34387982,-343,177,8182
13,3405,34388004,3,-3,168
4,3407,34397997,-292,187,8211
13,3406,34398019,4,-2,76
4,3408,34408127,-260,215,8194
13,3407,34408149,3,0,18
4,3409,34418165,-237,202,8193
13,3408,34418187,2,1,4
4,3410,34428344,-221,205,8185
13,3409,34428366,1,0,0
4,3411,34438240,-236,204,8184
13,3410,34438262,1,2,1
4,3412,34448370,-235,202,8196
13,3411,34448392,-1,1,2
4,3413,34458403,-238,204,8207
13,3412,34458425,0,1,1
4,3414,34468510,-243,208,8201
13,3413,34468532,2,-1,1
4,3415,34478548,-231,192,8192
13,3414,34478570,0,-5,2
4,3416,34488620,-229,194,8189
13,3415,34488642,1,-2,0
4,3417,34498705,-228,203,8182
13,3416,34498727,0,0,0
4,3418,34508863,-239,207,8187
13,3417,34508885,3,0,2
4,3419,34518846,-239,198,8205
13,3418,34518868,2,-1,4
4,3420,34528905,-239,200,8187
13,3419,34528927,0,-3,5
4,3421,34539057,-231,212,8190
13,3420,34539079,1,-3,9
4,3422,34549099,-169,242,8198
13,3421,34549121,3,-5,33
4,3423,34559139,-126,232,8186
13,3422,34559161,1,-7,122
4,3424,34569130,-341,166,8181
13,3423,34569152,1,-4,176
4,3425,34579291,-318,187,8196
13,3424,34579313,5,-1,76
4,3426,34589409,-238,216,8195
13,3425,34589431,1,0,17
4,3427,34599466,-238,213,8189
13,3426,34599488,0,-3,23
4,3428,34609456,-232,209,8181
13,3427,34609478,0,-3,23
4,3429,34619555,-236,212,8184
13,3428,34619576,0,-3,22
4,3430,34629561,-245,224,8194
13,3429,34629583,0,-1,27
4,3431,34639656,-259,202,8199
13,3430,34639678,0,-4,30
4,3432,34649713,-248,206,8201
13,3431,34649735,3,-2,13
4,3433,34659879,-245,196,8188
13,3432,34659901,1,-2,2
4,3434,34670005,-238,202,8202
13,3433,34670027,1,-2,1
4,3435,34679989,-227,207,8185
13,3434,34680011,2,0,0
4,3436,34690107,-222,208,8177
13,3435,34690129,0,0,0
4,3437,34700129,-223,200,8190
13,3436,34700151,0,2,1
4,3438,34710205,-219,202,8186
13,3437,34710227,0,3,0
4,3439,34720256,-247,210,8189
13,3438,34720278,1,0,0
4,3440,34730308,-245,198,8181
13,3439,34730330,0,0,0
4,3441,34740321,-260,199,8189
13,3440,34740343,0,-1,1
4,3442,34750543,-244,206,8195
13,3441,34750565,0,-3,0
4,3443,34760543,-230,204,8194
13,3442,34760565,1,-3,0
4,3444,34770641,-239,211,8190
13,3443,34770663,2,1,0
4,3445,34780658,-236,203,8197
13,3444,34780680,1,0,-1
4,3446,34790803,-230,211,8200
13,3445,34790825,3,-2,-2
4,3447,34800835,-231,210,8191
13,3446,34800857,0,-2,0
4,3448,34810912,-246,205,8198
13,3447,34810934,0,0,0
4,3449,34821021,-243,208,8193
13,3448,34821043,2,-1,-2
4,3450,34831177,-241,204,8176
13,3449,34831199,4,-1,0
4,3451,34841091,-248,210,8193
13,3450,34841113,0,1,1
4,3452,34851153,-241,207,8189
13,3451,34851175,0,0,0
4,3453,34861245,-234,204,8191
13,3452,34861267,0,0,0
4,3454,34871343,-234,214,8189
13,3453,34871365,0,-1,-1
4,3455,34881334,-238,202,8192
13,3454,34881356,1,0,0
4,3456,34891448,-240,208,8189
13,3455,34891470,3,0,-1
4,3457,34901519,-229,204,8190
13,3456,34901541,1,-2,0
4,3458,34911675,-242,196,8195
13,3457,34911697,0,-1,1
4,3459,34921688,-242,200,8176
13,3458,34921710,0,-1,-1
4,3460,34931715,-245,204,8181
13,3459,34931737,1,-3,-3
4,3461,34941809,-241,204,8194
13,3460,34941831,0,-4,2
4,3462,34951923,-235,210,8190
13,3461,34951945,2,-6,-2
4,3463,34961937,-238,212,8193
13,3462,34961959,2,-4,0
4,3464,34971988,-221,218,8193
13,3463,34972009,2,-1,-1
4,3465,34982139,-240,207,8195
13,3464,34982161,0,0,-2
4,3466,34992333,-240,215,8200
13,3465,34992355,0,-3,-2
# CONFIG,end,4,100.000,0,4,0
# CONFIG,end,13,100.000,0,1000,0
# END,accel_events=3466,gyro_events=3465,queue_dropped=0,malformed=0,max_poll_gap_us=135043
# Reset the board before another ca
# EXPERIMENT,rotation-x
# planned_turn_us=10000000:13000000,planned_return_us=20000000:23000000
