Bootloader starting
NRF_POWER->GPREGRET2 = 0004
CONFIG_GPIO_AS_PINRESET NOT defined
BHI260/BHA260 found. Product ID read 89
Loading firmware. Boot status: 11
No BHY UPDATE file found!
No ANNA_UPDATE_FILE found. Starting main application
Ä$≈ÖçïÅthe box still. Send s to capture 5 s startup + 30 s stationary data.
# NICLA_DIAGNOSTIC_V1
# Arduino_BHY2=1.0.8; corrected counts; no orientation or BLE output
# configuration_read_attempts=3
# CONFIG,phase,sensor_id,rate_hz,latency_ms,range,sensitivity
# startup_us=5000000,duration_us=35000000
# host_us is delivery time; hardware timestamps and upstream loss are not exposed
sensor_id,sequence,host_us,x_counts,y_counts,z_counts
# CONFIG_READ_FAILURE,phase=start,sensor_id=4,attempt=1,status=-5,bytes=4,expected_bytes=12
# CONFIG,start,4,100.000,0,4,0
# CONFIG,start,13,100.000,0,1000,0
4,1,136188,58,-111,8511
4,2,138796,39,-115,8515
13,1,138818,11,-20,-12
4,3,138844,58,-114,8519
13,2,138866,11,-20,-13
4,4,138888,65,-116,8513
13,3,138910,9,-22,-13
4,5,145702,56,-123,8508
13,4,145724,13,-18,-14
4,6,154520,56,-122,8508
13,5,154543,13,-18,-15
4,7,163835,51,-113,8504
13,6,163858,11,-20,-13
4,8,173861,50,-116,8520
13,7,173883,12,-19,-11
4,9,183956,44,-111,8511
13,8,183978,10,-22,-11
4,10,194112,49,-115,8514
13,9,194134,12,-23,-13
4,11,204071,62,-112,8516
13,10,204093,14,-23,-11
4,12,214072,50,-114,8519
13,11,214094,13,-23,-12
4,13,224217,51,-116,8518
13,12,224239,12,-20,-12
4,14,234285,57,-123,8520
13,13,234308,15,-19,-12
4,15,244378,62,-118,8511
13,14,244400,12,-23,-11
4,16,254406,57,-117,8519
13,15,254428,10,-22,-12
4,17,264512,67,-99,8515
13,16,264535,12,-22,-12
4,18,274642,53,-104,8522
13,17,274664,10,-23,-12
4,19,284648,49,-112,8516
13,18,284670,13,-22,-12
4,20,294727,60,-115,8507
13,19,294749,12,-21,-12
4,21,304795,64,-110,8515
13,20,304817,11,-19,-14
4,22,314843,57,-111,8509
13,21,314865,10,-22,-13
4,23,324862,61,-119,8513
13,22,324884,13,-21,-12
4,24,334928,69,-120,8516
13,23,334950,13,-19,-12
4,25,345011,62,-125,8520
13,24,345033,13,-21,-14
4,26,355097,47,-121,8527
13,25,355119,11,-23,-11
4,27,365138,64,-119,8506
13,26,365187,10,-23,-11
4,28,375223,68,-119,8501
13,27,375245,12,-22,-12
4,29,385337,61,-119,8515
13,28,385359,12,-22,-14
4,30,395330,57,-109,8514
13,29,395352,13,-20,-11
4,31,405398,47,-118,8503
13,30,405420,14,-19,-13
4,32,415435,54,-112,8514
13,31,415457,13,-20,-12
4,33,425519,51,-116,8518
13,32,425541,11,-20,-11
4,34,435728,56,-113,8514
13,33,435750,12,-18,-10
4,35,445646,50,-110,8514
13,34,445668,12,-20,-11
4,36,455672,55,-116,8511
13,35,455694,12,-22,-13
4,37,465863,60,-117,8517
13,36,465885,12,-22,-14
4,38,475910,58,-103,8514
13,37,475932,13,-21,-14
4,39,485935,51,-118,8518
13,38,485957,13,-20,-12
4,40,496029,56,-121,8518
13,39,496051,12,-24,-10
4,41,506169,49,-112,8505
13,40,506191,12,-23,-11
4,42,516249,52,-119,8511
13,41,516271,13,-24,-14
4,43,526297,49,-111,8526
13,42,526319,13,-20,-13
4,44,536293,50,-114,8509
13,43,536315,10,-20,-10
4,45,546362,59,-115,8508
13,44,546384,13,-21,-11
4,46,556469,61,-111,8520
13,45,556491,11,-18,-12
4,47,566450,54,-110,8516
13,46,566471,12,-19,-13
4,48,576573,53,-106,8518
13,47,576595,13,-18,-12
4,49,586662,48,-115,8505
13,48,586684,11,-19,-12
4,50,596815,40,-125,8512
13,49,596837,13,-21,-13
4,51,606799,69,-125,8530
13,50,606821,14,-18,-14
4,52,616854,55,-115,8515
13,51,616876,12,-18,-10
4,53,627031,49,-121,8516
13,52,627053,13,-19,-14
4,54,637008,57,-120,8513
13,53,637030,12,-19,-12
4,55,647122,64,-122,8510
13,54,647144,0,0,1
4,56,657164,56,-113,8506
13,55,657185,1,-1,2
4,57,667214,53,-115,8512
13,56,667236,0,0,-1
4,58,677303,55,-106,8514
13,57,677325,0,0,2
4,59,687326,50,-109,8518
13,58,687348,-2,0,0
4,60,697429,42,-118,8520
13,59,697451,0,-1,-1
4,61,707420,63,-123,8520
13,60,707442,0,-1,-2
4,62,717551,57,-120,8522
13,61,717573,0,0,-1
4,63,727522,53,-107,8516
13,62,727544,0,-1,1
4,64,737715,60,-128,8522
13,63,737765,0,-3,0
4,65,747683,54,-116,8521
13,64,747733,0,-1,0
4,66,757930,41,-103,8510
13,65,757952,-1,0,-1
4,67,767881,55,-116,8511
13,66,767903,0,-2,-1
4,68,777965,55,-121,8524
13,67,777987,-1,-3,0
4,69,788011,53,-118,8508
13,68,788033,-1,0,-1
4,70,798132,57,-123,8530
13,69,798154,2,-3,2
4,71,808134,58,-113,8524
13,70,808156,1,-3,0
4,72,818165,59,-114,8516
13,71,818187,-1,-3,0
4,73,828302,58,-118,8514
13,72,828324,1,0,0
4,74,838494,52,-120,8513
13,73,838516,1,0,2
4,75,848423,56,-107,8526
13,74,848445,-1,-2,1
4,76,858427,62,-108,8512
13,75,858449,0,0,0
4,77,868555,64,-120,8514
13,76,868604,0,0,1
4,78,878646,53,-115,8514
13,77,878668,-1,-2,1
4,79,888769,50,-117,8514
13,78,888791,-1,-1,1
4,80,898793,50,-109,8510
13,79,898815,0,1,0
4,81,908873,58,-122,8517
13,80,908895,2,1,1
4,82,919011,50,-125,8511
13,81,919033,0,0,0
4,83,928974,50,-109,8510
13,82,928996,0,-2,0
4,84,939049,52,-114,8506
13,83,939071,0,-3,-1
4,85,949108,53,-120,8499
13,84,949130,-1,-3,0
4,86,959211,66,-110,8500
13,85,959233,-1,1,0
4,87,969265,59,-113,8510
13,86,969287,-1,0,1
4,88,979317,53,-123,8513
13,87,979339,0,1,0
4,89,989407,52,-111,8518
13,88,989457,0,0,1
4,90,999570,54,-129,8518
13,89,999592,0,-2,0
4,91,1009558,44,-126,8515
13,90,1009580,1,1,0
4,92,1019579,59,-121,8521
13,91,1019601,2,-2,1
4,93,1029722,62,-121,8515
13,92,1029744,-1,-3,0
4,94,1039747,49,-114,8509
13,93,1039769,0,0,0
4,95,1049829,47,-100,8518
13,94,1049851,0,0,2
4,96,1059900,53,-109,8517
13,95,1059922,0,1,0
4,97,1069898,50,-111,8516
13,96,1069920,-1,1,0
4,98,1080208,58,-117,8515
13,97,1080230,-2,0,0
4,99,1090129,62,-115,8507
13,98,1090151,0,-2,1
4,100,1100196,62,-115,8513
13,99,1100218,-1,-3,1
4,101,1110254,52,-118,8514
13,100,1110276,0,0,0
4,102,1120306,57,-120,8513
13,101,1120356,-2,-1,0
4,103,1130452,67,-117,8516
13,102,1130474,0,0,0
4,104,1140430,57,-123,8512
13,103,1140452,0,0,1
4,105,1150628,56,-124,8512
13,104,1150650,1,-1,0
4,106,1160740,52,-112,8510
13,105,1160762,0,0,0
4,107,1170772,47,-119,8201
13,106,1170797,0,-2,0
4,108,1180760,62,-115,8221
13,107,1180782,0,-4,0
4,109,1190888,61,-114,8226
13,108,1190910,0,-3,0
4,110,1200877,49,-116,8221
13,109,1200899,0,-4,0
4,111,1211034,64,-116,8228
13,110,1211056,-1,-1,1
4,112,1221037,57,-113,8229
13,111,1221058,1,0,0
4,113,1231072,49,-103,8216
13,112,1231094,0,0,0
4,114,1241343,47,-112,8205
13,113,1241365,0,1,0
4,115,1251311,67,-111,8218
13,114,1251333,0,-2,1
4,116,1261371,57,-112,8224
13,115,1261393,0,-1,-1
4,117,1271500,70,-113,8230
13,116,1271522,0,0,-1
4,118,1281560,54,-116,8221
13,117,1281581,0,0,0
4,119,1291565,50,-117,8207
13,118,1291587,0,-3,0
4,120,1301660,53,-118,8221
13,119,1301682,0,-1,0
4,121,1311739,54,-115,8226
13,120,1311761,0,0,1
4,122,1321958,56,-113,8212
13,121,1321980,-1,-1,3
4,123,1331882,46,-114,8219
13,122,1331904,0,-2,-1
4,124,1341976,48,-114,8231
13,123,1341998,0,-2,0
4,125,1351961,50,-126,8219
13,124,1351983,-1,0,2
4,126,1362111,55,-120,8227
13,125,1362133,0,-1,2
4,127,1372174,51,-116,8223
13,126,1372196,0,0,0
4,128,1382216,61,-114,8222
13,127,1382238,0,0,0
4,129,1392298,53,-108,8229
13,128,1392320,-2,1,0
4,130,1402400,49,-108,8230
13,129,1402422,0,1,-1
4,131,1412374,60,-116,8229
13,130,1412396,0,-1,-1
4,132,1422418,53,-121,8214
13,131,1422440,0,-2,-1
4,133,1432514,52,-115,8213
13,132,1432536,0,0,0
4,134,1442568,48,-115,8208
13,133,1442590,-1,0,1
4,135,1452649,67,-115,8219
13,134,1452671,0,-2,1
4,136,1462727,58,-110,8223
13,135,1462749,0,-2,1
4,137,1472780,51,-130,8228
13,136,1472802,0,-1,0
4,138,1483022,55,-120,8221
13,137,1483044,0,0,0
4,139,1492939,54,-116,8213
13,138,1492961,-1,0,0
4,140,1502974,60,-117,8225
13,139,1502996,0,-1,-2
4,141,1513070,59,-116,8231
13,140,1513092,0,-1,0
4,142,1523164,48,-109,8231
13,141,1523186,0,0,0
4,143,1533196,49,-127,8223
13,142,1533218,0,-1,0
4,144,1543236,53,-117,8215
13,143,1543258,0,-2,1
4,145,1553305,58,-109,8220
13,144,1553327,0,-1,1
4,146,1563475,65,-117,8214
13,145,1563497,0,0,2
4,147,1573436,49,-124,8217
13,146,1573458,0,0,0
4,148,1583529,51,-113,8222
13,147,1583551,0,-3,0
4,149,1593636,49,-119,8222
13,148,1593658,-1,0,1
4,150,1603693,44,-124,8219
13,149,1603715,0,2,3
4,151,1613657,60,-123,8224
13,150,1613679,-1,2,0
4,152,1623800,61,-111,8220
13,151,1623822,-3,1,1
4,153,1633906,50,-97,8224
13,152,1633928,1,0,0
4,154,1644066,44,-106,8216
13,153,1644088,0,0,0
4,155,1654012,51,-121,8218
13,154,1654034,0,0,0
4,156,1664033,49,-113,8234
13,155,1664055,0,0,0
4,157,1674129,66,-122,8230
13,156,1674151,-1,-1,-1
4,158,1684287,45,-123,8220
13,157,1684309,0,-3,0
4,159,1694257,52,-113,8228
13,158,1694279,2,-2,0
4,160,1704347,49,-117,8209
13,159,1704369,0,0,0
4,161,1714391,54,-117,8206
13,160,1714412,0,-4,1
4,162,1724644,55,-114,8215
13,161,1724666,0,0,0
4,163,1734523,52,-120,8231
13,162,1734545,0,0,1
4,164,1744541,59,-114,8224
13,163,1744562,0,-1,0
4,165,1754694,64,-119,8208
13,164,1754716,0,-1,0
4,166,1764773,56,-112,8208
13,165,1764795,0,1,0
4,167,1774813,50,-109,8215
13,166,1774835,0,-1,-2
4,168,1784876,61,-118,8218
13,167,1784897,0,-2,-1
4,169,1794961,49,-125,8230
13,168,1794983,-2,-1,0
4,170,1805107,61,-113,8225
13,169,1805129,0,0,0
4,171,1815048,60,-117,8211
13,170,1815070,0,1,0
4,172,1825132,55,-122,8210
13,171,1825153,1,1,1
4,173,1835195,43,-113,8220
13,172,1835216,-1,0,0
4,174,1845319,47,-125,8224
13,173,1845341,-1,0,0
4,175,1855352,58,-108,8215
13,174,1855374,0,0,0
4,176,1865349,62,-111,8228
13,175,1865371,1,-1,-3
4,177,1875488,40,-108,8224
13,176,1875510,3,-1,-1
4,178,1885694,60,-115,8228
13,177,1885716,1,-1,1
4,179,1895710,51,-125,8227
13,178,1895732,-1,0,0
4,180,1905707,43,-131,8215
13,179,1905729,0,1,-1
4,181,1915758,56,-119,8215
13,180,1915780,0,0,-1
4,182,1925908,59,-118,8220
13,181,1925930,1,0,1
4,183,1935885,44,-120,8216
13,182,1935907,2,0,0
4,184,1945943,49,-113,8214
13,183,1945965,-1,-2,0
4,185,1956014,52,-117,8225
13,184,1956036,-1,1,2
4,186,1966249,54,-111,8222
13,185,1966271,-3,-1,1
4,187,1976153,50,-115,8223
13,186,1976175,-1,0,0
4,188,1986235,50,-115,8225
13,187,1986257,0,0,0
4,189,1996358,56,-135,8213
13,188,1996380,0,0,0
4,190,2006357,53,-121,8230
13,189,2006379,-1,-2,0
4,191,2016424,58,-117,8224
13,190,2016446,0,-1,0
4,192,2026551,48,-122,8218
13,191,2026573,-1,0,1
4,193,2036561,41,-112,8220
13,192,2036583,0,0,0
4,194,2046727,52,-99,8228
13,193,2046749,0,-1,0
4,195,2056682,52,-107,8232
13,194,2056703,0,0,2
4,196,2066739,49,-116,8224
13,195,2066761,0,0,1
4,197,2076860,54,-121,8216
13,196,2076882,0,-1,0
4,198,2086907,64,-116,8222
13,197,2086929,0,-1,0
4,199,2097022,50,-104,8225
13,198,2097044,0,-1,2
4,200,2107034,54,-116,8213
13,199,2107056,0,0,1
4,201,2117207,46,-118,8218
13,200,2117229,0,-2,0
4,202,2127304,51,-111,8221
13,201,2127326,0,-1,-1
4,203,2137347,59,-127,8221
13,202,2137369,0,0,1
4,204,2147353,57,-119,8218
13,203,2147375,1,1,0
4,205,2157361,56,-123,8215
13,204,2157383,1,0,1
4,206,2167521,48,-111,8211
13,205,2167543,-2,0,2
4,207,2177521,51,-113,8221
13,206,2177543,0,0,0
4,208,2187567,47,-124,8220
13,207,2187589,1,0,1
4,209,2197607,64,-119,8218
13,208,2197629,0,0,0
4,210,2207805,57,-113,8216
13,209,2207827,0,0,0
4,211,2217831,58,-119,8216
13,210,2217852,0,0,0
4,212,2227818,56,-115,8228
13,211,2227840,-1,-1,0
4,213,2237914,47,-114,8216
13,212,2237936,0,0,2
4,214,2248058,46,-110,8217
13,213,2248080,-1,0,1
4,215,2258091,57,-111,8225
13,214,2258113,0,-1,0
4,216,2268153,54,-113,8215
13,215,2268175,2,-3,-1
4,217,2278229,56,-118,8214
13,216,2278251,0,0,-1
4,218,2288302,52,-118,8213
13,217,2288324,-1,0,0
4,219,2298330,50,-124,8230
13,218,2298352,-2,0,-1
4,220,2308427,67,-120,8211
13,219,2308449,1,-1,0
4,221,2318452,65,-111,8217
13,220,2318474,2,-1,0
4,222,2328480,56,-121,8218
13,221,2328501,0,-2,2
4,223,2338587,54,-124,8218
13,222,2338609,0,-1,0
4,224,2348652,67,-120,8215
13,223,2348674,0,-1,3
4,225,2358661,60,-120,8218
13,224,2358683,-1,-2,0
4,226,2368916,50,-113,8219
13,225,2368938,-1,0,0
4,227,2378917,58,-116,8219
13,226,2378939,0,-1,0
4,228,2389011,62,-122,8214
13,227,2389033,1,0,-2
4,229,2399012,48,-113,8232
13,228,2399034,2,1,0
4,230,2409108,45,-118,8215
13,229,2409130,0,-1,0
4,231,2419048,57,-121,8216
13,230,2419070,2,-1,1
4,232,2429167,66,-123,8213
13,231,2429189,0,0,0
4,233,2439241,62,-115,8214
13,232,2439263,0,0,0
4,234,2449317,49,-122,8227
13,233,2449339,0,0,-2
4,235,2459398,49,-118,8220
13,234,2459420,-1,1,0
4,236,2469359,48,-119,8220
13,235,2469381,0,-3,0
4,237,2479480,54,-112,8214
13,236,2479502,-2,-2,0
4,238,2489662,52,-116,8213
13,237,2489684,1,0,-1
4,239,2499649,58,-121,8223
13,238,2499671,0,0,1
4,240,2509722,52,-115,8230
13,239,2509744,0,0,-1
4,241,2519756,54,-116,8215
13,240,2519778,-2,-2,0
4,242,2529878,52,-118,8220
13,241,2529900,-1,-1,0
4,243,2539885,44,-114,8214
13,242,2539907,0,0,0
4,244,2549967,54,-113,8207
13,243,2549989,0,-1,0
4,245,2560010,57,-120,8212
13,244,2560032,-1,0,1
4,246,2570117,50,-123,8220
13,245,2570139,0,1,0
4,247,2580149,51,-114,8223
13,246,2580171,-1,0,0
4,248,2590168,45,-112,8211
13,247,2590190,0,-3,1
4,249,2600315,54,-117,8207
13,248,2600337,0,0,0
4,250,2610448,59,-116,8216
13,249,2610470,0,-3,1
4,251,2620373,55,-122,8215
13,250,2620422,0,-2,0
4,252,2630556,48,-116,8229
13,251,2630578,0,-1,-2
4,253,2640551,57,-112,8220
13,252,2640573,0,1,0
4,254,2650685,48,-115,8222
13,253,2650707,1,-2,-1
4,255,2660679,54,-115,8207
13,254,2660701,0,-2,0
4,256,2670814,51,-114,8211
13,255,2670836,-1,-1,1
4,257,2680880,49,-125,8217
13,256,2680902,1,0,0
4,258,2691050,45,-116,8216
13,257,2691072,-1,0,0
4,259,2700971,52,-125,8219
13,258,2700992,0,0,-1
4,260,2711011,44,-117,8221
13,259,2711033,1,0,0
4,261,2721103,54,-115,8229
13,260,2721125,-1,0,0
4,262,2731116,60,-112,8217
13,261,2731138,-2,-1,0
4,263,2741227,56,-122,8227
13,262,2741277,-1,-2,0
4,264,2751304,53,-121,8222
13,263,2751326,-1,0,0
4,265,2761419,61,-120,8215
13,264,2761441,0,0,-2
4,266,2771530,61,-110,8220
13,265,2771552,0,0,0
4,267,2781516,51,-123,8225
13,266,2781538,0,1,0
4,268,2791569,49,-124,8218
13,267,2791591,0,0,0
4,269,2801637,50,-114,8228
13,268,2801659,1,-1,-2
4,270,2811731,57,-110,8228
13,269,2811753,0,1,0
4,271,2821756,57,-110,8218
13,270,2821778,0,0,0
4,272,2831812,44,-128,8225
13,271,2831834,-1,-1,-1
4,273,2841882,52,-120,8222
13,272,2841904,-2,1,0
4,274,2851977,56,-122,8219
13,273,2851999,0,0,0
4,275,2862011,53,-117,8217
13,274,2862033,1,0,0
4,276,2872121,56,-116,8227
13,275,2872143,0,0,0
4,277,2882158,60,-108,8226
13,276,2882180,0,-1,0
4,278,2892245,55,-111,8222
13,277,2892267,0,1,1
4,279,2902230,54,-113,8225
13,278,2902252,-1,0,1
4,280,2912308,62,-114,8211
13,279,2912330,0,0,0
4,281,2922391,51,-128,8227
13,280,2922413,0,-1,1
4,282,2932557,42,-130,8232
13,281,2932579,-2,1,0
4,283,2942501,62,-136,8222
13,282,2942523,-1,1,-1
4,284,2952532,61,-125,8218
13,283,2952553,-1,0,1
4,285,2962616,48,-111,8225
13,284,2962638,-2,0,0
4,286,2972725,43,-123,8211
13,285,2972747,-1,1,0
4,287,2982767,58,-120,8217
13,286,2982789,-1,1,2
4,288,2992824,55,-111,8231
13,287,2992873,3,-2,1
4,289,3002864,49,-111,8226
13,288,3002886,1,0,1
4,290,3013049,57,-116,8221
13,289,3013071,0,-3,0
4,291,3023115,62,-111,8222
13,290,3023137,0,-2,0
4,292,3033095,58,-114,8217
13,291,3033117,-2,0,-1
4,293,3043158,53,-118,8219
13,292,3043180,-2,-3,0
4,294,3053239,49,-116,8218
13,293,3053261,0,0,1
4,295,3063276,44,-113,8219
13,294,3063298,0,-1,0
4,296,3073350,51,-124,8231
13,295,3073372,0,-2,2
4,297,3083432,52,-107,8212
13,296,3083454,0,0,2
4,298,3093583,47,-126,8223
13,297,3093605,2,0,0
4,299,3103523,61,-116,8231
13,298,3103545,0,0,0
4,300,3113613,62,-110,8220
13,299,3113635,0,-2,-1
4,301,3123708,51,-125,8210
13,300,3123730,0,-2,0
4,302,3133833,65,-115,8218
13,301,3133855,0,-2,0
4,303,3143817,58,-118,8215
13,302,3143839,-1,-1,-2
4,304,3153893,57,-121,8212
13,303,3153915,-1,0,-1
4,305,3163903,53,-118,8218
13,304,3163925,0,0,0
4,306,3174071,55,-125,8221
13,305,3174093,1,-1,-1
4,307,3184045,55,-127,8213
13,306,3184067,-1,-1,1
4,308,3194105,50,-115,8224
13,307,3194127,0,-3,2
4,309,3204095,54,-119,8223
13,308,3204117,0,0,0
4,310,3214262,50,-106,8214
13,309,3214284,0,0,0
4,311,3224297,62,-106,8215
13,310,3224319,0,0,0
4,312,3234372,57,-120,8216
13,311,3234393,-1,0,0
4,313,3244459,48,-124,8222
13,312,3244481,1,0,-2
4,314,3254553,55,-117,8232
13,313,3254575,2,1,1
4,315,3264575,54,-116,8214
13,314,3264597,1,-2,0
4,316,3274631,53,-121,8221
13,315,3274653,1,-2,2
4,317,3284670,60,-117,8216
13,316,3284692,0,0,0
4,318,3294723,65,-117,8218
13,317,3294745,1,0,0
4,319,3304856,52,-107,8224
13,318,3304878,2,-1,0
4,320,3314842,46,-118,8223
13,319,3314864,0,-1,0
4,321,3324865,60,-118,8210
13,320,3324887,-1,0,1
4,322,3335087,66,-114,8215
13,321,3335109,1,0,0
4,323,3345068,61,-126,8223
13,322,3345089,0,1,0
4,324,3355128,48,-124,8225
13,323,3355150,-1,0,0
4,325,3365194,54,-118,8227
13,324,3365243,-1,-4,1
4,326,3375330,52,-126,8227
13,325,3375352,0,-1,0
4,327,3385349,50,-121,8218
13,326,3385371,0,0,0
4,328,3395411,54,-117,8219
13,327,3395433,-1,0,-1
4,329,3405446,63,-118,8223
13,328,3405468,0,-4,0
4,330,3415596,56,-117,8219
13,329,3415618,0,-4,1
4,331,3425593,53,-113,8220
13,330,3425615,0,0,3
4,332,3435576,61,-101,8221
13,331,3435598,1,0,0
4,333,3445703,56,-114,8220
13,332,3445725,0,-2,-1
4,334,3455787,62,-115,8219
13,333,3455809,1,-2,0
4,335,3465777,57,-110,8222
13,334,3465799,0,-4,2
4,336,3475896,61,-112,8219
13,335,3475918,3,0,-2
4,337,3486002,60,-118,8213
13,336,3486051,1,0,-2
4,338,3496116,69,-120,8214
13,337,3496138,0,-1,0
4,339,3506128,51,-115,8232
13,338,3506150,1,-1,0
4,340,3516193,55,-119,8221
13,339,3516215,0,0,0
4,341,3526294,58,-127,8213
13,340,3526316,0,-1,2
4,342,3536348,48,-122,8220
13,341,3536370,1,-2,0
4,343,3546321,52,-125,8220
13,342,3546343,2,-1,-2
4,344,3556491,59,-114,8228
13,343,3556513,1,1,-2
4,345,3566509,59,-115,8225
13,344,3566531,-1,-1,0
4,346,3576653,59,-123,8226
13,345,3576675,0,-1,0
4,347,3586653,63,-114,8219
13,346,3586674,0,-1,0
4,348,3596707,55,-111,8218
13,347,3596729,-1,0,0
4,349,3606825,54,-109,8218
13,348,3606847,0,1,0
4,350,3616892,42,-121,8231
13,349,3616914,2,0,2
4,351,3626865,52,-128,8225
13,350,3626887,0,0,1
4,352,3637012,49,-122,8217
13,351,3637034,0,0,-1
4,353,3647117,67,-122,8207
13,352,3647139,-2,2,-1
4,354,3657208,61,-128,8211
13,353,3657230,0,0,0
4,355,3667208,51,-115,8220
13,354,3667230,1,-1,0
4,356,3677242,52,-116,8225
13,355,3677264,-2,0,3
4,357,3687237,58,-121,8218
13,356,3687259,-2,0,2
4,358,3697400,67,-124,8225
13,357,3697422,0,-3,0
4,359,3707409,53,-117,8229
13,358,3707431,0,-1,0
4,360,3717504,57,-120,8215
13,359,3717526,1,0,0
4,361,3727632,48,-133,8221
13,360,3727654,0,1,0
4,362,3737838,55,-125,8209
13,361,3737860,0,1,0
4,363,3747754,58,-119,8211
13,362,3747776,0,0,0
4,364,3757890,59,-121,8225
13,363,3757912,0,-2,0
4,365,3767836,60,-113,8210
13,364,3767858,0,-3,0
4,366,3778048,58,-111,8217
13,365,3778070,-2,2,0
4,367,3788004,50,-119,8217
13,366,3788026,0,1,-1
4,368,3798036,58,-121,8220
13,367,3798058,0,2,0
4,369,3808140,61,-122,8223
13,368,3808162,-1,2,0
4,370,3818324,62,-120,8230
13,369,3818346,0,1,0
4,371,3828299,51,-129,8230
13,370,3828321,0,1,1
4,372,3838386,51,-112,8224
13,371,3838408,0,0,1
4,373,3848425,51,-111,8221
13,372,3848447,-1,0,0
4,374,3858522,51,-119,8226
13,373,3858544,0,2,0
4,375,3868572,70,-116,8223
13,374,3868594,1,0,0
4,376,3878629,63,-119,8218
13,375,3878651,0,0,1
4,377,3888743,45,-100,8230
13,376,3888765,-1,1,0
4,378,3898834,53,-116,8221
13,377,3898856,0,-1,0
4,379,3908854,62,-126,8214
13,378,3908876,0,-4,0
4,380,3918803,58,-107,8222
13,379,3918825,1,0,0
4,381,3928908,61,-119,8223
13,380,3928930,1,1,0
4,382,3939014,64,-115,8222
13,381,3939036,-1,1,1
4,383,3949038,57,-118,8218
13,382,3949060,-2,0,1
4,384,3959101,50,-115,8214
13,383,3959122,0,0,0
4,385,3969097,57,-109,8216
13,384,3969119,2,0,0
4,386,3979321,63,-121,8215
13,385,3979370,0,-1,-1
4,387,3989264,54,-115,8221
13,386,3989286,0,2,1
4,388,3999383,45,-113,8217
13,387,3999405,0,1,0
4,389,4009405,42,-113,8222
13,388,4009427,0,1,0
4,390,4019566,49,-124,8225
13,389,4019588,1,1,1
4,391,4029584,53,-117,8219
13,390,4029606,0,-1,0
4,392,4039618,51,-117,8220
13,391,4039640,-1,-2,1
4,393,4049774,49,-125,8229
13,392,4049796,-1,0,2
4,394,4059881,63,-124,8224
13,393,4059903,0,0,1
4,395,4069844,55,-116,8211
13,394,4069866,1,2,0
4,396,4079942,51,-122,8216
13,395,4079964,2,2,0
4,397,4089964,67,-114,8225
13,396,4089986,1,0,0
4,398,4100059,64,-110,8220
13,397,4100081,0,2,0
4,399,4110133,64,-119,8212
13,398,4110155,1,0,0
4,400,4120202,54,-122,8222
13,399,4120224,0,-1,0
4,401,4130309,54,-123,8208
13,400,4130331,1,0,1
4,402,4140437,57,-121,8202
13,401,4140459,0,0,0
4,403,4150415,53,-115,8215
13,402,4150437,0,1,0
4,404,4160509,48,-125,8232
13,403,4160531,1,0,0
4,405,4170530,55,-136,8227
13,404,4170552,0,0,1
4,406,4180582,56,-128,8221
13,405,4180604,0,1,-1
4,407,4190661,51,-119,8230
13,406,4190683,0,0,0
4,408,4200734,49,-113,8227
13,407,4200756,0,-1,2
4,409,4210865,54,-116,8225
13,408,4210887,0,2,0
4,410,4220972,57,-118,8219
13,409,4220994,1,1,0
4,411,4230961,67,-126,8218
13,410,4230983,0,-1,0
4,412,4240994,58,-128,8220
13,411,4241016,0,-2,0
4,413,4251158,54,-110,8218
13,412,4251180,0,-1,2
4,414,4261201,54,-113,8225
13,413,4261223,0,1,0
4,415,4271244,65,-112,8225
13,414,4271266,1,-1,0
4,416,4281278,52,-111,8223
13,415,4281300,0,1,-1
4,417,4291393,54,-117,8222
13,416,4291415,0,1,0
4,418,4301497,63,-125,8228
13,417,4301519,-1,2,0
4,419,4311419,64,-121,8212
13,418,4311440,0,2,0
4,420,4321529,60,-116,8226
13,419,4321551,0,0,0
4,421,4331587,49,-119,8234
13,420,4331609,0,2,0
4,422,4341693,52,-122,8221
13,421,4341715,0,1,0
4,423,4351726,55,-121,8218
13,422,4351748,-1,1,1
4,424,4361800,41,-121,8223
13,423,4361822,0,3,0
4,425,4371888,40,-114,8223
13,424,4371910,0,0,-1
4,426,4382027,47,-130,8218
13,425,4382049,0,1,-2
4,427,4392020,51,-126,8233
13,426,4392042,0,0,0
4,428,4402090,57,-111,8226
13,427,4402112,0,0,0
4,429,4412135,53,-112,8226
13,428,4412157,0,2,0
4,430,4422228,55,-108,8229
13,429,4422250,0,1,0
4,431,4432211,51,-125,8223
13,430,4432233,2,0,1
4,432,4442333,48,-113,8218
13,431,4442355,0,1,0
4,433,4452398,53,-108,8221
13,432,4452420,0,3,0
4,434,4462622,55,-109,8210
13,433,4462644,0,0,0
4,435,4472528,41,-124,8223
13,434,4472550,0,-1,1
4,436,4482602,49,-119,8222
13,435,4482624,0,1,1
4,437,4492737,48,-117,8228
13,436,4492759,0,1,0
4,438,4502785,61,-118,8223
13,437,4502807,0,-1,0
4,439,4512818,58,-119,8224
13,438,4512840,0,1,2
4,440,4522892,58,-117,8225
13,439,4522914,0,1,1
4,441,4533008,60,-118,8211
13,440,4533030,0,1,-1
4,442,4543099,61,-121,8222
13,441,4543121,0,0,0
4,443,4553070,53,-123,8222
13,442,4553092,-1,0,1
4,444,4563184,52,-114,8228
13,443,4563206,-1,3,0
4,445,4573127,58,-113,8214
13,444,4573149,0,3,0
4,446,4583292,63,-122,8213
13,445,4583314,0,2,0
4,447,4593378,50,-123,8212
13,446,4593400,0,0,0
4,448,4603380,51,-121,8218
13,447,4603401,0,0,0
4,449,4613434,60,-114,8211
13,448,4613456,0,-1,0
4,450,4623655,55,-108,8214
13,449,4623677,1,0,-1
4,451,4633606,58,-132,8214
13,450,4633628,0,2,-1
4,452,4643659,59,-109,8219
13,451,4643681,0,1,0
4,453,4653744,48,-111,8218
13,452,4653766,0,1,3
4,454,4663822,51,-123,8219
13,453,4663844,2,0,0
4,455,4673843,51,-120,8218
13,454,4673865,5,-1,0
4,456,4683920,50,-110,8226
13,455,4683942,0,1,0
4,457,4693972,51,-115,8213
13,456,4693994,0,0,0
4,458,4704186,51,-122,8224
13,457,4704208,0,-1,1
4,459,4714066,61,-112,8215
13,458,4714088,-2,0,1
4,460,4724095,52,-114,8211
13,459,4724117,-1,1,0
4,461,4734301,46,-111,8217
13,460,4734323,-1,-2,0
4,462,4744369,51,-112,8226
13,461,4744391,-1,0,-1
4,463,4754398,55,-115,8216
13,462,4754420,0,0,1
4,464,4764403,56,-116,8223
13,463,4764425,0,0,1
4,465,4774523,58,-126,8206
13,464,4774545,0,-1,1
4,466,4784696,51,-127,8214
13,465,4784718,0,0,2
4,467,4794576,61,-119,8219
13,466,4794598,-1,0,0
4,468,4804683,56,-116,8220
13,467,4804705,0,0,0
4,469,4814768,58,-117,8213
13,468,4814790,1,0,2
4,470,4824853,52,-122,8214
13,469,4824875,0,2,2
4,471,4834912,49,-121,8222
13,470,4834933,-1,1,0
4,472,4844982,51,-102,8229
13,471,4845004,0,-1,-3
4,473,4854979,47,-105,8221
13,472,4855001,0,-2,0
4,474,4865253,54,-114,8211
13,473,4865275,-2,-1,2
4,475,4875245,49,-124,8214
13,474,4875267,-1,0,1
4,476,4885271,62,-123,8233
13,475,4885293,0,0,0
4,477,4895280,66,-113,8223
13,476,4895302,0,-1,-1
4,478,4905420,55,-124,8207
13,477,4905442,0,1,1
4,479,4915448,55,-121,8208
13,478,4915470,1,0,0
4,480,4925462,44,-111,8219
13,479,4925484,1,0,-1
4,481,4935588,42,-112,8228
13,480,4935610,0,2,-2
4,482,4945798,49,-120,8221
13,481,4945820,-1,0,-1
4,483,4955790,50,-125,8210
13,482,4955811,0,0,0
4,484,4965794,51,-126,8219
13,483,4965816,1,0,0
4,485,4975848,54,-117,8220
13,484,4975870,0,0,-1
4,486,4985910,49,-114,8226
13,485,4985932,-1,0,1
4,487,4996038,55,-119,8218
13,486,4996060,0,0,-1
4,488,5006109,59,-112,8227
13,487,5006131,-1,0,0
4,489,5016112,68,-105,8221
13,488,5016134,0,2,1
4,490,5026355,47,-120,8206
13,489,5026377,1,3,0
4,491,5036220,51,-121,8219
13,490,5036242,0,0,0
4,492,5046312,47,-121,8218
13,491,5046334,0,0,-1
4,493,5056472,56,-117,8210
13,492,5056494,0,0,1
4,494,5066516,48,-116,8215
13,493,5066538,0,0,3
4,495,5076550,58,-124,8225
13,494,5076572,0,-1,1
4,496,5086607,54,-126,8217
13,495,5086629,2,0,0
4,497,5096633,56,-113,8220
13,496,5096655,1,0,2
4,498,5106863,57,-110,8225
13,497,5106885,0,1,1
4,499,5116781,52,-117,8216
13,498,5116830,-2,-1,1
4,500,5126912,47,-112,8221
13,499,5126934,-1,1,0
4,501,5136955,58,-109,8216
13,500,5136977,0,2,2
4,502,5147060,56,-121,8222
13,501,5147082,0,0,3
4,503,5157041,47,-123,8217
13,502,5157063,0,-1,1
4,504,5167125,55,-119,8222
13,503,5167147,-1,0,1
4,505,5177223,53,-123,8220
13,504,5177244,-1,0,0
4,506,5187330,55,-114,8220
13,505,5187351,-1,0,1
4,507,5197408,64,-111,8230
13,506,5197430,-1,0,1
4,508,5207398,44,-129,8221
13,507,5207420,-1,1,1
4,509,5217479,54,-122,8214
13,508,5217501,-1,2,-2
4,510,5227567,55,-124,8226
13,509,5227589,0,0,0
4,511,5237699,57,-123,8230
13,510,5237721,1,-1,2
4,512,5247744,61,-112,8217
13,511,5247766,0,1,3
4,513,5257835,61,-119,8232
13,512,5257857,0,1,1
4,514,5267948,55,-114,8212
13,513,5267970,0,0,1
4,515,5277899,52,-115,8220
13,514,5277921,0,-1,2
4,516,5287977,67,-114,8225
13,515,5287999,0,0,1
4,517,5297962,58,-114,8223
13,516,5297984,-2,-1,0
4,518,5308126,49,-121,8223
13,517,5308148,-1,1,0
4,519,5318182,57,-128,8224
13,518,5318204,-1,0,0
4,520,5328233,57,-113,8210
13,519,5328255,0,0,0
4,521,5338341,61,-125,8213
13,520,5338363,0,1,1
4,522,5348476,52,-116,8215
13,521,5348498,0,0,0
4,523,5358456,51,-113,8221
13,522,5358478,0,2,-1
4,524,5368525,52,-107,8228
13,523,5368547,0,1,0
4,525,5378610,53,-122,8227
13,524,5378632,0,0,0
4,526,5388704,53,-125,8213
13,525,5388726,0,1,0
4,527,5398726,52,-109,8211
13,526,5398748,0,1,0
4,528,5408797,64,-114,8221
13,527,5408819,0,0,0
4,529,5418787,56,-122,8221
13,528,5418809,-1,0,0
4,530,5429010,52,-119,8221
13,529,5429032,0,-1,0
4,531,5439038,51,-114,8211
13,530,5439060,0,0,1
4,532,5449039,49,-122,8216
13,531,5449061,0,1,0
4,533,5459132,51,-115,8224
13,532,5459154,-1,1,0
4,534,5469179,58,-121,8226
13,533,5469201,0,-1,1
4,535,5479253,67,-127,8218
13,534,5479275,0,-1,0
4,536,5489307,57,-114,8227
13,535,5489329,0,0,0
4,537,5499451,52,-111,8227
13,536,5499473,0,0,0
4,538,5509570,49,-112,8216
13,537,5509592,0,0,0
4,539,5519484,49,-119,8224
13,538,5519506,-1,0,0
4,540,5529609,40,-120,8223
13,539,5529631,0,1,2
4,541,5539640,60,-115,8222
13,540,5539662,0,-3,3
4,542,5549781,62,-123,8223
13,541,5549803,1,-1,1
4,543,5559797,45,-128,8223
13,542,5559819,0,1,0
4,544,5569815,55,-108,8212
13,543,5569837,0,-1,-1
4,545,5579936,57,-119,8209
13,544,5579958,1,0,1
4,546,5590172,50,-115,8231
13,545,5590194,0,0,0
4,547,5600064,58,-122,8231
13,546,5600085,-3,0,0
4,548,5610148,52,-106,8229
13,547,5610169,0,0,0
4,549,5620238,47,-124,8213
13,548,5620260,1,1,0
4,550,5630333,47,-114,8223
13,549,5630355,-1,-1,0
4,551,5640396,62,-116,8222
13,550,5640418,0,2,0
4,552,5650429,61,-124,8216
13,551,5650451,0,0,1
4,553,5660495,56,-116,8220
13,552,5660517,0,0,1
4,554,5670650,55,-112,8231
13,553,5670672,0,0,2
4,555,5680608,61,-122,8224
13,554,5680630,0,0,1
4,556,5690692,48,-124,8225
13,555,5690713,0,0,0
4,557,5700834,56,-116,8225
13,556,5700856,-1,1,2
4,558,5710894,54,-124,8220
13,557,5710915,-1,1,1
4,559,5720920,62,-107,8226
13,558,5720941,0,0,0
4,560,5730916,60,-110,8220
13,559,5730938,-1,0,1
4,561,5741081,63,-119,8222
13,560,5741103,0,-2,-2
4,562,5751243,54,-106,8216
13,561,5751265,-1,0,-2
4,563,5761253,63,-114,8216
13,562,5761275,0,2,-1
4,564,5771239,54,-117,8218
13,563,5771261,0,-1,0
4,565,5781357,51,-117,8219
13,564,5781379,0,0,-1
4,566,5791438,44,-132,8221
13,565,5791460,0,2,1
4,567,5801480,53,-123,8213
13,566,5801502,-1,0,0
4,568,5811558,63,-125,8221
13,567,5811580,-1,0,-3
4,569,5821605,59,-117,8226
13,568,5821626,0,1,0
4,570,5831810,61,-118,8211
13,569,5831832,3,1,0
4,571,5841762,52,-124,8214
13,570,5841784,0,0,0
4,572,5851853,53,-132,8221
13,571,5851874,-2,0,0
4,573,5861865,51,-113,8220
13,572,5861887,-2,0,0
4,574,5872124,49,-112,8219
13,573,5872146,-1,0,1
4,575,5882096,43,-116,8225
13,574,5882118,0,0,1
4,576,5892101,49,-122,8217
13,575,5892123,-1,2,0
4,577,5902227,54,-123,8213
13,576,5902249,-1,2,1
4,578,5912365,57,-109,8219
13,577,5912387,-3,1,0
4,579,5922364,58,-119,8215
13,578,5922386,0,1,0
4,580,5932418,44,-121,8225
13,579,5932440,0,-2,2
4,581,5942484,47,-113,8212
13,580,5942506,0,0,0
4,582,5952601,55,-118,8224
13,581,5952623,0,-1,-2
4,583,5962637,60,-116,8221
13,582,5962659,0,1,0
4,584,5972656,62,-121,8211
13,583,5972678,1,-1,1
4,585,5982770,63,-131,8219
13,584,5982792,0,-1,1
4,586,5992981,48,-127,8225
13,585,5993003,0,0,0
4,587,6002884,65,-111,8221
13,586,6002906,0,-2,-1
4,588,6013009,55,-114,8210
13,587,6013031,0,-1,1
4,589,6023084,50,-110,8212
13,588,6023106,-1,0,1
4,590,6033103,59,-122,8209
13,589,6033125,0,0,1
4,591,6043208,60,-118,8217
13,590,6043230,0,-1,2
4,592,6053331,65,-114,8215
13,591,6053352,0,-1,0
4,593,6063294,58,-118,8215
13,592,6063316,-1,-2,-1
4,594,6073501,47,-123,8217
13,593,6073523,-1,0,0
4,595,6083501,52,-109,8229
13,594,6083523,0,2,0
4,596,6093606,53,-115,8216
13,595,6093628,2,0,1
4,597,6103624,58,-116,8215
13,596,6103646,0,1,1
4,598,6113687,57,-114,8221
13,597,6113709,1,1,0
4,599,6123830,46,-125,8223
13,598,6123852,1,0,0
4,600,6133846,47,-124,8222
13,599,6133868,0,2,0
4,601,6143916,50,-121,8223
13,600,6143938,0,0,1
4,602,6154076,51,-114,8226
13,601,6154098,0,1,1
4,603,6164019,51,-124,8223
13,602,6164041,0,0,0
4,604,6174128,56,-116,8217
13,603,6174150,0,2,0
4,605,6184173,59,-117,8220
13,604,6184195,1,0,0
4,606,6194217,55,-125,8220
13,605,6194239,0,0,0
4,607,6204308,44,-126,8225
13,606,6204330,-1,0,0
4,608,6214436,47,-109,8226
13,607,6214458,-1,0,0
4,609,6224446,56,-121,8213
13,608,6224468,0,2,0
4,610,6234701,60,-118,8224
13,609,6234723,1,2,-1
4,611,6244619,54,-114,8221
13,610,6244641,0,0,0
4,612,6254669,49,-123,8217
13,611,6254691,0,0,0
4,613,6264769,56,-125,8215
13,612,6264791,-1,2,1
4,614,6274848,53,-114,8212
13,613,6274870,0,2,1
4,615,6284914,54,-116,8230
13,614,6284936,0,-4,0
4,616,6294977,51,-113,8220
13,615,6294999,0,1,0
4,617,6305144,59,-118,8215
13,616,6305166,0,1,1
4,618,6315228,57,-121,8226
13,617,6315250,1,0,0
4,619,6325289,51,-115,8219
13,618,6325311,1,1,0
4,620,6335221,58,-103,8218
13,619,6335243,0,-2,0
4,621,6345421,59,-120,8213
13,620,6345443,-1,0,-1
4,622,6355444,53,-110,8220
13,621,6355466,2,0,0
4,623,6365421,49,-111,8222
13,622,6365443,0,1,1
4,624,6375564,52,-122,8221
13,623,6375586,-1,0,0
4,625,6385661,49,-128,8218
13,624,6385683,-1,-2,2
4,626,6395812,64,-127,8212
13,625,6395834,0,0,1
4,627,6405809,39,-117,8211
13,626,6405831,0,0,0
4,628,6415841,54,-122,8222
13,627,6415863,0,-2,1
4,629,6425906,62,-116,8231
13,628,6425928,0,-1,3
4,630,6436012,49,-124,8221
13,629,6436034,0,0,1
4,631,6446056,51,-124,8219
13,630,6446078,0,-2,0
4,632,6456176,54,-116,8215
13,631,6456198,1,-1,0
4,633,6466200,50,-128,8214
13,632,6466222,0,0,1
4,634,6476407,47,-121,8208
13,633,6476429,0,-2,1
4,635,6486225,64,-116,8216
13,634,6486247,-2,2,4
4,636,6496375,58,-116,8217
13,635,6496397,-1,3,3
4,637,6506450,60,-134,8216
13,636,6506472,0,0,1
4,638,6516588,47,-108,8218
13,637,6516610,0,2,-1
4,639,6526596,46,-120,8217
13,638,6526618,-1,0,0
4,640,6536640,63,-114,8223
13,639,6536662,-1,-1,1
4,641,6546709,50,-115,8220
13,640,6546731,0,0,0
4,642,6556833,56,-124,8214
13,641,6556855,0,0,3
4,643,6566853,63,-122,8209
13,642,6566874,3,2,0
4,644,6576883,51,-120,8223
13,643,6576905,1,0,-1
4,645,6587003,51,-116,8214
13,644,6587025,-2,0,0
4,646,6597089,49,-123,8218
13,645,6597111,-2,0,-1
4,647,6607153,66,-113,8229
13,646,6607175,0,1,0
4,648,6617298,48,-118,8231
13,647,6617320,1,0,1
4,649,6627340,49,-118,8209
13,648,6627362,0,-1,0
4,650,6637459,56,-118,8224
13,649,6637481,0,0,0
4,651,6647443,45,-118,8222
13,650,6647465,1,0,-1
4,652,6657490,50,-122,8224
13,651,6657512,1,0,0
4,653,6667541,47,-134,8239
13,652,6667563,1,0,2
4,654,6677668,60,-128,8227
13,653,6677690,0,0,0
4,655,6687706,58,-135,8214
13,654,6687727,0,1,-3
4,656,6697768,40,-107,8216
13,655,6697790,0,1,-2
4,657,6707832,51,-113,8230
13,656,6707854,0,0,0
4,658,6717991,64,-119,8227
13,657,6718013,0,0,0
4,659,6728026,56,-120,8233
13,658,6728048,0,0,1
4,660,6738043,43,-127,8220
13,659,6738065,0,0,1
4,661,6748078,48,-124,8209
13,660,6748100,-1,0,0
4,662,6758231,61,-118,8218
13,661,6758253,1,2,0
4,663,6768299,55,-111,8230
13,662,6768321,0,2,0
4,664,6778382,61,-122,8215
13,663,6778404,-1,0,0
4,665,6788403,55,-124,8227
13,664,6788425,0,0,-1
4,666,6798586,52,-113,8223
13,665,6798608,0,0,0
4,667,6808535,52,-113,8211
13,666,6808557,-1,0,0
4,668,6818659,52,-117,8211
13,667,6818681,0,2,1
4,669,6828660,45,-115,8214
13,668,6828682,-1,2,0
4,670,6838781,52,-126,8226
13,669,6838803,-1,2,-3
4,671,6848814,58,-122,8224
13,670,6848836,0,1,0
4,672,6858948,50,-122,8217
13,671,6858997,0,-2,1
4,673,6868993,57,-121,8218
13,672,6869015,-1,-1,-1
4,674,6879095,61,-117,8229
13,673,6879117,1,0,2
4,675,6889144,47,-118,8225
13,674,6889166,-1,2,0
4,676,6899201,51,-108,8221
13,675,6899223,-5,-1,1
4,677,6909240,54,-124,8230
13,676,6909262,0,-2,1
4,678,6919336,64,-116,8217
13,677,6919358,0,0,0
4,679,6929362,52,-122,8224
13,678,6929384,0,0,0
4,680,6939450,61,-126,8217
13,679,6939472,-2,-1,0
4,681,6949524,51,-117,8222
13,680,6949546,0,0,-1
4,682,6959682,42,-111,8220
13,681,6959704,1,1,0
4,683,6969640,53,-114,8220
13,682,6969662,1,0,1
4,684,6979701,53,-114,8232
13,683,6979723,0,-1,1
4,685,6989775,51,-119,8217
13,684,6989824,0,-3,0
4,686,6999856,47,-120,8219
13,685,6999878,0,0,2
4,687,7009940,56,-123,8213
13,686,7009962,1,1,1
4,688,7019995,42,-125,8220
13,687,7020017,0,1,-1
4,689,7030102,51,-130,8216
13,688,7030124,0,0,0
4,690,7040220,64,-128,8217
13,689,7040242,0,0,2
4,691,7050173,54,-117,8218
13,690,7050195,0,1,1
4,692,7060325,54,-126,8223
13,691,7060347,0,2,0
4,693,7070296,53,-122,8219
13,692,7070317,-1,0,0
4,694,7080433,57,-107,8226
13,693,7080455,0,0,1
4,695,7090461,52,-124,8219
13,694,7090483,1,0,3
4,696,7100600,51,-125,8224
13,695,7100621,-1,1,2
4,697,7110591,54,-107,8221
13,696,7110613,-2,0,0
4,698,7120784,57,-131,8209
13,697,7120806,-1,0,1
4,699,7130830,50,-122,8216
13,698,7130852,-1,2,-2
4,700,7140765,52,-123,8222
13,699,7140787,1,0,0
4,701,7150907,61,-119,8223
13,700,7150929,0,0,1
4,702,7161038,57,-125,8217
13,701,7161060,-1,0,0
4,703,7171035,50,-115,8230
13,702,7171057,0,0,-2
4,704,7181082,47,-108,8222
13,703,7181104,0,-1,-1
4,705,7191143,52,-119,8216
13,704,7191165,0,2,0
4,706,7201336,51,-122,8220
13,705,7201358,0,0,0
4,707,7211298,57,-118,8214
13,706,7211320,-2,-1,0
4,708,7221372,51,-122,8225
13,707,7221394,-2,1,0
4,709,7231487,52,-128,8232
13,708,7231536,-3,2,1
4,710,7241568,52,-119,8220
13,709,7241590,0,0,-1
4,711,7251643,44,-119,8226
13,710,7251665,-1,-1,-1
4,712,7261640,52,-123,8221
13,711,7261662,-2,0,1
4,713,7271792,56,-112,8212
13,712,7271814,0,0,0
4,714,7281866,50,-121,8220
13,713,7281888,1,0,1
4,715,7291771,58,-127,8226
13,714,7291793,1,0,0
4,716,7301937,54,-121,8218
13,715,7301959,0,0,-2
4,717,7311976,54,-115,8209
13,716,7311998,0,0,0
4,718,7322089,53,-120,8221
13,717,7322111,0,2,0
4,719,7332072,40,-122,8225
13,718,7332094,1,-2,2
4,720,7342190,55,-107,8220
13,719,7342212,1,-1,2
4,721,7352302,61,-116,8221
13,720,7352324,-1,1,1
4,722,7362427,48,-117,8226
13,721,7362449,0,0,2
4,723,7372434,52,-114,8227
13,722,7372456,2,1,0
4,724,7382515,61,-121,8216
13,723,7382537,1,-2,0
4,725,7392587,47,-128,8227
13,724,7392609,0,1,0
4,726,7402651,65,-122,8222
13,725,7402673,0,0,0
4,727,7412726,62,-107,8227
13,726,7412748,-1,0,0
4,728,7422736,50,-114,8218
13,727,7422758,0,-1,0
4,729,7432894,58,-115,8208
13,728,7432916,0,0,0
4,730,7443067,48,-111,8225
13,729,7443089,-1,1,0
4,731,7452995,53,-120,8222
13,730,7453017,-3,2,-1
4,732,7463035,56,-119,8215
13,731,7463057,-2,2,3
4,733,7473127,47,-114,8225
13,732,7473149,0,1,0
4,734,7483275,56,-114,8218
13,733,7483325,0,0,-2
4,735,7493234,58,-122,8219
13,734,7493283,0,1,0
4,736,7503396,48,-114,8219
13,735,7503418,0,0,0
4,737,7513524,54,-113,8211
13,736,7513546,-1,-2,3
4,738,7523677,54,-124,8223
13,737,7523698,-1,0,0
4,739,7533574,50,-124,8218
13,738,7533596,-1,1,1
4,740,7543646,55,-123,8225
13,739,7543668,-1,-3,1
4,741,7553672,58,-118,8217
13,740,7553694,0,0,-1
4,742,7563827,49,-106,8214
13,741,7563849,-1,0,0
4,743,7573874,59,-117,8218
13,742,7573896,-1,0,0
4,744,7583884,52,-124,8223
13,743,7583906,-2,-1,1
4,745,7594115,63,-114,8223
13,744,7594137,0,-2,0
4,746,7604125,57,-120,8216
13,745,7604147,1,0,-1
4,747,7614159,42,-116,8209
13,746,7614209,4,1,0
4,748,7624349,55,-113,8221
13,747,7624371,1,-1,0
4,749,7634358,53,-116,8219
13,748,7634380,0,1,0
4,750,7644462,55,-117,8218
13,749,7644484,0,2,0
4,751,7654495,61,-136,8220
13,750,7654517,0,1,0
4,752,7664513,50,-128,8220
13,751,7664535,1,0,0
4,753,7674617,59,-124,8219
13,752,7674639,0,0,0
4,754,7684795,67,-120,8221
13,753,7684817,0,0,0
4,755,7694790,55,-124,8222
13,754,7694811,0,0,2
4,756,7704839,55,-124,8228
13,755,7704861,0,0,0
4,757,7714928,61,-122,8233
13,756,7714950,1,0,0
4,758,7724961,58,-122,8222
13,757,7724983,0,0,-1
4,759,7735055,62,-125,8217
13,758,7735077,0,1,0
4,760,7745155,54,-118,8227
13,759,7745177,-1,0,0
4,761,7755184,53,-115,8223
13,760,7755206,-2,-4,0
4,762,7765432,61,-109,8230
13,761,7765454,2,-3,0
4,763,7775354,56,-127,8227
13,762,7775376,1,-1,0
4,764,7785427,48,-118,8230
13,763,7785449,0,-1,0
4,765,7795482,51,-124,8220
13,764,7795504,0,2,0
4,766,7805624,59,-122,8203
13,765,7805646,0,1,1
4,767,7815687,47,-116,8217
13,766,7815709,0,0,0
4,768,7825742,50,-125,8224
13,767,7825764,0,2,1
4,769,7835761,50,-117,8221
13,768,7835783,0,2,0
4,770,7845921,56,-119,8214
13,769,7845943,-1,0,1
4,771,7855889,47,-112,8222
13,770,7855911,0,0,1
4,772,7865907,46,-117,8227
13,771,7865929,0,0,1
4,773,7876050,56,-125,8212
13,772,7876072,0,0,0
4,774,7886167,49,-117,8222
13,773,7886189,0,2,0
4,775,7896200,56,-113,8230
13,774,7896222,0,1,0
4,776,7906272,57,-104,8223
13,775,7906294,0,1,0
4,777,7916335,57,-114,8214
13,776,7916357,0,0,0
4,778,7926493,55,-110,8213
13,777,7926515,-2,-1,0
4,779,7936463,49,-111,8212
13,778,7936485,-1,0,-1
4,780,7946521,49,-131,8225
13,779,7946543,0,0,-2
4,781,7956605,62,-123,8217
13,780,7956627,0,-2,0
4,782,7966700,49,-115,8232
13,781,7966722,0,-1,0
4,783,7976756,45,-113,8232
13,782,7976778,-1,1,1
4,784,7986752,56,-116,8216
13,783,7986774,1,0,2
4,785,7996916,64,-128,8220
13,784,7996938,0,0,0
4,786,8007157,59,-116,8214
13,785,8007179,0,-2,0
4,787,8017075,51,-103,8219
13,786,8017097,0,-1,0
4,788,8027157,53,-117,8213
13,787,8027179,-1,0,0
4,789,8037132,55,-119,8219
13,788,8037154,-1,-1,-1
4,790,8047289,50,-113,8221
13,789,8047311,0,-2,1
4,791,8057340,55,-122,8222
13,790,8057362,0,-2,2
4,792,8067401,62,-108,8219
13,791,8067423,0,1,1
4,793,8077498,56,-118,8225
13,792,8077520,0,1,0
4,794,8087604,52,-108,8221
13,793,8087626,0,0,1
4,795,8097638,51,-119,8213
13,794,8097660,0,1,0
4,796,8107694,59,-119,8237
13,795,8107716,0,0,0
4,797,8117797,55,-122,8230
13,796,8117819,0,0,0
4,798,8127914,47,-118,8208
13,797,8127936,-1,0,-1
4,799,8137911,53,-116,8225
13,798,8137933,0,1,0
4,800,8148025,50,-114,8221
13,799,8148047,-1,0,1
4,801,8158109,55,-110,8218
13,800,8158131,0,1,-1
4,802,8168259,50,-111,8223
13,801,8168281,1,0,0
4,803,8178203,51,-112,8219
13,802,8178225,0,-1,0
4,804,8188289,60,-117,8215
13,803,8188311,0,0,0
4,805,8198334,59,-114,8224
13,804,8198356,0,0,0
4,806,8208465,59,-116,8229
13,805,8208487,0,0,2
4,807,8218504,58,-114,8227
13,806,8218526,0,1,0
4,808,8228564,56,-113,8229
13,807,8228585,-1,0,-1
4,809,8238681,55,-114,8226
13,808,8238703,0,-1,-1
4,810,8248840,50,-121,8214
13,809,8248862,0,1,0
4,811,8258813,65,-110,8221
13,810,8258835,0,1,0
4,812,8268928,49,-114,8219
13,811,8268950,0,0,0
4,813,8278961,47,-129,8213
13,812,8278983,0,1,0
4,814,8289052,44,-124,8229
13,813,8289074,-2,0,0
4,815,8299003,56,-120,8222
13,814,8299025,-1,0,0
4,816,8309172,57,-112,8213
13,815,8309194,-1,2,2
4,817,8319210,52,-119,8222
13,816,8319232,0,0,0
4,818,8329383,53,-123,8218
13,817,8329405,-1,0,0
4,819,8339264,44,-107,8198
13,818,8339286,0,0,1
4,820,8349400,53,-115,8222
13,819,8349422,-1,0,1
4,821,8359466,59,-117,8217
13,820,8359488,0,2,1
4,822,8369577,49,-131,8216
13,821,8369599,0,0,1
4,823,8379632,44,-128,8227
13,822,8379654,0,-1,0
4,824,8389627,58,-122,8217
13,823,8389649,0,2,0
4,825,8399771,58,-121,8216
13,824,8399793,-1,0,1
4,826,8409900,57,-117,8223
13,825,8409922,-1,0,-2
4,827,8419854,55,-119,8224
13,826,8419876,0,-3,0
4,828,8429873,56,-119,8219
13,827,8429895,0,0,-1
4,829,8440024,46,-114,8218
13,828,8440046,-1,-1,1
4,830,8450082,53,-124,8224
13,829,8450104,0,-4,0
4,831,8460054,48,-123,8219
13,830,8460076,0,1,0
4,832,8470158,51,-116,8215
13,831,8470180,2,0,1
4,833,8480211,62,-126,8217
13,832,8480233,0,-1,0
4,834,8490403,57,-108,8218
13,833,8490425,-2,1,0
4,835,8500366,50,-112,8226
13,834,8500388,0,3,0
4,836,8510435,51,-110,8220
13,835,8510457,0,0,2
4,837,8520522,57,-106,8226
13,836,8520544,0,-1,0
4,838,8530557,56,-113,8221
13,837,8530579,0,0,1
4,839,8540545,53,-119,8223
13,838,8540567,0,0,0
4,840,8550641,61,-110,8217
13,839,8550663,0,0,0
4,841,8560736,60,-109,8219
13,840,8560758,-1,0,1
4,842,8570820,56,-120,8227
13,841,8570842,0,0,1
4,843,8580843,45,-118,8225
13,842,8580865,1,-1,0
4,844,8590910,53,-108,8226
13,843,8590932,-1,-1,0
4,845,8600929,55,-110,8221
13,844,8600951,-2,-1,0
4,846,8611082,46,-113,8220
13,845,8611131,-1,0,1
4,847,8621193,48,-121,8213
13,846,8621215,0,0,0
4,848,8631160,54,-118,8213
13,847,8631182,0,0,-2
4,849,8641283,57,-103,8230
13,848,8641305,0,1,0
4,850,8651454,46,-120,8229
13,849,8651476,-1,0,1
4,851,8661474,44,-108,8226
13,850,8661496,-1,-2,-1
4,852,8671483,57,-120,8221
13,851,8671505,-1,0,0
4,853,8681514,49,-130,8224
13,852,8681535,0,0,0
4,854,8691709,54,-115,8215
13,853,8691731,-1,0,1
4,855,8701693,58,-111,8231
13,854,8701715,0,2,0
4,856,8711784,51,-114,8224
13,855,8711806,1,0,0
4,857,8721870,51,-122,8221
13,856,8721892,0,0,0
4,858,8732041,52,-119,8206
13,857,8732063,0,-1,0
4,859,8742067,62,-120,8214
13,858,8742089,0,-3,1
4,860,8752084,53,-115,8224
13,859,8752106,0,0,2
4,861,8762095,59,-116,8216
13,860,8762117,0,1,1
4,862,8772271,58,-108,8219
13,861,8772293,0,-2,0
4,863,8782315,38,-128,8235
13,862,8782337,0,-4,0
4,864,8792329,54,-128,8226
13,863,8792350,0,0,0
4,865,8802456,63,-109,8212
13,864,8802478,-2,0,2
4,866,8812559,61,-122,8214
13,865,8812581,0,-2,1
4,867,8822475,56,-122,8205
13,866,8822497,0,-2,0
4,868,8832581,59,-112,8217
13,867,8832603,0,0,2
4,869,8842608,51,-115,8221
13,868,8842630,1,0,0
4,870,8852767,59,-118,8221
13,869,8852789,-1,-2,0
4,871,8862787,59,-114,8220
13,870,8862837,0,-1,0
4,872,8872968,53,-122,8220
13,871,8872990,0,2,1
4,873,8882981,53,-122,8224
13,872,8883003,0,0,0
4,874,8893149,50,-124,8213
13,873,8893171,0,0,0
4,875,8903024,57,-118,8223
13,874,8903046,0,3,-1
4,876,8913182,56,-110,8223
13,875,8913204,2,0,-1
4,877,8923198,61,-110,8222
13,876,8923220,-1,-1,1
4,878,8933244,54,-116,8228
13,877,8933266,-1,0,0
4,879,8943352,53,-115,8217
13,878,8943374,0,0,-2
4,880,8953403,55,-122,8221
13,879,8953425,-1,0,-1
4,881,8963487,52,-132,8211
13,880,8963509,-1,0,0
4,882,8973704,52,-118,8208
13,881,8973726,0,2,1
4,883,8983607,46,-119,8213
13,882,8983629,-1,1,0
4,884,8993680,52,-121,8227
13,883,8993702,0,0,1
4,885,9003768,55,-109,8221
13,884,9003790,-1,0,2
4,886,9013857,59,-110,8217
13,885,9013879,0,-1,0
4,887,9023928,60,-111,8224
13,886,9023950,0,0,0
4,888,9033949,62,-122,8212
13,887,9033971,0,2,0
4,889,9044080,57,-114,8214
13,888,9044102,0,0,-1
4,890,9054131,45,-117,8219
13,889,9054153,0,0,0
4,891,9064135,42,-126,8217
13,890,9064157,0,2,-2
4,892,9074182,57,-113,8226
13,891,9074204,0,-1,0
4,893,9084277,52,-120,8226
13,892,9084299,0,-1,0
4,894,9094354,53,-129,8212
13,893,9094376,0,1,0
4,895,9104341,51,-120,8219
13,894,9104363,0,-2,0
4,896,9114439,60,-123,8217
13,895,9114461,0,-4,0
4,897,9124497,56,-116,8215
13,896,9124519,0,-1,-1
4,898,9134715,60,-103,8222
13,897,9134737,0,-1,0
4,899,9144626,67,-114,8221
13,898,9144648,-1,-1,0
4,900,9154728,65,-124,8215
13,899,9154750,0,1,1
4,901,9164766,60,-120,8219
13,900,9164788,0,1,0
4,902,9174883,53,-112,8227
13,901,9174905,0,1,1
4,903,9184961,46,-106,8213
13,902,9184983,0,1,0
4,904,9194963,53,-121,8216
13,903,9194985,0,1,0
4,905,9205053,43,-111,8216
13,904,9205075,-2,1,-1
4,906,9215179,57,-117,8217
13,905,9215201,-2,0,-1
4,907,9225163,51,-115,8205
13,906,9225185,0,-1,0
4,908,9235227,56,-111,8226
13,907,9235249,0,-1,0
4,909,9245329,59,-116,8220
13,908,9245351,0,-1,0
4,910,9255414,59,-114,8224
13,909,9255436,-1,0,0
4,911,9265427,48,-126,8230
13,910,9265449,-1,0,1
4,912,9275504,44,-116,8225
13,911,9275526,0,2,0
4,913,9285546,57,-119,8224
13,912,9285568,-1,1,0
4,914,9295788,54,-117,8227
13,913,9295810,0,-2,0
4,915,9305701,56,-117,8220
13,914,9305723,1,0,1
4,916,9315702,60,-119,8215
13,915,9315724,1,-1,2
4,917,9325826,56,-107,8223
13,916,9325848,0,0,0
4,918,9335954,61,-111,8219
13,917,9335976,2,1,0
4,919,9346028,56,-118,8236
13,918,9346050,0,1,0
4,920,9356016,54,-112,8221
13,919,9356037,-2,-2,1
4,921,9366146,53,-116,8223
13,920,9366168,-1,0,0
4,922,9376289,65,-113,8230
13,921,9376311,-1,0,0
4,923,9386314,53,-122,8226
13,922,9386336,-2,0,0
4,924,9396321,46,-127,8215
13,923,9396343,0,2,-1
4,925,9406355,50,-114,8218
13,924,9406377,0,1,-2
4,926,9416460,58,-127,8231
13,925,9416482,0,0,0
4,927,9426552,58,-124,8217
13,926,9426574,-2,0,0
4,928,9436570,55,-116,8220
13,927,9436592,-1,0,0
4,929,9446566,50,-132,8209
13,928,9446588,-1,0,0
4,930,9456787,56,-109,8218
13,929,9456808,-1,0,0
4,931,9466757,52,-109,8216
13,930,9466779,0,0,0
4,932,9476827,55,-114,8211
13,931,9476849,-2,0,0
4,933,9486893,58,-126,8222
13,932,9486942,0,-1,0
4,934,9497015,55,-122,8232
13,933,9497037,0,0,-1
4,935,9507060,53,-123,8223
13,934,9507082,-1,-2,0
4,936,9517132,31,-120,8221
13,935,9517154,-1,-1,0
4,937,9527186,57,-123,8210
13,936,9527208,0,0,0
4,938,9537312,63,-115,8223
13,937,9537334,0,0,-1
4,939,9547292,52,-118,8224
13,938,9547314,1,0,3
4,940,9557388,57,-128,8231
13,939,9557410,2,2,2
4,941,9567362,69,-115,8217
13,940,9567384,0,2,-1
4,942,9577558,57,-114,8226
13,941,9577580,-2,1,1
4,943,9587623,54,-118,8214
13,942,9587645,-2,1,0
4,944,9597734,49,-119,8229
13,943,9597756,0,-1,0
4,945,9607732,60,-114,8229
13,944,9607754,0,0,1
4,946,9617937,51,-123,8220
13,945,9617959,0,2,0
4,947,9627959,51,-120,8212
13,946,9627981,0,2,0
4,948,9637967,55,-116,8215
13,947,9637989,0,0,0
4,949,9648054,68,-110,8216
13,948,9648076,0,-2,0
4,950,9658117,60,-112,8218
13,949,9658139,0,2,-1
4,951,9668194,46,-103,8216
13,950,9668216,0,0,1
4,952,9678217,56,-109,8214
13,951,9678239,0,-1,1
4,953,9688309,61,-139,8220
13,952,9688331,-1,-1,2
4,954,9698515,59,-124,8222
13,953,9698537,-1,2,0
4,955,9708374,50,-122,8221
13,954,9708396,0,0,1
4,956,9718530,49,-116,8222
13,955,9718552,0,-2,1
4,957,9728616,42,-114,8214
13,956,9728638,-2,0,2
4,958,9738718,59,-123,8209
13,957,9738740,-1,-1,-2
4,959,9748765,51,-119,8220
13,958,9748787,0,-1,-2
4,960,9758807,55,-116,8221
13,959,9758829,1,1,1
4,961,9768915,52,-112,8227
13,960,9768937,1,0,0
4,962,9779042,69,-111,8218
13,961,9779064,0,0,0
4,963,9789023,65,-112,8209
13,962,9789044,0,-1,-1
4,964,9799140,54,-111,8219
13,963,9799162,0,0,1
4,965,9809146,50,-107,8228
13,964,9809168,0,2,0
4,966,9819317,53,-114,8219
13,965,9819339,0,-1,-1
4,967,9829283,53,-131,8229
13,966,9829305,0,0,-1
4,968,9839409,53,-117,8221
13,967,9839431,-2,-1,1
4,969,9849441,59,-104,8215
13,968,9849463,0,1,1
4,970,9859544,57,-114,8219
13,969,9859593,1,1,0
4,971,9869660,57,-117,8222
13,970,9869682,0,-1,-2
4,972,9879665,43,-118,8208
13,971,9879687,0,1,1
4,973,9889758,41,-123,8221
13,972,9889780,-2,2,0
4,974,9899791,56,-119,8215
13,973,9899813,-3,-1,-1
4,975,9909872,52,-101,8212
13,974,9909894,1,-3,1
4,976,9919992,65,-132,8217
13,975,9920014,0,0,0
4,977,9929968,53,-115,8220
13,976,9929990,1,0,1
4,978,9940172,56,-112,8213
13,977,9940194,0,0,-3
4,979,9950154,65,-106,8219
13,978,9950176,-1,1,0
4,980,9960241,53,-122,8222
13,979,9960263,0,0,0
4,981,9970301,48,-121,8220
13,980,9970323,-1,-1,0
4,982,9980435,51,-115,8212
13,981,9980484,-1,1,-1
4,983,9990395,65,-102,8222
13,982,9990417,-1,2,0
4,984,10000565,57,-110,8224
13,983,10000587,0,0,0
4,985,10010675,52,-119,8226
13,984,10010697,0,0,0
4,986,10020747,62,-109,8222
13,985,10020769,0,0,-1
4,987,10030730,61,-116,8225
13,986,10030752,0,2,-1
4,988,10040811,42,-120,8219
13,987,10040833,0,2,-1
4,989,10050903,49,-123,8230
13,988,10050925,0,0,-1
4,990,10060930,59,-119,8217
13,989,10060952,0,0,0
4,991,10071021,54,-118,8219
13,990,10071042,0,1,0
4,992,10081141,52,-125,8227
13,991,10081163,0,2,1
4,993,10091244,58,-115,8217
13,992,10091266,1,2,0
4,994,10101406,48,-123,8210
13,993,10101428,0,0,2
4,995,10111316,51,-103,8215
13,994,10111338,0,0,1
4,996,10121380,62,-114,8225
13,995,10121402,0,1,0
4,997,10131496,52,-117,8218
13,996,10131518,0,2,2
4,998,10141616,60,-110,8222
13,997,10141638,0,0,1
4,999,10151570,57,-115,8216
13,998,10151592,2,0,0
4,1000,10161731,45,-112,8217
13,999,10161753,2,1,1
4,1001,10171728,47,-114,8225
13,1000,10171750,0,1,1
4,1002,10181898,50,-117,8224
13,1001,10181920,-1,-1,0
4,1003,10191967,47,-106,8215
13,1002,10191989,0,0,0
4,1004,10201967,57,-117,8227
13,1003,10201989,3,1,0
4,1005,10212039,50,-120,8224
13,1004,10212061,1,0,0
4,1006,10222122,53,-116,8216
13,1005,10222144,2,1,0
4,1007,10232112,45,-114,8213
13,1006,10232134,0,0,0
4,1008,10242264,48,-128,8222
13,1007,10242286,-1,0,0
4,1009,10252332,58,-117,8216
13,1008,10252354,0,2,0
4,1010,10262501,62,-125,8226
13,1009,10262523,1,0,1
4,1011,10272444,67,-121,8234
13,1010,10272466,0,0,0
4,1012,10282495,68,-124,8223
13,1011,10282517,1,0,0
4,1013,10292524,64,-135,8220
13,1012,10292546,0,0,0
4,1014,10302683,48,-123,8225
13,1013,10302705,-2,-1,0
4,1015,10312703,60,-117,8230
13,1014,10312725,-3,1,0
4,1016,10322697,61,-117,8224
13,1015,10322719,0,0,0
4,1017,10332901,63,-126,8221
13,1016,10332923,0,-1,0
4,1018,10342988,57,-122,8232
13,1017,10343010,-2,-2,-1
4,1019,10352950,59,-118,8222
13,1018,10352972,0,0,0
4,1020,10363048,61,-117,8208
13,1019,10363097,0,1,1
4,1021,10373196,59,-111,8225
13,1020,10373218,0,-1,1
4,1022,10383317,51,-111,8224
13,1021,10383339,1,-2,1
4,1023,10393309,50,-126,8220
13,1022,10393331,1,1,0
4,1024,10403318,55,-123,8219
13,1023,10403340,3,2,0
4,1025,10413367,54,-106,8216
13,1024,10413389,0,1,1
4,1026,10423527,58,-115,8221
13,1025,10423549,0,0,0
4,1027,10433466,57,-115,8221
13,1026,10433488,-1,1,0
4,1028,10443581,64,-104,8218
13,1027,10443603,0,2,1
4,1029,10453647,57,-125,8213
13,1028,10453669,0,1,0
4,1030,10463754,59,-120,8220
13,1029,10463776,0,1,2
4,1031,10473804,43,-113,8222
13,1030,10473826,0,0,3
4,1032,10483844,45,-115,8221
13,1031,10483866,0,0,0
4,1033,10493987,41,-123,8211
13,1032,10494009,0,1,0
4,1034,10504136,48,-125,8217
13,1033,10504158,1,2,2
4,1035,10514081,53,-113,8224
13,1034,10514103,0,0,0
4,1036,10524183,51,-111,8239
13,1035,10524205,0,1,1
4,1037,10534196,57,-122,8222
13,1036,10534218,-1,0,0
4,1038,10544345,51,-122,8205
13,1037,10544367,-2,0,0
4,1039,10554312,49,-116,8221
13,1038,10554334,-2,0,1
4,1040,10564414,56,-109,8210
13,1039,10564435,0,0,0
4,1041,10574541,47,-110,8210
13,1040,10574563,0,1,1
4,1042,10584649,51,-114,8230
13,1041,10584671,0,0,0
4,1043,10594639,53,-113,8218
13,1042,10594661,0,0,-2
4,1044,10604648,41,-123,8216
13,1043,10604670,0,0,1
4,1045,10614804,55,-112,8222
13,1044,10614826,0,1,2
4,1046,10624887,58,-109,8225
13,1045,10624909,-1,2,0
4,1047,10634924,53,-121,8222
13,1046,10634946,1,2,1
4,1048,10645009,45,-120,8209
13,1047,10645031,0,2,2
4,1049,10655013,55,-114,8215
13,1048,10655035,1,-2,0
4,1050,10665218,51,-122,8221
13,1049,10665240,-1,0,1
4,1051,10675154,50,-116,8201
13,1050,10675176,-2,0,0
4,1052,10685257,53,-130,8221
13,1051,10685279,0,0,-1
4,1053,10695310,61,-124,8218
13,1052,10695332,0,0,0
4,1054,10705373,59,-119,8219
13,1053,10705395,0,0,2
4,1055,10715457,52,-118,8215
13,1054,10715479,-1,0,0
4,1056,10725565,51,-123,8221
13,1055,10725587,-2,0,0
4,1057,10735627,51,-117,8221
13,1056,10735649,0,0,0
4,1058,10745762,55,-125,8214
13,1057,10745784,1,1,0
4,1059,10755752,55,-124,8230
13,1058,10755774,2,-1,0
4,1060,10765792,45,-119,8232
13,1059,10765814,0,0,0
4,1061,10775860,54,-106,8196
13,1060,10775882,0,0,0
4,1062,10785952,46,-115,8235
13,1061,10785974,0,-2,0
4,1063,10795993,46,-111,8211
13,1062,10796015,-1,1,1
4,1064,10806079,62,-119,8225
13,1063,10806101,-2,-2,1
4,1065,10816153,59,-124,8228
13,1064,10816175,0,0,0
4,1066,10826319,55,-121,8212
13,1065,10826341,0,0,-1
4,1067,10836333,54,-120,8222
13,1066,10836355,0,-1,-1
4,1068,10846343,57,-123,8218
13,1067,10846365,0,0,0
4,1069,10856422,55,-124,8212
13,1068,10856444,0,1,0
4,1070,10866441,44,-116,8222
13,1069,10866491,-1,-2,-1
4,1071,10876574,46,-118,8211
13,1070,10876596,-2,0,-1
4,1072,10886644,60,-106,8220
13,1071,10886666,1,1,0
4,1073,10896729,60,-123,8225
13,1072,10896751,1,0,2
4,1074,10906789,67,-123,8224
13,1073,10906811,0,0,0
4,1075,10916805,52,-122,8217
13,1074,10916827,-1,-1,-2
4,1076,10926875,49,-119,8221
13,1075,10926896,-3,0,-1
4,1077,10936921,147,-213,8195
13,1076,10936943,21,21,0
4,1078,10947042,-41,-27,8241
13,1077,10947063,96,86,11
4,1079,10956995,139,-129,8215
13,1078,10957017,26,24,23
4,1080,10967157,23,-106,8230
13,1079,10967179,15,72,-15
4,1081,10977222,748,-167,8218
13,1080,10977244,-4,-9,-139
4,1082,10987409,1066,-167,8203
13,1081,10987431,-14,-19,-166
4,1083,10997317,698,-204,8201
13,1082,10997339,-9,17,-164
4,1084,11007482,166,-169,8219
13,1083,11007504,-1,29,-200
4,1085,11017511,-223,-72,8223
13,1084,11017533,-18,2,-175
4,1086,11027564,-331,-792,8225
13,1085,11027586,1,20,-479
4,1087,11037647,-194,435,8210
13,1086,11037669,11,112,-1419
4,1088,11047682,-232,623,8218
13,1087,11047704,-34,48,-885
4,1089,11057757,-370,-119,8226
13,1088,11057779,-14,-95,-183
4,1090,11067902,-717,-435,8210
13,1089,11067924,-20,-37,-129
4,1091,11077883,-328,-193,8233
13,1090,11077905,5,49,-152
4,1092,11087977,129,-72,8215
13,1091,11087999,0,-29,18
4,1093,11098020,113,-128,8218
13,1092,11098042,9,-18,60
4,1094,11108102,72,-87,8213
13,1093,11108124,33,67,91
4,1095,11118211,29,-68,8210
13,1094,11118233,-5,120,8
4,1096,11128282,-216,-140,8256
13,1095,11128304,-36,56,-108
4,1097,11138288,-4,-25,8228
13,1096,11138310,-8,-213,-65
4,1098,11148487,156,-109,8208
13,1097,11148509,-103,-228,-55
4,1099,11158453,168,-226,8195
13,1098,11158475,-54,-58,-44
4,1100,11168468,23,-106,8238
13,1099,11168490,26,37,7
4,1101,11178578,38,-95,8225
13,1100,11178600,1,-3,-3
4,1102,11188755,72,-132,8212
13,1101,11188777,-6,-14,-6
4,1103,11198675,46,-115,8218
13,1102,11198697,4,6,-1
4,1104,11208776,54,-110,8213
13,1103,11208798,-4,-3,-3
4,1105,11218881,51,-121,8221
13,1104,11218903,-2,-1,-3
4,1106,11229104,42,-128,8225
13,1105,11229126,-1,0,-2
4,1107,11239009,48,-114,8218
13,1106,11239031,-2,0,0
4,1108,11249048,51,-108,8215
13,1107,11249070,1,-1,-1
4,1109,11259221,48,-108,8220
13,1108,11259243,0,-3,1
4,1110,11269288,59,-107,8225
13,1109,11269310,-1,0,0
4,1111,11279275,51,-114,8226
13,1110,11279297,-1,0,0
4,1112,11289372,51,-109,8225
13,1111,11289394,-3,-1,-1
4,1113,11299438,50,-126,8226
13,1112,11299460,0,1,-1
4,1114,11309644,52,-120,8219
13,1113,11309666,-1,-3,-2
4,1115,11319553,44,-124,8223
13,1114,11319575,-2,-2,-2
4,1116,11329565,45,-126,8216
13,1115,11329587,-1,-1,0
4,1117,11339708,487,-222,8138
13,1116,11339729,64,114,2
4,1118,11349843,-209,519,8297
13,1117,11349865,127,595,-15
4,1119,11359827,-230,764,8239
13,1118,11359849,-22,759,-117
4,1120,11370005,-113,429,8219
13,1119,11370027,-49,868,-348
4,1121,11379994,-108,423,8214
13,1120,11380016,-34,657,-613
4,1122,11390135,-46,225,8190
13,1121,11390157,-18,371,-690
4,1123,11400137,43,100,8180
13,1122,11400159,33,-206,-579
4,1124,11410157,-104,-84,8223
13,1123,11410179,50,-675,-294
4,1125,11420263,230,-338,8272
13,1124,11420285,50,-747,-494
4,1126,11430356,308,-365,8246
13,1125,11430378,28,-616,-739
4,1127,11440455,289,-536,8240
13,1126,11440477,25,-591,-853
4,1128,11450436,276,-503,8198
13,1127,11450458,-49,-406,-1111
4,1129,11460617,50,-381,8204
13,1128,11460639,-175,-110,-1012
4,1130,11470641,-111,-448,8233
13,1129,11470663,-20,41,-622
4,1131,11480741,-140,-343,8230
13,1130,11480763,0,29,-514
4,1132,11490759,-102,-311,8209
13,1131,11490781,-45,-17,-415
4,1133,11500773,-110,-318,8234
13,1132,11500795,-50,20,-308
4,1134,11510915,170,-262,8216
13,1133,11510937,-8,28,-300
4,1135,11520944,150,-181,8226
13,1134,11520966,26,80,-127
4,1136,11531010,-137,18,8240
13,1135,11531032,31,54,-207
4,1137,11541129,-167,-308,8233
13,1136,11541151,-72,-104,-174
4,1138,11551234,-18,-293,8193
13,1137,11551256,0,-76,-81
4,1139,11561222,-104,-152,8248
13,1138,11561244,9,11,27
4,1140,11571280,69,-111,8217
13,1139,11571302,2,-66,41
4,1141,11581355,83,-110,8213
13,1140,11581377,-8,-39,6
4,1142,11591505,14,-71,8213
13,1141,11591527,-15,-7,23
4,1143,11601506,34,-86,8212
13,1142,11601528,-6,-56,157
4,1144,11611625,68,-130,8212
13,1143,11611647,8,-57,242
4,1145,11621615,61,-106,8220
13,1144,11621637,14,-26,244
4,1146,11631804,30,-6,8210
13,1145,11631826,4,-18,271
4,1147,11641781,65,-232,8228
13,1146,11641803,-5,-11,397
4,1148,11651848,55,-128,8231
13,1147,11651870,18,-28,156
4,1149,11661876,108,-110,8205
13,1148,11661898,6,-36,85
4,1150,11671941,75,-74,8222
13,1149,11671963,-7,12,105
4,1151,11682036,43,-96,8233
13,1150,11682058,-26,24,176
4,1152,11692039,15,-81,8244
13,1151,11692061,-26,7,248
4,1153,11702152,58,-119,8224
13,1152,11702174,-13,-28,341
4,1154,11712309,59,-91,8221
13,1153,11712331,-20,-17,320
4,1155,11722299,91,-79,8195
13,1154,11722321,-24,-14,323
4,1156,11732394,23,-53,8225
13,1155,11732416,-17,29,415
4,1157,11742493,34,-190,8244
13,1156,11742515,-8,30,454
4,1158,11752659,154,-246,8219
13,1157,11752681,1,1,301
4,1159,11762649,63,-111,8224
13,1158,11762671,-8,18,190
4,1160,11772702,37,-113,8235
13,1159,11772724,-11,19,224
4,1161,11782766,70,-152,8217
13,1160,11782788,-2,4,228
4,1162,11792900,27,-78,8232
13,1161,11792922,0,4,257
4,1163,11802888,75,-147,8231
13,1162,11802909,-2,0,321
4,1164,11812990,75,-106,8216
13,1163,11813012,-2,34,304
4,1165,11823034,35,-178,8229
13,1164,11823056,-11,60,343
4,1166,11833155,30,-143,8226
13,1165,11833177,6,32,361
4,1167,11843184,57,-134,8217
13,1166,11843206,10,-1,405
4,1168,11853270,60,-130,8221
13,1167,11853292,2,-6,386
4,1169,11863413,48,-145,8224
13,1168,11863435,-1,-3,303
4,1170,11873560,66,-140,8207
13,1169,11873582,-4,-17,179
4,1171,11883468,54,-112,8229
13,1170,11883490,-8,-14,96
4,1172,11893573,57,-113,8219
13,1171,11893595,-10,0,125
4,1173,11903645,53,-102,8222
13,1172,11903667,-19,7,136
4,1174,11913763,61,-159,8235
13,1173,11913785,-19,18,183
4,1175,11923775,8,-165,8256
13,1174,11923797,-5,9,112
4,1176,11933820,-69,-93,8204
13,1175,11933842,13,-1,117
4,1177,11943901,-36,-27,8212
13,1176,11943923,-26,48,234
4,1178,11954138,237,-216,8213
13,1177,11954160,-24,3,340
4,1179,11964006,165,-154,8211
13,1178,11964028,6,-19,245
4,1180,11974115,-1,-118,8228
13,1179,11974137,-13,21,232
4,1181,11984177,29,-120,8216
13,1180,11984226,-13,13,301
4,1182,11994369,90,-190,8217
13,1181,11994391,-12,27,274
4,1183,12004318,46,-180,8221
13,1182,12004340,-8,29,163
4,1184,12014323,39,-157,8211
13,1183,12014345,-13,21,106
4,1185,12024464,31,-163,8229
13,1184,12024486,-1,21,99
4,1186,12034581,61,-151,8212
13,1185,12034603,3,21,69
4,1187,12044574,9,-124,8217
13,1186,12044596,8,30,24
4,1188,12054632,-17,-131,8214
13,1187,12054654,14,-4,57
4,1189,12064718,-271,-67,8240
13,1188,12064740,-12,48,82
4,1190,12074818,-19,-154,8226
13,1189,12074840,-28,162,74
4,1191,12084824,76,-156,8221
13,1190,12084846,17,85,2
4,1192,12094900,-41,-104,8219
13,1191,12094922,0,-29,13
4,1193,12104971,-108,-62,8173
13,1192,12104993,1,-72,141
4,1194,12115152,78,-97,8294
13,1193,12115174,-8,-13,134
4,1195,12125100,223,-257,8206
13,1194,12125122,1,-34,211
4,1196,12135152,308,-280,8184
13,1195,12135174,68,-124,104
4,1197,12145250,43,-135,8244
13,1196,12145272,66,-153,-7
4,1198,12155353,113,-72,8185
13,1197,12155375,44,-95,0
4,1199,12165440,59,-156,8228
13,1198,12165462,-3,-17,3
4,1200,12175416,69,-177,8229
13,1199,12175438,5,5,-3
4,1201,12185521,14,-123,8230
13,1200,12185543,17,75,-71
4,1202,12195724,109,-76,8228
13,1201,12195746,-51,173,-192
4,1203,12205642,94,-140,8215
13,1202,12205664,-48,132,-98
4,1204,12215684,20,-119,8222
13,1203,12215706,-25,139,-37
4,1205,12225773,-228,169,8209
13,1204,12225795,-5,161,20
4,1206,12235963,-42,-207,8248
13,1205,12235985,11,250,199
4,1207,12245931,185,-448,8242
13,1206,12245953,-21,186,58
4,1208,12256023,57,-106,8197
13,1207,12256045,10,-44,-62
4,1209,12266150,-129,-128,8221
13,1208,12266172,-1,-43,-42
4,1210,12276188,-28,-156,8230
13,1209,12276210,11,-201,46
4,1211,12286176,305,-129,8210
13,1210,12286198,25,-153,60
4,1212,12296312,-120,-24,8223
13,1211,12296334,-4,231,56
4,1213,12306320,19,-181,8223
13,1212,12306342,-23,490,152
4,1214,12316446,104,-240,8222
13,1213,12316468,0,341,37
4,1215,12326484,-87,-132,8229
13,1214,12326506,10,113,-24
4,1216,12336551,-82,-117,8233
13,1215,12336573,8,67,-2
4,1217,12346636,-53,-119,8226
13,1216,12346658,-6,35,-1
4,1218,12356812,-279,-64,8228
13,1217,12356834,-8,34,28
4,1219,12366840,-249,67,8228
13,1218,12366862,-32,332,223
4,1220,12376873,-30,-184,8230
13,1219,12376895,-30,522,311
4,1221,12386986,98,-217,8189
13,1220,12387008,-11,325,268
4,1222,12397018,-32,-286,8236
13,1221,12397040,20,253,249
4,1223,12407101,-129,-172,8230
13,1222,12407123,0,199,146
4,1224,12417091,-129,-158,8227
13,1223,12417113,-4,104,89
4,1225,12427135,-129,-161,8238
13,1224,12427156,-34,271,149
4,1226,12437394,-136,-114,8247
13,1225,12437416,-17,614,222
4,1227,12447323,-158,-230,8198
13,1226,12447345,-5,544,218
4,1228,12457397,-321,-160,8181
13,1227,12457419,3,305,190
4,1229,12467414,106,-18,8239
13,1228,12467436,5,20,134
4,1230,12477569,-143,-143,8147
13,1229,12477591,4,-14,60
4,1231,12487680,-564,-188,8173
13,1230,12487702,8,-226,128
4,1232,12497651,-214,-272,8253
13,1231,12497673,36,-538,271
4,1233,12507766,124,-182,8331
13,1232,12507788,38,-134,151
4,1234,12517930,150,-143,8258
13,1233,12517952,-40,467,187
4,1235,12527914,-184,6,8160
13,1234,12527936,-18,533,232
4,1236,12537967,-212,-188,8232
13,1235,12537989,0,215,112
4,1237,12548029,-350,-166,8236
13,1236,12548051,-11,253,124
4,1238,12558098,-356,-89,8229
13,1237,12558120,-12,278,65
4,1239,12568175,-259,-122,8219
13,1238,12568197,-1,215,20
4,1240,12578288,-252,-168,8204
13,1239,12578310,-11,216,87
4,1241,12588331,-281,-145,8202
13,1240,12588353,13,139,63
4,1242,12598426,-201,-139,8243
13,1241,12598448,23,30,0
4,1243,12608448,-8,-160,8262
13,1242,12608469,-1,125,82
4,1244,12618543,-201,-107,8193
13,1243,12618565,-9,310,192
4,1245,12628560,-282,-109,8211
13,1244,12628582,10,205,108
4,1246,12638715,-333,-148,8236
13,1245,12638737,6,137,91
4,1247,12648779,-462,-157,8217
13,1246,12648801,0,120,69
4,1248,12658854,-435,-128,8212
13,1247,12658876,0,68,-27
4,1249,12668861,-230,-110,8210
13,1248,12668883,2,32,-49
4,1250,12679055,-299,-123,8218
13,1249,12679077,3,-6,-13
4,1251,12688940,-350,-106,8244
13,1250,12688962,-1,2,-9
4,1252,12699092,-313,-92,8236
13,1251,12699114,-2,53,-14
4,1253,12709162,-238,-152,8222
13,1252,12709184,-3,105,1
4,1254,12719231,-268,-197,8205
13,1253,12719253,1,76,-22
4,1255,12729401,-213,-159,8233
13,1254,12729423,13,37,-12
4,1256,12739339,-198,-131,8235
13,1255,12739361,2,34,9
4,1257,12749527,-73,-116,8319
13,1256,12749549,-12,54,19
4,1258,12759702,-425,-154,8116
13,1257,12759724,-22,348,74
4,1259,12769631,-942,-167,8069
13,1258,12769653,10,-9,87
4,1260,12779700,141,-121,8343
13,1259,12779722,21,-490,169
4,1261,12789763,-194,-94,8290
13,1260,12789785,9,21,71
4,1262,12799807,-363,-143,8206
13,1261,12799829,-4,177,-59
4,1263,12809910,-327,-130,8226
13,1262,12809932,1,130,-45
4,1264,12820000,-368,-130,8228
13,1263,12820022,2,95,-46
4,1265,12830054,-300,-155,8223
13,1264,12830076,2,77,-61
4,1266,12840260,-311,-161,8231
13,1265,12840282,7,110,-44
4,1267,12850186,-405,-154,8230
13,1266,12850208,16,119,-17
4,1268,12860226,-592,-85,8264
13,1267,12860248,14,189,62
4,1269,12870370,-129,-181,8211
13,1268,12870392,-11,294,143
4,1270,12880493,-219,-182,8187
13,1269,12880515,-6,214,128
4,1271,12890455,-410,-132,8213
13,1270,12890477,17,112,110
4,1272,12900604,-189,-130,8301
13,1271,12900626,5,118,117
4,1273,12910654,-395,-142,8237
13,1272,12910676,-36,465,249
4,1274,12920785,-585,-68,8160
13,1273,12920807,-2,435,94
4,1275,12930774,-523,-144,8188
13,1274,12930796,5,79,-64
4,1276,12940881,-546,-128,8226
13,1275,12940903,3,5,-44
4,1277,12950947,-554,-59,8263
13,1276,12950969,0,112,8
4,1278,12961057,-297,-181,8217
13,1277,12961079,7,222,36
4,1279,12971051,-240,-224,8204
13,1278,12971073,10,240,35
4,1280,12981128,-415,-167,8192
13,1279,12981150,-1,144,49
4,1281,12991198,-534,-149,8203
13,1280,12991220,6,63,75
4,1282,13001341,-452,-125,8221
13,1281,13001363,6,36,87
4,1283,13011382,-461,-111,8229
13,1282,13011404,2,56,43
4,1284,13021424,-422,-130,8231
13,1283,13021446,1,75,19
4,1285,13031476,-434,-151,8223
13,1284,13031498,-3,128,8
4,1286,13041590,-455,-137,8234
13,1285,13041612,0,166,14
4,1287,13051647,-472,-138,8225
13,1286,13051669,-2,180,46
4,1288,13061689,-559,-130,8186
13,1287,13061711,2,177,81
4,1289,13071802,-512,-122,8234
13,1288,13071824,10,117,49
4,1290,13081923,-485,-138,8238
13,1289,13081945,5,105,36
4,1291,13091903,-506,-138,8222
13,1290,13091925,5,118,42
4,1292,13101999,-488,-126,8230
13,1291,13102021,4,118,41
4,1293,13112046,-511,-135,8200
13,1292,13112095,0,140,26
4,1294,13122139,-530,-140,8215
13,1293,13122161,1,144,29
4,1295,13132225,-476,-151,8237
13,1294,13132247,2,155,56
4,1296,13142348,-508,-134,8227
13,1295,13142370,4,217,100
4,1297,13152361,-528,-134,8217
13,1296,13152383,4,260,104
4,1298,13162518,-556,-122,8222
13,1297,13162539,3,272,105
4,1299,13172445,-528,-131,8225
13,1298,13172467,5,275,85
4,1300,13182554,-539,-138,8212
13,1299,13182576,4,314,67
4,1301,13192642,-588,-141,8224
13,1300,13192664,13,375,89
4,1302,13202722,-636,-142,8228
13,1301,13202744,10,408,114
4,1303,13212754,-718,-161,8222
13,1302,13212776,4,438,123
4,1304,13222798,-717,-146,8181
13,1303,13222820,9,454,128
4,1305,13232928,-661,-122,8217
13,1304,13232977,14,401,145
4,1306,13243109,-666,-95,8240
13,1305,13243131,19,442,108
4,1307,13253067,-635,-104,8223
13,1306,13253089,23,522,107
4,1308,13263158,-723,-128,8204
13,1307,13263180,20,581,101
4,1309,13273160,-801,-121,8247
13,1308,13273182,21,653,81
4,1310,13283329,-661,-89,8201
13,1309,13283351,34,788,32
4,1311,13293408,-841,-133,8209
13,1310,13293430,21,758,-18
4,1312,13303412,-1029,-86,8234
13,1311,13303434,15,858,-5
4,1313,13313493,-944,-54,8190
13,1312,13313515,-8,1108,112
4,1314,13323690,-897,-147,8157
13,1313,13323712,-11,1054,99
4,1315,13333671,-1007,-137,8163
13,1314,13333693,-11,855,92
4,1316,13343723,-1127,-129,8172
13,1315,13343745,-8,766,98
4,1317,13353804,-1120,-145,8138
13,1316,13353826,-7,681,79
4,1318,13363923,-1141,-103,8146
13,1317,13363945,-5,534,84
4,1319,13373979,-1200,-40,8156
13,1318,13374001,-13,539,130
4,1320,13384061,-1010,-183,8142
13,1319,13384083,-56,495,196
4,1321,13394125,-1195,-135,8148
13,1320,13394147,-34,262,136
4,1322,13404317,-1205,-102,8157
13,1321,13404339,-32,122,127
4,1323,13414233,-1170,-105,8150
13,1322,13414255,-29,60,103
4,1324,13424330,-1150,-122,8177
13,1323,13424352,-23,51,90
4,1325,13434339,-1142,-120,8173
13,1324,13434361,-22,57,84
4,1326,13444524,-1158,-122,8177
13,1325,13444546,-24,72,110
4,1327,13454555,-1158,-139,8164
13,1326,13454577,-25,88,123
4,1328,13464628,-1082,-131,8192
13,1327,13464650,-25,115,161
4,1329,13474648,-1206,-119,8157
13,1328,13474670,-43,146,295
4,1330,13484908,-1274,-106,8136
13,1329,13484930,-36,120,231
4,1331,13494879,-1218,-126,8147
13,1330,13494901,-35,55,153
4,1332,13504954,-1206,-129,8147
13,1331,13504976,-23,23,145
4,1333,13515016,-1189,-133,8162
13,1332,13515038,-7,18,100
4,1334,13525068,-1175,-138,8173
13,1333,13525090,2,27,100
4,1335,13535153,-1179,-121,8183
13,1334,13535175,1,51,93
4,1336,13545231,-1162,-109,8188
13,1335,13545253,-9,105,51
4,1337,13555309,-1210,-116,8169
13,1336,13555331,-12,158,30
4,1338,13565441,-1231,-127,8156
13,1337,13565463,-7,164,24
4,1339,13575516,-1237,-118,8154
13,1338,13575538,1,147,23
4,1340,13585535,-1237,-129,8151
13,1339,13585557,1,134,26
4,1341,13595548,-1221,-134,8154
13,1340,13595570,-2,126,41
4,1342,13605698,-1246,-125,8151
13,1341,13605720,0,135,52
4,1343,13615780,-1247,-103,8148
13,1342,13615802,0,136,40
4,1344,13625840,-1256,-121,8148
13,1343,13625862,-3,141,25
4,1345,13635935,-1293,-119,8157
13,1344,13635957,-1,146,14
4,1346,13646055,-1301,-119,8134
13,1345,13646077,-2,119,7
4,1347,13656018,-1288,-111,8149
13,1346,13656040,-1,89,1
4,1348,13666111,-1268,-126,8147
13,1347,13666133,-1,64,-2
4,1349,13676113,-1227,-132,8156
13,1348,13676135,0,69,2
4,1350,13686293,-799,-151,8290
13,1349,13686315,-36,224,98
4,1351,13696330,-1668,-110,8037
13,1350,13696352,-37,580,333
4,1352,13706365,-1550,-67,8121
13,1351,13706387,22,244,8
4,1353,13716509,-1251,-157,8130
13,1352,13716531,-3,51,-76
4,1354,13726714,-1311,-115,8147
13,1353,13726736,0,85,4
4,1355,13736569,-1305,-126,8157
13,1354,13736591,-3,118,4
4,1356,13746727,-1321,-133,8155
13,1355,13746749,2,154,9
4,1357,13756882,-1316,-112,8154
13,1356,13756904,-3,177,28
4,1358,13766856,-1326,-127,8147
13,1357,13766878,-13,212,61
4,1359,13776960,-1381,-117,8137
13,1358,13776981,-15,238,49
4,1360,13786998,-1370,-146,8124
13,1359,13787020,-2,242,-7
4,1361,13797135,-1200,-201,8144
13,1360,13797157,-24,308,-20
4,1362,13807250,-1641,-128,8054
13,1361,13807272,9,406,46
4,1363,13817151,-1380,-156,8125
13,1362,13817173,31,203,-3
4,1364,13827341,-1300,-139,8139
13,1363,13827363,-17,258,30
4,1365,13837375,-1533,-84,8161
13,1364,13837397,-23,355,73
4,1366,13847468,-1493,-276,8037
13,1365,13847490,-13,326,47
4,1367,13857500,-1479,118,8116
13,1366,13857522,-9,434,164
4,1368,13867592,-1634,-239,8055
13,1367,13867614,-24,665,284
4,1369,13877722,-1432,-361,8113
13,1368,13877744,41,487,-45
4,1370,13887817,-1404,-110,8137
13,1369,13887839,56,285,-187
4,1371,13897774,-1572,-120,8079
13,1370,13897796,-6,320,18
4,1372,13907858,-1722,-115,8076
13,1371,13907880,-4,255,79
4,1373,13917996,-1525,-126,8120
13,1372,13918018,2,99,-2
4,1374,13928033,-1565,-128,8114
13,1373,13928055,-2,130,-18
4,1375,13938132,-1636,-133,8096
13,1374,13938154,-2,151,-34
4,1376,13948142,-1654,-120,8091
13,1375,13948164,0,75,-14
4,1377,13958163,-1660,-118,8073
13,1376,13958185,-5,-32,10
4,1378,13968370,-1620,-123,8112
13,1377,13968392,0,-132,22
4,1379,13978284,-1546,-108,8116
13,1378,13978306,5,-166,21
4,1380,13988439,-1543,-119,8102
13,1379,13988461,1,-134,30
4,1381,13998474,-1512,-109,8117
13,1380,13998496,-5,-101,59
4,1382,14008647,-1542,-105,8136
13,1381,14008669,-13,-36,94
4,1383,14018603,-1586,-120,8091
13,1382,14018625,-19,-1,75
4,1384,14028730,-1628,-118,8067
13,1383,14028752,4,-39,17
4,1385,14038685,-1555,-103,8119
13,1384,14038707,15,-114,-17
4,1386,14048928,-1487,-117,8137
13,1385,14048950,0,-99,0
4,1387,14058869,-1531,-115,8108
13,1386,14058891,-11,-30,13
4,1388,14068867,-1536,-117,8102
13,1387,14068889,-9,0,2
4,1389,14079011,-1528,-113,8113
13,1388,14079033,-6,11,6
4,1390,14089105,-1566,-131,8095
13,1389,14089127,-3,17,25
4,1391,14099126,-1571,-123,8098
13,1390,14099148,5,-4,24
4,1392,14109260,-1493,-107,8109
13,1391,14109282,3,-9,25
4,1393,14119293,-1493,-128,8111
13,1392,14119315,-1,40,51
4,1394,14129468,-1488,-136,8123
13,1393,14129490,2,110,89
4,1395,14139433,-1514,-114,8119
13,1394,14139455,2,178,125
4,1396,14149506,-1574,-102,8093
13,1395,14149528,-8,214,127
4,1397,14159600,-1599,-119,8101
13,1396,14159622,-2,208,89
4,1398,14169664,-1651,-122,8077
13,1397,14169686,-1,176,70
4,1399,14179761,-1636,-123,8069
13,1398,14179783,1,95,48
4,1400,14189717,-1587,-92,8123
13,1399,14189739,16,54,28
4,1401,14199871,-1580,-117,8114
13,1400,14199893,3,77,33
4,1402,14210015,-1625,-104,8103
13,1401,14210037,9,96,37
4,1403,14219995,-1574,-100,8115
13,1402,14220017,3,81,48
4,1404,14230055,-1596,-108,8111
13,1403,14230077,-18,115,75
4,1405,14240048,-1647,-115,8084
13,1404,14240070,-10,134,53
4,1406,14250265,-1617,-129,8087
13,1405,14250287,15,111,3
4,1407,14260239,-1575,-101,8135
13,1406,14260261,1,119,6
4,1408,14270389,-1604,-135,8082
13,1407,14270411,-2,182,12
4,1409,14280376,-1677,-71,8090
13,1408,14280398,22,202,-32
4,1410,14290589,-1574,-158,8091
13,1409,14290611,-2,195,-42
4,1411,14300548,-1508,-130,8126
13,1410,14300570,6,273,1
4,1412,14310654,-1678,-86,8105
13,1411,14310676,-41,420,63
4,1413,14320756,-1788,-126,8062
13,1412,14320778,-16,414,-30
4,1414,14330822,-1700,-135,8062
13,1413,14330844,3,333,-56
4,1415,14340863,-1596,-125,8109
13,1414,14340885,-5,373,42
4,1416,14350937,-1744,-118,8083
13,1415,14350959,-43,481,143
4,1417,14361049,-1896,-127,8019
13,1416,14361071,-28,467,118
4,1418,14371227,-1760,-67,8090
13,1417,14371249,17,352,19
4,1419,14381205,-1910,-130,8052
13,1418,14381227,-53,396,105
4,1420,14391277,-2071,-112,7991
13,1419,14391299,-45,363,11
4,1421,14401350,-1799,-87,8073
13,1420,14401372,0,169,-132
4,1422,14411451,-1641,-170,8093
13,1421,14411473,-70,321,41
4,1423,14421476,-1895,-111,8050
13,1422,14421498,-24,436,76
4,1424,14431612,-1873,-154,8058
13,1423,14431634,-35,527,46
4,1425,14441614,-1985,16,8021
13,1424,14441636,-55,827,109
4,1426,14451743,-1777,-238,8059
13,1425,14451765,-46,965,186
4,1427,14461763,-2053,-195,7980
13,1426,14461785,-9,674,155
4,1428,14471815,-1939,-153,8016
13,1427,14471837,-51,534,244
4,1429,14481989,-2210,-14,7960
13,1428,14482011,-45,463,314
4,1430,14492040,-1830,-105,8089
13,1429,14492062,-80,165,284
4,1431,14502076,-1908,-226,8024
13,1430,14502098,-163,541,392
4,1432,14512145,-2303,-116,7918
13,1431,14512167,-14,626,227
4,1433,14522274,-2277,-55,7966
13,1432,14522296,13,142,151
4,1434,14532358,-1873,-139,8071
13,1433,14532380,0,22,67
4,1435,14542315,-1899,-221,8039
13,1434,14542337,4,366,157
4,1436,14552406,-2289,0,7965
13,1435,14552428,1,586,227
4,1437,14562520,-2079,-113,8011
13,1436,14562542,-41,343,143
4,1438,14572570,-2208,-130,7922
13,1437,14572592,-35,393,158
4,1439,14582533,-2231,-108,7981
13,1438,14582555,21,306,45
4,1440,14592669,-2050,-110,8037
13,1439,14592691,-27,413,100
4,1441,14602755,-2228,-125,7929
13,1440,14602777,-49,864,242
4,1442,14612927,-2174,-132,7973
13,1441,14612949,11,905,164
4,1443,14622940,-2493,-98,7909
13,1442,14622962,-24,898,262
4,1444,14632988,-2210,-192,7976
13,1443,14633010,-24,637,179
4,1445,14643084,-2384,-73,7903
13,1444,14643106,-47,764,313
4,1446,14653158,-2507,-77,7911
13,1445,14653179,-14,645,268
4,1447,14663208,-2473,-74,7885
13,1446,14663230,-27,580,153
4,1448,14673268,-2401,-55,7918
13,1447,14673290,-19,730,73
4,1449,14683352,-2422,-167,7910
13,1448,14683374,-74,600,209
4,1450,14693518,-2659,-33,7851
13,1449,14693540,-26,364,177
4,1451,14703441,-2528,-94,7894
13,1450,14703463,15,26,11
4,1452,14713580,-2481,-99,7882
13,1451,14713602,6,-11,8
4,1453,14723622,-2478,-91,7886
13,1452,14723644,7,-5,0
4,1454,14733821,-2407,-99,7918
13,1453,14733843,14,21,-21
4,1455,14743796,-2424,-84,7910
13,1454,14743818,8,120,-9
4,1456,14753866,-2513,-100,7876
13,1455,14753888,-2,182,3
4,1457,14764005,-2505,-98,7896
13,1456,14764027,8,171,7
4,1458,14774058,-2513,-79,7886
13,1457,14774080,11,169,8
4,1459,14784059,-2529,-94,7878
13,1458,14784081,2,173,3
4,1460,14794109,-2533,-80,7876
13,1459,14794131,3,158,0
4,1461,14804265,-2564,-92,7871
13,1460,14804287,2,144,-1
4,1462,14814297,-2547,-105,7872
13,1461,14814319,5,123,4
4,1463,14824339,-2542,-92,7882
13,1462,14824361,10,119,13
4,1464,14834469,-2523,-93,7877
13,1463,14834491,9,138,18
4,1465,14844450,-2472,-124,7890
13,1464,14844472,-20,230,88
4,1466,14854713,-2616,-69,7858
13,1465,14854735,-9,286,96
4,1467,14864735,-2513,-88,7882
13,1466,14864757,11,244,45
4,1468,14874748,-2551,-72,7874
13,1467,14874770,0,333,65
4,1469,14884821,-2633,-76,7846
13,1468,14884843,0,385,42
4,1470,14894939,-2684,-72,7837
13,1469,14894961,0,367,19
4,1471,14904946,-2702,-82,7838
13,1470,14904968,-2,300,-4
4,1472,14915008,-2689,-94,7830
13,1471,14915030,-2,233,-11
4,1473,14925097,-2567,-91,7870
13,1472,14925119,2,199,-7
4,1474,14935292,-2625,-102,7841
13,1473,14935314,0,331,-14
4,1475,14945209,-2641,-98,7844
13,1474,14945231,-4,403,18
4,1476,14955365,-2769,-112,7808
13,1475,14955387,-24,480,62
4,1477,14965348,-2782,-88,7816
13,1476,14965370,3,366,-6
4,1478,14975505,-2733,-87,7816
13,1477,14975554,-1,297,-6
4,1479,14985472,-2757,-99,7803
13,1478,14985522,-5,288,-4
4,1480,14995558,-2799,-106,7793
13,1479,14995580,3,255,-16
4,1481,15005738,-2754,-99,7817
13,1480,15005760,20,231,-40
4,1482,15015809,-2664,-80,7845
13,1481,15015831,21,279,-55
4,1483,15025805,-2865,-103,7740
13,1482,15025827,15,495,-104
4,1484,15035783,-2974,-75,7726
13,1483,15035805,54,538,-113
4,1485,15045934,-2704,-122,7824
13,1484,15045956,42,434,-81
4,1486,15056062,-2813,-104,7775
13,1485,15056084,0,372,-3
4,1487,15066004,-2893,-91,7768
13,1486,15066026,4,332,-12
4,1488,15076111,-2920,-94,7763
13,1487,15076133,19,325,-47
4,1489,15086170,-2919,-71,7742
13,1488,15086191,30,336,-85
4,1490,15096364,-2909,-93,7741
13,1489,15096385,23,370,-102
4,1491,15106320,-3049,-44,7692
13,1490,15106342,26,424,-105
4,1492,15116460,-2847,18,7764
13,1491,15116482,22,593,-103
4,1493,15126459,-2948,-178,7749
13,1492,15126481,29,787,-133
4,1494,15136630,-3110,-51,7679
13,1493,15136652,80,589,-166
4,1495,15146661,-2952,-101,7736
13,1494,15146683,16,529,-32
4,1496,15156694,-2855,-165,7779
13,1495,15156715,-2,525,-8
4,1497,15166704,-3251,5,7606
13,1496,15166726,-3,511,-29
4,1498,15176941,-3176,-15,7648
13,1497,15176963,35,592,-102
4,1499,15186909,-3069,-103,7682
13,1498,15186931,42,693,-77
4,1500,15196933,-3096,-186,7696
13,1499,15196955,22,624,-63
4,1501,15207042,-3297,-76,7606
13,1500,15207064,14,439,-72
4,1502,15217201,-3180,-137,7652
13,1501,15217223,13,338,-43
4,1503,15227232,-3218,-55,7632
13,1502,15227254,4,275,-10
4,1504,15237251,-3258,79,7591
13,1503,15237300,-17,317,35
4,1505,15247374,-3254,-116,7629
13,1504,15247396,-48,610,95
4,1506,15257495,-3158,-244,7665
13,1505,15257517,-3,586,11
4,1507,15267490,-3230,-176,7652
13,1506,15267512,1,468,0
4,1508,15277573,-3352,-133,7608
13,1507,15277595,8,313,-26
4,1509,15287535,-3345,-85,7587
13,1508,15287557,10,182,-44
4,1510,15297765,-3240,-81,7625
13,1509,15297787,13,170,-45
4,1511,15307680,-3432,79,7533
13,1510,15307701,26,299,-58
4,1512,15317807,-3353,-203,7590
13,1511,15317829,8,397,34
4,1513,15327963,-3272,-241,7634
13,1512,15327985,-7,217,19
4,1514,15338012,-3353,-65,7585
13,1513,15338034,0,101,-24
4,1515,15348010,-3358,-81,7576
13,1514,15348032,7,128,-15
4,1516,15358065,-3365,-100,7577
13,1515,15358087,1,109,2
4,1517,15368121,-3310,-95,7596
13,1516,15368143,0,109,3
4,1518,15378246,-3330,-102,7598
13,1517,15378268,1,177,2
4,1519,15388289,-3373,-99,7574
13,1518,15388311,7,218,3
4,1520,15398365,-3393,-100,7556
13,1519,15398387,4,225,2
4,1521,15408395,-3400,-82,7558
13,1520,15408417,0,218,8
4,1522,15418596,-3411,-82,7552
13,1521,15418618,-5,201,16
4,1523,15428496,-3405,-99,7541
13,1522,15428518,-7,186,24
4,1524,15438618,-3389,-101,7555
13,1523,15438640,-10,191,22
4,1525,15448672,-3380,-89,7547
13,1524,15448694,-7,234,23
4,1526,15458742,-3420,-83,7545
13,1525,15458764,-8,290,28
4,1527,15468873,-3427,-82,7533
13,1526,15468895,-11,319,32
4,1528,15478867,-3471,-82,7534
13,1527,15478889,-27,372,64
4,1529,15488990,-3545,-88,7513
13,1528,15489012,-36,367,74
4,1530,15499115,-3563,-87,7497
13,1529,15499137,-42,304,92
4,1531,15509162,-3574,-106,7514
13,1530,15509184,-48,235,108
4,1532,15519199,-3561,-108,7492
13,1531,15519221,-47,161,108
4,1533,15529238,-3515,-96,7515
13,1532,15529260,-51,121,118
4,1534,15539305,-3459,-94,7530
13,1533,15539327,-51,147,122
4,1535,15549290,-3618,-114,7430
13,1534,15549312,-47,254,122
4,1536,15559358,-3532,-80,7513
13,1535,15559380,-33,450,97
4,1537,15569364,-3461,-95,7582
13,1536,15569386,-51,446,106
4,1538,15579592,-3754,-142,7403
13,1537,15579614,-56,277,103
4,1539,15589562,-3641,-179,7416
13,1538,15589584,-12,274,38
4,1540,15599626,-3475,-23,7534
13,1539,15599648,42,451,-33
4,1541,15609728,-3514,-27,7524
13,1540,15609750,1,339,6
4,1542,15619828,-3670,-95,7450
13,1541,15619850,-19,160,33
4,1543,15629863,-3625,-84,7470
13,1542,15629885,1,128,-11
4,1544,15639913,-3596,-83,7464
13,1543,15639935,8,152,-20
4,1545,15649997,-3588,-105,7472
13,1544,15650019,11,199,-23
4,1546,15660128,-3618,-122,7474
13,1545,15660150,22,256,-40
4,1547,15670122,-3571,-94,7405
13,1546,15670143,70,246,-116
4,1548,15680194,-3488,-133,7451
13,1547,15680216,88,204,-155
4,1549,15690187,-3481,-78,7425
13,1548,15690209,146,185,-283
4,1550,15700370,-3564,-56,7385
13,1549,15700392,117,271,-247
4,1551,15710432,-3630,-69,7374
13,1550,15710454,99,306,-197
4,1552,15720463,-3645,-56,7365
13,1551,15720485,61,277,-134
4,1553,15730544,-3535,-85,7405
13,1552,15730593,21,291,-67
4,1554,15740699,-3578,-79,7405
13,1553,15740721,22,383,-59
4,1555,15750711,-3649,-84,7388
13,1554,15750733,29,442,-69
4,1556,15760779,-3657,-85,7354
13,1555,15760801,38,435,-89
4,1557,15770854,-3692,-72,7347
13,1556,15770876,56,423,-111
4,1558,15780931,-3689,-69,7346
13,1557,15780953,61,408,-120
4,1559,15790906,-3718,-89,7327
13,1558,15790928,64,398,-116
4,1560,15801022,-3735,-90,7321
13,1559,15801044,69,391,-118
4,1561,15811144,-3748,-88,7315
13,1560,15811165,48,386,-79
4,1562,15821288,-3751,-84,7335
13,1561,15821310,28,380,-46
4,1563,15831250,-3725,-85,7327
13,1562,15831272,31,378,-43
4,1564,15841278,-3739,-80,7282
13,1563,15841300,29,424,-45
4,1565,15851402,-3878,-81,7272
13,1564,15851424,9,448,-13
4,1566,15861592,-3840,-57,7276
13,1565,15861614,-4,374,25
4,1567,15871557,-3803,-81,7285
13,1566,15871579,-25,354,51
4,1568,15881642,-3823,-85,7277
13,1567,15881664,-24,361,32
4,1569,15891708,-3794,-83,7272
13,1568,15891730,-4,373,-6
4,1570,15901834,-3838,-79,7264
13,1569,15901856,10,405,-37
4,1571,15911834,-3849,0,7258
13,1570,15911856,53,439,-88
4,1572,15921884,-3934,96,7209
13,1571,15921906,70,536,-88
4,1573,15931981,-4000,-191,7200
13,1572,15932003,27,590,-16
4,1574,15942075,-4049,-87,7169
13,1573,15942097,31,454,-44
4,1575,15952106,-4016,-66,7186
13,1574,15952128,3,358,-7
4,1576,15962185,-3965,-156,7213
13,1575,15962207,-13,288,12
4,1577,15972306,-4019,-21,7165
13,1576,15972328,-5,231,1
4,1578,15982435,-3994,-70,7172
13,1577,15982457,-27,248,48
4,1579,15992405,-4050,-4,7153
13,1578,15992427,-53,254,89
4,1580,16002444,-4027,-64,7161
13,1579,16002466,-89,252,175
4,1581,16012531,-3939,-155,7203
13,1580,16012553,-102,270,193
4,1582,16022622,-4026,-17,7163
13,1581,16022644,-105,306,176
4,1583,16032638,-4014,-79,7171
13,1582,16032660,-131,366,221
4,1584,16042669,-4126,59,7074
13,1583,16042691,-138,465,249
4,1585,16052817,-4264,-136,6964
13,1584,16052839,-167,704,288
4,1586,16062954,-3864,-249,7287
13,1585,16062976,-105,906,198
4,1587,16072955,-4174,-74,7119
13,1586,16072977,-70,792,112
4,1588,16082999,-3999,-187,7232
13,1587,16083021,-57,602,73
4,1589,16093015,-4278,25,6982
13,1588,16093037,-23,457,39
4,1590,16103181,-4309,4,6863
13,1589,16103203,-53,618,83
4,1591,16113231,-4312,-207,6914
13,1590,16113253,0,1066,9
4,1592,16123326,-4355,45,6984
13,1591,16123348,-6,1216,-18
4,1593,16133347,-4028,-124,7251
13,1592,16133369,-53,1103,60
4,1594,16143591,-4601,-30,6735
13,1593,16143613,-53,900,39
4,1595,16153484,-4536,-65,6731
13,1594,16153506,17,1288,-11
4,1596,16163525,-4318,-154,7093
13,1595,16163547,-67,1458,75
4,1597,16173617,-4547,-102,6911
13,1596,16173639,-58,1182,90
4,1598,16183753,-4521,-52,6826
13,1597,16183775,-60,972,58
4,1599,16193787,-4699,-66,6630
13,1598,16193809,22,1142,-31
4,1600,16203831,-4667,-113,6818
13,1599,16203853,9,1307,-16
4,1601,16213923,-4561,-51,6857
13,1600,16213945,-41,1207,35
4,1602,16224075,-4615,1,6725
13,1601,16224124,9,1227,-9
4,1603,16234101,-4978,-59,6505
13,1602,16234123,-24,1279,6
4,1604,16244097,-4747,-57,6692
13,1603,16244119,20,1409,-11
4,1605,16254224,-4791,-85,6805
13,1604,16254246,-24,1306,3
4,1606,16264321,-5012,-37,6476
13,1605,16264343,-37,1095,22
4,1607,16274310,-4767,14,6437
13,1606,16274332,20,1389,0
4,1608,16284402,-5219,-155,6476
13,1607,16284424,-8,1660,-3
4,1609,16294492,-4952,-90,6610
13,1608,16294514,-101,1414,113
4,1610,16304593,-5119,-184,6442
13,1609,16304615,-102,1334,103
4,1611,16314626,-5049,-129,6546
13,1610,16314648,-8,1286,12
4,1612,16324773,-5131,28,6275
13,1611,16324795,-1,1230,8
4,1613,16334716,-4893,-29,6436
13,1612,16334738,6,1481,-10
4,1614,16344899,-5788,-138,6079
13,1613,16344921,7,1633,-34
4,1615,16354931,-5413,-93,6321
13,1614,16354953,-156,1203,171
4,1616,16365078,-5236,-186,6351
13,1615,16365100,-173,953,182
4,1617,16375138,-5274,-32,6229
13,1616,16375160,-127,970,146
4,1618,16385215,-4964,-95,6150
13,1617,16385237,-146,1231,145
4,1619,16395291,-5852,-117,6022
13,1618,16395313,61,1902,-55
4,1620,16405312,-5573,-205,6297
13,1619,16405334,-86,1407,93
4,1621,16415399,-5637,-25,5931
13,1620,16415421,-122,988,116
4,1622,16425513,-5608,-72,5947
13,1621,16425535,-84,1040,86
4,1623,16435549,-5663,-54,5833
13,1622,16435571,-98,1172,90
4,1624,16445680,-5791,-247,6130
13,1623,16445702,-80,1192,67
4,1625,16455692,-5758,-111,5906
13,1624,16455714,-102,756,88
4,1626,16465828,-5766,-47,5829
13,1625,16465850,-70,694,59
4,1627,16475850,-5840,-51,5827
13,1626,16475872,-86,685,80
4,1628,16485991,-5719,-116,5853
13,1627,16486013,-111,649,103
4,1629,16496012,-5801,-166,5848
13,1628,16496034,-81,699,76
4,1630,16506181,-5846,-133,5802
13,1629,16506203,-36,631,32
4,1631,16516179,-5765,-111,5805
13,1630,16516201,-18,605,20
4,1632,16526178,-5839,-94,5754
13,1631,16526200,-3,748,3
4,1633,16536283,-6182,-37,5628
13,1632,16536305,-22,655,19
4,1634,16546378,-5860,-79,5701
13,1633,16546400,-93,439,89
4,1635,16556409,-5909,-91,5701
13,1634,16556431,-101,469,91
4,1636,16566489,-5932,-60,5677
13,1635,16566510,-114,489,98
4,1637,16576606,-5815,-138,5741
13,1636,16576628,-127,544,110
4,1638,16586664,-5895,-141,5708
13,1637,16586686,-58,631,56
4,1639,16596743,-5736,-105,5680
13,1638,16596765,-2,753,3
4,1640,16606707,-6090,-90,5593
13,1639,16606729,14,925,-12
4,1641,16616947,-6222,-90,5513
13,1640,16616969,5,877,-10
4,1642,16627051,-6267,-94,5498
13,1641,16627073,-2,612,-4
4,1643,16636946,-6105,-83,5511
13,1642,16636968,0,392,-5
4,1644,16647059,-5854,-89,5572
13,1643,16647081,6,380,-2
4,1645,16657129,-6137,-94,5482
13,1644,16657151,6,613,-1
4,1646,16667206,-6156,-70,5436
13,1645,16667227,-4,584,0
4,1647,16677326,-6289,-23,5383
13,1646,16677348,-34,511,22
4,1648,16687317,-6133,-71,5428
13,1647,16687339,-122,439,100
4,1649,16697400,-6172,-101,5439
13,1648,16697422,-131,476,106
4,1650,16707557,-6182,-148,5477
13,1649,16707579,-94,445,80
4,1651,16717524,-6194,-110,5421
13,1650,16717546,-34,375,27
4,1652,16727663,-6232,-108,5384
13,1651,16727713,-14,327,10
4,1653,16737703,-6217,-109,5382
13,1652,16737725,-8,268,6
4,1654,16747887,-6214,-95,5373
13,1653,16747909,-3,237,5
4,1655,16757791,-6034,-99,5397
13,1654,16757813,0,372,6
4,1656,16767912,-6469,-68,5291
13,1655,16767934,-10,420,6
4,1657,16777958,-6263,-52,5297
13,1656,16777980,-54,225,41
4,1658,16788120,-6243,-16,5247
13,1657,16788142,-100,265,75
4,1659,16798115,-6234,-102,5346
13,1658,16798137,-132,357,99
4,1660,16808095,-6248,-191,5405
13,1659,16808117,-94,333,71
4,1661,16818251,-6236,-108,5327
13,1660,16818272,-9,260,7
4,1662,16828261,-6287,-79,5270
13,1661,16828283,-5,285,1
4,1663,16838365,-6302,-103,5280
13,1662,16838387,-15,292,13
4,1664,16848373,-6309,-87,5276
13,1663,16848395,-9,272,9
4,1665,16858482,-6291,-93,5267
13,1664,16858531,-12,258,12
4,1666,16868695,-6278,-99,5257
13,1665,16868717,-16,274,11
4,1667,16878679,-6081,-101,5260
13,1666,16878701,-28,348,23
4,1668,16888801,-6512,22,4934
13,1667,16888823,-18,723,25
4,1669,16898819,-6385,-206,5466
13,1668,16898841,-114,644,84
4,1670,16908904,-6306,-146,5230
13,1669,16908926,-29,360,13
4,1671,16918900,-6416,-82,5133
13,1670,16918922,19,391,-21
4,1672,16928969,-6461,-87,5140
13,1671,16928991,-2,377,0
4,1673,16939072,-6472,-63,5099
13,1672,16939094,-21,288,19
4,1674,16949205,-6386,-73,5125
13,1673,16949227,-58,246,49
4,1675,16959200,-6380,-88,5121
13,1674,16959222,-88,299,71
4,1676,16969263,-6380,-126,5127
13,1675,16969285,-110,360,83
4,1677,16979318,-6483,-104,5065
13,1676,16979340,-99,376,72
4,1678,16989450,-6419,-71,4994
13,1677,16989472,-129,360,83
4,1679,16999530,-6321,-243,5229
13,1678,16999552,-93,459,58
4,1680,17009548,-6439,-69,5061
13,1679,17009570,56,570,-33
4,1681,17019566,-6662,6,4933
13,1680,17019588,-52,488,38
4,1682,17029788,-6434,-129,5023
13,1681,17029810,-185,402,135
4,1683,17039726,-6502,-138,5037
13,1682,17039748,-166,451,120
4,1684,17049864,-6405,-138,5036
13,1683,17049885,-113,438,86
4,1685,17059882,-6643,-61,4883
13,1684,17059904,-45,557,35
4,1686,17069982,-6649,-67,4912
13,1685,17070004,-106,428,74
4,1687,17080037,-6578,-90,4603
13,1686,17080059,-131,407,90
4,1688,17090144,-6542,-175,5308
13,1687,17090166,-82,582,44
4,1689,17100191,-6480,-95,4975
13,1688,17100213,-74,307,44
4,1690,17110391,-6734,-59,4790
13,1689,17110413,-96,324,64
4,1691,17120327,-6598,-108,4892
13,1690,17120349,-129,245,94
4,1692,17130475,-6549,-48,4680
13,1691,17130497,-140,280,93
4,1693,17140471,-6531,-214,5080
13,1692,17140493,-149,480,80
4,1694,17150555,-6564,-104,4971
13,1693,17150577,-55,396,35
4,1695,17160589,-6563,-64,4802
13,1694,17160611,-41,408,25
4,1696,17170670,-6676,-60,4734
13,1695,17170692,-60,515,39
4,1697,17180733,-6670,-39,4396
13,1696,17180755,-65,662,55
4,1698,17190935,-6467,-91,5105
13,1697,17190957,-89,929,57
4,1699,17200896,-6770,-253,4940
13,1698,17200918,-58,883,5
4,1700,17210958,-7008,-91,4648
13,1699,17210980,22,526,-26
4,1701,17221050,-6730,-110,4686
13,1700,17221072,-4,257,0
4,1702,17231175,-6719,-102,4681
13,1701,17231197,3,245,-3
4,1703,17241215,-6755,-86,4659
13,1702,17241237,-5,255,3
4,1704,17251306,-6722,-95,4667
13,1703,17251328,-26,262,18
4,1705,17261403,-6695,-116,4677
13,1704,17261425,-47,317,30
4,1706,17271457,-6721,-86,4625
13,1705,17271478,-51,404,31
4,1707,17281494,-6628,-95,4663
13,1706,17281516,-82,491,49
4,1708,17291600,-6772,-105,4591
13,1707,17291622,-68,706,37
4,1709,17301689,-7155,96,4073
13,1708,17301711,-116,651,70
4,1710,17311759,-6776,-352,4963
13,1709,17311781,-209,576,122
4,1711,17321815,-6842,-89,4562
13,1710,17321837,-22,297,6
4,1712,17331941,-6836,14,4298
13,1711,17331963,-72,285,42
4,1713,17341937,-6809,-204,4578
13,1712,17341959,-161,534,79
4,1714,17352127,-6920,-155,4696
13,1713,17352149,-55,464,20
4,1715,17362118,-6834,-108,4472
13,1714,17362140,-34,255,21
4,1716,17372228,-6858,-114,4479
13,1715,17372250,-31,298,14
4,1717,17382260,-6730,-83,4479
13,1716,17382282,-36,376,20
4,1718,17392367,-6536,-212,4281
13,1717,17392389,-16,746,4
4,1719,17402439,-7346,109,4307
13,1718,17402461,73,1187,-57
4,1720,17412385,-7134,-194,4554
13,1719,17412407,-219,625,111
4,1721,17422516,-6884,-172,4381
13,1720,17422538,-90,275,47
4,1722,17432729,-6945,-71,4291
13,1721,17432751,-21,339,3
4,1723,17442657,-7018,-99,4267
13,1722,17442679,-71,389,32
4,1724,17452735,-6922,-208,4378
13,1723,17452757,-42,396,19
4,1725,17462765,-6915,-198,4200
13,1724,17462787,81,464,-50
4,1726,17472912,-7041,32,4366
13,1725,17472934,130,608,-79
4,1727,17482967,-6994,-153,4334
13,1726,17482989,-40,486,18
4,1728,17493031,-6994,-97,4210
13,1727,17493053,-21,450,2
4,1729,17503166,-7064,-144,4231
13,1728,17503188,-28,470,6
4,1730,17513253,-7094,-88,4165
13,1729,17513275,-10,404,3
4,1731,17523312,-7018,-158,4231
13,1730,17523334,-27,380,15
4,1732,17533303,-7069,-109,4176
13,1731,17533325,14,378,-13
4,1733,17543437,-7084,-102,4151
13,1732,17543459,7,345,-9
4,1734,17553497,-7060,-102,4136
13,1733,17553519,0,337,-2
4,1735,17563464,-7083,-98,4103
13,1734,17563486,-9,342,0
4,1736,17573676,-7039,-109,4110
13,1735,17573698,-23,373,4
4,1737,17583684,-7075,-69,3834
13,1736,17583706,-30,463,9
4,1738,17593861,-6730,-234,4093
13,1737,17593883,50,809,-34
4,1739,17603756,-6488,-72,3877
13,1738,17603777,338,1566,-219
4,1740,17613921,-8305,-71,4161
13,1739,17613943,270,1902,-182
4,1741,17624067,-7348,-88,4042
13,1740,17624089,-116,405,63
4,1742,17634075,-7034,-151,3915
13,1741,17634097,-94,214,44
4,1743,17644156,-7294,-58,3854
13,1742,17644178,-28,373,10
4,1744,17654220,-7244,-113,3845
13,1743,17654242,-133,298,59
4,1745,17664297,-7169,-228,3977
13,1744,17664319,-103,264,44
4,1746,17674441,-7232,-91,3832
13,1745,17674463,2,252,-5
4,1747,17684435,-7220,-126,3791
13,1746,17684457,-23,271,6
4,1748,17694431,-7239,-96,3812
13,1747,17694453,-20,315,6
4,1749,17704590,-7193,-48,3710
13,1748,17704612,-47,369,20
4,1750,17714739,-7190,-175,3885
13,1749,17714761,-90,528,33
4,1751,17724735,-7246,-202,3947
13,1750,17724757,-3,528,-6
4,1752,17734756,-7237,-76,3843
13,1751,17734778,45,456,-25
4,1753,17744919,-7136,-153,3796
13,1752,17744941,-24,488,6
4,1754,17755080,-6599,-308,3697
13,1753,17755102,101,933,-60
4,1755,17765002,-7835,-51,3159
13,1754,17765024,406,1682,-212
4,1756,17775124,-7878,122,3932
13,1755,17775146,56,1050,-46
4,1757,17785247,-7280,-199,3711
13,1756,17785269,-176,284,72
4,1758,17795359,-7315,-131,3545
13,1757,17795381,-81,358,34
4,1759,17805370,-7361,-37,3442
13,1758,17805392,-62,465,24
4,1760,17815421,-6911,-386,3423
13,1759,17815443,-72,720,21
4,1761,17825468,-7595,-19,3761
13,1760,17825490,280,1300,-132
4,1762,17835681,-7774,46,3228
13,1761,17835703,-12,833,-9
4,1763,17845676,-7392,-214,3520
13,1762,17845698,-93,612,28
4,1764,17855688,-7484,-169,3580
13,1763,17855710,-33,569,6
4,1765,17865913,-7288,-187,3477
13,1764,17865935,-34,453,11
4,1766,17875922,-7148,-233,3262
13,1765,17875944,77,815,-28
4,1767,17885993,-7818,198,2986
13,1766,17886015,222,1111,-87
4,1768,17896131,-7660,-181,3512
13,1767,17896153,-254,800,88
4,1769,17906145,-7462,-131,3233
13,1768,17906167,-249,505,91
4,1770,17916313,-7540,-202,3301
13,1769,17916335,-197,572,74
4,1771,17926275,-7547,-4,3095
13,1770,17926297,-157,534,60
4,1772,17936285,-7068,-104,3250
13,1771,17936307,-242,751,90
4,1773,17946456,-7934,-148,2957
13,1772,17946478,-177,1160,57
4,1774,17956515,-7853,-204,3190
13,1773,17956536,-260,689,93
4,1775,17966563,-7490,-141,3142
13,1774,17966585,-203,358,75
4,1776,17976627,-7556,-142,3091
13,1775,17976648,-217,459,78
4,1777,17986740,-7599,-65,2988
13,1776,17986762,-194,493,76
4,1778,17996853,-7504,-125,3016
13,1777,17996875,-292,548,105
4,1779,18006857,-7153,-80,2904
13,1778,18006879,-271,820,94
4,1780,18016946,-7602,-159,2969
13,1779,18016968,-204,1406,51
4,1781,18026993,-8347,-130,2881
13,1780,18027015,-262,1206,87
4,1782,18037163,-7670,-236,2971
13,1781,18037185,-296,409,98
4,1783,18047112,-7628,-92,2787
13,1782,18047134,-160,392,47
4,1784,18057205,-7668,-208,2917
13,1783,18057226,-178,477,57
4,1785,18067293,-7696,-174,2843
13,1784,18067315,-132,446,42
4,1786,18077476,-7725,-155,2777
13,1785,18077498,-103,412,30
4,1787,18087485,-7710,-98,2689
13,1786,18087507,-79,374,22
4,1788,18097544,-7641,-127,2452
13,1787,18097566,-98,424,30
4,1789,18107588,-7726,-192,2860
13,1788,18107610,48,609,-21
4,1790,18117696,-7776,-150,2874
13,1789,18117718,-44,507,-3
4,1791,18127718,-7286,-347,2780
13,1790,18127740,32,396,-16
4,1792,18137748,-7078,-346,2707
13,1791,18137770,496,1212,-142
4,1793,18147880,-8273,273,2231
13,1792,18147902,575,1747,-189
4,1794,18158006,-8335,-174,2752
13,1793,18158028,72,1088,-39
4,1795,18167994,-7672,-154,2455
13,1794,18168016,95,459,-27
4,1796,18178067,-7735,-117,2642
13,1795,18178089,136,614,-36
4,1797,18188133,-7759,-182,2547
13,1796,18188155,75,619,-27
4,1798,18198252,-7384,-392,2361
13,1797,18198274,192,806,-65
4,1799,18208282,-7841,-209,2076
13,1798,18208304,603,1316,-175
4,1800,18218347,-8172,237,2543
13,1799,18218368,520,1265,-146
4,1801,18228433,-8025,-194,2390
13,1800,18228482,2,751,-13
4,1802,18238622,-7821,-201,2143
13,1801,18238644,72,549,-25
4,1803,18248613,-7712,-324,2139
13,1802,18248635,288,712,-76
4,1804,18258620,-7419,-247,2375
13,1803,18258642,560,968,-139
4,1805,18268746,-7937,-12,1972
13,1804,18268768,618,1476,-162
4,1806,18278888,-8334,55,2157
13,1805,18278910,438,1369,-113
4,1807,18288848,-8273,-119,2010
13,1806,18288870,82,775,-30
4,1808,18298941,-7804,-199,1588
13,1807,18298963,90,484,-20
4,1809,18308935,-8045,-242,2319
13,1808,18308957,243,676,-63
4,1810,18319188,-7970,-102,2004
13,1809,18319210,205,403,-47
4,1811,18329163,-7890,-85,2021
13,1810,18329185,211,432,-34
4,1812,18339224,-7868,-165,2084
13,1811,18339245,58,435,-15
4,1813,18349278,-7656,-348,1708
13,1812,18349300,174,627,-44
4,1814,18359349,-7819,-116,1492
13,1813,18359398,358,984,-87
4,1815,18369465,-8037,-234,2173
13,1814,18369487,451,1266,-106
4,1816,18379509,-8551,242,1938
13,1815,18379531,306,899,-69
4,1817,18389621,-7921,-139,1656
13,1816,18389643,-80,294,16
4,1818,18399740,-7671,-408,1348
13,1817,18399762,25,499,-2
4,1819,18409655,-8214,94,2176
13,1818,18409676,255,866,-45
4,1820,18419765,-7898,-244,1824
13,1819,18419787,-56,518,3
4,1821,18429886,-7554,-419,1425
13,1820,18429908,195,809,-50
4,1822,18439937,-8213,61,1638
13,1821,18439959,557,1291,-108
4,1823,18449968,-8293,2,1702
13,1822,18449990,123,927,-27
4,1824,18460054,-8171,-212,1507
13,1823,18460076,-2,620,-8
4,1825,18470092,-8259,-34,1411
13,1824,18470114,10,366,0
4,1826,18480309,-7890,-150,1537
13,1825,18480331,-122,216,23
4,1827,18490284,-7973,-106,1462
13,1826,18490306,-125,365,17
4,1828,18500348,-8058,-179,1478
13,1827,18500370,-169,431,18
4,1829,18510397,-7997,-181,1481
13,1828,18510419,-125,405,10
4,1830,18520463,-7784,-198,1339
13,1829,18520485,-85,512,0
4,1831,18530516,-7436,-592,1137
13,1830,18530538,157,1089,-56
4,1832,18540643,-8551,-19,1360
13,1831,18540665,665,1616,-124
4,1833,18550662,-8737,312,1349
13,1832,18550684,272,887,-32
4,1834,18560795,-7980,-267,1442
13,1833,18560817,-183,223,23
4,1835,18570715,-8010,-128,1172
13,1834,18570737,-47,297,2
4,1836,18580855,-8117,-125,1183
13,1835,18580877,-80,360,8
4,1837,18590914,-8076,-174,1229
13,1836,18590935,-98,329,3
4,1838,18601031,-8020,-262,1120
13,1837,18601053,-19,334,-8
4,1839,18610993,-7680,-341,996
13,1838,18611015,170,469,-34
4,1840,18621143,-7693,-83,1296
13,1839,18621165,491,1151,-76
4,1841,18631198,-8771,133,1278
13,1840,18631220,265,1302,-51
4,1842,18641360,-8409,-192,970
13,1841,18641382,-81,495,2
4,1843,18651303,-8006,-167,1028
13,1842,18651325,-48,226,4
4,1844,18661323,-8052,-169,1056
13,1843,18661345,-36,324,1
4,1845,18671434,-8060,-146,1012
13,1844,18671456,-30,390,0
4,1846,18681540,-8115,-189,987
13,1845,18681562,-19,437,-2
4,1847,18691574,-7890,-387,772
13,1846,18691596,59,467,-10
4,1848,18701555,-7446,-333,884
13,1847,18701577,399,865,-47
4,1849,18711786,-8035,-18,663
13,1848,18711807,611,1659,-68
4,1850,18721832,-8984,247,937
13,1849,18721854,320,1470,-30
4,1851,18731750,-8349,-249,1044
13,1850,18731772,-195,489,9
4,1852,18741899,-7928,-182,671
13,1851,18741921,-94,292,2
4,1853,18751983,-7746,-316,526
13,1852,18752005,-18,574,-3
4,1854,18762091,-8325,-110,1068
13,1853,18762113,239,985,-26
4,1855,18772126,-8482,-81,660
13,1854,18772148,71,612,-12
4,1856,18782174,-8173,-185,590
13,1855,18782196,-32,245,0
4,1857,18792231,-8124,-158,649
13,1856,18792253,-2,226,0
4,1858,18802397,-8165,-155,637
13,1857,18802418,-2,209,0
4,1859,18812304,-8072,-152,647
13,1858,18812326,-5,202,1
4,1860,18822408,-7992,-151,665
13,1859,18822430,-3,335,0
4,1861,18832509,-8378,-152,516
13,1860,18832531,-8,407,-2
4,1862,18842532,-8175,-155,598
13,1861,18842554,-15,157,0
4,1863,18852622,-8091,-162,599
13,1862,18852644,-30,169,1
4,1864,18862708,-8182,-177,566
13,1863,18862730,-30,213,0
4,1865,18872751,-8121,-174,568
13,1864,18872773,-20,194,1
4,1866,18882932,-8092,-165,575
13,1865,18882954,-15,223,1
4,1867,18892957,-8003,-165,594
13,1866,18892979,-15,318,0
4,1868,18902914,-8055,-109,558
13,1867,18902936,-41,518,-2
4,1869,18913018,-8483,-206,386
13,1868,18913040,-72,487,-4
4,1870,18923136,-8214,-184,489
13,1869,18923158,-27,145,0
4,1871,18933208,-8073,-158,512
13,1870,18933230,-23,116,0
4,1872,18943266,-8021,-145,519
13,1871,18943288,-36,197,2
4,1873,18953262,-8154,-171,448
13,1872,18953284,-56,357,3
4,1874,18963576,-8310,-177,398
13,1873,18963598,-45,281,4
4,1875,18973458,-8198,-178,422
13,1874,18973480,-20,118,6
4,1876,18983565,-8124,-157,443
13,1875,18983587,-3,42,8
4,1877,18993647,-8150,-151,442
13,1876,18993669,0,47,7
4,1878,19003721,-8149,-162,437
13,1877,19003743,-3,57,6
4,1879,19013840,-8145,-150,435
13,1878,19013862,-5,59,9
4,1880,19023837,-8136,-132,447
13,1879,19023859,-15,99,17
4,1881,19033868,-8156,-161,411
13,1880,19033890,-32,159,29
4,1882,19044052,-8176,-183,402
13,1881,19044074,-23,141,30
4,1883,19054069,-8155,-168,413
13,1882,19054091,-8,87,21
4,1884,19064109,-8113,-161,423
13,1883,19064131,-6,95,20
4,1885,19074215,-8158,-151,400
13,1884,19074237,-4,137,28
4,1886,19084281,-8213,-160,362
13,1885,19084303,-3,114,23
4,1887,19094275,-8181,-156,389
13,1886,19094297,-1,39,9
4,1888,19104385,-8153,-152,384
13,1887,19104407,0,10,3
4,1889,19114451,-8157,-156,394
13,1888,19114473,0,5,1
4,1890,19124663,-8160,-152,395
13,1889,19124685,0,5,0
4,1891,19134645,-8152,-157,394
13,1890,19134667,0,2,0
4,1892,19144721,-8142,-146,402
13,1891,19144743,-3,12,1
4,1893,19154758,-8125,-135,406
13,1892,19154780,-6,33,2
4,1894,19164918,-8151,-153,385
13,1893,19164940,-7,41,4
4,1895,19174843,-8134,-156,410
13,1894,19174865,-6,50,9
4,1896,19185027,-8106,-122,419
13,1895,19185049,-6,108,21
4,1897,19195041,-8131,-105,395
13,1896,19195063,-9,189,37
4,1898,19205177,-8150,-159,359
13,1897,19205199,-8,252,50
4,1899,19215179,-8169,-167,332
13,1898,19215201,-4,271,55
4,1900,19225283,-8151,-138,338
13,1899,19225305,4,244,49
4,1901,19235374,-8187,-142,305
13,1900,19235396,7,218,43
4,1902,19245538,-8180,-144,299
13,1901,19245560,3,148,29
4,1903,19255519,-8171,-147,282
13,1902,19255541,-1,91,12
4,1904,19265581,-8173,-151,302
13,1903,19265603,-4,37,4
4,1905,19275651,-8164,-145,315
13,1904,19275673,-1,22,4
4,1906,19285799,-8146,-139,303
13,1905,19285821,0,21,5
4,1907,19295841,-8142,-140,316
13,1906,19295863,0,20,5
4,1908,19305866,-8158,-147,312
13,1907,19305888,-2,21,5
4,1909,19315975,-8156,-144,299
13,1908,19315997,-2,17,3
4,1910,19325965,-8143,-127,318
13,1909,19325987,-4,17,2
4,1911,19336083,-8156,-130,303
13,1910,19336105,-7,16,3
4,1912,19346145,-8160,-151,302
13,1911,19346167,-3,4,2
4,1913,19356221,-8152,-144,306
13,1912,19356270,-4,6,0
4,1914,19366429,-8142,-140,311
13,1913,19366451,-1,13,0
4,1915,19376334,-8144,-144,305
13,1914,19376356,-3,16,2
4,1916,19386510,-8146,-141,301
13,1915,19386532,-5,20,1
4,1917,19396467,-8157,-144,295
13,1916,19396489,-2,21,4
4,1918,19406625,-8156,-143,293
13,1917,19406646,-1,19,1
4,1919,19416625,-8167,-141,302
13,1918,19416647,-3,15,0
4,1920,19426736,-8152,-133,304
13,1919,19426757,-3,19,4
4,1921,19436835,-8140,-129,297
13,1920,19436857,-6,23,3
4,1922,19446994,-8144,-125,296
13,1921,19447016,-12,33,4
4,1923,19457028,-8156,-139,292
13,1922,19457050,-14,40,4
4,1924,19467040,-8154,-149,297
13,1923,19467062,-10,25,3
4,1925,19477128,-8145,-143,302
13,1924,19477150,-6,15,2
4,1926,19487252,-8156,-135,294
13,1925,19487274,-6,15,1
4,1927,19497282,-8168,-142,293
13,1926,19497304,-3,9,0
4,1928,19507385,-8161,-144,285
13,1927,19507407,-2,2,1
4,1929,19517457,-8159,-134,290
13,1928,19517479,-3,7,1
4,1930,19527607,-8152,-142,293
13,1929,19527629,-1,10,1
4,1931,19537558,-8165,-142,277
13,1930,19537580,0,9,1
4,1932,19547629,-8159,-138,288
13,1931,19547651,0,-2,2
4,1933,19557729,-8155,-137,289
13,1932,19557751,-2,-9,1
4,1934,19567898,-8150,-127,289
13,1933,19567920,0,-17,2
4,1935,19577873,-8152,-134,294
13,1934,19577895,1,-6,1
4,1936,19587870,-8152,-138,274
13,1935,19587892,0,6,0
4,1937,19598016,-8169,-139,280
13,1936,19598038,-2,0,2
4,1938,19608228,-8162,-137,299
13,1937,19608250,-1,0,0
4,1939,19618233,-8160,-123,299
13,1938,19618255,-2,11,0
4,1940,19628280,-8159,-120,297
13,1939,19628302,0,15,0
4,1941,19638355,-8159,-125,284
13,1940,19638377,-2,4,1
4,1942,19648450,-8156,-134,288
13,1941,19648472,0,5,3
4,1943,19658517,-8147,-132,295
13,1942,19658539,-1,27,0
4,1944,19668546,-8128,-122,289
13,1943,19668568,-1,53,0
4,1945,19678618,-8153,-129,289
13,1944,19678639,0,66,0
4,1946,19688757,-8176,-137,287
13,1945,19688779,0,75,0
4,1947,19698819,-8151,-144,275
13,1946,19698841,0,75,1
4,1948,19708806,-8165,-129,276
13,1947,19708828,-1,78,1
4,1949,19718851,-8156,-139,268
13,1948,19718873,-1,81,1
4,1950,19728987,-8168,-146,259
13,1949,19729037,1,76,3
4,1951,19739106,-8164,-147,248
13,1950,19739128,7,48,2
4,1952,19749132,-8150,-136,254
13,1951,19749154,6,21,1
4,1953,19759213,-8165,-139,259
13,1952,19759235,3,29,1
4,1954,19769355,-8161,-140,267
13,1953,19769377,0,48,2
4,1955,19779315,-8179,-144,260
13,1954,19779337,3,66,4
4,1956,19789402,-8173,-150,267
13,1955,19789424,18,72,5
4,1957,19799478,-8171,-146,245
13,1956,19799500,30,84,5
4,1958,19809588,-8168,-136,223
13,1957,19809610,16,89,2
4,1959,19819636,-8186,-148,229
13,1958,19819657,-4,58,2
4,1960,19829687,-8201,-147,239
13,1959,19829709,-5,24,0
4,1961,19839746,-8189,-152,252
13,1960,19839768,-1,6,3
4,1962,19849952,-8180,-145,250
13,1961,19849974,-2,16,4
4,1963,19859954,-8177,-138,240
13,1962,19859976,-4,39,1
4,1964,19870055,-8171,-132,238
13,1963,19870077,-5,40,3
4,1965,19880096,-8195,-138,231
13,1964,19880118,-5,46,3
4,1966,19890193,-8204,-139,227
13,1965,19890215,-3,36,4
4,1967,19900254,-8191,-146,239
13,1966,19900276,-2,21,2
4,1968,19910273,-8178,-134,231
13,1967,19910295,-3,2,2
4,1969,19920349,-8179,-148,228
13,1968,19920371,-1,-8,1
4,1970,19930506,-8187,-143,229
13,1969,19930528,-2,-11,0
4,1971,19940541,-8185,-138,225
13,1970,19940563,-3,-18,0
4,1972,19950546,-8191,-134,229
13,1971,19950568,0,-22,3
4,1973,19960619,-8190,-143,227
13,1972,19960641,-1,-19,3
4,1974,19970782,-8183,-131,239
13,1973,19970832,2,-16,3
4,1975,19980705,-8185,-144,232
13,1974,19980727,0,-14,3
4,1976,19990846,-8173,-153,232
13,1975,19990868,1,-12,2
4,1977,20001015,-8189,-148,224
13,1976,20001037,0,-7,0
4,1978,20011081,-8183,-128,252
13,1977,20011103,0,-9,0
4,1979,20021076,-8186,-143,235
13,1978,20021098,-1,-14,0
4,1980,20031141,-8193,-148,232
13,1979,20031163,0,-16,0
4,1981,20041194,-8183,-138,232
13,1980,20041216,0,-21,1
4,1982,20051318,-8174,-125,237
13,1981,20051339,0,-8,0
4,1983,20061328,-8178,-140,246
13,1982,20061350,0,2,-1
4,1984,20071476,-8185,-145,241
13,1983,20071498,1,10,1
4,1985,20081471,-8187,-145,239
13,1984,20081493,0,7,2
4,1986,20091734,-8184,-154,235
13,1985,20091756,-1,-4,0
4,1987,20101629,-8188,-148,232
13,1986,20101651,0,-10,0
4,1988,20111783,-8190,-142,241
13,1987,20111805,0,-15,-1
4,1989,20121817,-8188,-138,230
13,1988,20121839,0,-13,-2
4,1990,20131833,-8185,-139,225
13,1989,20131855,-1,-18,0
4,1991,20141962,-8176,-141,243
13,1990,20141984,-1,-20,-1
4,1992,20152007,-8206,-146,234
13,1991,20152029,-2,-9,-1
4,1993,20162083,-8191,-149,247
13,1992,20162104,0,-7,2
4,1994,20172181,-8173,-142,243
13,1993,20172203,1,-10,2
4,1995,20182194,-8176,-143,257
13,1994,20182215,-2,-3,0
4,1996,20192330,-8189,-147,245
13,1995,20192352,-1,4,0
4,1997,20202285,-8187,-138,241
13,1996,20202307,1,2,0
4,1998,20212460,-8178,-146,242
13,1997,20212482,-1,-4,0
4,1999,20222514,-8181,-142,238
13,1998,20222536,-1,-12,2
4,2000,20232603,-8193,-137,245
13,1999,20232625,-1,-13,0
4,2001,20242666,-8194,-138,248
13,2000,20242688,0,-23,2
4,2002,20252837,-8180,-141,251
13,2001,20252859,-1,-26,3
4,2003,20262761,-8191,-144,255
13,2002,20262783,-1,-17,0
4,2004,20272874,-8184,-154,241
13,2003,20272896,1,-9,0
4,2005,20282965,-8186,-141,242
13,2004,20282987,-1,-4,0
4,2006,20293030,-8179,-152,253
13,2005,20293052,-2,-2,0
4,2007,20303020,-8187,-143,244
13,2006,20303042,0,2,0
4,2008,20313160,-8197,-141,247
13,2007,20313182,1,-12,2
4,2009,20323229,-8195,-151,236
13,2008,20323251,0,-23,1
4,2010,20333356,-8188,-155,241
13,2009,20333378,-1,-30,1
4,2011,20343380,-8173,-143,247
13,2010,20343402,1,-38,0
4,2012,20353518,-8181,-138,255
13,2011,20353540,0,-33,0
4,2013,20363611,-8184,-135,252
13,2012,20363633,0,-21,-2
4,2014,20373649,-8178,-146,255
13,2013,20373671,-1,-20,1
4,2015,20383680,-8183,-156,248
13,2014,20383702,1,-5,0
4,2016,20393701,-8184,-139,244
13,2015,20393723,0,0,0
4,2017,20403792,-8187,-146,251
13,2016,20403813,0,-5,1
4,2018,20413964,-8188,-143,254
13,2017,20413986,0,-13,1
4,2019,20423880,-8180,-135,245
13,2018,20423902,-1,-20,1
4,2020,20434086,-8176,-138,246
13,2019,20434108,2,-19,0
4,2021,20444038,-8184,-143,260
13,2020,20444060,2,-22,0
4,2022,20454197,-8169,-142,270
13,2021,20454219,0,-19,3
4,2023,20464270,-8169,-151,266
13,2022,20464292,-1,-7,1
4,2024,20474327,-8186,-139,257
13,2023,20474349,-1,0,0
4,2025,20484425,-8181,-145,265
13,2024,20484447,-1,-5,0
4,2026,20494555,-8174,-153,266
13,2025,20494577,0,-4,0
4,2027,20504491,-8180,-148,254
13,2026,20504513,0,0,2
4,2028,20514607,-8185,-146,244
13,2027,20514629,0,3,0
4,2029,20524687,-8181,-147,252
13,2028,20524708,0,1,1
4,2030,20534781,-8184,-150,272
13,2029,20534803,0,-3,1
4,2031,20544805,-8185,-146,248
13,2030,20544827,0,1,2
4,2032,20554895,-8180,-144,245
13,2031,20554917,0,-4,0
4,2033,20564913,-8187,-139,251
13,2032,20564935,-1,-8,0
4,2034,20575130,-8185,-148,256
13,2033,20575152,0,-13,1
4,2035,20585119,-8183,-143,249
13,2034,20585141,-1,-17,2
4,2036,20595147,-8180,-144,255
13,2035,20595169,-1,-19,3
4,2037,20605326,-8177,-136,253
13,2036,20605348,0,-30,2
4,2038,20615402,-8176,-147,264
13,2037,20615424,0,-30,0
4,2039,20625424,-8183,-154,270
13,2038,20625446,-1,-13,-1
4,2040,20635516,-8186,-145,267
13,2039,20635538,-3,-1,0
4,2041,20645627,-8190,-151,263
13,2040,20645649,-3,7,1
4,2042,20655766,-8178,-137,238
13,2041,20655788,-1,5,0
4,2043,20665779,-8187,-137,255
13,2042,20665801,0,0,-3
4,2044,20675783,-8176,-144,256
13,2043,20675805,0,-5,2
4,2045,20685847,-8170,-135,253
13,2044,20685869,-3,-8,2
4,2046,20695964,-8187,-134,255
13,2045,20695986,-2,-3,1
4,2047,20705930,-8182,-148,257
13,2046,20705952,-1,0,2
4,2048,20716065,-8174,-142,243
13,2047,20716087,-2,-2,1
4,2049,20726129,-8180,-149,247
13,2048,20726151,-1,-8,1
4,2050,20736347,-8182,-144,245
13,2049,20736369,-3,-9,2
4,2051,20746306,-8188,-140,267
13,2050,20746328,-1,-16,0
4,2052,20756366,-8194,-150,262
13,2051,20756388,0,-19,0
4,2053,20766441,-8176,-140,258
13,2052,20766463,-2,-25,0
4,2054,20776526,-8167,-145,259
13,2053,20776548,-1,-13,2
4,2055,20786560,-8180,-150,262
13,2054,20786582,0,-8,2
4,2056,20796613,-8191,-147,258
13,2055,20796635,-1,-2,0
4,2057,20806737,-8174,-145,267
13,2056,20806759,-1,0,-1
4,2058,20816842,-8172,-150,271
13,2057,20816864,-1,-5,-1
4,2059,20826771,-8187,-149,260
13,2058,20826793,0,-2,0
4,2060,20836899,-8181,-134,254
13,2059,20836921,0,0,0
4,2061,20847032,-8187,-137,249
13,2060,20847081,0,-4,-1
4,2062,20857129,-8177,-154,252
13,2061,20857151,-1,-3,0
4,2063,20867127,-8194,-130,253
13,2062,20867149,0,-6,0
4,2064,20877185,-8211,-144,252
13,2063,20877207,0,-34,0
4,2065,20887293,-8212,-153,257
13,2064,20887315,-1,-70,0
4,2066,20897434,-8152,-147,268
13,2065,20897456,0,-95,-1
4,2067,20907420,-8157,-156,272
13,2066,20907442,0,-79,2
4,2068,20917482,-8176,-135,278
13,2067,20917504,0,-60,4
4,2069,20927503,-8182,-142,266
13,2068,20927525,-1,-66,0
4,2070,20937679,-8167,-143,289
13,2069,20937701,0,-76,0
4,2071,20947722,-8182,-146,283
13,2070,20947744,0,-44,-4
4,2072,20957770,-8201,-159,275
13,2071,20957792,0,-34,-5
4,2073,20967858,-8178,-150,288
13,2072,20967880,-2,-38,-4
4,2074,20977942,-8182,-148,291
13,2073,20977991,-1,-24,-2
4,2075,20988003,-8191,-152,274
13,2074,20988025,0,-17,0
4,2076,20998134,-8180,-151,284
13,2075,20998156,1,-24,0
4,2077,21008155,-8186,-148,294
13,2076,21008177,0,-31,-2
4,2078,21018245,-8189,-147,277
13,2077,21018267,-1,-33,-3
4,2079,21028274,-8183,-148,295
13,2078,21028296,0,-37,-1
4,2080,21038347,-8190,-142,304
13,2079,21038369,0,-33,-3
4,2081,21048404,-8162,-141,288
13,2080,21048425,0,-17,-4
4,2082,21058557,-8182,-137,289
13,2081,21058579,0,-7,0
4,2083,21068568,-8185,-149,293
13,2082,21068590,0,-4,-1
4,2084,21078613,-8185,-150,296
13,2083,21078635,0,-15,2
4,2085,21088702,-8178,-147,296
13,2084,21088724,-1,-11,0
4,2086,21098793,-8168,-141,296
13,2085,21098815,0,-6,0
4,2087,21108929,-8190,-146,293
13,2086,21108951,2,-6,0
4,2088,21118952,-8184,-150,292
13,2087,21118974,5,-3,0
4,2089,21129049,-8177,-164,309
13,2088,21129071,27,-11,2
4,2090,21139124,-8197,-133,288
13,2089,21139146,69,-18,2
4,2091,21149153,-8161,-140,282
13,2090,21149175,42,-22,3
4,2092,21159237,-8160,-155,313
13,2091,21159259,4,-25,3
4,2093,21169289,-8210,-148,285
13,2092,21169311,1,2,6
4,2094,21179373,-8180,-141,290
13,2093,21179395,4,-4,4
4,2095,21189450,-8190,-161,293
13,2094,21189472,-1,-19,1
4,2096,21199528,-8200,-148,300
13,2095,21199550,0,-21,-1
4,2097,21209626,-8170,-149,289
13,2096,21209648,0,-35,-2
4,2098,21219767,-8176,-151,287
13,2097,21219816,1,-41,-1
4,2099,21229712,-8193,-143,298
13,2098,21229734,0,-50,-4
4,2100,21239821,-8235,-139,291
13,2099,21239843,0,-84,-6
4,2101,21249918,-8236,-134,288
13,2100,21249940,0,-176,-36
4,2102,21260007,-8172,-135,309
13,2101,21260029,-1,-254,-53
4,2103,21269996,-7879,-170,473
13,2102,21270018,-3,-188,-48
4,2104,21280156,-8554,-117,132
13,2103,21280178,0,89,9
4,2105,21290172,-8143,-160,388
13,2104,21290194,-2,-472,-89
4,2106,21300265,-8143,-183,398
13,2105,21300287,-4,-364,-78
4,2107,21310280,-8239,-156,322
13,2106,21310302,-2,-313,-65
4,2108,21320364,-8243,-153,373
13,2107,21320386,-7,-483,-96
4,2109,21330446,-7904,-195,520
13,2108,21330468,-7,-432,-78
4,2110,21340541,-8241,-170,401
13,2109,21340563,-2,-80,-4
4,2111,21350596,-8225,-116,357
13,2110,21350645,-1,-174,-3
4,2112,21360682,-8027,76,325
13,2111,21360704,32,-218,-4
4,2113,21370776,-8125,-207,506
13,2112,21370798,0,-50,-2
4,2114,21380855,-8210,-338,543
13,2113,21380877,-71,-37,-3
4,2115,21390921,-8186,-235,473
13,2114,21390943,-56,-88,0
4,2116,21400942,-8161,-213,451
13,2115,21400964,-24,-40,-1
4,2117,21410990,-8237,-123,401
13,2116,21411012,-16,-87,-4
4,2118,21421129,-8139,-198,500
13,2117,21421151,-41,-131,0
4,2119,21431170,-8146,-203,481
13,2118,21431192,-24,-51,0
4,2120,21441222,-8217,-160,447
13,2119,21441244,-11,-62,-1
4,2121,21451327,-8176,-161,482
13,2120,21451349,-14,-130,0
4,2122,21461604,-8099,-198,510
13,2121,21461626,-10,-92,2
4,2123,21471426,-8142,-189,484
13,2122,21471448,-3,-18,1
4,2124,21481586,-8163,-168,482
13,2123,21481608,-1,-1,0
4,2125,21491651,-8156,-160,489
13,2124,21491673,0,15,1
4,2126,21501798,-8163,-170,470
13,2125,21501820,1,23,2
4,2127,21511791,-8168,-169,474
13,2126,21511813,1,16,2
4,2128,21521824,-8185,-192,476
13,2127,21521846,-1,17,2
4,2129,21531967,-8160,-178,474
13,2128,21531989,0,11,2
4,2130,21542070,-8160,-173,467
13,2129,21542091,-1,9,0
4,2131,21552060,-8177,-172,470
13,2130,21552082,0,19,0
4,2132,21562117,-8183,-166,456
13,2131,21562139,0,6,0
4,2133,21572189,-8204,-170,454
13,2132,21572211,2,-28,2
4,2134,21582364,-8287,-170,434
13,2133,21582386,2,-81,2
4,2135,21592338,-8248,-168,447
13,2134,21592360,5,-207,0
4,2136,21602357,-8193,-105,505
13,2135,21602379,74,-305,0
4,2137,21612538,-8295,-112,480
13,2136,21612560,200,-403,-1
4,2138,21622748,-8157,-202,516
13,2137,21622770,137,-495,2
4,2139,21632654,-8152,-219,553
13,2138,21632676,81,-499,2
4,2140,21642745,-7658,-177,764
13,2139,21642767,77,-461,1
4,2141,21652784,-8564,-225,385
13,2140,21652806,-13,188,0
4,2142,21662819,-8794,-155,405
13,2141,21662840,25,-525,11
4,2143,21672945,-7744,-179,865
13,2142,21672967,286,-1014,-4
4,2144,21682946,-8423,-231,548
13,2143,21682968,174,-578,-1
4,2145,21693090,-8351,-211,724
13,2144,21693112,40,-931,7
4,2146,21703256,-8123,-211,888
13,2145,21703278,227,-1136,-4
4,2147,21713284,-8109,-30,685
13,2146,21713306,361,-1100,-13
4,2148,21723314,-8075,-114,843
13,2147,21723335,276,-1062,-9
4,2149,21733480,-8019,-146,865
13,2148,21733502,257,-963,-15
4,2150,21743475,-8162,-148,892
13,2149,21743497,222,-814,-12
4,2151,21753601,-8218,-225,961
13,2150,21753623,296,-879,-17
4,2152,21763623,-7969,-266,997
13,2151,21763645,440,-904,-31
4,2153,21773666,-8205,-113,1033
13,2152,21773688,540,-762,-44
4,2154,21783838,-8193,-214,1113
13,2153,21783860,375,-875,-25
4,2155,21793822,-8003,-259,1200
13,2154,21793844,481,-923,-34
4,2156,21803862,-7988,-110,903
13,2155,21803884,727,-809,-68
4,2157,21814018,-8028,-157,1118
13,2156,21814040,608,-615,-54
4,2158,21824045,-8163,-111,1252
13,2157,21824067,515,-577,-43
4,2159,21834102,-7981,-114,1228
13,2158,21834124,439,-608,-48
4,2160,21844165,-8114,-95,1204
13,2159,21844186,399,-488,-48
4,2161,21854240,-8122,-193,1215
13,2160,21854289,421,-487,-44
4,2162,21864520,-8201,-150,1359
13,2161,21864542,486,-539,-44
4,2163,21874432,-8114,-197,1352
13,2162,21874454,216,-705,-11
4,2164,21884573,-8042,-189,1359
13,2163,21884595,122,-708,0
4,2165,21894512,-8044,-169,1384
13,2164,21894534,131,-653,-7
4,2166,21904680,-8054,-177,1410
13,2165,21904702,149,-616,-9
4,2167,21914692,-8055,-123,1413
13,2166,21914714,125,-595,-5
4,2168,21924751,-8020,-136,1466
13,2167,21924773,47,-578,4
4,2169,21934867,-8071,-136,1499
13,2168,21934888,23,-526,8
4,2170,21944932,-8169,-148,1487
13,2169,21944954,9,-568,12
4,2171,21955000,-8018,-151,1545
13,2170,21955022,0,-672,16
4,2172,21964998,-8054,-145,1554
13,2171,21965020,-1,-642,13
4,2173,21975139,-8054,-145,1592
13,2172,21975161,-5,-664,12
4,2174,21985167,-8061,-151,1613
13,2173,21985216,-1,-694,11
4,2175,21995312,-8090,-155,1634
13,2174,21995334,-3,-757,11
4,2176,22005370,-7958,-188,1711
13,2175,22005392,0,-792,8
4,2177,22015464,-8068,-218,1764
13,2176,22015486,53,-744,0
4,2178,22025678,-8029,-160,1764
13,2177,22025700,135,-819,-21
4,2179,22035588,-7896,-67,1757
13,2178,22035610,120,-800,-16
4,2180,22045655,-7966,-191,1868
13,2179,22045677,58,-675,-4
4,2181,22055726,-8040,-200,1863
13,2180,22055748,133,-661,-16
4,2182,22065851,-7968,-98,1829
13,2181,22065873,168,-719,-27
4,2183,22075887,-7947,-177,1944
13,2182,22075909,115,-685,-22
4,2184,22085950,-7981,-130,1913
13,2183,22085972,161,-680,-29
4,2185,22096059,-7867,-84,1932
13,2184,22096081,129,-656,-20
4,2186,22106241,-8001,-165,1990
13,2185,22106263,59,-552,-6
4,2187,22116238,-7967,-218,2078
13,2186,22116260,100,-599,-15
4,2188,22126289,-7947,-159,2047
13,2187,22126311,203,-641,-42
4,2189,22136453,-7861,-6,1947
13,2188,22136475,168,-614,-35
4,2190,22146473,-7874,-127,2077
13,2189,22146495,17,-490,1
4,2191,22156470,-7928,-152,2105
13,2190,22156492,-2,-439,9
4,2192,22166592,-7961,-158,2124
13,2191,22166614,10,-445,4
4,2193,22176645,-7893,-138,2153
13,2192,22176667,20,-479,0
4,2194,22186903,-7865,-135,2179
13,2193,22186925,14,-433,4
4,2195,22196798,-7840,-136,2207
13,2194,22196820,7,-373,5
4,2196,22206895,-7865,-130,2206
13,2195,22206917,5,-295,5
4,2197,22216951,-7877,-138,2204
13,2196,22216973,3,-247,5
4,2198,22227158,-7881,-133,2213
13,2197,22227180,-1,-218,6
4,2199,22237129,-7991,-123,2192
13,2198,22237151,-7,-230,2
4,2200,22247199,-7874,-132,2241
13,2199,22247221,-10,-344,6
4,2201,22257305,-7853,-129,2256
13,2200,22257327,-8,-315,8
4,2202,22267486,-7938,-134,2252
13,2201,22267508,-16,-283,9
4,2203,22277404,-7984,-129,2266
13,2202,22277426,-37,-373,15
4,2204,22287424,-7833,-173,2291
13,2203,22287446,-31,-451,14
4,2205,22297561,-7939,-99,2286
13,2204,22297583,-17,-429,10
4,2206,22307666,-7847,-56,2255
13,2205,22307688,-95,-471,27
4,2207,22317697,-7816,-195,2405
13,2206,22317719,-165,-419,48
4,2208,22327782,-7836,-159,2403
13,2207,22327804,-86,-392,32
4,2209,22337842,-7817,-19,2263
13,2208,22337864,-100,-370,28
4,2210,22348063,-7836,-214,2490
13,2209,22348085,-229,-295,57
4,2211,22358030,-7808,-195,2526
13,2210,22358052,-112,-309,28
4,2212,22368097,-7812,-121,2421
13,2211,22368119,-52,-295,13
4,2213,22378192,-7876,-79,2463
13,2212,22378214,-93,-263,24
4,2214,22388295,-7863,-109,2450
13,2213,22388317,-179,-322,48
4,2215,22398350,-7858,-134,2454
13,2214,22398372,-239,-379,65
4,2216,22408331,-7858,-164,2467
13,2215,22408353,-259,-432,78
4,2217,22418502,-7835,-241,2461
13,2216,22418524,-207,-469,66
4,2218,22428652,-7751,-162,2532
13,2217,22428674,-71,-463,22
4,2219,22438686,-7732,-127,2563
13,2218,22438708,-43,-387,17
4,2220,22448720,-7789,-161,2535
13,2219,22448742,-52,-303,21
4,2221,22458792,-7788,-154,2544
13,2220,22458814,-23,-281,12
4,2222,22469012,-7763,-134,2574
13,2221,22469035,-10,-263,9
4,2223,22478946,-7817,-127,2561
13,2222,22478995,-13,-246,9
4,2224,22489088,-7812,-139,2578
13,2223,22489110,-17,-279,8
4,2225,22499153,-7832,-131,2585
13,2224,22499175,-15,-321,6
4,2226,22509348,-7768,-146,2612
13,2225,22509370,-14,-368,5
4,2227,22519304,-7744,-153,2634
13,2226,22519326,-5,-348,8
4,2228,22529360,-7715,-144,2662
13,2227,22529382,-3,-299,7
4,2229,22539497,-7763,-144,2655
13,2228,22539519,-3,-241,5
4,2230,22549498,-7771,-137,2667
13,2229,22549520,-2,-230,4
4,2231,22559595,-7756,-137,2679
13,2230,22559617,-2,-255,2
4,2232,22569751,-7754,-140,2675
13,2231,22569773,-2,-242,0
4,2233,22579787,-7764,-147,2686
13,2232,22579809,-2,-256,-1
4,2234,22589968,-7724,-143,2727
13,2233,22590017,-3,-278,1
4,2235,22599934,-7730,-154,2726
13,2234,22599956,-5,-239,2
4,2236,22610040,-7724,-147,2728
13,2235,22610062,-1,-215,4
4,2237,22620133,-7721,-142,2746
13,2236,22620155,-1,-199,4
4,2238,22630243,-7795,-144,2723
13,2237,22630265,-1,-184,5
4,2239,22640336,-7774,-140,2735
13,2238,22640358,0,-263,5
4,2240,22650347,-7727,-132,2760
13,2239,22650369,-1,-313,5
4,2241,22660497,-7736,-139,2780
13,2240,22660519,-3,-331,7
4,2242,22670594,-7764,-129,2779
13,2241,22670616,-2,-360,7
4,2243,22680638,-7696,-142,2829
13,2242,22680660,-3,-404,4
4,2244,22690670,-7640,-130,2844
13,2243,22690692,-4,-365,4
4,2245,22700682,-7640,-129,2861
13,2244,22700704,-3,-285,4
4,2246,22710920,-7663,-134,2862
13,2245,22710942,-1,-207,6
4,2247,22720894,-7714,-136,2845
13,2246,22720916,-2,-170,4
4,2248,22731037,-7719,-141,2858
13,2247,22731059,-2,-198,4
4,2249,22741053,-7667,-142,2877
13,2248,22741075,-3,-229,3
4,2250,22751301,-7743,-149,2874
13,2249,22751323,-3,-235,5
4,2251,22761325,-7671,-131,2890
13,2250,22761347,-2,-273,3
4,2252,22771301,-7697,-124,2912
13,2251,22771323,-7,-278,8
4,2253,22781394,-7712,-143,2905
13,2252,22781416,-31,-310,15
4,2254,22791532,-7593,-203,2926
13,2253,22791554,-136,-318,44
4,2255,22801578,-7679,-126,2951
13,2254,22801599,-123,-250,40
4,2256,22811646,-7703,-143,2944
13,2255,22811668,-60,-268,23
4,2257,22821739,-7696,-88,2954
13,2256,22821761,-32,-314,15
4,2258,22831843,-7860,-112,2942
13,2257,22831864,-5,-478,7
4,2259,22841883,-7411,-142,3074
13,2258,22841905,0,-612,3
4,2260,22852044,-7528,-141,3055
13,2259,22852066,0,-363,1
4,2261,22862054,-7681,-132,3009
13,2260,22862076,4,-281,0
4,2262,22872135,-7620,-130,3060
13,2261,22872157,4,-344,-2
4,2263,22882218,-7679,-139,3062
13,2262,22882240,0,-348,0
4,2264,22892303,-7582,-133,3080
13,2263,22892325,-5,-376,6
4,2265,22902309,-7588,-139,3100
13,2264,22902331,-4,-350,6
4,2266,22912541,-7558,-131,3118
13,2265,22912563,-3,-325,2
4,2267,22922568,-7618,-126,3109
13,2266,22922590,-1,-283,3
4,2268,22932626,-7576,-140,3127
13,2267,22932648,-2,-305,5
4,2269,22942659,-7583,-128,3153
13,2268,22942681,1,-292,5
4,2270,22952762,-7606,-131,3152
13,2269,22952784,0,-279,1
4,2271,22962761,-7549,-143,3182
13,2270,22962783,-6,-309,2
4,2272,22972893,-7615,-147,3171
13,2271,22972915,-4,-290,2
4,2273,22982995,-7624,-131,3181
13,2272,22983017,0,-362,7
4,2274,22993120,-7476,-140,3239
13,2273,22993142,-3,-387,-3
4,2275,23003214,-7616,-142,3213
13,2274,23003236,-4,-326,1
4,2276,23013202,-7541,-120,3241
13,2275,23013224,-17,-382,8
4,2277,23023282,-7612,-138,3246
13,2276,23023304,-41,-407,19
4,2278,23033464,-7500,-125,3290
13,2277,23033485,-89,-472,30
4,2279,23043450,-7517,-129,3279
13,2278,23043472,-111,-448,37
4,2280,23053530,-7552,-182,3280
13,2279,23053552,-49,-446,21
4,2281,23063593,-7468,-136,3347
13,2280,23063615,10,-471,4
4,2282,23073687,-7457,-137,3367
13,2281,23073709,5,-404,6
4,2283,23083736,-7524,-179,3329
13,2282,23083758,25,-352,-4
4,2284,23093811,-7482,-142,3367
13,2283,23093833,76,-387,-21
4,2285,23103881,-7462,-85,3424
13,2284,23103931,74,-371,-20
4,2286,23114014,-7517,-98,3413
13,2285,23114036,15,-354,0
4,2287,23124066,-7461,-139,3412
13,2286,23124088,-10,-414,10
4,2288,23134096,-7437,-131,3440
13,2287,23134118,-5,-398,5
4,2289,23144219,-7439,-136,3461
13,2288,23144241,-2,-374,3
4,2290,23154357,-7432,-141,3474
13,2289,23154379,-3,-349,2
4,2291,23164286,-7448,-152,3461
13,2290,23164308,0,-330,0
4,2292,23174479,-7420,-182,3462
13,2291,23174501,43,-329,-17
4,2293,23184470,-7416,-156,3497
13,2292,23184492,111,-299,-45
4,2294,23194594,-7484,-95,3529
13,2293,23194616,128,-289,-60
4,2295,23204634,-7425,-69,3568
13,2294,23204656,44,-361,-12
4,2296,23214742,-7325,-148,3572
13,2295,23214764,-11,-359,13
4,2297,23224907,-7429,-127,3562
13,2296,23224929,-2,-272,2
4,2298,23235039,-7565,-62,3558
13,2297,23235061,-42,-349,34
4,2299,23244968,-7196,-160,3625
13,2298,23244990,-101,-460,51
4,2300,23255046,-7369,-126,3603
13,2299,23255068,-73,-261,21
4,2301,23265109,-7612,-65,3578
13,2300,23265131,-86,-290,39
4,2302,23275130,-7295,-205,3649
13,2301,23275152,-137,-529,83
4,2303,23285226,-7164,-172,3667
13,2302,23285248,-34,-351,12
4,2304,23295317,-7442,-132,3634
13,2303,23295339,4,-195,-3
4,2305,23305368,-7560,-89,3639
13,2304,23305390,-21,-310,18
4,2306,23315570,-7303,-125,3706
13,2305,23315592,-89,-557,70
4,2307,23325514,-7111,-151,3718
13,2306,23325536,-71,-412,32
4,2308,23335596,-7501,-104,3700
13,2307,23335618,-44,-235,18
4,2309,23345673,-7674,-189,3724
13,2308,23345695,-185,-586,134
4,2310,23355793,-6864,-120,3777
13,2309,23355815,-188,-794,112
4,2311,23365858,-7262,-109,3778
13,2310,23365880,-60,-316,20
4,2312,23375899,-7677,-132,3745
13,2311,23375921,-77,-363,52
4,2313,23386031,-7093,-172,3830
13,2312,23386053,-98,-702,65
4,2314,23396096,-7179,-102,3816
13,2313,23396118,-32,-488,11
4,2315,23406125,-7565,-287,3994
13,2314,23406147,-80,-543,57
4,2316,23416242,-7017,-220,4080
13,2315,23416264,-71,-906,56
4,2317,23426265,-6995,27,3765
13,2316,23426287,75,-700,-31
4,2318,23436402,-7378,-51,3695
13,2317,23436424,53,-369,-26
4,2319,23446373,-7349,-238,4050
13,2318,23446395,-28,-507,40
4,2320,23456520,-6933,-85,3955
13,2319,23456542,26,-660,-4
4,2321,23466601,-7198,-67,3920
13,2320,23466623,44,-373,-23
4,2322,23476797,-7282,-167,4011
13,2321,23476819,-3,-365,6
4,2323,23486765,-7246,-148,4035
13,2322,23486787,3,-544,22
4,2324,23496802,-6865,-199,4144
13,2323,23496824,37,-565,-11
4,2325,23506921,-7125,-275,4205
13,2324,23506943,136,-348,-75
4,2326,23516998,-7143,0,4028
13,2325,23517020,191,-386,-97
4,2327,23527042,-7078,-59,4000
13,2326,23527064,52,-346,-9
4,2328,23537117,-7257,-116,4033
13,2327,23537139,-3,-276,18
4,2329,23547162,-7311,-334,4318
13,2328,23547184,-30,-512,40
4,2330,23557346,-6732,22,4207
13,2329,23557368,-18,-786,17
4,2331,23567377,-7088,27,3871
13,2330,23567399,26,-390,-13
4,2332,23577420,-7154,-133,4170
13,2331,23577442,-10,-212,9
4,2333,23587478,-7161,-120,4170
13,2332,23587500,-21,-316,25
4,2334,23597599,-6888,-130,4228
13,2333,23597648,-24,-404,29
4,2335,23607636,-7026,-112,4205
13,2334,23607658,8,-221,-4
4,2336,23617727,-7124,-117,4204
13,2335,23617749,2,-211,0
4,2337,23627787,-7076,-123,4212
13,2336,23627809,-2,-266,7
4,2338,23637930,-7230,-212,4329
13,2337,23637952,-33,-405,36
4,2339,23647924,-6744,-32,4208
13,2338,23647946,-52,-545,32
4,2340,23657962,-6970,-87,4232
13,2339,23657984,-3,-209,-2
4,2341,23668075,-7089,-125,4285
13,2340,23668097,1,-145,-1
4,2342,23678204,-7080,-118,4259
13,2341,23678225,-2,-215,4
4,2343,23688207,-7150,-122,4277
13,2342,23688229,-16,-377,28
4,2344,23698273,-6756,-119,4331
13,2343,23698295,-12,-430,7
4,2345,23708289,-7033,-95,4310
13,2344,23708311,-3,-239,-5
4,2346,23718499,-7240,-112,4281
13,2345,23718548,-28,-370,26
4,2347,23728477,-6627,-148,4409
13,2346,23728526,-16,-524,20
4,2348,23738609,-6891,-111,4365
13,2347,23738631,18,-200,-15
4,2349,23748602,-7044,-130,4359
13,2348,23748624,24,-150,-14
4,2350,23758789,-6917,-133,4397
13,2349,23758811,55,-222,-28
4,2351,23768820,-6926,-137,4431
13,2350,23768842,87,-209,-46
4,2352,23778839,-6957,-142,4441
13,2351,23778861,120,-222,-64
4,2353,23788917,-6972,-77,4422
13,2352,23788939,158,-320,-88
4,2354,23799044,-6924,-51,4285
13,2353,23799066,106,-357,-64
4,2355,23809090,-7205,-89,4355
13,2354,23809112,-16,-342,25
4,2356,23819155,-6648,-199,4712
13,2355,23819177,-31,-577,36
4,2357,23829222,-6845,-46,4315
13,2356,23829244,104,-483,-74
4,2358,23839265,-7125,-88,4275
13,2357,23839286,-9,-309,10
4,2359,23849449,-6697,-156,4559
13,2358,23849471,-74,-431,71
4,2360,23859461,-6758,-116,4508
13,2359,23859483,0,-235,-6
4,2361,23869496,-6956,-132,4492
13,2360,23869518,14,-155,-13
4,2362,23879726,-6882,-104,4516
13,2361,23879748,34,-242,-23
4,2363,23889679,-6826,-115,4524
13,2362,23889701,17,-269,-8
4,2364,23899732,-7011,-119,4499
13,2363,23899754,14,-290,7
4,2365,23909793,-6683,-158,4594
13,2364,23909815,33,-406,-10
4,2366,23919934,-6781,-91,4554
13,2365,23919956,73,-251,-58
4,2367,23929966,-6832,-108,4551
13,2366,23929988,47,-186,-33
4,2368,23940017,-6848,-100,4562
13,2367,23940039,60,-183,-36
4,2369,23950057,-6829,-135,4568
13,2368,23950079,49,-225,-28
4,2370,23960291,-6810,-123,4574
13,2369,23960313,72,-223,-39
4,2371,23970256,-6840,-117,4586
13,2370,23970278,96,-218,-70
4,2372,23980268,-6875,-88,4600
13,2371,23980290,103,-262,-83
4,2373,23990431,-6777,-132,4617
13,2372,23990453,90,-329,-83
4,2374,24000527,-6777,-82,4652
13,2373,24000549,102,-299,-97
4,2375,24010534,-6828,-166,4610
13,2374,24010556,56,-291,-56
4,2376,24020663,-6765,-52,4691
13,2375,24020685,58,-419,51
4,2377,24030755,-6562,-105,4699
13,2376,24030777,32,-292,-33
4,2378,24040822,-6794,-116,4641
13,2377,24040843,23,-127,-52
4,2379,24050846,-6767,-109,4679
13,2378,24050868,13,-160,-41
4,2380,24060909,-6750,-130,4680
13,2379,24060931,7,-177,-44
4,2381,24071042,-6725,-167,4671
13,2380,24071064,31,-179,-50
4,2382,24081099,-6716,-121,4698
13,2381,24081121,74,-153,-47
4,2383,24091094,-6766,-95,4691
13,2382,24091116,71,-130,-27
4,2384,24101299,-6707,-137,4683
13,2383,24101321,46,-162,-10
4,2385,24111322,-6727,-124,4715
13,2384,24111344,66,-142,-11
4,2386,24121487,-6746,-110,4715
13,2385,24121509,63,-147,-14
4,2387,24131467,-6715,-104,4741
13,2386,24131489,54,-165,-13
4,2388,24141510,-6704,-105,4745
13,2387,24141532,41,-157,-17
4,2389,24151650,-6727,-100,4736
13,2388,24151672,20,-149,-12
4,2390,24161669,-6745,-101,4735
13,2389,24161691,-1,-177,-7
4,2391,24171660,-6650,-127,4746
13,2390,24171682,-1,-183,-2
4,2392,24181804,-6704,-104,4749
13,2391,24181826,17,-142,-7
4,2393,24191923,-6688,-105,4747
13,2392,24191945,18,-134,-6
4,2394,24202057,-6705,-111,4757
13,2393,24202078,27,-123,-13
4,2395,24212053,-6713,-112,4759
13,2394,24212075,27,-141,-22
4,2396,24222084,-6704,-109,4760
13,2395,24222106,24,-154,-21
4,2397,24232104,-6739,-95,4755
13,2396,24232153,18,-186,-24
4,2398,24242282,-6704,-130,4761
13,2397,24242304,0,-251,-4
4,2399,24252273,-6819,-68,4798
13,2398,24252295,-19,-368,77
4,2400,24262389,-6427,-138,4837
13,2399,24262411,-41,-400,55
4,2401,24272443,-6641,-121,4806
13,2400,24272465,-4,-180,-12
4,2402,24282654,-6729,-99,4833
13,2401,24282676,-7,-192,5
4,2403,24292569,-6721,-106,4825
13,2402,24292591,-26,-269,32
4,2404,24302709,-6548,-127,4871
13,2403,24302731,-53,-382,71
4,2405,24312667,-6567,-122,4863
13,2404,24312689,-6,-249,-8
4,2406,24322901,-6643,-110,4863
13,2405,24322923,6,-185,-12
4,2407,24332888,-6765,-121,4833
13,2406,24332910,-3,-232,-7
4,2408,24342920,-6589,-102,4896
13,2407,24342942,-26,-423,58
4,2409,24353023,-6414,-133,4917
13,2408,24353072,-7,-338,11
4,2410,24363221,-6614,-123,4909
13,2409,24363243,17,-177,-16
4,2411,24373192,-6600,-112,4924
13,2410,24373214,22,-198,-7
4,2412,24383305,-6613,-87,4913
13,2411,24383327,29,-227,-18
4,2413,24393324,-6600,-112,4911
13,2412,24393346,13,-277,-11
4,2414,24403399,-6577,-121,4940
13,2413,24403420,11,-306,-12
4,2415,24413467,-6670,-109,4924
13,2414,24413489,5,-321,1
4,2416,24423520,-6436,-102,4991
13,2415,24423542,-3,-418,27
4,2417,24433673,-6472,-133,4979
13,2416,24433695,19,-281,-35
4,2418,24443785,-6550,-131,4978
13,2417,24443807,55,-209,-67
4,2419,24453806,-6546,-92,4993
13,2418,24453828,82,-221,-83
4,2420,24463783,-6499,-118,5009
13,2419,24463805,66,-255,-60
4,2421,24473889,-6570,-98,5011
13,2420,24473911,57,-249,-38
4,2422,24484041,-6704,-64,5017
13,2421,24484063,-5,-417,56
4,2423,24494031,-6266,-144,5058
13,2422,24494053,-36,-505,47
4,2424,24504139,-6563,-96,5020
13,2423,24504161,21,-318,-39
4,2425,24514135,-6626,-115,5046
13,2424,24514157,3,-416,4
4,2426,24524326,-6294,-150,5158
13,2425,24524348,-20,-565,49
4,2427,24534258,-6357,-133,5112
13,2426,24534280,73,-386,-67
4,2428,24544342,-6478,-103,5088
13,2427,24544364,103,-316,-87
4,2429,24554390,-6424,-105,5133
13,2428,24554412,91,-383,-65
4,2430,24564510,-6491,-117,5160
13,2429,24564532,102,-398,-70
4,2431,24574559,-6332,-158,5441
13,2430,24574581,99,-621,-9
4,2432,24584635,-6259,-54,4932
13,2431,24584657,149,-675,-109
4,2433,24594752,-6420,-87,5079
13,2432,24594802,73,-313,-96
4,2434,24604884,-6313,-123,5252
13,2433,24604906,32,-250,-31
4,2435,24614876,-6335,-106,5200
13,2434,24614898,43,-206,-29
4,2436,24624959,-6421,-93,5183
13,2435,24624981,49,-204,-35
4,2437,24635007,-6385,-131,5212
13,2436,24635029,34,-294,-25
4,2438,24645111,-6438,-97,5207
13,2437,24645133,49,-343,-22
4,2439,24655113,-6320,-84,5267
13,2438,24655135,26,-485,19
4,2440,24665203,-6192,-115,5278
13,2439,24665225,34,-421,-27
4,2441,24675285,-6319,-84,5270
13,2440,24675307,49,-314,-33
4,2442,24685415,-6329,-90,5276
13,2441,24685437,29,-310,-10
4,2443,24695424,-6253,-105,5304
13,2442,24695446,8,-354,-3
4,2444,24705529,-6254,-98,5320
13,2443,24705551,8,-336,-3
4,2445,24715545,-6322,-111,5302
13,2444,24715567,14,-322,-8
4,2446,24725592,-6364,-96,5313
13,2445,24725614,8,-447,8
4,2447,24735714,-6064,-109,5386
13,2446,24735736,0,-499,-2
4,2448,24745784,-6264,-120,5351
13,2447,24745806,11,-344,-28
4,2449,24755897,-6264,-100,5370
13,2448,24755919,24,-388,-38
4,2450,24765976,-6161,-104,5390
13,2449,24765998,49,-410,-43
4,2451,24775955,-6341,-97,5365
13,2450,24775977,30,-422,0
4,2452,24786021,-6061,-104,5442
13,2451,24786043,3,-544,19
4,2453,24796132,-6153,-105,5432
13,2452,24796154,16,-421,-27
4,2454,24806210,-6340,-107,5422
13,2453,24806232,11,-471,-6
4,2455,24816270,-6061,-99,5487
13,2454,24816292,0,-659,23
4,2456,24826303,-5974,-101,5510
13,2455,24826325,4,-555,-22
4,2457,24836460,-6157,-117,5495
13,2456,24836482,-2,-436,-2
4,2458,24846564,-6058,-98,5529
13,2457,24846586,-1,-493,20
4,2459,24856473,-6001,-110,5534
13,2458,24856522,5,-431,-2
4,2460,24866631,-6109,-115,5537
13,2459,24866653,7,-389,-9
4,2461,24876684,-6137,-98,5557
13,2460,24876706,5,-485,10
4,2462,24886811,-5898,-113,5610
13,2461,24886833,6,-543,8
4,2463,24896821,-6009,-122,5599
13,2462,24896843,41,-442,-38
4,2464,24906896,-6135,-100,5666
13,2463,24906918,50,-505,-21
4,2465,24916943,-5710,-226,5953
13,2464,24916965,90,-698,-40
4,2466,24927139,-6119,33,5278
13,2465,24927161,156,-699,-176
4,2467,24937075,-6069,-78,5599
13,2466,24937097,24,-510,-22
4,2468,24947148,-5803,-157,5769
13,2467,24947170,33,-503,-14
4,2469,24957239,-5946,-91,5685
13,2468,24957261,80,-440,-69
4,2470,24967329,-5974,-114,5706
13,2469,24967351,73,-476,-57
4,2471,24977326,-5844,-188,5803
13,2470,24977348,80,-591,-55
4,2472,24987458,-5810,-49,5732
13,2471,24987480,150,-547,-122
4,2473,24997568,-5900,-35,5734
13,2472,24997590,107,-447,-100
4,2474,25007741,-5824,-97,5774
13,2473,25007763,41,-445,-33
4,2475,25017683,-5781,-95,5793
13,2474,25017705,24,-414,-11
4,2476,25027743,-5761,-106,5823
13,2475,25027765,37,-344,-34
4,2477,25037835,-5821,-94,5825
13,2476,25037857,63,-299,-65
4,2478,25047924,-5837,-72,5819
13,2477,25047946,68,-307,-74
4,2479,25057951,-5771,-85,5885
13,2478,25057973,35,-364,-52
4,2480,25068026,-5800,-92,5935
13,2479,25068048,37,-439,-67
4,2481,25078126,-5846,-123,5979
13,2480,25078148,15,-677,-13
4,2482,25088246,-5607,-99,5675
13,2481,25088268,17,-846,18
4,2483,25098249,-5658,-78,5837
13,2482,25098271,29,-362,-29
4,2484,25108403,-5709,-101,5953
13,2483,25108425,6,-207,-7
4,2485,25118389,-5729,-101,5907
13,2484,25118411,-2,-239,4
4,2486,25128537,-5696,-106,5934
13,2485,25128559,-1,-266,8
4,2487,25138635,-5693,-94,5932
13,2486,25138657,14,-271,-1
4,2488,25148636,-5732,-96,5934
13,2487,25148658,4,-309,2
4,2489,25158710,-5703,-122,5961
13,2488,25158732,11,-380,4
4,2490,25168899,-5615,-147,6079
13,2489,25168921,13,-468,12
4,2491,25178854,-5545,-97,5980
13,2490,25178876,55,-536,-49
4,2492,25188919,-5707,-35,5871
13,2491,25188941,49,-429,-69
4,2493,25198990,-5592,-93,6018
13,2492,25199012,1,-387,-10
4,2494,25209187,-5565,-115,6044
13,2493,25209209,7,-380,-6
4,2495,25219132,-5559,-123,6115
13,2494,25219154,15,-402,-22
4,2496,25229312,-5590,-127,6148
13,2495,25229334,21,-549,-24
4,2497,25239331,-5520,-100,6005
13,2496,25239353,25,-734,-15
4,2498,25249521,-5453,-39,5959
13,2497,25249543,50,-516,-58
4,2499,25259455,-5540,-68,6082
13,2498,25259477,30,-256,-37
4,2500,25269472,-5537,-90,6116
13,2499,25269494,18,-251,-19
4,2501,25279644,-5569,-72,6120
13,2500,25279666,23,-331,-23
4,2502,25289701,-5494,-106,6148
13,2501,25289723,13,-420,-10
4,2503,25299715,-5421,-123,6185
13,2502,25299737,15,-433,-5
4,2504,25309749,-5441,-132,6227
13,2503,25309771,32,-448,-33
4,2505,25319902,-5474,-96,6169
13,2504,25319924,32,-534,-58
4,2506,25330114,-5512,-31,6082
13,2505,25330163,6,-535,6
4,2507,25339956,-5309,-121,6253
13,2506,25339978,10,-483,17
4,2508,25350080,-5334,-113,6260
13,2507,25350102,56,-395,-48
4,2509,25360204,-5425,-87,6230
13,2508,25360226,51,-395,-61
4,2510,25370307,-5387,-34,6183
13,2509,25370329,20,-436,-27
4,2511,25380369,-5369,-51,6229
13,2510,25380391,18,-353,-18
4,2512,25390418,-5370,-97,6256
13,2511,25390439,16,-315,-14
4,2513,25400425,-5393,-81,6258
13,2512,25400447,14,-354,-16
4,2514,25410616,-5410,-67,6259
13,2513,25410638,4,-449,1
4,2515,25420657,-5173,-92,6337
13,2514,25420679,-18,-518,27
4,2516,25430689,-5220,-78,6324
13,2515,25430711,14,-354,-16
4,2517,25440676,-5321,-66,6298
13,2516,25440698,18,-298,-18
4,2518,25450873,-5258,-102,6333
13,2517,25450895,10,-355,-15
4,2519,25460879,-5233,-93,6348
13,2518,25460901,31,-354,-35
4,2520,25470928,-5303,-81,6331
13,2519,25470950,29,-351,-38
4,2521,25481071,-5244,-80,6350
13,2520,25481093,23,-398,-24
4,2522,25491304,-5217,-69,6374
13,2521,25491326,16,-417,-16
4,2523,25501263,-5173,-85,6399
13,2522,25501285,10,-404,-14
4,2524,25511280,-5148,-86,6397
13,2523,25511302,14,-360,-16
4,2525,25521332,-5154,-97,6405
13,2524,25521354,17,-309,-13
4,2526,25531393,-5179,-87,6414
13,2525,25531415,17,-288,-12
4,2527,25541490,-5177,-87,6412
13,2526,25541512,13,-316,-15
4,2528,25551542,-5125,-112,6444
13,2527,25551564,28,-350,-24
4,2529,25561597,-5152,-66,6428
13,2528,25561619,45,-364,-46
4,2530,25571836,-5130,-117,6532
13,2529,25571858,20,-416,-28
4,2531,25581724,-5124,-198,6748
13,2530,25581746,23,-823,-30
4,2532,25591841,-4850,-35,6346
13,2531,25591863,18,-1168,-15
4,2533,25601998,-5176,17,6269
13,2532,25602020,30,-565,0
4,2534,25612060,-5017,-100,6607
13,2533,25612082,8,-283,-16
4,2535,25622100,-4918,-183,6701
13,2534,25622122,-2,-426,-5
4,2536,25632159,-5114,-99,6570
13,2535,25632181,-1,-702,-22
4,2537,25642210,-4954,-12,6529
13,2536,25642232,-6,-883,5
4,2538,25652366,-4854,-123,6610
13,2537,25652388,16,-809,-2
4,2539,25662363,-5095,45,6370
13,2538,25662384,38,-680,-10
4,2540,25672408,-4859,-78,6646
13,2539,25672430,-5,-469,15
4,2541,25682492,-4819,-155,6738
13,2540,25682514,-21,-490,28
4,2542,25692584,-4746,-225,6897
13,2541,25692606,-17,-630,10
4,2543,25702575,-4935,-36,6619
13,2542,25702597,-17,-1023,-6
4,2544,25712701,-4660,-55,6623
13,2543,25712723,-26,-968,73
4,2545,25722761,-4751,-85,6669
13,2544,25722783,-18,-654,39
4,2546,25732928,-4766,-121,6766
13,2545,25732950,-22,-593,25
4,2547,25742995,-4665,-114,6766
13,2546,25743017,-41,-718,13
4,2548,25753044,-4648,-53,6766
13,2547,25753066,-6,-650,21
4,2549,25763112,-4717,-22,6722
13,2548,25763134,-6,-563,25
4,2550,25773207,-4459,-187,6956
13,2549,25773229,-20,-512,26
4,2551,25783295,-4627,-44,6826
13,2550,25783317,0,-652,-9
4,2552,25793341,-4652,-11,6816
13,2551,25793363,-18,-733,14
4,2553,25803449,-4523,-62,6809
13,2552,25803471,-21,-711,36
4,2554,25813524,-4499,-38,6877
13,2553,25813546,9,-524,-3
4,2555,25823521,-4598,-5,6841
13,2554,25823543,2,-505,-28
4,2556,25833591,-4510,-52,6969
13,2555,25833613,0,-589,-15
4,2557,25843632,-4542,-87,6863
13,2556,25843654,19,-758,1
4,2558,25853819,-4523,-98,6824
13,2557,25853841,29,-748,-40
4,2559,25863882,-4416,-65,6946
13,2558,25863904,68,-566,-86
4,2560,25873956,-4395,-95,6990
13,2559,25873978,56,-588,-79
4,2561,25884018,-4598,-94,6805
13,2560,25884040,34,-644,-69
4,2562,25894195,-4322,-82,6978
13,2561,25894217,31,-531,-64
4,2563,25904155,-4280,-70,7024
13,2562,25904177,33,-422,-52
4,2564,25914225,-4313,-55,7039
13,2563,25914247,23,-405,-33
4,2565,25924303,-4332,-34,7027
13,2564,25924325,11,-471,-35
4,2566,25934416,-4262,-132,7046
13,2565,25934438,-9,-576,-13
4,2567,25944472,-4270,-89,7018
13,2566,25944494,23,-551,-3
4,2568,25954519,-4293,-105,6996
13,2567,25954541,23,-483,-16
4,2569,25964601,-4260,-91,7046
13,2568,25964623,19,-404,-48
4,2570,25974828,-4224,-57,7083
13,2569,25974850,18,-407,-38
4,2571,25984873,-4182,-57,7157
13,2570,25984895,7,-513,-23
4,2572,25994886,-4088,-190,7180
13,2571,25994908,27,-739,-12
4,2573,26004939,-4319,-76,6956
13,2572,26004961,54,-824,-73
4,2574,26015022,-4198,-65,7051
13,2573,26015044,32,-603,-68
4,2575,26025063,-4041,-79,7173
13,2574,26025085,18,-424,-33
4,2576,26035167,-4080,-88,7159
13,2575,26035188,3,-368,0
4,2577,26045219,-4123,-58,7138
13,2576,26045241,-5,-371,12
4,2578,26055411,-4068,-73,7167
13,2577,26055433,-15,-434,23
4,2579,26065321,-4049,-79,7171
13,2578,26065343,-6,-449,9
4,2580,26075431,-4021,-65,7203
13,2579,26075453,6,-481,-10
4,2581,26085506,-3858,-70,7368
13,2580,26085528,-6,-593,3
4,2582,26095631,-3970,-160,7210
13,2581,26095653,-18,-924,40
4,2583,26105709,-4204,17,6978
13,2582,26105731,-15,-904,21
4,2584,26115689,-3745,-107,7313
13,2583,26115711,-30,-565,64
4,2585,26125858,-3755,-114,7323
13,2584,26125880,-13,-456,59
4,2586,26136022,-3840,-88,7282
13,2585,26136044,-7,-452,22
4,2587,26145972,-4017,-35,7157
13,2586,26145994,0,-453,-4
4,2588,26156042,-3904,-45,7262
13,2587,26156064,-6,-387,0
4,2589,26166117,-3716,-25,7387
13,2588,26166139,-29,-471,40
4,2590,26176245,-3811,-72,7301
13,2589,26176267,-40,-661,85
4,2591,26186269,-3839,-142,7248
13,2590,26186291,-25,-657,50
4,2592,26196346,-3711,-97,7323
13,2591,26196368,0,-464,12
4,2593,26206403,-3699,-76,7348
13,2592,26206425,-3,-310,9
4,2594,26216628,-3739,-83,7341
13,2593,26216650,-5,-240,8
4,2595,26226605,-3741,-76,7325
13,2594,26226627,-5,-251,10
4,2596,26236672,-3719,-84,7337
13,2595,26236694,-3,-293,6
4,2597,26246796,-3700,-67,7344
13,2596,26246818,4,-325,-10
4,2598,26256842,-3684,-56,7390
13,2597,26256864,-8,-367,16
4,2599,26266870,-3590,-77,7425
13,2598,26266892,-11,-444,36
4,2600,26276869,-3644,-65,7359
13,2599,26276891,-8,-491,13
4,2601,26287039,-3549,-41,7450
13,2600,26287061,-20,-463,-5
4,2602,26297167,-3520,-113,7436
13,2601,26297189,-17,-525,20
4,2603,26307140,-3795,-115,7255
13,2602,26307162,-2,-559,0
4,2604,26317195,-3583,-61,7412
13,2603,26317217,8,-367,-21
4,2605,26327304,-3500,-68,7470
13,2604,26327326,10,-289,-20
4,2606,26337412,-3510,-51,7475
13,2605,26337434,11,-312,-15
4,2607,26347444,-3472,-103,7470
13,2606,26347466,0,-398,4
4,2608,26357568,-3517,-143,7428
13,2607,26357590,-4,-426,-2
4,2609,26367571,-3579,-123,7402
13,2608,26367593,-3,-367,-3
4,2610,26377808,-3556,-73,7408
13,2609,26377830,7,-242,5
4,2611,26387805,-3448,-102,7483
13,2610,26387827,-1,-162,6
4,2612,26397817,-3460,-108,7492
13,2611,26397839,-4,-207,8
4,2613,26407852,-3372,-99,7523
13,2612,26407874,-3,-306,3
4,2614,26418047,-3408,-90,7506
13,2613,26418069,-16,-446,-23
4,2615,26428059,-3720,2,7306
13,2614,26428081,1,-450,0
4,2616,26438042,-3401,-86,7499
13,2615,26438064,-2,-232,13
4,2617,26448196,-3379,-90,7517
13,2616,26448218,-7,-179,8
4,2618,26458343,-3440,-88,7491
13,2617,26458365,-1,-197,6
4,2619,26468303,-3429,-82,7488
13,2618,26468325,2,-231,-5
4,2620,26478384,-3408,-82,7509
13,2619,26478433,10,-286,-25
4,2621,26488467,-3336,-73,7533
13,2620,26488489,17,-317,-31
4,2622,26498612,-3124,-133,7654
13,2621,26498634,17,-313,-41
4,2623,26508633,-3221,-116,7573
13,2622,26508655,38,-470,-79
4,2624,26518635,-3476,-38,7432
13,2623,26518657,34,-544,-97
4,2625,26528729,-3415,-52,7471
13,2624,26528751,13,-378,-63
4,2626,26538921,-3276,-81,7554
13,2625,26538943,8,-214,-29
4,2627,26548827,-3208,-89,7604
13,2626,26548849,4,-227,-23
4,2628,26558944,-3149,-106,7585
13,2627,26558966,17,-413,-37
4,2629,26569040,-3560,-44,7392
13,2628,26569062,26,-422,-64
4,2630,26579071,-3171,-102,7595
13,2629,26579093,15,-198,-63
4,2631,26589177,-3225,-76,7565
13,2630,26589199,29,-173,-79
4,2632,26599302,-3252,-32,7562
13,2631,26599324,35,-248,-80
4,2633,26609303,-3185,-90,7564
13,2632,26609325,31,-346,-70
4,2634,26619459,-3237,-152,7556
13,2633,26619481,22,-337,-78
4,2635,26629453,-3191,-90,7584
13,2634,26629475,28,-257,-98
4,2636,26639539,-3185,-69,7578
13,2635,26639561,36,-237,-111
4,2637,26649536,-3205,-78,7583
13,2636,26649558,42,-259,-125
4,2638,26659600,-3202,-85,7594
13,2637,26659622,50,-288,-133
4,2639,26669751,-3163,-85,7582
13,2638,26669772,68,-337,-152
4,2640,26679768,-3113,-88,7622
13,2639,26679790,85,-387,-183
4,2641,26689819,-3067,-27,7649
13,2640,26689841,82,-388,-189
4,2642,26700002,-3051,-7,7656
13,2641,26700024,55,-386,-160
4,2643,26709999,-3093,-96,7603
13,2642,26710021,35,-444,-155
4,2644,26720083,-3183,-139,7590
13,2643,26720105,22,-469,-157
4,2645,26730157,-3061,-43,7642
13,2644,26730179,52,-443,-168
4,2646,26740186,-2968,-21,7661
13,2645,26740208,87,-429,-202
4,2647,26750289,-2991,-76,7664
13,2646,26750311,91,-401,-184
4,2648,26760374,-2989,-110,7658
13,2647,26760396,59,-343,-139
4,2649,26770400,-3011,-70,7654
13,2648,26770422,37,-297,-94
4,2650,26780606,-3008,-134,7661
13,2649,26780628,40,-339,-86
4,2651,26790525,-2950,-66,7702
13,2650,26790547,48,-366,-108
4,2652,26800551,-2925,-60,7693
13,2651,26800573,41,-368,-89
4,2653,26810675,-2916,-86,7685
13,2652,26810697,27,-368,-66
4,2654,26820712,-2897,-118,7690
13,2653,26820734,28,-365,-65
4,2655,26830803,-2901,-137,7696
13,2654,26830825,26,-368,-75
4,2656,26840868,-2889,-148,7692
13,2655,26840890,32,-381,-85
4,2657,26851042,-2871,-118,7700
13,2656,26851064,11,-366,-56
4,2658,26861146,-2839,-77,7719
13,2657,26861168,-8,-380,0
4,2659,26871166,-2814,-99,7730
13,2658,26871188,-25,-382,52
4,2660,26881117,-2824,-131,7730
13,2659,26881139,-16,-342,44
4,2661,26891265,-2797,-100,7737
13,2660,26891287,-1,-293,11
4,2662,26901316,-2782,-101,7748
13,2661,26901338,0,-251,-3
4,2663,26911295,-2796,-88,7741
13,2662,26911317,2,-240,-4
4,2664,26921447,-2788,-80,7736
13,2663,26921469,0,-254,-6
4,2665,26931503,-2757,-72,7744
13,2664,26931525,0,-278,4
4,2666,26941696,-2760,-77,7747
13,2665,26941718,-5,-289,9
4,2667,26951691,-2739,-68,7766
13,2666,26951713,5,-329,-17
4,2668,26961715,-2672,-86,7757
13,2667,26961737,0,-363,21
4,2669,26971782,-2629,-88,7773
13,2668,26971804,-25,-382,101
4,2670,26981899,-2732,-119,7745
13,2669,26981921,-22,-394,91
4,2671,26991953,-2679,-98,7774
13,2670,26991975,-13,-279,49
4,2672,27002085,-2583,-101,7826
13,2671,27002107,-17,-232,57
4,2673,27012100,-2434,-147,7873
13,2672,27012122,-2,-344,9
4,2674,27022288,-2644,-98,7771
13,2673,27022310,42,-588,-103
4,2675,27032148,-2920,34,7688
13,2674,27032169,15,-479,-34
4,2676,27042315,-2532,-89,7835
13,2675,27042337,-10,-224,24
4,2677,27052372,-2340,-92,7888
13,2676,27052394,-14,-286,39
4,2678,27062467,-2825,-81,7716
13,2677,27062489,-13,-512,44
4,2679,27072489,-2713,-79,7781
13,2678,27072511,-6,-402,-1
4,2680,27082542,-2457,-96,7852
13,2679,27082564,4,-257,-14
4,2681,27092671,-2534,-82,7814
13,2680,27092693,-4,-233,0
4,2682,27102799,-2580,-79,7824
13,2681,27102821,0,-260,0
4,2683,27112828,-2560,-83,7827
13,2682,27112850,0,-313,9
4,2684,27122831,-2464,-95,7864
13,2683,27122853,2,-404,3
4,2685,27132965,-2086,-191,7986
13,2684,27132987,-4,-517,16
4,2686,27143051,-2501,-70,7806
13,2685,27143073,3,-719,-7
4,2687,27153107,-2706,19,7781
13,2686,27153129,17,-574,-43
4,2688,27163198,-2212,-122,7933
13,2687,27163220,9,-338,-33
4,2689,27173246,-2291,-79,7887
13,2688,27173268,7,-387,-48
4,2690,27183379,-2642,-61,7807
13,2689,27183401,14,-418,-68
4,2691,27193344,-2323,-98,7886
13,2690,27193366,14,-246,-41
4,2692,27203460,-2323,-82,7880
13,2691,27203482,14,-208,-55
4,2693,27213502,-2267,-75,7921
13,2692,27213524,15,-299,-54
4,2694,27223644,-2281,-81,7906
13,2693,27223666,8,-450,-76
4,2695,27233666,-2209,-80,7907
13,2694,27233688,20,-533,-68
4,2696,27243758,-2503,-112,7810
13,2695,27243780,35,-618,-78
4,2697,27253833,-2267,-87,7917
13,2696,27253855,8,-424,-65
4,2698,27263951,-1861,-86,8013
13,2697,27263973,22,-487,-69
4,2699,27274007,-2493,-84,7818
13,2698,27274029,10,-639,-80
4,2700,27284018,-2010,-101,7999
13,2699,27284040,11,-420,-48
4,2701,27294021,-2211,-154,7923
13,2700,27294043,35,-600,-103
4,2702,27304194,-2251,-103,7911
13,2701,27304216,14,-652,-61
4,2703,27314248,-2036,-131,7964
13,2702,27314270,0,-625,-27
4,2704,27324358,-1935,-114,7984
13,2703,27324380,9,-568,6
4,2705,27334378,-2265,26,7926
13,2704,27334400,6,-403,10
4,2706,27344606,-2000,-96,7965
13,2705,27344628,-11,-192,16
4,2707,27354552,-2163,-41,7933
13,2706,27354574,-15,-214,-27
4,2708,27364721,-2110,-77,7964
13,2707,27364743,-11,-251,-19
4,2709,27374711,-1839,-53,8025
13,2708,27374733,0,-349,-47
4,2710,27384825,-1938,-39,7995
13,2709,27384847,24,-594,-70
4,2711,27394832,-2128,-107,7939
13,2710,27394854,44,-692,-88
4,2712,27404950,-1933,-98,7997
13,2711,27404972,-4,-484,-101
4,2713,27415023,-1954,-132,7990
13,2712,27415045,-16,-343,-78
4,2714,27425082,-1872,-68,7998
13,2713,27425104,24,-280,-39
4,2715,27435144,-1738,-64,8036
13,2714,27435166,19,-370,6
4,2716,27445201,-1995,-150,7969
13,2715,27445222,-32,-531,54
4,2717,27455278,-1924,-85,7980
13,2716,27455300,-16,-470,0
4,2718,27465385,-1934,-83,7989
13,2717,27465407,1,-316,-78
4,2719,27475459,-1916,-115,7991
13,2718,27475481,8,-281,-87
4,2720,27485524,-1852,-111,8005
13,2719,27485546,-2,-280,-12
4,2721,27495599,-1836,-88,8009
13,2720,27495621,-21,-329,69
4,2722,27505758,-1798,-102,8009
13,2721,27505780,-28,-367,75
4,2723,27515735,-1766,-70,8031
13,2722,27515757,-28,-377,76
4,2724,27525797,-1713,-31,8040
13,2723,27525819,-41,-435,130
4,2725,27535877,-1616,-36,8037
13,2724,27535899,-17,-519,148
4,2726,27545925,-1581,-184,8031
13,2725,27545947,13,-705,144
4,2727,27556034,-1992,-157,8005
13,2726,27556056,-17,-719,90
4,2728,27566090,-1650,-62,8059
13,2727,27566112,-17,-416,42
4,2729,27576240,-1590,-68,8052
13,2728,27576262,-30,-385,109
4,2730,27586339,-1487,-39,8069
13,2729,27586361,-45,-494,179
4,2731,27596326,-1535,-154,8045
13,2730,27596375,-44,-746,206
4,2732,27606460,-1691,-61,8067
13,2731,27606482,-2,-722,18
4,2733,27616467,-1510,-120,8082
13,2732,27616489,17,-504,-134
4,2734,27626605,-1493,-104,8061
13,2733,27626627,26,-480,-30
4,2735,27636644,-1430,-188,8053
13,2734,27636666,-12,-640,89
4,2736,27646740,-1668,-49,8050
13,2735,27646762,-38,-925,165
4,2737,27656760,-1517,-54,8086
13,2736,27656782,-6,-682,40
4,2738,27666943,-1259,-119,8120
13,2737,27666965,-7,-445,33
4,2739,27676974,-1281,-123,8112
13,2738,27676996,0,-451,30
4,2740,27686943,-1177,-223,8116
13,2739,27686965,-30,-566,111
4,2741,27697065,-1510,-66,8083
13,2740,27697087,-71,-853,266
4,2742,27707214,-1452,-29,8099
13,2741,27707236,-42,-785,224
4,2743,27717228,-1153,-115,8125
13,2742,27717250,-20,-587,171
4,2744,27727316,-1319,-15,8126
13,2743,27727338,-8,-495,118
4,2745,27737420,-1253,-86,8107
13,2744,27737442,-6,-407,60
4,2746,27747551,-1234,-96,8111
13,2745,27747573,-17,-428,95
4,2747,27757503,-1228,-94,8122
13,2746,27757525,-31,-490,128
4,2748,27767578,-1141,-101,8136
13,2747,27767600,-18,-525,101
4,2749,27777692,-1110,-101,8152
13,2748,27777714,-13,-486,91
4,2750,27787753,-1096,-100,8159
13,2749,27787775,-13,-435,92
4,2751,27797814,-1071,-106,8150
13,2750,27797836,4,-394,28
4,2752,27807828,-1082,-100,8142
13,2751,27807850,6,-357,13
4,2753,27817982,-1112,-89,8130
13,2752,27818004,-9,-368,25
4,2754,27828077,-1073,-86,8132
13,2753,27828099,-11,-407,11
4,2755,27838022,-1079,-95,8121
13,2754,27838044,-12,-438,3
4,2756,27848227,-1082,-95,8141
13,2755,27848249,-32,-515,72
4,2757,27858260,-953,-103,8161
13,2756,27858282,-36,-595,65
4,2758,27868363,-900,-111,8167
13,2757,27868385,-11,-552,0
4,2759,27878337,-879,-117,8170
13,2758,27878359,0,-481,-14
4,2760,27888471,-902,-101,8161
13,2759,27888493,1,-420,-11
4,2761,27898586,-894,-113,8161
13,2760,27898608,-8,-406,0
4,2762,27908650,-817,-117,8179
13,2761,27908672,-1,-391,-5
4,2763,27918683,-816,-105,8179
13,2762,27918705,10,-321,-18
4,2764,27928758,-819,-112,8162
13,2763,27928780,4,-270,-11
4,2765,27938826,-823,-100,8178
13,2764,27938848,-5,-240,0
4,2766,27948927,-866,-95,8164
13,2765,27948949,-3,-221,2
4,2767,27958988,-904,-102,8159
13,2766,27959010,-13,-271,37
4,2768,27968998,-805,-100,8163
13,2767,27969020,-17,-345,29
4,2769,27979153,-753,-94,8169
13,2768,27979175,-5,-325,-6
4,2770,27989361,-741,-118,8214
13,2769,27989383,7,-275,-30
4,2771,27999288,-779,-102,8185
13,2770,27999310,24,-243,-45
4,2772,28009290,-773,-98,8171
13,2771,28009312,22,-251,-16
4,2773,28019401,-739,-104,8171
13,2772,28019423,9,-245,22
4,2774,28029517,-733,-141,8181
13,2773,28029538,7,-229,20
4,2775,28039477,-444,-266,8161
13,2774,28039499,-5,-301,-15
4,2776,28049612,-717,-119,8157
13,2775,28049634,-43,-549,-19
4,2777,28059757,-993,71,8201
13,2776,28059779,-14,-682,73
4,2778,28069918,-569,-82,8192
13,2777,28069940,0,-457,-26
4,2779,28079847,-564,-157,8184
13,2778,28079869,-7,-388,-88
4,2780,28089946,-786,-34,8188
13,2779,28089968,35,-408,-82
4,2781,28099934,-603,-73,8184
13,2780,28099956,23,-294,-59
4,2782,28110124,-559,-107,8200
13,2781,28110146,9,-206,-36
4,2783,28120200,-591,-98,8195
13,2782,28120222,3,-203,-47
4,2784,28130207,-502,-111,8187
13,2783,28130229,4,-214,-108
4,2785,28140395,-361,-211,8191
13,2784,28140417,14,-217,-232
4,2786,28150442,-663,-45,8212
13,2785,28150463,-12,-225,-192
4,2787,28160469,-578,-178,8168
13,2786,28160491,-8,-140,-36
4,2788,28170584,-318,-209,8155
13,2787,28170606,-32,-334,-6
4,2789,28180630,-804,70,8197
13,2788,28180652,-2,-434,-122
4,2790,28190738,-535,-49,8237
13,2789,28190760,15,-182,-100
4,2791,28200743,-483,-128,8180
13,2790,28200765,20,-114,-137
4,2792,28210798,-520,-99,8184
13,2791,28210820,17,-169,-137
4,2793,28220914,-542,-100,8170
13,2792,28220963,4,-166,-65
4,2794,28231105,-485,-111,8199
13,2793,28231127,-15,-190,-19
4,2795,28241067,-433,-124,8199
13,2794,28241089,-7,-169,-12
4,2796,28251144,-471,-114,8207
13,2795,28251166,2,-125,-10
4,2797,28261220,-470,-103,8192
13,2796,28261242,-2,-119,-9
4,2798,28271250,-443,-93,8196
13,2797,28271272,-5,-116,-10
4,2799,28281361,-444,-91,8197
13,2798,28281383,-3,-102,-37
4,2800,28291397,-448,-112,8214
13,2799,28291419,2,-114,-87
4,2801,28301428,-443,-106,8201
13,2800,28301450,-8,-83,-10
4,2802,28311707,-481,-101,8176
13,2801,28311729,-14,-96,15
4,2803,28321615,-399,-94,8166
13,2802,28321637,-11,-176,35
4,2804,28331685,-346,-165,8152
13,2803,28331707,-6,-251,80
4,2805,28341786,-479,-90,8172
13,2804,28341807,-19,-555,185
4,2806,28351989,-397,-88,8237
13,2805,28352011,-16,-635,58
4,2807,28361990,-403,-119,8272
13,2806,28362012,-11,-342,-11
4,2808,28372071,-300,-123,8202
13,2807,28372093,3,-88,-61
4,2809,28382118,-359,-98,8179
13,2808,28382140,6,-87,-32
4,2810,28392238,-377,-113,8193
13,2809,28392260,-1,-114,-3
4,2811,28402235,-373,-122,8191
13,2810,28402257,-4,-125,13
4,2812,28412234,-354,-114,8191
13,2811,28412256,-2,-143,32
4,2813,28422361,-340,-101,8203
13,2812,28422383,-3,-172,49
4,2814,28432447,-341,-103,8184
13,2813,28432469,0,-177,31
4,2815,28442523,-339,-112,8190
13,2814,28442545,5,-212,-20
4,2816,28452566,-252,-129,8204
13,2815,28452588,1,-238,18
4,2817,28462664,-181,-101,8189
13,2816,28462686,10,-219,15
4,2818,28472871,-334,-128,8195
13,2817,28472893,4,-320,-25
4,2819,28482825,-281,-162,8163
13,2818,28482847,8,-365,-27
4,2820,28492925,-222,-80,8167
13,2819,28492947,-32,-625,129
4,2821,28502971,-306,-51,8255
13,2820,28502993,-23,-620,44
4,2822,28513065,-180,-108,8252
13,2821,28513087,-4,-315,-42
4,2823,28523084,-153,-114,8206
13,2822,28523106,3,-182,-70
4,2824,28533127,-136,-118,8204
13,2823,28533149,8,-143,-68
4,2825,28543263,-21,-118,8180
13,2824,28543285,0,-181,-18
4,2826,28553465,-120,-131,8178
13,2825,28553487,-12,-305,-16
4,2827,28563399,-358,-91,8221
13,2826,28563421,-3,-337,-47
4,2828,28573456,-196,-133,8216
13,2827,28573478,-4,-192,-7
4,2829,28583496,-99,-128,8184
13,2828,28583518,-1,-106,13
4,2830,28593661,-86,-121,8167
13,2829,28593683,0,-145,57
4,2831,28603710,-44,-113,8155
13,2830,28603732,5,-266,70
4,2832,28613783,-88,-98,8176
13,2831,28613805,-3,-421,68
4,2833,28623876,-244,-136,8233
13,2832,28623898,-13,-509,146
4,2834,28633964,-140,-89,8230
13,2833,28633986,-9,-392,163
4,2835,28643970,-19,-123,8195
13,2834,28643992,11,-252,75
4,2836,28654084,-62,-112,8192
13,2835,28654106,13,-284,106
4,2837,28664146,-21,-112,8200
13,2836,28664168,3,-321,115
4,2838,28674250,-7,-100,8202
13,2837,28674272,9,-313,97
4,2839,28684236,25,-118,8201
13,2838,28684257,1,-314,84
4,2840,28694351,56,-110,8204
13,2839,28694373,2,-290,89
4,2841,28704513,71,-110,8212
13,2840,28704535,4,-243,87
4,2842,28714595,82,-99,8220
13,2841,28714644,2,-204,79
4,2843,28724582,67,-100,8211
13,2842,28724632,-3,-169,66
4,2844,28734677,69,-105,8207
13,2843,28734699,-3,-144,51
4,2845,28744772,50,-104,8195
13,2844,28744794,-7,-132,41
4,2846,28754866,43,-101,8189
13,2845,28754888,-13,-144,42
4,2847,28764918,86,-123,8202
13,2846,28764940,-17,-173,46
4,2848,28774977,86,-121,8201
13,2847,28774999,-9,-157,37
4,2849,28785028,73,-124,8207
13,2848,28785050,-6,-152,26
4,2850,28795219,109,-121,8210
13,2849,28795241,-4,-172,28
4,2851,28805193,135,-111,8199
13,2850,28805215,0,-171,26
4,2852,28815324,125,-121,8212
13,2851,28815346,2,-155,27
4,2853,28825346,117,-118,8195
13,2852,28825368,3,-146,31
4,2854,28835458,43,-116,8181
13,2853,28835480,7,-158,31
4,2855,28845474,126,-122,8214
13,2854,28845496,15,-262,7
4,2856,28855613,227,-95,8224
13,2855,28855635,18,-225,84
4,2857,28865717,197,-125,8222
13,2856,28865739,-7,-98,65
4,2858,28875859,169,-119,8177
13,2857,28875881,-2,-36,-11
4,2859,28885787,123,-117,8197
13,2858,28885809,0,-30,-2
4,2860,28895888,178,-100,8207
13,2859,28895910,-2,-46,1
4,2861,28905968,184,-107,8208
13,2860,28905990,2,-29,-1
4,2862,28916071,145,-135,8215
13,2861,28916093,7,-20,-3
4,2863,28926094,154,-118,8186
13,2862,28926115,26,-28,-2
4,2864,28936133,174,-109,8195
13,2863,28936155,27,-23,-9
4,2865,28946256,149,-118,8204
13,2864,28946278,15,-15,-40
4,2866,28956452,141,-82,8189
13,2865,28956501,11,-14,-37
4,2867,28966408,154,-94,8206
13,2866,28966430,3,-13,-21
4,2868,28976427,160,-128,8200
13,2867,28976449,6,-12,-10
4,2869,28986639,169,-127,8195
13,2868,28986661,14,-14,-1
4,2870,28996676,169,-95,8207
13,2869,28996698,15,-14,0
4,2871,29006674,155,-109,8186
13,2870,29006696,6,-7,1
4,2872,29016787,164,-111,8214
13,2871,29016809,15,-17,2
4,2873,29026871,170,-98,8206
13,2872,29026893,15,-15,0
4,2874,29036997,174,-106,8214
13,2873,29037019,9,-7,1
4,2875,29046986,158,-100,8196
13,2874,29047008,7,-8,2
4,2876,29057086,168,-96,8204
13,2875,29057108,3,-10,1
4,2877,29067118,174,-100,8203
13,2876,29067140,0,-4,0
4,2878,29077251,166,-94,8189
13,2877,29077273,-1,-3,0
4,2879,29087203,164,-101,8196
13,2878,29087225,0,-6,0
4,2880,29097351,173,-113,8202
13,2879,29097373,-1,-7,0
4,2881,29107446,172,-107,8211
13,2880,29107468,1,-7,1
4,2882,29117563,168,-100,8209
13,2881,29117585,0,-5,1
4,2883,29127588,154,-96,8215
13,2882,29127610,0,-1,0
4,2884,29137661,143,-104,8188
13,2883,29137683,-3,-3,2
4,2885,29147649,154,-102,8194
13,2884,29147671,-3,-8,2
4,2886,29157800,166,-103,8218
13,2885,29157822,-3,-6,4
4,2887,29167888,169,-107,8202
13,2886,29167910,-2,-7,5
4,2888,29177831,122,-57,8208
13,2887,29177853,0,-7,14
4,2889,29188013,168,-121,8190
13,2888,29188035,6,-11,202
4,2890,29198136,211,-147,8202
13,2889,29198158,-2,-12,122
4,2891,29208167,175,-117,8172
13,2890,29208189,-3,-2,14
4,2892,29218186,168,-120,8212
13,2891,29218208,-3,-2,8
4,2893,29228191,175,-114,8199
13,2892,29228213,-2,-2,13
4,2894,29238455,162,-60,8186
13,2893,29238477,-2,0,61
4,2895,29248434,191,-156,8213
13,2894,29248456,1,2,135
4,2896,29258504,154,-113,8203
13,2895,29258526,3,0,57
4,2897,29268557,159,-95,8175
13,2896,29268579,4,-8,102
4,2898,29278704,184,-141,8210
13,2897,29278726,3,-11,85
4,2899,29288750,178,-117,8204
13,2898,29288772,1,-7,27
4,2900,29298770,170,-107,8210
13,2899,29298792,0,-2,34
4,2901,29308787,170,-100,8205
13,2900,29308809,1,-4,39
4,2902,29318955,177,-128,8226
13,2901,29318977,1,-3,39
4,2903,29329049,165,-94,8199
13,2902,29329071,4,-6,17
4,2904,29339048,169,-102,8187
13,2903,29339070,1,-8,13
4,2905,29349241,172,-112,8214
13,2904,29349263,0,-3,3
4,2906,29359329,179,-103,8210
13,2905,29359351,0,1,0
4,2907,29369252,171,-99,8215
13,2906,29369274,-2,7,0
4,2908,29379395,175,-95,8208
13,2907,29379417,0,5,-1
4,2909,29389374,168,-113,8192
13,2908,29389396,0,-2,0
4,2910,29399522,185,-123,8188
13,2909,29399544,-2,-2,-1
4,2911,29409567,177,-105,8208
13,2910,29409589,-1,0,0
4,2912,29419700,169,-109,8210
13,2911,29419722,0,-1,1
4,2913,29429712,173,-110,8214
13,2912,29429734,-3,-1,2
4,2914,29439928,184,-115,8200
13,2913,29439950,-2,0,0
4,2915,29449816,181,-114,8202
13,2914,29449838,1,-5,0
4,2916,29459971,176,-113,8191
13,2915,29459993,0,-6,-2
4,2917,29469979,180,-123,8198
13,2916,29470001,-2,-3,-4
4,2918,29480084,181,-112,8198
13,2917,29480106,-1,0,0
4,2919,29490184,166,-107,8197
13,2918,29490206,-2,1,0
4,2920,29500234,166,-112,8210
13,2919,29500256,-1,0,0
4,2921,29510301,167,-105,8206
13,2920,29510323,-3,0,0
4,2922,29520507,160,-110,8191
13,2921,29520529,0,-2,-1
4,2923,29530416,167,-116,8203
13,2922,29530438,0,0,0
4,2924,29540480,164,-104,8199
13,2923,29540502,0,1,0
4,2925,29550576,165,-98,8186
13,2924,29550598,-2,0,0
4,2926,29560663,178,-104,8200
13,2925,29560685,1,2,1
4,2927,29570757,175,-105,8194
13,2926,29570779,1,3,-2
4,2928,29580757,165,-111,8206
13,2927,29580779,1,2,-2
4,2929,29590897,171,-103,8210
13,2928,29590946,-1,4,-1
4,2930,29600989,160,-102,8199
13,2929,29601011,-2,6,-1
4,2931,29610993,153,-109,8194
13,2930,29611015,-3,2,0
4,2932,29621076,167,-111,8204
13,2931,29621098,-3,0,0
4,2933,29631147,179,-97,8215
13,2932,29631169,-1,-3,0
4,2934,29641231,171,-111,8198
13,2933,29641253,0,-3,0
4,2935,29651194,160,-109,8210
13,2934,29651216,-2,-2,-1
4,2936,29661355,180,-94,8187
13,2935,29661377,-2,-4,0
4,2937,29671378,176,-110,8198
13,2936,29671400,1,2,-3
4,2938,29681604,258,-295,8197
13,2937,29681626,-2,0,-26
4,2939,29691504,151,-73,8212
13,2938,29691526,-12,-6,-347
4,2940,29701625,84,97,8203
13,2939,29701647,-10,0,-161
4,2941,29711706,195,-142,8208
13,2940,29711728,-11,6,42
4,2942,29721798,170,-132,8200
13,2941,29721847,-17,7,-5
4,2943,29731948,178,-140,8193
13,2942,29731970,-14,5,-23
4,2944,29741948,188,-147,8196
13,2943,29741970,-10,4,-94
4,2945,29752020,148,-75,8198
13,2944,29752042,-9,-2,-110
4,2946,29762129,174,-97,8207
13,2945,29762151,-10,-2,-44
4,2947,29772101,170,-102,8209
13,2946,29772123,-13,1,-42
4,2948,29782212,153,-89,8202
13,2947,29782234,-10,3,-30
4,2949,29792246,160,-112,8189
13,2948,29792268,-6,3,-4
4,2950,29802377,162,-116,8211
13,2949,29802399,-3,3,0
4,2951,29812402,166,-117,8206
13,2950,29812424,-3,4,-1
4,2952,29822476,162,-107,8197
13,2951,29822498,-1,4,0
4,2953,29832554,168,-103,8209
13,2952,29832576,-4,3,0
4,2954,29842790,162,-121,8206
13,2953,29842812,-2,5,1
4,2955,29852728,168,-116,8198
13,2954,29852750,-1,4,2
4,2956,29862719,170,-129,8211
13,2955,29862741,0,2,2
4,2957,29872845,159,-114,8191
13,2956,29872867,5,0,3
4,2958,29882954,156,-108,8187
13,2957,29882976,-2,-3,0
4,2959,29893003,158,-116,8205
13,2958,29893024,-6,0,1
4,2960,29903055,172,-121,8200
13,2959,29903077,-5,0,1
4,2961,29913097,167,-104,8196
13,2960,29913119,-8,-1,-1
4,2962,29923277,158,-113,8208
13,2961,29923299,-8,0,-1
4,2963,29933299,160,-99,8195
13,2962,29933321,1,-8,1
4,2964,29943318,158,-122,8203
13,2963,29943339,-2,0,1
4,2965,29953386,163,-107,8211
13,2964,29953408,3,1,1
4,2966,29963507,171,-106,8200
13,2965,29963529,6,2,0
4,2967,29973640,171,-116,8209
13,2966,29973662,9,2,1
4,2968,29983645,169,-104,8200
13,2967,29983667,10,0,0
4,2969,29993670,171,-129,8207
13,2968,29993692,8,-3,0
4,2970,30003849,167,-124,8201
13,2969,30003871,5,-1,0
4,2971,30013833,157,-103,8203
13,2970,30013855,7,-2,-1
4,2972,30023880,162,-108,8205
13,2971,30023901,7,-6,0
4,2973,30033940,160,-123,8206
13,2972,30033962,3,-5,0
4,2974,30044058,160,-116,8195
13,2973,30044080,1,-5,0
4,2975,30054080,176,-107,8200
13,2974,30054102,1,-5,1
4,2976,30064163,164,-116,8203
13,2975,30064185,-4,-1,2
4,2977,30074216,151,-131,8199
13,2976,30074238,-6,2,1
4,2978,30084405,165,-117,8214
13,2977,30084427,-2,-3,0
4,2979,30094374,165,-116,8202
13,2978,30094396,0,1,1
4,2980,30104492,158,-115,8210
13,2979,30104514,0,1,1
4,2981,30114522,164,-108,8208
13,2980,30114544,-1,1,0
4,2982,30124659,164,-112,8216
13,2981,30124681,-2,0,2
4,2983,30134709,167,-113,8206
13,2982,30134731,2,0,1
4,2984,30144785,173,-102,8207
13,2983,30144807,4,-3,1
4,2985,30154815,187,-117,8205
13,2984,30154837,6,0,1
4,2986,30164946,183,-112,8187
13,2985,30164968,9,-2,0
4,2987,30174986,169,-105,8201
13,2986,30175008,7,-1,1
4,2988,30185017,173,-102,8201
13,2987,30185039,-2,0,0
4,2989,30195090,171,-113,8202
13,2988,30195112,-11,4,3
4,2990,30205198,169,-124,8195
13,2989,30205220,-10,2,2
4,2991,30215275,172,-115,8195
13,2990,30215297,-3,1,2
4,2992,30225343,165,-124,8202
13,2991,30225365,2,-3,2
4,2993,30235394,161,-109,8208
13,2992,30235416,3,-3,2
4,2994,30245634,166,-118,8195
13,2993,30245656,0,2,0
4,2995,30255488,170,-113,8203
13,2994,30255510,-2,2,0
4,2996,30265607,169,-107,8197
13,2995,30265629,-2,2,-1
4,2997,30275742,151,-113,8207
13,2996,30275764,1,2,0
4,2998,30285753,165,-114,8206
13,2997,30285775,3,0,2
4,2999,30295817,159,-127,8208
13,2998,30295839,7,-2,2
4,3000,30305887,158,-108,8204
13,2999,30305909,6,0,0
4,3001,30315960,170,-112,8197
13,3000,30315982,7,-1,0
4,3002,30326135,169,-112,8200
13,3001,30326157,7,-7,1
4,3003,30336068,169,-98,8211
13,3002,30336090,4,-4,2
4,3004,30346236,161,-102,8204
13,3003,30346258,0,0,0
4,3005,30356246,172,-108,8199
13,3004,30356268,0,0,1
4,3006,30366402,179,-109,8199
13,3005,30366424,1,-2,0
4,3007,30376400,170,-115,8205
13,3006,30376422,1,0,0
4,3008,30386463,154,-104,8204
13,3007,30386485,0,1,1
4,3009,30396502,151,-111,8195
13,3008,30396524,0,-1,3
4,3010,30406619,165,-113,8200
13,3009,30406641,1,-2,2
4,3011,30416676,158,-114,8204
13,3010,30416698,8,-6,0
4,3012,30426715,160,-109,8210
13,3011,30426737,16,-8,1
4,3013,30436772,179,-115,8210
13,3012,30436794,11,-4,0
4,3014,30446835,168,-100,8196
13,3013,30446857,9,-1,-1
4,3015,30456906,168,-104,8195
13,3014,30456928,0,0,0
4,3016,30467091,158,-103,8206
13,3015,30467113,-2,0,3
4,3017,30477007,170,-108,8215
13,3016,30477056,-3,2,1
4,3018,30487257,157,-109,8193
13,3017,30487279,-3,1,-1
4,3019,30497217,153,-105,8204
13,3018,30497239,0,-1,0
4,3020,30507290,154,-109,8216
13,3019,30507312,-1,2,0
4,3021,30517339,176,-119,8204
13,3020,30517361,1,0,0
4,3022,30527427,169,-104,8205
13,3021,30527448,2,-3,0
4,3023,30537406,171,-96,8209
13,3022,30537428,1,-2,4
4,3024,30547517,167,-111,8199
13,3023,30547539,-1,-1,1
4,3025,30557671,161,-102,8206
13,3024,30557693,-4,-2,0
4,3026,30567749,160,-108,8213
13,3025,30567771,0,1,-1
4,3027,30577670,166,-117,8190
13,3026,30577692,-1,3,1
4,3028,30587820,179,-110,8199
13,3027,30587842,1,0,0
4,3029,30597865,155,-109,8203
13,3028,30597914,2,-1,2
4,3030,30607957,156,-110,8200
13,3029,30607979,3,-3,2
4,3031,30618009,179,-109,8210
13,3030,30618031,0,-2,2
4,3032,30628143,173,-110,8203
13,3031,30628165,-1,-1,0
4,3033,30638199,158,-116,8200
13,3032,30638221,-3,0,0
4,3034,30648292,177,-115,8205
13,3033,30648314,-3,0,2
4,3035,30658281,173,-107,8198
13,3034,30658303,-2,0,0
4,3036,30668278,158,-110,8190
13,3035,30668300,-1,1,0
4,3037,30678406,158,-113,8200
13,3036,30678428,0,0,0
4,3038,30688517,163,-102,8203
13,3037,30688539,5,-3,0
4,3039,30698480,173,-107,8206
13,3038,30698502,6,-4,-1
4,3040,30708641,153,-102,8218
13,3039,30708663,2,-5,-3
4,3041,30718619,154,-104,8203
13,3040,30718641,2,-3,0
4,3042,30728862,161,-108,8204
13,3041,30728884,2,-3,2
4,3043,30738891,159,-98,8202
13,3042,30738913,1,-6,0
4,3044,30748894,168,-109,8193
13,3043,30748916,4,-6,0
4,3045,30758964,173,-101,8185
13,3044,30758986,7,-10,3
4,3046,30769073,159,-105,8202
13,3045,30769095,5,-3,2
4,3047,30779034,171,-98,8206
13,3046,30779056,3,-2,0
4,3048,30789143,173,-101,8191
13,3047,30789165,0,0,0
4,3049,30799255,174,-114,8214
13,3048,30799277,-3,2,0
4,3050,30809406,169,-111,8195
13,3049,30809428,-2,1,0
4,3051,30819373,168,-113,8201
13,3050,30819395,0,0,-1
4,3052,30829425,173,-110,8195
13,3051,30829447,0,-2,-2
4,3053,30839471,169,-115,8203
13,3052,30839493,0,0,2
4,3054,30849630,164,-108,8190
13,3053,30849652,0,0,1
4,3055,30859667,180,-120,8206
13,3054,30859689,-1,0,0
4,3056,30869691,180,-114,8203
13,3055,30869713,1,0,1
4,3057,30879834,168,-109,8215
13,3056,30879856,0,0,1
4,3058,30889953,176,-113,8220
13,3057,30889974,-2,-2,0
4,3059,30899916,176,-108,8221
13,3058,30899938,-1,-4,2
4,3060,30909993,167,-110,8200
13,3059,30910015,-1,-4,2
4,3061,30920102,153,-107,8195
13,3060,30920124,2,-2,2
4,3062,30930191,168,-102,8201
13,3061,30930213,4,-5,2
4,3063,30940239,162,-92,8203
13,3062,30940261,3,-8,-2
4,3064,30950238,175,-97,8209
13,3063,30950260,1,-4,2
4,3065,30960343,168,-105,8188
13,3064,30960365,-1,1,2
4,3066,30970498,174,-99,8194
13,3065,30970520,-2,1,0
4,3067,30980404,173,-115,8208
13,3066,30980426,0,0,0
4,3068,30990545,164,-114,8202
13,3067,30990567,0,1,0
4,3069,31000611,163,-102,8204
13,3068,31000633,-1,0,1
4,3070,31010709,171,-108,8220
13,3069,31010731,0,-4,0
4,3071,31020707,168,-108,8213
13,3070,31020729,1,-4,0
4,3072,31030802,166,-110,8203
13,3071,31030824,1,-6,-2
4,3073,31040849,166,-125,8194
13,3072,31040871,2,-3,-1
4,3074,31051026,164,-116,8191
13,3073,31051048,0,-3,0
4,3075,31061007,164,-112,8198
13,3074,31061029,-2,-5,0
4,3076,31071063,178,-105,8206
13,3075,31071085,0,-7,2
4,3077,31081139,170,-99,8208
13,3076,31081161,1,-4,1
4,3078,31091225,159,-119,8203
13,3077,31091247,0,-2,1
4,3079,31101212,175,-105,8196
13,3078,31101261,-1,1,-1
4,3080,31111367,178,-107,8223
13,3079,31111389,-2,3,0
4,3081,31121506,165,-109,8207
13,3080,31121528,0,2,0
4,3082,31131558,168,-112,8209
13,3081,31131580,0,0,-1
4,3083,31141556,171,-117,8200
13,3082,31141578,-1,0,0
4,3084,31151573,170,-111,8196
13,3083,31151595,-1,-3,1
4,3085,31161696,161,-103,8210
13,3084,31161718,0,-3,0
4,3086,31171817,158,-103,8208
13,3085,31171839,1,-5,0
4,3087,31181839,178,-114,8201
13,3086,31181861,0,-6,1
4,3088,31191904,167,-104,8205
13,3087,31191926,-1,-3,0
4,3089,31201902,168,-110,8194
13,3088,31201924,0,0,1
4,3090,31212182,170,-93,8190
13,3089,31212204,-1,1,1
4,3091,31222163,168,-98,8202
13,3090,31222185,-1,4,0
4,3092,31232221,170,-105,8209
13,3091,31232243,0,1,0
4,3093,31242325,167,-107,8206
13,3092,31242347,0,-1,0
4,3094,31252341,167,-109,8191
13,3093,31252363,0,1,0
4,3095,31262456,157,-121,8201
13,3094,31262478,0,1,1
4,3096,31272562,173,-117,8217
13,3095,31272584,0,-2,-2
4,3097,31282572,174,-105,8210
13,3096,31282594,1,-2,0
4,3098,31292742,174,-106,8211
13,3097,31292764,0,-1,1
4,3099,31302728,176,-111,8205
13,3098,31302750,-1,0,1
4,3100,31312794,166,-104,8205
13,3099,31312816,0,1,1
4,3101,31322854,171,-103,8197
13,3100,31322876,0,3,0
4,3102,31332970,167,-109,8195
13,3101,31332992,0,2,0
4,3103,31343001,167,-100,8208
13,3102,31343023,0,-2,4
4,3104,31353111,174,-112,8206
13,3103,31353133,0,-4,2
4,3105,31363200,161,-108,8211
13,3104,31363222,0,-3,0
4,3106,31373347,155,-118,8204
13,3105,31373369,2,-6,0
4,3107,31383373,170,-116,8200
13,3106,31383395,2,-11,1
4,3108,31393371,179,-117,8209
13,3107,31393393,2,-8,0
4,3109,31403438,186,-115,8193
13,3108,31403460,0,-2,-1
4,3110,31413495,173,-106,8190
13,3109,31413517,-1,-2,-1
4,3111,31423594,172,-112,8199
13,3110,31423616,0,-1,1
4,3112,31433663,175,-90,8200
13,3111,31433685,0,-3,2
4,3113,31443745,181,-104,8199
13,3112,31443767,-1,-3,1
4,3114,31453854,176,-109,8202
13,3113,31453876,0,-2,2
4,3115,31463856,167,-111,8196
13,3114,31463878,0,-3,1
4,3116,31473995,164,-113,8196
13,3115,31474017,0,-3,0
4,3117,31484037,177,-105,8213
13,3116,31484059,-1,-2,1
4,3118,31494173,171,-111,8202
13,3117,31494195,0,-5,1
4,3119,31504175,175,-112,8207
13,3118,31504197,1,-6,0
4,3120,31514278,170,-111,8207
13,3119,31514300,0,-6,0
4,3121,31524359,178,-107,8192
13,3120,31524381,1,-3,-1
4,3122,31534497,187,-102,8202
13,3121,31534519,0,-2,0
4,3123,31544446,174,-109,8206
13,3122,31544468,0,-1,0
4,3124,31554618,164,-97,8209
13,3123,31554640,0,-2,0
4,3125,31564661,167,-108,8203
13,3124,31564683,1,-3,2
4,3126,31574713,174,-123,8210
13,3125,31574735,1,0,0
4,3127,31584812,168,-104,8197
13,3126,31584834,0,0,-1
4,3128,31594891,180,-118,8204
13,3127,31594940,-2,-1,0
4,3129,31605005,175,-110,8200
13,3128,31605027,1,-2,0
4,3130,31615139,180,-105,8199
13,3129,31615161,0,0,1
4,3131,31625111,173,-106,8200
13,3130,31625133,-1,-2,1
4,3132,31635176,181,-108,8214
13,3131,31635198,-2,-2,1
4,3133,31645242,177,-97,8202
13,3132,31645264,-2,2,0
4,3134,31655284,175,-101,8195
13,3133,31655306,0,-1,2
4,3135,31665404,177,-114,8216
13,3134,31665426,0,-3,0
4,3136,31675452,180,-115,8215
13,3135,31675474,-1,-3,1
4,3137,31685493,174,-120,8198
13,3136,31685515,-1,-2,1
4,3138,31695698,178,-104,8190
13,3137,31695720,1,-1,0
4,3139,31705690,165,-102,8207
13,3138,31705712,0,-2,1
4,3140,31715713,162,-110,8211
13,3139,31715735,-2,0,0
4,3141,31725838,169,-107,8191
13,3140,31725860,0,0,3
4,3142,31736023,183,-111,8199
13,3141,31736045,0,-5,3
4,3143,31745940,183,-108,8212
13,3142,31745962,0,2,1
4,3144,31756079,170,-106,8196
13,3143,31756101,0,2,1
4,3145,31766133,156,-113,8191
13,3144,31766155,0,1,0
4,3146,31776354,172,-101,8200
13,3145,31776376,0,0,3
4,3147,31786281,174,-107,8197
13,3146,31786303,0,0,0
4,3148,31796286,164,-113,8202
13,3147,31796308,0,1,-1
4,3149,31806509,173,-107,8203
13,3148,31806531,0,-3,5
4,3150,31816532,163,-109,8201
13,3149,31816554,0,-4,3
4,3151,31826581,166,-104,8204
13,3150,31826603,0,-8,1
4,3152,31836644,170,-104,8215
13,3151,31836665,2,-7,2
4,3153,31846777,172,-112,8205
13,3152,31846799,3,-2,-2
4,3154,31857025,183,-93,8196
13,3153,31857047,0,1,-1
4,3155,31866925,179,-97,8187
13,3154,31866947,0,0,0
4,3156,31876952,168,-107,8191
13,3155,31876974,-1,1,0
4,3157,31887068,177,-105,8199
13,3156,31887090,-2,-1,2
4,3158,31897216,172,-119,8200
13,3157,31897238,-3,-2,1
4,3159,31907204,172,-117,8187
13,3158,31907226,-1,-6,0
4,3160,31917332,160,-108,8191
13,3159,31917354,2,-5,0
4,3161,31927392,173,-108,8202
13,3160,31927413,3,-7,0
4,3162,31937457,178,-96,8199
13,3161,31937479,0,-7,0
4,3163,31947492,180,-93,8205
13,3162,31947514,1,-7,2
4,3164,31957523,171,-111,8198
13,3163,31957545,0,-5,3
4,3165,31967643,172,-119,8195
13,3164,31967664,-2,-2,3
4,3166,31977776,166,-107,8208
13,3165,31977798,-2,0,2
4,3167,31987856,174,-93,8204
13,3166,31987878,0,0,-1
4,3168,31997901,186,-95,8204
13,3167,31997923,1,1,0
4,3169,32007992,173,-115,8214
13,3168,32008014,0,0,3
4,3170,32018053,175,-98,8199
13,3169,32018075,-3,0,1
4,3171,32028133,180,-109,8199
13,3170,32028155,-1,2,0
4,3172,32038158,170,-103,8206
13,3171,32038180,1,0,0
4,3173,32048160,183,-114,8210
13,3172,32048182,0,-1,1
4,3174,32058354,172,-117,8202
13,3173,32058376,-1,0,2
4,3175,32068407,170,-102,8205
13,3174,32068429,1,0,0
4,3176,32078476,179,-103,8215
13,3175,32078498,2,-3,1
4,3177,32088673,175,-110,8198
13,3176,32088695,1,-1,1
4,3178,32098736,173,-108,8208
13,3177,32098758,0,-2,1
4,3179,32108746,171,-112,8202
13,3178,32108768,0,0,0
4,3180,32118804,173,-106,8199
13,3179,32118826,0,0,0
4,3181,32128886,181,-106,8208
13,3180,32128908,0,0,1
4,3182,32139039,182,-107,8205
13,3181,32139061,1,-1,0
4,3183,32148992,176,-102,8198
13,3182,32149014,1,-1,0
4,3184,32159164,172,-110,8206
13,3183,32159186,0,-3,0
4,3185,32169112,177,-110,8203
13,3184,32169134,-1,1,1
4,3186,32179348,180,-116,8198
13,3185,32179370,1,0,3
4,3187,32189317,178,-110,8213
13,3186,32189338,2,-6,2
4,3188,32199370,183,-106,8214
13,3187,32199392,3,-5,0
4,3189,32209468,177,-100,8203
13,3188,32209490,-1,-4,0
4,3190,32219519,177,-100,8204
13,3189,32219541,-5,2,0
4,3191,32229636,175,-103,8204
13,3190,32229658,-4,7,0
4,3192,32239654,171,-101,8190
13,3191,32239676,-1,4,-1
4,3193,32249811,175,-105,8196
13,3192,32249833,3,1,-3
4,3194,32259854,173,-103,8210
13,3193,32259876,3,1,0
4,3195,32269892,174,-112,8194
13,3194,32269914,0,-4,0
4,3196,32279978,178,-116,8193
13,3195,32280000,-2,-5,0
4,3197,32290034,171,-111,8209
13,3196,32290055,0,-1,0
4,3198,32300220,167,-118,8209
13,3197,32300242,0,-2,1
4,3199,32310171,172,-108,8211
13,3198,32310193,-1,-1,0
4,3200,32320234,173,-106,8204
13,3199,32320256,0,-3,0
4,3201,32330295,186,-115,8191
13,3200,32330317,2,-4,2
4,3202,32340522,182,-115,8201
13,3201,32340544,0,0,0
4,3203,32350488,184,-108,8207
13,3202,32350510,-2,0,1
4,3204,32360545,172,-105,8205
13,3203,32360567,-2,0,1
4,3205,32370644,172,-110,8207
13,3204,32370666,-1,-1,1
4,3206,32380720,165,-106,8200
13,3205,32380742,0,-1,-1
4,3207,32390740,174,-107,8206
13,3206,32390762,-1,0,-3
4,3208,32400832,177,-117,8203
13,3207,32400853,0,2,1
4,3209,32410957,180,-108,8199
13,3208,32410979,1,2,1
4,3210,32421070,177,-104,8202
13,3209,32421091,1,0,0
4,3211,32430976,173,-103,8195
13,3210,32430998,-1,0,1
4,3212,32441116,180,-93,8201
13,3211,32441138,1,-4,5
4,3213,32451182,175,-105,8205
13,3212,32451204,-1,-3,0
4,3214,32461386,166,-101,8203
13,3213,32461408,-3,-1,-2
4,3215,32471318,168,-114,8206
13,3214,32471367,0,2,0
4,3216,32481427,164,-119,8205
13,3215,32481449,-1,-1,0
4,3217,32491496,172,-111,8202
13,3216,32491518,-1,-2,-1
4,3218,32501667,182,-107,8209
13,3217,32501689,0,-1,0
4,3219,32511632,175,-107,8196
13,3218,32511654,-1,0,1
4,3220,32521664,165,-100,8203
13,3219,32521686,0,0,0
4,3221,32531737,164,-101,8206
13,3220,32531758,0,-3,-1
4,3222,32541899,163,-109,8202
13,3221,32541921,0,-1,-1
4,3223,32551877,169,-112,8201
13,3222,32551899,0,-1,0
4,3224,32561915,177,-107,8215
13,3223,32561937,0,-1,1
4,3225,32572022,168,-117,8204
13,3224,32572044,0,-2,0
4,3226,32582183,179,-110,8184
13,3225,32582205,1,-2,-1
4,3227,32592132,183,-112,8202
13,3226,32592154,0,-1,-1
4,3228,32602245,168,-106,8200
13,3227,32602267,1,-3,0
4,3229,32612340,176,-107,8209
13,3228,32612362,1,-3,1
4,3230,32622416,173,-110,8198
13,3229,32622438,-1,-4,1
4,3231,32632460,178,-97,8199
13,3230,32632482,-1,-1,0
4,3232,32642504,182,-103,8200
13,3231,32642526,0,-3,0
4,3233,32652585,178,-112,8209
13,3232,32652607,-1,-2,0
4,3234,32662728,186,-109,8204
13,3233,32662750,1,0,0
4,3235,32672684,174,-109,8205
13,3234,32672706,1,1,2
4,3236,32682736,167,-94,8202
13,3235,32682758,0,2,0
4,3237,32692826,173,-98,8207
13,3236,32692848,0,0,0
4,3238,32702944,182,-110,8203
13,3237,32702966,0,0,2
4,3239,32713043,172,-121,8207
13,3238,32713092,0,0,0
4,3240,32723097,172,-119,8203
13,3239,32723119,1,0,0
4,3241,32733184,178,-119,8203
13,3240,32733206,0,-4,2
4,3242,32743371,186,-110,8211
13,3241,32743393,0,0,0
4,3243,32753304,180,-116,8200
13,3242,32753326,0,-2,0
4,3244,32763371,181,-112,8202
13,3243,32763393,0,-3,0
4,3245,32773398,169,-104,8197
13,3244,32773420,1,-1,1
4,3246,32783584,175,-101,8193
13,3245,32783606,0,0,1
4,3247,32793542,178,-104,8210
13,3246,32793564,1,-1,1
4,3248,32803612,176,-107,8200
13,3247,32803634,0,0,0
4,3249,32813718,171,-117,8200
13,3248,32813740,0,-2,0
4,3250,32823796,179,-102,8198
13,3249,32823818,0,-1,0
4,3251,32833794,176,-99,8198
13,3250,32833816,0,1,0
4,3252,32843969,177,-105,8198
13,3251,32843991,-1,-1,1
4,3253,32853961,177,-112,8200
13,3252,32853983,0,2,0
4,3254,32864057,174,-118,8199
13,3253,32864079,0,1,-1
4,3255,32874104,173,-94,8196
13,3254,32874126,-2,1,-1
4,3256,32884179,167,-111,8206
13,3255,32884201,-1,1,0
4,3257,32894242,172,-110,8199
13,3256,32894264,0,2,0
4,3258,32904379,185,-108,8195
13,3257,32904401,0,2,0
4,3259,32914416,172,-112,8209
13,3258,32914438,0,2,-2
4,3260,32924400,176,-102,8212
13,3259,32924422,-2,1,-2
4,3261,32934539,173,-112,8211
13,3260,32934561,-2,0,0
4,3262,32944605,170,-113,8199
13,3261,32944627,0,-1,0
4,3263,32954669,182,-111,8197
13,3262,32954691,3,0,2
4,3264,32964690,178,-106,8202
13,3263,32964712,0,0,2
4,3265,32974698,182,-114,8195
13,3264,32974747,0,-2,3
4,3266,32985011,186,-114,8201
13,3265,32985033,0,0,0
4,3267,32994915,171,-120,8200
13,3266,32994937,0,3,0
4,3268,33004982,173,-110,8195
13,3267,33005004,0,5,3
4,3269,33015001,167,-111,8211
13,3268,33015023,0,3,0
4,3270,33025126,170,-101,8197
13,3269,33025148,-1,3,2
4,3271,33035228,172,-105,8204
13,3270,33035250,-1,0,0
4,3272,33045162,181,-112,8206
13,3271,33045184,0,0,0
4,3273,33055300,184,-112,8200
13,3272,33055322,0,0,2
4,3274,33065420,172,-113,8202
13,3273,33065442,-2,0,1
4,3275,33075399,181,-107,8202
13,3274,33075421,0,0,2
4,3276,33085464,185,-113,8205
13,3275,33085486,-1,0,2
4,3277,33095519,173,-113,8203
13,3276,33095568,-2,2,2
4,3278,33105605,171,-107,8198
13,3277,33105627,0,3,3
4,3279,33115689,166,-106,8200
13,3278,33115711,1,-1,1
4,3280,33125809,173,-109,8201
13,3279,33125831,0,-1,3
4,3281,33135800,167,-109,8196
13,3280,33135822,0,-4,2
4,3282,33145887,172,-106,8212
13,3281,33145909,0,-2,-1
4,3283,33155932,182,-105,8205
13,3282,33155954,1,-1,-1
4,3284,33165982,169,-115,8214
13,3283,33166004,2,0,1
4,3285,33176021,173,-106,8203
13,3284,33176043,1,-1,0
4,3286,33186141,167,-103,8217
13,3285,33186163,0,0,0
4,3287,33196254,176,-110,8208
13,3286,33196276,0,-1,1
4,3288,33206320,169,-108,8197
13,3287,33206342,1,-1,1
4,3289,33216363,178,-113,8196
13,3288,33216413,0,0,1
4,3290,33226544,177,-97,8203
13,3289,33226566,0,2,2
4,3291,33236430,172,-105,8202
13,3290,33236452,2,3,1
4,3292,33246593,175,-107,8202
13,3291,33246615,0,3,1
4,3293,33256626,174,-103,8211
13,3292,33256648,-2,2,1
4,3294,33266651,177,-104,8205
13,3293,33266673,-1,1,0
4,3295,33276796,177,-116,8191
13,3294,33276818,-2,-3,0
4,3296,33286746,179,-112,8209
13,3295,33286768,0,-2,1
4,3297,33296872,172,-95,8202
13,3296,33296894,0,1,0
4,3298,33307074,170,-109,8203
13,3297,33307096,1,-1,2
4,3299,33317025,172,-101,8207
13,3298,33317047,1,-3,1
4,3300,33327086,175,-111,8203
13,3299,33327108,-1,-1,2
4,3301,33337142,178,-116,8212
13,3300,33337164,0,0,3
4,3302,33347189,174,-110,8217
13,3301,33347211,3,-2,0
4,3303,33357322,174,-106,8202
13,3302,33357344,1,0,1
4,3304,33367399,186,-105,8203
13,3303,33367421,0,2,1
4,3305,33377485,174,-107,8201
13,3304,33377507,0,2,0
4,3306,33387626,171,-114,8213
13,3305,33387648,0,2,1
4,3307,33397587,181,-110,8204
13,3306,33397609,0,2,1
4,3308,33407590,183,-103,8195
13,3307,33407612,-2,2,1
4,3309,33417716,182,-110,8193
13,3308,33417738,-1,1,3
4,3310,33427828,176,-102,8196
13,3309,33427850,0,-2,2
4,3311,33437820,173,-98,8201
13,3310,33437842,0,-6,1
4,3312,33447981,181,-107,8205
13,3311,33448003,3,-6,2
4,3313,33458033,171,-103,8208
13,3312,33458055,1,-4,0
4,3314,33468198,172,-103,8201
13,3313,33468220,0,-1,1
4,3315,33478162,168,-107,8199
13,3314,33478184,1,0,0
4,3316,33488292,173,-108,8211
13,3315,33488314,0,2,0
4,3317,33498345,165,-108,8197
13,3316,33498367,0,1,0
4,3318,33508455,170,-103,8199
13,3317,33508477,1,-2,0
4,3319,33518397,187,-98,8215
13,3318,33518419,0,-2,0
4,3320,33528480,184,-112,8204
13,3319,33528502,0,-1,0
4,3321,33538556,188,-106,8194
13,3320,33538578,0,0,0
4,3322,33548689,183,-102,8196
13,3321,33548711,0,1,0
4,3323,33558722,170,-105,8199
13,3322,33558744,-1,-1,0
4,3324,33568757,165,-108,8209
13,3323,33568779,1,3,1
4,3325,33578857,177,-114,8203
13,3324,33578879,0,1,3
4,3326,33588937,166,-110,8203
13,3325,33588958,0,0,1
4,3327,33599015,171,-104,8214
13,3326,33599037,0,-1,0
4,3328,33609068,171,-98,8201
13,3327,33609090,0,-2,1
4,3329,33619121,172,-111,8187
13,3328,33619143,-2,2,0
4,3330,33629266,170,-104,8213
13,3329,33629288,0,0,1
4,3331,33639233,178,-102,8202
13,3330,33639255,1,0,1
4,3332,33649340,185,-110,8205
13,3331,33649362,0,0,2
4,3333,33659394,182,-101,8202
13,3332,33659416,-1,0,0
4,3334,33669456,181,-106,8204
13,3333,33669478,0,2,0
4,3335,33679517,176,-104,8198
13,3334,33679538,-1,0,0
4,3336,33689660,181,-102,8200
13,3335,33689682,-1,0,0
4,3337,33699670,176,-105,8209
13,3336,33699692,0,0,1
4,3338,33709827,173,-103,8197
13,3337,33709876,0,-1,0
4,3339,33719748,170,-100,8197
13,3338,33719770,-1,-1,-1
4,3340,33729884,174,-117,8198
13,3339,33729906,0,-1,1
4,3341,33739977,172,-113,8199
13,3340,33739999,1,-1,0
4,3342,33750061,171,-109,8192
13,3341,33750083,-1,1,0
4,3343,33760090,178,-111,8206
13,3342,33760112,-1,0,0
4,3344,33770089,180,-109,8206
13,3343,33770111,0,-2,-1
4,3345,33780202,181,-113,8199
13,3344,33780224,0,1,0
4,3346,33790397,170,-106,8206
13,3345,33790419,0,1,1
4,3347,33800345,183,-105,8210
13,3346,33800367,0,2,1
4,3348,33810440,173,-116,8210
13,3347,33810462,-1,1,0
4,3349,33820461,176,-104,8199
13,3348,33820483,-2,2,1
4,3350,33830617,186,-105,8200
13,3349,33830639,0,0,1
4,3351,33840739,178,-118,8213
13,3350,33840761,0,0,1
4,3352,33850750,170,-104,8208
13,3351,33850772,-1,0,0
4,3353,33860845,167,-110,8203
13,3352,33860867,3,2,1
4,3354,33871000,166,-112,8207
13,3353,33871022,0,0,0
4,3355,33880965,180,-104,8210
13,3354,33880987,1,0,0
4,3356,33891029,175,-111,8197
13,3355,33891051,0,0,1
4,3357,33901087,182,-106,8208
13,3356,33901108,0,3,-1
4,3358,33911183,181,-102,8196
13,3357,33911205,0,1,0
4,3359,33921232,170,-102,8193
13,3358,33921254,-1,-1,0
4,3360,33931322,179,-115,8209
13,3359,33931344,0,2,0
4,3361,33941393,178,-107,8198
13,3360,33941415,0,4,1
4,3362,33951654,177,-108,8202
13,3361,33951676,1,2,0
4,3363,33961522,168,-106,8199
13,3362,33961544,2,0,-1
4,3364,33971591,174,-103,8202
13,3363,33971640,2,-3,0
4,3365,33981655,179,-106,8203
13,3364,33981677,0,0,0
4,3366,33991819,174,-111,8190
13,3365,33991841,0,3,0
4,3367,34001866,169,-108,8203
13,3366,34001888,1,-2,1
4,3368,34011924,185,-111,8216
13,3367,34011946,0,-2,0
4,3369,34021949,184,-108,8193
13,3368,34021971,0,-3,2
4,3370,34032120,176,-105,8194
13,3369,34032142,1,0,1
4,3371,34042101,169,-105,8203
13,3370,34042123,0,0,1
4,3372,34052193,164,-112,8198
13,3371,34052215,1,2,0
4,3373,34062224,167,-116,8197
13,3372,34062246,1,0,1
4,3374,34072307,175,-103,8213
13,3373,34072329,0,0,0
4,3375,34082393,185,-111,8205
13,3374,34082415,-1,1,0
4,3376,34092477,183,-111,8209
13,3375,34092527,0,0,0
4,3377,34102548,167,-107,8196
13,3376,34102570,-1,0,0
4,3378,34112663,178,-101,8203
13,3377,34112685,-1,2,1
4,3379,34122755,170,-104,8199
13,3378,34122777,0,5,0
4,3380,34132754,178,-103,8204
13,3379,34132776,0,3,-2
4,3381,34142756,181,-113,8205
13,3380,34142778,0,1,-1
4,3382,34152917,182,-108,8211
13,3381,34152939,-2,0,1
4,3383,34162973,174,-104,8209
13,3382,34162995,0,1,1
4,3384,34173039,179,-112,8206
13,3383,34173061,0,3,-1
4,3385,34183141,171,-106,8196
13,3384,34183163,-1,0,0
4,3386,34193300,164,-118,8204
13,3385,34193322,2,-1,-1
4,3387,34203259,180,-121,8194
13,3386,34203281,2,2,-1
4,3388,34213353,179,-108,8202
13,3387,34213375,-1,0,2
4,3389,34223354,184,-104,8200
13,3388,34223376,-2,1,0
4,3390,34233556,173,-108,8198
13,3389,34233578,-1,0,0
4,3391,34243587,177,-107,8205
13,3390,34243609,0,0,1
4,3392,34253631,171,-101,8205
13,3391,34253653,1,0,1
4,3393,34263720,172,-105,8208
13,3392,34263742,0,-3,0
4,3394,34273867,174,-104,8197
13,3393,34273889,0,-2,0
4,3395,34283830,185,-115,8195
13,3394,34283851,0,-1,-1
4,3396,34293927,175,-112,8207
13,3395,34293949,1,1,1
4,3397,34304097,185,-118,8191
13,3396,34304119,0,0,-1
4,3398,34314075,181,-110,8200
13,3397,34314097,0,-3,0
4,3399,34324177,176,-102,8201
13,3398,34324199,2,-8,0
4,3400,34334230,177,-109,8198
13,3399,34334252,2,-5,0
4,3401,34344429,169,-110,8199
13,3400,34344451,2,-4,0
4,3402,34354538,180,-108,8189
13,3401,34354560,1,0,1
4,3403,34364443,174,-105,8187
13,3402,34364465,-1,3,0
4,3404,34374633,179,-102,8206
13,3403,34374655,-3,1,0
4,3405,34384627,186,-105,8212
13,3404,34384649,0,0,1
4,3406,34394731,178,-109,8205
13,3405,34394753,0,-2,0
4,3407,34404778,166,-112,8197
13,3406,34404800,0,-3,-2
4,3408,34414828,175,-117,8204
13,3407,34414850,0,0,0
4,3409,34424971,166,-123,8216
13,3408,34424993,0,0,-1
4,3410,34435082,180,-108,8206
13,3409,34435104,0,0,0
4,3411,34445020,172,-110,8205
13,3410,34445042,0,-1,-1
4,3412,34455138,175,-119,8201
13,3411,34455160,0,0,-1
4,3413,34465274,173,-109,8200
13,3412,34465296,-1,-1,0
4,3414,34475324,172,-109,8202
13,3413,34475346,-1,-2,1
4,3415,34485427,175,-113,8198
13,3414,34485449,-1,0,1
4,3416,34495460,169,-103,8199
13,3415,34495482,0,-1,0
4,3417,34505465,179,-101,8202
13,3416,34505487,1,0,0
4,3418,34515656,176,-105,8197
13,3417,34515678,0,0,0
4,3419,34525590,181,-112,8203
13,3418,34525611,-1,-3,-2
4,3420,34535700,179,-115,8200
13,3419,34535722,-1,1,1
4,3421,34545761,181,-109,8183
13,3420,34545783,0,1,0
4,3422,34555932,172,-102,8196
13,3421,34555954,0,0,0
4,3423,34565959,176,-106,8204
13,3422,34565981,0,1,0
4,3424,34576048,168,-114,8198
13,3423,34576070,-1,1,0
4,3425,34586034,173,-114,8195
13,3424,34586056,-1,0,-1
4,3426,34596309,185,-115,8194
13,3425,34596331,0,1,0
4,3427,34606239,187,-106,8201
13,3426,34606261,0,2,0
4,3428,34616275,175,-100,8211
13,3427,34616297,-2,2,-1
4,3429,34626369,163,-100,8204
13,3428,34626391,0,2,0
4,3430,34636464,174,-106,8202
13,3429,34636486,0,3,0
4,3431,34646502,166,-104,8210
13,3430,34646524,-2,4,-1
4,3432,34656646,178,-100,8223
13,3431,34656668,-2,1,0
4,3433,34666676,170,-109,8201
13,3432,34666698,0,0,0
4,3434,34676843,176,-109,8185
13,3433,34676865,0,0,0
4,3435,34686799,184,-120,8188
13,3434,34686821,0,-2,0
4,3436,34696885,179,-104,8200
13,3435,34696907,0,-2,-1
4,3437,34707028,165,-106,8201
13,3436,34707077,-1,2,-2
4,3438,34717042,166,-122,8200
13,3437,34717091,0,2,-2
4,3439,34727221,169,-108,8207
13,3438,34727243,0,1,-3
4,3440,34737133,190,-106,8207
13,3439,34737155,0,0,0
4,3441,34747259,178,-102,8190
13,3440,34747281,1,0,0
4,3442,34757417,188,-111,8194
13,3441,34757439,-2,1,-1
4,3443,34767381,190,-104,8191
13,3442,34767403,0,1,0
4,3444,34777487,173,-113,8190
13,3443,34777509,2,1,1
4,3445,34787488,184,-115,8202
13,3444,34787510,0,-3,0
4,3446,34797668,182,-107,8207
13,3445,34797690,0,-2,0
4,3447,34807622,176,-104,8198
13,3446,34807644,3,-3,0
4,3448,34817760,175,-109,8193
13,3447,34817782,0,-2,0
4,3449,34827808,169,-95,8199
13,3448,34827830,0,0,0
4,3450,34838049,174,-99,8203
13,3449,34838071,0,0,-1
4,3451,34848039,178,-98,8198
13,3450,34848061,-3,2,-2
4,3452,34858079,178,-98,8197
13,3451,34858101,3,-1,-3
4,3453,34868233,174,-112,8195
13,3452,34868255,1,0,-2
4,3454,34878285,168,-115,8212
13,3453,34878307,0,0,1
4,3455,34888269,166,-106,8212
13,3454,34888291,0,0,-1
4,3456,34898354,173,-100,8205
13,3455,34898375,0,-2,-3
4,3457,34908432,174,-110,8205
13,3456,34908454,0,-1,0
4,3458,34918618,178,-115,8199
13,3457,34918640,0,-4,1
4,3459,34928574,168,-109,8188
13,3458,34928596,0,0,0
4,3460,34938657,187,-106,8194
13,3459,34938679,0,-2,1
4,3461,34948721,183,-100,8201
13,3460,34948743,0,-1,0
4,3462,34958815,182,-112,8194
13,3461,34958837,0,3,0
4,3463,34968867,169,-108,8197
13,3462,34968916,0,3,1
4,3464,34979029,172,-103,8205
13,3463,34979051,0,0,0
4,3465,34989079,173,-113,8200
13,3464,34989101,1,0,0
4,3466,34999157,169,-115,8197
# CONFIG,end,4,100.000,0,4,0
# CONFIG,end,13,100.000,0,1000,0
13,3465,34999179,2,0,0
# END,accel_events=3466,gyro_events=3465,queue_dropped=0,malformed=0,max_poll_gap_us=135817
# Reset the board 
# EXPERIMENT,rotation-x
# planned_turn_us=10000000:13000000,planned_return_us=20000000:23000000
