Bootloader starting
NRF_POWER->GPREGRET2 = 0004
CONFIG_GPIO_AS_PINRESET NOT defined
BHI260/BHA260 found. Product ID read 89
Loading firmware. Boot status: 11
No BHY UPDATE file found!
No ANNA_UPDATE_FILE found. Starting main application
Ä$≈ÖçïÅthe box still. Send s to capture 5 s startup + 30 s stationary data.
# NICLA_DIAGNOSTIC_V1
# Arduino_BHY2=1.0.8; corrected counts; no orientation or BLE output
# configuration_read_attempts=3
# CONFIG,phase,sensor_id,rate_hz,latency_ms,range,sensitivity
# startup_us=5000000,duration_us=35000000
# host_us is delivery time; hardware timestamps and upstream loss are not exposed
sensor_id,sequence,host_us,x_counts,y_counts,z_counts
# CONFIG_READ_FAILURE,phase=start,sensor_id=4,attempt=1,status=-5,bytes=4,expected_bytes=12
# CONFIG,start,4,100.000,0,4,0
# CONFIG,start,13,100.000,0,1000,0
4,1,135788,-130,-8280,176
4,2,135841,-132,-8268,183
13,1,135864,0,14,-14
4,3,138586,-155,-8302,200
13,2,138608,0,14,-23
4,4,138631,-166,-8298,199
13,3,138653,-13,12,-58
4,5,143251,-146,-8261,185
13,4,143273,-20,7,-94
4,6,154719,-144,-8307,189
13,5,154741,-27,10,-114
4,7,162440,-173,-8347,183
13,6,162462,-63,26,-174
4,8,172421,-98,-8264,143
13,7,172443,-93,58,-256
4,9,182534,-41,-8225,143
13,8,182557,-70,82,-228
4,10,192728,-83,-8271,162
13,9,192751,-46,83,-176
4,11,202653,-62,-8255,148
13,10,202675,-41,86,-176
4,12,212734,-48,-8248,183
13,11,212756,-31,73,-145
4,13,222723,-84,-8283,166
13,12,222745,-32,53,-121
4,14,232832,-51,-8273,151
13,13,232854,-35,53,-132
4,15,242852,-47,-8266,168
13,14,242874,-24,57,-128
4,16,252845,-34,-8256,167
13,15,252867,-19,57,-123
4,17,263033,-24,-8249,143
13,16,263055,-13,59,-98
4,18,273095,-31,-8248,146
13,17,273118,-5,64,-69
4,19,283004,-27,-8255,134
13,18,283026,0,73,-50
4,20,293169,-62,-8316,116
13,19,293191,-4,97,-60
4,21,303209,-27,-8259,152
13,20,303231,-17,134,-108
4,22,313342,-9,-8251,177
13,21,313364,-13,126,-97
4,23,323243,-69,-8300,194
13,22,323292,-12,94,-91
4,24,333342,-44,-8296,182
13,23,333364,-46,78,-148
4,25,343404,-18,-8269,162
13,24,343426,-49,60,-160
4,26,353504,-40,-8289,145
13,25,353526,-41,40,-156
4,27,363433,7,-8233,117
13,26,363455,-39,37,-170
4,28,373507,-1,-8265,122
13,27,373529,-21,35,-138
4,29,383563,26,-8242,116
13,28,383585,-10,44,-126
4,30,393707,6,-8260,137
13,29,393729,5,40,-93
4,31,403630,14,-8264,118
13,30,403652,15,41,-73
4,32,413725,36,-8255,156
13,31,413747,24,39,-39
4,33,423783,-1,-8285,148
13,32,423805,19,21,-18
4,34,433925,18,-8227,146
13,33,433947,-1,19,-29
4,35,443887,21,-8262,121
13,34,443909,-7,18,-6
4,36,453977,49,-8220,138
13,35,453999,-3,18,13
4,37,464001,23,-8256,140
13,36,464023,14,10,59
4,38,474125,4,-8293,131
13,37,474147,26,0,73
4,39,484166,17,-8255,111
13,38,484188,30,0,70
4,40,494152,-5,-8282,138
13,39,494174,44,0,74
4,41,504239,34,-8228,128
13,40,504261,42,0,72
4,42,514335,13,-8237,137
13,41,514357,53,9,119
4,43,524322,-23,-8302,147
13,42,524344,54,8,131
4,44,534337,-46,-8314,174
13,43,534359,51,0,87
4,45,544394,18,-8210,132
13,44,544416,53,-14,66
4,46,554498,11,-8215,108
13,45,554520,48,2,118
4,47,564439,-22,-8267,153
13,46,564461,54,28,175
4,48,574586,-38,-8273,131
13,47,574608,62,25,200
4,49,584690,-144,-8385,240
13,48,584712,88,2,169
4,50,594777,-11,-8178,121
13,49,594799,74,-45,95
4,51,604733,2,-8216,106
13,50,604755,74,-12,169
4,52,614771,-83,-8275,129
13,51,614793,74,15,241
4,53,624798,-106,-8287,151
13,52,624820,86,17,249
4,54,634890,-103,-8289,155
13,53,634912,82,33,236
4,55,644932,-147,-8306,175
13,54,644954,77,38,220
4,56,654965,-153,-8318,165
13,55,654987,69,38,171
4,57,665043,-168,-8331,176
13,56,665065,66,46,131
4,58,675167,-189,-8320,232
13,57,675189,53,35,69
4,59,685104,-92,-8215,122
13,58,685126,42,0,14
4,60,695123,-112,-8306,126
13,59,695145,58,37,68
4,61,705223,-144,-8322,185
13,60,705245,43,82,68
4,62,715323,-140,-8267,210
13,61,715345,36,80,38
4,63,725379,-158,-8285,206
13,62,725401,20,59,12
4,64,735413,-123,-8258,165
13,63,735435,8,57,-5
4,65,745419,-123,-8259,172
13,64,745441,17,57,11
4,66,755630,-123,-8248,165
13,65,755652,29,58,23
4,67,765511,-158,-8294,201
13,66,765533,46,67,40
4,68,775545,-173,-8283,252
13,67,775567,53,23,24
4,69,785624,-112,-8214,180
13,68,785646,46,-26,8
4,70,795755,-121,-8255,146
13,69,795777,41,5,47
4,71,805713,-142,-8278,169
13,70,805735,23,49,62
4,72,815741,-157,-8285,161
13,71,815763,38,57,69
4,73,825911,-172,-8282,193
13,72,825933,49,55,68
4,74,835949,-187,-8276,202
13,73,835971,44,42,54
4,75,845919,-184,-8274,197
13,74,845941,41,29,36
4,76,856058,-186,-8290,200
13,75,856080,38,24,21
4,77,866020,-181,-8269,201
13,76,866042,27,26,7
4,78,876103,-175,-8269,180
13,77,876125,30,32,7
4,79,886119,-165,-8282,187
13,78,886141,39,33,14
4,80,896170,-171,-8278,217
13,79,896192,49,27,21
4,81,906218,-173,-8279,227
13,80,906240,56,7,27
4,82,916383,-201,-8282,215
13,81,916405,45,-2,13
4,83,926397,-186,-8254,216
13,82,926419,31,-7,-1
4,84,936376,-178,-8270,214
13,83,936398,12,-7,-17
4,85,946515,-177,-8280,218
13,84,946537,1,-11,-24
4,86,956539,-172,-8273,202
13,85,956561,1,-12,-24
4,87,966626,-154,-8262,200
13,86,966648,6,-13,-18
4,88,976632,-151,-8275,196
13,87,976654,8,-16,-18
4,89,986632,-165,-8291,185
13,88,986654,10,-18,-22
4,90,996867,-154,-8265,187
13,89,996889,16,-19,-18
4,91,1006736,-167,-8257,192
13,90,1006757,28,-23,-11
4,92,1016781,-166,-8259,197
13,91,1016802,26,-19,-10
4,93,1026798,-165,-8281,187
13,92,1026820,27,-18,0
4,94,1036938,-177,-8291,204
13,93,1036959,23,-18,0
4,95,1047025,-183,-8284,193
13,94,1047047,14,-22,-7
4,96,1056947,-185,-8277,213
13,95,1056969,8,-20,-16
4,97,1067046,-185,-8271,202
13,96,1067068,0,-21,-30
4,98,1077214,-172,-8270,189
13,97,1077236,-2,-24,-36
4,99,1087161,-168,-8264,191
13,98,1087183,0,-23,-32
4,100,1097230,-173,-8253,197
13,99,1097252,8,-24,-23
4,101,1107264,-169,-8257,189
13,100,1107286,16,-27,-16
4,102,1117332,-176,-8266,198
13,101,1117354,19,-21,-11
4,103,1127375,-172,-8273,205
13,102,1127397,5,-7,-2
4,104,1137358,-171,-8281,199
13,103,1137380,0,-6,-2
4,105,1147488,-166,-8267,193
13,104,1147510,-2,-9,-8
4,106,1157678,-179,-8273,198
13,105,1157700,-2,-7,-11
4,107,1167587,-171,-8261,199
13,106,1167609,0,-8,-9
4,108,1177595,-178,-8278,205
13,107,1177617,0,-10,-15
4,109,1187592,-165,-8274,202
13,108,1187614,-3,-12,-18
4,110,1197777,-156,-8262,207
13,109,1197799,4,-14,-6
4,111,1207786,-163,-8267,198
13,110,1207808,2,-16,-8
4,112,1217848,-166,-8269,182
13,111,1217870,0,-18,-7
4,113,1227888,-174,-8264,201
13,112,1227910,-4,-17,-5
4,114,1238017,-164,-8280,197
13,113,1238039,-6,-14,-7
4,115,1248014,-161,-8187,205
13,114,1248039,-2,-15,-8
4,116,1258023,-170,-8196,205
13,115,1258045,-2,-13,-8
4,117,1268016,-177,-8188,183
13,116,1268038,-4,-12,-12
4,118,1278149,-177,-8196,183
13,117,1278171,-6,-7,-11
4,119,1288194,-159,-8196,182
13,118,1288216,-7,-8,-12
4,120,1298219,-174,-8193,186
13,119,1298241,-9,-7,-14
4,121,1308300,-184,-8196,202
13,120,1308322,-12,-7,-12
4,122,1318442,-184,-8186,195
13,121,1318464,-11,-7,-6
4,123,1328311,-176,-8195,190
13,122,1328332,-10,-7,-6
4,124,1338457,-168,-8202,177
13,123,1338479,-5,-7,-10
4,125,1348422,-164,-8192,180
13,124,1348444,-2,-10,-7
4,126,1358588,-167,-8180,195
13,125,1358610,4,-11,-3
4,127,1368545,-170,-8182,190
13,126,1368567,6,-8,3
4,128,1378585,-157,-8191,194
13,127,1378607,6,-11,6
4,129,1388642,-164,-8195,205
13,128,1388664,8,-11,5
4,130,1398776,-174,-8200,206
13,129,1398798,3,-11,0
4,131,1408764,-167,-8195,193
13,130,1408786,-2,-12,-1
4,132,1418849,-177,-8176,182
13,131,1418871,-8,-13,-6
4,133,1428830,-166,-8173,184
13,132,1428852,-9,-17,-7
4,134,1438899,-167,-8180,177
13,133,1438921,-6,-14,0
4,135,1449004,-172,-8188,185
13,134,1449026,-3,-12,8
4,136,1458928,-186,-8200,197
13,135,1458977,6,-7,16
4,137,1469073,-188,-8204,183
13,136,1469095,1,-5,1
4,138,1479160,-169,-8183,178
13,137,1479182,6,-5,-4
4,139,1489144,-191,-8204,187
13,138,1489166,14,-5,6
4,140,1499263,-192,-8199,203
13,139,1499285,2,-6,-3
4,141,1509215,-180,-8198,182
13,140,1509237,-4,-7,-10
4,142,1519303,-186,-8194,193
13,141,1519325,-8,-10,-12
4,143,1529333,-174,-8189,187
13,142,1529355,-5,-11,-9
4,144,1539355,-172,-8184,182
13,143,1539377,6,-11,1
4,145,1549420,-187,-8185,192
13,144,1549442,10,-7,7
4,146,1559573,-194,-8199,186
13,145,1559595,6,-6,8
4,147,1569516,-184,-8190,199
13,146,1569538,0,-5,1
4,148,1579487,-180,-8197,187
13,147,1579509,-2,-8,-4
4,149,1589617,-197,-8195,189
13,148,1589639,-4,-11,-8
4,150,1599705,-188,-8193,187
13,149,1599727,-2,-11,-11
4,151,1609733,-172,-8185,187
13,150,1609755,0,-9,-13
4,152,1619756,-172,-8192,192
13,151,1619778,2,-7,-10
4,153,1629876,-175,-8180,191
13,152,1629898,0,-6,-8
4,154,1639963,-165,-8170,213
13,153,1639985,-3,-4,-3
4,155,1649916,-154,-8162,207
13,154,1649938,-4,-1,7
4,156,1659951,-167,-8185,185
13,155,1659973,-2,-4,14
4,157,1670055,-189,-8199,186
13,156,1670076,7,-6,17
4,158,1680073,-184,-8202,201
13,157,1680095,2,-5,7
4,159,1690099,-187,-8211,188
13,158,1690121,-6,-9,-11
4,160,1700142,-182,-8196,179
13,159,1700164,-9,-3,-23
4,161,1710301,-170,-8184,194
13,160,1710323,-6,-4,-16
4,162,1720368,-174,-8196,183
13,161,1720390,-3,-7,-15
4,163,1730247,-184,-8201,169
13,162,1730269,2,-6,-9
4,164,1740387,-175,-8195,180
13,163,1740409,4,-6,0
4,165,1750387,-181,-8186,183
13,164,1750409,7,-4,6
4,166,1760496,-195,-8201,193
13,165,1760518,9,-5,11
4,167,1770474,-192,-8184,191
13,166,1770496,8,-4,8
4,168,1780541,-196,-8212,191
13,167,1780563,-4,-3,0
4,169,1790606,-192,-8208,186
13,168,1790628,-8,-4,-11
4,170,1800731,-180,-8208,195
13,169,1800753,-10,-7,-18
4,171,1810711,-167,-8200,180
13,170,1810733,-14,-5,-24
4,172,1820736,-168,-8185,188
13,171,1820758,-4,-7,-14
4,173,1830824,-162,-8175,178
13,172,1830846,0,-7,-6
4,174,1840891,-166,-8185,193
13,173,1840913,0,-3,-3
4,175,1850850,-162,-8175,184
13,174,1850872,0,-2,-6
4,176,1860958,-184,-8186,190
13,175,1860980,1,-1,-7
4,177,1870973,-170,-8192,189
13,176,1870995,-3,-1,-9
4,178,1881188,-177,-8194,175
13,177,1881210,0,-2,-4
4,179,1891076,-169,-8180,181
13,178,1891098,10,-2,1
4,180,1901163,-165,-8188,185
13,179,1901185,14,-2,3
4,181,1911258,-180,-8184,187
13,180,1911280,20,-3,8
4,182,1921265,-187,-8205,180
13,181,1921287,16,-1,9
4,183,1931302,-207,-8203,191
13,182,1931324,8,-2,0
4,184,1941324,-188,-8181,189
13,183,1941346,-4,-5,-19
4,185,1951509,-178,-8187,182
13,184,1951531,-4,-8,-13
4,186,1961557,-197,-8201,197
13,185,1961579,0,-8,-12
4,187,1971518,-195,-8201,194
13,186,1971540,1,-6,-15
4,188,1981627,-193,-8203,181
13,187,1981649,0,-8,-15
4,189,1991544,-189,-8178,190
13,188,1991566,-2,-4,-16
4,190,2001683,-182,-8196,194
13,189,2001705,-10,-4,-17
4,191,2011753,-176,-8186,178
13,190,2011775,-16,-8,-20
4,192,2021735,-174,-8198,186
13,191,2021757,-6,-6,-11
4,193,2031778,-176,-8190,180
13,192,2031800,-5,-5,-11
4,194,2041934,-166,-8193,182
13,193,2041956,0,-6,-5
4,195,2051869,-174,-8204,168
13,194,2051891,9,-9,0
4,196,2061928,-165,-8190,180
13,195,2061950,11,-5,-2
4,197,2071989,-173,-8188,179
13,196,2072011,10,-2,-1
4,198,2082149,-169,-8198,180
13,197,2082171,10,-3,-1
4,199,2092110,-167,-8181,183
13,198,2092132,10,-4,-1
4,200,2102189,-176,-8181,187
13,199,2102211,4,-5,-1
4,201,2112220,-190,-8195,176
13,200,2112242,0,-2,0
4,202,2122375,-188,-8184,169
13,201,2122397,-3,0,-8
4,203,2132261,-173,-8186,172
13,202,2132283,-3,-2,-6
4,204,2142278,-171,-8194,187
13,203,2142300,4,-7,5
4,205,2152410,-171,-8193,184
13,204,2152432,5,-5,3
4,206,2162461,-184,-8197,181
13,205,2162483,0,-5,-4
4,207,2172473,-184,-8202,185
13,206,2172495,-3,-4,-11
4,208,2182479,-190,-8190,183
13,207,2182501,0,-6,-13
4,209,2192566,-186,-8176,187
13,208,2192588,3,-7,-4
4,210,2202826,-187,-8203,178
13,209,2202848,5,-2,1
4,211,2212683,-173,-8184,184
13,210,2212705,11,-2,2
4,212,2222782,-184,-8191,199
13,211,2222804,12,-4,4
4,213,2232844,-185,-8192,188
13,212,2232866,6,-4,0
4,214,2242912,-183,-8189,187
13,213,2242934,3,-5,-1
4,215,2252897,-194,-8173,196
13,214,2252919,1,-4,-5
4,216,2262948,-188,-8195,174
13,215,2262970,-2,-5,-8
4,217,2272944,-190,-8196,180
13,216,2272966,-1,-2,-8
4,218,2283152,-183,-8198,165
13,217,2283174,6,-2,-5
4,219,2293134,-181,-8186,164
13,218,2293156,8,-1,-3
4,220,2303138,-186,-8184,177
13,219,2303160,14,-1,0
4,221,2313113,-173,-8195,181
13,220,2313135,16,-2,0
4,222,2323274,-175,-8203,192
13,221,2323323,12,-5,-4
4,223,2333304,-167,-8189,192
13,222,2333326,0,-3,-12
4,224,2343269,-170,-8192,183
13,223,2343291,-1,-2,-15
4,225,2353373,-172,-8177,173
13,224,2353395,-5,-9,-12
4,226,2363546,-181,-8170,185
13,225,2363568,-2,-10,-7
4,227,2373513,-179,-8180,200
13,226,2373535,0,-9,0
4,228,2383480,-178,-8195,192
13,227,2383502,-4,-9,0
4,229,2393505,-177,-8205,180
13,228,2393526,-8,-5,-3
4,230,2403557,-181,-8198,186
13,229,2403579,-4,-7,-9
4,231,2413612,-181,-8191,184
13,230,2413634,0,-3,-10
4,232,2423672,-194,-8200,180
13,231,2423694,2,-1,-10
4,233,2433647,-181,-8196,176
13,232,2433669,4,1,-9
4,234,2443940,-184,-8196,196
13,233,2443962,9,0,0
4,235,2453739,-185,-8193,188
13,234,2453761,5,-1,0
4,236,2463856,-180,-8197,187
13,235,2463878,0,-3,-1
4,237,2473964,-186,-8192,193
13,236,2473986,0,-2,-2
4,238,2483993,-190,-8201,180
13,237,2484015,2,-1,-2
4,239,2494007,-190,-8183,182
13,238,2494029,3,-5,-1
4,240,2504039,-186,-8204,170
13,239,2504061,3,-9,-2
4,241,2514031,-174,-8188,182
13,240,2514053,3,-7,-4
4,242,2524208,-181,-8191,176
13,241,2524230,2,-8,-6
4,243,2534169,-185,-8188,187
13,242,2534191,2,-3,-7
4,244,2544217,-175,-8181,173
13,243,2544239,7,-2,-3
4,245,2554236,-167,-8187,181
13,244,2554258,9,-4,0
4,246,2564323,-166,-8181,193
13,245,2564345,10,-4,0
4,247,2574289,-167,-8189,181
13,246,2574311,1,0,-4
4,248,2584397,-169,-8186,184
13,247,2584419,6,-3,8
4,249,2594464,-187,-8186,197
13,248,2594486,10,-3,11
4,250,2604550,-183,-8198,196
13,249,2604572,6,-1,10
4,251,2614572,-181,-8200,195
13,250,2614594,8,-4,10
4,252,2624541,-201,-8195,186
13,251,2624563,7,-7,7
4,253,2634605,-200,-8196,202
13,252,2634626,8,-5,6
4,254,2644654,-189,-8195,187
13,253,2644676,2,-6,0
4,255,2654736,-200,-8195,182
13,254,2654758,-5,-3,-7
4,256,2664796,-183,-8191,167
13,255,2664818,-9,0,-17
4,257,2674838,-188,-8187,191
13,256,2674860,-1,0,-14
4,258,2684919,-184,-8195,182
13,257,2684941,0,-1,-9
4,259,2694872,-184,-8192,188
13,258,2694894,0,0,-8
4,260,2704924,-190,-8194,184
13,259,2704973,-5,-1,-13
4,261,2714907,-183,-8183,172
13,260,2714956,-4,-2,-13
4,262,2725098,-194,-8188,179
13,261,2725120,3,-4,-5
4,263,2735080,-190,-8198,186
13,262,2735102,4,-6,-1
4,264,2745143,-194,-8200,173
13,263,2745165,-1,-5,-11
4,265,2755166,-181,-8198,161
13,264,2755188,-7,-1,-13
4,266,2765294,-177,-8177,175
13,265,2765316,-5,0,-10
4,267,2775279,-173,-8180,182
13,266,2775301,0,-1,-7
4,268,2785315,-171,-8201,187
13,267,2785337,2,-2,0
4,269,2795388,-174,-8186,192
13,268,2795410,1,-2,-2
4,270,2805447,-181,-8173,194
13,269,2805469,0,-5,-3
4,271,2815478,-181,-8182,195
13,270,2815500,0,-4,-4
4,272,2825509,-182,-8203,183
13,271,2825531,1,-3,0
4,273,2835511,-184,-8198,194
13,272,2835533,3,-2,-2
4,274,2845745,-171,-8200,193
13,273,2845767,9,-4,0
4,275,2855738,-193,-8200,188
13,274,2855760,14,-4,6
4,276,2865762,-190,-8210,180
13,275,2865784,6,-5,1
4,277,2875752,-177,-8193,193
13,276,2875773,-1,-3,-6
4,278,2885792,-196,-8184,196
13,277,2885814,-4,-2,-4
4,279,2895871,-196,-8191,190
13,278,2895893,-3,-1,-3
4,280,2905909,-193,-8188,185
13,279,2905931,-4,-4,-5
4,281,2915995,-194,-8190,184
13,280,2916017,-2,-7,-2
4,282,2926096,-191,-8189,178
13,281,2926118,4,-5,0
4,283,2935994,-191,-8186,182
13,282,2936015,8,-1,3
4,284,2946089,-187,-8194,189
13,283,2946111,7,0,5
4,285,2956130,-194,-8181,191
13,284,2956152,8,-5,7
4,286,2966246,-195,-8187,176
13,285,2966268,4,-7,10
4,287,2976260,-188,-8177,181
13,286,2976282,7,-7,17
4,288,2986273,-194,-8201,195
13,287,2986295,14,-8,19
4,289,2996353,-191,-8215,184
13,288,2996375,5,-5,1
4,290,3006517,-191,-8201,190
13,289,3006539,5,0,-8
4,291,3016407,-195,-8192,181
13,290,3016429,0,0,-18
4,292,3026452,-185,-8184,187
13,291,3026474,-4,0,-25
4,293,3036503,-186,-8182,185
13,292,3036524,0,0,-14
4,294,3046569,-190,-8184,188
13,293,3046591,3,0,-10
4,295,3056608,-174,-8185,190
13,294,3056629,3,0,-11
4,296,3066639,-179,-8193,192
13,295,3066661,11,-1,0
4,297,3076731,-182,-8197,192
13,296,3076780,6,-4,2
4,298,3086871,-189,-8198,179
13,297,3086893,0,-4,0
4,299,3096797,-183,-8186,176
13,298,3096819,-4,-6,-1
4,300,3106881,-190,-8190,182
13,299,3106903,0,-5,0
4,301,3116955,-199,-8190,190
13,300,3116977,1,-2,-1
4,302,3126987,-181,-8202,168
13,301,3127009,0,-1,-4
4,303,3136992,-181,-8192,176
13,302,3137014,1,1,-4
4,304,3146986,-186,-8196,187
13,303,3147008,3,0,-1
4,305,3157081,-185,-8181,177
13,304,3157103,7,-2,-1
4,306,3167237,-188,-8183,193
13,305,3167258,7,-6,-3
4,307,3177193,-185,-8188,176
13,306,3177215,4,-4,-2
4,308,3187181,-184,-8181,186
13,307,3187203,4,-2,-1
4,309,3197303,-187,-8191,194
13,308,3197325,2,-1,-1
4,310,3207377,-186,-8191,194
13,309,3207399,5,0,3
4,311,3217398,-179,-8191,194
13,310,3217420,4,-1,0
4,312,3227437,-188,-8197,189
13,311,3227459,0,0,-4
4,313,3237461,-164,-8189,169
13,312,3237483,-3,-1,-8
4,314,3247616,-180,-8193,182
13,313,3247638,8,-5,6
4,315,3257566,-178,-8182,206
13,314,3257588,19,-5,12
4,316,3267629,-186,-8186,199
13,315,3267651,9,-5,12
4,317,3277596,-197,-8200,199
13,316,3277618,6,-6,12
4,318,3287793,-214,-8206,215
13,317,3287815,-5,-3,0
4,319,3297741,-196,-8194,202
13,318,3297763,-24,-1,-20
4,320,3307743,-193,-8197,177
13,319,3307765,-26,-1,-25
4,321,3317813,-189,-8197,168
13,320,3317835,-19,0,-19
4,322,3327974,-181,-8198,187
13,321,3327996,-8,-2,-7
4,323,3337952,-188,-8197,193
13,322,3337974,-3,-1,-6
4,324,3347993,-191,-8195,184
13,323,3348015,-3,0,-4
4,325,3358058,-181,-8182,183
13,324,3358080,-6,0,-7
4,326,3368095,-179,-8186,187
13,325,3368117,-6,-1,-10
4,327,3378096,-191,-8203,183
13,326,3378118,-4,1,-5
4,328,3388106,-188,-8195,177
13,327,3388128,-4,1,-4
4,329,3398217,-185,-8188,178
13,328,3398239,-3,-2,-4
4,330,3408343,-185,-8193,187
13,329,3408364,-4,-4,-3
4,331,3418218,-180,-8193,179
13,330,3418240,-1,0,-4
4,332,3428336,-179,-8178,188
13,331,3428358,-4,-1,-6
4,333,3438377,-180,-8199,178
13,332,3438399,-9,0,-9
4,334,3448431,-179,-8203,177
13,333,3448453,-7,3,-11
4,335,3458479,-187,-8183,179
13,334,3458528,-4,0,-7
4,336,3468599,-190,-8183,184
13,335,3468621,2,-1,1
4,337,3478535,-189,-8195,179
13,336,3478557,1,1,2
4,338,3488728,-184,-8195,179
13,337,3488750,-2,2,-2
4,339,3498693,-180,-8189,189
13,338,3498715,-2,3,-1
4,340,3508757,-189,-8183,184
13,339,3508779,0,0,5
4,341,3518763,-179,-8190,187
13,340,3518785,1,0,2
4,342,3528779,-184,-8195,169
13,341,3528801,-1,1,0
4,343,3538929,-186,-8188,163
13,342,3538951,4,-1,3
4,344,3548924,-179,-8189,178
13,343,3548946,9,-2,7
4,345,3558969,-179,-8186,171
13,344,3558991,7,0,8
4,346,3569117,-175,-8188,163
13,345,3569139,5,1,8
4,347,3579048,-182,-8202,176
13,346,3579070,9,1,12
4,348,3589200,-189,-8202,177
13,347,3589222,0,3,2
4,349,3599170,-206,-8197,161
13,348,3599192,-8,1,-7
4,350,3609208,-203,-8200,179
13,349,3609230,-6,1,-12
4,351,3619309,-188,-8192,182
13,350,3619331,-8,3,-12
4,352,3629364,-176,-8174,188
13,351,3629386,-1,1,-6
4,353,3639355,-172,-8194,180
13,352,3639377,7,1,3
4,354,3649577,-190,-8203,182
13,353,3649599,6,0,4
4,355,3659447,-189,-8187,187
13,354,3659468,1,0,2
4,356,3669458,-185,-8197,172
13,355,3669480,0,-3,0
4,357,3679538,-181,-8178,178
13,356,3679560,0,0,-6
4,358,3689583,-192,-8182,172
13,357,3689605,0,-1,-3
4,359,3699634,-200,-8193,178
13,358,3699656,2,-1,0
4,360,3709742,-187,-8197,180
13,359,3709764,-3,-1,0
4,361,3719849,-180,-8191,174
13,360,3719871,-8,1,-7
4,362,3729941,-177,-8197,179
13,361,3729963,-6,2,-12
4,363,3739923,-170,-8200,183
13,362,3739945,-2,3,-8
4,364,3749859,-183,-8187,185
13,363,3749881,0,4,-6
4,365,3760011,-191,-8185,174
13,364,3760033,0,1,-2
4,366,3770027,-179,-8194,172
13,365,3770049,3,0,0
4,367,3779996,-187,-8201,170
13,366,3780018,0,-1,-7
4,368,3790078,-195,-8206,171
13,367,3790100,0,0,-6
4,369,3800141,-199,-8191,186
13,368,3800163,3,-3,-2
4,370,3810305,-192,-8197,181
13,369,3810327,1,-3,-1
4,371,3820300,-209,-8186,178
13,370,3820322,2,-3,-2
4,372,3830316,-189,-8198,182
13,371,3830338,0,-3,-5
4,373,3840377,-180,-8188,159
13,372,3840399,-5,0,-4
4,374,3850466,-185,-8183,166
13,373,3850488,0,4,1
4,375,3860459,-196,-8210,164
13,374,3860481,7,1,9
4,376,3870555,-194,-8204,175
13,375,3870577,5,1,7
4,377,3880551,-205,-8196,187
13,376,3880573,0,3,-4
4,378,3890741,-197,-8214,178
13,377,3890763,-6,4,-16
4,379,3900594,-185,-8197,164
13,378,3900616,-10,4,-22
4,380,3910653,-179,-8175,175
13,379,3910675,-5,1,-16
4,381,3920739,-182,-8189,177
13,380,3920761,0,2,-9
4,382,3930807,-190,-8195,176
13,381,3930829,-1,1,-2
4,383,3940813,-183,-8194,173
13,382,3940835,0,0,1
4,384,3950808,-176,-8192,183
13,383,3950830,4,-1,6
4,385,3960894,-184,-8200,170
13,384,3960943,9,-2,3
4,386,3971054,-184,-8190,181
13,385,3971076,9,-4,2
4,387,3981016,-196,-8185,178
13,386,3981038,6,-3,4
4,388,3991027,-180,-8209,176
13,387,3991049,1,-3,-3
4,389,4001121,-187,-8195,170
13,388,4001143,0,-1,-6
4,390,4011204,-179,-8202,180
13,389,4011226,-2,1,-11
4,391,4021202,-193,-8194,181
13,390,4021224,0,1,-8
4,392,4031280,-184,-8192,184
13,391,4031302,0,1,-8
4,393,4041303,-186,-8196,185
13,392,4041325,1,0,-7
4,394,4051413,-174,-8183,189
13,393,4051435,0,-1,-8
4,395,4061380,-200,-8199,168
13,394,4061402,-2,-1,-6
4,396,4071424,-199,-8188,166
13,395,4071446,2,-2,0
4,397,4081464,-179,-8183,172
13,396,4081485,6,-2,4
4,398,4091549,-185,-8193,185
13,397,4091571,6,0,3
4,399,4101560,-192,-8208,176
13,398,4101582,6,0,0
4,400,4111631,-189,-8202,166
13,399,4111653,5,-1,-1
4,401,4121662,-191,-8201,178
13,400,4121684,6,-2,0
4,402,4131786,-179,-8198,184
13,401,4131808,8,0,1
4,403,4141749,-188,-8194,179
13,402,4141771,11,0,1
4,404,4151750,-212,-8194,170
13,403,4151772,10,1,-6
4,405,4161763,-194,-8178,181
13,404,4161785,11,2,-3
4,406,4171864,-198,-8194,188
13,405,4171886,2,1,-1
4,407,4181904,-201,-8203,172
13,406,4181926,-9,-2,-12
4,408,4191984,-192,-8203,174
13,407,4192006,-9,-2,-14
4,409,4201992,-183,-8189,177
13,408,4202014,-9,0,-13
4,410,4212133,-194,-8191,165
13,409,4212155,-9,1,-15
4,411,4222056,-175,-8203,170
13,410,4222078,-2,1,-10
4,412,4232168,-179,-8208,170
13,411,4232190,1,1,-4
4,413,4242167,-193,-8202,171
13,412,4242189,3,-2,0
4,414,4252205,-181,-8203,181
13,413,4252227,2,0,0
4,415,4262234,-187,-8189,185
13,414,4262256,0,1,-2
4,416,4272339,-187,-8184,165
13,415,4272361,0,2,-3
4,417,4282291,-186,-8187,159
13,416,4282313,0,1,-3
4,418,4292381,-182,-8199,170
13,417,4292403,2,2,-2
4,419,4302388,-180,-8191,180
13,418,4302410,2,3,-2
4,420,4312419,-195,-8206,187
13,419,4312441,-2,3,-3
4,421,4322493,-191,-8192,196
13,420,4322515,-5,3,-7
4,422,4332591,-197,-8194,173
13,421,4332613,-7,3,-14
4,423,4342594,-178,-8186,164
13,422,4342616,-12,6,-15
4,424,4352626,-163,-8190,171
13,423,4352648,-9,2,-14
4,425,4362681,-187,-8195,175
13,424,4362703,-5,5,-7
4,426,4372782,-188,-8207,166
13,425,4372804,-1,7,-2
4,427,4382740,-193,-8206,162
13,426,4382762,5,7,4
4,428,4392794,-185,-8178,170
13,427,4392816,6,8,4
4,429,4402799,-189,-8197,176
13,428,4402821,1,8,-3
4,430,4412850,-184,-8197,198
13,429,4412872,-2,6,-10
4,431,4422912,-193,-8200,178
13,430,4422933,-2,0,-8
4,432,4432955,-185,-8196,189
13,431,4432977,-8,0,-15
4,433,4443067,-167,-8198,173
13,432,4443089,-8,-1,-10
4,434,4453178,-182,-8207,170
13,433,4453200,0,0,-2
4,435,4463144,-187,-8208,161
13,434,4463166,0,1,-4
4,436,4473225,-181,-8198,165
13,435,4473247,2,1,-6
4,437,4483220,-178,-8189,174
13,436,4483242,9,0,-1
4,438,4493285,-180,-8189,184
13,437,4493307,8,0,3
4,439,4503282,-202,-8183,185
13,438,4503304,5,0,0
4,440,4513387,-194,-8201,165
13,439,4513409,-2,1,-9
4,441,4523355,-189,-8194,155
13,440,4523377,-3,1,-10
4,442,4533481,-182,-8188,168
13,441,4533503,1,0,-5
4,443,4543481,-187,-8187,180
13,442,4543503,4,-3,0
4,444,4553425,-182,-8195,178
13,443,4553447,7,0,-1
4,445,4563517,-186,-8192,172
13,444,4563539,8,1,-2
4,446,4573631,-196,-8183,178
13,445,4573653,4,0,-1
4,447,4583613,-184,-8190,167
13,446,4583662,0,0,-4
4,448,4593669,-176,-8195,161
13,447,4593691,-1,-3,-7
4,449,4603714,-181,-8192,179
13,448,4603736,-3,-5,-9
4,450,4613830,-198,-8190,174
13,449,4613852,0,-2,-4
4,451,4623779,-180,-8188,174
13,450,4623801,-2,0,-5
4,452,4633828,-183,-8204,178
13,451,4633850,3,-2,-1
4,453,4643904,-180,-8198,186
13,452,4643926,6,0,0
4,454,4653949,-180,-8197,171
13,453,4653971,6,0,-2
4,455,4663988,-186,-8182,175
13,454,4664010,6,0,-3
4,456,4673961,-190,-8187,172
13,455,4673983,9,-1,0
4,457,4684106,-188,-8202,181
13,456,4684128,11,-1,0
4,458,4694164,-181,-8196,182
13,457,4694186,7,0,0
4,459,4704062,-190,-8195,181
13,458,4704084,-3,1,-6
4,460,4714234,-192,-8193,176
13,459,4714256,-4,-1,-10
4,461,4724251,-175,-8188,176
13,460,4724273,3,-1,-4
4,462,4734305,-180,-8199,188
13,461,4734327,1,-2,0
4,463,4744258,-184,-8198,179
13,462,4744280,-1,-7,-3
4,464,4754328,-188,-8197,178
13,463,4754350,-6,-5,-9
4,465,4764407,-182,-8185,164
13,464,4764429,-4,0,-10
4,466,4774469,-185,-8193,169
13,465,4774491,1,0,-9
4,467,4784425,-189,-8188,186
13,466,4784447,-3,1,-8
4,468,4794477,-185,-8194,165
13,467,4794499,-3,-1,-9
4,469,4804529,-182,-8195,167
13,468,4804551,0,-2,-7
4,470,4814603,-190,-8192,171
13,469,4814625,0,-2,-4
4,471,4824633,-184,-8188,162
13,470,4824655,6,-2,0
4,472,4834597,-185,-8195,166
13,471,4834619,8,0,0
4,473,4844765,-178,-8199,189
13,472,4844787,6,0,-1
4,474,4854910,-196,-8191,180
13,473,4854932,2,-3,-2
4,475,4864800,-181,-8200,177
13,474,4864822,-2,0,-10
4,476,4874790,-182,-8198,170
13,475,4874812,-9,0,-15
4,477,4884870,-185,-8186,172
13,476,4884892,-4,-1,-10
4,478,4894953,-184,-8193,171
13,477,4894975,-1,0,-9
4,479,4904879,-176,-8184,173
13,478,4904901,-3,1,-9
4,480,4915002,-191,-8188,180
13,479,4915024,0,1,-7
4,481,4925082,-187,-8193,180
13,480,4925104,0,0,-8
4,482,4935255,-174,-8188,172
13,481,4935277,-2,-2,-10
4,483,4945108,-179,-8185,162
13,482,4945129,0,0,-7
4,484,4955160,-185,-8188,175
13,483,4955182,0,1,-9
4,485,4965145,-178,-8184,180
13,484,4965167,-2,1,-11
4,486,4975318,-183,-8200,180
13,485,4975340,-4,0,-10
4,487,4985329,-175,-8190,181
13,486,4985351,-1,1,-7
4,488,4995318,-180,-8197,182
13,487,4995340,-1,0,-4
4,489,5005484,-177,-8191,169
13,488,5005506,-2,-2,-3
4,490,5015466,-175,-8190,161
13,489,5015488,1,1,-3
4,491,5025473,-193,-8187,159
13,490,5025495,4,0,-4
4,492,5035585,-178,-8187,172
13,491,5035607,1,0,-5
4,493,5045563,-183,-8199,172
13,492,5045585,1,0,-4
4,494,5055672,-176,-8191,178
13,493,5055694,0,0,-6
4,495,5065657,-171,-8182,169
13,494,5065678,-4,-3,-6
4,496,5075652,-181,-8198,168
13,495,5075674,-2,-1,-5
4,497,5085730,-181,-8186,168
13,496,5085752,2,1,0
4,498,5095920,-178,-8195,176
13,497,5095942,6,1,0
4,499,5105883,-190,-8197,179
13,498,5105905,0,-1,-6
4,500,5115897,-181,-8197,160
13,499,5115919,-5,-3,-9
4,501,5125966,-173,-8180,163
13,500,5125988,-4,-2,-6
4,502,5135948,-173,-8186,173
13,501,5135969,-1,-2,-2
4,503,5146016,-187,-8199,181
13,502,5146038,4,0,0
4,504,5156064,-178,-8197,178
13,503,5156086,3,-2,2
4,505,5166074,-180,-8198,151
13,504,5166096,1,-3,-2
4,506,5176293,-184,-8198,160
13,505,5176315,0,0,-9
4,507,5186216,-189,-8186,174
13,506,5186238,-8,1,-12
4,508,5196264,-187,-8183,177
13,507,5196286,-13,2,-16
4,509,5206300,-176,-8186,169
13,508,5206321,-11,2,-15
4,510,5216483,-169,-8192,167
13,509,5216505,-4,1,-11
4,511,5226471,-186,-8190,154
13,510,5226493,0,3,-6
4,512,5236507,-179,-8193,168
13,511,5236529,2,4,0
4,513,5246512,-178,-8194,175
13,512,5246534,3,7,4
4,514,5256626,-171,-8205,171
13,513,5256648,-3,3,-1
4,515,5266573,-173,-8184,176
13,514,5266595,-11,1,-12
4,516,5276560,-166,-8194,166
13,515,5276582,-13,4,-17
4,517,5286678,-168,-8191,173
13,516,5286700,-9,0,-9
4,518,5296765,-182,-8181,172
13,517,5296787,-7,0,-4
4,519,5306772,-173,-8183,164
13,518,5306794,-2,0,-2
4,520,5316835,-176,-8204,162
13,519,5316857,1,-1,0
4,521,5326876,-178,-8192,165
13,520,5326897,5,-3,1
4,522,5337027,-180,-8197,170
13,521,5337049,7,-1,1
4,523,5346966,-176,-8192,156
13,522,5346988,7,1,0
4,524,5357023,-175,-8195,166
13,523,5357045,4,1,-6
4,525,5367040,-190,-8197,177
13,524,5367062,-2,0,-10
4,526,5377097,-178,-8194,161
13,525,5377119,-5,0,-10
4,527,5387115,-172,-8189,158
13,526,5387137,-4,-4,-12
4,528,5397098,-161,-8199,156
13,527,5397120,-4,-3,-9
4,529,5407216,-164,-8186,159
13,528,5407238,2,-2,-1
4,530,5417403,-170,-8186,160
13,529,5417425,7,0,6
4,531,5427324,-176,-8192,165
13,530,5427346,8,1,2
4,532,5437364,-190,-8193,154
13,531,5437386,5,-1,1
4,533,5447340,-181,-8206,155
13,532,5447362,1,0,0
4,534,5457499,-174,-8199,154
13,533,5457548,0,-1,-7
4,535,5467543,-177,-8201,172
13,534,5467565,-1,-2,-12
4,536,5477586,-179,-8198,170
13,535,5477608,-7,-3,-19
4,537,5487654,-174,-8196,169
13,536,5487676,-9,-3,-20
4,538,5497726,-156,-8198,154
13,537,5497748,-3,0,-21
4,539,5507709,-160,-8184,160
13,538,5507731,0,1,-10
4,540,5517764,-165,-8194,171
13,539,5517786,4,3,0
4,541,5527811,-171,-8194,167
13,540,5527833,5,0,0
4,542,5537894,-181,-8192,172
13,541,5537916,6,1,0
4,543,5547861,-187,-8201,175
13,542,5547882,4,1,0
4,544,5557945,-172,-8188,163
13,543,5557967,-4,0,-8
4,545,5568058,-176,-8180,146
13,544,5568080,-4,1,-8
4,546,5578176,-170,-8190,158
13,545,5578198,1,0,0
4,547,5588108,-162,-8193,173
13,546,5588158,4,0,2
4,548,5598188,-179,-8188,173
13,547,5598210,3,0,4
4,549,5608224,-180,-8195,174
13,548,5608246,6,0,0
4,550,5618353,-166,-8187,160
13,549,5618375,0,-1,-5
4,551,5628346,-171,-8190,145
13,550,5628368,-5,-1,-10
4,552,5638373,-174,-8193,147
13,551,5638395,0,-2,-7
4,553,5648415,-166,-8193,151
13,552,5648437,1,-2,-3
4,554,5658572,-170,-8188,161
13,553,5658594,1,0,-1
4,555,5668511,-179,-8189,168
13,554,5668533,5,-2,1
4,556,5678608,-172,-8200,156
13,555,5678630,4,-3,0
4,557,5688623,-175,-8186,154
13,556,5688645,4,-4,0
4,558,5698704,-173,-8184,166
13,557,5698726,7,0,4
4,559,5708673,-171,-8194,165
13,558,5708695,11,1,8
4,560,5718793,-160,-8195,165
13,559,5718815,8,0,6
4,561,5728818,-187,-8205,174
13,560,5728840,5,0,2
4,562,5738987,-190,-8198,177
13,561,5739009,0,-4,-5
4,563,5748868,-181,-8190,169
13,562,5748890,-3,-2,-8
4,564,5758963,-169,-8206,169
13,563,5758985,0,-3,-10
4,565,5769000,-174,-8200,179
13,564,5769022,0,-3,-4
4,566,5779090,-173,-8195,161
13,565,5779112,0,0,-3
4,567,5789081,-180,-8191,161
13,566,5789103,1,0,-3
4,568,5799094,-174,-8190,165
13,567,5799116,0,-2,-4
4,569,5809209,-180,-8190,156
13,568,5809231,1,-3,0
4,570,5819321,-176,-8184,153
13,569,5819343,3,-3,-1
4,571,5829304,-179,-8189,156
13,570,5829326,2,-2,0
4,572,5839283,-182,-8189,158
13,571,5839305,0,-1,-3
4,573,5849487,-175,-8190,159
13,572,5849509,-4,-1,-5
4,574,5859493,-176,-8199,164
13,573,5859515,-4,-1,-5
4,575,5869475,-162,-8205,176
13,574,5869497,-3,-1,-11
4,576,5879559,-160,-8199,165
13,575,5879581,-6,0,-15
4,577,5889583,-183,-8188,178
13,576,5889605,-9,-2,-18
4,578,5899758,-164,-8191,178
13,577,5899780,-10,-3,-21
4,579,5909709,-185,-8184,174
13,578,5909731,-9,-8,-15
4,580,5919752,-179,-8207,161
13,579,5919774,-17,-5,-22
4,581,5929800,-166,-8190,146
13,580,5929822,-11,-8,-26
4,582,5939907,-166,-8195,150
13,581,5939929,-7,-3,-20
4,583,5949859,-155,-8182,153
13,582,5949881,-2,-5,-11
4,584,5959960,-162,-8188,152
13,583,5959982,1,-4,0
4,585,5970079,-167,-8194,167
13,584,5970101,8,-3,5
4,586,5980115,-172,-8189,172
13,585,5980137,11,-4,4
4,587,5990141,-169,-8183,148
13,586,5990163,6,-3,1
4,588,6000199,-174,-8196,173
13,587,6000221,3,-4,0
4,589,6010191,-181,-8195,173
13,588,6010213,1,-2,-2
4,590,6020299,-174,-8198,160
13,589,6020321,-4,-4,-7
4,591,6030375,-166,-8197,148
13,590,6030397,-5,-5,-7
4,592,6040315,-169,-8210,148
13,591,6040337,-3,-2,-8
4,593,6050422,-165,-8187,160
13,592,6050444,0,-2,-7
4,594,6060573,-174,-8184,159
13,593,6060595,3,-4,-2
4,595,6070571,-171,-8193,171
13,594,6070593,6,-1,3
4,596,6080573,-172,-8196,168
13,595,6080595,7,-6,3
4,597,6090575,-167,-8192,157
13,596,6090597,4,-8,4
4,598,6100797,-169,-8184,163
13,597,6100819,4,-4,5
4,599,6110783,-171,-8195,159
13,598,6110805,3,-4,4
4,600,6120822,-171,-8204,155
13,599,6120844,4,-4,1
4,601,6130866,-175,-8199,156
13,600,6130888,3,-7,5
4,602,6140995,-174,-8193,152
13,601,6141017,4,-5,4
4,603,6150993,-178,-8200,167
13,602,6151015,2,-1,-4
4,604,6161018,-158,-8196,165
13,603,6161040,0,-3,-6
4,605,6170969,-164,-8192,156
13,604,6170991,4,-6,-2
4,606,6181139,-166,-8184,163
13,605,6181161,6,-4,0
4,607,6191207,-173,-8197,165
13,606,6191229,8,-2,4
4,608,6201199,-173,-8195,173
13,607,6201221,4,0,4
4,609,6211295,-163,-8195,161
13,608,6211344,6,-4,5
4,610,6221440,-169,-8187,153
13,609,6221462,3,-2,3
4,611,6231337,-171,-8194,168
13,610,6231359,5,-2,3
4,612,6241428,-184,-8210,162
13,611,6241450,5,-1,0
4,613,6251415,-171,-8199,166
13,612,6251437,7,-1,0
4,614,6261526,-177,-8196,166
13,613,6261547,6,-5,1
4,615,6271550,-181,-8189,166
13,614,6271572,2,-4,-2
4,616,6281638,-166,-8198,159
13,615,6281660,3,-5,-1
4,617,6291674,-162,-8182,154
13,616,6291696,4,-7,4
4,618,6301867,-174,-8189,178
13,617,6301889,3,-5,8
4,619,6311703,-178,-8191,162
13,618,6311725,3,-3,10
4,620,6321855,-181,-8197,155
13,619,6321877,7,-5,9
4,621,6331834,-177,-8193,158
13,620,6331856,4,-3,6
4,622,6341902,-176,-8210,168
13,621,6341952,0,-1,0
4,623,6351966,-169,-8199,164
13,622,6351988,-5,0,-11
4,624,6362022,-158,-8193,159
13,623,6362044,-8,1,-14
4,625,6372093,-171,-8205,163
13,624,6372115,-7,-1,-10
4,626,6382257,-183,-8201,155
13,625,6382279,-1,0,-5
4,627,6392157,-172,-8195,160
13,626,6392179,2,-1,-6
4,628,6402215,-174,-8200,161
13,627,6402237,2,-1,-2
4,629,6412278,-182,-8183,172
13,628,6412300,4,0,-2
4,630,6422356,-168,-8178,163
13,629,6422378,0,0,-3
4,631,6432424,-169,-8189,168
13,630,6432446,0,-3,1
4,632,6442432,-183,-8194,173
13,631,6442454,0,-6,0
4,633,6452527,-167,-8198,176
13,632,6452549,0,-8,0
4,634,6462604,-167,-8201,168
13,633,6462626,-3,-5,0
4,635,6472588,-179,-8201,155
13,634,6472610,-3,-4,-1
4,636,6482631,-183,-8198,158
13,635,6482653,-2,-7,1
4,637,6492679,-184,-8196,168
13,636,6492701,-4,-4,-6
4,638,6502757,-175,-8190,152
13,637,6502779,-6,-1,-11
4,639,6512738,-183,-8191,155
13,638,6512760,-3,-2,-10
4,640,6522817,-171,-8179,153
13,639,6522839,2,-1,-3
4,641,6532817,-179,-8193,154
13,640,6532839,3,-3,-2
4,642,6542990,-164,-8206,165
13,641,6543012,5,-3,0
4,643,6552902,-176,-8188,155
13,642,6552924,2,-2,0
4,644,6563006,-173,-8193,156
13,643,6563028,-1,0,-6
4,645,6573066,-167,-8192,164
13,644,6573088,-1,-2,-7
4,646,6583159,-175,-8193,168
13,645,6583208,-1,-1,-7
4,647,6593240,-172,-8187,162
13,646,6593262,0,-3,0
4,648,6603264,-165,-8182,168
13,647,6603286,0,-4,6
4,649,6613300,-168,-8198,162
13,648,6613322,2,-2,4
4,650,6623411,-171,-8207,162
13,649,6623433,0,-3,3
4,651,6633389,-179,-8200,155
13,650,6633411,-4,-3,-1
4,652,6643406,-186,-8195,171
13,651,6643427,-7,0,-4
4,653,6653478,-187,-8193,165
13,652,6653500,-4,-3,-7
4,654,6663529,-173,-8200,153
13,653,6663551,-6,-2,-9
4,655,6673568,-180,-8190,161
13,654,6673590,-6,-4,-11
4,656,6683606,-185,-8187,173
13,655,6683628,-8,-2,-10
4,657,6693687,-174,-8190,150
13,656,6693709,-1,-5,-7
4,658,6703899,-167,-8188,163
13,657,6703921,2,-7,-2
4,659,6713777,-176,-8181,157
13,658,6713799,6,-6,2
4,660,6723808,-182,-8194,156
13,659,6723857,7,-3,0
4,661,6733928,-167,-8196,152
13,660,6733950,4,0,-1
4,662,6744011,-166,-8197,175
13,661,6744033,0,-2,-3
4,663,6754060,-178,-8191,171
13,662,6754082,1,-2,-4
4,664,6764044,-174,-8183,160
13,663,6764066,0,1,-5
4,665,6774125,-171,-8191,159
13,664,6774147,-3,0,-7
4,666,6784248,-169,-8194,163
13,665,6784270,-2,1,-11
4,667,6794255,-168,-8175,165
13,666,6794277,1,1,-4
4,668,6804240,-180,-8190,160
13,667,6804262,4,-2,-2
4,669,6814300,-175,-8200,159
13,668,6814322,2,-2,-2
4,670,6824372,-158,-8179,158
13,669,6824394,4,-5,-2
4,671,6834457,-167,-8192,174
13,670,6834479,2,-2,0
4,672,6844498,-176,-8198,168
13,671,6844520,0,-1,3
4,673,6854492,-174,-8185,162
13,672,6854514,2,-5,4
4,674,6864713,-166,-8201,156
13,673,6864735,2,-6,2
4,675,6874638,-185,-8203,160
13,674,6874660,0,-2,0
4,676,6884692,-180,-8194,167
13,675,6884714,2,-2,-3
4,677,6894712,-166,-8183,154
13,676,6894733,-1,-2,-6
4,678,6904813,-169,-8189,158
13,677,6904835,0,0,-6
4,679,6914830,-170,-8180,154
13,678,6914852,3,-3,-2
4,680,6924861,-163,-8188,158
13,679,6924883,5,-3,0
4,681,6934930,-173,-8177,168
13,680,6934952,4,-3,1
4,682,6945065,-172,-8195,169
13,681,6945087,4,-7,4
4,683,6955031,-172,-8194,164
13,682,6955053,6,-4,5
4,684,6965078,-179,-8193,162
13,683,6965099,7,-6,3
4,685,6975108,-188,-8190,155
13,684,6975130,2,-6,0
4,686,6985259,-186,-8186,161
13,685,6985281,1,-5,-1
4,687,6995282,-180,-8195,154
13,686,6995304,0,-5,-3
4,688,7005380,-181,-8198,149
13,687,7005401,-1,0,-5
4,689,7015358,-170,-8189,154
13,688,7015380,0,-3,-5
4,690,7025532,-180,-8195,153
13,689,7025554,5,-3,-2
4,691,7035510,-178,-8184,157
13,690,7035532,7,-2,0
4,692,7045534,-170,-8198,159
13,691,7045556,1,-3,-1
4,693,7055592,-166,-8196,162
13,692,7055614,-2,-3,-6
4,694,7065663,-179,-8198,169
13,693,7065685,-8,-4,-7
4,695,7075738,-179,-8191,159
13,694,7075760,-6,-5,-7
4,696,7085722,-171,-8190,158
13,695,7085744,3,-1,0
4,697,7095825,-174,-8194,146
13,696,7095847,6,-1,2
4,698,7106018,-178,-8188,151
13,697,7106040,5,0,0
4,699,7115851,-174,-8190,165
13,698,7115873,6,0,-1
4,700,7125972,-179,-8198,154
13,699,7125994,2,0,-1
4,701,7136033,-171,-8192,166
13,700,7136055,0,-6,-2
4,702,7146073,-167,-8193,168
13,701,7146095,-3,-4,-9
4,703,7156075,-162,-8176,174
13,702,7156097,-3,-3,-8
4,704,7166146,-176,-8181,168
13,703,7166168,-1,-5,-3
4,705,7176183,-173,-8202,152
13,704,7176205,-2,-2,-2
4,706,7186310,-185,-8197,164
13,705,7186332,0,-1,-2
4,707,7196306,-180,-8203,162
13,706,7196328,2,-2,-3
4,708,7206386,-175,-8194,167
13,707,7206408,2,-2,-7
4,709,7216408,-170,-8190,163
13,708,7216457,3,-1,-9
4,710,7226548,-161,-8197,163
13,709,7226570,0,-1,-8
4,711,7236500,-170,-8193,164
13,710,7236522,1,-4,-4
4,712,7246606,-166,-8195,163
13,711,7246628,5,-3,-3
4,713,7256603,-167,-8190,155
13,712,7256625,5,-5,-3
4,714,7266688,-170,-8198,156
13,713,7266710,9,-2,2
4,715,7276720,-170,-8198,170
13,714,7276741,9,0,-2
4,716,7286733,-175,-8177,164
13,715,7286755,0,0,-8
4,717,7296781,-169,-8189,143
13,716,7296803,-2,-1,-6
4,718,7306825,-170,-8193,166
13,717,7306847,0,-3,-6
4,719,7316907,-166,-8194,167
13,718,7316929,0,-3,-6
4,720,7326987,-167,-8197,151
13,719,7327009,-3,-1,-10
4,721,7336936,-167,-8208,151
13,720,7336958,-1,0,-10
4,722,7347157,-170,-8193,156
13,721,7347179,0,-1,-8
4,723,7357092,-173,-8191,169
13,722,7357114,0,-2,-7
4,724,7367141,-168,-8196,163
13,723,7367163,2,-2,-5
4,725,7377205,-173,-8182,165
13,724,7377227,3,-1,-3
4,726,7387288,-186,-8203,166
13,725,7387310,3,-5,-3
4,727,7397243,-171,-8192,160
13,726,7397265,1,-4,-4
4,728,7407353,-168,-8179,165
13,727,7407375,-4,-4,-11
4,729,7417469,-163,-8185,154
13,728,7417491,-3,-3,-8
4,730,7427541,-178,-8199,152
13,729,7427563,3,-2,0
4,731,7437437,-174,-8192,165
13,730,7437459,7,-3,1
4,732,7447559,-170,-8188,159
13,731,7447581,3,-1,-3
4,733,7457612,-164,-8198,158
13,732,7457634,3,-1,-6
4,734,7467648,-168,-8203,165
13,733,7467670,0,-5,-5
4,735,7477735,-164,-8194,158
13,734,7477757,-2,-2,-3
4,736,7487831,-161,-8181,165
13,735,7487853,1,-3,-4
4,737,7497909,-157,-8189,152
13,736,7497931,2,-5,-3
4,738,7507971,-158,-8186,149
13,737,7507993,6,-4,1
4,739,7517931,-163,-8185,159
13,738,7517953,8,-4,1
4,740,7527941,-164,-8187,146
13,739,7527963,8,-5,4
4,741,7538026,-172,-8191,149
13,740,7538048,8,-6,9
4,742,7548132,-176,-8194,172
13,741,7548154,8,-4,10
4,743,7558083,-172,-8188,176
13,742,7558105,4,-1,6
4,744,7568266,-177,-8193,171
13,743,7568288,-2,-3,1
4,745,7578205,-171,-8194,168
13,744,7578227,0,-2,-3
4,746,7588426,-181,-8188,150
13,745,7588448,0,-2,-6
4,747,7598466,-178,-8192,148
13,746,7598488,-1,0,-8
4,748,7608432,-164,-8195,162
13,747,7608454,1,-1,-3
4,749,7618519,-177,-8193,173
13,748,7618541,0,0,-1
4,750,7628596,-164,-8195,157
13,749,7628618,-4,-1,-8
4,751,7638578,-162,-8191,156
13,750,7638600,-1,-2,-6
4,752,7648634,-170,-8194,157
13,751,7648656,-2,0,0
4,753,7658678,-182,-8195,152
13,752,7658700,-2,-3,0
4,754,7668839,-173,-8188,155
13,753,7668861,1,-1,-1
4,755,7678770,-175,-8196,166
13,754,7678792,1,1,-1
4,756,7688857,-173,-8197,167
13,755,7688879,0,-2,-2
4,757,7698826,-175,-8195,156
13,756,7698848,-2,-2,-9
4,758,7708991,-169,-8200,168
13,757,7709012,-5,-1,-17
4,759,7719011,-164,-8184,162
13,758,7719060,-5,-3,-18
4,760,7728984,-162,-8198,151
13,759,7729033,-3,-3,-14
4,761,7739210,-163,-8194,148
13,760,7739232,-4,-1,-12
4,762,7749286,-171,-8189,168
13,761,7749308,-2,-2,-9
4,763,7759236,-174,-8186,155
13,762,7759258,-4,-4,-11
4,764,7769252,-164,-8198,159
13,763,7769274,-4,-4,-6
4,765,7779357,-174,-8196,159
13,764,7779379,-3,-4,-5
4,766,7789428,-169,-8211,145
13,765,7789450,-7,-4,-11
4,767,7799455,-168,-8202,150
13,766,7799477,-10,-3,-18
4,768,7809462,-173,-8198,145
13,767,7809484,-8,0,-19
4,769,7819521,-147,-8183,152
13,768,7819543,-5,1,-15
4,770,7829686,-143,-8189,155
13,769,7829735,3,0,0
4,771,7839566,-162,-8198,151
13,770,7839588,17,0,9
4,772,7849712,-176,-8199,169
13,771,7849734,21,-2,12
4,773,7859753,-168,-8192,159
13,772,7859775,16,-2,10
4,774,7869845,-185,-8185,159
13,773,7869867,9,-3,3
4,775,7879882,-177,-8192,157
13,774,7879904,0,-4,0
4,776,7889903,-166,-8175,167
13,775,7889925,-3,-4,-7
4,777,7899980,-155,-8197,154
13,776,7900002,-7,-5,-5
4,778,7910113,-162,-8186,160
13,777,7910135,3,-5,1
4,779,7920043,-168,-8199,163
13,778,7920064,4,-2,1
4,780,7930091,-167,-8193,153
13,779,7930113,2,0,2
4,781,7940161,-162,-8186,162
13,780,7940183,4,0,1
4,782,7950264,-163,-8177,157
13,781,7950286,5,1,0
4,783,7960190,-175,-8194,156
13,782,7960212,5,0,2
4,784,7970320,-179,-8193,159
13,783,7970370,5,0,1
4,785,7980431,-164,-8196,153
13,784,7980453,7,2,-1
4,786,7990546,-173,-8194,157
13,785,7990568,0,2,-9
4,787,8000512,-168,-8193,157
13,786,8000534,-2,2,-11
4,788,8010499,-157,-8207,178
13,787,8010521,0,0,-6
4,789,8020624,-171,-8185,165
13,788,8020646,-1,0,-8
4,790,8030681,-163,-8197,150
13,789,8030703,-5,1,-11
4,791,8040720,-169,-8184,150
13,790,8040742,-4,2,-9
4,792,8050760,-163,-8188,156
13,791,8050782,-4,0,-7
4,793,8060765,-156,-8202,163
13,792,8060787,0,-2,-1
4,794,8070950,-166,-8199,167
13,793,8070972,1,-1,-1
4,795,8080907,-165,-8197,160
13,794,8080929,1,-2,-2
4,796,8090985,-155,-8187,166
13,795,8091007,1,0,-1
4,797,8101055,-154,-8183,162
13,796,8101077,4,-2,2
4,798,8111118,-156,-8192,159
13,797,8111140,4,-2,0
4,799,8121175,-180,-8199,148
13,798,8121197,5,-1,0
4,800,8131273,-171,-8189,158
13,799,8131295,6,-3,-2
4,801,8141243,-168,-8192,157
13,800,8141265,0,0,-6
4,802,8151402,-169,-8193,149
13,801,8151424,-2,-2,-5
4,803,8161383,-168,-8183,155
13,802,8161405,-2,-2,-5
4,804,8171403,-158,-8198,159
13,803,8171425,0,-1,1
4,805,8181497,-174,-8201,154
13,804,8181519,6,-2,5
4,806,8191568,-169,-8196,143
13,805,8191590,6,0,6
4,807,8201588,-157,-8187,153
13,806,8201610,5,0,2
4,808,8211653,-178,-8194,160
13,807,8211675,3,2,-1
4,809,8221750,-179,-8194,173
13,808,8221772,0,0,-6
4,810,8231881,-162,-8191,164
13,809,8231903,-2,-5,-5
4,811,8241906,-176,-8190,166
13,810,8241928,-1,-2,-4
4,812,8251901,-162,-8195,163
13,811,8251923,3,-4,-1
4,813,8261959,-163,-8193,155
13,812,8261981,4,-7,0
4,814,8273026,-168,-8183,160
13,813,8273048,5,-6,-1
4,815,8282004,-172,-8193,151
13,814,8282026,11,-4,2
4,816,8292065,-180,-8195,155
13,815,8292087,15,-2,2
4,817,8302133,-175,-8200,167
13,816,8302155,13,0,3
4,818,8312202,-171,-8198,173
13,817,8312224,13,1,1
4,819,8322216,-169,-8197,162
13,818,8322238,5,-2,-10
4,820,8332254,-172,-8183,162
13,819,8332276,1,-4,-12
4,821,8342313,-166,-8193,180
13,820,8342335,0,-2,-7
4,822,8352416,-161,-8199,174
13,821,8352438,2,-2,-2
4,823,8362357,-159,-8184,167
13,822,8362379,5,-3,1
4,824,8372465,-159,-8183,147
13,823,8372487,4,-4,4
4,825,8382522,-169,-8199,168
13,824,8382544,9,-3,4
4,826,8392618,-168,-8204,171
13,825,8392640,5,-4,4
4,827,8402509,-180,-8190,167
13,826,8402531,3,-1,-3
4,828,8412673,-185,-8186,169
13,827,8412695,-1,0,-7
4,829,8422672,-166,-8185,158
13,828,8422694,-4,-3,-2
4,830,8432685,-173,-8185,164
13,829,8432707,3,-4,0
4,831,8442782,-178,-8202,163
13,830,8442804,2,-2,0
4,832,8452812,-172,-8191,158
13,831,8452834,-5,-1,-1
4,833,8462870,-170,-8190,153
13,832,8462892,-1,0,0
4,834,8473006,-177,-8188,156
13,833,8473028,2,0,1
4,835,8482999,-173,-8194,169
13,834,8483021,3,-1,5
4,836,8493038,-167,-8197,153
13,835,8493060,4,-4,5
4,837,8503071,-175,-8203,162
13,836,8503093,5,-5,2
4,838,8513105,-177,-8202,160
13,837,8513127,2,0,2
4,839,8523131,-181,-8196,159
13,838,8523153,1,0,0
4,840,8533192,-175,-8184,162
13,839,8533214,0,0,-2
4,841,8543203,-171,-8189,155
13,840,8543225,1,-2,0
4,842,8553394,-167,-8195,159
13,841,8553416,5,-1,5
4,843,8563326,-168,-8182,163
13,842,8563348,7,0,4
4,844,8573329,-173,-8195,157
13,843,8573350,5,0,2
4,845,8583425,-172,-8192,159
13,844,8583446,1,0,0
4,846,8593577,-180,-8191,166
13,845,8593599,0,0,-1
4,847,8603522,-190,-8192,168
13,846,8603544,-2,-4,-4
4,848,8613591,-171,-8196,169
13,847,8613613,-1,-3,-1
4,849,8623650,-167,-8194,169
13,848,8623672,1,-4,4
4,850,8633802,-171,-8188,164
13,849,8633824,0,-3,2
4,851,8643706,-169,-8201,146
13,850,8643728,3,-5,0
4,852,8653709,-181,-8205,163
13,851,8653730,4,-2,3
4,853,8663847,-163,-8192,164
13,852,8663869,0,0,0
4,854,8673908,-173,-8188,159
13,853,8673930,-2,-3,0
4,855,8683893,-172,-8198,163
13,854,8683915,-1,-1,0
4,856,8693974,-175,-8198,162
13,855,8693996,2,-1,2
4,857,8704005,-184,-8183,160
13,856,8704027,0,0,2
4,858,8714227,-162,-8185,172
13,857,8714249,0,-2,1
4,859,8724151,-168,-8188,167
13,858,8724173,0,-1,1
4,860,8734106,-170,-8193,152
13,859,8734128,0,-4,0
4,861,8744229,-180,-8190,151
13,860,8744251,-1,-3,-1
4,862,8754342,-181,-8188,146
13,861,8754364,-4,0,-6
4,863,8764310,-179,-8198,168
13,862,8764332,-3,-3,-5
4,864,8774392,-172,-8182,161
13,863,8774414,1,-1,0
4,865,8784394,-169,-8186,163
13,864,8784416,4,-1,0
4,866,8794478,-183,-8187,169
13,865,8794500,-1,-3,-3
4,867,8804490,-176,-8185,162
13,866,8804512,-5,-4,-6
4,868,8814491,-170,-8198,176
13,867,8814513,1,-5,-2
4,869,8824576,-165,-8191,157
13,868,8824598,-2,-5,-7
4,870,8834690,-172,-8203,155
13,869,8834712,-3,-4,-7
4,871,8844755,-172,-8192,165
13,870,8844778,3,-3,-6
4,872,8854756,-175,-8188,140
13,871,8854778,5,-2,-3
4,873,8864888,-168,-8195,155
13,872,8864910,3,-1,-4
4,874,8874898,-181,-8195,177
13,873,8874920,0,-1,-5
4,875,8884943,-172,-8189,167
13,874,8884964,-8,-3,-10
4,876,8894920,-166,-8187,161
13,875,8894942,-8,-3,-12
4,877,8904943,-169,-8180,151
13,876,8904965,-9,-5,-10
4,878,8915053,-163,-8177,144
13,877,8915075,-3,-3,-5
4,879,8925081,-172,-8182,160
13,878,8925102,3,-2,2
4,880,8935149,-177,-8194,161
13,879,8935171,4,-4,3
4,881,8945223,-172,-8195,149
13,880,8945245,6,-4,6
4,882,8955335,-182,-8196,163
13,881,8955357,13,0,7
4,883,8965286,-183,-8204,159
13,882,8965308,13,-6,9
4,884,8975329,-181,-8202,157
13,883,8975379,8,-6,4
4,885,8985391,-163,-8191,164
13,884,8985413,4,-3,0
4,886,8995546,-172,-8191,168
13,885,8995568,2,1,0
4,887,9005519,-179,-8201,166
13,886,9005541,1,2,-3
4,888,9015570,-170,-8202,157
13,887,9015592,-2,0,-9
4,889,9025541,-184,-8194,169
13,888,9025563,0,0,-6
4,890,9035716,-187,-8187,170
13,889,9035738,-2,2,-7
4,891,9045681,-164,-8184,173
13,890,9045703,-6,1,-8
4,892,9055731,-170,-8192,156
13,891,9055753,-4,-4,-5
4,893,9065783,-166,-8204,158
13,892,9065805,0,-4,-1
4,894,9075826,-164,-8192,157
13,893,9075848,3,0,0
4,895,9085891,-177,-8190,156
13,894,9085913,7,0,5
4,896,9095884,-173,-8187,161
13,895,9095906,10,3,2
4,897,9106012,-173,-8199,160
13,896,9106034,10,2,1
4,898,9116094,-180,-8200,168
13,897,9116116,8,2,4
4,899,9126095,-176,-8200,174
13,898,9126117,2,-2,-1
4,900,9136148,-177,-8185,167
13,899,9136170,-4,-2,-8
4,901,9146181,-173,-8195,160
13,900,9146203,-7,-1,-12
4,902,9156276,-165,-8189,158
13,901,9156298,-7,-2,-14
4,903,9166249,-166,-8177,167
13,902,9166271,-4,0,-9
4,904,9176289,-172,-8196,158
13,903,9176311,0,2,-1
4,905,9186347,-167,-8188,167
13,904,9186369,6,0,7
4,906,9196472,-173,-8199,155
13,905,9196494,11,0,6
4,907,9206402,-184,-8184,166
13,906,9206424,9,-2,3
4,908,9216460,-185,-8207,170
13,907,9216482,-1,-1,-1
4,909,9226529,-178,-8196,165
13,908,9226551,-5,-4,-2
4,910,9236606,-174,-8194,159
13,909,9236628,-8,-3,-3
4,911,9246625,-162,-8187,157
13,910,9246647,-1,-2,1
4,912,9256671,-179,-8193,165
13,911,9256693,5,-1,5
4,913,9266740,-176,-8188,163
13,912,9266762,6,-4,5
4,914,9276830,-174,-8198,161
13,913,9276852,4,0,4
4,915,9286723,-174,-8191,168
13,914,9286745,2,-2,0
4,916,9296818,-179,-8186,163
13,915,9296840,1,0,-6
4,917,9306919,-163,-8184,157
13,916,9306941,-4,0,-5
4,918,9317013,-172,-8192,158
13,917,9317034,-2,0,-2
4,919,9326970,-168,-8192,154
13,918,9326992,0,-2,-3
4,920,9337048,-172,-8200,159
13,919,9337070,0,0,0
4,921,9347097,-182,-8197,170
13,920,9347147,0,0,-2
4,922,9357315,-175,-8193,161
13,921,9357337,0,0,-3
4,923,9367203,-180,-8205,157
13,922,9367225,2,0,-3
4,924,9377250,-176,-8185,151
13,923,9377272,-2,2,-6
4,925,9387310,-172,-8177,160
13,924,9387332,4,1,0
4,926,9397427,-175,-8179,149
13,925,9397449,9,-1,9
4,927,9407378,-177,-8196,164
13,926,9407400,10,-2,13
4,928,9417376,-176,-8198,171
13,927,9417398,5,-4,9
4,929,9427508,-186,-8202,169
13,928,9427530,-2,-4,-1
4,930,9437624,-184,-8187,150
13,929,9437646,-12,-2,-15
4,931,9447582,-175,-8192,164
13,930,9447604,-14,-2,-13
4,932,9457611,-181,-8194,149
13,931,9457633,-9,-1,-12
4,933,9467680,-169,-8179,158
13,932,9467702,-5,-3,-8
4,934,9477803,-161,-8177,157
13,933,9477825,0,0,-6
4,935,9487786,-165,-8189,170
13,934,9487808,6,-1,0
4,936,9497864,-175,-8196,162
13,935,9497886,6,-2,2
4,937,9507919,-177,-8181,163
13,936,9507941,2,1,-1
4,938,9518014,-171,-8192,154
13,937,9518036,0,0,-4
4,939,9527950,-176,-8190,150
13,938,9527971,0,0,-4
4,940,9537929,-183,-8188,150
13,939,9537951,0,0,1
4,941,9548058,-181,-8193,156
13,940,9548080,2,1,4
4,942,9558124,-176,-8198,152
13,941,9558146,1,1,0
4,943,9568189,-163,-8191,156
13,942,9568211,1,-1,-5
4,944,9578177,-162,-8206,156
13,943,9578199,0,-1,-7
4,945,9588215,-170,-8187,156
13,944,9588237,3,0,-5
4,946,9598446,-176,-8189,163
13,945,9598468,1,-1,-7
4,947,9608316,-183,-8193,160
13,946,9608338,2,1,-12
4,948,9618388,-180,-8197,164
13,947,9618410,1,2,-8
4,949,9628398,-168,-8199,161
13,948,9628420,-1,0,-9
4,950,9638540,-175,-8185,149
13,949,9638562,-1,0,-9
4,951,9648470,-176,-8187,159
13,950,9648492,0,0,-8
4,952,9658510,-170,-8177,166
13,951,9658532,0,2,-5
4,953,9668633,-168,-8194,156
13,952,9668655,7,5,-1
4,954,9678656,-176,-8180,152
13,953,9678678,16,0,11
4,955,9688664,-159,-8191,147
13,954,9688686,15,-4,16
4,956,9698743,-191,-8198,160
13,955,9698765,10,-2,13
4,957,9708758,-185,-8192,163
13,956,9708780,6,-1,7
4,958,9718814,-179,-8193,159
13,957,9718836,0,-2,0
4,959,9728867,-184,-8197,162
13,958,9728889,-4,-1,-7
4,960,9738900,-171,-8205,160
13,959,9738922,-4,-4,-10
4,961,9748935,-166,-8193,156
13,960,9748957,-1,-1,-10
4,962,9759077,-159,-8188,156
13,961,9759099,-2,0,-10
4,963,9769058,-175,-8175,163
13,962,9769080,0,1,-6
4,964,9779048,-177,-8184,156
13,963,9779070,4,2,-5
4,965,9789131,-167,-8184,161
13,964,9789153,4,-1,-2
4,966,9799166,-170,-8198,158
13,965,9799188,3,-1,-1
4,967,9809246,-188,-8188,149
13,966,9809268,4,-1,-3
4,968,9819221,-182,-8189,155
13,967,9819243,0,-1,-4
4,969,9829233,-183,-8186,152
13,968,9829255,0,-2,-2
4,970,9839492,-186,-8184,150
13,969,9839514,0,-2,-3
4,971,9849357,-175,-8190,158
13,970,9849406,0,-2,-4
4,972,9859437,-167,-8193,163
13,971,9859459,-1,0,-3
4,973,9869395,-164,-8182,157
13,972,9869417,0,0,-2
4,974,9879533,-165,-8193,145
13,973,9879555,2,2,-5
4,975,9889555,-163,-8191,160
13,974,9889577,6,4,-1
4,976,9899558,-169,-8198,160
13,975,9899580,4,2,1
4,977,9909619,-175,-8201,159
13,976,9909641,0,2,0
4,978,9919753,-183,-8196,160
13,977,9919775,-2,1,-3
4,979,9929727,-190,-8194,156
13,978,9929749,-2,1,-9
4,980,9939732,-169,-8188,147
13,979,9939754,-2,-2,-12
4,981,9949803,-170,-8190,146
13,980,9949825,0,-1,-8
4,982,9959817,-166,-8181,152
13,981,9959839,2,0,-4
4,983,9969906,-168,-8179,154
13,982,9969928,6,-1,2
4,984,9980021,-177,-8203,149
13,983,9980043,6,0,3
4,985,9990029,-178,-8200,164
13,984,9990051,4,0,5
4,986,10000084,-181,-8203,167
13,985,10000106,1,0,-1
4,987,10010107,-176,-8185,165
13,986,10010129,-5,0,-8
4,988,10020147,-168,-8197,157
13,987,10020169,-3,-2,-4
4,989,10030109,-181,-8187,150
13,988,10030131,-1,-2,-7
4,990,10040272,-165,-8191,165
13,989,10040294,-1,-5,-4
4,991,10050299,-165,-8197,150
13,990,10050321,0,-6,0
4,992,10060367,-178,-8197,152
13,991,10060389,0,-4,-1
4,993,10070341,-175,-8193,157
13,992,10070363,2,0,-2
4,994,10080490,-174,-8187,155
13,993,10080512,3,2,0
4,995,10090401,-168,-8192,151
13,994,10090423,0,0,0
4,996,10100497,-169,-8193,170
13,995,10100546,3,1,1
4,997,10110554,-186,-8199,159
13,996,10110576,2,1,4
4,998,10120603,-184,-8200,154
13,997,10120625,0,-2,-1
4,999,10130700,-185,-8196,165
13,998,10130722,-2,-6,-3
4,1000,10140634,-170,-8186,152
13,999,10140656,0,-5,-1
4,1001,10150708,-175,-8190,154
13,1000,10150730,4,-6,0
4,1002,10160930,-176,-8198,158
13,1001,10160952,4,-2,0
4,1003,10170809,-183,-8195,150
13,1002,10170830,8,1,0
4,1004,10180864,-186,-8192,152
13,1003,10180886,7,-2,-2
4,1005,10190890,-186,-8195,154
13,1004,10190912,0,-2,-6
4,1006,10200947,-164,-8199,168
13,1005,10200969,-3,-2,-8
4,1007,10210991,-176,-8183,153
13,1006,10211013,-2,0,-6
4,1008,10221053,-164,-8190,160
13,1007,10221075,-4,-4,-6
4,1009,10231136,-171,-8197,168
13,1008,10231158,-2,-3,-6
4,1010,10241253,-162,-8195,162
13,1009,10241275,-3,0,-7
4,1011,10251228,-165,-8193,150
13,1010,10251250,-3,-1,-7
4,1012,10261201,-165,-8185,161
13,1011,10261223,0,0,-6
4,1013,10271275,-171,-8184,156
13,1012,10271297,7,0,-4
4,1014,10281365,-166,-8180,154
13,1013,10281387,14,-1,2
4,1015,10291301,-165,-8180,153
13,1014,10291323,13,-2,5
4,1016,10301487,-184,-8198,155
13,1015,10301509,18,-2,13
4,1017,10311480,-177,-8207,173
13,1016,10311502,10,-1,8
4,1018,10321592,-172,-8202,162
13,1017,10321614,3,-2,-1
4,1019,10331534,-181,-8204,162
13,1018,10331556,-2,0,-7
4,1020,10341657,-181,-8196,151
13,1019,10341679,-5,1,-15
4,1021,10351769,-174,-8190,155
13,1020,10351791,-8,-2,-17
4,1022,10361815,-167,-8185,163
13,1021,10361837,-8,-1,-12
4,1023,10371785,-163,-8179,153
13,1022,10371807,-1,0,-2
4,1024,10381840,-171,-8174,145
13,1023,10381862,4,0,3
4,1025,10391902,-175,-8188,142
13,1024,10391924,8,1,8
4,1026,10401939,-182,-8203,143
13,1025,10401961,9,1,4
4,1027,10411955,-178,-8200,159
13,1026,10411977,4,0,-3
4,1028,10422026,-184,-8177,161
13,1027,10422048,-2,-3,-11
4,1029,10432061,-170,-8173,161
13,1028,10432083,-4,-2,-12
4,1030,10442162,-165,-8197,161
13,1029,10442184,-1,0,-8
4,1031,10452164,-166,-8192,152
13,1030,10452185,6,0,2
4,1032,10462232,-174,-8182,160
13,1031,10462253,7,-5,3
4,1033,10472293,-178,-8190,159
13,1032,10472342,4,-2,2
4,1034,10482462,-162,-8189,156
13,1033,10482484,7,-3,1
4,1035,10492401,-171,-8195,149
13,1034,10492423,6,-4,2
4,1036,10502426,-174,-8190,159
13,1035,10502448,2,-1,-2
4,1037,10512474,-162,-8201,159
13,1036,10512496,-2,-3,-5
4,1038,10522492,-169,-8202,160
13,1037,10522514,-5,-4,-8
4,1039,10532570,-161,-8189,159
13,1038,10532592,-5,-2,-13
4,1040,10542633,-172,-8189,162
13,1039,10542654,-2,0,-7
4,1041,10552630,-171,-8187,151
13,1040,10552652,-1,-2,-7
4,1042,10562797,-162,-8203,151
13,1041,10562819,1,-1,-4
4,1043,10572691,-176,-8185,163
13,1042,10572712,3,-3,-1
4,1044,10582801,-176,-8190,161
13,1043,10582823,1,-2,-5
4,1045,10592812,-170,-8190,156
13,1044,10592834,-1,-2,-6
4,1046,10602963,-174,-8190,158
13,1045,10602985,-1,-1,-2
4,1047,10612927,-187,-8183,161
13,1046,10612949,-3,-2,-4
4,1048,10622931,-173,-8198,150
13,1047,10622953,-4,-1,-8
4,1049,10633042,-156,-8188,157
13,1048,10633064,-2,-1,-5
4,1050,10643145,-163,-8189,158
13,1049,10643167,0,0,-2
4,1051,10653108,-162,-8186,152
13,1050,10653130,5,0,0
4,1052,10663126,-185,-8197,164
13,1051,10663148,8,0,0
4,1053,10673153,-183,-8200,174
13,1052,10673175,2,0,-5
4,1054,10683255,-162,-8196,160
13,1053,10683277,-4,0,-7
4,1055,10693335,-178,-8196,170
13,1054,10693357,-4,0,-7
4,1056,10703331,-175,-8194,163
13,1055,10703353,-6,0,-13
4,1057,10713369,-164,-8184,156
13,1056,10713391,-7,0,-16
4,1058,10723548,-159,-8205,157
13,1057,10723570,-3,0,-11
4,1059,10733478,-166,-8193,166
13,1058,10733500,1,-2,-4
4,1060,10743543,-173,-8182,173
13,1059,10743565,0,-4,-4
4,1061,10753579,-157,-8185,155
13,1060,10753601,1,-3,-3
4,1062,10763679,-179,-8199,154
13,1061,10763701,4,-4,-1
4,1063,10773669,-171,-8203,145
13,1062,10773691,0,-2,-6
4,1064,10783704,-166,-8207,140
13,1063,10783726,0,-2,-6
4,1065,10793776,-171,-8196,135
13,1064,10793797,-1,-2,-9
4,1066,10803953,-165,-8185,156
13,1065,10803975,-2,0,-11
4,1067,10813856,-175,-8189,166
13,1066,10813878,0,-1,-6
4,1068,10823896,-158,-8187,159
13,1067,10823918,-1,0,-5
4,1069,10833881,-165,-8208,148
13,1068,10833902,-2,0,-9
4,1070,10844029,-174,-8204,157
13,1069,10844051,-1,0,-6
4,1071,10854035,-159,-8187,156
13,1070,10854057,-1,0,-7
4,1072,10864120,-153,-8192,147
13,1071,10864142,-2,-1,-7
4,1073,10874123,-169,-8193,155
13,1072,10874145,0,0,-3
4,1074,10884315,-163,-8194,156
13,1073,10884337,5,-1,2
4,1075,10894264,-174,-8193,161
13,1074,10894286,6,-2,3
4,1076,10904299,-147,-8193,165
13,1075,10904320,0,-4,-2
4,1077,10914349,-148,-8203,148
13,1076,10914370,0,-1,-1
4,1078,10924389,-166,-8208,158
13,1077,10924411,1,-1,0
4,1079,10934461,-166,-8200,167
13,1078,10934483,3,-3,-3
4,1080,10944505,-168,-8196,165
13,1079,10944527,-1,-1,-9
4,1081,10954608,-164,-8189,150
13,1080,10954630,-4,0,-13
4,1082,10964656,-171,-8198,177
13,1081,10964678,-3,-5,-16
4,1083,10974736,-152,-8188,143
13,1082,10974758,-3,-8,-17
4,1084,10984750,-160,-8197,158
13,1083,10984772,4,-2,-3
4,1085,10994718,-177,-8196,153
13,1084,10994740,7,-1,3
4,1086,11004890,-159,-8190,152
13,1085,11004912,3,-1,0
4,1087,11014910,-148,-8202,139
13,1086,11014932,2,-1,-3
4,1088,11024947,-166,-8184,149
13,1087,11024969,4,0,-1
4,1089,11034961,-174,-8192,150
13,1088,11034983,2,0,-1
4,1090,11045132,-167,-8199,151
13,1089,11045153,-1,0,-5
4,1091,11055106,-165,-8187,164
13,1090,11055128,0,0,-6
4,1092,11065131,-167,-8197,148
13,1091,11065153,0,0,-8
4,1093,11075142,-148,-8187,156
13,1092,11075164,0,0,-9
4,1094,11085273,-148,-8191,152
13,1093,11085295,4,0,-6
4,1095,11095311,-153,-8188,156
13,1094,11095333,4,-3,-2
4,1096,11105280,-161,-8194,170
13,1095,11105302,0,-4,-4
4,1097,11115448,-155,-8195,166
13,1096,11115470,-2,-3,-4
4,1098,11125571,-163,-8186,160
13,1097,11125593,0,-4,0
4,1099,11135475,-164,-8189,143
13,1098,11135497,1,-4,2
4,1100,11145595,-163,-8200,149
13,1099,11145617,8,-6,6
4,1101,11155654,-167,-8201,170
13,1100,11155676,13,-2,7
4,1102,11165640,-168,-8178,144
13,1101,11165662,10,-1,6
4,1103,11175695,-169,-8199,153
13,1102,11175717,2,-2,2
4,1104,11185781,-172,-8174,161
13,1103,11185803,0,-1,-2
4,1105,11195858,-164,-8192,142
13,1104,11195880,-4,0,-7
4,1106,11205958,-159,-8186,152
13,1105,11205980,-6,2,-13
4,1107,11215868,-160,-8199,147
13,1106,11215890,-6,1,-11
4,1108,11226005,-164,-8200,145
13,1107,11226055,-3,0,-6
4,1109,11236069,-169,-8179,151
13,1108,11236091,0,-1,-4
4,1110,11246135,-167,-8201,145
13,1109,11246157,7,0,-1
4,1111,11256147,-166,-8188,150
13,1110,11256169,6,0,1
4,1112,11266200,-169,-8206,149
13,1111,11266222,7,0,2
4,1113,11276272,-170,-8189,145
13,1112,11276294,6,0,-1
4,1114,11286378,-164,-8182,158
13,1113,11286400,4,-1,-4
4,1115,11296248,-174,-8187,165
13,1114,11296269,2,-1,-6
4,1116,11306390,-174,-8199,156
13,1115,11306412,0,-2,-8
4,1117,11316457,-169,-8191,163
13,1116,11316479,2,-4,-7
4,1118,11326523,-152,-8187,160
13,1117,11326545,0,-2,-9
4,1119,11336596,-166,-8187,158
13,1118,11336618,-2,-3,-9
4,1120,11346592,-172,-8197,159
13,1119,11346614,0,-4,-9
4,1121,11356584,-151,-8192,167
13,1120,11356606,-4,-2,-10
4,1122,11366823,-165,-8184,152
13,1121,11366845,-8,-2,-9
4,1123,11376744,-177,-8172,150
13,1122,11376766,-5,-3,-7
4,1124,11386839,-154,-8195,146
13,1123,11386861,-8,-3,-4
4,1125,11396870,-158,-8194,148
13,1124,11396892,-1,-4,1
4,1126,11406992,-160,-8190,147
13,1125,11407014,5,-3,5
4,1127,11416944,-161,-8194,161
13,1126,11416966,8,0,1
4,1128,11427064,-163,-8190,152
13,1127,11427086,3,0,-3
4,1129,11437012,-164,-8186,145
13,1128,11437034,0,0,-3
4,1130,11447285,-161,-8192,152
13,1129,11447307,-1,0,-4
4,1131,11457176,-155,-8191,162
13,1130,11457198,-3,-2,-3
4,1132,11467175,-160,-8186,155
13,1131,11467197,-2,-2,-2
4,1133,11477262,-165,-8197,147
13,1132,11477284,-2,-3,0
4,1134,11487393,-171,-8197,158
13,1133,11487415,-8,-3,0
4,1135,11497429,-175,-8201,157
13,1134,11497451,-10,-3,-2
4,1136,11507510,-163,-8194,138
13,1135,11507532,-7,-1,0
4,1137,11517516,-167,-8187,149
13,1136,11517538,-4,-2,0
4,1138,11527652,-169,-8187,143
13,1137,11527674,0,-2,0
4,1139,11537592,-166,-8197,150
13,1138,11537614,1,0,0
4,1140,11547652,-182,-8188,143
13,1139,11547674,0,1,-6
4,1141,11557764,-168,-8193,153
13,1140,11557786,-1,1,-10
4,1142,11567803,-163,-8199,163
13,1141,11567825,1,0,-6
4,1143,11577871,-164,-8199,164
13,1142,11577893,7,0,1
4,1144,11587847,-163,-8186,157
13,1143,11587869,6,-3,1
4,1145,11597947,-161,-8174,153
13,1144,11597969,2,-4,1
4,1146,11608129,-164,-8190,148
13,1145,11608151,4,-5,0
4,1147,11618082,-158,-8191,145
13,1146,11618104,0,-3,-3
4,1148,11628135,-161,-8198,147
13,1147,11628157,1,-2,-1
4,1149,11638142,-152,-8202,136
13,1148,11638164,0,-1,-4
4,1150,11648244,-160,-8191,154
13,1149,11648266,-1,0,-5
4,1151,11658239,-160,-8175,157
13,1150,11658261,-3,0,-8
4,1152,11668332,-157,-8188,149
13,1151,11668354,-3,-3,-9
4,1153,11678321,-146,-8199,148
13,1152,11678343,2,0,-5
4,1154,11688514,-149,-8193,152
13,1153,11688536,5,-1,-2
4,1155,11698469,-168,-8187,156
13,1154,11698491,2,2,-1
4,1156,11708546,-164,-8201,145
13,1155,11708567,2,2,-4
4,1157,11718651,-170,-8195,165
13,1156,11718673,3,0,-2
4,1158,11728712,-165,-8193,157
13,1157,11728734,1,-1,-2
4,1159,11738745,-167,-8185,150
13,1158,11738767,2,0,-4
4,1160,11748786,-155,-8202,149
13,1159,11748808,1,0,-1
4,1161,11758862,-163,-8202,164
13,1160,11758884,1,-4,0
4,1162,11768963,-167,-8187,167
13,1161,11768985,3,-3,-2
4,1163,11778937,-176,-8193,160
13,1162,11778959,-3,-6,-7
4,1164,11788977,-164,-8185,143
13,1163,11788999,-9,-3,-11
4,1165,11799027,-159,-8189,154
13,1164,11799049,-2,-4,0
4,1166,11809104,-156,-8195,153
13,1165,11809126,0,-5,-1
4,1167,11819143,-166,-8185,150
13,1166,11819165,0,-5,-2
4,1168,11829267,-162,-8193,141
13,1167,11829288,-1,-3,-1
4,1169,11839249,-149,-8189,135
13,1168,11839271,-1,-4,-2
4,1170,11849345,-161,-8193,131
13,1169,11849367,0,-2,-3
4,1171,11859346,-171,-8181,151
13,1170,11859395,0,0,-5
4,1172,11869461,-162,-8211,149
13,1171,11869483,-4,2,-13
4,1173,11879527,-169,-8195,152
13,1172,11879549,-5,0,-12
4,1174,11889578,-162,-8182,150
13,1173,11889600,-3,-2,-8
4,1175,11899592,-153,-8195,151
13,1174,11899614,1,-4,-8
4,1176,11909624,-162,-8187,159
13,1175,11909646,1,-3,-4
4,1177,11919756,-157,-8191,155
13,1176,11919778,0,-1,1
4,1178,11929805,-163,-8191,143
13,1177,11929827,-3,-2,-4
4,1179,11939765,-158,-8195,146
13,1178,11939787,-4,0,-8
4,1180,11949817,-160,-8203,142
13,1179,11949839,-3,-1,-9
4,1181,11959914,-163,-8204,142
13,1180,11959936,0,-1,-6
4,1182,11969977,-156,-8187,138
13,1181,11969999,-3,1,-4
4,1183,11979924,-159,-8174,148
13,1182,11979946,-1,2,-1
4,1184,11990082,-143,-8193,165
13,1183,11990104,1,0,0
4,1185,12000111,-160,-8197,171
13,1184,12000133,3,0,-4
4,1186,12010276,-156,-8186,153
13,1185,12010298,-2,1,-5
4,1187,12020224,-149,-8189,145
13,1186,12020246,-3,0,-7
4,1188,12030218,-154,-8196,153
13,1187,12030240,-1,0,-7
4,1189,12040290,-156,-8188,160
13,1188,12040312,0,-2,-3
4,1190,12050358,-161,-8197,159
13,1189,12050380,2,-4,-1
4,1191,12060395,-163,-8199,147
13,1190,12060417,-2,-4,-4
4,1192,12070419,-158,-8187,146
13,1191,12070441,-2,-6,-3
4,1193,12080491,-158,-8172,151
13,1192,12080513,-1,-3,-3
4,1194,12090600,-153,-8193,155
13,1193,12090622,-2,0,-7
4,1195,12100517,-156,-8200,146
13,1194,12100539,0,0,-3
4,1196,12110669,-152,-8187,147
13,1195,12110691,2,0,-5
4,1197,12120685,-169,-8189,166
13,1196,12120707,3,0,-5
4,1198,12130826,-161,-8199,144
13,1197,12130848,1,-4,-5
4,1199,12140786,-160,-8191,141
13,1198,12140808,-1,-4,-10
4,1200,12150839,-167,-8195,154
13,1199,12150861,-6,-3,-10
4,1201,12160929,-163,-8194,146
13,1200,12160951,-6,-4,-9
4,1202,12171022,-159,-8197,150
13,1201,12171044,-4,0,-7
4,1203,12180974,-147,-8178,160
13,1202,12180996,-4,0,-6
4,1204,12191011,-164,-8192,153
13,1203,12191033,-5,-1,-2
4,1205,12201137,-160,-8189,142
13,1204,12201159,2,1,0
4,1206,12211155,-151,-8182,151
13,1205,12211177,3,1,-2
4,1207,12221180,-157,-8187,139
13,1206,12221202,0,-3,-2
4,1208,12231319,-159,-8187,170
13,1207,12231341,0,-1,-5
4,1209,12241226,-154,-8191,142
13,1208,12241275,-4,2,-11
4,1210,12251457,-145,-8185,135
13,1209,12251479,-5,1,-6
4,1211,12261461,-150,-8180,151
13,1210,12261483,2,-3,3
4,1212,12271453,-158,-8197,145
13,1211,12271475,4,-2,6
4,1213,12281470,-151,-8188,148
13,1212,12281492,2,0,2
4,1214,12291551,-153,-8197,142
13,1213,12291573,3,0,2
4,1215,12301573,-153,-8198,143
13,1214,12301595,0,1,-1
4,1216,12311620,-152,-8205,157
13,1215,12311642,0,2,-1
4,1217,12321672,-157,-8196,138
13,1216,12321693,0,-1,-2
4,1218,12331870,-155,-8192,142
13,1217,12331892,0,-2,0
4,1219,12341773,-155,-8192,144
13,1218,12341795,3,-5,3
4,1220,12351866,-161,-8201,144
13,1219,12351916,4,-5,8
4,1221,12361849,-164,-8191,151
13,1220,12361898,4,-6,3
4,1222,12372046,-167,-8198,145
13,1221,12372068,2,-3,0
4,1223,12381989,-164,-8199,146
13,1222,12382011,0,-3,-2
4,1224,12391973,-161,-8200,141
13,1223,12391995,0,0,-3
4,1225,12402120,-157,-8192,151
13,1224,12402142,1,1,-6
4,1226,12412188,-156,-8190,155
13,1225,12412210,-2,0,-7
4,1227,12422151,-155,-8192,144
13,1226,12422173,-4,0,-5
4,1228,12432113,-151,-8190,142
13,1227,12432135,-4,1,-4
4,1229,12442263,-155,-8182,142
13,1228,12442285,2,0,0
4,1230,12452373,-147,-8186,136
13,1229,12452395,7,1,4
4,1231,12462293,-164,-8206,151
13,1230,12462314,8,0,3
4,1232,12472397,-164,-8198,150
13,1231,12472419,7,-3,0
4,1233,12482439,-161,-8176,155
13,1232,12482461,0,-4,-3
4,1234,12492626,-148,-8192,143
13,1233,12492648,-1,-4,-5
4,1235,12502557,-134,-8197,143
13,1234,12502579,0,-2,-3
4,1236,12512620,-146,-8202,149
13,1235,12512642,4,-2,0
4,1237,12522594,-172,-8180,155
13,1236,12522616,0,0,-6
4,1238,12532733,-149,-8182,143
13,1237,12532755,-6,0,-13
4,1239,12542785,-147,-8193,154
13,1238,12542807,1,-1,-6
4,1240,12552779,-148,-8185,146
13,1239,12552801,0,-1,-2
4,1241,12562781,-158,-8187,161
13,1240,12562803,0,-2,0
4,1242,12572985,-158,-8203,146
13,1241,12573007,0,0,-2
4,1243,12582939,-149,-8186,138
13,1242,12582960,-3,-3,-5
4,1244,12592910,-151,-8190,152
13,1243,12592932,1,-6,0
4,1245,12603051,-164,-8208,147
13,1244,12603073,9,-1,6
4,1246,12613193,-152,-8196,144
13,1245,12613215,11,-1,7
4,1247,12623201,-162,-8195,145
13,1246,12623223,10,-2,8
4,1248,12633216,-155,-8186,148
13,1247,12633238,5,-4,3
4,1249,12643219,-149,-8182,153
13,1248,12643241,1,-6,0
4,1250,12653301,-159,-8200,150
13,1249,12653323,1,-6,4
4,1251,12663295,-152,-8212,138
13,1250,12663316,0,0,4
4,1252,12673352,-144,-8196,150
13,1251,12673374,-2,-6,0
4,1253,12683343,-162,-8191,135
13,1252,12683365,-5,-3,-6
4,1254,12693542,-150,-8188,139
13,1253,12693564,-4,-1,-8
4,1255,12703448,-148,-8197,141
13,1254,12703470,3,-1,-2
4,1256,12713541,-141,-8197,140
13,1255,12713563,7,-1,0
4,1257,12723673,-146,-8190,138
13,1256,12723722,4,-1,0
4,1258,12733758,-141,-8185,157
13,1257,12733780,5,-1,5
4,1259,12743707,-145,-8195,145
13,1258,12743729,7,-2,7
4,1260,12753731,-160,-8197,153
13,1259,12753753,6,-3,4
4,1261,12763733,-152,-8194,148
13,1260,12763755,5,0,0
4,1262,12773845,-162,-8195,138
13,1261,12773867,0,0,-4
4,1263,12783874,-157,-8192,137
13,1262,12783896,2,2,0
4,1264,12793905,-152,-8200,146
13,1263,12793927,3,2,-2
4,1265,12803967,-171,-8194,153
13,1264,12803989,5,0,-3
4,1266,12814132,-155,-8202,153
13,1265,12814154,3,0,-4
4,1267,12823993,-157,-8186,159
13,1266,12824015,-1,0,-5
4,1268,12834115,-153,-8179,143
13,1267,12834136,0,-2,-4
4,1269,12844172,-140,-8185,143
13,1268,12844194,2,0,0
4,1270,12854186,-157,-8196,148
13,1269,12854208,7,-2,4
4,1271,12864376,-167,-8198,144
13,1270,12864398,8,1,8
4,1272,12874333,-172,-8196,143
13,1271,12874355,3,2,0
4,1273,12884421,-160,-8200,153
13,1272,12884443,-3,1,-6
4,1274,12894532,-156,-8188,159
13,1273,12894554,-9,1,-13
4,1275,12904530,-144,-8183,148
13,1274,12904552,-8,-3,-7
4,1276,12914584,-143,-8187,137
13,1275,12914606,-5,-1,0
4,1277,12924612,-140,-8193,138
13,1276,12924634,-1,-3,3
4,1278,12934662,-145,-8193,134
13,1277,12934683,1,-4,6
4,1279,12944646,-153,-8192,154
13,1278,12944668,1,-3,2
4,1280,12954710,-161,-8200,147
13,1279,12954732,0,-5,-3
4,1281,12964672,-159,-8195,140
13,1280,12964694,1,-5,-4
4,1282,12974914,-161,-8186,155
13,1281,12974936,3,-5,-1
4,1283,12984849,-151,-8189,150
13,1282,12984899,6,-4,3
4,1284,12994900,-141,-8201,143
13,1283,12994922,10,-2,4
4,1285,13004948,-161,-8197,148
13,1284,13004970,9,-4,8
4,1286,13015037,-163,-8198,159
13,1285,13015059,0,-2,1
4,1287,13025045,-153,-8205,156
13,1286,13025066,-4,-3,-3
4,1288,13035057,-152,-8189,152
13,1287,13035079,1,-3,0
4,1289,13045113,-163,-8184,134
13,1288,13045135,3,-4,0
4,1290,13055280,-169,-8196,146
13,1289,13055302,5,-2,2
4,1291,13065188,-162,-8193,145
13,1290,13065210,7,-2,3
4,1292,13075275,-159,-8189,149
13,1291,13075297,6,-1,5
4,1293,13085242,-165,-8203,142
13,1292,13085264,3,-1,4
4,1294,13095386,-165,-8199,147
13,1293,13095408,2,-2,3
4,1295,13105470,-154,-8197,144
13,1294,13105492,4,-1,0
4,1296,13115443,-152,-8192,159
13,1295,13115465,3,0,-2
4,1297,13125495,-157,-8185,154
13,1296,13125517,0,0,-3
4,1298,13135585,-154,-8188,152
13,1297,13135607,0,-1,-3
4,1299,13145611,-148,-8189,142
13,1298,13145633,-3,-1,-6
4,1300,13155605,-152,-8191,144
13,1299,13155627,0,-3,-5
4,1301,13165671,-137,-8181,163
13,1300,13165693,0,-2,0
4,1302,13175732,-156,-8181,149
13,1301,13175754,0,-2,6
4,1303,13185713,-153,-8196,149
13,1302,13185735,5,0,6
4,1304,13195783,-148,-8192,143
13,1303,13195805,6,-2,3
4,1305,13205841,-168,-8199,150
13,1304,13205863,0,2,0
4,1306,13215979,-158,-8188,142
13,1305,13216001,-2,1,-3
4,1307,13225937,-157,-8192,148
13,1306,13225959,1,0,-1
4,1308,13235935,-147,-8191,145
13,1307,13235957,7,-1,3
4,1309,13246057,-159,-8196,143
13,1308,13246079,8,-1,4
4,1310,13256207,-172,-8218,152
13,1309,13256229,7,-2,4
4,1311,13266134,-161,-8198,148
13,1310,13266156,4,-4,1
4,1312,13276186,-157,-8178,151
13,1311,13276208,4,-3,-2
4,1313,13286214,-152,-8181,148
13,1312,13286236,-4,1,-5
4,1314,13296357,-162,-8201,149
13,1313,13296379,-6,-2,-8
4,1315,13306317,-162,-8178,142
13,1314,13306339,-5,-2,-8
4,1316,13316343,-153,-8198,127
13,1315,13316365,0,-1,-2
4,1317,13326371,-150,-8193,139
13,1316,13326393,6,0,2
4,1318,13336454,-166,-8190,157
13,1317,13336476,5,0,0
4,1319,13346466,-161,-8189,144
13,1318,13346488,2,2,-3
4,1320,13356530,-156,-8198,145
13,1319,13356579,2,-2,-3
4,1321,13366659,-151,-8201,151
13,1320,13366681,0,-2,-3
4,1322,13376732,-157,-8179,148
13,1321,13376754,-1,-3,-4
4,1323,13386670,-152,-8182,151
13,1322,13386692,-2,-4,-4
4,1324,13396656,-156,-8196,160
13,1323,13396678,0,-5,-2
4,1325,13406736,-151,-8185,133
13,1324,13406758,2,-3,-1
4,1326,13416798,-147,-8190,142
13,1325,13416820,3,-4,0
4,1327,13426830,-159,-8197,156
13,1326,13426852,3,-1,0
4,1328,13436820,-160,-8185,154
13,1327,13436842,1,0,-1
4,1329,13446923,-152,-8182,144
13,1328,13446945,-1,-2,-3
4,1330,13457072,-146,-8184,142
13,1329,13457094,-4,0,-2
4,1331,13467018,-145,-8199,149
13,1330,13467040,-5,-1,-1
4,1332,13477104,-159,-8202,142
13,1331,13477126,-2,-4,0
4,1333,13487072,-157,-8185,139
13,1332,13487093,7,0,1
4,1334,13497252,-152,-8196,141
13,1333,13497274,10,-1,2
4,1335,13507244,-168,-8188,147
13,1334,13507266,8,-4,0
4,1336,13517330,-163,-8203,142
13,1335,13517352,7,-5,-2
4,1337,13527305,-158,-8201,150
13,1336,13527327,5,-5,-5
4,1338,13537547,-152,-8193,154
13,1337,13537569,3,-4,-1
4,1339,13547421,-152,-8190,141
13,1338,13547443,-1,-2,0
4,1340,13557404,-154,-8184,137
13,1339,13557426,0,-2,0
4,1341,13567532,-143,-8187,126
13,1340,13567554,-2,-4,0
4,1342,13577593,-164,-8185,129
13,1341,13577615,-2,-4,0
4,1343,13587631,-156,-8195,148
13,1342,13587653,0,-2,-1
4,1344,13597655,-155,-8199,147
13,1343,13597677,1,0,-3
4,1345,13607714,-148,-8187,148
13,1344,13607736,2,0,-4
4,1346,13617862,-157,-8192,149
13,1345,13617884,1,-6,-5
4,1347,13627838,-151,-8187,152
13,1346,13627860,1,-2,-2
4,1348,13637852,-160,-8198,149
13,1347,13637874,0,-4,0
4,1349,13647930,-154,-8190,151
13,1348,13647952,0,-2,-1
4,1350,13657995,-153,-8192,148
13,1349,13658017,-1,-2,-1
4,1351,13667944,-155,-8201,146
13,1350,13667966,-2,-2,0
4,1352,13678054,-157,-8192,140
13,1351,13678076,0,-2,5
4,1353,13688102,-162,-8197,147
13,1352,13688124,2,0,1
4,1354,13698195,-179,-8197,156
13,1353,13698217,2,0,-3
4,1355,13708202,-160,-8195,148
13,1354,13708224,0,0,-9
4,1356,13718288,-168,-8212,151
13,1355,13718310,-3,1,-14
4,1357,13728221,-168,-8175,150
13,1356,13728243,-1,1,-10
4,1358,13738370,-147,-8201,136
13,1357,13738392,-3,0,-9
4,1359,13748404,-145,-8204,149
13,1358,13748426,0,0,-3
4,1360,13758513,-159,-8182,151
13,1359,13758535,6,0,0
4,1361,13768495,-149,-8185,148
13,1360,13768517,5,-1,1
4,1362,13778570,-155,-8188,152
13,1361,13778592,4,0,6
4,1363,13788619,-153,-8204,147
13,1362,13788641,1,-2,2
4,1364,13798646,-152,-8201,144
13,1363,13798668,-1,-2,-1
4,1365,13808658,-152,-8187,140
13,1364,13808680,-4,-3,-8
4,1366,13818770,-146,-8182,136
13,1365,13818792,-7,0,-12
4,1367,13828778,-145,-8180,149
13,1366,13828800,-3,-1,-12
4,1368,13838884,-150,-8195,142
13,1367,13838906,0,-2,-12
4,1369,13848909,-136,-8186,148
13,1368,13848931,0,-1,-11
4,1370,13858993,-135,-8185,140
13,1369,13859015,1,1,-8
4,1371,13869034,-150,-8182,144
13,1370,13869056,0,1,-2
4,1372,13879131,-160,-8190,145
13,1371,13879153,0,2,-2
4,1373,13889118,-149,-8194,148
13,1372,13889140,0,1,-9
4,1374,13899222,-148,-8192,141
13,1373,13899244,-4,-1,-10
4,1375,13909186,-149,-8197,134
13,1374,13909208,-2,-1,-1
4,1376,13919210,-149,-8195,134
13,1375,13919232,-3,-4,0
4,1377,13929306,-143,-8185,134
13,1376,13929328,-1,-6,-1
4,1378,13939407,-145,-8187,132
13,1377,13939429,3,-4,5
4,1379,13949402,-145,-8186,141
13,1378,13949424,7,-3,6
4,1380,13959463,-156,-8189,143
13,1379,13959485,11,-2,7
4,1381,13969556,-154,-8199,147
13,1380,13969578,9,-1,6
4,1382,13979585,-152,-8208,136
13,1381,13979607,2,0,2
4,1383,13989722,-157,-8195,133
13,1382,13989744,0,-1,-2
4,1384,13999643,-152,-8198,146
13,1383,13999665,-1,-4,-2
4,1385,14009824,-156,-8191,144
13,1384,14009846,0,-3,-2
4,1386,14019857,-149,-8196,132
13,1385,14019879,3,-1,-6
4,1387,14029790,-151,-8188,139
13,1386,14029812,3,0,-5
4,1388,14039881,-148,-8181,146
13,1387,14039903,2,0,-2
4,1389,14049921,-148,-8185,154
13,1388,14049943,3,0,0
4,1390,14060031,-143,-8188,143
13,1389,14060053,4,0,3
4,1391,14070084,-140,-8181,145
13,1390,14070106,6,-2,6
4,1392,14080100,-156,-8191,155
13,1391,14080122,5,-3,7
4,1393,14090125,-163,-8201,125
13,1392,14090147,7,-2,7
4,1394,14100289,-148,-8198,132
13,1393,14100338,10,-2,0
4,1395,14110240,-151,-8193,140
13,1394,14110262,7,2,-6
4,1396,14120381,-155,-8202,142
13,1395,14120403,1,2,-10
4,1397,14130389,-159,-8186,143
13,1396,14130411,6,1,-11
4,1398,14140490,-153,-8185,153
13,1397,14140512,7,2,-8
4,1399,14150410,-144,-8186,142
13,1398,14150432,7,0,-2
4,1400,14160493,-157,-8198,144
13,1399,14160515,6,0,4
4,1401,14170533,-143,-8197,145
13,1400,14170555,6,-2,7
4,1402,14180676,-165,-8198,152
13,1401,14180698,1,-4,2
4,1403,14190622,-168,-8199,147
13,1402,14190644,-1,-2,-3
4,1404,14200661,-156,-8187,151
13,1403,14200683,-3,0,-12
4,1405,14210721,-157,-8201,148
13,1404,14210743,-2,0,-11
4,1406,14220778,-153,-8192,153
13,1405,14220800,-2,1,-7
4,1407,14230845,-152,-8196,153
13,1406,14230867,0,0,-8
4,1408,14240828,-149,-8197,150
13,1407,14240850,3,-1,-5
4,1409,14250977,-146,-8194,165
13,1408,14250999,3,-2,-2
4,1410,14261122,-145,-8199,164
13,1409,14261144,2,-2,0
4,1411,14271086,-143,-8191,165
13,1410,14271108,0,-2,5
4,1412,14281136,-154,-8190,144
13,1411,14281158,-3,-2,2
4,1413,14291148,-146,-8192,142
13,1412,14291170,-2,-2,2
4,1414,14301226,-157,-8193,147
13,1413,14301247,-1,-3,3
4,1415,14311225,-156,-8203,146
13,1414,14311246,0,-3,0
4,1416,14321263,-152,-8197,145
13,1415,14321285,0,-1,-3
4,1417,14331324,-142,-8179,151
13,1416,14331346,1,0,-6
4,1418,14341469,-152,-8194,140
13,1417,14341491,4,-1,-2
4,1419,14351394,-134,-8191,138
13,1418,14351416,4,0,-2
4,1420,14361452,-169,-8189,145
13,1419,14361501,18,-4,14
4,1421,14371514,-154,-8200,146
13,1420,14371536,5,0,1
4,1422,14381636,-151,-8185,145
13,1421,14381658,-3,0,-2
4,1423,14391694,-162,-8193,154
13,1422,14391716,3,0,4
4,1424,14401683,-159,-8198,148
13,1423,14401705,2,-1,6
4,1425,14411667,-150,-8198,149
13,1424,14411689,-2,-2,3
4,1426,14421836,-156,-8196,153
13,1425,14421858,-3,-2,-2
4,1427,14431809,-141,-8195,146
13,1426,14431831,-2,-1,-2
4,1428,14441884,-152,-8193,145
13,1427,14441906,-3,-1,-8
4,1429,14451891,-138,-8195,143
13,1428,14451913,2,0,-9
4,1430,14461982,-148,-8183,146
13,1429,14462004,5,0,-4
4,1431,14471972,-158,-8186,144
13,1430,14471994,5,1,-1
4,1432,14482141,-159,-8204,148
13,1431,14482163,-3,2,-7
4,1433,14492120,-149,-8196,157
13,1432,14492142,-7,2,-5
4,1434,14502261,-142,-8195,157
13,1433,14502283,-7,-1,-6
4,1435,14512223,-154,-8183,149
13,1434,14512245,-6,-2,-4
4,1436,14522323,-157,-8199,143
13,1435,14522345,0,0,0
4,1437,14532303,-145,-8192,144
13,1436,14532325,0,2,0
4,1438,14542316,-154,-8189,144
13,1437,14542338,2,2,-1
4,1439,14552386,-152,-8195,151
13,1438,14552408,3,2,-2
4,1440,14562422,-151,-8174,143
13,1439,14562444,3,0,0
4,1441,14572491,-157,-8192,138
13,1440,14572513,3,0,0
4,1442,14582612,-166,-8201,157
13,1441,14582634,8,-1,0
4,1443,14592568,-154,-8191,147
13,1442,14592590,5,0,-2
4,1444,14602626,-161,-8193,142
13,1443,14602648,1,1,-5
4,1445,14612643,-151,-8201,147
13,1444,14612665,3,-2,-1
4,1446,14622776,-158,-8191,153
13,1445,14622798,0,-4,-2
4,1447,14632788,-156,-8193,152
13,1446,14632810,-2,0,-4
4,1448,14642824,-149,-8191,135
13,1447,14642846,0,-1,-5
4,1449,14652872,-150,-8190,145
13,1448,14652894,2,2,-4
4,1450,14662928,-148,-8187,149
13,1449,14662950,6,0,-2
4,1451,14672953,-139,-8186,148
13,1450,14672975,3,0,0
4,1452,14682982,-138,-8202,140
13,1451,14683004,4,-3,2
4,1453,14693068,-138,-8198,145
13,1452,14693090,8,-4,4
4,1454,14703074,-154,-8199,150
13,1453,14703096,7,-1,7
4,1455,14713115,-153,-8186,147
13,1454,14713137,10,0,9
4,1456,14723197,-145,-8185,157
13,1455,14723219,14,0,5
4,1457,14733191,-149,-8197,152
13,1456,14733213,4,-1,3
4,1458,14743362,-152,-8194,147
13,1457,14743384,-3,0,-2
4,1459,14753298,-153,-8187,137
13,1458,14753320,-5,0,-5
4,1460,14763427,-146,-8184,141
13,1459,14763449,-4,-3,-4
4,1461,14773393,-156,-8192,145
13,1460,14773415,0,-2,0
4,1462,14783456,-144,-8188,141
13,1461,14783478,3,-2,0
4,1463,14793527,-153,-8195,145
13,1462,14793549,4,0,0
4,1464,14803468,-147,-8201,144
13,1463,14803490,5,-2,1
4,1465,14813604,-162,-8192,158
13,1464,14813626,0,-2,0
4,1466,14823742,-168,-8183,163
13,1465,14823764,-4,0,-3
4,1467,14833655,-153,-8182,149
13,1466,14833677,-5,0,-4
4,1468,14843697,-152,-8192,151
13,1467,14843719,-2,-2,-1
4,1469,14853754,-159,-8197,142
13,1468,14853776,0,-3,2
4,1470,14863866,-155,-8196,142
13,1469,14863888,1,-2,3
4,1471,14873873,-162,-8186,162
13,1470,14873895,4,-2,3
4,1472,14883930,-143,-8190,150
13,1471,14883952,0,-1,-3
4,1473,14894020,-150,-8192,159
13,1472,14894042,-1,-3,-2
4,1474,14904086,-151,-8192,144
13,1473,14904108,-2,-4,-1
4,1475,14914108,-151,-8190,131
13,1474,14914130,-10,-2,-7
4,1476,14924092,-156,-8199,149
13,1475,14924113,-7,-1,-7
4,1477,14934185,-146,-8188,149
13,1476,14934207,-3,-2,-4
4,1478,14944195,-139,-8194,138
13,1477,14944217,1,-2,1
4,1479,14954166,-151,-8187,151
13,1478,14954188,2,0,5
4,1480,14964321,-159,-8181,144
13,1479,14964342,5,0,4
4,1481,14974342,-151,-8198,147
13,1480,14974364,9,-1,7
4,1482,14984470,-157,-8201,152
13,1481,14984492,10,-1,5
4,1483,14994343,-159,-8192,154
13,1482,14994392,0,0,-3
4,1484,15004474,-150,-8186,151
13,1483,15004496,-4,-1,-7
4,1485,15014549,-156,-8189,153
13,1484,15014571,-2,0,-3
4,1486,15024561,-146,-8188,156
13,1485,15024583,-2,0,0
4,1487,15034589,-147,-8210,152
13,1486,15034610,3,-1,5
4,1488,15044639,-147,-8197,154
13,1487,15044661,1,0,5
4,1489,15054662,-157,-8205,142
13,1488,15054684,-1,-2,-2
4,1490,15064810,-148,-8201,151
13,1489,15064832,-1,-3,-6
4,1491,15074752,-153,-8190,146
13,1490,15074774,0,-5,-4
4,1492,15084753,-153,-8206,139
13,1491,15084775,1,-6,0
4,1493,15094872,-156,-8189,144
13,1492,15094894,4,-3,3
4,1494,15105026,-147,-8185,148
13,1493,15105048,5,-2,6
4,1495,15114991,-151,-8194,138
13,1494,15115014,4,-1,3
4,1496,15124981,-151,-8192,137
13,1495,15125003,2,-3,0
4,1497,15135082,-155,-8197,139
13,1496,15135104,5,-3,2
4,1498,15145184,-162,-8196,154
13,1497,15145206,6,-1,2
4,1499,15155097,-149,-8179,143
13,1498,15155119,5,-1,3
4,1500,15165176,-152,-8197,142
13,1499,15165198,3,0,-3
4,1501,15175253,-164,-8195,141
13,1500,15175275,1,2,-3
4,1502,15185356,-157,-8178,135
13,1501,15185378,3,2,1
4,1503,15195329,-146,-8192,145
13,1502,15195351,5,1,1
4,1504,15205352,-161,-8196,148
13,1503,15205374,3,-1,3
4,1505,15215367,-157,-8196,146
13,1504,15215389,2,-5,3
4,1506,15225544,-154,-8202,157
13,1505,15225566,3,-3,3
4,1507,15235495,-167,-8188,150
13,1506,15235517,6,-3,3
4,1508,15245492,-158,-8187,154
13,1507,15245514,3,-3,0
4,1509,15255709,-152,-8185,146
13,1508,15255731,3,-1,-2
4,1510,15265648,-159,-8185,141
13,1509,15265670,4,1,1
4,1511,15275704,-164,-8200,143
13,1510,15275726,8,1,3
4,1512,15285808,-167,-8205,156
13,1511,15285830,9,0,4
4,1513,15295815,-153,-8195,156
13,1512,15295837,5,-2,2
4,1514,15305954,-154,-8196,143
13,1513,15305976,1,-1,0
4,1515,15315856,-148,-8197,145
13,1514,15315878,0,0,0
4,1516,15325864,-154,-8190,143
13,1515,15325886,5,2,4
4,1517,15335954,-152,-8197,153
13,1516,15335976,13,1,8
4,1518,15346039,-150,-8194,139
13,1517,15346061,15,1,8
4,1519,15356068,-160,-8193,151
13,1518,15356090,13,2,6
4,1520,15366119,-171,-8187,161
13,1519,15366141,2,0,-2
4,1521,15376174,-151,-8189,152
13,1520,15376196,2,-2,-6
4,1522,15386240,-157,-8188,157
13,1521,15386262,2,-2,-8
4,1523,15396268,-160,-8182,154
13,1522,15396290,0,-2,-7
4,1524,15406308,-159,-8196,154
13,1523,15406330,2,-3,-3
4,1525,15416251,-158,-8189,151
13,1524,15416273,8,0,2
4,1526,15426460,-158,-8193,155
13,1525,15426482,11,0,6
4,1527,15436404,-156,-8195,155
13,1526,15436426,8,-3,6
4,1528,15446453,-167,-8198,151
13,1527,15446475,6,0,3
4,1529,15456490,-163,-8192,150
13,1528,15456512,1,0,-1
4,1530,15466680,-162,-8189,154
13,1529,15466702,-4,-1,-6
4,1531,15476638,-152,-8191,161
13,1530,15476660,-4,-3,-5
4,1532,15486703,-159,-8184,146
13,1531,15486725,1,1,-2
4,1533,15496715,-153,-8194,136
13,1532,15496737,3,2,-1
4,1534,15506772,-143,-8193,149
13,1533,15506794,5,-1,1
4,1535,15516799,-155,-8193,161
13,1534,15516821,11,-1,6
4,1536,15526759,-159,-8195,157
13,1535,15526781,13,-2,4
4,1537,15536819,-177,-8191,160
13,1536,15536841,0,-2,-6
4,1538,15546965,-160,-8196,155
13,1537,15546987,-8,-1,-11
4,1539,15556903,-153,-8194,143
13,1538,15556925,-9,0,-12
4,1540,15566946,-152,-8187,146
13,1539,15566968,-4,-3,-2
4,1541,15576987,-152,-8186,141
13,1540,15577009,2,-2,3
4,1542,15587083,-155,-8196,157
13,1541,15587105,8,0,6
4,1543,15597091,-163,-8197,163
13,1542,15597113,9,0,5
4,1544,15607116,-165,-8195,157
13,1543,15607138,5,-2,0
4,1545,15617202,-163,-8187,154
13,1544,15617224,6,-2,-4
4,1546,15627323,-169,-8173,157
13,1545,15627345,8,1,0
4,1547,15637283,-155,-8183,161
13,1546,15637305,5,0,4
4,1548,15647265,-157,-8190,164
13,1547,15647287,2,-1,3
4,1549,15657387,-161,-8187,158
13,1548,15657409,0,-2,0
4,1550,15667470,-160,-8188,164
13,1549,15667492,-3,-1,-3
4,1551,15677422,-162,-8194,168
13,1550,15677444,-2,0,-3
4,1552,15687499,-160,-8187,167
13,1551,15687521,-3,0,-4
4,1553,15697465,-165,-8197,154
13,1552,15697487,-4,0,-4
4,1554,15707680,-155,-8192,147
13,1553,15707702,-3,2,-5
4,1555,15717596,-162,-8196,143
13,1554,15717618,-4,4,-5
4,1556,15727666,-163,-8188,152
13,1555,15727688,-4,2,-7
4,1557,15737687,-159,-8186,151
13,1556,15737709,-6,1,-13
4,1558,15747750,-156,-8198,158
13,1557,15747772,-7,2,-11
4,1559,15757819,-157,-8188,158
13,1558,15757841,-2,0,-5
4,1560,15767823,-159,-8189,169
13,1559,15767845,-2,0,-4
4,1561,15777901,-165,-8204,146
13,1560,15777923,-1,0,-2
4,1562,15787997,-160,-8189,147
13,1561,15788019,0,0,0
4,1563,15797901,-157,-8196,148
13,1562,15797923,-3,1,-3
4,1564,15807995,-159,-8203,144
13,1563,15808017,-3,3,-6
4,1565,15818115,-154,-8187,160
13,1564,15818137,-3,2,-8
4,1566,15828128,-154,-8180,148
13,1565,15828150,-1,5,-9
4,1567,15838145,-142,-8180,148
13,1566,15838167,2,2,-4
4,1568,15848193,-154,-8177,162
13,1567,15848215,0,2,-2
4,1569,15858224,-146,-8188,164
13,1568,15858246,-1,1,-1
4,1570,15868399,-155,-8189,153
13,1569,15868421,-1,-2,-3
4,1571,15878329,-156,-8201,157
13,1570,15878351,-2,-4,-4
4,1572,15888386,-152,-8204,166
13,1571,15888408,-4,-2,-4
4,1573,15898444,-168,-8190,161
13,1572,15898466,-3,-3,-7
4,1574,15908477,-160,-8189,144
13,1573,15908499,-6,0,-8
4,1575,15918476,-159,-8188,151
13,1574,15918498,-2,0,-8
4,1576,15928578,-162,-8205,154
13,1575,15928600,-1,-1,-10
4,1577,15938597,-149,-8189,147
13,1576,15938619,-1,0,-7
4,1578,15948706,-144,-8187,161
13,1577,15948728,1,0,-3
4,1579,15958592,-152,-8196,145
13,1578,15958614,-3,-1,-1
4,1580,15968718,-155,-8184,145
13,1579,15968740,-4,-2,-3
4,1581,15978721,-162,-8189,155
13,1580,15978743,-4,-1,-4
4,1582,15988851,-157,-8184,152
13,1581,15988873,-7,1,-6
4,1583,15998790,-156,-8198,143
13,1582,15998812,-5,-1,-7
4,1584,16008903,-156,-8195,141
13,1583,16008925,-6,-3,-10
4,1585,16018931,-146,-8189,137
13,1584,16018953,-2,0,-10
4,1586,16029039,-147,-8184,140
13,1585,16029061,1,2,-10
4,1587,16038983,-142,-8185,147
13,1586,16039004,4,2,-1
4,1588,16048964,-158,-8187,143
13,1587,16048986,7,0,4
4,1589,16059088,-148,-8182,148
13,1588,16059110,6,-1,1
4,1590,16069155,-148,-8191,165
13,1589,16069177,3,-1,0
4,1591,16079175,-151,-8184,150
13,1590,16079196,-1,0,-3
4,1592,16089132,-153,-8187,150
13,1591,16089154,-5,2,-6
4,1593,16099323,-156,-8193,151
13,1592,16099345,-2,2,-3
4,1594,16109389,-151,-8195,162
13,1593,16109411,0,0,-1
4,1595,16119248,-147,-8201,154
13,1594,16119270,-3,0,-2
4,1596,16129367,-151,-8195,147
13,1595,16129389,-4,-2,0
4,1597,16139405,-152,-8189,144
13,1596,16139427,-2,0,1
4,1598,16149502,-140,-8198,143
13,1597,16149524,3,2,3
4,1599,16159489,-152,-8202,131
13,1598,16159511,4,2,3
4,1600,16169527,-154,-8198,138
13,1599,16169549,2,0,0
4,1601,16179560,-155,-8193,147
13,1600,16179582,-3,-2,-5
4,1602,16189700,-167,-8203,159
13,1601,16189722,-3,-2,-8
4,1603,16199598,-167,-8187,135
13,1602,16199620,-4,0,-7
4,1604,16209703,-157,-8189,141
13,1603,16209725,-5,0,-6
4,1605,16219735,-150,-8200,141
13,1604,16219757,-5,0,-7
4,1606,16229766,-155,-8195,137
13,1605,16229788,-3,1,-8
4,1607,16239805,-155,-8187,135
13,1606,16239827,-2,2,-3
4,1608,16249900,-152,-8188,152
13,1607,16249922,-1,0,-3
4,1609,16259897,-158,-8196,147
13,1608,16259919,0,0,-5
4,1610,16270088,-153,-8193,149
13,1609,16270110,0,-3,-5
4,1611,16280044,-155,-8191,142
13,1610,16280066,-2,-3,-7
4,1612,16289996,-152,-8191,156
13,1611,16290018,-3,-2,-6
4,1613,16300072,-151,-8195,152
13,1612,16300094,-5,0,-9
4,1614,16310184,-140,-8193,148
13,1613,16310206,-4,0,-6
4,1615,16320255,-140,-8185,156
13,1614,16320277,-2,0,-3
4,1616,16330245,-142,-8199,155
13,1615,16330267,-1,-1,-1
4,1617,16340241,-140,-8196,148
13,1616,16340263,-3,0,-2
4,1618,16350518,-143,-8190,153
13,1617,16350540,-3,-1,-5
4,1619,16360397,-156,-8202,147
13,1618,16360419,-10,-4,-12
4,1620,16370452,-159,-8180,141
13,1619,16370474,-6,-2,-12
4,1621,16380507,-157,-8192,133
13,1620,16380529,1,0,-6
4,1622,16390583,-151,-8201,147
13,1621,16390605,0,0,-6
4,1623,16400642,-138,-8183,123
13,1622,16400664,0,0,-4
4,1624,16410615,-154,-8197,149
13,1623,16410637,0,-1,-1
4,1625,16420626,-141,-8182,160
13,1624,16420648,3,-4,0
4,1626,16430803,-146,-8183,146
13,1625,16430825,2,-3,-1
4,1627,16440801,-145,-8189,147
13,1626,16440823,4,0,0
4,1628,16450762,-149,-8198,141
13,1627,16450784,1,0,0
4,1629,16460884,-165,-8200,130
13,1628,16460906,1,-3,0
4,1630,16470893,-155,-8194,144
13,1629,16470915,0,-1,-6
4,1631,16480856,-144,-8189,146
13,1630,16480878,-8,-2,-15
4,1632,16490927,-152,-8193,147
13,1631,16490949,-7,0,-17
4,1633,16500939,-149,-8178,157
13,1632,16500961,-6,2,-19
4,1634,16511144,-133,-8185,144
13,1633,16511166,-9,2,-18
4,1635,16521078,-143,-8190,139
13,1634,16521100,-2,3,-5
4,1636,16531163,-150,-8178,137
13,1635,16531185,1,0,-1
4,1637,16541139,-144,-8184,130
13,1636,16541161,5,0,2
4,1638,16551290,-146,-8196,130
13,1637,16551312,6,0,3
4,1639,16561193,-159,-8183,139
13,1638,16561215,4,0,1
4,1640,16571338,-156,-8194,148
13,1639,16571360,3,2,-3
4,1641,16581357,-150,-8195,135
13,1640,16581379,0,4,-8
4,1642,16591427,-146,-8190,141
13,1641,16591449,-1,4,-13
4,1643,16601433,-143,-8187,151
13,1642,16601455,-3,5,-12
4,1644,16611469,-144,-8196,157
13,1643,16611491,-2,6,-11
4,1645,16621542,-143,-8177,142
13,1644,16621564,-4,5,-12
4,1646,16631665,-138,-8187,127
13,1645,16631687,-2,1,-9
4,1647,16641609,-130,-8194,149
13,1646,16641631,1,0,-7
4,1648,16651627,-146,-8191,146
13,1647,16651649,0,0,-3
4,1649,16661670,-145,-8195,144
13,1648,16661692,1,2,-5
4,1650,16671794,-139,-8197,140
13,1649,16671816,4,2,-4
4,1651,16681810,-141,-8188,137
13,1650,16681831,4,2,0
4,1652,16691803,-154,-8187,145
13,1651,16691825,3,4,1
4,1653,16701913,-136,-8210,146
13,1652,16701935,3,5,-4
4,1654,16711870,-140,-8197,143
13,1653,16711892,1,3,-9
4,1655,16721934,-141,-8186,151
13,1654,16721956,0,6,-8
4,1656,16731973,-146,-8199,149
13,1655,16731995,0,10,-9
4,1657,16742065,-140,-8198,148
13,1656,16742087,1,9,-16
4,1658,16752189,-143,-8190,141
13,1657,16752211,-1,7,-15
4,1659,16762099,-141,-8197,132
13,1658,16762121,1,9,-6
4,1660,16772192,-137,-8193,147
13,1659,16772214,1,5,-2
4,1661,16782188,-143,-8192,151
13,1660,16782210,0,1,0
4,1662,16792278,-135,-8196,144
13,1661,16792300,-2,-1,-2
4,1663,16802231,-139,-8187,159
13,1662,16802253,-5,-4,-8
4,1664,16812350,-131,-8188,147
13,1663,16812372,-5,-2,-8
4,1665,16822372,-150,-8202,144
13,1664,16822394,-10,0,-19
4,1666,16832529,-117,-8170,143
13,1665,16832551,-9,3,-16
4,1667,16842533,-145,-8179,144
13,1666,16842555,7,-3,9
4,1668,16852531,-142,-8195,140
13,1667,16852553,-1,-2,2
4,1669,16862577,-135,-8200,136
13,1668,16862599,-2,-1,-1
4,1670,16872663,-140,-8183,138
13,1669,16872685,0,-2,-3
4,1671,16882701,-152,-8174,143
13,1670,16882723,-3,-1,0
4,1672,16892733,-148,-8185,137
13,1671,16892755,0,0,1
4,1673,16902821,-143,-8189,139
13,1672,16902843,4,-1,2
4,1674,16912892,-144,-8185,147
13,1673,16912914,2,-2,3
4,1675,16922839,-140,-8203,149
13,1674,16922861,3,-3,2
4,1676,16932908,-148,-8198,131
13,1675,16932930,5,-2,1
4,1677,16942935,-153,-8196,143
13,1676,16942957,4,-2,2
4,1678,16953109,-142,-8202,151
13,1677,16953131,0,0,-1
4,1679,16963040,-147,-8203,139
13,1678,16963062,-1,1,0
4,1680,16973034,-144,-8188,127
13,1679,16973056,0,2,-3
4,1681,16983121,-137,-8183,135
13,1680,16983143,0,-1,0
4,1682,16993312,-130,-8202,144
13,1681,16993334,0,2,1
4,1683,17003328,-132,-8196,140
13,1682,17003350,-1,1,2
4,1684,17013297,-134,-8189,129
13,1683,17013319,0,2,1
4,1685,17023374,-135,-8195,139
13,1684,17023396,3,1,1
4,1686,17033403,-150,-8198,156
13,1685,17033425,1,-1,3
4,1687,17043527,-134,-8194,138
13,1686,17043549,2,-2,2
4,1688,17053455,-144,-8199,145
13,1687,17053477,0,1,-2
4,1689,17063533,-141,-8197,143
13,1688,17063555,0,0,-5
4,1690,17073663,-145,-8185,137
13,1689,17073685,0,0,-3
4,1691,17083641,-155,-8186,130
13,1690,17083663,2,3,-4
4,1692,17093657,-139,-8179,136
13,1691,17093679,3,4,0
4,1693,17103642,-146,-8191,150
13,1692,17103664,5,5,0
4,1694,17113790,-147,-8205,152
13,1693,17113839,2,0,-1
4,1695,17123791,-150,-8190,140
13,1694,17123813,0,-2,-6
4,1696,17133828,-137,-8206,150
13,1695,17133850,0,-4,-5
4,1697,17143895,-139,-8199,146
13,1696,17143917,0,-4,-6
4,1698,17153996,-149,-8189,142
13,1697,17154018,2,0,-3
4,1699,17163948,-143,-8194,136
13,1698,17163970,3,1,1
4,1700,17173984,-146,-8190,141
13,1699,17174006,5,-1,2
4,1701,17184040,-154,-8195,139
13,1700,17184062,6,0,2
4,1702,17194139,-135,-8181,140
13,1701,17194160,2,1,0
4,1703,17204146,-129,-8181,153
13,1702,17204168,3,-1,4
4,1704,17214184,-145,-8194,138
13,1703,17214206,3,-2,3
4,1705,17224187,-143,-8186,136
13,1704,17224209,1,-1,2
4,1706,17234399,-140,-8188,153
13,1705,17234421,2,0,5
4,1707,17244319,-138,-8195,144
13,1706,17244368,-2,0,4
4,1708,17254461,-138,-8203,135
13,1707,17254483,0,1,1
4,1709,17264445,-153,-8191,150
13,1708,17264467,-3,0,-2
4,1710,17274549,-141,-8178,145
13,1709,17274571,-5,-2,-3
4,1711,17284602,-141,-8194,148
13,1710,17284624,-4,-4,-4
4,1712,17294575,-141,-8188,134
13,1711,17294597,-4,-2,-3
4,1713,17304633,-141,-8190,145
13,1712,17304655,-4,-3,1
4,1714,17314761,-140,-8199,142
13,1713,17314783,3,-4,5
4,1715,17324765,-145,-8200,154
13,1714,17324787,5,-4,12
4,1716,17334787,-144,-8214,141
13,1715,17334809,4,-1,9
4,1717,17344812,-143,-8198,152
13,1716,17344834,0,0,5
4,1718,17354975,-140,-8188,145
13,1717,17355024,0,0,2
4,1719,17364865,-157,-8192,142
13,1718,17364887,-3,-1,-5
4,1720,17375019,-158,-8189,127
13,1719,17375041,-5,0,-10
4,1721,17385109,-139,-8181,134
13,1720,17385131,-3,4,-9
4,1722,17395201,-141,-8199,141
13,1721,17395223,-2,2,-5
4,1723,17405168,-157,-8197,142
13,1722,17405190,1,-2,1
4,1724,17415191,-134,-8179,134
13,1723,17415213,2,-2,0
4,1725,17425240,-135,-8187,145
13,1724,17425262,0,-3,-2
4,1726,17435323,-151,-8185,147
13,1725,17435345,0,-3,1
4,1727,17445368,-156,-8184,149
13,1726,17445390,0,-4,0
4,1728,17455435,-141,-8190,139
13,1727,17455456,-2,-6,-3
4,1729,17465426,-147,-8195,133
13,1728,17465448,-2,-4,-2
4,1730,17475682,-135,-8194,150
13,1729,17475704,-2,0,0
4,1731,17485554,-132,-8197,139
13,1730,17485576,0,-1,-2
4,1732,17495689,-141,-8180,159
13,1731,17495711,-5,2,-5
4,1733,17505684,-145,-8190,145
13,1732,17505706,-7,-2,-6
4,1734,17515729,-144,-8186,149
13,1733,17515751,-6,-5,-7
4,1735,17525817,-137,-8183,144
13,1734,17525839,-4,-1,-3
4,1736,17535792,-143,-8187,125
13,1735,17535814,0,-3,1
4,1737,17545886,-152,-8188,133
13,1736,17545908,1,-2,1
4,1738,17555943,-150,-8191,135
13,1737,17555965,0,-4,0
4,1739,17565971,-149,-8189,150
13,1738,17565993,4,-4,-1
4,1740,17576035,-150,-8192,142
13,1739,17576057,4,-1,0
4,1741,17586017,-144,-8198,136
13,1740,17586039,1,0,0
4,1742,17596149,-137,-8189,142
13,1741,17596171,3,-2,0
4,1743,17606152,-152,-8194,137
13,1742,17606174,2,-3,1
4,1744,17616222,-149,-8199,141
13,1743,17616244,1,-1,3
4,1745,17626274,-149,-8181,143
13,1744,17626296,1,-3,3
4,1746,17636442,-148,-8188,149
13,1745,17636464,-1,-4,-1
4,1747,17646324,-144,-8193,141
13,1746,17646346,-1,-3,-3
4,1748,17656432,-145,-8179,141
13,1747,17656454,0,-1,-2
4,1749,17666497,-155,-8184,146
13,1748,17666519,3,-2,-4
4,1750,17676537,-150,-8212,145
13,1749,17676559,0,-2,-3
4,1751,17686489,-141,-8199,148
13,1750,17686511,-7,-3,-8
4,1752,17696578,-148,-8185,147
13,1751,17696600,-5,-4,-5
4,1753,17706667,-130,-8181,144
13,1752,17706688,2,-1,0
4,1754,17716713,-140,-8192,143
13,1753,17716735,8,-1,4
4,1755,17726732,-144,-8202,147
13,1754,17726754,12,0,8
4,1756,17736848,-150,-8186,152
13,1755,17736897,5,2,4
4,1757,17746904,-143,-8194,137
13,1756,17746926,1,0,-3
4,1758,17756933,-142,-8192,133
13,1757,17756955,0,-1,-4
4,1759,17766949,-143,-8180,149
13,1758,17766971,0,-2,-2
4,1760,17776947,-148,-8189,136
13,1759,17776969,0,-2,-4
4,1761,17787052,-141,-8198,144
13,1760,17787073,-1,0,-3
4,1762,17797172,-145,-8203,142
13,1761,17797194,0,2,-7
4,1763,17807078,-143,-8192,136
13,1762,17807100,0,2,-1
4,1764,17817227,-151,-8180,145
13,1763,17817249,2,0,3
4,1765,17827201,-153,-8189,153
13,1764,17827223,4,-1,2
4,1766,17837302,-159,-8206,153
13,1765,17837324,4,-2,0
4,1767,17847411,-144,-8199,140
13,1766,17847433,2,-1,0
4,1768,17857403,-142,-8180,152
13,1767,17857425,0,-2,-1
4,1769,17867510,-153,-8196,146
13,1768,17867532,4,0,6
4,1770,17877618,-148,-8206,140
13,1769,17877640,7,-1,7
4,1771,17887531,-141,-8192,157
13,1770,17887553,6,-1,0
4,1772,17897652,-145,-8195,147
13,1771,17897674,0,0,-4
4,1773,17907674,-146,-8200,143
13,1772,17907696,-3,0,-7
4,1774,17917766,-138,-8197,142
13,1773,17917788,-4,-3,-6
4,1775,17927787,-139,-8186,151
13,1774,17927809,-3,-2,-9
4,1776,17937836,-139,-8205,135
13,1775,17937858,-2,0,-3
4,1777,17947815,-153,-8190,134
13,1776,17947837,5,-5,0
4,1778,17958036,-131,-8190,141
13,1777,17958058,9,-4,3
4,1779,17967984,-132,-8199,147
13,1778,17968006,5,-4,1
4,1780,17977954,-142,-8198,148
13,1779,17977976,5,-4,3
4,1781,17988125,-143,-8187,157
13,1780,17988174,5,-1,0
4,1782,17998165,-128,-8194,151
13,1781,17998187,3,-5,0
4,1783,18008216,-143,-8187,137
13,1782,18008238,0,-3,-1
4,1784,18018220,-159,-8187,130
13,1783,18018242,0,-2,1
4,1785,18028371,-151,-8206,148
13,1784,18028393,2,-3,2
4,1786,18038493,-149,-8199,137
13,1785,18038515,6,-2,2
4,1787,18048422,-147,-8190,138
13,1786,18048444,8,-1,7
4,1788,18058422,-151,-8208,127
13,1787,18058444,3,0,5
4,1789,18068480,-151,-8193,134
13,1788,18068502,1,0,4
4,1790,18078566,-150,-8195,146
13,1789,18078588,-2,0,0
4,1791,18088518,-149,-8181,151
13,1790,18088540,-3,0,0
4,1792,18098619,-147,-8187,152
13,1791,18098641,0,0,0
4,1793,18108691,-149,-8195,150
13,1792,18108712,0,-3,-1
4,1794,18118852,-146,-8192,154
13,1793,18118874,2,0,-4
4,1795,18128825,-137,-8193,144
13,1794,18128847,2,0,0
4,1796,18138855,-138,-8191,155
13,1795,18138877,7,-2,4
4,1797,18148932,-141,-8198,154
13,1796,18148954,5,2,1
4,1798,18158979,-143,-8192,141
13,1797,18159001,0,1,-2
4,1799,18169012,-142,-8186,144
13,1798,18169033,0,-1,-5
4,1800,18179060,-155,-8201,145
13,1799,18179082,-1,-2,-8
4,1801,18189119,-142,-8183,154
13,1800,18189141,-3,-1,-7
4,1802,18199266,-132,-8198,144
13,1801,18199288,-2,-2,0
4,1803,18209166,-147,-8196,151
13,1802,18209188,3,-2,3
4,1804,18219265,-149,-8199,147
13,1803,18219287,4,0,2
4,1805,18229369,-149,-8184,143
13,1804,18229391,1,2,0
4,1806,18239420,-146,-8193,144
13,1805,18239442,-1,-2,-3
4,1807,18249481,-153,-8195,133
13,1806,18249503,-1,-3,-1
4,1808,18259439,-154,-8194,133
13,1807,18259461,0,0,-5
4,1809,18269548,-153,-8190,140
13,1808,18269570,1,0,-7
4,1810,18279659,-146,-8192,147
13,1809,18279681,0,-1,-7
4,1811,18289640,-146,-8194,149
13,1810,18289662,1,0,-4
4,1812,18299666,-143,-8187,149
13,1811,18299688,0,0,-5
4,1813,18309682,-138,-8175,147
13,1812,18309704,1,-1,-4
4,1814,18319843,-147,-8183,158
13,1813,18319865,3,0,-4
4,1815,18329845,-154,-8189,162
13,1814,18329867,0,-4,-6
4,1816,18339884,-145,-8196,145
13,1815,18339906,-2,-6,-3
4,1817,18349938,-141,-8185,152
13,1816,18349960,-2,-7,-4
4,1818,18360021,-145,-8187,148
13,1817,18360043,-3,-5,-3
4,1819,18370010,-142,-8201,134
13,1818,18370059,-2,-3,-5
4,1820,18380137,-136,-8188,138
13,1819,18380159,0,1,-8
4,1821,18390141,-146,-8196,142
13,1820,18390163,1,2,-8
4,1822,18400227,-141,-8197,140
13,1821,18400249,1,2,-5
4,1823,18410267,-143,-8192,140
13,1822,18410289,0,1,-5
4,1824,18420259,-145,-8197,140
13,1823,18420281,-1,1,-3
4,1825,18430311,-142,-8185,154
13,1824,18430333,0,-3,2
4,1826,18440446,-146,-8193,140
13,1825,18440468,2,-2,6
4,1827,18450430,-150,-8208,148
13,1826,18450452,3,-1,7
4,1828,18460485,-151,-8201,141
13,1827,18460507,0,-1,4
4,1829,18470521,-153,-8203,138
13,1828,18470543,0,-3,2
4,1830,18480619,-129,-8203,146
13,1829,18480641,-2,-2,0
4,1831,18490725,-137,-8193,142
13,1830,18490747,0,-3,1
4,1832,18500725,-138,-8180,132
13,1831,18500747,5,0,3
4,1833,18510775,-140,-8193,148
13,1832,18510797,6,-2,7
4,1834,18520847,-152,-8188,144
13,1833,18520869,4,-2,4
4,1835,18530881,-147,-8194,143
13,1834,18530903,-2,-1,-1
4,1836,18540880,-144,-8193,142
13,1835,18540902,-3,0,-4
4,1837,18550954,-140,-8191,142
13,1836,18550976,-4,0,-6
4,1838,18560957,-151,-8176,150
13,1837,18560979,-7,2,-6
4,1839,18571048,-146,-8184,148
13,1838,18571070,-4,-1,-1
4,1840,18581092,-137,-8191,137
13,1839,18581114,0,0,0
4,1841,18591129,-151,-8186,139
13,1840,18591151,1,-2,3
4,1842,18601274,-144,-8175,132
13,1841,18601296,4,0,5
4,1843,18611169,-145,-8179,139
13,1842,18611191,2,-3,3
4,1844,18621270,-148,-8205,137
13,1843,18621319,0,-4,0
4,1845,18631337,-146,-8200,138
13,1844,18631359,-1,-2,-3
4,1846,18641431,-144,-8188,140
13,1845,18641453,-3,0,-7
4,1847,18651382,-145,-8193,150
13,1846,18651404,-6,-1,-9
4,1848,18661506,-142,-8201,154
13,1847,18661527,-6,0,-6
4,1849,18671548,-148,-8186,152
13,1848,18671570,-3,-1,-5
4,1850,18681590,-143,-8192,147
13,1849,18681612,-1,0,-6
4,1851,18691607,-148,-8195,141
13,1850,18691629,0,-2,-9
4,1852,18701615,-140,-8191,134
13,1851,18701637,-1,0,-6
4,1853,18711687,-146,-8191,153
13,1852,18711709,-3,0,-9
4,1854,18721758,-144,-8184,153
13,1853,18721780,-6,0,-11
4,1855,18731782,-146,-8185,138
13,1854,18731804,-5,-2,-7
4,1856,18741829,-145,-8188,130
13,1855,18741851,-2,-2,-5
4,1857,18751865,-150,-8192,141
13,1856,18751887,0,1,-1
4,1858,18761982,-137,-8191,141
13,1857,18762004,0,0,0
4,1859,18771965,-139,-8185,136
13,1858,18771987,0,-1,0
4,1860,18782036,-144,-8182,136
13,1859,18782058,0,-1,0
4,1861,18792006,-138,-8191,141
13,1860,18792028,2,-3,-2
4,1862,18802110,-121,-8193,141
13,1861,18802132,2,-2,-3
4,1863,18812140,-134,-8179,134
13,1862,18812162,4,-3,-1
4,1864,18822116,-146,-8205,136
13,1863,18822138,2,-2,-2
4,1865,18832241,-143,-8188,126
13,1864,18832263,-2,-2,-6
4,1866,18842421,-140,-8194,145
13,1865,18842443,-1,0,-7
4,1867,18852259,-150,-8185,144
13,1866,18852281,-2,2,-10
4,1868,18862365,-135,-8200,141
13,1867,18862387,-5,4,-9
4,1869,18872386,-134,-8193,144
13,1868,18872435,-6,1,-11
4,1870,18882543,-137,-8187,149
13,1869,18882565,-3,0,-9
4,1871,18892498,-135,-8191,134
13,1870,18892520,-3,2,-6
4,1872,18902499,-140,-8184,137
13,1871,18902521,-1,0,-1
4,1873,18912619,-144,-8183,137
13,1872,18912641,2,2,-3
4,1874,18922743,-132,-8182,139
13,1873,18922765,5,0,-2
4,1875,18932685,-146,-8186,153
13,1874,18932707,8,0,2
4,1876,18942738,-142,-8184,145
13,1875,18942760,6,0,3
4,1877,18952772,-146,-8202,132
13,1876,18952794,4,-3,0
4,1878,18962918,-133,-8193,144
13,1877,18962940,3,-3,0
4,1879,18972896,-140,-8185,153
13,1878,18972917,-4,-1,-2
4,1880,18982867,-134,-8182,141
13,1879,18982889,0,-1,-2
4,1881,18992999,-138,-8179,146
13,1880,18993049,0,1,1
4,1882,19003199,-142,-8199,144
13,1881,19003221,0,2,-1
4,1883,19013104,-139,-8192,136
13,1882,19013126,3,-1,0
4,1884,19023199,-143,-8192,138
13,1883,19023221,2,0,2
4,1885,19033184,-151,-8191,135
13,1884,19033206,1,0,-1
4,1886,19043221,-149,-8188,134
13,1885,19043243,1,-3,-1
4,1887,19053251,-140,-8182,135
13,1886,19053273,1,-5,-1
4,1888,19063276,-137,-8181,138
13,1887,19063298,1,-3,1
4,1889,19073366,-147,-8192,145
13,1888,19073388,5,-6,5
4,1890,19083533,-146,-8209,152
13,1889,19083555,3,-5,7
4,1891,19093543,-145,-8190,141
13,1890,19093565,2,-2,1
4,1892,19103518,-148,-8192,138
13,1891,19103540,0,-4,-3
4,1893,19113643,-148,-8191,140
13,1892,19113692,-2,-2,-6
4,1894,19123608,-165,-8199,141
13,1893,19123657,-4,1,-8
4,1895,19133766,-135,-8175,133
13,1894,19133788,-12,0,-18
4,1896,19143735,-123,-8182,138
13,1895,19143757,-4,0,-12
4,1897,19153741,-129,-8194,145
13,1896,19153763,0,1,0
4,1898,19163906,-128,-8202,141
13,1897,19163928,-2,0,-4
4,1899,19173858,-132,-8202,141
13,1898,19173880,2,-1,-4
4,1900,19183917,-136,-8191,149
13,1899,19183939,7,0,0
4,1901,19193996,-154,-8192,144
13,1900,19194018,5,0,1
4,1902,19204025,-144,-8200,141
13,1901,19204047,5,0,0
4,1903,19214057,-151,-8200,140
13,1902,19214079,1,0,-3
4,1904,19224072,-145,-8222,146
13,1903,19224094,-10,0,-16
4,1905,19234130,-145,-8194,135
13,1904,19234152,-17,-2,-22
4,1906,19244344,-130,-8192,139
13,1905,19244366,-12,0,-22
4,1907,19254267,-128,-8187,134
13,1906,19254289,-3,0,-16
4,1908,19264360,-133,-8187,123
13,1907,19264382,-1,-3,-6
4,1909,19274301,-140,-8190,125
13,1908,19274323,2,0,-1
4,1910,19284421,-146,-8190,133
13,1909,19284443,7,2,0
4,1911,19294400,-138,-8183,145
13,1910,19294421,9,3,-3
4,1912,19304468,-145,-8190,150
13,1911,19304490,8,2,-4
4,1913,19314537,-148,-8186,143
13,1912,19314559,1,0,-4
4,1914,19324611,-134,-8191,131
13,1913,19324633,-5,1,-10
4,1915,19334622,-136,-8202,130
13,1914,19334644,-3,0,-9
4,1916,19344614,-125,-8181,137
13,1915,19344636,-4,-1,-11
4,1917,19354709,-127,-8180,138
13,1916,19354731,-3,1,-14
4,1918,19364758,-125,-8192,127
13,1917,19364780,-3,2,-11
4,1919,19374841,-141,-8188,135
13,1918,19374863,-1,1,-9
4,1920,19384897,-145,-8189,147
13,1919,19384919,-3,2,-8
4,1921,19394965,-138,-8191,144
13,1920,19394987,-5,0,-13
4,1922,19405120,-130,-8186,136
13,1921,19405142,-10,1,-15
4,1923,19415040,-133,-8204,130
13,1922,19415062,-6,2,-10
4,1924,19425075,-128,-8196,132
13,1923,19425097,-5,4,-13
4,1925,19435091,-132,-8197,133
13,1924,19435113,-4,4,-14
4,1926,19445204,-122,-8193,144
13,1925,19445226,-3,2,-18
4,1927,19455197,-128,-8184,131
13,1926,19455219,-1,8,-20
4,1928,19465245,-127,-8185,135
13,1927,19465267,0,8,-20
4,1929,19475294,-113,-8186,136
13,1928,19475316,-1,9,-17
4,1930,19485450,-124,-8192,128
13,1929,19485500,0,5,-14
4,1931,19495383,-150,-8197,148
13,1930,19495432,-1,5,-11
4,1932,19505445,-130,-8190,139
13,1931,19505467,-6,3,-22
4,1933,19515574,-120,-8167,147
13,1932,19515596,-7,2,-19
4,1934,19525583,-114,-8182,140
13,1933,19525605,-2,2,-10
4,1935,19535553,-127,-8183,140
13,1934,19535575,2,1,-1
4,1936,19545607,-133,-8188,140
13,1935,19545629,3,1,3
4,1937,19555644,-123,-8186,137
13,1936,19555666,6,2,6
4,1938,19565859,-120,-8184,144
13,1937,19565881,7,1,4
4,1939,19575743,-133,-8185,145
13,1938,19575765,3,0,0
4,1940,19585810,-122,-8202,128
13,1939,19585832,0,1,-4
4,1941,19595822,-115,-8175,138
13,1940,19595844,1,1,-3
4,1942,19605990,-119,-8177,127
13,1941,19606012,3,0,0
4,1943,19615904,-117,-8171,142
13,1942,19615926,4,2,3
4,1944,19626003,-125,-8198,139
13,1943,19626025,5,0,5
4,1945,19636066,-121,-8195,130
13,1944,19636088,3,-1,5
4,1946,19646227,-124,-8194,139
13,1945,19646249,5,2,2
4,1947,19656124,-126,-8189,143
13,1946,19656146,2,0,1
4,1948,19666120,-130,-8195,146
13,1947,19666142,1,0,0
4,1949,19676207,-130,-8193,136
13,1948,19676229,1,0,2
4,1950,19686264,-128,-8186,143
13,1949,19686286,4,-3,5
4,1951,19696285,-124,-8189,145
13,1950,19696307,6,-1,6
4,1952,19706334,-126,-8190,145
13,1951,19706356,6,-1,6
4,1953,19716376,-123,-8205,139
13,1952,19716398,2,-4,3
4,1954,19726521,-119,-8179,146
13,1953,19726543,0,-3,3
4,1955,19736449,-129,-8187,138
13,1954,19736471,2,-1,6
4,1956,19746484,-123,-8194,133
13,1955,19746506,1,2,6
4,1957,19756574,-123,-8190,142
13,1956,19756596,1,1,5
4,1958,19766653,-139,-8199,142
13,1957,19766675,0,0,0
4,1959,19776655,-136,-8196,123
13,1958,19776677,0,0,0
4,1960,19786630,-133,-8186,140
13,1959,19786652,1,2,0
4,1961,19796717,-133,-8183,132
13,1960,19796739,4,1,0
4,1962,19806844,-122,-8182,132
13,1961,19806866,5,0,2
4,1963,19816830,-117,-8183,149
13,1962,19816852,5,0,3
4,1964,19826844,-120,-8194,142
13,1963,19826866,7,-2,8
4,1965,19836884,-127,-8196,138
13,1964,19836906,4,-3,6
4,1966,19847013,-141,-8195,139
13,1965,19847035,-2,-1,-1
4,1967,19856971,-131,-8206,145
13,1966,19856993,-3,0,-1
4,1968,19867033,-117,-8189,133
13,1967,19867055,-6,0,-3
4,1969,19877106,-122,-8187,127
13,1968,19877128,-4,0,-2
4,1970,19887309,-130,-8188,130
13,1969,19887331,3,0,0
4,1971,19897196,-129,-8188,138
13,1970,19897218,4,0,0
4,1972,19907251,-129,-8199,144
13,1971,19907273,2,1,-1
4,1973,19917349,-133,-8188,138
13,1972,19917371,1,0,2
4,1974,19927304,-142,-8194,130
13,1973,19927326,-2,0,0
4,1975,19937384,-140,-8197,140
13,1974,19937406,-4,-2,-4
4,1976,19947475,-130,-8198,137
13,1975,19947497,-3,-3,-1
4,1977,19957482,-131,-8193,127
13,1976,19957504,-2,-1,0
4,1978,19967601,-133,-8191,127
13,1977,19967623,-2,1,-6
4,1979,19977544,-134,-8194,129
13,1978,19977566,-2,3,-7
4,1980,19987611,-129,-8191,139
13,1979,19987633,-3,2,-6
4,1981,19997657,-125,-8187,135
13,1980,19997706,-5,0,-7
4,1982,20007778,-127,-8195,130
13,1981,20007800,-6,0,-4
4,1983,20017856,-118,-8191,124
13,1982,20017878,0,1,2
4,1984,20027807,-123,-8187,128
13,1983,20027829,4,0,4
4,1985,20037924,-133,-8192,133
13,1984,20037946,6,-4,6
4,1986,20047994,-131,-8201,137
13,1985,20048016,1,-4,2
4,1987,20057992,-133,-8194,140
13,1986,20058014,-4,-1,-5
4,1988,20067963,-137,-8190,136
13,1987,20067985,-8,0,-9
4,1989,20077979,-123,-8187,123
13,1988,20078001,-7,0,-9
4,1990,20088179,-113,-8195,125
13,1989,20088201,-4,2,-10
4,1991,20098116,-121,-8180,149
13,1990,20098138,-1,2,-8
4,1992,20108172,-132,-8191,140
13,1991,20108194,-1,2,-6
4,1993,20118165,-126,-8183,123
13,1992,20118187,-4,3,-7
4,1994,20128387,-112,-8177,119
13,1993,20128409,-1,0,-1
4,1995,20138393,-131,-8190,136
13,1994,20138415,5,-1,6
4,1996,20148323,-130,-8194,140
13,1995,20148345,6,0,9
4,1997,20158438,-137,-8178,139
13,1996,20158460,5,0,9
4,1998,20168467,-130,-8203,134
13,1997,20168489,4,0,4
4,1999,20178486,-127,-8200,136
13,1998,20178508,1,0,1
4,2000,20188508,-126,-8195,121
13,1999,20188530,0,1,-3
4,2001,20198582,-127,-8185,144
13,2000,20198604,4,2,-5
4,2002,20208642,-119,-8190,142
13,2001,20208664,5,2,-2
4,2003,20218655,-125,-8198,129
13,2002,20218677,3,0,0
4,2004,20228766,-130,-8189,144
13,2003,20228788,1,1,0
4,2005,20238731,-126,-8201,137
13,2004,20238753,-4,-1,-1
4,2006,20248766,-125,-8195,133
13,2005,20248788,0,-4,1
4,2007,20258845,-132,-8194,140
13,2006,20258867,6,-5,8
4,2008,20268917,-127,-8193,139
13,2007,20268939,6,-4,9
4,2009,20278883,-122,-8187,135
13,2008,20278905,7,-1,6
4,2010,20289049,-138,-8191,133
13,2009,20289071,6,1,1
4,2011,20299063,-135,-8181,149
13,2010,20299085,2,1,-1
4,2012,20309093,-118,-8181,144
13,2011,20309115,0,0,-2
4,2013,20319077,-118,-8182,128
13,2012,20319099,0,-1,2
4,2014,20329156,-136,-8178,133
13,2013,20329178,4,-4,8
4,2015,20339128,-121,-8190,149
13,2014,20339150,8,2,12
4,2016,20349205,-119,-8187,141
13,2015,20349227,9,0,12
4,2017,20359265,-140,-8202,139
13,2016,20359287,2,-2,11
4,2018,20369360,-142,-8213,147
13,2017,20369410,-2,0,3
4,2019,20379431,-132,-8185,151
13,2018,20379453,2,-3,0
4,2020,20389398,-131,-8200,139
13,2019,20389420,0,-2,3
4,2021,20399475,-133,-8189,120
13,2020,20399497,-1,-1,1
4,2022,20409591,-130,-8187,126
13,2021,20409613,4,0,4
4,2023,20419544,-115,-8188,140
13,2022,20419565,2,-4,4
4,2024,20429593,-117,-8191,133
13,2023,20429615,4,-5,8
4,2025,20439676,-136,-8199,134
13,2024,20439698,9,-2,12
4,2026,20449705,-128,-8191,138
13,2025,20449727,8,-2,6
4,2027,20459728,-132,-8177,134
13,2026,20459750,4,-1,0
4,2028,20469765,-133,-8170,144
13,2027,20469787,-2,0,-8
4,2029,20479801,-125,-8196,135
13,2028,20479823,-4,-1,-7
4,2030,20489881,-131,-8181,149
13,2029,20489902,-2,-2,-5
4,2031,20499878,-126,-8188,139
13,2030,20499927,0,-2,0
4,2032,20509900,-125,-8206,134
13,2031,20509922,3,-2,5
4,2033,20519996,-124,-8194,137
13,2032,20520018,7,-2,3
4,2034,20530130,-119,-8195,135
13,2033,20530152,4,-3,0
4,2035,20540026,-131,-8184,134
13,2034,20540048,6,-2,-2
4,2036,20550201,-130,-8178,131
13,2035,20550223,8,1,1
4,2037,20560153,-126,-8180,146
13,2036,20560175,9,-1,5
4,2038,20570257,-128,-8186,156
13,2037,20570279,8,0,10
4,2039,20580255,-128,-8188,151
13,2038,20580277,0,-4,7
4,2040,20590362,-131,-8189,145
13,2039,20590384,-2,-5,0
4,2041,20600438,-145,-8186,148
13,2040,20600460,-4,-1,-4
4,2042,20610577,-135,-8195,132
13,2041,20610599,-5,1,-3
4,2043,20620438,-135,-8183,122
13,2042,20620460,0,0,1
4,2044,20630519,-141,-8198,131
13,2043,20630541,7,0,4
4,2045,20640539,-126,-8193,145
13,2044,20640561,8,-1,3
4,2046,20650581,-132,-8191,141
13,2045,20650603,7,0,6
4,2047,20660646,-130,-8191,149
13,2046,20660668,5,-1,7
4,2048,20670664,-140,-8182,145
13,2047,20670686,0,-4,5
4,2049,20680692,-133,-8191,141
13,2048,20680714,-1,-2,9
4,2050,20690876,-128,-8208,143
13,2049,20690898,-1,-4,9
4,2051,20700808,-128,-8191,136
13,2050,20700830,3,-2,5
4,2052,20710834,-144,-8195,139
13,2051,20710856,2,-1,3
4,2053,20720912,-143,-8201,148
13,2052,20720934,0,0,1
4,2054,20730981,-140,-8198,145
13,2053,20731003,4,1,-1
4,2055,20741003,-141,-8191,142
13,2054,20741025,1,2,-3
4,2056,20751055,-130,-8198,136
13,2055,20751077,-1,2,-2
4,2057,20761111,-134,-8182,132
13,2056,20761133,-1,-2,0
4,2058,20771169,-134,-8197,129
13,2057,20771191,0,-2,3
4,2059,20781180,-135,-8190,140
13,2058,20781202,3,0,7
4,2060,20791239,-127,-8193,150
13,2059,20791261,4,0,8
4,2061,20801235,-142,-8185,142
13,2060,20801257,-1,-3,1
4,2062,20811326,-140,-8190,148
13,2061,20811348,-4,-2,-1
4,2063,20821268,-137,-8192,140
13,2062,20821290,-2,0,-2
4,2064,20831368,-132,-8185,124
13,2063,20831390,0,0,4
4,2065,20841400,-145,-8194,137
13,2064,20841422,6,0,4
4,2066,20851556,-147,-8193,144
13,2065,20851578,7,-1,6
4,2067,20861507,-138,-8198,146
13,2066,20861529,3,-4,4
4,2068,20871488,-131,-8197,150
13,2067,20871510,0,-1,0
4,2069,20881615,-135,-8187,156
13,2068,20881637,1,1,0
4,2070,20891707,-129,-8190,148
13,2069,20891729,0,0,1
4,2071,20901738,-136,-8177,153
13,2070,20901760,2,1,1
4,2072,20911754,-141,-8183,155
13,2071,20911776,1,0,1
4,2073,20921755,-137,-8196,144
13,2072,20921777,-1,-1,1
4,2074,20931912,-139,-8191,138
13,2073,20931934,-3,-1,-1
4,2075,20941932,-133,-8184,144
13,2074,20941954,-2,0,-2
4,2076,20951926,-131,-8186,146
13,2075,20951948,0,-2,-3
4,2077,20961978,-136,-8200,144
13,2076,20962000,2,-1,0
4,2078,20972050,-132,-8187,135
13,2077,20972072,5,-1,3
4,2079,20982086,-142,-8195,136
13,2078,20982108,5,-2,5
4,2080,20992127,-134,-8195,137
13,2079,20992149,-1,0,1
4,2081,21002160,-133,-8189,134
13,2080,21002209,-5,-1,-1
4,2082,21012314,-138,-8181,134
13,2081,21012336,-3,0,-2
4,2083,21022290,-138,-8200,143
13,2082,21022312,-3,0,0
4,2084,21032313,-131,-8197,153
13,2083,21032335,-3,1,-2
4,2085,21042359,-129,-8188,156
13,2084,21042381,-4,-3,-3
4,2086,21052471,-144,-8182,139
13,2085,21052493,-7,-6,-3
4,2087,21062439,-148,-8197,139
13,2086,21062461,-10,-2,-7
4,2088,21072493,-124,-8189,144
13,2087,21072514,-9,-3,-6
4,2089,21082486,-132,-8189,151
13,2088,21082508,-1,-2,-3
4,2090,21092655,-123,-8182,136
13,2089,21092677,2,0,0
4,2091,21102602,-130,-8186,135
13,2090,21102624,4,-1,3
4,2092,21112650,-147,-8186,144
13,2091,21112672,4,-1,2
4,2093,21122635,-135,-8178,141
13,2092,21122657,0,-3,1
4,2094,21132778,-129,-8181,131
13,2093,21132800,1,-4,5
4,2095,21142808,-129,-8185,133
13,2094,21142830,3,-1,6
4,2096,21152832,-132,-8195,138
13,2095,21152854,5,-1,4
4,2097,21162887,-136,-8191,144
13,2096,21162909,5,-4,3
4,2098,21172939,-139,-8198,126
13,2097,21172961,3,-2,2
4,2099,21182969,-145,-8193,141
13,2098,21182991,5,-4,-3
4,2100,21192999,-143,-8192,148
13,2099,21193021,2,-2,-4
4,2101,21203042,-138,-8189,147
13,2100,21203063,-1,-2,-2
4,2102,21213049,-139,-8196,135
13,2101,21213071,-3,-1,-2
4,2103,21223185,-134,-8188,131
13,2102,21223207,-2,0,-1
4,2104,21233186,-121,-8179,137
13,2103,21233208,-3,0,-1
4,2105,21243153,-132,-8189,138
13,2104,21243175,-1,0,1
4,2106,21253399,-131,-8180,153
13,2105,21253421,3,1,3
4,2107,21263333,-140,-8196,142
13,2106,21263355,7,0,5
4,2108,21273366,-134,-8197,146
13,2107,21273388,6,0,6
4,2109,21283414,-137,-8196,135
13,2108,21283436,3,0,0
4,2110,21293449,-136,-8193,142
13,2109,21293471,4,-2,-2
4,2111,21303470,-125,-8181,159
13,2110,21303492,7,0,0
4,2112,21313503,-131,-8190,148
13,2111,21313525,8,0,3
4,2113,21323508,-124,-8206,157
13,2112,21323530,4,-1,3
4,2114,21333707,-132,-8190,146
13,2113,21333729,2,-3,1
4,2115,21343636,-125,-8182,144
13,2114,21343658,-2,-2,-6
4,2116,21353632,-131,-8195,152
13,2115,21353654,-5,0,-6
4,2117,21363745,-141,-8185,146
13,2116,21363767,-3,-1,-4
4,2118,21373839,-142,-8190,135
13,2117,21373861,1,0,0
4,2119,21383767,-141,-8191,132
13,2118,21383816,1,1,0
4,2120,21393926,-150,-8192,139
13,2119,21393948,3,0,3
4,2121,21404020,-142,-8192,145
13,2120,21404042,3,-1,1
4,2122,21414007,-131,-8192,154
13,2121,21414029,0,-2,0
4,2123,21424012,-127,-8191,142
13,2122,21424034,0,-1,-2
4,2124,21434028,-123,-8190,130
13,2123,21434050,3,-1,0
4,2125,21444159,-130,-8184,138
13,2124,21444181,5,0,0
4,2126,21454167,-129,-8199,136
13,2125,21454189,6,-1,4
4,2127,21464133,-137,-8188,150
13,2126,21464154,7,0,5
4,2128,21474261,-128,-8185,156
13,2127,21474283,3,0,4
4,2129,21484256,-139,-8181,146
13,2128,21484278,0,-2,4
4,2130,21494416,-151,-8189,146
13,2129,21494438,-2,0,0
4,2131,21504328,-136,-8191,154
13,2130,21504377,-2,0,-5
4,2132,21514427,-131,-8185,146
13,2131,21514449,-9,-1,-10
4,2133,21524516,-124,-8182,139
13,2132,21524538,-10,0,-10
4,2134,21534555,-121,-8186,138
13,2133,21534577,-4,1,-3
4,2135,21544471,-150,-8196,145
13,2134,21544493,-1,0,-1
4,2136,21554563,-129,-8205,134
13,2135,21554585,0,1,0
4,2137,21564674,-133,-8198,134
13,2136,21564696,0,3,-5
4,2138,21574743,-139,-8194,132
13,2137,21574765,8,-1,4
4,2139,21584779,-141,-8192,155
13,2138,21584801,10,0,5
4,2140,21594743,-134,-8191,140
13,2139,21594765,-1,0,-3
4,2141,21604736,-134,-8202,141
13,2140,21604758,-2,-11,-10
4,2142,21614878,-131,-8194,138
13,2141,21614900,1,-3,-12
4,2143,21624819,-126,-8194,139
13,2142,21624841,3,-1,-1
4,2144,21634938,-134,-8190,132
13,2143,21634960,5,-6,3
4,2145,21644972,-145,-8200,143
13,2144,21644994,4,-4,5
4,2146,21655157,-128,-8190,146
13,2145,21655179,3,-5,5
4,2147,21665063,-143,-8186,143
13,2146,21665085,2,-4,5
4,2148,21675145,-137,-8211,139
13,2147,21675167,1,-1,3
4,2149,21685056,-139,-8203,137
13,2148,21685078,-3,-3,-3
4,2150,21695259,-142,-8184,143
13,2149,21695281,-5,-2,-10
4,2151,21705223,-122,-8198,136
13,2150,21705245,-5,-1,-8
4,2152,21715192,-124,-8188,136
13,2151,21715213,0,0,-2
4,2153,21725318,-134,-8185,155
13,2152,21725340,2,0,2
4,2154,21735445,-133,-8190,145
13,2153,21735467,-3,2,-3
4,2155,21745386,-127,-8189,146
13,2154,21745407,-4,0,-2
4,2156,21755499,-136,-8201,130
13,2155,21755521,-5,-2,-4
4,2157,21765486,-136,-8183,135
13,2156,21765508,-4,0,-4
4,2158,21775595,-133,-8201,154
13,2157,21775617,-7,0,-11
4,2159,21785601,-145,-8194,138
13,2158,21785623,-9,1,-10
4,2160,21795619,-131,-8183,145
13,2159,21795641,-11,2,-11
4,2161,21805689,-130,-8188,146
13,2160,21805711,-8,0,-14
4,2162,21815805,-138,-8190,140
13,2161,21815827,-9,-1,-14
4,2163,21825796,-110,-8187,139
13,2162,21825818,-8,0,-12
4,2164,21835718,-132,-8194,144
13,2163,21835740,0,-1,-5
4,2165,21845833,-138,-8197,126
13,2164,21845855,-1,0,-6
4,2166,21855904,-139,-8190,132
13,2165,21855926,1,2,-4
4,2167,21865920,-136,-8191,146
13,2166,21865942,2,1,-3
4,2168,21875957,-144,-8197,139
13,2167,21876007,-3,-2,-4
4,2169,21885998,-128,-8189,147
13,2168,21886020,-5,-2,-5
4,2170,21896173,-121,-8191,139
13,2169,21896195,-1,-1,-4
4,2171,21906042,-127,-8198,141
13,2170,21906064,1,0,0
4,2172,21916179,-139,-8193,137
13,2171,21916201,4,-3,7
4,2173,21926111,-127,-8184,140
13,2172,21926133,5,0,7
4,2174,21936272,-129,-8198,141
13,2173,21936294,0,1,1
4,2175,21946259,-126,-8197,150
13,2174,21946281,-1,-1,-4
4,2176,21956331,-135,-8185,143
13,2175,21956353,-4,0,-5
4,2177,21966415,-134,-8194,143
13,2176,21966437,0,1,-2
4,2178,21976489,-137,-8211,128
13,2177,21976511,4,2,-1
4,2179,21986427,-131,-8202,136
13,2178,21986449,6,2,0
4,2180,21996483,-126,-8192,144
13,2179,21996505,3,0,1
4,2181,22006562,-132,-8188,141
13,2180,22006584,4,-1,3
4,2182,22016620,-135,-8180,141
13,2181,22016642,3,-1,7
4,2183,22026647,-132,-8192,139
13,2182,22026669,0,-2,8
4,2184,22036654,-136,-8204,141
13,2183,22036676,-3,-5,2
4,2185,22046703,-139,-8190,140
13,2184,22046725,-6,-7,-2
4,2186,22056826,-142,-8188,144
13,2185,22056848,-6,-1,1
4,2187,22066779,-127,-8178,138
13,2186,22066801,0,0,4
4,2188,22076856,-123,-8194,134
13,2187,22076878,2,-3,1
4,2189,22086827,-142,-8199,146
13,2188,22086849,2,-1,0
4,2190,22096882,-141,-8193,138
13,2189,22096904,-3,1,-5
4,2191,22106931,-138,-8190,135
13,2190,22106953,-6,2,-12
4,2192,22116944,-116,-8179,123
13,2191,22116966,-5,0,-10
4,2193,22127084,-133,-8178,140
13,2192,22127106,-1,-1,-3
4,2194,22137163,-132,-8176,129
13,2193,22137185,2,-1,0
4,2195,22147117,-132,-8184,140
13,2194,22147139,6,-4,5
4,2196,22157133,-134,-8186,137
13,2195,22157155,13,-3,8
4,2197,22167181,-133,-8187,139
13,2196,22167203,8,-2,6
4,2198,22177201,-138,-8200,138
13,2197,22177223,5,-5,4
4,2199,22187218,-136,-8182,149
13,2198,22187240,1,-1,0
4,2200,22197258,-133,-8186,149
13,2199,22197280,-3,0,-4
4,2201,22207381,-118,-8207,136
13,2200,22207403,-4,-2,-3
4,2202,22217451,-128,-8195,143
13,2201,22217473,-3,-2,-2
4,2203,22227338,-132,-8200,135
13,2202,22227360,0,0,-5
4,2204,22237425,-125,-8185,139
13,2203,22237447,0,-2,-4
4,2205,22247466,-129,-8183,144
13,2204,22247488,0,-5,-1
4,2206,22257567,-132,-8187,141
13,2205,22257589,2,-6,4
4,2207,22267605,-128,-8187,144
13,2206,22267627,0,-6,3
4,2208,22277621,-128,-8196,133
13,2207,22277643,-1,-8,2
4,2209,22287665,-126,-8181,128
13,2208,22287687,2,-5,7
4,2210,22297761,-141,-8190,136
13,2209,22297783,4,-5,8
4,2211,22307725,-133,-8184,138
13,2210,22307747,6,-3,4
4,2212,22317771,-141,-8210,133
13,2211,22317793,8,-3,3
4,2213,22327790,-135,-8194,140
13,2212,22327812,7,0,4
4,2214,22337880,-128,-8187,144
13,2213,22337902,3,-1,1
4,2215,22347819,-123,-8192,146
13,2214,22347841,2,1,3
4,2216,22357911,-131,-8195,146
13,2215,22357933,4,1,4
4,2217,22367963,-140,-8193,140
13,2216,22367985,4,-1,0
4,2218,22378185,-140,-8191,131
13,2217,22378207,1,0,-1
4,2219,22388076,-135,-8191,147
13,2218,22388098,1,2,-5
4,2220,22398102,-137,-8189,141
13,2219,22398124,0,0,-6
4,2221,22408211,-128,-8190,138
13,2220,22408233,0,0,-8
4,2222,22418198,-121,-8194,142
13,2221,22418220,-3,0,-7
4,2223,22428226,-124,-8212,141
13,2222,22428247,-2,-1,-5
4,2224,22438249,-126,-8200,147
13,2223,22438271,0,-2,0
4,2225,22448338,-132,-8180,150
13,2224,22448360,5,0,-2
4,2226,22458433,-123,-8198,140
13,2225,22458455,5,0,-1
4,2227,22468367,-129,-8193,142
13,2226,22468389,7,2,0
4,2228,22478490,-141,-8197,140
13,2227,22478512,7,0,0
4,2229,22488415,-130,-8207,142
13,2228,22488437,4,0,0
4,2230,22498554,-121,-8186,140
13,2229,22498603,2,0,-1
4,2231,22508631,-132,-8183,143
13,2230,22508653,2,-3,-2
4,2232,22518623,-128,-8179,148
13,2231,22518645,4,-2,3
4,2233,22528709,-119,-8188,147
13,2232,22528731,5,0,3
4,2234,22538799,-127,-8187,146
13,2233,22538821,2,1,0
4,2235,22548766,-142,-8189,139
13,2234,22548788,0,2,-2
4,2236,22558774,-126,-8192,139
13,2235,22558795,0,-1,-7
4,2237,22568839,-128,-8187,128
13,2236,22568861,-1,-3,-6
4,2238,22578953,-134,-8188,139
13,2237,22578975,1,-1,0
4,2239,22588924,-125,-8188,147
13,2238,22588945,8,0,5
4,2240,22599035,-140,-8189,135
13,2239,22599057,5,-2,5
4,2241,22609000,-131,-8194,151
13,2240,22609022,2,-3,5
4,2242,22619242,-131,-8191,147
13,2241,22619264,4,-3,2
4,2243,22629130,-134,-8179,135
13,2242,22629152,2,-3,5
4,2244,22639114,-135,-8195,139
13,2243,22639136,3,-1,3
4,2245,22649263,-139,-8209,153
13,2244,22649285,3,-2,1
4,2246,22659290,-133,-8196,143
13,2245,22659312,-1,-1,-2
4,2247,22669268,-123,-8182,141
13,2246,22669290,2,0,-4
4,2248,22679255,-132,-8185,132
13,2247,22679277,3,0,0
4,2249,22689400,-137,-8185,156
13,2248,22689422,8,-1,8
4,2250,22699549,-135,-8192,154
13,2249,22699571,6,-2,6
4,2251,22709378,-137,-8193,148
13,2250,22709400,1,0,-1
4,2252,22719484,-142,-8184,140
13,2251,22719506,0,0,0
4,2253,22729520,-151,-8194,139
13,2252,22729542,-3,-1,-4
4,2254,22739622,-132,-8208,148
13,2253,22739644,-4,-1,-7
4,2255,22749596,-132,-8183,142
13,2254,22749618,-2,0,-5
4,2256,22759679,-127,-8184,135
13,2255,22759701,0,-3,-1
4,2257,22769642,-136,-8193,152
13,2256,22769664,6,-1,1
4,2258,22779840,-115,-8188,152
13,2257,22779862,4,0,0
4,2259,22789824,-136,-8201,152
13,2258,22789846,0,-1,-1
4,2260,22799802,-124,-8190,148
13,2259,22799824,7,-2,0
4,2261,22809793,-130,-8184,147
13,2260,22809815,6,-1,0
4,2262,22819918,-127,-8187,143
13,2261,22819940,0,-1,0
4,2263,22829942,-134,-8192,148
13,2262,22829964,2,-3,0
4,2264,22839897,-132,-8194,144
13,2263,22839919,4,0,-3
4,2265,22850022,-140,-8194,146
13,2264,22850044,1,0,-4
4,2266,22860224,-134,-8192,148
13,2265,22860246,-4,1,-6
4,2267,22870109,-130,-8180,144
13,2266,22870131,-4,-1,-9
4,2268,22880141,-126,-8185,142
13,2267,22880163,-6,1,-7
4,2269,22890158,-124,-8182,139
13,2268,22890180,1,1,1
4,2270,22900192,-136,-8188,154
13,2269,22900214,5,2,1
4,2271,22910236,-130,-8195,141
13,2270,22910258,5,0,-2
4,2272,22920299,-133,-8194,146
13,2271,22920320,-1,0,-3
4,2273,22930255,-130,-8194,129
13,2272,22930277,-2,0,0
4,2274,22940501,-124,-8205,140
13,2273,22940523,0,-2,-1
4,2275,22950350,-136,-8191,157
13,2274,22950372,-1,-4,-2
4,2276,22960440,-134,-8194,145
13,2275,22960462,-1,-2,-2
4,2277,22970547,-132,-8190,139
13,2276,22970569,1,0,-6
4,2278,22980568,-118,-8190,146
13,2277,22980590,5,2,-1
4,2279,22990572,-122,-8181,144
13,2278,22990594,3,0,-3
4,2280,23000645,-136,-8194,149
13,2279,23000694,3,-4,-2
4,2281,23010650,-130,-8178,144
13,2280,23010672,5,-1,4
4,2282,23020834,-136,-8186,150
13,2281,23020856,5,0,2
4,2283,23030765,-118,-8199,152
13,2282,23030787,1,-2,-1
4,2284,23040807,-131,-8197,139
13,2283,23040829,-1,0,-2
4,2285,23050824,-132,-8191,137
13,2284,23050846,-2,-1,-1
4,2286,23060910,-137,-8197,137
13,2285,23060932,-1,0,-2
4,2287,23070854,-133,-8186,147
13,2286,23070876,-3,1,-5
4,2288,23080938,-131,-8190,154
13,2287,23080960,0,0,1
4,2289,23091002,-124,-8187,141
13,2288,23091024,0,-1,0
4,2290,23101052,-125,-8195,129
13,2289,23101074,-1,0,-3
4,2291,23111126,-145,-8190,139
13,2290,23111148,-3,2,-6
4,2292,23121094,-124,-8171,144
13,2291,23121116,-2,2,-5
4,2293,23131180,-123,-8187,136
13,2292,23131202,4,2,1
4,2294,23141265,-132,-8200,149
13,2293,23141287,4,2,5
4,2295,23151306,-134,-8195,156
13,2294,23151328,6,2,3
4,2296,23161356,-126,-8188,148
13,2295,23161378,5,-1,1
4,2297,23171365,-133,-8185,145
13,2296,23171387,1,1,0
4,2298,23181460,-127,-8198,140
13,2297,23181482,2,0,0
4,2299,23191397,-134,-8183,140
13,2298,23191419,4,-4,5
4,2300,23201414,-132,-8188,152
13,2299,23201436,3,-5,5
4,2301,23211444,-134,-8185,150
13,2300,23211466,3,-3,6
4,2302,23221560,-127,-8195,151
13,2301,23221582,0,-4,4
4,2303,23231567,-119,-8184,149
13,2302,23231589,-3,-8,-1
4,2304,23241602,-131,-8186,144
13,2303,23241623,-6,-4,-3
4,2305,23251659,-117,-8192,150
13,2304,23251681,-4,0,-2
4,2306,23261818,-121,-8187,155
13,2305,23261840,-4,-1,0
4,2307,23271780,-127,-8180,144
13,2306,23271802,-4,-1,0
4,2308,23281816,-130,-8200,150
13,2307,23281838,0,1,3
4,2309,23291843,-133,-8198,151
13,2308,23291865,3,0,2
4,2310,23301910,-131,-8190,134
13,2309,23301931,0,-3,1
4,2311,23311927,-135,-8189,125
13,2310,23311949,-1,-2,1
4,2312,23321978,-139,-8183,134
13,2311,23322000,0,-4,4
4,2313,23331986,-131,-8188,140
13,2312,23332008,7,0,9
4,2314,23342144,-136,-8193,161
13,2313,23342166,6,0,7
4,2315,23352162,-145,-8197,160
13,2314,23352184,1,-4,4
4,2316,23362145,-145,-8193,158
13,2315,23362167,-3,-4,-3
4,2317,23372204,-138,-8195,152
13,2316,23372226,-7,-1,-8
4,2318,23382243,-138,-8196,148
13,2317,23382265,-4,0,-6
4,2319,23392303,-129,-8188,144
13,2318,23392325,-4,1,-9
4,2320,23402339,-124,-8190,136
13,2319,23402361,-5,0,-7
4,2321,23412401,-129,-8194,157
13,2320,23412423,-2,0,-3
4,2322,23422520,-131,-8194,160
13,2321,23422542,-1,-1,-2
4,2323,23432398,-135,-8181,149
13,2322,23432419,-2,-4,0
4,2324,23442518,-129,-8182,148
13,2323,23442540,0,-3,1
4,2325,23452549,-135,-8186,144
13,2324,23452571,2,-4,3
4,2326,23462632,-125,-8181,140
13,2325,23462654,2,-2,3
4,2327,23472639,-139,-8193,136
13,2326,23472661,3,-2,5
4,2328,23482613,-127,-8201,136
13,2327,23482634,3,-2,1
4,2329,23492733,-121,-8191,151
13,2328,23492755,0,0,-2
4,2330,23502923,-121,-8186,144
13,2329,23502945,0,-2,-2
4,2331,23512828,-124,-8188,138
13,2330,23512850,1,-1,1
4,2332,23522853,-117,-8183,139
13,2331,23522875,5,-2,2
4,2333,23532917,-137,-8178,150
13,2332,23532939,3,-2,3
4,2334,23542969,-156,-8198,145
13,2333,23542991,-3,-2,1
4,2335,23552964,-141,-8186,146
13,2334,23552986,-7,-3,-5
4,2336,23563007,-129,-8188,134
13,2335,23563029,-5,-4,-2
4,2337,23573051,-131,-8191,144
13,2336,23573073,0,-2,0
4,2338,23583192,-144,-8187,145
13,2337,23583214,0,0,1
4,2339,23593121,-135,-8185,141
13,2338,23593143,1,0,3
4,2340,23603150,-125,-8190,131
13,2339,23603172,4,2,0
4,2341,23613273,-139,-8186,152
13,2340,23613295,1,0,0
4,2342,23623272,-140,-8178,150
13,2341,23623294,-1,-1,0
4,2343,23633331,-128,-8186,153
13,2342,23633353,0,0,0
4,2344,23643297,-124,-8189,148
13,2343,23643319,3,-1,1
4,2345,23653443,-139,-8192,146
13,2344,23653465,3,0,5
4,2346,23663535,-123,-8206,158
13,2345,23663557,6,-2,4
4,2347,23673492,-120,-8193,140
13,2346,23673514,6,-2,5
4,2348,23683437,-132,-8194,140
13,2347,23683459,2,-3,4
4,2349,23693553,-135,-8189,140
13,2348,23693575,1,-1,-1
4,2350,23703647,-138,-8184,145
13,2349,23703669,-3,-1,-5
4,2351,23713635,-131,-8191,133
13,2350,23713657,-3,2,-3
4,2352,23723708,-129,-8185,136
13,2351,23723730,0,-1,-1
4,2353,23733671,-125,-8193,129
13,2352,23733693,0,-2,1
4,2354,23743891,-131,-8204,146
13,2353,23743913,2,-2,5
4,2355,23753817,-135,-8188,144
13,2354,23753867,3,-3,3
4,2356,23763869,-128,-8191,145
13,2355,23763891,1,0,3
4,2357,23773870,-140,-8202,143
13,2356,23773892,3,-3,2
4,2358,23784030,-157,-8196,136
13,2357,23784052,9,0,2
4,2359,23793986,-141,-8181,149
13,2358,23794008,4,-1,3
4,2360,23803968,-151,-8197,142
13,2359,23803990,1,0,5
4,2361,23814078,-143,-8203,144
13,2360,23814100,0,-1,2
4,2362,23824195,-141,-8188,149
13,2361,23824217,-1,0,1
4,2363,23834120,-134,-8178,159
13,2362,23834142,-5,-2,-2
4,2364,23844185,-137,-8184,148
13,2363,23844207,-5,-1,-4
4,2365,23854227,-142,-8190,149
13,2364,23854249,0,-4,-2
4,2366,23864297,-141,-8196,138
13,2365,23864319,1,-3,0
4,2367,23874317,-133,-8194,142
13,2366,23874339,1,-1,2
4,2368,23884293,-124,-8192,142
13,2367,23884342,4,1,4
4,2369,23894411,-129,-8191,148
13,2368,23894433,2,-2,0
4,2370,23904561,-125,-8190,154
13,2369,23904583,0,-1,0
4,2371,23914451,-129,-8190,149
13,2370,23914473,0,0,0
4,2372,23924514,-132,-8193,151
13,2371,23924536,1,0,-1
4,2373,23934576,-129,-8185,144
13,2372,23934598,-3,-1,-6
4,2374,23944584,-125,-8184,148
13,2373,23944606,-5,0,-4
4,2375,23954651,-129,-8196,147
13,2374,23954673,2,0,-2
4,2376,23964720,-143,-8187,129
13,2375,23964742,4,0,1
4,2377,23974696,-141,-8182,129
13,2376,23974718,5,1,3
4,2378,23984865,-139,-8190,136
13,2377,23984887,9,-1,6
4,2379,23994794,-133,-8192,140
13,2378,23994816,8,0,7
4,2380,24004942,-136,-8187,148
13,2379,24004964,4,0,9
4,2381,24014907,-133,-8189,142
13,2380,24014929,2,-4,6
4,2382,24024937,-139,-8188,146
13,2381,24024959,0,-4,4
4,2383,24035059,-141,-8194,158
13,2382,24035081,-1,-3,4
4,2384,24045023,-134,-8190,152
13,2383,24045045,-4,-3,1
4,2385,24055032,-133,-8191,141
13,2384,24055054,-2,0,1
4,2386,24065167,-132,-8203,143
13,2385,24065189,0,1,0
4,2387,24075136,-130,-8196,138
13,2386,24075158,1,0,1
4,2388,24085199,-133,-8185,139
13,2387,24085221,3,-2,1
4,2389,24095218,-130,-8184,158
13,2388,24095240,6,0,4
4,2390,24105221,-136,-8198,159
13,2389,24105243,2,-1,1
4,2391,24115291,-135,-8206,141
13,2390,24115313,-2,-4,0
4,2392,24125412,-134,-8186,150
13,2391,24125434,0,-2,1
4,2393,24135403,-148,-8188,153
13,2392,24135425,1,-1,4
4,2394,24145578,-142,-8196,148
13,2393,24145600,5,-1,4
4,2395,24155451,-142,-8200,148
13,2394,24155473,3,0,2
4,2396,24165460,-137,-8186,153
13,2395,24165482,2,0,0
4,2397,24175531,-137,-8187,136
13,2396,24175553,2,0,0
4,2398,24185544,-138,-8202,139
13,2397,24185566,1,1,0
4,2399,24195627,-125,-8184,149
13,2398,24195649,3,1,-1
4,2400,24205653,-137,-8176,141
13,2399,24205675,4,1,4
4,2401,24215753,-137,-8197,140
13,2400,24215774,2,0,4
4,2402,24225815,-137,-8203,150
13,2401,24225837,-1,-1,2
4,2403,24235838,-133,-8185,162
13,2402,24235860,0,-1,3
4,2404,24245768,-135,-8188,160
13,2403,24245790,1,-3,3
4,2405,24255927,-144,-8195,164
13,2404,24255949,3,-2,3
4,2406,24265979,-137,-8191,150
13,2405,24266001,0,-1,3
4,2407,24275911,-126,-8189,137
13,2406,24275933,4,-1,7
4,2408,24286031,-134,-8191,146
13,2407,24286053,9,0,13
4,2409,24296050,-135,-8192,146
13,2408,24296072,8,-1,12
4,2410,24306183,-142,-8195,149
13,2409,24306205,8,-2,14
4,2411,24316169,-135,-8184,149
13,2410,24316191,3,-2,11
4,2412,24326145,-133,-8184,151
13,2411,24326167,0,0,5
4,2413,24336197,-153,-8199,159
13,2412,24336218,0,-3,3
4,2414,24346240,-148,-8208,154
13,2413,24346262,0,-1,-1
4,2415,24356258,-151,-8192,150
13,2414,24356280,0,-1,0
4,2416,24366345,-162,-8191,135
13,2415,24366367,-3,-3,0
4,2417,24376361,-138,-8192,134
13,2416,24376383,-2,-3,-2
4,2418,24386556,-127,-8185,151
13,2417,24386578,0,0,1
4,2419,24396386,-134,-8191,141
13,2418,24396408,1,-2,1
4,2420,24406478,-145,-8205,139
13,2419,24406500,1,0,0
4,2421,24416509,-138,-8189,138
13,2420,24416531,0,-3,3
4,2422,24426564,-146,-8182,151
13,2421,24426586,0,-1,4
4,2423,24436576,-140,-8187,156
13,2422,24436598,5,1,7
4,2424,24446580,-143,-8195,154
13,2423,24446601,4,-2,7
4,2425,24456659,-158,-8193,155
13,2424,24456681,-4,-2,-1
4,2426,24466732,-145,-8195,132
13,2425,24466754,-5,0,-6
4,2427,24476748,-140,-8178,151
13,2426,24476770,-4,0,-8
4,2428,24486739,-129,-8193,149
13,2427,24486761,-1,0,-5
4,2429,24496847,-138,-8191,153
13,2428,24496869,3,2,-1
4,2430,24506931,-138,-8186,154
13,2429,24506953,1,-1,-1
4,2431,24516972,-131,-8188,144
13,2430,24516994,3,-5,-1
4,2432,24527051,-146,-8205,147
13,2431,24527073,1,-4,2
4,2433,24537015,-141,-8199,141
13,2432,24537037,2,-3,6
4,2434,24547165,-138,-8184,145
13,2433,24547187,0,-3,4
4,2435,24557088,-134,-8198,142
13,2434,24557110,1,0,2
4,2436,24567148,-134,-8201,135
13,2435,24567170,3,0,4
4,2437,24577152,-138,-8188,152
13,2436,24577174,1,0,4
4,2438,24587256,-140,-8202,149
13,2437,24587278,2,0,3
4,2439,24597231,-150,-8179,142
13,2438,24597253,6,1,5
4,2440,24607282,-138,-8191,142
13,2439,24607304,9,-1,4
4,2441,24617351,-139,-8189,138
13,2440,24617373,8,0,4
4,2442,24627471,-150,-8199,141
13,2441,24627493,2,0,0
4,2443,24637468,-145,-8191,156
13,2442,24637490,-1,2,-4
4,2444,24647431,-141,-8195,146
13,2443,24647453,-4,0,-9
4,2445,24657433,-155,-8205,149
13,2444,24657455,-4,-1,-7
4,2446,24667526,-146,-8199,145
13,2445,24667548,-2,-1,-5
4,2447,24677525,-135,-8194,138
13,2446,24677547,0,0,-4
4,2448,24687637,-146,-8185,145
13,2447,24687659,3,0,-2
4,2449,24697591,-131,-8193,156
13,2448,24697613,5,0,0
4,2450,24707755,-131,-8193,147
13,2449,24707777,7,2,1
4,2451,24717677,-131,-8195,143
13,2450,24717699,5,2,2
4,2452,24727768,-140,-8193,139
13,2451,24727790,5,-2,6
4,2453,24737744,-144,-8188,157
13,2452,24737766,5,-1,6
4,2454,24747808,-125,-8201,151
13,2453,24747830,1,-1,-1
4,2455,24757873,-137,-8189,149
13,2454,24757895,0,1,-7
4,2456,24767934,-153,-8187,158
13,2455,24767956,-2,1,-11
4,2457,24777941,-133,-8200,144
13,2456,24777963,-9,2,-12
4,2458,24788005,-148,-8199,151
13,2457,24788027,-9,1,-9
4,2459,24797969,-140,-8178,143
13,2458,24797991,-7,-2,-10
4,2460,24808028,-141,-8190,145
13,2459,24808050,-2,0,-5
4,2461,24818036,-141,-8194,143
13,2460,24818058,2,0,1
4,2462,24828126,-139,-8181,134
13,2461,24828148,4,-3,3
4,2463,24838115,-133,-8180,150
13,2462,24838137,7,-2,8
4,2464,24848170,-144,-8199,159
13,2463,24848192,7,-4,9
4,2465,24858189,-141,-8202,150
13,2464,24858211,4,-3,1
4,2466,24868370,-142,-8206,155
13,2465,24868393,0,0,-1
4,2467,24878293,-149,-8196,156
13,2466,24878342,0,1,-3
4,2468,24888339,-135,-8187,147
13,2467,24888361,0,2,-11
4,2469,24898384,-146,-8195,155
13,2468,24898406,-1,0,-5
4,2470,24908402,-148,-8187,150
13,2469,24908424,0,0,-4
4,2471,24918461,-144,-8183,160
13,2470,24918483,-2,-1,-6
4,2472,24928479,-150,-8196,147
13,2471,24928501,-4,-2,-5
4,2473,24938582,-134,-8197,143
13,2472,24938604,-6,-6,-6
4,2474,24948654,-141,-8194,154
13,2473,24948676,-7,-3,-7
4,2475,24958600,-130,-8193,144
13,2474,24958622,-5,-2,-7
4,2476,24968687,-140,-8189,134
13,2475,24968708,-1,-1,-2
4,2477,24978654,-141,-8193,140
13,2476,24978676,-1,-1,-2
4,2478,24988772,-141,-8199,143
13,2477,24988794,-1,1,-7
4,2479,24998771,-135,-8186,142
13,2478,24998792,1,0,-5
4,2480,25008875,-140,-8197,143
13,2479,25008897,0,1,-3
4,2481,25018863,-137,-8189,143
13,2480,25018885,0,0,-1
4,2482,25028987,-137,-8188,140
13,2481,25029009,2,-1,-1
4,2483,25038996,-137,-8188,146
13,2482,25039018,2,0,-1
4,2484,25048931,-137,-8198,131
13,2483,25048953,5,1,2
4,2485,25058991,-142,-8193,153
13,2484,25059013,7,0,2
4,2486,25069106,-147,-8197,148
13,2485,25069128,4,-1,2
4,2487,25079059,-135,-8201,153
13,2486,25079081,2,-4,-1
4,2488,25089099,-141,-8196,158
13,2487,25089121,-1,-4,-5
4,2489,25099140,-144,-8195,152
13,2488,25099162,-3,-1,-5
4,2490,25109268,-145,-8187,157
13,2489,25109290,-2,-2,-3
4,2491,25119192,-133,-8191,149
13,2490,25119214,-3,1,-4
4,2492,25129286,-137,-8194,139
13,2491,25129308,-1,2,-1
4,2493,25139350,-140,-8186,151
13,2492,25139372,1,0,0
4,2494,25149387,-133,-8182,151
13,2493,25149409,0,1,-4
4,2495,25159449,-135,-8191,144
13,2494,25159471,-1,1,-6
4,2496,25169415,-132,-8192,144
13,2495,25169437,0,1,-4
4,2497,25179495,-147,-8191,146
13,2496,25179517,3,0,0
4,2498,25189558,-148,-8203,139
13,2497,25189580,3,-2,0
4,2499,25199451,-141,-8190,140
13,2498,25199473,5,-2,-2
4,2500,25209590,-140,-8193,146
13,2499,25209612,3,0,0
4,2501,25219575,-148,-8192,141
13,2500,25219597,0,-1,-2
4,2502,25229651,-129,-8182,147
13,2501,25229673,-2,-2,-8
4,2503,25239578,-134,-8190,143
13,2502,25239600,0,0,-1
4,2504,25249699,-136,-8195,157
13,2503,25249721,3,0,0
4,2505,25259816,-140,-8206,157
13,2504,25259838,3,-1,-1
4,2506,25269832,-148,-8192,146
13,2505,25269854,3,-5,0
4,2507,25279847,-142,-8183,145
13,2506,25279869,0,-2,-2
4,2508,25289877,-137,-8187,163
13,2507,25289899,2,-1,-3
4,2509,25299903,-142,-8191,161
13,2508,25299925,4,-2,-2
4,2510,25309954,-146,-8194,153
13,2509,25309976,1,-1,-5
4,2511,25319982,-149,-8184,144
13,2510,25320004,0,0,-7
4,2512,25329952,-129,-8185,144
13,2511,25329974,0,-1,-8
4,2513,25340043,-134,-8184,137
13,2512,25340065,0,1,-9
4,2514,25350250,-139,-8185,148
13,2513,25350272,2,0,0
4,2515,25360119,-139,-8182,158
13,2514,25360141,7,1,6
4,2516,25370114,-131,-8186,147
13,2515,25370136,9,-1,2
4,2517,25380214,-135,-8178,152
13,2516,25380263,4,2,0
4,2518,25390314,-135,-8194,150
13,2517,25390336,-4,0,-3
4,2519,25400264,-131,-8196,147
13,2518,25400286,-5,0,-4
4,2520,25410343,-118,-8193,140
13,2519,25410365,-2,2,-3
4,2521,25420436,-132,-8183,140
13,2520,25420458,0,0,-2
4,2522,25430546,-139,-8203,156
13,2521,25430568,1,-2,-2
4,2523,25440461,-132,-8191,155
13,2522,25440483,0,-1,-1
4,2524,25450467,-122,-8187,150
13,2523,25450489,1,-5,-1
4,2525,25460466,-134,-8194,134
13,2524,25460488,-3,-7,-4
4,2526,25470593,-131,-8193,145
13,2525,25470615,-3,-2,-8
4,2527,25480598,-127,-8194,148
13,2526,25480620,-3,0,-8
4,2528,25490600,-133,-8187,136
13,2527,25490622,3,3,-4
4,2529,25500733,-137,-8185,136
13,2528,25500783,5,3,-2
4,2530,25510817,-129,-8192,151
13,2529,25510839,9,1,0
4,2531,25520824,-121,-8176,163
13,2530,25520846,7,-2,3
4,2532,25530913,-139,-8196,154
13,2531,25530935,6,-1,5
4,2533,25540908,-143,-8199,155
13,2532,25540930,5,-5,0
4,2534,25550961,-125,-8185,137
13,2533,25550983,3,-6,0
4,2535,25560982,-134,-8174,140
13,2534,25561004,1,0,0
4,2536,25570924,-129,-8193,148
13,2535,25570946,5,2,0
4,2537,25581052,-135,-8187,152
13,2536,25581074,4,0,5
4,2538,25591179,-134,-8199,143
13,2537,25591201,1,0,3
4,2539,25601124,-126,-8205,147
13,2538,25601146,1,0,1
4,2540,25611170,-137,-8188,160
13,2539,25611191,-1,0,0
4,2541,25621209,-135,-8181,145
13,2540,25621231,3,-2,3
4,2542,25631218,-132,-8187,145
13,2541,25631268,4,-6,4
4,2543,25641297,-141,-8185,156
13,2542,25641319,2,-6,2
4,2544,25651358,-131,-8194,146
13,2543,25651380,-1,-4,-2
4,2545,25661335,-131,-8185,153
13,2544,25661357,-3,-1,-2
4,2546,25671569,-135,-8200,151
13,2545,25671591,-6,-3,-4
4,2547,25681435,-144,-8202,137
13,2546,25681457,0,0,-1
4,2548,25691460,-133,-8190,138
13,2547,25691482,5,0,3
4,2549,25701542,-127,-8180,156
13,2548,25701564,6,-2,7
4,2550,25711641,-127,-8186,159
13,2549,25711662,8,2,6
4,2551,25721669,-132,-8192,155
13,2550,25721691,7,0,4
4,2552,25731691,-136,-8210,152
13,2551,25731713,0,-3,-1
4,2553,25741704,-132,-8187,151
13,2552,25741726,-4,-2,-2
4,2554,25751821,-147,-8181,148
13,2553,25751843,0,-4,1
4,2555,25761760,-133,-8194,155
13,2554,25761782,2,-5,3
4,2556,25771778,-135,-8188,163
13,2555,25771800,1,-4,4
4,2557,25781856,-123,-8185,152
13,2556,25781878,4,0,0
4,2558,25791936,-133,-8201,141
13,2557,25791957,-2,0,-6
4,2559,25801891,-131,-8190,152
13,2558,25801913,-4,0,-8
4,2560,25811973,-131,-8190,159
13,2559,25811995,-4,0,-5
4,2561,25822003,-129,-8186,146
13,2560,25822025,-4,-2,-5
4,2562,25832132,-122,-8192,153
13,2561,25832154,-1,0,-2
4,2563,25842076,-119,-8181,141
13,2562,25842098,5,-4,4
4,2564,25852108,-130,-8189,139
13,2563,25852130,9,-4,4
4,2565,25862180,-135,-8186,150
13,2564,25862202,6,-1,4
4,2566,25872232,-138,-8188,155
13,2565,25872254,8,-1,6
4,2567,25882233,-128,-8188,153
13,2566,25882282,13,-1,9
4,2568,25892253,-143,-8186,166
13,2567,25892275,7,0,5
4,2569,25902362,-142,-8191,135
13,2568,25902384,0,-1,2
4,2570,25912512,-138,-8193,139
13,2569,25912534,0,-2,2
4,2571,25922393,-131,-8188,156
13,2570,25922415,0,0,-2
4,2572,25932440,-142,-8196,162
13,2571,25932462,1,0,-1
4,2573,25942412,-150,-8195,150
13,2572,25942434,4,-2,2
4,2574,25952546,-132,-8200,141
13,2573,25952568,1,-3,-3
4,2575,25962546,-154,-8204,169
13,2574,25962568,0,-1,-4
4,2576,25972583,-142,-8193,156
13,2575,25972605,-3,-1,-7
4,2577,25982622,-129,-8179,156
13,2576,25982644,-4,-2,-9
4,2578,25992684,-124,-8182,159
13,2577,25992706,0,3,0
4,2579,26002685,-137,-8185,149
13,2578,26002707,2,4,5
4,2580,26012741,-150,-8188,148
13,2579,26012763,5,4,6
4,2581,26022790,-138,-8186,156
13,2580,26022812,4,0,5
4,2582,26032845,-125,-8186,160
13,2581,26032867,6,-4,4
4,2583,26042810,-137,-8198,151
13,2582,26042832,6,-2,3
4,2584,26052899,-143,-8197,157
13,2583,26052921,1,-1,0
4,2585,26063002,-137,-8194,146
13,2584,26063024,-2,-1,-4
4,2586,26073076,-122,-8194,147
13,2585,26073098,-1,0,-7
4,2587,26083001,-140,-8193,145
13,2586,26083023,1,3,-1
4,2588,26093054,-137,-8191,151
13,2587,26093076,0,1,3
4,2589,26103058,-143,-8191,153
13,2588,26103080,6,-2,6
4,2590,26113153,-138,-8193,145
13,2589,26113175,3,-1,5
4,2591,26123172,-145,-8185,150
13,2590,26123194,2,0,0
4,2592,26133213,-143,-8183,157
13,2591,26133235,2,-1,0
4,2593,26143262,-130,-8191,154
13,2592,26143284,6,0,2
4,2594,26153361,-133,-8189,154
13,2593,26153383,6,-4,2
4,2595,26163318,-141,-8198,155
13,2594,26163340,1,-6,2
4,2596,26173394,-132,-8182,160
13,2595,26173416,2,-1,1
4,2597,26183352,-133,-8185,145
13,2596,26183374,4,-3,3
4,2598,26193444,-138,-8188,164
13,2597,26193466,6,-3,9
4,2599,26203402,-147,-8194,152
13,2598,26203424,0,-2,6
4,2600,26213497,-132,-8198,153
13,2599,26213519,4,0,6
4,2601,26223526,-146,-8190,148
13,2600,26223548,5,0,6
4,2602,26233653,-147,-8195,167
13,2601,26233675,1,-3,5
4,2603,26243525,-142,-8189,155
13,2602,26243547,6,-2,7
4,2604,26253601,-153,-8196,148
13,2603,26253622,7,-3,7
4,2605,26263697,-146,-8195,150
13,2604,26263719,2,-7,5
4,2606,26273756,-150,-8201,148
13,2605,26273778,2,-6,1
4,2607,26283782,-135,-8202,153
13,2606,26283804,5,-1,2
4,2608,26293743,-139,-8195,146
13,2607,26293765,0,-1,0
4,2609,26303805,-138,-8189,143
13,2608,26303827,-2,-3,-4
4,2610,26313935,-138,-8183,154
13,2609,26313957,-2,-2,-2
4,2611,26323861,-144,-8184,147
13,2610,26323883,-3,-2,1
4,2612,26333882,-143,-8203,153
13,2611,26333904,-1,-2,3
4,2613,26343986,-143,-8179,151
13,2612,26344008,-3,-3,0
4,2614,26354031,-139,-8185,150
13,2613,26354053,-1,0,-1
4,2615,26363961,-141,-8209,172
13,2614,26363983,3,-2,1
4,2616,26374050,-145,-8209,143
13,2615,26374072,4,0,2
4,2617,26384132,-143,-8187,150
13,2616,26384154,0,0,-1
4,2618,26394248,-142,-8193,161
13,2617,26394270,0,1,-4
4,2619,26404172,-139,-8192,152
13,2618,26404194,1,0,-4
4,2620,26414208,-128,-8175,156
13,2619,26414230,5,-3,1
4,2621,26424218,-152,-8196,173
13,2620,26424240,7,-5,7
4,2622,26434288,-142,-8190,158
13,2621,26434310,3,-2,4
4,2623,26444246,-140,-8179,153
13,2622,26444268,4,-4,4
4,2624,26454330,-144,-8191,166
13,2623,26454352,1,0,3
4,2625,26464393,-136,-8191,157
13,2624,26464415,-1,0,0
4,2626,26474429,-145,-8190,156
13,2625,26474451,0,0,0
4,2627,26484425,-153,-8181,157
13,2626,26484447,0,0,2
4,2628,26494486,-142,-8186,156
13,2627,26494507,0,0,4
4,2629,26504460,-141,-8184,149
13,2628,26504482,3,0,2
4,2630,26514622,-135,-8199,151
13,2629,26514644,3,0,-1
4,2631,26524646,-152,-8188,154
13,2630,26524668,0,-1,-1
4,2632,26534604,-140,-8184,155
13,2631,26534626,-1,-3,0
4,2633,26544703,-155,-8191,142
13,2632,26544725,-1,-1,-1
4,2634,26554788,-152,-8192,146
13,2633,26554810,2,0,1
4,2635,26564800,-140,-8188,153
13,2634,26564822,0,0,3
4,2636,26574794,-140,-8195,162
13,2635,26574816,1,0,2
4,2637,26584790,-147,-8196,152
13,2636,26584812,3,1,1
4,2638,26594941,-137,-8205,152
13,2637,26594963,0,-1,0
4,2639,26604888,-132,-8190,155
13,2638,26604910,-2,0,-2
4,2640,26614927,-151,-8195,151
13,2639,26614949,-4,0,-4
4,2641,26624967,-156,-8199,155
13,2640,26624989,-3,-1,0
4,2642,26635156,-154,-8194,166
13,2641,26635178,0,0,0
4,2643,26645146,-144,-8193,157
13,2642,26645168,1,-2,-1
4,2644,26655163,-140,-8197,157
13,2643,26655185,1,-6,-3
4,2645,26665108,-137,-8194,155
13,2644,26665130,1,-1,-2
4,2646,26675227,-140,-8188,157
13,2645,26675249,-1,-2,0
4,2647,26685289,-129,-8181,159
13,2646,26685311,-1,-3,0
4,2648,26695273,-134,-8193,146
13,2647,26695295,0,-2,0
4,2649,26705405,-138,-8181,157
13,2648,26705427,3,-2,4
4,2650,26715445,-140,-8184,168
13,2649,26715467,0,-2,1
4,2651,26725366,-161,-8196,167
13,2650,26725388,0,0,0
4,2652,26735434,-157,-8188,155
13,2651,26735456,-2,0,0
4,2653,26745429,-143,-8190,162
13,2652,26745451,-2,-5,1
4,2654,26755594,-141,-8191,158
13,2653,26755616,-1,-5,0
4,2655,26765603,-136,-8190,146
13,2654,26765625,2,-5,5
4,2656,26775684,-135,-8184,156
13,2655,26775706,5,-5,6
4,2657,26785679,-146,-8179,159
13,2656,26785701,0,-5,0
4,2658,26795854,-152,-8191,153
13,2657,26795876,-1,-4,0
4,2659,26805673,-156,-8190,139
13,2658,26805695,0,2,-1
4,2660,26815795,-157,-8196,144
13,2659,26815817,-1,0,-1
4,2661,26825820,-142,-8192,156
13,2660,26825842,-3,2,-4
4,2662,26835828,-138,-8189,163
13,2661,26835850,-2,0,-3
4,2663,26845885,-133,-8203,153
13,2662,26845907,1,0,2
4,2664,26855915,-149,-8189,150
13,2663,26855937,1,-2,1
4,2665,26866010,-142,-8201,155
13,2664,26866032,1,0,3
4,2666,26876176,-140,-8199,137
13,2665,26876198,3,2,3
4,2667,26886058,-149,-8176,140
13,2666,26886080,3,-4,7
4,2668,26896129,-142,-8186,154
13,2667,26896151,4,-3,8
4,2669,26906155,-153,-8194,162
13,2668,26906177,4,-5,8
4,2670,26916210,-162,-8203,159
13,2669,26916232,1,-1,7
4,2671,26926247,-156,-8189,154
13,2670,26926269,-3,1,-2
4,2672,26936233,-145,-8189,153
13,2671,26936255,-2,2,-3
4,2673,26946334,-134,-8192,145
13,2672,26946356,0,2,-2
4,2674,26956350,-138,-8195,160
13,2673,26956372,0,0,-3
4,2675,26966370,-137,-8196,162
13,2674,26966392,-1,-1,-2
4,2676,26976364,-140,-8179,160
13,2675,26976386,-2,-3,-1
4,2677,26986440,-137,-8201,156
13,2676,26986462,-1,-3,0
4,2678,26996480,-145,-8195,153
13,2677,26996502,-1,-5,0
4,2679,27006446,-141,-8188,155
13,2678,27006468,0,-1,4
4,2680,27016546,-138,-8209,150
13,2679,27016568,0,-1,2
4,2681,27026559,-140,-8192,147
13,2680,27026581,-5,0,-5
4,2682,27036726,-157,-8194,158
13,2681,27036748,-5,0,-3
4,2683,27046615,-145,-8188,156
13,2682,27046637,0,0,1
4,2684,27056685,-142,-8190,146
13,2683,27056707,2,0,0
4,2685,27066707,-151,-8179,146
13,2684,27066729,5,-2,4
4,2686,27076813,-143,-8198,159
13,2685,27076835,4,0,4
4,2687,27086853,-157,-8187,144
13,2686,27086875,6,1,2
4,2688,27096825,-158,-8192,157
13,2687,27096847,3,-2,2
4,2689,27106893,-147,-8204,148
13,2688,27106915,-2,-4,-1
4,2690,27117020,-155,-8191,150
13,2689,27117042,-3,1,-7
4,2691,27126976,-144,-8187,155
13,2690,27126998,-6,0,-11
4,2692,27137022,-146,-8190,150
13,2691,27137044,-7,-1,-11
4,2693,27147081,-138,-8169,152
13,2692,27147103,-2,3,-8
4,2694,27157150,-141,-8193,145
13,2693,27157172,-1,3,0
4,2695,27167156,-132,-8180,154
13,2694,27167178,5,0,5
4,2696,27177171,-146,-8186,151
13,2695,27177193,6,-1,7
4,2697,27187219,-155,-8201,157
13,2696,27187241,7,-4,7
4,2698,27197407,-142,-8194,156
13,2697,27197429,5,-2,1
4,2699,27207300,-142,-8195,156
13,2698,27207322,1,-2,-1
4,2700,27217281,-143,-8199,153
13,2699,27217303,0,2,-2
4,2701,27227360,-142,-8192,157
13,2700,27227382,0,1,-1
4,2702,27237455,-143,-8190,153
13,2701,27237477,0,1,0
4,2703,27247509,-147,-8196,153
13,2702,27247531,1,4,2
4,2704,27257471,-147,-8189,158
13,2703,27257493,1,1,-1
4,2705,27267572,-148,-8189,145
13,2704,27267594,2,0,0
4,2706,27277672,-141,-8184,135
13,2705,27277694,3,-1,4
4,2707,27287669,-151,-8189,147
13,2706,27287691,3,-2,6
4,2708,27297657,-154,-8184,143
13,2707,27297679,3,-2,2
4,2709,27307697,-149,-8194,148
13,2708,27307719,3,0,4
4,2710,27317791,-147,-8200,151
13,2709,27317812,-1,-4,2
4,2711,27327825,-141,-8188,149
13,2710,27327847,0,0,0
4,2712,27337820,-137,-8190,150
13,2711,27337842,0,-1,0
4,2713,27347827,-146,-8203,147
13,2712,27347849,1,-1,1
4,2714,27358027,-144,-8194,157
13,2713,27358049,0,-1,0
4,2715,27367948,-153,-8192,153
13,2714,27367970,1,-1,0
4,2716,27378003,-151,-8200,149
13,2715,27378053,3,0,2
4,2717,27388084,-137,-8190,157
13,2716,27388106,4,0,1
4,2718,27398156,-152,-8182,164
13,2717,27398178,4,0,2
4,2719,27408148,-140,-8181,161
13,2718,27408170,3,-3,0
4,2720,27418196,-146,-8193,157
13,2719,27418218,-1,-1,0
4,2721,27428204,-145,-8172,170
13,2720,27428226,0,-2,-1
4,2722,27438348,-137,-8185,157
13,2721,27438370,2,-4,2
4,2723,27448295,-145,-8187,152
13,2722,27448317,1,-2,3
4,2724,27458349,-150,-8194,152
13,2723,27458371,2,-1,0
4,2725,27468301,-143,-8200,153
13,2724,27468323,2,0,0
4,2726,27478451,-143,-8191,149
13,2725,27478473,0,2,-2
4,2727,27488430,-142,-8192,159
13,2726,27488452,0,1,-3
4,2728,27498593,-133,-8193,148
13,2727,27498615,0,2,-1
4,2729,27508586,-130,-8186,156
13,2728,27508608,4,0,2
4,2730,27518674,-137,-8183,156
13,2729,27518696,5,-1,4
4,2731,27528695,-144,-8194,158
13,2730,27528717,2,0,5
4,2732,27538655,-130,-8198,154
13,2731,27538677,2,0,4
4,2733,27548692,-151,-8188,153
13,2732,27548714,1,1,1
4,2734,27558724,-150,-8190,157
13,2733,27558746,-1,1,0
4,2735,27568782,-153,-8186,149
13,2734,27568804,1,1,0
4,2736,27578778,-143,-8205,153
13,2735,27578800,1,-1,-1
4,2737,27588791,-148,-8204,157
13,2736,27588813,3,0,0
4,2738,27598993,-134,-8192,163
13,2737,27599014,5,1,4
4,2739,27608835,-143,-8186,163
13,2738,27608857,3,0,2
4,2740,27618923,-144,-8191,159
13,2739,27618945,2,-2,-1
4,2741,27629022,-145,-8194,159
13,2740,27629044,0,2,-6
4,2742,27639059,-153,-8188,156
13,2741,27639081,-2,1,-3
4,2743,27649061,-149,-8191,152
13,2742,27649083,-1,-1,0
4,2744,27659082,-137,-8193,151
13,2743,27659104,2,0,0
4,2745,27669133,-142,-8187,158
13,2744,27669155,4,-1,0
4,2746,27679239,-146,-8189,152
13,2745,27679261,2,0,2
4,2747,27689175,-151,-8187,148
13,2746,27689197,0,0,0
4,2748,27699259,-138,-8191,160
13,2747,27699281,0,0,-1
4,2749,27709247,-140,-8195,150
13,2748,27709269,0,-1,-1
4,2750,27719388,-156,-8187,172
13,2749,27719410,-2,-1,-1
4,2751,27729303,-149,-8187,155
13,2750,27729325,-1,0,-3
4,2752,27739397,-138,-8189,152
13,2751,27739419,-5,-2,-5
4,2753,27749391,-145,-8194,152
13,2752,27749413,-4,0,-3
4,2754,27759498,-159,-8202,157
13,2753,27759520,-3,1,-2
4,2755,27769536,-148,-8200,153
13,2754,27769558,-2,3,-2
4,2756,27779520,-145,-8190,164
13,2755,27779542,0,1,0
4,2757,27789559,-145,-8192,149
13,2756,27789581,0,0,0
4,2758,27799555,-130,-8199,153
13,2757,27799577,0,0,-3
4,2759,27809592,-140,-8204,159
13,2758,27809614,-1,1,-7
4,2760,27819668,-142,-8195,152
13,2759,27819690,0,0,-6
4,2761,27829641,-140,-8183,158
13,2760,27829663,0,-1,-3
4,2762,27839829,-141,-8194,155
13,2761,27839851,0,1,1
4,2763,27849749,-149,-8188,156
13,2762,27849771,-3,-1,0
4,2764,27859811,-151,-8192,143
13,2763,27859833,-6,-2,-3
4,2765,27869815,-145,-8185,145
13,2764,27869837,-6,-2,-6
4,2766,27879884,-142,-8189,142
13,2765,27879934,-1,-2,-4
4,2767,27889865,-149,-8178,145
13,2766,27889887,1,0,-2
4,2768,27899935,-133,-8175,156
13,2767,27899957,-1,0,-1
4,2769,27910047,-142,-8191,143
13,2768,27910069,-1,1,-3
4,2770,27920093,-139,-8199,158
13,2769,27920115,0,0,0
4,2771,27929997,-146,-8188,162
13,2770,27930019,0,-1,-2
4,2772,27940100,-150,-8197,165
13,2771,27940122,0,-2,-3
4,2773,27950143,-156,-8201,168
13,2772,27950164,1,0,-3
4,2774,27960133,-156,-8182,163
13,2773,27960155,-3,-1,-3
4,2775,27970195,-143,-8198,146
13,2774,27970217,-3,-2,-6
4,2776,27980307,-134,-8197,159
13,2775,27980329,-2,0,-4
4,2777,27990346,-143,-8186,160
13,2776,27990368,0,0,-1
4,2778,28000434,-149,-8196,153
13,2777,28000456,3,0,1
4,2779,28010356,-144,-8182,160
13,2778,28010378,4,3,2
4,2780,28020362,-136,-8188,157
13,2779,28020384,0,2,0
4,2781,28030439,-149,-8190,161
13,2780,28030461,-3,-2,0
4,2782,28040493,-136,-8181,149
13,2781,28040515,-4,0,-1
4,2783,28050474,-145,-8185,142
13,2782,28050496,-3,-1,-3
4,2784,28060581,-143,-8196,145
13,2783,28060603,-3,-2,-2
4,2785,28070520,-137,-8183,147
13,2784,28070542,0,-2,4
4,2786,28080685,-143,-8186,148
13,2785,28080707,3,-2,5
4,2787,28090663,-139,-8197,151
13,2786,28090685,5,-3,5
4,2788,28100662,-136,-8204,155
13,2787,28100684,3,0,0
4,2789,28110691,-142,-8206,147
13,2788,28110713,2,0,-4
4,2790,28120799,-149,-8195,145
13,2789,28120821,1,0,-4
4,2791,28130727,-153,-8176,154
13,2790,28130749,0,-1,-4
4,2792,28140827,-145,-8182,154
13,2791,28140849,-3,0,-9
4,2793,28150896,-133,-8179,142
13,2792,28150918,-2,1,-6
4,2794,28160995,-143,-8192,151
13,2793,28161017,0,0,0
4,2795,28170950,-145,-8196,155
13,2794,28170972,0,0,0
4,2796,28180968,-138,-8186,150
13,2795,28180990,1,4,0
4,2797,28190936,-131,-8193,157
13,2796,28190958,0,0,0
4,2798,28201046,-139,-8190,150
13,2797,28201068,0,-2,0
4,2799,28211081,-147,-8188,140
13,2798,28211103,0,-4,-2
4,2800,28221035,-140,-8198,150
13,2799,28221057,-2,-4,0
4,2801,28231186,-154,-8190,143
13,2800,28231208,-4,-2,-2
4,2802,28241267,-143,-8189,142
13,2801,28241289,1,-1,-4
4,2803,28251194,-136,-8180,146
13,2802,28251216,1,0,-5
4,2804,28261268,-137,-8192,140
13,2803,28261290,0,1,-4
4,2805,28271374,-142,-8192,152
13,2804,28271396,-1,3,0
4,2806,28281445,-151,-8175,155
13,2805,28281467,0,-2,-3
4,2807,28291427,-139,-8196,150
13,2806,28291449,0,-2,-3
4,2808,28301396,-134,-8196,140
13,2807,28301418,0,-1,-4
4,2809,28311441,-133,-8186,146
13,2808,28311463,2,0,-2
4,2810,28321566,-151,-8195,142
13,2809,28321588,-1,-1,-1
4,2811,28331490,-137,-8186,136
13,2810,28331512,2,0,0
4,2812,28341551,-132,-8174,160
13,2811,28341573,5,0,3
4,2813,28351610,-133,-8186,160
13,2812,28351632,7,0,5
4,2814,28361673,-137,-8198,152
13,2813,28361695,4,0,5
4,2815,28371686,-135,-8190,146
13,2814,28371708,5,0,5
4,2816,28381728,-139,-8193,144
13,2815,28381777,2,0,2
4,2817,28391776,-145,-8183,155
13,2816,28391798,-1,0,-3
4,2818,28401916,-141,-8194,143
13,2817,28401938,-2,0,-7
4,2819,28411859,-142,-8189,152
13,2818,28411881,-1,0,-7
4,2820,28421888,-148,-8193,166
13,2819,28421910,-2,2,-6
4,2821,28431904,-146,-8190,160
13,2820,28431926,0,4,-3
4,2822,28441955,-140,-8194,160
13,2821,28441977,-4,3,-3
4,2823,28451940,-124,-8194,152
13,2822,28451962,-3,0,-4
4,2824,28462017,-133,-8193,151
13,2823,28462038,-2,-2,-4
4,2825,28472133,-137,-8189,151
13,2824,28472155,0,0,-5
4,2826,28482193,-136,-8187,160
13,2825,28482215,3,1,-6
4,2827,28492148,-141,-8192,142
13,2826,28492170,13,-5,10
4,2828,28502096,-148,-8191,158
13,2827,28502118,15,0,7
4,2829,28512223,-137,-8190,156
13,2828,28512245,1,0,-2
4,2830,28522305,-132,-8192,156
13,2829,28522327,-3,1,0
4,2831,28532310,-117,-8202,151
13,2830,28532332,-2,2,0
4,2832,28542362,-139,-8187,150
13,2831,28542384,1,-1,-1
4,2833,28552333,-141,-8180,150
13,2832,28552355,3,0,0
4,2834,28562510,-137,-8183,152
13,2833,28562532,1,0,0
4,2835,28572449,-150,-8207,159
13,2834,28572471,5,1,-3
4,2836,28582469,-144,-8187,157
13,2835,28582491,-3,0,-12
4,2837,28592500,-140,-8184,158
13,2836,28592522,-3,0,-12
4,2838,28602540,-143,-8190,160
13,2837,28602562,3,1,-6
4,2839,28612617,-144,-8187,155
13,2838,28612639,2,1,-3
4,2840,28622688,-135,-8185,152
13,2839,28622737,0,0,1
4,2841,28632726,-135,-8179,147
13,2840,28632748,-2,-1,1
4,2842,28642830,-146,-8197,157
13,2841,28642852,-2,0,0
4,2843,28652754,-141,-8186,154
13,2842,28652776,-1,-2,-4
4,2844,28662830,-133,-8193,154
13,2843,28662852,0,-3,0
4,2845,28672845,-141,-8189,151
13,2844,28672867,0,1,-2
4,2846,28682917,-143,-8186,147
13,2845,28682939,0,0,-1
4,2847,28692898,-143,-8192,159
13,2846,28692920,0,0,2
4,2848,28702969,-133,-8179,154
13,2847,28702990,-2,0,-5
4,2849,28712980,-134,-8177,145
13,2848,28713002,-3,0,-4
4,2850,28723139,-145,-8195,157
13,2849,28723161,1,0,2
4,2851,28733114,-137,-8186,163
13,2850,28733136,-2,0,-3
4,2852,28743098,-132,-8191,133
13,2851,28743120,0,-1,2
4,2853,28753156,-142,-8193,156
13,2852,28753178,0,0,-2
4,2854,28763185,-138,-8187,154
13,2853,28763207,0,0,-1
4,2855,28773263,-132,-8177,144
13,2854,28773285,2,-1,2
4,2856,28783306,-132,-8189,150
13,2855,28783328,4,-2,2
4,2857,28793379,-140,-8196,149
13,2856,28793401,3,-2,3
4,2858,28803383,-142,-8199,156
13,2857,28803405,1,-3,1
4,2859,28813383,-122,-8191,150
13,2858,28813405,-2,0,-1
4,2860,28823448,-134,-8191,152
13,2859,28823469,0,-1,0
4,2861,28833477,-142,-8188,156
13,2860,28833499,0,0,3
4,2862,28843575,-141,-8201,150
13,2861,28843597,0,-1,1
4,2863,28853500,-148,-8207,152
13,2862,28853522,-3,0,-1
4,2864,28863580,-130,-8191,155
13,2863,28863602,-1,0,-1
4,2865,28873631,-133,-8190,145
13,2864,28873653,0,0,0
4,2866,28883787,-137,-8191,141
13,2865,28883809,3,1,0
4,2867,28893720,-136,-8182,146
13,2866,28893742,5,3,2
4,2868,28903855,-145,-8187,165
13,2867,28903877,5,4,3
4,2869,28913842,-146,-8198,159
13,2868,28913864,3,0,0
4,2870,28923848,-137,-8187,151
13,2869,28923870,2,-2,-1
4,2871,28933890,-141,-8185,138
13,2870,28933912,-3,-3,-5
4,2872,28943932,-139,-8189,160
13,2871,28943954,-5,-1,-4
4,2873,28954026,-140,-8186,147
13,2872,28954047,-4,-2,0
4,2874,28964153,-139,-8201,145
13,2873,28964175,0,-2,0
4,2875,28974097,-143,-8194,157
13,2874,28974119,3,1,0
4,2876,28984144,-140,-8195,156
13,2875,28984166,3,1,2
4,2877,28994156,-135,-8192,151
13,2876,28994178,2,-1,4
4,2878,29004208,-136,-8198,156
13,2877,29004230,2,0,3
4,2879,29014255,-143,-8198,145
13,2878,29014277,0,0,0
4,2880,29024319,-135,-8191,158
13,2879,29024341,0,-1,-1
4,2881,29034294,-144,-8203,151
13,2880,29034316,-2,-1,-4
4,2882,29044441,-141,-8183,154
13,2881,29044463,-1,-1,-2
4,2883,29054403,-135,-8177,150
13,2882,29054425,-1,-1,0
4,2884,29064375,-137,-8191,153
13,2883,29064397,4,0,2
4,2885,29074487,-137,-8194,149
13,2884,29074509,6,1,4
4,2886,29084610,-131,-8192,158
13,2885,29084632,6,0,4
4,2887,29094497,-149,-8186,168
13,2886,29094519,0,0,1
4,2888,29104600,-150,-8202,156
13,2887,29104622,0,0,-1
4,2889,29114670,-143,-8190,150
13,2888,29114692,0,0,1
4,2890,29124862,-136,-8187,160
13,2889,29124884,1,0,0
4,2891,29134763,-138,-8189,153
13,2890,29134785,2,-3,1
4,2892,29144763,-141,-8199,146
13,2891,29144785,1,-3,0
4,2893,29154906,-137,-8198,162
13,2892,29154928,0,0,0
4,2894,29164917,-138,-8192,150
13,2893,29164939,0,-1,0
4,2895,29174913,-135,-8184,158
13,2894,29174935,1,-1,2
4,2896,29184954,-138,-8176,156
13,2895,29184976,4,0,6
4,2897,29195008,-137,-8192,152
13,2896,29195030,5,1,7
4,2898,29205193,-146,-8209,146
13,2897,29205215,6,-3,8
4,2899,29215085,-137,-8184,151
13,2898,29215107,3,-3,7
4,2900,29225068,-142,-8188,159
13,2899,29225090,-1,-3,5
4,2901,29235200,-150,-8201,167
13,2900,29235222,-1,-3,5
4,2902,29245365,-144,-8196,149
13,2901,29245387,0,0,1
4,2903,29255268,-142,-8195,143
13,2902,29255290,1,0,7
4,2904,29265429,-154,-8192,147
13,2903,29265451,1,0,4
4,2905,29275424,-155,-8185,155
13,2904,29275446,-2,0,2
4,2906,29285508,-139,-8194,141
13,2905,29285530,0,0,0
4,2907,29295507,-158,-8200,153
13,2906,29295529,1,0,0
4,2908,29305490,-154,-8191,147
13,2907,29305512,-2,1,-2
4,2909,29315566,-149,-8188,147
13,2908,29315588,-1,0,-3
4,2910,29325611,-153,-8199,150
13,2909,29325633,0,-1,-3
4,2911,29335703,-152,-8187,159
13,2910,29335725,-4,0,-4
4,2912,29345652,-150,-8184,153
13,2911,29345674,-3,0,-1
4,2913,29355751,-133,-8194,147
13,2912,29355772,0,0,0
4,2914,29365800,-136,-8188,156
13,2913,29365822,-3,-1,-2
4,2915,29375886,-140,-8198,153
13,2914,29375908,-2,0,-3
4,2916,29385892,-142,-8196,164
13,2915,29385914,-3,0,-2
4,2917,29395842,-142,-8199,158
13,2916,29395864,-4,-1,-4
4,2918,29406005,-141,-8181,144
13,2917,29406027,-5,-2,-4
4,2919,29415992,-146,-8184,139
13,2918,29416014,-5,-2,-5
4,2920,29426038,-145,-8197,159
13,2919,29426060,-2,-3,-5
4,2921,29436136,-133,-8190,141
13,2920,29436158,-1,0,0
4,2922,29446209,-142,-8191,150
13,2921,29446231,4,-1,0
4,2923,29456173,-137,-8194,156
13,2922,29456195,4,-3,2
4,2924,29466195,-134,-8194,154
13,2923,29466217,0,-2,3
4,2925,29476244,-146,-8186,142
13,2924,29476266,-1,-1,2
4,2926,29486366,-144,-8200,155
13,2925,29486388,-3,-2,-3
4,2927,29496337,-138,-8201,154
13,2926,29496359,-3,-5,-2
4,2928,29506472,-141,-8180,151
13,2927,29506494,-1,-3,-1
4,2929,29516390,-146,-8190,150
13,2928,29516412,-1,-1,0
4,2930,29526619,-132,-8187,132
13,2929,29526641,-2,1,0
4,2931,29536538,-141,-8193,136
13,2930,29536560,5,1,4
4,2932,29546606,-140,-8201,153
13,2931,29546628,8,0,4
4,2933,29556619,-133,-8188,152
13,2932,29556641,5,0,-1
4,2934,29566650,-153,-8189,147
13,2933,29566672,3,0,-1
4,2935,29576715,-151,-8184,161
13,2934,29576737,-1,0,-4
4,2936,29586684,-147,-8192,149
13,2935,29586706,-6,2,-12
4,2937,29596834,-152,-8189,143
13,2936,29596856,-8,1,-8
4,2938,29606902,-148,-8188,141
13,2937,29606924,-7,1,-6
4,2939,29616918,-131,-8199,158
13,2938,29616940,0,0,0
4,2940,29626949,-138,-8193,149
13,2939,29626971,3,0,3
4,2941,29637017,-140,-8192,152
13,2940,29637039,5,2,3
4,2942,29647177,-138,-8191,154
13,2941,29647199,9,1,3
4,2943,29657106,-140,-8190,153
13,2942,29657128,7,2,-1
4,2944,29667161,-145,-8181,154
13,2943,29667183,1,0,-5
4,2945,29677166,-137,-8186,141
13,2944,29677188,-1,-1,0
4,2946,29687331,-129,-8194,143
13,2945,29687353,3,3,2
4,2947,29697292,-130,-8191,157
13,2946,29697314,7,3,2
4,2948,29707333,-131,-8206,154
13,2947,29707355,6,0,2
4,2949,29717396,-139,-8192,154
13,2948,29717418,4,0,1
4,2950,29727444,-148,-8199,148
13,2949,29727466,0,-1,-2
4,2951,29737470,-152,-8193,142
13,2950,29737492,-3,0,-4
4,2952,29747501,-145,-8192,153
13,2951,29747523,-2,2,-3
4,2953,29757678,-141,-8191,140
13,2952,29757700,-1,-3,-1
4,2954,29767736,-138,-8179,137
13,2953,29767758,-1,-5,0
4,2955,29777622,-135,-8199,142
13,2954,29777644,4,-2,3
4,2956,29787726,-138,-8192,145
13,2955,29787748,4,-1,1
4,2957,29797746,-121,-8190,163
13,2956,29797768,3,0,1
4,2958,29807869,-148,-8199,159
13,2957,29807891,5,2,2
4,2959,29817835,-142,-8198,162
13,2958,29817857,5,-2,2
4,2960,29827889,-146,-8199,166
13,2959,29827911,0,-3,0
4,2961,29837914,-145,-8196,149
13,2960,29837936,0,-3,-2
4,2962,29848100,-139,-8198,135
13,2961,29848122,0,-4,-2
4,2963,29858011,-144,-8185,138
13,2962,29858033,2,-3,0
4,2964,29868035,-141,-8186,155
13,2963,29868057,3,-3,0
4,2965,29878107,-145,-8196,161
13,2964,29878129,1,-3,-1
4,2966,29888271,-141,-8196,143
13,2965,29888293,-4,-2,-5
4,2967,29898213,-140,-8190,157
13,2966,29898235,-2,-1,-7
4,2968,29908195,-144,-8185,157
13,2967,29908217,-3,-3,-8
4,2969,29918336,-133,-8188,146
13,2968,29918358,-3,-1,-4
4,2970,29928440,-129,-8191,147
13,2969,29928462,0,0,-1
4,2971,29938385,-139,-8207,141
13,2970,29938407,3,-1,4
4,2972,29948451,-142,-8190,147
13,2971,29948473,4,0,6
4,2973,29958491,-145,-8199,141
13,2972,29958513,6,2,6
4,2974,29968557,-139,-8192,146
13,2973,29968579,3,-1,3
4,2975,29978587,-147,-8203,144
13,2974,29978608,0,-4,0
4,2976,29988624,-140,-8194,151
13,2975,29988646,0,-2,-1
4,2977,29998671,-136,-8191,145
13,2976,29998693,0,-2,1
4,2978,30008838,-152,-8191,156
13,2977,30008860,-2,-4,-1
4,2979,30018811,-143,-8187,151
13,2978,30018833,-1,-3,0
4,2980,30028802,-149,-8182,151
13,2979,30028824,0,-1,4
4,2981,30038896,-152,-8193,143
13,2980,30038918,1,-4,5
4,2982,30048957,-146,-8198,149
13,2981,30048979,4,-2,4
4,2983,30059011,-135,-8194,157
13,2982,30059033,0,1,-2
4,2984,30069031,-122,-8194,153
13,2983,30069053,0,2,-4
4,2985,30079087,-135,-8207,153
13,2984,30079109,2,3,-1
4,2986,30089269,-146,-8197,152
13,2985,30089291,2,3,2
4,2987,30099168,-135,-8192,154
13,2986,30099190,1,0,5
4,2988,30109195,-142,-8198,158
13,2987,30109217,1,0,2
4,2989,30119267,-140,-8188,155
13,2988,30119288,0,-1,4
4,2990,30129415,-138,-8190,151
13,2989,30129437,3,-1,4
4,2991,30139380,-145,-8190,155
13,2990,30139402,5,-1,5
4,2992,30149417,-149,-8204,160
13,2991,30149439,2,0,-3
4,2993,30159529,-150,-8205,146
13,2992,30159551,-4,0,-5
4,2994,30169530,-133,-8186,154
13,2993,30169552,-9,0,-9
4,2995,30179511,-135,-8188,145
13,2994,30179533,-4,1,-9
4,2996,30189612,-149,-8189,149
13,2995,30189634,0,1,-1
4,2997,30199588,-144,-8197,145
13,2996,30199610,6,0,4
4,2998,30209685,-136,-8193,152
13,2997,30209707,8,-1,6
4,2999,30219679,-140,-8189,155
13,2998,30219701,4,-3,0
4,3000,30229728,-148,-8190,150
13,2999,30229750,-1,-5,0
4,3001,30239796,-151,-8196,148
13,3000,30239817,-5,-5,-5
4,3002,30249946,-137,-8182,153
13,3001,30249968,-1,-3,-6
4,3003,30259948,-138,-8183,142
13,3002,30259970,0,-6,1
4,3004,30269919,-148,-8199,153
13,3003,30269941,1,-1,0
4,3005,30280051,-137,-8190,146
13,3004,30280073,-5,-2,-9
4,3006,30290062,-126,-8196,148
13,3005,30290084,-1,-1,-1
4,3007,30300097,-138,-8188,150
13,3006,30300119,3,0,3
4,3008,30310081,-141,-8195,153
13,3007,30310103,2,1,0
4,3009,30320053,-132,-8186,143
13,3008,30320075,4,0,-1
4,3010,30330320,-133,-8187,143
13,3009,30330342,6,0,3
4,3011,30340213,-137,-8174,162
13,3010,30340235,7,0,5
4,3012,30350262,-140,-8187,160
13,3011,30350284,6,0,7
4,3013,30360229,-137,-8189,154
13,3012,30360251,1,-2,6
4,3014,30370345,-128,-8194,147
13,3013,30370367,-1,-1,4
4,3015,30380456,-142,-8179,149
13,3014,30380478,0,-1,5
4,3016,30390393,-141,-8197,141
13,3015,30390415,3,0,6
4,3017,30400520,-146,-8183,149
13,3016,30400542,4,2,4
4,3018,30410601,-142,-8197,148
13,3017,30410623,6,3,7
4,3019,30420567,-147,-8200,154
13,3018,30420589,5,3,8
4,3020,30430596,-158,-8197,160
13,3019,30430618,0,0,1
4,3021,30440629,-150,-8185,157
13,3020,30440650,-7,-1,-6
4,3022,30450629,-147,-8192,157
13,3021,30450651,-7,2,-7
4,3023,30460700,-143,-8185,144
13,3022,30460722,-1,2,-4
4,3024,30470792,-140,-8196,149
13,3023,30470814,5,-3,3
4,3025,30480776,-147,-8196,144
13,3024,30480798,4,-1,4
4,3026,30490857,-153,-8179,150
13,3025,30490879,4,-1,1
4,3027,30500858,-136,-8177,156
13,3026,30500880,2,2,0
4,3028,30510885,-143,-8200,155
13,3027,30510934,0,0,0
4,3029,30520895,-142,-8196,144
13,3028,30520918,-4,-1,-1
4,3030,30531031,-139,-8191,147
13,3029,30531053,-4,-1,-3
4,3031,30541126,-144,-8198,143
13,3030,30541148,-1,-4,-4
4,3032,30551101,-141,-8185,144
13,3031,30551123,3,-5,0
4,3033,30561141,-139,-8183,151
13,3032,30561162,4,-1,2
4,3034,30571235,-131,-8182,157
13,3033,30571257,6,1,2
4,3035,30581144,-147,-8188,151
13,3034,30581166,5,1,-2
4,3036,30591262,-153,-8193,158
13,3035,30591284,0,3,-2
4,3037,30601277,-141,-8193,149
13,3036,30601299,-4,0,-4
4,3038,30611308,-128,-8169,151
13,3037,30611329,-7,-6,-6
4,3039,30621407,-140,-8171,148
13,3038,30621429,-2,-4,-1
4,3040,30631374,-141,-8193,153
13,3039,30631396,1,-2,3
4,3041,30641484,-148,-8196,141
13,3040,30641506,1,-3,4
4,3042,30651688,-142,-8201,153
13,3041,30651710,2,-5,1
4,3043,30661574,-151,-8195,145
13,3042,30661596,0,0,0
4,3044,30671587,-149,-8204,153
13,3043,30671609,0,2,0
4,3045,30681611,-153,-8200,154
13,3044,30681633,3,1,1
4,3046,30691633,-142,-8191,154
13,3045,30691655,0,0,0
4,3047,30701711,-137,-8187,146
13,3046,30701733,0,0,0
4,3048,30711764,-142,-8187,137
13,3047,30711786,1,-2,-1
4,3049,30721840,-141,-8191,157
13,3048,30721862,-1,0,-1
4,3050,30731931,-141,-8200,150
13,3049,30731953,-1,-1,0
4,3051,30741860,-143,-8190,151
13,3050,30741882,0,-3,-1
4,3052,30751877,-141,-8196,144
13,3051,30751899,0,-3,-3
4,3053,30761992,-138,-8187,149
13,3052,30762014,0,1,-4
4,3054,30772072,-146,-8194,157
13,3053,30772094,0,0,-3
4,3055,30782014,-150,-8189,147
13,3054,30782036,-2,3,-3
4,3056,30792167,-139,-8195,140
13,3055,30792189,-6,1,-4
4,3057,30802128,-136,-8185,145
13,3056,30802150,-5,1,-6
4,3058,30812272,-133,-8182,149
13,3057,30812294,0,1,-5
4,3059,30822248,-135,-8178,154
13,3058,30822270,7,1,-1
4,3060,30832302,-128,-8182,159
13,3059,30832324,9,0,2
4,3061,30842363,-136,-8184,154
13,3060,30842385,5,0,2
4,3062,30852434,-137,-8197,147
13,3061,30852456,0,0,0
4,3063,30862374,-143,-8203,155
13,3062,30862396,-3,-3,0
4,3064,30872440,-140,-8192,148
13,3063,30872462,-1,-4,1
4,3065,30882500,-143,-8200,151
13,3064,30882522,-4,0,-2
4,3066,30892569,-142,-8202,157
13,3065,30892591,-5,1,-9
4,3067,30902556,-141,-8188,151
13,3066,30902578,-3,3,-11
4,3068,30912626,-142,-8187,148
13,3067,30912648,2,0,-6
4,3069,30922638,-152,-8192,155
13,3068,30922660,5,0,-1
4,3070,30932698,-145,-8188,158
13,3069,30932720,0,-2,0
4,3071,30942706,-140,-8199,169
13,3070,30942728,0,0,0
4,3072,30952739,-142,-8202,147
13,3071,30952760,-1,-2,-2
4,3073,30962801,-144,-8195,143
13,3072,30962823,-3,-3,2
4,3074,30972905,-149,-8190,151
13,3073,30972927,-3,-1,2
4,3075,30982886,-147,-8189,147
13,3074,30982908,-3,1,0
4,3076,30992901,-140,-8206,138
13,3075,30992923,0,2,-4
4,3077,31002965,-139,-8188,156
13,3076,31002987,1,1,-1
4,3078,31012974,-144,-8182,145
13,3077,31013023,0,3,-4
4,3079,31023068,-137,-8192,139
13,3078,31023090,0,0,-4
4,3080,31033202,-131,-8195,144
13,3079,31033224,0,-1,-3
4,3081,31043204,-136,-8183,147
13,3080,31043226,5,0,0
4,3082,31053291,-139,-8190,140
13,3081,31053313,4,0,1
4,3083,31063196,-143,-8189,150
13,3082,31063218,1,0,-3
4,3084,31073309,-148,-8194,158
13,3083,31073331,2,-1,-5
4,3085,31083356,-142,-8200,147
13,3084,31083378,1,-2,-3
4,3086,31093436,-147,-8196,144
13,3085,31093458,-1,-1,-3
4,3087,31103478,-146,-8185,157
13,3086,31103500,-4,-4,-3
4,3088,31113447,-138,-8193,147
13,3087,31113469,-5,-3,-7
4,3089,31123570,-137,-8193,142
13,3088,31123592,0,-4,-7
4,3090,31133709,-131,-8185,144
13,3089,31133731,0,-3,-5
4,3091,31143662,-140,-8193,160
13,3090,31143684,4,0,-2
4,3092,31153741,-149,-8198,153
13,3091,31153763,4,1,-3
4,3093,31163691,-143,-8187,151
13,3092,31163713,0,-2,-4
4,3094,31173844,-152,-8192,147
13,3093,31173866,-7,0,-9
4,3095,31183877,-133,-8186,152
13,3094,31183899,-8,-3,-8
4,3096,31193877,-134,-8197,160
13,3095,31193899,-3,-3,-4
4,3097,31203926,-142,-8194,145
13,3096,31203948,3,-1,1
4,3098,31214049,-146,-8191,148
13,3097,31214071,7,0,3
4,3099,31224007,-140,-8188,139
13,3098,31224029,3,-1,2
4,3100,31234023,-137,-8190,143
13,3099,31234045,0,-5,-3
4,3101,31244103,-136,-8191,153
13,3100,31244125,-1,-3,-5
4,3102,31254140,-132,-8182,146
13,3101,31254162,-2,0,-3
4,3103,31264194,-135,-8192,140
13,3102,31264216,-2,0,-2
4,3104,31274239,-148,-8187,144
13,3103,31274261,0,0,-1
4,3105,31284288,-146,-8186,136
13,3104,31284310,0,0,0
4,3106,31294462,-155,-8188,145
13,3105,31294484,0,1,-3
4,3107,31304360,-137,-8190,153
13,3106,31304382,-3,1,-6
4,3108,31314406,-131,-8192,153
13,3107,31314428,-3,2,-6
4,3109,31324370,-137,-8196,148
13,3108,31324392,-5,2,-7
4,3110,31334518,-136,-8193,148
13,3109,31334540,-5,-1,-7
4,3111,31344520,-136,-8198,146
13,3110,31344542,-2,-2,-5
4,3112,31354566,-135,-8197,150
13,3111,31354588,-2,1,-4
4,3113,31364584,-136,-8196,153
13,3112,31364606,-2,2,-4
4,3114,31374752,-130,-8190,149
13,3113,31374802,-2,1,-6
4,3115,31384764,-130,-8195,154
13,3114,31384786,0,0,-4
4,3116,31394797,-121,-8195,152
13,3115,31394819,0,0,-6
4,3117,31404856,-123,-8190,147
13,3116,31404878,-2,0,-7
4,3118,31414871,-129,-8193,148
13,3117,31414893,-2,-1,-4
4,3119,31424919,-125,-8180,145
13,3118,31424941,0,-2,-3
4,3120,31434924,-124,-8182,128
13,3119,31434946,2,0,-1
4,3121,31444983,-130,-8191,137
13,3120,31445005,1,0,0
4,3122,31455079,-130,-8197,152
13,3121,31455101,1,0,0
4,3123,31465129,-140,-8190,151
13,3122,31465151,0,0,-2
4,3124,31475127,-138,-8179,148
13,3123,31475149,0,-3,0
4,3125,31485086,-132,-8187,140
13,3124,31485108,1,-2,2
4,3126,31495251,-147,-8191,154
13,3125,31495273,4,-2,2
4,3127,31505250,-150,-8191,156
13,3126,31505272,4,-3,4
4,3128,31515310,-148,-8178,156
13,3127,31515332,1,0,0
4,3129,31525395,-137,-8186,148
13,3128,31525417,0,0,-4
4,3130,31535492,-131,-8193,139
13,3129,31535514,2,-3,0
4,3131,31545441,-136,-8193,140
13,3130,31545463,4,0,0
4,3132,31555437,-131,-8190,148
13,3131,31555459,3,-2,1
4,3133,31565447,-143,-8177,155
13,3132,31565469,2,-3,2
4,3134,31575557,-144,-8198,146
13,3133,31575579,3,-3,2
4,3135,31585572,-137,-8186,138
13,3134,31585594,3,-1,0
4,3136,31595580,-143,-8189,138
13,3135,31595602,1,-1,-2
4,3137,31605674,-139,-8198,135
13,3136,31605696,0,0,-2
4,3138,31615822,-137,-8194,140
13,3137,31615844,1,3,-3
4,3139,31625708,-142,-8190,139
13,3138,31625730,1,1,-1
4,3140,31635840,-128,-8185,148
13,3139,31635863,1,0,-1
4,3141,31645924,-135,-8190,146
13,3140,31645946,1,-1,-2
4,3142,31655895,-148,-8191,140
13,3141,31655917,0,0,-4
4,3143,31665973,-135,-8195,144
13,3142,31665995,1,1,-3
4,3144,31676000,-142,-8190,155
13,3143,31676022,2,0,0
4,3145,31686100,-143,-8186,157
13,3144,31686122,-1,0,-1
4,3146,31696175,-136,-8187,150
13,3145,31696197,-1,1,-5
4,3147,31706052,-139,-8185,143
13,3146,31706074,-3,0,-5
4,3148,31716218,-124,-8189,136
13,3147,31716239,-2,-3,0
4,3149,31726200,-131,-8181,151
13,3148,31726222,5,-4,7
4,3150,31736277,-140,-8189,161
13,3149,31736299,7,-5,7
4,3151,31746275,-134,-8187,164
13,3150,31746297,4,-3,5
4,3152,31756336,-132,-8195,151
13,3151,31756358,0,0,0
4,3153,31766459,-148,-8193,136
13,3152,31766481,-2,0,-2
4,3154,31776558,-150,-8180,136
13,3153,31776580,-3,0,-4
4,3155,31786444,-135,-8184,142
13,3154,31786466,0,3,-2
4,3156,31796534,-137,-8189,137
13,3155,31796556,0,1,-1
4,3157,31806624,-152,-8193,145
13,3156,31806646,3,3,3
4,3158,31816620,-137,-8192,137
13,3157,31816642,2,2,3
4,3159,31826701,-144,-8192,138
13,3158,31826723,4,3,7
4,3160,31836690,-140,-8191,154
13,3159,31836712,7,2,7
4,3161,31846725,-130,-8197,150
13,3160,31846747,2,2,1
4,3162,31856884,-138,-8191,143
13,3161,31856906,-1,0,-3
4,3163,31866772,-142,-8184,134
13,3162,31866794,-5,2,-7
4,3164,31876887,-141,-8196,141
13,3163,31876909,-3,3,-7
4,3165,31886934,-139,-8195,140
13,3164,31886956,-1,2,-6
4,3166,31897086,-136,-8196,142
13,3165,31897108,-1,2,-3
4,3167,31907046,-130,-8190,165
13,3166,31907068,4,1,0
4,3168,31917137,-132,-8186,154
13,3167,31917159,1,0,-1
4,3169,31927086,-132,-8194,152
13,3168,31927108,0,0,0
4,3170,31937312,-125,-8186,141
13,3169,31937334,5,0,1
4,3171,31947203,-133,-8188,148
13,3170,31947225,9,2,8
4,3172,31957203,-147,-8191,161
13,3171,31957225,3,2,3
4,3173,31967303,-148,-8202,145
13,3172,31967325,-3,1,-3
4,3174,31977389,-134,-8194,143
13,3173,31977411,0,1,-4
4,3175,31987388,-124,-8184,147
13,3174,31987410,0,3,-2
4,3176,31997500,-135,-8183,143
13,3175,31997522,4,1,0
4,3177,32007494,-125,-8177,142
13,3176,32007543,8,0,7
4,3178,32017654,-138,-8197,143
13,3177,32017676,10,-1,7
4,3179,32027615,-147,-8204,150
13,3178,32027637,7,-2,5
4,3180,32037667,-140,-8194,142
13,3179,32037689,2,0,4
4,3181,32047747,-133,-8194,145
13,3180,32047768,-1,-4,-1
4,3182,32057754,-149,-8187,152
13,3181,32057776,-5,-3,-2
4,3183,32067834,-130,-8186,153
13,3182,32067856,-4,0,-4
4,3184,32077760,-130,-8193,129
13,3183,32077782,-3,-3,-1
4,3185,32087863,-129,-8193,142
13,3184,32087885,5,0,5
4,3186,32098005,-126,-8196,137
13,3185,32098027,8,0,10
4,3187,32107964,-130,-8182,150
13,3186,32107986,7,0,10
4,3188,32117993,-135,-8194,150
13,3187,32118015,6,-1,4
4,3189,32127992,-153,-8197,151
13,3188,32128014,6,1,3
4,3190,32138142,-149,-8193,164
13,3189,32138164,-1,2,-2
4,3191,32148088,-144,-8187,156
13,3190,32148110,-7,1,-10
4,3192,32158207,-135,-8195,155
13,3191,32158229,-10,0,-10
4,3193,32168206,-141,-8190,152
13,3192,32168228,-8,0,-8
4,3194,32178371,-132,-8191,150
13,3193,32178392,-4,0,-5
4,3195,32188292,-132,-8204,147
13,3194,32188314,-1,1,-6
4,3196,32198324,-122,-8187,142
13,3195,32198346,1,4,-3
4,3197,32208446,-145,-8194,144
13,3196,32208468,4,0,2
4,3198,32218453,-141,-8202,149
13,3197,32218475,5,-1,4
4,3199,32228499,-135,-8182,133
13,3198,32228521,1,0,1
4,3200,32238504,-142,-8190,144
13,3199,32238526,0,1,0
4,3201,32248573,-132,-8192,150
13,3200,32248595,0,0,2
4,3202,32258745,-134,-8193,149
13,3201,32258767,1,-2,2
4,3203,32268683,-135,-8201,142
13,3202,32268705,0,0,-1
4,3204,32278729,-139,-8197,146
13,3203,32278751,3,0,0
4,3205,32288766,-135,-8189,161
13,3204,32288788,9,-1,2
4,3206,32298848,-137,-8181,149
13,3205,32298870,5,-1,2
4,3207,32308827,-131,-8180,136
13,3206,32308849,0,-1,0
4,3208,32318919,-129,-8188,142
13,3207,32318941,-1,0,-1
4,3209,32328920,-121,-8177,156
13,3208,32328942,-1,0,-1
4,3210,32338990,-134,-8189,142
13,3209,32339011,3,-1,2
4,3211,32349004,-142,-8195,142
13,3210,32349025,6,2,4
4,3212,32359038,-127,-8193,158
13,3211,32359060,6,0,3
4,3213,32369151,-138,-8193,155
13,3212,32369173,7,0,0
4,3214,32379175,-137,-8191,152
13,3213,32379197,6,0,2
4,3215,32389227,-139,-8181,165
13,3214,32389249,1,-1,0
4,3216,32399240,-142,-8187,153
13,3215,32399262,-2,-1,1
4,3217,32409364,-134,-8186,145
13,3216,32409386,0,-1,5
4,3218,32419422,-140,-8184,151
13,3217,32419444,0,-3,5
4,3219,32429336,-139,-8193,146
13,3218,32429358,1,-1,3
4,3220,32439419,-149,-8205,142
13,3219,32439441,2,-1,1
4,3221,32449480,-148,-8199,143
13,3220,32449502,5,0,5
4,3222,32459532,-150,-8193,146
13,3221,32459554,4,-1,4
4,3223,32469481,-139,-8184,142
13,3222,32469503,5,1,5
4,3224,32479557,-141,-8181,153
13,3223,32479579,7,1,6
4,3225,32489664,-139,-8195,156
13,3224,32489686,4,0,6
4,3226,32499799,-150,-8196,149
13,3225,32499821,3,-2,5
4,3227,32509758,-142,-8180,172
13,3226,32509780,2,-2,4
4,3228,32519785,-140,-8185,152
13,3227,32519807,-4,-1,0
4,3229,32529832,-143,-8189,142
13,3228,32529854,-3,-1,-1
4,3230,32539913,-148,-8188,150
13,3229,32539935,-2,0,0
4,3231,32549902,-137,-8197,158
13,3230,32549924,-2,1,1
4,3232,32559951,-137,-8184,165
13,3231,32559973,-1,1,0
4,3233,32569979,-140,-8190,149
13,3232,32570001,-1,0,2
4,3234,32580139,-136,-8202,148
13,3233,32580161,5,0,4
4,3235,32590008,-135,-8177,146
13,3234,32590030,7,2,10
4,3236,32600110,-127,-8191,143
13,3235,32600132,10,3,14
4,3237,32610154,-145,-8203,154
13,3236,32610176,13,0,13
4,3238,32620310,-152,-8196,158
13,3237,32620332,5,-1,6
4,3239,32630285,-143,-8180,152
13,3238,32630335,0,0,0
4,3240,32640339,-133,-8196,150
13,3239,32640361,-8,-2,-5
4,3241,32650474,-145,-8196,154
13,3240,32650496,-9,-1,-11
4,3242,32660515,-135,-8184,139
13,3241,32660537,-3,2,-5
4,3243,32670478,-136,-8198,141
13,3242,32670500,0,1,-1
4,3244,32680517,-132,-8198,133
13,3243,32680539,3,0,2
4,3245,32690586,-144,-8182,153
13,3244,32690608,4,-1,6
4,3246,32700651,-145,-8187,153
13,3245,32700673,6,0,3
4,3247,32710647,-154,-8196,154
13,3246,32710669,2,1,0
4,3248,32720760,-150,-8197,150
13,3247,32720782,-2,1,0
4,3249,32730685,-149,-8197,145
13,3248,32730707,-4,-4,1
4,3250,32740856,-142,-8207,162
13,3249,32740878,-4,-3,4
4,3251,32750893,-139,-8189,164
13,3250,32750943,-1,0,1
4,3252,32760852,-141,-8193,150
13,3251,32760874,-1,0,-2
4,3253,32770969,-138,-8186,145
13,3252,32770991,-1,0,-1
4,3254,32781038,-141,-8183,147
13,3253,32781060,-3,0,-4
4,3255,32791081,-136,-8179,144
13,3254,32791103,-8,0,-6
4,3256,32801065,-145,-8180,144
13,3255,32801087,-5,1,-3
4,3257,32811106,-144,-8186,157
13,3256,32811128,-4,3,1
4,3258,32821319,-141,-8179,147
13,3257,32821341,-4,-2,0
4,3259,32831180,-144,-8189,139
13,3258,32831202,-4,-3,3
4,3260,32841298,-147,-8192,152
13,3259,32841320,-5,-3,1
4,3261,32851290,-147,-8195,141
13,3260,32851312,-2,-2,0
4,3262,32861424,-146,-8197,134
13,3261,32861446,0,0,-1
4,3263,32871399,-135,-8197,128
13,3262,32871421,1,3,-2
4,3264,32881383,-142,-8188,141
13,3263,32881405,3,3,-2
4,3265,32891562,-165,-8189,145
13,3264,32891584,1,4,1
4,3266,32901634,-144,-8195,141
13,3265,32901656,2,2,1
4,3267,32911595,-147,-8187,155
13,3266,32911617,3,0,1
4,3268,32921560,-152,-8193,150
13,3267,32921582,-1,0,-5
4,3269,32931660,-149,-8202,146
13,3268,32931682,-5,1,-9
4,3270,32941796,-158,-8187,151
13,3269,32941818,-6,0,-6
4,3271,32951674,-151,-8200,157
13,3270,32951696,-5,0,-5
4,3272,32961785,-144,-8185,157
13,3271,32961807,-1,1,-6
4,3273,32971832,-143,-8190,138
13,3272,32971854,2,0,-1
4,3274,32981966,-139,-8202,159
13,3273,32981988,8,0,2
4,3275,32991898,-139,-8185,154
13,3274,32991920,10,0,7
4,3276,33001961,-155,-8186,156
13,3275,33001983,6,-2,3
4,3277,33011930,-149,-8193,157
13,3276,33011952,0,-2,0
4,3278,33022110,-139,-8194,150
13,3277,33022132,-1,0,-2
4,3279,33032186,-126,-8193,142
13,3278,33032208,-3,-2,-3
4,3280,33042139,-137,-8194,156
13,3279,33042161,0,0,-1
4,3281,33052161,-151,-8189,152
13,3280,33052183,1,0,2
4,3282,33062317,-132,-8191,139
13,3281,33062339,4,-1,0
4,3283,33072261,-127,-8186,146
13,3282,33072283,8,-2,4
4,3284,33082251,-130,-8183,153
13,3283,33082273,9,-1,4
4,3285,33092350,-140,-8188,147
13,3284,33092372,5,-2,5
4,3286,33102480,-148,-8196,147
13,3285,33102502,2,-2,3
4,3287,33112491,-154,-8184,142
13,3286,33112513,3,-1,2
4,3288,33122503,-148,-8196,147
13,3287,33122525,7,0,6
4,3289,33132534,-153,-8201,149
13,3288,33132583,3,-1,5
4,3290,33142642,-132,-8190,158
13,3289,33142664,8,-1,0
4,3291,33152654,-138,-8194,151
13,3290,33152676,9,-1,1
4,3292,33162667,-150,-8194,144
13,3291,33162689,2,0,0
4,3293,33172699,-144,-8193,157
13,3292,33172721,1,0,1
4,3294,33182823,-139,-8189,151
13,3293,33182845,3,0,-1
4,3295,33192768,-150,-8179,153
13,3294,33192790,4,0,1
4,3296,33202844,-148,-8187,156
13,3295,33202866,1,0,2
4,3297,33212969,-142,-8181,152
13,3296,33212991,0,0,3
4,3298,33223039,-142,-8196,154
13,3297,33223061,2,2,-1
4,3299,33232964,-131,-8200,157
13,3298,33232986,0,5,-4
4,3300,33243007,-127,-8187,154
13,3299,33243029,2,3,-4
4,3301,33253003,-149,-8195,151
13,3300,33253025,3,1,0
4,3302,33263156,-140,-8191,142
13,3301,33263178,3,1,1
4,3303,33273150,-135,-8187,147
13,3302,33273172,3,0,0
4,3304,33283187,-136,-8198,150
13,3303,33283209,6,-1,1
4,3305,33293269,-153,-8195,157
13,3304,33293291,4,-1,0
4,3306,33303365,-145,-8189,154
13,3305,33303387,0,-1,-1
4,3307,33313263,-143,-8181,144
13,3306,33313285,-3,-1,-1
4,3308,33323358,-147,-8196,157
13,3307,33323380,0,0,0
4,3309,33333396,-137,-8191,155
13,3308,33333418,-1,0,0
4,3310,33343427,-136,-8179,157
13,3309,33343449,-5,0,-3
4,3311,33353553,-145,-8202,155
13,3310,33353575,-3,1,-2
4,3312,33363531,-134,-8199,163
13,3311,33363553,0,1,-1
4,3313,33373580,-133,-8196,158
13,3312,33373602,0,0,0
4,3314,33383758,-127,-8182,163
13,3313,33383780,2,0,-2
4,3315,33393744,-136,-8198,161
13,3314,33393766,3,0,2
4,3316,33403798,-149,-8198,156
13,3315,33403820,3,-1,0
4,3317,33413813,-150,-8199,141
13,3316,33413835,3,0,-4
4,3318,33423815,-153,-8182,145
13,3317,33423837,1,0,-2
4,3319,33433821,-145,-8194,159
13,3318,33433843,-2,0,0
4,3320,33443853,-148,-8192,142
13,3319,33443874,-1,-4,0
4,3321,33453871,-143,-8176,139
13,3320,33453892,-5,-2,-1
4,3322,33464028,-137,-8180,146
13,3321,33464050,-4,0,-5
4,3323,33473978,-136,-8181,157
13,3322,33474000,0,1,-2
4,3324,33484024,-147,-8190,147
13,3323,33484046,0,3,-1
4,3325,33494073,-139,-8187,147
13,3324,33494095,0,0,0
4,3326,33504160,-128,-8192,147
13,3325,33504182,0,1,0
4,3327,33514155,-142,-8178,149
13,3326,33514204,0,1,2
4,3328,33524244,-135,-8196,158
13,3327,33524266,1,0,0
4,3329,33534285,-127,-8189,154
13,3328,33534307,-3,-2,-5
4,3330,33544442,-138,-8188,156
13,3329,33544464,-1,0,-5
4,3331,33554356,-136,-8200,149
13,3330,33554378,2,2,0
4,3332,33564401,-150,-8197,151
13,3331,33564423,3,3,1
4,3333,33574400,-148,-8185,152
13,3332,33574422,4,1,1
4,3334,33584533,-146,-8187,139
13,3333,33584555,4,1,2
4,3335,33594600,-136,-8198,146
13,3334,33594622,1,0,0
4,3336,33604585,-149,-8203,144
13,3335,33604607,0,0,1
4,3337,33614654,-154,-8195,145
13,3336,33614676,-3,2,0
4,3338,33624701,-145,-8190,171
13,3337,33624723,-3,-2,-2
4,3339,33634718,-136,-8199,159
13,3338,33634740,-1,0,-2
4,3340,33644812,-151,-8211,146
13,3339,33644834,3,4,0
4,3341,33654836,-144,-8189,146
13,3340,33654858,3,0,-1
4,3342,33664914,-146,-8181,158
13,3341,33664936,1,2,0
4,3343,33674879,-131,-8184,158
13,3342,33674901,0,0,0
4,3344,33684973,-135,-8186,141
13,3343,33684994,4,0,6
4,3345,33695012,-137,-8200,153
13,3344,33695034,4,-3,3
4,3346,33705138,-138,-8186,140
13,3345,33705160,-3,-4,-3
4,3347,33715107,-133,-8183,150
13,3346,33715129,-6,-5,-3
4,3348,33725069,-142,-8186,146
13,3347,33725091,0,-1,-1
4,3349,33735195,-139,-8179,143
13,3348,33735217,4,0,5
4,3350,33745319,-132,-8196,153
13,3349,33745341,2,1,7
4,3351,33755274,-144,-8200,151
13,3350,33755296,2,0,2
4,3352,33765342,-137,-8202,162
13,3351,33765364,1,1,5
4,3353,33775408,-140,-8193,158
13,3352,33775430,-3,1,-1
4,3354,33785557,-145,-8204,157
13,3353,33785579,-8,1,-10
4,3355,33795487,-140,-8189,147
13,3354,33795509,-7,3,-9
4,3356,33805512,-143,-8184,142
13,3355,33805534,-3,1,-3
4,3357,33815540,-149,-8187,153
13,3356,33815562,3,2,3
4,3358,33825617,-150,-8197,152
13,3357,33825639,3,0,4
4,3359,33835615,-153,-8205,153
13,3358,33835637,0,0,0
4,3360,33845652,-140,-8186,162
13,3359,33845674,-2,-3,-2
4,3361,33855783,-139,-8184,146
13,3360,33855805,-2,0,-3
4,3362,33865848,-135,-8184,145
13,3361,33865870,0,0,0
4,3363,33875819,-142,-8172,152
13,3362,33875841,0,1,-1
4,3364,33885771,-140,-8198,160
13,3363,33885793,-1,0,-3
4,3365,33895917,-147,-8190,140
13,3364,33895939,-7,1,-8
4,3366,33905958,-139,-8200,140
13,3365,33905980,-9,0,-7
4,3367,33915967,-132,-8190,155
13,3366,33915989,-12,-3,-8
4,3368,33925991,-138,-8186,153
13,3367,33926013,-11,-3,-7
4,3369,33936064,-132,-8195,143
13,3368,33936086,-6,1,-2
4,3370,33946192,-126,-8183,144
13,3369,33946214,-4,0,-3
4,3371,33956135,-122,-8188,130
13,3370,33956157,-2,0,0
4,3372,33966181,-136,-8200,147
13,3371,33966203,2,-2,-2
4,3373,33976148,-136,-8194,145
13,3372,33976170,2,1,-6
4,3374,33986276,-147,-8188,151
13,3373,33986297,-1,2,-10
4,3375,33996315,-143,-8189,145
13,3374,33996337,-6,3,-10
4,3376,34006326,-137,-8175,142
13,3375,34006348,-7,0,-10
4,3377,34016331,-135,-8182,142
13,3376,34016353,-3,0,-6
4,3378,34026619,-140,-8201,137
13,3377,34026641,-5,2,-6
4,3379,34036509,-132,-8192,148
13,3378,34036531,0,2,-1
4,3380,34046492,-152,-8183,160
13,3379,34046514,1,-2,1
4,3381,34056539,-150,-8196,141
13,3380,34056561,0,0,-4
4,3382,34066627,-145,-8192,147
13,3381,34066649,1,-1,-1
4,3383,34076628,-145,-8185,139
13,3382,34076650,0,0,-3
4,3384,34086675,-143,-8183,161
13,3383,34086697,1,1,-1
4,3385,34096720,-142,-8192,135
13,3384,34096742,-1,-1,-4
4,3386,34106880,-138,-8185,130
13,3385,34106902,-1,-1,-6
4,3387,34116796,-130,-8186,138
13,3386,34116818,-1,2,-10
4,3388,34126781,-131,-8173,133
13,3387,34126803,-1,1,-6
4,3389,34136878,-133,-8200,137
13,3388,34136927,1,0,-1
4,3390,34146969,-139,-8206,139
13,3389,34146991,7,4,2
4,3391,34156951,-134,-8191,157
13,3390,34156973,10,4,4
4,3392,34167041,-140,-8191,148
13,3391,34167063,3,0,0
4,3393,34177072,-137,-8201,154
13,3392,34177094,1,0,-1
4,3394,34187143,-135,-8186,145
13,3393,34187165,4,0,-3
4,3395,34197142,-137,-8191,147
13,3394,34197164,1,-2,-2
4,3396,34207234,-135,-8195,153
13,3395,34207256,1,-2,-1
4,3397,34217150,-134,-8191,154
13,3396,34217172,0,-1,-1
4,3398,34227299,-144,-8189,156
13,3397,34227321,0,0,-1
4,3399,34237303,-145,-8192,149
13,3398,34237325,-2,2,-4
4,3400,34247403,-137,-8198,145
13,3399,34247425,-1,0,-7
4,3401,34257399,-138,-8185,140
13,3400,34257420,0,0,-7
4,3402,34267523,-140,-8190,147
13,3401,34267545,3,2,-3
4,3403,34277592,-128,-8188,148
13,3402,34277614,3,4,-3
4,3404,34287564,-127,-8190,144
13,3403,34287586,4,4,0
4,3405,34297637,-131,-8184,133
13,3404,34297659,8,1,4
4,3406,34307657,-142,-8186,147
13,3405,34307679,6,0,4
4,3407,34317673,-140,-8186,153
13,3406,34317695,1,-1,0
4,3408,34327768,-138,-8179,149
13,3407,34327790,-2,-2,0
4,3409,34337779,-133,-8186,152
13,3408,34337801,-3,0,-2
4,3410,34347837,-142,-8191,149
13,3409,34347859,-2,-1,-5
4,3411,34357837,-135,-8191,140
13,3410,34357859,-5,-2,-8
4,3412,34367969,-143,-8187,136
13,3411,34367991,0,-1,-4
4,3413,34377949,-128,-8194,153
13,3412,34377971,0,1,-5
4,3414,34388104,-136,-8195,143
13,3413,34388126,-3,1,-6
4,3415,34398069,-126,-8200,143
13,3414,34398091,0,-1,-7
4,3416,34408052,-126,-8185,143
13,3415,34408074,-2,-2,-10
4,3417,34418141,-125,-8186,148
13,3416,34418163,-3,-2,-9
4,3418,34428203,-124,-8189,151
13,3417,34428225,0,-3,-1
4,3419,34438219,-132,-8192,151
13,3418,34438241,-1,-1,0
4,3420,34448242,-131,-8182,140
13,3419,34448264,2,0,2
4,3421,34458342,-142,-8203,155
13,3420,34458364,2,0,1
4,3422,34468357,-133,-8205,147
13,3421,34468379,-1,1,-4
4,3423,34478431,-143,-8194,145
13,3422,34478453,-4,1,-10
4,3424,34488361,-146,-8187,154
13,3423,34488383,-4,1,-10
4,3425,34498516,-140,-8195,151
13,3424,34498538,-3,3,-9
4,3426,34508658,-132,-8196,153
13,3425,34508680,-1,0,-6
4,3427,34518517,-133,-8187,148
13,3426,34518567,0,2,-4
4,3428,34528664,-131,-8181,140
13,3427,34528686,0,0,-2
4,3429,34538688,-129,-8189,146
13,3428,34538710,0,0,0
4,3430,34548758,-131,-8197,139
13,3429,34548780,3,0,0
4,3431,34558798,-140,-8204,132
13,3430,34558820,2,0,-2
4,3432,34568770,-135,-8183,137
13,3431,34568792,2,1,-1
4,3433,34578871,-130,-8182,153
13,3432,34578893,0,0,-4
4,3434,34588974,-129,-8185,137
13,3433,34588996,0,0,-4
4,3435,34598923,-143,-8188,138
13,3434,34598945,0,1,-1
4,3436,34609025,-135,-8174,145
13,3435,34609047,-2,1,-5
4,3437,34619017,-119,-8207,151
13,3436,34619039,-4,1,-6
4,3438,34629179,-115,-8190,146
13,3437,34629201,1,-1,-4
4,3439,34639039,-134,-8183,148
13,3438,34639061,0,0,-1
4,3440,34649182,-133,-8187,150
13,3439,34649204,5,1,2
4,3441,34659212,-139,-8198,156
13,3440,34659234,1,3,0
4,3442,34669333,-136,-8204,147
13,3441,34669355,-1,1,-6
4,3443,34679276,-132,-8197,148
13,3442,34679298,3,-1,-6
4,3444,34689277,-137,-8187,145
13,3443,34689299,3,0,-4
4,3445,34699368,-139,-8189,157
13,3444,34699390,0,-2,-4
4,3446,34709397,-121,-8189,140
13,3445,34709419,-6,0,-5
4,3447,34719500,-136,-8192,142
13,3446,34719522,-4,2,-5
4,3448,34729455,-129,-8194,140
13,3447,34729477,0,4,-1
4,3449,34739587,-127,-8183,137
13,3448,34739609,3,1,1
4,3450,34749696,-127,-8184,153
13,3449,34749718,4,0,2
4,3451,34759659,-129,-8196,154
13,3450,34759681,2,-2,0
4,3452,34769796,-131,-8192,151
13,3451,34769818,3,0,-2
4,3453,34779779,-142,-8189,147
13,3452,34779801,3,1,-5
4,3454,34789859,-138,-8190,135
13,3453,34789881,1,2,-4
4,3455,34799878,-121,-8183,133
13,3454,34799900,2,3,-2
4,3456,34809918,-120,-8184,136
13,3455,34809940,1,1,-3
4,3457,34819944,-125,-8176,132
13,3456,34819966,3,2,-3
4,3458,34830099,-131,-8182,143
13,3457,34830121,2,1,2
4,3459,34840031,-135,-8197,160
13,3458,34840053,1,-1,1
4,3460,34850056,-131,-8199,149
13,3459,34850078,0,-1,0
4,3461,34860137,-133,-8195,147
13,3460,34860159,-1,-1,-1
4,3462,34870190,-130,-8189,139
13,3461,34870212,0,-1,-1
4,3463,34880267,-124,-8185,148
13,3462,34880317,2,0,3
4,3464,34890264,-127,-8196,138
13,3463,34890287,5,0,3
4,3465,34900280,-137,-8196,145
13,3464,34900302,6,0,2
4,3466,34910493,-133,-8193,158
13,3465,34910515,3,-1,0
4,3467,34920409,-127,-8189,153
13,3466,34920431,0,-1,0
4,3468,34930489,-138,-8199,144
13,3467,34930511,-2,1,-6
4,3469,34940478,-132,-8200,145
13,3468,34940500,-5,1,-7
4,3470,34950556,-139,-8191,152
13,3469,34950578,-4,0,-8
4,3471,34960563,-127,-8192,140
13,3470,34960585,-2,2,-11
4,3472,34970664,-138,-8177,132
13,3471,34970686,2,0,-5
4,3473,34980672,-123,-8175,142
13,3472,34980694,2,1,0
4,3474,34990794,-126,-8182,151
13,3473,34990816,2,1,3
# CONFIG,end,4,100.000,0,4,0
# CONFIG,end,13,100.000,0,1000,0
# END,accel_events=3474,gyro_events=3473,queue_dropped=0,malformed=0,max_poll_gap_us=135382
# Reset the board before another ca