Bootloader starting
NRF_POWER->GPREGRET2 = 0004
CONFIG_GPIO_AS_PINRESET NOT defined
BHI260/BHA260 found. Product ID read 89
Loading firmware. Boot status: 11
No BHY UPDATE file found!
No ANNA_UPDATE_FILE found. Starting main application
Ä$≈ÖçïÅthe box still. Send s to capture 5 s startup + 30 s stationary data.
# NICLA_DIAGNOSTIC_V1
# Arduino_BHY2=1.0.8; corrected counts; no orientation or BLE output
# configuration_read_attempts=3
# CONFIG,phase,sensor_id,rate_hz,latency_ms,range,sensitivity
# startup_us=5000000,duration_us=35000000
# host_us is delivery time; hardware timestamps and upstream loss are not exposed
sensor_id,sequence,host_us,x_counts,y_counts,z_counts
# CONFIG_READ_FAILURE,phase=start,sensor_id=4,attempt=1,status=-5,bytes=4,expected_bytes=12
# CONFIG,start,4,100.000,0,4,0
# CONFIG,start,13,100.000,0,1000,0
4,1,135858,114,29,8525
4,2,138354,120,30,8532
13,1,138377,13,-22,-12
4,3,138402,123,19,8529
13,2,138424,12,-20,-12
4,4,138446,118,21,8526
13,3,138468,13,-21,-11
4,5,147180,120,10,8526
13,4,147202,13,-20,-11
4,6,155831,115,25,8535
13,5,155854,13,-21,-12
4,7,165648,118,34,8526
13,6,165670,15,-21,-13
4,8,175768,125,32,8526
13,7,175790,13,-21,-13
4,9,185767,107,29,8531
13,8,185789,14,-21,-13
4,10,195920,113,30,8515
13,9,195942,14,-22,-13
4,11,205838,113,38,8521
13,10,205860,13,-22,-12
4,12,215952,114,38,8518
13,11,215974,12,-19,-11
4,13,226025,118,33,8537
13,12,226048,16,-19,-11
4,14,236124,130,35,8530
13,13,236146,15,-21,-13
4,15,246162,130,34,8524
13,14,246184,14,-22,-11
4,16,256219,119,36,8511
13,15,256241,14,-20,-10
4,17,266210,116,36,8528
13,16,266232,13,-18,-12
4,18,276416,110,39,8526
13,17,276438,13,-20,-16
4,19,286315,108,30,8537
13,18,286337,11,-21,-13
4,20,296436,116,25,8527
13,19,296459,13,-22,-12
4,21,306496,115,14,8528
13,20,306518,15,-21,-12
4,22,316604,123,24,8526
13,21,316626,15,-20,-12
4,23,326626,125,35,8520
13,22,326648,14,-20,-10
4,24,336770,118,28,8514
13,23,336820,13,-22,-12
4,25,346768,120,28,8529
13,24,346817,12,-19,-14
4,26,357018,126,27,8526
13,25,357040,14,-21,-13
4,27,366951,118,21,8530
13,26,366973,14,-19,-11
4,28,376954,110,13,8543
13,27,376976,14,-19,-12
4,29,387021,114,9,8526
13,28,387043,15,-23,-14
4,30,397145,119,22,8522
13,29,397167,14,-21,-12
4,31,407088,118,26,8521
13,30,407110,12,-21,-13
4,32,417163,123,32,8525
13,31,417185,15,-22,-14
4,33,427190,119,21,8533
13,32,427212,14,-20,-14
4,34,437380,117,24,8521
13,33,437402,15,-20,-13
4,35,447336,118,29,8509
13,34,447357,15,-22,-11
4,36,457423,127,35,8524
13,35,457445,14,-22,-14
4,37,467476,121,31,8527
13,36,467498,13,-21,-12
4,38,477601,125,25,8523
13,37,477623,15,-20,-14
4,39,487704,123,31,8522
13,38,487726,13,-22,-12
4,40,497710,120,32,8515
13,39,497732,11,-22,-15
4,41,507709,125,31,8523
13,40,507731,15,-22,-12
4,42,517878,122,18,8523
13,41,517900,14,-21,-12
4,43,527858,125,31,8539
13,42,527880,14,-19,-12
4,44,537913,129,31,8530
13,43,537935,16,-21,-12
4,45,547996,115,23,8526
13,44,548018,14,-21,-14
4,46,558141,128,18,8527
13,45,558163,13,-18,-15
4,47,568124,125,20,8535
13,46,568146,13,-20,-15
4,48,578187,114,26,8538
13,47,578209,15,-23,-12
4,49,588296,115,36,8535
13,48,588318,13,-23,-13
4,50,598429,125,28,8512
13,49,598451,12,-21,-12
4,51,608418,116,31,8527
13,50,608440,13,-21,-10
4,52,618407,119,26,8523
13,51,618429,15,-22,-12
4,53,628535,118,24,8530
13,52,628557,14,-21,-13
4,54,638608,130,32,8524
13,53,638630,13,-22,-15
4,55,648660,116,27,8528
13,54,648682,0,0,1
4,56,658662,122,28,8523
13,55,658684,-1,0,2
4,57,668796,123,26,8525
13,56,668818,0,-1,0
4,58,678844,122,26,8515
13,57,678866,0,0,0
4,59,688856,114,39,8526
13,58,688878,-2,-3,2
4,60,698914,119,40,8537
13,59,698936,-1,-2,1
4,61,708997,122,30,8531
13,60,709019,-1,-3,2
4,62,719078,126,33,8522
13,61,719100,-1,-1,2
4,63,729079,118,21,8527
13,62,729128,0,0,0
4,64,739203,128,25,8527
13,63,739225,-1,-1,0
4,65,749226,127,30,8529
13,64,749248,-1,0,0
4,66,759394,126,31,8526
13,65,759416,-1,2,0
4,67,769415,122,29,8529
13,66,769437,-2,0,0
4,68,779385,122,21,8529
13,67,779407,-2,-1,2
4,69,789501,123,15,8523
13,68,789522,0,0,3
4,70,799576,124,28,8529
13,69,799598,0,1,-1
4,71,809699,119,26,8533
13,70,809721,-2,0,3
4,72,819668,123,26,8531
13,71,819690,-2,-1,1
4,73,829759,108,39,8520
13,72,829781,0,-1,0
4,74,839979,116,22,8529
13,73,840001,-1,-1,2
4,75,849909,118,30,8530
13,74,849959,-1,-1,2
4,76,859999,114,34,8530
13,75,860021,-1,-1,1
4,77,870049,125,24,8524
13,76,870071,-1,0,1
4,78,880155,112,19,8526
13,77,880177,-2,-1,0
4,79,890129,121,25,8532
13,78,890151,-3,0,0
4,80,900203,115,36,8533
13,79,900225,0,1,0
4,81,910328,120,29,8532
13,80,910350,0,0,0
4,82,920417,125,33,8522
13,81,920439,-3,-2,0
4,83,930355,117,20,8533
13,82,930377,0,0,0
4,84,940490,125,20,8523
13,83,940512,0,2,1
4,85,950468,124,22,8518
13,84,950490,0,-1,2
4,86,960641,113,24,8512
13,85,960663,-1,0,2
4,87,970657,125,34,8524
13,86,970679,-1,2,0
4,88,980688,119,21,8523
13,87,980737,-1,-3,0
4,89,990803,125,14,8522
13,88,990825,-2,-3,1
4,90,1000975,115,26,8531
13,89,1000997,0,-2,3
4,91,1010946,118,28,8530
13,90,1010968,0,-1,5
4,92,1020974,111,30,8519
13,91,1020996,0,0,1
4,93,1031083,107,33,8524
13,92,1031105,-3,-3,0
4,94,1041094,127,36,8526
13,93,1041116,0,0,2
4,95,1051243,104,36,8518
13,94,1051265,0,-1,2
4,96,1061261,117,29,8519
13,95,1061282,-1,-3,1
4,97,1071323,119,19,8527
13,96,1071344,-1,-2,-1
4,98,1081487,109,25,8535
13,97,1081509,0,0,-2
4,99,1091454,118,34,8524
13,98,1091476,-2,0,0
4,100,1101508,122,37,8534
13,99,1101557,0,0,1
4,101,1111587,122,19,8530
13,100,1111609,0,0,1
4,102,1121715,118,25,8523
13,101,1121737,-1,0,1
4,103,1131732,117,31,8538
13,102,1131754,-1,-1,1
4,104,1141837,121,25,8524
13,103,1141859,-1,0,0
4,105,1151859,118,34,8531
13,104,1151881,-1,0,1
4,106,1161989,118,26,8530
13,105,1162011,-1,0,0
4,107,1171995,100,14,8218
13,106,1172020,0,2,1
4,108,1182028,108,19,8219
13,107,1182050,0,0,0
4,109,1192027,117,20,8228
13,108,1192049,-3,0,0
4,110,1202226,104,23,8226
13,109,1202248,-1,-1,0
4,111,1212283,107,19,8231
13,110,1212305,0,0,2
4,112,1222392,114,36,8221
13,111,1222414,0,-1,2
4,113,1232372,111,21,8226
13,112,1232394,0,0,3
4,114,1242562,109,22,8231
13,113,1242584,0,0,0
4,115,1252481,116,27,8221
13,114,1252503,0,-2,1
4,116,1262584,116,33,8231
13,115,1262606,-1,0,1
4,117,1272630,104,33,8218
13,116,1272652,-3,0,0
4,118,1282641,111,25,8224
13,117,1282663,-3,-1,0
4,119,1292813,118,33,8226
13,118,1292835,0,0,0
4,120,1302740,108,23,8208
13,119,1302762,0,0,0
4,121,1312868,94,24,8220
13,120,1312890,-1,0,0
4,122,1323070,102,33,8240
13,121,1323092,1,-2,0
4,123,1332987,118,28,8225
13,122,1333009,0,0,1
4,124,1343037,108,34,8224
13,123,1343059,0,1,2
4,125,1353081,119,32,8228
13,124,1353103,-1,-2,0
4,126,1363190,112,22,8219
13,125,1363212,0,0,2
4,127,1373251,104,23,8222
13,126,1373273,-2,-1,3
4,128,1383317,119,11,8228
13,127,1383339,0,0,1
4,129,1393378,120,21,8224
13,128,1393400,0,0,1
4,130,1403488,122,31,8225
13,129,1403510,-1,1,0
4,131,1413469,107,30,8225
13,130,1413491,0,0,0
4,132,1423468,91,24,8228
13,131,1423490,1,1,1
4,133,1433607,110,17,8220
13,132,1433629,0,0,1
4,134,1443678,111,27,8229
13,133,1443700,0,-1,1
4,135,1453661,114,26,8227
13,134,1453683,0,-1,0
4,136,1463849,109,31,8230
13,135,1463871,-2,1,0
4,137,1473824,109,26,8225
13,136,1473846,0,0,-1
4,138,1484032,109,35,8209
13,137,1484054,1,0,0
4,139,1493977,103,24,8220
13,138,1493999,0,0,0
4,140,1504104,110,24,8235
13,139,1504126,-2,0,3
4,141,1514160,105,28,8225
13,140,1514182,-1,-1,0
4,142,1524228,114,25,8230
13,141,1524250,0,0,1
4,143,1534217,110,30,8225
13,142,1534239,0,0,4
4,144,1544280,110,30,8224
13,143,1544302,-3,0,1
4,145,1554331,110,25,8231
13,144,1554353,-1,-1,0
4,146,1564441,106,18,8226
13,145,1564463,0,-1,2
4,147,1574470,115,21,8220
13,146,1574492,0,-1,1
4,148,1584512,110,21,8231
13,147,1584534,0,0,-1
4,149,1594570,113,26,8220
13,148,1594592,0,-1,0
4,150,1604724,110,28,8225
13,149,1604746,0,0,2
4,151,1614758,114,28,8223
13,150,1614780,-1,1,1
4,152,1624840,113,28,8225
13,151,1624862,-1,-1,1
4,153,1634875,103,27,8223
13,152,1634897,0,0,1
4,154,1645022,114,28,8219
13,153,1645044,0,0,3
4,155,1654979,114,35,8220
13,154,1655001,0,0,3
4,156,1665060,111,29,8217
13,155,1665082,0,-1,0
4,157,1675145,103,15,8219
13,156,1675167,-1,-1,0
4,158,1685182,112,31,8221
13,157,1685204,-2,0,0
4,159,1695288,113,25,8215
13,158,1695310,-1,0,1
4,160,1705396,109,31,8223
13,159,1705418,-1,-2,1
4,161,1715422,114,34,8218
13,160,1715444,-1,-2,1
4,162,1725577,119,26,8229
13,161,1725599,-1,-1,2
4,163,1735476,111,40,8216
13,162,1735498,0,0,0
4,164,1745636,108,32,8219
13,163,1745658,0,1,0
4,165,1755691,127,33,8223
13,164,1755713,-1,1,2
4,166,1765799,121,32,8223
13,165,1765821,-1,-2,1
4,167,1775812,115,17,8224
13,166,1775834,-1,-3,0
4,168,1785823,111,19,8225
13,167,1785845,-1,-1,0
4,169,1795919,107,23,8218
13,168,1795940,0,-1,0
4,170,1806098,106,30,8218
13,169,1806120,-2,-1,1
4,171,1816060,105,19,8229
13,170,1816082,-2,0,2
4,172,1826095,116,20,8233
13,171,1826117,0,0,0
4,173,1836109,117,40,8221
13,172,1836131,0,0,0
4,174,1846269,107,38,8234
13,173,1846291,-2,-2,1
4,175,1856385,111,17,8235
13,174,1856407,-2,0,0
4,176,1866393,111,26,8213
13,175,1866415,-2,0,0
4,177,1876448,99,28,8216
13,176,1876470,1,0,2
4,178,1886615,109,26,8230
13,177,1886637,1,0,0
4,179,1896575,103,28,8220
13,178,1896597,1,1,4
4,180,1906621,98,34,8238
13,179,1906643,0,1,1
4,181,1916683,93,27,8232
13,180,1916705,0,-3,0
4,182,1926779,107,23,8220
13,181,1926801,0,-1,2
4,183,1936789,111,17,8225
13,182,1936811,-1,0,3
4,184,1946851,116,26,8224
13,183,1946873,0,0,0
4,185,1956905,122,23,8225
13,184,1956926,0,-1,0
4,186,1967112,106,30,8232
13,185,1967161,0,1,0
4,187,1977060,119,19,8224
13,186,1977082,-1,1,0
4,188,1987132,113,21,8228
13,187,1987154,-1,-2,1
4,189,1997147,103,18,8229
13,188,1997169,0,-2,1
4,190,2007289,110,11,8219
13,189,2007311,0,-2,2
4,191,2017310,111,22,8224
13,190,2017332,-1,0,0
4,192,2027365,106,25,8221
13,191,2027387,0,-1,1
4,193,2037352,118,34,8219
13,192,2037374,0,-1,3
4,194,2047610,119,30,8224
13,193,2047632,-1,0,2
4,195,2057538,108,22,8210
13,194,2057560,0,-1,1
4,196,2067637,115,26,8233
13,195,2067659,0,-1,0
4,197,2077685,114,39,8232
13,196,2077707,0,0,1
4,198,2087736,109,26,8227
13,197,2087758,-3,0,0
4,199,2097817,117,31,8228
13,198,2097839,-1,0,0
4,200,2107850,114,25,8229
13,199,2107872,-1,-1,0
4,201,2117942,113,25,8221
13,200,2117964,0,-3,0
4,202,2128049,116,29,8224
13,201,2128071,-1,-2,0
4,203,2138128,113,33,8229
13,202,2138150,0,-4,0
4,204,2148109,113,26,8228
13,203,2148131,0,0,1
4,205,2158118,107,28,8230
13,204,2158140,0,0,1
4,206,2168254,96,33,8209
13,205,2168276,-2,-1,1
4,207,2178269,118,32,8223
13,206,2178291,-1,0,1
4,208,2188338,106,32,8228
13,207,2188360,1,0,0
4,209,2198408,106,32,8219
13,208,2198430,-1,-1,2
4,210,2208567,112,30,8220
13,209,2208589,1,-1,-1
4,211,2218516,109,15,8229
13,210,2218538,0,0,1
4,212,2228587,109,20,8224
13,211,2228609,0,-3,0
4,213,2238591,109,21,8227
13,212,2238613,-1,-1,1
4,214,2248768,111,23,8233
13,213,2248790,0,2,0
4,215,2258812,113,27,8220
13,214,2258834,0,1,3
4,216,2268832,109,34,8226
13,215,2268854,0,-1,2
4,217,2278918,120,28,8225
13,216,2278940,-3,-1,2
4,218,2289070,111,21,8220
13,217,2289092,-1,0,1
4,219,2298961,109,20,8228
13,218,2298983,0,0,2
4,220,2309088,104,31,8228
13,219,2309110,0,0,1
4,221,2319225,119,36,8229
13,220,2319247,3,0,0
4,222,2329221,123,31,8218
13,221,2329243,-1,-1,0
4,223,2339282,120,27,8222
13,222,2339304,-2,-2,0
4,224,2349347,104,23,8232
13,223,2349369,0,1,1
4,225,2359488,114,35,8211
13,224,2359510,-1,-1,2
4,226,2369593,115,29,8215
13,225,2369615,0,-2,0
4,227,2379517,113,34,8229
13,226,2379539,-1,-2,2
4,228,2389646,118,26,8220
13,227,2389668,-2,0,1
4,229,2399688,103,12,8221
13,228,2399710,0,-2,0
4,230,2409754,117,24,8225
13,229,2409776,-2,0,1
4,231,2419785,111,36,8227
13,230,2419807,-1,0,3
4,232,2429848,103,27,8229
13,231,2429870,-2,1,1
4,233,2439956,106,17,8220
13,232,2439977,0,0,0
4,234,2450056,103,31,8227
13,233,2450078,-1,0,1
4,235,2459986,101,21,8237
13,234,2460008,0,-2,1
4,236,2470094,116,17,8222
13,235,2470116,0,-1,2
4,237,2480231,112,31,8227
13,236,2480280,-2,0,2
4,238,2490301,120,29,8227
13,237,2490323,-2,-2,0
4,239,2500389,115,28,8224
13,238,2500411,-1,0,-1
4,240,2510396,118,33,8221
13,239,2510418,-1,-1,0
4,241,2520387,103,20,8223
13,240,2520409,-2,-1,0
4,242,2530578,112,27,8221
13,241,2530600,-2,2,0
4,243,2540503,110,22,8225
13,242,2540525,-1,0,2
4,244,2550619,101,29,8235
13,243,2550641,-1,-2,1
4,245,2560708,102,44,8228
13,244,2560730,-1,-1,0
4,246,2570859,99,15,8232
13,245,2570881,-1,1,-1
4,247,2580871,117,32,8233
13,246,2580893,0,-2,-3
4,248,2590988,127,21,8224
13,247,2591010,-1,0,0
4,249,2600900,114,31,8217
13,248,2600921,0,2,-1
4,250,2611235,115,31,8225
13,249,2611257,-2,-1,0
4,251,2621135,114,27,8220
13,250,2621157,1,0,-1
4,252,2631151,110,27,8222
13,251,2631173,1,-2,0
4,253,2641265,110,25,8229
13,252,2641287,-2,-2,1
4,254,2651374,110,29,8235
13,253,2651396,0,0,-1
4,255,2661382,109,42,8229
13,254,2661404,0,0,0
4,256,2671496,115,28,8226
13,255,2671518,0,-1,0
4,257,2681534,115,19,8216
13,256,2681556,0,-2,0
4,258,2691675,115,25,8217
13,257,2691697,0,-3,0
4,259,2701639,110,33,8228
13,258,2701661,0,0,0
4,260,2711724,114,23,8232
13,259,2711746,-1,-1,1
4,261,2721836,110,40,8226
13,260,2721858,0,0,0
4,262,2731888,101,28,8236
13,261,2731937,-1,2,-1
4,263,2741983,102,33,8236
13,262,2742005,-2,1,0
4,264,2751971,104,32,8221
13,263,2751993,-1,0,0
4,265,2762074,100,27,8232
13,264,2762096,-2,-1,0
4,266,2772217,109,35,8234
13,265,2772239,-3,-2,0
4,267,2782225,121,30,8226
13,266,2782247,-2,0,0
4,268,2792233,110,21,8220
13,267,2792255,0,-3,2
4,269,2802261,107,33,8217
13,268,2802283,0,0,-1
4,270,2812405,101,34,8238
13,269,2812427,0,0,1
4,271,2822387,109,13,8233
13,270,2822409,0,0,2
4,272,2832493,115,20,8210
13,271,2832515,0,0,0
4,273,2842495,104,27,8227
13,272,2842517,-2,-1,0
4,274,2852719,111,20,8218
13,273,2852769,0,0,0
4,275,2862672,115,26,8236
13,274,2862694,1,0,-1
4,276,2872788,113,35,8236
13,275,2872810,0,-1,0
4,277,2882882,113,45,8224
13,276,2882904,0,0,1
4,278,2892945,110,26,8223
13,277,2892967,0,0,2
4,279,2902967,108,26,8229
13,278,2902989,-1,0,-2
4,280,2913006,112,31,8231
13,279,2913028,-1,-2,0
4,281,2923055,124,32,8224
13,280,2923077,0,0,2
4,282,2933204,116,35,8225
13,281,2933226,1,-1,3
4,283,2943212,99,24,8219
13,282,2943234,0,0,0
4,284,2953259,116,33,8220
13,283,2953281,-1,0,0
4,285,2963327,121,25,8212
13,284,2963349,0,-1,-1
4,286,2973399,120,15,8225
13,285,2973421,1,-1,0
4,287,2983449,106,23,8229
13,286,2983471,-2,1,1
4,288,2993594,116,30,8232
13,287,2993616,0,0,1
4,289,3003605,108,21,8218
13,288,3003627,0,2,1
4,290,3013708,113,23,8228
13,289,3013730,0,0,0
4,291,3023732,114,24,8229
13,290,3023754,0,-1,-1
4,292,3033788,116,30,8229
13,291,3033810,0,2,1
4,293,3043899,105,24,8218
13,292,3043921,1,0,0
4,294,3053944,114,32,8218
13,293,3053966,0,0,1
4,295,3063998,111,30,8227
13,294,3064020,0,0,-1
4,296,3074067,107,21,8224
13,295,3074088,0,0,0
4,297,3084175,111,19,8217
13,296,3084197,0,0,0
4,298,3094278,105,27,8231
13,297,3094300,0,0,0
4,299,3104228,113,31,8224
13,298,3104250,0,0,0
4,300,3114312,109,40,8218
13,299,3114334,-2,0,0
4,301,3124440,105,26,8227
13,300,3124462,-1,0,0
4,302,3134502,112,22,8221
13,301,3134524,0,-2,1
4,303,3144452,102,26,8220
13,302,3144474,-3,1,0
4,304,3154589,113,33,8223
13,303,3154611,-1,1,0
4,305,3164631,108,30,8225
13,304,3164653,1,-5,0
4,306,3174811,117,29,8213
13,305,3174833,0,-2,0
4,307,3184780,125,37,8225
13,306,3184802,-1,0,0
4,308,3194846,108,16,8224
13,307,3194868,0,-2,0
4,309,3204909,114,19,8223
13,308,3204931,0,0,0
4,310,3214987,121,25,8226
13,309,3215009,-1,1,2
4,311,3225048,107,22,8225
13,310,3225070,3,0,1
4,312,3235112,123,24,8222
13,311,3235134,3,1,-1
4,313,3245209,121,23,8215
13,312,3245231,0,0,0
4,314,3255364,117,22,8222
13,313,3255386,0,1,1
4,315,3265271,104,24,8235
13,314,3265293,-1,1,1
4,316,3275400,107,30,8228
13,315,3275422,-2,0,0
4,317,3285439,128,27,8228
13,316,3285461,0,0,2
4,318,3295588,106,24,8221
13,317,3295610,0,1,-1
4,319,3305580,113,33,8232
13,318,3305602,-1,-1,0
4,320,3315638,109,39,8222
13,319,3315660,0,-1,2
4,321,3325743,106,34,8220
13,320,3325765,0,0,0
4,322,3335866,101,32,8216
13,321,3335888,0,0,-1
4,323,3345872,111,26,8223
13,322,3345893,-1,0,0
4,324,3355911,112,28,8227
13,323,3355933,0,0,0
4,325,3366086,118,31,8223
13,324,3366108,0,2,1
4,326,3376116,123,34,8238
13,325,3376138,0,0,0
4,327,3386157,117,21,8224
13,326,3386179,-1,0,-1
4,328,3396301,99,33,8221
13,327,3396323,2,2,0
4,329,3406249,105,37,8224
13,328,3406271,0,0,0
4,330,3416452,113,22,8233
13,329,3416474,0,-1,-1
4,331,3426460,112,14,8226
13,330,3426482,0,-2,0
4,332,3436486,117,22,8227
13,331,3436508,2,2,1
4,333,3446559,115,23,8217
13,332,3446581,1,-2,0
4,334,3456636,118,38,8231
13,333,3456658,-3,-2,0
4,335,3466691,113,26,8230
13,334,3466713,-1,0,0
4,336,3476754,115,37,8223
13,335,3476776,0,-1,0
4,337,3486837,116,31,8214
13,336,3486859,1,-3,0
4,338,3497050,117,27,8223
13,337,3497072,0,0,0
4,339,3506967,118,27,8217
13,338,3506989,1,1,0
4,340,3517096,111,35,8230
13,339,3517118,0,0,1
4,341,3527118,109,24,8216
13,340,3527140,1,1,-1
4,342,3537250,106,27,8223
13,341,3537272,0,0,-1
4,343,3547208,109,20,8223
13,342,3547230,0,-2,-1
4,344,3557259,116,20,8232
13,343,3557281,0,0,0
4,345,3567385,107,30,8215
13,344,3567407,-1,-1,1
4,346,3577522,115,37,8219
13,345,3577544,-3,0,1
4,347,3587494,110,35,8236
13,346,3587516,0,0,0
4,348,3597477,112,29,8233
13,347,3597499,-1,0,-1
4,349,3607608,106,20,8218
13,348,3607630,-2,0,0
4,350,3617773,105,35,8216
13,349,3617795,-1,-1,-1
4,351,3627682,103,22,8224
13,350,3627704,2,-2,-2
4,352,3637818,109,15,8221
13,351,3637840,0,0,2
4,353,3647921,114,16,8219
13,352,3647943,-1,0,0
4,354,3658024,109,26,8231
13,353,3658046,1,-2,0
4,355,3667998,114,31,8223
13,354,3668020,0,-1,1
4,356,3678083,111,20,8229
13,355,3678105,0,0,0
4,357,3688083,110,28,8216
13,356,3688105,0,0,0
4,358,3698242,111,29,8217
13,357,3698264,0,0,0
4,359,3708318,110,11,8224
13,358,3708340,0,-1,0
4,360,3718363,111,19,8226
13,359,3718385,-1,-1,0
4,361,3728340,120,27,8224
13,360,3728362,0,1,-1
4,362,3738529,113,30,8219
13,361,3738551,-1,-1,-1
4,363,3748555,116,36,8212
13,362,3748577,0,-1,0
4,364,3758512,121,27,8210
13,363,3758561,0,0,1
4,365,3768676,114,24,8220
13,364,3768698,0,0,0
4,366,3778795,118,30,8225
13,365,3778817,-1,0,0
4,367,3788811,108,21,8223
13,366,3788833,2,-1,0
4,368,3798821,109,27,8224
13,367,3798843,0,-1,0
4,369,3808876,118,18,8224
13,368,3808898,1,0,0
4,370,3819009,99,27,8221
13,369,3819031,1,0,0
4,371,3828991,100,33,8222
13,370,3829013,0,0,-1
4,372,3839052,103,19,8224
13,371,3839074,1,0,-1
4,373,3849069,118,28,8231
13,372,3849091,0,0,0
4,374,3859264,116,24,8224
13,373,3859286,0,0,0
4,375,3869189,100,30,8230
13,374,3869211,1,-2,1
4,376,3879354,105,43,8231
13,375,3879376,1,0,0
4,377,3889461,112,27,8230
13,376,3889483,0,2,2
4,378,3899548,114,17,8240
13,377,3899570,-1,2,0
4,379,3909520,113,32,8238
13,378,3909542,-1,0,1
4,380,3919572,117,21,8226
13,379,3919594,0,-1,2
4,381,3929554,103,24,8221
13,380,3929575,0,0,0
4,382,3939688,117,27,8222
13,381,3939710,-1,-2,-1
4,383,3949736,115,32,8224
13,382,3949758,0,0,0
4,384,3959781,108,31,8224
13,383,3959803,0,0,0
4,385,3969827,102,23,8223
13,384,3969849,0,0,2
4,386,3979997,103,22,8222
13,385,3980019,-1,0,0
4,387,3989918,104,28,8229
13,386,3989940,0,0,1
4,388,4000026,115,25,8236
13,387,4000048,0,0,3
4,389,4010115,114,21,8225
13,388,4010137,0,0,0
4,390,4020153,113,22,8222
13,389,4020175,0,0,-2
4,391,4030312,119,23,8222
13,390,4030334,0,0,-1
4,392,4040301,120,26,8237
13,391,4040323,0,0,0
4,393,4050355,110,28,8232
13,392,4050377,0,-1,1
4,394,4060495,119,26,8229
13,393,4060517,-1,0,1
4,395,4070537,113,21,8217
13,394,4070559,-2,-2,2
4,396,4080598,103,27,8220
13,395,4080620,0,-2,2
4,397,4090663,102,32,8221
13,396,4090685,0,1,1
4,398,4100688,100,35,8228
13,397,4100710,0,0,0
4,399,4110728,122,19,8224
13,398,4110750,-1,0,-1
4,400,4120775,116,20,8218
13,399,4120797,-1,0,-1
4,401,4130779,108,29,8220
13,400,4130801,0,0,0
4,402,4141025,114,21,8227
13,401,4141047,2,0,0
4,403,4150998,104,35,8224
13,402,4151020,0,0,0
4,404,4161019,116,26,8229
13,403,4161041,-2,-1,-2
4,405,4171065,120,18,8223
13,404,4171087,0,-1,1
4,406,4181142,120,28,8223
13,405,4181164,0,-3,1
4,407,4191198,105,38,8226
13,406,4191220,0,-3,-1
4,408,4201262,103,36,8230
13,407,4201284,1,-1,0
4,409,4211297,110,34,8227
13,408,4211319,0,0,0
4,410,4221463,106,29,8221
13,409,4221485,0,-2,0
4,411,4231404,114,29,8229
13,410,4231426,-1,-1,-1
4,412,4241502,118,22,8232
13,411,4241524,-2,1,0
4,413,4251472,119,27,8217
13,412,4251494,-1,-2,0
4,414,4261677,112,29,8224
13,413,4261699,-1,0,1
4,415,4271755,110,34,8230
13,414,4271777,-3,0,0
4,416,4281766,113,36,8225
13,415,4281788,0,-1,-1
4,417,4291816,112,27,8218
13,416,4291838,0,0,1
4,418,4301901,106,24,8225
13,417,4301923,1,0,0
4,419,4311947,116,25,8221
13,418,4311969,0,-1,0
4,420,4321968,112,20,8224
13,419,4321989,0,-1,-1
4,421,4332056,121,29,8226
13,420,4332078,2,0,0
4,422,4342150,127,21,8228
13,421,4342172,0,0,-1
4,423,4352115,118,21,8226
13,422,4352137,-1,-3,1
4,424,4362247,116,25,8227
13,423,4362269,0,-2,-1
4,425,4372272,112,31,8235
13,424,4372294,0,-3,1
4,426,4382477,113,32,8228
13,425,4382499,0,2,2
4,427,4392440,112,34,8212
13,426,4392462,0,0,1
4,428,4402449,103,36,8231
13,427,4402471,0,-2,0
4,429,4412557,116,23,8226
13,428,4412579,1,0,0
4,430,4422696,121,18,8232
13,429,4422718,0,0,0
4,431,4432641,123,26,8222
13,430,4432663,0,-1,1
4,432,4442727,121,29,8225
13,431,4442749,0,2,0
4,433,4452773,116,24,8228
13,432,4452795,1,2,0
4,434,4462927,116,30,8228
13,433,4462949,-1,-2,1
4,435,4472911,109,37,8232
13,434,4472933,0,0,0
4,436,4482976,110,30,8222
13,435,4482998,1,-1,-1
4,437,4493049,111,27,8219
13,436,4493071,-1,0,0
4,438,4503112,103,32,8231
13,437,4503134,-2,2,0
4,439,4513184,110,30,8219
13,438,4513206,-1,0,-1
4,440,4523274,120,24,8225
13,439,4523296,1,-2,0
4,441,4533385,117,25,8223
13,440,4533407,0,0,0
4,442,4543481,112,31,8222
13,441,4543503,0,1,1
4,443,4553433,98,32,8228
13,442,4553455,0,0,0
4,444,4563436,112,26,8219
13,443,4563458,-1,-3,0
4,445,4573535,105,31,8222
13,444,4573557,-3,0,1
4,446,4583648,111,26,8227
13,445,4583670,-1,0,1
4,447,4593691,124,19,8228
13,446,4593712,0,-1,0
4,448,4603691,114,12,8211
13,447,4603713,0,0,0
4,449,4613815,111,27,8230
13,448,4613837,0,-1,0
4,450,4624017,110,24,8219
13,449,4624039,0,1,0
4,451,4633984,105,29,8207
13,450,4634006,-1,1,0
4,452,4644059,111,26,8214
13,451,4644081,0,-2,2
4,453,4654047,117,25,8232
13,452,4654069,0,-1,0
4,454,4664228,124,30,8228
13,453,4664250,0,-2,-1
4,455,4674234,122,26,8220
13,454,4674256,-2,-1,1
4,456,4684304,119,13,8234
13,455,4684326,0,0,3
4,457,4694272,112,9,8222
13,456,4694294,-1,-2,0
4,458,4704555,108,18,8218
13,457,4704577,-1,1,1
4,459,4714456,111,34,8218
13,458,4714478,0,0,0
4,460,4724466,109,38,8220
13,459,4724488,0,0,0
4,461,4734597,117,24,8235
13,460,4734619,-1,-2,0
4,462,4744680,108,30,8229
13,461,4744702,0,-1,0
4,463,4754723,101,34,8219
13,462,4754745,-2,-1,1
4,464,4764815,106,35,8221
13,463,4764837,0,1,1
4,465,4774876,117,30,8232
13,464,4774898,0,-2,1
4,466,4785010,113,33,8224
13,465,4785032,0,-2,0
4,467,4794991,107,32,8228
13,466,4795013,0,-2,0
4,468,4804998,102,15,8232
13,467,4805020,0,0,2
4,469,4815072,122,20,8217
13,468,4815094,1,0,0
4,470,4825181,120,15,8222
13,469,4825203,0,0,0
4,471,4835156,109,26,8225
13,470,4835178,0,-4,-1
4,472,4845291,106,33,8232
13,471,4845313,0,-1,-1
4,473,4855312,111,26,8224
13,472,4855334,0,-1,-1
4,474,4865451,111,20,8228
13,473,4865473,-1,-1,0
4,475,4875454,104,34,8232
13,474,4875476,0,0,0
4,476,4885587,120,18,8227
13,475,4885609,0,0,0
4,477,4895553,99,24,8226
13,476,4895575,0,0,0
4,478,4905710,104,29,8220
13,477,4905732,0,-1,0
4,479,4915727,115,22,8233
13,478,4915749,0,-2,1
4,480,4925802,105,29,8229
13,479,4925824,-1,0,-1
4,481,4935844,109,25,8227
13,480,4935866,-3,0,0
4,482,4945940,108,38,8231
13,481,4945962,0,-2,2
4,483,4956014,103,39,8226
13,482,4956036,0,-1,1
4,484,4966033,113,23,8224
13,483,4966055,0,0,0
4,485,4976074,111,20,8223
13,484,4976096,0,2,1
4,486,4986197,100,32,8231
13,485,4986218,0,1,0
4,487,4996180,106,26,8230
13,486,4996202,0,-1,-1
4,488,5006357,115,20,8222
13,487,5006379,0,-2,1
4,489,5016338,107,23,8223
13,488,5016360,-1,0,2
4,490,5026446,116,40,8234
13,489,5026468,-1,2,0
4,491,5036475,114,28,8228
13,490,5036497,-2,0,-1
4,492,5046566,125,18,8223
13,491,5046588,-1,1,0
4,493,5056557,120,26,8222
13,492,5056579,0,-1,0
4,494,5066705,105,24,8224
13,493,5066727,0,0,0
4,495,5076672,107,25,8219
13,494,5076694,-1,0,0
4,496,5086667,112,22,8221
13,495,5086689,0,-3,-1
4,497,5096770,117,34,8225
13,496,5096792,0,0,-1
4,498,5106887,108,29,8227
13,497,5106909,0,-1,-1
4,499,5116895,115,21,8223
13,498,5116916,1,0,0
4,500,5126945,117,18,8229
13,499,5126967,1,-1,1
4,501,5137104,109,21,8225
13,500,5137126,3,0,-2
4,502,5147140,117,13,8224
13,501,5147162,0,1,0
4,503,5157212,112,31,8225
13,502,5157234,-1,0,0
4,504,5167192,111,41,8224
13,503,5167214,-1,1,0
4,505,5177294,105,27,8225
13,504,5177316,0,0,-1
4,506,5187379,118,23,8214
13,505,5187401,0,0,1
4,507,5197298,105,36,8210
13,506,5197320,-1,-2,0
4,508,5207425,117,38,8230
13,507,5207447,-1,-1,-1
4,509,5217453,125,23,8231
13,508,5217475,0,-1,0
4,510,5227552,116,35,8235
13,509,5227574,0,1,2
4,511,5237631,115,13,8224
13,510,5237653,0,-2,-1
4,512,5247659,122,22,8225
13,511,5247681,1,-1,0
4,513,5257671,109,35,8231
13,512,5257693,2,0,0
4,514,5267882,108,29,8224
13,513,5267904,0,1,-2
4,515,5277832,115,16,8213
13,514,5277854,0,-2,-1
4,516,5287931,116,25,8213
13,515,5287953,0,-3,0
4,517,5297943,116,24,8228
13,516,5297965,0,-1,0
4,518,5308041,113,25,8231
13,517,5308063,0,0,0
4,519,5317976,111,23,8228
13,518,5317998,0,2,0
4,520,5328084,108,34,8231
13,519,5328106,0,0,1
4,521,5338148,103,13,8233
13,520,5338170,1,0,1
4,522,5348312,105,25,8229
13,521,5348334,1,-1,-1
4,523,5358268,115,36,8226
13,522,5358290,-1,-1,0
4,524,5368269,101,34,8224
13,523,5368290,0,1,1
4,525,5378377,103,29,8234
13,524,5378399,1,-2,1
4,526,5388429,115,30,8224
13,525,5388478,1,0,0
4,527,5398503,118,30,8223
13,526,5398525,1,1,0
4,528,5408507,105,21,8221
13,527,5408529,-1,-1,-2
4,529,5418628,99,28,8213
13,528,5418650,0,0,0
4,530,5428744,107,32,8215
13,529,5428766,0,-1,-1
4,531,5438722,115,31,8215
13,530,5438744,0,0,-3
4,532,5448835,115,14,8217
13,531,5448857,0,0,1
4,533,5458832,102,25,8222
13,532,5458854,1,-2,-1
4,534,5468892,116,27,8231
13,533,5468914,-1,-1,-1
4,535,5478927,112,18,8229
13,534,5478949,1,0,0
4,536,5489015,121,34,8226
13,535,5489037,0,1,0
4,537,5499057,114,30,8216
13,536,5499079,0,0,0
4,538,5509235,114,23,8234
13,537,5509257,-1,0,0
4,539,5519176,115,32,8235
13,538,5519198,-1,-3,0
4,540,5529246,115,39,8218
13,539,5529268,1,-1,0
4,541,5539284,111,39,8222
13,540,5539306,0,0,0
4,542,5549380,116,29,8224
13,541,5549402,0,0,0
4,543,5559452,120,24,8221
13,542,5559474,1,1,-2
4,544,5569441,115,21,8221
13,543,5569463,0,-2,0
4,545,5579455,105,27,8218
13,544,5579477,-1,-1,2
4,546,5589628,112,34,8219
13,545,5589650,0,1,-1
4,547,5599603,117,40,8227
13,546,5599625,0,0,0
4,548,5609700,103,32,8217
13,547,5609722,0,0,5
4,549,5619704,101,27,8224
13,548,5619726,-1,2,-1
4,550,5629823,116,20,8226
13,549,5629845,-1,-1,0
4,551,5639818,109,25,8226
13,550,5639840,0,-1,0
4,552,5649994,101,28,8232
13,551,5650016,0,-1,-2
4,553,5659966,112,17,8228
13,552,5659988,0,-1,-2
4,554,5670139,119,22,8229
13,553,5670161,0,-2,0
4,555,5680079,115,40,8225
13,554,5680101,0,-1,0
4,556,5690163,112,36,8230
13,555,5690185,0,0,1
4,557,5700177,109,27,8226
13,556,5700199,0,0,0
4,558,5710191,105,34,8230
13,557,5710213,-1,0,0
4,559,5720286,117,34,8232
13,558,5720308,-1,-2,1
4,560,5730312,120,26,8228
13,559,5730333,0,-2,0
4,561,5740399,101,19,8220
13,560,5740421,0,-2,2
4,562,5750528,107,15,8212
13,561,5750550,1,0,3
4,563,5760477,117,19,8216
13,562,5760499,0,1,0
4,564,5770601,106,22,8227
13,563,5770623,1,-1,-1
4,565,5780644,102,25,8222
13,564,5780666,0,-2,-3
4,566,5790746,111,31,8225
13,565,5790768,0,0,0
4,567,5800743,102,30,8229
13,566,5800765,1,2,0
4,568,5810808,96,24,8230
13,567,5810829,-1,1,-1
4,569,5820844,102,26,8221
13,568,5820866,0,-1,0
4,570,5830941,112,22,8224
13,569,5830963,0,-1,1
4,571,5840988,114,25,8234
13,570,5841010,0,0,1
4,572,5851017,110,27,8226
13,571,5851039,1,-2,0
4,573,5861161,114,24,8225
13,572,5861183,1,-2,1
4,574,5871196,104,31,8226
13,573,5871218,0,2,1
4,575,5881220,103,32,8223
13,574,5881242,-1,1,-1
4,576,5891379,108,36,8227
13,575,5891401,0,0,0
4,577,5901367,114,33,8225
13,576,5901389,2,0,0
4,578,5911545,111,16,8233
13,577,5911567,1,-1,1
4,579,5921489,111,24,8226
13,578,5921511,0,-3,1
4,580,5931601,107,34,8221
13,579,5931623,-2,0,0
4,581,5941584,125,27,8221
13,580,5941606,-2,-1,0
4,582,5951673,98,24,8228
13,581,5951695,1,-2,0
4,583,5961755,101,23,8215
13,582,5961776,0,-1,1
4,584,5971729,105,29,8222
13,583,5971751,1,-1,0
4,585,5981837,114,31,8224
13,584,5981859,0,-1,0
4,586,5992016,101,32,8231
13,585,5992038,0,0,0
4,587,6001920,109,16,8235
13,586,6001942,-1,-1,2
4,588,6011985,119,22,8230
13,587,6012007,-1,-1,1
4,589,6022070,105,36,8229
13,588,6022092,0,0,0
4,590,6032187,113,34,8226
13,589,6032209,0,-1,0
4,591,6042186,113,35,8216
13,590,6042208,0,-3,2
4,592,6052266,103,33,8211
13,591,6052288,0,-1,1
4,593,6062350,101,21,8222
13,592,6062372,0,0,0
4,594,6072469,109,19,8226
13,593,6072491,0,0,0
4,595,6082496,119,35,8215
13,594,6082518,0,-2,-1
4,596,6092491,115,22,8233
13,595,6092513,-1,-4,0
4,597,6102630,116,39,8226
13,596,6102652,0,0,-1
4,598,6112657,109,30,8210
13,597,6112679,-1,2,-1
4,599,6122641,107,20,8225
13,598,6122663,0,-1,-3
4,600,6132818,111,25,8237
13,599,6132840,0,0,0
4,601,6142808,101,29,8231
13,600,6142830,0,-1,0
4,602,6153006,103,31,8222
13,601,6153028,0,0,-1
4,603,6162885,116,32,8226
13,602,6162907,-1,0,0
4,604,6173027,98,31,8232
13,603,6173049,0,-1,0
4,605,6183093,102,17,8222
13,604,6183115,0,-2,0
4,606,6193105,112,20,8232
13,605,6193127,0,-1,1
4,607,6203202,103,32,8235
13,606,6203224,0,-1,1
4,608,6213228,112,32,8217
13,607,6213250,0,0,-1
4,609,6223273,112,13,8213
13,608,6223295,0,0,1
4,610,6233430,118,20,8229
13,609,6233452,0,0,0
4,611,6243408,107,29,8221
13,610,6243430,0,0,1
4,612,6253389,102,31,8228
13,611,6253411,0,-3,0
4,613,6263516,106,27,8228
13,612,6263538,0,-2,-1
4,614,6273681,110,24,8230
13,613,6273703,0,-2,0
4,615,6283651,122,29,8232
13,614,6283673,-1,-2,1
4,616,6293693,112,28,8243
13,615,6293715,-1,-1,0
4,617,6303768,109,21,8215
13,616,6303790,0,0,0
4,618,6313895,115,28,8218
13,617,6313917,0,-1,0
4,619,6323805,111,35,8213
13,618,6323827,0,-1,-2
4,620,6333935,120,25,8238
13,619,6333957,0,-1,-3
4,621,6344029,117,21,8236
13,620,6344051,-1,0,1
4,622,6354115,113,18,8220
13,621,6354137,0,-2,-1
4,623,6364119,98,18,8229
13,622,6364141,0,-2,-1
4,624,6374148,110,20,8233
13,623,6374170,0,0,1
4,625,6384160,108,35,8219
13,624,6384182,0,-2,0
4,626,6394395,114,29,8220
13,625,6394417,0,0,-1
4,627,6404355,102,25,8224
13,626,6404377,0,0,0
4,628,6414352,104,23,8226
13,627,6414374,0,-1,1
4,629,6424527,114,19,8223
13,628,6424549,0,0,0
4,630,6434508,112,25,8209
13,629,6434530,0,0,0
4,631,6444572,120,28,8226
13,630,6444594,-2,-2,0
4,632,6454717,107,34,8220
13,631,6454739,-1,0,1
4,633,6464687,123,40,8221
13,632,6464709,-1,1,1
4,634,6474861,115,28,8215
13,633,6474883,-1,0,1
4,635,6484777,119,30,8224
13,634,6484799,0,0,0
4,636,6494806,120,24,8225
13,635,6494828,0,-1,0
4,637,6504908,119,24,8224
13,636,6504930,0,0,0
4,638,6514996,109,25,8229
13,637,6515018,0,2,0
4,639,6525018,105,28,8231
13,638,6525067,0,0,0
4,640,6535112,114,28,8235
13,639,6535134,-1,0,0
4,641,6545179,113,32,8226
13,640,6545201,0,2,0
4,642,6555264,121,17,8232
13,641,6555286,0,0,0
4,643,6565296,102,19,8223
13,642,6565318,0,-2,-2
4,644,6575332,102,26,8223
13,643,6575354,0,0,-1
4,645,6585323,117,27,8225
13,644,6585345,0,0,0
4,646,6595544,106,34,8228
13,645,6595566,2,-1,0
4,647,6605503,115,25,8222
13,646,6605525,1,1,0
4,648,6615594,99,18,8231
13,647,6615616,0,0,0
4,649,6625616,105,31,8213
13,648,6625638,0,0,0
4,650,6635874,109,33,8222
13,649,6635896,0,0,0
4,651,6645844,118,28,8222
13,650,6645866,-1,-3,-1
4,652,6655863,112,34,8218
13,651,6655885,1,-1,0
4,653,6665903,104,22,8227
13,652,6665925,0,1,1
4,654,6675954,109,18,8233
13,653,6675976,0,-1,2
4,655,6685981,118,25,8227
13,654,6686003,1,-5,0
4,656,6696007,107,31,8230
13,655,6696029,0,-1,0
4,657,6706079,122,28,8225
13,656,6706101,3,-2,1
4,658,6716252,120,18,8226
13,657,6716274,2,-1,0
4,659,6726186,113,21,8225
13,658,6726208,-1,2,0
4,660,6736280,104,33,8225
13,659,6736301,0,-1,0
4,661,6746327,115,30,8225
13,660,6746349,1,-2,-2
4,662,6756415,116,24,8216
13,661,6756436,0,0,0
4,663,6766436,110,20,8216
13,662,6766458,-1,0,2
4,664,6776554,111,34,8230
13,663,6776576,-1,0,0
4,665,6786629,104,32,8217
13,664,6786651,0,-2,-1
4,666,6796736,112,22,8217
13,665,6796758,0,0,0
4,667,6806721,111,22,8218
13,666,6806743,0,-1,-1
4,668,6816734,104,33,8221
13,667,6816756,0,0,3
4,669,6826819,111,32,8223
13,668,6826841,0,0,1
4,670,6836978,119,23,8220
13,669,6837000,0,-3,0
4,671,6846950,108,32,8227
13,670,6846971,0,-1,1
4,672,6857038,107,14,8227
13,671,6857060,-1,0,1
4,673,6867025,114,19,8218
13,672,6867047,0,0,0
4,674,6877239,117,35,8227
13,673,6877261,0,0,0
4,675,6887191,107,38,8227
13,674,6887213,-1,0,0
4,676,6897289,108,22,8220
13,675,6897339,0,-3,0
4,677,6907347,114,21,8219
13,676,6907369,0,-2,0
4,678,6917390,119,29,8222
13,677,6917412,0,-1,0
4,679,6927487,105,23,8217
13,678,6927509,0,0,0
4,680,6937573,110,23,8227
13,679,6937595,1,-2,0
4,681,6947586,110,24,8216
13,680,6947608,0,0,0
4,682,6957734,115,32,8220
13,681,6957756,0,0,0
4,683,6967656,120,30,8221
13,682,6967678,-1,0,0
4,684,6977766,111,22,8217
13,683,6977788,0,0,-1
4,685,6987899,113,27,8230
13,684,6987921,2,1,0
4,686,6997973,113,36,8221
13,685,6997995,0,-2,0
4,687,7007974,117,31,8231
13,686,7007996,0,0,0
4,688,7018079,88,17,8233
13,687,7018100,0,0,2
4,689,7028121,97,26,8228
13,688,7028170,0,-1,0
4,690,7038309,111,25,8222
13,689,7038331,0,-1,1
4,691,7048283,117,20,8215
13,690,7048305,0,-2,0
4,692,7058349,105,24,8236
13,691,7058371,0,0,0
4,693,7068433,111,40,8232
13,692,7068455,0,0,0
4,694,7078496,108,31,8229
13,693,7078518,0,0,2
4,695,7088541,110,17,8220
13,694,7088563,0,-1,0
4,696,7098641,117,33,8226
13,695,7098663,0,-2,0
4,697,7108643,122,26,8219
13,696,7108665,0,0,0
4,698,7118785,115,23,8221
13,697,7118807,0,0,0
4,699,7128705,111,24,8219
13,698,7128727,1,-2,-1
4,700,7138816,112,20,8219
13,699,7138838,1,-3,-1
4,701,7148881,110,20,8210
13,700,7148903,0,0,0
4,702,7159002,104,27,8225
13,701,7159024,1,-1,0
4,703,7168979,109,18,8224
13,702,7169001,2,-1,1
4,704,7179094,113,21,8226
13,703,7179116,2,1,2
4,705,7189136,112,26,8227
13,704,7189158,1,1,2
4,706,7199249,114,35,8225
13,705,7199271,2,0,1
4,707,7209216,109,31,8214
13,706,7209238,2,0,0
4,708,7219198,100,40,8221
13,707,7219220,0,-1,2
4,709,7229339,110,38,8224
13,708,7229361,1,0,0
4,710,7239390,111,29,8219
13,709,7239412,0,-1,-1
4,711,7249431,122,27,8215
13,710,7249453,0,-1,0
4,712,7259441,112,37,8236
13,711,7259463,0,-1,0
4,713,7269592,111,29,8231
13,712,7269614,0,-2,0
4,714,7279697,117,19,8214
13,713,7279719,0,2,0
4,715,7289617,112,25,8232
13,714,7289639,0,-2,0
4,716,7299744,112,32,8220
13,715,7299766,0,0,0
4,717,7309786,101,31,8218
13,716,7309808,0,1,0
4,718,7319853,114,23,8226
13,717,7319875,0,0,-1
4,719,7329865,113,26,8220
13,718,7329887,1,-2,0
4,720,7339942,105,25,8234
13,719,7339964,0,-1,-1
4,721,7349990,100,16,8219
13,720,7350012,0,-1,0
4,722,7360133,112,20,8218
13,721,7360155,-1,-2,0
4,723,7370065,95,15,8222
13,722,7370087,0,-3,0
4,724,7380146,104,29,8232
13,723,7380168,1,0,0
4,725,7390237,111,36,8229
13,724,7390259,0,0,0
4,726,7400258,90,35,8215
13,725,7400280,0,0,0
4,727,7410375,98,33,8224
13,726,7410397,0,-1,1
4,728,7420423,111,33,8226
13,727,7420445,-1,0,0
4,729,7430392,113,45,8216
13,728,7430414,0,0,-1
4,730,7440606,114,32,8213
13,729,7440628,0,0,1
4,731,7450590,112,33,8230
13,730,7450612,0,-1,1
4,732,7460550,98,43,8220
13,731,7460572,2,0,0
4,733,7470665,114,19,8228
13,732,7470687,1,2,0
4,734,7480778,106,26,8228
13,733,7480800,0,0,0
4,735,7490847,117,34,8214
13,734,7490869,0,-2,2
4,736,7500836,120,30,8229
13,735,7500858,0,-1,0
4,737,7510858,115,24,8229
13,736,7510880,1,-2,-1
4,738,7521149,115,18,8222
13,737,7521171,2,0,0
4,739,7531050,122,20,8223
13,738,7531073,0,0,0
4,740,7541106,113,19,8227
13,739,7541128,0,-1,0
4,741,7551174,114,21,8222
13,740,7551196,-2,0,-1
4,742,7561247,119,18,8217
13,741,7561269,-1,0,-1
4,743,7571284,99,25,8224
13,742,7571306,0,0,0
4,744,7581315,100,22,8209
13,743,7581337,0,0,2
4,745,7591299,103,34,8217
13,744,7591321,-2,1,0
4,746,7601512,113,31,8226
13,745,7601534,0,0,0
4,747,7611545,121,31,8230
13,746,7611567,-2,-1,1
4,748,7621545,109,21,8218
13,747,7621567,-2,0,0
4,749,7631651,102,28,8213
13,748,7631673,0,-2,0
4,750,7641698,111,32,8206
13,749,7641720,-1,-1,0
4,751,7651675,113,27,8220
13,750,7651697,-1,0,0
4,752,7661799,116,32,8227
13,751,7661821,1,0,0
4,753,7671822,114,34,8215
13,752,7671844,0,2,1
4,754,7682023,112,28,8215
13,753,7682045,1,2,1
4,755,7691985,113,20,8216
13,754,7692007,1,-1,0
4,756,7702073,109,36,8212
13,755,7702095,0,-1,0
4,757,7712077,114,33,8217
13,756,7712099,0,-2,0
4,758,7722213,109,21,8221
13,757,7722235,-1,0,0
4,759,7732116,115,26,8226
13,758,7732138,0,0,0
4,760,7742339,105,23,8231
13,759,7742361,0,1,0
4,761,7752286,103,25,8225
13,760,7752308,-1,0,-1
4,762,7762420,111,24,8210
13,761,7762442,0,0,1
4,763,7772440,102,29,8219
13,762,7772462,0,0,0
4,764,7782473,118,28,8226
13,763,7782522,0,2,1
4,765,7792608,110,26,8221
13,764,7792630,0,1,0
4,766,7802727,109,19,8224
13,765,7802749,-2,-1,0
4,767,7812700,116,16,8226
13,766,7812722,-1,-3,1
4,768,7822746,110,17,8225
13,767,7822768,0,-1,0
4,769,7832775,111,27,8218
13,768,7832797,0,0,-1
4,770,7842949,111,41,8228
13,769,7842971,0,1,0
4,771,7852957,107,22,8240
13,770,7852979,0,0,0
4,772,7862958,104,28,8232
13,771,7862980,0,-2,-2
4,773,7873060,114,27,8223
13,772,7873082,1,0,0
4,774,7883059,103,23,8231
13,773,7883081,0,-1,0
4,775,7893138,103,34,8233
13,774,7893160,0,-1,-2
4,776,7903184,106,22,8235
13,775,7903206,-2,0,0
4,777,7913273,106,21,8219
13,776,7913295,0,0,-1
4,778,7923424,112,37,8208
13,777,7923446,0,2,0
4,779,7933361,119,21,8235
13,778,7933383,0,0,-1
4,780,7943446,109,27,8233
13,779,7943468,0,-1,0
4,781,7953468,101,33,8218
13,780,7953490,0,-1,0
4,782,7963566,104,23,8211
13,781,7963588,0,0,0
4,783,7973557,108,24,8211
13,782,7973578,0,2,-1
4,784,7983675,103,20,8220
13,783,7983696,0,0,1
4,785,7993720,117,27,8233
13,784,7993742,0,-1,1
4,786,8003883,108,16,8235
13,785,8003905,1,0,0
4,787,8013894,113,25,8227
13,786,8013916,0,0,-2
4,788,8023916,117,35,8226
13,787,8023937,0,0,-1
4,789,8033941,109,28,8224
13,788,8033963,1,0,0
4,790,8044053,110,30,8227
13,789,8044075,1,1,0
4,791,8054100,109,23,8229
13,790,8054122,0,2,-1
4,792,8064162,100,21,8233
13,791,8064184,-1,-2,-2
4,793,8074211,115,11,8230
13,792,8074233,-2,0,2
4,794,8084340,112,29,8221
13,793,8084362,-1,0,0
4,795,8094298,117,17,8216
13,794,8094319,0,-1,-1
4,796,8104381,108,29,8229
13,795,8104403,0,2,1
4,797,8114430,95,31,8228
13,796,8114452,0,0,0
4,798,8124595,117,25,8215
13,797,8124617,0,0,0
4,799,8134549,126,14,8232
13,798,8134571,0,0,-1
4,800,8144574,118,25,8225
13,799,8144596,0,-2,0
4,801,8154657,109,32,8230
13,800,8154679,0,-2,0
4,802,8164878,106,21,8231
13,801,8164900,-2,0,0
4,803,8174872,120,25,8224
13,802,8174894,1,-1,0
4,804,8184872,120,25,8215
13,803,8184894,1,0,0
4,805,8194935,110,23,8225
13,804,8194957,1,0,0
4,806,8205004,106,35,8226
13,805,8205026,0,0,0
4,807,8215082,109,22,8227
13,806,8215104,-2,0,0
4,808,8225105,104,23,8213
13,807,8225127,-1,-1,0
4,809,8235153,108,39,8220
13,808,8235175,-1,-2,1
4,810,8245306,109,24,8226
13,809,8245328,-1,-1,0
4,811,8255330,116,25,8224
13,810,8255352,0,0,-2
4,812,8265341,107,29,8218
13,811,8265363,0,0,1
4,813,8275329,105,31,8224
13,812,8275351,1,0,0
4,814,8285888,102,18,8228
13,813,8285910,0,-1,-1
4,815,8295534,112,26,8225
13,814,8295556,-1,-2,-2
4,816,8305619,113,22,8219
13,815,8305641,0,0,0
4,817,8315660,116,25,8215
13,816,8315682,0,0,2
4,818,8325758,110,31,8226
13,817,8325780,1,0,0
4,819,8335742,117,26,8230
13,818,8335764,0,-2,0
4,820,8345796,112,27,8220
13,819,8345818,0,2,0
4,821,8355865,92,29,8225
13,820,8355886,0,0,-2
4,822,8365940,105,35,8228
13,821,8365962,0,-2,0
4,823,8375969,119,23,8238
13,822,8375991,0,-2,0
4,824,8386066,100,22,8217
13,823,8386088,0,1,0
4,825,8396031,98,27,8221
13,824,8396053,0,2,0
4,826,8406286,126,34,8226
13,825,8406308,0,1,1
4,827,8416244,112,33,8231
13,826,8416266,-1,0,0
4,828,8426366,110,27,8225
13,827,8426388,0,-1,0
4,829,8436358,108,20,8232
13,828,8436380,0,0,0
4,830,8446453,120,18,8224
13,829,8446475,0,-2,0
4,831,8456490,113,21,8219
13,830,8456511,3,0,-2
4,832,8466482,104,30,8224
13,831,8466503,0,-1,0
4,833,8476548,110,29,8232
13,832,8476570,-1,1,0
4,834,8486716,105,35,8223
13,833,8486738,0,3,-1
4,835,8496757,116,28,8226
13,834,8496779,1,0,0
4,836,8506744,111,33,8228
13,835,8506766,0,-1,-1
4,837,8516772,109,35,8223
13,836,8516794,-1,0,1
4,838,8526972,115,29,8227
13,837,8526994,0,0,0
4,839,8536831,104,24,8232
13,838,8536853,1,0,0
4,840,8547008,102,24,8222
13,839,8547030,0,0,-2
4,841,8557088,109,28,8223
13,840,8557110,1,0,-1
4,842,8567158,114,27,8224
13,841,8567180,0,0,0
4,843,8577155,111,30,8223
13,842,8577177,1,-2,-1
4,844,8587171,101,27,8220
13,843,8587193,0,-1,1
4,845,8597238,108,26,8218
13,844,8597260,3,-2,1
4,846,8607300,116,29,8220
13,845,8607322,3,-3,1
4,847,8617339,106,25,8221
13,846,8617361,0,0,2
4,848,8627436,113,28,8230
13,847,8627458,1,1,0
4,849,8637472,107,24,8238
13,848,8637494,1,1,-1
4,850,8647638,105,25,8226
13,849,8647687,0,0,0
4,851,8657541,102,21,8219
13,850,8657563,0,0,2
4,852,8667691,112,17,8221
13,851,8667713,0,-3,0
4,853,8677697,107,18,8230
13,852,8677719,0,0,0
4,854,8687729,105,24,8235
13,853,8687751,1,0,0
4,855,8697858,119,29,8229
13,854,8697880,1,0,2
4,856,8707822,113,33,8234
13,855,8707844,2,-3,0
4,857,8717864,102,27,8222
13,856,8717886,1,-3,0
4,858,8727944,109,27,8222
13,857,8727966,0,0,0
4,859,8737978,112,27,8213
13,858,8738000,1,0,0
4,860,8748091,123,32,8220
13,859,8748113,0,0,0
4,861,8758054,118,22,8221
13,860,8758076,0,2,0
4,862,8768176,102,28,8219
13,861,8768198,-1,0,1
4,863,8778196,109,22,8211
13,862,8778218,0,0,0
4,864,8788281,109,26,8221
13,863,8788329,1,0,2
4,865,8798359,122,18,8223
13,864,8798381,0,1,2
4,866,8808502,109,34,8213
13,865,8808524,-2,-3,1
4,867,8818413,100,29,8219
13,866,8818435,0,-3,1
4,868,8828519,120,22,8226
13,867,8828541,0,0,0
4,869,8838598,120,23,8234
13,868,8838620,1,0,0
4,870,8848644,114,20,8217
13,869,8848666,0,0,0
4,871,8858625,107,29,8225
13,870,8858647,0,-1,-1
4,872,8868744,107,37,8219
13,871,8868766,0,-1,-1
4,873,8878772,109,29,8228
13,872,8878794,-1,-1,1
4,874,8888861,121,31,8224
13,873,8888883,0,0,-1
4,875,8898883,119,25,8219
13,874,8898905,0,-1,0
4,876,8909001,107,10,8229
13,875,8909023,0,-3,-2
4,877,8919061,115,25,8239
13,876,8919083,-1,-2,1
4,878,8929133,111,32,8241
13,877,8929155,0,-2,1
4,879,8939115,113,29,8216
13,878,8939137,2,0,-1
4,880,8949128,109,31,8216
13,879,8949150,-2,0,-1
4,881,8959226,115,19,8226
13,880,8959247,-2,-2,0
4,882,8969366,116,33,8218
13,881,8969388,0,-3,0
4,883,8979256,122,25,8220
13,882,8979277,-2,-1,0
4,884,8989432,113,21,8236
13,883,8989454,-2,2,-2
4,885,8999392,108,16,8218
13,884,8999414,1,2,-2
4,886,9009535,119,25,8218
13,885,9009557,1,1,1
4,887,9019653,117,22,8213
13,886,9019675,0,0,0
4,888,9029645,109,22,8224
13,887,9029667,1,0,0
4,889,9039700,101,29,8221
13,888,9039722,1,0,1
4,890,9049877,114,29,8234
13,889,9049899,0,-1,1
4,891,9059766,121,23,8222
13,890,9059788,0,1,-1
4,892,9069885,108,25,8234
13,891,9069907,0,0,0
4,893,9079939,110,15,8226
13,892,9079961,0,-1,0
4,894,9090016,122,31,8227
13,893,9090038,-1,-1,0
4,895,9100020,108,24,8234
13,894,9100042,-1,0,1
4,896,9110084,108,17,8220
13,895,9110106,0,-2,1
4,897,9120097,103,33,8230
13,896,9120119,0,0,1
4,898,9130307,118,18,8230
13,897,9130328,0,0,0
4,899,9140249,111,16,8233
13,898,9140271,1,-1,0
4,900,9150262,118,21,8216
13,899,9150284,1,-2,0
4,901,9160429,127,23,8217
13,900,9160478,0,0,0
4,902,9170502,120,22,8227
13,901,9170524,1,0,1
4,903,9180548,121,28,8230
13,902,9180570,0,-2,1
4,904,9190595,104,30,8227
13,903,9190617,1,-2,0
4,905,9200700,118,15,8225
13,904,9200722,1,0,1
4,906,9210840,111,18,8227
13,905,9210862,0,0,2
4,907,9220789,110,24,8218
13,906,9220811,0,-2,0
4,908,9230808,93,21,8225
13,907,9230830,1,0,0
4,909,9240861,117,22,8221
13,908,9240883,1,0,0
4,910,9250975,113,20,8232
13,909,9250997,1,-1,0
4,911,9260918,111,27,8229
13,910,9260940,0,-4,0
4,912,9271034,111,15,8227
13,911,9271056,-1,0,0
4,913,9281098,116,20,8219
13,912,9281120,0,-4,0
4,914,9291268,111,27,8219
13,913,9291290,1,1,1
4,915,9301248,104,33,8231
13,914,9301270,0,0,0
4,916,9311300,108,29,8233
13,915,9311322,0,-3,-4
4,917,9321379,106,29,8227
13,916,9321401,0,-3,-2
4,918,9331435,104,24,8213
13,917,9331457,1,-3,0
4,919,9341455,113,30,8230
13,918,9341477,1,0,3
4,920,9351551,106,26,8224
13,919,9351573,0,0,0
4,921,9361555,101,27,8233
13,920,9361577,-1,-2,0
4,922,9371752,107,25,8223
13,921,9371774,-2,-3,1
4,923,9381620,106,31,8232
13,922,9381642,0,0,-2
4,924,9391733,115,24,8226
13,923,9391755,0,0,-1
4,925,9401864,105,27,8221
13,924,9401886,-1,0,0
4,926,9411900,111,25,8231
13,925,9411922,1,0,0
4,927,9421971,121,21,8225
13,926,9421993,0,-1,1
4,928,9431951,108,28,8231
13,927,9431973,-1,0,0
4,929,9442082,109,25,8229
13,928,9442104,-3,0,0
4,930,9452202,109,29,8223
13,929,9452224,0,0,0
4,931,9462181,110,25,8226
13,930,9462203,1,0,1
4,932,9472203,111,34,8216
13,931,9472225,0,0,1
4,933,9482217,100,40,8230
13,932,9482239,0,0,1
4,934,9492355,112,39,8234
13,933,9492377,0,2,0
4,935,9502391,108,30,8232
13,934,9502413,0,2,0
4,936,9512454,96,17,8237
13,935,9512476,0,0,0
4,937,9522513,107,32,8217
13,936,9522535,0,-2,0
4,938,9532613,119,24,8220
13,937,9532635,1,-2,0
4,939,9542632,119,16,8228
13,938,9542681,0,2,0
4,940,9552774,110,27,8222
13,939,9552796,0,1,-1
4,941,9562768,102,22,8230
13,940,9562790,1,-1,0
4,942,9572874,104,28,8228
13,941,9572896,1,1,-1
4,943,9582913,100,33,8226
13,942,9582935,0,0,0
4,944,9592932,97,29,8220
13,943,9592954,0,0,0
4,945,9603038,108,25,8227
13,944,9603060,1,-1,0
4,946,9613180,118,15,8233
13,945,9613202,0,-1,-3
4,947,9623143,109,16,8221
13,946,9623165,-1,-1,0
4,948,9633221,109,28,8228
13,947,9633242,0,0,2
4,949,9643275,121,37,8230
13,948,9643297,2,1,0
4,950,9653406,108,23,8234
13,949,9653428,0,-1,0
4,951,9663461,116,32,8231
13,950,9663483,1,-1,0
4,952,9673540,104,36,8225
13,951,9673562,-2,-1,-1
4,953,9683578,113,40,8221
13,952,9683600,1,-2,-1
4,954,9693672,107,31,8229
13,953,9693694,1,0,0
4,955,9703714,123,28,8218
13,954,9703736,1,0,0
4,956,9713756,115,29,8222
13,955,9713778,1,0,0
4,957,9723799,117,23,8230
13,956,9723821,2,0,0
4,958,9733824,116,19,8222
13,957,9733846,0,-1,0
4,959,9743927,112,22,8233
13,958,9743949,1,0,0
4,960,9753979,109,36,8220
13,959,9754001,2,-1,0
4,961,9764051,103,20,8224
13,960,9764073,0,3,0
4,962,9774189,111,18,8224
13,961,9774211,0,1,0
4,963,9784119,104,31,8220
13,962,9784141,0,-1,1
4,964,9794238,109,42,8231
13,963,9794260,0,-1,0
4,965,9804331,110,23,8237
13,964,9804353,1,0,0
4,966,9814440,108,25,8215
13,965,9814462,1,1,2
4,967,9824415,112,24,8219
13,966,9824437,-1,-2,-1
4,968,9834575,123,28,8223
13,967,9834597,0,2,1
4,969,9844544,118,22,8207
13,968,9844566,1,0,0
4,970,9854671,117,16,8224
13,969,9854693,0,-2,0
4,971,9864697,104,35,8231
13,970,9864719,0,2,0
4,972,9874720,108,36,8228
13,971,9874742,-1,1,0
4,973,9884789,116,26,8223
13,972,9884811,0,0,0
4,974,9894873,117,42,8225
13,973,9894895,0,1,0
4,975,9904891,117,31,8228
13,974,9904913,1,0,-2
4,976,9914956,113,24,8225
13,975,9914978,-1,1,1
4,977,9925060,110,34,8238
13,976,9925082,0,-1,0
4,978,9935162,103,39,8226
13,977,9935184,0,-1,0
4,979,9945191,110,21,8219
13,978,9945213,-1,0,-1
4,980,9955255,107,19,8226
13,979,9955277,0,-1,0
4,981,9965252,109,22,8235
13,980,9965274,0,0,1
4,982,9975381,103,34,8231
13,981,9975403,0,1,0
4,983,9985414,104,28,8224
13,982,9985436,1,0,0
4,984,9995440,119,25,8225
13,983,9995462,1,0,2
4,985,10005549,107,32,8235
13,984,10005570,0,0,0
4,986,10015734,111,26,8231
13,985,10015756,1,1,1
4,987,10025609,109,33,8218
13,986,10025631,0,-2,0
4,988,10035705,112,24,8225
13,987,10035727,-1,-2,0
4,989,10045784,122,29,8227
13,988,10045806,0,-4,-1
4,990,10055970,119,23,8219
13,989,10055992,1,-1,1
4,991,10065949,117,25,8218
13,990,10065971,0,-2,0
4,992,10075943,112,26,8221
13,991,10075965,-2,-2,-2
4,993,10086087,119,20,8231
13,992,10086109,-1,0,-2
4,994,10096181,106,27,8239
13,993,10096203,-1,-1,0
4,995,10106157,107,32,8223
13,994,10106179,-1,-3,1
4,996,10116218,101,35,8232
13,995,10116240,0,0,2
4,997,10126274,102,28,8231
13,996,10126296,1,0,1
4,998,10136403,116,28,8223
13,997,10136425,0,-1,1
4,999,10146402,113,29,8225
13,998,10146424,-1,-1,0
4,1000,10156414,114,22,8224
13,999,10156436,0,0,1
4,1001,10166551,121,29,8231
13,1000,10166573,1,-2,1
4,1002,10176752,105,24,8223
13,1001,10176774,0,-1,1
4,1003,10186691,100,25,8219
13,1002,10186713,2,0,-1
4,1004,10196798,108,12,8228
13,1003,10196820,0,0,0
4,1005,10206805,109,26,8221
13,1004,10206827,-1,0,-1
4,1006,10216859,101,29,8214
13,1005,10216881,0,0,0
4,1007,10226906,106,30,8226
13,1006,10226928,0,0,-1
4,1008,10236925,105,32,8235
13,1007,10236947,0,0,0
4,1009,10247038,104,21,8222
13,1008,10247060,1,0,0
4,1010,10257214,106,15,8218
13,1009,10257236,1,0,0
4,1011,10267232,118,23,8222
13,1010,10267254,0,0,0
4,1012,10277204,124,26,8229
13,1011,10277226,0,0,0
4,1013,10287344,116,30,8226
13,1012,10287365,0,1,0
4,1014,10297313,107,36,8227
13,1013,10297335,0,-3,-1
4,1015,10307492,120,31,8233
13,1014,10307514,0,-2,0
4,1016,10317518,113,30,8225
13,1015,10317540,1,-1,0
4,1017,10327479,107,27,8228
13,1016,10327501,1,0,0
4,1018,10337694,116,28,8231
13,1017,10337716,0,0,0
4,1019,10347654,114,30,8228
13,1018,10347676,1,1,2
4,1020,10357720,114,18,8222
13,1019,10357742,0,0,0
4,1021,10367812,123,25,8226
13,1020,10367834,0,0,0
4,1022,10377874,115,32,8221
13,1021,10377896,0,1,0
4,1023,10387876,110,27,8226
13,1022,10387898,-2,-1,2
4,1024,10397966,114,39,8234
13,1023,10397988,0,1,1
4,1025,10408016,120,36,8227
13,1024,10408037,0,0,-1
4,1026,10418251,98,24,8224
13,1025,10418273,0,0,-1
4,1027,10428185,114,22,8222
13,1026,10428207,0,0,0
4,1028,10438287,113,15,8236
13,1027,10438309,0,0,0
4,1029,10448251,106,29,8235
13,1028,10448273,0,-3,0
4,1030,10458361,116,28,8228
13,1029,10458383,0,-1,0
4,1031,10468402,118,25,8215
13,1030,10468424,0,0,0
4,1032,10478471,118,23,8222
13,1031,10478493,0,0,0
4,1033,10488481,109,22,8223
13,1032,10488503,-2,-1,-2
4,1034,10498597,103,20,8230
13,1033,10498618,0,-1,-1
4,1035,10508613,94,32,8235
13,1034,10508635,-1,-1,-1
4,1036,10518615,114,35,8239
13,1035,10518637,1,1,-1
4,1037,10528726,117,30,8221
13,1036,10528748,1,0,-1
4,1038,10538765,101,22,8225
13,1037,10538787,-1,1,-2
4,1039,10548856,117,20,8219
13,1038,10548878,0,-1,0
4,1040,10558923,122,31,8232
13,1039,10558945,-2,-1,0
4,1041,10568980,119,24,8226
13,1040,10569002,0,1,0
4,1042,10579174,118,23,8225
13,1041,10579196,1,0,0
4,1043,10589076,109,30,8228
13,1042,10589098,0,-1,-1
4,1044,10599120,102,29,8221
13,1043,10599142,0,0,0
4,1045,10609191,112,39,8221
13,1044,10609213,0,0,0
4,1046,10619291,113,30,8231
13,1045,10619313,0,0,2
4,1047,10629304,105,25,8218
13,1046,10629326,2,-1,0
4,1048,10639384,114,33,8213
13,1047,10639406,0,0,0
4,1049,10649424,114,18,8220
13,1048,10649445,0,0,-2
4,1050,10659598,110,20,8235
13,1049,10659619,0,0,0
4,1051,10669526,120,30,8233
13,1050,10669548,0,0,0
4,1052,10679607,103,35,8227
13,1051,10679657,-1,-1,1
4,1053,10689759,114,32,8219
13,1052,10689781,0,0,0
4,1054,10699770,126,25,8214
13,1053,10699792,-2,1,0
4,1055,10709765,119,22,8224
13,1054,10709787,0,-1,-1
4,1056,10719858,114,29,8222
13,1055,10719880,1,0,-1
4,1057,10729918,106,33,8221
13,1056,10729940,0,2,0
4,1058,10740109,110,24,8229
13,1057,10740131,-1,0,0
4,1059,10750036,105,25,8221
13,1058,10750058,0,-1,0
4,1060,10760112,109,36,8218
13,1059,10760134,0,2,0
4,1061,10770152,118,38,8222
13,1060,10770174,-4,0,0
4,1062,10780297,110,24,8221
13,1061,10780319,0,0,0
4,1063,10790280,103,33,8228
13,1062,10790302,0,1,0
4,1064,10800340,109,25,8228
13,1063,10800362,0,0,1
4,1065,10810403,101,25,8221
13,1064,10810425,1,-2,0
4,1066,10820610,108,36,8221
13,1065,10820632,0,-1,1
4,1067,10830547,113,15,8229
13,1066,10830569,0,1,1
4,1068,10840527,106,24,8232
13,1067,10840549,0,0,-1
4,1069,10850605,107,31,8217
13,1068,10850627,2,0,0
4,1070,10860716,103,27,8213
13,1069,10860738,-1,0,0
4,1071,10870721,104,21,8222
13,1070,10870743,0,-1,1
4,1072,10880807,115,27,8229
13,1071,10880829,2,-2,1
4,1073,10890838,104,30,8230
13,1072,10890860,-1,0,1
4,1074,10901023,110,30,8226
13,1073,10901045,-1,0,2
4,1075,10910965,114,20,8225
13,1074,10910987,-1,0,1
4,1076,10921017,123,33,8228
13,1075,10921039,0,0,0
4,1077,10931052,120,33,8229
13,1076,10931074,1,-2,0
4,1078,10941170,112,26,8231
13,1077,10941192,0,-1,0
4,1079,10951195,115,27,8237
13,1078,10951217,-1,-2,1
4,1080,10961202,117,34,8217
13,1079,10961224,0,-1,0
4,1081,10971291,115,31,8215
13,1080,10971313,0,0,1
4,1082,10981428,107,35,8224
13,1081,10981450,-1,-2,-1
4,1083,10991432,107,18,8229
13,1082,10991454,-1,-4,0
4,1084,11001417,106,26,8225
13,1083,11001439,0,0,0
4,1085,11011503,106,26,8224
13,1084,11011524,0,0,0
4,1086,11021655,111,22,8228
13,1085,11021677,0,-3,0
4,1087,11031615,101,25,8230
13,1086,11031637,0,-2,-2
4,1088,11041680,109,28,8228
13,1087,11041702,0,-1,0
4,1089,11051697,114,33,8231
13,1088,11051719,1,-2,0
4,1090,11061941,111,37,8228
13,1089,11061963,0,0,0
4,1091,11071838,105,16,8229
13,1090,11071860,0,0,0
4,1092,11081881,118,26,8225
13,1091,11081903,1,-1,0
4,1093,11091996,112,23,8224
13,1092,11092018,1,0,1
4,1094,11102003,113,29,8226
13,1093,11102025,1,-1,0
4,1095,11112064,91,35,8221
13,1094,11112086,0,-2,0
4,1096,11122182,108,30,8218
13,1095,11122204,0,0,0
4,1097,11132163,116,17,8227
13,1096,11132185,0,-1,0
4,1098,11142307,112,14,8230
13,1097,11142329,0,-1,0
4,1099,11152281,105,24,8230
13,1098,11152303,0,0,0
4,1100,11162372,109,20,8224
13,1099,11162394,0,0,-1
4,1101,11172384,111,27,8226
13,1100,11172406,1,0,0
4,1102,11182525,115,22,8231
13,1101,11182547,0,-1,3
4,1103,11192613,109,26,8222
13,1102,11192635,-2,-2,0
4,1104,11202630,102,31,8215
13,1103,11202652,0,-3,0
4,1105,11212728,102,33,8219
13,1104,11212750,1,0,0
4,1106,11222801,117,29,8222
13,1105,11222823,0,-1,1
4,1107,11232819,114,28,8219
13,1106,11232840,0,0,3
4,1108,11242827,117,33,8227
13,1107,11242849,0,1,-1
4,1109,11252832,116,24,8231
13,1108,11252854,0,0,-1
4,1110,11263017,112,25,8226
13,1109,11263039,-3,1,-1
4,1111,11273005,110,24,8218
13,1110,11273027,-2,-1,1
4,1112,11283092,111,28,8234
13,1111,11283114,0,0,0
4,1113,11293051,116,30,8221
13,1112,11293073,2,-1,1
4,1114,11303330,115,33,8227
13,1113,11303352,1,0,0
4,1115,11313325,108,28,8221
13,1114,11313347,-1,-2,-2
4,1116,11323273,112,25,8227
13,1115,11323295,0,-1,0
4,1117,11333381,106,33,8228
13,1116,11333403,2,1,-1
4,1118,11343441,119,35,8227
13,1117,11343463,0,0,0
4,1119,11353479,122,21,8227
13,1118,11353501,1,-1,-1
4,1120,11363516,121,24,8218
13,1119,11363538,2,-1,1
4,1121,11373562,116,30,8223
13,1120,11373584,0,0,1
4,1122,11383660,114,38,8229
13,1121,11383682,0,-2,3
4,1123,11393679,102,22,8227
13,1122,11393701,2,-1,3
4,1124,11403809,108,26,8237
13,1123,11403831,0,0,0
4,1125,11413802,109,32,8241
13,1124,11413824,-1,2,-2
4,1126,11423864,118,29,8226
13,1125,11423886,1,0,0
4,1127,11433919,114,27,8220
13,1126,11433941,2,0,1
4,1128,11444056,113,30,8229
13,1127,11444078,0,1,1
4,1129,11454002,102,34,8230
13,1128,11454024,0,0,1
4,1130,11464249,104,18,8214
13,1129,11464271,1,1,0
4,1131,11474222,116,29,8221
13,1130,11474244,0,0,-2
4,1132,11484273,115,28,8222
13,1131,11484294,0,2,0
4,1133,11494296,105,26,8213
13,1132,11494318,0,-1,0
4,1134,11504364,111,24,8224
13,1133,11504386,2,-1,0
4,1135,11514355,112,27,8210
13,1134,11514377,0,-1,1
4,1136,11524438,111,25,8223
13,1135,11524460,-1,3,0
4,1137,11534518,112,25,8233
13,1136,11534540,-1,1,-2
4,1138,11544632,114,28,8226
13,1137,11544654,0,0,0
4,1139,11554676,116,21,8212
13,1138,11554697,0,0,1
4,1140,11564657,110,27,8214
13,1139,11564679,0,0,-1
4,1141,11574799,115,19,8223
13,1140,11574821,0,1,-1
4,1142,11584962,116,37,8232
13,1141,11584984,1,2,0
4,1143,11594903,118,20,8222
13,1142,11594925,0,2,2
4,1144,11604991,110,26,8226
13,1143,11605013,-3,0,1
4,1145,11615014,113,32,8221
13,1144,11615036,0,2,0
4,1146,11625110,109,39,8223
13,1145,11625132,0,0,0
4,1147,11635173,105,31,8215
13,1146,11635195,0,0,0
4,1148,11645218,110,29,8221
13,1147,11645240,0,2,0
4,1149,11655307,114,24,8237
13,1148,11655329,0,0,0
4,1150,11665384,107,25,8233
13,1149,11665406,1,0,0
4,1151,11675429,112,38,8231
13,1150,11675451,-1,-2,2
4,1152,11685409,113,28,8221
13,1151,11685431,0,0,0
4,1153,11695581,104,26,8219
13,1152,11695603,0,0,0
4,1154,11705742,101,27,8218
13,1153,11705764,1,0,0
4,1155,11715657,109,28,8227
13,1154,11715679,0,-1,0
4,1156,11725815,103,30,8232
13,1155,11725837,0,-2,-1
4,1157,11735804,102,22,8232
13,1156,11735826,0,1,0
4,1158,11745927,104,29,8224
13,1157,11745949,1,0,0
4,1159,11755940,111,31,8214
13,1158,11755962,-1,1,-1
4,1160,11766084,102,29,8227
13,1159,11766106,0,0,0
4,1161,11776144,117,38,8213
13,1160,11776166,1,0,1
4,1162,11786294,109,35,8217
13,1161,11786316,0,2,0
4,1163,11796210,120,29,8227
13,1162,11796232,-1,1,0
4,1164,11806291,109,28,8229
13,1163,11806313,0,0,-1
4,1165,11816383,104,22,8222
13,1164,11816405,0,3,0
4,1166,11826413,121,24,8217
13,1165,11826435,0,1,0
4,1167,11836496,116,37,8210
13,1166,11836518,0,1,0
4,1168,11846581,103,25,8218
13,1167,11846603,1,4,0
4,1169,11856627,113,23,8226
13,1168,11856649,0,2,0
4,1170,11866801,114,23,8232
13,1169,11866823,1,0,0
4,1171,11876742,122,38,8220
13,1170,11876764,0,-2,0
4,1172,11886808,111,32,8226
13,1171,11886830,0,0,0
4,1173,11896875,101,13,8231
13,1172,11896897,1,0,1
4,1174,11906992,101,25,8231
13,1173,11907014,0,0,0
4,1175,11917040,114,24,8230
13,1174,11917062,0,2,0
4,1176,11927088,114,24,8220
13,1175,11927110,0,0,-1
4,1177,11937165,114,27,8220
13,1176,11937187,0,1,0
4,1178,11947286,116,22,8222
13,1177,11947308,0,1,0
4,1179,11957299,106,16,8231
13,1178,11957321,0,0,0
4,1180,11967436,118,32,8231
13,1179,11967458,-1,0,-1
4,1181,11977446,109,41,8225
13,1180,11977468,0,0,-1
4,1182,11987520,101,26,8227
13,1181,11987542,0,1,0
4,1183,11997479,110,22,8216
13,1182,11997501,1,1,1
4,1184,12007634,107,17,8234
13,1183,12007655,0,1,3
4,1185,12017680,117,29,8222
13,1184,12017702,0,1,2
4,1186,12027851,112,26,8222
13,1185,12027873,0,0,0
4,1187,12037802,108,15,8229
13,1186,12037824,-1,0,1
4,1188,12047809,105,22,8219
13,1187,12047831,0,0,2
4,1189,12057928,114,29,8223
13,1188,12057950,3,0,0
4,1190,12068044,112,24,8234
13,1189,12068066,1,3,0
4,1191,12078076,115,27,8211
13,1190,12078098,-1,2,-1
4,1192,12088136,105,26,8213
13,1191,12088158,0,-1,0
4,1193,12098139,111,33,8220
13,1192,12098161,0,0,1
4,1194,12108322,109,32,8235
13,1193,12108344,0,0,1
4,1195,12118343,111,24,8235
13,1194,12118365,0,-2,0
4,1196,12128375,109,22,8222
13,1195,12128397,-3,0,-1
4,1197,12138429,99,33,8223
13,1196,12138451,0,2,1
4,1198,12148532,111,37,8229
13,1197,12148554,0,0,0
4,1199,12158538,115,29,8222
13,1198,12158560,0,-2,0
4,1200,12168610,103,28,8226
13,1199,12168632,0,0,1
4,1201,12178665,117,27,8226
13,1200,12178687,0,2,1
4,1202,12188864,118,26,8226
13,1201,12188886,2,1,1
4,1203,12198819,105,36,8216
13,1202,12198841,0,0,0
4,1204,12208865,97,24,8217
13,1203,12208887,0,0,2
4,1205,12218962,107,26,8233
13,1204,12218984,1,1,0
4,1206,12229057,109,34,8225
13,1205,12229079,0,1,-3
4,1207,12239049,113,42,8228
13,1206,12239071,0,0,-1
4,1208,12249127,111,21,8221
13,1207,12249149,0,0,1
4,1209,12259108,110,27,8222
13,1208,12259130,0,2,2
4,1210,12269323,111,31,8225
13,1209,12269345,-2,0,0
4,1211,12279274,114,32,8234
13,1210,12279296,0,-1,-1
4,1212,12289363,111,28,8218
13,1211,12289385,0,0,0
4,1213,12299368,112,24,8223
13,1212,12299390,-1,1,0
4,1214,12309521,111,27,8220
13,1213,12309543,-1,0,1
4,1215,12319542,104,23,8221
13,1214,12319592,0,0,-1
4,1216,12329633,113,13,8229
13,1215,12329655,0,0,0
4,1217,12339719,113,22,8227
13,1216,12339741,0,0,1
4,1218,12349804,106,50,8221
13,1217,12349826,0,0,0
4,1219,12359841,114,33,8228
13,1218,12359863,0,0,0
4,1220,12369831,113,27,8225
13,1219,12369853,0,1,0
4,1221,12379912,101,26,8227
13,1220,12379934,1,0,0
4,1222,12389948,115,30,8223
13,1221,12389970,1,1,0
4,1223,12400069,118,30,8222
13,1222,12400091,0,0,0
4,1224,12410106,115,25,8233
13,1223,12410128,1,0,0
4,1225,12420090,119,28,8225
13,1224,12420112,2,-1,0
4,1226,12430339,119,39,8229
13,1225,12430388,0,0,1
4,1227,12440270,116,24,8224
13,1226,12440292,0,0,0
4,1228,12450384,111,21,8237
13,1227,12450406,0,-3,0
4,1229,12460435,114,30,8225
13,1228,12460457,0,0,0
4,1230,12470541,103,28,8228
13,1229,12470563,0,0,0
4,1231,12480565,114,26,8216
13,1230,12480587,0,0,0
4,1232,12490600,103,18,8222
13,1231,12490622,0,0,-2
4,1233,12500618,112,32,8236
13,1232,12500640,1,0,0
4,1234,12510781,112,24,8236
13,1233,12510803,0,1,0
4,1235,12520761,112,33,8228
13,1234,12520783,-2,0,0
4,1236,12530742,111,32,8232
13,1235,12530763,0,0,-1
4,1237,12540864,101,25,8222
13,1236,12540886,0,0,0
4,1238,12550977,104,32,8241
13,1237,12550999,0,-1,1
4,1239,12560939,120,34,8230
13,1238,12560961,0,0,2
4,1240,12571124,103,25,8224
13,1239,12571146,0,0,1
4,1241,12581200,110,23,8229
13,1240,12581222,0,0,0
4,1242,12591265,116,28,8216
13,1241,12591287,1,-2,0
4,1243,12601241,104,43,8226
13,1242,12601263,-1,0,0
4,1244,12611327,116,35,8230
13,1243,12611349,-1,0,1
4,1245,12621397,109,33,8233
13,1244,12621419,0,-1,0
4,1246,12631454,118,31,8223
13,1245,12631476,-2,-3,0
4,1247,12641433,117,29,8222
13,1246,12641455,0,-1,-1
4,1248,12651594,109,21,8223
13,1247,12651616,-1,-3,0
4,1249,12661610,120,28,8219
13,1248,12661632,0,0,0
4,1250,12671741,118,33,8228
13,1249,12671763,1,2,0
4,1251,12681714,107,31,8231
13,1250,12681736,0,-3,-1
4,1252,12691789,117,27,8223
13,1251,12691811,1,0,-1
4,1253,12701942,115,32,8229
13,1252,12701964,0,1,-1
4,1254,12711998,117,26,8225
13,1253,12712020,0,-1,-1
4,1255,12721964,113,22,8229
13,1254,12721986,0,-2,-1
4,1256,12732102,113,18,8225
13,1255,12732124,0,0,0
4,1257,12742158,113,24,8227
13,1256,12742180,0,1,0
4,1258,12752293,112,23,8224
13,1257,12752315,0,0,-1
4,1259,12762293,116,21,8208
13,1258,12762315,-1,-1,0
4,1260,12772298,124,33,8235
13,1259,12772320,0,0,0
4,1261,12782309,115,27,8232
13,1260,12782331,1,0,0
4,1262,12792455,109,33,8235
13,1261,12792477,0,0,0
4,1263,12802418,117,35,8229
13,1262,12802440,0,-1,0
4,1264,12812507,98,29,8225
13,1263,12812529,0,-1,0
4,1265,12822579,106,22,8234
13,1264,12822628,0,0,-2
4,1266,12832833,109,15,8226
13,1265,12832855,0,-1,0
4,1267,12842732,116,17,8219
13,1266,12842754,0,-1,0
4,1268,12852865,110,40,8228
13,1267,12852887,0,0,0
4,1269,12862786,102,31,8220
13,1268,12862808,0,0,-1
4,1270,12872994,114,20,8219
13,1269,12873016,-1,0,1
4,1271,12882940,113,16,8230
13,1270,12882962,0,-3,0
4,1272,12892992,101,32,8233
13,1271,12893014,-1,-1,-2
4,1273,12903090,112,29,8235
13,1272,12903112,-1,0,-1
4,1274,12913244,113,16,8223
13,1273,12913266,0,0,0
4,1275,12923223,112,24,8227
13,1274,12923245,1,-1,1
4,1276,12933309,119,23,8236
13,1275,12933331,2,0,1
4,1277,12943308,111,17,8233
13,1276,12943330,0,0,0
4,1278,12953425,107,21,8215
13,1277,12953447,-1,2,0
4,1279,12963461,113,23,8230
13,1278,12963483,0,1,1
4,1280,12973541,115,28,8221
13,1279,12973563,-1,-2,1
4,1281,12983660,105,27,8216
13,1280,12983682,0,-1,1
4,1282,12993741,101,44,8225
13,1281,12993763,1,0,0
4,1283,13003763,105,44,8221
13,1282,13003785,1,0,0
4,1284,13013693,111,31,8230
13,1283,13013715,0,0,0
4,1285,13023815,106,25,8228
13,1284,13023836,0,-2,0
4,1286,13033915,110,23,8219
13,1285,13033937,0,1,0
4,1287,13043940,121,23,8228
13,1286,13043962,0,1,-1
4,1288,13054020,109,32,8238
13,1287,13054042,0,-1,0
4,1289,13064026,106,34,8220
13,1288,13064048,0,0,0
4,1290,13074273,106,26,8228
13,1289,13074295,-1,0,0
4,1291,13084181,117,23,8236
13,1290,13084203,0,0,0
4,1292,13094296,111,33,8212
13,1291,13094318,0,0,0
4,1293,13104296,110,35,8225
13,1292,13104318,0,1,2
4,1294,13114456,106,26,8224
13,1293,13114478,0,0,1
4,1295,13124458,109,22,8211
13,1294,13124480,0,-2,0
4,1296,13134539,112,27,8211
13,1295,13134561,1,0,0
4,1297,13144663,97,28,8222
13,1296,13144685,1,-1,0
4,1298,13154772,116,25,8226
13,1297,13154794,0,0,0
4,1299,13164724,114,22,8225
13,1298,13164746,0,2,3
4,1300,13174773,121,19,8239
13,1299,13174795,1,0,-1
4,1301,13184838,112,24,8226
13,1300,13184860,0,1,-1
4,1302,13194939,119,31,8228
13,1301,13194988,0,0,0
4,1303,13205006,115,28,8228
13,1302,13205028,0,0,1
4,1304,13215073,129,30,8230
13,1303,13215095,0,0,1
4,1305,13225125,116,23,8230
13,1304,13225147,0,-1,0
4,1306,13235246,106,32,8223
13,1305,13235268,0,0,0
4,1307,13245229,108,31,8215
13,1306,13245251,0,0,0
4,1308,13255363,120,26,8220
13,1307,13255385,1,-2,0
4,1309,13265329,116,26,8235
13,1308,13265351,3,2,1
4,1310,13275390,112,24,8231
13,1309,13275412,-1,2,0
4,1311,13285461,109,27,8228
13,1310,13285482,0,0,1
4,1312,13295510,120,20,8219
13,1311,13295532,-1,0,0
4,1313,13305641,115,28,8225
13,1312,13305663,0,-2,0
4,1314,13315741,117,26,8225
13,1313,13315790,-1,0,0
4,1315,13325728,107,18,8216
13,1314,13325777,-2,0,1
4,1316,13335813,130,24,8230
13,1315,13335835,0,0,2
4,1317,13345928,113,31,8218
13,1316,13345950,-1,-2,3
4,1318,13355960,108,30,8221
13,1317,13355982,0,0,2
4,1319,13365992,121,24,8225
13,1318,13366014,3,0,0
4,1320,13376050,121,28,8229
13,1319,13376072,1,1,0
4,1321,13386139,121,23,8233
13,1320,13386160,0,2,0
4,1322,13396277,114,30,8228
13,1321,13396299,1,-1,0
4,1323,13406175,113,27,8227
13,1322,13406197,0,0,0
4,1324,13416287,121,24,8222
13,1323,13416309,2,1,0
4,1325,13426354,113,22,8228
13,1324,13426376,0,-2,-2
4,1326,13436425,113,23,8225
13,1325,13436447,0,-2,-1
4,1327,13446473,107,31,8219
13,1326,13446495,0,0,0
4,1328,13456519,110,32,8226
13,1327,13456568,1,2,1
4,1329,13466613,113,26,8218
13,1328,13466635,2,2,0
4,1330,13476778,114,33,8223
13,1329,13476800,0,-3,0
4,1331,13486727,104,32,8228
13,1330,13486749,-1,-2,0
4,1332,13496775,115,34,8223
13,1331,13496797,0,0,0
4,1333,13506819,111,23,8221
13,1332,13506841,0,-4,1
4,1334,13516943,114,31,8213
13,1333,13516965,0,-2,-1
4,1335,13526908,105,24,8227
13,1334,13526930,0,-1,1
4,1336,13537048,112,23,8228
13,1335,13537070,0,0,3
4,1337,13547083,109,15,8231
13,1336,13547105,0,-1,0
4,1338,13557311,117,32,8220
13,1337,13557360,0,-3,0
4,1339,13567223,113,27,8220
13,1338,13567245,0,-1,1
4,1340,13577287,107,28,8217
13,1339,13577336,2,-2,2
4,1341,13587432,119,28,8228
13,1340,13587454,0,-2,0
4,1342,13597454,116,30,8226
13,1341,13597476,0,-1,2
4,1343,13607486,108,32,8227
13,1342,13607508,0,-2,0
4,1344,13617556,108,28,8233
13,1343,13617578,0,0,0
4,1345,13627661,105,21,8229
13,1344,13627683,0,0,1
4,1346,13637752,119,31,8231
13,1345,13637774,-1,0,1
4,1347,13647718,106,31,8219
13,1346,13647740,0,-1,2
4,1348,13657856,100,18,8225
13,1347,13657878,0,0,2
4,1349,13667795,111,14,8235
13,1348,13667817,0,-3,1
4,1350,13677974,104,22,8227
13,1349,13677996,-1,0,0
4,1351,13688042,112,39,8222
13,1350,13688064,0,-1,0
4,1352,13698042,107,33,8228
13,1351,13698064,-2,-2,0
4,1353,13708123,116,27,8214
13,1352,13708145,-1,-2,1
4,1354,13718293,112,34,8228
13,1353,13718315,0,-1,1
4,1355,13728257,114,21,8231
13,1354,13728279,0,0,0
4,1356,13738339,123,26,8223
13,1355,13738361,1,0,-1
4,1357,13748378,116,22,8222
13,1356,13748400,-1,1,0
4,1358,13758546,119,24,8227
13,1357,13758567,0,0,-1
4,1359,13768491,98,33,8222
13,1358,13768513,0,0,0
4,1360,13778629,107,32,8222
13,1359,13778651,0,2,1
4,1361,13788620,116,27,8223
13,1360,13788642,-2,0,1
4,1362,13798881,122,18,8224
13,1361,13798903,-1,-1,0
4,1363,13808772,125,35,8216
13,1362,13808794,0,1,0
4,1364,13818795,116,24,8230
13,1363,13818817,2,-2,1
4,1365,13828994,113,22,8230
13,1364,13829016,1,1,1
4,1366,13839036,114,31,8223
13,1365,13839058,0,1,1
4,1367,13849082,120,25,8226
13,1366,13849104,2,-1,0
4,1368,13859098,107,39,8226
13,1367,13859120,2,-4,0
4,1369,13869222,115,38,8211
13,1368,13869244,0,-2,1
4,1370,13879398,114,31,8228
13,1369,13879419,0,2,0
4,1371,13889257,108,23,8234
13,1370,13889279,0,-1,0
4,1372,13899367,113,15,8228
13,1371,13899389,0,-1,0
4,1373,13909411,109,34,8222
13,1372,13909433,0,0,0
4,1374,13919524,115,34,8224
13,1373,13919546,0,0,-1
4,1375,13929560,110,25,8215
13,1374,13929582,-1,0,-1
4,1376,13939658,126,22,8224
13,1375,13939680,1,1,-2
4,1377,13949650,111,18,8218
13,1376,13949672,2,0,0
4,1378,13959899,112,31,8223
13,1377,13959921,1,0,0
4,1379,13969917,115,27,8234
13,1378,13969939,-1,0,0
4,1380,13979916,104,25,8227
13,1379,13979938,0,0,1
4,1381,13989955,109,22,8218
13,1380,13989977,-1,0,0
4,1382,14000065,117,28,8225
13,1381,14000087,0,0,1
4,1383,14010124,98,27,8221
13,1382,14010146,1,0,0
4,1384,14020120,105,24,8216
13,1383,14020142,0,0,-1
4,1385,14030241,124,29,8222
13,1384,14030263,0,1,0
4,1386,14040458,113,27,8214
13,1385,14040480,0,-1,0
4,1387,14050417,108,28,8231
13,1386,14050439,-1,0,1
4,1388,14060463,107,25,8234
13,1387,14060485,0,-1,3
4,1389,14070502,102,24,8231
13,1388,14070524,0,-1,1
4,1390,14080565,120,25,8224
13,1389,14080587,0,-2,1
4,1391,14090679,115,26,8217
13,1390,14090701,-3,-1,0
4,1392,14100761,108,18,8223
13,1391,14100783,0,-2,0
4,1393,14110752,115,38,8234
13,1392,14110774,0,-1,0
4,1394,14121002,116,31,8230
13,1393,14121024,0,0,1
4,1395,14130875,108,19,8214
13,1394,14130897,1,-2,0
4,1396,14140983,112,29,8227
13,1395,14141005,0,0,1
4,1397,14151111,107,26,8229
13,1396,14151133,-2,-1,0
4,1398,14161126,103,21,8223
13,1397,14161147,-1,-1,0
4,1399,14171159,116,17,8231
13,1398,14171181,2,-1,1
4,1400,14181257,124,29,8219
13,1399,14181279,0,0,0
4,1401,14191231,110,30,8230
13,1400,14191252,-1,-1,0
4,1402,14201506,107,12,8228
13,1401,14201528,0,0,1
4,1403,14211460,103,31,8223
13,1402,14211482,1,-1,1
4,1404,14221536,114,31,8227
13,1403,14221558,-1,-2,2
4,1405,14231594,111,26,8222
13,1404,14231616,-1,0,0
4,1406,14241692,113,27,8221
13,1405,14241714,1,2,0
4,1407,14251685,97,23,8219
13,1406,14251707,0,0,0
4,1408,14261744,115,13,8233
13,1407,14261766,-1,0,0
4,1409,14271826,108,23,8214
13,1408,14271848,-1,0,1
4,1410,14281935,109,21,8209
13,1409,14281957,0,0,0
4,1411,14292024,113,31,8226
13,1410,14292046,0,0,-1
4,1412,14302022,99,27,8222
13,1411,14302044,0,0,2
4,1413,14312072,110,22,8231
13,1412,14312094,1,-1,0
4,1414,14322203,114,19,8225
13,1413,14322225,1,0,0
4,1415,14332323,118,39,8224
13,1414,14332345,-1,-2,-1
4,1416,14342405,108,35,8222
13,1415,14342427,0,-3,1
4,1417,14352443,112,27,8216
13,1416,14352465,1,-1,0
4,1418,14362577,111,30,8232
13,1417,14362599,1,-1,0
4,1419,14372544,113,25,8219
13,1418,14372566,-2,0,-1
4,1420,14382556,97,19,8213
13,1419,14382577,-1,0,0
4,1421,14392588,104,28,8215
13,1420,14392610,0,-1,0
4,1422,14402744,118,20,8220
13,1421,14402765,0,-1,0
4,1423,14412779,124,12,8224
13,1422,14412801,-1,0,3
4,1424,14422836,112,28,8206
13,1423,14422858,1,1,0
4,1425,14432912,120,25,8215
13,1424,14432934,1,-2,0
4,1426,14443076,106,19,8211
13,1425,14443098,1,0,1
4,1427,14453050,118,25,8224
13,1426,14453072,-1,2,0
4,1428,14463152,112,23,8232
13,1427,14463175,-2,-2,0
4,1429,14473198,108,35,8234
13,1428,14473220,-3,0,0
4,1430,14483309,111,34,8219
13,1429,14483331,0,2,-1
4,1431,14493346,105,28,8215
13,1430,14493368,0,0,0
4,1432,14503395,109,20,8217
13,1431,14503417,0,-1,0
4,1433,14513368,104,28,8221
13,1432,14513390,0,0,0
4,1434,14523601,104,19,8229
13,1433,14523623,0,-1,1
4,1435,14533631,114,31,8217
13,1434,14533653,0,0,0
4,1436,14543616,106,30,8221
13,1435,14543638,0,1,-2
4,1437,14553693,107,17,8219
13,1436,14553715,0,1,-2
4,1438,14563739,105,34,8225
13,1437,14563761,0,0,0
4,1439,14573843,111,28,8219
13,1438,14573865,2,0,-2
4,1440,14583875,101,24,8222
13,1439,14583897,0,0,1
4,1441,14593995,102,23,8228
13,1440,14594017,0,0,0
4,1442,14604153,111,13,8220
13,1441,14604175,1,2,0
4,1443,14614059,105,26,8221
13,1442,14614081,1,0,0
4,1444,14624195,111,23,8221
13,1443,14624217,0,-1,-1
4,1445,14634230,117,21,8235
13,1444,14634252,0,0,0
4,1446,14644326,109,28,8233
13,1445,14644348,0,0,0
4,1447,14654369,117,27,8227
13,1446,14654391,-1,0,0
4,1448,14664367,119,20,8221
13,1447,14664389,0,0,0
4,1449,14674483,116,26,8222
13,1448,14674505,0,0,0
4,1450,14684690,109,23,8230
13,1449,14684712,-1,-3,0
4,1451,14694619,106,31,8221
13,1450,14694641,1,0,0
4,1452,14704671,108,39,8221
13,1451,14704692,0,0,0
4,1453,14714754,126,38,8228
13,1452,14714776,0,0,0
4,1454,14724826,118,33,8210
13,1453,14724848,1,0,0
4,1455,14734862,109,32,8217
13,1454,14734884,0,0,0
4,1456,14744954,107,41,8232
13,1455,14744976,0,-2,1
4,1457,14754990,111,31,8234
13,1456,14755012,-1,-2,-1
4,1458,14765139,109,29,8215
13,1457,14765161,0,0,-1
4,1459,14775074,116,32,8216
13,1458,14775096,0,1,0
4,1460,14785147,115,31,8221
13,1459,14785169,0,0,0
4,1461,14795257,111,32,8223
13,1460,14795278,0,0,2
4,1462,14805304,113,26,8222
13,1461,14805326,-1,-2,2
4,1463,14815328,108,28,8230
13,1462,14815350,0,-1,0
4,1464,14825354,119,25,8220
13,1463,14825376,0,0,0
4,1465,14835455,124,32,8217
13,1464,14835477,-1,0,1
4,1466,14845638,110,23,8212
13,1465,14845660,-2,0,1
4,1467,14855613,111,25,8224
13,1466,14855635,0,0,1
4,1468,14865624,116,39,8231
13,1467,14865646,2,0,2
4,1469,14875736,103,33,8234
13,1468,14875758,0,-1,1
4,1470,14885803,103,24,8229
13,1469,14885825,0,-3,1
4,1471,14895837,108,32,8222
13,1470,14895859,0,0,0
4,1472,14905889,118,33,8222
13,1471,14905911,0,1,0
4,1473,14915891,114,18,8229
13,1472,14915912,0,-2,0
4,1474,14926114,104,24,8223
13,1473,14926136,1,0,0
4,1475,14936065,110,27,8231
13,1474,14936087,0,1,1
4,1476,14946117,118,28,8220
13,1475,14946139,0,-1,0
4,1477,14956108,120,36,8210
13,1476,14956130,-2,-1,0
4,1478,14966362,111,30,8224
13,1477,14966384,0,0,0
4,1479,14976346,113,19,8212
13,1478,14976368,0,1,0
4,1480,14986348,119,32,8222
13,1479,14986370,1,0,-1
4,1481,14996439,111,22,8222
13,1480,14996461,2,-2,0
4,1482,15006554,117,37,8225
13,1481,15006576,0,-3,1
4,1483,15016520,100,18,8223
13,1482,15016542,0,-1,2
4,1484,15026584,96,24,8224
13,1483,15026606,1,1,0
4,1485,15036638,105,32,8219
13,1484,15036660,0,2,0
4,1486,15046742,117,27,8235
13,1485,15046764,0,1,1
4,1487,15056759,107,35,8222
13,1486,15056781,-1,-1,1
4,1488,15066803,107,26,8217
13,1487,15066825,-1,-4,0
4,1489,15076891,117,21,8214
13,1488,15076913,1,-1,2
4,1490,15087113,112,18,8221
13,1489,15087135,-1,0,2
4,1491,15096973,114,38,8233
13,1490,15096995,-1,0,1
4,1492,15107111,112,23,8234
13,1491,15107133,1,0,1
4,1493,15117208,105,31,8214
13,1492,15117230,1,1,2
4,1494,15127223,119,19,8220
13,1493,15127245,0,-2,0
4,1495,15137310,111,27,8224
13,1494,15137332,0,-2,0
4,1496,15147415,104,28,8226
13,1495,15147437,-1,0,1
4,1497,15157364,108,38,8219
13,1496,15157386,-1,-2,0
4,1498,15167573,109,31,8227
13,1497,15167595,-2,0,0
4,1499,15177536,110,33,8233
13,1498,15177558,1,0,0
4,1500,15187650,106,22,8223
13,1499,15187672,0,0,0
4,1501,15197651,104,32,8221
13,1500,15197673,0,0,0
4,1502,15207715,105,17,8230
13,1501,15207737,0,0,0
4,1503,15217859,107,13,8224
13,1502,15217881,2,0,-1
4,1504,15227884,120,22,8229
13,1503,15227906,1,1,1
4,1505,15237918,109,30,8221
13,1504,15237940,2,-1,-1
4,1506,15248073,112,26,8225
13,1505,15248095,2,-2,0
4,1507,15258053,117,21,8221
13,1506,15258075,0,-1,0
4,1508,15268152,113,26,8223
13,1507,15268174,2,-1,-1
4,1509,15278185,108,33,8224
13,1508,15278206,2,-2,0
4,1510,15288190,111,26,8232
13,1509,15288212,0,-1,0
4,1511,15298300,114,26,8224
13,1510,15298322,0,0,0
4,1512,15308424,113,30,8225
13,1511,15308446,0,-1,3
4,1513,15318436,106,31,8225
13,1512,15318458,-1,0,3
4,1514,15328686,107,35,8224
13,1513,15328708,0,0,-1
4,1515,15338578,110,22,8219
13,1514,15338600,0,-2,0
4,1516,15348604,110,30,8222
13,1515,15348653,-2,0,2
4,1517,15358721,112,23,8220
13,1516,15358743,0,0,0
4,1518,15368780,107,25,8227
13,1517,15368802,1,0,0
4,1519,15378845,111,29,8220
13,1518,15378867,1,0,0
4,1520,15388903,114,40,8226
13,1519,15388925,0,0,0
4,1521,15399021,103,26,8225
13,1520,15399043,1,0,-1
4,1522,15409120,106,22,8222
13,1521,15409142,0,-2,0
4,1523,15419156,113,19,8238
13,1522,15419178,-1,-2,0
4,1524,15429082,114,29,8231
13,1523,15429104,0,1,-1
4,1525,15439270,106,32,8225
13,1524,15439292,0,1,-1
4,1526,15449325,109,26,8218
13,1525,15449347,1,0,0
4,1527,15459283,117,21,8225
13,1526,15459305,0,-1,0
4,1528,15469478,119,16,8228
13,1527,15469500,0,0,1
4,1529,15479503,113,25,8236
13,1528,15479525,0,1,1
4,1530,15489670,114,31,8224
13,1529,15489692,0,0,0
4,1531,15499712,125,19,8211
13,1530,15499734,0,1,0
4,1532,15509705,115,37,8217
13,1531,15509727,0,0,0
4,1533,15519766,109,33,8232
13,1532,15519788,0,0,0
4,1534,15529866,108,15,8235
13,1533,15529888,1,0,-1
4,1535,15539902,120,28,8219
13,1534,15539924,0,-1,0
4,1536,15550014,104,49,8225
13,1535,15550036,-1,0,0
4,1537,15560030,104,24,8222
13,1536,15560052,1,0,2
4,1538,15570219,112,27,8232
13,1537,15570241,0,-2,1
4,1539,15580081,115,28,8220
13,1538,15580103,0,-4,-1
4,1540,15590201,115,23,8232
13,1539,15590223,0,0,0
4,1541,15600283,123,26,8216
13,1540,15600305,0,0,0
4,1542,15610373,109,24,8225
13,1541,15610395,1,2,0
4,1543,15620401,106,24,8219
13,1542,15620423,0,2,0
4,1544,15630447,111,23,8225
13,1543,15630469,1,1,1
4,1545,15640505,116,28,8214
13,1544,15640527,0,0,3
4,1546,15650610,109,29,8226
13,1545,15650631,-1,0,2
4,1547,15660620,115,10,8228
13,1546,15660642,0,0,-1
4,1548,15670614,101,23,8223
13,1547,15670636,0,0,2
4,1549,15680777,113,21,8225
13,1548,15680798,-1,0,1
4,1550,15690844,110,28,8221
13,1549,15690866,0,0,0
4,1551,15700883,109,30,8223
13,1550,15700905,1,0,0
4,1552,15710979,106,18,8233
13,1551,15711001,0,0,2
4,1553,15720995,111,25,8212
13,1552,15721016,0,0,1
4,1554,15731199,116,24,8226
13,1553,15731221,0,0,0
4,1555,15741179,108,27,8232
13,1554,15741201,0,0,0
4,1556,15751232,96,21,8216
13,1555,15751254,-1,0,1
4,1557,15761292,118,26,8200
13,1556,15761314,-2,-2,1
4,1558,15771384,105,26,8221
13,1557,15771406,-1,0,0
4,1559,15781383,113,21,8211
13,1558,15781405,-1,0,0
4,1560,15791495,114,23,8225
13,1559,15791517,0,-1,0
4,1561,15801516,118,29,8222
13,1560,15801538,0,-1,-1
4,1562,15811693,112,36,8229
13,1561,15811715,0,0,0
4,1563,15821709,103,21,8238
13,1562,15821731,0,0,0
4,1564,15831714,120,28,8216
13,1563,15831736,-1,0,0
4,1565,15841718,103,49,8221
13,1564,15841739,1,-1,0
4,1566,15851879,109,22,8218
13,1565,15851901,0,-4,1
4,1567,15861906,114,23,8221
13,1566,15861928,0,-2,1
4,1568,15872026,106,31,8231
13,1567,15872048,1,-1,0
4,1569,15882036,106,32,8224
13,1568,15882058,0,-1,1
4,1570,15892175,109,26,8214
13,1569,15892197,0,0,2
4,1571,15902113,98,36,8223
13,1570,15902135,0,0,0
4,1572,15912231,93,29,8237
13,1571,15912253,-1,0,0
4,1573,15922251,112,23,8228
13,1572,15922272,0,0,0
4,1574,15932340,109,23,8234
13,1573,15932362,0,1,0
4,1575,15942370,101,32,8232
13,1574,15942392,0,0,2
4,1576,15952489,113,34,8219
13,1575,15952511,1,-2,2
4,1577,15962483,113,23,8216
13,1576,15962505,1,-2,1
4,1578,15972603,114,27,8218
13,1577,15972625,0,0,0
4,1579,15982605,112,27,8227
13,1578,15982627,-1,0,0
4,1580,15992682,125,22,8223
13,1579,15992704,1,-1,-2
4,1581,16002760,110,23,8229
13,1580,16002782,1,1,0
4,1582,16012854,114,26,8221
13,1581,16012876,0,1,-2
4,1583,16022846,111,23,8226
13,1582,16022868,0,0,0
4,1584,16032928,103,26,8208
13,1583,16032950,0,1,0
4,1585,16042969,108,16,8217
13,1584,16042991,0,-1,0
4,1586,16053154,109,26,8231
13,1585,16053176,0,0,3
4,1587,16063121,114,26,8227
13,1586,16063143,-1,0,2
4,1588,16073166,109,21,8230
13,1587,16073188,0,1,0
4,1589,16083232,104,26,8219
13,1588,16083254,0,0,0
4,1590,16093262,109,23,8230
13,1589,16093284,1,0,0
4,1591,16103331,108,25,8232
13,1590,16103381,0,0,1
4,1592,16113422,107,17,8226
13,1591,16113444,1,0,0
4,1593,16123550,109,19,8224
13,1592,16123572,3,0,1
4,1594,16133628,104,21,8226
13,1593,16133650,0,0,2
4,1595,16143588,114,23,8230
13,1594,16143610,-1,0,1
4,1596,16153720,103,20,8230
13,1595,16153742,-1,0,0
4,1597,16163705,106,25,8219
13,1596,16163727,1,0,0
4,1598,16173813,109,25,8224
13,1597,16173835,1,-2,0
4,1599,16183828,116,19,8221
13,1598,16183850,0,-2,-1
4,1600,16193948,106,22,8227
13,1599,16193970,0,-2,0
4,1601,16203948,93,32,8226
13,1600,16203970,-1,-2,0
4,1602,16214116,106,18,8227
13,1601,16214138,-1,0,-1
4,1603,16224171,117,21,8223
13,1602,16224193,0,0,0
4,1604,16234128,116,30,8221
13,1603,16234150,0,-4,0
4,1605,16244235,100,16,8215
13,1604,16244257,1,0,0
4,1606,16254373,102,31,8223
13,1605,16254395,0,0,1
4,1607,16264368,116,27,8231
13,1606,16264390,0,0,-1
4,1608,16274445,113,26,8231
13,1607,16274467,0,1,0
4,1609,16284468,109,36,8216
13,1608,16284490,0,0,-1
4,1610,16294643,107,15,8222
13,1609,16294665,0,0,0
4,1611,16304593,109,24,8218
13,1610,16304615,0,0,0
4,1612,16314660,121,36,8228
13,1611,16314682,0,0,2
4,1613,16324762,124,33,8223
13,1612,16324784,-1,-3,2
4,1614,16334824,117,26,8219
13,1613,16334846,0,-2,0
4,1615,16344907,111,16,8227
13,1614,16344956,-1,0,0
4,1616,16354954,106,30,8230
13,1615,16354976,0,-2,0
4,1617,16365084,114,30,8218
13,1616,16365106,0,0,0
4,1618,16375157,119,29,8224
13,1617,16375179,-1,0,0
4,1619,16385100,112,22,8222
13,1618,16385122,0,-1,2
4,1620,16395233,116,29,8222
13,1619,16395254,0,-2,0
4,1621,16405249,113,37,8236
13,1620,16405271,3,-2,0
4,1622,16415377,120,23,8229
13,1621,16415399,0,-2,2
4,1623,16425322,104,29,8227
13,1622,16425344,-1,-1,0
4,1624,16435494,87,36,8221
13,1623,16435516,-1,0,0
4,1625,16445573,88,33,8226
13,1624,16445595,-1,-2,0
4,1626,16455662,117,20,8219
13,1625,16455684,0,-3,0
4,1627,16465663,111,27,8223
13,1626,16465685,0,1,1
4,1628,16475709,110,32,8224
13,1627,16475731,0,1,2
4,1629,16485838,115,29,8223
13,1628,16485860,0,1,1
4,1630,16495931,108,30,8218
13,1629,16495953,0,-1,2
4,1631,16505966,120,33,8227
13,1630,16505988,0,0,0
4,1632,16515961,119,31,8217
13,1631,16515983,0,-1,0
4,1633,16526052,108,24,8223
13,1632,16526074,0,0,1
4,1634,16536263,108,32,8221
13,1633,16536285,0,-2,0
4,1635,16546166,104,35,8219
13,1634,16546188,0,-1,0
4,1636,16556207,113,38,8224
13,1635,16556229,0,-1,-2
4,1637,16566329,117,28,8227
13,1636,16566351,-1,0,0
4,1638,16576430,114,31,8224
13,1637,16576452,0,0,1
4,1639,16586418,115,29,8217
13,1638,16586440,0,3,-1
4,1640,16596562,112,27,8226
13,1639,16596583,0,-2,-1
4,1641,16606679,110,26,8233
13,1640,16606701,0,1,0
4,1642,16616839,119,31,8216
13,1641,16616861,-1,1,0
4,1643,16626764,110,34,8207
13,1642,16626786,0,0,0
4,1644,16636825,101,19,8223
13,1643,16636847,0,0,0
4,1645,16646851,118,25,8227
13,1644,16646873,0,2,0
4,1646,16656979,121,21,8229
13,1645,16657001,0,1,2
4,1647,16667013,112,28,8234
13,1646,16667035,0,1,2
4,1648,16677015,107,30,8230
13,1647,16677037,0,0,0
4,1649,16687171,113,38,8231
13,1648,16687193,-1,0,1
4,1650,16697262,101,29,8224
13,1649,16697284,-1,1,1
4,1651,16707263,106,19,8220
13,1650,16707285,0,1,1
4,1652,16717400,111,24,8231
13,1651,16717422,0,-2,0
4,1653,16727391,111,24,8230
13,1652,16727413,-1,-1,-1
4,1654,16737498,113,21,8225
13,1653,16737520,0,0,-1
4,1655,16747565,119,33,8228
13,1654,16747587,2,0,-2
4,1656,16757569,112,25,8219
13,1655,16757591,0,2,0
4,1657,16767667,110,29,8231
13,1656,16767689,1,2,-1
4,1658,16777802,111,25,8232
13,1657,16777824,3,1,0
4,1659,16787751,103,20,8216
13,1658,16787773,-1,2,0
4,1660,16797832,99,27,8226
13,1659,16797854,0,0,-2
4,1661,16807895,105,24,8228
13,1660,16807917,3,-1,-2
4,1662,16817921,112,17,8217
13,1661,16817943,0,1,0
4,1663,16828033,114,22,8229
13,1662,16828054,-1,0,0
4,1664,16838079,117,24,8226
13,1663,16838101,-1,0,1
4,1665,16848081,105,28,8220
13,1664,16848103,-2,0,0
4,1666,16858407,102,26,8227
13,1665,16858429,0,0,1
4,1667,16868310,115,23,8222
13,1666,16868332,0,1,1
4,1668,16878381,114,29,8219
13,1667,16878403,0,-1,0
4,1669,16888429,112,28,8225
13,1668,16888451,-1,0,0
4,1670,16898577,122,20,8222
13,1669,16898599,0,1,0
4,1671,16908595,112,25,8216
13,1670,16908617,1,1,1
4,1672,16918685,105,25,8226
13,1671,16918707,-1,0,0
4,1673,16928679,109,28,8228
13,1672,16928701,-2,0,0
4,1674,16938832,123,29,8228
13,1673,16938854,0,-1,0
4,1675,16948816,118,21,8216
13,1674,16948838,1,0,-1
4,1676,16958850,113,27,8221
13,1675,16958872,0,0,0
4,1677,16968955,121,30,8234
13,1676,16968977,0,0,0
4,1678,16979094,107,24,8225
13,1677,16979116,2,2,0
4,1679,16989094,106,41,8225
13,1678,16989116,0,1,0
4,1680,16999194,121,30,8218
13,1679,16999216,0,0,-1
4,1681,17009242,115,25,8225
13,1680,17009264,1,0,-1
4,1682,17019409,112,30,8222
13,1681,17019431,0,0,1
4,1683,17029383,93,26,8218
13,1682,17029405,-1,1,0
4,1684,17039435,113,24,8229
13,1683,17039457,0,2,1
4,1685,17049504,119,28,8219
13,1684,17049525,0,0,0
4,1686,17059601,112,34,8221
13,1685,17059623,0,0,0
4,1687,17069649,111,29,8226
13,1686,17069671,-1,1,0
4,1688,17079661,117,24,8222
13,1687,17079683,0,0,0
4,1689,17089779,113,27,8224
13,1688,17089801,0,2,2
4,1690,17100027,111,31,8220
13,1689,17100049,0,3,-2
4,1691,17109909,116,28,8224
13,1690,17109931,0,1,1
4,1692,17120020,116,18,8229
13,1691,17120042,-2,-1,2
4,1693,17130012,112,16,8227
13,1692,17130034,0,0,1
4,1694,17140205,109,27,8229
13,1693,17140227,0,1,0
4,1695,17150201,108,31,8220
13,1694,17150223,0,1,2
4,1696,17160255,101,22,8233
13,1695,17160277,1,3,1
4,1697,17170353,108,29,8220
13,1696,17170375,0,0,2
4,1698,17180438,113,31,8220
13,1697,17180460,-1,-1,2
4,1699,17190468,107,26,8226
13,1698,17190490,0,0,0
4,1700,17200549,110,26,8221
13,1699,17200571,0,0,-1
4,1701,17210626,110,34,8219
13,1700,17210648,1,0,1
4,1702,17220704,116,36,8235
13,1701,17220726,0,1,2
4,1703,17230685,97,30,8231
13,1702,17230707,-1,1,1
4,1704,17240864,104,34,8221
13,1703,17240886,0,0,-1
4,1705,17250960,104,35,8233
13,1704,17250982,0,-1,-1
4,1706,17261066,105,40,8227
13,1705,17261088,0,1,0
4,1707,17271026,116,30,8225
13,1706,17271048,-1,-1,0
4,1708,17281085,108,19,8229
13,1707,17281107,0,1,0
4,1709,17291155,113,26,8238
13,1708,17291177,-1,0,4
4,1710,17301252,112,33,8216
13,1709,17301274,-2,0,2
4,1711,17311285,109,18,8218
13,1710,17311307,0,0,0
4,1712,17321356,109,20,8213
13,1711,17321378,1,3,0
4,1713,17331444,117,22,8224
13,1712,17331466,0,0,-1
4,1714,17341582,104,36,8229
13,1713,17341604,1,0,1
4,1715,17351551,105,20,8227
13,1714,17351573,1,0,0
4,1716,17361683,113,27,8230
13,1715,17361705,0,1,0
4,1717,17371693,113,24,8219
13,1716,17371715,0,-3,0
4,1718,17381833,99,20,8232
13,1717,17381855,1,-1,0
4,1719,17391780,115,23,8230
13,1718,17391802,0,-2,-1
4,1720,17401927,115,13,8228
13,1719,17401949,0,-2,-1
4,1721,17411986,117,32,8227
13,1720,17412008,0,0,0
4,1722,17422175,114,28,8231
13,1721,17422197,0,0,0
4,1723,17432083,118,24,8236
13,1722,17432105,-2,0,1
4,1724,17442181,102,35,8230
13,1723,17442203,-1,0,0
4,1725,17452292,108,22,8229
13,1724,17452314,-1,1,-1
4,1726,17462371,112,23,8227
13,1725,17462393,0,0,0
4,1727,17472418,112,26,8222
13,1726,17472440,0,1,0
4,1728,17482431,123,25,8217
13,1727,17482453,0,1,0
4,1729,17492592,119,25,8222
13,1728,17492614,0,0,-1
4,1730,17502754,110,26,8227
13,1729,17502776,-1,0,1
4,1731,17512727,100,30,8224
13,1730,17512749,-1,0,2
4,1732,17522741,117,28,8233
13,1731,17522763,1,1,-2
4,1733,17532903,106,20,8232
13,1732,17532925,0,0,-1
4,1734,17542947,111,31,8218
13,1733,17542969,1,1,0
4,1735,17552926,113,39,8236
13,1734,17552948,1,1,0
4,1736,17563083,92,30,8228
13,1735,17563105,0,0,2
4,1737,17573123,99,26,8221
13,1736,17573145,0,0,0
4,1738,17583311,113,29,8224
13,1737,17583333,0,-1,1
4,1739,17593263,110,26,8227
13,1738,17593285,-1,0,3
4,1740,17603332,118,8,8231
13,1739,17603354,0,0,0
4,1741,17613414,111,15,8229
13,1740,17613463,0,0,1
4,1742,17623551,116,19,8236
13,1741,17623573,0,1,0
4,1743,17633549,107,19,8225
13,1742,17633571,0,-1,0
4,1744,17643642,108,30,8226
13,1743,17643664,0,2,0
4,1745,17653717,114,24,8232
13,1744,17653739,1,3,2
4,1746,17663812,115,36,8225
13,1745,17663834,0,2,1
4,1747,17673849,115,28,8231
13,1746,17673871,-1,2,0
4,1748,17683924,115,24,8223
13,1747,17683946,1,0,2
4,1749,17693936,110,22,8222
13,1748,17693958,2,1,1
4,1750,17704119,111,22,8216
13,1749,17704141,0,0,0
4,1751,17714165,111,28,8229
13,1750,17714187,-1,1,0
4,1752,17724163,105,29,8224
13,1751,17724185,0,0,-1
4,1753,17734238,114,29,8229
13,1752,17734260,-2,-2,2
4,1754,17744430,124,34,8235
13,1753,17744452,0,0,0
4,1755,17754478,110,24,8216
13,1754,17754500,0,0,-1
4,1756,17764468,94,27,8224
13,1755,17764490,-1,0,-1
4,1757,17774505,118,30,8239
13,1756,17774527,1,3,0
4,1758,17784688,120,25,8228
13,1757,17784710,1,0,0
4,1759,17794656,127,20,8226
13,1758,17794678,2,0,-2
4,1760,17804731,116,33,8224
13,1759,17804752,0,1,0
4,1761,17814780,103,30,8224
13,1760,17814802,1,1,1
4,1762,17824970,114,32,8229
13,1761,17824992,0,0,0
4,1763,17834985,122,30,8236
13,1762,17835007,0,0,-2
4,1764,17844993,111,28,8233
13,1763,17845015,0,0,-2
4,1765,17855015,106,27,8228
13,1764,17855037,0,-1,-1
4,1766,17865203,103,27,8232
13,1765,17865225,1,-1,0
4,1767,17875307,106,29,8227
13,1766,17875329,0,0,-1
4,1768,17885328,105,21,8221
13,1767,17885350,1,0,0
4,1769,17895434,114,26,8233
13,1768,17895456,0,3,0
4,1770,17905510,111,25,8229
13,1769,17905532,1,0,-1
4,1771,17915464,116,29,8221
13,1770,17915486,-1,0,-1
4,1772,17925538,116,27,8230
13,1771,17925560,1,1,0
4,1773,17935553,106,17,8239
13,1772,17935575,0,0,0
4,1774,17945743,111,27,8224
13,1773,17945765,0,0,-1
4,1775,17955756,113,9,8207
13,1774,17955778,0,0,1
4,1776,17965911,105,15,8219
13,1775,17965933,-1,1,0
4,1777,17975892,109,21,8228
13,1776,17975914,0,1,-2
4,1778,17986155,108,23,8223
13,1777,17986177,0,0,1
4,1779,17995977,104,32,8224
13,1778,17995999,-2,1,1
4,1780,18006194,107,33,8225
13,1779,18006216,0,2,-1
4,1781,18016208,116,29,8239
13,1780,18016230,1,-1,-1
4,1782,18026264,111,25,8220
13,1781,18026286,-1,2,0
4,1783,18036332,110,18,8225
13,1782,18036354,-1,0,-1
4,1784,18046407,111,33,8213
13,1783,18046429,0,-1,-1
4,1785,18056494,115,22,8235
13,1784,18056516,0,2,0
4,1786,18066694,109,18,8233
13,1785,18066716,-2,1,-1
4,1787,18076606,97,24,8219
13,1786,18076628,0,-2,-1
4,1788,18086691,108,32,8220
13,1787,18086713,0,1,0
4,1789,18096752,112,28,8217
13,1788,18096774,-1,5,0
4,1790,18106863,121,19,8226
13,1789,18106885,1,0,-4
4,1791,18116991,114,19,8216
13,1790,18117013,0,-1,-2
4,1792,18126982,116,37,8226
13,1791,18127004,-1,2,0
4,1793,18137127,104,28,8225
13,1792,18137149,1,0,-2
4,1794,18147170,102,24,8222
13,1793,18147192,0,2,-2
4,1795,18157211,103,21,8223
13,1794,18157233,1,2,1
4,1796,18167269,115,26,8230
13,1795,18167291,0,0,0
4,1797,18177341,119,18,8226
13,1796,18177363,0,-1,-4
4,1798,18187440,102,16,8226
13,1797,18187462,1,1,-2
4,1799,18197411,121,8,8207
13,1798,18197433,0,1,-1
4,1800,18207541,110,28,8230
13,1799,18207563,-1,0,0
4,1801,18217562,109,35,8227
13,1800,18217584,0,0,-2
4,1802,18227771,107,20,8230
13,1801,18227793,0,0,-3
4,1803,18237698,104,19,8235
13,1802,18237720,0,-1,0
4,1804,18247834,112,29,8215
13,1803,18247856,0,-1,0
4,1805,18257907,118,29,8231
13,1804,18257929,0,1,0
4,1806,18268022,111,22,8225
13,1805,18268044,0,2,0
4,1807,18278091,107,21,8224
13,1806,18278113,1,0,0
4,1808,18288076,104,36,8216
13,1807,18288098,0,0,-1
4,1809,18298178,122,24,8233
13,1808,18298200,-2,-1,0
4,1810,18308327,112,30,8230
13,1809,18308349,0,2,1
4,1811,18318303,106,32,8228
13,1810,18318325,0,0,0
4,1812,18328376,111,28,8230
13,1811,18328398,0,0,0
4,1813,18338432,111,19,8221
13,1812,18338454,0,1,0
4,1814,18348553,119,20,8228
13,1813,18348575,0,0,-1
4,1815,18358577,98,22,8226
13,1814,18358599,0,0,0
4,1816,18368698,106,29,8234
13,1815,18368720,0,0,0
4,1817,18378739,134,33,8220
13,1816,18378761,0,0,1
4,1818,18388990,124,28,8208
13,1817,18389012,-1,1,1
4,1819,18398876,111,29,8222
13,1818,18398898,0,-1,1
4,1820,18408900,102,21,8228
13,1819,18408922,0,0,2
4,1821,18418971,110,26,8227
13,1820,18418993,0,0,1
4,1822,18429091,108,26,8232
13,1821,18429113,0,1,0
4,1823,18439200,119,33,8230
13,1822,18439222,0,0,0
4,1824,18449169,113,29,8225
13,1823,18449191,-1,1,1
4,1825,18459269,116,27,8220
13,1824,18459291,0,0,1
4,1826,18469414,108,22,8223
13,1825,18469436,0,0,0
4,1827,18479456,104,27,8224
13,1826,18479478,0,2,0
4,1828,18489458,107,34,8225
13,1827,18489480,2,0,0
4,1829,18499536,115,33,8217
13,1828,18499558,0,-1,0
4,1830,18509669,120,20,8232
13,1829,18509691,-1,0,0
4,1831,18519743,118,9,8225
13,1830,18519765,0,-1,1
4,1832,18529790,113,19,8224
13,1831,18529812,0,-1,0
4,1833,18539771,103,31,8229
13,1832,18539793,0,0,1
4,1834,18549956,108,10,8227
13,1833,18549978,0,0,1
4,1835,18559958,111,25,8234
13,1834,18559980,0,0,-2
4,1836,18569997,102,21,8228
13,1835,18570019,0,-3,-3
4,1837,18580086,110,10,8223
13,1836,18580108,0,-2,0
4,1838,18590178,114,38,8226
13,1837,18590200,0,-1,0
4,1839,18600214,111,25,8232
13,1838,18600236,0,-2,0
4,1840,18610280,105,14,8228
13,1839,18610302,0,-1,0
4,1841,18620338,103,28,8223
13,1840,18620360,2,-2,-1
4,1842,18630529,110,22,8229
13,1841,18630551,0,0,2
4,1843,18640487,111,28,8221
13,1842,18640509,1,-2,1
4,1844,18650569,117,38,8222
13,1843,18650591,0,-2,0
4,1845,18660554,113,25,8232
13,1844,18660576,-1,-1,-1
4,1846,18670685,115,18,8219
13,1845,18670707,-2,0,0
4,1847,18680729,119,30,8215
13,1846,18680751,0,0,0
4,1848,18690845,97,27,8222
13,1847,18690867,0,0,-1
4,1849,18700863,110,32,8221
13,1848,18700885,1,0,-1
4,1850,18711025,114,30,8237
13,1849,18711047,0,-1,-2
4,1851,18721039,109,36,8220
13,1850,18721061,0,-1,1
4,1852,18731050,105,26,8225
13,1851,18731072,1,-1,2
4,1853,18741120,111,24,8221
13,1852,18741142,1,-2,0
4,1854,18751235,106,26,8223
13,1853,18751257,0,1,0
4,1855,18761314,111,20,8230
13,1854,18761336,0,2,-1
4,1856,18771338,110,19,8222
13,1855,18771360,-1,0,0
4,1857,18781386,112,29,8222
13,1856,18781408,0,-2,1
4,1858,18791596,125,37,8226
13,1857,18791618,1,0,-2
4,1859,18801449,107,21,8222
13,1858,18801471,2,0,-1
4,1860,18811572,103,19,8225
13,1859,18811594,0,-1,0
4,1861,18821692,109,22,8225
13,1860,18821714,-2,1,0
4,1862,18831737,110,27,8221
13,1861,18831758,0,0,0
4,1863,18841777,117,28,8221
13,1862,18841799,2,0,0
4,1864,18851858,115,28,8223
13,1863,18851880,2,0,0
4,1865,18861914,101,28,8224
13,1864,18861936,0,0,0
4,1866,18872080,104,18,8227
13,1865,18872102,0,1,0
4,1867,18882067,110,30,8219
13,1866,18882089,0,2,0
4,1868,18892185,121,23,8227
13,1867,18892207,0,-2,0
4,1869,18902182,122,26,8242
13,1868,18902204,0,-2,0
4,1870,18912322,111,29,8234
13,1869,18912344,1,1,0
4,1871,18922303,122,33,8227
13,1870,18922324,0,1,1
4,1872,18932430,118,34,8218
13,1871,18932452,0,1,1
4,1873,18942436,99,27,8219
13,1872,18942458,1,0,0
4,1874,18952533,111,22,8224
13,1873,18952555,0,-3,0
4,1875,18962634,118,22,8211
13,1874,18962656,0,-2,-2
4,1876,18972632,104,19,8224
13,1875,18972654,2,0,0
4,1877,18982694,108,24,8227
13,1876,18982716,0,0,1
4,1878,18992748,111,25,8217
13,1877,18992770,1,-2,2
4,1879,19002809,110,25,8223
13,1878,19002859,2,-2,2
4,1880,19012990,110,27,8222
13,1879,19013012,1,0,0
4,1881,19022908,105,28,8221
13,1880,19022930,-2,-1,0
4,1882,19033109,120,34,8226
13,1881,19033131,0,1,-1
4,1883,19043083,114,39,8214
13,1882,19043105,0,0,1
4,1884,19053155,126,24,8222
13,1883,19053177,0,0,0
4,1885,19063199,117,14,8217
13,1884,19063221,0,0,0
4,1886,19073326,108,30,8233
13,1885,19073348,1,-1,0
4,1887,19083288,105,34,8227
13,1886,19083310,1,0,0
4,1888,19093391,117,33,8220
13,1887,19093413,0,-2,0
4,1889,19103523,113,28,8216
13,1888,19103545,0,0,-1
4,1890,19113622,119,23,8219
13,1889,19113671,-1,0,0
4,1891,19123545,118,25,8223
13,1890,19123567,0,0,-1
4,1892,19133658,102,11,8220
13,1891,19133680,0,0,-3
4,1893,19143765,103,25,8213
13,1892,19143787,2,-2,0
4,1894,19153773,118,26,8221
13,1893,19153795,2,0,2
4,1895,19163871,120,25,8223
13,1894,19163893,1,-1,0
4,1896,19173997,115,10,8225
13,1895,19174019,1,-2,0
4,1897,19184042,106,29,8227
13,1896,19184064,0,0,-1
4,1898,19194166,104,35,8227
13,1897,19194188,0,-1,-2
4,1899,19204114,105,30,8210
13,1898,19204136,0,-2,0
4,1900,19214137,116,28,8220
13,1899,19214159,0,-2,1
4,1901,19224296,106,26,8226
13,1900,19224318,0,-1,0
4,1902,19234391,122,22,8220
13,1901,19234413,1,0,-1
4,1903,19244377,110,28,8228
13,1902,19244399,-1,-3,1
4,1904,19254555,105,30,8224
13,1903,19254577,0,-2,0
4,1905,19264536,113,23,8218
13,1904,19264558,0,-2,1
4,1906,19274756,116,34,8231
13,1905,19274778,1,-2,2
4,1907,19284767,102,32,8231
13,1906,19284789,0,0,0
4,1908,19294753,112,26,8217
13,1907,19294775,0,0,0
4,1909,19304823,114,39,8224
13,1908,19304845,0,-1,0
4,1910,19314937,113,29,8228
13,1909,19314959,0,0,-1
4,1911,19324872,113,27,8214
13,1910,19324894,0,0,-1
4,1912,19335032,124,27,8222
13,1911,19335054,-1,0,0
4,1913,19345076,108,30,8217
13,1912,19345098,0,0,0
4,1914,19355267,107,25,8217
13,1913,19355289,0,0,-2
4,1915,19365215,118,31,8235
13,1914,19365237,0,0,0
4,1916,19375276,116,22,8224
13,1915,19375298,2,-1,1
4,1917,19385347,114,25,8224
13,1916,19385369,0,0,-1
4,1918,19395483,117,30,8235
13,1917,19395505,0,2,0
4,1919,19405525,122,18,8222
13,1918,19405547,1,0,0
4,1920,19415512,110,28,8220
13,1919,19415534,0,0,-2
4,1921,19425675,109,23,8229
13,1920,19425697,0,-2,-1
4,1922,19435779,109,27,8233
13,1921,19435801,0,0,0
4,1923,19445773,112,23,8225
13,1922,19445795,-1,1,0
4,1924,19455848,112,29,8236
13,1923,19455870,-2,0,0
4,1925,19465957,110,20,8222
13,1924,19465979,-1,-2,0
4,1926,19476068,112,24,8234
13,1925,19476090,2,-1,0
4,1927,19486102,104,23,8222
13,1926,19486124,1,0,0
4,1928,19496122,107,22,8226
13,1927,19496144,-1,0,1
4,1929,19506155,121,20,8214
13,1928,19506204,0,-3,2
4,1930,19516335,113,32,8221
13,1929,19516357,1,0,0
4,1931,19526282,118,22,8229
13,1930,19526304,1,0,-1
4,1932,19536379,110,28,8228
13,1931,19536401,1,-2,0
4,1933,19546445,108,19,8234
13,1932,19546467,-3,1,1
4,1934,19556522,112,26,8219
13,1933,19556544,0,2,0
4,1935,19566561,114,34,8223
13,1934,19566583,0,-1,1
4,1936,19576615,117,16,8225
13,1935,19576637,0,-1,0
4,1937,19586692,111,10,8242
13,1936,19586714,2,0,-2
4,1938,19596880,116,25,8226
13,1937,19596902,0,1,0
4,1939,19606832,96,22,8225
13,1938,19606854,1,0,1
4,1940,19616902,110,37,8226
13,1939,19616924,0,0,0
4,1941,19626944,108,33,8232
13,1940,19626966,0,0,0
4,1942,19637070,113,28,8233
13,1941,19637092,0,0,2
4,1943,19647071,111,30,8222
13,1942,19647093,0,0,2
4,1944,19657194,112,32,8220
13,1943,19657216,-1,0,1
4,1945,19667286,110,34,8219
13,1944,19667308,0,0,2
4,1946,19677384,108,25,8221
13,1945,19677406,0,1,0
4,1947,19687364,116,24,8217
13,1946,19687386,0,-1,-1
4,1948,19697344,118,33,8220
13,1947,19697366,0,2,-1
4,1949,19707470,113,37,8220
13,1948,19707492,-2,2,0
4,1950,19717578,102,31,8219
13,1949,19717600,0,-2,1
4,1951,19727600,97,29,8235
13,1950,19727622,0,-1,0
4,1952,19737698,108,23,8225
13,1951,19737720,0,0,0
4,1953,19747674,114,41,8231
13,1952,19747696,-1,1,0
4,1954,19757947,118,33,8232
13,1953,19757969,-1,0,0
4,1955,19767899,116,23,8221
13,1954,19767921,0,-1,-2
4,1956,19777955,111,28,8226
13,1955,19777977,-1,-3,0
4,1957,19788020,124,19,8228
13,1956,19788042,-1,0,1
4,1958,19798090,114,7,8231
13,1957,19798111,0,0,-1
4,1959,19808151,107,26,8234
13,1958,19808173,0,2,0
4,1960,19818274,116,29,8217
13,1959,19818296,0,0,0
4,1961,19828275,116,26,8209
13,1960,19828297,1,0,1
4,1962,19838435,114,28,8230
13,1961,19838456,0,-1,1
4,1963,19848402,112,19,8224
13,1962,19848424,1,0,0
4,1964,19858464,111,19,8227
13,1963,19858486,0,1,0
4,1965,19868530,112,30,8233
13,1964,19868552,0,0,0
4,1966,19878627,103,25,8216
13,1965,19878649,0,1,0
4,1967,19888676,111,29,8220
13,1966,19888698,1,-1,-1
4,1968,19898772,115,31,8222
13,1967,19898794,0,-1,0
4,1969,19908826,110,25,8226
13,1968,19908848,0,0,0
4,1970,19918975,119,25,8219
13,1969,19918997,0,2,0
4,1971,19928981,104,30,8215
13,1970,19929003,0,0,0
4,1972,19938972,105,24,8217
13,1971,19938994,0,0,0
4,1973,19949084,112,30,8232
13,1972,19949106,-1,0,0
4,1974,19959108,120,29,8223
13,1973,19959130,1,-1,1
4,1975,19969224,118,30,8230
13,1974,19969246,3,-2,3
4,1976,19979268,114,28,8225
13,1975,19979290,2,0,1
4,1977,19989341,112,30,8223
13,1976,19989363,-1,1,1
4,1978,19999437,108,31,8218
13,1977,19999459,0,1,0
4,1979,20009460,116,31,8220
13,1978,20009509,1,-2,1
4,1980,20019580,113,19,8231
13,1979,20019602,0,-1,0
4,1981,20029615,107,25,8219
13,1980,20029637,0,0,0
4,1982,20039716,113,19,8221
13,1981,20039738,0,-1,0
4,1983,20049695,114,20,8218
13,1982,20049717,0,-1,0
4,1984,20059787,117,28,8220
13,1983,20059808,0,-1,0
4,1985,20069840,110,32,8228
13,1984,20069862,0,-1,0
4,1986,20080013,107,28,8231
13,1985,20080035,-1,0,0
4,1987,20089955,130,31,8217
13,1986,20089977,0,-1,0
4,1988,20100118,124,30,8224
13,1987,20100140,3,0,2
4,1989,20110129,112,35,8236
13,1988,20110151,1,0,0
4,1990,20120169,106,26,8231
13,1989,20120191,0,0,-2
4,1991,20130289,104,13,8222
13,1990,20130311,1,0,1
4,1992,20140370,119,25,8208
13,1991,20140392,0,1,0
4,1993,20150413,113,30,8206
13,1992,20150435,0,0,0
4,1994,20160602,109,23,8227
13,1993,20160624,0,0,-1
4,1995,20170539,117,22,8216
13,1994,20170561,-2,0,2
4,1996,20180607,97,30,8227
13,1995,20180629,-1,0,2
4,1997,20190662,105,23,8229
13,1996,20190684,-1,0,1
4,1998,20200737,107,30,8237
13,1997,20200759,0,0,0
4,1999,20210810,103,39,8220
13,1998,20210832,-1,-2,2
4,2000,20220865,100,26,8223
13,1999,20220887,0,-2,0
4,2001,20230873,115,18,8228
13,2000,20230895,-1,-2,0
4,2002,20241090,116,25,8219
13,2001,20241112,-1,-1,0
4,2003,20251078,115,35,8236
13,2002,20251100,0,-1,1
4,2004,20261067,97,26,8232
13,2003,20261089,0,-2,1
4,2005,20271231,95,35,8222
13,2004,20271253,0,0,1
4,2006,20281366,105,33,8232
13,2005,20281388,0,-1,-1
4,2007,20291296,118,37,8215
13,2006,20291318,-2,-1,1
4,2008,20301426,112,9,8218
13,2007,20301448,0,-1,2
4,2009,20311470,119,25,8231
13,2008,20311492,0,0,1
4,2010,20321698,108,19,8227
13,2009,20321720,-1,-1,1
4,2011,20331574,117,26,8220
13,2010,20331596,0,1,0
4,2012,20341611,113,30,8219
13,2011,20341633,0,0,0
4,2013,20351791,117,36,8219
13,2012,20351812,0,-1,1
4,2014,20361828,104,30,8230
13,2013,20361850,0,0,2
4,2015,20371877,95,33,8221
13,2014,20371899,0,0,1
4,2016,20381909,104,32,8233
13,2015,20381931,0,0,0
4,2017,20392025,108,29,8228
13,2016,20392047,0,0,0
4,2018,20402231,115,28,8229
13,2017,20402253,0,0,1
4,2019,20412149,112,25,8227
13,2018,20412171,0,-3,3
4,2020,20422153,100,29,8218
13,2019,20422175,0,-2,2
4,2021,20432258,106,17,8225
13,2020,20432280,0,0,0
4,2022,20442416,117,15,8226
13,2021,20442438,0,1,0
4,2023,20452394,107,24,8224
13,2022,20452416,0,0,0
4,2024,20462559,106,18,8227
13,2023,20462581,1,0,0
4,2025,20472528,111,20,8217
13,2024,20472550,1,0,1
4,2026,20482658,116,26,8216
13,2025,20482680,0,-1,0
4,2027,20492665,114,30,8225
13,2026,20492686,-1,0,0
4,2028,20502656,100,27,8225
13,2027,20502678,1,2,0
4,2029,20512794,116,22,8221
13,2028,20512844,1,-1,0
4,2030,20522924,117,27,8227
13,2029,20522946,-1,0,0
4,2031,20533023,113,29,8223
13,2030,20533045,0,0,-2
4,2032,20543037,115,32,8219
13,2031,20543059,-1,0,-2
4,2033,20553123,110,22,8222
13,2032,20553145,0,-1,-1
4,2034,20563179,119,32,8226
13,2033,20563201,0,0,0
4,2035,20573249,121,18,8221
13,2034,20573271,0,0,0
4,2036,20583283,112,24,8223
13,2035,20583305,0,1,0
4,2037,20593252,105,21,8222
13,2036,20593274,-1,0,0
4,2038,20603426,106,25,8221
13,2037,20603448,0,-1,1
4,2039,20613438,111,29,8228
13,2038,20613460,2,4,0
4,2040,20623543,117,14,8228
13,2039,20623565,0,0,-1
4,2041,20633631,115,34,8227
13,2040,20633680,-1,-1,-1
4,2042,20643770,115,26,8226
13,2041,20643792,0,-1,0
4,2043,20653754,111,38,8230
13,2042,20653776,0,-3,0
4,2044,20663797,108,33,8230
13,2043,20663819,0,-1,0
4,2045,20673876,104,28,8238
13,2044,20673898,-1,1,0
4,2046,20683983,110,34,8226
13,2045,20684005,-1,0,0
4,2047,20693961,112,35,8227
13,2046,20693983,0,0,1
4,2048,20704080,104,25,8223
13,2047,20704102,0,0,0
4,2049,20714029,94,18,8237
13,2048,20714051,0,-1,1
4,2050,20724259,108,15,8222
13,2049,20724281,-1,-4,2
4,2051,20734214,109,20,8218
13,2050,20734236,0,-2,1
4,2052,20744299,110,22,8222
13,2051,20744321,0,0,4
4,2053,20754350,123,25,8224
13,2052,20754372,0,0,1
4,2054,20764413,116,19,8218
13,2053,20764462,0,0,1
4,2055,20774527,110,34,8208
13,2054,20774549,0,-3,-1
4,2056,20784528,110,36,8221
13,2055,20784550,1,0,-1
4,2057,20794633,111,33,8228
13,2056,20794655,0,-1,0
4,2058,20804725,105,30,8229
13,2057,20804747,-1,0,-2
4,2059,20814728,108,30,8230
13,2058,20814750,0,0,0
4,2060,20824781,105,25,8226
13,2059,20824803,0,1,0
4,2061,20834845,109,13,8230
13,2060,20834867,-1,0,0
4,2062,20845006,107,31,8232
13,2061,20845028,0,0,-1
4,2063,20854977,109,25,8228
13,2062,20854999,0,2,0
4,2064,20865073,115,34,8215
13,2063,20865095,1,-1,0
4,2065,20875111,114,22,8222
13,2064,20875133,0,0,0
4,2066,20885334,107,18,8221
13,2065,20885356,-1,2,0
4,2067,20895260,128,20,8227
13,2066,20895282,0,0,1
4,2068,20905343,114,30,8219
13,2067,20905365,-1,0,-1
4,2069,20915390,101,33,8216
13,2068,20915412,0,1,1
4,2070,20925502,116,38,8225
13,2069,20925524,0,2,0
4,2071,20935531,116,41,8232
13,2070,20935553,-1,0,-1
4,2072,20945577,107,35,8232
13,2071,20945599,1,2,0
4,2073,20955702,118,29,8236
13,2072,20955724,-1,0,0
4,2074,20965787,111,23,8218
13,2073,20965809,0,0,2
4,2075,20975714,111,14,8233
13,2074,20975736,1,-1,0
4,2076,20985844,111,26,8238
13,2075,20985866,1,0,0
4,2077,20995892,115,31,8231
13,2076,20995914,1,2,0
4,2078,21006074,108,15,8219
13,2077,21006124,0,1,0
4,2079,21016022,114,20,8238
13,2078,21016044,-3,0,0
4,2080,21026133,113,24,8237
13,2079,21026155,-1,0,0
4,2081,21036187,111,33,8226
13,2080,21036209,-1,1,0
4,2082,21046424,104,31,8223
13,2081,21046446,-1,0,0
4,2083,21056336,110,26,8216
13,2082,21056358,0,-1,1
4,2084,21066378,110,28,8225
13,2083,21066400,-1,-2,1
4,2085,21076442,113,29,8224
13,2084,21076464,-2,0,1
4,2086,21086570,117,26,8221
13,2085,21086592,0,0,1
4,2087,21096546,117,29,8222
13,2086,21096568,0,0,1
4,2088,21106583,116,26,8223
13,2087,21106605,0,-1,1
4,2089,21116686,109,29,8219
13,2088,21116708,0,0,0
4,2090,21126850,110,32,8223
13,2089,21126872,-1,1,0
4,2091,21136789,116,34,8213
13,2090,21136811,-1,0,2
4,2092,21146909,110,35,8234
13,2091,21146931,-1,0,2
4,2093,21156955,104,26,8221
13,2092,21156977,0,-1,0
4,2094,21167081,102,30,8227
13,2093,21167103,0,-1,0
4,2095,21177085,103,25,8234
13,2094,21177107,2,1,0
4,2096,21187122,97,23,8226
13,2095,21187144,1,0,2
4,2097,21197174,116,24,8220
13,2096,21197195,0,-1,0
4,2098,21207338,116,26,8221
13,2097,21207360,0,-1,1
4,2099,21217308,115,32,8224
13,2098,21217329,1,0,0
4,2100,21227307,113,34,8230
13,2099,21227329,0,0,-1
4,2101,21237425,99,32,8224
13,2100,21237447,0,-1,0
4,2102,21247523,113,21,8235
13,2101,21247545,0,2,0
4,2103,21257579,111,28,8232
13,2102,21257601,0,1,0
4,2104,21267622,118,18,8221
13,2103,21267671,0,-2,0
4,2105,21277688,115,28,8220
13,2104,21277710,1,0,1
4,2106,21287910,109,28,8235
13,2105,21287932,1,-3,1
4,2107,21297793,103,22,8226
13,2106,21297815,1,-4,2
4,2108,21307841,104,33,8232
13,2107,21307863,0,-3,1
4,2109,21317913,112,32,8223
13,2108,21317935,0,0,0
4,2110,21328040,107,28,8213
13,2109,21328062,1,0,1
4,2111,21338032,111,23,8227
13,2110,21338054,0,0,1
4,2112,21348052,121,33,8219
13,2111,21348074,0,-1,1
4,2113,21358172,116,20,8221
13,2112,21358194,0,-2,0
4,2114,21368211,116,35,8214
13,2113,21368233,2,-2,2
4,2115,21378204,98,23,8211
13,2114,21378226,0,0,3
4,2116,21388331,112,22,8228
13,2115,21388353,0,-1,0
4,2117,21398363,116,27,8226
13,2116,21398385,-1,0,-2
4,2118,21408475,103,35,8226
13,2117,21408497,0,0,0
4,2119,21418492,106,22,8225
13,2118,21418514,0,2,0
4,2120,21428586,115,28,8232
13,2119,21428608,1,0,0
4,2121,21438583,117,34,8229
13,2120,21438605,0,0,-1
4,2122,21448747,103,18,8217
13,2121,21448769,0,2,0
4,2123,21458760,109,26,8212
13,2122,21458782,0,-1,3
4,2124,21468767,104,22,8225
13,2123,21468789,0,-2,2
4,2125,21478879,103,27,8229
13,2124,21478901,0,0,1
4,2126,21488902,106,15,8221
13,2125,21488924,-1,1,0
4,2127,21499005,107,19,8209
13,2126,21499027,1,0,0
4,2128,21509007,116,30,8227
13,2127,21509029,1,1,0
4,2129,21519009,122,33,8231
13,2128,21519031,-1,1,1
4,2130,21529319,117,29,8227
13,2129,21529341,-3,-1,1
4,2131,21539224,111,29,8218
13,2130,21539246,0,0,0
4,2132,21549296,108,26,8226
13,2131,21549318,0,0,1
4,2133,21559283,114,32,8221
13,2132,21559305,0,1,0
4,2134,21569443,112,33,8225
13,2133,21569465,0,1,-1
4,2135,21579510,113,30,8219
13,2134,21579532,0,0,1
4,2136,21589463,109,25,8223
13,2135,21589484,2,-2,-2
4,2137,21599604,106,29,8216
13,2136,21599626,1,-2,-1
4,2138,21609744,107,20,8214
13,2137,21609766,-1,-1,0
4,2139,21619713,112,21,8223
13,2138,21619735,0,0,1
4,2140,21629763,105,27,8222
13,2139,21629785,0,0,0
4,2141,21639829,105,22,8228
13,2140,21639851,0,-3,-2
4,2142,21649881,115,16,8227
13,2141,21649903,-1,-1,0
4,2143,21660007,109,16,8232
13,2142,21660029,-1,1,1
4,2144,21670133,108,31,8230
13,2143,21670155,0,2,0
4,2145,21680118,110,35,8222
13,2144,21680140,0,0,1
4,2146,21690237,105,22,8230
13,2145,21690259,0,-1,0
4,2147,21700246,110,27,8228
13,2146,21700268,1,2,0
4,2148,21710287,116,25,8234
13,2147,21710309,0,2,0
4,2149,21720297,100,15,8216
13,2148,21720319,-1,-1,1
4,2150,21730472,114,32,8223
13,2149,21730494,0,-1,2
4,2151,21740567,107,18,8243
13,2150,21740589,0,0,2
4,2152,21750621,116,29,8236
13,2151,21750643,2,-2,3
4,2153,21760634,105,28,8232
13,2152,21760655,0,-2,2
4,2154,21770794,111,25,8234
13,2153,21770816,-1,2,0
4,2155,21780698,109,28,8231
13,2154,21780747,0,0,0
4,2156,21790865,107,36,8211
13,2155,21790887,0,-2,0
4,2157,21800903,99,16,8223
13,2156,21800925,0,1,0
4,2158,21810956,105,31,8227
13,2157,21810978,-1,2,0
4,2159,21821064,110,35,8222
13,2158,21821086,0,-1,0
4,2160,21831039,112,21,8216
13,2159,21831061,0,-1,-1
4,2161,21841157,107,28,8220
13,2160,21841179,2,-2,0
4,2162,21851372,104,20,8224
13,2161,21851394,1,0,0
4,2163,21861282,116,24,8226
13,2162,21861304,0,0,1
4,2164,21871346,110,27,8231
13,2163,21871368,-2,0,0
4,2165,21881426,107,22,8222
13,2164,21881448,0,-2,1
4,2166,21891454,111,24,8219
13,2165,21891476,1,-1,3
4,2167,21901552,127,35,8226
13,2166,21901601,0,2,0
4,2168,21911645,109,29,8231
13,2167,21911667,-2,0,0
4,2169,21921715,106,29,8234
13,2168,21921737,0,-1,-1
4,2170,21931867,113,27,8238
13,2169,21931889,0,1,0
4,2171,21941821,104,36,8239
13,2170,21941843,-1,-2,2
4,2172,21951850,103,26,8219
13,2171,21951872,-2,-2,1
4,2173,21961965,121,30,8224
13,2172,21961987,-1,0,0
4,2174,21972090,118,42,8224
13,2173,21972112,0,0,0
4,2175,21982036,115,24,8228
13,2174,21982058,2,0,0
4,2176,21992225,115,16,8232
13,2175,21992247,2,2,0
4,2177,22002226,107,26,8213
13,2176,22002248,0,1,1
4,2178,22012405,103,29,8232
13,2177,22012427,1,0,0
4,2179,22022365,120,21,8236
13,2178,22022387,1,0,-1
4,2180,22032511,113,29,8224
13,2179,22032533,0,0,0
4,2181,22042602,105,34,8214
13,2180,22042624,0,0,-1
4,2182,22052696,120,18,8226
13,2181,22052718,0,1,2
4,2183,22062659,112,25,8235
13,2182,22062681,0,1,1
4,2184,22072733,112,28,8234
13,2183,22072755,0,-1,0
4,2185,22082803,113,37,8219
13,2184,22082825,0,0,0
4,2186,22092905,106,32,8220
13,2185,22092926,1,0,0
4,2187,22102926,107,26,8226
13,2186,22102948,1,0,-1
4,2188,22112983,112,24,8224
13,2187,22113005,1,0,0
4,2189,22123043,99,30,8234
13,2188,22123065,0,-1,0
4,2190,22133167,108,28,8221
13,2189,22133189,0,-2,3
4,2191,22143194,106,32,8214
13,2190,22143216,1,0,0
4,2192,22153263,105,34,8226
13,2191,22153312,0,0,0
4,2193,22163386,112,34,8238
13,2192,22163408,1,-1,2
4,2194,22173515,118,40,8224
13,2193,22173537,0,-2,1
4,2195,22183498,111,24,8221
13,2194,22183520,0,0,-2
4,2196,22193569,104,28,8224
13,2195,22193591,0,0,0
4,2197,22203601,107,28,8225
13,2196,22203623,0,0,0
4,2198,22213672,106,15,8225
13,2197,22213694,0,-2,-1
4,2199,22223754,116,22,8233
13,2198,22223776,-1,-1,0
4,2200,22233906,107,22,8217
13,2199,22233928,2,0,-1
4,2201,22243868,121,18,8217
13,2200,22243890,1,1,-1
4,2202,22254059,116,34,8224
13,2201,22254081,0,0,2
4,2203,22263985,111,32,8233
13,2202,22264007,-2,0,0
4,2204,22274100,116,34,8227
13,2203,22274122,0,0,-1
4,2205,22284213,106,23,8219
13,2204,22284235,0,2,0
4,2206,22294308,115,26,8219
13,2205,22294330,0,0,0
4,2207,22304335,119,17,8230
13,2206,22304357,0,0,-1
4,2208,22314332,114,17,8238
13,2207,22314354,0,0,2
4,2209,22324445,114,30,8233
13,2208,22324467,-1,-1,0
4,2210,22334602,108,26,8234
13,2209,22334624,-1,-1,-1
4,2211,22344573,108,31,8225
13,2210,22344595,0,0,-1
4,2212,22354632,100,34,8221
13,2211,22354654,0,1,1
4,2213,22364651,112,31,8220
13,2212,22364673,-1,-2,0
4,2214,22374824,102,31,8232
13,2213,22374846,0,-3,1
4,2215,22384900,111,23,8226
13,2214,22384922,0,0,2
4,2216,22394939,108,35,8228
13,2215,22394960,0,0,0
4,2217,22404983,119,36,8232
13,2216,22405032,-2,-3,0
4,2218,22415161,113,37,8218
13,2217,22415183,0,-1,1
4,2219,22425156,107,26,8232
13,2218,22425178,0,0,1
4,2220,22435186,97,20,8229
13,2219,22435208,-2,-1,0
4,2221,22445251,113,24,8219
13,2220,22445273,0,-1,0
4,2222,22455355,124,37,8230
13,2221,22455377,2,-2,-2
4,2223,22465379,129,25,8217
13,2222,22465401,0,0,-1
4,2224,22475451,108,22,8224
13,2223,22475473,0,0,0
4,2225,22485521,112,17,8229
13,2224,22485543,1,-2,1
4,2226,22495758,100,20,8217
13,2225,22495780,-1,2,1
4,2227,22505664,101,35,8225
13,2226,22505686,0,1,1
4,2228,22515741,110,26,8229
13,2227,22515763,1,0,0
4,2229,22525734,113,19,8225
13,2228,22525756,0,1,0
4,2230,22535959,105,27,8222
13,2229,22535981,0,-1,0
4,2231,22545993,103,21,8208
13,2230,22546015,2,-1,1
4,2232,22556046,101,23,8227
13,2231,22556068,1,0,-1
4,2233,22566051,109,37,8226
13,2232,22566073,0,0,0
4,2234,22576235,119,30,8229
13,2233,22576257,0,-3,0
4,2235,22586223,121,33,8216
13,2234,22586245,0,-1,0
4,2236,22596263,109,29,8222
13,2235,22596285,0,0,2
4,2237,22606338,109,14,8221
13,2236,22606360,0,2,1
4,2238,22616389,110,27,8222
13,2237,22616411,0,0,0
4,2239,22626481,105,38,8219
13,2238,22626503,0,-1,2
4,2240,22636560,108,35,8236
13,2239,22636582,0,0,2
4,2241,22646622,108,26,8228
13,2240,22646644,0,0,0
4,2242,22656766,106,32,8220
13,2241,22656788,-1,0,0
4,2243,22666852,104,32,8230
13,2242,22666874,0,0,0
4,2244,22676853,128,28,8224
13,2243,22676875,0,0,1
4,2245,22686852,102,33,8214
13,2244,22686874,-1,1,-1
4,2246,22696985,111,36,8231
13,2245,22697007,0,0,0
4,2247,22707024,113,28,8224
13,2246,22707046,0,-1,0
4,2248,22717110,114,22,8230
13,2247,22717132,0,0,0
4,2249,22727155,116,34,8225
13,2248,22727177,0,0,0
4,2250,22737297,119,24,8220
13,2249,22737319,-1,-2,1
4,2251,22747264,105,23,8227
13,2250,22747286,-2,-1,0
4,2252,22757339,104,19,8219
13,2251,22757361,0,-1,0
4,2253,22767353,106,40,8217
13,2252,22767375,0,-2,0
4,2254,22777566,109,23,8215
13,2253,22777588,0,-1,0
4,2255,22787581,108,32,8224
13,2254,22787603,0,-2,0
4,2256,22797591,110,32,8222
13,2255,22797613,0,0,0
4,2257,22807696,119,22,8221
13,2256,22807718,-1,-1,1
4,2258,22817855,121,29,8225
13,2257,22817877,0,0,0
4,2259,22827786,113,34,8222
13,2258,22827808,0,1,-2
4,2260,22837871,111,25,8231
13,2259,22837893,0,-1,0
4,2261,22848012,115,23,8229
13,2260,22848034,0,0,2
4,2262,22857974,101,27,8229
13,2261,22857996,1,0,1
4,2263,22868081,100,26,8226
13,2262,22868103,0,0,0
4,2264,22878158,117,34,8230
13,2263,22878180,-1,0,-1
4,2265,22888259,119,25,8225
13,2264,22888281,-1,0,-2
4,2266,22898399,114,17,8235
13,2265,22898421,0,-2,0
4,2267,22908292,104,21,8229
13,2266,22908314,0,0,0
4,2268,22918475,111,31,8224
13,2267,22918497,0,0,0
4,2269,22928487,120,29,8221
13,2268,22928509,0,0,-1
4,2270,22938595,118,29,8217
13,2269,22938617,-1,0,-1
4,2271,22948595,121,33,8216
13,2270,22948617,0,-1,0
4,2272,22958669,114,25,8216
13,2271,22958691,0,-3,1
4,2273,22968754,106,21,8222
13,2272,22968776,0,-3,0
4,2274,22978864,111,29,8227
13,2273,22978886,1,-2,1
4,2275,22988807,117,27,8225
13,2274,22988829,0,0,0
4,2276,22998903,109,28,8212
13,2275,22998925,0,-1,0
4,2277,23009023,105,35,8221
13,2276,23009045,0,0,0
4,2278,23019045,96,35,8227
13,2277,23019067,0,-2,0
4,2279,23029131,113,24,8230
13,2278,23029181,0,-1,2
4,2280,23039197,122,21,8208
13,2279,23039219,0,-2,0
4,2281,23049182,113,26,8226
13,2280,23049204,-2,0,-1
4,2282,23059418,111,25,8232
13,2281,23059440,0,-1,1
4,2283,23069296,108,27,8222
13,2282,23069318,1,0,-2
4,2284,23079400,110,21,8224
13,2283,23079422,0,-2,0
4,2285,23089459,107,29,8227
13,2284,23089481,-1,-2,0
4,2286,23099631,108,26,8233
13,2285,23099653,-2,-1,0
4,2287,23109609,111,24,8229
13,2286,23109631,0,0,0
4,2288,23119725,107,27,8219
13,2287,23119747,-1,-1,0
4,2289,23129664,102,24,8228
13,2288,23129686,-2,-1,1
4,2290,23139938,116,31,8232
13,2289,23139960,0,0,1
4,2291,23149866,107,28,8219
13,2290,23149888,-1,-1,0
4,2292,23159859,110,25,8225
13,2291,23159881,-2,-2,0
4,2293,23169990,113,25,8236
13,2292,23170012,0,-1,0
4,2294,23180109,106,24,8227
13,2293,23180131,0,0,0
4,2295,23190142,116,29,8217
13,2294,23190164,0,0,-2
4,2296,23200249,119,30,8225
13,2295,23200271,0,2,-1
4,2297,23210235,105,23,8235
13,2296,23210257,-1,0,1
4,2298,23220397,108,24,8226
13,2297,23220419,0,-2,0
4,2299,23230343,102,38,8226
13,2298,23230365,1,0,0
4,2300,23240407,112,26,8237
13,2299,23240429,0,2,0
4,2301,23250554,116,16,8238
13,2300,23250576,0,-1,0
4,2302,23260569,116,32,8229
13,2301,23260591,0,-3,0
4,2303,23270667,108,30,8231
13,2302,23270689,0,0,0
4,2304,23280602,117,21,8219
13,2303,23280624,-1,0,0
4,2305,23290768,113,23,8209
13,2304,23290790,1,-1,2
4,2306,23300897,113,23,8234
13,2305,23300919,0,0,2
4,2307,23310861,105,30,8228
13,2306,23310883,0,0,0
4,2308,23320944,104,39,8223
13,2307,23320966,-1,-2,0
4,2309,23330911,102,32,8214
13,2308,23330933,-1,0,0
4,2310,23341076,97,33,8219
13,2309,23341098,-1,1,0
4,2311,23351019,105,27,8229
13,2310,23351040,-1,1,1
4,2312,23361178,110,19,8224
13,2311,23361200,0,1,0
4,2313,23371135,113,20,8224
13,2312,23371157,1,1,0
4,2314,23381371,108,18,8216
13,2313,23381393,0,3,1
4,2315,23391342,108,21,8225
13,2314,23391364,-1,0,-1
4,2316,23401404,109,20,8228
13,2315,23401426,-1,0,0
4,2317,23411562,115,22,8214
13,2316,23411584,0,2,0
4,2318,23421614,110,39,8228
13,2317,23421636,0,0,-1
4,2319,23431637,105,29,8235
13,2318,23431659,0,1,1
4,2320,23441697,112,24,8222
13,2319,23441719,0,2,0
4,2321,23451781,112,36,8213
13,2320,23451803,0,0,0
4,2322,23461926,106,19,8229
13,2321,23461948,0,-1,0
4,2323,23471865,98,29,8220
13,2322,23471887,0,0,2
4,2324,23481930,115,33,8219
13,2323,23481952,-1,0,-1
4,2325,23492001,107,21,8224
13,2324,23492023,1,1,-1
4,2326,23502120,107,29,8215
13,2325,23502142,0,0,0
4,2327,23512113,110,28,8212
13,2326,23512135,0,0,1
4,2328,23522257,112,34,8230
13,2327,23522279,0,0,0
4,2329,23532274,115,31,8228
13,2328,23532296,1,3,0
4,2330,23542375,101,18,8221
13,2329,23542397,0,3,0
4,2331,23552435,105,30,8203
13,2330,23552457,-3,1,0
4,2332,23562468,113,34,8220
13,2331,23562490,-2,-2,0
4,2333,23572581,106,34,8225
13,2332,23572603,0,-1,1
4,2334,23582625,108,20,8225
13,2333,23582647,-1,0,0
4,2335,23592638,113,21,8227
13,2334,23592660,0,1,0
4,2336,23602743,115,35,8226
13,2335,23602765,1,2,0
4,2337,23612846,109,21,8220
13,2336,23612868,-2,1,2
4,2338,23622945,119,24,8223
13,2337,23622967,-2,0,-1
4,2339,23632897,114,36,8219
13,2338,23632919,0,1,0
4,2340,23642974,113,33,8228
13,2339,23642996,0,0,0
4,2341,23653083,105,34,8231
13,2340,23653105,0,0,2
4,2342,23663166,104,19,8230
13,2341,23663188,-3,2,0
4,2343,23673163,108,21,8223
13,2342,23673185,0,0,0
4,2344,23683272,116,23,8215
13,2343,23683294,2,-1,1
4,2345,23693340,107,13,8222
13,2344,23693362,0,0,0
4,2346,23703462,111,25,8206
13,2345,23703483,0,0,0
4,2347,23713450,115,33,8220
13,2346,23713472,-1,2,0
4,2348,23723501,106,16,8222
13,2347,23723523,-1,0,-1
4,2349,23733575,109,21,8228
13,2348,23733597,0,0,0
4,2350,23743671,116,29,8233
13,2349,23743693,-1,-1,0
4,2351,23753706,103,30,8229
13,2350,23753728,1,0,-2
4,2352,23763788,109,30,8219
13,2351,23763810,2,-2,1
4,2353,23773844,114,37,8224
13,2352,23773866,0,1,0
4,2354,23784028,111,29,8223
13,2353,23784050,0,0,0
4,2355,23793917,114,30,8221
13,2354,23793939,0,1,0
4,2356,23804046,115,21,8234
13,2355,23804068,0,0,-1
4,2357,23814150,115,19,8227
13,2356,23814172,0,1,0
4,2358,23824272,115,28,8231
13,2357,23824294,-1,-2,0
4,2359,23834259,103,15,8230
13,2358,23834281,0,0,0
4,2360,23844322,109,21,8219
13,2359,23844344,1,0,0
4,2361,23854437,116,31,8223
13,2360,23854459,1,1,0
4,2362,23864523,110,28,8216
13,2361,23864545,0,0,0
4,2363,23874510,103,38,8233
13,2362,23874532,0,2,1
4,2364,23884568,115,32,8223
13,2363,23884589,0,1,1
4,2365,23894682,105,29,8221
13,2364,23894704,0,1,0
4,2366,23904738,93,33,8229
13,2365,23904760,-1,0,1
4,2367,23914766,119,29,8222
13,2366,23914788,-1,-1,0
4,2368,23924914,112,28,8234
13,2367,23924936,-1,2,0
4,2369,23934884,113,21,8227
13,2368,23934906,0,3,1
4,2370,23945113,115,21,8231
13,2369,23945135,-1,0,1
4,2371,23955113,115,32,8221
13,2370,23955135,0,0,1
4,2372,23965104,107,26,8220
13,2371,23965126,0,-2,0
4,2373,23975184,106,21,8221
13,2372,23975206,0,-1,0
4,2374,23985253,105,25,8219
13,2373,23985275,0,0,0
4,2375,23995281,114,26,8223
13,2374,23995303,0,-2,2
4,2376,24005370,136,29,8224
13,2375,24005392,0,0,0
4,2377,24015424,113,26,8220
13,2376,24015446,0,1,0
4,2378,24025673,115,39,8224
13,2377,24025695,-1,0,1
4,2379,24035533,113,23,8228
13,2378,24035555,0,-1,0
4,2380,24045677,97,23,8222
13,2379,24045699,1,0,1
4,2381,24055709,108,29,8220
13,2380,24055731,-1,1,1
4,2382,24065857,117,25,8231
13,2381,24065879,0,0,0
4,2383,24075859,103,29,8234
13,2382,24075881,0,0,0
4,2384,24085832,105,26,8219
13,2383,24085854,-1,-2,1
4,2385,24095995,116,33,8222
13,2384,24096017,0,0,0
4,2386,24106081,112,35,8230
13,2385,24106103,-1,1,-1
4,2387,24116056,110,27,8226
13,2386,24116078,0,1,-1
4,2388,24126080,116,24,8225
13,2387,24126102,0,1,-2
4,2389,24136177,128,24,8218
13,2388,24136199,1,0,2
4,2390,24146362,112,18,8233
13,2389,24146384,0,0,3
4,2391,24156261,113,32,8229
13,2390,24156283,-1,1,0
4,2392,24166441,120,41,8229
13,2391,24166463,0,3,1
4,2393,24176473,111,10,8215
13,2392,24176495,-1,0,0
4,2394,24186621,116,13,8224
13,2393,24186643,0,0,0
4,2395,24196600,110,30,8229
13,2394,24196622,0,0,0
4,2396,24206663,114,29,8214
13,2395,24206685,0,1,0
4,2397,24216689,122,23,8222
13,2396,24216711,1,2,0
4,2398,24226817,116,27,8232
13,2397,24226839,0,-1,1
4,2399,24236924,113,27,8230
13,2398,24236946,-1,2,0
4,2400,24246904,114,30,8224
13,2399,24246926,0,1,0
4,2401,24256923,109,17,8221
13,2400,24256945,0,0,-1
4,2402,24267156,110,24,8226
13,2401,24267178,0,3,0
4,2403,24277096,111,38,8217
13,2402,24277118,-1,2,1
4,2404,24287130,107,30,8213
13,2403,24287152,-1,1,1
4,2405,24297278,109,28,8222
13,2404,24297300,0,-1,-1
4,2406,24307453,111,29,8234
13,2405,24307475,0,3,-1
4,2407,24317469,108,25,8234
13,2406,24317491,0,3,0
4,2408,24327500,107,31,8229
13,2407,24327522,0,-1,0
4,2409,24337546,105,20,8220
13,2408,24337568,0,2,0
4,2410,24347605,112,39,8228
13,2409,24347627,1,0,0
4,2411,24357649,120,31,8232
13,2410,24357671,-2,0,-1
4,2412,24367725,114,23,8227
13,2411,24367747,-1,1,0
4,2413,24377756,111,27,8209
13,2412,24377778,-1,2,0
4,2414,24387932,108,25,8219
13,2413,24387954,-1,1,0
4,2415,24397860,110,29,8225
13,2414,24397882,-1,1,0
4,2416,24407991,104,40,8226
13,2415,24408013,0,0,-1
4,2417,24418121,114,26,8233
13,2416,24418143,0,0,0
4,2418,24428263,109,24,8219
13,2417,24428285,0,1,0
4,2419,24438214,108,19,8223
13,2418,24438236,-1,2,1
4,2420,24448271,110,30,8223
13,2419,24448293,1,0,0
4,2421,24458284,106,34,8221
13,2420,24458306,1,-2,0
4,2422,24468394,121,28,8236
13,2421,24468416,0,3,0
4,2423,24478431,105,29,8228
13,2422,24478453,0,0,0
4,2424,24488503,108,27,8225
13,2423,24488525,3,0,-1
4,2425,24498579,106,34,8228
13,2424,24498601,0,1,1
4,2426,24508727,109,22,8211
13,2425,24508749,-2,0,-1
4,2427,24518659,107,32,8221
13,2426,24518681,-2,0,-1
4,2428,24528764,109,34,8221
13,2427,24528786,-1,-3,1
4,2429,24538827,106,27,8222
13,2428,24538848,0,-1,1
4,2430,24548861,110,19,8222
13,2429,24548883,-1,2,0
4,2431,24559047,118,37,8227
13,2430,24559069,0,1,0
4,2432,24569066,110,35,8225
13,2431,24569088,0,0,-1
4,2433,24579119,121,28,8222
13,2432,24579141,0,1,-2
4,2434,24589256,122,22,8213
13,2433,24589278,0,1,0
4,2435,24599276,113,38,8228
13,2434,24599298,0,2,0
4,2436,24609331,116,32,8226
13,2435,24609353,1,3,1
4,2437,24619415,103,29,8223
13,2436,24619437,1,0,1
4,2438,24629431,115,19,8225
13,2437,24629453,1,-3,0
4,2439,24639475,117,29,8229
13,2438,24639497,2,0,0
4,2440,24649533,104,28,8231
13,2439,24649555,-1,1,0
4,2441,24659534,114,17,8226
13,2440,24659556,-1,1,-1
4,2442,24669778,114,24,8226
13,2441,24669800,0,0,0
4,2443,24679751,107,38,8228
13,2442,24679773,0,-1,2
4,2444,24689805,109,24,8230
13,2443,24689827,-1,-2,0
4,2445,24699872,121,29,8229
13,2444,24699894,-1,0,1
4,2446,24709951,108,22,8222
13,2445,24709973,0,1,1
4,2447,24719939,115,21,8227
13,2446,24719961,1,1,0
4,2448,24730042,105,26,8217
13,2447,24730064,0,1,0
4,2449,24740078,113,33,8210
13,2448,24740100,-1,0,2
4,2450,24750250,111,34,8231
13,2449,24750272,0,0,2
4,2451,24760212,109,28,8227
13,2450,24760234,1,0,1
4,2452,24770261,105,16,8223
13,2451,24770283,0,-2,0
4,2453,24780306,110,24,8224
13,2452,24780328,0,0,0
4,2454,24790424,118,26,8235
13,2453,24790446,0,1,1
4,2455,24800557,109,11,8225
13,2454,24800579,-3,2,0
4,2456,24810564,114,29,8228
13,2455,24810586,-3,3,0
4,2457,24820626,112,41,8232
13,2456,24820648,-1,-1,0
4,2458,24830740,113,31,8223
13,2457,24830762,0,0,0
4,2459,24840764,120,22,8215
13,2458,24840786,0,0,0
4,2460,24850828,116,23,8219
13,2459,24850850,-2,0,0
4,2461,24860862,112,27,8216
13,2460,24860884,-1,0,0
4,2462,24870981,102,30,8225
13,2461,24871003,1,0,0
4,2463,24880919,117,25,8219
13,2462,24880941,1,3,0
4,2464,24891050,112,30,8226
13,2463,24891072,0,0,0
4,2465,24901109,101,27,8225
13,2464,24901131,0,0,0
4,2466,24911303,120,28,8226
13,2465,24911352,0,0,0
4,2467,24921268,120,14,8218
13,2466,24921290,-2,-1,0
4,2468,24931274,120,23,8224
13,2467,24931324,0,0,0
4,2469,24941417,118,32,8238
13,2468,24941439,1,-1,0
4,2470,24951573,112,37,8228
13,2469,24951595,-1,0,0
4,2471,24961530,109,32,8209
13,2470,24961552,1,-2,0
4,2472,24971620,116,35,8220
13,2471,24971642,0,0,0
4,2473,24981663,120,43,8224
13,2472,24981685,-1,1,2
4,2474,24991824,108,26,8226
13,2473,24991846,0,-1,1
4,2475,25001793,110,24,8227
13,2474,25001815,0,0,0
4,2476,25011893,106,33,8228
13,2475,25011915,2,-1,0
4,2477,25021928,104,20,8211
13,2476,25021949,2,0,0
4,2478,25032073,105,26,8216
13,2477,25032095,0,0,1
4,2479,25042083,118,34,8234
13,2478,25042105,0,0,1
4,2480,25052147,103,24,8228
13,2479,25052196,-1,0,1
4,2481,25062308,111,28,8209
13,2480,25062330,-1,1,0
4,2482,25072386,100,29,8215
13,2481,25072408,-1,2,-2
4,2483,25082367,108,25,8218
13,2482,25082389,-1,0,-1
4,2484,25092392,116,23,8225
13,2483,25092414,0,0,1
4,2485,25102487,109,28,8221
13,2484,25102509,-2,0,0
4,2486,25112595,106,43,8222
13,2485,25112617,-2,2,0
4,2487,25122634,107,39,8219
13,2486,25122656,1,2,2
4,2488,25132677,103,29,8235
13,2487,25132699,0,0,0
4,2489,25142760,107,35,8226
13,2488,25142782,0,-1,-1
4,2490,25152944,125,35,8219
13,2489,25152966,0,0,0
4,2491,25162905,113,34,8221
13,2490,25162927,0,0,0
4,2492,25172998,110,22,8224
13,2491,25173020,0,3,0
4,2493,25182988,109,22,8221
13,2492,25183010,-1,3,-1
4,2494,25193188,98,23,8225
13,2493,25193210,0,0,1
4,2495,25203225,109,21,8222
13,2494,25203247,0,-1,0
4,2496,25213278,108,38,8225
13,2495,25213300,0,0,-2
4,2497,25223323,106,35,8231
13,2496,25223345,0,2,-1
4,2498,25233546,105,28,8222
13,2497,25233568,0,3,0
4,2499,25243451,115,42,8222
13,2498,25243473,-1,0,0
4,2500,25253480,115,29,8230
13,2499,25253502,0,0,2
4,2501,25263605,115,21,8227
13,2500,25263627,0,0,0
4,2502,25273721,113,18,8226
13,2501,25273743,0,0,0
4,2503,25283755,113,19,8224
13,2502,25283777,-1,0,1
4,2504,25293861,119,27,8226
13,2503,25293883,0,0,0
4,2505,25303889,117,32,8215
13,2504,25303939,0,-1,-1
4,2506,25314092,108,32,8226
13,2505,25314114,0,0,0
4,2507,25324056,112,21,8223
13,2506,25324078,0,0,1
4,2508,25334053,115,40,8226
13,2507,25334075,0,0,2
4,2509,25344212,116,27,8231
13,2508,25344234,0,-1,0
4,2510,25354273,109,32,8224
13,2509,25354295,0,0,-2
4,2511,25364263,107,37,8230
13,2510,25364285,0,-1,1
4,2512,25374358,105,38,8223
13,2511,25374380,0,-3,0
4,2513,25384441,121,33,8231
13,2512,25384463,0,0,0
4,2514,25394536,109,33,8220
13,2513,25394558,0,2,-1
4,2515,25404560,114,30,8225
13,2514,25404582,0,0,-1
4,2516,25414711,121,30,8230
13,2515,25414733,0,-1,0
4,2517,25424665,120,29,8229
13,2516,25424687,1,1,0
4,2518,25434861,113,16,8231
13,2517,25434883,0,0,0
4,2519,25444871,103,23,8219
13,2518,25444893,0,-1,2
4,2520,25455008,108,18,8218
13,2519,25455030,-1,0,1
4,2521,25464996,104,37,8223
13,2520,25465018,1,1,0
4,2522,25475071,107,32,8220
13,2521,25475093,0,-1,-2
4,2523,25485181,123,34,8221
13,2522,25485203,-1,-1,0
4,2524,25495177,118,40,8239
13,2523,25495199,0,0,0
4,2525,25505261,112,31,8221
13,2524,25505283,0,0,-2
4,2526,25515355,118,28,8220
13,2525,25515377,0,0,-2
4,2527,25525375,116,26,8226
13,2526,25525397,-2,0,0
4,2528,25535498,99,28,8224
13,2527,25535520,0,0,2
4,2529,25545492,103,30,8221
13,2528,25545514,0,-2,3
4,2530,25555663,110,32,8227
13,2529,25555685,0,-2,2
4,2531,25565664,118,38,8215
13,2530,25565686,0,-1,-1
4,2532,25575795,100,40,8221
13,2531,25575817,0,-1,0
4,2533,25585784,112,30,8226
13,2532,25585806,0,0,0
4,2534,25595934,119,36,8212
13,2533,25595956,0,0,0
4,2535,25605892,125,34,8220
13,2534,25605914,0,-1,1
4,2536,25615905,99,25,8218
13,2535,25615927,1,-1,0
4,2537,25626033,104,27,8211
13,2536,25626055,-1,-1,0
4,2538,25636120,114,20,8224
13,2537,25636141,0,0,1
4,2539,25646190,118,21,8220
13,2538,25646212,0,-4,0
4,2540,25656225,121,28,8221
13,2539,25656247,1,-1,0
4,2541,25666349,112,36,8225
13,2540,25666371,0,0,2
4,2542,25676407,105,33,8220
13,2541,25676429,0,0,2
4,2543,25686520,96,21,8223
13,2542,25686542,0,2,1
4,2544,25696472,111,33,8219
13,2543,25696494,0,1,0
4,2545,25706622,105,16,8218
13,2544,25706644,-1,0,0
4,2546,25716725,110,32,8229
13,2545,25716747,-1,0,0
4,2547,25726640,102,29,8236
13,2546,25726662,0,-3,2
4,2548,25736758,122,35,8218
13,2547,25736780,1,-3,0
4,2549,25746829,121,30,8222
13,2548,25746851,-2,-1,0
4,2550,25756926,123,26,8218
13,2549,25756948,-1,-1,0
4,2551,25767023,120,23,8221
13,2550,25767045,0,0,0
4,2552,25777020,116,12,8226
13,2551,25777042,0,0,0
4,2553,25787084,119,31,8223
13,2552,25787106,1,0,-2
4,2554,25797257,116,26,8214
13,2553,25797306,0,0,0
4,2555,25807208,118,31,8221
13,2554,25807257,0,0,0
4,2556,25817382,108,30,8236
13,2555,25817404,3,-1,0
4,2557,25827352,104,30,8220
13,2556,25827374,0,-2,0
4,2558,25837541,116,25,8220
13,2557,25837563,0,-1,0
4,2559,25847452,112,23,8227
13,2558,25847474,0,-1,-1
4,2560,25857569,119,15,8225
13,2559,25857591,0,0,0
4,2561,25867613,108,24,8216
13,2560,25867635,0,0,0
4,2562,25877777,115,26,8231
13,2561,25877799,1,-4,1
4,2563,25887780,111,24,8232
13,2562,25887802,0,-1,0
4,2564,25897776,110,32,8227
13,2563,25897797,0,0,0
4,2565,25907914,107,36,8230
13,2564,25907936,0,0,1
4,2566,25917949,108,29,8209
13,2565,25917971,0,-1,0
4,2567,25928037,114,23,8222
13,2566,25928059,-1,-3,0
4,2568,25938064,118,28,8216
13,2567,25938113,0,1,0
4,2569,25948177,118,26,8217
13,2568,25948199,0,1,0
4,2570,25958366,105,26,8227
13,2569,25958388,0,0,1
4,2571,25968305,110,26,8242
13,2570,25968327,0,-1,0
4,2572,25978425,109,27,8232
13,2571,25978447,0,0,0
4,2573,25988433,109,27,8231
13,2572,25988455,0,2,2
4,2574,25998554,109,36,8221
13,2573,25998576,0,0,1
4,2575,26008587,107,36,8218
13,2574,26008609,0,-3,0
4,2576,26018649,110,36,8218
13,2575,26018671,0,-2,0
4,2577,26028741,109,21,8222
13,2576,26028763,0,0,0
4,2578,26038869,103,35,8221
13,2577,26038891,0,-1,0
4,2579,26048869,120,13,8222
13,2578,26048890,-1,-2,0
4,2580,26058925,110,28,8232
13,2579,26058947,-2,-2,-2
4,2581,26069024,104,41,8233
13,2580,26069046,0,-1,-1
4,2582,26079103,108,31,8229
13,2581,26079125,1,0,0
4,2583,26089205,106,19,8216
13,2582,26089227,0,-2,0
4,2584,26099217,111,27,8216
13,2583,26099239,0,0,0
4,2585,26109212,116,33,8227
13,2584,26109234,1,0,0
4,2586,26119436,109,33,8225
13,2585,26119458,-1,-1,1
4,2587,26129375,107,25,8214
13,2586,26129397,1,0,1
4,2588,26139517,104,17,8210
13,2587,26139539,0,0,0
4,2589,26149538,99,19,8222
13,2588,26149560,0,0,0
4,2590,26159614,109,32,8226
13,2589,26159636,-2,0,1
4,2591,26169666,116,37,8217
13,2590,26169688,-3,0,0
4,2592,26179773,109,29,8218
13,2591,26179794,0,2,0
4,2593,26189842,123,31,8222
13,2592,26189864,0,2,1
4,2594,26199997,118,29,8217
13,2593,26200019,0,-2,0
4,2595,26209953,104,24,8214
13,2594,26209975,2,-3,0
4,2596,26220079,125,19,8215
13,2595,26220101,0,0,0
4,2597,26230096,115,21,8229
13,2596,26230118,-2,-1,0
4,2598,26240125,116,37,8226
13,2597,26240147,-1,0,1
4,2599,26250197,114,32,8221
13,2598,26250219,0,0,1
4,2600,26260290,105,29,8222
13,2599,26260312,0,0,0
4,2601,26270345,111,22,8234
13,2600,26270367,-1,1,0
4,2602,26280519,113,22,8210
13,2601,26280541,0,1,0
4,2603,26290495,123,35,8226
13,2602,26290517,-2,0,0
4,2604,26300537,123,36,8234
13,2603,26300559,0,1,0
4,2605,26310603,102,30,8232
13,2604,26310653,2,1,0
4,2606,26320722,108,34,8220
13,2605,26320744,0,0,1
4,2607,26330759,115,34,8234
13,2606,26330781,-1,-2,0
4,2608,26340805,112,39,8233
13,2607,26340827,2,0,0
4,2609,26350846,99,25,8220
13,2608,26350868,0,-1,0
4,2610,26360940,109,29,8225
13,2609,26360962,0,2,0
4,2611,26370963,114,34,8229
13,2610,26370985,0,0,0
4,2612,26381017,106,24,8222
13,2611,26381039,0,2,0
4,2613,26391127,108,33,8216
13,2612,26391149,0,2,0
4,2614,26401210,108,34,8226
13,2613,26401232,-1,0,0
4,2615,26411222,111,33,8217
13,2614,26411244,-1,0,0
4,2616,26421339,111,30,8222
13,2615,26421361,0,0,0
4,2617,26431371,125,22,8218
13,2616,26431393,0,0,0
4,2618,26441536,121,16,8230
13,2617,26441558,0,3,-1
4,2619,26451517,113,23,8233
13,2618,26451539,-2,1,-1
4,2620,26461649,105,13,8216
13,2619,26461671,0,-1,1
4,2621,26471642,119,28,8230
13,2620,26471664,1,-2,1
4,2622,26481721,119,27,8229
13,2621,26481743,0,-1,0
4,2623,26491806,113,22,8232
13,2622,26491828,0,0,-1
4,2624,26501781,112,24,8228
13,2623,26501803,2,3,2
4,2625,26511883,116,23,8220
13,2624,26511905,1,1,2
4,2626,26522104,112,33,8213
13,2625,26522126,1,0,0
4,2627,26531992,114,29,8224
13,2626,26532014,0,1,0
4,2628,26542047,120,37,8230
13,2627,26542069,2,1,0
4,2629,26552125,123,33,8229
13,2628,26552147,-1,-2,-2
4,2630,26562240,107,22,8232
13,2629,26562262,-2,0,-1
4,2631,26572276,106,21,8223
13,2630,26572298,0,-1,0
4,2632,26582331,123,29,8215
13,2631,26582353,1,-1,0
4,2633,26592452,119,29,8213
13,2632,26592474,0,0,-1
4,2634,26602481,107,22,8224
13,2633,26602503,0,-1,1
4,2635,26612515,103,27,8231
13,2634,26612537,0,0,0
4,2636,26622533,110,46,8234
13,2635,26622555,2,-1,0
4,2637,26632630,116,29,8218
13,2636,26632652,-1,0,-2
4,2638,26642712,116,25,8222
13,2637,26642734,-1,0,0
4,2639,26652662,110,24,8228
13,2638,26652684,-1,0,0
4,2640,26662851,114,27,8219
13,2639,26662873,0,1,1
4,2641,26672832,104,27,8225
13,2640,26672853,0,1,0
4,2642,26683021,111,29,8219
13,2641,26683043,0,0,0
4,2643,26692934,114,28,8208
13,2642,26692983,0,2,1
4,2644,26703051,113,35,8236
13,2643,26703073,-1,1,2
4,2645,26713176,116,33,8223
13,2644,26713198,0,0,0
4,2646,26723154,109,17,8225
13,2645,26723176,2,0,0
4,2647,26733248,109,24,8231
13,2646,26733270,-1,0,-1
4,2648,26743302,109,27,8227
13,2647,26743324,0,-1,-1
4,2649,26753345,104,19,8223
13,2648,26753367,-1,0,1
4,2650,26763523,111,28,8225
13,2649,26763545,0,0,1
4,2651,26773471,103,31,8213
13,2650,26773493,2,0,0
4,2652,26783496,107,22,8212
13,2651,26783518,0,0,0
4,2653,26793601,113,16,8225
13,2652,26793622,-1,0,1
4,2654,26803744,113,19,8218
13,2653,26803766,-1,-1,2
4,2655,26813702,113,26,8224
13,2654,26813724,0,-1,1
4,2656,26823733,116,28,8219
13,2655,26823782,0,-1,0
4,2657,26833885,110,38,8218
13,2656,26833907,0,1,0
4,2658,26844027,99,25,8239
13,2657,26844049,-1,2,0
4,2659,26853944,106,25,8236
13,2658,26853966,0,2,1
4,2660,26864013,121,26,8231
13,2659,26864035,1,0,1
4,2661,26874159,117,36,8224
13,2660,26874181,1,0,2
4,2662,26884238,110,31,8227
13,2661,26884260,2,0,1
4,2663,26894230,113,19,8239
13,2662,26894252,1,0,-1
4,2664,26904319,110,30,8238
13,2663,26904341,1,1,0
4,2665,26914281,111,33,8228
13,2664,26914303,0,0,0
4,2666,26924519,109,19,8216
13,2665,26924541,2,2,0
4,2667,26934478,111,25,8225
13,2666,26934500,0,-1,1
4,2668,26944485,109,20,8223
13,2667,26944507,0,0,1
4,2669,26954703,108,29,8220
13,2668,26954725,-2,3,0
4,2670,26964671,102,29,8220
13,2669,26964693,0,2,1
4,2671,26974777,108,28,8222
13,2670,26974799,0,0,0
4,2672,26984854,115,29,8224
13,2671,26984876,0,-2,1
4,2673,26994878,121,24,8225
13,2672,26994900,0,-3,0
4,2674,27005015,113,24,8224
13,2673,27005036,0,0,0
4,2675,27014993,116,29,8229
13,2674,27015015,0,1,0
4,2676,27024990,118,26,8229
13,2675,27025012,0,-1,1
4,2677,27035142,105,31,8221
13,2676,27035164,0,-2,0
4,2678,27045248,110,31,8212
13,2677,27045270,0,-1,2
4,2679,27055263,110,32,8231
13,2678,27055285,0,2,0
4,2680,27065354,120,21,8219
13,2679,27065403,2,1,-1
4,2681,27075417,110,19,8214
13,2680,27075439,0,0,-1
4,2682,27085523,116,34,8230
13,2681,27085545,-1,2,-1
4,2683,27095554,114,30,8223
13,2682,27095576,0,0,0
4,2684,27105607,116,27,8232
13,2683,27105629,0,0,1
4,2685,27115612,120,31,8226
13,2684,27115634,0,0,0
4,2686,27125790,118,31,8228
13,2685,27125812,-1,1,1
4,2687,27135788,110,22,8232
13,2686,27135810,-1,-1,0
4,2688,27145828,108,33,8214
13,2687,27145850,0,0,0
4,2689,27155905,121,40,8223
13,2688,27155927,2,-1,0
4,2690,27166100,122,25,8236
13,2689,27166122,4,0,1
4,2691,27176078,115,22,8231
13,2690,27176100,2,0,0
4,2692,27186162,127,28,8222
13,2691,27186212,0,0,3
4,2693,27196170,113,25,8218
13,2692,27196192,0,0,-1
4,2694,27206281,101,28,8229
13,2693,27206303,-1,-2,0
4,2695,27216306,114,30,8225
13,2694,27216328,0,0,2
4,2696,27226321,104,15,8244
13,2695,27226343,0,0,2
4,2697,27236419,114,8,8233
13,2696,27236441,0,1,0
4,2698,27246556,122,30,8217
13,2697,27246577,-3,3,-1
4,2699,27256538,123,27,8227
13,2698,27256560,0,1,0
4,2700,27266584,112,27,8226
13,2699,27266606,0,0,0
4,2701,27276661,118,23,8221
13,2700,27276683,0,0,0
4,2702,27286741,123,25,8220
13,2701,27286763,0,0,0
4,2703,27296751,124,32,8217
13,2702,27296773,0,0,0
4,2704,27306814,116,26,8227
13,2703,27306836,0,-1,-1
4,2705,27316884,119,31,8231
13,2704,27316906,0,0,0
4,2706,27327078,112,28,8221
13,2705,27327100,-1,0,0
4,2707,27337040,115,35,8221
13,2706,27337062,0,1,0
4,2708,27347071,116,25,8223
13,2707,27347093,0,0,-1
4,2709,27357160,104,21,8218
13,2708,27357182,0,-1,-2
4,2710,27367294,114,25,8234
13,2709,27367316,0,-1,-1
4,2711,27377260,108,39,8219
13,2710,27377282,0,-1,-1
4,2712,27387364,110,33,8235
13,2711,27387386,2,0,1
4,2713,27397365,111,21,8233
13,2712,27397387,1,0,1
4,2714,27407556,107,21,8230
13,2713,27407578,0,2,0
4,2715,27417566,115,25,8234
13,2714,27417588,0,-1,1
4,2716,27427598,113,21,8217
13,2715,27427620,2,3,2
4,2717,27437685,125,34,8222
13,2716,27437707,0,0,1
4,2718,27447724,122,43,8225
13,2717,27447746,2,-1,0
4,2719,27457840,116,33,8231
13,2718,27457862,1,-1,0
4,2720,27467925,118,26,8226
13,2719,27467947,0,1,0
4,2721,27477992,113,25,8221
13,2720,27478014,0,-1,0
4,2722,27488136,111,26,8228
13,2721,27488158,0,0,0
4,2723,27498035,114,22,8226
13,2722,27498057,0,1,1
4,2724,27508148,112,30,8227
13,2723,27508170,0,0,0
4,2725,27518257,108,27,8226
13,2724,27518279,0,0,0
4,2726,27528306,115,29,8223
13,2725,27528328,-1,-1,0
4,2727,27538344,115,28,8209
13,2726,27538366,-1,0,-1
4,2728,27548403,109,36,8227
13,2727,27548425,-2,0,0
4,2729,27558455,107,32,8234
13,2728,27558477,0,0,0
4,2730,27568634,121,32,8234
13,2729,27568656,-1,0,0
4,2731,27578595,122,21,8220
13,2730,27578617,-1,-2,-1
4,2732,27588656,116,24,8220
13,2731,27588678,1,0,0
4,2733,27598710,104,35,8226
13,2732,27598732,2,-1,-1
4,2734,27608842,121,23,8221
13,2733,27608864,-1,-1,0
4,2735,27618817,121,25,8233
13,2734,27618839,-1,1,1
4,2736,27628944,124,23,8226
13,2735,27628966,0,0,1
4,2737,27638944,112,37,8234
13,2736,27638966,1,-1,1
4,2738,27649120,104,16,8227
13,2737,27649142,1,1,0
4,2739,27659020,105,18,8224
13,2738,27659041,-1,0,0
4,2740,27669117,97,33,8225
13,2739,27669139,0,1,0
4,2741,27679217,108,33,8235
13,2740,27679239,-1,0,0
4,2742,27689281,118,18,8223
13,2741,27689303,-1,-1,0
4,2743,27699263,110,35,8223
13,2742,27699285,0,0,0
4,2744,27709418,113,35,8238
13,2743,27709440,-2,0,0
4,2745,27719473,108,31,8233
13,2744,27719495,0,2,0
4,2746,27729630,114,27,8223
13,2745,27729652,0,0,1
4,2747,27739595,110,22,8228
13,2746,27739617,0,-1,0
4,2748,27749575,110,41,8223
13,2747,27749597,-1,1,0
4,2749,27759684,113,39,8218
13,2748,27759706,0,1,2
4,2750,27769787,110,40,8224
13,2749,27769809,1,2,1
4,2751,27779803,112,24,8228
13,2750,27779825,2,3,0
4,2752,27789828,111,26,8225
13,2751,27789850,0,1,0
4,2753,27799981,119,43,8223
13,2752,27800003,0,0,-1
4,2754,27810077,117,40,8221
13,2753,27810099,0,0,0
4,2755,27819983,118,27,8215
13,2754,27820005,0,0,1
4,2756,27830112,109,25,8219
13,2755,27830134,2,0,1
4,2757,27840210,117,19,8225
13,2756,27840232,1,0,1
4,2758,27850306,105,30,8225
13,2757,27850328,0,3,0
4,2759,27860323,113,31,8220
13,2758,27860345,0,0,0
4,2760,27870374,125,32,8222
13,2759,27870396,0,0,1
4,2761,27880413,114,26,8232
13,2760,27880435,0,0,1
4,2762,27890569,107,22,8226
13,2761,27890591,1,2,0
4,2763,27900489,119,33,8220
13,2762,27900511,0,0,2
4,2764,27910626,117,31,8218
13,2763,27910648,0,-1,1
4,2765,27920669,110,21,8223
13,2764,27920691,-1,-1,0
4,2766,27930717,107,25,8230
13,2765,27930739,1,-2,-1
4,2767,27940783,110,14,8225
13,2766,27940805,-1,0,0
4,2768,27950844,104,19,8224
13,2767,27950866,0,-1,0
4,2769,27960891,113,26,8234
13,2768,27960914,-1,0,-1
4,2770,27971119,112,30,8230
13,2769,27971141,-2,2,0
4,2771,27981153,119,23,8219
13,2770,27981175,-2,0,-1
4,2772,27991095,113,24,8222
13,2771,27991117,0,1,0
4,2773,28001171,103,32,8212
13,2772,28001193,0,0,0
4,2774,28011251,107,27,8219
13,2773,28011273,-1,0,1
4,2775,28021333,109,37,8233
13,2774,28021355,0,0,1
4,2776,28031350,118,25,8227
13,2775,28031372,0,2,0
4,2777,28041326,108,24,8224
13,2776,28041348,0,2,-1
4,2778,28051621,113,35,8231
13,2777,28051642,0,1,0
4,2779,28061516,122,27,8233
13,2778,28061538,1,0,0
4,2780,28071577,112,36,8230
13,2779,28071599,2,0,2
4,2781,28081649,105,35,8234
13,2780,28081671,0,2,0
4,2782,28091771,110,24,8238
13,2781,28091793,0,1,0
4,2783,28101835,117,13,8227
13,2782,28101857,0,0,0
4,2784,28111814,115,15,8230
13,2783,28111836,0,0,0
4,2785,28121843,120,13,8216
13,2784,28121865,0,2,0
4,2786,28132001,104,33,8220
13,2785,28132023,0,0,0
4,2787,28142044,110,28,8221
13,2786,28142066,-2,2,0
4,2788,28152014,118,22,8217
13,2787,28152036,-1,0,0
4,2789,28162129,111,17,8212
13,2788,28162151,1,0,1
4,2790,28172197,110,16,8228
13,2789,28172219,0,0,1
4,2791,28182143,111,16,8228
13,2790,28182165,0,0,0
4,2792,28192294,114,25,8220
13,2791,28192316,0,0,0
4,2793,28202266,108,29,8220
13,2792,28202287,0,-2,1
4,2794,28212510,114,20,8219
13,2793,28212532,0,0,0
4,2795,28222458,112,29,8225
13,2794,28222480,1,-1,0
4,2796,28232542,105,21,8225
13,2795,28232564,1,0,0
4,2797,28242556,111,32,8227
13,2796,28242578,-1,-1,2
4,2798,28252657,113,26,8216
13,2797,28252679,-2,-1,0
4,2799,28262579,118,22,8219
13,2798,28262601,0,2,-2
4,2800,28272738,115,20,8228
13,2799,28272760,1,0,-2
4,2801,28282779,120,30,8217
13,2800,28282801,1,1,0
4,2802,28292855,106,26,8227
13,2801,28292877,-1,0,0
4,2803,28302860,104,24,8230
13,2802,28302882,0,2,2
4,2804,28312931,127,17,8219
13,2803,28312953,0,0,0
4,2805,28322979,117,20,8220
13,2804,28323001,0,0,0
4,2806,28333151,106,24,8226
13,2805,28333173,0,0,0
4,2807,28343109,103,34,8221
13,2806,28343131,-1,0,0
4,2808,28353207,103,27,8222
13,2807,28353229,-2,0,-2
4,2809,28363205,104,36,8221
13,2808,28363227,0,1,0
4,2810,28373347,100,27,8222
13,2809,28373369,0,2,0
4,2811,28383392,122,10,8220
13,2810,28383414,-1,-4,1
4,2812,28393365,119,21,8222
13,2811,28393387,1,-3,0
4,2813,28403511,106,29,8230
13,2812,28403533,0,0,0
4,2814,28413489,116,34,8232
13,2813,28413511,-1,1,0
4,2815,28423566,116,31,8230
13,2814,28423588,0,0,0
4,2816,28433618,108,27,8227
13,2815,28433640,0,0,1
4,2817,28443672,113,22,8234
13,2816,28443694,1,0,0
4,2818,28453865,115,31,8222
13,2817,28453887,0,-2,0
4,2819,28463740,100,30,8222
13,2818,28463789,-2,0,1
4,2820,28473899,104,18,8226
13,2819,28473921,-1,0,0
4,2821,28483863,119,16,8232
13,2820,28483885,0,0,0
4,2822,28494016,115,9,8233
13,2821,28494038,0,0,0
4,2823,28503994,115,27,8229
13,2822,28504016,0,1,0
4,2824,28514101,108,27,8228
13,2823,28514123,0,-2,0
4,2825,28524168,102,34,8229
13,2824,28524190,0,-2,0
4,2826,28534312,96,27,8229
13,2825,28534334,0,1,0
4,2827,28544329,115,25,8235
13,2826,28544351,0,2,0
4,2828,28554341,109,22,8223
13,2827,28554363,1,1,1
4,2829,28564408,121,29,8226
13,2828,28564430,1,0,0
4,2830,28574502,122,28,8227
13,2829,28574551,0,0,2
4,2831,28584551,116,31,8227
13,2830,28584573,0,2,1
4,2832,28594628,99,33,8228
13,2831,28594650,0,0,2
4,2833,28604664,124,37,8221
13,2832,28604686,-1,1,2
4,2834,28614828,113,23,8224
13,2833,28614850,0,0,1
4,2835,28624763,101,16,8225
13,2834,28624785,0,1,1
4,2836,28634852,108,20,8223
13,2835,28634874,-1,1,1
4,2837,28644895,122,25,8223
13,2836,28644917,-3,0,1
4,2838,28655047,117,27,8223
13,2837,28655069,0,2,0
4,2839,28665026,103,18,8229
13,2838,28665048,-1,-2,0
4,2840,28675039,117,32,8223
13,2839,28675061,-1,-1,-2
4,2841,28685148,110,30,8230
13,2840,28685170,1,1,0
4,2842,28695294,105,40,8217
13,2841,28695343,0,1,0
4,2843,28705343,121,33,8225
13,2842,28705365,0,1,2
4,2844,28715377,114,34,8221
13,2843,28715399,0,-1,0
4,2845,28725408,110,23,8227
13,2844,28725430,0,0,0
4,2846,28735546,99,20,8232
13,2845,28735568,0,0,0
4,2847,28745589,105,22,8229
13,2846,28745611,0,0,0
4,2848,28755589,111,24,8221
13,2847,28755611,-1,0,-1
4,2849,28765656,109,35,8219
13,2848,28765678,1,0,0
4,2850,28775813,113,27,8225
13,2849,28775835,0,-1,1
4,2851,28785814,118,24,8207
13,2850,28785835,2,-1,-1
4,2852,28795818,115,19,8216
13,2851,28795840,0,0,1
4,2853,28805828,109,33,8217
13,2852,28805850,0,3,-2
4,2854,28815966,115,36,8229
13,2853,28815988,0,0,-3
4,2855,28825992,117,20,8230
13,2854,28826014,0,0,0
4,2856,28836078,114,26,8227
13,2855,28836100,1,0,1
4,2857,28846109,105,24,8222
13,2856,28846131,0,-1,1
4,2858,28856275,108,14,8226
13,2857,28856297,0,0,0
4,2859,28866225,112,25,8217
13,2858,28866247,0,0,0
4,2860,28876265,118,34,8228
13,2859,28876287,1,0,-2
4,2861,28886333,111,25,8228
13,2860,28886355,0,1,-2
4,2862,28896419,105,17,8223
13,2861,28896441,0,2,0
4,2863,28906439,111,22,8226
13,2862,28906461,0,-1,1
4,2864,28916496,111,25,8226
13,2863,28916518,1,1,2
4,2865,28926485,101,26,8223
13,2864,28926507,2,2,1
4,2866,28936700,108,17,8234
13,2865,28936722,0,2,0
4,2867,28946692,105,13,8208
13,2866,28946714,0,1,2
4,2868,28956808,108,30,8215
13,2867,28956830,-1,0,0
4,2869,28966829,111,32,8224
13,2868,28966851,0,0,-2
4,2870,28976917,100,30,8224
13,2869,28976939,0,0,1
4,2871,28987004,112,29,8219
13,2870,28987026,1,0,2
4,2872,28997039,113,27,8220
13,2871,28997061,2,0,0
4,2873,29007013,120,22,8226
13,2872,29007035,0,0,1
4,2874,29017180,123,23,8229
13,2873,29017202,-1,0,1
4,2875,29027182,118,27,8230
13,2874,29027204,0,2,0
4,2876,29037170,118,24,8237
13,2875,29037192,1,0,0
4,2877,29047220,105,25,8239
13,2876,29047242,1,1,0
4,2878,29057399,106,18,8229
13,2877,29057421,-2,0,0
4,2879,29067308,120,25,8214
13,2878,29067330,-2,-1,0
4,2880,29077395,108,25,8222
13,2879,29077417,0,-1,0
4,2881,29087541,112,22,8222
13,2880,29087563,-2,-1,1
4,2882,29097651,124,28,8228
13,2881,29097673,-1,0,1
4,2883,29107616,115,22,8233
13,2882,29107638,-2,0,1
4,2884,29117685,108,17,8212
13,2883,29117707,-3,0,1
4,2885,29127714,113,32,8210
13,2884,29127736,1,0,0
4,2886,29137825,110,39,8220
13,2885,29137847,0,1,-2
4,2887,29147834,122,23,8215
13,2886,29147856,1,2,-1
4,2888,29157953,106,22,8228
13,2887,29157975,-2,0,1
4,2889,29167928,100,21,8225
13,2888,29167950,0,1,1
4,2890,29178147,111,24,8226
13,2889,29178169,0,1,0
4,2891,29188064,113,28,8226
13,2890,29188086,0,0,1
4,2892,29198168,116,23,8216
13,2891,29198189,0,0,1
4,2893,29208183,121,33,8216
13,2892,29208205,-1,-1,0
4,2894,29218234,104,33,8221
13,2893,29218256,-1,0,0
4,2895,29228395,113,28,8229
13,2894,29228417,0,3,0
4,2896,29238383,114,36,8230
13,2895,29238405,-1,0,-3
4,2897,29248438,113,33,8217
13,2896,29248460,0,-1,-1
4,2898,29258537,111,41,8212
13,2897,29258558,-2,0,1
4,2899,29268516,110,15,8222
13,2898,29268537,0,0,-2
4,2900,29278646,117,30,8224
13,2899,29278668,-1,1,-2
4,2901,29288592,111,26,8218
13,2900,29288614,0,1,0
4,2902,29298741,120,36,8225
13,2901,29298763,2,0,0
4,2903,29308767,112,21,8214
13,2902,29308789,0,0,0
4,2904,29318850,115,8,8216
13,2903,29318872,1,0,0
4,2905,29328894,120,26,8225
13,2904,29328916,0,-1,0
4,2906,29339070,108,37,8230
13,2905,29339092,0,-1,1
4,2907,29348983,117,19,8229
13,2906,29349005,1,0,-1
4,2908,29359079,117,18,8222
13,2907,29359101,0,2,0
4,2909,29369201,111,28,8232
13,2908,29369223,-1,1,-2
4,2910,29379208,107,22,8226
13,2909,29379230,-1,0,0
4,2911,29389165,117,37,8226
13,2910,29389187,0,-2,0
4,2912,29399307,117,32,8222
13,2911,29399329,0,-3,0
4,2913,29409351,104,32,8211
13,2912,29409373,2,0,1
4,2914,29419448,103,25,8223
13,2913,29419470,1,2,2
4,2915,29429463,103,23,8233
13,2914,29429485,0,0,0
4,2916,29439599,115,29,8223
13,2915,29439621,-1,1,0
4,2917,29449625,110,29,8218
13,2916,29449647,1,1,1
4,2918,29459668,107,34,8223
13,2917,29459718,0,2,0
4,2919,29469736,111,45,8212
13,2918,29469758,0,0,-1
4,2920,29479737,107,27,8224
13,2919,29479759,-1,0,0
4,2921,29489851,97,26,8233
13,2920,29489873,-1,-1,0
4,2922,29499982,120,38,8240
13,2921,29500004,1,0,0
4,2923,29509904,110,32,8233
13,2922,29509926,3,-2,0
4,2924,29520055,108,24,8230
13,2923,29520077,1,1,1
4,2925,29530000,100,39,8233
13,2924,29530022,0,1,0
4,2926,29540141,114,38,8226
13,2925,29540162,0,0,-1
4,2927,29550222,118,27,8215
13,2926,29550244,1,0,0
4,2928,29560210,113,27,8230
13,2927,29560232,1,-1,0
4,2929,29570254,115,30,8227
13,2928,29570276,0,1,-1
4,2930,29580450,114,34,8231
13,2929,29580472,-1,1,-1
4,2931,29590329,109,31,8214
13,2930,29590351,0,3,1
4,2932,29600464,113,23,8216
13,2931,29600486,0,3,0
4,2933,29610532,108,23,8224
13,2932,29610554,0,0,0
4,2934,29620595,105,37,8229
13,2933,29620617,0,-1,0
4,2935,29630649,109,38,8219
13,2934,29630670,0,1,-1
4,2936,29640682,110,25,8226
13,2935,29640704,1,-1,0
4,2937,29650691,112,35,8236
13,2936,29650712,0,0,0
4,2938,29660893,111,37,8226
13,2937,29660915,0,0,0
4,2939,29670833,112,42,8232
13,2938,29670855,0,1,0
4,2940,29680856,98,40,8239
13,2939,29680878,0,0,2
4,2941,29691023,111,29,8221
13,2940,29691045,0,1,0
4,2942,29701083,111,20,8221
13,2941,29701105,0,2,-1
4,2943,29711110,123,25,8225
13,2942,29711132,1,0,3
4,2944,29721213,111,27,8223
13,2943,29721235,1,-1,3
4,2945,29731303,121,30,8222
13,2944,29731325,2,0,0
4,2946,29741430,106,33,8231
13,2945,29741452,0,-2,-1
4,2947,29751424,110,22,8227
13,2946,29751446,-1,0,0
4,2948,29761391,120,33,8233
13,2947,29761413,-2,0,0
4,2949,29771453,108,28,8227
13,2948,29771474,0,-2,-1
4,2950,29781543,106,31,8221
13,2949,29781565,0,1,-1
4,2951,29791508,112,28,8218
13,2950,29791530,0,0,0
4,2952,29801629,103,23,8226
13,2951,29801650,0,0,-1
4,2953,29811666,107,35,8236
13,2952,29811688,0,0,0
4,2954,29821844,122,29,8238
13,2953,29821866,-1,2,1
4,2955,29831785,121,43,8238
13,2954,29831807,1,0,0
4,2956,29841888,111,31,8226
13,2955,29841910,0,2,0
4,2957,29851937,112,23,8221
13,2956,29851959,1,1,-1
4,2958,29862064,112,22,8219
13,2957,29862086,1,0,1
4,2959,29872083,107,20,8220
13,2958,29872105,0,0,1
4,2960,29882118,122,27,8229
13,2959,29882140,0,2,0
4,2961,29892170,111,30,8234
13,2960,29892192,-2,1,0
4,2962,29902316,113,19,8238
13,2961,29902338,0,0,0
4,2963,29912260,113,30,8219
13,2962,29912282,0,0,-1
4,2964,29922349,120,36,8215
13,2963,29922371,0,0,-1
4,2965,29932466,110,20,8220
13,2964,29932488,0,0,0
4,2966,29942529,120,20,8233
13,2965,29942550,-1,0,-1
4,2967,29952544,104,22,8238
13,2966,29952565,0,-1,-2
4,2968,29962577,106,31,8228
13,2967,29962599,0,-1,0
4,2969,29972710,107,20,8217
13,2968,29972732,1,0,-1
4,2970,29982876,112,28,8224
13,2969,29982898,-1,-3,-3
4,2971,29992816,118,19,8227
13,2970,29992838,-2,0,0
4,2972,30002882,109,25,8224
13,2971,30002904,0,1,2
4,2973,30012895,118,30,8215
13,2972,30012917,0,3,3
4,2974,30023033,112,34,8226
13,2973,30023055,0,2,1
4,2975,30033069,104,11,8218
13,2974,30033091,0,1,-1
4,2976,30043104,111,23,8210
13,2975,30043126,0,1,0
4,2977,30053194,115,31,8221
13,2976,30053216,0,1,3
4,2978,30063257,117,13,8226
13,2977,30063279,0,-1,1
4,2979,30073292,118,29,8211
13,2978,30073314,0,1,1
4,2980,30083399,104,24,8213
13,2979,30083421,1,0,0
4,2981,30093399,115,22,8213
13,2980,30093448,0,0,0
4,2982,30103536,105,32,8216
13,2981,30103558,0,0,-1
4,2983,30113552,114,42,8225
13,2982,30113574,0,1,0
4,2984,30123622,112,21,8220
13,2983,30123644,1,0,0
4,2985,30133667,109,30,8225
13,2984,30133689,0,1,0
4,2986,30143813,107,33,8224
13,2985,30143835,0,0,0
4,2987,30153755,114,26,8228
13,2986,30153777,0,2,0
4,2988,30163807,108,22,8220
13,2987,30163829,-2,0,-1
4,2989,30173896,107,20,8226
13,2988,30173918,-2,-1,-2
4,2990,30183973,110,25,8224
13,2989,30183995,0,1,-1
4,2991,30194067,117,34,8227
13,2990,30194089,0,1,0
4,2992,30204068,118,31,8227
13,2991,30204090,-3,1,1
4,2993,30214140,117,32,8233
13,2992,30214162,0,0,1
4,2994,30224277,108,25,8218
13,2993,30224299,0,2,0
4,2995,30234293,117,20,8220
13,2994,30234315,0,-1,2
4,2996,30244363,109,40,8236
13,2995,30244385,0,1,0
4,2997,30254415,107,29,8231
13,2996,30254437,-2,0,0
4,2998,30264428,108,25,8225
13,2997,30264450,-1,-2,0
4,2999,30274493,119,25,8218
13,2998,30274515,1,0,0
4,3000,30284589,119,32,8219
13,2999,30284611,0,0,1
4,3001,30294599,112,17,8222
13,3000,30294621,0,0,0
4,3002,30304782,112,31,8230
13,3001,30304804,1,0,1
4,3003,30314679,116,24,8221
13,3002,30314701,0,0,1
4,3004,30324781,107,28,8230
13,3003,30324803,0,-1,1
4,3005,30334844,109,30,8227
13,3004,30334866,-2,-1,2
4,3006,30344962,116,28,8216
13,3005,30344984,-1,0,2
4,3007,30354953,118,26,8209
13,3006,30354975,0,0,1
4,3008,30365087,124,24,8225
13,3007,30365109,-1,0,0
4,3009,30375085,122,30,8241
13,3008,30375107,-1,1,0
4,3010,30385192,112,28,8229
13,3009,30385214,1,-2,-1
4,3011,30395169,111,22,8228
13,3010,30395191,0,1,0
4,3012,30405261,112,32,8231
13,3011,30405283,0,0,1
4,3013,30415308,112,42,8229
13,3012,30415329,0,-2,1
4,3014,30425401,115,39,8223
13,3013,30425422,0,-1,1
4,3015,30435414,117,31,8219
13,3014,30435436,0,-1,0
4,3016,30445485,117,25,8229
13,3015,30445507,0,1,0
4,3017,30455535,107,26,8219
13,3016,30455557,0,0,1
4,3018,30465615,106,36,8214
13,3017,30465664,-2,-1,2
4,3019,30475703,118,19,8211
13,3018,30475725,0,0,0
4,3020,30485734,109,24,8219
13,3019,30485756,0,0,-1
4,3021,30495737,111,22,8229
13,3020,30495759,-1,-2,-1
4,3022,30505894,108,19,8228
13,3021,30505915,1,1,1
4,3023,30515887,91,23,8241
13,3022,30515909,0,2,0
4,3024,30525889,100,20,8225
13,3023,30525911,0,1,0
4,3025,30535976,99,34,8222
13,3024,30535998,0,0,-1
4,3026,30546200,112,26,8223
13,3025,30546222,0,-2,0
4,3027,30556047,105,24,8220
13,3026,30556069,-1,-3,0
4,3028,30566169,112,43,8226
13,3027,30566191,1,1,1
4,3029,30576237,118,27,8227
13,3028,30576259,1,2,0
4,3030,30586404,115,32,8224
13,3029,30586426,0,-2,-1
4,3031,30596406,122,31,8224
13,3030,30596428,-1,0,0
4,3032,30606395,116,18,8215
13,3031,30606417,0,2,0
4,3033,30616578,111,21,8226
13,3032,30616600,0,0,0
4,3034,30626672,110,36,8231
13,3033,30626694,-2,0,0
4,3035,30636638,109,25,8223
13,3034,30636660,1,-1,0
4,3036,30646652,113,34,8224
13,3035,30646674,0,1,1
4,3037,30656719,115,32,8233
13,3036,30656741,0,0,0
4,3038,30666865,120,25,8230
13,3037,30666887,-1,1,1
4,3039,30676828,110,24,8217
13,3038,30676850,-1,0,0
4,3040,30686848,121,28,8223
13,3039,30686869,-1,0,2
4,3041,30696967,117,31,8221
13,3040,30696989,0,1,0
4,3042,30707197,125,27,8220
13,3041,30707219,0,0,1
4,3043,30717067,116,27,8240
13,3042,30717089,0,-1,1
4,3044,30727202,108,28,8225
13,3043,30727224,0,0,2
4,3045,30737220,117,29,8222
13,3044,30737242,0,1,0
4,3046,30747228,121,22,8216
13,3045,30747250,0,0,-1
4,3047,30757337,110,21,8228
13,3046,30757359,0,0,0
4,3048,30767312,111,35,8221
13,3047,30767334,0,0,-1
4,3049,30777394,118,27,8243
13,3048,30777416,0,0,2
4,3050,30787544,112,29,8227
13,3049,30787566,0,-1,0
4,3051,30797562,99,35,8225
13,3050,30797584,0,1,-1
4,3052,30807576,109,28,8231
13,3051,30807598,1,2,-1
4,3053,30817688,122,25,8224
13,3052,30817710,0,0,0
4,3054,30827692,111,27,8227
13,3053,30827714,0,0,0
4,3055,30837820,110,30,8231
13,3054,30837842,-3,0,2
4,3056,30847811,116,23,8226
13,3055,30847833,0,-1,0
4,3057,30857827,96,25,8228
13,3056,30857850,1,2,-1
4,3058,30868040,107,25,8218
13,3057,30868062,0,3,1
4,3059,30878011,102,27,8216
13,3058,30878033,1,2,2
4,3060,30888062,109,32,8215
13,3059,30888084,0,1,0
4,3061,30898177,119,30,8218
13,3060,30898199,-1,2,0
4,3062,30908197,122,36,8236
13,3061,30908219,0,2,1
4,3063,30918200,116,22,8229
13,3062,30918222,-1,3,-2
4,3064,30928274,112,25,8228
13,3063,30928296,0,2,-2
4,3065,30938322,114,20,8226
13,3064,30938344,0,0,-1
4,3066,30948519,113,26,8219
13,3065,30948541,0,-2,0
4,3067,30958434,108,31,8217
13,3066,30958456,0,-1,-1
4,3068,30968582,110,29,8231
13,3067,30968604,0,0,0
4,3069,30978462,110,30,8228
13,3068,30978484,0,-1,0
4,3070,30988647,115,35,8221
13,3069,30988669,1,-2,-1
4,3071,30998678,117,24,8224
13,3070,30998700,0,1,-2
4,3072,31008713,111,37,8220
13,3071,31008735,-1,0,0
4,3073,31018752,124,29,8215
13,3072,31018774,-1,-1,0
4,3074,31028850,108,34,8214
13,3073,31028872,-1,1,-1
4,3075,31038887,106,29,8211
13,3074,31038909,-2,1,1
4,3076,31048850,113,22,8229
13,3075,31048872,0,0,2
4,3077,31058994,108,30,8219
13,3076,31059016,1,3,-1
4,3078,31069005,110,19,8229
13,3077,31069027,-1,0,0
4,3079,31079104,114,23,8232
13,3078,31079126,0,2,0
4,3080,31089172,111,21,8220
13,3079,31089194,1,1,0
4,3081,31099185,109,28,8228
13,3080,31099207,3,1,0
4,3082,31109438,120,39,8230
13,3081,31109460,0,3,0
4,3083,31119325,121,28,8221
13,3082,31119347,0,3,0
4,3084,31129379,118,23,8214
13,3083,31129401,1,0,2
4,3085,31139428,126,32,8221
13,3084,31139450,0,-3,0
4,3086,31149508,110,37,8226
13,3085,31149530,0,0,-2
4,3087,31159561,106,35,8217
13,3086,31159583,0,0,2
4,3088,31169593,107,37,8231
13,3087,31169615,0,0,0
4,3089,31179669,108,35,8230
13,3088,31179691,0,0,0
4,3090,31189818,111,24,8213
13,3089,31189840,0,1,1
4,3091,31199772,111,25,8227
13,3090,31199794,0,1,0
4,3092,31209839,116,24,8229
13,3091,31209861,-1,-1,-1
4,3093,31219971,108,38,8238
13,3092,31219993,2,0,0
4,3094,31230008,122,34,8221
13,3093,31230030,0,0,-1
4,3095,31239968,117,15,8217
13,3094,31239990,1,-2,0
4,3096,31250125,99,22,8220
13,3095,31250147,2,0,3
4,3097,31260139,107,28,8232
13,3096,31260161,-2,0,1
4,3098,31270338,102,38,8226
13,3097,31270360,0,0,0
4,3099,31280227,106,28,8223
13,3098,31280249,0,1,0
4,3100,31290251,107,24,8225
13,3099,31290273,-1,0,-2
4,3101,31300344,108,12,8229
13,3100,31300366,0,0,-2
4,3102,31310481,101,27,8215
13,3101,31310503,1,0,0
4,3103,31320440,100,27,8222
13,3102,31320462,1,1,0
4,3104,31330488,108,28,8216
13,3103,31330509,1,1,0
4,3105,31340541,96,36,8227
13,3104,31340563,0,-3,1
4,3106,31350778,108,23,8224
13,3105,31350800,0,-1,1
4,3107,31360658,107,19,8217
13,3106,31360680,1,1,0
4,3108,31370670,103,23,8227
13,3107,31370692,0,-3,0
4,3109,31380755,99,33,8222
13,3108,31380777,0,-1,-1
4,3110,31390828,110,41,8218
13,3109,31390850,0,1,-1
4,3111,31400841,110,23,8236
13,3110,31400863,1,-1,0
4,3112,31410929,123,19,8220
13,3111,31410951,0,2,0
4,3113,31420978,111,19,8212
13,3112,31421000,1,2,1
4,3114,31431116,104,22,8212
13,3113,31431138,2,-1,2
4,3115,31441075,97,26,8225
13,3114,31441097,0,0,4
4,3116,31451120,102,33,8224
13,3115,31451142,0,1,1
4,3117,31461206,118,26,8218
13,3116,31461228,0,2,0
4,3118,31471274,113,27,8232
13,3117,31471296,-1,0,-1
4,3119,31481327,109,11,8220
13,3118,31481349,-2,0,0
4,3120,31491315,109,26,8216
13,3119,31491337,1,0,0
4,3121,31501435,107,25,8228
13,3120,31501457,1,0,-1
4,3122,31511572,109,25,8226
13,3121,31511594,0,-2,0
4,3123,31521564,105,24,8223
13,3122,31521586,1,0,0
4,3124,31531591,117,30,8220
13,3123,31531612,2,2,0
4,3125,31541653,115,23,8229
13,3124,31541675,1,0,1
4,3126,31551791,117,31,8223
13,3125,31551813,1,0,0
4,3127,31561775,114,32,8222
13,3126,31561797,0,0,0
4,3128,31571800,103,31,8205
13,3127,31571822,0,1,0
4,3129,31581864,103,30,8222
13,3128,31581886,2,0,-3
4,3130,31592087,100,24,8226
13,3129,31592109,0,0,0
4,3131,31601958,112,41,8225
13,3130,31601980,0,-2,0
4,3132,31612069,106,27,8239
13,3131,31612091,-1,1,0
4,3133,31622178,105,20,8223
13,3132,31622200,0,0,0
4,3134,31632180,105,29,8231
13,3133,31632202,0,0,1
4,3135,31642220,115,24,8231
13,3134,31642242,0,1,1
4,3136,31652342,118,35,8225
13,3135,31652364,0,0,0
4,3137,31662305,115,28,8225
13,3136,31662327,0,0,-2
4,3138,31672501,115,29,8232
13,3137,31672523,0,2,1
4,3139,31682453,107,29,8222
13,3138,31682475,0,0,0
4,3140,31692494,107,21,8212
13,3139,31692515,0,0,0
4,3141,31702551,112,31,8225
13,3140,31702573,0,0,0
4,3142,31712631,107,28,8231
13,3141,31712653,0,-4,1
4,3143,31722698,105,21,8226
13,3142,31722747,1,-1,0
4,3144,31732738,110,29,8221
13,3143,31732760,1,2,1
4,3145,31742836,113,32,8225
13,3144,31742858,0,1,0
4,3146,31752937,109,28,8226
13,3145,31752959,0,0,0
4,3147,31762941,111,26,8230
13,3146,31762963,0,1,0
4,3148,31772955,105,30,8222
13,3147,31772977,1,0,0
4,3149,31782921,102,34,8208
13,3148,31782943,0,-1,-3
4,3150,31793124,110,27,8219
13,3149,31793146,-1,0,0
4,3151,31803115,107,29,8222
13,3150,31803137,0,1,1
4,3152,31813125,103,18,8232
13,3151,31813147,-2,0,0
4,3153,31823129,107,31,8234
13,3152,31823151,-1,-2,0
4,3154,31833329,114,27,8231
13,3153,31833351,0,0,-1
4,3155,31843358,110,22,8225
13,3154,31843380,1,-1,0
4,3156,31853296,108,25,8218
13,3155,31853318,0,1,0
4,3157,31863436,107,29,8225
13,3156,31863458,0,0,1
4,3158,31873520,109,25,8227
13,3157,31873542,1,1,1
4,3159,31883527,111,22,8226
13,3158,31883549,-2,1,0
4,3160,31893586,110,31,8226
13,3159,31893608,0,0,0
4,3161,31903590,105,29,8226
13,3160,31903611,0,0,0
4,3162,31913700,108,36,8233
13,3161,31913722,0,3,0
4,3163,31923708,110,44,8218
13,3162,31923730,0,0,1
4,3164,31933813,108,39,8226
13,3163,31933835,1,0,0
4,3165,31943849,107,27,8231
13,3164,31943871,0,-1,0
4,3166,31953843,109,26,8225
13,3165,31953865,0,-1,0
4,3167,31963928,106,36,8230
13,3166,31963950,1,-1,0
4,3168,31973976,111,30,8227
13,3167,31973998,1,0,2
4,3169,31983981,113,30,8217
13,3168,31984003,0,1,2
4,3170,31994208,109,25,8225
13,3169,31994230,-2,0,0
4,3171,32004233,109,21,8219
13,3170,32004255,1,-2,-1
4,3172,32014311,117,28,8227
13,3171,32014333,0,0,0
4,3173,32024288,117,22,8216
13,3172,32024310,-1,0,1
4,3174,32034364,110,32,8219
13,3173,32034386,-1,-1,-1
4,3175,32044316,105,32,8239
13,3174,32044338,-1,0,-1
4,3176,32054451,120,25,8228
13,3175,32054473,0,0,0
4,3177,32064507,115,17,8217
13,3176,32064529,-1,2,-2
4,3178,32074599,107,31,8236
13,3177,32074621,0,0,1
4,3179,32084680,123,24,8225
13,3178,32084702,-2,-3,2
4,3180,32094602,115,21,8216
13,3179,32094624,0,1,2
4,3181,32104720,105,20,8225
13,3180,32104742,0,0,1
4,3182,32114875,111,21,8229
13,3181,32114897,0,-1,0
4,3183,32124860,106,26,8227
13,3182,32124882,0,0,0
4,3184,32134912,113,23,8232
13,3183,32134934,-1,0,0
4,3185,32144959,121,15,8227
13,3184,32144981,-1,2,-1
4,3186,32155033,106,21,8228
13,3185,32155055,-2,2,-1
4,3187,32165067,110,35,8224
13,3186,32165089,0,0,-1
4,3188,32175112,101,37,8221
13,3187,32175134,1,0,0
4,3189,32185156,104,17,8230
13,3188,32185178,1,3,-3
4,3190,32195260,108,24,8233
13,3189,32195281,1,3,-1
4,3191,32205260,108,32,8219
13,3190,32205282,0,0,0
4,3192,32215281,113,30,8233
13,3191,32215303,-2,-1,0
4,3193,32225370,116,18,8237
13,3192,32225392,-3,0,1
4,3194,32235558,110,26,8224
13,3193,32235580,0,0,0
4,3195,32245469,105,21,8221
13,3194,32245491,0,1,-2
4,3196,32255610,111,20,8219
13,3195,32255632,-2,0,-1
4,3197,32265610,112,32,8230
13,3196,32265632,0,0,-1
4,3198,32275659,115,26,8230
13,3197,32275681,0,0,0
4,3199,32285697,114,17,8222
13,3198,32285719,0,-1,0
4,3200,32295809,115,25,8217
13,3199,32295831,-2,0,0
4,3201,32305865,113,32,8227
13,3200,32305887,-1,0,0
4,3202,32316013,109,17,8233
13,3201,32316035,0,0,-1
4,3203,32325932,116,19,8218
13,3202,32325954,0,0,-1
4,3204,32335967,113,32,8230
13,3203,32335989,0,1,0
4,3205,32346013,101,33,8228
13,3204,32346034,-1,0,0
4,3206,32356043,114,28,8223
13,3205,32356065,-2,-1,0
4,3207,32366164,117,24,8220
13,3206,32366186,-3,-1,0
4,3208,32376236,116,30,8230
13,3207,32376258,-1,0,1
4,3209,32386290,122,31,8225
13,3208,32386312,0,0,2
4,3210,32396395,118,30,8222
13,3209,32396417,0,-1,0
4,3211,32406353,116,34,8223
13,3210,32406375,0,0,0
4,3212,32416386,97,26,8225
13,3211,32416408,1,0,0
4,3213,32426468,118,30,8222
13,3212,32426490,2,0,-1
4,3214,32436549,120,22,8232
13,3213,32436571,-1,0,-1
4,3215,32446570,118,29,8223
13,3214,32446592,-1,0,1
4,3216,32456634,109,10,8217
13,3215,32456656,0,0,-1
4,3217,32466664,105,34,8229
13,3216,32466686,1,1,0
4,3218,32476772,108,33,8226
13,3217,32476794,1,1,1
4,3219,32486814,115,18,8217
13,3218,32486836,0,1,3
4,3220,32496930,116,23,8220
13,3219,32496952,0,2,3
4,3221,32506936,119,27,8230
13,3220,32506958,4,1,-1
4,3222,32517009,102,22,8226
13,3221,32517031,0,0,0
4,3223,32527005,102,30,8218
13,3222,32527027,0,0,2
4,3224,32537071,108,28,8218
13,3223,32537093,-1,-1,1
4,3225,32547134,109,29,8224
13,3224,32547156,0,0,0
4,3226,32557249,115,25,8220
13,3225,32557271,0,-1,-1
4,3227,32567215,112,46,8225
13,3226,32567237,0,0,0
4,3228,32577249,107,31,8219
13,3227,32577271,0,1,1
4,3229,32587332,104,23,8220
13,3228,32587354,0,3,1
4,3230,32597430,98,22,8226
13,3229,32597452,0,-1,1
4,3231,32607448,119,26,8214
13,3230,32607470,2,-1,1
4,3232,32617538,111,20,8227
13,3231,32617560,3,0,-1
4,3233,32627536,107,27,8224
13,3232,32627558,0,0,-1
4,3234,32637742,109,29,8210
13,3233,32637764,-1,1,0
4,3235,32647727,107,30,8217
13,3234,32647748,0,-1,0
4,3236,32657709,113,29,8228
13,3235,32657731,0,-1,0
4,3237,32667784,114,26,8228
13,3236,32667806,0,1,0
4,3238,32677839,100,31,8221
13,3237,32677861,-1,1,0
4,3239,32687906,118,34,8234
13,3238,32687928,-2,3,-2
4,3240,32697954,106,24,8234
13,3239,32697976,0,0,0
4,3241,32708004,120,22,8227
13,3240,32708026,0,-2,1
4,3242,32718177,111,20,8226
13,3241,32718199,0,0,0
4,3243,32728129,96,26,8225
13,3242,32728151,1,1,-2
4,3244,32738228,100,28,8230
13,3243,32738250,0,0,0
4,3245,32748264,108,27,8236
13,3244,32748286,-1,0,0
4,3246,32758407,107,34,8229
13,3245,32758429,0,2,1
4,3247,32768359,111,20,8216
13,3246,32768381,0,0,-1
4,3248,32778420,108,37,8230
13,3247,32778442,0,0,0
4,3249,32788414,108,29,8226
13,3248,32788436,0,1,1
4,3250,32798618,101,32,8216
13,3249,32798640,-1,-1,1
4,3251,32808596,113,30,8219
13,3250,32808617,0,-2,-1
4,3252,32818617,111,33,8229
13,3251,32818639,1,-1,2
4,3253,32828636,116,23,8217
13,3252,32828658,0,-2,0
4,3254,32838798,122,30,8218
13,3253,32838820,0,1,1
4,3255,32848803,120,27,8237
13,3254,32848825,-1,0,0
4,3256,32858897,111,29,8226
13,3255,32858919,0,0,-2
4,3257,32868938,116,23,8220
13,3256,32868960,0,-1,-2
4,3258,32879051,118,31,8220
13,3257,32879073,0,0,0
4,3259,32889067,111,31,8230
13,3258,32889089,0,1,0
4,3260,32899136,108,29,8224
13,3259,32899158,0,0,0
4,3261,32909142,99,22,8229
13,3260,32909164,0,0,1
4,3262,32919180,110,28,8233
13,3261,32919202,1,-1,3
4,3263,32929350,118,35,8218
13,3262,32929372,1,-2,0
4,3264,32939331,111,40,8224
13,3263,32939353,0,1,0
4,3265,32949343,112,30,8237
13,3264,32949365,0,0,0
4,3266,32959529,105,22,8230
13,3265,32959551,0,0,1
4,3267,32969502,114,29,8227
13,3266,32969524,0,1,0
4,3268,32979563,114,27,8226
13,3267,32979585,0,2,1
4,3269,32989647,112,41,8231
13,3268,32989669,1,0,0
4,3270,32999736,99,38,8235
13,3269,32999758,1,0,-2
4,3271,33009755,112,38,8226
13,3270,33009777,2,1,0
4,3272,33019843,101,31,8224
13,3271,33019865,0,2,-1
4,3273,33029803,102,35,8211
13,3272,33029825,0,2,0
4,3274,33040013,107,17,8224
13,3273,33040035,0,0,3
4,3275,33049944,104,21,8227
13,3274,33049966,0,0,0
4,3276,33059960,99,27,8212
13,3275,33059982,0,1,-1
4,3277,33070083,113,27,8228
13,3276,33070105,0,-1,0
4,3278,33080162,111,18,8224
13,3277,33080184,0,0,0
4,3279,33090159,118,21,8216
13,3278,33090180,0,2,0
4,3280,33100245,108,25,8221
13,3279,33100267,0,-3,0
4,3281,33110418,103,17,8219
13,3280,33110440,-1,0,0
4,3282,33120427,98,24,8226
13,3281,33120449,1,2,0
4,3283,33130440,109,36,8225
13,3282,33130462,0,0,0
4,3284,33140495,113,29,8210
13,3283,33140517,0,-1,1
4,3285,33150611,108,39,8221
13,3284,33150633,0,1,-1
4,3286,33160634,111,31,8221
13,3285,33160656,1,0,0
4,3287,33170597,101,32,8215
13,3286,33170619,0,0,0
4,3288,33180791,106,22,8228
13,3287,33180813,-2,0,0
4,3289,33190768,111,31,8230
13,3288,33190790,-1,0,0
4,3290,33200953,118,29,8234
13,3289,33200975,0,0,0
4,3291,33210888,104,26,8224
13,3290,33210910,1,-1,0
4,3292,33220945,106,31,8224
13,3291,33220967,-1,0,0
4,3293,33231077,106,24,8235
13,3292,33231127,0,-2,0
4,3294,33241101,109,27,8235
13,3293,33241123,0,0,2
4,3295,33251106,118,31,8230
13,3294,33251128,-1,1,0
4,3296,33261194,108,31,8226
13,3295,33261216,1,0,0
4,3297,33271310,118,34,8222
13,3296,33271332,-1,0,0
4,3298,33281409,115,12,8228
13,3297,33281430,0,1,0
4,3299,33291400,109,24,8225
13,3298,33291422,0,0,0
4,3300,33301407,106,37,8222
13,3299,33301429,0,0,0
4,3301,33311397,108,30,8220
13,3300,33311419,0,0,-1
4,3302,33321574,109,25,8216
13,3301,33321595,0,0,-1
4,3303,33331511,117,24,8219
13,3302,33331532,0,-1,-1
4,3304,33341640,107,27,8226
13,3303,33341662,0,-1,0
4,3305,33351705,109,36,8225
13,3304,33351727,-1,0,1
4,3306,33361957,121,24,8223
13,3305,33361979,0,1,1
4,3307,33371863,115,26,8220
13,3306,33371885,0,-1,0
4,3308,33381972,124,32,8232
13,3307,33381994,1,-2,-1
4,3309,33391940,109,42,8220
13,3308,33391962,2,0,-1
4,3310,33402095,103,16,8241
13,3309,33402117,0,0,-1
4,3311,33412077,119,21,8226
13,3310,33412098,0,0,0
4,3312,33422088,111,29,8223
13,3311,33422110,0,-1,0
4,3313,33432174,108,43,8225
13,3312,33432196,1,3,-1
4,3314,33442369,116,22,8221
13,3313,33442390,0,1,0
4,3315,33452294,109,23,8216
13,3314,33452316,0,2,1
4,3316,33462433,109,38,8234
13,3315,33462455,0,3,1
4,3317,33472404,112,26,8234
13,3316,33472426,0,0,0
4,3318,33482520,114,25,8228
13,3317,33482542,0,-1,0
4,3319,33492538,116,35,8213
13,3318,33492560,1,1,0
4,3320,33502630,109,35,8222
13,3319,33502652,0,2,0
4,3321,33512744,113,25,8237
13,3320,33512766,0,0,0
4,3322,33522835,124,10,8217
13,3321,33522857,0,0,0
4,3323,33532808,118,32,8217
13,3322,33532830,-1,0,0
4,3324,33542790,109,43,8226
13,3323,33542812,0,1,0
4,3325,33552895,115,26,8232
13,3324,33552917,0,1,2
4,3326,33563003,119,27,8222
13,3325,33563025,0,0,2
4,3327,33573018,115,35,8230
13,3326,33573040,0,0,0
4,3328,33583085,108,39,8238
13,3327,33583107,-2,0,1
4,3329,33593065,107,34,8233
13,3328,33593087,-2,-1,0
4,3330,33603297,111,37,8232
13,3329,33603319,0,1,0
4,3331,33613217,107,24,8219
13,3330,33613239,1,1,-1
4,3332,33623330,112,30,8214
13,3331,33623352,2,0,0
4,3333,33633362,109,34,8213
13,3332,33633384,0,0,1
4,3334,33643491,99,31,8233
13,3333,33643513,-1,0,0
4,3335,33653538,93,31,8232
13,3334,33653560,0,0,-2
4,3336,33663573,101,31,8226
13,3335,33663595,-1,0,0
4,3337,33673666,113,27,8231
13,3336,33673688,-2,0,2
4,3338,33683758,97,22,8225
13,3337,33683780,-1,1,1
4,3339,33693711,99,24,8226
13,3338,33693733,1,-1,0
4,3340,33703797,128,17,8231
13,3339,33703819,0,0,0
4,3341,33713828,110,16,8222
13,3340,33713850,-1,0,0
4,3342,33723964,115,33,8225
13,3341,33723986,0,-1,0
4,3343,33733964,121,27,8222
13,3342,33733986,0,0,2
4,3344,33744034,107,15,8231
13,3343,33744084,0,1,0
4,3345,33754098,102,26,8222
13,3344,33754120,-2,2,1
4,3346,33764261,107,23,8217
13,3345,33764283,-2,0,0
4,3347,33774222,111,23,8225
13,3346,33774244,0,0,1
4,3348,33784318,111,30,8226
13,3347,33784340,0,-1,0
4,3349,33794317,109,35,8221
13,3348,33794339,0,0,0
4,3350,33804334,112,39,8228
13,3349,33804356,0,0,0
4,3351,33814415,108,30,8219
13,3350,33814437,-1,0,0
4,3352,33824475,107,34,8230
13,3351,33824497,1,0,1
4,3353,33834577,117,17,8229
13,3352,33834599,0,0,0
4,3354,33844701,110,19,8215
13,3353,33844723,-1,0,1
4,3355,33854630,121,24,8229
13,3354,33854652,0,0,0
4,3356,33864723,115,23,8227
13,3355,33864745,1,0,0
4,3357,33874820,113,20,8227
13,3356,33874842,2,-2,0
4,3358,33884888,119,25,8220
13,3357,33884910,2,2,0
4,3359,33894914,118,32,8227
13,3358,33894936,0,2,0
4,3360,33904955,115,27,8225
13,3359,33904977,0,-1,-2
4,3361,33915030,109,23,8227
13,3360,33915052,-1,-2,-1
4,3362,33925130,105,27,8220
13,3361,33925152,-1,0,-1
4,3363,33935036,104,22,8226
13,3362,33935058,0,0,0
4,3364,33945140,112,30,8232
13,3363,33945161,0,-1,1
4,3365,33955185,113,32,8218
13,3364,33955207,0,0,0
4,3366,33965295,111,28,8212
13,3365,33965317,-2,0,1
4,3367,33975339,122,37,8229
13,3366,33975361,-3,0,0
4,3368,33985386,116,36,8233
13,3367,33985408,-3,0,0
4,3369,33995423,115,39,8221
13,3368,33995445,0,1,1
4,3370,34005611,102,37,8217
13,3369,34005633,0,2,1
4,3371,34015564,107,28,8232
13,3370,34015586,0,2,0
4,3372,34025630,108,31,8225
13,3371,34025652,0,0,0
4,3373,34035711,111,27,8210
13,3372,34035733,-1,0,3
4,3374,34045739,106,19,8213
13,3373,34045761,1,0,3
4,3375,34055743,113,22,8226
13,3374,34055765,1,0,0
4,3376,34065830,112,29,8226
13,3375,34065852,0,0,0
4,3377,34075905,102,30,8217
13,3376,34075927,0,0,1
4,3378,34086097,115,28,8224
13,3377,34086119,0,1,1
4,3379,34096008,101,25,8226
13,3378,34096029,0,0,0
4,3380,34106078,104,24,8228
13,3379,34106100,2,0,1
4,3381,34116166,109,24,8232
13,3380,34116188,0,1,0
4,3382,34126270,117,27,8225
13,3381,34126292,0,-1,-1
4,3383,34136279,114,20,8221
13,3382,34136301,1,0,1
4,3384,34146358,115,34,8223
13,3383,34146380,0,0,1
4,3385,34156447,112,31,8228
13,3384,34156469,0,0,0
4,3386,34166504,118,25,8214
13,3385,34166526,0,0,1
4,3387,34176508,111,31,8221
13,3386,34176530,3,0,1
4,3388,34186621,118,35,8220
13,3387,34186642,2,0,0
4,3389,34196570,129,21,8229
13,3388,34196592,-2,0,0
4,3390,34206712,118,28,8228
13,3389,34206733,0,0,1
4,3391,34216806,104,26,8224
13,3390,34216828,1,1,1
4,3392,34226805,106,30,8223
13,3391,34226827,1,1,1
4,3393,34236862,97,34,8218
13,3392,34236884,-1,1,0
4,3394,34247063,98,29,8231
13,3393,34247085,0,1,0
4,3395,34257018,123,24,8218
13,3394,34257040,0,0,0
4,3396,34267095,116,32,8223
13,3395,34267117,-1,1,1
4,3397,34277133,103,27,8226
13,3396,34277155,0,1,0
4,3398,34287264,109,31,8225
13,3397,34287285,2,0,0
4,3399,34297265,119,30,8237
13,3398,34297287,0,1,1
4,3400,34307383,100,27,8217
13,3399,34307405,0,0,0
4,3401,34317382,106,29,8211
13,3400,34317404,0,1,0
4,3402,34327581,110,27,8224
13,3401,34327603,0,0,0
4,3403,34337498,112,38,8214
13,3402,34337520,0,1,-1
4,3404,34347499,132,29,8220
13,3403,34347521,1,-1,1
4,3405,34357652,119,36,8228
13,3404,34357674,0,0,0
4,3406,34367728,107,33,8223
13,3405,34367777,-1,1,0
4,3407,34377761,105,26,8228
13,3406,34377783,0,0,0
4,3408,34387773,118,31,8228
13,3407,34387795,-2,0,0
4,3409,34397880,116,25,8222
13,3408,34397902,0,1,1
4,3410,34408081,112,24,8218
13,3409,34408103,0,1,0
4,3411,34417943,102,24,8229
13,3410,34417965,0,0,1
4,3412,34428016,121,39,8216
13,3411,34428038,0,0,1
4,3413,34438083,117,26,8229
13,3412,34438105,0,0,0
4,3414,34448160,108,28,8215
13,3413,34448182,0,1,0
4,3415,34458235,108,25,8232
13,3414,34458257,0,0,0
4,3416,34468277,109,28,8233
13,3415,34468299,1,0,0
4,3417,34478293,96,26,8224
13,3416,34478315,2,1,0
4,3418,34488480,100,35,8218
13,3417,34488529,-1,-1,-1
4,3419,34498483,108,33,8234
13,3418,34498532,0,-1,-2
4,3420,34508539,106,26,8228
13,3419,34508561,0,0,0
4,3421,34518534,113,23,8210
13,3420,34518556,-1,1,1
4,3422,34528709,116,23,8227
13,3421,34528731,0,3,1
4,3423,34538728,102,29,8228
13,3422,34538750,0,1,1
4,3424,34548742,111,29,8215
13,3423,34548764,-1,1,1
4,3425,34558812,110,33,8226
13,3424,34558834,0,0,0
4,3426,34569017,111,22,8213
13,3425,34569039,-1,0,0
4,3427,34578996,109,28,8207
13,3426,34579017,0,0,2
4,3428,34588995,121,19,8229
13,3427,34589017,0,2,0
4,3429,34599085,118,31,8232
13,3428,34599107,0,1,0
4,3430,34609095,106,29,8217
13,3429,34609117,0,0,0
4,3431,34619170,122,25,8212
13,3430,34619192,-1,0,-1
4,3432,34629290,115,31,8215
13,3431,34629312,0,2,0
4,3433,34639292,108,35,8219
13,3432,34639314,2,0,0
4,3434,34649559,113,21,8223
13,3433,34649581,0,1,0
4,3435,34659408,113,25,8232
13,3434,34659430,-1,0,0
4,3436,34669500,113,37,8238
13,3435,34669522,-2,0,0
4,3437,34679616,107,32,8228
13,3436,34679638,-1,-1,-2
4,3438,34689652,110,22,8230
13,3437,34689674,0,1,-1
4,3439,34699680,101,27,8229
13,3438,34699702,0,0,1
4,3440,34709724,98,24,8215
13,3439,34709746,1,0,0
4,3441,34719758,119,24,8221
13,3440,34719780,1,1,0
4,3442,34729959,111,24,8233
13,3441,34729981,0,0,1
4,3443,34739902,97,25,8228
13,3442,34739924,0,1,0
4,3444,34749957,110,27,8217
13,3443,34749979,0,0,0
4,3445,34760059,116,28,8219
13,3444,34760081,0,1,0
4,3446,34770159,109,32,8231
13,3445,34770181,-1,1,0
4,3447,34780113,108,22,8229
13,3446,34780135,-1,0,0
4,3448,34790254,110,19,8219
13,3447,34790276,0,0,1
4,3449,34800263,117,33,8223
13,3448,34800285,0,1,1
4,3450,34810366,115,33,8210
13,3449,34810388,0,0,1
4,3451,34820417,109,36,8212
13,3450,34820439,1,-2,0
4,3452,34830452,116,37,8216
13,3451,34830474,1,-1,0
4,3453,34840488,118,22,8225
13,3452,34840510,1,1,0
4,3454,34850571,107,18,8229
13,3453,34850593,0,1,-1
4,3455,34860681,111,28,8227
13,3454,34860703,-1,3,0
4,3456,34870720,123,25,8222
13,3455,34870769,0,0,0
4,3457,34880798,118,35,8222
13,3456,34880820,2,0,-1
4,3458,34890887,111,37,8223
13,3457,34890909,1,0,0
4,3459,34900849,113,24,8215
13,3458,34900871,0,0,0
4,3460,34910930,107,35,8222
13,3459,34910952,-2,-1,0
4,3461,34920901,107,32,8223
13,3460,34920923,-1,0,-1
4,3462,34931055,104,22,8226
13,3461,34931077,0,1,0
4,3463,34941050,101,36,8225
13,3462,34941072,1,3,-1
4,3464,34951163,114,33,8223
13,3463,34951185,1,-2,0
4,3465,34961193,102,26,8226
13,3464,34961215,0,-1,1
4,3466,34971315,116,19,8224
13,3465,34971337,-1,2,0
4,3467,34981306,125,22,8229
13,3466,34981328,0,0,-1
4,3468,34991336,104,27,8218
13,3467,34991358,0,0,-1
# CONFIG,end,4,100.000,0,4,0
# CONFIG,end,13,100.000,0,1000,0
# END,accel_events=3468,gyro_events=3467,queue_dropped=0,malformed=0,max_poll_gap_us=135487
# Reset the board before another ca