4,3258,65696612,-311,-29,8168,0,0
13,3259,65696679,-11,-45,8,0,0
37,3260,65706653,-18,294,466,16374,0
4,3259,65716800,-284,-40,8182,0,0
13,3260,65716840,-8,-57,2,0,0
37,3261,65726798,-19,288,466,16374,0
4,3260,65736854,-259,-69,8229,0,0
13,3261,65736893,-17,-67,-5,0,0
37,3262,65746911,-20,284,466,16374,0
L,65750379,VALID,-0.747,2.353,1
4,3261,65756984,-285,-35,8291,0,0
13,3262,65757023,-2,-52,1,0,0
37,3263,65767134,-19,280,466,16374,0
4,3262,65777153,-318,-49,8232,0,0
13,3263,65777193,1,-48,2,0,0
37,3264,65787133,-20,276,466,16375,0
4,3263,65797281,-305,-57,8238,0,0
13,3264,65797321,-2,-58,0,0,0
37,3265,65807289,-20,269,466,16375,0
4,3264,65817359,-244,-22,8234,0,0
13,3265,65817398,-6,-84,-6,0,0
37,3266,65827331,-20,261,465,16375,0
4,3265,65837546,-239,-26,8278,0,0
13,3266,65837586,-5,-96,-25,0,0
37,3267,65847640,-20,251,460,16375,0
L,65851102,VALID,-0.740,2.122,1
4,3266,65857627,-260,-16,8217,0,0
13,3267,65857667,-4,-111,-85,0,0
37,3268,65867720,-21,241,452,16375,0
4,3267,65877789,-250,-27,8226,0,0
13,3268,65877829,-9,-115,-73,0,0
37,3269,65887797,-21,231,448,16376,0
4,3268,65897867,-191,-19,8198,0,0
13,3269,65897907,-15,-125,-65,0,0
37,3270,65907883,-24,216,438,16376,0
4,3269,65918029,-178,-58,8236,0,0
13,3270,65918069,-24,-171,-139,0,0
37,3271,65928124,-25,200,426,16377,0
4,3270,65938209,-273,-58,8200,0,0
13,3271,65938276,-11,-230,-121,0,0
37,3272,65948081,-25,169,419,16377,0
L,65951547,VALID,-0.686,1.549,1
4,3271,65958350,-1098,-13,8218,0,0
13,3272,65958390,-10,-1128,-246,0,0
37,3273,65968383,-27,-40,379,16379,0
4,3272,65978460,1219,-101,8303,0,0
13,3273,65978499,-60,-1398,-255,0,0
37,3274,65988469,-26,-29,370,16379,0
4,3273,65998486,-23,-67,8163,0,0
13,3274,65998525,14,-71,-233,0,0
37,3275,66008747,-24,-43,347,16380,0
4,3274,66018684,54,-29,8221,0,0
13,3275,66018723,20,-56,-175,0,0
37,3276,66028586,-23,-45,339,16380,0
4,3275,66038837,42,-34,8221,0,0
13,3276,66038877,8,-23,-59,0,0
37,3277,66048801,-23,-47,336,16380,0
L,66052243,VALID,-0.663,0.038,1
4,3276,66058890,38,-48,8211,0,0
13,3277,66058929,2,-5,-7,0,0
37,3278,66068876,-23,-47,336,16380,0
4,3277,66079130,57,-44,8219,0,0
13,3278,66079170,4,-1,-2,0,0
37,3279,66089282,-23,-48,336,16380,0
4,3278,66099217,65,-53,8233,0,0
13,3279,66099257,4,-12,-6,0,0
37,3280,66109212,-23,-50,335,16380,0
4,3279,66119405,69,-52,8220,0,0
13,3280,66119444,4,-13,-31,0,0
37,3281,66129326,-23,-51,329,16380,0
4,3280,66139431,101,-130,8222,0,0
13,3281,66139470,7,-30,-140,0,0
37,3282,66149447,-22,-55,303,16381,0
L,66152921,VALID,-0.670,-0.019,1
4,3281,66159553,95,-50,8224,0,0
13,3282,66159592,2,-37,-358,0,0
37,3283,66169669,-23,-58,271,16381,0
4,3282,66179689,103,-83,8203,0,0
13,3283,66179728,2,-23,-429,0,0
37,3284,66189669,-22,-59,232,16382,0
4,3283,66199834,1,11,8224,0,0
13,3284,66199874,2,-17,-393,0,0
37,3285,66209951,-21,-60,207,16382,0
4,3284,66220007,8,-5,8238,0,0
13,3285,66220046,4,-22,-200,0,0
37,3286,66229961,-20,-62,195,16382,0
4,3285,66240110,35,-11,8220,0,0
13,3286,66240149,2,-14,-63,0,0
37,3287,66250202,-21,-64,193,16382,0
L,66253654,VALID,-0.678,-0.083,1
4,3286,66260276,67,-27,8232,0,0
13,3287,66260316,-5,-10,-23,0,0
37,3288,66270279,-21,-64,191,16382,0
4,3287,66280385,52,-33,8231,0,0
13,3288,66280425,-3,-6,-11,0,0
37,3289,66290460,-22,-65,191,16382,0
4,3288,66300480,77,-45,8215,0,0
13,3289,66300519,-2,-8,-11,0,0
37,3290,66310502,-23,-66,188,16382,0
4,3289,66320730,86,-50,8227,0,0
13,3290,66320769,-5,-5,-54,0,0
37,3291,66330803,-23,-67,181,16382,0
4,3290,66340859,90,-49,8212,0,0
13,3291,66340899,0,-9,-94,0,0
37,3292,66350890,-24,-69,169,16382,0
L,66354334,VALID,-0.658,-0.118,1
4,3291,66360955,80,-33,8221,0,0
13,3292,66360995,1,-12,-212,0,0
37,3293,66371003,-23,-69,156,16383,0
4,3292,66381014,74,-27,8206,0,0
13,3293,66381053,0,-1,-16,0,0
37,3294,66391035,-24,-69,157,16383,0
4,3293,66401331,67,-40,8214,0,0
13,3294,66401371,-3,6,-1,0,0
37,3295,66411294,-25,-68,157,16383,0
4,3294,66421348,75,-61,8217,0,0
13,3295,66421388,-7,13,3,0,0
37,3296,66431293,-26,-66,157,16383,0
4,3295,66441424,72,-40,8222,0,0
13,3296,66441491,-6,14,0,0,0
37,3297,66451518,-28,-65,157,16383,0
L,66454944,VALID,-0.630,-0.090,1
4,3296,66461567,56,-51,8243,0,0
13,3297,66461607,-21,27,-5,0,0
37,3298,66471604,-30,-63,157,16383,0
4,3297,66481699,56,-38,8254,0,0
13,3298,66481739,-2,12,-1,0,0
37,3299,66491784,-30,-61,157,16383,0
4,3298,66501735,48,-42,8228,0,0
13,3299,66501775,-1,7,0,0,0
37,3300,66511834,-31,-61,157,16383,0
4,3299,66521941,58,-43,8221,0,0
13,3300,66521981,0,-5,2,0,0
37,3301,66531988,-31,-61,157,16383,0
4,3300,66542044,60,-40,8228,0,0
13,3301,66542083,-5,-2,0,0,0
37,3302,66552101,-32,-61,157,16383,0
L,66555554,VALID,-0.603,-0.061,1
4,3301,66562131,58,-51,8230,0,0
13,3302,66562171,-1,1,0,0,0
37,3303,66572256,-33,-61,157,16383,0
4,3302,66582321,61,-51,8221,0,0
13,3303,66582361,3,1,-1,0,0
37,3304,66592300,-33,-61,157,16383,0
4,3303,66602491,82,-57,8222,0,0
13,3304,66602531,0,1,0,0,0
37,3305,66612470,-34,-61,157,16383,0
4,3304,66622647,80,-53,8214,0,0
13,3305,66622687,-2,4,2,0,0
37,3306,66632521,-34,-62,157,16383,0
4,3305,66642646,68,-56,8238,0,0
13,3306,66642685,4,-1,1,0,0
37,3307,66652813,-34,-62,157,16383,0
L,66656285,VALID,-0.589,-0.068,1
4,3306,66662742,61,-47,8224,0,0
13,3307,66662782,5,-4,0,0,0
37,3308,66672769,-34,-63,157,16383,0
4,3307,66683005,76,-36,8219,0,0
13,3308,66683072,6,-8,0,0,0
37,3309,66693091,-34,-64,157,16383,0
4,3308,66703179,67,-35,8221,0,0
13,3309,66703219,1,-6,-1,0,0
37,3310,66713031,-34,-64,157,16383,0
4,3309,66723169,52,-44,8230,0,0
13,3310,66723209,4,-8,-1,0,0
37,3311,66733288,-34,-65,157,16383,0
4,3310,66743385,55,-45,8222,0,0
13,3311,66743425,1,-12,-1,0,0
37,3312,66753347,-34,-66,157,16383,0
L,66756791,VALID,-0.588,-0.096,1
4,3311,66763456,59,-54,8231,0,0
13,3312,66763495,-1,-14,0,0,0
37,3313,66773502,-35,-67,157,16383,0
4,3312,66783599,66,-54,8237,0,0
13,3313,66783639,0,-8,-1,0,0
37,3314,66793536,-36,-67,157,16383,0
4,3313,66803642,67,-55,8229,0,0
13,3314,66803681,-1,-7,0,0,0
37,3315,66813741,-36,-68,157,16383,0
4,3314,66823781,73,-43,8225,0,0
13,3315,66823821,0,-14,0,0,0
37,3316,66833818,-37,-70,157,16383,0
4,3315,66844003,86,-48,8224,0,0
13,3316,66844042,-1,-14,-2,0,0
37,3317,66854018,-37,-72,156,16383,0
L,66857462,VALID,-0.567,-0.138,1
4,3316,66864093,83,-52,8228,0,0
13,3317,66864133,0,-12,0,0,0
37,3318,66874082,-37,-73,156,16383,0
4,3317,66884202,80,-47,8234,0,0
13,3318,66884242,4,-14,-1,0,0
37,3319,66894249,-37,-75,156,16383,0
4,3318,66904314,74,-18,8231,0,0
13,3319,66904354,3,-10,-1,0,0
37,3320,66914336,-36,-75,156,16383,0
4,3319,66924536,81,-41,8208,0,0
13,3320,66924575,3,-13,0,0,0
37,3321,66934542,-36,-77,156,16383,0
4,3320,66944641,74,-35,8237,0,0
13,3321,66944680,1,-15,0,0,0
37,3322,66954713,-36,-78,156,16383,0
L,66958159,VALID,-0.574,-0.180,1
4,3321,66964738,70,-43,8242,0,0
13,3322,66964777,4,-17,0,0,0
37,3323,66974937,-36,-79,156,16383,0
4,3322,66984960,76,-54,8226,0,0
13,3323,66985000,2,-18,-1,0,0
37,3324,66994947,-36,-81,156,16383,0
4,3323,67005217,81,-59,8229,0,0
13,3324,67005257,0,-19,-2,0,0
37,3325,67015094,-37,-83,156,16382,0
4,3324,67025061,82,-66,8227,0,0
13,3325,67025101,0,-18,0,0,0
37,3326,67035126,-37,-84,156,16382,0
4,3325,67045241,88,-46,8233,0,0
13,3326,67045281,3,-16,3,0,0
37,3327,67055341,-37,-86,156,16382,0
L,67058786,VALID,-0.566,-0.236,1
4,3326,67065364,93,-50,8235,0,0
13,3327,67065404,4,-4,1,0,0
37,3328,67075365,-37,-85,156,16382,0
4,3327,67085576,88,-44,8225,0,0
13,3328,67085616,4,9,0,0,0
37,3329,67095564,-37,-85,156,16382,0
4,3328,67105575,100,-35,8219,0,0
13,3329,67105615,4,8,-1,0,0
37,3330,67115683,-37,-84,156,16382,0
4,3329,67125818,79,-34,8227,0,0
13,3330,67125858,-3,14,-3,0,0
37,3331,67135788,-37,-83,155,16383,0
4,3330,67145870,78,-34,8222,0,0
13,3331,67145909,-5,7,-6,0,0
37,3332,67155959,-38,-82,155,16383,0
L,67159422,VALID,-0.559,-0.208,1
4,3331,67166068,72,-38,8225,0,0
13,3332,67166108,-2,1,-6,0,0
37,3333,67176063,-38,-82,154,16383,0
4,3332,67186126,86,-51,8232,0,0
13,3333,67186166,1,-9,-7,0,0
37,3334,67196235,-38,-84,154,16383,0
4,3333,67206255,96,-67,8238,0,0
13,3334,67206295,1,-21,-11,0,0
37,3335,67216466,-38,-87,151,16383,0
4,3334,67226420,78,-62,8238,0,0
13,3335,67226460,2,-26,-54,0,0
37,3336,67236424,-38,-88,147,16383,0
4,3335,67246541,65,-36,8228,0,0
13,3336,67246580,4,-33,-12,0,0
37,3337,67256537,-37,-92,147,16383,0
L,67259954,VALID,-0.566,-0.278,1
4,3336,67266585,96,-50,8225,0,0
13,3337,67266624,5,-43,0,0,0
37,3338,67276672,-37,-96,147,16383,0
4,3337,67286771,107,-41,8226,0,0
13,3338,67286811,6,-45,0,0,0
37,3339,67296880,-36,-100,147,16382,0
4,3338,67306883,104,-41,8234,0,0
13,3339,67306922,7,-31,-4,0,0
37,3340,67316906,-35,-102,146,16382,0
4,3339,67327083,109,-24,8228,0,0
13,3340,67327123,2,-21,-14,0,0
37,3341,67337080,-35,-104,145,16382,0
4,3340,67347150,93,-24,8235,0,0
13,3341,67347189,2,-16,-12,0,0
37,3342,67357112,-35,-104,144,16382,0
L,67360642,VALID,-0.579,-0.362,1
4,3341,67367264,99,-32,8236,0,0
13,3342,67367304,4,-9,-3,0,0
37,3343,67377343,-34,-105,144,16382,0
4,3342,67387348,104,-47,8241,0,0
13,3343,67387387,4,-1,-3,0,0
37,3344,67397472,-35,-105,143,16382,0
4,3343,67407494,105,-48,8249,0,0
13,3344,67407533,0,-2,-10,0,0
37,3345,67417499,-35,-105,141,16383,0
4,3344,67427613,165,-79,8226,0,0
13,3345,67427653,-1,2,-70,0,0
37,3346,67437627,-37,-106,123,16383,0
4,3345,67447742,16,-12,8224,0,0
13,3346,67447782,-8,8,-307,0,0
37,3347,67457851,-35,-102,110,16383,0
L,67461373,VALID,-0.581,-0.349,1
4,3346,67467917,107,-56,8211,0,0
13,3347,67467957,0,1,7,0,0
37,3348,67477800,-35,-102,110,16383,0
4,3347,67488061,103,-32,8249,0,0
13,3348,67488100,0,-3,-5,0,0
37,3349,67498057,-35,-102,110,16383,0
4,3348,67508139,102,-29,8220,0,0
13,3349,67508179,-4,0,-3,0,0
37,3350,67518134,-35,-102,110,16383,0
4,3349,67528145,107,-33,8237,0,0
13,3350,67528184,-3,-3,-6,0,0
37,3351,67538409,-35,-103,109,16383,0
4,3350,67548344,105,-27,8231,0,0
13,3351,67548384,3,-12,-1,0,0
37,3352,67558271,-34,-105,109,16383,0
L,67561810,VALID,-0.588,-0.370,1
4,3351,67568493,101,-35,8225,0,0
13,3352,67568533,5,-21,-2,0,0
37,3353,67578503,-34,-107,109,16383,0
4,3352,67588592,104,-38,8235,0,0
13,3353,67588631,3,-26,-3,0,0
37,3354,67598572,-34,-109,108,16383,0
4,3353,67608721,98,-48,8241,0,0
13,3354,67608761,8,-33,-4,0,0
37,3355,67618865,-33,-112,108,16383,0
4,3354,67628833,108,-58,8251,0,0
13,3355,67628873,11,-30,-4,0,0
37,3356,67638779,-31,-115,108,16383,0
4,3355,67649056,101,-42,8237,0,0
13,3356,67649095,21,-30,-3,0,0
37,3357,6765890ÿBootloader starting
NRF_POWER->GPREGRET2 = 0004
CONFIG_GPIO_AS_PINRESET NOT defined
BHI260/BHA260 found. Product ID read 89
Loading firmware. Boot status: 11
No BHY UPDATE file found!
No ANNA_UPDATE_FILE found. Starting main application
 #Place the box still. Send s to capture 5 s startup + 30 s stationary data.
# Send q for a 60 s six-axis quaternion bench capture at 50 Hz.
# Send l for a 120 s live lean bench test. Start upright and still; c recalibrates.
# NICLA_LEAN_V1
# Arduino_BHY2=1.0.8; Game RV=37; no magnetometer fusion or BLE output
# configuration_read_attempts=3
# CONFIG,phase,sensor_id,rate_hz,latency_ms,range,sensitivity
# LEAN,host_us,status,roll_deg,pitch_nose_up_deg,calibration_id; blank angles when invalid
# startup_us=5000000,duration_us=120000000,rate_hz=50
# host_us is delivery time; hardware timestamps and upstream loss are not exposed
sensor_id,sequence,host_us,x_raw,y_raw,z_raw,w_raw,accuracy_raw
# CONFIG_READ_FAILURE,phase=start,sensor_id=4,attempt=1,status=-5,bytes=4,expected_bytes=12
# CONFIG,start,4,50.000,0,4,0
# CONFIG,start,13,50.000,0,1000,0
# CONFIG,start,37,50.000,0,1,0
L,149498,STARTUP,,,0
4,1,149452,74,-99,8458,0,0
13,1,154208,7,-16,-15,0,0
37,1,154245,-96,-74,-1,16383,0
13,2,157051,10,-28,-11,0,0
37,2,157085,-95,-76,-2,16383,0
37,3,162813,-94,-77,-3,16383,0
4,2,171996,75,-113,8477,0,0
13,3,172035,13,-26,-13,0,0
37,4,181944,-93,-79,-4,16383,0
4,3,192092,68,-115,8502,0,0
13,4,192132,15,-26,-11,0,0
37,5,202038,-92,-82,-5,16383,0
4,4,212092,84,-122,8501,0,0
13,5,212132,14,-23,-12,0,0
37,6,222210,-91,-83,-6,16383,0
4,5,232299,67,-110,8502,0,0
13,6,232339,15,-22,-13,0,0
37,7,242356,-90,-85,-7,16383,0
L,249527,STARTUP,,,0
4,6,252398,60,-101,8500,0,0
13,7,252465,12,-21,-12,0,0
37,8,262493,-88,-87,-8,16383,0
4,7,272524,50,-95,8518,0,0
13,8,272564,12,-24,-13,0,0
37,9,282570,-87,-88,-9,16383,0
4,8,292659,59,-99,8491,0,0
13,9,292698,11,-20,-13,0,0
37,10,302689,-86,-90,-10,16383,0
4,9,312745,67,-81,8518,0,0
13,10,312785,11,-21,-11,0,0
37,11,322862,-85,-92,-11,16383,0
4,10,332866,64,-102,8508,0,0
13,11,332906,12,-21,-11,0,0
37,12,342837,-84,-94,-12,16383,0
L,349549,STARTUP,,,0
4,11,353036,70,-108,8505,0,0
13,12,353076,14,-18,-14,0,0
37,13,363155,-84,-95,-14,16383,0
4,12,373139,76,-121,8496,0,0
13,13,373179,12,-22,-14,0,0
37,14,383060,-83,-97,-15,16383,0
4,13,393263,78,-112,8506,0,0
13,14,393303,15,-25,-11,0,0
37,15,403421,-81,-99,-16,16383,0
4,14,413390,71,-101,8501,0,0
13,15,413430,13,-19,-11,0,0
37,16,423429,-80,-100,-17,16383,0
4,15,433588,60,-119,8513,0,0
13,16,433628,13,-18,-13,0,0
37,17,443569,-79,-102,-18,16383,0
L,449581,STARTUP,,,0
4,16,453556,60,-109,8510,0,0
13,17,453596,12,-24,-14,0,0
37,18,463593,-78,-104,-19,16383,0
4,17,473717,65,-104,8509,0,0
13,18,473757,14,-27,-11,0,0
37,19,483877,-77,-106,-20,16383,0
4,18,493855,62,-99,8515,0,0
13,19,493894,14,-27,-13,0,0
37,20,503815,-76,-108,-22,16383,0
4,19,514077,65,-99,8497,0,0
13,20,514117,12,-28,-13,0,0
37,21,524049,-75,-110,-23,16383,0
4,20,534112,57,-99,8506,0,0
13,21,534152,12,-26,-12,0,0
37,22,544056,-74,-112,-24,16383,0
L,549611,STARTUP,,,0
4,21,554328,62,-106,8513,0,0
13,22,554368,13,-27,-14,0,0
37,23,564299,-73,-114,-25,16383,0
4,22,574311,85,-105,8501,0,0
13,23,574351,11,-28,-11,0,0
37,24,584322,-73,-117,-26,16383,0
4,23,594430,86,-113,8490,0,0
13,24,594470,10,-27,-11,0,0
37,25,604539,-72,-118,-27,16383,0
4,24,614627,76,-104,8498,0,0
13,25,614667,11,-22,-10,0,0
37,26,624571,-71,-120,-28,16383,0
4,25,634749,81,-117,8498,0,0
13,26,634789,10,-21,-13,0,0
37,27,644840,-70,-121,-29,16383,0
L,649679,STARTUP,,,0
4,26,654839,64,-115,8517,0,0
13,27,654878,4,-8,-6,0,0
37,28,664802,-71,-120,-29,16383,0
4,27,675038,69,-106,8509,0,0
13,28,675077,-3,2,0,0,0
37,29,684948,-72,-118,-29,16383,0
4,28,695015,59,-103,8503,0,0
13,29,695054,-1,0,0,0,0
37,30,704980,-73,-117,-29,16383,0
4,29,715210,55,-106,8514,0,0
13,30,715250,0,3,1,0,0
37,31,725317,-74,-115,-29,16383,0
4,30,735281,60,-100,8507,0,0
13,31,735320,0,4,0,0,0
37,32,745248,-74,-114,-29,16383,0
L,749692,STARTUP,,,0
4,31,755367,60,-110,8510,0,0
13,32,755434,-3,-1,1,0,0
37,33,765431,-75,-113,-29,16383,0
4,32,775469,71,-107,8509,0,0
13,33,775509,-4,0,0,0,0
37,34,785565,-77,-111,-29,16383,0
4,33,795649,77,-113,8497,0,0
13,34,795689,-3,3,0,0,0
37,35,805747,-78,-110,-29,16383,0
4,34,815719,80,-116,8505,0,0
13,35,815758,-2,0,0,0,0
37,36,825779,-79,-109,-29,16383,0
4,35,835838,87,-113,8496,0,0
13,36,835878,-5,6,0,0,0
37,37,845805,-80,-108,-29,16383,0
L,849714,STARTUP,,,0
4,36,855957,79,-106,8514,0,0
13,37,855997,-3,7,0,0,0
37,38,865918,-81,-106,-29,16383,0
4,37,876165,72,-110,8501,0,0
13,38,876205,-2,7,0,0,0
37,39,886186,-82,-105,-29,16383,0
4,38,896183,74,-115,8506,0,0
13,39,896223,-3,5,2,0,0
37,40,906199,-82,-104,-28,16383,0
4,39,916360,63,-103,8518,0,0
13,40,916400,0,5,0,0,0
37,41,926354,-83,-102,-28,16383,0
4,40,936413,55,-100,8506,0,0
13,41,936452,-1,6,0,0,0
37,42,946424,-84,-100,-28,16383,0
L,949745,STARTUP,,,0
4,41,956487,58,-117,8507,0,0
13,42,956526,-4,8,0,0,0
37,43,966648,-84,-98,-28,16383,0
4,42,976663,54,-108,8501,0,0
13,43,976703,-3,8,0,0,0
37,44,986673,-85,-97,-28,16383,0
4,43,996858,73,-107,8509,0,0
13,44,996925,-1,2,3,0,0
37,45,1006836,-86,-96,-28,16383,0
4,44,1016947,78,-109,8510,0,0
13,45,1016987,0,3,0,0,0
37,46,1027042,-87,-95,-28,16383,0
4,45,1036989,78,-118,8501,0,0
13,46,1037029,-3,2,0,0,0
37,47,1047234,-88,-94,-28,16383,0
L,1050387,STARTUP,,,0
4,46,1057175,81,-110,8503,0,0
13,47,1057215,-3,7,0,0,0
37,48,1067147,-88,-93,-28,16383,0
4,47,1077339,82,-107,8491,0,0
13,48,1077379,-2,7,0,0,0
37,49,1087320,-89,-92,-28,16383,0
4,48,1097471,60,-106,8518,0,0
13,49,1097510,-3,6,1,0,0
37,50,1107423,-90,-90,-28,16383,0
4,49,1117479,57,-113,8511,0,0
13,50,1117519,0,7,3,0,0
37,51,1127603,-90,-89,-27,16383,0
4,50,1137641,57,-114,8510,0,0
13,51,1137681,1,4,1,0,0
37,52,1147656,-91,-88,-27,16383,0
L,1150797,STARTUP,,,0
4,51,1157765,54,-108,8521,0,0
13,52,1157805,-1,4,2,0,0
37,53,1167713,-91,-87,-27,16383,0
4,52,1177856,61,-113,8512,0,0
13,53,1177896,0,3,0,0,0
37,54,1187867,-91,-85,-27,16383,0
4,53,1197966,62,-123,8520,0,0
13,54,1198005,0,7,0,0,0
37,55,1208151,-92,-84,-27,16383,0
4,54,1218037,69,-107,8359,0,0
13,55,1218077,-2,7,0,0,0
37,56,1228082,-93,-83,-27,16383,0
4,55,1238354,67,-100,8219,0,0
13,56,1238397,0,7,1,0,0
37,57,1248178,-93,-82,-27,16383,0
L,1251347,STARTUP,,,0
4,56,1258359,83,-119,8216,0,0
13,57,1258399,0,5,1,0,0
37,58,1268377,-94,-81,-27,16383,0
4,57,1278421,83,-115,8218,0,0
13,58,1278461,-1,4,1,0,0
37,59,1288529,-95,-81,-27,16383,0
4,58,1298474,67,-114,8227,0,0
13,59,1298514,0,1,0,0,0
37,60,1308536,-95,-80,-27,16383,0
4,59,1318635,64,-102,8210,0,0
13,60,1318675,0,2,0,0,0
37,61,1328692,-95,-80,-27,16383,0
4,60,1338749,67,-112,8229,0,0
13,61,1338789,0,5,2,0,0
37,62,1348846,-96,-79,-26,16383,0
L,1352026,STARTUP,,,0
4,61,1358797,58,-118,8227,0,0
13,62,1358837,-1,5,1,0,0
37,63,1368957,-96,-78,-26,16383,0
4,62,1379074,52,-112,8208,0,0
13,63,1379114,0,4,0,0,0
37,64,1389001,-97,-76,-26,16383,0
4,63,1399101,55,-114,8221,0,0
13,64,1399140,0,6,1,0,0
37,65,1409154,-97,-75,-26,16383,0
4,64,1419194,54,-111,8216,0,0
13,65,1419234,-2,5,0,0,0
37,66,1429259,-98,-74,-26,16383,0
4,65,1439359,70,-120,8218,0,0
13,66,1439399,-3,3,0,0,0
37,67,1449371,-99,-74,-26,16383,0
L,1452514,STARTUP,,,0
4,66,1459483,68,-107,8221,0,0
13,67,1459523,-1,1,2,0,0
37,68,1469465,-99,-74,-26,16383,0
4,67,1479530,76,-112,8209,0,0
13,68,1479569,-1,2,1,0,0
37,69,1489540,-100,-73,-26,16383,0
4,68,1499720,74,-110,8202,0,0
13,69,1499760,-2,6,1,0,0
37,70,1509610,-101,-73,-26,16383,0
4,69,1519746,74,-104,8212,0,0
13,70,1519786,0,6,0,0,0
37,71,1529841,-101,-72,-26,16383,0
4,70,1539917,73,-112,8217,0,0
13,71,1539957,-2,4,2,0,0
37,72,1549901,-102,-72,-25,16383,0
L,1553133,STARTUP,,,0
4,71,1559956,63,-124,8219,0,0
13,72,1559995,-1,6,1,0,0
37,73,1570064,-102,-71,-25,16383,0
4,72,1580090,60,-109,8229,0,0
13,73,1580129,-1,6,2,0,0
37,74,1590091,-103,-70,-25,16383,0
4,73,1600330,60,-120,8236,0,0
13,74,1600369,-2,5,0,0,0
37,75,1610236,-103,-69,-25,16383,0
4,74,1620335,48,-111,8233,0,0
13,75,1620375,0,2,2,0,0
37,76,1630357,-104,-68,-25,16383,0
4,75,1640458,56,-122,8232,0,0
13,76,1640498,-1,4,1,0,0
37,77,1650470,-105,-67,-25,16383,0
L,1653734,STARTUP,,,0
4,76,1660556,61,-114,8229,0,0
13,77,1660596,0,3,0,0,0
37,78,1670544,-105,-67,-25,16383,0
4,77,1680629,67,-116,8222,0,0
13,78,1680669,0,2,1,0,0
37,79,1690743,-105,-67,-25,16383,0
4,78,1700836,71,-123,8221,0,0
13,79,1700876,0,2,0,0,0
37,80,1710682,-106,-67,-25,16383,0
4,79,1720938,68,-123,8214,0,0
13,80,1720977,-1,1,1,0,0
37,81,1730959,-106,-66,-24,16383,0
4,80,1741058,68,-110,8219,0,0
13,81,1741098,0,2,1,0,0
37,82,1751104,-107,-66,-24,16383,0
L,1754353,STARTUP,,,0
4,81,1761036,67,-120,8212,0,0
13,82,1761103,0,5,2,0,0
37,83,1771310,-107,-65,-24,16383,0
4,82,1781298,67,-117,8223,0,0
13,83,1781338,-4,6,0,0,0
37,84,1791189,-108,-65,-24,16383,0
4,83,1801402,61,-117,8232,0,0
13,84,1801441,-1,9,0,0,0
37,85,1811379,-108,-64,-24,16383,0
4,84,1821445,68,-118,8221,0,0
13,85,1821485,-1,8,0,0,0
37,86,1831456,-109,-63,-24,16383,0
4,85,1841650,61,-104,8218,0,0
13,86,1841689,-3,5,0,0,0
37,87,1851791,-109,-62,-24,16383,0
L,1855084,STARTUP,,,0
4,86,1861758,55,-109,8217,0,0
13,87,1861798,-2,7,1,0,0
37,88,1871697,-109,-61,-24,16383,0
4,87,1881970,53,-107,8222,0,0
13,88,1882009,-3,10,0,0,0
37,89,1891871,-109,-60,-24,16383,0
4,88,1901959,60,-124,8228,0,0
13,89,1901998,-1,7,-1,0,0
37,90,1911936,-110,-60,-24,16383,0
4,89,1922080,62,-116,8220,0,0
13,90,1922119,0,3,0,0,0
37,91,1932160,-110,-60,-24,16383,0
4,90,1942181,68,-122,8209,0,0
13,91,1942221,0,3,0,0,0
37,92,1952151,-111,-60,-24,16383,0
L,1955416,STARTUP,,,0
4,91,1962239,68,-126,8221,0,0
13,92,1962278,-1,4,0,0,0
37,93,1972367,-112,-60,-24,16383,0
4,92,1982414,64,-117,8216,0,0
13,93,1982454,-1,5,1,0,0
37,94,1992341,-112,-59,-24,16383,0
4,93,2002505,56,-116,8209,0,0
13,94,2002573,-1,5,0,0,0
37,95,2012634,-112,-59,-24,16383,0
4,94,2022733,64,-115,8220,0,0
13,95,2022772,0,6,0,0,0
37,96,2032692,-113,-59,-24,16383,0
4,95,2042783,59,-112,8221,0,0
13,96,2042823,0,5,1,0,0
37,97,2052804,-112,-58,-24,16383,0
L,2056070,STARTUP,,,0
4,96,2062858,66,-108,8227,0,0
13,97,2062897,-1,3,0,0,0
37,98,2072881,-112,-58,-24,16383,0
4,97,2083024,69,-114,8216,0,0
13,98,2083064,-2,5,2,0,0
37,99,2093114,-113,-58,-24,16383,0
4,98,2103162,65,-109,8213,0,0
13,99,2103202,-3,5,1,0,0
37,100,2113226,-113,-58,-24,16383,0
4,99,2123230,68,-113,8226,0,0
13,100,2123298,-3,7,0,0,0
37,101,2133304,-113,-58,-24,16383,0
4,100,2143319,57,-119,8217,0,0
13,101,2143358,-2,6,0,0,0
37,102,2153338,-114,-57,-24,16383,0
L,2156671,STARTUP,,,0
4,101,2163596,64,-124,8218,0,0
13,102,2163636,0,5,-1,0,0
37,103,2173571,-114,-57,-24,16383,0
4,102,2183584,74,-121,8222,0,0
13,103,2183624,-3,6,0,0,0
37,104,2193570,-115,-57,-24,16383,0
4,103,2203668,67,-113,8211,0,0
13,104,2203708,-1,6,0,0,0
37,105,2213767,-115,-57,-24,16383,0
4,104,2223815,66,-118,8222,0,0
13,105,2223855,0,6,2,0,0
37,106,2233836,-115,-57,-24,16383,0
4,105,2243898,69,-115,8228,0,0
13,106,2243938,4,2,0,0,0
37,107,2254060,-114,-57,-24,16383,0
L,2257411,STARTUP,,,0
4,106,2263991,62,-116,8217,0,0
13,107,2264031,2,1,0,0,0
37,108,2274094,-114,-57,-24,16383,0
4,107,2284193,54,-117,8227,0,0
13,108,2284232,2,-2,0,0,0
37,109,2294266,-115,-57,-24,16383,0
4,108,2304304,60,-120,8222,0,0
13,109,2304344,0,-4,1,0,0
37,110,2314325,-115,-58,-24,16383,0
4,109,2324381,63,-103,8216,0,0
13,110,2324420,0,-2,0,0,0
37,111,2334436,-114,-58,-24,16383,0
4,110,2344502,58,-112,8225,0,0
13,111,2344541,-2,1,0,0,0
37,112,2354506,-115,-58,-24,16383,0
L,2357882,STARTUP,,,0
4,111,2364686,62,-128,8218,0,0
13,112,2364725,1,1,0,0,0
37,113,2374651,-115,-58,-23,16383,0
4,112,2384873,54,-118,8228,0,0
13,113,2384912,0,2,2,0,0
37,114,2394720,-115,-57,-23,16383,0
4,113,2404922,50,-116,8226,0,0
13,114,2404962,0,1,-1,0,0
37,115,2415056,-115,-57,-23,16383,0
4,114,2424991,60,-118,8217,0,0
13,115,2425031,-1,0,2,0,0
37,116,2435011,-115,-57,-23,16383,0
4,115,2445207,61,-123,8219,0,0
13,116,2445247,1,0,0,0,0
37,117,2455305,-116,-57,-23,16383,0
L,2458631,STARTUP,,,0
4,116,2465383,63,-116,8211,0,0
13,117,2465422,0,1,1,0,0
37,118,2475200,-116,-57,-23,16383,0
4,117,2485391,60,-120,8219,0,0
13,118,2485430,0,4,2,0,0
37,119,2495487,-116,-57,-23,16383,0
4,118,2505656,58,-103,8232,0,0
13,119,2505695,0,4,-1,0,0
37,120,2515599,-116,-57,-23,16383,0
4,119,2525713,64,-113,8221,0,0
13,120,2525753,-1,4,0,0,0
37,121,2535769,-115,-57,-23,16383,0
4,120,2545869,57,-115,8222,0,0
13,121,2545909,-2,3,0,0,0
37,122,2555821,-116,-56,-23,16383,0
L,2559180,STARTUP,,,0
4,121,2565934,54,-116,8214,0,0
13,122,2565973,0,3,-1,0,0
37,123,2576036,-116,-56,-23,16383,0
4,122,2586024,62,-118,8220,0,0
13,123,2586064,-1,2,0,0,0
37,124,2596035,-116,-56,-23,16383,0
4,123,2606247,66,-119,8226,0,0
13,124,2606287,-3,6,0,0,0
37,125,2616223,-116,-56,-23,16383,0
4,124,2626334,66,-121,8218,0,0
13,125,2626373,0,6,2,0,0
37,126,2636319,-117,-56,-23,16383,0
4,125,2646427,63,-119,8220,0,0
13,126,2646467,0,5,0,0,0
37,127,2656481,-117,-56,-23,16383,0
L,2659825,STARTUP,,,0
4,126,2666543,57,-120,8219,0,0
13,127,2666583,-2,5,0,0,0
37,128,2676559,-117,-55,-23,16383,0
4,127,2686701,67,-129,8218,0,0
13,128,2686740,0,6,0,0,0
37,129,2696721,-117,-55,-23,16383,0
4,128,2706754,74,-107,8207,0,0
13,129,2706793,0,5,3,0,0
37,130,2716833,-117,-55,-22,16383,0
4,129,2726891,68,-110,8218,0,0
13,130,2726930,-1,3,0,0,0
37,131,2737057,-117,-55,-22,16383,0
4,130,2747115,50,-118,8228,0,0
13,131,2747155,0,2,0,0,0
37,132,2757092,-117,-55,-22,16383,0
L,2760452,STARTUP,,,0
4,131,2767359,60,-123,8226,0,0
13,132,2767399,0,3,0,0,0
37,133,2777256,-117,-55,-23,16383,0
4,132,2787209,65,-123,8216,0,0
13,133,2787248,-1,0,0,0,0
37,134,2797280,-118,-55,-22,16383,0
4,133,2807381,57,-125,8223,0,0
13,134,2807420,0,2,0,0,0
37,135,2817478,-118,-55,-22,16383,0
4,134,2827511,57,-123,8229,0,0
13,135,2827551,0,0,0,0,0
37,136,2837521,-118,-55,-23,16383,0
4,135,2847723,68,-122,8227,0,0
13,136,2847763,0,4,0,0,0
37,137,2857693,-118,-56,-22,16383,0
L,2861062,STARTUP,,,0
4,136,2867701,60,-107,8212,0,0
13,137,2867740,1,0,0,0,0
37,138,2877857,-118,-56,-22,16383,0
4,137,2887966,61,-116,8229,0,0
13,138,2888006,0,2,0,0,0
37,139,2897944,-118,-56,-23,16383,0
4,138,2908006,73,-115,8212,0,0
13,139,2908046,0,1,-1,0,0
37,140,2918096,-118,-56,-23,16383,0
4,139,2928198,68,-114,8231,0,0
13,140,2928238,0,0,-1,0,0
37,141,2938141,-118,-57,-23,16383,0
4,140,2948238,58,-125,8204,0,0
13,141,2948278,0,0,1,0,0
37,142,2958302,-118,-57,-23,16383,0
L,2961689,STARTUP,,,0
4,141,2968295,59,-119,8232,0,0
13,142,2968335,0,3,0,0,0
37,143,2978544,-118,-56,-23,16383,0
4,142,2988462,57,-119,8217,0,0
13,143,2988502,1,0,0,0,0
37,144,2998457,-118,-56,-22,16383,0
4,143,3008644,59,-113,8222,0,0
13,144,3008684,0,0,1,0,0
37,145,3018666,-118,-57,-22,16383,0
4,144,3028678,71,-116,8217,0,0
13,145,3028718,1,1,1,0,0
37,146,3038817,-118,-57,-22,16383,0
4,145,3048885,63,-123,8217,0,0
13,146,3048925,-1,1,2,0,0
37,147,3058949,-118,-57,-22,16383,0
L,3062299,STARTUP,,,0
4,146,3069010,56,-116,8222,0,0
13,147,3069050,1,2,0,0,0
37,148,3078981,-118,-57,-22,16383,0
4,147,3089124,75,-113,8227,0,0
13,148,3089164,0,3,0,0,0
37,149,3099102,-117,-57,-22,16383,0
4,148,3109201,60,-108,8233,0,0
13,149,3109240,1,2,1,0,0
37,150,3119180,-117,-58,-22,16383,0
4,149,3129358,67,-113,8221,0,0
13,150,3129397,2,0,0,0,0
37,151,3139448,-117,-58,-22,16383,0
4,150,3149424,66,-113,8217,0,0
13,151,3149464,0,0,0,0,0
37,152,3159591,-116,-58,-22,16383,0
L,3162909,STARTUP,,,0
4,151,3169584,62,-112,8236,0,0
13,152,3169624,0,2,1,0,0
37,153,3179592,-116,-58,-22,16383,0
4,152,3189666,51,-120,8215,0,0
13,153,3189706,1,1,1,0,0
37,154,3199711,-116,-58,-22,16383,0
4,153,3209829,62,-119,8221,0,0
13,154,3209869,2,0,0,0,0
37,155,3219918,-116,-58,-22,16383,0
4,154,3230000,66,-116,8222,0,0
13,155,3230040,1,0,0,0,0
37,156,3239908,-116,-58,-22,16383,0
4,155,3250156,59,-120,8210,0,0
13,156,3250196,0,2,-1,0,0
37,157,3260188,-116,-58,-22,16383,0
L,3263537,STARTUP,,,0
4,156,3270263,63,-117,8217,0,0
13,157,3270303,-1,3,0,0,0
37,158,3280253,-117,-58,-22,16383,0
4,157,3290292,67,-117,8217,0,0
13,158,3290332,0,0,0,0,0
37,159,3300494,-117,-59,-22,16383,0
4,158,3310483,64,-112,8218,0,0
13,159,3310523,0,2,1,0,0
37,160,3320364,-117,-59,-21,16383,0
4,159,3330601,70,-120,8224,0,0
13,160,3330641,2,1,0,0,0
37,161,3340563,-116,-59,-22,16383,0
4,160,3350653,70,-118,8224,0,0
13,161,3350692,1,3,-1,0,0
37,162,3360655,-116,-59,-22,16383,0
L,3364034,STARTUP,,,0
4,161,3370800,62,-110,8221,0,0
13,162,3370868,0,0,0,0,0
37,163,3381018,-116,-59,-22,16383,0
4,162,3390988,61,-116,8223,0,0
13,163,3391028,0,0,-1,0,0
37,164,3400925,-116,-59,-22,16383,0
4,163,3411119,60,-119,8228,0,0
13,164,3411159,2,-1,1,0,0
37,165,3421070,-116,-59,-22,16383,0
4,164,3431118,61,-124,8225,0,0
13,165,3431158,2,0,0,0,0
37,166,3441128,-116,-59,-22,16383,0
4,165,3451229,62,-120,8223,0,0
13,166,3451268,0,0,-1,0,0
37,167,3461327,-117,-60,-22,16383,0
L,3464678,STARTUP,,,0
4,166,3471361,61,-116,8214,0,0
13,167,3471401,0,3,1,0,0
37,168,3481343,-117,-59,-22,16383,0
4,167,3491425,61,-120,8230,0,0
13,168,3491464,0,1,0,0,0
37,169,3501602,-117,-59,-22,16383,0
4,168,3511591,60,-111,8219,0,0
13,169,3511630,0,1,0,0,0
37,170,3521567,-117,-60,-22,16383,0
4,169,3531743,62,-114,8225,0,0
13,170,3531783,0,0,1,0,0
37,171,3541815,-116,-60,-22,16383,0
4,170,3551899,64,-119,8223,0,0
13,171,3551938,0,-1,1,0,0
37,172,3561886,-116,-60,-22,16383,0
L,3565236,STARTUP,,,0
4,171,3571963,65,-108,8218,0,0
13,172,3572002,1,0,0,0,0
37,173,3582031,-116,-61,-22,16383,0
4,172,3592070,70,-114,8227,0,0
13,173,3592110,0,0,0,0,0
37,174,3602055,-116,-61,-22,16383,0
4,173,3612233,68,-120,8228,0,0
13,174,3612272,0,0,1,0,0
37,175,3622341,-116,-61,-22,16383,0
4,174,3632354,64,-129,8220,0,0
13,175,3632394,1,0,0,0,0
37,176,3642417,-116,-61,-22,16383,0
4,175,3652430,59,-117,8222,0,0
13,176,3652469,0,1,1,0,0
37,177,3662519,-116,-61,-21,16383,0
L,3665837,STARTUP,,,0
4,176,3672531,56,-111,8229,0,0
13,177,3672570,0,3,0,0,0
37,178,3682519,-117,-60,-21,16383,0
4,177,3692793,73,-120,8216,0,0
13,178,3692833,0,2,0,0,0
37,179,3702804,-116,-60,-21,16383,0
4,178,3712808,57,-108,8223,0,0
13,179,3712848,2,0,1,0,0
37,180,3722752,-116,-60,-21,16383,0
4,179,3732911,50,-112,8222,0,0
13,180,3732951,0,0,-1,0,0
37,181,3742975,-116,-60,-21,16383,0
4,180,3753016,61,-110,8222,0,0
13,181,3753055,0,1,0,0,0
37,182,3763080,-116,-60,-21,16383,0
L,3766404,STARTUP,,,0
4,181,3773123,62,-123,8216,0,0
13,182,3773162,1,1,-1,0,0
37,183,3783250,-116,-60,-21,16383,0
4,182,3793203,67,-117,8229,0,0
13,183,3793243,1,0,0,0,0
37,184,3803275,-116,-60,-22,16383,0
4,183,3813381,65,-114,8220,0,0
13,184,3813420,0,-1,0,0,0
37,185,3823439,-116,-60,-22,16383,0
4,184,3833453,59,-117,8224,0,0
13,185,3833493,0,-1,-2,0,0
37,186,3843560,-116,-60,-22,16383,0
4,185,3853615,54,-127,8228,0,0
13,186,3853654,0,-3,1,0,0
37,187,3863635,-116,-61,-22,16383,0
L,3866988,STARTUP,,,0
4,186,3873721,67,-107,8217,0,0
13,187,3873788,1,2,0,0,0
37,188,3883756,-116,-61,-22,16383,0
4,187,3893941,62,-118,8215,0,0
13,188,3893981,0,1,0,0,0
37,189,3903919,-116,-61,-22,16383,0
4,188,3914089,63,-118,8216,0,0
13,189,3914129,-1,2,0,0,0
37,190,3923946,-116,-60,-21,16383,0
4,189,3934097,60,-116,8213,0,0
13,190,3934137,1,4,0,0,0
37,191,3944247,-116,-60,-21,16383,0
4,190,3954132,64,-119,8223,0,0
13,191,3954172,0,3,0,0,0
37,192,3964228,-116,-60,-22,16383,0
L,3967589,STARTUP,,,0
4,191,3974375,70,-120,8222,0,0
13,192,3974415,1,1,0,0,0
37,193,3984486,-116,-60,-22,16383,0
4,192,3994588,63,-111,8225,0,0
13,193,3994628,0,1,0,0,0
37,194,4004409,-116,-60,-22,16383,0
4,193,4014586,61,-125,8212,0,0
13,194,4014626,0,0,0,0,0
37,195,4024692,-116,-61,-22,16383,0
4,194,4034820,73,-114,8212,0,0
13,195,4034860,0,2,0,0,0
37,196,4044761,-117,-61,-22,16383,0
4,195,4054905,73,-127,8221,0,0
13,196,4054944,0,3,0,0,0
37,197,4064917,-117,-60,-22,16383,0
L,4068277,STARTUP,,,0
4,196,4074978,62,-115,8222,0,0
13,197,4075018,0,4,1,0,0
37,198,4084959,-117,-60,-21,16383,0
4,197,4095059,62,-123,8220,0,0
13,198,4095099,1,2,0,0,0
37,199,4105149,-117,-60,-21,16383,0
4,198,4115179,52,-122,8218,0,0
13,199,4115219,0,-2,0,0,0
37,200,4125156,-117,-60,-21,16383,0
4,199,4135377,62,-113,8221,0,0
13,200,4135417,0,-3,1,0,0
37,201,4145432,-117,-61,-21,16383,0
4,200,4155446,67,-106,8224,0,0
13,201,4155486,0,0,0,0,0
37,202,4165430,-116,-61,-21,16383,0
L,4168774,STARTUP,,,0
4,201,4175519,67,-113,8208,0,0
13,202,4175558,0,0,0,0,0
37,203,4185543,-116,-61,-21,16383,0
4,202,4195635,64,-117,8210,0,0
13,203,4195674,0,0,0,0,0
37,204,4205654,-116,-61,-21,16383,0
4,203,4215824,63,-122,8217,0,0
13,204,4215864,0,2,0,0,0
37,205,4225845,-117,-61,-21,16383,0
4,204,4235901,69,-122,8217,0,0
13,205,4235940,0,3,1,0,0
37,206,4245946,-117,-61,-21,16383,0
4,205,4256030,73,-111,8231,0,0
13,206,4256070,0,-1,1,0,0
37,207,4266189,-117,-62,-21,16383,0
L,4269532,STARTUP,,,0
4,206,4276172,70,-121,8221,0,0
13,207,4276212,0,2,0,0,0
37,208,4286212,-117,-62,-21,16383,0
4,207,4296392,69,-117,8222,0,0
13,208,4296431,0,2,0,0,0
37,209,4306308,-117,-62,-21,16383,0
4,208,4316288,67,-116,8220,0,0
13,209,4316328,0,3,0,0,0
37,210,4326324,-117,-61,-21,16383,0
4,209,4336440,57,-118,8220,0,0
13,210,4336479,0,2,0,0,0
37,211,4346556,-117,-61,-21,16383,0
4,210,4356526,70,-118,8214,0,0
13,211,4356566,2,2,1,0,0
37,212,4366527,-117,-62,-21,16383,0
L,4369907,STARTUP,,,0
4,211,4376799,61,-112,8221,0,0
13,212,4376839,-1,0,0,0,0
37,213,4386713,-117,-61,-21,16383,0
4,212,4396769,65,-120,8215,0,0
13,213,4396809,1,0,0,0,0
37,214,4406864,-117,-62,-21,16383,0
4,213,4416983,65,-118,8213,0,0
13,214,4417022,0,0,0,0,0
37,215,4426952,-117,-62,-21,16383,0
4,214,4437049,69,-118,8220,0,0
13,215,4437089,0,1,0,0,0
37,216,4447063,-117,-62,-21,16383,0
4,215,4457224,71,-120,8218,0,0
13,216,4457263,1,0,0,0,0
37,217,4467201,-117,-63,-21,16383,0
L,4470535,STARTUP,,,0
4,216,4477269,62,-128,8224,0,0
13,217,4477308,1,0,0,0,0
37,218,4487342,-117,-62,-21,16383,0
4,217,4497342,57,-121,8217,0,0
13,218,4497381,0,3,0,0,0
37,219,4507563,-117,-62,-21,16383,0
4,218,4517551,68,-112,8220,0,0
13,219,4517590,-1,2,0,0,0
37,220,4527570,-117,-62,-21,16383,0
4,219,4537677,67,-119,8212,0,0
13,220,4537717,0,1,0,0,0
37,221,4547689,-117,-62,-21,16383,0
4,220,4557695,67,-113,8219,0,0
13,221,4557735,0,3,1,0,0
37,222,4567810,-117,-62,-21,16383,0
L,4571162,STARTUP,,,0
4,221,4577897,63,-121,8216,0,0
13,222,4577936,0,1,0,0,0
37,223,4587979,-117,-62,-21,16383,0
4,222,4598013,67,-121,8218,0,0
13,223,4598053,0,0,0,0,0
37,224,4608042,-118,-62,-21,16383,0
4,223,4618115,60,-120,8212,0,0
13,224,4618155,1,0,-1,0,0
37,225,4628214,-117,-62,-21,16383,0
4,224,4638282,67,-116,8226,0,0
13,225,4638322,-1,2,1,0,0
37,226,4648249,-118,-62,-21,16383,0
4,225,4658450,57,-117,8224,0,0
13,226,4658490,0,4,0,0,0
37,227,4668507,-117,-62,-21,16383,0
L,4671867,STARTUP,,,0
4,226,4678474,67,-109,8218,0,0
13,227,4678514,0,2,0,0,0
37,228,4688634,-117,-62,-21,16383,0
4,227,4698658,63,-122,8222,0,0
13,228,4698698,-1,1,2,0,0
37,229,4708679,-117,-61,-21,16383,0
4,228,4718796,55,-113,8220,0,0
13,229,4718835,1,0,0,0,0
37,230,4728799,-117,-61,-21,16383,0
4,229,4738924,61,-119,8216,0,0
13,230,4738964,1,0,0,0,0
37,231,4749075,-117,-61,-21,16383,0
4,230,4759133,60,-110,8220,0,0
13,231,4759172,0,0,2,0,0
37,232,4769032,-117,-61,-21,16383,0
L,4772390,STARTUP,,,0
4,231,4779280,62,-115,8225,0,0
13,232,4779320,0,0,1,0,0
37,233,4789316,-117,-61,-21,16383,0
4,232,4799390,59,-121,8210,0,0
13,233,4799430,0,0,-1,0,0
37,234,4809366,-117,-61,-21,16383,0
4,233,4819389,66,-113,8219,0,0
13,234,4819429,-1,1,0,0,0
37,235,4829659,-117,-61,-21,16383,0
4,234,4839613,62,-123,8224,0,0
13,235,4839653,0,1,0,0,0
37,236,4849512,-117,-61,-21,16383,0
4,235,4859757,62,-115,8217,0,0
13,236,4859824,0,2,1,0,0
37,237,4869710,-117,-61,-21,16383,0
L,4873087,STARTUP,,,0
4,236,4879823,61,-130,8224,0,0
13,237,4879863,0,-1,0,0,0
37,238,4889859,-118,-61,-21,16383,0
4,237,4900016,61,-115,8215,0,0
13,238,4900056,-1,0,0,0,0
37,239,4910116,-117,-61,-21,16383,0
4,238,4920121,55,-117,8212,0,0
13,239,4920160,0,0,1,0,0
37,240,4930044,-118,-61,-21,16383,0
4,239,4940272,72,-124,8236,0,0
13,240,4940311,0,2,0,0,0
37,241,4950209,-118,-61,-21,16383,0
4,240,4960265,64,-127,8221,0,0
13,241,4960305,-1,0,0,0,0
37,242,4970269,-118,-61,-21,16383,0
L,4973619,STARTUP,,,0
4,241,4980396,59,-118,8222,0,0
13,242,4980436,0,3,1,0,0
37,243,4990501,-118,-60,-21,16383,0
4,242,5000540,60,-125,8221,0,0
13,243,5000580,0,0,0,0,0
37,244,5010560,-118,-60,-21,16383,0
4,243,5020610,56,-117,8220,0,0
13,244,5020649,0,3,0,0,0
37,245,5030739,-119,-60,-21,16383,0
4,244,5040755,61,-121,8224,0,0
13,245,5040794,2,1,0,0,0
37,246,5050687,-118,-60,-21,16383,0
4,245,5060884,65,-113,8225,0,0
13,246,5060923,1,3,1,0,0
37,247,5070938,-118,-60,-21,16383,0
L,5074298,CALIBRATING,,,0
4,246,5081017,64,-110,8220,0,0
13,247,5081057,0,0,0,0,0
37,248,5091049,-118,-60,-21,16383,0
4,247,5101089,56,-114,8221,0,0
13,248,5101129,0,0,2,0,0
37,249,5111165,-118,-60,-20,16383,0
4,248,5121218,62,-125,8214,0,0
13,249,5121285,0,-2,1,0,0
37,250,5131256,-118,-60,-20,16383,0
4,249,5141405,64,-118,8223,0,0
13,250,5141445,1,0,-1,0,0
37,251,5151514,-117,-60,-20,16383,0
4,250,5161564,61,-110,8214,0,0
13,251,5161603,0,-1,0,0,0
37,252,5171584,-117,-61,-20,16383,0
L,5174934,CALIBRATING,,,0
4,251,5181594,72,-116,8222,0,0
13,252,5181634,0,1,1,0,0
37,253,5191668,-118,-61,-20,16383,0
4,252,5201725,57,-117,8222,0,0
13,253,5201765,0,1,1,0,0
37,254,5211745,-117,-61,-20,16383,0
4,253,5222006,72,-118,8217,0,0
13,254,5222046,0,0,1,0,0
37,255,5231986,-118,-61,-20,16383,0
4,254,5242053,71,-120,8220,0,0
13,255,5242093,-2,0,1,0,0
37,256,5251968,-118,-62,-20,16383,0
4,255,5262096,62,-120,8210,0,0
13,256,5262136,1,0,1,0,0
37,257,5272209,-118,-62,-20,16383,0
L,5275553,CALIBRATING,,,0
4,256,5282232,63,-109,8225,0,0
13,257,5282271,0,1,-1,0,0
37,258,5292314,-118,-62,-20,16383,0
4,257,5302345,65,-118,8220,0,0
13,258,5302384,0,0,0,0,0
37,259,5312441,-118,-62,-20,16383,0
4,258,5322379,61,-126,8221,0,0
13,259,5322419,0,0,0,0,0
37,260,5332518,-118,-62,-20,16383,0
4,259,5342609,56,-126,8221,0,0
13,260,5342649,0,0,-1,0,0
37,261,5352689,-118,-62,-20,16383,0
4,260,5362738,73,-126,8217,0,0
13,261,5362778,-1,1,0,0,0
37,262,5372751,-118,-62,-20,16383,0
L,5376128,CALIBRATING,,,0
4,261,5382885,72,-117,8219,0,0
13,262,5382925,0,0,0,0,0
37,263,5392932,-119,-62,-20,16383,0
4,262,5402963,68,-124,8209,0,0
13,263,5403003,-2,1,0,0,0
37,264,5413008,-119,-62,-20,16383,0
4,263,5423151,56,-118,8220,0,0
13,264,5423191,0,2,0,0,0
37,265,5433086,-119,-62,-20,16383,0
4,264,5443314,57,-118,8220,0,0
13,265,5443354,0,0,1,0,0
37,266,5453112,-119,-62,-20,16383,0
4,265,5463296,70,-115,8219,0,0
13,266,5463335,0,0,0,0,0
37,267,5473489,-118,-62,-20,16383,0
L,5476877,CALIBRATING,,,0
4,266,5483416,59,-111,8217,0,0
13,267,5483456,0,0,2,0,0
37,268,5493431,-118,-62,-20,16383,0
4,267,5503685,63,-112,8223,0,0
13,268,5503725,0,0,2,0,0
37,269,5513748,-118,-61,-19,16383,0
4,268,5523813,63,-118,8219,0,0
13,269,5523853,1,0,1,0,0
37,270,5533695,-118,-62,-19,16383,0
4,269,5543848,60,-113,8224,0,0
13,270,5543887,0,0,0,0,0
37,271,5553911,-117,-62,-19,16383,0
4,270,5564064,70,-118,8221,0,0
13,271,5564103,0,1,0,0,0
37,272,5573996,-117,-62,-19,16383,0
L,5577348,CALIBRATING,,,0
4,271,5584102,67,-113,8220,0,0
13,272,5584142,1,1,1,0,0
37,273,5594167,-117,-62,-19,16383,0
4,272,5604259,70,-115,8219,0,0
13,273,5604299,0,-1,0,0,0
37,274,5614220,-117,-63,-19,16383,0
4,273,5624354,71,-117,8213,0,0
13,274,5624394,-1,1,0,0,0
37,275,5634464,-117,-63,-19,16383,0
4,274,5644484,62,-126,8222,0,0
13,275,5644523,0,1,2,0,0
37,276,5654511,-118,-63,-19,16383,0
4,275,5664646,62,-122,8221,0,0
13,276,5664686,0,1,0,0,0
37,277,5674675,-118,-63,-19,16383,0
L,5678027,CALIBRATING,,,0
4,276,5684722,64,-116,8222,0,0
13,277,5684761,0,-2,0,0,0
37,278,5694702,-118,-63,-19,16383,0
4,277,5704852,80,-111,8220,0,0
13,278,5704892,0,1,1,0,0
37,279,5714865,-118,-63,-19,16383,0
4,278,5724938,62,-122,8216,0,0
13,279,5724978,0,1,0,0,0
37,280,5734959,-118,-63,-19,16383,0
4,279,5745154,57,-118,8228,0,0
13,280,5745193,1,1,0,0,0
37,281,5755210,-118,-63,-19,16383,0
4,280,5765242,64,-122,8221,0,0
13,281,5765281,1,0,0,0,0
37,282,5775294,-118,-62,-19,16383,0
L,5778637,CALIBRATING,,,0
4,281,5785373,65,-116,8221,0,0
13,282,5785413,0,2,0,0,0
37,283,5795544,-118,-62,-19,16383,0
4,282,5805516,65,-124,8210,0,0
13,283,5805556,0,0,0,0,0
37,284,5815542,-118,-63,-19,16383,0
4,283,5825783,73,-115,8221,0,0
13,284,5825823,0,2,0,0,0
37,285,5835695,-118,-63,-19,16383,0
4,284,5845660,65,-125,8224,0,0
13,285,5845700,0,3,1,0,0
37,286,5855740,-118,-63,-19,16383,0
4,285,5865831,70,-117,8215,0,0
13,286,5865871,0,2,2,0,0
37,287,5875964,-118,-63,-19,16383,0
L,5879317,CALIBRATING,,,0
4,286,5886022,73,-124,8226,0,0
13,287,5886061,0,0,1,0,0
37,288,5896000,-119,-63,-19,16383,0
4,287,5906184,63,-118,8220,0,0
13,288,5906224,0,-1,-1,0,0
37,289,5916154,-119,-63,-19,16383,0
4,288,5926168,61,-124,8223,0,0
13,289,5926208,0,2,1,0,0
37,290,5936273,-118,-63,-19,16383,0
4,289,5946373,69,-113,8214,0,0
13,290,5946413,0,-1,2,0,0
37,291,5956352,-118,-63,-19,16383,0
4,290,5966476,58,-117,8223,0,0
13,291,5966516,-1,1,0,0,0
37,292,5976514,-118,-63,-19,16383,0
L,5979892,CALIBRATING,,,0
4,291,5986620,64,-121,8216,0,0
13,292,5986688,0,2,-1,0,0
37,293,5996591,-119,-63,-19,16383,0
4,292,6006718,63,-121,8221,0,0
13,293,6006758,0,-1,1,0,0
37,294,6016739,-119,-63,-19,16383,0
4,293,6026751,68,-122,8220,0,0
13,294,6026791,0,0,2,0,0
37,295,6036943,-119,-63,-18,16383,0
4,294,6046907,64,-130,8222,0,0
13,295,6046947,0,-2,0,0,0
37,296,6056927,-119,-63,-18,16383,0
4,295,6067025,62,-120,8217,0,0
13,296,6067064,1,-2,0,0,0
37,297,6077046,-119,-64,-18,16383,0
L,6080389,CALIBRATING,,,0
4,296,6087109,61,-125,8223,0,0
13,297,6087148,0,-1,0,0,0
37,298,6097201,-119,-64,-18,16383,0
4,297,6107292,69,-113,8229,0,0
13,298,6107332,1,0,0,0,0
37,299,6117400,-119,-64,-18,16383,0
4,298,6127421,70,-122,8223,0,0
13,299,6127461,0,-2,0,0,0
37,300,6137401,-119,-65,-18,16383,0
4,299,6147541,73,-122,8221,0,0
13,300,6147581,0,-1,0,0,0
37,301,6157536,-119,-65,-18,16383,0
4,300,6167635,63,-109,8219,0,0
13,301,6167675,0,0,0,0,0
37,302,6177570,-119,-65,-18,16383,0
L,6180912,CALIBRATING,,,0
4,301,6187735,67,-124,8220,0,0
13,302,6187775,0,-2,-1,0,0
37,303,6197813,-119,-65,-19,16383,0
4,302,6207763,67,-125,8213,0,0
13,303,6207803,2,0,0,0,0
37,304,6217920,-119,-65,-19,16383,0
4,303,6227962,64,-115,8216,0,0
13,304,6228001,2,0,0,0,0
37,305,6237962,-119,-65,-19,16383,0
4,304,6248090,68,-114,8218,0,0
13,305,6248130,0,2,1,0,0
37,306,6258104,-119,-65,-18,16383,0
4,305,6268211,55,-124,8213,0,0
13,306,6268250,2,0,1,0,0
37,307,6278317,-118,-65,-18,16383,0
L,6281661,CALIBRATING,,,0
4,306,6288347,73,-120,8224,0,0
13,307,6288386,0,2,0,0,0
37,308,6298247,-118,-65,-18,16383,0
4,307,6308469,66,-107,8219,0,0
13,308,6308508,0,0,0,0,0
37,309,6318481,-118,-65,-18,16383,0
4,308,6328573,66,-114,8219,0,0
13,309,6328612,-1,0,0,0,0
37,310,6338601,-118,-64,-18,16383,0
4,309,6348580,61,-112,8229,0,0
13,310,6348619,0,-1,0,0,0
37,311,6358877,-117,-65,-18,16383,0
4,310,6368857,83,-116,8225,0,0
13,311,6368897,0,-2,0,0,0
37,312,6378720,-117,-66,-19,16383,0
L,6382097,CALIBRATING,,,0
4,311,6388964,74,-109,8218,0,0
13,312,6389004,0,-2,-1,0,0
37,313,6398945,-117,-66,-19,16383,0
4,312,6409001,61,-118,8223,0,0
13,313,6409041,1,0,0,0,0
37,314,6419020,-117,-65,-19,16383,0
4,313,6429164,60,-122,8226,0,0
13,314,6429204,1,0,-1,0,0
37,315,6439315,-117,-65,-19,16383,0
4,314,6449279,68,-116,8220,0,0
13,315,6449319,0,1,0,0,0
37,316,6459262,-117,-65,-19,16383,0
4,315,6469486,72,-127,8228,0,0
13,316,6469525,0,0,0,0,0
37,317,6479382,-117,-66,-19,16383,0
L,6482785,CALIBRATING,,,0
4,316,6489505,72,-118,8221,0,0
13,317,6489572,0,-1,-2,0,0
37,318,6499485,-117,-66,-19,16383,0
4,317,6509610,64,-118,8226,0,0
13,318,6509650,0,1,0,0,0
37,319,6519743,-117,-66,-19,16383,0
4,318,6529722,69,-116,8228,0,0
13,319,6529761,1,0,0,0,0
37,320,6539716,-117,-66,-19,16383,0
4,319,6549791,65,-118,8228,0,0
13,320,6549831,0,1,0,0,0
37,321,6559922,-117,-65,-19,16383,0
4,320,6569947,65,-113,8223,0,0
13,321,6569987,-1,1,0,0,0
37,322,6579871,-117,-65,-19,16383,0
L,6583248,CALIBRATING,,,0
4,321,6590062,67,-118,8217,0,0
13,322,6590102,0,0,0,0,0
37,323,6600146,-117,-66,-19,16383,0
4,322,6610246,62,-109,8216,0,0
13,323,6610312,-1,0,1,0,0
37,324,6620215,-117,-65,-18,16383,0
4,323,6630342,63,-117,8215,0,0
13,324,6630382,0,0,0,0,0
37,325,6640404,-116,-65,-18,16383,0
4,324,6650453,68,-114,8228,0,0
13,325,6650492,0,0,0,0,0
37,326,6660437,-116,-65,-19,16383,0
4,325,6670572,71,-121,8222,0,0
13,326,6670612,-1,0,0,0,0
37,327,6680680,-117,-66,-18,16383,0
L,6684040,CALIBRATING,,,0
4,326,6690725,65,-114,8223,0,0
13,327,6690764,1,-1,0,0,0
37,328,6700766,-116,-65,-18,16383,0
4,327,6710753,55,-117,8216,0,0
13,328,6710793,0,0,0,0,0
37,329,6720867,-117,-65,-18,16383,0
4,328,6730899,72,-117,8216,0,0
13,329,6730938,-2,0,0,0,0
37,330,6740875,-117,-66,-18,16383,0
4,329,6751208,70,-125,8213,0,0
13,330,6751247,1,1,0,0,0
37,331,6761186,-117,-66,-18,16383,0
4,330,6771200,65,-117,8216,0,0
13,331,6771240,2,2,1,0,0
37,332,6781141,-117,-65,-18,16383,0
L,6784520,CALIBRATING,,,0
4,331,6791250,67,-114,8217,0,0
13,332,6791290,0,0,0,0,0
37,333,6801330,-117,-65,-18,16383,0
4,332,6811355,59,-121,8212,0,0
13,333,6811395,1,1,0,0,0
37,334,6821407,-117,-65,-18,16383,0
4,333,6831466,69,-118,8221,0,0
13,334,6831506,-1,0,0,0,0
37,335,6841598,-117,-65,-18,16383,0
4,334,6851543,57,-121,8231,0,0
13,335,6851582,1,0,0,0,0
37,336,6861631,-117,-65,-18,16383,0
4,335,6871740,70,-112,8216,0,0
13,336,6871780,1,1,0,0,0
37,337,6881840,-117,-65,-18,16383,0
L,6885190,CALIBRATING,,,0
4,336,6891842,64,-117,8226,0,0
13,337,6891882,1,0,0,0,0
37,338,6901923,-117,-65,-18,16383,0
4,337,6911954,63,-114,8225,0,0
13,338,6911994,-1,2,-1,0,0
37,339,6921994,-117,-65,-18,16383,0
4,338,6932093,68,-114,8223,0,0
13,339,6932133,1,1,0,0,0
37,340,6942061,-116,-64,-18,16383,0
4,339,6952255,58,-121,8223,0,0
13,340,6952295,1,2,-1,0,0
37,341,6962243,-116,-64,-18,16383,0
4,340,6972410,79,-112,8222,0,0
13,341,6972450,0,0,1,0,0
37,342,6982266,-117,-65,-18,16383,0
L,6985670,CALIBRATING,,,0
4,341,6992442,74,-122,8216,0,0
13,342,6992509,0,0,0,0,0
37,343,7002621,-117,-65,-18,16383,0
4,342,7012559,64,-124,8217,0,0
13,343,7012599,0,1,1,0,0
37,344,7022628,-117,-65,-18,16383,0
4,343,7032790,68,-112,8219,0,0
13,344,7032829,1,0,0,0,0
37,345,7042870,-116,-65,-18,16383,0
4,344,7052928,59,-112,8224,0,0
13,345,7052967,0,0,0,0,0
37,346,7062774,-116,-64,-18,16383,0
4,345,7072960,54,-120,8213,0,0
13,346,7073000,0,0,0,0,0
37,347,7083023,-116,-64,-18,16383,0
L,7086393,CALIBRATING,,,0
4,346,7093173,66,-115,8220,0,0
13,347,7093213,1,0,-1,0,0
37,348,7103127,-116,-64,-18,16383,0
4,347,7113279,75,-115,8212,0,0
13,348,7113319,-1,3,0,0,0
37,349,7123293,-116,-64,-18,16383,0
4,348,7133398,67,-111,8225,0,0
13,349,7133437,-1,2,-1,0,0
37,350,7143335,-116,-64,-18,16383,0
4,349,7153441,61,-120,8211,0,0
13,350,7153481,0,0,0,0,0
37,351,7163531,-117,-64,-18,16383,0
4,350,7173562,59,-127,8227,0,0
13,351,7173602,0,3,0,0,0
37,352,7183581,-117,-63,-18,16383,0
L,7186942,CALIBRATING,,,0
4,351,7193748,64,-112,8215,0,0
13,352,7193787,0,1,0,0,0
37,353,7203754,-116,-64,-18,16383,0
4,352,7213795,62,-121,8212,0,0
13,353,7213835,0,0,-2,0,0
37,354,7223814,-117,-63,-18,16383,0
4,353,7233912,62,-111,8216,0,0
13,354,7233952,-1,2,1,0,0
37,355,7243977,-117,-63,-18,16383,0
4,354,7254113,57,-126,8209,0,0
13,355,7254153,-1,1,0,0,0
37,356,7264099,-117,-63,-18,16383,0
4,355,7274283,61,-119,8227,0,0
13,356,7274322,0,1,0,0,0
37,357,7284286,-117,-63,-18,16383,0
L,7287639,CALIBRATING,,,0
4,356,7294289,66,-114,8227,0,0
13,357,7294328,0,0,1,0,0
37,358,7304363,-117,-62,-18,16383,0
4,357,7314431,60,-120,8212,0,0
13,358,7314470,0,1,0,0,0
37,359,7324579,-117,-62,-18,16383,0
4,358,7334628,65,-120,8214,0,0
13,359,7334668,2,3,1,0,0
37,360,7344592,-117,-62,-18,16383,0
4,359,7354852,60,-121,8219,0,0
13,360,7354892,0,0,-1,0,0
37,361,7364814,-118,-62,-18,16383,0
4,360,7374781,69,-120,8215,0,0
13,361,7374821,2,-1,0,0,0
37,362,7384795,-117,-63,-18,16383,0
L,7388153,CALIBRATING,,,0
4,361,7394925,71,-110,8228,0,0
13,362,7394965,1,-1,1,0,0
37,363,7405009,-117,-63,-18,16383,0
4,362,7415050,71,-124,8211,0,0
13,363,7415089,0,0,-1,0,0
37,364,7425016,-118,-63,-18,16383,0
4,363,7435212,55,-122,8213,0,0
13,364,7435252,0,2,0,0,0
37,365,7445179,-118,-63,-18,16383,0
4,364,7455194,58,-122,8219,0,0
13,365,7455234,0,2,0,0,0
37,366,7465307,-118,-63,-18,16383,0
4,365,7475459,73,-118,8222,0,0
13,366,7475498,0,3,1,0,0
37,367,7485446,-118,-63,-18,16383,0
L,7488841,CALIBRATING,,,0
4,366,7495554,63,-110,8218,0,0
13,367,7495594,-2,1,0,0,0
37,368,7505612,-118,-62,-18,16383,0
4,367,7515709,67,-116,8223,0,0
13,368,7515749,1,2,0,0,0
37,369,7525712,-118,-63,-18,16383,0
4,368,7535785,69,-117,8235,0,0
13,369,7535825,1,0,0,0,0
37,370,7545833,-118,-63,-18,16383,0
4,369,7555803,59,-115,8220,0,0
13,370,7555843,0,0,0,0,0
37,371,7566030,-117,-63,-18,16383,0
4,370,7575987,71,-115,8218,0,0
13,371,7576026,0,0,0,0,0
37,372,7585961,-118,-63,-18,16383,0
L,7589340,CALIBRATING,,,0
4,371,7596136,67,-119,8220,0,0
13,372,7596176,0,0,1,0,0
37,373,7606141,-117,-63,-18,16383,0
4,372,7616163,63,-123,8222,0,0
13,373,7616202,0,0,2,0,0
37,374,7626295,-118,-64,-18,16383,0
4,373,7636355,70,-122,8223,0,0
13,374,7636395,0,0,0,0,0
37,375,7646459,-118,-64,-18,16383,0
4,374,7656541,68,-129,8232,0,0
13,375,7656581,0,0,1,0,0
37,376,7666494,-118,-64,-18,16383,0
4,375,7676595,64,-114,8210,0,0
13,376,7676634,0,0,0,0,0
37,377,7686604,-118,-64,-18,16383,0
L,7689957,CALIBRATING,,,0
4,376,7696711,62,-114,8219,0,0
13,377,7696751,0,2,0,0,0
37,378,7706647,-118,-63,-18,16383,0
4,377,7716825,59,-118,8226,0,0
13,378,7716865,0,1,0,0,0
37,379,7726933,-118,-63,-18,16383,0
4,378,7736894,72,-113,8221,0,0
13,379,7736934,1,1,1,0,0
37,380,7747078,-118,-63,-18,16383,0
4,379,7757136,63,-112,8225,0,0
13,380,7757176,1,2,2,0,0
37,381,7767155,-118,-63,-18,16383,0
4,380,7777229,64,-119,8225,0,0
13,381,7777269,0,1,0,0,0
37,382,7787240,-117,-63,-18,16383,0
L,7790602,CALIBRATING,,,0
4,381,7797364,62,-118,8224,0,0
13,382,7797403,1,1,0,0,0
37,383,7807456,-117,-63,-18,16383,0
4,382,7817524,55,-123,8226,0,0
13,383,7817564,0,0,0,0,0
37,384,7827414,-118,-62,-17,16383,0
4,383,7837625,67,-124,8215,0,0
13,384,7837664,0,1,1,0,0
37,385,7847689,-118,-63,-17,16383,0
4,384,7857789,63,-113,8224,0,0
13,385,7857855,1,2,0,0,0
37,386,7867756,-118,-62,-17,16383,0
4,385,7877841,64,-118,8221,0,0
13,386,7877881,-1,1,-1,0,0
37,387,7888094,-118,-62,-17,16383,0
L,7891446,CALIBRATING,,,0
4,386,7898035,65,-113,8222,0,0
13,387,7898075,0,0,2,0,0
37,388,7907962,-118,-62,-17,16383,0
4,387,7918192,63,-123,8225,0,0
13,388,7918232,0,0,0,0,0
37,389,7928178,-118,-63,-17,16383,0
4,388,7938243,61,-122,8223,0,0
13,389,7938283,0,0,0,0,0
37,390,7948273,-118,-62,-17,16383,0
4,389,7958451,67,-107,8224,0,0
13,390,7958491,0,1,-1,0,0
37,391,7968618,-118,-63,-17,16383,0
4,390,7978571,60,-121,8231,0,0
13,391,7978611,0,1,0,0,0
37,392,7988488,-118,-62,-17,16383,0
L,7991874,CALIBRATING,,,0
4,391,7998793,58,-111,8215,0,0
13,392,7998832,0,1,0,0,0
37,393,8008706,-118,-62,-17,16383,0
4,392,8018803,63,-119,8211,0,0
13,393,8018843,1,0,0,0,0
37,394,8028814,-118,-62,-17,16383,0
4,393,8038924,65,-122,8221,0,0
13,394,8038964,0,0,1,0,0
37,395,8049004,-118,-62,-17,16383,0
4,394,8059060,52,-121,8215,0,0
13,395,8059100,0,0,0,0,0
37,396,8069046,-118,-62,-17,16383,0
4,395,8079164,63,-116,8219,0,0
13,396,8079204,0,2,0,0,0
37,397,8089296,-118,-62,-17,16383,0
L,8092675,VALID,0.003,0.009,1
4,396,8099276,62,-114,8225,0,0
13,397,8099316,0,1,0,0,0
37,398,8109252,-117,-62,-17,16383,0
4,397,8119447,62,-117,8228,0,0
13,398,8119487,1,0,0,0,0
37,399,8129564,-117,-62,-17,16383,0
4,398,8139663,65,-109,8221,0,0
13,399,8139702,-1,1,0,0,0
37,400,8149641,-117,-62,-17,16383,0
4,399,8159704,66,-111,8216,0,0
13,400,8159744,0,0,0,0,0
37,401,8169795,-117,-61,-17,16383,0
4,400,8179826,56,-115,8225,0,0
13,401,8179865,-1,2,0,0,0
37,402,8189812,-117,-61,-17,16383,0
L,8193172,VALID,-0.004,0.016,1
4,401,8200025,56,-112,8220,0,0
13,402,8200064,0,1,0,0,0
37,403,8210088,-117,-61,-17,16383,0
4,402,8220117,69,-114,8218,0,0
13,403,8220157,-2,-1,0,0,0
37,404,8230217,-117,-62,-17,16383,0
4,403,8240204,65,-128,8230,0,0
13,404,8240271,0,-1,1,0,0
37,405,8250329,-118,-62,-17,16383,0
4,404,8260351,59,-122,8220,0,0
13,405,8260391,-1,1,0,0,0
37,406,8270371,-118,-62,-17,16383,0
4,405,8280609,71,-127,8219,0,0
13,406,8280649,0,1,2,0,0
37,407,8290654,-118,-62,-16,16383,0
L,8293990,VALID,0.003,0.009,1
4,406,8300671,66,-128,8230,0,0
13,407,8300710,-1,0,0,0,0
37,408,8310586,-119,-62,-16,16383,0
4,407,8320746,63,-123,8217,0,0
13,408,8320786,1,1,-1,0,0
37,409,8330810,-119,-62,-17,16383,0
4,408,8340849,71,-116,8223,0,0
13,409,8340888,0,0,0,0,0
37,410,8350921,-119,-62,-16,16383,0
4,409,8360968,70,-125,8221,0,0
13,410,8361007,1,1,0,0,0
37,411,8371101,-119,-62,-17,16383,0
4,410,8381073,69,-130,8219,0,0
13,411,8381113,0,0,-1,0,0
37,412,8391180,-119,-63,-17,16383,0
L,8394539,VALID,0.010,0.002,1
4,411,8401288,71,-114,8217,0,0
13,412,8401327,-2,3,0,0,0
37,413,8411343,-119,-62,-17,16383,0
4,412,8421366,62,-115,8222,0,0
13,413,8421405,-2,1,0,0,0
37,414,8431418,-119,-62,-16,16383,0
4,413,8441486,62,-119,8226,0,0
13,414,8441526,0,1,1,0,0
37,415,8451496,-119,-62,-16,16383,0
4,414,8461605,61,-120,8223,0,0
13,415,8461645,0,-1,0,0,0
37,416,8471605,-119,-62,-16,16383,0
4,415,8481776,57,-131,8214,0,0
13,416,8481844,-1,0,0,0,0
37,417,8491754,-120,-62,-16,16383,0
L,8495132,VALID,0.017,0.009,1
4,416,8501966,64,-129,8226,0,0
13,417,8502006,-1,0,0,0,0
37,418,8511824,-120,-62,-16,16383,0
4,417,8522007,55,-115,8210,0,0
13,418,8522047,0,2,0,0,0
37,419,8532114,-120,-62,-16,16383,0
4,418,8542034,62,-109,8227,0,0
13,419,8542074,0,-2,0,0,0
37,420,8552088,-120,-62,-16,16383,0
4,419,8562275,63,-118,8218,0,0
13,420,8562315,0,-5,0,0,0
37,421,8572340,-119,-62,-16,16383,0
4,420,8582413,65,-111,8211,0,0
13,421,8582453,-2,-3,-1,0,0
37,422,8592270,-119,-63,-16,16383,0
L,8595620,VALID,0.010,0.002,1
4,421,8602447,65,-120,8225,0,0
13,422,8602487,0,-2,-1,0,0
37,423,8612581,-119,-63,-16,16383,0
4,422,8622686,62,-113,8219,0,0
13,423,8622726,1,0,1,0,0
37,424,8632658,-119,-63,-16,16383,0
4,423,8642756,60,-120,8218,0,0
13,424,8642796,0,0,1,0,0
37,425,8652776,-119,-63,-16,16383,0
4,424,8662825,63,-118,8224,0,0
13,425,8662865,0,-1,1,0,0
37,426,8672803,-119,-63,-16,16383,0
4,425,8682903,64,-119,8216,0,0
13,426,8682942,0,0,0,0,0
37,427,8692991,-119,-63,-16,16383,0
L,8696317,VALID,0.010,0.002,1
4,426,8703033,64,-125,8219,0,0
13,427,8703072,0,1,1,0,0
37,428,8713033,-119,-63,-16,16383,0
4,427,8723226,60,-121,8223,0,0
13,428,8723266,1,1,0,0,0
37,429,8733257,-119,-63,-16,16383,0
4,428,8743298,64,-113,8221,0,0
13,429,8743337,1,1,0,0,0
37,430,8753328,-119,-63,-16,16383,0
4,429,8763434,58,-123,8215,0,0
13,430,8763474,0,0,-1,0,0
37,431,8773463,-119,-63,-16,16383,0
4,430,8783590,67,-118,8219,0,0
13,431,8783630,1,0,1,0,0
37,432,8793576,-119,-63,-16,16383,0
L,8796927,VALID,0.010,0.002,1
4,431,8803711,69,-117,8220,0,0
13,432,8803751,0,1,0,0,0
37,433,8813738,-119,-63,-16,16383,0
4,432,8823796,69,-114,8218,0,0
13,433,8823836,0,-1,0,0,0
37,434,8833852,-118,-63,-16,16383,0
4,433,8843907,61,-114,8223,0,0
13,434,8843947,0,0,1,0,0
37,435,8854084,-118,-63,-16,16383,0
4,434,8864133,59,-123,8217,0,0
13,435,8864172,0,-1,0,0,0
37,436,8874110,-119,-63,-16,16383,0
4,435,8884355,60,-116,8223,0,0
13,436,8884394,-1,-3,0,0,0
37,437,8894282,-119,-64,-16,16383,0
L,8897641,VALID,0.010,-0.005,1
4,436,8904278,65,-126,8222,0,0
13,437,8904318,0,-3,-1,0,0
37,438,8914306,-119,-64,-16,16383,0
4,437,8924380,70,-121,8215,0,0
13,438,8924420,0,-1,0,0,0
37,439,8934521,-119,-64,-16,16383,0
4,438,8944544,70,-119,8223,0,0
13,439,8944584,0,0,-1,0,0
37,440,8954539,-119,-64,-16,16383,0
4,439,8964731,55,-118,8222,0,0
13,440,8964771,-1,0,0,0,0
37,441,8974736,-119,-64,-16,16383,0
4,440,8984748,73,-121,8213,0,0
13,441,8984788,-1,-2,1,0,0
37,442,8994926,-119,-64,-16,16383,0
L,8998277,VALID,0.010,-0.005,1
4,441,9005002,71,-121,8219,0,0
13,442,9005042,0,1,0,0,0
37,443,9015011,-119,-65,-16,16383,0
4,442,9025118,72,-127,8222,0,0
13,443,9025158,1,0,0,0,0
37,444,9035131,-120,-65,-16,16383,0
4,443,9045274,60,-121,8211,0,0
13,444,9045314,-1,-1,0,0,0
37,445,9055253,-119,-65,-16,16383,0
4,444,9065327,53,-109,8219,0,0
13,445,9065366,0,0,-1,0,0
37,446,9075389,-119,-64,-16,16383,0
4,445,9085385,75,-114,8217,0,0
13,446,9085425,0,0,0,0,0
37,447,9095586,-119,-65,-16,16383,0
L,9098965,VALID,0.010,-0.012,1
4,446,9105584,65,-114,8223,0,0
13,447,9105624,0,-1,0,0,0
37,448,9115568,-119,-65,-16,16383,0
4,447,9125695,73,-125,8222,0,0
13,448,9125735,0,0,0,0,0
37,449,9135760,-119,-65,-16,16383,0
4,448,9145773,75,-119,8214,0,0
13,449,9145813,1,0,0,0,0
37,450,9155928,-119,-66,-16,16383,0
4,449,9165935,70,-131,8225,0,0
13,450,9165975,1,0,0,0,0
37,451,9176051,-119,-66,-16,16383,0
4,450,9186065,72,-115,8220,0,0
13,451,9186105,1,1,0,0,0
37,452,9196093,-119,-66,-15,16383,0
L,9199427,VALID,0.010,-0.019,1
4,451,9206220,73,-119,8214,0,0
13,452,9206260,-1,0,1,0,0
37,453,9216258,-119,-66,-15,16383,0
4,452,9226329,54,-116,8217,0,0
13,453,9226369,0,1,1,0,0
37,454,9236273,-119,-66,-15,16383,0
4,453,9246493,64,-119,8220,0,0
13,454,9246533,-1,3,0,0,0
37,455,9256569,-119,-66,-15,16383,0
4,454,9266530,71,-121,8219,0,0
13,455,9266570,0,0,0,0,0
37,456,9276747,-119,-66,-15,16383,0
4,455,9286737,75,-121,8219,0,0
13,456,9286776,0,0,0,0,0
37,457,9296755,-119,-66,-15,16383,0
L,9300107,VALID,0.010,-0.019,1
4,456,9306857,61,-120,8211,0,0
13,457,9306897,-1,0,0,0,0
37,458,9316842,-120,-66,-15,16383,0
4,457,9326941,67,-125,8223,0,0
13,458,9326981,-1,1,0,0,0
37,459,9337065,-120,-66,-15,16383,0
4,458,9347129,74,-118,8218,0,0
13,459,9347169,0,2,1,0,0
37,460,9357047,-119,-67,-15,16383,0
4,459,9367311,70,-115,8226,0,0
13,460,9367351,0,0,0,0,0
37,461,9377333,-120,-67,-15,16383,0
4,460,9387431,66,-117,8227,0,0
13,461,9387471,0,2,0,0,0
37,462,9397417,-119,-66,-15,16383,0
L,9400778,VALID,0.010,-0.019,1
4,461,9407415,72,-116,8216,0,0
13,462,9407454,2,0,0,0,0
37,463,9417666,-119,-66,-15,16383,0
4,462,9427639,59,-119,8224,0,0
13,463,9427678,0,1,-1,0,0
37,464,9437529,-119,-66,-15,16383,0
4,463,9447775,72,-116,8227,0,0
13,464,9447815,0,3,0,0,0
37,465,9457753,-119,-66,-15,16383,0
4,464,9467807,73,-113,8219,0,0
13,465,9467847,-1,2,0,0,0
37,466,9477854,-118,-66,-15,16383,0
4,465,9488016,68,-111,8224,0,0
13,466,9488056,2,2,1,0,0
37,467,9498167,-118,-66,-15,16383,0
L,9501526,VALID,0.003,-0.019,1
4,466,9508155,63,-119,8227,0,0
13,467,9508195,0,2,1,0,0
37,468,9518114,-118,-66,-15,16383,0
4,467,9528316,69,-117,8223,0,0
13,468,9528356,1,0,1,0,0
37,469,9538241,-118,-66,-15,16383,0
4,468,9548333,62,-128,8223,0,0
13,469,9548373,0,1,-1,0,0
37,470,9558320,-119,-65,-15,16383,0
4,469,9568462,61,-124,8218,0,0
13,470,9568501,0,0,0,0,0
37,471,9578534,-119,-65,-15,16383,0
4,470,9588565,75,-119,8218,0,0
13,471,9588604,0,2,0,0,0
37,472,9598594,-119,-66,-15,16383,0
L,9601954,VALID,0.010,-0.019,1
4,471,9608625,70,-116,8217,0,0
13,472,9608665,0,1,0,0,0
37,473,9618818,-119,-66,-15,16383,0
4,472,9628892,68,-122,8221,0,0
13,473,9628932,0,1,0,0,0
37,474,9638827,-119,-66,-15,16383,0
4,473,9649028,73,-125,8211,0,0
13,474,9649068,1,2,0,0,0
37,475,9659093,-119,-66,-15,16383,0
4,474,9669160,71,-113,8218,0,0
13,475,9669199,0,3,0,0,0
37,476,9679188,-119,-66,-15,16383,0
4,475,9689288,69,-119,8216,0,0
13,476,9689328,0,4,0,0,0
37,477,9699368,-119,-66,-15,16383,0
L,9702738,VALID,0.010,-0.019,1
4,476,9709408,70,-117,8226,0,0
13,477,9709448,-1,4,0,0,0
37,478,9719376,-119,-66,-15,16383,0
4,477,9729553,56,-123,8209,0,0
13,478,9729592,0,1,0,0,0
37,479,9739723,-119,-65,-15,16383,0
4,478,9749744,59,-116,8234,0,0
13,479,9749784,-1,3,1,0,0
37,480,9759807,-119,-65,-15,16383,0
4,479,9769830,69,-124,8217,0,0
13,480,9769870,0,1,0,0,0
37,481,9779899,-119,-65,-15,16383,0
4,480,9789906,60,-127,8224,0,0
13,481,9789946,0,2,-1,0,0
37,482,9799936,-120,-65,-15,16383,0
L,9803287,VALID,0.017,-0.012,1
4,481,9810201,67,-115,8217,0,0
13,482,9810241,-1,2,0,0,0
37,483,9820195,-119,-64,-15,16383,0
4,482,9830234,63,-113,8224,0,0
13,483,9830273,0,2,0,0,0
37,484,9840176,-119,-64,-15,16383,0
4,483,9850326,60,-121,8219,0,0
13,484,9850365,0,-1,0,0,0
37,485,9860444,-119,-64,-15,16383,0
4,484,9870474,67,-113,8212,0,0
13,485,9870514,0,0,0,0,0
37,486,9880548,-119,-64,-15,16383,0
4,485,9890612,56,-117,8219,0,0
13,486,9890651,1,0,1,0,0
37,487,9900709,-119,-64,-15,16383,0
L,9904027,VALID,0.010,-0.005,1
4,486,9910673,72,-114,8213,0,0
13,487,9910713,2,-1,0,0,0
37,488,9920795,-118,-64,-15,16383,0
4,487,9930827,68,-108,8226,0,0
13,488,9930866,0,1,-1,0,0
37,489,9940933,-118,-64,-15,16383,0
4,488,9950965,66,-116,8209,0,0
13,489,9951004,-2,1,0,0,0
37,490,9961011,-118,-64,-15,16383,0
4,489,9971117,58,-122,8221,0,0
13,490,9971157,1,0,0,0,0
37,491,9981166,-118,-64,-15,16383,0
4,490,9991257,58,-125,8224,0,0
13,491,9991296,0,0,-1,0,0
37,492,10001279,-118,-63,-15,16383,0
L,10004724,VALID,0.003,0.002,1
4,491,10011456,58,-121,8220,0,0
13,492,10011496,0,0,0,0,0
37,493,10021415,-118,-63,-15,16383,0
4,492,10031628,56,-121,8225,0,0
13,493,10031667,0,0,0,0,0
37,494,10041442,-118,-63,-15,16383,0
4,493,10051592,72,-108,8216,0,0
13,494,10051632,0,-1,-1,0,0
37,495,10061767,-118,-63,-15,16383,0
4,494,10071703,64,-120,8222,0,0
13,495,10071743,0,2,-2,0,0
37,496,10081768,-118,-63,-16,16383,0
4,495,10091927,61,-121,8223,0,0
13,496,10091966,0,3,-1,0,0
37,497,10102062,-118,-62,-16,16383,0
L,10105481,VALID,0.003,0.009,1
4,496,10112119,63,-119,8213,0,0
13,497,10112159,0,2,0,0,0
37,498,10121974,-118,-62,-16,16383,0
4,497,10132152,67,-122,8218,0,0
13,498,10132192,2,1,0,0,0
37,499,10142258,-118,-62,-16,16383,0
4,498,10152375,65,-118,8213,0,0
13,499,10152415,-1,0,0,0,0
37,500,10162346,-118,-63,-16,16383,0
4,499,10172453,61,-115,8225,0,0
13,500,10172493,-1,1,0,0,0
37,501,10182508,-118,-62,-16,16383,0
4,500,10192554,60,-123,8219,0,0
13,501,10192594,0,2,0,0,0
37,502,10202531,-119,-62,-16,16383,0
L,10205970,VALID,0.010,0.009,1
4,501,10212651,66,-129,8219,0,0
13,502,10212691,1,3,-1,0,0
37,503,10222756,-119,-62,-16,16383,0
4,502,10232796,53,-113,8230,0,0
13,503,10232863,0,2,1,0,0
37,504,10242791,-118,-61,-16,16383,0
4,503,10253001,60,-117,8216,0,0
13,504,10253041,0,-1,0,0,0
37,505,10263032,-119,-62,-16,16383,0
4,504,10273079,69,-122,8213,0,0
13,505,10273119,0,-1,-1,0,0
37,506,10283066,-119,-62,-16,16383,0
4,505,10293174,65,-114,8218,0,0
13,506,10293214,1,-1,0,0,0
37,507,10303229,-118,-62,-16,16383,0
L,10306640,VALID,0.003,0.009,1
4,506,10313314,69,-123,8216,0,0
13,507,10313353,0,1,-1,0,0
37,508,10323301,-119,-63,-16,16383,0
4,507,10333492,73,-122,8217,0,0
13,508,10333531,0,1,0,0,0
37,509,10343521,-119,-62,-16,16383,0
4,508,10353569,60,-118,8219,0,0
13,509,10353609,-2,0,0,0,0
37,510,10363598,-119,-63,-16,16383,0
4,509,10373726,63,-122,8220,0,0
13,510,10373766,-1,0,1,0,0
37,511,10383883,-119,-62,-16,16383,0
4,510,10393914,69,-116,8225,0,0
13,511,10393954,1,1,0,0,0
37,512,10403891,-119,-63,-16,16383,0
L,10407320,VALID,0.010,0.002,1
4,511,10414130,64,-105,8222,0,0
13,512,10414169,1,-1,0,0,0
37,513,10424038,-118,-62,-16,16383,0
4,512,10434032,59,-117,8222,0,0
13,513,10434072,0,1,0,0,0
37,514,10444097,-118,-62,-16,16383,0
4,513,10454231,60,-121,8211,0,0
13,514,10454270,1,2,0,0,0
37,515,10464303,-118,-62,-16,16383,0
4,514,10474368,59,-124,8220,0,0
13,515,10474408,0,2,-1,0,0
37,516,10484338,-119,-61,-16,16383,0
4,515,10494594,63,-117,8218,0,0
13,516,10494634,0,0,0,0,0
37,517,10504581,-118,-62,-16,16383,0
L,10508025,VALID,0.003,0.009,1
4,516,10514595,73,-108,8218,0,0
13,517,10514635,0,0,1,0,0
37,518,10524682,-118,-62,-16,16383,0
4,517,10534816,73,-117,8226,0,0
13,518,10534856,0,2,-1,0,0
37,519,10544804,-118,-62,-16,16383,0
4,518,10554857,59,-121,8221,0,0
13,519,10554897,0,0,0,0,0
37,520,10564923,-118,-62,-16,16383,0
4,519,10575058,69,-120,8216,0,0
13,520,10575098,0,0,0,0,0
37,521,10585042,-119,-62,-16,16383,0
4,520,10595142,55,-127,8228,0,0
13,521,10595182,0,0,0,0,0
37,522,10605189,-118,-62,-16,16383,0
L,10608670,VALID,0.003,0.009,1
4,521,10615217,56,-120,8206,0,0
13,522,10615284,1,-2,1,0,0
37,523,10625431,-119,-62,-15,16383,0
4,522,10635418,61,-117,8232,0,0
13,523,10635458,0,-1,1,0,0
37,524,10645430,-119,-62,-15,16383,0
4,523,10655556,68,-121,8228,0,0
13,524,10655596,0,1,0,0,0
37,525,10665543,-118,-62,-15,16383,0
4,524,10675564,64,-109,8217,0,0
13,525,10675604,2,1,0,0,0
37,526,10685705,-118,-62,-15,16383,0
4,525,10695757,58,-114,8217,0,0
13,526,10695796,-1,2,0,0,0
37,527,10705868,-118,-62,-15,16383,0
L,10709315,VALID,0.003,0.009,1
4,526,10715865,63,-129,8229,0,0
13,527,10715905,0,-1,0,0,0
37,528,10725859,-118,-62,-15,16383,0
4,527,10736054,65,-105,8224,0,0
13,528,10736093,0,-1,0,0,0
37,529,10746041,-118,-63,-15,16383,0
4,528,10756149,62,-119,8219,0,0
13,529,10756189,0,-2,-1,0,0
37,530,10766076,-118,-62,-15,16383,0
4,529,10776266,62,-128,8220,0,0
13,530,10776306,0,1,0,0,0
37,531,10786358,-119,-63,-15,16383,0
4,530,10796329,67,-116,8218,0,0
13,531,10796369,-1,0,0,0,0
37,532,10806479,-119,-62,-15,16383,0
L,10809934,VALID,0.010,0.009,1
4,531,10816508,60,-117,8217,0,0
13,532,10816548,0,1,0,0,0
37,533,10826530,-118,-62,-15,16383,0
4,532,10836620,58,-112,8218,0,0
13,533,10836659,0,1,0,0,0
37,534,10846614,-118,-62,-16,16383,0
4,533,10856731,63,-116,8222,0,0
13,534,10856771,-1,2,-1,0,0
37,535,10866902,-118,-62,-15,16383,0
4,534,10876974,60,-120,8216,0,0
13,535,10877014,0,0,1,0,0
37,536,10886866,-118,-62,-15,16383,0
4,535,10897100,64,-110,8221,0,0
13,536,10897140,0,0,0,0,0
37,537,10907107,-118,-62,-15,16383,0
L,10910561,VALID,0.003,0.009,1
4,536,10917199,63,-118,8218,0,0
13,537,10917239,-2,2,2,0,0
37,538,10927201,-118,-62,-15,16383,0
4,537,10937232,70,-109,8224,0,0
13,538,10937271,0,2,1,0,0
37,539,10947466,-118,-62,-15,16383,0
4,538,10957463,48,-124,8221,0,0
13,539,10957503,0,0,0,0,0
37,540,10967371,-118,-61,-15,16383,0
4,539,10977608,60,-121,8221,0,0
13,540,10977675,1,0,-1,0,0
37,541,10987588,-118,-61,-15,16383,0
4,540,10997714,62,-116,8220,0,0
13,541,10997754,0,0,-1,0,0
37,542,11007711,-118,-61,-15,16383,0
L,11011153,VALID,0.003,0.016,1
4,541,11017911,56,-115,8217,0,0
13,542,11017951,0,-1,0,0,0
37,543,11028045,-118,-61,-15,16383,0
4,542,11037980,58,-107,8218,0,0
13,543,11038020,-1,-1,0,0,0
37,544,11047968,-117,-61,-15,16383,0
4,543,11058193,59,-117,8215,0,0
13,544,11058233,0,-1,0,0,0
37,545,11068112,-117,-61,-15,16383,0
4,544,11078220,57,-118,8224,0,0
13,545,11078260,0,0,0,0,0
37,546,11088206,-118,-61,-15,16383,0
4,545,11098321,64,-119,8210,0,0
13,546,11098361,0,0,-1,0,0
37,547,11108492,-118,-62,-15,16383,0
L,11111937,VALID,0.003,0.009,1
4,546,11118481,65,-114,8215,0,0
13,547,11118521,0,0,1,0,0
37,548,11128492,-117,-62,-15,16383,0
4,547,11138599,63,-117,8213,0,0
13,548,11138639,0,-2,0,0,0
37,549,11148714,-117,-62,-15,16383,0
4,548,11158763,67,-118,8221,0,0
13,549,11158802,0,0,0,0,0
37,550,11168694,-117,-62,-15,16383,0
4,549,11178836,62,-121,8217,0,0
13,550,11178876,1,0,0,0,0
37,551,11188988,-117,-62,-15,16383,0
4,550,11199037,63,-118,8217,0,0
13,551,11199076,0,1,0,0,0
37,552,11209065,-118,-62,-15,16383,0
L,11212512,VALID,0.003,0.009,1
4,551,11219114,63,-122,8220,0,0
13,552,11219154,1,-2,0,0,0
37,553,11229221,-118,-62,-15,16383,0
4,552,11239278,57,-121,8216,0,0
13,553,11239318,0,1,0,0,0
37,554,11249291,-118,-62,-15,16383,0
4,553,11259440,66,-107,8217,0,0
13,554,11259480,0,1,0,0,0
37,555,11269538,-118,-62,-15,16383,0
4,554,11279581,65,-122,8218,0,0
13,555,11279620,-1,0,0,0,0
37,556,11289626,-118,-62,-15,16383,0
4,555,11299657,67,-113,8218,0,0
13,556,11299697,0,0,-1,0,0
37,557,11309711,-117,-63,-15,16383,0
L,11313163,VALID,-0.004,0.002,1
4,556,11319743,70,-110,8221,0,0
13,557,11319782,0,0,-1,0,0
37,558,11329770,-117,-63,-15,16383,0
4,557,11340058,61,-109,8220,0,0
13,558,11340124,-1,2,0,0,0
37,559,11350074,-117,-62,-15,16383,0
4,558,11360069,61,-117,8223,0,0
13,559,11360108,0,-1,0,0,0
37,560,11370056,-117,-62,-15,16383,0
4,559,11380155,71,-112,8221,0,0
13,560,11380195,0,2,0,0,0
37,561,11390260,-117,-63,-15,16383,0
4,560,11400283,64,-123,8221,0,0
13,561,11400323,0,2,0,0,0
37,562,11410322,-117,-63,-15,16383,0
L,11413767,VALID,-0.004,0.002,1
4,561,11420371,63,-118,8231,0,0
13,562,11420411,0,1,0,0,0
37,563,11430491,-117,-62,-15,16383,0
4,562,11440451,60,-109,8220,0,0
13,563,11440490,0,0,0,0,0
37,564,11450561,-117,-62,-15,16383,0
4,563,11460660,60,-116,8231,0,0
13,564,11460700,-1,0,0,0,0
37,565,11470725,-116,-62,-15,16383,0
4,564,11480728,57,-120,8221,0,0
13,565,11480768,1,-1,-1,0,0
37,566,11490856,-116,-62,-15,16383,0
4,565,11500869,71,-123,8220,0,0
13,566,11500909,0,-1,0,0,0
37,567,11510948,-117,-63,-15,16383,0
L,11514394,VALID,-0.004,0.002,1
4,566,11521032,69,-119,8223,0,0
13,567,11521072,0,0,0,0,0
37,568,11531016,-117,-63,-15,16383,0
4,567,11541168,67,-121,8227,0,0
13,568,11541208,0,2,-1,0,0
37,569,11551147,-117,-63,-15,16383,0
4,568,11561341,64,-111,8216,0,0
13,569,11561381,-2,1,0,0,0
37,570,11571214,-117,-63,-15,16383,0
4,569,11581356,64,-114,8227,0,0
13,570,11581395,-1,0,0,0,0
37,571,11591515,-117,-63,-15,16383,0
4,570,11601450,61,-123,8219,0,0
13,571,11601490,-1,0,0,0,0
37,572,11611498,-117,-63,-15,16383,0
L,11614969,VALID,-0.004,0.002,1
4,571,11621738,64,-111,8220,0,0
13,572,11621777,0,0,-2,0,0
37,573,11631825,-117,-63,-15,16383,0
4,572,11641899,64,-131,8228,0,0
13,573,11641939,0,0,0,0,0
37,574,11651747,-117,-63,-15,16383,0
4,573,11661881,61,-122,8223,0,0
13,574,11661921,0,0,-1,0,0
37,575,11671989,-117,-63,-15,16383,0
4,574,11682131,64,-117,8218,0,0
13,575,11682171,1,0,0,0,0
37,576,11692086,-117,-63,-15,16383,0
4,575,11702190,63,-114,8227,0,0
13,576,11702229,0,0,0,0,0
37,577,11712226,-117,-63,-15,16383,0
L,11715692,VALID,-0.004,0.002,1
4,576,11722312,65,-116,8217,0,0
13,577,11722352,0,0,1,0,0
37,578,11732279,-117,-63,-15,16383,0
4,577,11742413,61,-118,8213,0,0
13,578,11742453,0,-1,0,0,0
37,579,11752514,-117,-64,-15,16383,0
4,578,11762543,71,-128,8221,0,0
13,579,11762583,1,-1,-2,0,0
37,580,11772521,-118,-64,-15,16383,0
4,579,11782698,67,-124,8218,0,0
13,580,11782737,0,0,0,0,0
37,581,11792710,-118,-64,-15,16383,0
4,580,11802742,60,-119,8227,0,0
13,581,11802781,1,0,1,0,0
37,582,11812753,-118,-64,-15,16383,0
L,11816216,VALID,0.003,-0.005,1
4,581,11822844,68,-113,8225,0,0
13,582,11822884,0,0,0,0,0
37,583,11832940,-117,-64,-15,16383,0
4,582,11843022,66,-121,8224,0,0
13,583,11843062,0,0,0,0,0
37,584,11853010,-118,-64,-15,16383,0
4,583,11863196,70,-117,8221,0,0
13,584,11863236,1,0,0,0,0
37,585,11873253,-117,-65,-15,16383,0
4,584,11883273,61,-114,8218,0,0
13,585,11883313,0,-3,0,0,0
37,586,11893336,-117,-64,-15,16383,0
4,585,11903402,56,-116,8209,0,0
13,586,11903442,0,2,-1,0,0
37,587,11913535,-117,-64,-15,16383,0
L,11916973,VALID,-0.004,-0.005,1
4,586,11923568,58,-113,8224,0,0
13,587,11923608,0,-1,-1,0,0
37,588,11933561,-117,-64,-15,16383,0
4,587,11943798,65,-114,8218,0,0
13,588,11943838,1,0,0,0,0
37,589,11953741,-116,-64,-15,16383,0
4,588,11963694,68,-118,8223,0,0
13,589,11963733,0,0,0,0,0
37,590,11973747,-116,-65,-15,16383,0
4,589,11983943,69,-110,8214,0,0
13,590,11983983,0,-2,1,0,0
37,591,11994010,-117,-65,-15,16383,0
4,590,12004040,67,-120,8231,0,0
13,591,12004080,0,-2,0,0,0
37,592,12014051,-116,-66,-15,16383,0
L,12017496,VALID,-0.011,-0.019,1
4,591,12024194,67,-115,8224,0,0
13,592,12024234,2,0,0,0,0
37,593,12034206,-116,-66,-15,16383,0
4,592,12044219,61,-114,8216,0,0
13,593,12044259,-1,0,0,0,0
37,594,12054316,-116,-65,-15,16383,0
4,593,12064434,56,-117,8224,0,0
13,594,12064474,-1,-2,0,0,0
37,595,12074429,-116,-65,-15,16383,0
4,594,12084493,58,-107,8220,0,0
13,595,12084532,0,-1,0,0,0
37,596,12094539,-116,-65,-15,16383,0
4,595,12104709,62,-119,8215,0,0
13,596,12104748,0,-3,0,0,0
37,597,12114687,-116,-65,-15,16383,0
L,12118123,VALID,-0.011,-0.012,1
4,596,12124789,59,-125,8220,0,0
13,597,12124828,-1,0,1,0,0
37,598,12134807,-117,-65,-15,16383,0
4,597,12144827,67,-119,8220,0,0
13,598,12144866,0,0,0,0,0
37,599,12155013,-117,-65,-15,16383,0
4,598,12164984,57,-116,8217,0,0
13,599,12165023,0,0,0,0,0
37,600,12175004,-117,-65,-15,16383,0
4,599,12185111,70,-116,8221,0,0
13,600,12185151,1,2,0,0,0
37,601,12195132,-116,-64,-15,16383,0
4,600,12205171,63,-120,8211,0,0
13,601,12205211,0,0,-1,0,0
37,602,12215303,-117,-65,-16,16383,0
L,12218768,VALID,-0.004,-0.012,1
4,601,12225345,72,-120,8225,0,0
13,602,12225385,0,-1,-1,0,0
37,603,12235513,-117,-65,-16,16383,0
4,602,12245526,64,-127,8214,0,0
13,603,12245566,-1,2,-1,0,0
37,604,12255514,-117,-65,-16,16383,0
4,603,12265651,60,-121,8223,0,0
13,604,12265691,0,2,0,0,0
37,605,12275672,-117,-65,-16,16383,0
4,604,12285721,70,-118,8217,0,0
13,605,12285761,0,2,0,0,0
37,606,12295708,-117,-65,-16,16383,0
4,605,12305860,64,-116,8227,0,0
13,606,12305899,-1,2,-2,0,0
37,607,12315949,-117,-64,-16,16383,0
L,12319413,VALID,-0.004,-0.005,1
4,606,12325930,59,-116,8218,0,0
13,607,12325970,-1,0,0,0,0
37,608,12336085,-117,-64,-16,16383,0
4,607,12346099,65,-124,8225,0,0
13,608,12346139,1,0,-2,0,0
37,609,12356199,-117,-64,-16,16383,0
4,608,12366298,61,-103,8223,0,0
13,609,12366337,0,-1,0,0,0
37,610,12376321,-117,-65,-16,16383,0
4,609,12386426,64,-117,8224,0,0
13,610,12386466,0,-3,0,0,0
37,611,12396534,-117,-65,-16,16383,0
4,610,12406592,66,-118,8223,0,0
13,611,12406632,-2,-1,0,0,0
37,612,12416535,-117,-65,-16,16383,0
L,12419979,VALID,-0.004,-0.012,1
4,611,12426713,59,-105,8214,0,0
13,612,12426752,1,0,0,0,0
37,613,12436740,-116,-65,-16,16383,0
4,612,12446827,64,-113,8217,0,0
13,613,12446867,0,-2,1,0,0
37,614,12456792,-116,-65,-16,16383,0
4,613,12466847,67,-121,8228,0,0
13,614,12466887,0,0,0,0,0
37,615,12477093,-116,-65,-16,16383,0
4,614,12487082,60,-112,8222,0,0
13,615,12487122,1,-2,0,0,0
37,616,12497007,-116,-65,-16,16383,0
4,615,12507208,66,-113,8226,0,0
13,616,12507248,0,-1,1,0,0
37,617,12517179,-116,-65,-16,16383,0
L,12520598,VALID,-0.011,-0.012,1
4,616,12527298,64,-114,8230,0,0
13,617,12527337,1,0,0,0,0
37,618,12537246,-116,-65,-16,16383,0
4,617,12547422,64,-123,8216,0,0
13,618,12547462,0,1,0,0,0
37,619,12557583,-116,-65,-16,16383,0
4,618,12567569,73,-121,8226,0,0
13,619,12567609,0,2,-1,0,0
37,620,12577514,-116,-65,-16,16383,0
4,619,12587749,63,-117,8218,0,0
13,620,12587789,0,0,-1,0,0
37,621,12597643,-116,-65,-16,16383,0
4,620,12607731,61,-113,8219,0,0
13,621,12607798,0,1,1,0,0
37,622,12617789,-117,-64,-16,16383,0
L,12621216,VALID,-0.004,-0.005,1
4,621,12627882,67,-117,8222,0,0
13,622,12627922,0,0,1,0,0
37,623,12637976,-116,-65,-16,16383,0
4,622,12647999,69,-117,8207,0,0
13,623,12648039,-1,0,-1,0,0
37,624,12658003,-117,-65,-16,16383,0
4,623,12668050,66,-117,8214,0,0
13,624,12668090,0,0,0,0,0
37,625,12678200,-117,-65,-16,16383,0
4,624,12688204,67,-123,8212,0,0
13,625,12688243,2,2,0,0,0
37,626,12698156,-117,-65,-16,16383,0
4,625,12708324,62,-112,8217,0,0
13,626,12708364,1,0,0,0,0
37,627,12718405,-117,-64,-16,16383,0
L,12721870,VALID,-0.004,-0.005,1
4,626,12728491,60,-118,8220,0,0
13,627,12728557,0,0,0,0,0
37,628,12738561,-117,-64,-16,16383,0
4,627,12748619,64,-120,8217,0,0
13,628,12748658,0,0,-1,0,0
37,629,12758681,-117,-64,-16,16383,0
4,628,12768721,66,-111,8220,0,0
13,629,12768760,-1,0,0,0,0
37,630,12778699,-117,-64,-16,16383,0
4,629,12788858,59,-126,8232,0,0
13,630,12788898,0,0,1,0,0
37,631,12798966,-117,-64,-16,16383,0
4,630,12809002,72,-117,8216,0,0
13,631,12809042,0,2,0,0,0
37,632,12819068,-117,-64,-16,16383,0
L,12822506,VALID,-0.004,-0.005,1
4,631,12829048,60,-111,8222,0,0
13,632,12829088,0,1,0,0,0
37,633,12839152,-117,-63,-16,16383,0
4,632,12849193,59,-118,8227,0,0
13,633,12849232,-2,2,0,0,0
37,634,12859179,-116,-63,-16,16383,0
4,633,12869474,60,-107,8214,0,0
13,634,12869514,0,2,0,0,0
37,635,12879490,-116,-63,-16,16383,0
4,634,12889520,65,-108,8224,0,0
13,635,12889559,-2,2,-1,0,0
37,636,12899447,-116,-63,-16,16383,0
4,635,12909571,64,-116,8218,0,0
13,636,12909610,1,0,0,0,0
37,637,12919634,-116,-63,-16,16383,0
L,12923072,VALID,-0.011,0.002,1
4,636,12929665,56,-122,8223,0,0
13,637,12929705,0,3,-1,0,0
37,638,12939730,-116,-62,-16,16383,0
4,637,12949810,54,-122,8216,0,0
13,638,12949850,0,0,0,0,0
37,639,12959934,-117,-62,-16,16383,0
4,638,12969889,68,-124,8230,0,0
13,639,12969928,1,0,-1,0,0
37,640,12979969,-117,-62,-16,16383,0
4,639,12990104,52,-117,8220,0,0
13,640,12990144,-1,2,0,0,0
37,641,13000212,-117,-61,-16,16383,0
4,640,13010242,60,-115,8228,0,0
13,641,13010282,-1,2,0,0,0
37,642,13020297,-117,-61,-16,16383,0
L,13023743,VALID,-0.004,0.016,1
4,641,13030346,54,-112,8223,0,0
13,642,13030386,0,0,0,0,0
37,643,13040382,-117,-61,-16,16383,0
4,642,13050482,63,-114,8220,0,0
13,643,13050522,0,0,0,0,0
37,644,13060468,-117,-61,-16,16383,0
4,643,13070671,66,-127,8224,0,0
13,644,13070711,0,2,0,0,0
37,645,13080623,-117,-61,-16,16383,0
4,644,13090860,70,-126,8207,0,0
13,645,13090927,0,1,0,0,0
37,646,13100657,-117,-61,-16,16383,0
4,645,13110869,64,-120,8229,0,0
13,646,13110908,0,0,-1,0,0
37,647,13121037,-117,-62,-16,16383,0
L,13124475,VALID,-0.004,0.009,1
4,646,13130966,65,-117,8216,0,0
13,647,13131006,0,1,1,0,0
37,648,13141035,-118,-62,-16,16383,0
4,647,13151151,65,-126,8221,0,0
13,648,13151191,0,0,0,0,0
37,649,13161235,-118,-62,-16,16383,0
4,648,13171344,63,-120,8218,0,0
13,649,13171383,1,2,1,0,0
37,650,13181182,-118,-62,-16,16383,0
4,649,13191385,52,-112,8224,0,0
13,650,13191424,0,1,0,0,0
37,651,13201472,-118,-61,-16,16383,0
4,650,13211598,56,-115,8232,0,0
13,651,13211638,0,0,1,0,0
37,652,13221569,-118,-61,-16,16383,0
L,13225015,VALID,0.003,0.016,1
4,651,13231739,67,-121,8219,0,0
13,652,13231779,0,1,0,0,0
37,653,13241752,-118,-61,-16,16383,0
4,652,13251815,57,-111,8222,0,0
13,653,13251855,0,0,-1,0,0
37,654,13261793,-117,-61,-16,16383,0
4,653,13271890,61,-113,8228,0,0
13,654,13271930,0,2,0,0,0
37,655,13281982,-117,-60,-16,16383,0
4,654,13292013,57,-120,8221,0,0
13,655,13292053,0,3,0,0,0
37,656,13301990,-117,-60,-16,16383,0
4,655,13312192,70,-124,8222,0,0
13,656,13312232,-1,0,0,0,0
37,657,13322222,-118,-61,-16,16383,0
L,13325660,VALID,0.003,0.016,1
4,656,13332254,68,-119,8210,0,0
13,657,13332293,-2,0,0,0,0
37,658,13342264,-118,-61,-16,16383,0
4,657,13352389,62,-124,8219,0,0
13,658,13352456,0,1,0,0,0
37,659,13362445,-118,-61,-16,16383,0
4,658,13372554,65,-124,8217,0,0
13,659,13372594,0,0,0,0,0
37,660,13382532,-119,-62,-16,16383,0
4,659,13392699,65,-121,8221,0,0
13,660,13392739,0,-2,0,0,0
37,661,13402731,-118,-61,-16,16383,0
4,660,13412751,51,-120,8220,0,0
13,661,13412791,0,1,0,0,0
37,662,13422813,-118,-61,-16,16383,0
L,13426252,VALID,0.003,0.016,1
4,661,13432891,49,-113,8217,0,0
13,662,13432930,-1,1,0,0,0
37,663,13443012,-118,-60,-16,16383,0
4,662,13453044,60,-115,8227,0,0
13,663,13453083,0,-1,0,0,0
37,664,13463089,-118,-60,-16,16383,0
4,663,13473338,63,-119,8217,0,0
13,664,13473378,2,1,-1,0,0
37,665,13483238,-118,-60,-16,16383,0
4,664,13493257,61,-115,8227,0,0
13,665,13493297,-1,1,2,0,0
37,666,13503281,-118,-61,-15,16383,0
4,665,13513387,71,-123,8219,0,0
13,666,13513426,0,0,0,0,0
37,667,13523520,-118,-61,-15,16383,0
L,13526966,VALID,0.003,0.016,1
4,666,13533510,56,-132,8216,0,0
13,667,13533549,1,1,0,0,0
37,668,13543509,-118,-60,-15,16383,0
4,667,13553697,50,-117,8226,0,0
13,668,13553736,-2,0,0,0,0
37,669,13563649,-119,-60,-15,16383,0
4,668,13573669,53,-117,8226,0,0
13,669,13573708,-1,-1,-2,0,0
37,670,13583794,-118,-60,-16,16383,0
4,669,13593910,64,-112,8225,0,0
13,670,13593950,0,-1,1,0,0
37,671,13603924,-118,-60,-15,16383,0
4,670,13614015,62,-113,8214,0,0
13,671,13614055,0,-1,0,0,0
37,672,13624081,-118,-60,-15,16383,0
L,13627524,VALID,0.003,0.023,1
4,671,13634179,62,-112,8222,0,0
13,672,13634219,1,2,0,0,0
37,673,13644163,-117,-60,-15,16383,0
4,672,13654254,66,-116,8220,0,0
13,673,13654294,0,-1,0,0,0
37,674,13664312,-117,-61,-15,16383,0
4,673,13674296,60,-115,8218,0,0
13,674,13674335,0,0,-1,0,0
37,675,13684491,-117,-61,-15,16383,0
4,674,13694486,74,-120,8211,0,0
13,675,13694526,0,0,1,0,0
37,676,13704455,-117,-61,-15,16383,0
4,675,13714614,57,-116,8223,0,0
13,676,13714653,1,-1,0,0,0
37,677,13724662,-117,-61,-15,16383,0
L,13728134,VALID,-0.004,0.016,1
4,676,13734651,55,-122,8225,0,0
13,677,13734691,0,-1,2,0,0
37,678,13744817,-117,-61,-15,16383,0
4,677,13754891,60,-125,8228,0,0
13,678,13754930,0,-3,0,0,0
37,679,13764998,-117,-61,-15,16383,0
4,678,13774985,47,-117,8219,0,0
13,679,13775025,0,0,0,0,0
37,680,13785014,-117,-61,-15,16383,0
4,679,13795080,61,-109,8220,0,0
13,680,13795120,0,0,0,0,0
37,681,13805144,-117,-61,-15,16383,0
4,680,13815243,58,-118,8220,0,0
13,681,13815283,0,-2,1,0,0
37,682,13825151,-117,-61,-15,16383,0
L,13828580,VALID,-0.004,0.016,1
4,681,13835363,61,-119,8224,0,0
13,682,13835402,1,-1,-1,0,0
37,683,13845454,-117,-61,-15,16383,0
4,682,13855422,68,-123,8223,0,0
13,683,13855462,0,-1,0,0,0
37,684,13865643,-117,-61,-15,16383,0
4,683,13875655,57,-119,8218,0,0
13,684,13875695,1,2,0,0,0
37,685,13885650,-117,-61,-15,16383,0
4,684,13895748,71,-118,8220,0,0
13,685,13895788,0,-3,0,0,0
37,686,13905762,-117,-62,-15,16383,0
4,685,13915862,62,-120,8227,0,0
13,686,13915901,2,0,2,0,0
37,687,13925986,-117,-62,-15,16383,0
L,13929435,VALID,-0.004,0.009,1
4,686,13936061,59,-113,8221,0,0
13,687,13936101,0,0,0,0,0
37,688,13945962,-116,-62,-15,16383,0
4,687,13956196,67,-113,8215,0,0
13,688,13956236,0,-1,0,0,0
37,689,13966227,-116,-62,-15,16383,0
4,688,13976335,65,-116,8225,0,0
13,689,13976375,1,0,0,0,0
37,690,13986365,-116,-62,-15,16383,0
4,689,13996335,58,-118,8220,0,0
13,690,13996375,0,0,-1,0,0
37,691,14006614,-117,-62,-15,16383,0
4,690,14016602,66,-126,8223,0,0
13,691,14016642,2,-2,0,0,0
37,692,14026476,-117,-62,-15,16383,0
L,14029912,VALID,-0.004,0.009,1
4,691,14036697,56,-118,8218,0,0
13,692,14036737,-1,0,0,0,0
37,693,14046639,-117,-62,-15,16383,0
4,692,14056756,68,-115,8225,0,0
13,693,14056796,0,-1,0,0,0
37,694,14066755,-117,-62,-15,16383,0
4,693,14076944,60,-118,8230,0,0
13,694,14076984,0,-1,0,0,0
37,695,14087122,-117,-62,-15,16383,0
4,694,14097073,64,-116,8222,0,0
13,695,14097140,0,-1,0,0,0
37,696,14107000,-117,-62,-15,16383,0
4,695,14117262,56,-122,8219,0,0
13,696,14117301,0,0,0,0,0
37,697,14127199,-117,-62,-15,16383,0
L,14130635,VALID,-0.004,0.009,1
4,696,14137273,65,-119,8222,0,0
13,697,14137313,0,1,0,0,0
37,698,14147265,-117,-62,-15,16383,0
4,697,14157408,57,-120,8218,0,0
13,698,14157448,0,0,2,0,0
37,699,14167471,-117,-62,-15,16383,0
4,698,14177486,70,-121,8220,0,0
13,699,14177526,-1,0,0,0,0
37,700,14187516,-117,-62,-15,16383,0
4,699,14197588,62,-110,8225,0,0
13,700,14197628,0,1,0,0,0
37,701,14207721,-117,-62,-15,16383,0
4,700,14217735,63,-119,8213,0,0
13,701,14217774,0,1,0,0,0
37,702,14227668,-117,-62,-15,16383,0
L,14231132,VALID,-0.004,0.009,1
4,701,14237891,62,-121,8221,0,0
13,702,14237931,1,1,0,0,0
37,703,14247980,-117,-62,-15,16383,0
4,702,14258052,66,-121,8226,0,0
13,703,14258092,0,1,0,0,0
37,704,14268038,-117,-62,-15,16383,0
4,703,14278104,61,-114,8231,0,0
13,704,14278144,0,0,1,0,0
37,705,14288168,-117,-62,-15,16383,0
4,704,14298232,58,-118,8216,0,0
13,705,14298271,0,-2,1,0,0
37,706,14308220,-117,-62,-15,16383,0
4,705,14318362,61,-114,8218,0,0
13,706,14318401,1,0,0,0,0
37,707,14328486,-116,-62,-15,16383,0
L,14331941,VALID,-0.011,0.009,1
4,706,14338501,60,-118,8222,0,0
13,707,14338541,0,0,-1,0,0
37,708,14348564,-116,-62,-15,16383,0
4,707,14358647,58,-116,8231,0,0
13,708,14358687,0,0,0,0,0
37,709,14368720,-116,-62,-15,16383,0
4,708,14378740,62,-119,8223,0,0
13,709,14378780,1,0,0,0,0
37,710,14388777,-116,-61,-15,16383,0
4,709,14399042,57,-118,8229,0,0
13,710,14399082,0,0,1,0,0
37,711,14409029,-117,-61,-15,16383,0
4,710,14419059,63,-123,8215,0,0
13,711,14419099,0,-2,0,0,0
37,712,14429003,-117,-62,-15,16383,0
L,14432438,VALID,-0.004,0.009,1
4,711,14439113,62,-111,8221,0,0
13,712,14439153,0,-2,2,0,0
37,713,14449234,-116,-62,-15,16383,0
4,712,14459238,59,-121,8226,0,0
13,713,14459278,-1,0,0,0,0
37,714,14469319,-117,-62,-15,16383,0
4,713,14479437,68,-118,8215,0,0
13,714,14479477,0,-1,0,0,0
37,715,14489520,-117,-62,-15,16383,0
4,714,14499498,64,-119,8226,0,0
13,715,14499537,-1,0,-1,0,0
37,716,14509613,-117,-62,-15,16383,0
4,715,14519694,62,-125,8223,0,0
13,716,14519734,0,1,0,0,0
37,717,14529759,-117,-62,-15,16383,0
L,14533196,VALID,-0.004,0.009,1
4,716,14539766,57,-111,8228,0,0
13,717,14539805,0,-2,-1,0,0
37,718,14549811,-117,-62,-15,16383,0
4,717,14559910,56,-114,8226,0,0
13,718,14559950,0,-3,0,0,0
37,719,14569947,-117,-62,-15,16383,0
4,718,14580012,61,-124,8235,0,0
13,719,14580051,2,-5,0,0,0
37,720,14590057,-117,-63,-15,16383,0
4,719,14600245,57,-121,8225,0,0
13,720,14600284,2,-8,-1,0,0
37,721,14610198,-117,-63,-15,16383,0
4,720,14620433,59,-116,8221,0,0
13,721,14620473,4,-8,1,0,0
37,722,14630285,-116,-64,-15,16383,0
L,14633737,VALID,-0.011,-0.005,1
4,721,14640470,55,-109,8234,0,0
13,722,14640509,5,-14,1,0,0
37,723,14650621,-115,-65,-15,16383,0
4,722,14660522,66,-114,8226,0,0
13,723,14660561,5,-12,2,0,0
37,724,14670584,-115,-66,-15,16383,0
4,723,14680779,74,-117,8200,0,0
13,724,14680819,8,-9,0,0,0
37,725,14690825,-114,-67,-15,16383,0
4,724,14700941,80,-112,8223,0,0
13,725,14700981,7,-2,0,0,0
37,726,14710781,-113,-67,-15,16383,0
4,725,14720930,51,-89,8214,0,0
13,726,14720969,14,13,-4,0,0
37,727,14731102,-112,-66,-15,16383,0
L,14734538,VALID,-0.039,-0.019,1
4,726,14741201,77,-149,8230,0,0
13,727,14741241,11,-4,-3,0,0
37,728,14751146,-111,-65,-16,16383,0
4,727,14761285,55,-125,8213,0,0
13,728,14761325,19,14,-13,0,0
37,729,14771334,-109,-65,-17,16383,0
4,728,14781362,58,-127,8218,0,0
13,729,14781402,19,-11,-1,0,0
37,730,14791332,-108,-66,-17,16383,0
4,729,14801457,56,-135,8214,0,0
13,730,14801497,19,-9,2,0,0
37,731,14811538,-107,-66,-16,16383,0
4,730,14821568,77,-122,8235,0,0
13,731,14821608,15,-11,0,0,0
37,732,14831616,-105,-67,-16,16383,0
L,14835069,VALID,-0.088,-0.026,1
4,731,14841768,56,-88,8209,0,0
13,732,14841807,21,-17,1,0,0
37,733,14851850,-103,-70,-16,16383,0
4,732,14861878,83,-100,8232,0,0
13,733,14861918,31,-13,-1,0,0
37,734,14871859,-100,-70,-17,16383,0
4,733,14881997,58,-98,8215,0,0
13,734,14882037,50,-4,-6,0,0
37,735,14892037,-95,-71,-17,16383,0
4,734,14902118,71,-111,8246,0,0
13,735,14902158,71,-23,-8,0,0
37,736,14912115,-86,-74,-17,16383,0
4,735,14922297,85,-107,8279,0,0
13,736,14922337,181,-22,0,0,0
37,737,14932312,-64,-75,-18,16383,0
L,14935636,VALID,-0.375,-0.081,1
4,736,14942360,69,-58,8222,0,0
13,737,14942400,252,-14,-6,0,0
37,738,14952442,-41,-76,-18,16383,0
4,737,14962486,70,-54,8216,0,0
13,738,14962526,278,-11,-11,0,0
37,739,14972677,-16,-77,-20,16383,0
4,738,14982703,84,-73,8250,0,0
13,739,14982743,310,-14,-32,0,0
37,740,14992729,14,-79,-24,16383,0
4,739,15002970,72,-36,8256,0,0
13,740,15003010,382,-15,-69,0,0
37,741,15012881,51,-80,-32,16383,0
4,740,15022881,41,36,8235,0,0
13,741,15022921,442,-16,-115,0,0
37,742,15032905,92,-81,-44,16383,0
L,15036159,VALID,-1.467,-0.121,1
4,741,15043040,133,85,8218,0,0
13,742,15043079,481,-5,-136,0,0
37,743,15053138,137,-81,-56,16383,0
4,742,15063175,55,179,8197,0,0
13,743,15063215,527,-9,-148,0,0
37,744,15073139,182,-82,-67,16382,0
4,743,15083333,90,234,8172,0,0
13,744,15083373,450,-6,-102,0,0
37,745,15093320,218,-83,-76,16382,0
4,744,15103362,106,224,8200,0,0
13,745,15103402,380,2,-115,0,0
37,746,15113501,252,-82,-86,16381,0
4,745,15123639,66,276,8189,0,0
13,746,15123679,373,10,-104,0,0
37,747,15133612,283,-82,-92,16381,0
L,15136951,VALID,-2.805,-0.119,1
4,746,15143727,68,283,8223,0,0
13,747,15143767,355,-9,-25,0,0
37,748,15153749,315,-84,-92,16380,0
4,747,15163864,101,289,8233,0,0
13,748,15163904,373,-10,-18,0,0
37,749,15173861,349,-85,-96,16379,0
4,748,15183940,110,294,8242,0,0
13,749,15183979,447,-13,-88,0,0
37,750,15193990,393,-86,-107,16378,0
4,749,15204001,48,377,8181,0,0
13,750,15204040,490,-13,-113,0,0
37,751,15214206,435,-87,-114,16377,0
4,750,15224163,104,390,8215,0,0
13,751,15224203,488,5,-81,0,0
37,752,15234186,482,-85,-121,16376,0
L,15237657,VALID,-4.198,-0.127,1
4,751,15244315,85,485,8183,0,0
13,752,15244354,566,43,-78,0,0
37,753,15254385,532,-81,-126,16374,0
4,752,15264404,43,560,8189,0,0
13,753,15264443,498,22,-12,0,0
37,754,15274497,574,-80,-124,16373,0
4,753,15284561,74,567,8198,0,0
13,754,15284600,514,20,5,0,0
37,755,15294676,621,-79,-125,16371,0
4,754,15304698,86,643,8169,0,0
13,755,15304737,503,-12,-32,0,0
37,756,15314712,664,-83,-132,16369,0
4,755,15324851,114,616,8255,0,0
13,756,15324891,552,-27,-141,0,0
37,757,15334885,720,-84,-149,16367,0
L,15338354,VALID,-5.865,-0.099,1
4,756,15344947,72,730,8160,0,0
13,757,15344987,676,-23,-235,0,0
37,758,15354910,780,-87,-169,16364,0
4,757,15365128,58,723,8200,0,0
13,758,15365168,693,-36,-195,0,0
37,759,15375225,844,-88,-180,16360,0
4,758,15385172,66,847,8151,0,0
13,759,15385212,734,9,-60,0,0
37,760,15395330,908,-86,-183,16357,0
4,759,15405326,62,868,8224,0,0
13,760,15405365,766,48,-49,0,0
37,761,15415382,985,-81,-186,16353,0
4,760,15425462,53,1074,7988,0,0
13,761,15425501,825,44,-18,0,0
37,762,15435468,1040,-80,-186,16349,0
L,15439025,VALID,-8.107,-0.036,1
4,761,15445628,84,1026,8073,0,0
13,762,15445668,464,9,1,0,0
37,763,15455716,1076,-80,-187,16347,0
4,762,15465773,30,1094,8091,0,0
13,763,15465812,362,2,-30,0,0
37,764,15475674,1103,-80,-187,16345,0
4,763,15485986,24,1099,8126,0,0
13,764,15486026,290,12,57,0,0
37,765,15495969,1129,-79,-178,16343,0
4,764,15506065,71,1150,8089,0,0
13,765,15506104,256,20,111,0,0
37,766,15516087,1148,-78,-169,16342,0
4,765,15526107,96,1117,8152,0,0
13,766,15526147,261,20,85,0,0
37,767,15536345,1174,-77,-164,16340,0
L,15539895,VALID,-9.046,-0.016,1
4,766,15546325,89,1179,8061,0,0
13,767,15546365,254,9,33,0,0
37,768,15556198,1194,-80,-164,16339,0
4,767,15566443,31,1239,7996,0,0
13,768,15566483,30,-10,-172,0,0
37,769,15576424,1186,-80,-180,16339,0
4,768,15586537,115,1051,8276,0,0
13,769,15586576,148,-32,-39,0,0
37,770,15596553,1210,-80,-184,16337,0
4,769,15606719,29,1172,8091,0,0
13,770,15606759,207,-21,-35,0,0
37,771,15616872,1228,-83,-184,16336,0
4,770,15626883,93,1141,8166,0,0
13,771,15626922,284,-15,-10,0,0
37,772,15636810,1259,-85,-188,16334,0
L,15640331,VALID,-9.643,-0.054,1
4,771,15647005,79,1227,8105,0,0
13,772,15647045,411,-22,-67,0,0
37,773,15656940,1296,-86,-194,16331,0
4,772,15667003,76,1276,8090,0,0
13,773,15667042,369,-12,-65,0,0
37,774,15677006,1328,-87,-200,16328,0
4,773,15687147,62,1316,8089,0,0
13,774,15687186,376,-14,-65,0,0
37,775,15697249,1360,-88,-205,16325,0
4,774,15707251,33,1394,8032,0,0
13,775,15707290,293,-25,-51,0,0
37,776,15717291,1381,-91,-207,16324,0
4,775,15727345,63,1407,8028,0,0
13,776,15727384,214,-9,-2,0,0
37,777,15737533,1396,-91,-207,16322,0
L,15741054,VALID,-10.606,-0.074,1
4,776,15747573,80,1364,8091,0,0
13,777,15747612,140,-11,-1,0,0
37,778,15757481,1409,-94,-209,16321,0
4,777,15767679,105,1329,8137,0,0
13,778,15767718,193,-41,-59,0,0
37,779,15777757,1433,-97,-217,16319,0
4,778,15787819,92,1307,8168,0,0
13,779,15787859,424,-35,-118,0,0
37,780,15797842,1480,-99,-229,16315,0
4,779,15807902,54,1420,8058,0,0
13,780,15807941,572,-33,-125,0,0
37,781,15818023,1530,-102,-238,16310,0
4,780,15828068,80,1496,8034,0,0
13,781,15828108,559,-24,-80,0,0
37,782,15838022,1578,-105,-245,16305,0
L,15841647,VALID,-11.886,-0.131,1
4,781,15848217,101,1549,8022,0,0
13,782,15848283,533,-32,-124,0,0
37,783,15858403,1623,-106,-257,16300,0
4,782,15868363,80,1617,8000,0,0
13,783,15868403,460,-16,-135,0,0
37,784,15878443,1660,-107,-270,16296,0
4,783,15888480,54,1654,8004,0,0
13,784,15888520,395,-26,-139,0,0
37,785,15898504,1693,-109,-281,16293,0
4,784,15908549,66,1654,8039,0,0
13,785,15908589,381,-28,-118,0,0
37,786,15918564,1729,-110,-290,16289,0
4,785,15928832,56,1697,7991,0,0
13,786,15928872,400,-13,-67,0,0
37,787,15938849,1764,-112,-294,16285,0
L,15942491,VALID,-13.196,-0.125,1
4,786,15948871,99,1725,8010,0,0
13,787,15948911,423,-3,-69,0,0
37,788,15958804,1803,-112,-302,16281,0
4,787,15968978,74,1807,7936,0,0
13,788,15969044,420,-21,-109,0,0
37,789,15979055,1835,-114,-312,16277,0
4,788,15989067,52,1828,7952,0,0
13,789,15989106,308,-31,-93,0,0
37,790,15999166,1858,-116,-318,16274,0
4,789,16009186,64,1807,7975,0,0
13,790,16009225,240,-26,-56,0,0
37,791,16019312,1879,-117,-322,16272,0
4,790,16029287,65,1829,7965,0,0
13,791,16029326,243,0,-34,0,0
37,792,16039335,1900,-117,-324,16269,0
L,16042971,VALID,-14.155,-0.119,1
4,791,16049402,75,1870,7928,0,0
13,792,16049442,220,0,-25,0,0
37,793,16059542,1916,-118,-327,16267,0
4,792,16069555,77,1875,7978,0,0
13,793,16069594,164,-15,-36,0,0
37,794,16079603,1931,-119,-330,16265,0
4,793,16089692,57,1908,7935,0,0
13,794,16089732,163,-11,-22,0,0
37,795,16099698,1943,-121,-330,16264,0
4,794,16109828,78,1902,7972,0,0
13,795,16109868,116,-16,8,0,0
37,796,16119819,1954,-122,-330,16263,0
4,795,16129991,82,1912,7951,0,0
13,796,16130031,159,4,4,0,0
37,797,16139970,1969,-121,-329,16261,0
L,16143572,VALID,-14.642,-0.133,1
4,796,16150168,70,1948,7940,0,0
13,797,16150207,161,2,0,0,0
37,798,16160022,1982,-122,-329,16259,0
4,797,16170139,82,1914,7963,0,0
13,798,16170179,140,-5,0,0,0
37,799,16180305,1996,-122,-330,16258,0
4,798,16190189,93,1923,7972,0,0
13,799,16190229,219,1,-27,0,0
37,800,16200288,2018,-123,-335,16255,0
4,799,16210438,72,1954,7966,0,0
13,800,16210478,280,-11,-62,0,0
37,801,16220559,2044,-123,-339,16251,0
4,800,16230657,69,2010,7912,0,0
13,801,16230696,276,-10,-53,0,0
37,802,16240444,2066,-125,-344,16249,0
L,16244069,VALID,-15.326,-0.135,1
4,801,16250674,79,2031,7911,0,0
13,802,16250713,212,-22,-67,0,0
37,803,16260779,2082,-126,-350,16246,0
4,802,16270869,92,2055,7902,0,0
13,803,16270909,167,-20,-57,0,0
37,804,16280789,2096,-128,-355,16244,0
4,803,16290937,92,2010,7988,0,0
13,804,16290976,208,-19,-68,0,0
37,805,16300943,2120,-128,-361,16241,0
4,804,16311040,70,2072,7886,0,0
13,805,16311080,311,-1,-70,0,0
37,806,16321019,2147,-128,-368,16237,0
4,805,16331099,66,2132,7858,0,0
13,806,16331138,257,-15,-77,0,0
37,807,16341235,2165,-130,-374,16235,0
L,16344870,VALID,-16.026,-0.128,1
4,806,16351250,72,2131,7906,0,0
13,807,16351317,207,-18,-52,0,0
37,808,16361305,2184,-131,-378,16232,0
4,807,16371487,57,2109,7915,0,0
13,808,16371527,224,-14,-37,0,0
37,809,16381526,2205,-132,-380,16229,0
4,808,16391557,73,2167,7871,0,0
13,809,16391597,251,4,-17,0,0
37,810,16401543,2225,-131,-381,16227,0
4,809,16411650,73,2182,7871,0,0
13,810,16411690,232,15,-1,0,0
37,811,16421707,2251,-135,-383,16223,0
4,810,16431796,-37,2592,7364,0,0
13,811,16431836,-274,-89,-467,0,0
37,812,16441787,2174,-138,-425,16232,0
L,16445428,VALID,-16.093,-0.135,1
4,811,16451989,188,1713,8464,0,0
13,812,16452029,-204,-58,19,0,0
37,813,16461993,2202,-136,-423,16229,0
4,812,16472012,52,2167,7807,0,0
13,813,16472051,98,-9,-32,0,0
37,814,16482103,2208,-137,-424,16228,0
4,813,16492220,89,2259,7771,0,0
13,814,16492260,203,21,-11,0,0
37,815,16502336,2211,-140,-433,16227,0
4,814,16512366,114,2078,7979,0,0
13,815,16512405,-241,-113,-80,0,0
37,816,16522407,2204,-144,-434,16228,0
4,815,16532592,64,2196,7832,0,0
13,816,16532631,33,-24,7,0,0
37,817,16542558,2201,-147,-432,16228,0
L,16546203,VALID,-16.286,-0.186,1
4,816,16552514,93,2099,7903,0,0
13,817,16552554,24,4,13,0,0
37,818,16562548,2208,-146,-431,16228,0
4,817,16572699,84,2182,7903,0,0
13,818,16572739,100,9,10,0,0
37,819,16582772,2216,-146,-430,16227,0
4,818,16592819,78,2165,7871,0,0
13,819,16592858,87,9,14,0,0
37,820,16602797,2223,-145,-428,16226,0
4,819,16613016,93,2180,7868,0,0
13,820,16613056,82,14,14,0,0
37,821,16623006,2229,-144,-427,16225,0
4,820,16633051,77,2173,7872,0,0
13,821,16633090,29,0,11,0,0
37,822,16643116,2229,-145,-426,16225,0
L,16646717,VALID,-16.482,-0.173,1
4,821,16653218,81,2140,7908,0,0
13,822,16653258,49,-1,7,0,0
37,823,16663236,2236,-145,-426,16224,0
4,822,16673309,79,2161,7904,0,0
13,823,16673349,94,-7,3,0,0
37,824,16683337,2246,-146,-425,16222,0
4,823,16693481,81,2189,7903,0,0
13,824,16693521,144,-6,20,0,0
37,825,16703470,2261,-147,-422,16221,0
4,824,16713558,51,2183,7902,0,0
13,825,16713598,201,18,61,0,0
37,826,16723615,2282,-147,-413,16218,0
4,825,16733583,114,2230,7854,0,0
13,826,16733651,279,20,92,0,0
37,827,16743856,2306,-146,-407,16215,0
L,16747457,VALID,-17.025,-0.185,1
4,826,16753828,80,2259,7853,0,0
13,827,16753867,250,12,64,0,0
37,828,16763795,2328,-146,-401,16212,0
4,827,16773929,69,2245,7899,0,0
13,828,16773969,309,17,76,0,0
37,829,16783941,2359,-146,-393,16207,0
4,828,16793940,88,2311,7830,0,0
13,829,16793980,349,22,83,0,0
37,830,16804086,2389,-146,-386,16203,0
4,829,16814151,92,2319,7847,0,0
13,830,16814191,368,15,57,0,0
37,831,16824250,2422,-147,-380,16198,0
4,830,16834272,87,2395,7752,0,0
13,831,16834312,336,16,60,0,0
37,832,16844241,2446,-147,-375,16195,0
L,16847876,VALID,-18.014,-0.202,1
4,831,16854395,87,2378,7833,0,0
13,832,16854435,243,9,51,0,0
37,833,16864468,2467,-147,-371,16192,0
4,832,16874520,98,2410,7779,0,0
13,833,16874560,231,15,41,0,0
37,834,16884466,2486,-147,-367,16189,0
4,833,16894649,111,2405,7806,0,0
13,834,16894689,212,10,16,0,0
37,835,16904741,2504,-146,-367,16186,0
4,834,16914693,86,2463,7767,0,0
13,835,16914733,202,7,-2,0,0
37,836,16924850,2520,-146,-367,16184,0
4,835,16934873,77,2482,7762,0,0
13,836,16934912,136,1,-5,0,0
37,837,16944929,2529,-146,-367,16182,0
L,16948573,VALID,-18.601,-0.191,1
4,836,16955005,89,2464,7797,0,0
13,837,16955044,113,2,0,0,0
37,838,16965014,2539,-146,-367,16181,0
4,837,16975104,78,2480,7786,0,0
13,838,16975171,104,2,-3,0,0
37,839,16985223,2549,-146,-367,16179,0
4,838,16995295,86,2483,7779,0,0
13,839,16995335,127,2,-2,0,0
37,840,17005222,2560,-146,-368,16177,0
4,839,17015439,76,2477,7784,0,0
13,840,17015479,145,1,-1,0,0
37,841,17025436,2573,-146,-367,16175,0
4,840,17035526,84,2495,7762,0,0
13,841,17035566,146,2,-2,0,0
37,842,17045512,2585,-146,-368,16173,0
L,17049140,VALID,-18.998,-0.181,1
4,841,17055537,86,2506,7783,0,0
13,842,17055576,135,-1,-2,0,0
37,843,17065753,2597,-147,-368,16171,0
4,842,17075724,93,2502,7787,0,0
13,843,17075764,156,1,-4,0,0
37,844,17085641,2612,-147,-368,16169,0
4,843,17095912,67,2551,7732,0,0
13,844,17095952,182,0,-3,0,0
37,845,17105831,2627,-148,-368,16167,0
4,844,17115991,81,2564,7735,0,0
13,845,17116030,118,-11,0,0,0
37,846,17125979,2635,-149,-368,16165,0
4,845,17136157,93,2546,7772,0,0
13,846,17136197,130,-5,0,0,0
37,847,17146261,2649,-149,-368,16163,0
L,17149889,VALID,-19.451,-0.193,1
4,846,17156216,75,2566,7753,0,0
13,847,17156256,170,-1,-5,0,0
37,848,17166183,2665,-150,-368,16160,0
4,847,17176410,85,2623,7727,0,0
13,848,17176450,203,1,-2,0,0
37,849,17186346,2681,-150,-369,16158,0
4,848,17196419,83,2591,7764,0,0
13,849,17196458,169,-5,-4,0,0
37,850,17206449,2698,-151,-369,16155,0
4,849,17216528,89,2613,7740,0,0
13,850,17216568,223,-5,-6,0,0
37,851,17226701,2718,-152,-369,16151,0
4,850,17236713,92,2657,7698,0,0
13,851,17236753,211,-2,-6,0,0
37,852,17246701,2734,-152,-370,16149,0
L,17250351,VALID,-20.054,-0.198,1
4,851,17256803,83,2688,7689,0,0
13,852,17256843,128,-4,-10,0,0
37,853,17266923,2740,-153,-371,16148,0
4,852,17276903,88,2685,7689,0,0
13,853,17276942,31,-18,-6,0,0
37,854,17286913,2740,-155,-371,16148,0
4,853,17297056,95,2624,7764,0,0
13,854,17297096,39,-13,3,0,0
37,855,17307162,2748,-155,-371,16146,0
4,854,17317218,85,2665,7711,0,0
13,855,17317258,124,2,0,0,0
37,856,17327238,2759,-156,-371,16144,0
4,855,17337311,86,2692,7714,0,0
13,856,17337351,100,-3,3,0,0
37,857,17347439,2767,-156,-371,16143,0
L,17351056,VALID,-20.289,-0.220,1
4,856,17357454,95,2660,7727,0,0
13,857,17357494,140,1,-4,0,0
37,858,17367483,2783,-156,-372,16140,0
4,857,17377621,92,2713,7697,0,0
13,858,17377661,179,0,-23,0,0
37,859,17387687,2797,-156,-374,16138,0
4,858,17397734,75,2726,7690,0,0
13,859,17397774,156,-5,-22,0,0
37,860,17407790,2811,-156,-375,16135,0
4,859,17417811,74,2750,7671,0,0
13,860,17417850,145,-8,-2,0,0
37,861,17427919,2821,-158,-375,16134,0
4,860,17437940,86,2750,7664,0,0
13,861,17437980,74,-15,7,0,0
37,862,17447918,2825,-159,-374,16133,0
L,17451545,VALID,-20.701,-0.228,1
4,861,17458280,103,2695,7732,0,0
13,862,17458320,82,-6,15,0,0
37,863,17468241,2836,-160,-373,16131,0
4,862,17478260,91,2758,7654,0,0
13,863,17478300,128,0,-5,0,0
37,864,17488230,2845,-160,-374,16129,0
4,863,17498326,89,2754,7702,0,0
13,864,17498366,100,2,-8,0,0
37,865,17508399,2855,-160,-374,16128,0
4,864,17518473,93,2769,7664,0,0
13,865,17518513,128,0,-5,0,0
37,866,17528477,2866,-160,-375,16126,0
4,865,17538575,94,2776,7688,0,0
13,866,17538615,130,-8,-2,0,0
37,867,17548666,2878,-161,-375,16123,0
L,17552276,VALID,-21.079,-0.232,1
4,866,17558630,93,2775,7672,0,0
13,867,17558670,199,2,-5,0,0
37,868,17568751,2897,-161,-375,16120,0
4,867,17578867,83,2801,7690,0,0
13,868,17578907,201,0,-4,0,0
37,869,17588898,2917,-161,-375,16116,0
4,868,17598945,98,2856,7614,0,0
13,869,17599012,232,-1,-5,0,0
37,870,17609047,2933,-162,-377,16113,0
4,869,17619102,99,2818,7659,0,0
13,870,17619142,197,-10,-32,0,0
37,871,17629157,2952,-163,-381,16110,0
4,870,17639264,87,2860,7646,0,0
13,871,17639303,199,-25,-64,0,0
37,872,17649251,2969,-165,-387,16107,0
L,17652860,VALID,-21.725,-0.231,1
4,871,17659421,84,2889,7631,0,0
13,872,17659461,210,-26,-57,0,0
37,873,17669364,2987,-166,-391,16103,0
4,872,17679588,77,2933,7586,0,0
13,873,17679627,163,-9,-12,0,0
37,874,17689433,2996,-167,-391,16101,0
4,873,17699572,100,2903,7618,0,0
13,874,17699612,79,-10,-16,0,0
37,875,17709733,3003,-168,-394,16100,0
4,874,17719658,92,2883,7662,0,0
13,875,17719698,120,-13,-44,0,0
37,876,17729733,3016,-168,-398,16098,0
4,875,17739943,78,2935,7616,0,0
13,876,17739982,160,-13,-46,0,0
37,877,17750034,3031,-169,-401,16095,0
L,17753652,VALID,-22.168,-0.230,1
4,876,17760101,81,2946,7590,0,0
13,877,17760141,180,2,-8,0,0
37,878,17769980,3046,-169,-400,16092,0
4,877,17780158,91,2966,7588,0,0
13,878,17780198,114,0,7,0,0
37,879,17790217,3053,-169,-400,16091,0
4,878,17800364,98,2948,7603,0,0
13,879,17800404,105,2,0,0,0
37,880,17810315,3062,-169,-400,16089,0
4,879,17820433,88,2956,7596,0,0
13,880,17820472,121,0,-2,0,0
37,881,17830506,3073,-170,-400,16087,0
4,880,17840604,85,2998,7582,0,0
13,881,17840670,72,-17,-19,0,0
37,882,17850532,3076,-172,-403,16086,0
L,17854175,VALID,-22.489,-0.241,1
4,881,17860704,90,2984,7594,0,0
13,882,17860744,60,-30,-33,0,0
37,883,17870817,3081,-174,-406,16085,0
4,882,17880837,88,2992,7570,0,0
13,883,17880876,38,-21,-8,0,0
37,884,17890824,3083,-175,-406,16085,0
4,883,17901001,99,2984,7589,0,0
13,884,17901040,13,-10,-2,0,0
37,885,17911006,3083,-176,-407,16085,0
4,884,17921059,91,3014,7565,0,0
13,885,17921098,-29,-5,-4,0,0
37,886,17931030,3078,-176,-407,16086,0
4,885,17941180,89,2994,7590,0,0
13,886,17941219,-44,-4,1,0,0
37,887,17951228,3073,-176,-407,16086,0
L,17954890,VALID,-22.469,-0.264,1
4,886,17961296,103,2978,7595,0,0
13,887,17961335,-63,-4,4,0,0
37,888,17971280,3067,-176,-407,16088,0
4,887,17981492,97,2958,7616,0,0
13,888,17981531,-46,-2,-3,0,0
37,889,17991557,3064,-177,-407,16088,0
4,888,18001575,107,2954,7622,0,0
13,889,18001615,-2,0,-8,0,0
37,890,18011632,3065,-176,-408,16088,0
4,889,18021689,95,2941,7617,0,0
13,890,18021729,55,4,-13,0,0
37,891,18031821,3072,-176,-409,16087,0
4,890,18041834,102,2959,7605,0,0
13,891,18041874,109,8,-16,0,0
37,892,18051848,3083,-175,-411,16085,0
L,18055456,VALID,-22.539,-0.250,1
4,891,18062112,79,3024,7548,0,0
13,892,18062152,88,-1,-14,0,0
37,893,18072020,3086,-176,-411,16084,0
4,892,18081953,81,3001,7587,0,0
13,893,18081993,-16,-14,5,0,0
37,894,18092035,3084,-177,-411,16084,0
4,893,18102169,98,3015,7555,0,0
13,894,18102209,-46,-10,5,0,0
37,895,18112279,3077,-178,-411,16086,0
4,894,18122289,103,2941,7644,0,0
13,895,18122329,-52,-4,-3,0,0
37,896,18132311,3077,-177,-412,16086,0
4,895,18142445,94,2958,7608,0,0
13,896,18142485,60,0,-16,0,0
37,897,18152430,3084,-177,-414,16084,0
L,18156066,VALID,-22.548,-0.259,1
4,896,18162463,85,2979,7599,0,0
13,897,18162503,81,-2,-22,0,0
37,898,18172576,3092,-177,-416,16083,0
4,897,18182682,91,2987,7588,0,0
13,898,18182722,114,1,-23,0,0
37,899,18192697,3103,-177,-417,16081,0
4,898,18202761,101,3021,7585,0,0
13,899,18202801,125,-3,-15,0,0
37,900,18212819,3114,-178,-418,16078,0
4,899,18222978,100,3035,7598,0,0
13,900,18223018,136,-1,-17,0,0
37,901,18232924,3127,-178,-420,16076,0
4,900,18243061,85,3065,7567,0,0
13,901,18243100,144,-5,-21,0,0
37,902,18253065,3137,-178,-421,16074,0
L,18256676,VALID,-22.925,-0.248,1
4,901,18263123,91,3051,7597,0,0
13,902,18263162,112,-5,-9,0,0
37,903,18273297,3148,-179,-423,16072,0
4,902,18283243,88,3061,7593,0,0
13,903,18283282,147,-10,-21,0,0
37,904,18293239,3164,-180,-424,16068,0
4,903,18303336,86,3095,7586,0,0
13,904,18303375,219,-7,-10,0,0
37,905,18313392,3186,-181,-425,16064,0
4,904,18323405,100,3115,7575,0,0
13,905,18323444,270,-7,-9,0,0
37,906,18333505,3211,-182,-425,16059,0
4,905,18343560,94,3122,7564,0,0
13,906,18343599,318,4,-6,0,0
37,907,18353729,3240,-182,-425,16053,0
L,18357347,VALID,-23.661,-0.252,1
4,906,18363737,87,3171,7542,0,0
13,907,18363777,330,0,-10,0,0
37,908,18373721,3268,-182,-427,16047,0
4,907,18383851,83,3179,7559,0,0
13,908,18383890,333,-8,-13,0,0
37,909,18393892,3301,-184,-428,16041,0
4,908,18403931,79,3202,7547,0,0
13,909,18403971,444,-4,-8,0,0
37,910,18413899,3342,-185,-426,16032,0
4,909,18424076,90,3240,7494,0,0
13,910,18424115,516,20,22,0,0
37,911,18434208,3387,-185,-424,16023,0
4,910,18444143,98,3314,7466,0,0
13,911,18444183,494,6,1,0,0
37,912,18454327,3429,-185,-424,16014,0
L,18457991,VALID,-25.011,-0.241,1
4,911,18464354,87,3380,7415,0,0
13,912,18464394,431,1,-4,0,0
37,913,18474371,3462,-186,-424,16007,0
4,912,18484497,99,3440,7345,0,0
13,913,18484537,304,0,-2,0,0
37,914,18494477,3480,-186,-424,16003,0
4,913,18504616,87,3416,7416,0,0
13,914,18504656,121,2,0,0,0
37,915,18514690,3488,-186,-423,16001,0
4,914,18524770,80,3441,7373,0,0
13,915,18524810,56,4,9,0,0
37,916,18534663,3488,-186,-422,16001,0
4,915,18544910,96,3408,7418,0,0
13,916,18544949,-54,-1,12,0,0
37,917,18554914,3481,-186,-421,16003,0
L,18558549,VALID,-25.382,-0.243,1
4,916,18564998,87,3394,7438,0,0
13,917,18565037,-51,6,8,0,0
37,918,18575024,3477,-185,-419,16004,0
4,917,18585011,78,3389,7434,0,0
13,918,18585051,-55,16,38,0,0
37,919,18595311,3472,-185,-417,16005,0
4,918,18605281,96,3402,7413,0,0
13,919,18605321,-111,-7,13,0,0
37,920,18615182,3458,-185,-416,16008,0
4,919,18625425,98,3321,7493,0,0
13,920,18625464,-123,2,3,0,0
37,921,18635446,3452,-185,-416,16009,0
4,920,18645503,96,3349,7440,0,0
13,921,18645543,-43,7,-9,0,0
37,922,18655497,3447,-184,-418,16010,0
L,18659125,VALID,-25.139,-0.239,1
4,921,18665659,96,3347,7453,0,0
13,922,18665699,-91,-6,-12,0,0
37,923,18675808,3439,-184,-419,16012,0
4,922,18685786,87,3313,7487,0,0
13,923,18685826,-58,-4,-5,0,0
37,924,18695756,3436,-184,-419,16013,0
4,923,18706001,94,3353,7449,0,0
13,924,18706068,-16,2,-1,0,0
37,925,18715885,3433,-184,-419,16013,0
4,924,18726018,106,3322,7490,0,0
13,925,18726058,-10,4,-2,0,0
37,926,18736042,3435,-184,-419,16013,0
4,925,18746147,90,3340,7457,0,0
13,926,18746187,47,6,-6,0,0
37,927,18756262,3440,-183,-420,16012,0
L,18759865,VALID,-25.088,-0.231,1
4,926,18766287,72,3435,7376,0,0
13,927,18766327,-4,-4,-11,0,0
37,928,18776281,3432,-184,-421,16013,0
4,927,18786311,85,3339,7480,0,0
13,928,18786350,-128,-16,0,0,0
37,929,18796470,3422,-185,-421,16015,0
4,928,18806498,98,3281,7521,0,0
13,929,18806538,-54,-5,3,0,0
37,930,18816477,3423,-185,-421,16015,0
4,929,18826626,104,3309,7499,0,0
13,930,18826666,82,5,-6,0,0
37,931,18836735,3434,-184,-422,16013,0
4,930,18846853,86,3377,7418,0,0
13,931,18846892,140,8,-14,0,0
37,932,18856842,3443,-184,-423,16011,0
L,18860449,VALID,-25.111,-0.233,1
4,931,18866925,77,3393,7417,0,0
13,932,18866964,19,-10,-10,0,0
37,933,18877012,3441,-185,-424,16011,0
4,932,18887032,410,3697,7192,0,0
13,933,18887071,-53,-4,-79,0,0
37,934,18897045,3396,-184,-473,16020,0
4,933,18907197,-284,2883,7648,0,0
13,934,18907236,-1276,-275,-558,0,0
37,935,18917335,3324,-195,-486,16034,0
4,934,18927360,131,3300,7632,0,0
13,935,18927399,201,-14,-55,0,0
37,936,18937383,3346,-194,-491,16029,0
4,935,18947402,89,3259,7480,0,0
13,936,18947442,-7,-4,-17,0,0
37,937,18957519,3347,-194,-492,16029,0
L,18961189,VALID,-24.430,-0.219,1
4,936,18967525,72,3283,7439,0,0
13,937,18967565,-7,-13,-19,0,0
37,938,18977543,3343,-195,-493,16030,0
4,937,18987884,94,3262,7547,0,0
13,938,18987923,-6,-7,2,0,0
37,939,18997871,3344,-196,-493,16030,0
4,938,19007875,92,3276,7472,0,0
13,939,19007914,6,-2,-1,0,0
37,940,19017818,3345,-196,-493,16030,0
4,939,19027927,78,3234,7537,0,0
13,940,19027966,51,2,0,0,0
37,941,19038024,3353,-196,-492,16028,0
4,940,19048072,87,3244,7504,0,0
13,941,19048111,143,7,6,0,0
37,942,19058093,3367,-195,-491,16025,0
L,19061738,VALID,-24.572,-0.223,1
4,941,19068195,84,3302,7455,0,0
13,942,19068235,181,8,7,0,0
37,943,19078299,3380,-195,-491,16022,0
4,942,19088244,89,3327,7448,0,0
13,943,19088283,55,5,-1,0,0
37,944,19098411,3381,-195,-491,16022,0
4,943,19108476,87,3281,7493,0,0
13,944,19108516,9,-2,3,0,0
37,945,19118549,3383,-196,-490,16022,0
4,944,19128606,86,3271,7501,0,0
13,945,19128646,75,0,18,0,0
37,946,19138634,3393,-195,-488,16020,0
4,945,19148693,79,3302,7497,0,0
13,946,19148732,141,17,37,0,0
37,947,19158782,3409,-194,-482,16016,0
L,19162426,VALID,-24.873,-0.221,1
4,946,19168815,76,3361,7441,0,0
13,947,19168854,198,46,83,0,0
37,948,19178824,3425,-191,-471,16013,0
4,947,19189034,83,3349,7464,0,0
13,948,19189074,195,74,136,0,0
37,949,19199015,3443,-188,-457,16010,0
4,948,19209260,61,3396,7420,0,0
13,949,19209299,181,80,164,0,0
37,950,19219050,3456,-182,-436,16008,0
4,949,19229267,63,3358,7459,0,0
13,950,19229307,149,145,323,0,0
37,951,19239464,3469,-176,-404,16006,0
4,950,19249364,93,3414,7375,0,0
13,951,19249404,80,125,267,0,0
37,952,19259400,3469,-173,-385,16006,0
L,19263027,VALID,-25.294,-0.209,1
4,951,19269579,94,3412,7390,0,0
13,952,19269619,-63,66,151,0,0
37,953,19279669,3459,-170,-373,16009,0
4,952,19289715,96,3351,7437,0,0
13,953,19289755,-142,37,111,0,0
37,954,19299565,3446,-169,-365,16012,0
4,953,19309755,96,3334,7477,0,0
13,954,19309795,-116,25,56,0,0
37,955,19319865,3437,-168,-362,16014,0
4,954,19329981,106,3329,7475,0,0
13,955,19330048,-84,6,9,0,0
37,956,19339942,3432,-168,-362,16015,0
4,955,19350111,91,3332,7466,0,0
13,956,19350151,-47,3,-4,0,0
37,957,19360124,3429,-167,-363,16016,0
L,19363741,VALID,-25.004,-0.207,1
4,956,19370203,76,3336,7462,0,0
13,957,19370242,-34,3,-5,0,0
37,958,19380174,3426,-167,-364,16016,0
4,957,19390264,76,3346,7465,0,0
13,958,19390304,-27,-2,-12,0,0
37,959,19400365,3424,-166,-364,16017,0
4,958,19410368,74,3338,7461,0,0
13,959,19410407,-15,0,0,0,0
37,960,19420399,3423,-166,-364,16017,0
4,959,19430555,91,3323,7469,0,0
13,960,19430594,-9,-4,2,0,0
37,961,19440621,3421,-167,-365,16017,0
4,960,19450668,99,3312,7493,0,0
13,961,19450707,0,-6,-25,0,0
37,962,19460681,3423,-167,-369,16017,0
L,19464317,VALID,-24.962,-0.199,1
4,961,19470836,81,3348,7443,0,0
13,962,19470876,36,-13,-44,0,0
37,963,19480874,3425,-167,-373,16016,0
4,962,19490928,77,3356,7451,0,0
13,963,19490968,-23,-18,-38,0,0
37,964,19500941,3421,-168,-375,16017,0
4,963,19511152,84,3334,7456,0,0
13,964,19511191,-84,-14,-26,0,0
37,965,19521157,3413,-168,-379,16019,0
4,964,19531201,75,3328,7467,0,0
13,965,19531241,-62,-14,-27,0,0
37,966,19541241,3408,-169,-380,16020,0
4,965,19551304,90,3336,7458,0,0
13,966,19551343,-73,-7,-7,0,0
37,967,19561499,3400,-170,-381,16021,0
L,19565152,VALID,-24.799,-0.206,1
4,966,19571515,106,3283,7508,0,0
13,967,19571555,-55,-5,-16,0,0
37,968,19581518,3399,-169,-384,16021,0
4,967,19591805,87,3314,7466,0,0
13,968,19591845,-3,-5,-40,0,0
37,969,19601716,3399,-169,-388,16021,0
4,968,19611676,84,3334,7457,0,0
13,969,19611716,-13,-15,-56,0,0
37,970,19621751,3396,-169,-393,16022,0
4,969,19631881,80,3302,7488,0,0
13,970,19631920,-33,-15,-35,0,0
37,971,19641973,3394,-170,-396,16022,0
4,970,19652025,82,3298,7479,0,0
13,971,19652065,-6,-15,-38,0,0
37,972,19661998,3395,-170,-399,16022,0
L,19665641,VALID,-24.764,-0.180,1
4,971,19672201,80,3316,7478,0,0
13,972,19672241,0,-8,-27,0,0
37,973,19682177,3395,-170,-401,16022,0
4,972,19692207,74,3316,7469,0,0
13,973,19692247,8,0,-11,0,0
37,974,19702331,3395,-170,-402,16022,0
4,973,19712501,82,3327,7472,0,0
13,974,19712541,-21,-8,-5,0,0
37,975,19722437,3392,-171,-402,16022,0
4,974,19732562,102,3306,7479,0,0
13,975,19732602,-33,0,-1,0,0
37,976,19742635,3390,-171,-402,16023,0
4,975,19752740,69,3315,7470,0,0
13,976,19752780,-18,-1,-1,0,0
37,977,19762745,3388,-170,-402,16023,0
L,19766372,VALID,-24.715,-0.177,1
4,976,19772795,85,3309,7463,0,0
13,977,19772835,-16,-3,3,0,0
37,978,19782874,3386,-171,-402,16024,0
4,977,19792894,97,3280,7507,0,0
13,978,19792934,3,0,0,0,0
37,979,19803061,3389,-171,-402,16023,0
4,978,19813059,84,3287,7480,0,0
13,979,19813099,35,7,-4,0,0
37,980,19823062,3393,-170,-402,16022,0
4,979,19833179,78,3327,7447,0,0
13,980,19833219,59,10,-2,0,0
37,981,19843218,3396,-169,-402,16022,0
4,980,19853299,79,3311,7459,0,0
13,981,19853339,-28,-6,3,0,0
37,982,19863418,3393,-170,-402,16022,0
L,19867026,VALID,-24.750,-0.176,1
4,981,19873488,89,3317,7461,0,0
13,982,19873528,-24,-6,3,0,0
37,983,19883587,3390,-171,-402,16023,0
4,982,19893594,82,3306,7478,0,0
13,983,19893633,-52,-5,-3,0,0
37,984,19903596,3384,-171,-403,16024,0
4,983,19913739,76,3280,7499,0,0
13,984,19913779,-49,-1,-2,0,0
37,985,19923743,3382,-170,-403,16025,0
4,984,19933849,75,3306,7470,0,0
13,985,19933889,-23,0,2,0,0
37,986,19943784,3379,-170,-403,16025,0
4,985,19953986,78,3309,7475,0,0
13,986,19954025,-46,2,2,0,0
37,987,19964148,3374,-170,-402,16026,0
L,19967783,VALID,-24.614,-0.179,1
4,986,19974060,89,3279,7498,0,0
13,987,19974127,-47,0,3,0,0
37,988,19984250,3372,-170,-402,16027,0
4,987,19994315,80,3287,7490,0,0
13,988,19994355,-4,0,0,0,0
37,989,20004301,3371,-169,-402,16027,0
4,988,20014391,85,3286,7480,0,0
13,989,20014431,-10,5,0,0,0
37,990,20024404,3370,-169,-402,16027,0
4,989,20034511,86,3327,7446,0,0
13,990,20034551,-34,7,2,0,0
37,991,20044603,3364,-169,-402,16028,0
4,990,20054709,83,3285,7469,0,0
13,991,20054749,-124,-5,17,0,0
37,992,20064560,3352,-169,-399,16031,0
L,20068176,VALID,-24.456,-0.180,1
4,991,20074841,92,3237,7521,0,0
13,992,20074880,-81,8,24,0,0
37,993,20084851,3348,-168,-398,16032,0
4,992,20094944,87,3266,7491,0,0
13,993,20094984,-53,8,13,0,0
37,994,20105000,3342,-168,-397,16033,0
4,993,20114986,92,3231,7539,0,0
13,994,20115026,-26,4,0,0,0
37,995,20125229,3344,-168,-397,16033,0
4,994,20135261,210,3258,7506,0,0
13,995,20135301,64,15,16,0,0
37,996,20145134,3351,-165,-393,16031,0
4,995,20155389,-31,3268,7468,0,0
13,996,20155429,68,15,37,0,0
37,997,20165351,3356,-166,-391,16030,0
L,20168951,VALID,-24.485,-0.171,1
4,996,20175426,59,3286,7489,0,0
13,997,20175466,32,10,15,0,0
37,998,20185436,3358,-165,-390,16030,0
4,997,20195629,72,3301,7463,0,0
13,998,20195669,17,7,6,0,0
37,999,20205816,3358,-165,-390,16030,0
4,998,20215779,85,3274,7494,0,0
13,999,20215819,-22,-6,0,0,0
37,1000,20225685,3355,-166,-390,16031,0
4,999,20235947,85,3272,7503,0,0
13,1000,20235986,-22,-3,0,0,0
37,1001,20245885,3353,-166,-389,16031,0
4,1000,20255991,88,3260,7484,0,0
13,1001,20256030,0,0,6,0,0
37,1002,20265995,3353,-166,-389,16031,0
L,20269700,VALID,-24.463,-0.174,1
4,1001,20276089,80,3282,7482,0,0
13,1002,20276128,7,1,3,0,0
37,1003,20286196,3353,-167,-389,16031,0
4,1002,20296171,81,3287,7483,0,0
13,1003,20296211,-28,-7,4,0,0
37,1004,20306192,3350,-168,-388,16032,0
4,1003,20316291,91,3270,7487,0,0
13,1004,20316331,-36,-8,1,0,0
37,1005,20326391,3347,-168,-389,16032,0
4,1004,20336446,70,3273,7499,0,0
13,1005,20336485,-20,-4,-2,0,0
37,1006,20346382,3346,-168,-389,16033,0
4,1005,20356603,79,3264,7500,0,0
13,1006,20356642,-7,-1,0,0,0
37,1007,20366709,3346,-168,-389,16032,0
L,20370406,VALID,-24.414,-0.189,1
4,1006,20376793,75,3276,7489,0,0
13,1007,20376833,16,0,2,0,0
37,1008,20386793,3347,-168,-389,16032,0
4,1007,20396816,88,3270,7503,0,0
13,1008,20396856,5,-5,5,0,0
37,1009,20406889,3347,-168,-388,16032,0
4,1008,20416946,87,3270,7485,0,0
13,1009,20416985,13,-2,4,0,0
37,1010,20426957,3349,-169,-388,16032,0
4,1009,20437108,90,3277,7478,0,0
13,1010,20437148,16,3,2,0,0
37,1011,20447216,3349,-169,-388,16032,0
4,1010,20457238,97,3252,7506,0,0
13,1011,20457278,-2,0,-3,0,0
37,1012,20467330,3350,-169,-388,16032,0
L,20471024,VALID,-24.441,-0.196,1
4,1011,20477363,86,3260,7506,0,0
13,1012,20477403,55,1,-3,0,0
37,1013,20487441,3357,-169,-388,16030,0
4,1012,20497471,79,3294,7471,0,0
13,1013,20497510,47,-3,0,0,0
37,1014,20507491,3359,-169,-388,16030,0
4,1013,20517746,81,3277,7510,0,0
13,1014,20517785,42,-2,2,0,0
37,1015,20527698,3365,-169,-388,16029,0
4,1014,20537735,83,3286,7490,0,0
13,1015,20537775,76,0,0,0,0
37,1016,20547713,3372,-170,-388,16027,0
4,1015,20557820,93,3260,7510,0,0
13,1016,20557860,123,6,1,0,0
37,1017,20567929,3386,-169,-387,16024,0
L,20571669,VALID,-24.699,-0.192,1
4,1016,20577954,79,3321,7469,0,0
13,1017,20577994,144,6,0,0,0
37,1018,20588006,3396,-169,-387,16022,0
4,1017,20598097,82,3291,7497,0,0
13,1018,20598137,144,3,0,0,0
37,1019,20608207,3411,-169,-387,16019,0
4,1018,20618185,76,3328,7463,0,0
13,1019,20618224,170,5,0,0,0
37,1020,20628299,3426,-169,-386,16016,0
4,1019,20638372,84,3356,7451,0,0
13,1020,20638412,180,10,6,0,0
37,1021,20648420,3441,-168,-385,16013,0
4,1020,20658440,83,3357,7440,0,0
13,1021,20658480,139,16,10,0,0
37,1022,20668514,3453,-167,-384,16010,0
L,20672235,VALID,-25.177,-0.172,1
4,1021,20678589,79,3415,7381,0,0
13,1022,20678629,105,7,17,0,0
37,1023,20688634,3456,-168,-382,16009,0
4,1022,20698715,92,3368,7459,0,0
13,1023,20698755,0,0,15,0,0
37,1024,20708718,3456,-168,-381,16009,0
4,1023,20718923,77,3352,7450,0,0
13,1024,20718962,33,9,16,0,0
37,1025,20728910,3461,-167,-379,16008,0
4,1024,20739102,84,3368,7457,0,0
13,1025,20739142,65,13,2,0,0
37,1026,20748962,3468,-166,-379,16007,0
4,1025,20759102,75,3409,7421,0,0
13,1026,20759142,71,10,-2,0,0
37,1027,20769288,3472,-165,-379,16006,0
L,20772993,VALID,-25.313,-0.163,1
4,1026,20779182,68,3391,7436,0,0
13,1027,20779222,15,5,7,0,0
37,1028,20789231,3472,-164,-378,16006,0
4,1027,20799427,68,3393,7422,0,0
13,1028,20799467,2,25,38,0,0
37,1029,20809494,3472,-163,-371,16006,0
4,1028,20819602,122,3391,7437,0,0
13,1029,20819641,-14,36,69,0,0
37,1030,20829461,3469,-162,-364,16007,0
4,1029,20839626,81,3389,7414,0,0
13,1030,20839693,-61,30,80,0,0
37,1031,20849728,3462,-160,-359,16008,0
4,1030,20859867,89,3368,7460,0,0
13,1031,20859907,-76,6,23,0,0
37,1032,20869820,3457,-161,-358,16010,0
L,20873525,VALID,-25.204,-0.169,1
4,1031,20879930,77,3354,7465,0,0
13,1032,20879969,-37,9,10,0,0
37,1033,20889958,3455,-159,-358,16010,0
4,1032,20900065,53,3361,7450,0,0
13,1033,20900105,-19,-8,-11,0,0
37,1034,20909994,3453,-160,-359,16011,0
4,1033,20920132,78,3379,7459,0,0
13,1034,20920172,-3,-6,-11,0,0
37,1035,20930199,3453,-160,-360,16010,0
4,1034,20940263,85,3363,7441,0,0
13,1035,20940302,11,2,-7,0,0
37,1036,20950250,3455,-159,-361,16010,0
4,1035,20960434,68,3369,7428,0,0
13,1036,20960500,25,4,-2,0,0
37,1037,20970483,3457,-159,-360,16010,0
L,20974178,VALID,-25.204,-0.153,1
4,1036,20980526,77,3391,7421,0,0
13,1037,20980566,-30,0,3,0,0
37,1038,20990518,3451,-159,-360,16011,0
4,1037,21000657,77,3343,7463,0,0
13,1038,21000697,-49,-1,3,0,0
37,1039,21010696,3448,-158,-360,16012,0
4,1038,21020743,68,3368,7431,0,0
13,1039,21020782,-27,1,6,0,0
37,1040,21030782,3445,-158,-359,16012,0
4,1039,21040924,87,3360,7458,0,0
13,1040,21040963,-43,2,11,0,0
37,1041,21050946,3441,-159,-358,16013,0
4,1040,21061010,84,3346,7468,0,0
13,1041,21061050,-36,-1,7,0,0
37,1042,21071075,3438,-159,-358,16014,0
L,21074814,VALID,-25.068,-0.158,1
4,1041,21081151,83,3342,7463,0,0
13,1042,21081190,-7,-2,0,0,0
37,1043,21091361,3438,-159,-358,16014,0
4,1042,21101349,78,3355,7463,0,0
13,1043,21101389,16,1,-2,0,0
37,1044,21111360,3441,-159,-358,16013,0
4,1043,21121588,88,3358,7441,0,0
13,1044,21121628,22,2,4,0,0
37,1045,21131504,3442,-159,-358,16013,0
4,1044,21141499,86,3368,7442,0,0
13,1045,21141539,11,-1,1,0,0
37,1046,21151538,3443,-160,-357,16013,0
4,1045,21161645,98,3367,7451,0,0
13,1046,21161684,5,0,0,0,0
37,1047,21171743,3444,-160,-357,16013,0
L,21175485,VALID,-25.110,-0.166,1
4,1046,21181770,89,3365,7430,0,0
13,1047,21181809,-17,-3,0,0,0
37,1048,21191797,3441,-160,-357,16013,0
4,1047,21201963,86,3368,7448,0,0
13,1048,21202003,-47,-3,0,0,0
37,1049,21211952,3435,-161,-357,16014,0
4,1048,21221971,80,3334,7469,0,0
13,1049,21222038,-41,-2,3,0,0
37,1050,21232109,3433,-160,-357,16015,0
4,1049,21242240,80,3346,7465,0,0
13,1050,21242280,-3,-4,2,0,0
37,1051,21252226,3434,-161,-357,16015,0
4,1050,21262289,81,3338,7467,0,0
13,1051,21262329,25,0,2,0,0
37,1052,21272354,3437,-161,-357,16014,0
L,21276060,VALID,-25.061,-0.174,1
4,1051,21282483,85,3359,7444,0,0
13,1052,21282523,46,3,1,0,0
37,1053,21292457,3441,-161,-357,16013,0
4,1052,21302523,83,3384,7420,0,0
13,1053,21302563,8,-1,0,0,0
37,1054,21312586,3439,-161,-357,16014,0
4,1053,21322616,86,3354,7451,0,0
13,1054,21322656,-28,-5,0,0,0
37,1055,21332848,3437,-161,-357,16014,0
4,1054,21342764,80,3366,7430,0,0
13,1055,21342830,-21,-5,0,0,0
37,1056,21352795,3434,-162,-357,16015,0
4,1055,21362911,88,3354,7466,0,0
13,1056,21362951,-55,-4,1,0,0
37,1057,21372974,3430,-162,-357,16016,0
L,21376661,VALID,-25.011,-0.181,1
4,1056,21383006,93,3326,7480,0,0
13,1057,21383046,-7,5,-3,0,0
37,1058,21393093,3432,-162,-357,16015,0
4,1057,21403140,87,3345,7456,0,0
13,1058,21403179,44,6,-6,0,0
37,1059,21413240,3435,-161,-358,16014,0
4,1058,21423253,83,3356,7457,0,0
13,1059,21423292,30,2,-4,0,0
37,1060,21433274,3438,-161,-358,16014,0
4,1059,21443425,82,3351,7470,0,0
13,1060,21443464,31,-3,-1,0,0
37,1061,21453438,3441,-162,-358,16013,0
4,1060,21463545,85,3352,7445,0,0
13,1061,21463613,48,1,1,0,0
37,1062,21473488,3445,-161,-358,16012,0
L,21477202,VALID,-25.119,-0.171,1
4,1061,21483670,75,3378,7422,0,0
13,1062,21483709,16,0,0,0,0
37,1063,21493798,3444,-161,-358,16012,0
4,1062,21503735,78,3362,7458,0,0
13,1063,21503774,-16,0,1,0,0
37,1064,21513868,3443,-161,-358,16013,0
4,1063,21523924,70,3364,7461,0,0
13,1064,21523963,-26,-3,5,0,0
37,1065,21533936,3440,-161,-357,16013,0
4,1064,21544001,81,3339,7464,0,0
13,1065,21544040,-14,0,0,0,0
37,1066,21554056,3440,-161,-358,16013,0
4,1065,21564120,78,3352,7453,0,0
13,1066,21564160,18,1,0,0,0
37,1067,21574245,3442,-161,-357,16013,0
L,21577994,VALID,-25.097,-0.173,1
4,1066,21584322,94,3362,7436,0,0
13,1067,21584389,18,0,3,0,0
37,1068,21594202,3443,-162,-357,16013,0
4,1067,21604497,93,3353,7460,0,0
13,1068,21604537,22,1,-1,0,0
37,1069,21614522,3446,-161,-357,16012,0
4,1068,21624577,86,3372,7431,0,0
13,1069,21624616,8,0,-4,0,0
37,1070,21634607,3446,-161,-358,16012,0
4,1069,21644584,77,3376,7445,0,0
13,1070,21644624,-10,-2,-1,0,0
37,1071,21654822,3443,-161,-358,16013,0
4,1070,21664801,82,3349,7471,0,0
13,1071,21664840,-22,-1,2,0,0
37,1072,21674692,3442,-161,-358,16013,0
L,21678422,VALID,-25.097,-0.171,1
4,1071,21684914,83,3363,7461,0,0
13,1072,21684954,-2,0,1,0,0
37,1073,21694915,3442,-161,-358,16013,0
4,1072,21705013,74,3362,7443,0,0
13,1073,21705053,-4,0,2,0,0
37,1074,21715017,3441,-161,-357,16013,0
4,1073,21725238,81,3369,7461,0,0
13,1074,21725277,-18,2,1,0,0
37,1075,21735346,3440,-161,-357,16013,0
4,1074,21745324,84,3359,7456,0,0
13,1075,21745364,-17,2,-3,0,0
37,1076,21755259,3439,-160,-358,16014,0
4,1075,21765463,73,3359,7457,0,0
13,1076,21765503,-9,0,-5,0,0
37,1077,21775380,3438,-160,-358,16014,0
L,21779101,VALID,-25.068,-0.165,1
4,1076,21785481,76,3381,7417,0,0
13,1077,21785520,-30,-5,5,0,0
37,1078,21795490,3432,-161,-358,16015,0
4,1077,21805599,95,3346,7468,0,0
13,1078,21805638,-74,-6,6,0,0
37,1079,21815698,3427,-161,-357,16016,0
4,1078,21825693,99,3324,7489,0,0
13,1079,21825733,-33,-3,2,0,0
37,1080,21835714,3426,-162,-357,16016,0
4,1079,21845777,81,3339,7461,0,0
13,1080,21845844,20,1,0,0,0
37,1081,21855955,3429,-161,-357,16016,0
4,1080,21865967,77,3368,7442,0,0
13,1081,21866007,20,2,-1,0,0
37,1082,21875905,3429,-161,-357,16016,0
L,21879641,VALID,-25.004,-0.175,1
4,1081,21886089,72,3357,7444,0,0
13,1082,21886129,-12,-4,0,0,0
37,1083,21896178,3428,-161,-357,16016,0
4,1082,21906217,76,3355,7434,0,0
13,1083,21906257,-51,-4,2,0,0
37,1084,21916248,3421,-162,-357,16017,0
4,1083,21926345,90,3328,7474,0,0
13,1084,21926385,-55,-4,1,0,0
37,1085,21936402,3418,-162,-357,16018,0
4,1084,21946415,89,3334,7475,0,0
13,1085,21946454,-22,3,1,0,0
37,1086,21956427,3417,-161,-357,16018,0
4,1085,21966596,78,3325,7479,0,0
13,1086,21966636,13,7,0,0,0
37,1087,21976730,3420,-161,-357,16018,0
L,21980434,VALID,-24.939,-0.176,1
4,1086,21986726,89,3340,7457,0,0
13,1087,21986766,37,5,1,0,0
37,1088,21996761,3423,-161,-357,16017,0
4,1087,22006784,84,3345,7447,0,0
13,1088,22006823,15,3,2,0,0
37,1089,22016881,3423,-161,-356,16017,0
4,1088,22026861,91,3348,7482,0,0
13,1089,22026900,8,1,2,0,0
37,1090,22036879,3425,-161,-356,16017,0
4,1089,22047150,82,3362,7428,0,0
13,1090,22047190,7,2,0,0,0
37,1091,22057122,3423,-161,-356,16017,0
4,1090,22067178,90,3345,7459,0,0
13,1091,22067218,-46,-1,7,0,0
37,1092,22077106,3419,-161,-355,16018,0
L,22080861,VALID,-24.932,-0.179,1
4,1091,22087224,79,3320,7468,0,0
13,1092,22087291,-36,1,9,0,0
37,1093,22097374,3417,-161,-355,16018,0
4,1092,22107378,90,3327,7478,0,0
13,1093,22107417,11,10,3,0,0
37,1094,22117389,3419,-159,-354,16018,0
4,1093,22127496,73,3335,7469,0,0
13,1094,22127536,27,13,7,0,0
37,1095,22137551,3422,-158,-353,16017,0
4,1094,22147504,81,3334,7470,0,0
13,1095,22147544,48,15,13,0,0
37,1096,22157637,3427,-158,-351,16016,0
4,1095,22167693,82,3355,7440,0,0
13,1096,22167733,60,12,6,0,0
37,1097,22177757,3431,-157,-351,16015,0
L,22181480,VALID,-25.018,-0.156,1
4,1096,22187816,69,3374,7417,0,0
13,1097,22187856,13,-2,-4,0,0
37,1098,22197861,3430,-158,-352,16016,0
4,1097,22207917,83,3369,7450,0,0
13,1098,22207956,-53,-10,5,0,0
37,1099,22218008,3424,-158,-351,16017,0
4,1098,22228065,82,3334,7467,0,0
13,1099,22228104,-51,-4,7,0,0
37,1100,22238044,3421,-158,-351,16018,0
4,1099,22248260,84,3325,7448,0,0
13,1100,22248300,-32,2,1,0,0
37,1101,22258212,3418,-158,-351,16018,0
4,1100,22268380,84,3331,7466,0,0
13,1101,22268419,-16,-1,-1,0,0
37,1102,22278240,3418,-158,-351,16018,0
L,22281968,VALID,-24.925,-0.165,1
4,1101,22288391,74,3336,7476,0,0
13,1102,22288431,10,1,-5,0,0
37,1103,22298530,3418,-158,-352,16018,0
4,1102,22308465,80,3349,7453,0,0
13,1103,22308505,-9,-3,-9,0,0
37,1104,22318479,3417,-158,-353,16019,0
4,1103,22328688,72,3344,7459,0,0
13,1104,22328755,-27,-4,-2,0,0
37,1105,22338792,3414,-158,-352,16019,0
4,1104,22348888,93,3333,7463,0,0
13,1105,22348928,-26,-2,3,0,0
37,1106,22358721,3412,-158,-352,16020,0
4,1105,22368877,83,3334,7482,0,0
13,1106,22368917,-8,0,-1,0,0
37,1107,22378987,3412,-159,-353,16020,0
L,22382734,VALID,-24.881,-0.169,1
4,1106,22389097,85,3351,7458,0,0
13,1107,22389137,-12,-1,-2,0,0
37,1108,22399038,3410,-158,-352,16020,0
4,1107,22409162,83,3332,7454,0,0
13,1108,22409202,-36,1,2,0,0
37,1109,22419183,3406,-158,-352,16021,0
4,1108,22429257,87,3303,7491,0,0
13,1109,22429297,-17,4,-1,0,0
37,1110,22439193,3407,-158,-352,16021,0
4,1109,22449350,83,3317,7473,0,0
13,1110,22449390,32,8,-1,0,0
37,1111,22459451,3411,-157,-352,16020,0
4,1110,22469455,73,3352,7449,0,0
13,1111,22469495,26,1,0,0,0
37,1112,22479476,3412,-157,-353,16019,0
L,22483171,VALID,-24.882,-0.156,1
4,1111,22489631,81,3336,7476,0,0
13,1112,22489671,6,-4,0,0,0
37,1113,22499690,3413,-157,-353,16019,0
4,1112,22509732,71,3342,7473,0,0
13,1113,22509771,15,-3,1,0,0
37,1114,22519689,3414,-158,-352,16019,0
4,1113,22529797,85,3342,7439,0,0
13,1114,22529836,15,0,2,0,0
37,1115,22539860,3414,-158,-352,16019,0
4,1114,22549907,82,3323,7475,0,0
13,1115,22549947,-13,-4,-2,0,0
37,1116,22559914,3413,-158,-353,16019,0
4,1115,22570124,79,3324,7471,0,0
13,1116,22570163,9,-3,-3,0,0
37,1117,22580120,3415,-158,-353,16019,0
L,22583868,VALID,-24.903,-0.162,1
4,1116,22590118,70,3361,7450,0,0
13,1117,22590185,5,-3,-6,0,0
37,1118,22600241,3415,-158,-353,16019,0
4,1117,22610250,84,3345,7465,0,0
13,1118,22610290,-20,-4,4,0,0
37,1119,22620438,3412,-159,-353,16019,0
4,1118,22630425,89,3322,7475,0,0
13,1119,22630464,-8,-1,2,0,0
37,1120,22640376,3412,-159,-353,16019,0
4,1119,22650622,85,3327,7478,0,0
13,1120,22650661,18,3,-1,0,0
37,1121,22660540,3415,-159,-353,16019,0
4,1120,22670509,79,3339,7468,0,0
13,1121,22670549,41,3,-1,0,0
37,1122,22680555,3418,-158,-353,16018,0
L,22684286,VALID,-24.925,-0.162,1
4,1121,22690684,77,3337,7472,0,0
13,1122,22690723,29,1,-3,0,0
37,1123,22700754,3421,-158,-354,16017,0
4,1122,22710809,72,3344,7444,0,0
13,1123,22710876,39,0,-1,0,0
37,1124,22720796,3425,-158,-354,16017,0
4,1123,22731008,79,3368,7424,0,0
13,1124,22731048,0,0,0,0,0
37,1125,22740976,3422,-158,-354,16017,0
4,1124,22750989,80,3345,7462,0,0
13,1125,22751029,-48,-2,0,0,0
37,1126,22761098,3418,-158,-354,16018,0
4,1125,22771214,81,3344,7471,0,0
13,1126,22771253,-22,-8,6,0,0
37,1127,22781175,3417,-159,-353,16018,0
L,22784896,VALID,-24.918,-0.169,1
4,1126,22791251,80,3334,7456,0,0
13,1127,22791290,-15,2,5,0,0
37,1128,22801320,3415,-159,-353,16019,0
4,1127,22811420,84,3311,7494,0,0
13,1128,22811459,6,0,-1,0,0
37,1129,22821423,3419,-158,-353,16018,0
4,1128,22831479,83,3333,7462,0,0
13,1129,22831518,67,4,0,0,0
37,1130,22841578,3426,-158,-353,16016,0
4,1129,22851591,85,3359,7441,0,0
13,1130,22851630,62,3,-1,0,0
37,1131,22861776,3429,-158,-353,16016,0
4,1130,22871755,95,3363,7428,0,0
13,1131,22871795,18,3,-2,0,0
37,1132,22881749,3429,-158,-353,16016,0
L,22885483,VALID,-25.003,-0.160,1
4,1131,22891886,79,3336,7475,0,0
13,1132,22891926,-15,3,-1,0,0
37,1133,22901862,3429,-158,-353,16016,0
4,1132,22911925,71,3355,7454,0,0
13,1133,22911965,-8,-3,0,0,0
37,1134,22922032,3427,-158,-353,16016,0
4,1133,22932097,89,3339,7468,0,0
13,1134,22932137,-4,-3,3,0,0
37,1135,22942188,3427,-158,-353,16016,0
4,1134,22952201,90,3351,7450,0,0
13,1135,22952241,8,4,-1,0,0
37,1136,22962239,3428,-158,-353,16016,0
4,1135,22972375,87,3347,7455,0,0
13,1136,22972414,10,6,-1,0,0
37,1137,22982388,3430,-158,-353,16016,0
L,22986125,VALID,-25.010,-0.160,1
4,1136,22992504,73,3359,7449,0,0
13,1137,22992543,0,6,0,0,0
37,1138,23002427,3428,-157,-353,16016,0
4,1137,23012606,78,3360,7443,0,0
13,1138,23012645,-38,0,-1,0,0
37,1139,23022704,3423,-158,-353,16017,0
4,1138,23032665,80,3341,7460,0,0
13,1139,23032705,-67,-11,0,0,0
37,1140,23042806,3417,-159,-353,16018,0
4,1139,23052862,90,3328,7482,0,0
13,1140,23052902,-55,-10,-7,0,0
37,1141,23062843,3414,-159,-355,16019,0
4,1140,23072914,83,3339,7468,0,0
13,1141,23072953,-24,-12,-18,0,0
37,1142,23082954,3412,-160,-357,16019,0
L,23086717,VALID,-24.883,-0.170,1
4,1141,23093064,84,3305,7498,0,0
13,1142,23093104,13,-7,-23,0,0
37,1143,23103180,3416,-160,-359,16018,0
4,1142,23113275,86,3334,7452,0,0
13,1143,23113315,32,-7,-30,0,0
37,1144,23123151,3417,-161,-362,16018,0
4,1143,23133362,88,3351,7458,0,0
13,1144,23133401,16,-18,-35,0,0
37,1145,23143410,3418,-162,-366,16018,0
4,1144,23153490,79,3364,7431,0,0
13,1145,23153530,-47,-19,-24,0,0
37,1146,23163522,3412,-163,-368,16019,0
4,1145,23173480,86,3324,7478,0,0
13,1146,23173520,-58,-12,-22,0,0
37,1147,23183762,3408,-163,-370,16020,0
L,23187492,VALID,-24.854,-0.172,1
4,1146,23193734,78,3322,7483,0,0
13,1147,23193774,-23,-12,-11,0,0
37,1148,23203598,3406,-164,-370,16020,0
4,1147,23213866,91,3323,7485,0,0
13,1148,23213906,4,0,-8,0,0
37,1149,23223848,3408,-164,-371,16020,0
4,1148,23233904,73,3328,7458,0,0
13,1149,23233944,10,-6,-12,0,0
37,1150,23243890,3408,-164,-372,16020,0
4,1149,23254056,82,3321,7485,0,0
13,1150,23254096,32,-5,-2,0,0
37,1151,23264216,3413,-164,-372,16019,0
4,1150,23274150,82,3337,7458,0,0
13,1151,23274190,32,1,1,0,0
37,1152,23284110,3415,-164,-372,16018,0
L,23287833,VALID,-24.905,-0.175,1
4,1151,23294351,90,3356,7445,0,0
13,1152,23294391,25,1,1,0,0
37,1153,23304275,3415,-165,-372,16018,0
4,1152,23314374,83,3318,7472,0,0
13,1153,23314413,-10,-4,4,0,0
37,1154,23324344,3416,-165,-371,16018,0
4,1153,23334484,85,3331,7480,0,0
13,1154,23334552,43,-3,6,0,0
37,1155,23344621,3421,-165,-371,16017,0
4,1154,23354641,85,3351,7443,0,0
13,1155,23354681,58,1,2,0,0
37,1156,23364629,3425,-166,-371,16016,0
4,1155,23374735,86,3344,7460,0,0
13,1156,23374775,21,2,0,0,0
37,1157,23384842,3428,-165,-371,16016,0
L,23388556,VALID,-24.997,-0.182,1
4,1156,23394884,86,3339,7458,0,0
13,1157,23394923,59,4,0,0,0
37,1158,23404816,3434,-165,-370,16014,0
4,1157,23415000,78,3377,7415,0,0
13,1158,23415040,57,3,7,0,0
37,1159,23425108,3437,-165,-370,16014,0
4,1158,23435174,79,3365,7436,0,0
13,1159,23435213,-2,-1,-1,0,0
37,1160,23445178,3436,-165,-370,16014,0
4,1159,23455233,77,3333,7475,0,0
13,1160,23455273,-1,-2,-3,0,0
37,1161,23465369,3438,-165,-370,16014,0
4,1160,23475381,85,3363,7452,0,0
13,1161,23475421,38,-1,1,0,0
37,1162,23485411,3441,-165,-370,16013,0
L,23489105,VALID,-25.091,-0.181,1
4,1161,23495562,86,3380,7417,0,0
13,1162,23495601,-14,-4,2,0,0
37,1163,23505625,3437,-166,-370,16014,0
4,1162,23515663,92,3334,7473,0,0
13,1163,23515703,-26,1,4,0,0
37,1164,23525701,3436,-166,-370,16014,0
4,1163,23535714,95,3355,7445,0,0
13,1164,23535754,-14,3,0,0,0
37,1165,23545830,3434,-166,-369,16014,0
4,1164,23555835,85,3345,7472,0,0
13,1165,23555874,-12,2,-1,0,0
37,1166,23565848,3433,-166,-370,16014,0
4,1165,23576146,88,3358,7438,0,0
13,1166,23576185,0,-1,1,0,0
37,1167,23586126,3433,-166,-370,16015,0
L,23589854,VALID,-25.033,-0.189,1
4,1166,23596132,82,3353,7471,0,0
13,1167,23596171,9,2,0,0,0
37,1168,23606097,3435,-165,-370,16014,0
4,1167,23616213,82,3356,7442,0,0
13,1168,23616252,7,0,-3,0,0
37,1169,23626310,3436,-165,-370,16014,0
4,1168,23636332,89,3353,7445,0,0
13,1169,23636372,22,3,-2,0,0
37,1170,23646379,3438,-165,-370,16013,0
4,1169,23656427,81,3382,7428,0,0
13,1170,23656467,4,4,3,0,0
37,1171,23666533,3436,-165,-369,16014,0
4,1170,23676513,67,3385,7429,0,0
13,1171,23676553,-65,-2,10,0,0
37,1172,23686621,3428,-165,-368,16016,0
L,23690395,VALID,-24.997,-0.186,1
4,1171,23696714,96,3318,7500,0,0
13,1172,23696754,-72,2,10,0,0
37,1173,23706802,3425,-165,-368,16016,0
4,1172,23716815,84,3320,7471,0,0
13,1173,23716854,9,9,1,0,0
37,1174,23726879,3427,-164,-368,16016,0
4,1173,23736943,78,3349,7471,0,0
13,1174,23736983,46,6,-5,0,0
37,1175,23747007,3431,-164,-368,16015,0
4,1174,23757079,77,3338,7461,0,0
13,1175,23757119,54,4,3,0,0
37,1176,23767039,3437,-164,-368,16014,0
4,1175,23777246,78,3349,7454,0,0
13,1176,23777286,67,1,0,0,0
37,1177,23787221,3443,-163,-367,16012,0
L,23790952,VALID,-25.106,-0.172,1
4,1176,23797393,78,3368,7438,0,0
13,1177,23797432,67,10,6,0,0
37,1178,23807256,3449,-162,-366,16011,0
4,1177,23817396,80,3413,7395,0,0
13,1178,23817435,31,16,24,0,0
37,1179,23827576,3447,-162,-364,16012,0
4,1178,23837466,87,3354,7469,0,0
13,1179,23837506,-38,0,4,0,0
37,1180,23847548,3445,-162,-364,16012,0
4,1179,23857742,80,3355,7445,0,0
13,1180,23857782,-16,0,0,0,0
37,1181,23867850,3444,-162,-364,16012,0
4,1180,23877855,81,3380,7424,0,0
13,1181,23877894,-28,-3,0,0,0
37,1182,23887719,3439,-162,-364,16013,0
L,23891462,VALID,-25.077,-0.170,1
4,1181,23897915,85,3340,7489,0,0
13,1182,23897955,-25,-3,4,0,0
37,1183,23907977,3440,-162,-364,16013,0
4,1182,23918128,80,3339,7471,0,0
13,1183,23918168,38,5,4,0,0
37,1184,23928098,3446,-162,-363,16012,0
4,1183,23938163,71,3381,7418,0,0
13,1184,23938202,64,12,12,0,0
37,1185,23948219,3449,-161,-361,16011,0
4,1184,23958337,82,3391,7416,0,0
13,1185,23958376,-28,0,9,0,0
37,1186,23968245,3443,-162,-361,16013,0
4,1185,23978413,90,3339,7483,0,0
13,1186,23978453,-47,-7,0,0,0
37,1187,23988520,3441,-162,-362,16013,0
L,23992259,VALID,-25.090,-0.172,1
4,1186,23998508,79,3353,7462,0,0
13,1187,23998548,-7,-1,2,0,0
37,1188,24008543,3441,-162,-361,16013,0
4,1187,24018695,93,3365,7438,0,0
13,1188,24018735,11,2,0,0,0
37,1189,24028682,3443,-162,-361,16013,0
4,1188,24038737,73,3366,7450,0,0
13,1189,24038777,17,3,-4,0,0
37,1190,24048716,3445,-162,-361,16012,0
4,1189,24058857,87,3366,7451,0,0
13,1190,24058897,4,0,2,0,0
37,1191,24068886,3445,-161,-361,16012,0
4,1190,24078961,73,3362,7450,0,0
13,1191,24079000,14,1,2,0,0
37,1192,24088990,3447,-161,-361,16012,0
L,24092713,VALID,-25.133,-0.166,1
4,1191,24099204,80,3407,7399,0,0
13,1192,24099244,0,-5,-1,0,0
37,1193,24109180,3444,-162,-361,16012,0
4,1192,24119236,86,3360,7468,0,0
13,1193,24119276,-52,-5,2,0,0
37,1194,24129318,3440,-162,-361,16013,0
4,1193,24139338,77,3350,7444,0,0
13,1194,24139378,-20,2,0,0,0
37,1195,24149471,3439,-161,-361,16013,0
4,1194,24159494,68,3354,7456,0,0
13,1195,24159534,-10,2,0,0,0
37,1196,24169506,3439,-161,-361,16014,0
4,1195,24179752,84,3360,7448,0,0
13,1196,24179792,-12,3,1,0,0
37,1197,24189680,3437,-160,-361,16014,0
L,24193444,VALID,-25.061,-0.161,1
4,1196,24199609,76,3340,7465,0,0
13,1197,24199648,-10,4,-2,0,0
37,1198,24209738,3437,-160,-361,16014,0
4,1197,24219828,88,3356,7457,0,0
13,1198,24219867,6,-1,3,0,0
37,1199,24229936,3437,-161,-361,16014,0
4,1198,24239958,81,3369,7447,0,0
13,1199,24239997,5,3,5,0,0
37,1200,24249977,3437,-160,-360,16014,0
4,1199,24260113,86,3354,7458,0,0
13,1200,24260153,-17,6,3,0,0
37,1201,24270125,3436,-160,-360,16014,0
4,1200,24280137,89,3342,7476,0,0
13,1201,24280177,14,7,1,0,0
37,1202,24290251,3439,-160,-360,16014,0
L,24293967,VALID,-25.075,-0.162,1
4,1201,24300382,87,3360,7455,0,0
13,1202,24300421,56,0,-3,0,0
37,1203,24310348,3444,-160,-360,16012,0
4,1202,24320463,78,3390,7400,0,0
13,1203,24320503,0,-6,3,0,0
37,1204,24330545,3441,-161,-360,16013,0
4,1203,24340674,80,3358,7467,0,0
13,1204,24340713,-19,-4,2,0,0
37,1205,24350661,3440,-161,-360,16013,0
4,1204,24360765,92,3352,7455,0,0
13,1205,24360805,-6,-1,2,0,0
37,1206,24370795,3439,-161,-360,16013,0
4,1205,24380824,71,3360,7440,0,0
13,1206,24380864,-12,0,-4,0,0
37,1207,24391019,3437,-161,-360,16014,0
L,24394742,VALID,-25.061,-0.169,1
4,1206,24400966,74,3354,7456,0,0
13,1207,24401005,-34,-10,0,0,0
37,1208,24410975,3435,-162,-360,16014,0
4,1207,24421124,74,3344,7448,0,0
13,1208,24421164,-10,-11,5,0,0
37,1209,24431140,3435,-163,-360,16014,0
4,1208,24441169,92,3341,7463,0,0
13,1209,24441209,21,-4,8,0,0
37,1210,24451276,3438,-163,-359,16014,0
4,1209,24461324,94,3354,7458,0,0
13,1210,24461392,48,2,-3,0,0
37,1211,24471502,3442,-163,-360,16013,0
4,1210,24481514,79,3375,7441,0,0
13,1211,24481553,37,-2,-4,0,0
37,1212,24491467,3445,-163,-360,16012,0
L,24495187,VALID,-25.119,-0.182,1
4,1211,24501652,80,3385,7423,0,0
13,1212,24501692,16,-12,6,0,0
37,1213,24511602,3445,-165,-359,16012,0
4,1212,24521710,88,3369,7424,0,0
13,1213,24521750,-6,-13,13,0,0
37,1214,24531646,3444,-166,-358,16012,0
4,1213,24541793,89,3374,7450,0,0
13,1214,24541832,-48,-13,8,0,0
37,1215,24551939,3439,-167,-358,16013,0
4,1214,24561908,88,3364,7444,0,0
13,1215,24561948,-33,-2,13,0,0
37,1216,24572059,3436,-167,-357,16014,0
4,1215,24582055,85,3338,7469,0,0
13,1216,24582122,-46,-6,3,0,0
37,1217,24592120,3433,-168,-357,16015,0
L,24595814,VALID,-25.033,-0.222,1
4,1216,24602205,85,3339,7464,0,0
13,1217,24602244,-1,-10,1,0,0
37,1218,24612239,3434,-168,-357,16015,0
4,1217,24622347,85,3352,7465,0,0
13,1218,24622386,31,-4,1,0,0
37,1219,24632410,3438,-169,-357,16014,0
4,1218,24642500,88,3365,7449,0,0
13,1219,24642539,44,-1,6,0,0
37,1220,24652376,3441,-169,-356,16013,0
4,1219,24662612,102,3363,7441,0,0
13,1220,24662651,26,3,-5,0,0
37,1221,24672670,3443,-169,-357,16013,0
4,1220,24682734,92,3382,7426,0,0
13,1221,24682773,-10,4,-6,0,0
37,1222,24692746,3440,-168,-357,16013,0
L,24696468,VALID,-25.084,-0.221,1
4,1221,24702770,76,3377,7437,0,0
13,1222,24702809,-54,0,3,0,0
37,1223,24713031,3434,-168,-357,16015,0
4,1222,24723002,87,3356,7471,0,0
13,1223,24723041,-59,1,2,0,0
37,1224,24732911,3429,-168,-357,16016,0
4,1223,24743137,98,3332,7450,0,0
13,1224,24743176,-45,2,0,0,0
37,1225,24753141,3426,-168,-357,16016,0
4,1224,24763223,98,3355,7451,0,0
13,1225,24763262,-28,7,-2,0,0
37,1226,24773218,3423,-167,-357,16017,0
4,1225,24783403,87,3344,7469,0,0
13,1226,24783443,-28,6,-3,0,0
37,1227,24793563,3422,-166,-357,16017,0
L,24797295,VALID,-24.955,-0.210,1
4,1226,24803485,84,3371,7435,0,0
13,1227,24803525,-46,6,1,0,0
37,1228,24813468,3415,-166,-357,16019,0
4,1227,24823723,87,3337,7471,0,0
13,1228,24823763,-102,6,-8,0,0
37,1229,24833625,3405,-165,-358,16021,0
4,1228,24843758,80,3321,7469,0,0
13,1229,24843797,-88,-4,-7,0,0
37,1230,24853728,3398,-166,-359,16022,0
4,1229,24863850,85,3296,7495,0,0
13,1230,24863889,-67,-23,0,0,0
37,1231,24873976,3394,-168,-359,16023,0
4,1230,24883961,92,3296,7497,0,0
13,1231,24884001,-14,-12,0,0,0
37,1232,24893959,3395,-168,-359,16023,0
L,24897696,VALID,-24.762,-0.225,1
4,1231,24904041,78,3333,7449,0,0
13,1232,24904081,12,-6,6,0,0
37,1233,24914179,3395,-169,-358,16023,0
4,1232,24924194,105,3345,7438,0,0
13,1233,24924234,-29,-2,5,0,0
37,1234,24934182,3390,-169,-358,16024,0
4,1233,24944348,87,3278,7513,0,0
13,1234,24944388,-55,-7,-2,0,0
37,1235,24954494,3388,-170,-358,16024,0
4,1234,24964558,89,3301,7480,0,0
13,1235,24964598,22,-3,3,0,0
37,1236,24974527,3391,-170,-358,16024,0
4,1235,24984632,85,3311,7479,0,0
13,1236,24984671,59,-7,3,0,0
37,1237,24994697,3397,-171,-358,16022,0
L,24998408,VALID,-24.777,-0.246,1
4,1236,25004729,92,3340,7442,0,0
13,1237,25004768,53,0,4,0,0
37,1238,25014719,3400,-171,-358,16022,0
4,1237,25024890,101,3351,7421,0,0
13,1238,25024929,-49,-3,-2,0,0
37,1239,25034965,3392,-171,-358,16023,0
4,1238,25045019,86,3295,7496,0,0
13,1239,25045059,-51,-5,-1,0,0
37,1240,25055085,3391,-171,-358,16024,0
4,1239,25065080,77,3307,7483,0,0
13,1240,25065120,-17,-10,7,0,0
37,1241,25075169,3390,-172,-357,16024,0
4,1240,25085238,91,3278,7517,0,0
13,1241,25085278,59,0,12,0,0
37,1242,25095213,3399,-172,-356,16022,0
L,25098916,VALID,-24.791,-0.256,1
4,1241,25105512,96,3343,7429,0,0
13,1242,25105552,92,8,1,0,0
37,1243,25115470,3404,-172,-357,16021,0
4,1242,25125508,101,3316,7494,0,0
13,1243,25125547,43,5,-3,0,0
37,1244,25135460,3410,-171,-356,16020,0
4,1243,25145569,81,3342,7453,0,0
13,1244,25145608,76,7,3,0,0
37,1245,25155641,3417,-170,-356,16018,0
4,1244,25165705,83,3350,7460,0,0
13,1245,25165744,91,5,9,0,0
37,1246,25175761,3425,-170,-354,16017,0
4,1245,25185835,93,3334,7470,0,0
13,1246,25185874,107,18,24,0,0
37,1247,25195953,3436,-169,-351,16014,0
L,25199700,VALID,-25.055,-0.237,1
4,1246,25205908,98,3345,7464,0,0
13,1247,25205947,129,21,24,0,0
37,1248,25216047,3448,-168,-349,16012,0
4,1247,25226104,87,3367,7434,0,0
13,1248,25226143,155,19,19,0,0
37,1249,25236192,3461,-167,-347,16009,0
4,1248,25246230,92,3385,7437,0,0
13,1249,25246270,119,11,-1,0,0
37,1250,25256252,3471,-166,-348,16007,0
4,1249,25266316,85,3392,7444,0,0
13,1250,25266356,136,17,-3,0,0
37,1251,25276391,3484,-164,-347,16004,0
4,1250,25286444,78,3422,7403,0,0
13,1251,25286484,122,34,12,0,0
37,1252,25296424,3493,-161,-344,16002,0
L,25300145,VALID,-25.462,-0.185,1
4,1251,25306645,81,3437,7398,0,0
13,1252,25306685,89,68,45,0,0
37,1253,25316587,3498,-154,-337,16001,0
4,1252,25326825,89,3420,7383,0,0
13,1253,25326865,16,109,67,0,0
37,1254,25336649,3497,-145,-330,16002,0
4,1253,25346834,131,3425,7412,0,0
13,1254,25346873,-72,146,21,0,0
37,1255,25357001,3488,-129,-328,16004,0
4,1254,25366893,123,3410,7423,0,0
13,1255,25366933,-92,231,-57,0,0
37,1256,25376958,3480,-102,-329,16006,0
4,1255,25387108,29,3390,7452,0,0
13,1256,25387147,-97,365,-77,0,0
37,1257,25397208,3473,-65,-326,16008,0
L,25400841,VALID,-25.304,0.442,1
4,1256,25407306,-89,3446,7378,0,0
13,1257,25407346,-163,411,65,0,0
37,1258,25417113,3451,-36,-307,16013,0
4,1257,25427294,39,3325,7486,0,0
13,1258,25427334,-283,310,62,0,0
37,1259,25437414,3431,-10,-304,16017,0
4,1258,25447572,29,3306,7540,0,0
13,1259,25447612,-185,332,-59,0,0
37,1260,25457536,3421,25,-305,16019,0
4,1259,25467675,-82,3328,7482,0,0
13,1260,25467714,-47,415,-143,0,0
37,1261,25477733,3419,67,-308,16020,0
4,1260,25487810,-149,3326,7481,0,0
13,1261,25487850,-36,473,-124,0,0
37,1262,25497725,3418,107,-315,16019,0
L,25501347,VALID,-24.895,1.595,1
4,1261,25507831,-166,3338,7498,0,0
13,1262,25507870,-6,419,-176,0,0
37,1263,25517966,3419,151,-320,16019,0
4,1262,25527949,-197,3334,7476,0,0
13,1263,25527989,27,537,-159,0,0
37,1264,25537983,3422,205,-322,16017,0
4,1263,25548171,-276,3333,7472,0,0
13,1264,25548211,22,630,-146,0,0
37,1265,25558180,3426,261,-326,16016,0
4,1264,25568206,-374,3344,7467,0,0
13,1265,25568245,21,504,-194,0,0
37,1266,25578213,3428,301,-337,16014,0
4,1265,25588344,-324,3355,7458,0,0
13,1266,25588383,49,449,-231,0,0
37,1267,25598432,3432,351,-347,16012,0
L,25602061,VALID,-24.980,3.313,1
4,1266,25608484,-502,3354,7438,0,0
13,1267,25608524,-3,521,-171,0,0
37,1268,25618472,3431,394,-349,16012,0
4,1267,25628663,-468,3384,7413,0,0
13,1268,25628703,-86,426,-137,0,0
37,1269,25638688,3418,430,-354,16013,0
4,1268,25648688,-459,3317,7500,0,0
13,1269,25648727,-122,399,-154,0,0
37,1270,25658800,3411,472,-359,16013,0
4,1269,25668824,-456,3292,7514,0,0
13,1270,25668863,-52,547,-142,0,0
37,1271,25679006,3410,533,-357,16012,0
4,1270,25689057,-595,3328,7445,0,0
13,1271,25689096,-4,807,-101,0,0
37,1272,25699039,3410,605,-353,16009,0
L,25702689,VALID,-24.825,5.058,1
4,1271,25709293,-688,3328,7439,0,0
13,1272,25709333,-62,640,-161,0,0
37,1273,25719232,3404,649,-362,16009,0
4,1272,25729171,-715,3321,7479,0,0
13,1273,25729211,-56,417,-211,0,0
37,1274,25739263,3400,692,-368,16008,0
4,1273,25749367,-898,3324,7453,0,0
13,1274,25749406,-54,459,-119,0,0
37,1275,25759444,3394,732,-365,16007,0
4,1274,25769479,-785,3345,7437,0,0
13,1275,25769518,-130,476,-9,0,0
37,1276,25779486,3380,776,-355,16008,0
4,1275,25789673,-796,3292,7471,0,0
13,1276,25789713,-208,533,-15,0,0
37,1277,25799675,3362,827,-345,16010,0
L,25803333,VALID,-24.498,6.564,1
4,1276,25809678,-725,3234,7537,0,0
13,1277,25809718,-181,701,-33,0,0
37,1278,25819804,3352,896,-335,16008,0
4,1277,25829979,-859,3245,7476,0,0
13,1278,25830019,-86,799,-117,0,0
37,1279,25839945,3347,965,-339,16005,0
4,1278,25850021,-1036,3244,7491,0,0
13,1279,25850061,-36,725,-255,0,0
37,1280,25860070,3346,1035,-348,16001,0
4,1279,25870219,-1189,3266,7422,0,0
13,1280,25870259,-5,762,-209,0,0
37,1281,25880184,3343,1104,-347,15997,0
4,1280,25890269,-1172,3276,7403,0,0
13,1281,25890308,-82,729,-128,0,0
37,1282,25900322,3334,1164,-347,15995,0
L,25904048,VALID,-24.345,8.878,1
4,1281,25910324,-1249,3224,7454,0,0
13,1282,25910363,-124,549,-173,0,0
37,1283,25920526,3324,1204,-356,15993,0
4,1282,25930511,-1346,3213,7448,0,0
13,1283,25930551,-91,331,-157,0,0
37,1284,25940518,3316,1231,-360,15993,0
4,1283,25950647,-1312,3211,7453,0,0
13,1284,25950687,-88,272,-105,0,0
37,1285,25960655,3308,1258,-361,15992,0
4,1284,25970743,-1290,3209,7452,0,0
13,1285,25970783,-92,340,-83,0,0
37,1286,25980845,3301,1290,-363,15991,0
4,1285,25990924,-1333,3211,7436,0,0
13,1286,25990963,-111,310,-114,0,0
37,1287,26001002,3289,1317,-369,15991,0
L,26004736,VALID,-24.041,9.960,1
4,1286,26011020,-1334,3192,7423,0,0
13,1287,26011060,-124,284,-156,0,0
37,1288,26021036,3276,1344,-378,15992,0
4,1287,26031137,-1404,3173,7448,0,0
13,1288,26031177,-180,229,-171,0,0
37,1289,26041189,3259,1366,-386,15993,0
4,1288,26051265,-1421,3137,7472,0,0
13,1289,26051305,-155,258,-132,0,0
37,1290,26061223,3246,1393,-391,15993,0
4,1289,26071387,-1420,3147,7456,0,0
13,1290,26071426,-161,280,-127,0,0
37,1291,26081518,3231,1420,-398,15994,0
4,1290,26091465,-1406,3104,7490,0,0
13,1291,26091505,-135,317,-183,0,0
37,1292,26101646,3222,1455,-407,15992,0
L,26105363,VALID,-23.565,10.961,1
4,1291,26111664,-1508,3111,7452,0,0
13,1292,26111704,-86,364,-169,0,0
37,1293,26121696,3214,1487,-413,15991,0
4,1292,26131740,-1497,3053,7517,0,0
13,1293,26131779,-43,348,-113,0,0
37,1294,26141764,3215,1523,-414,15987,0
4,1293,26151858,-1527,3089,7472,0,0
13,1294,26151898,62,487,-104,0,0
37,1295,26161971,3223,1571,-417,15981,0
4,1294,26172065,-1620,3136,7408,0,0
13,1295,26172104,64,514,-156,0,0
37,1296,26181944,3227,1615,-425,15975,0
4,1295,26192168,-1677,3113,7448,0,0
13,1296,26192208,76,424,-217,0,0
37,1297,26202246,3234,1653,-439,15970,0
L,26205973,VALID,-23.680,12.370,1
4,1296,26212321,-1750,3112,7409,0,0
13,1297,26212361,111,369,-200,0,0
37,1298,26222343,3243,1686,-449,15964,0
4,1297,26232325,-1769,3152,7356,0,0
13,1298,26232365,70,309,-191,0,0
37,1299,26242590,3245,1711,-464,15960,0
4,1298,26252565,-1773,3146,7383,0,0
13,1299,26252605,26,194,-239,0,0
37,1300,26262459,3245,1732,-479,15958,0
4,1299,26272674,-1737,3098,7418,0,0
13,1300,26272714,24,283,-175,0,0
37,1301,26282650,3248,1767,-485,15953,0
4,1300,26292708,-1798,3122,7382,0,0
13,1301,26292747,51,420,-120,0,0
37,1302,26302750,3253,1803,-492,15948,0
L,26306496,VALID,-23.822,13.479,1
4,1301,26312920,-1806,3105,7428,0,0
13,1302,26312959,93,368,-198,0,0
37,1303,26323064,3263,1841,-505,15941,0
4,1302,26333048,-1853,3091,7419,0,0
13,1303,26333087,206,452,-249,0,0
37,1304,26343021,3284,1886,-521,15931,0
4,1303,26353225,-2035,3181,7272,0,0
13,1304,26353264,217,408,-224,0,0
37,1305,26363183,3297,1914,-535,15925,0
4,1304,26373268,-2097,3184,7303,0,0
13,1305,26373308,107,151,-139,0,0
37,1306,26383243,3302,1922,-538,15923,0
4,1305,26393369,-2024,3167,7315,0,0
13,1306,26393409,52,89,36,0,0
37,1307,26403421,3306,1927,-530,15921,0
L,26407150,VALID,-24.218,14.391,1
4,1306,26413461,-1974,3210,7279,0,0
13,1307,26413501,-28,31,76,0,0
37,1308,26423455,3299,1923,-527,15923,0
4,1307,26433551,-1957,3145,7379,0,0
13,1308,26433590,-72,-84,-23,0,0
37,1309,26443679,3295,1918,-529,15925,0
4,1308,26453698,-1964,3141,7346,0,0
13,1309,26453765,-10,21,39,0,0
37,1310,26463651,3297,1924,-521,15924,0
4,1309,26473843,-1918,3155,7343,0,0
13,1310,26473883,0,136,79,0,0
37,1311,26483927,3298,1938,-513,15922,0
4,1310,26494007,-1943,3171,7324,0,0
13,1311,26494046,12,183,-14,0,0
37,1312,26503989,3299,1951,-518,15920,0
L,26507725,VALID,-24.184,14.539,1
4,1311,26514053,-2053,3175,7296,0,0
13,1312,26514092,-12,31,-118,0,0
37,1313,26524144,3294,1949,-526,15921,0
4,1312,26534159,-2041,3131,7344,0,0
13,1313,26534199,-41,-74,-1,0,0
37,1314,26544143,3291,1943,-521,15923,0
4,1313,26554324,-1974,3130,7347,0,0
13,1314,26554364,-28,-23,112,0,0
37,1315,26564453,3292,1941,-510,15923,0
4,1314,26574482,-1932,3169,7310,0,0
13,1315,26574521,-25,24,113,0,0
37,1316,26584539,3289,1941,-502,15924,0
4,1315,26594593,-1924,3142,7360,0,0
13,1316,26594633,-19,39,2,0,0
37,1317,26604631,3289,1946,-507,15923,0
L,26608361,VALID,-24.118,14.489,1
4,1316,26614697,-1980,3133,7357,0,0
13,1317,26614736,26,43,-65,0,0
37,1318,26624683,3292,1953,-509,15922,0
4,1317,26634957,-2077,3161,7294,0,0
13,1318,26634997,49,65,8,0,0
37,1319,26644924,3295,1954,-505,15921,0
4,1318,26654985,-2025,3168,7319,0,0
13,1319,26655025,-19,-7,90,0,0
37,1320,26664916,3293,1952,-495,15922,0
4,1319,26675012,-1947,3156,7330,0,0
13,1320,26675051,-46,15,69,0,0
37,1321,26685139,3290,1952,-493,15923,0
4,1320,26695150,-1967,3150,7350,0,0
13,1321,26695190,-9,12,-13,0,0
37,1322,26705233,3290,1954,-495,15923,0
L,26708962,VALID,-24.137,14.526,1
4,1321,26715292,-2019,3164,7328,0,0
13,1322,26715332,3,11,-6,0,0
37,1323,26725412,3290,1956,-491,15922,0
4,1322,26735365,-1960,3154,7327,0,0
13,1323,26735405,-15,82,66,0,0
37,1324,26745491,3289,1965,-484,15922,0
4,1323,26755535,-1950,3155,7335,0,0
13,1324,26755575,-24,134,-2,0,0
37,1325,26765629,3287,1976,-488,15921,0
4,1324,26775682,-2042,3160,7311,0,0
13,1325,26775722,-14,68,-91,0,0
37,1326,26785706,3284,1979,-493,15921,0
4,1325,26795802,-2097,3169,7269,0,0
13,1326,26795842,-68,-49,-32,0,0
37,1327,26805818,3274,1970,-493,15924,0
L,26809537,VALID,-24.027,14.634,1
4,1326,26815909,-2049,3156,7311,0,0
13,1327,26815948,-178,-177,56,0,0
37,1328,26825914,3256,1952,-488,15930,0
4,1327,26836131,-1944,3102,7380,0,0
13,1328,26836170,-184,-174,48,0,0
37,1329,26846105,3243,1938,-489,15934,0
4,1328,26856309,-1922,3061,7439,0,0
13,1329,26856349,-90,-109,-48,0,0
37,1330,26866148,3240,1935,-496,15935,0
4,1329,26876363,-1975,3098,7366,0,0
13,1330,26876402,41,-8,-42,0,0
37,1331,26886455,3245,1937,-496,15934,0
4,1330,26896369,-1997,3129,7328,0,0
13,1331,26896409,24,17,12,0,0
37,1332,26906435,3245,1938,-494,15934,0
L,26910156,VALID,-23.803,14.414,1
4,1331,26916656,-1993,3130,7334,0,0
13,1332,26916696,-37,27,43,0,0
37,1333,26926705,3240,1939,-489,15935,0
4,1332,26936827,-1979,3098,7354,0,0
13,1333,26936894,-75,4,35,0,0
37,1334,26946677,3234,1939,-484,15936,0
4,1333,26956860,-1949,3111,7340,0,0
13,1334,26956900,-75,-6,29,0,0
37,1335,26966955,3227,1935,-486,15938,0
4,1334,26977110,-1949,3057,7398,0,0
13,1335,26977150,-66,-71,-45,0,0
37,1336,26987041,3224,1930,-490,15939,0
4,1335,26997162,-1979,3064,7377,0,0
13,1336,26997202,20,-45,-22,0,0
37,1337,27007169,3227,1927,-490,15939,0
L,27010870,VALID,-23.672,14.332,1
4,1336,27017258,-1982,3085,7365,0,0
13,1337,27017298,47,-29,50,0,0
37,1338,27027245,3232,1924,-483,15938,0
4,1337,27037341,-1922,3101,7374,0,0
13,1338,27037381,37,23,132,0,0
37,1339,27047461,3237,1927,-472,15937,0
4,1338,27057479,-1913,3101,7383,0,0
13,1339,27057519,66,98,73,0,0
37,1340,27067476,3245,1935,-468,15935,0
4,1339,27077721,-1936,3092,7402,0,0
13,1340,27077761,126,118,-8,0,0
37,1341,27087729,3260,1949,-469,15930,0
4,1340,27097772,-2057,3169,7276,0,0
13,1341,27097812,144,155,10,0,0
37,1342,27107779,3268,1957,-465,15928,0
L,27111497,VALID,-24.002,14.504,1
4,1341,27117910,-2034,3180,7282,0,0
13,1342,27117950,-9,32,52,0,0
37,1343,27127950,3263,1955,-460,15929,0
4,1342,27138011,-2022,3131,7326,0,0
13,1343,27138050,-83,-83,11,0,0
37,1344,27148011,3255,1942,-463,15932,0
4,1343,27158157,-1927,3130,7382,0,0
13,1344,27158197,-54,-139,-27,0,0
37,1345,27168209,3251,1936,-466,15934,0
4,1344,27178244,-1944,3112,7338,0,0
13,1345,27178284,-47,-18,6,0,0
37,1346,27188319,3247,1937,-464,15934,0
4,1345,27198372,-1907,3096,7389,0,0
13,1346,27198412,-16,55,-25,0,0
37,1347,27208545,3248,1945,-469,15933,0
L,27212246,VALID,-23.849,14.427,1
4,1346,27218599,-1961,3104,7369,0,0
13,1347,27218638,39,49,-102,0,0
37,1348,27228611,3252,1949,-480,15931,0
4,1347,27238814,-2033,3116,7347,0,0
13,1348,27238853,87,31,-101,0,0
37,1349,27248734,3259,1953,-484,15929,0
4,1348,27258707,-2027,3128,7320,0,0
13,1349,27258746,44,3,6,0,0
37,1350,27268748,3261,1952,-481,15929,0
4,1349,27278853,-1976,3138,7325,0,0
13,1350,27278893,-5,-3,45,0,0
37,1351,27288964,3259,1949,-479,15930,0
4,1350,27298974,-1941,3097,7404,0,0
13,1351,27299014,10,1,-22,0,0
37,1352,27309007,3263,1954,-483,15929,0
L,27312769,VALID,-23.949,14.509,1
4,1351,27319184,-1996,3111,7340,0,0
13,1352,27319251,75,41,-47,0,0
37,1353,27329152,3270,1956,-488,15927,0
4,1352,27339233,-2019,3128,7350,0,0
13,1353,27339273,93,17,-24,0,0
37,1354,27349334,3278,1958,-488,15925,0
4,1353,27359413,-2009,3146,7316,0,0
13,1354,27359452,82,-4,-9,0,0
37,1355,27369436,3285,1955,-492,15924,0
4,1354,27379472,-1995,3158,7344,0,0
13,1355,27379511,84,-22,-20,0,0
37,1356,27389514,3292,1954,-493,15922,0
4,1355,27399635,-1948,3146,7355,0,0
13,1356,27399674,110,34,30,0,0
37,1357,27409607,3304,1960,-490,15919,0
L,27413327,VALID,-24.246,14.561,1
4,1356,27419655,-1956,3172,7309,0,0
13,1357,27419695,134,107,-1,0,0
37,1358,27429719,3316,1969,-492,15915,0
4,1357,27439730,-1992,3177,7332,0,0
13,1358,27439769,139,72,-81,0,0
37,1359,27449944,3328,1975,-503,15912,0
4,1358,27459938,-2048,3179,7306,0,0
13,1359,27459978,172,25,-119,0,0
37,1360,27469894,3343,1978,-513,15908,0
4,1359,27480046,-2063,3208,7276,0,0
13,1360,27480085,153,2,-45,0,0
37,1361,27490088,3353,1977,-514,15906,0
4,1360,27500104,-2024,3226,7274,0,0
13,1361,27500144,81,2,34,0,0
37,1362,27510164,3358,1977,-511,15905,0
L,27513876,VALID,-24.630,14.710,1
4,1361,27520247,-1999,3205,7324,0,0
13,1362,27520286,69,31,36,0,0
37,1363,27530311,3366,1979,-509,15903,0
4,1362,27540364,-2042,3216,7283,0,0
13,1363,27540403,79,10,4,0,0
37,1364,27550344,3372,1979,-508,15902,0
4,1363,27560476,-2008,3225,7292,0,0
13,1364,27560516,75,-1,21,0,0
37,1365,27570491,3380,1977,-511,15900,0
4,1364,27580590,-2026,3229,7314,0,0
13,1365,27580629,125,-1,-35,0,0
37,1366,27590474,3392,1979,-515,15897,0
4,1365,27600690,-2031,3231,7280,0,0
13,1366,27600730,161,22,-29,0,0
37,1367,27610767,3407,1982,-517,15894,0
L,27614492,VALID,-24.986,14.754,1
4,1366,27620744,-2023,3274,7258,0,0
13,1367,27620784,167,48,15,0,0
37,1368,27630887,3421,1984,-516,15891,0
4,1367,27640861,-1997,3269,7293,0,0
13,1368,27640900,159,40,-10,0,0
37,1369,27650904,3436,1988,-522,15887,0
4,1368,27660997,-2069,3290,7239,0,0
13,1369,27661037,171,-11,-80,0,0
37,1370,27670993,3448,1984,-531,15884,0
4,1369,27681102,-2030,3258,7287,0,0
13,1370,27681142,165,-67,-41,0,0
37,1371,27691187,3463,1981,-535,15881,0
4,1370,27701276,-2030,3310,7237,0,0
13,1371,27701316,186,0,-1,0,0
37,1372,27711151,3478,1980,-537,15878,0
L,27714879,VALID,-25.490,14.771,1
4,1371,27721406,-2006,3348,7215,0,0
13,1372,27721445,132,-34,-29,0,0
37,1373,27731402,3487,1976,-544,15876,0
4,1372,27741480,-2011,3319,7274,0,0
13,1373,27741520,135,-37,-85,0,0
37,1374,27751446,3500,1975,-554,15873,0
4,1373,27761478,-2093,3329,7218,0,0
13,1374,27761518,166,-18,-35,0,0
37,1375,27771738,3513,1974,-552,15870,0
4,1374,27781660,-1990,3343,7238,0,0
13,1375,27781700,143,-7,47,0,0
37,1376,27791546,3526,1972,-553,15868,0
4,1375,27801813,-1973,3351,7265,0,0
13,1376,27801853,191,57,-23,0,0
37,1377,27811778,3545,1982,-557,15862,0
L,27815497,VALID,-25.967,14.817,1
4,1376,27821860,-2064,3411,7145,0,0
13,1377,27821927,189,101,-43,0,0
37,1378,27831838,3557,1988,-560,15859,0
4,1377,27842045,-2036,3415,7188,0,0
13,1378,27842084,84,42,-37,0,0
37,1379,27852183,3561,1992,-565,15857,0
4,1378,27862141,-2061,3383,7208,0,0
13,1379,27862181,52,23,-61,0,0
37,1380,27872078,3566,1995,-568,15855,0
4,1379,27882300,-2073,3394,7183,0,0
13,1380,27882339,68,49,13,0,0
37,1381,27892208,3571,1999,-564,15854,0
4,1380,27902260,-2024,3402,7206,0,0
13,1381,27902300,40,51,27,0,0
37,1382,27912265,3575,2003,-564,15853,0
L,27915986,VALID,-26.189,14.973,1
4,1381,27922356,-2050,3385,7197,0,0
13,1382,27922396,40,33,-29,0,0
37,1383,27932465,3578,2005,-567,15851,0
4,1382,27942465,-2067,3408,7182,0,0
13,1383,27942505,52,26,-23,0,0
37,1384,27952471,3582,2008,-568,15850,0
4,1383,27962550,-2089,3410,7185,0,0
13,1384,27962590,25,23,-6,0,0
37,1385,27972721,3584,2010,-568,15849,0
4,1384,27982706,-2077,3413,7184,0,0
13,1385,27982746,38,19,-20,0,0
37,1386,27992660,3587,2011,-572,15848,0
4,1385,28002810,-2080,3411,7171,0,0
13,1386,28002849,45,-20,-38,0,0
37,1387,28012912,3590,2009,-575,15848,0
L,28016613,VALID,-26.293,15.032,1
4,1386,28022993,-2084,3436,7145,0,0
13,1387,28023032,3,-48,-21,0,0
37,1388,28032954,3587,2003,-578,15849,0
4,1387,28043040,-2039,3396,7215,0,0
13,1388,28043080,-50,-85,-46,0,0
37,1389,28053117,3583,1997,-585,15851,0
4,1388,28063136,-2023,3395,7228,0,0
13,1389,28063175,-3,-50,-66,0,0
37,1390,28073107,3584,1998,-590,15850,0
4,1389,28083317,-2061,3402,7188,0,0
13,1390,28083357,23,42,-49,0,0
37,1391,28093399,3585,2002,-594,15849,0
4,1390,28103428,-2083,3406,7193,0,0
13,1391,28103467,14,12,-44,0,0
37,1392,28113468,3586,2003,-597,15849,0
L,28117180,VALID,-26.243,15.024,1
4,1391,28123463,-2066,3386,7195,0,0
13,1392,28123503,40,-10,-27,0,0
37,1393,28133520,3590,2002,-600,15848,0
4,1392,28143572,-2069,3403,7199,0,0
13,1393,28143612,64,-10,-22,0,0
37,1394,28153545,3596,2002,-602,15846,0
4,1393,28163813,-2075,3434,7149,0,0
13,1394,28163852,42,-4,-5,0,0
37,1395,28173838,3597,2001,-602,15846,0
4,1394,28183848,-2023,3416,7203,0,0
13,1395,28183888,6,36,-3,0,0
37,1396,28193784,3599,2008,-603,15845,0
4,1395,28203978,-2075,3430,7144,0,0
13,1396,28204018,12,46,-61,0,0
37,1397,28214029,3598,2010,-611,15845,0
L,28217737,VALID,-26.321,15.095,1
4,1396,28224065,-2092,3400,7200,0,0
13,1397,28224104,14,9,-87,0,0
37,1398,28234102,3601,2014,-616,15843,0
4,1397,28244183,-2096,3426,7167,0,0
13,1398,28244222,34,42,-41,0,0
37,1399,28254237,3603,2019,-618,15842,0
4,1398,28264200,-2102,3418,7182,0,0
13,1399,28264240,35,44,-28,0,0
37,1400,28274327,3606,2023,-618,15841,0
4,1399,28284386,-2082,3431,7156,0,0
13,1400,28284426,11,70,3,0,0
37,1401,28294489,3606,2028,-619,15840,0
4,1400,28304500,-2128,3414,7162,0,0
13,1401,28304540,-19,-8,-24,0,0
37,1402,28314541,3603,2025,-619,15841,0
L,28318269,VALID,-26.358,15.211,1
4,1401,28324667,-2059,3382,7213,0,0
13,1402,28324707,24,0,-9,0,0
37,1403,28334679,3609,2029,-621,15839,0
4,1402,28344750,-2113,3428,7167,0,0
13,1403,28344790,63,35,-15,0,0
37,1404,28354738,3614,2031,-622,15838,0
4,1403,28364904,-2100,3418,7168,0,0
13,1404,28364944,72,36,-9,0,0
37,1405,28374876,3621,2035,-623,15836,0
4,1404,28385040,-2108,3438,7163,0,0
13,1405,28385080,72,56,-4,0,0
37,1406,28394867,3627,2040,-623,15834,0
4,1405,28405055,-2145,3448,7146,0,0
13,1406,28405095,82,42,0,0,0
37,1407,28415201,3634,2041,-622,15832,0
L,28418923,VALID,-26.589,15.327,1
4,1406,28425121,-2140,3452,7144,0,0
13,1407,28425161,59,2,29,0,0
37,1408,28435183,3638,2040,-619,15831,0
4,1407,28445377,-2134,3467,7129,0,0
13,1408,28445417,24,-24,51,0,0
37,1409,28455436,3639,2036,-614,15832,0
4,1408,28465540,-2096,3453,7151,0,0
13,1409,28465579,-18,-23,79,0,0
37,1410,28475366,3638,2033,-607,15833,0
4,1409,28485530,-2068,3433,7179,0,0
13,1410,28485570,-18,0,45,0,0
37,1411,28495614,3638,2032,-607,15833,0
4,1410,28505763,-2098,3441,7171,0,0
13,1411,28505802,36,15,-3,0,0
37,1412,28515692,3642,2035,-606,15832,0
L,28519420,VALID,-26.659,15.260,1
4,1411,28525841,-2096,3444,7169,0,0
13,1412,28525881,58,48,30,0,0
37,1413,28535863,3649,2040,-602,15829,0
4,1412,28545969,-2125,3480,7108,0,0
13,1413,28546008,60,58,36,0,0
37,1414,28555915,3653,2041,-599,15829,0
4,1413,28566011,-2086,3471,7134,0,0
13,1414,28566050,8,3,16,0,0
37,1415,28576182,3652,2040,-600,15829,0
4,1414,28586202,-2100,3462,7147,0,0
13,1415,28586241,2,-17,-16,0,0
37,1416,28596209,3653,2039,-602,15829,0
4,1415,28606372,-2104,3450,7176,0,0
13,1416,28606411,22,3,-19,0,0
37,1417,28616423,3656,2041,-603,15828,0
L,28620151,VALID,-26.768,15.298,1
4,1416,28626384,-2114,3469,7143,0,0
13,1417,28626423,51,38,-9,0,0
37,1418,28636439,3661,2045,-603,15826,0
4,1417,28646510,-2132,3462,7144,0,0
13,1418,28646549,57,33,-2,0,0
37,1419,28656576,3667,2047,-604,15825,0
4,1418,28666673,-2120,3496,7117,0,0
13,1419,28666713,43,2,-4,0,0
37,1420,28676662,3669,2045,-604,15824,0
4,1419,28686862,-2087,3470,7161,0,0
13,1420,28686929,25,-6,3,0,0
37,1421,28696887,3673,2047,-605,15823,0
4,1420,28706899,-2137,3492,7132,0,0
13,1421,28706938,68,36,0,0,0
37,1422,28716977,3678,2050,-602,15821,0
L,28720692,VALID,-26.936,15.359,1
4,1421,28727062,-2112,3510,7103,0,0
13,1422,28727102,11,26,39,0,0
37,1423,28737179,3677,2049,-601,15822,0
4,1422,28747197,-2080,3480,7161,0,0
13,1423,28747237,-12,17,-33,0,0
37,1424,28757179,3676,2054,-605,15821,0
4,1423,28767394,-2123,3474,7143,0,0
13,1424,28767433,22,39,-74,0,0
37,1425,28777333,3679,2059,-611,15820,0
4,1424,28787350,-2173,3495,7106,0,0
13,1425,28787389,35,14,-46,0,0
37,1426,28797367,3681,2058,-613,15819,0
4,1425,28807487,-2165,3509,7105,0,0
13,1426,28807527,-1,-34,11,0,0
37,1427,28817599,3679,2053,-612,15821,0
L,28821336,VALID,-26.934,15.395,1
4,1426,28827648,-2103,3491,7132,0,0
13,1427,28827688,-40,-59,11,0,0
37,1428,28837661,3675,2049,-611,15822,0
4,1427,28847867,-2079,3460,7160,0,0
13,1428,28847907,-23,-5,5,0,0
37,1429,28857839,3675,2050,-613,15822,0
4,1428,28867875,-2110,3469,7151,0,0
13,1429,28867915,9,15,-52,0,0
37,1430,28877968,3675,2052,-619,15821,0
4,1429,28888091,-2129,3455,7180,0,0
13,1430,28888131,66,21,-62,0,0
37,1431,28898090,3684,2058,-622,15818,0
4,1430,28908157,-2195,3505,7105,0,0
13,1431,28908197,92,52,13,0,0
37,1432,28918226,3692,2059,-618,15817,0
L,28921998,VALID,-27.027,15.446,1
4,1431,28928352,-2158,3531,7076,0,0
13,1432,28928392,30,-14,63,0,0
37,1433,28938347,3690,2052,-613,15818,0
4,1432,28948409,-2052,3473,7183,0,0
13,1433,28948476,-13,-33,38,0,0
37,1434,28958538,3692,2052,-613,15818,0
4,1433,28968539,-2112,3495,7126,0,0
13,1434,28968579,40,16,-2,0,0
37,1435,28978766,3696,2054,-613,15816,0
4,1434,28988736,-2138,3515,7107,0,0
13,1435,28988776,38,24,-18,0,0
37,1436,28998734,3698,2056,-614,15816,0
4,1435,29008855,-2132,3517,7118,0,0
13,1436,29008895,3,7,-8,0,0
37,1437,29018888,3698,2055,-616,15816,0
L,29022617,VALID,-27.072,15.416,1
4,1436,29028902,-2128,3518,7104,0,0
13,1437,29028942,-17,-30,-13,0,0
37,1438,29039028,3695,2053,-617,15817,0
4,1437,29049097,-2103,3496,7143,0,0
13,1438,29049137,-6,-12,-25,0,0
37,1439,29059190,3696,2054,-620,15816,0
4,1438,29069234,-2144,3518,7106,0,0
13,1439,29069274,-4,-15,-38,0,0
37,1440,29079250,3694,2051,-625,15817,0
4,1439,29089382,-2139,3489,7131,0,0
13,1440,29089422,-23,-53,-33,0,0
37,1441,29099440,3692,2047,-627,15818,0
4,1440,29109518,-2118,3494,7140,0,0
13,1441,29109557,10,-44,1,0,0
37,1442,29119481,3694,2045,-625,15818,0
L,29123192,VALID,-27.030,15.361,1
4,1441,29129659,-2112,3492,7111,0,0
13,1442,29129698,9,-7,41,0,0
37,1443,29139731,3695,2042,-623,15818,0
4,1442,29149707,-2110,3498,7140,0,0
13,1443,29149747,-1,-16,22,0,0
37,1444,29159911,3695,2041,-622,15818,0
4,1443,29169923,-2113,3488,7133,0,0
13,1444,29169963,22,-14,18,0,0
37,1445,29179955,3698,2040,-619,15818,0
4,1444,29190034,-2114,3521,7114,0,0
13,1445,29190074,23,2,45,0,0
37,1446,29200022,3700,2039,-615,15817,0
4,1445,29210207,-2100,3513,7125,0,0
13,1446,29210247,14,1,39,0,0
37,1447,29220305,3702,2038,-613,15817,0
L,29224019,VALID,-27.098,15.295,1
4,1446,29230364,-2098,3529,7085,0,0
13,1447,29230404,3,-23,11,0,0
37,1448,29240307,3700,2033,-615,15818,0
4,1447,29250456,-2091,3499,7144,0,0
13,1448,29250496,-10,-70,-29,0,0
37,1449,29260524,3700,2028,-620,15819,0
4,1448,29270610,-2096,3510,7141,0,0
13,1449,29270650,6,-60,-45,0,0
37,1450,29280591,3700,2026,-623,15819,0
4,1449,29290644,-2103,3503,7124,0,0
13,1450,29290684,15,-2,-6,0,0
37,1451,29300892,3702,2026,-624,15818,0
4,1450,29310827,-2103,3526,7106,0,0
13,1451,29310866,1,-23,-16,0,0
37,1452,29320753,3700,2023,-627,15819,0
L,29324499,VALID,-27.065,15.214,1
4,1451,29331027,-2129,3499,7115,0,0
13,1452,29331067,-23,-79,-30,0,0
37,1453,29340962,3697,2013,-629,15821,0
4,1452,29351070,-2120,3515,7108,0,0
13,1453,29351110,-47,-127,35,0,0
37,1454,29361082,3691,2001,-626,15824,0
4,1453,29371195,-2066,3503,7136,0,0
13,1454,29371235,-82,-127,70,0,0
37,1455,29381367,3683,1989,-622,15827,0
4,1454,29391323,-2015,3483,7163,0,0
13,1455,29391363,-99,-103,26,0,0
37,1456,29401254,3676,1983,-622,15830,0
4,1455,29411493,-2017,3473,7177,0,0
13,1456,29411532,-47,-24,-9,0,0
37,1457,29421450,3674,1985,-623,15830,0
L,29425170,VALID,-26.863,14.945,1
4,1456,29431497,-2070,3479,7142,0,0
13,1457,29431537,-1,18,-10,0,0
37,1458,29441527,3675,1986,-623,15830,0
4,1457,29451659,-2070,3490,7146,0,0
13,1458,29451699,-8,0,24,0,0
37,1459,29461755,3675,1985,-621,15830,0
4,1458,29471787,-2080,3498,7135,0,0
13,1459,29471827,-3,-24,14,0,0
37,1460,29481794,3674,1981,-620,15831,0
4,1459,29491846,-2036,3481,7155,0,0
13,1460,29491885,-3,-24,24,0,0
37,1461,29502001,3674,1980,-618,15831,0
4,1460,29512010,-2038,3494,7142,0,0
13,1461,29512050,-12,-4,5,0,0
37,1462,29521930,3672,1979,-620,15831,0
L,29525649,VALID,-26.849,14.899,1
4,1461,29532141,-2065,3483,7147,0,0
13,1462,29532181,-10,-9,-17,0,0
37,1463,29542225,3671,1980,-618,15832,0
4,1462,29552277,-2064,3469,7174,0,0
13,1463,29552317,-13,11,40,0,0
37,1464,29562326,3671,1980,-614,15831,0
4,1463,29572354,-2064,3500,7127,0,0
13,1464,29572421,-14,5,24,0,0
37,1465,29582500,3669,1978,-615,15832,0
4,1464,29592492,-2069,3483,7148,0,0
13,1465,29592532,-23,-42,-23,0,0
37,1466,29602490,3666,1976,-616,15833,0
4,1465,29612655,-2064,3462,7159,0,0
13,1466,29612695,-33,-28,33,0,0
37,1467,29622758,3665,1973,-611,15834,0
L,29626468,VALID,-26.802,14.843,1
4,1466,29632745,-2031,3469,7172,0,0
13,1467,29632784,7,5,62,0,0
37,1468,29642841,3668,1973,-606,15833,0
4,1467,29652852,-2068,3496,7116,0,0
13,1468,29652891,27,-1,41,0,0
37,1469,29662918,3669,1970,-603,15834,0
4,1468,29672930,-2038,3491,7132,0,0
13,1469,29672969,-36,-48,52,0,0
37,1470,29682927,3665,1964,-600,15836,0
4,1469,29693248,-2018,3465,7187,0,0
13,1470,29693288,-31,-39,35,0,0
37,1471,29703249,3664,1962,-597,15836,0
4,1470,29713255,-2029,3472,7155,0,0
13,1471,29713295,4,-6,26,0,0
37,1472,29723168,3666,1961,-596,15836,0
L,29726878,VALID,-26.817,14.737,1
4,1471,29733300,-2057,3490,7145,0,0
13,1472,29733340,14,-10,46,0,0
37,1473,29743375,3667,1959,-590,15836,0
4,1472,29753393,-2004,3502,7144,0,0
13,1473,29753433,-13,-3,62,0,0
37,1474,29763486,3665,1956,-588,15837,0
4,1473,29773496,-2009,3483,7168,0,0
13,1474,29773535,-46,-41,1,0,0
37,1475,29783614,3661,1954,-587,15838,0
4,1474,29793625,-2018,3491,7153,0,0
13,1475,29793665,-35,-3,9,0,0
37,1476,29803708,3657,1954,-587,15839,0
4,1475,29813788,-2039,3478,7160,0,0
13,1476,29813828,-52,-25,1,0,0
37,1477,29823907,3652,1951,-586,15841,0
L,29827627,VALID,-26.718,14.652,1
4,1476,29833939,-2013,3465,7186,0,0
13,1477,29833979,-37,-32,7,0,0
37,1478,29843993,3651,1949,-586,15841,0
4,1477,29854071,-2013,3464,7177,0,0
13,1478,29854111,-9,-12,18,0,0
37,1479,29864113,3652,1948,-584,15841,0
4,1478,29874148,-2032,3470,7160,0,0
13,1479,29874188,19,-11,20,0,0
37,1480,29884155,3653,1945,-583,15841,0
4,1479,29894329,-2004,3471,7163,0,0
13,1480,29894369,5,-35,29,0,0
37,1481,29904309,3654,1942,-580,15842,0
4,1480,29914536,-1984,3478,7157,0,0
13,1481,29914576,-1,0,43,0,0
37,1482,29924353,3654,1941,-577,15842,0
L,29928054,VALID,-26.737,14.569,1
4,1481,29934537,-1979,3479,7178,0,0
13,1482,29934577,-4,15,-2,0,0
37,1483,29944716,3654,1944,-580,15841,0
4,1482,29954571,-2028,3484,7164,0,0
13,1483,29954638,1,14,-51,0,0
37,1484,29964688,3653,1946,-583,15841,0
4,1483,29974896,-2041,3466,7160,0,0
13,1484,29974936,-7,5,-7,0,0
37,1485,29984947,3652,1947,-582,15841,0
4,1484,29995053,-2028,3474,7162,0,0
13,1485,29995092,-12,-12,16,0,0
37,1486,30004870,3651,1945,-580,15842,0
4,1485,30015040,-2015,3472,7174,0,0
13,1486,30015079,-10,0,40,0,0
37,1487,30025153,3651,1945,-576,15842,0
L,30028873,VALID,-26.718,14.595,1
4,1486,30035270,-2003,3475,7159,0,0
13,1487,30035310,-21,4,50,0,0
37,1488,30045222,3649,1944,-571,15843,0
4,1487,30055360,-1989,3462,7186,0,0
13,1488,30055399,-9,39,40,0,0
37,1489,30065376,3650,1949,-568,15842,0
4,1488,30075466,-2020,3493,7146,0,0
13,1489,30075505,-2,32,-14,0,0
37,1490,30085437,3648,1949,-572,15842,0
4,1489,30095558,-2042,3480,7148,0,0
13,1490,30095598,-40,-58,-60,0,0
37,1491,30105652,3642,1943,-579,15844,0
4,1490,30115702,-2019,3463,7192,0,0
13,1491,30115742,-56,-95,-48,0,0
37,1492,30125679,3637,1937,-581,15846,0
L,30129404,VALID,-26.608,14.548,1
4,1491,30135854,-1981,3446,7190,0,0
13,1492,30135893,-36,-32,5,0,0
37,1493,30145866,3636,1936,-580,15846,0
4,1492,30155876,-1991,3464,7164,0,0
13,1493,30155915,-20,0,-14,0,0
37,1494,30165900,3633,1936,-583,15847,0
4,1493,30175996,-1972,3446,7223,0,0
13,1494,30176035,0,8,-53,0,0
37,1495,30186019,3635,1940,-587,15846,0
4,1494,30196169,-2040,3461,7149,0,0
13,1495,30196209,16,30,-9,0,0
37,1496,30206097,3635,1941,-585,15846,0
4,1495,30216286,-2007,3460,7174,0,0
13,1496,30216326,-2,15,15,0,0
37,1497,30226379,3636,1941,-585,15846,0
L,30230101,VALID,-26.598,14.581,1
4,1496,30236351,-1987,3460,7191,0,0
13,1497,30236391,16,-2,-29,0,0
37,1498,30246390,3638,1942,-589,15845,0
4,1497,30256467,-2034,3478,7146,0,0
13,1498,30256507,10,-3,-27,0,0
37,1499,30266597,3637,1941,-589,15845,0
4,1498,30276613,-1992,3452,7193,0,0
13,1499,30276652,-9,2,15,0,0
37,1500,30286629,3637,1943,-587,15845,0
4,1499,30296906,-2012,3463,7148,0,0
13,1500,30296973,-15,26,1,0,0
37,1501,30306776,3634,1944,-588,15845,0
4,1500,30316776,-2027,3454,7176,0,0
13,1501,30316815,-27,-3,-14,0,0
37,1502,30326835,3633,1945,-589,15846,0
L,30330590,VALID,-26.574,14.615,1
4,1501,30336963,-2031,3478,7144,0,0
13,1502,30337003,-38,-14,-7,0,0
37,1503,30347085,3626,1941,-589,15848,0
4,1502,30357070,-1994,3429,7199,0,0
13,1503,30357110,-74,-55,-2,0,0
37,1504,30367067,3622,1938,-589,15849,0
4,1503,30377255,-1988,3421,7216,0,0
13,1504,30377294,-11,15,10,0,0
37,1505,30387219,3624,1942,-587,15848,0
4,1504,30397231,-1991,3455,7193,0,0
13,1505,30397271,36,53,12,0,0
37,1506,30407341,3628,1947,-587,15847,0
4,1505,30417481,-2021,3439,7194,0,0
13,1506,30417521,46,52,-12,0,0
37,1507,30427480,3633,1951,-588,15845,0
L,30431199,VALID,-26.577,14.655,1
4,1506,30437527,-2027,3451,7188,0,0
13,1507,30437567,92,56,-24,0,0
37,1508,30447609,3642,1956,-589,15842,0
4,1507,30457742,-2060,3484,7143,0,0
13,1508,30457781,73,27,2,0,0
37,1509,30467695,3646,1956,-588,15841,0
4,1508,30477807,-2022,3493,7139,0,0
13,1509,30477847,-3,12,35,0,0
37,1510,30487849,3644,1957,-584,15842,0
4,1509,30497841,-1984,3461,7176,0,0
13,1510,30497881,-24,42,15,0,0
37,1511,30508030,3642,1962,-584,15842,0
4,1510,30518005,-2020,3454,7188,0,0
13,1511,30518045,1,52,-38,0,0
37,1512,30527976,3643,1967,-587,15841,0
L,30531705,VALID,-26.657,14.763,1
4,1511,30538119,-2061,3469,7143,0,0
13,1512,30538159,14,27,-35,0,0
37,1513,30548141,3644,1969,-588,15840,0
4,1512,30558151,-2071,3481,7133,0,0
13,1513,30558191,-32,-18,20,0,0
37,1514,30568330,3639,1964,-584,15842,0
4,1513,30578376,-2002,3447,7196,0,0
13,1514,30578416,-70,-22,56,0,0
37,1515,30588470,3635,1963,-579,15843,0
4,1514,30598505,-2013,3458,7171,0,0
13,1515,30598545,-37,10,29,0,0
37,1516,30608501,3632,1964,-578,15844,0
4,1515,30618589,-1993,3431,7208,0,0
13,1516,30618629,-17,18,-10,0,0
37,1517,30628631,3633,1967,-579,15843,0
L,30632341,VALID,-26.591,14.751,1
4,1516,30638721,-2030,3437,7196,0,0
13,1517,30638760,45,64,-29,0,0
37,1518,30648648,3638,1975,-580,15841,0
4,1517,30658845,-2077,3462,7149,0,0
13,1518,30658885,48,67,18,0,0
37,1519,30668949,3641,1978,-577,15840,0
4,1518,30678899,-2061,3485,7149,0,0
13,1519,30678939,13,13,22,0,0
37,1520,30689104,3642,1977,-575,15840,0
4,1519,30699108,-2025,3467,7191,0,0
13,1520,30699147,-5,0,31,0,0
37,1521,30709152,3643,1977,-572,15840,0
4,1520,30719226,-2041,3481,7143,0,0
13,1521,30719266,10,3,14,0,0
37,1522,30729213,3643,1976,-571,15840,0
L,30732916,VALID,-26.675,14.800,1
4,1521,30739366,-2023,3450,7167,0,0
13,1522,30739405,-8,0,9,0,0
37,1523,30749402,3643,1977,-572,15840,0
4,1522,30759491,-2031,3471,7165,0,0
13,1523,30759531,25,16,-19,0,0
37,1524,30769413,3646,1979,-573,15839,0
4,1523,30779646,-2055,3479,7162,0,0
13,1524,30779685,3,-12,-18,0,0
37,1525,30789637,3645,1976,-576,15840,0
4,1524,30799767,-2044,3458,7184,0,0
13,1525,30799807,13,-34,-15,0,0
37,1526,30809740,3648,1974,-577,15839,0
4,1525,30819758,-2052,3475,7145,0,0
13,1526,30819798,45,-12,15,0,0
37,1527,30830049,3651,1972,-575,15839,0
L,30833770,VALID,-26.728,14.779,1
4,1526,30840019,-2035,3497,7137,0,0
13,1527,30840059,4,-31,19,0,0
37,1528,30849903,3649,1968,-574,15840,0
4,1527,30860137,-2006,3455,7180,0,0
13,1528,30860177,-21,-17,21,0,0
37,1529,30870093,3648,1968,-572,15840,0
4,1528,30880170,-2013,3464,7174,0,0
13,1529,30880209,0,16,0,0,0
37,1530,30890167,3649,1970,-573,15839,0
4,1529,30900316,-2018,3470,7161,0,0
13,1530,30900355,10,34,-15,0,0
37,1531,30910504,3651,1974,-575,15839,0
4,1530,30920473,-2052,3475,7174,0,0
13,1531,30920512,44,47,-28,0,0
37,1532,30930391,3656,1978,-576,15837,0
L,30934136,VALID,-26.766,14.822,1
4,1531,30940700,-2089,3507,7110,0,0
13,1532,30940740,34,13,-8,0,0
37,1533,30950582,3656,1977,-575,15837,0
4,1532,30960635,-2055,3494,7157,0,0
13,1533,30960674,-26,-27,45,0,0
37,1534,30970668,3653,1974,-570,15838,0
4,1533,30980789,-1991,3468,7164,0,0
13,1534,30980829,-34,-4,47,0,0
37,1535,30990830,3652,1973,-568,15839,0
4,1534,31000840,-2003,3486,7150,0,0
13,1535,31000879,-15,18,-23,0,0
37,1536,31010839,3649,1976,-572,15839,0
4,1535,31020899,-2038,3455,7193,0,0
13,1536,31020939,-16,26,-44,0,0
37,1537,31031054,3649,1981,-573,15838,0
L,31034764,VALID,-26.719,14.838,1
4,1536,31041066,-2081,3457,7163,0,0
13,1537,31041106,17,36,-11,0,0
37,1538,31051035,3651,1983,-573,15837,0
4,1537,31061200,-2075,3494,7136,0,0
13,1538,31061240,-12,-9,18,0,0
37,1539,31071329,3647,1979,-572,15839,0
4,1538,31081390,-2011,3473,7168,0,0
13,1539,31081430,-51,-43,-7,0,0
37,1540,31091389,3643,1977,-573,15840,0
4,1539,31101468,-2021,3443,7184,0,0
13,1540,31101507,-30,13,-8,0,0
37,1541,31111543,3642,1981,-573,15840,0
4,1540,31121561,-2045,3458,7182,0,0
13,1541,31121601,21,51,-20,0,0
37,1542,31131543,3646,1986,-574,15838,0
L,31135243,VALID,-26.698,14.874,1
4,1541,31141710,-2075,3485,7140,0,0
13,1542,31141749,35,45,-18,0,0
37,1543,31151809,3648,1988,-576,15837,0
4,1542,31161819,-2042,3475,7164,0,0
13,1543,31161859,-5,-6,-7,0,0
37,1544,31171886,3647,1988,-576,15838,0
4,1543,31181897,-2048,3473,7158,0,0
13,1544,31181936,3,6,-9,0,0
37,1545,31192007,3647,1988,-577,15837,0
4,1544,31202019,-2065,3464,7156,0,0
13,1545,31202058,4,0,-21,0,0
37,1546,31212009,3648,1989,-578,15837,0
4,1545,31222249,-2056,3467,7169,0,0
13,1546,31222289,10,-4,12,0,0
37,1547,31232239,3650,1988,-576,15837,0
L,31235958,VALID,-26.726,14.890,1
4,1546,31242242,-2030,3482,7146,0,0
13,1547,31242282,15,21,18,0,0
37,1548,31252185,3651,1990,-575,15836,0
4,1547,31262342,-2054,3493,7138,0,0
13,1548,31262381,-19,13,-13,0,0
37,1549,31272402,3647,1991,-578,15837,0
4,1548,31282418,-2049,3461,7153,0,0
13,1549,31282457,-42,2,-30,0,0
37,1550,31292486,3643,1992,-579,15838,0
4,1549,31302540,-2041,3443,7194,0,0
13,1550,31302579,-8,34,-14,0,0
37,1551,31312622,3645,1999,-579,15837,0
4,1550,31322590,-2083,3482,7131,0,0
13,1551,31322658,22,67,-22,0,0
37,1552,31332710,3646,2002,-581,15836,0
L,31336420,VALID,-26.698,14.994,1
4,1551,31342773,-2078,3463,7172,0,0
13,1552,31342812,4,2,-15,0,0
37,1553,31352905,3647,2001,-581,15836,0
4,1552,31362874,-2071,3470,7155,0,0
13,1553,31362913,17,-17,3,0,0
37,1554,31372940,3648,1999,-581,15836,0
4,1553,31383011,-2069,3476,7140,0,0
13,1554,31383050,6,-25,6,0,0
37,1555,31393000,3648,1996,-581,15836,0
4,1554,31403087,-2056,3490,7132,0,0
13,1555,31403126,-35,-29,-5,0,0
37,1556,31413096,3642,1993,-583,15838,0
4,1555,31423277,-2033,3436,7203,0,0
13,1556,31423317,-39,-36,-32,0,0
37,1557,31433234,3641,1994,-586,15838,0
L,31436960,VALID,-26.654,14.947,1
4,1556,31443446,-2062,3457,7156,0,0
13,1557,31443486,13,5,-44,0,0
37,1558,31453249,3642,1994,-591,15838,0
4,1557,31463489,-2076,3481,7143,0,0
13,1558,31463528,-8,-32,-41,0,0
37,1559,31473603,3639,1992,-593,15838,0
4,1558,31483491,-2055,3441,7186,0,0
13,1559,31483531,-27,-15,10,0,0
37,1560,31493558,3639,1991,-592,15839,0
4,1559,31503714,-2046,3460,7169,0,0
13,1560,31503754,23,21,-2,0,0
37,1561,31513791,3641,1993,-592,15838,0
4,1560,31523878,-2050,3466,7162,0,0
13,1561,31523917,29,44,-23,0,0
37,1562,31533688,3645,1999,-594,15836,0
L,31537405,VALID,-26.679,14.994,1
4,1561,31543897,-2082,3479,7150,0,0
13,1562,31543936,40,47,-2,0,0
37,1563,31553979,3648,2002,-592,15835,0
4,1562,31564120,-2063,3476,7159,0,0
13,1563,31564159,38,49,2,0,0
37,1564,31574052,3651,2006,-592,15834,0
4,1563,31584197,-2084,3488,7131,0,0
13,1564,31584236,-5,22,5,0,0
37,1565,31594193,3649,2006,-591,15834,0
4,1564,31604308,-2058,3477,7150,0,0
13,1565,31604347,-30,-10,-5,0,0
37,1566,31614255,3647,2005,-592,15835,0
4,1565,31624332,-2059,3450,7182,0,0
13,1566,31624372,-8,9,-2,0,0
37,1567,31634399,3647,2007,-591,15835,0
L,31638128,VALID,-26.698,15.044,1
4,1566,31644439,-2055,3463,7162,0,0
13,1567,31644479,35,38,-12,0,0
37,1568,31654443,3652,2011,-594,15833,0
4,1567,31664625,-2091,3487,7135,0,0
13,1568,31664664,36,26,-38,0,0
37,1569,31674675,3653,2014,-596,15832,0
4,1568,31684667,-2097,3464,7156,0,0
13,1569,31684707,12,38,-18,0,0
37,1570,31694708,3654,2019,-595,15831,0
4,1569,31704839,-2110,3483,7129,0,0
13,1570,31704879,5,71,15,0,0
37,1571,31714888,3653,2023,-592,15831,0
4,1570,31724969,-2086,3476,7152,0,0
13,1571,31725009,-32,31,15,0,0
37,1572,31734958,3651,2025,-591,15831,0
L,31738685,VALID,-26.736,15.169,1
4,1571,31745083,-2094,3477,7136,0,0
13,1572,31745123,-30,29,-1,0,0
37,1573,31755148,3648,2029,-590,15832,0
4,1572,31765157,-2060,3475,7144,0,0
13,1573,31765197,-43,57,0,0,0
37,1574,31775171,3645,2037,-589,15831,0
4,1573,31785269,-2147,3467,7137,0,0
13,1574,31785308,-33,91,-6,0,0
37,1575,31795387,3642,2041,-586,15832,0
4,1574,31805433,-2111,3466,7145,0,0
13,1575,31805472,-54,23,15,0,0
37,1576,31815430,3636,2042,-585,15833,0
4,1575,31825689,-2103,3436,7168,0,0
13,1576,31825729,-40,3,-11,0,0
37,1577,31835613,3634,2043,-586,15833,0
L,31839330,VALID,-26.621,15.284,1
4,1576,31845597,-2127,3437,7161,0,0
13,1577,31845637,-2,-11,-15,0,0
37,1578,31855636,3635,2040,-588,15833,0
4,1577,31865758,-2091,3435,7176,0,0
13,1578,31865798,21,-33,-3,0,0
37,1579,31875843,3638,2038,-589,15833,0
4,1578,31885844,-2099,3440,7182,0,0
13,1579,31885884,81,-8,-4,0,0
37,1580,31895816,3648,2038,-591,15830,0
4,1579,31906033,-2116,3484,7127,0,0
13,1580,31906072,103,25,3,0,0
37,1581,31915971,3656,2041,-588,15828,0
4,1580,31926006,-2112,3492,7129,0,0
13,1581,31926046,56,35,51,0,0
37,1582,31936134,3660,2043,-583,15827,0
L,31939879,VALID,-26.816,15.280,1
4,1581,31946235,-2126,3499,7107,0,0
13,1582,31946274,23,23,49,0,0
37,1583,31956244,3660,2041,-581,15828,0
4,1582,31966299,-2119,3489,7129,0,0
13,1583,31966338,-23,-40,23,0,0
37,1584,31976323,3657,2036,-579,15829,0
4,1583,31986446,-2083,3465,7162,0,0
13,1584,31986485,-24,-56,14,0,0
37,1585,31996393,3656,2031,-579,15830,0
4,1584,32006487,-2077,3476,7150,0,0
13,1585,32006526,-10,-23,10,0,0
37,1586,32016521,3656,2030,-578,15830,0
4,1585,32026537,-2072,3447,7194,0,0
13,1586,32026577,13,7,7,0,0
37,1587,32036733,3660,2033,-578,15829,0
L,32040489,VALID,-26.816,15.203,1
4,1586,32046714,-2120,3488,7113,0,0
13,1587,32046754,62,27,2,0,0
37,1588,32056717,3664,2032,-578,15828,0
4,1587,32066867,-2099,3485,7141,0,0
13,1588,32066906,38,-17,3,0,0
37,1589,32076869,3667,2031,-577,15827,0
4,1588,32086901,-2080,3475,7127,0,0
13,1589,32086940,27,17,35,0,0
37,1590,32097024,3670,2031,-575,15827,0
4,1589,32107054,-2083,3488,7150,0,0
13,1590,32107094,38,-2,-16,0,0
37,1591,32117138,3674,2032,-579,15826,0
4,1590,32127173,-2115,3504,7111,0,0
13,1591,32127213,26,-18,-28,0,0
37,1592,32137165,3674,2030,-581,15826,0
L,32140891,VALID,-26.915,15.188,1
4,1591,32147270,-2122,3499,7130,0,0
13,1592,32147310,0,-27,12,0,0
37,1593,32157335,3674,2027,-579,15826,0
4,1592,32167397,-2080,3496,7134,0,0
13,1593,32167437,0,-22,19,0,0
37,1594,32177377,3674,2024,-579,15827,0
4,1593,32187560,-2068,3488,7147,0,0
13,1594,32187627,7,-20,-14,0,0
37,1595,32197637,3675,2025,-581,15826,0
4,1594,32207612,-2116,3505,7125,0,0
13,1595,32207652,22,-2,-12,0,0
37,1596,32217786,3677,2024,-581,15826,0
4,1595,32227819,-2106,3518,7109,0,0
13,1596,32227859,1,-25,9,0,0
37,1597,32237850,3676,2019,-581,15827,0
L,32241579,VALID,-26.925,15.112,1
4,1596,32247907,-2068,3503,7143,0,0
13,1597,32247947,-24,-49,11,0,0
37,1598,32257886,3673,2016,-581,15828,0
4,1597,32268014,-2066,3484,7147,0,0
13,1598,32268054,-36,-16,-3,0,0
37,1599,32278084,3670,2015,-583,15828,0
4,1598,32288171,-2081,3475,7148,0,0
13,1599,32288210,-32,-29,-43,0,0
37,1600,32298092,3668,2015,-587,15829,0
4,1599,32308282,-2081,3492,7133,0,0
13,1600,32308349,-8,15,-49,0,0
37,1601,32318333,3665,2018,-590,15829,0
4,1600,32328438,-2096,3474,7149,0,0
13,1601,32328478,-30,15,-42,0,0
37,1602,32338437,3663,2020,-593,15829,0
L,32342154,VALID,-26.820,15.138,1
4,1601,32348439,-2109,3486,7148,0,0
13,1602,32348479,-19,4,-21,0,0
37,1603,32358694,3662,2021,-593,15829,0
4,1602,32368670,-2101,3493,7143,0,0
13,1603,32368709,-12,17,5,0,0
37,1604,32378598,3661,2022,-592,15829,0
4,1603,32388823,-2087,3489,7128,0,0
13,1604,32388863,-30,0,15,0,0
37,1605,32398753,3658,2022,-590,15830,0
4,1604,32408849,-2092,3482,7128,0,0
13,1605,32408888,-67,-4,14,0,0
37,1606,32418874,3652,2021,-588,15832,0
4,1605,32429021,-2079,3462,7147,0,0
13,1606,32429061,-59,3,13,0,0
37,1607,32439218,3647,2022,-587,15833,0
L,32442920,VALID,-26.708,15.141,1
4,1606,32449163,-2085,3448,7166,0,0
13,1607,32449203,-29,6,3,0,0
37,1608,32459105,3645,2021,-587,15833,0
4,1607,32469357,-2089,3468,7156,0,0
13,1608,32469397,-25,-27,-10,0,0
37,1609,32479269,3643,2018,-589,15834,0
4,1608,32489321,-2089,3461,7150,0,0
13,1609,32489361,-38,-41,-9,0,0
37,1610,32499329,3639,2016,-588,15835,0
4,1609,32509441,-2078,3445,7171,0,0
13,1610,32509480,-17,-1,20,0,0
37,1611,32519552,3639,2016,-586,15836,0
4,1610,32529561,-2085,3442,7167,0,0
13,1611,32529600,8,0,19,0,0
37,1612,32539575,3641,2015,-585,15835,0
L,32543322,VALID,-26.663,15.090,1
4,1611,32549650,-2087,3464,7159,0,0
13,1612,32549690,28,5,7,0,0
37,1613,32559818,3644,2016,-584,15834,0
4,1612,32569822,-2098,3465,7163,0,0
13,1613,32569861,33,6,27,0,0
37,1614,32579771,3648,2015,-582,15834,0
4,1613,32589931,-2059,3476,7140,0,0
13,1614,32589971,37,-9,14,0,0
37,1615,32600014,3651,2014,-582,15833,0
4,1614,32610066,-2068,3488,7138,0,0
13,1615,32610106,14,7,-2,0,0
37,1616,32620075,3651,2015,-583,15833,0
4,1615,32630120,-2094,3491,7146,0,0
13,1616,32630159,-19,-4,-16,0,0
37,1617,32640231,3648,2014,-584,15834,0
L,32643949,VALID,-26.714,15.082,1
4,1616,32650269,-2106,3465,7148,0,0
13,1617,32650309,-29,-38,0,0,0
37,1618,32660273,3646,2009,-583,15835,0
4,1617,32670446,-2068,3466,7167,0,0
13,1618,32670486,-10,-40,23,0,0
37,1619,32680559,3646,2007,-581,15835,0
4,1618,32690586,-2082,3460,7144,0,0
13,1619,32690626,3,-11,40,0,0
37,1620,32700623,3647,2005,-577,15835,0
4,1619,32710652,-2023,3447,7172,0,0
13,1620,32710692,1,0,43,0,0
37,1621,32720699,3649,2006,-576,15835,0
4,1620,32730773,-2043,3457,7177,0,0
13,1621,32730813,65,57,-18,0,0
37,1622,32740754,3656,2013,-579,15832,0
L,32744498,VALID,-26.778,15.067,1
4,1621,32750990,-2129,3485,7121,0,0
13,1622,32751030,81,50,-36,0,0
37,1623,32761013,3662,2015,-581,15831,0
4,1622,32771023,-2152,3513,7091,0,0
13,1623,32771062,8,-45,23,0,0
37,1624,32780951,3659,2007,-576,15832,0
4,1623,32791089,-2032,3490,7159,0,0
13,1624,32791129,-44,-60,74,0,0
37,1625,32801166,3656,2003,-572,15834,0
4,1624,32811185,-2003,3473,7164,0,0
13,1625,32811253,-37,-11,-2,0,0
37,1626,32821279,3653,2004,-576,15834,0
4,1625,32831333,-2061,3468,7164,0,0
13,1626,32831372,6,12,-83,0,0
37,1627,32841431,3655,2008,-583,15833,0
L,32845170,VALID,-26.765,15.039,1
4,1626,32851410,-2114,3465,7142,0,0
13,1627,32851449,37,22,-29,0,0
37,1628,32861493,3658,2008,-582,15832,0
4,1627,32871554,-2089,3489,7137,0,0
13,1628,32871593,23,-16,30,0,0
37,1629,32881604,3660,2006,-579,15832,0
4,1628,32891648,-2085,3488,7129,0,0
13,1629,32891687,0,-21,52,0,0
37,1630,32901672,3659,2001,-575,15833,0
4,1629,32911768,-2018,3478,7165,0,0
13,1630,32911808,-24,-43,35,0,0
37,1631,32921809,3657,1999,-574,15834,0
4,1630,32931871,-2048,3490,7154,0,0
13,1631,32931911,-6,25,-3,0,0
37,1632,32941868,3657,2002,-574,15834,0
L,32945588,VALID,-26.784,14.983,1
4,1631,32952065,-2084,3490,7146,0,0
13,1632,32952104,-28,12,-14,0,0
37,1633,32962078,3653,2003,-575,15834,0
4,1632,32972242,-2087,3467,7154,0,0
13,1633,32972282,-33,-3,-10,0,0
37,1634,32982058,3651,2002,-575,15835,0
4,1633,32992259,-2077,3461,7161,0,0
13,1634,32992298,-14,-10,16,0,0
37,1635,33002394,3650,2001,-573,15835,0
4,1634,33012310,-2050,3464,7165,0,0
13,1635,33012349,12,-2,20,0,0
37,1636,33022375,3654,2001,-572,15835,0
4,1635,33032558,-2071,3479,7149,0,0
13,1636,33032598,36,18,20,0,0
37,1637,33042600,3657,2002,-570,15834,0
L,33046363,VALID,-26.788,14.977,1
4,1636,33052762,-2055,3496,7123,0,0
13,1637,33052802,22,11,16,0,0
37,1638,33062535,3658,2003,-569,15833,0
4,1637,33072748,-2067,3499,7129,0,0
13,1638,33072788,0,4,-6,0,0
37,1639,33082839,3657,2002,-571,15834,0
4,1638,33092998,-2097,3482,7131,0,0
13,1639,33093037,-31,-45,-26,0,0
37,1640,33102911,3653,1997,-572,15835,0
4,1639,33113014,-2075,3477,7140,0,0
13,1640,33113054,-67,-54,36,0,0
37,1641,33123048,3646,1991,-567,15838,0
4,1640,33133126,-2062,3464,7165,0,0
13,1641,33133165,-77,-57,59,0,0
37,1642,33143108,3641,1986,-562,15840,0
L,33146825,VALID,-26.671,14.854,1
4,1641,33153214,-2033,3446,7173,0,0
13,1642,33153254,-39,-41,71,0,0
37,1643,33163313,3640,1982,-557,15841,0
4,1642,33173341,-2058,3457,7193,0,0
13,1643,33173381,-3,-23,80,0,0
37,1644,33183320,3642,1978,-549,15841,0
4,1643,33193540,-2036,3484,7146,0,0
13,1644,33193580,8,-23,101,0,0
37,1645,33203589,3643,1973,-542,15842,0
4,1644,33213582,-2019,3483,7166,0,0
13,1645,33213622,-1,-50,61,0,0
37,1646,33223613,3643,1968,-538,15842,0
4,1645,33233701,-1998,3478,7177,0,0
13,1646,33233741,-5,-15,45,0,0
37,1647,33243717,3644,1967,-536,15842,0
L,33247435,VALID,-26.708,14.683,1
4,1646,33253824,-2012,3481,7157,0,0
13,1647,33253864,16,16,18,0,0
37,1648,33263811,3646,1970,-534,15842,0
4,1647,33273984,-2022,3479,7152,0,0
13,1648,33274023,0,12,8,0,0
37,1649,33284007,3645,1969,-535,15842,0
4,1648,33294018,-2017,3467,7190,0,0
13,1649,33294057,5,3,-22,0,0
37,1650,33304085,3647,1971,-537,15841,0
4,1649,33314201,-2029,3483,7155,0,0
13,1650,33314241,13,12,-13,0,0
37,1651,33324332,3647,1971,-538,15841,0
4,1650,33334364,-2022,3478,7166,0,0
13,1651,33334403,1,2,-30,0,0
37,1652,33344350,3647,1973,-540,15841,0
L,33348106,VALID,-26.728,14.730,1
4,1651,33354563,-2045,3491,7156,0,0
13,1652,33354602,-1,11,-9,0,0
37,1653,33364482,3646,1974,-538,15841,0
4,1652,33374465,-2017,3467,7167,0,0
13,1653,33374505,-16,22,34,0,0
37,1654,33384481,3646,1976,-535,15841,0
4,1653,33394584,-2023,3476,7152,0,0
13,1654,33394624,-15,33,1,0,0
37,1655,33404686,3644,1979,-537,15841,0
4,1654,33414688,-2061,3480,7153,0,0
13,1655,33414728,-22,2,-23,0,0
37,1656,33424711,3641,1978,-537,15842,0
4,1655,33434887,-2057,3460,7166,0,0
13,1656,33434926,-26,-22,3,0,0
37,1657,33444872,3640,1975,-537,15842,0
L,33448568,VALID,-26.680,14.740,1
4,1656,33454898,-2030,3463,7168,0,0
13,1657,33454938,2,-22,13,0,0
37,1658,33465015,3641,1974,-536,15842,0
4,1657,33475127,-2008,3475,7178,0,0
13,1658,33475166,16,12,18,0,0
37,1659,33485124,3643,1976,-535,15841,0
4,1658,33495177,-2036,3487,7151,0,0
13,1659,33495216,21,23,-15,0,0
37,1660,33505185,3644,1977,-537,15841,0
4,1659,33515365,-2028,3483,7156,0,0
13,1660,33515405,-18,-12,-23,0,0
37,1661,33525314,3641,1977,-539,15842,0
4,1660,33535357,-2046,3464,7160,0,0
13,1661,33535397,-40,-15,-7,0,0
37,1662,33545433,3637,1974,-539,15843,0
L,33549152,VALID,-26.656,14.736,1
4,1661,33555412,-2026,3459,7192,0,0
13,1662,33555451,-11,-7,0,0,0
37,1663,33565675,3638,1975,-538,15843,0
4,1662,33575644,-2025,3462,7157,0,0
13,1663,33575684,0,1,-4,0,0
37,1664,33585638,3638,1974,-540,15843,0
4,1663,33595751,-2031,3461,7179,0,0
13,1664,33595791,14,6,-18,0,0
37,1665,33605793,3640,1976,-540,15842,0
4,1664,33615829,-2031,3464,7171,0,0
13,1665,33615868,34,25,-7,0,0
37,1666,33625922,3643,1978,-542,15841,0
4,1665,33635958,-2060,3490,7140,0,0
13,1666,33635998,20,2,-16,0,0
37,1667,33646060,3644,1978,-542,15841,0
L,33649779,VALID,-26.706,14.768,1
4,1666,33656082,-2052,3486,7143,0,0
13,1667,33656122,-24,-11,15,0,0
37,1668,33666068,3641,1976,-540,15842,0
4,1667,33676216,-2027,3484,7148,0,0
13,1668,33676255,-43,-11,25,0,0
37,1669,33686214,3636,1975,-538,15843,0
4,1668,33696320,-2018,3472,7160,0,0
13,1669,33696360,-64,-18,1,0,0
37,1670,33706289,3630,1972,-539,15845,0
4,1669,33716438,-1988,3458,7172,0,0
13,1670,33716477,-78,-43,-8,0,0
37,1671,33726523,3624,1971,-540,15846,0
4,1670,33736499,-2018,3428,7205,0,0
13,1671,33736538,-24,-9,-15,0,0
37,1672,33746653,3625,1971,-542,15846,0
L,33750363,VALID,-26.564,14.720,1
4,1671,33756657,-2003,3433,7206,0,0
13,1672,33756696,52,41,-44,0,0
37,1673,33766713,3632,1978,-546,15843,0
4,1672,33776781,-2061,3448,7183,0,0
13,1673,33776821,117,73,-48,0,0
37,1674,33786799,3643,1984,-549,15840,0
4,1673,33796920,-2112,3508,7105,0,0
13,1674,33796960,102,3,3,0,0
37,1675,33807030,3648,1979,-547,15840,0
4,1674,33817068,-2030,3476,7160,0,0
13,1675,33817108,9,-47,61,0,0
37,1676,33826956,3648,1974,-542,15840,0
4,1675,33837230,-1982,3473,7183,0,0
13,1676,33837269,18,-22,32,0,0
37,1677,33847219,3651,1974,-544,15839,0
L,33850947,VALID,-26.756,14.744,1
4,1676,33857327,-2028,3473,7165,0,0
13,1677,33857366,54,25,-40,0,0
37,1678,33867306,3657,1980,-547,15837,0
4,1677,33877298,-2059,3501,7142,0,0
13,1678,33877337,57,56,-26,0,0
37,1679,33887581,3661,1984,-549,15836,0
4,1678,33897513,-2081,3535,7105,0,0
13,1679,33897553,0,0,-14,0,0
37,1680,33907397,3657,1980,-549,15837,0
4,1679,33917666,-2025,3473,7170,0,0
13,1680,33917706,-53,-65,5,0,0
37,1681,33927622,3653,1976,-549,15839,0
4,1680,33937754,-2045,3490,7141,0,0
13,1681,33937794,-32,-37,-3,0,0
37,1682,33947766,3649,1972,-551,15840,0
L,33951479,VALID,-26.734,14.741,1
4,1681,33957928,-2025,3472,7158,0,0
13,1682,33957968,-50,-52,-14,0,0
37,1683,33968063,3645,1968,-553,15841,0
4,1682,33978037,-2059,3470,7163,0,0
13,1683,33978076,-27,-51,2,0,0
37,1684,33987992,3643,1963,-549,15843,0
4,1683,33998200,-1994,3468,7163,0,0
13,1684,33998239,-48,-34,75,0,0
37,1685,34008123,3639,1959,-545,15844,0
4,1684,34018208,-1983,3462,7206,0,0
13,1685,34018248,-39,-30,1,0,0
37,1686,34028189,3637,1959,-547,15844,0
4,1685,34038328,-2045,3478,7146,0,0
13,1686,34038368,-13,13,-12,0,0
37,1687,34048412,3635,1960,-545,15845,0
L,34052141,VALID,-26.631,14.649,1
4,1686,34058426,-2004,3457,7180,0,0
13,1687,34058493,-44,1,27,0,0
37,1688,34068411,3632,1960,-543,15846,0
4,1687,34078498,-2011,3462,7182,0,0
13,1688,34078538,-11,13,18,0,0
37,1689,34088684,3633,1960,-541,15846,0
4,1688,34098687,-2026,3481,7158,0,0
13,1689,34098726,1,11,18,0,0
37,1690,34108660,3632,1961,-538,15846,0
4,1689,34118813,-2002,3468,7177,0,0
13,1690,34118853,-14,9,22,0,0
37,1691,34128911,3632,1961,-537,15846,0
4,1690,34138982,-2027,3444,7185,0,0
13,1691,34139022,8,15,10,0,0
37,1692,34148996,3634,1963,-534,15845,0
L,34152725,VALID,-26.634,14.652,1
4,1691,34159061,-2022,3477,7154,0,0
13,1692,34159101,15,27,47,0,0
37,1693,34169134,3636,1963,-530,15845,0
4,1692,34179187,-2014,3485,7150,0,0
13,1693,34179227,-13,11,39,0,0
37,1694,34189193,3633,1962,-528,15846,0
4,1693,34199402,-2003,3456,7174,0,0
13,1694,34199442,-41,-26,10,0,0
37,1695,34209495,3629,1960,-528,15847,0
4,1694,34219506,-1996,3457,7179,0,0
13,1695,34219546,-28,3,-13,0,0
37,1696,34229522,3628,1963,-529,15847,0
4,1695,34239539,-2035,3462,7171,0,0
13,1696,34239579,-17,24,-25,0,0
37,1697,34249608,3626,1965,-531,15847,0
L,34253317,VALID,-26.578,14.661,1
4,1696,34259655,-2048,3471,7170,0,0
13,1697,34259694,-27,-12,-12,0,0
37,1698,34269668,3623,1963,-530,15848,0
4,1697,34279935,-2035,3462,7158,0,0
13,1698,34279975,-37,-23,20,0,0
37,1699,34289935,3619,1960,-528,15849,0
4,1698,34299953,-2010,3460,7173,0,0
13,1699,34300021,-64,-32,42,0,0
37,1700,34309890,3614,1956,-524,15851,0
4,1699,34320066,-1977,3448,7206,0,0
13,1700,34320106,-52,-10,13,0,0
37,1701,34330148,3610,1957,-526,15852,0
4,1700,34340141,-2012,3434,7201,0,0
13,1701,34340181,-21,3,-44,0,0
37,1702,34350225,3610,1959,-529,15851,0
L,34353953,VALID,-26.460,14.617,1
4,1701,34360238,-2037,3438,7172,0,0
13,1702,34360278,7,13,-23,0,0
37,1703,34370337,3610,1960,-529,15851,0
4,1702,34380321,-2038,3474,7157,0,0
13,1703,34380360,-30,-25,15,0,0
37,1704,34390423,3605,1955,-529,15853,0
4,1703,34400493,-2011,3450,7156,0,0
13,1704,34400533,-81,-77,-2,0,0
37,1705,34410595,3596,1948,-530,15856,0
4,1704,34420630,-1959,3402,7226,0,0
13,1705,34420670,-66,-67,-34,0,0
37,1706,34430663,3593,1946,-536,15857,0
4,1705,34440795,-1983,3421,7236,0,0
13,1706,34440835,12,-16,-82,0,0
37,1707,34450808,3596,1947,-545,15856,0
L,34454511,VALID,-26.338,14.558,1
4,1706,34460907,-2068,3422,7168,0,0
13,1707,34460947,44,-32,-78,0,0
37,1708,34470912,3598,1943,-549,15855,0
4,1707,34481044,-2029,3446,7169,0,0
13,1708,34481084,5,-76,17,0,0
37,1709,34491041,3597,1934,-547,15857,0
4,1708,34501206,-1991,3452,7189,0,0
13,1709,34501246,-18,-85,31,0,0
37,1710,34511060,3595,1926,-547,15858,0
4,1709,34521246,-1984,3438,7188,0,0
13,1710,34521286,-45,-89,14,0,0
37,1711,34531369,3590,1920,-546,15860,0
4,1710,34541284,-1966,3419,7197,0,0
13,1711,34541324,-58,-58,25,0,0
37,1712,34551376,3585,1914,-545,15862,0
L,34555104,VALID,-26.246,14.332,1
4,1711,34561546,-1969,3419,7233,0,0
13,1712,34561586,-36,-54,-1,0,0
37,1713,34571641,3584,1912,-546,15862,0
4,1712,34581723,-2009,3428,7178,0,0
13,1713,34581763,-33,-46,13,0,0
37,1714,34591533,3579,1905,-544,15864,0
4,1713,34601721,-1950,3398,7244,0,0
13,1714,34601761,-34,-73,39,0,0
37,1715,34611789,3579,1899,-542,15865,0
4,1714,34621911,-1984,3413,7215,0,0
13,1715,34621950,10,-68,41,0,0
37,1716,34631849,3580,1891,-538,15866,0
4,1715,34642030,-1971,3420,7206,0,0
13,1716,34642069,13,-86,72,0,0
37,1717,34652013,3581,1881,-533,15867,0
L,34655766,VALID,-26.215,14.086,1
4,1716,34662094,-1946,3411,7210,0,0
13,1717,34662134,-15,-103,121,0,0
37,1718,34672065,3581,1871,-522,15869,0
4,1717,34682159,-1878,3405,7264,0,0
13,1718,34682226,24,-37,118,0,0
37,1719,34692289,3588,1868,-516,15868,0
4,1718,34702317,-1919,3435,7207,0,0
13,1719,34702356,78,-2,65,0,0
37,1720,34712311,3595,1866,-514,15866,0
4,1719,34722478,-1975,3470,7160,0,0
13,1720,34722518,47,-83,24,0,0
37,1721,34732511,3596,1853,-514,15868,0
4,1720,34742502,-1958,3469,7166,0,0
13,1721,34742542,-36,-183,65,0,0
37,1722,34752536,3590,1835,-507,15871,0
L,34756263,VALID,-26.286,13.730,1
4,1721,34762633,-1838,3423,7250,0,0
13,1722,34762673,-75,-153,130,0,0
37,1723,34772674,3587,1823,-499,15874,0
4,1722,34782743,-1833,3429,7242,0,0
13,1723,34782783,-22,-78,68,0,0
37,1724,34792750,3587,1817,-498,15875,0
4,1723,34802914,-1874,3439,7223,0,0
13,1724,34802981,8,-56,8,0,0
37,1725,34812987,3588,1812,-498,15875,0
4,1724,34823001,-1910,3464,7183,0,0
13,1725,34823041,-18,-71,45,0,0
37,1726,34833051,3584,1802,-494,15877,0
4,1725,34843130,-1859,3453,7209,0,0
13,1726,34843170,-96,-144,66,0,0
37,1727,34853250,3574,1787,-492,15881,0
L,34856951,VALID,-26.162,13.377,1
4,1726,34863253,-1820,3436,7236,0,0
13,1727,34863293,-115,-152,13,0,0
37,1728,34873285,3563,1775,-494,15885,0
4,1727,34883491,-1802,3388,7285,0,0
13,1728,34883530,-82,-134,-18,0,0
37,1729,34893405,3559,1766,-498,15886,0
4,1728,34903386,-1829,3394,7241,0,0
13,1729,34903425,-24,-106,-30,0,0
37,1730,34913420,3557,1757,-503,15888,0
4,1729,34923524,-1844,3412,7261,0,0
13,1730,34923563,-10,-130,-19,0,0
37,1731,34933654,3556,1744,-507,15889,0
4,1730,34943681,-1852,3426,7226,0,0
13,1731,34943721,-7,-194,0,0,0
37,1732,34953684,3554,1725,-508,15892,0
L,34957396,VALID,-25.984,12.975,1
4,1731,34963870,-1767,3413,7248,0,0
13,1732,34963910,-45,-194,72,0,0
37,1733,34973832,3551,1710,-503,15894,0
4,1732,34983885,-1753,3417,7261,0,0
13,1733,34983925,-42,-144,64,0,0
37,1734,34993954,3547,1696,-502,15897,0
4,1733,35004074,-1728,3390,7292,0,0
13,1734,35004114,-7,-155,10,0,0
37,1735,35014055,3549,1683,-507,15897,0
4,1734,35024151,-1772,3413,7248,0,0
13,1735,35024191,21,-164,-12,0,0
37,1736,35034150,3549,1668,-509,15899,0
4,1735,35044289,-1770,3415,7277,0,0
13,1736,35044328,17,-201,43,0,0
37,1737,35054261,3551,1648,-507,15901,0
L,35057997,VALID,-25.939,12.445,1
4,1736,35064361,-1772,3436,7223,0,0
13,1737,35064401,-35,-281,123,0,0
37,1738,35074441,3545,1615,-500,15906,0
4,1737,35084428,-1658,3389,7308,0,0
13,1738,35084468,-44,-336,137,0,0
37,1739,35094650,3544,1586,-494,15909,0
4,1738,35104616,-1585,3382,7308,0,0
13,1739,35104655,-21,-253,161,0,0
37,1740,35114580,3544,1567,-485,15911,0
4,1739,35124743,-1588,3380,7329,0,0
13,1740,35124783,56,-135,91,0,0
37,1741,35134743,3553,1557,-482,15910,0
4,1740,35144761,-1652,3437,7261,0,0
13,1741,35144800,72,-104,82,0,0
37,1742,35154862,3557,1544,-477,15911,0
L,35158616,VALID,-25.974,11.685,1
4,1741,35164926,-1660,3422,7278,0,0
13,1742,35164966,53,-172,95,0,0
37,1743,35175034,3563,1523,-473,15912,0
4,1742,35185080,-1685,3457,7225,0,0
13,1743,35185120,21,-319,156,0,0
37,1744,35195040,3561,1486,-460,15916,0
4,1743,35205188,-1523,3458,7260,0,0
13,1744,35205228,-99,-370,291,0,0
37,1745,35215224,3551,1450,-441,15922,0
4,1744,35225258,-1413,3402,7366,0,0
13,1745,35225298,-87,-303,214,0,0
37,1746,35235215,3548,1425,-433,15925,0
4,1745,35245390,-1450,3397,7330,0,0
13,1746,35245430,1,-224,97,0,0
37,1747,35255481,3551,1406,-430,15926,0
L,35259199,VALID,-25.924,10.667,1
4,1746,35265433,-1472,3436,7294,0,0
13,1747,35265473,36,-217,96,0,0
37,1748,35275610,3554,1384,-425,15927,0
4,1747,35285618,-1468,3452,7293,0,0
13,1748,35285658,2,-254,109,0,0
37,1749,35295651,3553,1359,-420,15930,0
4,1748,35305730,-1447,3437,7300,0,0
13,1749,35305796,-29,-277,158,0,0
37,1750,35315695,3550,1331,-409,15933,0
4,1749,35325868,-1395,3445,7291,0,0
13,1750,35325908,-56,-290,181,0,0
37,1751,35335953,3544,1300,-401,15938,0
4,1750,35346032,-1284,3404,7370,0,0
13,1751,35346071,-78,-338,127,0,0
37,1752,35355936,3540,1272,-400,15941,0
L,35359659,VALID,-25.829,9.702,1
4,1751,35366101,-1331,3413,7347,0,0
13,1752,35366141,7,-289,50,0,0
37,1753,35376168,3543,1247,-400,15942,0
4,1752,35386221,-1380,3472,7287,0,0
13,1753,35386260,-22,-316,97,0,0
37,1754,35396213,3536,1213,-396,15946,0
4,1753,35406236,-1314,3451,7307,0,0
13,1754,35406276,-97,-427,143,0,0
37,1755,35416513,3524,1170,-390,15952,0
4,1754,35426410,-1228,3393,7378,0,0
13,1755,35426477,-180,-489,184,0,0
37,1756,35436339,3510,1123,-383,15959,0
4,1755,35446597,-1099,3376,7422,0,0
13,1756,35446637,-93,-450,141,0,0
37,1757,35456555,3507,1086,-382,15962,0
L,35460272,VALID,-25.564,8.400,1
4,1756,35466625,-1167,3423,7363,0,0
13,1757,35466664,-23,-443,82,0,0
37,1758,35476613,3504,1044,-383,15966,0
4,1757,35486758,-1212,3465,7269,0,0
13,1758,35486797,-99,-550,139,0,0
37,1759,35496907,3486,986,-375,15973,0
4,1758,35506906,-956,3350,7444,0,0
13,1759,35506946,-224,-577,230,0,0
37,1760,35516828,3470,940,-365,15980,0
4,1759,35527068,-913,3363,7440,0,0
13,1760,35527107,-175,-407,192,0,0
37,1761,35536984,3457,904,-360,15985,0
4,1760,35547059,-901,3341,7470,0,0
13,1761,35547099,-99,-415,29,0,0
37,1762,35557084,3452,868,-372,15988,0
L,35560743,VALID,-25.140,6.890,1
4,1761,35567184,-921,3329,7465,0,0
13,1762,35567224,35,-445,-80,0,0
37,1763,35577322,3459,833,-385,15988,0
4,1762,35587310,-1073,3425,7313,0,0
13,1763,35587349,15,-413,93,0,0
37,1764,35597316,3450,792,-369,15992,0
4,1763,35607386,-791,3311,7471,0,0
13,1764,35607426,-111,-379,340,0,0
37,1765,35617491,3445,759,-347,15995,0
4,1764,35627515,-766,3366,7424,0,0
13,1765,35627555,-68,-279,270,0,0
37,1766,35637480,3439,729,-335,15998,0
4,1765,35647616,-767,3353,7453,0,0
13,1766,35647655,-44,-325,122,0,0
37,1767,35657738,3437,699,-331,16000,0
L,35661370,VALID,-25.030,5.671,1
4,1766,35667784,-754,3355,7426,0,0
13,1767,35667823,-59,-343,114,0,0
37,1768,35677807,3431,668,-328,16003,0
4,1767,35687895,-727,3354,7449,0,0
13,1768,35687934,-43,-319,131,0,0
37,1769,35697985,3427,638,-321,16005,0
4,1768,35707980,-648,3297,7502,0,0
13,1769,35708020,-23,-279,117,0,0
37,1770,35717969,3429,615,-318,16005,0
4,1769,35728159,-664,3335,7450,0,0
13,1770,35728199,72,-223,103,0,0
37,1771,35738219,3436,597,-310,16005,0
4,1770,35748245,-657,3347,7440,0,0
13,1771,35748284,68,-152,181,0,0
37,1772,35758323,3443,581,-295,16004,0
L,35761971,VALID,-25.075,4.811,1
4,1771,35768359,-629,3368,7442,0,0
13,1772,35768399,57,-152,196,0,0
37,1773,35778416,3448,562,-285,16004,0
4,1772,35788468,-606,3373,7447,0,0
13,1773,35788508,75,-215,122,0,0
37,1774,35798432,3455,539,-282,16003,0
4,1773,35808777,-614,3362,7449,0,0
13,1774,35808817,69,-258,78,0,0
37,1775,35818778,3462,515,-276,16003,0
4,1774,35828770,-540,3366,7454,0,0
13,1775,35828810,103,-236,165,0,0
37,1776,35838693,3472,492,-268,16001,0
4,1775,35848845,-516,3366,7488,0,0
13,1776,35848885,170,-197,105,0,0
37,1777,35858916,3491,476,-264,15998,0
L,35862581,VALID,-25.420,4.049,1
4,1776,35868943,-544,3415,7429,0,0
13,1777,35868983,234,-171,81,0,0
37,1778,35879009,3512,457,-261,15994,0
4,1777,35889061,-564,3455,7361,0,0
13,1778,35889100,220,-229,153,0,0
37,1779,35899145,3527,431,-248,15991,0
4,1778,35909129,-467,3430,7438,0,0
13,1779,35909168,151,-278,216,0,0
37,1780,35919214,3542,402,-236,15989,0
4,1779,35929292,-408,3464,7412,0,0
13,1780,35929358,216,-257,174,0,0
37,1781,35939379,3562,378,-229,15985,0
4,1780,35949433,-473,3465,7402,0,0
13,1781,35949472,218,-284,148,0,0
37,1782,35959463,3581,347,-220,15982,0
L,35963087,VALID,-26.068,3.105,1
4,1781,35969541,-399,3509,7363,0,0
13,1782,35969581,200,-311,195,0,0
37,1783,35979576,3596,315,-211,15979,0
4,1782,35989630,-418,3552,7334,0,0
13,1783,35989670,106,-402,194,0,0
37,1784,35999602,3600,270,-202,15979,0
4,1783,36009773,-250,3471,7437,0,0
13,1784,36009813,87,-441,199,0,0
37,1785,36019799,3613,234,-193,15977,0
4,1784,36029936,-285,3549,7341,0,0
13,1785,36029976,124,-368,200,0,0
37,1786,36039764,3620,196,-184,15976,0
4,1785,36049960,-195,3526,7373,0,0
13,1786,36050000,90,-388,167,0,0
37,1787,36060126,3629,163,-176,15975,0
L,36063740,VALID,-26.413,1.783,1
4,1786,36070069,-157,3532,7371,0,0
13,1787,36070109,116,-270,179,0,0
37,1788,36080114,3639,140,-166,15973,0
4,1787,36090305,-122,3523,7400,0,0
13,1788,36090345,134,-201,111,0,0
37,1789,36100359,3653,122,-166,15970,0
4,1788,36110436,-175,3603,7304,0,0
13,1789,36110475,127,-209,20,0,0
37,1790,36120272,3659,101,-170,15968,0
4,1789,36130469,-135,3575,7356,0,0
13,1790,36130509,52,-262,26,0,0
37,1791,36140555,3663,79,-170,15967,0
4,1790,36150701,-108,3565,7372,0,0
13,1791,36150740,70,-212,53,0,0
37,1792,36160657,3671,63,-168,15966,0
L,36164202,VALID,-26.717,1.091,1
4,1791,36170738,-78,3564,7361,0,0
13,1792,36170777,101,-126,65,0,0
37,1793,36180804,3680,51,-167,15964,0
4,1792,36190918,-110,3617,7305,0,0
13,1793,36190957,87,-144,13,0,0
37,1794,36200821,3685,38,-169,15963,0
4,1793,36210949,-103,3622,7304,0,0
13,1794,36210989,5,-181,16,0,0
37,1795,36221069,3681,18,-173,15963,0
4,1794,36231037,-108,3565,7385,0,0
13,1795,36231076,-26,-275,3,0,0
37,1796,36241043,3682,-7,-176,15963,0
4,1795,36251260,-46,3593,7348,0,0
13,1796,36251299,2,-281,92,0,0
37,1797,36261249,3682,-31,-170,15963,0
L,36264890,VALID,-26.800,0.453,1
4,1796,36271279,61,3573,7344,0,0
13,1797,36271318,48,-178,77,0,0
37,1798,36281300,3687,-43,-172,15962,0
4,1797,36291413,17,3563,7377,0,0
13,1798,36291452,48,-149,-1,0,0
37,1799,36301524,3694,-55,-175,15961,0
4,1798,36311578,24,3571,7364,0,0
13,1799,36311618,167,-78,-4,0,0
37,1800,36321581,3711,-59,-175,15956,0
4,1799,36331748,2,3603,7337,0,0
13,1800,36331788,191,-64,29,0,0
37,1801,36341755,3729,-65,-172,15952,0
4,1800,36351810,20,3635,7310,0,0
13,1801,36351849,211,-28,33,0,0
37,1802,36361850,3746,-67,-171,15948,0
L,36365509,VALID,-27.261,0.213,1
4,1801,36371914,-7,3675,7287,0,0
13,1802,36371954,167,-44,27,0,0
37,1803,36382065,3757,-75,-169,15946,0
4,1802,36392068,41,3656,7295,0,0
13,1803,36392108,93,-81,34,0,0
37,1804,36402055,3765,-81,-167,15944,0
4,1803,36412360,31,3696,7271,0,0
13,1804,36412400,85,-52,46,0,0
37,1805,36422234,3769,-87,-164,15943,0
4,1804,36432222,63,3646,7324,0,0
13,1805,36432289,39,-40,31,0,0
37,1806,36442280,3774,-89,-165,15942,0
4,1805,36452417,48,3661,7304,0,0
13,1806,36452457,72,-31,-13,0,0
37,1807,36462510,3782,-91,-166,15940,0
L,36466119,VALID,-27.521,0.044,1
4,1806,36472550,41,3702,7266,0,0
13,1807,36472589,88,-18,-18,0,0
37,1808,36482520,3786,-94,-168,15939,0
4,1807,36492695,35,3676,7295,0,0
13,1808,36492735,24,-53,9,0,0
37,1809,36502657,3788,-98,-167,15938,0
4,1808,36512710,59,3634,7339,0,0
13,1809,36512750,68,-22,19,0,0
37,1810,36522820,3800,-99,-166,15936,0
4,1809,36532925,44,3693,7275,0,0
13,1810,36532965,145,-6,2,0,0
37,1811,36542906,3811,-100,-167,15933,0
4,1810,36552961,47,3730,7261,0,0
13,1811,36553028,92,-26,-3,0,0
37,1812,36563071,3816,-103,-168,15932,0
L,36566764,VALID,-27.766,-0.033,1
4,1811,36573213,66,3702,7284,0,0
13,1812,36573252,34,-35,-9,0,0
37,1813,36583171,3819,-106,-170,15931,0
4,1812,36593244,56,3703,7289,0,0
13,1813,36593284,60,-21,-21,0,0
37,1814,36603284,3826,-106,-171,15929,0
4,1813,36613259,50,3728,7262,0,0
13,1814,36613299,63,-9,2,0,0
37,1815,36623480,3830,-107,-171,15928,0
4,1814,36633451,65,3697,7285,0,0
13,1815,36633490,78,-7,3,0,0
37,1816,36643471,3839,-108,-171,15926,0
4,1815,36653596,63,3718,7262,0,0
13,1816,36653635,105,-6,4,0,0
37,1817,36663635,3849,-108,-170,15924,0
L,36667356,VALID,-28.003,-0.062,1
4,1816,36673642,51,3773,7226,0,0
13,1817,36673682,107,0,0,0,0
37,1818,36683782,3855,-109,-171,15922,0
4,1817,36693848,56,3732,7259,0,0
13,1818,36693887,51,-14,-7,0,0
37,1819,36703974,3860,-109,-172,15921,0
4,1818,36713966,57,3741,7274,0,0
13,1819,36714006,77,4,0,0,0
37,1820,36723986,3869,-108,-171,15919,0
4,1819,36734111,51,3759,7222,0,0
13,1820,36734151,90,14,9,0,0
37,1821,36744107,3875,-107,-169,15917,0
4,1820,36754170,51,3765,7246,0,0
13,1821,36754210,69,14,11,0,0
37,1822,36764150,3881,-107,-168,15916,0
L,36767871,VALID,-28.234,-0.056,1
4,1821,36774285,46,3783,7238,0,0
13,1822,36774325,29,5,12,0,0
37,1823,36784400,3882,-106,-167,15916,0
4,1822,36794378,48,3803,7197,0,0
13,1823,36794418,-31,5,17,0,0
37,1824,36804582,3874,-107,-166,15917,0
4,1823,36814595,61,3748,7262,0,0
13,1824,36814634,-93,-3,7,0,0
37,1825,36824617,3868,-106,-166,15919,0
4,1824,36834678,48,3760,7234,0,0
13,1825,36834717,-82,2,4,0,0
37,1826,36844699,3860,-107,-165,15921,0
4,1825,36854773,60,3723,7293,0,0
13,1826,36854812,-46,1,5,0,0
37,1827,36864906,3860,-106,-164,15921,0
L,36868602,VALID,-28.083,-0.057,1
4,1826,36874991,47,3747,7229,0,0
13,1827,36875030,3,15,33,0,0
37,1828,36884872,3859,-106,-159,15921,0
4,1827,36895091,57,3742,7266,0,0
13,1828,36895130,-22,20,56,0,0
37,1829,36905123,3857,-105,-154,15922,0
4,1828,36915194,63,3737,7261,0,0
13,1829,36915234,10,15,30,0,0
37,1830,36925199,3858,-104,-154,15922,0
4,1829,36935264,55,3730,7281,0,0
13,1830,36935304,6,1,2,0,0
37,1831,36945495,3861,-104,-153,15921,0
4,1830,36955461,41,3748,7244,0,0
13,1831,36955501,52,19,26,0,0
37,1832,36965327,3866,-102,-148,15920,0
L,36969030,VALID,-28.125,-0.056,1
4,1831,36975539,43,3789,7201,0,0
13,1832,36975579,9,33,64,0,0
37,1833,36985516,3861,-102,-143,15921,0
4,1832,36995588,81,3758,7252,0,0
13,1833,36995628,-132,0,20,0,0
37,1834,37005567,3847,-102,-143,15924,0
4,1833,37015750,52,3715,7294,0,0
13,1834,37015790,-112,0,-6,0,0
37,1835,37025904,3841,-102,-143,15926,0
4,1834,37035872,55,3724,7279,0,0
13,1835,37035912,-44,1,6,0,0
37,1836,37045833,3839,-101,-143,15926,0
4,1835,37056089,47,3770,7219,0,0
13,1836,37056129,-69,1,8,0,0
37,1837,37065980,3829,-102,-143,15929,0
L,37069674,VALID,-27.858,-0.066,1
4,1836,37076079,62,3691,7317,0,0
13,1837,37076119,-89,-11,-1,0,0
37,1838,37086066,3824,-102,-143,15930,0
4,1837,37096172,51,3696,7293,0,0
13,1838,37096211,-12,1,2,0,0
37,1839,37106263,3825,-102,-142,15930,0
4,1838,37116284,55,3722,7268,0,0
13,1839,37116323,-26,0,8,0,0
37,1840,37126244,3821,-102,-142,15931,0
4,1839,37136342,52,3680,7303,0,0
13,1840,37136382,-5,5,14,0,0
37,1841,37146485,3824,-100,-138,15930,0
4,1840,37156499,30,3721,7273,0,0
13,1841,37156538,51,48,73,0,0
37,1842,37166469,3828,-96,-126,15929,0
L,37170111,VALID,-27.851,-0.053,1
4,1841,37176594,42,3774,7200,0,0
13,1842,37176662,-40,89,156,0,0
37,1843,37186731,3816,-93,-110,15932,0
4,1842,37196832,90,3730,7250,0,0
13,1843,37196872,-162,86,154,0,0
37,1844,37206787,3799,-89,-100,15936,0
4,1843,37216901,71,3710,7261,0,0
13,1844,37216941,-242,31,53,0,0
37,1845,37226916,3776,-88,-97,15942,0
4,1844,37236928,57,3642,7334,0,0
13,1845,37236967,-256,5,17,0,0
37,1846,37246958,3757,-88,-96,15946,0
4,1845,37257103,43,3669,7284,0,0
13,1846,37257142,-167,17,24,0,0
37,1847,37267200,3742,-86,-91,15950,0
L,37270755,VALID,-27.231,-0.044,1
4,1846,37277248,32,3714,7237,0,0
13,1847,37277287,-317,44,97,0,0
37,1848,37287277,3706,-85,-80,15958,0
4,1847,37297296,80,3581,7360,0,0
13,1848,37297363,-420,24,78,0,0
37,1849,37307400,3672,-84,-77,15966,0
4,1848,37317452,67,3531,7385,0,0
13,1849,37317492,-345,1,14,0,0
37,1850,37327414,3645,-84,-77,15972,0
4,1849,37337692,58,3512,7404,0,0
13,1850,37337731,-249,0,-1,0,0
37,1851,37347646,3628,-83,-78,15976,0
4,1850,37357658,28,3579,7312,0,0
13,1851,37357697,-225,8,1,0,0
37,1852,37367645,3603,-83,-76,15982,0
L,37371183,VALID,-26.233,-0.050,1
4,1851,37377753,69,3518,7364,0,0
13,1852,37377793,-392,-1,30,0,0
37,1853,37387808,3566,-84,-75,15990,0
4,1852,37397819,60,3409,7458,0,0
13,1853,37397858,-347,-1,1,0,0
37,1854,37407868,3542,-84,-75,15995,0
4,1853,37417939,57,3414,7477,0,0
13,1854,37417978,-191,-6,0,0,0
37,1855,37428068,3533,-84,-75,15998,0
4,1854,37437991,56,3447,7423,0,0
13,1855,37438031,-76,-6,3,0,0
37,1856,37448107,3527,-85,-75,15999,0
4,1855,37458196,70,3414,7451,0,0
13,1856,37458236,-12,0,6,0,0
37,1857,37468271,3530,-85,-74,15998,0
L,37471801,VALID,-25.710,-0.068,1
4,1856,37478268,70,3407,7455,0,0
13,1857,37478308,103,5,-5,0,0
37,1858,37488305,3544,-84,-75,15995,0
4,1857,37498368,53,3482,7389,0,0
13,1858,37498408,176,12,-10,0,0
37,1859,37508435,3558,-83,-75,15992,0
4,1858,37518495,48,3507,7369,0,0
13,1859,37518535,108,0,-6,0,0
37,1860,37528477,3564,-83,-76,15991,0
4,1859,37538676,44,3472,7404,0,0
13,1860,37538744,56,-5,4,0,0
37,1861,37548622,3570,-84,-75,15989,0
4,1860,37558807,58,3470,7379,0,0
13,1861,37558847,82,0,10,0,0
37,1862,37568657,3576,-84,-74,15988,0
L,37572168,VALID,-26.039,-0.060,1
4,1861,37578833,55,3498,7384,0,0
13,1862,37578873,51,-1,3,0,0
37,1863,37588931,3579,-84,-74,15987,0
4,1862,37598900,59,3477,7397,0,0
13,1863,37598940,43,5,5,0,0
37,1864,37608896,3585,-83,-74,15986,0
4,1863,37619090,54,3487,7404,0,0
13,1864,37619129,85,4,-9,0,0
37,1865,37629171,3594,-83,-74,15984,0
4,1864,37639224,50,3511,7375,0,0
13,1865,37639264,134,5,-4,0,0
37,1866,37649068,3607,-83,-75,15981,0
4,1865,37659250,56,3573,7326,0,0
13,1866,37659289,107,-4,-6,0,0
37,1867,37669318,3612,-83,-75,15980,0
L,37672856,VALID,-26.297,-0.051,1
4,1866,37679506,63,3537,7350,0,0
13,1867,37679546,6,-9,1,0,0
37,1868,37689455,3611,-84,-75,15980,0
4,1867,37699543,72,3496,7410,0,0
13,1868,37699583,11,-3,1,0,0
37,1869,37709600,3615,-84,-75,15979,0
4,1868,37719640,53,3518,7372,0,0
13,1869,37719679,70,6,0,0,0
37,1870,37729599,3622,-83,-75,15978,0
4,1869,37739724,53,3544,7349,0,0
13,1870,37739764,70,5,1,0,0
37,1871,37749823,3626,-83,-75,15977,0
4,1870,37759836,56,3550,7346,0,0
13,1871,37759875,6,-4,2,0,0
37,1872,37769856,3625,-83,-74,15977,0
L,37773405,VALID,-26.391,-0.053,1
4,1871,37780027,65,3506,7382,0,0
13,1872,37780067,8,-2,0,0,0
37,1873,37790047,3627,-83,-75,15976,0
4,1872,37800129,57,3520,7394,0,0
13,1873,37800169,45,2,-1,0,0
37,1874,37810123,3634,-83,-75,15975,0
4,1873,37820223,53,3572,7317,0,0
13,1874,37820263,86,10,-5,0,0
37,1875,37830296,3640,-82,-75,15974,0
4,1874,37840342,53,3554,7373,0,0
13,1875,37840382,11,0,2,0,0
37,1876,37850364,3642,-81,-74,15973,0
4,1875,37860532,53,3547,7351,0,0
13,1876,37860571,49,9,1,0,0
37,1877,37870536,3646,-81,-74,15972,0
L,37874042,VALID,-26.542,-0.039,1
4,1876,37880560,51,3568,7352,0,0
13,1877,37880599,48,1,1,0,0
37,1878,37890647,3650,-81,-74,15971,0
4,1877,37900668,64,3573,7337,0,0
13,1878,37900708,-2,-6,8,0,0
37,1879,37910890,3648,-82,-73,15972,0
4,1878,37920912,73,3559,7349,0,0
13,1879,37920952,-13,4,6,0,0
37,1880,37930879,3647,-81,-73,15972,0
4,1879,37941099,59,3549,7358,0,0
13,1880,37941139,-21,3,-2,0,0
37,1881,37951052,3644,-81,-73,15973,0
4,1880,37961004,53,3546,7355,0,0
13,1881,37961044,-30,3,2,0,0
37,1882,37971060,3642,-81,-72,15973,0
L,37974564,VALID,-26.513,-0.042,1
4,1881,37981143,57,3565,7344,0,0
13,1882,37981182,-41,3,10,0,0
37,1883,37991232,3636,-81,-71,15974,0
4,1882,38001261,55,3509,7397,0,0
13,1883,38001301,-65,-3,7,0,0
37,1884,38011232,3633,-81,-71,15975,0
4,1883,38021423,67,3520,7359,0,0
13,1884,38021463,8,8,4,0,0
37,1885,38031402,3634,-80,-70,15975,0
4,1884,38041424,54,3535,7378,0,0
13,1885,38041463,10,8,4,0,0
37,1886,38051513,3636,-79,-70,15974,0
4,1885,38061683,57,3559,7341,0,0
13,1886,38061723,20,8,0,0,0
37,1887,38071662,3638,-79,-70,15974,0
L,38075183,VALID,-26.484,-0.031,1
4,1886,38081745,56,3589,7293,0,0
13,1887,38081785,-39,1,3,0,0
37,1888,38091834,3628,-79,-69,15976,0
4,1887,38101888,75,3499,7412,0,0
13,1888,38101928,-103,-7,6,0,0
37,1889,38111895,3624,-79,-69,15977,0
4,1888,38121957,59,3513,7385,0,0
13,1889,38121997,-12,8,0,0,0
37,1890,38131996,3624,-78,-69,15977,0
4,1889,38142049,45,3569,7325,0,0
13,1890,38142088,-37,4,3,0,0
37,1891,38152236,3617,-79,-68,15979,0
4,1890,38162214,57,3518,7392,0,0
13,1891,38162254,-76,-2,11,0,0
37,1892,38172195,3610,-79,-68,15980,0
L,38175776,VALID,-26.283,-0.035,1
4,1891,38182339,65,3495,7384,0,0
13,1892,38182378,-67,-3,-4,0,0
37,1893,38192383,3606,-79,-69,15981,0
4,1892,38202420,59,3497,7395,0,0
13,1893,38202460,-8,2,-10,0,0
37,1894,38212497,3608,-78,-69,15981,0
4,1893,38222549,54,3555,7334,0,0
13,1894,38222589,-6,3,-1,0,0
37,1895,38232638,3603,-78,-69,15982,0
4,1894,38242635,70,3519,7381,0,0
13,1895,38242675,-82,-2,7,0,0
37,1896,38252614,3595,-78,-69,15984,0
4,1895,38262745,60,3503,7397,0,0
13,1896,38262785,-93,-2,-3,0,0
37,1897,38272770,3588,-79,-69,15985,0
L,38276351,VALID,-26.126,-0.034,1
4,1896,38282860,63,3474,7413,0,0
13,1897,38282899,-45,0,-9,0,0
37,1898,38292794,3586,-78,-70,15986,0
4,1897,38302987,50,3492,7377,0,0
13,1898,38303027,-5,2,-1,0,0
37,1899,38313103,3586,-78,-70,15986,0
4,1898,38323056,67,3493,7384,0,0
13,1899,38323096,-5,6,6,0,0
37,1900,38333205,3586,-77,-69,15986,0
4,1899,38343246,61,3524,7344,0,0
13,1900,38343285,-16,13,7,0,0
37,1901,38353224,3582,-76,-68,15987,0
4,1900,38363314,70,3499,7379,0,0
13,1901,38363353,-102,0,0,0,0
37,1902,38373318,3571,-76,-69,15989,0
L,38376865,VALID,-26.003,-0.013,1
4,1901,38383417,46,3485,7389,0,0
13,1902,38383456,-118,-8,-4,0,0
37,1903,38393525,3561,-77,-69,15991,0
4,1902,38403614,53,3475,7404,0,0
13,1903,38403653,-109,-14,-3,0,0
37,1904,38413483,3552,-78,-70,15993,0
4,1903,38423761,57,3469,7395,0,0
13,1904,38423800,-120,-14,-11,0,0
37,1905,38433773,3541,-79,-71,15996,0
4,1904,38443828,54,3436,7427,0,0
13,1905,38443868,-114,-8,-2,0,0
37,1906,38453860,3533,-80,-71,15998,0
4,1905,38463861,71,3407,7459,0,0
13,1906,38463901,-36,6,-1,0,0
37,1907,38474118,3534,-78,-72,15997,0
L,38477675,VALID,-25.739,-0.023,1
4,1906,38484055,54,3431,7425,0,0
13,1907,38484095,44,10,-11,0,0
37,1908,38493963,3538,-78,-72,15996,0
4,1907,38504171,47,3445,7422,0,0
13,1908,38504211,83,2,-10,0,0
37,1909,38514160,3547,-77,-73,15994,0
4,1908,38524221,51,3461,7398,0,0
13,1909,38524261,97,2,0,0,0
37,1910,38534235,3555,-77,-73,15993,0
4,1909,38544420,60,3477,7379,0,0
13,1910,38544460,58,4,-1,0,0
37,1911,38554579,3558,-77,-73,15992,0
4,1910,38564551,57,3488,7374,0,0
13,1911,38564590,17,0,1,0,0
37,1912,38574470,3559,-77,-72,15992,0
L,38577989,VALID,-25.917,-0.016,1
4,1911,38584682,53,3474,7396,0,0
13,1912,38584721,-11,-4,0,0,0
37,1913,38594606,3557,-77,-72,15992,0
4,1912,38604712,55,3475,7405,0,0
13,1913,38604752,-23,-3,3,0,0
37,1914,38614666,3555,-78,-72,15993,0
4,1913,38624798,61,3476,7392,0,0
13,1914,38624838,-28,-2,6,0,0
37,1915,38634915,3553,-78,-72,15993,0
4,1914,38644893,54,3467,7408,0,0
13,1915,38644932,-26,3,2,0,0
37,1916,38654905,3551,-77,-72,15994,0
4,1915,38664994,58,3445,7424,0,0
13,1916,38665034,-5,2,-6,0,0
37,1917,38675122,3551,-77,-72,15994,0
L,38678643,VALID,-25.859,-0.016,1
4,1916,38685181,58,3454,7423,0,0
13,1917,38685220,53,0,-6,0,0
37,1918,38695104,3558,-77,-73,15992,0
4,1917,38705285,34,3487,7377,0,0
13,1918,38705325,38,-2,1,0,0
37,1919,38715362,3559,-77,-72,15992,0
4,1918,38725426,50,3494,7364,0,0
13,1919,38725466,-10,-2,6,0,0
37,1920,38735397,3556,-78,-72,15993,0
4,1919,38745459,74,3443,7415,0,0
13,1920,38745499,-42,3,2,0,0
37,1921,38755541,3553,-77,-72,15993,0
4,1920,38765553,50,3456,7421,0,0
13,1921,38765593,13,5,0,0,0
37,1922,38775600,3556,-77,-71,15993,0
L,38779140,VALID,-25.895,-0.017,1
4,1921,38785753,58,3463,7406,0,0
13,1922,38785793,31,3,12,0,0
37,1923,38795878,3560,-77,-70,15992,0
4,1922,38805883,58,3484,7399,0,0
13,1923,38805922,34,6,7,0,0
37,1924,38815928,3563,-77,-69,15991,0
4,1923,38825948,64,3480,7385,0,0
13,1924,38825988,48,3,1,0,0
37,1925,38836056,3567,-77,-69,15990,0
4,1924,38846035,62,3478,7403,0,0
13,1925,38846074,59,5,0,0,0
37,1926,38856030,3573,-76,-69,15989,0
4,1925,38866293,52,3503,7371,0,0
13,1926,38866332,60,10,-5,0,0
37,1927,38876290,3577,-75,-69,15988,0
L,38879828,VALID,-26.046,-0.006,1
4,1926,38886321,43,3511,7390,0,0
13,1927,38886360,21,5,-3,0,0
37,1928,38896262,3579,-74,-69,15987,0
4,1927,38906358,48,3500,7375,0,0
13,1928,38906398,2,3,3,0,0
37,1929,38916484,3578,-74,-69,15988,0
4,1928,38926481,73,3487,7377,0,0
13,1929,38926520,-38,-2,11,0,0
37,1930,38936546,3573,-75,-68,15989,0
4,1929,38946591,71,3460,7403,0,0
13,1930,38946631,-29,0,-4,0,0
37,1931,38956713,3572,-75,-69,15989,0
4,1930,38966660,64,3478,7399,0,0
13,1931,38966700,16,6,-6,0,0
37,1932,38976724,3574,-74,-69,15988,0
L,38980229,VALID,-26.025,0.000,1
4,1931,38986807,44,3488,7369,0,0
13,1932,38986847,-6,4,3,0,0
37,1933,38996879,3572,-74,-68,15989,0
4,1932,39006890,54,3490,7386,0,0
13,1933,39006929,-14,5,8,0,0
37,1934,39016947,3571,-73,-67,15989,0
4,1933,39027002,57,3502,7377,0,0
13,1934,39027042,-41,4,10,0,0
37,1935,39037061,3566,-73,-67,15990,0
4,1934,39047089,54,3463,7411,0,0
13,1935,39047156,-54,1,12,0,0
37,1936,39057138,3563,-73,-65,15991,0
4,1935,39067328,54,3459,7407,0,0
13,1936,39067368,-8,8,10,0,0
37,1937,39077309,3563,-72,-64,15991,0
L,39080831,VALID,-25.946,0.006,1
4,1936,39087471,46,3454,7426,0,0
13,1937,39087510,39,6,5,0,0
37,1938,39097316,3569,-72,-64,15990,0
4,1937,39107476,44,3495,7382,0,0
13,1938,39107516,78,8,6,0,0
37,1939,39117652,3576,-71,-62,15988,0
4,1938,39127536,58,3529,7339,0,0
13,1939,39127576,14,14,22,0,0
37,1940,39137592,3572,-71,-61,15989,0
4,1939,39147765,60,3488,7389,0,0
13,1940,39147805,-66,-4,1,0,0
37,1941,39157834,3565,-71,-61,15990,0
4,1940,39167950,63,3457,7418,0,0
13,1941,39167990,-45,1,-8,0,0
37,1942,39177769,3564,-71,-62,15991,0
L,39181310,VALID,-25.952,0.010,1
4,1941,39187951,50,3497,7376,0,0
13,1942,39187991,-30,-2,-4,0,0
37,1943,39198056,3559,-71,-62,15992,0
4,1942,39208137,55,3485,7385,0,0
13,1943,39208177,-60,0,6,0,0
37,1944,39218125,3553,-72,-61,15993,0
4,1943,39228198,70,3458,7405,0,0
13,1944,39228237,-76,-6,-1,0,0
37,1945,39238255,3547,-72,-62,15995,0
4,1944,39248334,66,3432,7451,0,0
13,1945,39248374,-23,-5,-16,0,0
37,1946,39258281,3549,-72,-64,15994,0
4,1945,39268410,46,3484,7383,0,0
13,1946,39268450,35,2,-5,0,0
37,1947,39278485,3552,-72,-64,15994,0
L,39282024,VALID,-25.866,0.006,1
4,1946,39288499,49,3479,7386,0,0
13,1947,39288539,0,1,0,0,0
37,1948,39298535,3550,-71,-64,15994,0
4,1947,39308746,56,3443,7415,0,0
13,1948,39308785,-11,2,-7,0,0
37,1949,39318746,3550,-71,-64,15994,0
4,1948,39328772,53,3448,7431,0,0
13,1949,39328812,20,4,-3,0,0
37,1950,39338759,3553,-70,-64,15993,0
4,1949,39348867,47,3455,7394,0,0
13,1950,39348907,31,6,0,0,0
37,1951,39358940,3556,-70,-64,15993,0
4,1950,39368987,45,3479,7389,0,0
13,1951,39369027,19,0,1,0,0
37,1952,39379034,3557,-70,-64,15992,0
L,39382539,VALID,-25.903,0.020,1
4,1951,39389176,56,3478,7371,0,0
13,1952,39389216,-3,3,0,0,0
37,1953,39399198,3556,-70,-64,15993,0
4,1952,39409227,66,3458,7402,0,0
13,1953,39409266,-12,4,-8,0,0
37,1954,39419284,3556,-69,-65,15993,0
4,1953,39429366,43,3483,7389,0,0
13,1954,39429405,-2,4,-3,0,0
37,1955,39439522,3555,-69,-65,15993,0
4,1954,39449571,43,3488,7385,0,0
13,1955,39449611,-38,-6,1,0,0
37,1956,39459532,3550,-70,-65,15994,0
4,1955,39469761,56,3465,7404,0,0
13,1956,39469801,-65,-11,3,0,0
37,1957,39479673,3545,-71,-65,15995,0
L,39483204,VALID,-25.817,0.014,1
4,1956,39489650,63,3434,7421,0,0
13,1957,39489689,-38,-2,-1,0,0
37,1958,39499713,3543,-71,-65,15995,0
4,1957,39509817,48,3436,7423,0,0
13,1958,39509856,6,-2,-8,0,0
37,1959,39519919,3545,-70,-66,15995,0
4,1958,39529940,36,3445,7413,0,0
13,1959,39529980,49,4,3,0,0
37,1960,39539961,3550,-70,-65,15994,0
4,1959,39550165,49,3460,7407,0,0
13,1960,39550205,43,13,5,0,0
37,1961,39560144,3554,-69,-64,15993,0
4,1960,39570164,47,3460,7399,0,0
13,1961,39570204,52,11,0,0,0
37,1962,39580280,3559,-68,-64,15992,0
L,39583811,VALID,-25.917,0.033,1
4,1961,39590381,53,3478,7404,0,0
13,1962,39590421,55,4,1,0,0
37,1963,39600365,3564,-69,-64,15991,0
4,1962,39610465,60,3486,7397,0,0
13,1963,39610504,55,-3,9,0,0
37,1964,39620503,3568,-69,-63,15990,0
4,1963,39630644,50,3486,7403,0,0
13,1964,39630684,69,4,10,0,0
37,1965,39640624,3575,-69,-62,15988,0
4,1964,39650686,59,3496,7374,0,0
13,1965,39650725,61,4,3,0,0
37,1966,39660752,3579,-68,-62,15987,0
4,1965,39670773,57,3492,7391,0,0
13,1966,39670813,25,1,-2,0,0
37,1967,39681028,3582,-68,-62,15987,0
L,39684551,VALID,-26.081,0.031,1
4,1966,39690975,52,3499,7373,0,0
13,1967,39691014,53,5,3,0,0
37,1968,39700967,3587,-68,-61,15986,0
4,1967,39711073,44,3511,7366,0,0
13,1968,39711113,11,0,6,0,0
37,1969,39721087,3586,-68,-61,15986,0
4,1968,39731126,50,3495,7383,0,0
13,1969,39731165,-7,-3,3,0,0
37,1970,39741224,3585,-68,-61,15986,0
4,1969,39751280,47,3498,7388,0,0
13,1970,39751319,-18,-4,0,0,0
37,1971,39761431,3584,-69,-60,15986,0
4,1970,39771401,47,3489,7386,0,0
13,1971,39771440,-29,-3,12,0,0
37,1972,39781432,3581,-69,-59,15987,0
L,39784996,VALID,-26.074,0.019,1
4,1971,39791574,47,3472,7406,0,0
13,1972,39791641,-8,1,21,0,0
37,1973,39801622,3581,-69,-57,15987,0
4,1972,39811720,66,3468,7415,0,0
13,1973,39811759,23,0,6,0,0
37,1974,39821656,3586,-69,-57,15986,0
4,1973,39831830,45,3503,7369,0,0
13,1974,39831869,72,6,1,0,0
37,1975,39841904,3591,-69,-56,15985,0
4,1974,39851865,58,3498,7381,0,0
13,1975,39851905,36,0,6,0,0
37,1976,39862041,3594,-68,-56,15984,0
4,1975,39872053,53,3516,7373,0,0
13,1976,39872092,44,4,6,0,0
37,1977,39882066,3598,-69,-55,15983,0
L,39885632,VALID,-26.197,0.013,1
4,1976,39892150,60,3521,7372,0,0
13,1977,39892190,31,3,9,0,0
37,1978,39902203,3600,-69,-55,15983,0
4,1977,39912268,47,3517,7369,0,0
13,1978,39912307,-8,-5,2,0,0
37,1979,39922430,3599,-69,-54,15983,0
4,1978,39932526,57,3520,7369,0,0
13,1979,39932566,-24,-1,10,0,0
37,1980,39942413,3595,-69,-53,15984,0
4,1979,39952673,66,3495,7384,0,0
13,1980,39952712,-29,2,8,0,0
37,1981,39962670,3593,-69,-53,15984,0
4,1980,39972734,45,3505,7369,0,0
13,1981,39972773,-41,-3,-7,0,0
37,1982,39982739,3589,-69,-54,15985,0
L,39986277,VALID,-26.132,0.012,1
4,1981,39992760,50,3484,7389,0,0
13,1982,39992799,-26,-1,-2,0,0
37,1983,40003004,3588,-69,-54,15985,0
4,1982,40013017,56,3470,7406,0,0
13,1983,40013056,11,4,-1,0,0
37,1984,40022866,3590,-69,-54,15985,0
4,1983,40033118,61,3483,7415,0,0
13,1984,40033184,43,0,-6,0,0
37,1985,40043082,3596,-69,-55,15984,0
4,1984,40053197,46,3510,7362,0,0
13,1985,40053236,79,0,-3,0,0
37,1986,40063182,3602,-69,-55,15982,0
4,1985,40073402,67,3522,7377,0,0
13,1986,40073442,61,2,2,0,0
37,1987,40083520,3607,-69,-54,15981,0
L,40087078,VALID,-26.261,0.012,1
4,1986,40093492,58,3535,7359,0,0
13,1987,40093531,33,-2,-2,0,0
37,1988,40103442,3609,-69,-55,15981,0
4,1987,40113705,50,3527,7357,0,0
13,1988,40113744,-7,0,-1,0,0
37,1989,40123580,3608,-70,-55,15981,0
4,1988,40133686,65,3527,7373,0,0
13,1989,40133725,-37,-5,4,0,0
37,1990,40143700,3603,-70,-54,15982,0
4,1989,40153805,61,3514,7374,0,0
13,1990,40153845,-43,-1,2,0,0
37,1991,40163942,3600,-70,-54,15983,0
4,1990,40173945,55,3497,7380,0,0
13,1991,40173984,-41,-4,2,0,0
37,1992,40183973,3596,-70,-54,15984,0
L,40187497,VALID,-26.181,0.005,1
4,1991,40194066,58,3473,7404,0,0
13,1992,40194106,-19,-2,0,0,0
37,1993,40204190,3596,-70,-54,15984,0
4,1992,40214229,52,3493,7401,0,0
13,1993,40214268,31,1,1,0,0
37,1994,40224189,3600,-70,-54,15983,0
4,1993,40234314,55,3507,7365,0,0
13,1994,40234354,50,4,0,0,0
37,1995,40244412,3604,-70,-54,15982,0
4,1994,40254519,51,3517,7371,0,0
13,1995,40254559,33,1,-3,0,0
37,1996,40264500,3607,-70,-54,15981,0
4,1995,40274614,53,3527,7363,0,0
13,1996,40274654,0,-3,0,0,0
37,1997,40284679,3606,-70,-54,15981,0
L,40288219,VALID,-26.254,0.005,1
4,1996,40294738,61,3522,7376,0,0
13,1997,40294778,-13,-5,1,0,0
37,1998,40304742,3605,-71,-54,15982,0
4,1997,40314924,62,3517,7375,0,0
13,1998,40314963,-23,-1,-2,0,0
37,1999,40325015,3603,-71,-55,15982,0
4,1998,40335054,61,3526,7364,0,0
13,1999,40335094,-29,-1,-8,0,0
37,2000,40345051,3599,-71,-56,15983,0
4,1999,40355079,55,3511,7378,0,0
13,2000,40355118,-51,-8,-7,0,0
37,2001,40365179,3595,-71,-56,15984,0
4,2000,40375233,57,3507,7372,0,0
13,2001,40375272,-33,0,-3,0,0
37,2002,40385220,3591,-71,-57,15985,0
L,40388742,VALID,-26.146,0.003,1
4,2001,40395571,62,3487,7402,0,0
13,2002,40395611,-41,-3,-5,0,0
37,2003,40405495,3590,-71,-57,15985,0
4,2002,40415562,54,3480,7408,0,0
13,2003,40415602,0,0,-5,0,0
37,2004,40425502,3590,-71,-58,15985,0
4,2003,40435639,60,3475,7405,0,0
13,2004,40435678,52,-3,-19,0,0
37,2005,40445733,3597,-71,-60,15983,0
4,2004,40455775,52,3523,7367,0,0
13,2005,40455815,42,-6,-11,0,0
37,2006,40465816,3598,-71,-60,15983,0
4,2005,40475887,60,3495,7393,0,0
13,2006,40475926,28,5,4,0,0
37,2007,40485969,3601,-71,-59,15982,0
L,40489483,VALID,-26.219,0.006,1
4,2006,40495905,68,3503,7376,0,0
13,2007,40495945,26,5,3,0,0
37,2008,40506053,3604,-70,-59,15982,0
4,2007,40516109,57,3531,7359,0,0
13,2008,40516149,28,7,-8,0,0
37,2009,40526175,3605,-70,-60,15981,0
4,2008,40536230,65,3528,7366,0,0
13,2009,40536270,-19,-3,1,0,0
37,2010,40546306,3603,-70,-60,15982,0
4,2009,40556360,70,3511,7381,0,0
13,2010,40556399,-27,-7,-2,0,0
37,2011,40566402,3601,-71,-60,15983,0
4,2010,40576487,62,3478,7420,0,0
13,2011,40576527,16,0,-7,0,0
37,2012,40586466,3605,-71,-61,15982,0
L,40589997,VALID,-26.246,0.009,1
4,2011,40596663,58,3517,7372,0,0
13,2012,40596702,37,-2,-16,0,0
37,2013,40606606,3608,-71,-63,15981,0
4,2012,40616796,61,3516,7371,0,0
13,2013,40616836,32,3,-18,0,0
37,2014,40626673,3610,-70,-65,15981,0
4,2013,40636821,38,3514,7390,0,0
13,2014,40636861,7,-10,-26,0,0
37,2015,40647019,3610,-71,-67,15980,0
4,2014,40656891,43,3544,7337,0,0
13,2015,40656930,-12,-15,-14,0,0
37,2016,40666924,3605,-72,-68,15982,0
4,2015,40677168,62,3525,7375,0,0
13,2016,40677208,-89,-14,-5,0,0
37,2017,40687259,3596,-73,-68,15984,0
L,40690807,VALID,-26.182,0.006,1
4,2016,40697316,59,3482,7397,0,0
13,2017,40697356,-92,-7,-10,0,0
37,2018,40707164,3590,-73,-70,15985,0
4,2017,40717312,56,3476,7413,0,0
13,2018,40717351,-19,-2,-19,0,0
37,2019,40727404,3591,-73,-71,15985,0
4,2018,40737578,49,3490,7408,0,0
13,2019,40737617,19,-3,-3,0,0
37,2020,40747508,3594,-73,-71,15984,0
4,2019,40757639,54,3494,7380,0,0
13,2020,40757679,68,-1,3,0,0
37,2021,40767670,3601,-73,-71,15982,0
4,2020,40777776,59,3515,7383,0,0
13,2021,40777816,74,0,6,0,0
37,2022,40787712,3607,-73,-70,15981,0
L,40791252,VALID,-26.261,0.009,1
4,2021,40797857,53,3542,7341,0,0
13,2022,40797897,49,3,8,0,0
37,2023,40807961,3609,-74,-69,15981,0
4,2022,40818008,56,3527,7374,0,0
13,2023,40818048,0,-1,1,0,0
37,2024,40827988,3609,-74,-70,15981,0
4,2023,40838164,50,3524,7365,0,0
13,2024,40838204,-33,-6,0,0,0
37,2025,40848177,3605,-75,-69,15982,0
4,2024,40858207,48,3509,7370,0,0
13,2025,40858246,-54,-4,11,0,0
37,2026,40868221,3599,-75,-68,15983,0
4,2025,40878361,71,3488,7413,0,0
13,2026,40878400,-34,1,16,0,0
37,2027,40888393,3598,-75,-66,15983,0
L,40891957,VALID,-26.197,-0.011,1
4,2026,40898501,62,3492,7400,0,0
13,2027,40898541,4,9,14,0,0
37,2028,40908486,3599,-75,-65,15983,0
4,2027,40918733,69,3513,7379,0,0
13,2028,40918772,33,8,9,0,0
37,2029,40928711,3602,-74,-65,15982,0
4,2028,40938781,65,3508,7384,0,0
13,2029,40938820,23,1,-2,0,0
37,2030,40948847,3604,-74,-65,15982,0
4,2029,40958911,57,3510,7383,0,0
13,2030,40958951,19,-5,2,0,0
37,2031,40969046,3606,-75,-65,15981,0
4,2030,40979074,77,3523,7374,0,0
13,2031,40979114,23,-3,1,0,0
37,2032,40989046,3608,-75,-65,15981,0
L,40992593,VALID,-26.268,-0.012,1
4,2031,40999327,63,3523,7355,0,0
13,2032,40999366,10,5,-10,0,0
37,2033,41009263,3609,-75,-66,15981,0
4,2032,41019229,68,3501,7386,0,0
13,2033,41019269,-1,0,-8,0,0
37,2034,41029269,3610,-75,-66,15980,0
4,2033,41039453,57,3513,7384,0,0
13,2034,41039493,26,1,0,0,0
37,2035,41049546,3612,-75,-66,15980,0
4,2034,41059566,47,3524,7377,0,0
13,2035,41059606,12,-3,4,0,0
37,2036,41069596,3613,-75,-66,15980,0
4,2035,41079790,58,3527,7378,0,0
13,2036,41079829,0,-2,0,0,0
37,2037,41089751,3612,-75,-66,15980,0
L,41093299,VALID,-26.297,-0.011,1
4,2036,41099756,63,3516,7389,0,0
13,2037,41099796,0,0,4,0,0
37,2038,41109853,3613,-76,-65,15980,0
4,2037,41119975,73,3533,7351,0,0
13,2038,41120015,9,5,0,0,0
37,2039,41129955,3613,-75,-65,15980,0
4,2038,41140054,61,3535,7372,0,0
13,2039,41140094,-27,0,-5,0,0
37,2040,41150120,3610,-75,-66,15980,0
4,2039,41160209,57,3538,7358,0,0
13,2040,41160276,-67,-2,-1,0,0
37,2041,41170217,3602,-76,-66,15982,0
4,2040,41180314,81,3475,7412,0,0
13,2041,41180354,-71,-2,-1,0,0
37,2042,41190369,3599,-76,-66,15983,0
L,41193874,VALID,-26.204,-0.018,1
4,2041,41200427,68,3488,7380,0,0
13,2042,41200467,-8,3,1,0,0
37,2043,41210602,3598,-76,-66,15983,0
4,2042,41220537,61,3493,7391,0,0
13,2043,41220577,10,10,-1,0,0
37,2044,41230533,3599,-74,-66,15983,0
4,2043,41240673,62,3502,7375,0,0
13,2044,41240713,21,6,-2,0,0
37,2045,41250668,3601,-74,-66,15982,0
4,2044,41260724,57,3525,7368,0,0
13,2045,41260763,-8,-4,-5,0,0
37,2046,41270833,3598,-75,-66,15983,0
4,2045,41280895,60,3490,7390,0,0
13,2046,41280935,-9,-5,-2,0,0
37,2047,41291034,3599,-75,-67,15983,0
L,41294571,VALID,-26.204,-0.009,1
4,2046,41301022,54,3504,7387,0,0
13,2047,41301061,9,-1,-2,0,0
37,2048,41311054,3600,-75,-67,15983,0
4,2047,41321146,61,3521,7367,0,0
13,2048,41321185,10,3,0,0,0
37,2049,41331167,3601,-75,-67,15983,0
4,2048,41341223,68,3503,7379,0,0
13,2049,41341262,2,4,-3,0,0
37,2050,41351213,3601,-74,-67,15982,0
4,2049,41361361,50,3516,7370,0,0
13,2050,41361401,-2,3,-6,0,0
37,2051,41371443,3601,-74,-67,15982,0
4,2050,41381419,63,3524,7372,0,0
13,2051,41381458,-15,0,0,0,0
37,2052,41391571,3600,-74,-67,15983,0
L,41395129,VALID,-26.210,-0.002,1
4,2051,41401655,66,3507,7371,0,0
13,2052,41401694,-27,-2,8,0,0
37,2053,41411624,3597,-75,-66,15983,0
4,2052,41421739,61,3542,7345,0,0
13,2053,41421778,-23,6,3,0,0
37,2054,41431767,3591,-75,-66,15985,0
4,2053,41441901,61,3507,7359,0,0
13,2054,41441941,-161,-6,12,0,0
37,2055,41451994,3576,-76,-65,15988,0
4,2054,41462041,84,3422,7453,0,0
13,2055,41462081,-89,2,0,0,0
37,2056,41471965,3574,-75,-65,15989,0
4,2055,41482186,59,3470,7400,0,0
13,2056,41482225,22,9,-8,0,0
37,2057,41492190,3577,-73,-66,15988,0
L,41495738,VALID,-26.046,0.003,1
4,2056,41502256,56,3480,7397,0,0
13,2057,41502296,42,9,-7,0,0
37,2058,41512311,3582,-73,-66,15987,0
4,2057,41522288,39,3496,7380,0,0
13,2058,41522328,44,4,-2,0,0
37,2059,41532606,3585,-73,-66,15986,0
4,2058,41542548,60,3505,7372,0,0
13,2059,41542588,37,-3,3,0,0
37,2060,41552436,3587,-73,-66,15986,0
4,2059,41562726,61,3493,7383,0,0
13,2060,41562766,-4,-5,-4,0,0
37,2061,41572689,3586,-73,-67,15986,0
4,2060,41582770,57,3482,7411,0,0
13,2061,41582809,23,2,-10,0,0
37,2062,41592775,3591,-72,-68,15985,0
L,41596314,VALID,-26.146,0.013,1
4,2061,41602935,45,3514,7367,0,0
13,2062,41602975,42,6,-6,0,0
37,2063,41613059,3593,-72,-68,15984,0
4,2062,41623028,49,3505,7384,0,0
13,2063,41623068,2,-2,-2,0,0
37,2064,41633007,3593,-73,-68,15984,0
4,2063,41643233,60,3505,7368,0,0
13,2064,41643300,-5,-9,4,0,0
37,2065,41653136,3592,-73,-67,15985,0
4,2064,41663224,73,3483,7386,0,0
13,2065,41663291,-13,-2,8,0,0
37,2066,41673231,3592,-74,-67,15985,0
4,2065,41683363,71,3518,7352,0,0
13,2066,41683403,-24,2,0,0,0
37,2067,41693470,3587,-74,-67,15986,0
L,41697002,VALID,-26.117,-0.003,1
4,2066,41703493,64,3491,7408,0,0
13,2067,41703533,-34,1,-5,0,0
37,2068,41713478,3586,-73,-68,15986,0
4,2067,41723542,39,3500,7368,0,0
13,2068,41723582,-17,0,2,0,0
37,2069,41733633,3584,-74,-67,15986,0
4,2068,41743680,60,3482,7416,0,0
13,2069,41743719,-18,-3,10,0,0
37,2070,41753617,3584,-74,-66,15986,0
4,2069,41763799,59,3486,7388,0,0
13,2070,41763838,17,4,9,0,0
37,2071,41773907,3585,-74,-65,15986,0
4,2070,41783999,66,3472,7411,0,0
13,2071,41784039,47,7,7,0,0
37,2072,41793995,3592,-73,-65,15985,0
L,41797525,VALID,-26.153,0.001,1
4,2071,41804052,50,3503,7378,0,0
13,2072,41804092,62,4,-4,0,0
37,2073,41814157,3596,-72,-65,15984,0
4,2072,41824170,54,3512,7376,0,0
13,2073,41824209,33,3,-2,0,0
37,2074,41834200,3598,-73,-65,15983,0
4,2073,41844325,56,3503,7381,0,0
13,2074,41844365,27,-1,2,0,0
37,2075,41854416,3601,-73,-65,15982,0
4,2074,41864479,61,3515,7361,0,0
13,2075,41864519,24,1,0,0,0
37,2076,41874510,3602,-73,-65,15982,0
4,2075,41884564,61,3509,7367,0,0
13,2076,41884603,3,0,0,0,0
37,2077,41894628,3602,-73,-64,15982,0
L,41898161,VALID,-26.226,-0.000,1
4,2076,41904662,61,3515,7365,0,0
13,2077,41904701,-27,0,0,0,0
37,2078,41914664,3598,-73,-65,15983,0
4,2077,41924959,66,3505,7372,0,0
13,2078,41924999,-50,-6,0,0,0
37,2079,41934964,3594,-74,-65,15984,0
4,2078,41944961,58,3490,7397,0,0
13,2079,41945001,-39,-7,1,0,0
37,2080,41954956,3591,-75,-64,15985,0
4,2079,41965020,66,3484,7406,0,0
13,2080,41965060,6,-2,4,0,0
37,2081,41975102,3594,-75,-64,15984,0
4,2080,41985139,53,3498,7380,0,0
13,2081,41985178,41,4,-1,0,0
37,2082,41995188,3597,-74,-64,15983,0
L,41998701,VALID,-26.190,-0.007,1
4,2081,42005262,60,3502,7390,0,0
13,2082,42005302,23,0,-5,0,0
37,2083,42015403,3599,-75,-65,15983,0
4,2082,42025337,68,3506,7383,0,0
13,2083,42025376,18,0,-2,0,0
37,2084,42035446,3600,-75,-65,15983,0
4,2083,42045563,55,3512,7366,0,0
13,2084,42045602,20,1,-2,0,0
37,2085,42055634,3602,-75,-65,15982,0
4,2084,42065673,66,3509,7394,0,0
13,2085,42065713,-2,0,-2,0,0
37,2086,42075738,3603,-74,-65,15982,0
4,2085,42085777,64,3512,7377,0,0
13,2086,42085816,31,2,-2,0,0
37,2087,42095807,3606,-74,-65,15981,0
L,42099311,VALID,-26.254,-0.005,1
4,2086,42105864,77,3512,7386,0,0
13,2087,42105904,41,5,-1,0,0
37,2088,42115840,3610,-73,-65,15980,0
4,2087,42126024,55,3532,7362,0,0
13,2088,42126064,40,7,-4,0,0
37,2089,42136004,3613,-73,-65,15980,0
4,2088,42146195,53,3533,7370,0,0
13,2089,42146235,11,0,6,0,0
37,2090,42156047,3614,-73,-65,15980,0
4,2089,42166231,54,3517,7371,0,0
13,2090,42166270,1,0,0,0,0
37,2091,42176398,3614,-73,-65,15979,0
4,2090,42186328,56,3521,7365,0,0
13,2091,42186368,-4,0,1,0,0
37,2092,42196339,3614,-73,-65,15980,0
L,42199860,VALID,-26.311,0.001,1
4,2091,42206518,61,3526,7366,0,0
13,2092,42206557,-24,-2,2,0,0
37,2093,42216607,3610,-74,-65,15981,0
4,2092,42226686,61,3499,7392,0,0
13,2093,42226726,-30,-1,0,0,0
37,2094,42236512,3608,-74,-65,15981,0
4,2093,42246678,58,3504,7392,0,0
13,2094,42246717,-31,-2,0,0,0
37,2095,42256802,3605,-74,-65,15982,0
4,2094,42266901,60,3468,7414,0,0
13,2095,42266941,25,0,0,0,0
37,2096,42276896,3611,-74,-65,15980,0
4,2095,42286988,52,3516,7370,0,0
13,2096,42287027,81,5,2,0,0
37,2097,42297025,3618,-73,-64,15979,0
L,42300540,VALID,-26.339,-0.000,1
4,2096,42307161,58,3540,7355,0,0
13,2097,42307201,60,2,2,0,0
37,2098,42317095,3622,-74,-64,15978,0
4,2097,42327200,66,3542,7363,0,0
13,2098,42327240,22,1,5,0,0
37,2099,42337267,3623,-74,-63,15978,0
4,2098,42347315,54,3520,7364,0,0
13,2099,42347354,13,2,9,0,0
37,2100,42357309,3625,-73,-62,15977,0
4,2099,42367486,61,3537,7356,0,0
13,2100,42367525,-5,8,6,0,0
37,2101,42377533,3623,-73,-62,15978,0
4,2100,42387545,45,3535,7367,0,0
13,2101,42387585,-31,-4,-4,0,0
37,2102,42397569,3620,-73,-62,15978,0
L,42401132,VALID,-26.355,-0.003,1
4,2101,42407677,55,3507,7387,0,0
13,2102,42407743,-14,1,3,0,0
37,2103,42417741,3620,-73,-62,15978,0
4,2102,42427805,59,3544,7344,0,0
13,2103,42427845,-10,0,6,0,0
37,2104,42437819,3617,-74,-61,15979,0
4,2103,42448009,67,3500,7407,0,0
13,2104,42448049,-22,5,-4,0,0
37,2105,42458015,3616,-73,-62,15979,0
4,2104,42468036,59,3520,7376,0,0
13,2105,42468076,3,1,-10,0,0
37,2106,42478100,3617,-73,-63,15979,0
4,2105,42488182,44,3542,7351,0,0
13,2106,42488221,-25,-10,2,0,0
37,2107,42498316,3612,-75,-62,15980,0
L,42501864,VALID,-26.297,-0.017,1
4,2106,42508356,68,3533,7363,0,0
13,2107,42508396,-101,-15,15,0,0
37,2108,42518344,3601,-76,-61,15982,0
4,2107,42528603,77,3498,7397,0,0
13,2108,42528643,-110,-7,7,0,0
37,2109,42538556,3592,-76,-61,15984,0
4,2108,42548509,71,3471,7414,0,0
13,2109,42548548,-70,-4,0,0,0
37,2110,42558580,3588,-77,-61,15985,0
4,2109,42568731,60,3456,7424,0,0
13,2110,42568771,-8,0,-6,0,0
37,2111,42578823,3590,-77,-62,15985,0
4,2110,42588801,61,3486,7409,0,0
13,2111,42588841,58,0,-1,0,0
37,2112,42598847,3597,-77,-62,15983,0
L,42602361,VALID,-26.190,-0.031,1
4,2111,42609009,52,3513,7368,0,0
13,2112,42609049,73,1,0,0,0
37,2113,42618994,3602,-77,-62,15982,0
4,2112,42629057,76,3507,7386,0,0
13,2113,42629097,53,-1,0,0,0
37,2114,42639123,3607,-77,-62,15981,0
4,2113,42649272,63,3519,7348,0,0
13,2114,42649312,43,3,-1,0,0
37,2115,42659261,3609,-77,-62,15981,0
4,2114,42669375,55,3539,7353,0,0
13,2115,42669415,9,-1,-6,0,0
37,2116,42679440,3609,-77,-63,15981,0
4,2115,42689531,64,3522,7372,0,0
13,2116,42689570,-53,-15,-7,0,0
37,2117,42699494,3603,-78,-64,15982,0
L,42703032,VALID,-26.232,-0.034,1
4,2116,42709584,68,3499,7372,0,0
13,2117,42709624,-41,-12,-11,0,0
37,2118,42719633,3600,-79,-65,15983,0
4,2117,42729634,72,3512,7366,0,0
13,2118,42729673,-45,-5,-8,0,0
37,2119,42739855,3595,-79,-65,15984,0
4,2118,42749830,71,3498,7377,0,0
13,2119,42749870,-52,4,0,0,0
37,2120,42759801,3591,-78,-65,15985,0
4,2119,42769951,59,3499,7393,0,0
13,2120,42769990,-48,3,-3,0,0
37,2121,42779983,3587,-78,-66,15986,0
4,2120,42790011,55,3475,7397,0,0
13,2121,42790078,-23,1,-2,0,0
37,2122,42800165,3586,-78,-66,15986,0
L,42803685,VALID,-26.110,-0.031,1
4,2121,42810211,61,3489,7385,0,0
13,2122,42810251,-9,-1,2,0,0
37,2123,42820326,3584,-78,-66,15986,0
4,2122,42830337,74,3483,7404,0,0
13,2123,42830377,-33,1,-2,0,0
37,2124,42840335,3581,-78,-66,15987,0
4,2123,42850451,67,3474,7408,0,0
13,2124,42850490,-15,3,-2,0,0
37,2125,42860438,3580,-78,-66,15987,0
4,2124,42870544,57,3471,7403,0,0
13,2125,42870583,12,2,0,0,0
37,2126,42880522,3582,-78,-66,15987,0
4,2125,42890671,57,3466,7401,0,0
13,2126,42890711,35,0,-2,0,0
37,2127,42900781,3586,-77,-66,15986,0
L,42904321,VALID,-26.110,-0.025,1
4,2126,42910727,54,3487,7373,0,0
13,2127,42910766,66,0,0,0,0
37,2128,42920920,3592,-78,-66,15984,0
4,2127,42930941,69,3520,7361,0,0
13,2128,42930981,39,0,0,0,0
37,2129,42941004,3594,-78,-66,15984,0
4,2128,42951060,63,3498,7377,0,0
13,2129,42951099,6,-3,-5,0,0
37,2130,42961073,3595,-78,-66,15984,0
4,2129,42971180,59,3514,7370,0,0
13,2130,42971219,26,-1,-4,0,0
37,2131,42981263,3597,-78,-67,15983,0
4,2130,42991378,58,3523,7375,0,0
13,2131,42991418,1,-2,1,0,0
37,2132,43001270,3597,-79,-67,15983,0
L,43004792,VALID,-26.190,-0.037,1
4,2131,43011509,65,3513,7359,0,0
13,2132,43011548,-40,-8,1,0,0
37,2133,43021548,3591,-79,-67,15985,0
4,2132,43031645,66,3475,7404,0,0
13,2133,43031685,-43,-5,0,0,0
37,2134,43041635,3589,-80,-67,15985,0
4,2133,43051653,72,3485,7393,0,0
13,2134,43051693,-15,-9,-2,0,0
37,2135,43061906,3587,-80,-69,15985,0
4,2134,43071867,55,3478,7419,0,0
13,2135,43071907,-5,-17,-34,0,0
37,2136,43081779,3589,-81,-71,15985,0
4,2135,43091996,56,3497,7363,0,0
13,2136,43092035,28,-2,-5,0,0
37,2137,43101994,3591,-81,-71,15985,0
L,43105546,VALID,-26.146,-0.044,1
4,2136,43112102,65,3484,7410,0,0
13,2137,43112141,16,1,6,0,0
37,2138,43122087,3593,-80,-70,15984,0
4,2137,43132279,70,3511,7363,0,0
13,2138,43132318,37,3,2,0,0
37,2139,43142459,3596,-81,-70,15984,0
4,2138,43152418,76,3506,7380,0,0
13,2139,43152485,14,-1,3,0,0
37,2140,43162363,3598,-81,-70,15983,0
4,2139,43172649,75,3518,7380,0,0
13,2140,43172689,34,2,0,0,0
37,2141,43182545,3601,-81,-69,15982,0
4,2140,43192649,61,3519,7352,0,0
13,2141,43192689,5,1,7,0,0
37,2142,43202628,3601,-81,-68,15982,0
L,43206160,VALID,-26.219,-0.049,1
4,2141,43212755,70,3527,7355,0,0
13,2142,43212795,-31,-1,9,0,0
37,2143,43222853,3596,-82,-68,15984,0
4,2142,43232865,86,3489,7383,0,0
13,2143,43232905,-47,0,5,0,0
37,2144,43242852,3592,-81,-67,15984,0
4,2143,43252913,63,3499,7399,0,0
13,2144,43252953,-38,2,3,0,0
37,2145,43263058,3590,-81,-67,15985,0
4,2144,43273087,55,3483,7393,0,0
13,2145,43273127,-6,10,11,0,0
37,2146,43283067,3590,-80,-65,15985,0
4,2145,43293278,75,3472,7408,0,0
13,2146,43293318,15,16,12,0,0
37,2147,43303393,3593,-78,-64,15984,0
L,43306917,VALID,-26.161,-0.034,1
4,2146,43313470,70,3497,7393,0,0
13,2147,43313510,54,18,-2,0,0
37,2148,43323454,3598,-77,-65,15983,0
4,2147,43333519,52,3531,7348,0,0
13,2148,43333559,25,3,-5,0,0
37,2149,43343609,3598,-77,-65,15983,0
4,2148,43353608,58,3521,7370,0,0
13,2149,43353647,-29,-5,4,0,0
37,2150,43363670,3594,-78,-64,15984,0
4,2149,43373809,60,3510,7353,0,0
13,2150,43373849,-60,-4,10,0,0
37,2151,43383921,3587,-79,-63,15985,0
4,2150,43393940,82,3469,7410,0,0
13,2151,43393980,-71,0,9,0,0
37,2152,43404059,3583,-79,-63,15986,0
L,43407588,VALID,-26.090,-0.043,1
4,2151,43414039,67,3465,7410,0,0
13,2152,43414078,-9,7,-4,0,0
37,2153,43424159,3584,-78,-63,15986,0
4,2152,43434163,57,3481,7397,0,0
13,2153,43434203,37,5,-1,0,0
37,2154,43444150,3588,-77,-63,15985,0
4,2153,43454430,54,3502,7384,0,0
13,2154,43454470,25,3,6,0,0
37,2155,43464427,3590,-77,-62,15985,0
4,2154,43474465,67,3504,7385,0,0
13,2155,43474504,13,3,14,0,0
37,2156,43484418,3591,-78,-61,15985,0
4,2155,43494558,75,3509,7366,0,0
13,2156,43494598,-1,0,4,0,0
37,2157,43504632,3590,-78,-61,15985,0
L,43508180,VALID,-26.139,-0.039,1
4,2156,43514682,75,3501,7381,0,0
13,2157,43514721,-28,3,-4,0,0
37,2158,43524719,3586,-77,-61,15986,0
4,2157,43534782,62,3485,7400,0,0
13,2158,43534848,-39,7,-4,0,0
37,2159,43544902,3584,-77,-61,15986,0
4,2158,43554877,48,3515,7368,0,0
13,2159,43554917,-39,-1,1,0,0
37,2160,43564985,3579,-78,-61,15987,0
4,2159,43575091,64,3506,7375,0,0
13,2160,43575131,-101,-17,10,0,0
37,2161,43585116,3568,-80,-60,15990,0
4,2160,43595178,85,3432,7443,0,0
13,2161,43595218,-63,-11,4,0,0
37,2162,43605235,3568,-80,-60,15990,0
L,43608773,VALID,-25.981,-0.054,1
4,2161,43615291,79,3458,7406,0,0
13,2162,43615331,38,2,-6,0,0
37,2163,43625354,3573,-79,-61,15989,0
4,2162,43635417,67,3475,7410,0,0
13,2163,43635457,57,8,-4,0,0
37,2164,43645449,3579,-78,-61,15987,0
4,2163,43655677,53,3509,7363,0,0
13,2164,43655717,48,7,0,0,0
37,2165,43665645,3580,-78,-61,15987,0
4,2164,43675830,65,3499,7380,0,0
13,2165,43675870,-32,-5,0,0,0
37,2166,43685666,3576,-79,-61,15988,0
4,2165,43695882,78,3479,7386,0,0
13,2166,43695921,-51,-8,1,0,0
37,2167,43705966,3571,-80,-61,15989,0
L,43709470,VALID,-26.003,-0.053,1
4,2166,43715937,68,3473,7402,0,0
13,2167,43715976,-55,-8,4,0,0
37,2168,43725965,3566,-81,-60,15990,0
4,2167,43736131,83,3476,7398,0,0
13,2168,43736171,-43,0,2,0,0
37,2169,43746284,3562,-80,-61,15991,0
4,2168,43756339,67,3463,7403,0,0
13,2169,43756378,-58,0,-8,0,0
37,2170,43766155,3558,-80,-62,15992,0
4,2169,43776353,59,3482,7394,0,0
13,2170,43776392,-51,-5,-3,0,0
37,2171,43786474,3553,-81,-62,15993,0
4,2170,43796613,71,3441,7430,0,0
13,2171,43796653,-44,-11,-1,0,0
37,2172,43806578,3551,-82,-62,15994,0
L,43810123,VALID,-25.859,-0.065,1
4,2171,43816727,83,3437,7422,0,0
13,2172,43816767,25,-4,2,0,0
37,2173,43826748,3556,-82,-62,15992,0
4,2172,43836812,84,3469,7391,0,0
13,2173,43836852,62,6,-2,0,0
37,2174,43846772,3561,-82,-62,15991,0
4,2173,43856863,76,3496,7362,0,0
13,2174,43856902,20,3,-3,0,0
37,2175,43867004,3560,-82,-62,15992,0
4,2174,43876981,67,3484,7386,0,0
13,2175,43877021,-27,-5,2,0,0
37,2176,43886996,3557,-83,-62,15992,0
4,2175,43897187,68,3477,7398,0,0
13,2176,43897227,-80,-9,6,0,0
37,2177,43907239,3549,-84,-61,15994,0
L,43910794,VALID,-25.846,-0.080,1
4,2176,43917288,62,3452,7408,0,0
13,2177,43917328,-71,-10,2,0,0
37,2178,43927261,3543,-84,-62,15995,0
4,2177,43937386,63,3425,7422,0,0
13,2178,43937425,-44,-11,3,0,0
37,2179,43947433,3541,-85,-61,15996,0
4,2178,43957490,82,3436,7402,0,0
13,2179,43957530,0,0,4,0,0
37,2180,43967477,3541,-85,-61,15996,0
4,2179,43977671,78,3442,7425,0,0
13,2180,43977710,14,2,-3,0,0
37,2181,43987675,3544,-85,-61,15995,0
4,2180,43997729,58,3444,7418,0,0
13,2181,43997769,60,5,-1,0,0
37,2182,44007794,3551,-85,-61,15994,0
L,44011343,VALID,-25.859,-0.087,1
4,2181,44017844,62,3483,7372,0,0
13,2182,44017884,54,-6,1,0,0
37,2183,44028029,3553,-86,-61,15993,0
4,2182,44038068,74,3470,7394,0,0
13,2183,44038108,6,-11,6,0,0
37,2184,44048056,3553,-87,-61,15993,0
4,2183,44058290,75,3458,7401,0,0
13,2184,44058330,-24,-13,4,0,0
37,2185,44068235,3550,-88,-60,15994,0
4,2184,44078194,76,3465,7401,0,0
13,2185,44078233,-14,-10,9,0,0
37,2186,44088225,3548,-90,-60,15994,0
4,2185,44098341,86,3433,7438,0,0
13,2186,44098380,-24,-12,10,0,0
37,2187,44108415,3548,-90,-59,15994,0
L,44111970,VALID,-25.839,-0.124,1
4,2186,44118454,78,3451,7411,0,0
13,2187,44118494,27,-3,2,0,0
37,2188,44128463,3552,-91,-59,15993,0
4,2187,44138649,78,3461,7412,0,0
13,2188,44138688,62,-4,-3,0,0
37,2189,44148578,3558,-92,-60,15992,0
4,2188,44158622,72,3492,7374,0,0
13,2189,44158662,34,-14,-4,0,0
37,2190,44168759,3558,-94,-61,15992,0
4,2189,44178905,72,3470,7390,0,0
13,2190,44178945,-7,-37,-10,0,0
37,2191,44188869,3556,-97,-63,15992,0
4,2190,44198941,80,3469,7389,0,0
13,2191,44198980,-21,-48,-13,0,0
37,2192,44208991,3554,-101,-64,15993,0
L,44212638,VALID,-25.882,-0.192,1
4,2191,44219133,100,3457,7411,0,0
13,2192,44219173,-33,-32,1,0,0
37,2193,44229103,3552,-103,-64,15993,0
4,2192,44239172,114,3425,7421,0,0
13,2193,44239212,9,-13,-7,0,0
37,2194,44249222,3555,-103,-66,15993,0
4,2193,44259241,77,3468,7389,0,0
13,2194,44259281,56,-3,-18,0,0
37,2195,44269507,3560,-104,-67,15991,0
4,2194,44279424,85,3484,7383,0,0
13,2195,44279463,25,-15,2,0,0
37,2196,44289427,3561,-106,-67,15991,0
4,2195,44299594,87,3485,7394,0,0
13,2196,44299634,-3,-25,11,0,0
37,2197,44309600,3559,-109,-66,15992,0
L,44313225,VALID,-25.918,-0.243,1
4,2196,44319630,110,3464,7394,0,0
13,2197,44319670,-17,-35,7,0,0
37,2198,44329755,3558,-112,-67,15992,0
4,2197,44339774,113,3454,7392,0,0
13,2198,44339813,-25,-21,-15,0,0
37,2199,44349886,3556,-113,-69,15992,0
4,2198,44359921,107,3477,7381,0,0
13,2199,44359960,-23,-14,-32,0,0
37,2200,44369911,3553,-113,-72,15993,0
4,2199,44380040,77,3477,7378,0,0
13,2200,44380080,-55,-7,-15,0,0
37,2201,44390073,3547,-114,-72,15994,0
4,2200,44400134,92,3429,7431,0,0
13,2201,44400174,-58,-10,3,0,0
37,2202,44410106,3544,-114,-72,15995,0
L,44413739,VALID,-25.811,-0.269,1
4,2201,44420320,106,3455,7394,0,0
13,2202,44420360,-9,4,8,0,0
37,2203,44430425,3543,-114,-71,15995,0
4,2202,44440402,104,3445,7416,0,0
13,2203,44440442,-5,15,8,0,0
37,2204,44450541,3544,-113,-71,15995,0
4,2203,44460557,85,3471,7383,0,0
13,2204,44460596,-15,4,-10,0,0
37,2205,44470580,3539,-113,-71,15996,0
4,2204,44480634,84,3452,7437,0,0
13,2205,44480673,-56,-16,-2,0,0
37,2206,44490648,3535,-116,-72,15997,0
4,2205,44500786,95,3440,7399,0,0
13,2206,44500826,-36,-31,3,0,0
37,2207,44510846,3532,-119,-72,15998,0
L,44514488,VALID,-25.725,-0.303,1
4,2206,44520938,115,3414,7441,0,0
13,2207,44520978,-14,-20,13,0,0
37,2208,44530820,3534,-120,-70,15997,0
4,2207,44541091,104,3439,7386,0,0
13,2208,44541130,21,-1,16,0,0
37,2209,44551131,3534,-120,-69,15997,0
4,2208,44561209,103,3438,7413,0,0
13,2209,44561248,11,0,0,0,0
37,2210,44571231,3536,-120,-70,15997,0
4,2209,44581235,82,3480,7400,0,0
13,2210,44581275,9,-2,1,0,0
37,2211,44591489,3535,-122,-69,15997,0
4,2210,44601425,98,3473,7381,0,0
13,2211,44601465,-52,-39,14,0,0
37,2212,44611327,3527,-126,-69,15999,0
L,44614959,VALID,-25.689,-0.355,1
4,2211,44621564,111,3446,7412,0,0
13,2212,44621603,-83,-51,6,0,0
37,2213,44631534,3521,-131,-69,16000,0
4,2212,44641639,133,3422,7408,0,0
13,2213,44641678,-73,-31,31,0,0
37,2214,44651628,3515,-133,-66,16001,0
4,2213,44661873,128,3427,7415,0,0
13,2214,44661912,-57,-5,11,0,0
37,2215,44672024,3509,-133,-67,16003,0
4,2214,44681968,113,3409,7448,0,0
13,2215,44682007,-72,-5,-12,0,0
37,2216,44691920,3505,-133,-68,16003,0
4,2215,44702130,112,3419,7433,0,0
13,2216,44702170,-12,4,1,0,0
37,2217,44712041,3504,-133,-67,16004,0
L,44715683,VALID,-25.524,-0.407,1
4,2216,44722131,104,3436,7413,0,0
13,2217,44722171,-44,-17,6,0,0
37,2218,44732152,3498,-136,-67,16005,0
4,2217,44742249,131,3387,7453,0,0
13,2218,44742288,-56,-26,16,0,0
37,2219,44752359,3495,-138,-66,16006,0
4,2218,44762369,135,3373,7448,0,0
13,2219,44762409,7,-7,4,0,0
37,2220,44772392,3498,-138,-66,16005,0
4,2219,44782481,127,3412,7399,0,0
13,2220,44782548,49,3,-4,0,0
37,2221,44792625,3502,-137,-67,16004,0
4,2220,44802638,114,3419,7438,0,0
13,2221,44802677,7,-13,-15,0,0
37,2222,44812590,3502,-139,-69,16004,0
L,44816214,VALID,-25.511,-0.445,1
4,2221,44822755,111,3424,7409,0,0
13,2222,44822795,15,-35,-13,0,0
37,2223,44832832,3503,-142,-69,16004,0
4,2222,44842910,124,3402,7444,0,0
13,2223,44842949,30,-21,10,0,0
37,2224,44852917,3508,-143,-69,16003,0
4,2223,44862996,110,3435,7391,0,0
13,2224,44863036,50,-5,16,0,0
37,2225,44873063,3512,-144,-66,16002,0
4,2224,44883082,125,3408,7447,0,0
13,2225,44883121,54,19,33,0,0
37,2226,44893097,3518,-142,-63,16000,0
4,2225,44903315,114,3407,7444,0,0
13,2226,44903355,105,4,22,0,0
37,2227,44913407,3529,-144,-62,15998,0
L,44917015,VALID,-25.704,-0.489,1
4,2226,44923421,100,3447,7415,0,0
13,2227,44923461,130,-32,19,0,0
37,2228,44933458,3540,-149,-60,15996,0
4,2227,44943485,120,3486,7394,0,0
13,2228,44943525,88,-53,27,0,0
37,2229,44953527,3545,-155,-59,15995,0
4,2228,44963546,138,3451,7401,0,0
13,2229,44963585,51,-76,35,0,0
37,2230,44973561,3550,-162,-57,15993,0
4,2229,44983855,150,3446,7423,0,0
13,2230,44983895,64,-81,45,0,0
37,2231,44993837,3556,-171,-55,15992,0
4,2230,45003846,147,3469,7394,0,0
13,2231,45003886,95,-136,55,0,0
37,2232,45013777,3565,-182,-52,15990,0
L,45017460,VALID,-25.963,-0.763,1
4,2231,45023892,157,3467,7415,0,0
13,2232,45023932,101,-69,50,0,0
37,2233,45034026,3576,-189,-48,15987,0
4,2232,45044046,197,3464,7378,0,0
13,2233,45044085,155,-51,48,0,0
37,2234,45054094,3589,-194,-47,15984,0
4,2233,45064163,180,3504,7382,0,0
13,2234,45064203,113,-73,0,0,0
37,2235,45074257,3595,-204,-50,15983,0
4,2234,45084224,180,3510,7408,0,0
13,2235,45084263,77,-173,13,0,0
37,2236,45094291,3604,-221,-50,15981,0
4,2235,45104386,162,3543,7380,0,0
13,2236,45104426,84,-186,44,0,0
37,2237,45114472,3608,-242,-50,15979,0
L,45118078,VALID,-26.275,-1.175,1
4,2236,45124476,170,3569,7378,0,0
13,2237,45124516,-14,-291,87,0,0
37,2238,45134558,3603,-272,-46,15980,0
4,2237,45144619,238,3496,7394,0,0
13,2238,45144659,-26,-330,130,0,0
37,2239,45154652,3602,-303,-42,15979,0
4,2238,45164741,338,3445,7354,0,0
13,2239,45164780,47,-306,107,0,0
37,2240,45174752,3610,-328,-38,15977,0
4,2239,45184953,333,3497,7342,0,0
13,2240,45184992,42,-248,87,0,0
37,2241,45194909,3611,-351,-37,15977,0
4,2240,45205058,343,3504,7368,0,0
13,2241,45205097,52,-247,63,0,0
37,2242,45214927,3616,-374,-36,15975,0
L,45218578,VALID,-26.341,-2.097,1
4,2241,45225067,353,3517,7369,0,0
13,2242,45225107,41,-250,43,0,0
37,2243,45235219,3618,-398,-38,15974,0
4,2242,45245134,271,3586,7439,0,0
13,2243,45245174,21,-347,69,0,0
37,2244,45255158,3620,-437,-36,15973,0
4,2243,45265374,396,3576,7315,0,0
13,2244,45265414,-16,-463,189,0,0
37,2245,45275487,3614,-481,-26,15973,0
4,2244,45285566,501,3461,7346,0,0
13,2245,45285605,-50,-423,189,0,0
37,2246,45295339,3611,-519,-20,15972,0
4,2245,45305537,550,3433,7365,0,0
13,2246,45305577,6,-405,130,0,0
37,2247,45315613,3613,-555,-20,15970,0
L,45319246,VALID,-26.338,-3.357,1
4,2246,45325713,542,3493,7373,0,0
13,2247,45325752,52,-423,43,0,0
37,2248,45335700,3618,-594,-26,15968,0
4,2247,45345812,541,3558,7314,0,0
13,2248,45345852,20,-439,45,0,0
37,2249,45355837,3617,-634,-30,15966,0
4,2248,45365941,489,3623,7438,0,0
13,2249,45365981,-59,-556,104,0,0
37,2250,45375855,3609,-693,-29,15966,0
4,2249,45385974,554,3632,7364,0,0
13,2250,45386013,-100,-750,252,0,0
37,2251,45396104,3597,-770,-16,15965,0
4,2250,45406131,787,3447,7327,0,0
13,2251,45406171,-106,-792,345,0,0
37,2252,45416148,3590,-843,-4,15963,0
L,45419656,VALID,-26.219,-5.349,1
4,2251,45426321,879,3421,7270,0,0
13,2252,45426361,-24,-728,256,0,0
37,2253,45436318,3589,-905,2,15960,0
4,2252,45446361,988,3408,7235,0,0
13,2253,45446400,41,-575,188,0,0
37,2254,45456404,3595,-950,5,15956,0
4,2253,45466465,970,3441,7263,0,0
13,2254,45466505,90,-426,129,0,0
37,2255,45476525,3603,-985,9,15952,0
4,2254,45486585,1001,3394,7325,0,0
13,2255,45486624,151,-337,105,0,0
37,2256,45496561,3618,-1015,8,15947,0
4,2255,45506764,1036,3444,7268,0,0
13,2256,45506803,205,-335,-12,0,0
37,2257,45516765,3638,-1040,0,15941,0
L,45520336,VALID,-26.611,-6.697,1
4,2256,45526829,977,3559,7275,0,0
13,2257,45526896,195,-313,-47,0,0
37,2258,45536912,3655,-1067,-7,15935,0
4,2257,45546963,1086,3533,7180,0,0
13,2258,45547003,204,-252,-14,0,0
37,2259,45557092,3669,-1085,-14,15930,0
4,2258,45567102,1045,3557,7228,0,0
13,2259,45567142,134,-241,-77,0,0
37,2260,45577118,3681,-1103,-24,15926,0
4,2259,45587307,1028,3605,7250,0,0
13,2260,45587346,74,-197,-40,0,0
37,2261,45597247,3686,-1120,-29,15924,0
4,2260,45607195,1055,3615,7219,0,0
13,2261,45607235,56,-241,-3,0,0
37,2262,45617271,3689,-1141,-33,15922,0
L,45620980,VALID,-27.023,-7.330,1
4,2261,45627395,1027,3648,7229,0,0
13,2262,45627435,-31,-253,41,0,0
37,2263,45637493,3680,-1168,-34,15922,0
4,2262,45647531,1083,3576,7298,0,0
13,2263,45647598,-122,-371,73,0,0
37,2264,45657555,3670,-1205,-35,15922,0
4,2263,45667695,1156,3501,7259,0,0
13,2264,45667735,-54,-410,93,0,0
37,2265,45677693,3667,-1243,-36,15919,0
4,2264,45687728,1225,3511,7176,0,0
13,2265,45687768,-15,-394,74,0,0
37,2266,45697811,3667,-1274,-36,15917,0
4,2265,45707909,1254,3502,7229,0,0
13,2266,45707948,50,-290,64,0,0
37,2267,45717916,3672,-1299,-37,15913,0
L,45721634,VALID,-26.958,-8.405,1
4,2266,45727997,1251,3571,7171,0,0
13,2267,45728036,20,-280,18,0,0
37,2268,45738053,3670,-1323,-42,15912,0
4,2267,45748156,1249,3565,7229,0,0
13,2268,45748195,-56,-318,33,0,0
37,2269,45758163,3665,-1353,-45,15911,0
4,2268,45768243,1292,3527,7232,0,0
13,2269,45768282,-38,-331,45,0,0
37,2270,45778284,3661,-1383,-49,15909,0
4,2269,45788339,1302,3526,7255,0,0
13,2270,45788379,-16,-395,31,0,0
37,2271,45798565,3663,-1420,-53,15905,0
4,2270,45808519,1316,3628,7165,0,0
13,2271,45808559,10,-401,90,0,0
37,2272,45818525,3660,-1457,-49,15903,0
L,45822270,VALID,-26.939,-9.467,1
4,2271,45828650,1392,3522,7226,0,0
13,2272,45828689,-49,-411,153,0,0
37,2273,45838656,3654,-1497,-47,15900,0
4,2272,45848688,1459,3456,7228,0,0
13,2273,45848728,-8,-468,83,0,0
37,2274,45858817,3657,-1538,-52,15896,0
4,2273,45868871,1432,3556,7162,0,0
13,2274,45868910,82,-454,39,0,0
37,2275,45878981,3666,-1577,-53,15890,0
4,2274,45889000,1493,3601,7078,0,0
13,2275,45889039,59,-401,126,0,0
37,2276,45899006,3664,-1613,-47,15887,0
4,2275,45909198,1578,3529,7113,0,0
13,2276,45909237,-57,-370,137,0,0
37,2277,45919212,3655,-1645,-46,15885,0
L,45922915,VALID,-26.986,-10.758,1
4,2276,45929277,1586,3551,7092,0,0
13,2277,45929317,-127,-316,99,0,0
37,2278,45939231,3641,-1672,-43,15886,0
4,2277,45949394,1646,3481,7112,0,0
13,2278,45949433,-157,-243,109,0,0
37,2279,45959482,3627,-1691,-39,15887,0
4,2278,45969463,1645,3434,7195,0,0
13,2279,45969502,-68,-175,85,0,0
37,2280,45979601,3625,-1707,-38,15886,0
4,2279,45989652,1663,3453,7166,0,0
13,2280,45989691,-4,-155,32,0,0
37,2281,45999634,3627,-1719,-39,15884,0
4,2280,46009729,1629,3511,7168,0,0
13,2281,46009769,52,-135,36,0,0
37,2282,46019779,3632,-1731,-37,15882,0
L,46023525,VALID,-26.853,-11.364,1
4,2281,46029862,1632,3524,7151,0,0
13,2282,46029928,65,-151,64,0,0
37,2283,46040030,3636,-1747,-33,15879,0
4,2282,46050092,1626,3576,7130,0,0
13,2283,46050131,-28,-198,79,0,0
37,2284,46059971,3628,-1770,-30,15878,0
4,2283,46070221,1701,3503,7127,0,0
13,2284,46070260,-83,-250,112,0,0
37,2285,46080229,3621,-1791,-24,15878,0
4,2284,46090314,1686,3495,7149,0,0
13,2285,46090354,-21,-196,139,0,0
37,2286,46100323,3618,-1812,-15,15876,0
4,2285,46110314,1719,3516,7117,0,0
13,2286,46110354,-90,-232,163,0,0
37,2287,46120606,3604,-1837,-8,15876,0
L,46124239,VALID,-26.684,-12.141,1
4,2286,46130586,1770,3476,7101,0,0
13,2287,46130625,-163,-264,176,0,0
37,2288,46140460,3587,-1862,1,15877,0
4,2287,46150709,1870,3345,7137,0,0
13,2288,46150748,-124,-209,141,0,0
37,2289,46160724,3581,-1878,4,15877,0
4,2288,46170797,1877,3359,7097,0,0
13,2289,46170836,-10,-115,31,0,0
37,2290,46180804,3583,-1884,2,15875,0
4,2289,46190975,1825,3412,7129,0,0
13,2290,46191014,40,-38,-59,0,0
37,2291,46201105,3587,-1885,-5,15874,0
4,2290,46211080,1773,3462,7183,0,0
13,2291,46211120,58,-74,-71,0,0
37,2292,46221027,3596,-1892,-9,15871,0
L,46224640,VALID,-26.655,-12.518,1
4,2291,46231253,1781,3535,7048,0,0
13,2292,46231292,56,-84,0,0,0
37,2293,46241181,3596,-1899,-8,15871,0
4,2292,46251276,1847,3448,7102,0,0
13,2293,46251315,-1,-35,22,0,0
37,2294,46261257,3595,-1901,-9,15871,0
4,2293,46271387,1793,3465,7150,0,0
13,2294,46271427,-47,-64,-11,0,0
37,2295,46281570,3592,-1908,-11,15871,0
4,2294,46291564,1801,3471,7129,0,0
13,2295,46291603,-18,-77,14,0,0
37,2296,46301569,3589,-1916,-11,15870,0
4,2295,46311638,1823,3484,7095,0,0
13,2296,46311677,-80,-111,7,0,0
37,2297,46321782,3578,-1927,-15,15871,0
L,46325476,VALID,-26.547,-12.751,1
4,2296,46331814,1799,3491,7156,0,0
13,2297,46331853,-141,-158,39,0,0
37,2298,46341740,3566,-1943,-12,15872,0
4,2297,46351937,1891,3414,7085,0,0
13,2298,46351976,-117,-144,111,0,0
37,2299,46362015,3557,-1954,-6,15873,0
4,2298,46372091,1895,3396,7112,0,0
13,2299,46372131,-65,-47,71,0,0
37,2300,46382118,3551,-1958,-3,15874,0
4,2299,46392213,1912,3376,7126,0,0
13,2300,46392252,-31,-33,32,0,0
37,2301,46402282,3550,-1959,-2,15874,0
4,2300,46412309,1858,3376,7176,0,0
13,2301,46412349,6,-41,-14,0,0
37,2302,46422312,3551,-1967,-8,15873,0
L,46425947,VALID,-26.365,-13.040,1
4,2301,46432516,1883,3436,7111,0,0
13,2302,46432556,-46,-98,-44,0,0
37,2303,46442566,3546,-1973,-12,15873,0
4,2302,46452584,1889,3375,7154,0,0
13,2303,46452624,-1,-73,-10,0,0
37,2304,46462651,3551,-1979,-13,15871,0
4,2303,46472686,1895,3384,7115,0,0
13,2304,46472725,93,-44,-1,0,0
37,2305,46482762,3561,-1981,-12,15868,0
4,2304,46492789,1857,3513,7062,0,0
13,2305,46492829,75,-25,0,0,0
37,2306,46502821,3561,-1985,-11,15868,0
4,2305,46513127,1881,3433,7148,0,0
13,2306,46513166,-36,-66,53,0,0
37,2307,46523139,3558,-1993,-8,15868,0
L,46526774,VALID,-26.431,-13.218,1
4,2306,46533173,1923,3388,7101,0,0
13,2307,46533212,-24,-76,31,0,0
37,2308,46543108,3555,-2000,-10,15868,0
4,2307,46553253,1914,3405,7133,0,0
13,2308,46553292,-34,-66,-29,0,0
37,2309,46563356,3554,-2004,-14,15867,0
4,2308,46573366,1901,3473,7074,0,0
13,2309,46573406,-48,-51,-14,0,0
37,2310,46583391,3547,-2007,-14,15868,0
4,2309,46593469,1939,3385,7133,0,0
13,2310,46593509,-12,-8,32,0,0
37,2311,46603544,3549,-2007,-12,15868,0
4,2310,46613512,1908,3401,7140,0,0
13,2311,46613551,23,-10,16,0,0
37,2312,46623630,3550,-2010,-12,15867,0
L,46627393,VALID,-26.386,-13.330,1
4,2311,46633696,1891,3440,7136,0,0
13,2312,46633736,-11,-60,5,0,0
37,2313,46643802,3547,-2018,-12,15867,0
4,2312,46653813,1933,3388,7119,0,0
13,2313,46653880,-13,-121,27,0,0
37,2314,46663925,3548,-2028,-11,15865,0
4,2313,46673952,1982,3364,7087,0,0
13,2314,46673992,55,-49,8,0,0
37,2315,46684031,3555,-2029,-13,15864,0
4,2314,46694104,1922,3443,7071,0,0
13,2315,46694144,30,-19,-22,0,0
37,2316,46704112,3554,-2031,-15,15864,0
4,2315,46714259,1889,3454,7128,0,0
13,2316,46714299,-5,-35,-5,0,0
37,2317,46724232,3554,-2035,-13,15863,0
L,46727942,VALID,-26.430,-13.499,1
4,2316,46734409,1957,3400,7094,0,0
13,2317,46734449,13,-36,50,0,0
37,2318,46744266,3555,-2038,-10,15863,0
4,2317,46754447,1922,3416,7136,0,0
13,2318,46754487,7,-37,27,0,0
37,2319,46764645,3556,-2043,-9,15862,0
4,2318,46774509,1958,3456,7038,0,0
13,2319,46774548,-34,-62,14,0,0
37,2320,46784583,3549,-2047,-10,15863,0
4,2319,46794767,1986,3383,7087,0,0
13,2320,46794806,-66,-13,29,0,0
37,2321,46804850,3545,-2046,-7,15864,0
4,2320,46814931,1959,3375,7118,0,0
13,2321,46814970,-2,43,-1,0,0
37,2322,46824806,3545,-2043,-9,15864,0
L,46828421,VALID,-26.366,-13.562,1
4,2321,46834940,1943,3402,7123,0,0
13,2322,46834980,-36,0,-38,0,0
37,2323,46845039,3543,-2043,-13,15865,0
4,2322,46855196,1951,3407,7093,0,0
13,2323,46855236,4,2,-25,0,0
37,2324,46865125,3544,-2041,-13,15865,0
4,2323,46875264,1942,3409,7131,0,0
13,2324,46875304,7,14,3,0,0
37,2325,46885296,3545,-2041,-13,15865,0
4,2324,46895395,1958,3403,7092,0,0
13,2325,46895435,17,13,2,0,0
37,2326,46905292,3547,-2038,-12,15864,0
4,2325,46915437,1935,3427,7088,0,0
13,2326,46915477,-10,16,-15,0,0
37,2327,46925529,3542,-2038,-15,15865,0
L,46929240,VALID,-26.346,-13.519,1
4,2326,46935542,1946,3404,7140,0,0
13,2327,46935581,-65,-20,-25,0,0
37,2328,46945563,3539,-2039,-17,15866,0
4,2327,46955702,1949,3404,7102,0,0
13,2328,46955742,-22,-4,-1,0,0
37,2329,46965727,3538,-2039,-17,15866,0
4,2328,46975796,1955,3385,7106,0,0
13,2329,46975836,0,21,-14,0,0
37,2330,46985743,3540,-2035,-18,15866,0
4,2329,46995882,1916,3423,7107,0,0
13,2330,46995922,1,38,-17,0,0
37,2331,47005932,3538,-2032,-19,15867,0
4,2330,47015994,1940,3377,7139,0,0
13,2331,47016033,20,-2,-12,0,0
37,2332,47025991,3543,-2033,-20,15866,0
L,47029728,VALID,-26.354,-13.476,1
4,2331,47036231,1968,3385,7084,0,0
13,2332,47036270,63,13,-37,0,0
37,2333,47046225,3550,-2029,-23,15865,0
4,2332,47056294,1919,3461,7057,0,0
13,2333,47056334,38,66,-23,0,0
37,2334,47066300,3549,-2021,-21,15866,0
4,2333,47076352,1898,3416,7151,0,0
13,2334,47076392,-22,58,6,0,0
37,2335,47086516,3547,-2019,-20,15867,0
4,2334,47096552,1917,3413,7117,0,0
13,2335,47096592,-19,13,3,0,0
37,2336,47106516,3545,-2020,-22,15867,0
4,2335,47116750,1908,3434,7117,0,0
13,2336,47116790,-64,-46,-1,0,0
37,2337,47126714,3538,-2025,-22,15868,0
L,47130451,VALID,-26.315,-13.419,1
4,2336,47136668,1945,3398,7107,0,0
13,2337,47136708,-66,-29,23,0,0
37,2338,47146739,3533,-2026,-22,15869,0
4,2337,47156872,1935,3386,7135,0,0
13,2338,47156912,-35,-12,0,0,0
37,2339,47166943,3532,-2027,-22,15869,0
4,2338,47176989,1935,3401,7111,0,0
13,2339,47177029,-31,0,9,0,0
37,2340,47186951,3527,-2027,-22,15870,0
4,2339,47197163,1933,3333,7201,0,0
13,2340,47197203,4,-46,-6,0,0
37,2341,47207126,3533,-2033,-24,15868,0
4,2340,47217127,1952,3385,7092,0,0
13,2341,47217166,92,-55,-30,0,0
37,2342,47227289,3543,-2035,-26,15866,0
L,47231017,VALID,-26.359,-13.481,1
4,2341,47237390,1939,3426,7095,0,0
13,2342,47237429,108,-5,-8,0,0
37,2343,47247383,3551,-2035,-25,15864,0
4,2342,47257489,1951,3399,7121,0,0
13,2343,47257529,50,-11,-10,0,0
37,2344,47267538,3554,-2037,-27,15863,0
4,2343,47277672,1949,3395,7093,0,0
13,2344,47277712,46,-12,-44,0,0
37,2345,47287665,3558,-2036,-32,15862,0
4,2344,47297764,1904,3456,7130,0,0
13,2345,47297804,-7,-39,-40,0,0
37,2346,47307822,3555,-2042,-36,15862,0
4,2345,47317816,1899,3483,7104,0,0
13,2346,47317856,-48,-114,4,0,0
37,2347,47328029,3550,-2053,-35,15862,0
L,47331732,VALID,-26.429,-13.589,1
4,2346,47337966,1957,3380,7123,0,0
13,2347,47338005,-36,-133,67,0,0
37,2348,47347986,3546,-2068,-33,15861,0
4,2347,47358124,1973,3321,7199,0,0
13,2348,47358164,10,-164,-23,0,0
37,2349,47368150,3551,-2085,-43,15857,0
4,2348,47378220,2043,3352,7053,0,0
13,2349,47378259,53,-248,-125,0,0
37,2350,47388313,3555,-2101,-65,15854,0
4,2349,47398382,1964,3482,7074,0,0
13,2350,47398449,-65,-268,-198,0,0
37,2351,47408522,3549,-2122,-85,15853,0
4,2350,47418514,2041,3383,7069,0,0
13,2351,47418554,-38,-243,-169,0,0
37,2352,47428521,3554,-2135,-102,15850,0
L,47432351,VALID,-26.564,-14.046,1
4,2351,47438626,2037,3467,6966,0,0
13,2352,47438666,86,-88,-139,0,0
37,2353,47448683,3564,-2133,-109,15848,0
4,2352,47458745,2006,3486,7037,0,0
13,2353,47458784,75,63,-24,0,0
37,2354,47468655,3570,-2124,-104,15848,0
4,2353,47478855,2009,3404,7070,0,0
13,2354,47478894,106,124,16,0,0
37,2355,47488957,3580,-2115,-101,15847,0
4,2354,47498933,2020,3443,7028,0,0
13,2355,47498972,111,110,-14,0,0
37,2356,47509103,3589,-2104,-100,15846,0
4,2355,47519132,2002,3500,7025,0,0
13,2356,47519199,19,131,-28,0,0
37,2357,47529146,3586,-2092,-100,15848,0
L,47532925,VALID,-26.770,-13.747,1
4,2356,47539264,1952,3440,7126,0,0
13,2357,47539303,-6,103,-24,0,0
37,2358,47549250,3588,-2086,-100,15849,0
4,2357,47559371,1958,3481,7069,0,0
13,2358,47559411,20,50,-4,0,0
37,2359,47569471,3591,-2081,-96,15849,0
4,2358,47579544,1948,3518,7044,0,0
13,2359,47579583,30,93,60,0,0
37,2360,47589429,3591,-2073,-87,15850,0
4,2359,47599663,1937,3467,7086,0,0
13,2360,47599702,-8,110,103,0,0
37,2361,47609714,3589,-2066,-76,15851,0
4,2360,47619810,1963,3414,7088,0,0
13,2361,47619849,23,127,104,0,0
37,2362,47629825,3591,-2057,-66,15852,0
L,47633570,VALID,-26.757,-13.560,1
4,2361,47639805,1962,3436,7089,0,0
13,2362,47639844,17,90,47,0,0
37,2363,47650134,3589,-2050,-64,15853,0
4,2362,47660095,1903,3477,7108,0,0
13,2363,47660134,-53,32,-1,0,0
37,2364,47669963,3584,-2050,-63,15854,0
4,2363,47680257,1914,3434,7149,0,0
13,2364,47680297,-46,-9,34,0,0
37,2365,47690184,3581,-2054,-60,15855,0
4,2364,47700239,1954,3427,7097,0,0
13,2365,47700279,-11,-45,53,0,0
37,2366,47710289,3580,-2059,-56,15854,0
4,2365,47720462,1970,3402,7107,0,0
13,2366,47720502,26,-38,40,0,0
37,2367,47730599,3583,-2064,-55,15853,0
L,47734328,VALID,-26.693,-13.627,1
4,2366,47740578,1980,3404,7117,0,0
13,2367,47740618,68,-63,-7,0,0
37,2368,47750513,3592,-2069,-57,15850,0
4,2367,47760746,1970,3467,7049,0,0
13,2368,47760813,101,-62,-15,0,0
37,2369,47770659,3601,-2073,-58,15848,0
4,2368,47780791,1977,3495,7012,0,0
13,2369,47780831,86,-27,3,0,0
37,2370,47790775,3606,-2073,-55,15846,0
4,2369,47800918,1940,3508,7065,0,0
13,2370,47800957,23,6,27,0,0
37,2371,47811000,3605,-2075,-53,15846,0
4,2370,47821026,1953,3452,7085,0,0
13,2371,47821066,-11,-51,35,0,0
37,2372,47831002,3605,-2081,-51,15846,0
L,47834729,VALID,-26.861,-13.745,1
4,2371,47841066,1954,3478,7087,0,0
13,2372,47841106,8,-59,50,0,0
37,2373,47851199,3605,-2088,-46,15845,0
4,2372,47861253,2000,3482,7017,0,0
13,2373,47861293,1,-47,75,0,0
37,2374,47871199,3603,-2091,-40,15845,0
4,2373,47881381,2012,3418,7072,0,0
13,2374,47881421,-32,5,65,0,0
37,2375,47891457,3599,-2090,-37,15846,0
4,2374,47901582,1983,3413,7149,0,0
13,2375,47901621,-1,-10,20,0,0
37,2376,47911567,3601,-2094,-37,15845,0
4,2375,47921647,1981,3453,7075,0,0
13,2376,47921687,35,-79,-6,0,0
37,2377,47931756,3605,-2102,-39,15843,0
L,47935493,VALID,-26.864,-13.908,1
4,2376,47941798,2001,3474,7045,0,0
13,2377,47941837,43,-65,12,0,0
37,2378,47951810,3608,-2107,-37,15842,0
4,2377,47961958,1995,3483,7050,0,0
13,2378,47961998,20,-48,42,0,0
37,2379,47972069,3609,-2112,-33,15841,0
4,2378,47982070,2024,3457,7053,0,0
13,2379,47982110,26,-45,68,0,0
37,2380,47992146,3612,-2117,-26,15839,0
4,2379,48002199,2054,3465,6982,0,0
13,2380,48002239,71,12,86,0,0
37,2381,48012238,3619,-2113,-15,15838,0
4,2380,48022268,2041,3480,6993,0,0
13,2381,48022335,81,129,92,0,0
37,2382,48032325,3623,-2100,-5,15839,0
L,48035940,VALID,-26.967,-13.945,1
4,2381,48042597,2002,3487,7030,0,0
13,2382,48042637,38,182,71,0,0
37,2383,48052601,3622,-2086,2,15841,0
4,2382,48062604,1925,3471,7162,0,0
13,2383,48062643,-51,94,39,0,0
37,2384,48072556,3614,-2087,2,15843,0
4,2383,48082635,1937,3485,7124,0,0
13,2384,48082675,-85,-108,20,0,0
37,2385,48092773,3609,-2100,4,15842,0
4,2384,48102781,2007,3459,7064,0,0
13,2385,48102821,-48,-119,106,0,0
37,2386,48112831,3606,-2111,13,15842,0
4,2385,48122910,2097,3372,7031,0,0
13,2386,48122950,44,-24,102,0,0
37,2387,48133005,3610,-2110,18,15841,0
L,48136663,VALID,-26.858,-14.052,1
4,2386,48143001,2025,3410,7109,0,0
13,2387,48143040,69,16,-17,0,0
37,2388,48153160,3618,-2110,16,15839,0
4,2387,48163224,2027,3438,7065,0,0
13,2388,48163263,103,-25,-37,0,0
37,2389,48173315,3629,-2110,14,15836,0
4,2388,48183316,2016,3498,7016,0,0
13,2389,48183356,125,10,-18,0,0
37,2390,48193401,3640,-2108,15,15834,0
4,2389,48203419,1987,3566,6999,0,0
13,2390,48203458,56,16,1,0,0
37,2391,48213482,3636,-2109,15,15835,0
4,2390,48223565,1988,3527,7066,0,0
13,2391,48223604,-104,-63,46,0,0
37,2392,48233556,3627,-2117,20,15836,0
L,48237160,VALID,-26.985,-14.101,1
4,2391,48243731,2044,3428,7050,0,0
13,2392,48243771,-57,-50,93,0,0
37,2393,48253735,3623,-2122,26,15836,0
4,2392,48263945,2054,3426,7055,0,0
13,2393,48263985,-7,-15,56,0,0
37,2394,48273756,3622,-2123,28,15836,0
4,2393,48283934,2000,3482,7091,0,0
13,2394,48283974,-11,-51,23,0,0
37,2395,48294153,3621,-2130,29,15836,0
4,2394,48304013,2045,3426,7077,0,0
13,2395,48304052,-5,-77,27,0,0
37,2396,48314068,3620,-2139,28,15835,0
4,2395,48324279,2082,3402,7031,0,0
13,2396,48324319,14,-91,-40,0,0
37,2397,48334321,3623,-2144,20,15833,0
L,48337970,VALID,-26.973,-14.287,1
4,2396,48344429,2026,3531,7018,0,0
13,2397,48344468,-23,-80,-55,0,0
37,2398,48354278,3620,-2149,18,15833,0
4,2397,48364448,2042,3504,7008,0,0
13,2398,48364488,-39,-24,32,0,0
37,2399,48374561,3614,-2151,22,15834,0
4,2398,48384665,2069,3414,7096,0,0
13,2399,48384732,-56,-4,64,0,0
37,2400,48394629,3611,-2153,26,15835,0
4,2399,48404788,2075,3437,7046,0,0
13,2400,48404828,0,-19,23,0,0
37,2401,48414818,3610,-2156,25,15835,0
4,2400,48424888,2043,3494,7028,0,0
13,2401,48424928,-77,-54,6,0,0
37,2402,48434860,3600,-2161,25,15836,0
L,48438458,VALID,-26.810,-14.416,1
4,2401,48444960,2090,3405,7062,0,0
13,2402,48444999,-70,-45,35,0,0
37,2403,48455025,3597,-2165,27,15836,0
4,2402,48465086,2104,3367,7064,0,0
13,2403,48465126,17,-21,0,0,0
37,2404,48475050,3601,-2165,24,15835,0
4,2403,48485283,2089,3453,7008,0,0
13,2404,48485323,46,1,-63,0,0
37,2405,48495282,3605,-2162,19,15835,0
4,2404,48505335,2077,3452,7025,0,0
13,2405,48505375,38,63,-59,0,0
37,2406,48515325,3610,-2153,17,15835,0
4,2405,48525500,2018,3495,7063,0,0
13,2406,48525539,28,74,-27,0,0
37,2407,48535554,3612,-2148,18,15835,0
L,48539173,VALID,-26.896,-14.313,1
4,2406,48545589,2013,3510,7045,0,0
13,2407,48545628,-26,32,36,0,0
37,2408,48555624,3604,-2149,23,15837,0
4,2407,48565783,2046,3437,7075,0,0
13,2408,48565823,-90,-22,61,0,0
37,2409,48575833,3594,-2154,25,15838,0
4,2408,48585859,2085,3391,7088,0,0
13,2409,48585899,-103,-64,31,0,0
37,2410,48595885,3587,-2160,24,15839,0
4,2409,48605971,2112,3376,7038,0,0
13,2410,48606011,-41,-27,-1,0,0
37,2411,48616125,3586,-2158,22,15840,0
4,2410,48626153,2064,3402,7079,0,0
13,2411,48626192,7,19,-45,0,0
37,2412,48636176,3589,-2156,18,15839,0
L,48639826,VALID,-26.732,-14.372,1
4,2411,48646424,2072,3434,7043,0,0
13,2412,48646464,44,7,-50,0,0
37,2413,48656367,3594,-2154,15,15838,0
4,2412,48666333,2047,3461,7039,0,0
13,2413,48666373,36,21,-37,0,0
37,2414,48676383,3597,-2151,13,15838,0
4,2413,48686521,2051,3446,7087,0,0
13,2414,48686560,18,6,-22,0,0
37,2415,48696605,3599,-2152,11,15838,0
4,2414,48706616,2071,3430,7040,0,0
13,2415,48706656,42,-12,-29,0,0
37,2416,48716622,3603,-2152,9,15837,0
4,2415,48726803,2067,3464,6986,0,0
13,2416,48726843,40,31,-46,0,0
37,2417,48736813,3606,-2145,7,15837,0
L,48740331,VALID,-26.859,-14.276,1
4,2416,48746816,2020,3548,6986,0,0
13,2417,48746856,-61,103,-1,0,0
37,2418,48756941,3595,-2135,12,15841,0
4,2417,48767107,2004,3458,7114,0,0
13,2418,48767146,-122,82,75,0,0
37,2419,48777120,3583,-2134,18,15844,0
4,2418,48787185,2032,3398,7114,0,0
13,2419,48787225,-141,3,68,0,0
37,2420,48797199,3570,-2137,20,15846,0
4,2419,48807366,2030,3397,7132,0,0
13,2420,48807405,-107,-73,31,0,0
37,2421,48817365,3562,-2147,19,15847,0
4,2420,48827390,2086,3368,7095,0,0
13,2421,48827429,-66,-98,17,0,0
37,2422,48837466,3560,-2154,18,15846,0
L,48841072,VALID,-26.518,-14.364,1
4,2421,48847470,2093,3364,7075,0,0
13,2422,48847509,9,-69,-16,0,0
37,2423,48857663,3563,-2158,14,15845,0
4,2422,48867673,2048,3420,7106,0,0
13,2423,48867712,68,-51,-36,0,0
37,2424,48877655,3570,-2164,11,15843,0
4,2423,48887749,2096,3409,7023,0,0
13,2424,48887789,67,-89,-24,0,0
37,2425,48897853,3578,-2169,9,15840,0
4,2424,48907836,2070,3459,7036,0,0
13,2425,48907876,72,-26,7,0,0
37,2426,48917969,3582,-2170,13,15839,0
4,2425,48928052,2107,3393,7054,0,0
13,2426,48928091,100,7,32,0,0
37,2427,48938143,3593,-2169,16,15837,0
L,48941777,VALID,-26.770,-14.457,1
4,2426,48948115,2060,3452,7029,0,0
13,2427,48948154,96,13,-1,0,0
37,2428,48958159,3597,-2170,15,15836,0
4,2427,48968265,2041,3472,7071,0,0
13,2428,48968305,-4,-65,-8,0,0
37,2429,48978299,3594,-2179,12,15835,0
4,2428,48988394,2086,3449,7052,0,0
13,2429,48988434,-30,-129,5,0,0
37,2430,48998334,3594,-2189,12,15834,0
4,2429,49008523,2096,3456,6983,0,0
13,2430,49008563,-16,-55,38,0,0
37,2431,49018644,3590,-2192,15,15834,0
4,2430,49028619,2074,3459,7056,0,0
13,2431,49028658,-44,-54,62,0,0
37,2432,49038805,3583,-2201,17,15835,0
L,49042405,VALID,-26.715,-14.680,1
4,2431,49048810,2089,3451,7054,0,0
13,2432,49048850,-128,-126,39,0,0
37,2433,49058807,3569,-2215,16,15836,0
4,2432,49068876,2172,3376,7011,0,0
13,2433,49068915,-134,-108,44,0,0
37,2434,49078859,3561,-2219,19,15837,0
4,2433,49088998,2155,3392,7002,0,0
13,2434,49089038,-49,24,62,0,0
37,2435,49099090,3556,-2215,25,15839,0
4,2434,49109134,2130,3357,7110,0,0
13,2435,49109173,-38,39,43,0,0
37,2436,49119019,3553,-2215,26,15839,0
4,2435,49129278,2128,3384,7056,0,0
13,2436,49129345,-49,-8,-6,0,0
37,2437,49139268,3547,-2216,23,15840,0
L,49142919,VALID,-26.457,-14.800,1
4,2436,49149361,2100,3387,7097,0,0
13,2437,49149401,-79,-44,-24,0,0
37,2438,49159378,3541,-2221,19,15841,0
4,2437,49169324,2118,3364,7074,0,0
13,2438,49169364,-15,-78,-11,0,0
37,2439,49179570,3544,-2227,18,15840,0
4,2438,49189529,2171,3377,7014,0,0
13,2439,49189569,49,-10,6,0,0
37,2440,49199438,3550,-2224,21,15839,0
4,2439,49209631,2151,3414,7001,0,0
13,2440,49209670,64,73,6,0,0
37,2441,49219594,3554,-2215,23,15839,0
4,2440,49229663,2129,3400,7065,0,0
13,2441,49229703,45,96,-14,0,0
37,2442,49239680,3557,-2208,22,15839,0
L,49243303,VALID,-26.526,-14.742,1
4,2441,49249805,2113,3401,7063,0,0
13,2442,49249845,8,60,-40,0,0
37,2443,49259991,3558,-2203,19,15840,0
4,2442,49269959,2052,3450,7088,0,0
13,2443,49269999,-19,-7,-31,0,0
37,2444,49279909,3553,-2208,17,15840,0
4,2443,49290137,2109,3419,7059,0,0
13,2444,49290176,-65,-81,22,0,0
37,2445,49300040,3549,-2215,20,15840,0
4,2444,49310110,2151,3396,6979,0,0
13,2445,49310150,-35,-10,68,0,0
37,2446,49320109,3543,-2214,25,15842,0
4,2445,49330223,2165,3333,7043,0,0
13,2446,49330262,-70,60,40,0,0
37,2447,49340306,3538,-2207,27,15844,0
L,49343930,VALID,-26.380,-14.746,1
4,2446,49350311,2098,3361,7142,0,0
13,2447,49350351,-45,51,-11,0,0
37,2448,49360315,3533,-2207,23,15845,0
4,2447,49370374,2115,3357,7099,0,0
13,2448,49370413,-41,-55,-59,0,0
37,2449,49380538,3532,-2211,16,15844,0
4,2448,49390548,2092,3406,7079,0,0
13,2449,49390615,-15,-81,-60,0,0
37,2450,49400477,3533,-2218,11,15843,0
4,2449,49410686,2114,3419,7016,0,0
13,2450,49410726,-19,-77,5,0,0
37,2451,49420769,3529,-2224,12,15843,0
4,2450,49430851,2171,3342,7051,0,0
13,2451,49430890,-19,-26,18,0,0
37,2452,49440840,3528,-2225,11,15843,0
L,49444480,VALID,-26.333,-14.847,1
4,2451,49450869,2142,3334,7052,0,0
13,2452,49450909,11,9,-37,0,0
37,2453,49460967,3532,-2222,7,15843,0
4,2452,49470975,2126,3399,7031,0,0
13,2453,49471015,26,35,-47,0,0
37,2454,49480984,3534,-2216,6,15843,0
4,2453,49491157,2100,3424,7052,0,0
13,2454,49491196,-8,67,-27,0,0
37,2455,49501242,3529,-2211,4,15845,0
4,2454,49511285,2072,3371,7159,0,0
13,2455,49511352,-68,-15,-6,0,0
37,2456,49521347,3525,-2217,3,15845,0
4,2455,49531365,2124,3353,7059,0,0
13,2456,49531405,-20,-83,5,0,0
37,2457,49541439,3525,-2224,2,15844,0
L,49544950,VALID,-26.318,-14.826,1
4,2456,49551485,2161,3315,7071,0,0
13,2457,49551525,33,-55,-9,0,0
37,2458,49561464,3532,-2226,0,15843,0
4,2457,49571699,2154,3366,7008,0,0
13,2458,49571739,78,14,-44,0,0
37,2459,49581715,3539,-2221,-2,15842,0
4,2458,49591716,2104,3380,7089,0,0
13,2459,49591755,84,61,-44,0,0
37,2460,49601654,3547,-2216,-3,15841,0
4,2459,49611842,2110,3416,7034,0,0
13,2460,49611882,85,34,-37,0,0
37,2461,49621886,3554,-2212,-4,15840,0
4,2460,49631887,2087,3431,7051,0,0
13,2461,49631926,44,31,-13,0,0
37,2462,49641953,3556,-2210,-4,15839,0
L,49645621,VALID,-26.543,-14.715,1
4,2461,49652073,2095,3421,7053,0,0
13,2462,49652113,26,-3,13,0,0
37,2463,49662127,3557,-2212,-2,15839,0
4,2462,49672127,2115,3392,7047,0,0
13,2463,49672167,4,-11,15,0,0
37,2464,49682219,3556,-2213,-2,15839,0
4,2463,49692291,2097,3398,7076,0,0
13,2464,49692331,-18,-23,-10,0,0
37,2465,49702377,3555,-2216,-4,15839,0
4,2464,49712367,2099,3404,7074,0,0
13,2465,49712407,10,-52,17,0,0
37,2466,49722443,3558,-2221,0,15837,0
4,2465,49732504,2128,3378,7028,0,0
13,2466,49732544,52,-25,38,0,0
37,2467,49742538,3561,-2223,0,15836,0
L,49746127,VALID,-26.584,-14.810,1
4,2466,49752629,2157,3381,7045,0,0
13,2467,49752668,42,-22,0,0,0
37,2468,49762657,3566,-2223,0,15835,0
4,2467,49772832,2126,3420,7031,0,0
13,2468,49772872,35,10,-25,0,0
37,2469,49782845,3567,-2222,-2,15835,0
4,2468,49793030,2108,3447,7029,0,0
13,2469,49793070,-19,-13,-25,0,0
37,2470,49802858,3564,-2224,-3,15836,0
4,2469,49813028,2114,3425,7034,0,0
13,2470,49813068,-47,-10,6,0,0
37,2471,49823148,3558,-2225,-3,15837,0
4,2470,49833055,2105,3411,7077,0,0
13,2471,49833095,-75,-25,14,0,0
37,2472,49843114,3551,-2229,-3,15838,0
L,49846719,VALID,-26.516,-14.848,1
4,2471,49853273,2133,3378,7059,0,0
13,2472,49853312,-62,-59,22,0,0
37,2473,49863373,3548,-2234,-3,15838,0
4,2472,49873468,2169,3343,7051,0,0
13,2473,49873535,9,-29,5,0,0
37,2474,49883319,3552,-2234,-3,15837,0
4,2473,49893433,2141,3377,7050,0,0
13,2474,49893499,76,10,-29,0,0
37,2475,49903612,3558,-2233,-7,15836,0
4,2474,49913718,2161,3404,7016,0,0
13,2475,49913757,40,3,-61,0,0
37,2476,49923628,3563,-2230,-11,15835,0
4,2475,49933778,2128,3432,7012,0,0
13,2476,49933818,16,53,-58,0,0
37,2477,49943775,3562,-2224,-15,15836,0
L,49947494,VALID,-26.605,-14.792,1
4,2476,49953823,2104,3409,7054,0,0
13,2477,49953863,-4,31,-59,0,0
37,2478,49963800,3563,-2220,-19,15836,0
4,2477,49973888,2094,3462,6997,0,0
13,2478,49973927,-25,40,-12,0,0
37,2479,49983981,3558,-2216,-17,15838,0
4,2478,49994000,2081,3416,7112,0,0
13,2479,49994040,-62,-1,10,0,0
37,2480,50004015,3552,-2220,-18,15839,0
4,2479,50014199,2122,3405,7025,0,0
13,2480,50014238,-82,-28,27,0,0
37,2481,50024219,3544,-2222,-16,15840,0
4,2480,50034234,2136,3350,7084,0,0
13,2481,50034274,-68,-5,25,0,0
37,2482,50044220,3541,-2222,-15,15841,0
L,50047931,VALID,-26.449,-14.783,1
4,2481,50054353,2132,3372,7049,0,0
13,2482,50054393,-21,14,11,0,0
37,2483,50064374,3539,-2221,-14,15842,0
4,2482,50074463,2129,3370,7071,0,0
13,2483,50074503,14,25,0,0,0
37,2484,50084443,3541,-2218,-14,15841,0
4,2483,50094626,2097,3403,7077,0,0
13,2484,50094666,7,5,-11,0,0
37,2485,50104624,3541,-2219,-15,15841,0
4,2484,50114676,2116,3381,7071,0,0
13,2485,50114716,-2,-39,-3,0,0
37,2486,50124684,3542,-2223,-16,15841,0
4,2485,50134780,2102,3414,7031,0,0
13,2486,50134820,10,-24,12,0,0
37,2487,50144934,3541,-2225,-14,15841,0
L,50148636,VALID,-26.450,-14.805,1
4,2486,50154965,2135,3371,7053,0,0
13,2487,50155004,-6,-6,41,0,0
37,2488,50164950,3541,-2225,-10,15841,0
4,2487,50175161,2138,3355,7051,0,0
13,2488,50175200,22,17,18,0,0
37,2489,50185113,3543,-2224,-10,15840,0
4,2488,50195081,2107,3412,7058,0,0
13,2489,50195121,-9,-12,-18,0,0
37,2490,50205122,3540,-2226,-13,15841,0
4,2489,50215192,2087,3432,7069,0,0
13,2490,50215231,-76,-69,-8,0,0
37,2491,50225320,3531,-2235,-16,15841,0
4,2490,50235329,2125,3402,7037,0,0
13,2491,50235369,-91,-116,31,0,0
37,2492,50245285,3524,-2244,-12,15842,0
L,50249055,VALID,-26.335,-14.942,1
4,2491,50255479,2188,3335,7046,0,0
13,2492,50255546,-26,-31,69,0,0
37,2493,50265421,3525,-2245,-8,15841,0
4,2492,50275492,2170,3359,7030,0,0
13,2493,50275532,21,36,35,0,0
37,2494,50285607,3525,-2241,-5,15842,0
4,2493,50295696,2126,3377,7082,0,0
13,2494,50295736,1,18,1,0,0
37,2495,50305694,3524,-2241,-5,15842,0
4,2494,50315768,2158,3345,7078,0,0
13,2495,50315807,16,9,13,0,0
37,2496,50325807,3529,-2239,-3,15841,0
4,2495,50335904,2114,3384,7051,0,0
13,2496,50335943,39,22,9,0,0
37,2497,50345901,3527,-2240,-4,15842,0
L,50349535,VALID,-26.347,-14.926,1
4,2496,50355959,2104,3379,7121,0,0
13,2497,50355998,-41,-84,-8,0,0
37,2498,50366032,3526,-2250,-5,15841,0
4,2497,50376041,2155,3350,7047,0,0
13,2498,50376081,13,-102,25,0,0
37,2499,50386239,3529,-2258,-3,15839,0
4,2498,50396250,2195,3361,7013,0,0
13,2499,50396289,80,-25,29,0,0
37,2500,50406234,3538,-2257,0,15837,0
4,2499,50416374,2173,3386,7019,0,0
13,2500,50416413,76,22,22,0,0
37,2501,50426381,3541,-2256,0,15836,0
4,2500,50436419,2162,3398,7036,0,0
13,2501,50436458,28,11,-24,0,0
37,2502,50446503,3544,-2254,-1,15836,0
L,50450119,VALID,-26.479,-15.024,1
4,2501,50456551,2106,3444,7080,0,0
13,2502,50456590,-11,-23,-7,0,0
37,2503,50466667,3540,-2260,-2,15836,0
4,2502,50476668,2148,3407,7043,0,0
13,2503,50476708,-51,-96,25,0,0
37,2504,50486692,3535,-2269,0,15836,0
4,2503,50496795,2182,3380,7002,0,0
13,2504,50496834,-48,-60,55,0,0
37,2505,50506830,3529,-2273,2,15836,0
4,2504,50516934,2192,3340,7076,0,0
13,2505,50516974,-65,-38,34,0,0
37,2506,50526837,3524,-2277,2,15837,0
4,2505,50537062,2187,3351,7018,0,0
13,2506,50537101,-24,-24,-2,0,0
37,2507,50547156,3523,-2277,1,15837,0
L,50550694,VALID,-26.338,-15.190,1
4,2506,50557082,2167,3377,7056,0,0
13,2507,50557122,-22,9,5,0,0
37,2508,50567274,3521,-2276,2,15838,0
4,2507,50577243,2146,3390,7064,0,0
13,2508,50577283,-44,-4,15,0,0
37,2509,50587268,3513,-2280,1,15839,0
4,2508,50597387,2158,3340,7125,0,0
13,2509,50597426,-95,-110,2,0,0
37,2510,50607361,3508,-2292,0,15838,0
4,2509,50617509,2219,3320,7021,0,0
13,2510,50617548,-20,-107,22,0,0
37,2511,50627586,3508,-2299,0,15837,0
4,2510,50637665,2241,3323,7008,0,0
13,2511,50637705,51,-12,14,0,0
37,2512,50647529,3514,-2296,1,15836,0
L,50651086,VALID,-26.284,-15.322,1
4,2511,50657787,2201,3346,7067,0,0
13,2512,50657827,59,35,-21,0,0
37,2513,50667834,3518,-2294,-1,15836,0
4,2512,50677914,2192,3386,7039,0,0
13,2513,50677953,35,-7,-69,0,0
37,2514,50687920,3521,-2294,-7,15835,0
4,2513,50697887,2176,3408,7039,0,0
13,2514,50697927,-16,-16,-30,0,0
37,2515,50708153,3519,-2295,-8,15836,0
4,2514,50718144,2165,3383,7053,0,0
13,2515,50718184,-29,-31,16,0,0
37,2516,50728024,3515,-2299,-6,15836,0
4,2515,50738289,2211,3336,7046,0,0
13,2516,50738328,-19,-34,32,0,0
37,2517,50748247,3514,-2302,-4,15836,0
L,50751905,VALID,-26.292,-15.355,1
4,2516,50758312,2210,3364,7011,0,0
13,2517,50758351,-11,0,22,0,0
37,2518,50768314,3512,-2301,-2,15836,0
4,2517,50778499,2210,3344,7045,0,0
13,2518,50778539,-27,18,25,0,0
37,2519,50788676,3509,-2299,0,15837,0
4,2518,50798626,2214,3334,7075,0,0
13,2519,50798665,-9,30,5,0,0
37,2520,50808595,3509,-2296,0,15838,0
4,2519,50818781,2173,3368,7063,0,0
13,2520,50818821,11,35,0,0,0
37,2521,50828718,3511,-2294,1,15838,0
4,2520,50838828,2181,3360,7074,0,0
13,2521,50838867,11,1,32,0,0
37,2522,50848838,3511,-2296,4,15837,0
L,50852393,VALID,-26.259,-15.327,1
4,2521,50858973,2234,3311,7058,0,0
13,2522,50859012,20,1,9,0,0
37,2523,50869053,3514,-2295,3,15837,0
4,2522,50879072,2220,3346,7032,0,0
13,2523,50879112,43,24,-38,0,0
37,2524,50889071,3519,-2290,0,15836,0
4,2523,50899192,2192,3371,7039,0,0
13,2524,50899232,51,49,-43,0,0
37,2525,50909334,3525,-2284,0,15836,0
4,2524,50919346,2159,3396,7056,0,0
13,2525,50919386,57,55,-20,0,0
37,2526,50929302,3529,-2281,0,15835,0
4,2525,50939476,2146,3418,7044,0,0
13,2526,50939516,1,12,-2,0,0
37,2527,50949569,3526,-2282,0,15836,0
L,50953099,VALID,-26.363,-15.222,1
4,2526,50959626,2201,3343,7074,0,0
13,2527,50959666,-12,-18,25,0,0
37,2528,50969649,3527,-2283,2,15835,0
4,2527,50979699,2211,3349,7030,0,0
13,2528,50979739,12,-7,11,0,0
37,2529,50989819,3527,-2285,0,15835,0
4,2528,50999829,2154,3424,7039,0,0
13,2529,50999869,-18,-29,-14,0,0
37,2530,51009827,3523,-2288,1,15836,0
4,2529,51020071,2194,3376,7029,0,0
13,2530,51020110,-60,-21,44,0,0
37,2531,51030164,3517,-2290,5,15837,0
4,2530,51040173,2208,3354,7023,0,0
13,2531,51040213,-46,12,64,0,0
37,2532,51050231,3513,-2289,10,15838,0
L,51053830,VALID,-26.263,-15.288,1
4,2531,51060263,2233,3284,7072,0,0
13,2532,51060302,-25,41,31,0,0
37,2533,51070318,3512,-2285,10,15839,0
4,2532,51080336,2176,3313,7120,0,0
13,2533,51080376,18,27,-29,0,0
37,2534,51090360,3516,-2283,8,15838,0
4,2533,51100611,2198,3348,7047,0,0
13,2534,51100651,56,-4,-48,0,0
37,2535,51110637,3522,-2282,3,15837,0
4,2534,51120646,2184,3386,7018,0,0
13,2535,51120685,40,0,-56,0,0
37,2536,51130592,3525,-2281,0,15836,0
4,2535,51140749,2160,3419,7027,0,0
13,2536,51140788,10,23,-12,0,0
37,2537,51150796,3524,-2279,2,15837,0
L,51154319,VALID,-26.345,-15.204,1
4,2536,51160837,2177,3366,7059,0,0
13,2537,51160877,-18,17,28,0,0
37,2538,51170883,3521,-2279,4,15837,0
4,2537,51180954,2182,3368,7052,0,0
13,2538,51180994,-20,12,6,0,0
37,2539,51190996,3519,-2277,4,15838,0
4,2538,51200998,2154,3379,7069,0,0
13,2539,51201037,-35,-5,30,0,0
37,2540,51211099,3516,-2280,8,15838,0
4,2539,51221160,2191,3358,7049,0,0
13,2540,51221199,-43,-25,55,0,0
37,2541,51231228,3510,-2284,11,15839,0
4,2540,51241279,2218,3336,7046,0,0
13,2541,51241319,-46,-21,37,0,0
37,2542,51251314,3506,-2285,13,15840,0
L,51254981,VALID,-26.206,-15.266,1
4,2541,51261388,2215,3307,7083,0,0
13,2542,51261455,-15,-1,10,0,0
37,2543,51271426,3506,-2286,12,15840,0
4,2542,51281498,2199,3351,7038,0,0
13,2543,51281537,3,-6,-29,0,0
37,2544,51291527,3506,-2284,9,15840,0
4,2543,51301685,2184,3341,7088,0,0
13,2544,51301724,-9,-1,-25,0,0
37,2545,51311675,3507,-2285,6,15840,0
4,2544,51321822,2165,3385,7029,0,0
13,2545,51321862,9,-4,-33,0,0
37,2546,51331665,3507,-2284,6,15840,0
4,2545,51341846,2171,3379,7067,0,0
13,2546,51341885,-29,8,28,0,0
37,2547,51351974,3503,-2285,8,15841,0
L,51355521,VALID,-26.188,-15.259,1
4,2546,51361859,2165,3358,7085,0,0
13,2547,51361898,-38,-32,43,0,0
37,2548,51371957,3498,-2291,11,15841,0
4,2547,51382167,2228,3312,7043,0,0
13,2548,51382206,-26,-51,38,0,0
37,2549,51392223,3497,-2295,12,15840,0
4,2548,51402312,2237,3293,7034,0,0
13,2549,51402352,0,-19,-4,0,0
37,2550,51412129,3499,-2294,10,15840,0
4,2549,51422302,2217,3346,7005,0,0
13,2550,51422342,40,41,-38,0,0
37,2551,51432386,3502,-2288,9,15840,0
4,2550,51442527,2189,3365,7062,0,0
13,2551,51442566,5,72,-29,0,0
37,2552,51452447,3502,-2282,7,15841,0
L,51455984,VALID,-26.181,-15.237,1
4,2551,51462588,2167,3365,7098,0,0
13,2552,51462627,-31,32,-21,0,0
37,2553,51472611,3499,-2281,6,15842,0
4,2552,51482661,2171,3355,7068,0,0
13,2553,51482700,-13,-9,-7,0,0
37,2554,51492627,3497,-2283,5,15842,0
4,2553,51502722,2185,3359,7043,0,0
13,2554,51502761,-29,-30,18,0,0
37,2555,51512843,3494,-2285,8,15842,0
4,2554,51522896,2217,3312,7055,0,0
13,2555,51522936,-17,7,38,0,0
37,2556,51532902,3493,-2284,10,15843,0
4,2555,51543067,2204,3344,7036,0,0
13,2556,51543106,-37,22,8,0,0
37,2557,51553098,3487,-2282,10,15844,0
L,51556733,VALID,-26.069,-15.245,1
4,2556,51563079,2187,3303,7101,0,0
13,2557,51563119,-42,24,1,0,0
37,2558,51573038,3486,-2280,10,15845,0
4,2557,51583178,2205,3302,7073,0,0
13,2558,51583218,16,27,-11,0,0
37,2559,51593193,3489,-2277,9,15845,0
4,2558,51603278,2177,3360,7053,0,0
13,2559,51603317,18,44,-36,0,0
37,2560,51613296,3490,-2272,7,15845,0
4,2559,51623443,2156,3363,7066,0,0
13,2560,51623483,-42,42,-7,0,0
37,2561,51633476,3485,-2269,8,15847,0
4,2560,51643540,2164,3323,7089,0,0
13,2561,51643579,-23,25,10,0,0
37,2562,51653586,3483,-2268,9,15847,0
L,51657099,VALID,-26.031,-15.148,1
4,2561,51663644,2191,3315,7082,0,0
13,2562,51663683,-20,7,-7,0,0
37,2563,51673802,3481,-2267,7,15848,0
4,2562,51683779,2114,3366,7119,0,0
13,2563,51683819,-27,-25,-7,0,0
37,2564,51693777,3478,-2273,7,15848,0
4,2563,51704054,2195,3284,7077,0,0
13,2564,51704093,-28,-59,43,0,0
37,2565,51713951,3477,-2278,10,15847,0
4,2564,51723898,2217,3262,7071,0,0
13,2565,51723937,49,-26,17,0,0
37,2566,51733965,3484,-2279,11,15846,0
4,2565,51744052,2202,3327,7041,0,0
13,2566,51744092,83,12,-19,0,0
37,2567,51754172,3492,-2275,11,15844,0
L,51757848,VALID,-26.100,-15.198,1
4,2566,51764212,2168,3393,7031,0,0
13,2567,51764252,45,37,6,0,0
37,2568,51774215,3492,-2273,13,15845,0
4,2567,51784405,2176,3357,7047,0,0
13,2568,51784445,-38,26,30,0,0
37,2569,51794369,3485,-2272,15,15846,0
4,2568,51804395,2193,3320,7069,0,0
13,2569,51804435,-64,21,24,0,0
37,2570,51814524,3481,-2270,18,15848,0
4,2569,51824629,2211,3252,7098,0,0
13,2570,51824669,9,55,14,0,0
37,2571,51834600,3487,-2263,19,15847,0
4,2570,51844697,2175,3303,7086,0,0
13,2571,51844737,118,85,-32,0,0
37,2572,51854765,3500,-2255,18,15846,0
L,51858414,VALID,-26.138,-15.069,1
4,2571,51864899,2168,3368,7041,0,0
13,2572,51864939,122,92,-55,0,0
37,2573,51874885,3508,-2245,16,15845,0
4,2572,51884911,2151,3357,7054,0,0
13,2573,51884951,36,105,-60,0,0
37,2574,51895032,3511,-2236,13,15846,0
4,2573,51905043,2098,3415,7061,0,0
13,2574,51905082,-11,76,-59,0,0
37,2575,51915210,3506,-2231,10,15848,0
4,2574,51925196,2108,3378,7099,0,0
13,2575,51925236,-50,3,10,0,0
37,2576,51935191,3501,-2232,13,15848,0
4,2575,51945272,2141,3328,7091,0,0
13,2576,51945312,-45,-3,52,0,0
37,2577,51955323,3497,-2234,16,15849,0
L,51958981,VALID,-26.106,-14.922,1
4,2576,51965327,2145,3317,7093,0,0
13,2577,51965367,-38,-20,22,0,0
37,2578,51975443,3494,-2237,16,15849,0
4,2577,51985496,2146,3339,7086,0,0
13,2578,51985535,-45,-46,3,0,0
37,2579,51995580,3492,-2241,16,15849,0
4,2578,52005633,2175,3321,7052,0,0
13,2579,52005673,14,-5,17,0,0
37,2580,52015613,3495,-2239,17,15849,0
4,2579,52025806,2145,3351,7075,0,0
13,2580,52025846,33,30,-9,0,0
37,2581,52035803,3496,-2236,16,15849,0
4,2580,52045882,2128,3363,7068,0,0
13,2581,52045922,7,7,0,0,0
37,2582,52055838,3497,-2236,18,15849,0
L,52059469,VALID,-26.105,-14.939,1
4,2581,52065979,2162,3329,7049,0,0
13,2582,52066019,-19,16,21,0,0
37,2583,52076052,3493,-2234,19,15850,0
4,2582,52086035,2154,3305,7087,0,0
13,2583,52086075,-24,37,-5,0,0
37,2584,52096241,3492,-2230,18,15851,0
4,2583,52106216,2117,3336,7106,0,0
13,2584,52106255,-14,17,-35,0,0
37,2585,52116241,3491,-2230,15,15851,0
4,2584,52126337,2142,3330,7091,0,0
13,2585,52126377,2,-18,-20,0,0
37,2586,52136335,3492,-2231,13,15851,0
4,2585,52146503,2137,3381,7052,0,0
13,2586,52146542,-2,-18,2,0,0
37,2587,52156583,3492,-2232,17,15851,0
L,52160192,VALID,-26.066,-14.910,1
4,2586,52166684,2180,3326,7046,0,0
13,2587,52166724,11,38,45,0,0
37,2588,52176549,3491,-2228,20,15851,0
4,2587,52186811,2173,3314,7050,0,0
13,2588,52186850,-21,81,0,0,0
37,2589,52196817,3489,-2219,20,15853,0
4,2588,52206904,2130,3283,7154,0,0
13,2589,52206943,18,107,-28,0,0
37,2590,52216895,3495,-2210,18,15853,0
4,2589,52226904,2097,3346,7077,0,0
13,2590,52226944,81,62,-65,0,0
37,2591,52237186,3502,-2205,14,15852,0
4,2590,52247155,2054,3414,7094,0,0
13,2591,52247222,4,3,-30,0,0
37,2592,52257014,3499,-2208,14,15852,0
L,52260672,VALID,-26.107,-14.740,1
4,2591,52267297,2112,3344,7100,0,0
13,2592,52267336,-13,-41,35,0,0
37,2593,52277275,3499,-2213,18,15852,0
4,2592,52287343,2172,3299,7045,0,0
13,2593,52287383,20,-12,32,0,0
37,2594,52297382,3501,-2211,19,15851,0
4,2593,52307497,2107,3343,7088,0,0
13,2594,52307537,14,19,-16,0,0
37,2595,52317669,3500,-2210,16,15852,0
4,2594,52327619,2100,3363,7110,0,0
13,2595,52327658,-43,-49,-19,0,0
37,2596,52337575,3496,-2217,14,15852,0
4,2595,52347815,2130,3359,7055,0,0
13,2596,52347854,-36,-60,4,0,0
37,2597,52357711,3493,-2221,14,15852,0
L,52361351,VALID,-26.070,-14.830,1
4,2596,52367775,2140,3339,7079,0,0
13,2597,52367815,-52,-22,23,0,0
37,2598,52377804,3488,-2223,14,15853,0
4,2597,52387954,2133,3321,7095,0,0
13,2598,52387993,-33,-25,5,0,0
37,2599,52398000,3486,-2225,14,15853,0
4,2598,52408047,2138,3341,7059,0,0
13,2599,52408087,-37,-39,8,0,0
37,2600,52418044,3482,-2228,13,15853,0
4,2599,52428071,2150,3340,7048,0,0
13,2600,52428110,-44,8,-6,0,0
37,2601,52438242,3477,-2226,13,15855,0
4,2600,52448253,2129,3335,7095,0,0
13,2601,52448292,-74,30,16,0,0
37,2602,52458191,3470,-2223,15,15856,0
L,52461805,VALID,-25.903,-14.850,1
4,2601,52468375,2123,3290,7143,0,0
13,2602,52468414,-39,28,36,0,0
37,2603,52478465,3469,-2223,19,15857,0
4,2602,52488526,2155,3291,7082,0,0
13,2603,52488566,15,17,26,0,0
37,2604,52498551,3471,-2220,21,15857,0
4,2603,52508579,2120,3340,7093,0,0
13,2604,52508646,8,20,15,0,0
37,2605,52518690,3469,-2220,22,15857,0
4,2604,52528735,2113,3348,7104,0,0
13,2605,52528775,-70,-20,29,0,0
37,2606,52538733,3460,-2225,24,15859,0
4,2605,52548898,2141,3285,7092,0,0
13,2606,52548938,-92,-55,39,0,0
37,2607,52558982,3452,-2230,25,15860,0
L,52562614,VALID,-25.764,-14.916,1
4,2606,52568961,2174,3267,7084,0,0
13,2607,52569001,-73,-32,25,0,0
37,2608,52579042,3446,-2232,25,15860,0
4,2607,52589068,2178,3240,7120,0,0
13,2608,52589108,-23,-3,-1,0,0
37,2609,52599135,3448,-2231,24,15860,0
4,2608,52609154,2161,3279,7086,0,0
13,2609,52609194,38,24,-34,0,0
37,2610,52619178,3451,-2227,21,15860,0
4,2609,52629466,2128,3303,7139,0,0
13,2610,52629505,43,13,-45,0,0
37,2611,52639464,3457,-2226,19,15859,0
4,2610,52649481,2160,3317,7019,0,0
13,2611,52649521,48,21,-24,0,0
37,2612,52659394,3459,-2222,18,15859,0
L,52663016,VALID,-25.818,-14.850,1
4,2611,52669525,2140,3284,7122,0,0
13,2612,52669565,33,82,-53,0,0
37,2613,52679599,3464,-2214,14,15859,0
4,2612,52689609,2090,3321,7143,0,0
13,2613,52689649,33,48,-54,0,0
37,2614,52699676,3468,-2211,12,15859,0
4,2613,52709755,2098,3325,7121,0,0
13,2614,52709794,53,-15,-22,0,0
37,2615,52719814,3473,-2214,10,15857,0
4,2614,52729787,2123,3367,7052,0,0
13,2615,52729827,20,-39,0,0,0
37,2616,52739889,3472,-2216,11,15857,0
4,2615,52749943,2112,3349,7081,0,0
13,2616,52749983,-46,-23,31,0,0
37,2617,52760046,3465,-2220,13,15858,0
L,52763652,VALID,-25.865,-14.827,1
4,2616,52770078,2135,3302,7072,0,0
13,2617,52770117,-61,-25,45,0,0
37,2618,52780145,3459,-2223,16,15859,0
4,2617,52790176,2165,3262,7122,0,0
13,2618,52790215,-60,-24,16,0,0
37,2619,52800207,3455,-2225,14,15860,0
4,2618,52810279,2158,3286,7064,0,0
13,2619,52810318,-33,-19,-27,0,0
37,2620,52820269,3454,-2224,11,15860,0
4,2619,52830433,2138,3309,7108,0,0
13,2620,52830472,0,29,-12,0,0
37,2621,52840414,3455,-2221,12,15860,0
4,2620,52850587,2112,3301,7163,0,0
13,2621,52850627,24,5,4,0,0
37,2622,52860429,3457,-2224,11,15859,0
L,52864062,VALID,-25.811,-14.853,1
4,2621,52870581,2112,3328,7096,0,0
13,2622,52870621,-23,-79,-6,0,0
37,2623,52880768,3453,-2233,10,15859,0
4,2622,52890674,2167,3287,7070,0,0
13,2623,52890714,-26,-76,9,0,0
37,2624,52900731,3451,-2237,10,15859,0
4,2623,52910905,2174,3274,7071,0,0
13,2624,52910945,3,-12,8,0,0
37,2625,52920988,3453,-2236,11,15859,0
4,2624,52931040,2169,3294,7087,0,0
13,2625,52931080,37,32,-19,0,0
37,2626,52940921,3455,-2232,8,15859,0
4,2625,52951033,2111,3350,7101,0,0
13,2626,52951073,-37,6,-26,0,0
37,2627,52961126,3450,-2233,7,15860,0
L,52964654,VALID,-25.768,-14.910,1
4,2626,52971268,2120,3303,7135,0,0
13,2627,52971308,-61,-33,11,0,0
37,2628,52981202,3445,-2238,7,15860,0
4,2627,52991359,2144,3293,7113,0,0
13,2628,52991426,-21,-63,23,0,0
37,2629,53001358,3444,-2245,8,15859,0
4,2628,53011463,2174,3279,7065,0,0
13,2629,53011503,8,-72,34,0,0
37,2630,53021406,3446,-2249,11,15858,0
4,2629,53031521,2196,3254,7073,0,0
13,2630,53031561,43,15,21,0,0
37,2631,53041614,3451,-2245,13,15858,0
4,2630,53051644,2150,3326,7052,0,0
13,2631,53051684,50,55,10,0,0
37,2632,53061650,3453,-2240,16,15858,0
L,53065290,VALID,-25.786,-14.971,1
4,2631,53071783,2129,3328,7090,0,0
13,2632,53071823,-7,65,34,0,0
37,2633,53081847,3450,-2236,20,15859,0
4,2632,53091857,2148,3285,7120,0,0
13,2633,53091896,-13,43,52,0,0
37,2634,53101829,3449,-2234,26,15860,0
4,2633,53111977,2122,3303,7120,0,0
13,2634,53112017,7,20,57,0,0
37,2635,53122001,3449,-2234,32,15859,0
4,2634,53132125,2125,3328,7112,0,0
13,2635,53132165,20,-5,84,0,0
37,2636,53142114,3450,-2237,40,15859,0
4,2635,53152312,2162,3296,7097,0,0
13,2636,53152352,-14,-29,107,0,0
37,2637,53162321,3445,-2244,47,15859,0
L,53165953,VALID,-25.702,-15.048,1
4,2636,53172358,2234,3224,7068,0,0
13,2637,53172398,-18,-36,56,0,0
37,2638,53182398,3445,-2244,49,15859,0
4,2637,53192449,2202,3228,7099,0,0
13,2638,53192489,53,37,-18,0,0
37,2639,53202595,3454,-2238,47,15858,0
4,2638,53212604,2122,3356,7067,0,0
13,2639,53212644,68,64,-34,0,0
37,2640,53222612,3457,-2233,48,15858,0
4,2639,53232828,2154,3313,7100,0,0
13,2640,53232895,7,40,15,0,0
37,2641,53242766,3457,-2231,51,15858,0
4,2640,53252733,2154,3289,7070,0,0
13,2641,53252773,3,30,25,0,0
37,2642,53262843,3454,-2229,52,15859,0
L,53266476,VALID,-25.755,-14.951,1
4,2641,53272919,2132,3273,7143,0,0
13,2642,53272959,-19,-7,7,0,0
37,2643,53283057,3455,-2231,53,15859,0
4,2642,53293093,2140,3339,7090,0,0
13,2643,53293133,1,-23,21,0,0
37,2644,53303048,3453,-2235,55,15859,0
4,2643,53313241,2173,3293,7057,0,0
13,2644,53313281,-57,-40,38,0,0
37,2645,53323179,3445,-2239,57,15860,0
4,2644,53333238,2172,3266,7083,0,0
13,2645,53333278,-72,-2,27,0,0
37,2646,53343368,3440,-2237,58,15861,0
4,2645,53353472,2164,3264,7132,0,0
13,2646,53353512,-31,13,16,0,0
37,2647,53363454,3438,-2237,59,15861,0
L,53367129,VALID,-25.636,-15.019,1
4,2646,53373554,2180,3249,7109,0,0
13,2647,53373593,-15,-2,-2,0,0
37,2648,53383546,3438,-2237,57,15862,0
4,2647,53393730,2165,3280,7097,0,0
13,2648,53393770,6,17,-36,0,0
37,2649,53403686,3438,-2234,54,15862,0
4,2648,53413747,2132,3299,7134,0,0
13,2649,53413786,-21,-4,-15,0,0
37,2650,53423831,3437,-2236,54,15862,0
4,2649,53433815,2163,3282,7098,0,0
13,2650,53433855,-12,-29,5,0,0
37,2651,53443977,3434,-2240,53,15862,0
4,2650,53453953,2181,3254,7098,0,0
13,2651,53453992,-25,-47,-10,0,0
37,2652,53463952,3433,-2243,51,15862,0
L,53467583,VALID,-25.609,-15.049,1
4,2651,53474102,2165,3294,7077,0,0
13,2652,53474141,-12,-7,11,0,0
37,2653,53484105,3432,-2242,54,15862,0
4,2652,53494115,2196,3265,7048,0,0
13,2653,53494154,-3,62,16,0,0
37,2654,53504216,3429,-2234,55,15864,0
4,2653,53514341,2128,3259,7129,0,0
13,2654,53514381,-77,73,-14,0,0
37,2655,53524402,3422,-2229,53,15866,0
4,2654,53534390,2129,3296,7156,0,0
13,2655,53534430,-74,18,-14,0,0
37,2656,53544422,3416,-2232,52,15867,0
4,2655,53554493,2155,3277,7096,0,0
13,2656,53554533,-65,-44,26,0,0
37,2657,53564526,3411,-2235,54,15868,0
L,53568141,VALID,-25.440,-15.002,1
4,2656,53574616,2155,3249,7123,0,0
13,2657,53574656,-47,-35,35,0,0
37,2658,53584561,3407,-2239,56,15868,0
4,2657,53594733,2187,3209,7132,0,0
13,2658,53594772,1,-14,33,0,0
37,2659,53604790,3409,-2239,59,15867,0
4,2658,53614757,2178,3220,7120,0,0
13,2659,53614797,57,-1,-1,0,0
37,2660,53624981,3415,-2239,57,15866,0
4,2659,53635011,2176,3245,7114,0,0
13,2660,53635050,59,16,-29,0,0
37,2661,53644995,3422,-2236,57,15865,0
4,2660,53655094,2152,3270,7088,0,0
13,2661,53655134,91,38,-11,0,0
37,2662,53665091,3429,-2232,58,15864,0
L,53668716,VALID,-25.568,-14.984,1
4,2661,53675189,2147,3258,7126,0,0
13,2662,53675229,76,33,-17,0,0
37,2663,53685298,3435,-2230,57,15863,0
4,2662,53695351,2147,3280,7110,0,0
13,2663,53695391,46,-11,-34,0,0
37,2664,53705239,3439,-2231,54,15862,0
4,2663,53715488,2151,3301,7064,0,0
13,2664,53715528,31,-6,-25,0,0
37,2665,53725471,3441,-2230,53,15862,0
4,2664,53735564,2161,3301,7086,0,0
13,2665,53735604,17,29,-14,0,0
37,2666,53745590,3442,-2226,53,15862,0
4,2665,53755574,2149,3295,7106,0,0
13,2666,53755613,-2,48,-2,0,0
37,2667,53765856,3441,-2223,53,15863,0
L,53769456,VALID,-25.655,-14.913,1
4,2666,53775818,2130,3300,7110,0,0
13,2667,53775858,-44,23,-13,0,0
37,2668,53785720,3434,-2222,51,15864,0
4,2667,53795962,2134,3270,7155,0,0
13,2668,53796001,-58,-26,-14,0,0
37,2669,53805918,3433,-2225,49,15864,0
4,2668,53815967,2129,3309,7093,0,0
13,2669,53816007,-27,-40,7,0,0
37,2670,53825985,3428,-2229,50,15865,0
4,2669,53836140,2164,3248,7116,0,0
13,2670,53836180,-64,-31,20,0,0
37,2671,53846261,3423,-2231,50,15866,0
4,2670,53856271,2163,3262,7077,0,0
13,2671,53856310,-36,-10,15,0,0
37,2672,53866173,3420,-2231,51,15866,0
L,53869831,VALID,-25.508,-14.969,1
4,2671,53876438,2158,3203,7163,0,0
13,2672,53876478,-7,13,8,0,0
37,2673,53886360,3422,-2231,51,15866,0
4,2672,53896426,2168,3260,7091,0,0
13,2673,53896465,43,-11,-25,0,0
37,2674,53906407,3426,-2231,48,15865,0
4,2673,53916568,2159,3267,7102,0,0
13,2674,53916608,19,0,-22,0,0
37,2675,53926610,3427,-2231,47,15865,0
4,2674,53936621,2178,3249,7121,0,0
13,2675,53936660,59,-4,-34,0,0
37,2676,53946636,3435,-2230,44,15863,0
4,2675,53956698,2144,3283,7107,0,0
13,2676,53956738,68,4,-43,0,0
37,2677,53966825,3442,-2229,42,15862,0
L,53970459,VALID,-25.675,-14.937,1
4,2676,53976874,2124,3318,7093,0,0
13,2677,53976914,86,-6,-27,0,0
37,2678,53986808,3448,-2230,41,15860,0
4,2677,53996989,2157,3303,7073,0,0
13,2678,53997029,49,-15,3,0,0
37,2679,54007085,3452,-2231,42,15859,0
4,2678,54017180,2136,3309,7081,0,0
13,2679,54017220,46,3,7,0,0
37,2680,54027181,3455,-2231,44,15859,0
4,2679,54037249,2152,3299,7097,0,0
13,2680,54037288,6,-10,9,0,0
37,2681,54047339,3454,-2233,44,15859,0
4,2680,54057350,2149,3301,7103,0,0
13,2681,54057389,-3,-29,8,0,0
37,2682,54067322,3454,-2236,45,15858,0
L,54070938,VALID,-25.765,-14.988,1
4,2681,54077500,2150,3283,7099,0,0
13,2682,54077540,26,-27,7,0,0
37,2683,54087599,3457,-2239,45,15857,0
4,2682,54097610,2174,3290,7071,0,0
13,2683,54097649,33,-23,2,0,0
37,2684,54107666,3460,-2239,45,15856,0
4,2683,54117678,2162,3304,7078,0,0
13,2684,54117717,21,20,7,0,0
37,2685,54127771,3461,-2237,47,15857,0
4,2684,54137808,2145,3273,7120,0,0
13,2685,54137848,42,7,6,0,0
37,2686,54147810,3466,-2237,47,15855,0
4,2685,54158074,2182,3296,7054,0,0
13,2686,54158114,49,4,-19,0,0
37,2687,54168071,3470,-2235,45,15855,0
L,54171708,VALID,-25.882,-14.978,1
4,2686,54178102,2141,3333,7093,0,0
13,2687,54178142,40,24,-22,0,0
37,2688,54188019,3474,-2233,46,15854,0
4,2687,54198159,2124,3380,7046,0,0
13,2688,54198199,-13,11,6,0,0
37,2689,54208226,3466,-2234,47,15856,0
4,2688,54218261,2157,3281,7143,0,0
13,2689,54218300,-90,-30,36,0,0
37,2690,54228329,3461,-2238,48,15856,0
4,2689,54238382,2174,3273,7088,0,0
13,2690,54238421,-13,-21,13,0,0
37,2691,54248509,3461,-2239,48,15856,0
4,2690,54258467,2147,3341,7076,0,0
13,2691,54258533,-22,3,1,0,0
37,2692,54268587,3456,-2239,48,15857,0
L,54272201,VALID,-25.779,-15.013,1
4,2691,54278659,2167,3287,7105,0,0
13,2692,54278698,-53,-22,18,0,0
37,2693,54288741,3453,-2241,49,15858,0
4,2692,54298770,2194,3249,7073,0,0
13,2693,54298809,-4,24,-1,0,0
37,2694,54308818,3454,-2237,48,15858,0
4,2693,54318871,2164,3289,7086,0,0
13,2694,54318911,5,53,-41,0,0
37,2695,54328894,3453,-2231,46,15859,0
4,2694,54338982,2146,3275,7128,0,0
13,2695,54339022,5,45,-36,0,0
37,2696,54348998,3457,-2227,44,15859,0
4,2695,54359180,2145,3319,7072,0,0
13,2696,54359220,22,38,-26,0,0
37,2697,54369136,3457,-2224,43,15859,0
L,54372811,VALID,-25.782,-14.902,1
4,2696,54379393,2166,3288,7082,0,0
13,2697,54379433,0,61,-41,0,0
37,2698,54389186,3458,-2216,40,15860,0
4,2697,54399403,2167,3291,7086,0,0
13,2698,54399442,3,79,-35,0,0
37,2699,54409530,3459,-2207,38,15861,0
4,2698,54419430,2089,3364,7066,0,0
13,2699,54419469,-36,89,-36,0,0
37,2700,54429479,3451,-2201,37,15864,0
4,2699,54439679,2114,3294,7142,0,0
13,2700,54439719,-75,59,4,0,0
37,2701,54449720,3447,-2196,39,15865,0
4,2700,54459824,2138,3240,7100,0,0
13,2701,54459864,-37,71,0,0,0
37,2702,54469668,3445,-2189,39,15867,0
L,54473291,VALID,-25.676,-14.657,1
4,2701,54479836,2146,3248,7089,0,0
13,2702,54479875,17,127,-53,0,0
37,2703,54489935,3449,-2174,35,15868,0
4,2702,54500084,2059,3384,7038,0,0
13,2703,54500124,-53,161,-63,0,0
37,2704,54510002,3438,-2159,35,15872,0
4,2703,54520151,2074,3287,7149,0,0
13,2704,54520190,-124,163,-9,0,0
37,2705,54530194,3427,-2146,35,15876,0
4,2704,54540272,2073,3238,7162,0,0
13,2705,54540311,-115,143,-34,0,0
37,2706,54550228,3419,-2133,31,15880,0
4,2705,54560315,2029,3327,7141,0,0
13,2706,54560354,-91,112,-58,0,0
37,2707,54570426,3410,-2123,29,15883,0
L,54574057,VALID,-25.392,-14.193,1
4,2706,54580464,1999,3380,7047,0,0
13,2707,54580503,-243,76,36,0,0
37,2708,54590425,3378,-2120,33,15890,0
4,2707,54600605,2098,3151,7214,0,0
13,2708,54600645,-343,67,57,0,0
37,2709,54610657,3352,-2115,33,15897,0
4,2708,54620650,2091,3132,7144,0,0
13,2709,54620689,-253,87,4,0,0
37,2710,54630681,3335,-2103,32,15902,0
4,2709,54640840,2054,3153,7203,0,0
13,2710,54640880,-164,176,-49,0,0
37,2711,54650840,3323,-2086,27,15907,0
4,2710,54660932,1982,3223,7218,0,0
13,2711,54660972,-162,159,-67,0,0
37,2712,54670931,3308,-2073,23,15912,0
L,54674563,VALID,-24.623,-13.856,1
4,2711,54681082,2038,3108,7223,0,0
13,2712,54681122,-167,149,-44,0,0
37,2713,54691097,3297,-2057,20,15916,0
4,2712,54701120,2045,3084,7201,0,0
13,2713,54701160,-65,201,-97,0,0
37,2714,54711155,3295,-2035,11,15919,0
4,2713,54721248,1921,3192,7255,0,0
13,2714,54721288,-69,209,-148,0,0
37,2715,54731370,3288,-2018,1,15923,0
4,2714,54741413,1920,3156,7303,0,0
13,2715,54741480,-67,102,-139,0,0
37,2716,54751440,3290,-2008,-6,15924,0
4,2715,54761681,1919,3209,7173,0,0
13,2716,54761720,4,122,-82,0,0
37,2717,54771567,3287,-1996,-9,15926,0
L,54775208,VALID,-24.456,-13.283,1
4,2716,54781570,1900,3203,7267,0,0
13,2717,54781610,-49,112,-23,0,0
37,2718,54791609,3284,-1988,-7,15927,0
4,2717,54801680,1924,3179,7187,0,0
13,2718,54801719,-55,104,26,0,0
37,2719,54811799,3277,-1979,-2,15930,0
4,2718,54821791,1921,3146,7232,0,0
13,2719,54821831,-71,130,41,0,0
37,2720,54831790,3271,-1969,1,15932,0
4,2719,54841987,1919,3164,7200,0,0
13,2720,54842027,-91,139,21,0,0
37,2721,54851947,3259,-1957,4,15936,0
4,2720,54861970,1924,3127,7223,0,0
13,2721,54862009,-157,149,0,0,0
37,2722,54872089,3244,-1942,3,15941,0
L,54875661,VALID,-24.107,-12.935,1
4,2721,54882180,1897,3093,7264,0,0
13,2722,54882220,-184,169,-29,0,0
37,2723,54892226,3230,-1926,1,15946,0
4,2722,54902296,1841,3122,7274,0,0
13,2723,54902335,-159,193,-29,0,0
37,2724,54912306,3216,-1909,2,15951,0
4,2723,54922460,1801,3144,7309,0,0
13,2724,54922500,-170,178,15,0,0
37,2725,54932418,3200,-1896,7,15956,0
4,2724,54942461,1840,3067,7337,0,0
13,2725,54942500,-170,118,75,0,0
37,2726,54952546,3187,-1889,14,15959,0
4,2725,54962537,1849,3029,7261,0,0
13,2726,54962576,-128,122,57,0,0
37,2727,54972726,3176,-1876,19,15963,0
L,54976367,VALID,-23.569,-12.511,1
4,2726,54982704,1793,2977,7315,0,0
13,2727,54982744,-65,205,5,0,0
37,2728,54992690,3172,-1854,19,15966,0
4,2727,55002864,1873,3010,7318,0,0
13,2728,55002904,-75,262,-65,0,0
37,2729,55012895,3169,-1832,16,15969,0
4,2728,55022909,1795,3054,7358,0,0
13,2729,55022949,33,222,-108,0,0
37,2730,55033042,3174,-1812,10,15971,0
4,2729,55043124,1755,3103,7272,0,0
13,2730,55043163,-8,221,-74,0,0
37,2731,55053173,3173,-1790,11,15973,0
4,2730,55063225,1751,3052,7329,0,0
13,2731,55063265,-8,259,-35,0,0
37,2732,55073215,3171,-1768,11,15976,0
L,55076820,VALID,-23.491,-11.757,1
4,2731,55083348,1745,3005,7360,0,0
13,2732,55083387,-8,240,-73,0,0
37,2733,55093361,3172,-1746,6,15978,0
4,2732,55103419,1711,3008,7313,0,0
13,2733,55103459,17,235,-152,0,0
37,2734,55113376,3174,-1717,-5,15981,0
4,2733,55123576,1635,3107,7246,0,0
13,2734,55123642,-67,361,-189,0,0
37,2735,55133682,3168,-1679,-13,15986,0
4,2734,55143622,1624,3129,7329,0,0
13,2735,55143662,-120,443,-142,0,0
37,2736,55153796,3154,-1641,-18,15993,0
4,2735,55163775,1629,3095,7388,0,0
13,2736,55163814,-224,382,-109,0,0
37,2737,55173852,3135,-1608,-22,16000,0
L,55177578,VALID,-23.188,-10.613,1
4,2736,55183890,1590,2989,7393,0,0
13,2737,55183930,-192,346,-106,0,0
37,2738,55193860,3121,-1575,-29,16006,0
4,2737,55204023,1504,3052,7360,0,0
13,2738,55204063,-191,364,-137,0,0
37,2739,55214135,3103,-1541,-34,16013,0
4,2738,55224169,1464,3032,7447,0,0
13,2739,55224208,-260,354,-73,0,0
37,2740,55234074,3079,-1513,-36,16020,0
4,2739,55244281,1578,2977,7281,0,0
13,2740,55244347,-294,358,-93,0,0
37,2741,55254351,3047,-1473,-46,16030,0
4,2740,55264428,1376,2840,7648,0,0
13,2741,55264468,-383,411,-183,0,0
37,2742,55274403,3031,-1438,-55,16036,0
L,55278127,VALID,-22.396,-9.410,1
4,2741,55284403,1300,3004,7455,0,0
13,2742,55284442,-90,345,-96,0,0
37,2743,55294650,3021,-1406,-55,16041,0
4,2742,55304624,1397,2931,7421,0,0
13,2743,55304664,-183,385,-69,0,0
37,2744,55314513,3003,-1373,-58,16047,0
4,2743,55324744,1353,2947,7534,0,0
13,2744,55324784,-249,316,-102,0,0
37,2745,55334702,2981,-1348,-64,16053,0
4,2744,55344804,1269,2867,7577,0,0
13,2745,55344844,-201,240,-61,0,0
37,2746,55354812,2970,-1327,-65,16057,0
4,2745,55364959,1284,2851,7545,0,0
13,2746,55365027,-106,220,-51,0,0
37,2747,55375167,2963,-1308,-68,16060,0
L,55378885,VALID,-21.871,-8.505,1
4,2746,55385136,1252,2862,7570,0,0
13,2747,55385176,-6,195,-76,0,0
37,2748,55395071,2967,-1291,-71,16061,0
4,2747,55405304,1235,2913,7511,0,0
13,2748,55405344,4,175,-51,0,0
37,2749,55415214,2966,-1276,-72,16062,0
4,2748,55425275,1212,2893,7572,0,0
13,2749,55425315,-13,128,-33,0,0
37,2750,55435293,2965,-1268,-72,16063,0
4,2749,55445422,1251,2854,7542,0,0
13,2750,55445462,49,93,-21,0,0
37,2751,55455506,2974,-1258,-72,16062,0
4,2750,55465509,1239,2875,7480,0,0
13,2751,55465549,117,151,-44,0,0
37,2752,55475499,2985,-1240,-74,16061,0
L,55479208,VALID,-22.011,-8.026,1
4,2751,55485589,1170,2969,7477,0,0
13,2752,55485628,76,189,-61,0,0
37,2753,55495721,2986,-1224,-75,16062,0
4,2752,55505786,1179,2941,7519,0,0
13,2753,55505825,-35,157,-18,0,0
37,2754,55515701,2982,-1212,-73,16064,0
4,2753,55525920,1223,2880,7524,0,0
13,2754,55525960,-51,142,10,0,0
37,2755,55535971,2978,-1199,-71,16066,0
4,2754,55546019,1212,2807,7561,0,0
13,2755,55546059,27,180,-46,0,0
37,2756,55556032,2986,-1181,-75,16065,0
4,2755,55566084,1132,2903,7544,0,0
13,2756,55566124,89,175,-108,0,0
37,2757,55576195,2996,-1165,-81,16065,0
L,55579896,VALID,-22.071,-7.499,1
4,2756,55586225,1087,2985,7498,0,0
13,2757,55586264,89,151,-91,0,0
37,2758,55596203,3000,-1152,-84,16065,0
4,2757,55606383,1108,2951,7510,0,0
13,2758,55606423,-14,128,-39,0,0
37,2759,55616497,2997,-1140,-85,16066,0
4,2758,55626507,1130,2946,7483,0,0
13,2759,55626547,-53,143,-32,0,0
37,2760,55636570,2989,-1127,-86,16069,0
4,2759,55646583,1091,2879,7596,0,0
13,2760,55646623,-75,147,-32,0,0
37,2761,55656658,2986,-1114,-87,16070,0
4,2760,55666676,1081,2873,7551,0,0
13,2761,55666715,-18,128,-59,0,0
37,2762,55676658,2984,-1103,-94,16071,0
L,55680367,VALID,-21.974,-7.057,1
4,2761,55686919,1028,2914,7600,0,0
13,2762,55686959,-50,46,-101,0,0
37,2763,55696934,2981,-1101,-101,16072,0
4,2762,55706926,1060,2924,7527,0,0
13,2763,55706966,-2,34,-61,0,0
37,2764,55716863,2983,-1096,-103,16072,0
4,2763,55727001,1062,2918,7526,0,0
13,2764,55727040,16,77,-29,0,0
37,2765,55737078,2985,-1087,-104,16072,0
4,2764,55747123,1057,2935,7522,0,0
13,2765,55747190,22,97,-28,0,0
37,2766,55757199,2986,-1077,-104,16073,0
4,2765,55767271,1055,2905,7521,0,0
13,2766,55767311,-8,119,-19,0,0
37,2767,55777352,2985,-1066,-105,16074,0
L,55781160,VALID,-21.975,-6.787,1
4,2766,55787331,1023,2886,7611,0,0
13,2767,55787371,16,115,-32,0,0
37,2768,55797422,2990,-1057,-106,16073,0
4,2767,55807484,985,2929,7555,0,0
13,2768,55807524,56,102,-29,0,0
37,2769,55817559,2995,-1048,-105,16073,0
4,2768,55827570,1034,2898,7538,0,0
13,2769,55827610,77,95,-15,0,0
37,2770,55837628,3003,-1038,-105,16072,0
4,2769,55847688,995,2967,7510,0,0
13,2770,55847728,68,109,-32,0,0
37,2771,55857704,3007,-1027,-105,16072,0
4,2770,55867801,995,2935,7568,0,0
13,2771,55867841,29,135,-9,0,0
37,2772,55877780,3010,-1016,-103,16072,0
L,55881630,VALID,-22.140,-6.443,1
4,2771,55887984,1023,2943,7460,0,0
13,2772,55888024,66,166,-13,0,0
37,2773,55897997,3016,-996,-100,16072,0
4,2772,55908146,940,2969,7568,0,0
13,2773,55908186,17,250,30,0,0
37,2774,55918012,3015,-977,-93,16074,0
4,2773,55928143,958,2896,7591,0,0
13,2774,55928182,-2,197,24,0,0
37,2775,55938305,3016,-962,-90,16074,0
4,2774,55948213,961,2905,7519,0,0
13,2775,55948252,33,186,-37,0,0
37,2776,55958279,3019,-944,-92,16075,0
4,2775,55968418,896,2979,7554,0,0
13,2776,55968458,25,166,-76,0,0
37,2777,55978521,3020,-930,-96,16075,0
L,55982162,VALID,-22.187,-5.859,1
4,2776,55988656,850,3005,7554,0,0
13,2777,55988696,-71,125,-40,0,0
37,2778,55998421,3010,-922,-96,16078,0
4,2777,56008625,909,2906,7611,0,0
13,2778,56008665,-52,77,-19,0,0
37,2779,56018730,3010,-914,-97,16078,0
4,2778,56028876,869,2985,7478,0,0
13,2779,56028915,-59,94,-6,0,0
37,2780,56038785,3000,-904,-94,16081,0
4,2779,56048952,881,2926,7594,0,0
13,2780,56048992,-127,139,28,0,0
37,2781,56058959,2989,-893,-90,16083,0
4,2780,56069037,875,2888,7596,0,0
13,2781,56069077,-87,113,7,0,0
37,2782,56079009,2982,-884,-90,16085,0
L,56082633,VALID,-21.903,-5.554,1
4,2781,56089099,863,2876,7604,0,0
13,2782,56089139,-80,96,-21,0,0
37,2783,56099198,2978,-875,-92,16087,0
4,2782,56109260,807,2944,7574,0,0
13,2783,56109300,-65,74,-21,0,0
37,2784,56119231,2970,-870,-91,16088,0
4,2783,56129469,841,2908,7584,0,0
13,2784,56129508,-98,60,18,0,0
37,2785,56139498,2962,-865,-88,16090,0
4,2784,56149501,875,2835,7596,0,0
13,2785,56149541,-58,60,28,0,0
37,2786,56159558,2960,-860,-86,16091,0
4,2785,56169631,873,2839,7579,0,0
13,2786,56169671,13,86,-12,0,0
37,2787,56179671,2963,-850,-87,16091,0
L,56183304,VALID,-21.758,-5.325,1
4,2786,56189770,879,2888,7506,0,0
13,2787,56189810,8,146,-47,0,0
37,2788,56199731,2962,-832,-89,16092,0
4,2787,56209922,778,2942,7579,0,0
13,2788,56209961,-19,211,-56,0,0
37,2789,56219956,2959,-813,-88,16093,0
4,2788,56229966,768,3009,7453,0,0
13,2789,56230005,-104,264,18,0,0
37,2790,56240040,2942,-788,-79,16098,0
4,2789,56250121,739,2938,7585,0,0
13,2790,56250160,-297,256,82,0,0
37,2791,56260269,2910,-770,-69,16104,0
4,2790,56270292,751,2868,7580,0,0
13,2791,56270332,-413,212,110,0,0
37,2792,56280291,2873,-752,-56,16112,0
L,56283931,VALID,-21.088,-4.696,1
4,2791,56290484,729,2855,7566,0,0
13,2792,56290523,-421,267,138,0,0
37,2793,56300421,2832,-729,-40,16120,0
4,2792,56310429,733,2850,7525,0,0
13,2793,56310468,-594,321,179,0,0
37,2794,56320437,2766,-704,-24,16133,0
4,2793,56330607,726,2688,7651,0,0
13,2794,56330646,-888,258,129,0,0
37,2795,56340704,2686,-683,-14,16147,0
4,2794,56350713,725,2502,7688,0,0
13,2795,56350752,-822,420,88,0,0
37,2796,56360711,2619,-644,-6,16160,0
4,2795,56370953,636,2503,7810,0,0
13,2796,56370993,-593,380,-10,0,0
37,2797,56380873,2576,-609,-2,16168,0
L,56384402,VALID,-18.943,-3.784,1
4,2796,56390939,482,2742,7646,0,0
13,2797,56390979,-731,344,107,0,0
37,2798,56401020,2497,-584,17,16181,0
4,2797,56411134,539,2469,7782,0,0
13,2798,56411173,-893,345,312,0,0
37,2799,56421133,2419,-560,50,16194,0
4,2798,56431194,601,2411,7695,0,0
13,2799,56431233,-913,371,352,0,0
37,2800,56441245,2330,-531,81,16208,0
4,2799,56451364,648,2022,8044,0,0
13,2800,56451404,-879,363,303,0,0
37,2801,56461331,2260,-508,106,16218,0
4,2800,56471423,714,2058,7699,0,0
13,2801,56471463,-905,292,251,0,0
37,2802,56481466,2167,-481,125,16232,0
L,56485116,VALID,-16.011,-3.023,1
4,2801,56491454,449,2061,7759,0,0
13,2802,56491493,-1147,461,152,0,0
37,2803,56501735,2064,-435,139,16247,0
4,2802,56511685,405,2105,8012,0,0
13,2803,56511724,-1167,513,61,0,0
37,2804,56521683,1973,-395,139,16259,0
4,2803,56531820,336,2116,7918,0,0
13,2804,56531860,-952,398,-31,0,0
37,2805,56541819,1881,-367,143,16270,0
4,2804,56551855,375,1826,8015,0,0
13,2805,56551895,-1094,280,58,0,0
37,2806,56561940,1786,-346,151,16281,0
4,2805,56571983,446,1583,7961,0,0
13,2806,56572023,-1028,321,119,0,0
37,2807,56582096,1692,-315,166,16292,0
L,56585726,VALID,-12.658,-1.878,1
4,2806,56592141,292,1605,7917,0,0
13,2807,56592180,-1035,439,140,0,0
37,2808,56602111,1597,-275,186,16302,0
4,2807,56612223,225,1869,7897,0,0
13,2808,56612263,-1548,455,366,0,0
37,2809,56622274,1441,-249,223,16317,0
4,2808,56632379,337,1403,8167,0,0
13,2809,56632419,-1592,283,347,0,0
37,2810,56642323,1311,-230,250,16327,0
4,2809,56652480,126,1393,8195,0,0
13,2810,56652520,-1446,211,339,0,0
37,2811,56662566,1186,-220,283,16337,0
4,2810,56672559,240,969,8271,0,0
13,2811,56672598,-1228,154,388,0,0
37,2812,56682678,1098,-206,318,16342,0
L,56686293,VALID,-8.479,-1.147,1
4,2811,56692724,249,1104,8025,0,0
13,2812,56692763,-996,228,392,0,0
37,2813,56702756,997,-194,346,16348,0
4,2812,56712789,242,867,8298,0,0
13,2813,56712828,-1009,128,239,0,0
37,2814,56722806,916,-189,367,16353,0
4,2813,56732901,262,866,8202,0,0
13,2814,56732940,-934,130,284,0,0
37,2815,56742977,842,-179,384,16356,0
4,2814,56753127,224,801,8208,0,0
13,2815,56753167,-647,118,116,0,0
37,2816,56762987,791,-169,395,16359,0
4,2815,56773218,158,778,8240,0,0
13,2816,56773258,-574,106,137,0,0
37,2817,56783244,741,-164,411,16361,0
L,56786755,VALID,-5.976,-0.834,1
4,2816,56793279,254,638,8102,0,0
13,2817,56793319,-542,125,248,0,0
37,2818,56803269,696,-147,435,16362,0
4,2817,56813305,173,703,8200,0,0
13,2818,56813345,-453,244,249,0,0
37,2819,56823553,652,-134,451,16364,0
4,2818,56833468,192,612,8207,0,0
13,2819,56833508,-552,107,114,0,0
37,2820,56843380,605,-126,459,16365,0
4,2819,56853612,106,714,8180,0,0
13,2820,56853652,-522,98,81,0,0
37,2821,56863586,555,-124,465,16367,0
4,2820,56873683,155,591,8195,0,0
13,2821,56873722,-642,0,73,0,0
37,2822,56883686,498,-127,472,16369,0
L,56887226,VALID,-4.279,-0.545,1
4,2821,56893847,184,472,8213,0,0
13,2822,56893887,-597,18,90,0,0
37,2823,56903964,450,-124,480,16370,0
4,2822,56913907,187,483,8130,0,0
13,2823,56913947,-531,56,80,0,0
37,2824,56923895,398,-119,485,16371,0
4,2823,56934076,169,303,8327,0,0
13,2824,56934116,-532,52,30,0,0
37,2825,56944007,357,-122,482,16372,0
4,2824,56954091,158,381,8218,0,0
13,2825,56954131,-445,3,-78,0,0
37,2826,56964057,318,-122,475,16373,0
4,2825,56974186,140,329,8230,0,0
13,2826,56974225,-437,-43,-56,0,0
37,2827,56984264,281,-128,471,16374,0
L,56987827,VALID,-2.761,-0.508,1
4,2826,56994267,159,228,8264,0,0
13,2827,56994335,-377,-39,-34,0,0
37,2828,57004308,254,-132,467,16374,0
4,2827,57014369,194,252,8155,0,0
13,2828,57014409,-299,-14,-60,0,0
37,2829,57024486,223,-133,458,16375,0
4,2828,57034522,157,191,8265,0,0
13,2829,57034562,-347,60,-140,0,0
37,2830,57044476,197,-128,447,16376,0
4,2829,57054617,223,186,8169,0,0
13,2830,57054657,-266,30,-101,0,0
37,2831,57064702,173,-123,440,16376,0
4,2830,57074780,119,237,8188,0,0
13,2831,57074820,-322,57,-67,0,0
37,2832,57084779,138,-122,429,16377,0
L,57088324,VALID,-1.765,-0.435,1
4,2831,57094842,238,199,8042,0,0
13,2832,57094882,-580,65,-215,0,0
37,2833,57104916,77,-116,406,16378,0
4,2832,57114942,62,201,8209,0,0
13,2833,57114982,-718,71,-255,0,0
37,2834,57124940,9,-113,387,16379,0
4,2833,57135121,159,7,8262,0,0
13,2834,57135161,-696,-30,-91,0,0
37,2835,57145207,-42,-112,384,16379,0
4,2834,57155280,16,-111,8373,0,0
13,2835,57155320,-491,157,-23,0,0
37,2836,57165269,-70,-98,384,16379,0
4,2835,57175303,128,-90,8257,0,0
13,2836,57175343,-188,134,19,0,0
37,2837,57185388,-83,-86,386,16378,0
L,57188856,VALID,-0.228,-0.144,1
4,2836,57195434,66,-102,8278,0,0
13,2837,57195473,-93,109,80,0,0
37,2838,57205413,-88,-80,395,16378,0
4,2837,57215688,99,-58,8244,0,0
13,2838,57215727,-54,62,30,0,0
37,2839,57225705,-93,-75,394,16378,0
4,2838,57235743,81,-81,8245,0,0
13,2839,57235782,-42,42,-4,0,0
37,2840,57245650,-96,-72,394,16378,0
4,2839,57255758,85,-78,8224,0,0
13,2840,57255798,-22,33,0,0,0
37,2841,57265872,-97,-69,394,16378,0
4,2840,57275921,68,-67,8242,0,0
13,2841,57275961,-16,29,0,0,0
37,2842,57285955,-98,-67,394,16378,0
L,57289370,VALID,-0.126,-0.008,1
4,2841,57295967,90,-69,8216,0,0
13,2842,57296007,-15,25,6,0,0
37,2843,57306064,-99,-65,395,16378,0
4,2842,57316041,81,-67,8230,0,0
13,2843,57316081,-8,26,9,0,0
37,2844,57326148,-100,-63,397,16378,0
4,2843,57336230,79,-74,8214,0,0
13,2844,57336270,-14,23,30,0,0
37,2845,57346288,-102,-60,398,16378,0
4,2844,57356360,64,-66,8230,0,0
13,2845,57356399,-18,15,0,0,0
37,2846,57366373,-102,-59,398,16378,0
4,2845,57376455,65,-76,8238,0,0
13,2846,57376495,-12,11,0,0,0
37,2847,57386538,-103,-59,398,16378,0
L,57390050,VALID,-0.092,0.049,1
4,2846,57396575,77,-84,8233,0,0
13,2847,57396615,-11,13,0,0,0
37,2848,57406561,-103,-58,398,16378,0
4,2847,57416746,76,-80,8197,0,0
13,2848,57416786,-6,6,2,0,0
37,2849,57426681,-103,-58,399,16378,0
4,2848,57436892,78,-70,8241,0,0
13,2849,57436932,-10,10,17,0,0
37,2850,57446708,-104,-57,402,16378,0
4,2849,57456882,64,-97,8228,0,0
13,2850,57456921,-7,17,38,0,0
37,2851,57467034,-104,-56,404,16378,0
4,2850,57476960,59,-85,8236,0,0
13,2851,57476999,-6,5,3,0,0
37,2852,57486971,-104,-56,404,16378,0
L,57490503,VALID,-0.085,0.070,1
4,2851,57497230,70,-91,8231,0,0
13,2852,57497269,-1,2,0,0,0
37,2853,57507283,-104,-56,403,16378,0
4,2852,57517322,68,-90,8224,0,0
13,2853,57517361,0,5,-1,0,0
37,2854,57527154,-103,-56,403,16378,0
4,2853,57537337,70,-89,8213,0,0
13,2854,57537377,-6,5,-1,0,0
37,2855,57547402,-103,-56,403,16378,0
4,2854,57557544,63,-71,8227,0,0
13,2855,57557584,-9,4,0,0,0
37,2856,57567479,-103,-56,403,16378,0
4,2855,57577560,75,-74,8218,0,0
13,2856,57577600,-6,8,0,0,0
37,2857,57587625,-103,-55,403,16378,0
L,57591165,VALID,-0.093,0.077,1
4,2856,57597682,73,-79,8224,0,0
13,2857,57597721,-8,14,-1,0,0
37,2858,57607634,-103,-55,403,16378,0
4,2857,57617731,73,-93,8225,0,0
13,2858,57617798,-5,13,-1,0,0
37,2859,57627842,-104,-54,403,16378,0
4,2858,57637862,56,-97,8230,0,0
13,2859,57637902,-7,7,-2,0,0
37,2860,57647865,-104,-54,403,16378,0
4,2859,57658007,59,-89,8230,0,0
13,2860,57658047,-6,6,-1,0,0
37,2861,57668020,-104,-53,403,16378,0
4,2860,57678059,57,-87,8230,0,0
13,2861,57678098,-6,3,-1,0,0
37,2862,57688036,-104,-54,402,16378,0
L,57691563,VALID,-0.086,0.084,1
4,2861,57698136,67,-88,8232,0,0
13,2862,57698175,-5,-1,0,0,0
37,2863,57708199,-104,-54,403,16378,0
4,2862,57718244,64,-92,8232,0,0
13,2863,57718284,-3,4,2,0,0
37,2864,57728258,-103,-54,403,16378,0
4,2863,57738462,66,-99,8228,0,0
13,2864,57738502,-3,4,13,0,0
37,2865,57748482,-103,-54,405,16378,0
4,2864,57758506,61,-84,8217,0,0
13,2865,57758546,-5,0,18,0,0
37,2866,57768543,-103,-54,406,16378,0
4,2865,57778598,65,-75,8232,0,0
13,2866,57778638,-5,3,14,0,0
37,2867,57788741,-103,-54,407,16378,0
L,57792290,VALID,-0.093,0.084,1
4,2866,57798746,62,-85,8217,0,0
13,2867,57798785,-3,3,8,0,0
37,2868,57808739,-103,-54,408,16378,0
4,2867,57818985,65,-99,8226,0,0
13,2868,57819024,-3,5,-1,0,0
37,2869,57828878,-103,-54,407,16378,0
4,2868,57838838,53,-93,8226,0,0
13,2869,57838877,-3,5,-1,0,0
37,2870,57848884,-103,-54,407,16378,0
4,2869,57858983,60,-93,8225,0,0
13,2870,57859022,-3,2,0,0,0
37,2871,57869093,-103,-54,407,16378,0
4,2870,57879140,73,-91,8226,0,0
13,2871,57879180,-2,8,-2,0,0
37,2872,57889110,-102,-54,407,16378,0
L,57892630,VALID,-0.100,0.084,1
4,2871,57899268,62,-94,8233,0,0
13,2872,57899308,-1,7,-2,0,0
37,2873,57909246,-102,-54,407,16378,0
4,2872,57919257,48,-92,8236,0,0
13,2873,57919297,-6,3,-1,0,0
37,2874,57929357,-102,-53,407,16378,0
4,2873,57939475,65,-93,8232,0,0
13,2874,57939514,-3,0,-1,0,0
37,2875,57949426,-102,-54,407,16378,0
4,2874,57959488,54,-93,8227,0,0
13,2875,57959528,-3,2,-4,0,0
37,2876,57969579,-103,-54,405,16378,0
4,2875,57979679,98,-128,8240,0,0
13,2876,57979745,0,-5,-78,0,0
37,2877,57989641,-102,-54,393,16378,0
L,57993232,VALID,-0.100,0.083,1
4,2876,57999740,24,-25,8201,0,0
13,2877,57999779,-6,10,-121,0,0
37,2878,58009797,-101,-52,389,16378,0
4,2877,58019807,53,-88,8237,0,0
13,2878,58019847,-1,10,1,0,0
37,2879,58029941,-101,-52,389,16378,0
4,2878,58039902,62,-101,8218,0,0
13,2879,58039941,-2,4,-6,0,0
37,2880,58049888,-101,-52,388,16378,0
4,2879,58060030,58,-93,8229,0,0
13,2880,58060069,-4,-4,-2,0,0
37,2881,58070017,-101,-53,388,16378,0
4,2880,58080080,54,-103,8227,0,0
13,2881,58080119,0,-5,-3,0,0
37,2882,58090188,-101,-54,388,16378,0
L,58093728,VALID,-0.107,0.083,1
4,2881,58100246,57,-89,8234,0,0
13,2882,58100285,-2,-4,-4,0,0
37,2883,58110363,-100,-54,387,16379,0
4,2882,58120340,60,-82,8211,0,0
13,2883,58120380,0,0,-4,0,0
37,2884,58130334,-100,-55,387,16379,0
4,2883,58140466,56,-100,8236,0,0
13,2884,58140506,0,0,-19,0,0
37,2885,58150463,-100,-54,384,16379,0
4,2884,58160554,44,-91,8225,0,0
13,2885,58160593,0,1,-21,0,0
37,2886,58170478,-100,-54,383,16379,0
4,2885,58180604,49,-92,8232,0,0
13,2886,58180643,-1,0,-4,0,0
37,2887,58190732,-99,-54,383,16379,0
L,58194191,VALID,-0.121,0.082,1
4,2886,58200673,58,-79,8228,0,0
13,2887,58200713,0,-2,-3,0,0
37,2888,58210831,-98,-55,383,16379,0
4,2887,58220834,75,-82,8221,0,0
13,2888,58220874,2,-6,-3,0,0
37,2889,58230840,-98,-56,383,16379,0
4,2888,58240937,74,-96,8223,0,0
13,2889,58241004,2,-1,-2,0,0
37,2890,58250969,-98,-56,382,16379,0
4,2889,58261076,58,-98,8216,0,0
13,2890,58261116,1,2,-1,0,0
37,2891,58271174,-98,-56,382,16379,0
4,2890,58281231,60,-98,8220,0,0
13,2891,58281271,0,1,0,0,0
37,2892,58291113,-97,-57,382,16379,0
L,58294549,VALID,-0.135,0.061,1
4,2891,58301378,60,-92,8237,0,0
13,2892,58301417,0,0,0,0,0
37,2893,58311377,-97,-57,382,16379,0
4,2892,58321453,57,-89,8209,0,0
13,2893,58321493,0,2,-1,0,0
37,2894,58331431,-96,-57,382,16379,0
4,2893,58341434,55,-90,8234,0,0
13,2894,58341473,0,0,0,0,0
37,2895,58351741,-96,-57,382,16379,0
4,2894,58361633,57,-92,8226,0,0
13,2895,58361700,2,0,0,0,0
37,2896,58371533,-96,-57,382,16379,0
4,2895,58381787,64,-94,8228,0,0
13,2896,58381826,0,0,0,0,0
37,2897,58391758,-95,-58,382,16379,0
L,58395202,VALID,-0.149,0.054,1
4,2896,58401849,64,-89,8225,0,0
13,2897,58401888,0,-2,-1,0,0
37,2898,58411835,-95,-58,382,16379,0
4,2897,58421968,62,-92,8223,0,0
13,2898,58422007,-3,0,0,0,0
37,2899,58432136,-95,-58,382,16379,0
4,2898,58442079,68,-79,8243,0,0
13,2899,58442119,-2,-5,0,0,0
37,2900,58451998,-95,-60,382,16379,0
4,2899,58462267,65,-91,8234,0,0
13,2900,58462307,-2,-8,-2,0,0
37,2901,58472145,-95,-60,382,16379,0
4,2900,58482223,58,-102,8212,0,0
13,2901,58482291,-1,-6,-1,0,0
37,2902,58492195,-95,-61,382,16379,0
L,58495690,VALID,-0.148,0.033,1
4,2901,58502313,69,-96,8229,0,0
13,2902,58502353,0,0,-1,0,0
37,2903,58512426,-95,-61,382,16379,0
4,2902,58522429,75,-82,8238,0,0
13,2903,58522468,1,0,-2,0,0
37,2904,58532391,-95,-62,381,16379,0
4,2903,58542454,65,-100,8215,0,0
13,2904,58542494,0,0,-4,0,0
37,2905,58552563,-95,-62,381,16379,0
4,2904,58562577,49,-93,8230,0,0
13,2905,58562616,1,0,-2,0,0
37,2906,58572510,-95,-62,381,16379,0
4,2905,58582678,65,-93,8223,0,0
13,2906,58582717,0,0,-2,0,0
37,2907,58592793,-94,-62,381,16379,0
L,58596248,VALID,-0.155,0.026,1
4,2906,58602860,66,-89,8232,0,0
13,2907,58602927,0,0,-2,0,0
37,2908,58612820,-94,-62,381,16379,0
4,2907,58622972,67,-87,8230,0,0
13,2908,58623012,0,0,0,0,0
37,2909,58633026,-93,-62,381,16379,0
4,2908,58643047,57,-96,8219,0,0
13,2909,58643087,-1,0,-1,0,0
37,2910,58653060,-93,-62,380,16379,0
4,2909,58663194,59,-86,8224,0,0
13,2910,58663234,0,0,0,0,0
37,2911,58673259,-93,-62,380,16379,0
4,2910,58683314,65,-94,8227,0,0
13,2911,58683354,0,0,-1,0,0
37,2912,58693334,-93,-63,380,16379,0
L,58696754,VALID,-0.162,0.018,1
4,2911,58703340,75,-90,8206,0,0
13,2912,58703380,0,3,0,0,0
37,2913,58713445,-93,-63,381,16379,0
4,2912,58723449,71,-96,8229,0,0
13,2913,58723489,1,6,0,0,0
37,2914,58733419,-93,-62,381,16379,0
4,2913,58743742,51,-107,8224,0,0
13,2914,58743782,0,6,0,0,0
37,2915,58753723,-93,-62,380,16379,0
4,2914,58763716,50,-88,8227,0,0
13,2915,58763756,0,6,-1,0,0
37,2916,58773686,-93,-61,380,16379,0
4,2915,58783776,58,-97,8225,0,0
13,2916,58783816,0,5,0,0,0
37,2917,58793832,-93,-61,380,16379,0
L,58797268,VALID,-0.162,0.032,1
4,2916,58803881,72,-80,8224,0,0
13,2917,58803921,0,0,0,0,0
37,2918,58813927,-92,-61,380,16379,0
4,2917,58823947,62,-82,8221,0,0
13,2918,58823987,2,3,0,0,0
37,2919,58834054,-92,-61,380,16379,0
4,2918,58844015,53,-90,8226,0,0
13,2919,58844055,-1,1,0,0,0
37,2920,58854114,-92,-60,380,16379,0
4,2919,58864170,57,-88,8220,0,0
13,2920,58864237,-1,0,0,0,0
37,2921,58874280,-91,-60,380,16379,0
4,2920,58884309,59,-83,8223,0,0
13,2921,58884349,0,1,0,0,0
37,2922,58894363,-91,-60,380,16379,0
L,58897791,VALID,-0.176,0.039,1
4,2921,58904403,71,-87,8219,0,0
13,2922,58904443,-1,0,0,0,0
37,2923,58914466,-91,-61,380,16379,0
4,2922,58924505,61,-85,8219,0,0
13,2923,58924545,0,0,-1,0,0
37,2924,58934516,-91,-61,380,16379,0
4,2923,58944703,67,-101,8226,0,0
13,2924,58944743,-1,0,0,0,0
37,2925,58954656,-91,-62,380,16379,0
4,2924,58964821,68,-100,8235,0,0
13,2925,58964861,-2,1,0,0,0
37,2926,58974656,-92,-62,380,16379,0
4,2925,58984795,62,-93,8218,0,0
13,2926,58984835,1,2,-1,0,0
37,2927,58994966,-92,-61,380,16379,0
L,58998384,VALID,-0.169,0.032,1
4,2926,59004911,53,-96,8225,0,0
13,2927,59004951,0,4,3,0,0
37,2928,59014922,-91,-61,381,16379,0
4,2927,59025105,60,-85,8230,0,0
13,2928,59025145,-1,2,0,0,0
37,2929,59035171,-91,-60,381,16379,0
4,2928,59045261,50,-92,8228,0,0
13,2929,59045301,-2,1,0,0,0
37,2930,59055075,-92,-60,381,16379,0
4,2929,59065259,54,-98,8229,0,0
13,2930,59065299,0,4,0,0,0
37,2931,59075306,-92,-59,381,16379,0
4,2930,59085438,65,-85,8230,0,0
13,2931,59085478,0,0,0,0,0
37,2932,59095410,-91,-60,381,16379,0
L,59098872,VALID,-0.176,0.039,1
4,2931,59105547,56,-88,8230,0,0
13,2932,59105586,-1,-1,-1,0,0
37,2933,59115556,-91,-60,381,16379,0
4,2932,59125647,57,-97,8222,0,0
13,2933,59125687,0,2,0,0,0
37,2934,59135549,-92,-60,380,16379,0
4,2933,59145687,63,-98,8217,0,0
13,2934,59145727,0,2,-2,0,0
37,2935,59155736,-92,-59,380,16379,0
4,2934,59165758,58,-99,8221,0,0
13,2935,59165798,0,1,0,0,0
37,2936,59175770,-92,-60,380,16379,0
4,2935,59185938,59,-94,8229,0,0
13,2936,59185978,0,1,0,0,0
37,2937,59195958,-92,-59,381,16379,0
L,59199387,VALID,-0.169,0.046,1
4,2936,59205972,59,-91,8220,0,0
13,2937,59206012,0,0,1,0,0
37,2938,59215991,-92,-60,380,16379,0
4,2937,59226082,59,-91,8223,0,0
13,2938,59226121,1,0,-1,0,0
37,2939,59236165,-92,-60,380,16379,0
4,2938,59246220,60,-90,8225,0,0
13,2939,59246260,0,0,-1,0,0
37,2940,59256189,-91,-60,380,16379,0
4,2939,59266400,51,-82,8222,0,0
13,2940,59266440,0,1,0,0,0
37,2941,59276406,-91,-59,380,16379,0
4,2940,59286375,62,-100,8215,0,0
13,2941,59286415,0,0,0,0,0
37,2942,59296422,-91,-60,380,16379,0
L,59299866,VALID,-0.176,0.039,1
4,2941,59306488,66,-94,8221,0,0
13,2942,59306528,0,-2,0,0,0
37,2943,59316636,-91,-61,380,16379,0
4,2942,59326674,60,-98,8240,0,0
13,2943,59326714,0,-5,-1,0,0
37,2944,59336645,-91,-61,380,16379,0
4,2943,59346899,68,-87,8211,0,0
13,2944,59346939,0,-3,-1,0,0
37,2945,59356834,-91,-62,380,16379,0
4,2944,59366743,58,-92,8218,0,0
13,2945,59366810,0,-1,0,0,0
37,2946,59376808,-91,-62,380,16379,0
4,2945,59386957,68,-94,8213,0,0
13,2946,59386996,0,-3,0,0,0
37,2947,59397013,-91,-62,380,16379,0
L,59400450,VALID,-0.176,0.025,1
4,2946,59407037,64,-85,8226,0,0
13,2947,59407077,0,1,0,0,0
37,2948,59417030,-91,-63,380,16379,0
4,2947,59427199,59,-90,8220,0,0
13,2948,59427238,0,0,-1,0,0
37,2949,59437150,-91,-62,380,16379,0
4,2948,59447145,59,-88,8220,0,0
13,2949,59447185,-2,0,0,0,0
37,2950,59457252,-91,-62,380,16379,0
4,2949,59467395,59,-94,8239,0,0
13,2950,59467434,-1,0,-1,0,0
37,2951,59477357,-90,-62,380,16379,0
4,2950,59487438,58,-89,8227,0,0
13,2951,59487478,0,1,-1,0,0
37,2952,59497496,-90,-62,380,16379,0
L,59500912,VALID,-0.183,0.025,1
4,2951,59507610,63,-79,8226,0,0
13,2952,59507650,-1,0,-2,0,0
37,2953,59517597,-90,-62,380,16379,0
4,2952,59527677,66,-87,8214,0,0
13,2953,59527717,0,1,0,0,0
37,2954,59537690,-90,-62,380,16379,0
4,2953,59547686,63,-90,8220,0,0
13,2954,59547726,0,1,1,0,0
37,2955,59557879,-90,-63,380,16379,0
4,2954,59567840,67,-93,8233,0,0
13,2955,59567880,-1,0,0,0,0
37,2956,59577844,-90,-63,380,16379,0
4,2955,59587985,61,-100,8232,0,0
13,2956,59588025,-1,1,0,0,0
37,2957,59598000,-90,-63,380,16379,0
L,59601461,VALID,-0.183,0.018,1
4,2956,59608030,67,-89,8226,0,0
13,2957,59608069,-1,-3,-1,0,0
37,2958,59618192,-90,-64,380,16379,0
4,2957,59628212,66,-83,8221,0,0
13,2958,59628252,-1,0,0,0,0
37,2959,59638343,-90,-64,380,16379,0
4,2958,59648365,57,-82,8219,0,0
13,2959,59648405,0,2,0,0,0
37,2960,59658333,-90,-63,380,16379,0
4,2959,59668434,60,-95,8224,0,0
13,2960,59668473,-1,3,0,0,0
37,2961,59678507,-90,-63,380,16379,0
4,2960,59688546,58,-94,8223,0,0
13,2961,59688585,0,2,0,0,0
37,2962,59698491,-90,-62,380,16379,0
L,59701932,VALID,-0.183,0.025,1
4,2961,59708665,61,-95,8226,0,0
13,2962,59708705,-1,0,-2,0,0
37,2963,59718773,-90,-63,380,16379,0
4,2962,59728708,57,-88,8219,0,0
13,2963,59728747,0,0,0,0,0
37,2964,59738911,-90,-62,380,16379,0
4,2963,59748924,53,-98,8228,0,0
13,2964,59748964,-2,-1,0,0,0
37,2965,59758944,-91,-62,380,16379,0
4,2964,59769032,65,-95,8228,0,0
13,2965,59769071,-1,1,0,0,0
37,2966,59779047,-91,-62,380,16379,0
4,2965,59789154,55,-92,8213,0,0
13,2966,59789194,0,0,0,0,0
37,2967,59799219,-90,-62,380,16379,0
L,59802647,VALID,-0.183,0.025,1
4,2966,59809315,59,-77,8223,0,0
13,2967,59809354,-1,1,0,0,0
37,2968,59819219,-90,-62,380,16379,0
4,2967,59829438,57,-94,8228,0,0
13,2968,59829477,0,1,0,0,0
37,2969,59839476,-91,-61,380,16379,0
4,2968,59849610,66,-98,8232,0,0
13,2969,59849650,0,0,0,0,0
37,2970,59859604,-91,-62,380,16379,0
4,2969,59869620,60,-90,8219,0,0
13,2970,59869659,0,0,-1,0,0
37,2971,59879887,-91,-62,380,16379,0
4,2970,59889860,56,-89,8240,0,0
13,2971,59889900,-1,0,-1,0,0
37,2972,59899752,-90,-62,380,16379,0
L,59903196,VALID,-0.183,0.025,1
4,2971,59909947,68,-91,8221,0,0
13,2972,59909986,0,-1,0,0,0
37,2973,59919925,-90,-62,380,16379,0
4,2972,59930032,59,-91,8224,0,0
13,2973,59930071,0,0,0,0,0
37,2974,59940009,-91,-62,380,16379,0
4,2973,59950177,61,-101,8220,0,0
13,2974,59950216,0,0,0,0,0
37,2975,59960354,-91,-62,380,16379,0
4,2974,59970315,53,-91,8226,0,0
13,2975,59970382,-1,0,0,0,0
37,2976,59980259,-91,-62,379,16379,0
4,2975,59990512,64,-98,8232,0,0
13,2976,59990552,-1,-4,0,0,0
37,2977,60000451,-91,-62,380,16379,0
L,60003875,VALID,-0.176,0.025,1
4,2976,60010514,66,-87,8232,0,0
13,2977,60010553,0,-4,0,0,0
37,2978,60020507,-91,-63,380,16379,0
4,2977,60030615,65,-89,8224,0,0
13,2978,60030655,2,-2,0,0,0
37,2979,60040689,-90,-63,380,16379,0
4,2978,60050744,68,-87,8226,0,0
13,2979,60050783,0,2,0,0,0
37,2980,60060714,-90,-63,380,16379,0
4,2979,60070813,62,-95,8225,0,0
13,2980,60070852,0,1,0,0,0
37,2981,60080936,-90,-63,380,16379,0
4,2980,60090939,59,-85,8225,0,0
13,2981,60090979,-1,0,1,0,0
37,2982,60100910,-90,-63,380,16379,0
L,60104372,VALID,-0.183,0.018,1
4,2981,60111115,66,-86,8226,0,0
13,2982,60111155,0,1,0,0,0
37,2983,60121177,-90,-64,380,16379,0
4,2982,60131259,66,-90,8224,0,0
13,2983,60131298,0,-2,1,0,0
37,2984,60141281,-89,-64,380,16379,0
4,2983,60151293,68,-98,8224,0,0
13,2984,60151333,0,0,0,0,0
37,2985,60161382,-90,-64,380,16379,0
4,2984,60171405,63,-96,8234,0,0
13,2985,60171444,0,2,-1,0,0
37,2986,60181365,-90,-64,380,16379,0
4,2985,60191541,64,-90,8228,0,0
13,2986,60191580,0,3,-2,0,0
37,2987,60201658,-90,-63,380,16379,0
L,60205121,VALID,-0.183,0.018,1
4,2986,60211638,60,-87,8226,0,0
13,2987,60211678,-2,0,0,0,0
37,2988,60221718,-90,-64,380,16379,0
4,2987,60231730,75,-94,8232,0,0
13,2988,60231796,-1,3,-1,0,0
37,2989,60241841,-90,-64,379,16379,0
4,2988,60251894,66,-83,8212,0,0
13,2989,60251934,0,5,0,0,0
37,2990,60261881,-90,-63,379,16379,0
4,2989,60272116,58,-93,8231,0,0
13,2990,60272156,-2,5,-1,0,0
37,2991,60282115,-90,-63,379,16379,0
4,2990,60292144,54,-82,8232,0,0
13,2991,60292184,-1,2,0,0,0
37,2992,60302052,-90,-62,379,16379,0
L,60305505,VALID,-0.183,0.025,1
4,2991,60312196,52,-81,8226,0,0
13,2992,60312236,0,1,-1,0,0
37,2993,60322284,-90,-62,379,16379,0
4,2992,60332304,60,-96,8219,0,0
13,2993,60332344,-3,1,-1,0,0
37,2994,60342362,-90,-62,379,16379,0
4,2993,60352417,52,-101,8233,0,0
13,2994,60352484,0,0,-1,0,0
37,2995,60362510,-90,-62,379,16379,0
4,2994,60372503,57,-94,8224,0,0
13,2995,60372543,0,1,0,0,0
37,2996,60382616,-90,-61,379,16379,0
4,2995,60392675,60,-98,8235,0,0
13,2996,60392715,0,0,0,0,0
37,2997,60402766,-91,-62,379,16379,0
L,60406211,VALID,-0.176,0.025,1
4,2996,60412764,63,-101,8231,0,0
13,2997,60412803,0,0,0,0,0
37,2998,60422809,-91,-62,379,16379,0
4,2997,60432890,69,-104,8223,0,0
13,2998,60432930,0,4,0,0,0
37,2999,60442928,-91,-62,379,16379,0
4,2998,60452983,58,-92,8223,0,0
13,2999,60453023,0,3,0,0,0
37,3000,60463013,-91,-61,379,16379,0
4,2999,60473155,62,-94,8220,0,0
13,3000,60473222,0,0,1,0,0
37,3001,60483212,-91,-61,379,16379,0
4,3000,60493397,57,-87,8233,0,0
13,3001,60493437,-1,1,0,0,0
37,3002,60503188,-91,-61,379,16379,0
L,60506621,VALID,-0.176,0.032,1
4,3001,60513389,60,-83,8223,0,0
13,3002,60513428,2,-1,0,0,0
37,3003,60523505,-91,-62,379,16379,0
4,3002,60533439,60,-92,8222,0,0
13,3003,60533479,2,-5,1,0,0
37,3004,60543461,-90,-62,379,16379,0
4,3003,60553672,56,-95,8237,0,0
13,3004,60553711,-1,-1,1,0,0
37,3005,60563702,-91,-62,380,16379,0
4,3004,60573817,54,-101,8232,0,0
13,3005,60573857,1,0,0,0,0
37,3006,60583624,-91,-61,379,16379,0
4,3005,60593807,59,-90,8224,0,0
13,3006,60593847,0,0,0,0,0
37,3007,60603951,-91,-62,379,16379,0
L,60607396,VALID,-0.176,0.025,1
4,3006,60614095,68,-105,8224,0,0
13,3007,60614135,-1,1,-1,0,0
37,3008,60624023,-92,-62,379,16379,0
4,3007,60634152,60,-94,8232,0,0
13,3008,60634192,0,1,0,0,0
37,3009,60644174,-91,-61,379,16379,0
4,3008,60654229,59,-91,8226,0,0
13,3009,60654269,0,1,0,0,0
37,3010,60664208,-91,-61,379,16379,0
4,3009,60674289,63,-96,8219,0,0
13,3010,60674328,0,-1,1,0,0
37,3011,60684414,-91,-62,379,16379,0
4,3010,60694451,60,-91,8230,0,0
13,3011,60694491,1,1,-3,0,0
37,3012,60704413,-91,-62,379,16379,0
L,60707841,VALID,-0.176,0.025,1
4,3011,60714599,66,-84,8231,0,0
13,3012,60714639,0,-1,0,0,0
37,3013,60724690,-91,-62,379,16379,0
4,3012,60734711,70,-96,8234,0,0
13,3013,60734751,-1,2,0,0,0
37,3014,60744696,-91,-62,379,16379,0
4,3013,60754821,59,-93,8234,0,0
13,3014,60754861,1,3,1,0,0
37,3015,60764834,-91,-61,379,16379,0
4,3014,60774934,59,-97,8220,0,0
13,3015,60774974,0,0,-1,0,0
37,3016,60784922,-92,-62,379,16379,0
4,3015,60795063,58,-99,8233,0,0
13,3016,60795102,-1,0,0,0,0
37,3017,60805127,-92,-62,379,16379,0
L,60808546,VALID,-0.169,0.025,1
4,3016,60815132,56,-97,8227,0,0
13,3017,60815172,-1,-1,0,0,0
37,3018,60825161,-92,-61,379,16379,0
4,3017,60835258,63,-91,8231,0,0
13,3018,60835298,-2,1,-1,0,0
37,3019,60845429,-92,-62,379,16379,0
4,3018,60855451,70,-89,8225,0,0
13,3019,60855491,-2,2,1,0,0
37,3020,60865488,-92,-61,379,16379,0
4,3019,60875726,58,-93,8230,0,0
13,3020,60875765,-1,1,0,0,0
37,3021,60885626,-92,-61,379,16379,0
4,3020,60895603,58,-90,8231,0,0
13,3021,60895643,-2,2,0,0,0
37,3022,60905625,-93,-61,379,16379,0
L,60909061,VALID,-0.162,0.032,1
4,3021,60915743,61,-98,8228,0,0
13,3022,60915782,1,1,0,0,0
37,3023,60925832,-92,-61,379,16379,0
4,3022,60935869,58,-90,8228,0,0
13,3023,60935908,0,0,0,0,0
37,3024,60945873,-92,-61,379,16379,0
4,3023,60956057,63,-91,8224,0,0
13,3024,60956096,0,-1,-1,0,0
37,3025,60965995,-92,-62,379,16379,0
4,3024,60976049,67,-96,8229,0,0
13,3025,60976089,0,-3,-1,0,0
37,3026,60986159,-92,-62,379,16379,0
4,3025,60996299,56,-95,8228,0,0
13,3026,60996339,-1,0,0,0,0
37,3027,61006287,-92,-61,379,16379,0
L,61009723,VALID,-0.169,0.032,1
4,3026,61016378,52,-94,8230,0,0
13,3027,61016417,0,0,-2,0,0
37,3028,61026398,-92,-61,379,16379,0
4,3027,61036548,63,-91,8216,0,0
13,3028,61036588,-1,1,-3,0,0
37,3029,61046502,-92,-61,378,16379,0
4,3028,61056566,59,-95,8222,0,0
13,3029,61056605,0,4,-2,0,0
37,3030,61066612,-92,-61,378,16379,0
4,3029,61076625,56,-88,8225,0,0
13,3030,61076664,0,-1,-1,0,0
37,3031,61086862,-92,-61,378,16379,0
4,3030,61096841,60,-86,8227,0,0
13,3031,61096908,0,-1,1,0,0
37,3032,61106836,-91,-61,378,16379,0
L,61110280,VALID,-0.176,0.032,1
4,3031,61116963,60,-89,8220,0,0
13,3032,61117003,-1,1,-1,0,0
37,3033,61127031,-92,-61,378,16379,0
4,3032,61137029,62,-100,8230,0,0
13,3033,61137068,-1,2,-2,0,0
37,3034,61147146,-92,-61,378,16379,0
4,3033,61157210,66,-99,8226,0,0
13,3034,61157250,-1,3,-1,0,0
37,3035,61167301,-92,-61,378,16379,0
4,3034,61177339,57,-94,8234,0,0
13,3035,61177378,-1,3,-1,0,0
37,3036,61187343,-93,-60,378,16379,0
4,3035,61197471,63,-94,8234,0,0
13,3036,61197510,-7,10,-2,0,0
37,3037,61207481,-94,-59,377,16379,0
L,61210942,VALID,-0.156,0.046,1
4,3036,61217580,59,-94,8223,0,0
13,3037,61217620,-8,4,-10,0,0
37,3038,61227506,-94,-60,376,16379,0
4,3037,61237699,59,-89,8231,0,0
13,3038,61237739,0,-3,-7,0,0
37,3039,61247779,-93,-60,376,16379,0
4,3038,61257735,55,-88,8223,0,0
13,3039,61257775,3,0,-1,0,0
37,3040,61267919,-93,-59,376,16379,0
4,3039,61277888,57,-106,8222,0,0
13,3040,61277928,1,2,0,0,0
37,3041,61287901,-93,-59,376,16379,0
4,3040,61298026,59,-102,8223,0,0
13,3041,61298065,0,1,1,0,0
37,3042,61308012,-94,-59,376,16379,0
L,61311469,VALID,-0.156,0.046,1
4,3041,61318129,51,-96,8222,0,0
13,3042,61318169,2,1,0,0,0
37,3043,61328235,-94,-59,376,16379,0
4,3042,61338290,56,-98,8244,0,0
13,3043,61338330,-2,2,-1,0,0
37,3044,61348176,-94,-59,376,16379,0
4,3043,61358481,58,-96,8226,0,0
13,3044,61358521,0,0,0,0,0
37,3045,61368461,-94,-59,376,16379,0
4,3044,61378540,57,-105,8222,0,0
13,3045,61378579,0,0,0,0,0
37,3046,61388562,-95,-59,376,16379,0
4,3045,61398530,53,-97,8229,0,0
13,3046,61398570,-1,0,0,0,0
37,3047,61408813,-95,-58,376,16379,0
L,61412255,VALID,-0.149,0.053,1
4,3046,61418749,61,-105,8223,0,0
13,3047,61418788,0,2,0,0,0
37,3048,61428620,-95,-59,376,16379,0
4,3047,61438884,59,-94,8217,0,0
13,3048,61438923,-1,0,0,0,0
37,3049,61448836,-95,-59,376,16379,0
4,3048,61458942,54,-89,8225,0,0
13,3049,61458982,-1,-3,0,0,0
37,3050,61468949,-95,-59,376,16379,0
4,3049,61479117,59,-94,8224,0,0
13,3050,61479157,0,-1,-1,0,0
37,3051,61489274,-95,-59,376,16379,0
4,3050,61499262,66,-104,8231,0,0
13,3051,61499302,0,0,0,0,0
37,3052,61509198,-95,-60,376,16379,0
L,61512625,VALID,-0.148,0.039,1
4,3051,61519367,62,-93,8229,0,0
13,3052,61519406,0,-1,0,0,0
37,3053,61529301,-94,-60,376,16379,0
4,3052,61539399,65,-95,8225,0,0
13,3053,61539439,3,-5,0,0,0
37,3054,61549350,-95,-61,376,16379,0
4,3053,61559503,52,-100,8224,0,0
13,3054,61559542,0,-2,0,0,0
37,3055,61569593,-95,-61,376,16379,0
4,3054,61579605,57,-102,8226,0,0
13,3055,61579644,0,0,0,0,0
37,3056,61589609,-95,-60,376,16379,0
4,3055,61599672,53,-87,8223,0,0
13,3056,61599712,0,-1,0,0,0
37,3057,61609859,-95,-61,376,16379,0
L,61613304,VALID,-0.148,0.032,1
4,3056,61619875,62,-103,8227,0,0
13,3057,61619914,0,-3,1,0,0
37,3058,61629783,-95,-61,376,16379,0
4,3057,61639999,59,-97,8218,0,0
13,3058,61640038,0,-2,0,0,0
37,3059,61650022,-94,-61,376,16379,0
4,3058,61660121,60,-90,8227,0,0
13,3059,61660161,1,0,0,0,0
37,3060,61670142,-94,-61,376,16379,0
4,3059,61680223,59,-91,8224,0,0
13,3060,61680263,2,1,0,0,0
37,3061,61690286,-94,-61,376,16379,0
4,3060,61700326,59,-101,8227,0,0
13,3061,61700366,0,-1,0,0,0
37,3062,61710304,-94,-61,376,16379,0
L,61713766,VALID,-0.155,0.032,1
4,3061,61720455,57,-86,8221,0,0
13,3062,61720522,0,3,0,0,0
37,3063,61730624,-94,-61,375,16379,0
4,3062,61740621,68,-89,8226,0,0
13,3063,61740660,0,1,0,0,0
37,3064,61750682,-94,-61,375,16379,0
4,3063,61760694,62,-102,8225,0,0
13,3064,61760734,-2,0,0,0,0
37,3065,61770752,-94,-62,376,16379,0
4,3064,61780774,59,-102,8222,0,0
13,3065,61780814,-1,-1,2,0,0
37,3066,61790760,-94,-61,376,16379,0
4,3065,61801014,49,-96,8226,0,0
13,3066,61801053,0,-1,0,0,0
37,3067,61810993,-94,-61,376,16379,0
L,61814446,VALID,-0.155,0.032,1
4,3066,61821032,57,-94,8238,0,0
13,3067,61821071,1,-1,-1,0,0
37,3068,61830975,-94,-61,376,16379,0
4,3067,61841115,59,-98,8211,0,0
13,3068,61841155,0,-3,0,0,0
37,3069,61851199,-94,-61,375,16379,0
4,3068,61861220,52,-96,8234,0,0
13,3069,61861259,-1,0,0,0,0
37,3070,61871265,-94,-61,376,16379,0
4,3069,61881347,47,-100,8221,0,0
13,3070,61881387,0,1,0,0,0
37,3071,61891437,-94,-60,375,16379,0
4,3070,61901364,53,-93,8226,0,0
13,3071,61901404,0,1,0,0,0
37,3072,61911462,-94,-60,376,16379,0
L,61914908,VALID,-0.155,0.039,1
4,3071,61921521,53,-93,8226,0,0
13,3072,61921561,-1,0,0,0,0
37,3073,61931635,-94,-60,375,16379,0
4,3072,61941672,67,-92,8216,0,0
13,3073,61941711,0,0,-1,0,0
37,3074,61951721,-94,-60,375,16379,0
4,3073,61961776,60,-99,8230,0,0
13,3074,61961816,0,4,0,0,0
37,3075,61971806,-94,-59,375,16379,0
4,3074,61981924,55,-91,8233,0,0
13,3075,61981963,-1,3,-1,0,0
37,3076,61991909,-94,-59,375,16379,0
4,3075,62002120,57,-99,8223,0,0
13,3076,62002160,-2,1,1,0,0
37,3077,62012047,-95,-59,375,16379,0
L,62015483,VALID,-0.149,0.046,1
4,3076,62022226,59,-110,8230,0,0
13,3077,62022265,-1,0,0,0,0
37,3078,62032090,-95,-60,375,16379,0
4,3077,62042215,53,-96,8221,0,0
13,3078,62042254,-2,0,0,0,0
37,3079,62052398,-96,-59,375,16379,0
4,3078,62062291,55,-97,8227,0,0
13,3079,62062331,-1,1,0,0,0
37,3080,62072355,-95,-59,376,16379,0
4,3079,62082495,53,-91,8236,0,0
13,3080,62082535,0,3,0,0,0
37,3081,62092622,-95,-59,376,16379,0
4,3080,62102679,60,-93,8220,0,0
13,3081,62102719,0,2,0,0,0
37,3082,62112498,-95,-59,376,16379,0
L,62115945,VALID,-0.149,0.046,1
4,3081,62122705,59,-96,8225,0,0
13,3082,62122745,1,3,1,0,0
37,3083,62132793,-95,-58,376,16379,0
4,3082,62142902,59,-92,8226,0,0
13,3083,62142942,-1,3,0,0,0
37,3084,62152829,-95,-59,376,16379,0
4,3083,62162970,63,-103,8216,0,0
13,3084,62163010,-1,3,1,0,0
37,3085,62173001,-95,-59,376,16379,0
4,3084,62183080,50,-101,8227,0,0
13,3085,62183120,-1,0,1,0,0
37,3086,62193026,-95,-58,376,16379,0
4,3085,62203124,55,-98,8227,0,0
13,3086,62203163,0,3,-1,0,0
37,3087,62213214,-96,-58,376,16379,0
L,62216677,VALID,-0.142,0.054,1
4,3086,62223211,47,-95,8231,0,0
13,3087,62223278,0,2,1,0,0
37,3088,62233266,-96,-57,376,16379,0
4,3087,62243408,44,-105,8221,0,0
13,3088,62243448,0,4,0,0,0
37,3089,62253447,-96,-56,376,16379,0
4,3088,62263491,60,-97,8234,0,0
13,3089,62263531,1,2,0,0,0
37,3090,62273462,-96,-57,376,16379,0
4,3089,62283562,60,-95,8224,0,0
13,3090,62283602,-1,2,0,0,0
37,3091,62293575,-96,-57,376,16379,0
4,3090,62303664,57,-94,8217,0,0
13,3091,62303704,0,1,0,0,0
37,3092,62313650,-95,-57,376,16379,0
L,62317105,VALID,-0.149,0.060,1
4,3091,62323863,52,-92,8225,0,0
13,3092,62323902,0,0,0,0,0
37,3093,62333840,-95,-56,376,16379,0
4,3092,62343895,52,-91,8236,0,0
13,3093,62343962,-1,0,1,0,0
37,3094,62353936,-95,-56,376,16379,0
4,3093,62364001,56,-90,8235,0,0
13,3094,62364040,-1,3,0,0,0
37,3095,62374174,-95,-56,376,16379,0
4,3094,62384189,59,-95,8222,0,0
13,3095,62384229,0,3,1,0,0
37,3096,62394192,-95,-56,376,16379,0
4,3095,62404386,40,-99,8234,0,0
13,3096,62404426,0,2,0,0,0
37,3097,62414331,-95,-55,376,16379,0
L,62417802,VALID,-0.149,0.074,1
4,3096,62424275,53,-94,8213,0,0
13,3097,62424315,1,3,0,0,0
37,3098,62434338,-95,-55,376,16379,0
4,3097,62444458,54,-102,8231,0,0
13,3098,62444498,2,1,1,0,0
37,3099,62454562,-95,-55,376,16379,0
4,3098,62464583,52,-96,8222,0,0
13,3099,62464622,1,0,1,0,0
37,3100,62474561,-95,-55,376,16379,0
4,3099,62484781,47,-93,8226,0,0
13,3100,62484821,2,-1,0,0,0
37,3101,62494762,-94,-55,376,16379,0
4,3100,62504764,50,-92,8236,0,0
13,3101,62504804,2,0,0,0,0
37,3102,62514903,-94,-55,376,16379,0
L,62518342,VALID,-0.156,0.074,1
4,3101,62524981,56,-87,8224,0,0
13,3102,62525020,-2,0,0,0,0
37,3103,62534984,-94,-55,376,16379,0
4,3102,62545056,66,-94,8229,0,0
13,3103,62545096,-1,0,0,0,0
37,3104,62555119,-94,-56,376,16379,0
4,3103,62565227,59,-92,8218,0,0
13,3104,62565267,0,-2,0,0,0
37,3105,62575209,-93,-56,376,16379,0
4,3104,62585302,52,-95,8229,0,0
13,3105,62585341,-1,-5,0,0,0
37,3106,62595360,-94,-56,376,16379,0
4,3105,62605372,55,-98,8227,0,0
13,3106,62605439,2,-3,-1,0,0
37,3107,62615576,-94,-57,376,16379,0
L,62619021,VALID,-0.156,0.060,1
4,3106,62625530,50,-102,8222,0,0
13,3107,62625570,0,-1,0,0,0
37,3108,62635566,-94,-57,376,16379,0
4,3107,62645656,55,-93,8226,0,0
13,3108,62645695,-2,0,1,0,0
37,3109,62655669,-94,-57,376,16379,0
4,3108,62665707,50,-97,8226,0,0
13,3109,62665747,-2,0,0,0,0
37,3110,62675780,-94,-56,376,16379,0
4,3109,62685868,52,-94,8225,0,0
13,3110,62685908,-2,-3,0,0,0
37,3111,62695961,-95,-57,376,16379,0
4,3110,62705973,61,-103,8223,0,0
13,3111,62706013,0,-3,0,0,0
37,3112,62715987,-94,-57,376,16379,0
L,62719457,VALID,-0.156,0.060,1
4,3111,62726130,58,-94,8223,0,0
13,3112,62726170,0,0,-1,0,0
37,3113,62736144,-95,-58,376,16379,0
4,3112,62746265,60,-96,8222,0,0
13,3113,62746305,-3,1,-1,0,0
37,3114,62756204,-95,-58,376,16379,0
4,3113,62766342,51,-91,8217,0,0
13,3114,62766381,-1,2,0,0,0
37,3115,62776451,-94,-57,376,16379,0
4,3114,62786387,45,-89,8234,0,0
13,3115,62786427,0,3,0,0,0
37,3116,62796570,-94,-57,376,16379,0
4,3115,62806601,51,-94,8222,0,0
13,3116,62806640,1,0,0,0,0
37,3117,62816631,-94,-57,376,16379,0
L,62820084,VALID,-0.156,0.060,1
4,3116,62826687,56,-89,8229,0,0
13,3117,62826727,0,3,-1,0,0
37,3118,62836699,-94,-57,375,16379,0
4,3117,62846806,51,-96,8231,0,0
13,3118,62846873,0,1,0,0,0
37,3119,62856941,-94,-56,375,16379,0
4,3118,62867035,50,-94,8225,0,0
13,3119,62867075,0,0,0,0,0
37,3120,62876916,-94,-56,375,16379,0
4,3119,62887143,53,-91,8235,0,0
13,3120,62887182,1,1,0,0,0
37,3121,62897165,-93,-56,375,16379,0
4,3120,62907219,48,-96,8214,0,0
13,3121,62907259,1,1,0,0,0
37,3122,62917250,-94,-55,375,16379,0
L,62920669,VALID,-0.156,0.074,1
4,3121,62927259,58,-99,8228,0,0
13,3122,62927299,-1,2,0,0,0
37,3123,62937533,-94,-55,375,16379,0
4,3122,62947504,46,-94,8226,0,0
13,3123,62947543,0,2,-1,0,0
37,3124,62957387,-93,-55,375,16379,0
4,3123,62967649,58,-96,8224,0,0
13,3124,62967689,0,1,0,0,0
37,3125,62977633,-94,-55,375,16379,0
4,3124,62987736,66,-96,8229,0,0
13,3125,62987776,0,1,1,0,0
37,3126,62997732,-94,-55,375,16379,0
4,3125,63007881,56,-100,8221,0,0
13,3126,63007920,0,2,0,0,0
37,3127,63018033,-94,-55,375,16379,0
L,63021470,VALID,-0.156,0.074,1
4,3126,63027970,52,-97,8227,0,0
13,3127,63028009,-3,1,1,0,0
37,3128,63037937,-94,-55,375,16379,0
4,3127,63048174,45,-96,8226,0,0
13,3128,63048213,-1,-1,0,0,0
37,3129,63058075,-94,-55,375,16379,0
4,3128,63068173,53,-91,8227,0,0
13,3129,63068212,-1,0,0,0,0
37,3130,63078150,-94,-55,375,16379,0
4,3129,63088292,56,-97,8227,0,0
13,3130,63088332,0,0,-2,0,0
37,3131,63098429,-94,-55,375,16379,0
4,3130,63108424,52,-93,8229,0,0
13,3131,63108464,0,0,2,0,0
37,3132,63118434,-94,-55,375,16379,0
L,63121897,VALID,-0.156,0.074,1
4,3131,63128509,59,-93,8231,0,0
13,3132,63128549,1,0,1,0,0
37,3133,63138667,-93,-56,375,16379,0
4,3132,63148680,56,-86,8229,0,0
13,3133,63148720,0,-4,0,0,0
37,3134,63158607,-93,-56,375,16379,0
4,3133,63168766,60,-89,8229,0,0
13,3134,63168805,2,-1,0,0,0
37,3135,63178873,-93,-56,375,16379,0
4,3134,63188955,60,-96,8219,0,0
13,3135,63188994,0,0,0,0,0
37,3136,63198950,-93,-57,375,16379,0
4,3135,63209005,62,-93,8220,0,0
13,3136,63209045,0,-1,2,0,0
37,3137,63219140,-93,-57,375,16379,0
L,63222577,VALID,-0.163,0.060,1
4,3136,63229164,54,-102,8230,0,0
13,3137,63229204,0,-2,0,0,0
37,3138,63239182,-93,-58,376,16379,0
4,3137,63249307,60,-95,8224,0,0
13,3138,63249346,0,0,1,0,0
37,3139,63259406,-93,-57,376,16379,0
4,3138,63269419,54,-99,8219,0,0
13,3139,63269458,0,3,0,0,0
37,3140,63279474,-93,-57,376,16379,0
4,3139,63289471,56,-94,8228,0,0
13,3140,63289510,0,0,0,0,0
37,3141,63299586,-93,-57,376,16379,0
4,3140,63309598,55,-97,8231,0,0
13,3141,63309638,0,0,0,0,0
37,3142,63319601,-93,-57,376,16379,0
L,63323030,VALID,-0.163,0.060,1
4,3141,63329902,47,-92,8225,0,0
13,3142,63329941,0,0,0,0,0
37,3143,63339895,-93,-57,376,16379,0
4,3142,63349936,57,-99,8225,0,0
13,3143,63349975,-1,0,0,0,0
37,3144,63359876,-93,-57,376,16379,0
4,3143,63369959,55,-92,8223,0,0
13,3144,63369998,0,1,-1,0,0
37,3145,63380067,-93,-57,375,16379,0
4,3144,63390122,59,-89,8225,0,0
13,3145,63390162,0,3,-1,0,0
37,3146,63400102,-93,-57,375,16379,0
4,3145,63410157,58,-99,8220,0,0
13,3146,63410197,-1,1,0,0,0
37,3147,63420299,-93,-57,375,16379,0
L,63423718,VALID,-0.163,0.060,1
4,3146,63430226,62,-93,8224,0,0
13,3147,63430265,0,0,0,0,0
37,3148,63440340,-93,-58,375,16379,0
4,3147,63450431,64,-95,8229,0,0
13,3148,63450470,-1,0,0,0,0
37,3149,63460496,-93,-57,375,16379,0
4,3148,63470517,45,-98,8232,0,0
13,3149,63470584,0,1,0,0,0
37,3150,63480618,-93,-57,375,16379,0
4,3149,63490700,54,-106,8239,0,0
13,3150,63490739,0,0,0,0,0
37,3151,63500771,-94,-57,375,16379,0
4,3150,63510827,48,-105,8233,0,0
13,3151,63510866,0,-2,0,0,0
37,3152,63520806,-94,-57,375,16379,0
L,63524250,VALID,-0.156,0.060,1
4,3151,63530976,55,-98,8227,0,0
13,3152,63531015,1,-3,0,0,0
37,3153,63540952,-94,-57,375,16379,0
4,3152,63551145,52,-98,8220,0,0
13,3153,63551184,0,0,-1,0,0
37,3154,63561003,-94,-57,375,16379,0
4,3153,63571162,53,-89,8230,0,0
13,3154,63571202,1,-2,0,0,0
37,3155,63581303,-93,-57,375,16379,0
4,3154,63591239,61,-86,8230,0,0
13,3155,63591278,-1,-3,0,0,0
37,3156,63601260,-93,-58,375,16379,0
4,3155,63611497,59,-91,8231,0,0
13,3156,63611536,-3,-2,0,0,0
37,3157,63621572,-94,-58,375,16379,0
L,63625016,VALID,-0.156,0.053,1
4,3156,63631664,55,-101,8232,0,0
13,3157,63631703,-4,-3,0,0,0
37,3158,63641511,-94,-58,375,16379,0
4,3157,63651676,55,-106,8225,0,0
13,3158,63651716,-2,2,-1,0,0
37,3159,63661726,-95,-58,375,16379,0
4,3158,63671902,55,-93,8227,0,0
13,3159,63671942,-3,2,0,0,0
37,3160,63681837,-95,-58,375,16379,0
4,3159,63691943,51,-101,8222,0,0
13,3160,63691983,-10,2,0,0,0
37,3161,63701967,-97,-57,375,16379,0
4,3160,63712073,56,-103,8244,0,0
13,3161,63712140,-12,3,0,0,0
37,3162,63722009,-98,-57,375,16379,0
L,63725470,VALID,-0.128,0.061,1
4,3161,63732178,46,-99,8225,0,0
13,3162,63732218,-12,4,0,0,0
37,3163,63742299,-99,-56,375,16379,0
4,3162,63752296,64,-95,8219,0,0
13,3163,63752336,-19,12,-1,0,0
37,3164,63762298,-101,-55,374,16379,0
4,3163,63772470,52,-104,8220,0,0
13,3164,63772510,-11,4,-4,0,0
37,3165,63782465,-102,-55,371,16379,0
4,3164,63792518,60,-107,8215,0,0
13,3165,63792558,-23,13,-120,0,0
37,3166,63802519,-104,-53,361,16379,0
4,3165,63812639,57,-110,8238,0,0
13,3166,63812679,-12,18,-67,0,0
37,3167,63822699,-105,-52,356,16379,0
L,63826236,VALID,-0.080,0.096,1
4,3166,63832761,48,-105,8220,0,0
13,3167,63832801,-11,5,-29,0,0
37,3168,63842766,-106,-52,354,16379,0
4,3167,63852985,50,-101,8230,0,0
13,3168,63853025,-14,1,-16,0,0
37,3169,63862983,-107,-52,353,16379,0
4,3168,63873044,37,-121,8222,0,0
13,3169,63873084,-14,-3,-11,0,0
37,3170,63883093,-109,-52,352,16379,0
4,3169,63893149,45,-123,8234,0,0
13,3170,63893188,-4,-5,-5,0,0
37,3171,63903273,-109,-52,352,16379,0
4,3170,63913327,55,-107,8242,0,0
13,3171,63913366,-4,0,-2,0,0
37,3172,63923298,-111,-51,352,16379,0
L,63926829,VALID,-0.038,0.104,1
4,3171,63933569,47,-110,8222,0,0
13,3172,63933609,-32,15,-2,0,0
37,3173,63943482,-112,-51,351,16379,0
4,3172,63953447,43,-107,8227,0,0
13,3173,63953487,-22,6,-4,0,0
37,3174,63963513,-115,-50,351,16379,0
4,3173,63973681,32,-120,8239,0,0
13,3174,63973720,-19,10,-3,0,0
37,3175,63983762,-116,-49,351,16379,0
4,3174,63993800,47,-109,8230,0,0
13,3175,63993839,-16,0,-1,0,0
37,3176,64003787,-117,-49,350,16379,0
4,3175,64013919,57,-121,8216,0,0
13,3176,64013958,-15,0,-6,0,0
37,3177,64023917,-119,-50,349,16379,0
L,64027465,VALID,0.017,0.112,1
4,3176,64033930,49,-116,8231,0,0
13,3177,64033970,-17,0,-13,0,0
37,3178,64044046,-121,-50,348,16379,0
4,3177,64054186,44,-129,8228,0,0
13,3178,64054226,-22,3,-18,0,0
37,3179,64064159,-123,-49,346,16379,0
4,3178,64074211,38,-128,8214,0,0
13,3179,64074250,-17,5,-22,0,0
37,3180,64084279,-124,-49,345,16379,0
4,3179,64094481,41,-132,8242,0,0
13,3180,64094521,-29,4,-7,0,0
37,3181,64104417,-127,-49,344,16379,0
4,3180,64114506,42,-143,8213,0,0
13,3181,64114546,-15,1,-2,0,0
37,3182,64124578,-127,-49,344,16379,0
L,64128092,VALID,0.073,0.120,1
4,3181,64134565,42,-119,8236,0,0
13,3182,64134605,-9,0,-1,0,0
37,3183,64144757,-130,-48,344,16379,0
4,3182,64154731,43,-132,8216,0,0
13,3183,64154770,-29,1,-2,0,0
37,3184,64164708,-132,-48,344,16379,0
4,3183,64174856,47,-110,8248,0,0
13,3184,64174895,-40,7,0,0,0
37,3185,64184853,-138,-48,344,16379,0
4,3184,64194916,116,-110,8223,0,0
13,3185,64194955,-103,4,0,0,0
37,3186,64205025,-148,-48,342,16379,0
4,3185,64215088,3,-157,8247,0,0
13,3186,64215156,-126,16,-49,0,0
37,3187,64225227,-159,-47,339,16379,0
L,64228754,VALID,0.296,0.138,1
4,3186,64235255,78,-158,8211,0,0
13,3187,64235294,-127,1,-21,0,0
37,3188,64245242,-172,-46,336,16379,0
4,3187,64255381,1,-173,8255,0,0
13,3188,64255420,-120,12,-27,0,0
37,3189,64265369,-184,-46,334,16379,0
4,3188,64275416,51,-127,8277,0,0
13,3189,64275455,-218,4,-27,0,0
37,3190,64285369,-211,-46,330,16379,0
4,3189,64295552,38,-213,8208,0,0
13,3190,64295592,-343,2,-41,0,0
37,3191,64305619,-241,-47,327,16378,0
4,3190,64315620,30,-247,8248,0,0
13,3191,64315659,-320,0,-40,0,0
37,3192,64325774,-269,-47,324,16378,0
L,64329312,VALID,1.065,0.152,1
4,3191,64335793,38,-284,8208,0,0
13,3192,64335833,-312,22,-31,0,0
37,3193,64345816,-294,-45,320,16378,0
4,3192,64355932,20,-283,8242,0,0
13,3193,64355972,-311,16,-57,0,0
37,3194,64365935,-325,-45,316,16377,0
4,3193,64376041,34,-337,8213,0,0
13,3194,64376081,-319,8,-11,0,0
37,3195,64386126,-352,-45,316,16377,0
4,3194,64396207,43,-348,8229,0,0
13,3195,64396246,-327,9,11,0,0
37,3196,64406108,-383,-44,317,16376,0
4,3195,64416351,37,-344,8250,0,0
13,3196,64416390,-408,11,13,0,0
37,3197,64426350,-424,-45,319,16375,0
L,64429878,VALID,2.149,0.186,1
4,3196,64436411,31,-392,8256,0,0
13,3197,64436451,-518,2,19,0,0
37,3198,64446434,-474,-45,320,16373,0
4,3197,64456444,35,-508,8198,0,0
13,3198,64456484,-559,4,16,0,0
37,3199,64466754,-522,-45,321,16372,0
4,3198,64476680,50,-562,8180,0,0
13,3199,64476720,-483,18,12,0,0
37,3200,64486613,-560,-45,323,16371,0
4,3199,64496841,70,-531,8220,0,0
13,3200,64496880,-452,18,59,0,0
37,3201,64506796,-601,-45,331,16369,0
4,3200,64516885,78,-531,8237,0,0
13,3201,64516924,-516,-3,137,0,0
37,3202,64526882,-651,-45,348,16367,0
L,64530410,VALID,3.738,0.225,1
4,3201,64537057,-3,-678,8213,0,0
13,3202,64537097,-544,-8,192,0,0
37,3203,64547201,-698,-46,363,16364,0
4,3202,64557177,-19,-743,8187,0,0
13,3203,64557216,-527,0,165,0,0
37,3204,64567115,-743,-46,374,16362,0
4,3203,64577424,-24,-756,8204,0,0
13,3204,64577464,-522,-2,83,0,0
37,3205,64587282,-790,-48,378,16360,0
4,3204,64597391,31,-811,8178,0,0
13,3205,64597431,-494,-3,45,0,0
37,3206,64607424,-831,-50,383,16358,0
4,3205,64617503,76,-826,8204,0,0
13,3206,64617542,-466,-11,89,0,0
37,3207,64627638,-873,-51,396,16355,0
L,64631159,VALID,5.294,0.233,1
4,3206,64637642,85,-852,8193,0,0
13,3207,64637682,-504,-11,207,0,0
37,3208,64647655,-921,-52,418,16352,0
4,3207,64657691,26,-888,8217,0,0
13,3208,64657731,-578,-18,246,0,0
37,3209,64667836,-977,-53,440,16348,0
4,3208,64677862,-52,-1016,8159,0,0
13,3209,64677902,-684,-21,248,0,0
37,3210,64687811,-1034,-56,454,16344,0
4,3209,64697991,24,-1063,8148,0,0
13,3210,64698031,-555,-10,92,0,0
37,3211,64708088,-1080,-57,461,16341,0
4,3210,64718192,22,-1062,8165,0,0
13,3211,64718232,-490,-6,75,0,0
37,3212,64728203,-1123,-59,467,16338,0
L,64731830,VALID,7.047,0.252,1
4,3211,64738303,32,-1053,8211,0,0
13,3212,64738343,-637,-28,80,0,0
37,3213,64748386,-1187,-64,477,16333,0
4,3212,64758397,1,-1182,8169,0,0
13,3213,64758437,-721,-36,135,0,0
37,3214,64768394,-1254,-68,488,16328,0
4,3213,64778526,72,-1249,8133,0,0
13,3214,64778566,-761,-33,144,0,0
37,3215,64788654,-1321,-71,506,16322,0
4,3214,64798672,19,-1224,8222,0,0
13,3215,64798712,-903,-42,224,0,0
37,3216,64808740,-1412,-77,525,16314,0
4,3215,64818739,6,-1495,8020,0,0
13,3216,64818779,-926,-30,188,0,0
37,3217,64828828,-1482,-80,536,16307,0
L,64832483,VALID,9.571,0.219,1
4,3216,64838844,47,-1567,8015,0,0
13,3217,64838911,-746,-19,133,0,0
37,3218,64848858,-1536,-81,548,16302,0
4,3217,64859188,36,-1600,8038,0,0
13,3218,64859227,-448,4,92,0,0
37,3219,64869160,-1569,-81,554,16299,0
4,3218,64879162,15,-1552,8128,0,0
13,3219,64879202,-384,12,54,0,0
37,3220,64889159,-1606,-81,557,16295,0
4,3219,64899247,82,-1477,8164,0,0
13,3220,64899287,-512,5,46,0,0
37,3221,64909339,-1662,-85,566,16289,0
4,3220,64919359,20,-1777,7978,0,0
13,3221,64919398,-655,-26,176,0,0
37,3222,64929393,-1707,-83,579,16284,0
L,64933006,VALID,11.152,0.280,1
4,3221,64939487,-11,-1684,8060,0,0
13,3222,64939527,-420,8,96,0,0
37,3223,64949580,-1743,-85,586,16280,0
4,3222,64959548,11,-1765,8028,0,0
13,3223,64959587,-351,-9,86,0,0
37,3224,64969702,-1770,-86,593,16277,0
4,3223,64979774,-15,-1832,8011,0,0
13,3224,64979814,-253,-2,63,0,0
37,3225,64989847,-1788,-86,595,16274,0
4,3224,64999917,20,-1780,8061,0,0
13,3225,64999957,-197,12,-1,0,0
37,3226,65009975,-1806,-85,594,16273,0
4,3225,65020013,5,-1809,8029,0,0
13,3226,65020053,-176,23,-20,0,0
37,3227,65030053,-1819,-83,590,16271,0
L,65033695,VALID,11.940,0.315,1
4,3226,65040142,10,-1808,8051,0,0
13,3227,65040182,-141,27,-80,0,0
37,3228,65050105,-1831,-83,580,16270,0
4,3227,65060337,66,-1813,8024,0,0
13,3228,65060376,-66,40,-204,0,0
37,3229,65070277,-1831,-82,559,16271,0
4,3228,65080504,82,-1771,8009,0,0
13,3229,65080544,3,40,-133,0,0
37,3230,65090327,-1827,-78,550,16272,0
4,3229,65100511,-63,-1855,8055,0,0
13,3230,65100551,37,31,-80,0,0
37,3231,65110694,-1828,-77,546,16272,0
4,3230,65120581,44,-1768,8073,0,0
13,3231,65120621,-33,28,-36,0,0
37,3232,65130662,-1835,-74,545,16271,0
L,65134304,VALID,12.050,0.346,1
4,3231,65140822,-44,-1840,8028,0,0
13,3232,65140862,-159,22,-4,0,0
37,3233,65150888,-1849,-73,540,16270,0
4,3232,65160984,-4,-1856,8022,0,0
13,3233,65161023,-119,35,-100,0,0
37,3234,65170837,-1856,-71,530,16269,0
4,3233,65180998,26,-1808,8058,0,0
13,3234,65181038,-61,27,-61,0,0
37,3235,65191084,-1865,-70,527,16268,0
4,3234,65201222,7,-1837,8049,0,0
13,3235,65201289,-156,39,-86,0,0
37,3236,65211179,-1882,-67,514,16267,0
4,3235,65221328,-52,-1875,8028,0,0
13,3236,65221367,-198,31,-118,0,0
37,3237,65231376,-1898,-67,504,16265,0
L,65235010,VALID,12.491,0.376,1
4,3236,65241441,19,-1862,8055,0,0
13,3237,65241480,-210,27,-129,0,0
37,3238,65251378,-1919,-66,495,16263,0
4,3237,65261534,10,-1891,8025,0,0
13,3238,65261573,-240,14,-89,0,0
37,3239,65271583,-1941,-67,488,16261,0
4,3238,65281601,17,-1868,8039,0,0
13,3239,65281640,-303,22,-26,0,0
37,3240,65291609,-1973,-67,488,16257,0
4,3239,65301781,15,-1910,8077,0,0
13,3240,65301821,-422,13,-66,0,0
37,3241,65311807,-2018,-66,476,16252,0
4,3240,65321867,24,-1823,8109,0,0
13,3241,65321906,-676,35,-101,0,0
37,3242,65331866,-2096,-70,472,16242,0
L,65335516,VALID,13.886,0.367,1
4,3241,65341991,30,-2244,7845,0,0
13,3242,65342030,-980,-10,-2,0,0
37,3243,65352044,-2163,-69,473,16233,0
4,3242,65362076,-42,-2229,7889,0,0
13,3243,65362116,-476,12,4,0,0
37,3244,65372114,-2193,-70,471,16229,0
4,3243,65382263,-12,-2241,7894,0,0
13,3244,65382303,-236,5,-28,0,0
37,3245,65392261,-2207,-71,468,16227,0
4,3244,65402315,32,-2147,8007,0,0
13,3245,65402355,-259,4,-37,0,0
37,3246,65412381,-2236,-71,458,16223,0
4,3245,65422442,-5,-2193,7971,0,0
13,3246,65422482,-303,34,-140,0,0
37,3247,65432597,-2264,-71,451,16220,0
L,65436265,VALID,15.072,0.372,1
4,3246,65442608,3,-2220,7959,0,0
13,3247,65442648,-436,18,-63,0,0
37,3248,65452613,-2306,-70,439,16214,0
4,3247,65462866,-12,-2293,7914,0,0
13,3248,65462906,-407,47,-145,0,0
37,3249,65472788,-2339,-69,433,16210,0
4,3248,65482779,-5,-2302,7915,0,0
13,3249,65482819,-438,5,-21,0,0
37,3250,65492833,-2378,-69,431,16204,0
4,3249,65502923,-11,-2318,7932,0,0
13,3250,65502963,-380,12,-6,0,0
37,3251,65513017,-2414,-71,431,16199,0
4,3250,65523035,19,-2362,7899,0,0
13,3251,65523074,-515,2,-1,0,0
37,3252,65533016,-2461,-70,431,16192,0
L,65536649,VALID,16.463,0.394,1
4,3251,65543226,7,-2438,7857,0,0
13,3252,65543266,-500,6,5,0,0
37,3253,65553187,-2504,-71,431,16185,0
4,3252,65563224,7,-2412,7920,0,0
13,3253,65563264,-493,19,3,0,0
37,3254,65573334,-2558,-73,431,16177,0
4,3253,65583509,34,-2589,7798,0,0
13,3254,65583548,-304,-23,33,0,0
37,3255,65593443,-2572,-73,433,16174,0
4,3254,65603553,-8,-2525,7852,0,0
13,3255,65603592,-637,14,-34,0,0
37,3256,65613657,-2629,-73,424,16165,0
4,3255,65623767,91,-2596,7761,0,0
13,3256,65623807,-412,28,-110,0,0
37,3257,65633766,-2655,-75,421,16161,0
L,65637363,VALID,17.838,0.381,1
4,3256,65643819,-65,-2730,7785,0,0
13,3257,65643858,-214,12,9,0,0
37,3258,65653851,-2671,-72,421,16159,0
4,3257,65663887,-36,-2664,7780,0,0
13,3258,65663926,-141,3,0,0,0
37,3259,65674064,-2680,-74,420,16157,0
4,3258,65684050,8,-2699,7774,0,0
13,3259,65684089,-61,19,-2,0,0
37,3260,65694064,-2678,-71,420,16157,0
4,3259,65704202,-13,-2612,7843,0,0
13,3260,65704242,61,24,0,0,0
37,3261,65714228,-2675,-69,420,16158,0
4,3260,65724238,-2,-2607,7840,0,0
13,3261,65724305,-58,7,-1,0,0
37,3262,65734383,-2683,-69,419,16157,0
L,65737981,VALID,18.035,0.425,1
4,3261,65744447,5,-2663,7794,0,0
13,3262,65744487,-55,3,1,0,0
37,3263,65754535,-2685,-69,419,16156,0
4,3262,65764540,-3,-2652,7810,0,0
13,3263,65764580,-18,16,2,0,0
37,3264,65774536,-2686,-67,420,16156,0
4,3263,65784633,30,-2587,7858,0,0
13,3264,65784672,12,10,11,0,0
37,3265,65794691,-2692,-68,421,16155,0
4,3264,65804763,12,-2663,7795,0,0
13,3265,65804802,-166,8,16,0,0
37,3266,65814700,-2704,-65,422,16153,0
4,3265,65824890,-52,-2644,7817,0,0
13,3266,65824930,-121,21,7,0,0
37,3267,65834970,-2715,-64,421,16151,0
L,65838626,VALID,18.262,0.467,1
4,3266,65844927,-16,-2607,7864,0,0
13,3267,65844993,-188,18,-2,0,0
37,3268,65855114,-2738,-63,421,16147,0
4,3267,65865150,-33,-2709,7796,0,0
13,3268,65865190,-284,6,-9,0,0
37,3269,65875147,-2761,-63,419,16143,0
4,3268,65885253,-41,-2694,7808,0,0
13,3269,65885292,-272,-13,-17,0,0
37,3270,65895252,-2788,-65,417,16139,0
4,3269,65905352,-9,-2776,7739,0,0
13,3270,65905392,-249,26,-51,0,0
37,3271,65915423,-2805,-64,412,16136,0
4,3270,65925492,-42,-2739,7799,0,0
13,3271,65925532,-202,14,-57,0,0
37,3272,65935376,-2825,-65,405,16133,0
L,65939010,VALID,19.042,0.459,1
4,3271,65945622,1,-2674,7854,0,0
13,3272,65945661,-368,-9,-43,0,0
37,3273,65955657,-2868,-68,406,16125,0
4,3272,65965760,6,-2909,7686,0,0
13,3273,65965799,-507,-9,14,0,0
37,3274,65975763,-2904,-69,406,16119,0
4,3273,65985760,0,-2927,7689,0,0
13,3274,65985799,-286,-7,3,0,0
37,3275,65996018,-2921,-70,406,16116,0
4,3274,66005992,-10,-2843,7729,0,0
13,3275,66006032,-177,-7,-2,0,0
37,3276,66015911,-2937,-71,406,16113,0
4,3275,66026102,-6,-2894,7736,0,0
13,3276,66026142,-192,11,-2,0,0
37,3277,66036066,-2953,-69,406,16110,0
L,66039681,VALID,19.952,0.453,1
4,3276,66046145,-33,-2925,7718,0,0
13,3277,66046185,-94,13,-1,0,0
37,3278,66056185,-2957,-69,405,16109,0
4,3277,66066369,-15,-2872,7724,0,0
13,3278,66066408,-101,3,-5,0,0
37,3279,66076522,-2968,-68,404,16107,0
4,3278,66086466,-21,-2901,7749,0,0
13,3279,66086505,-112,30,-48,0,0
37,3280,66096389,-2983,-67,396,16105,0
4,3279,66106617,-20,-2935,7702,0,0
13,3280,66106657,-249,24,-72,0,0
37,3281,66116591,-3005,-66,390,16101,0
4,3280,66126634,-33,-2967,7700,0,0
13,3281,66126674,-220,39,-125,0,0
37,3282,66136633,-3021,-65,377,16098,0
L,66140256,VALID,20.435,0.454,1
4,3281,66146749,-19,-2922,7732,0,0
13,3282,66146788,-238,15,-75,0,0
37,3283,66156823,-3046,-66,372,16093,0
4,3282,66166840,9,-3024,7641,0,0
13,3283,66166880,-206,32,-79,0,0
37,3284,66176856,-3059,-66,365,16091,0
4,3283,66186882,-26,-3033,7679,0,0
13,3284,66186922,-152,-1,-30,0,0
37,3285,66197058,-3070,-66,365,16089,0
4,3284,66207046,-15,-3014,7662,0,0
13,3285,66207086,-148,5,-15,0,0
37,3286,66216983,-3082,-66,359,16087,0
4,3285,66227185,6,-2986,7717,0,0
13,3286,66227225,-105,32,-84,0,0
37,3287,66237258,-3095,-65,353,16084,0
L,66240875,VALID,20.962,0.433,1
4,3286,66247340,-27,-3073,7634,0,0
13,3287,66247380,-164,18,-67,0,0
37,3288,66257354,-3105,-64,348,16083,0
4,3287,66267390,-26,-3082,7638,0,0
13,3288,66267430,-41,15,-63,0,0
37,3289,66277466,-3104,-64,340,16083,0
4,3288,66287518,-9,-3049,7667,0,0
13,3289,66287558,34,13,-63,0,0
37,3290,66297498,-3099,-64,337,16084,0
4,3289,66307663,-9,-3047,7662,0,0
13,3290,66307703,64,2,-24,0,0
37,3291,66317774,-3093,-64,336,16085,0
4,3290,66327785,-8,-3023,7698,0,0
13,3291,66327852,65,0,-1,0,0
37,3292,66337816,-3088,-64,336,16086,0
L,66341459,VALID,20.912,0.417,1
4,3291,66347874,-14,-3015,7677,0,0
13,3292,66347914,12,2,0,0,0
37,3293,66357918,-3088,-63,336,16086,0
4,3292,66367922,-18,-3027,7672,0,0
13,3293,66367961,-9,6,1,0,0
37,3294,66377943,-3088,-62,336,16086,0
4,3293,66388207,-16,-3041,7668,0,0
13,3294,66388246,11,4,-3,0,0
37,3295,66398195,-3085,-61,336,16087,0
4,3294,66408214,-18,-3009,7698,0,0
13,3295,66408253,-4,-1,0,0,0
37,3296,66418142,-3088,-62,336,16086,0
4,3295,66428237,-10,-3026,7668,0,0
13,3296,66428277,-46,-2,-1,0,0
37,3297,66438366,-3091,-62,336,16085,0
L,66441999,VALID,20.933,0.431,1
4,3296,66448343,-16,-3008,7694,0,0
13,3297,66448382,-63,2,-1,0,0
37,3298,66458391,-3099,-62,335,16084,0
4,3297,66468505,-10,-3011,7691,0,0
13,3298,66468545,-109,-3,-2,0,0
37,3299,66478595,-3110,-63,335,16082,0
4,3298,66488533,-9,-3065,7652,0,0
13,3299,66488572,-124,-6,-1,0,0
37,3300,66498648,-3120,-64,335,16080,0
4,3299,66508712,-19,-3055,7681,0,0
13,3300,66508751,-110,-7,-3,0,0
37,3301,66518753,-3131,-65,335,16078,0
4,3300,66528796,-21,-3022,7710,0,0
13,3301,66528835,-180,-8,1,0,0
37,3302,66538811,-3153,-66,336,16074,0
L,66542435,VALID,21.374,0.411,1
4,3301,66548883,-9,-3066,7669,0,0
13,3302,66548923,-331,-9,4,0,0
37,3303,66558905,-3185,-67,336,16067,0
4,3302,66569000,-1,-3132,7647,0,0
13,3303,66569040,-370,-2,4,0,0
37,3304,66579016,-3218,-68,337,16061,0
4,3303,66589191,8,-3139,7633,0,0
13,3304,66589231,-407,-23,73,0,0
37,3305,66599187,-3254,-70,347,16053,0
4,3304,66609389,14,-3195,7611,0,0
13,3305,66609429,-411,-31,93,0,0
37,3306,66619174,-3289,-72,355,16046,0
4,3305,66629362,-32,-3282,7569,0,0
13,3306,66629402,-398,-30,75,0,0
37,3307,66639483,-3319,-73,361,16039,0
L,66643106,VALID,22.561,0.420,1
4,3306,66649390,-26,-3256,7563,0,0
13,3307,66649429,-252,-31,53,0,0
37,3308,66659421,-3340,-79,366,16035,0
4,3307,66669636,125,-3283,7579,0,0
13,3308,66669675,-259,-31,76,0,0
37,3309,66679714,-3359,-76,372,16031,0
4,3308,66689776,-131,-3320,7554,0,0
13,3309,66689815,-195,-11,27,0,0
37,3310,66699602,-3375,-77,371,16028,0
4,3309,66709747,-56,-3342,7550,0,0
13,3310,66709814,-147,13,-24,0,0
37,3311,66719904,-3385,-77,369,16025,0
4,3310,66729998,-30,-3344,7509,0,0
13,3311,66730038,-89,0,-24,0,0
37,3312,66739927,-3386,-77,366,16025,0
L,66743542,VALID,23.040,0.409,1
4,3311,66750051,-28,-3290,7534,0,0
13,3312,66750091,71,17,-69,0,0
37,3313,66760074,-3377,-77,358,16027,0
4,3312,66770120,0,-3256,7530,0,0
13,3313,66770159,100,18,-78,0,0
37,3314,66780089,-3367,-77,353,16030,0
4,3313,66790184,-12,-3221,7568,0,0
13,3314,66790224,101,5,-35,0,0
37,3315,66800296,-3359,-77,351,16031,0
4,3314,66810332,-16,-3226,7560,0,0
13,3315,66810372,92,4,-15,0,0
37,3316,66820304,-3351,-76,349,16033,0
4,3315,66830505,-12,-3218,7574,0,0
13,3316,66830544,69,14,-32,0,0
37,3317,66840551,-3345,-75,345,16034,0
L,66844178,VALID,22.747,0.387,1
4,3316,66850566,-11,-3226,7553,0,0
13,3317,66850606,60,15,-50,0,0
37,3318,66860537,-3339,-74,340,16036,0
4,3317,66870683,3,-3192,7571,0,0
13,3318,66870723,64,19,-56,0,0
37,3319,66880723,-3335,-74,336,16037,0
4,3318,66890762,-13,-3202,7572,0,0
13,3319,66890802,27,5,-18,0,0
37,3320,66900750,-3333,-73,336,16037,0
4,3319,66910932,-20,-3206,7578,0,0
13,3320,66910972,24,4,-8,0,0
37,3321,66920948,-3331,-73,335,16037,0
4,3320,66930993,-10,-3185,7574,0,0
13,3321,66931032,-33,8,-12,0,0
37,3322,66941060,-3336,-72,333,16036,0
L,66944701,VALID,22.682,0.390,1
4,3321,66951106,-11,-3226,7554,0,0
13,3322,66951146,-66,12,-8,0,0
37,3323,66961282,-3342,-72,332,16035,0
4,3322,66971313,-24,-3250,7548,0,0
13,3323,66971353,-32,5,-12,0,0
37,3324,66981310,-3342,-71,331,16035,0
4,3323,66991544,-19,-3201,7599,0,0
13,3324,66991584,-16,18,-57,0,0
37,3325,67001456,-3346,-71,326,16035,0
4,3324,67011413,-30,-3229,7558,0,0
13,3325,67011453,-94,-3,-10,0,0
37,3326,67021446,-3354,-71,324,16033,0
4,3325,67031585,0,-3241,7550,0,0
13,3326,67031623,-50,20,-79,0,0
37,3327,67041669,-3356,-70,317,16033,0
L,67045294,VALID,22.823,0.383,1
4,3326,67051690,-17,-3225,7557,0,0
13,3327,67051729,-45,22,-24,0,0
37,3328,67061661,-3359,-68,313,16032,0
4,3327,67071842,-10,-3231,7555,0,0
13,3328,67071882,-24,26,-66,0,0
37,3329,67081849,-3362,-68,308,16032,0
4,3328,67091877,-46,-3230,7570,0,0
13,3329,67091943,-74,8,-50,0,0
37,3330,67102005,-3370,-67,298,16030,0
4,3329,67112110,-10,-3227,7571,0,0
13,3330,67112149,-106,60,-176,0,0
37,3331,67122143,-3382,-64,281,16028,0
4,3330,67132205,-5,-3284,7532,0,0
13,3331,67132244,-151,78,-197,0,0
37,3332,67142254,-3393,-63,266,16026,0
L,67145852,VALID,23.087,0.361,1
4,3331,67152394,3,-3261,7544,0,0
13,3332,67152434,-110,18,-76,0,0
37,3333,67162348,-3403,-64,263,16024,0
4,3332,67172452,-7,-3292,7521,0,0
13,3333,67172492,-150,-6,-19,0,0
37,3334,67182512,-3415,-64,262,16021,0
4,3333,67192521,-19,-3349,7482,0,0
13,3334,67192560,-53,-4,-9,0,0
37,3335,67202754,-3414,-64,262,16021,0
4,3334,67212713,-20,-3306,7527,0,0
13,3335,67212753,17,0,-3,0,0
37,3336,67222749,-3411,-63,262,16022,0
4,3335,67232850,-6,-3282,7533,0,0
13,3336,67232890,18,3,1,0,0
37,3337,67242896,-3409,-63,262,16023,0
L,67246505,VALID,23.201,0.357,1
4,3336,67252902,-13,-3288,7546,0,0
13,3337,67252942,22,0,2,0,0
37,3338,67263007,-3406,-63,262,16023,0
4,3337,67273062,-19,-3281,7536,0,0
13,3338,67273102,-16,-3,5,0,0
37,3339,67283173,-3407,-63,263,16023,0
4,3338,67293208,-3,-3297,7529,0,0
13,3339,67293248,-21,-4,4,0,0
37,3340,67303214,-3407,-62,263,16023,0
4,3339,67313347,-2,-3284,7534,0,0
13,3340,67313386,12,4,1,0,0
37,3341,67323360,-3405,-62,264,16023,0
4,3340,67333494,-9,-3293,7531,0,0
13,3341,67333534,-28,-5,15,0,0
37,3342,67343374,-3408,-62,265,16023,0
L,67347019,VALID,23.194,0.368,1
4,3341,67353582,-15,-3313,7528,0,0
13,3342,67353622,-16,-9,9,0,0
37,3343,67363696,-3408,-62,266,16023,0
4,3342,67373648,-14,-3280,7551,0,0
13,3343,67373688,-28,-3,6,0,0
37,3344,67383816,-3413,-62,267,16022,0
4,3343,67393777,-10,-3301,7528,0,0
13,3344,67393816,-59,3,11,0,0
37,3345,67403842,-3418,-61,268,16021,0
4,3344,67413939,-12,-3309,7531,0,0
13,3345,67413979,-106,5,18,0,0
37,3346,67423921,-3428,-61,269,16018,0
4,3345,67434050,-21,-3276,7567,0,0
13,3346,67434089,-118,0,14,0,0
37,3347,67444118,-3443,-61,270,16015,0
L,67447751,VALID,23.445,0.386,1
4,3346,67454226,-15,-3339,7504,0,0
13,3347,67454265,-198,-7,15,0,0
37,3348,67464091,-3458,-62,273,16012,0
4,3347,67474369,-10,-3338,7527,0,0
13,3348,67474409,-186,-17,35,0,0
37,3349,67484403,-3475,-63,277,16008,0
4,3348,67494472,0,-3347,7520,0,0
13,3349,67494511,-225,-26,57,0,0
37,3350,67504478,-3496,-65,284,16003,0
4,3349,67514473,-11,-3296,7575,0,0
13,3350,67514512,-326,-48,80,0,0
37,3351,67524729,-3534,-69,292,15995,0
4,3350,67534713,-12,-3440,7443,0,0
13,3351,67534753,-473,-44,88,0,0
37,3352,67544591,-3572,-71,298,15986,0
L,67548231,VALID,24.370,0.373,1
4,3351,67554808,2,-3476,7444,0,0
13,3352,67554847,-401,-20,49,0,0
37,3353,67564780,-3605,-72,302,15979,0
4,3352,67574883,-18,-3517,7416,0,0
13,3353,67574923,-391,-13,29,0,0
37,3354,67584900,-3636,-73,305,15972,0
4,3353,67595084,-6,-3600,7358,0,0
13,3354,67595124,-266,-11,38,0,0
37,3355,67605253,-3650,-73,307,15968,0
4,3354,67615237,-34,-3549,7428,0,0
13,3355,67615277,-134,-3,20,0,0
37,3356,67625158,-3661,-73,309,15966,0
4,3355,67635376,-23,-3575,7396,0,0
13,3356,67635415,-85,-13,11,0,0
37,3357,67645279,-3665,-74,310,15965,0
L,67648919,VALID,25.037,0.381,1
4,3356,67655375,-6,-3553,7416,0,0
13,3357,67655415,-31,-12,28,0,0
37,3358,67665381,-3667,-75,314,15965,0
4,3357,67675502,-22,-3550,7422,0,0
13,3358,67675541,-16,-20,30,0,0
37,3359,67685597,-3667,-75,316,15965,0
4,3358,67695615,-21,-3522,7423,0,0
13,3359,67695654,-27,-8,7,0,0
37,3360,67705629,-3670,-75,316,15964,0
4,3359,67715648,-15,-3548,7407,0,0
13,3360,67715688,-20,-2,3,0,0
37,3361,67725860,-3670,-75,317,15964,0
4,3360,67735890,-18,-3527,7423,0,0
13,3361,67735930,-23,-2,6,0,0
37,3362,67745818,-3673,-75,318,15963,0
L,67749433,VALID,25.094,0.388,1
4,3361,67755977,-9,-3564,7413,0,0
13,3362,67756016,-24,-6,15,0,0
37,3363,67766042,-3673,-76,320,15963,0
4,3362,67776103,-11,-3542,7415,0,0
13,3363,67776143,-16,-13,32,0,0
37,3364,67786120,-3676,-76,323,15962,0
4,3363,67796198,-23,-3557,7416,0,0
13,3364,67796238,-38,-19,23,0,0
37,3365,67806282,-3679,-77,325,15961,0
4,3364,67816284,-17,-3570,7401,0,0
13,3365,67816324,-44,-8,13,0,0
37,3366,67826307,-3682,-77,326,15961,0
4,3365,67836526,-14,-3581,7388,0,0
13,3366,67836565,0,3,6,0,0
37,3367,67846582,-3679,-76,326,15961,0
L,67850208,VALID,25.138,0.395,1
4,3366,67856605,-14,-3541,7429,0,0
13,3367,67856645,7,4,0,0,0
37,3368,67866642,-3680,-76,326,15961,0
4,3367,67876698,-11,-3561,7412,0,0
13,3368,67876737,-38,-8,16,0,0
37,3369,67886737,-3685,-76,330,15960,0
4,3368,67896756,-25,-3585,7398,0,0
13,3369,67896795,-27,-15,42,0,0
37,3370,67906763,-3684,-76,332,15960,0
4,3369,67917014,-17,-3561,7406,0,0
13,3370,67917053,4,-4,14,0,0
37,3371,67927012,-3683,-75,333,15960,0
4,3370,67937057,-21,-3566,7410,0,0
13,3371,67937097,-7,0,0,0,0
37,3372,67946976,-3683,-75,333,15960,0
L,67950618,VALID,25.167,0.413,1
4,3371,67957162,-13,-3551,7433,0,0
13,3372,67957202,-30,-1,2,0,0
37,3373,67967233,-3688,-75,333,15959,0
4,3372,67977245,-15,-3579,7387,0,0
13,3373,67977285,-56,-1,0,0,0
37,3374,67987294,-3691,-75,333,15958,0
4,3373,67997356,-8,-3578,7404,0,0
13,3374,67997395,-43,-4,3,0,0
37,3375,68007397,-3695,-76,334,15958,0
4,3374,68017372,-21,-3569,7411,0,0
13,3375,68017411,-57,-13,13,0,0
37,3376,68027476,-3702,-77,336,15956,0
4,3375,68037528,-26,-3578,7392,0,0
13,3376,68037568,-92,-18,16,0,0
37,3377,68047639,-3711,-78,337,15954,0
L,68051306,VALID,25.367,0.402,1
4,3376,68057642,-12,-3601,7406,0,0
13,3377,68057682,-101,-9,7,0,0
37,3378,68067699,-3721,-79,338,15952,0
4,3377,68077793,-24,-3626,7363,0,0
13,3378,68077860,-141,-18,12,0,0
37,3379,68087792,-3730,-81,339,15949,0
4,3378,68097942,-11,-3624,7372,0,0
13,3379,68097982,-64,-13,4,0,0
37,3380,68107931,-3733,-81,340,15949,0
4,3379,68118087,-17,-3607,7388,0,0
13,3380,68118126,-56,-9,10,0,0
37,3381,68128093,-3739,-82,342,15947,0
4,3380,68138251,-21,-3628,7360,0,0
13,3381,68138291,-70,-9,24,0,0
37,3382,68148077,-3744,-82,344,15946,0
L,68151708,VALID,25.605,0.390,1
4,3381,68158242,-22,-3628,7374,0,0
13,3382,68158282,-38,1,7,0,0
37,3383,68168376,-3747,-81,344,15945,0
4,3382,68178319,-21,-3638,7375,0,0
13,3383,68178358,-33,0,10,0,0
37,3384,68188393,-3749,-81,345,15945,0
4,3383,68198533,-7,-3643,7360,0,0
13,3384,68198600,2,-4,9,0,0
37,3385,68208669,-3747,-81,347,15945,0
4,3384,68218734,-23,-3612,7381,0,0
13,3385,68218773,-3,-11,27,0,0
37,3386,68228558,-3749,-81,350,15945,0
4,3385,68238746,-27,-3643,7370,0,0
13,3386,68238786,-28,-9,27,0,0
37,3387,68248876,-3751,-82,352,15944,0
L,68252500,VALID,25.656,0.404,1
4,3386,68258965,-11,-3650,7367,0,0
13,3387,68259005,-1,-13,16,0,0
37,3388,68268910,-3749,-82,353,15945,0
4,3387,68279075,-20,-3623,7381,0,0
13,3388,68279115,19,-8,16,0,0
37,3389,68289082,-3748,-82,355,15945,0
4,3388,68299126,-18,-3622,7374,0,0
13,3389,68299166,-36,-9,29,0,0
37,3390,68309116,-3752,-82,359,15944,0
4,3389,68319210,-31,-3637,7379,0,0
13,3390,68319249,-30,-9,45,0,0
37,3391,68329358,-3755,-81,363,15943,0
4,3390,68339360,-39,-3658,7356,0,0
13,3391,68339400,-27,-2,41,0,0
37,3392,68349379,-3755,-81,366,15943,0
L,68353006,VALID,25.684,0.434,1
4,3391,68359566,-25,-3655,7366,0,0
13,3392,68359606,12,0,31,0,0
37,3393,68369612,-3752,-80,369,15943,0
4,3392,68379616,-25,-3630,7388,0,0
13,3393,68379655,27,-9,32,0,0
37,3394,68389621,-3751,-80,372,15944,0
4,3393,68399724,-32,-3630,7359,0,0
13,3394,68399763,-2,-11,23,0,0
37,3395,68409786,-3751,-80,373,15944,0
4,3394,68419864,-24,-3637,7375,0,0
13,3395,68419903,-10,0,4,0,0
37,3396,68429853,-3751,-80,373,15944,0
4,3395,68440036,-22,-3641,7356,0,0
13,3396,68440076,-2,1,1,0,0
37,3397,68450059,-3750,-79,374,15944,0
L,68453694,VALID,25.648,0.460,1
4,3396,68460135,-26,-3646,7366,0,0
13,3397,68460175,3,-2,7,0,0
37,3398,68470162,-3749,-78,374,15944,0
4,3397,68480226,-23,-3639,7383,0,0
13,3398,68480266,2,0,9,0,0
37,3399,68490378,-3749,-78,376,15944,0
4,3398,68500357,-29,-3651,7351,0,0
13,3399,68500396,2,-9,23,0,0
37,3400,68510342,-3748,-78,378,15944,0
4,3399,68520573,-41,-3656,7365,0,0
13,3400,68520612,32,-5,16,0,0
37,3401,68530507,-3744,-78,379,15945,0
4,3400,68540500,-30,-3633,7369,0,0
13,3401,68540540,19,-3,4,0,0
37,3402,68550548,-3742,-78,379,15946,0
L,68554174,VALID,25.590,0.473,1
4,3401,68560638,-29,-3636,7376,0,0
13,3402,68560678,26,-6,0,0,0
37,3403,68570781,-3740,-78,379,15946,0
4,3402,68580828,-27,-3642,7366,0,0
13,3403,68580868,13,-3,-1,0,0
37,3404,68590776,-3738,-77,380,15947,0
4,3403,68601007,-38,-3629,7373,0,0
13,3404,68601046,19,-3,1,0,0
37,3405,68610986,-3737,-77,380,15947,0
4,3404,68620998,-32,-3625,7376,0,0
13,3405,68621038,3,0,7,0,0
37,3406,68631097,-3736,-77,381,15947,0
4,3405,68641205,-27,-3637,7365,0,0
13,3406,68641245,-5,-4,11,0,0
37,3407,68651246,-3735,-77,382,15947,0
L,68654861,VALID,25.540,0.484,1
4,3406,68661300,-27,-3635,7372,0,0
13,3407,68661340,18,-7,5,0,0
37,3408,68671339,-3733,-77,383,15948,0
4,3407,68681480,-32,-3618,7391,0,0
13,3408,68681519,8,-3,-1,0,0
37,3409,68691460,-3733,-76,383,15948,0
4,3408,68701555,-31,-3626,7367,0,0
13,3409,68701623,-13,-2,1,0,0
37,3410,68711651,-3734,-76,383,15948,0
4,3409,68721653,-23,-3653,7348,0,0
13,3410,68721693,4,-2,2,0,0
37,3411,68731860,-3731,-76,383,15948,0
4,3410,68741816,-21,-3635,7382,0,0
13,3411,68741856,37,0,3,0,0
37,3412,68751819,-3728,-76,384,15949,0
L,68755445,VALID,25.489,0.493,1
4,3411,68761948,-37,-3612,7395,0,0
13,3412,68761987,12,-7,7,0,0
37,3413,68771941,-3729,-76,385,15949,0
4,3412,68781959,-28,-3637,7358,0,0
13,3413,68781999,-19,-11,-1,0,0
37,3414,68792114,-3729,-77,385,15948,0
4,3413,68802150,-23,-3652,7357,0,0
13,3414,68802190,26,-8,-3,0,0
37,3415,68812268,-3725,-77,384,15950,0
4,3414,68822279,-30,-3618,7390,0,0
13,3415,68822318,45,-1,0,0,0
37,3416,68832310,-3721,-77,385,15950,0
4,3415,68842435,-32,-3607,7387,0,0
13,3416,68842475,14,-6,-1,0,0
37,3417,68852489,-3721,-77,385,15950,0
L,68856108,VALID,25.440,0.487,1
4,3416,68862582,-31,-3643,7365,0,0
13,3417,68862622,6,-2,-1,0,0
37,3418,68872516,-3719,-77,385,15951,0
4,3417,68882675,-27,-3625,7383,0,0
13,3418,68882714,29,-1,-1,0,0
37,3419,68892766,-3716,-77,385,15952,0
4,3418,68902734,-32,-3609,7384,0,0
13,3419,68902773,14,-5,0,0,0
37,3420,68912868,-3715,-77,385,15952,0
4,3419,68922906,-30,-3631,7373,0,0
13,3420,68922946,5,-8,-3,0,0
37,3421,68932937,-3714,-77,385,15952,0
4,3420,68942981,-19,-3628,7377,0,0
13,3421,68943020,13,-1,-2,0,0
37,3422,68952963,-3712,-77,385,15952,0
L,68956587,VALID,25.376,0.485,1
4,3421,68963148,-24,-3609,7390,0,0
13,3422,68963187,12,-4,1,0,0
37,3423,68973234,-3712,-77,385,15953,0
4,3422,68983301,-29,-3628,7386,0,0
13,3423,68983341,2,-3,1,0,0
37,3424,68993210,-3711,-76,385,15953,0
4,3423,69003387,-32,-3615,7379,0,0
13,3424,69003427,11,2,0,0,0
37,3425,69013409,-3709,-76,386,15953,0
4,3424,69023516,-21,-3615,7385,0,0
13,3425,69023555,18,-1,1,0,0
37,3426,69033487,-3707,-76,386,15954,0
4,3425,69043472,-24,-3596,7396,0,0
13,3426,69043511,-2,-11,10,0,0
37,3427,69053745,-3709,-77,387,15953,0
L,69057388,VALID,25.354,0.488,1
4,3426,69063690,-18,-3625,7371,0,0
13,3427,69063729,-13,-4,5,0,0
37,3428,69073598,-3709,-76,388,15953,0
4,3427,69083851,-15,-3611,7387,0,0
13,3428,69083890,-1,1,3,0,0
37,3429,69093823,-3709,-76,388,15953,0
4,3428,69103885,-23,-3605,7387,0,0
13,3429,69103925,-20,-11,12,0,0
37,3430,69113891,-3711,-77,390,15953,0
4,3429,69124023,-37,-3633,7385,0,0
13,3430,69124062,-24,-17,23,0,0
37,3431,69134184,-3714,-78,393,15952,0
4,3430,69144151,-29,-3634,7363,0,0
13,3431,69144190,-11,-15,27,0,0
37,3432,69154072,-3714,-78,395,15952,0
L,69157694,VALID,25.389,0.495,1
4,3431,69164289,-27,-3633,7372,0,0
13,3432,69164328,0,-9,6,0,0
37,3433,69174242,-3714,-79,395,15952,0
4,3432,69184321,-26,-3634,7374,0,0
13,3433,69184360,3,-11,-2,0,0
37,3434,69194292,-3713,-79,395,15952,0
4,3433,69204469,-19,-3627,7366,0,0
13,3434,69204509,6,-14,0,0,0
37,3435,69214531,-3712,-80,395,15952,0
4,3434,69224556,-24,-3627,7387,0,0
13,3435,69224595,23,-7,-3,0,0
37,3436,69234576,-3710,-80,395,15953,0
4,3435,69244639,-30,-3616,7372,0,0
13,3436,69244679,20,-7,0,0,0
37,3437,69254713,-3708,-80,396,15953,0
L,69258342,VALID,25.347,0.482,1
4,3436,69264744,-18,-3622,7370,0,0
13,3437,69264783,20,-1,0,0,0
37,3438,69274679,-3706,-80,396,15954,0
4,3437,69284861,-27,-3621,7388,0,0
13,3438,69284901,34,-7,-2,0,0
37,3439,69294955,-3703,-81,396,15954,0
4,3438,69305009,-21,-3601,7388,0,0
13,3439,69305048,11,-7,-1,0,0
37,3440,69315032,-3703,-81,396,15954,0
4,3439,69325075,-25,-3609,7385,0,0
13,3440,69325143,-22,-5,0,0,0
37,3441,69335169,-3705,-81,396,15954,0
4,3440,69345216,-20,-3630,7366,0,0
13,3441,69345256,-15,-7,0,0,0
37,3442,69355212,-3705,-81,396,15954,0
L,69358827,VALID,25.325,0.474,1
4,3441,69365387,-24,-3640,7359,0,0
13,3442,69365426,35,-1,0,0,0
37,3443,69375444,-3700,-81,396,15955,0
4,3442,69385454,-18,-3602,7398,0,0
13,3443,69385494,51,1,-4,0,0
37,3444,69395520,-3697,-81,396,15956,0
4,3443,69405574,-27,-3612,7383,0,0
13,3444,69405614,9,-5,0,0,0
37,3445,69415614,-3697,-81,396,15956,0
4,3444,69425652,-19,-3628,7375,0,0
13,3445,69425692,7,-3,0,0,0
37,3446,69435656,-3695,-81,396,15956,0
4,3445,69445946,-25,-3605,7394,0,0
13,3446,69445986,20,3,2,0,0
37,3447,69455926,-3694,-80,397,15956,0
L,69459576,VALID,25.247,0.481,1
4,3446,69465948,-20,-3608,7388,0,0
13,3447,69465988,-6,4,8,0,0
37,3448,69475874,-3695,-79,398,15956,0
4,3447,69485995,-21,-3622,7373,0,0
13,3448,69486034,-2,-4,8,0,0
37,3449,69496113,-3696,-79,399,15956,0
4,3448,69506073,-23,-3618,7377,0,0
13,3449,69506113,1,-11,16,0,0
37,3450,69516147,-3695,-79,401,15956,0
4,3449,69526210,-27,-3607,7392,0,0
13,3450,69526249,4,-8,11,0,0
37,3451,69536293,-3694,-80,401,15956,0
4,3450,69546287,-18,-3604,7383,0,0
13,3451,69546327,1,-5,6,0,0
37,3452,69556369,-3694,-80,402,15956,0
L,69560004,VALID,25.246,0.489,1
4,3451,69566443,-20,-3614,7387,0,0
13,3452,69566482,-7,-7,4,0,0
37,3453,69576551,-3695,-80,403,15956,0
4,3452,69586572,-21,-3622,7387,0,0
13,3453,69586612,-3,-10,14,0,0
37,3454,69596618,-3695,-80,405,15956,0
4,3453,69606708,-33,-3619,7385,0,0
13,3454,69606747,-1,-6,8,0,0
37,3455,69616704,-3696,-80,405,15956,0
4,3454,69626777,-24,-3618,7373,0,0
13,3455,69626817,-8,-6,-1,0,0
37,3456,69636773,-3697,-80,405,15956,0
4,3455,69646911,-21,-3635,7370,0,0
13,3456,69646950,5,-6,-1,0,0
37,3457,69656919,-3695,-80,405,15956,0
L,69660535,VALID,25.253,0.494,1
4,3456,69667095,-33,-3613,7384,0,0
13,3457,69667135,32,3,-2,0,0
37,3458,69676936,-3692,-80,405,15957,0
4,3457,69687117,-27,-3599,7387,0,0
13,3458,69687156,17,1,-3,0,0
37,3459,69697299,-3691,-79,404,15957,0
4,3458,69707145,-18,-3606,7394,0,0
13,3459,69707212,0,1,-2,0,0
37,3460,69717246,-3692,-79,404,15957,0
4,3459,69727429,-11,-3619,7375,0,0
13,3460,69727469,-4,-1,1,0,0
37,3461,69737504,-3692,-79,405,15957,0
4,3460,69747568,-21,-3617,7373,0,0
13,3461,69747607,-5,-5,3,0,0
37,3462,69757425,-3692,-79,405,15957,0
L,69761076,VALID,25.231,0.500,1
4,3461,69767541,-27,-3598,7386,0,0
13,3462,69767581,8,-3,0,0,0
37,3463,69777657,-3692,-79,405,15957,0
4,3462,69787763,-23,-3607,7380,0,0
13,3463,69787803,-20,0,-4,0,0
37,3464,69797702,-3695,-79,405,15956,0
4,3463,69807831,-33,-3625,7378,0,0
13,3464,69807871,-20,2,0,0,0
37,3465,69817880,-3696,-79,405,15956,0
4,3464,69827963,-24,-3627,7379,0,0
13,3465,69828003,-3,-1,-1,0,0
37,3466,69837929,-3696,-78,405,15956,0
4,3465,69848022,-28,-3626,7372,0,0
13,3466,69848062,16,2,0,0,0
37,3467,69858138,-3693,-78,405,15956,0
L,69861746,VALID,25.239,0.507,1
4,3466,69868169,-34,-3621,7379,0,0
13,3467,69868208,40,4,-1,0,0
37,3468,69878146,-3689,-77,405,15957,0
4,3467,69888304,-26,-3581,7421,0,0
13,3468,69888344,21,0,0,0,0
37,3469,69898344,-3691,-77,405,15957,0
4,3468,69908364,-26,-3616,7369,0,0
13,3469,69908404,-33,-9,-1,0,0
37,3470,69918336,-3693,-79,405,15956,0
4,3469,69928474,-18,-3618,7372,0,0
13,3470,69928514,-7,-6,-1,0,0
37,3471,69938490,-3693,-78,405,15956,0
4,3470,69948586,-29,-3631,7358,0,0
13,3471,69948653,20,0,0,0,0
37,3472,69958627,-3690,-78,405,15957,0
L,69962252,VALID,25.217,0.507,1
4,3471,69968770,-23,-3614,7362,0,0
13,3472,69968810,44,-2,0,0,0
37,3473,69978799,-3685,-78,405,15958,0
4,3472,69988819,-28,-3603,7401,0,0
13,3473,69988859,54,2,-2,0,0
37,3474,69998857,-3682,-78,405,15959,0
4,3473,70008932,-29,-3587,7391,0,0
13,3474,70008971,15,2,-1,0,0
37,3475,70019057,-3682,-78,405,15959,0
4,3474,70029059,-29,-3607,7394,0,0
13,3475,70029099,-13,-4,-5,0,0
37,3476,70039075,-3683,-78,404,15959,0
4,3475,70049309,-38,-3617,7386,0,0
13,3476,70049376,-4,0,-7,0,0
37,3477,70059195,-3684,-77,404,15959,0
L,70062819,VALID,25.173,0.511,1
4,3476,70069137,-24,-3623,7376,0,0
13,3477,70069177,9,-2,-9,0,0
37,3478,70079209,-3682,-77,403,15959,0
4,3477,70089326,-21,-3604,7380,0,0
13,3478,70089365,38,2,-7,0,0
37,3479,70099433,-3678,-77,402,15960,0
4,3478,70109445,-26,-3588,7406,0,0
13,3479,70109485,26,7,-8,0,0
37,3480,70119398,-3677,-76,401,15960,0
4,3479,70129557,-26,-3603,7382,0,0
13,3480,70129596,7,10,-7,0,0
37,3481,70139501,-3676,-75,400,15960,0
4,3480,70149546,-25,-3587,7394,0,0
13,3481,70149586,5,8,-7,0,0
37,3482,70159646,-3676,-74,400,15961,0
L,70163272,VALID,25.115,0.524,1
4,3481,70169729,-27,-3599,7401,0,0
13,3482,70169768,2,4,-8,0,0
37,3483,70179732,-3676,-74,399,15960,0
4,3482,70189820,-24,-3607,7373,0,0
13,3483,70189860,-3,1,-9,0,0
37,3484,70199827,-3676,-74,399,15960,0
4,3483,70209995,-25,-3602,7391,0,0
13,3484,70210035,0,-4,0,0,0
37,3485,70219957,-3677,-74,399,15960,0
4,3484,70230002,-24,-3605,7382,0,0
13,3485,70230041,3,0,0,0,0
37,3486,70240083,-3676,-73,399,15960,0
4,3485,70250087,-34,-3599,7404,0,0
13,3486,70250127,12,2,-5,0,0
37,3487,70260212,-3675,-73,397,15961,0
L,70263839,VALID,25.108,0.526,1
4,3486,70270217,-34,-3584,7398,0,0
13,3487,70270257,-4,5,-26,0,0
37,3488,70280187,-3677,-73,395,15960,0
4,3487,70290283,-21,-3601,7389,0,0
13,3488,70290323,-22,3,-21,0,0
37,3489,70300325,-3679,-73,393,15960,0
4,3488,70310335,-16,-3608,7383,0,0
13,3489,70310375,-14,1,-9,0,0
37,3490,70320426,-3680,-73,393,15960,0
4,3489,70330561,-27,-3598,7383,0,0
13,3490,70330600,-6,0,-5,0,0
37,3491,70340623,-3680,-73,393,15960,0
4,3490,70350629,-22,-3597,7380,0,0
13,3491,70350669,3,-2,-1,0,0
37,3492,70360640,-3680,-73,393,15960,0
L,70364266,VALID,25.144,0.520,1
4,3491,70370750,-21,-3604,7385,0,0
13,3492,70370789,0,2,-5,0,0
37,3493,70380795,-3681,-73,392,15960,0
4,3492,70390842,-17,-3598,7399,0,0
13,3493,70390882,-6,0,-11,0,0
37,3494,70400770,-3682,-73,391,15959,0
4,3493,70410961,-31,-3613,7373,0,0
13,3494,70411000,-10,-1,-4,0,0
37,3495,70421021,-3682,-72,391,15959,0
4,3494,70431004,-30,-3609,7397,0,0
13,3495,70431044,0,2,-1,0,0
37,3496,70441155,-3683,-72,391,15959,0
4,3495,70451117,-33,-3610,7403,0,0
13,3496,70451184,-5,1,-1,0,0
37,3497,70461192,-3683,-71,391,15959,0
L,70464833,VALID,25.166,0.531,1
4,3496,70471265,-38,-3597,7384,0,0
13,3497,70471305,-7,-4,0,0,0
37,3498,70481267,-3683,-71,391,15959,0
4,3497,70491373,-39,-3601,7403,0,0
13,3498,70491413,-6,-1,0,0,0
37,3499,70501457,-3684,-70,391,15959,0
4,3498,70511502,-34,-3612,7381,0,0
13,3499,70511542,-5,0,0,0,0
37,3500,70521378,-3685,-70,391,15959,0
4,3499,70531647,-26,-3611,7384,0,0
13,3500,70531687,0,-2,-2,0,0
37,3501,70541646,-3685,-70,391,15959,0
4,3500,70551708,-23,-3614,7394,0,0
13,3501,70551748,5,-1,0,0,0
37,3502,70561722,-3685,-70,391,15959,0
L,70565347,VALID,25.179,0.538,1
4,3501,70571708,-33,-3609,7383,0,0
13,3502,70571748,1,2,0,0,0
37,3503,70582021,-3685,-69,391,15959,0
4,3502,70591984,-25,-3607,7371,0,0
13,3503,70592024,5,0,-2,0,0
37,3504,70601852,-3684,-70,391,15959,0
4,3503,70612095,-25,-3597,7387,0,0
13,3504,70612135,17,0,-2,0,0
37,3505,70622047,-3683,-69,391,15959,0
4,3504,70632086,-27,-3601,7406,0,0
13,3505,70632126,-1,-4,0,0,0
37,3506,70642116,-3683,-69,391,15959,0
4,3505,70652299,-32,-3608,7392,0,0
13,3506,70652339,-15,-1,0,0,0
37,3507,70662402,-3686,-69,391,15959,0
L,70666053,VALID,25.186,0.545,1
4,3506,70672371,-28,-3620,7361,0,0
13,3507,70672411,-11,1,2,0,0
37,3508,70682323,-3686,-69,391,15959,0
4,3507,70692573,-23,-3621,7378,0,0
13,3508,70692612,27,5,0,0,0
37,3509,70702519,-3682,-68,391,15959,0
4,3508,70712559,-31,-3594,7393,0,0
13,3509,70712599,17,6,0,0,0
37,3510,70722575,-3681,-67,391,15959,0
4,3509,70732703,-30,-3599,7389,0,0
13,3510,70732742,13,2,1,0,0
37,3511,70742769,-3680,-67,392,15960,0
4,3510,70752772,-30,-3596,7388,0,0
13,3511,70752812,4,-1,-1,0,0
37,3512,70762751,-3680,-67,391,15960,0
L,70766385,VALID,25.143,0.558,1
4,3511,70772797,-21,-3593,7392,0,0
13,3512,70772837,-1,0,-1,0,0
37,3513,70782948,-3680,-67,391,15960,0
4,3512,70792986,-22,-3607,7395,0,0
13,3513,70793025,-10,5,0,0,0
37,3514,70802914,-3682,-66,391,15959,0
4,3513,70813096,-28,-3603,7383,0,0
13,3514,70813135,-15,6,0,0,0
37,3515,70823182,-3684,-65,391,15959,0
4,3514,70833272,-26,-3624,7369,0,0
13,3515,70833311,-18,11,0,0,0
37,3516,70843268,-3685,-64,391,15959,0
4,3515,70853347,-39,-3628,7380,0,0
13,3516,70853387,23,12,-1,0,0
37,3517,70863395,-3680,-63,390,15960,0
L,70867055,VALID,25.143,0.584,1
4,3516,70873400,-30,-3598,7387,0,0
13,3517,70873439,73,12,0,0,0
37,3518,70883386,-3674,-62,390,15961,0
4,3517,70893563,-42,-3577,7405,0,0
13,3518,70893603,45,12,-2,0,0
37,3519,70903662,-3673,-61,390,15962,0
4,3518,70913647,-37,-3593,7406,0,0
13,3519,70913687,-24,0,-2,0,0
37,3520,70923714,-3676,-61,390,15961,0
4,3519,70933733,-26,-3614,7378,0,0
13,3520,70933772,-33,-6,2,0,0
37,3521,70943851,-3679,-62,390,15960,0
4,3520,70953820,-34,-3601,7385,0,0
13,3521,70953860,-8,1,0,0,0
37,3522,70963838,-3680,-61,390,15960,0
L,70967483,VALID,25.143,0.597,1
4,3521,70974131,-32,-3599,7390,0,0
13,3522,70974170,-16,7,-1,0,0
37,3523,70984084,-3682,-60,390,15960,0
4,3522,70994102,-32,-3609,7382,0,0
13,3523,70994142,-27,3,-2,0,0
37,3524,71004047,-3684,-60,389,15959,0
4,3523,71014145,-39,-3621,7384,0,0
13,3524,71014184,-8,4,-2,0,0
37,3525,71024243,-3684,-59,389,15959,0
4,3524,71034255,-36,-3593,7403,0,0
13,3525,71034295,2,0,-1,0,0
37,3526,71044278,-3685,-59,389,15959,0
4,3525,71054357,-35,-3606,7400,0,0
13,3526,71054397,-37,-4,-1,0,0
37,3527,71064459,-3690,-60,389,15958,0
L,71068093,VALID,25.214,0.604,1
4,3526,71074385,-25,-3634,7359,0,0
13,3527,71074425,-49,-2,0,0,0
37,3528,71084555,-3693,-60,389,15957,0
4,3527,71094617,-30,-3642,7359,0,0
13,3528,71094657,9,12,0,0,0
37,3529,71104664,-3690,-58,389,15958,0
4,3528,71114711,-42,-3596,7397,0,0
13,3529,71114751,16,10,-7,0,0
37,3530,71124742,-3690,-58,387,15958,0
4,3529,71134803,-48,-3610,7388,0,0
13,3530,71134843,-21,6,-17,0,0
37,3531,71144863,-3693,-58,386,15957,0
4,3530,71154923,-43,-3631,7382,0,0
13,3531,71154963,-20,-5,-21,0,0
37,3532,71164932,-3694,-58,384,15957,0
L,71168564,VALID,25.243,0.610,1
4,3531,71175115,-44,-3620,7373,0,0
13,3532,71175155,-14,6,-20,0,0
37,3533,71185043,-3695,-58,383,15956,0
4,3532,71195295,-28,-3617,7374,0,0
13,3533,71195335,7,2,-6,0,0
37,3534,71205119,-3695,-58,383,15957,0
4,3533,71215287,-39,-3628,7370,0,0
13,3534,71215327,6,2,1,0,0
37,3535,71225428,-3694,-57,383,15957,0
4,3534,71235345,-36,-3622,7398,0,0
13,3535,71235385,8,2,-3,0,0
37,3536,71245375,-3694,-57,382,15957,0
4,3535,71255526,-41,-3626,7366,0,0
13,3536,71255566,15,0,-3,0,0
37,3537,71265608,-3692,-57,382,15957,0
L,71269234,VALID,25.229,0.614,1
4,3536,71275708,-42,-3598,7391,0,0
13,3537,71275748,23,-3,-8,0,0
37,3538,71285549,-3691,-57,381,15958,0
4,3537,71295713,-27,-3598,7390,0,0
13,3538,71295753,-11,-6,-13,0,0
37,3539,71305825,-3693,-58,380,15957,0
4,3538,71315956,-27,-3616,7374,0,0
13,3539,71315995,-25,-2,-9,0,0
37,3540,71325916,-3695,-58,380,15957,0
4,3539,71336034,-36,-3624,7378,0,0
13,3540,71336074,-24,0,-5,0,0
37,3541,71346072,-3697,-58,379,15956,0
4,3540,71356145,-40,-3614,7373,0,0
13,3541,71356184,1,1,-5,0,0
37,3542,71366105,-3696,-58,378,15956,0
L,71369731,VALID,25.258,0.601,1
4,3541,71376186,-34,-3634,7375,0,0
13,3542,71376226,12,5,-17,0,0
37,3543,71386262,-3695,-58,377,15957,0
4,3542,71396272,-26,-3629,7374,0,0
13,3543,71396312,18,4,-13,0,0
37,3544,71406287,-3694,-58,376,15957,0
4,3543,71416461,-30,-3611,7387,0,0
13,3544,71416501,5,-1,-2,0,0
37,3545,71426528,-3693,-58,376,15957,0
4,3544,71436538,-43,-3605,7387,0,0
13,3545,71436578,-5,-2,-2,0,0
37,3546,71446519,-3695,-57,376,15957,0
4,3545,71456677,-40,-3619,7382,0,0
13,3546,71456717,-14,0,-5,0,0
37,3547,71466679,-3696,-57,375,15956,0
L,71470281,VALID,25.258,0.603,1
4,3546,71476755,-33,-3630,7367,0,0
13,3547,71476795,-15,-1,-5,0,0
37,3548,71486785,-3697,-57,375,15956,0
4,3547,71496934,-33,-3634,7368,0,0
13,3548,71496974,21,2,-9,0,0
37,3549,71506931,-3694,-57,374,15957,0
4,3548,71516985,-37,-3606,7386,0,0
13,3549,71517025,22,5,-4,0,0
37,3550,71526999,-3693,-56,374,15957,0
4,3549,71537079,-38,-3611,7379,0,0
13,3550,71537118,5,1,0,0,0
37,3551,71547230,-3693,-56,374,15957,0
4,3550,71557242,-36,-3626,7374,0,0
13,3551,71557282,11,0,0,0,0
37,3552,71567256,-3691,-55,374,15958,0
L,71570890,VALID,25.221,0.615,1
4,3551,71577503,-37,-3607,7378,0,0
13,3552,71577542,27,0,-1,0,0
37,3553,71587422,-3688,-55,374,15958,0
4,3552,71597374,-31,-3607,7394,0,0
13,3553,71597413,21,4,-3,0,0
37,3554,71607436,-3688,-54,374,15958,0
4,3553,71617542,-46,-3608,7383,0,0
13,3554,71617581,-8,8,0,0,0
37,3555,71627634,-3689,-54,373,15958,0
4,3554,71637637,-43,-3625,7364,0,0
13,3555,71637676,-8,2,-1,0,0
37,3556,71647607,-3689,-53,373,15958,0
4,3555,71657817,-44,-3633,7379,0,0
13,3556,71657856,37,4,-5,0,0
37,3557,71667772,-3684,-53,372,15959,0
L,71671431,VALID,25.171,0.624,1
4,3556,71677775,-47,-3585,7395,0,0
13,3557,71677814,43,5,-7,0,0
37,3558,71687907,-3681,-52,372,15960,0
4,3557,71698034,-34,-3591,7401,0,0
13,3558,71698074,10,3,-2,0,0
37,3559,71708008,-3681,-52,372,15960,0
4,3558,71718102,-37,-3606,7378,0,0
13,3559,71718141,-9,1,0,0,0
37,3560,71728178,-3683,-52,372,15960,0
4,3559,71738248,-40,-3628,7376,0,0
13,3560,71738288,3,4,-2,0,0
37,3561,71748243,-3681,-51,372,15960,0
4,3560,71758293,-40,-3611,7392,0,0
13,3561,71758333,23,3,-3,0,0
37,3562,71768346,-3680,-51,371,15960,0
L,71771980,VALID,25.142,0.636,1
4,3561,71778341,-41,-3608,7392,0,0
13,3562,71778381,2,6,-3,0,0
37,3563,71788543,-3680,-50,371,15960,0
4,3562,71798504,-48,-3599,7394,0,0
13,3563,71798544,-6,5,-5,0,0
37,3564,71808509,-3681,-49,370,15960,0
4,3563,71818667,-47,-3610,7382,0,0
13,3564,71818707,-11,3,-4,0,0
37,3565,71828653,-3682,-49,370,15960,0
4,3564,71838711,-52,-3614,7388,0,0
13,3565,71838750,8,-3,-7,0,0
37,3566,71848800,-3682,-49,370,15960,0
4,3565,71858860,-35,-3623,7384,0,0
13,3566,71858900,8,-3,0,0,0
37,3567,71868903,-3681,-49,369,15960,0
L,71872529,VALID,25.149,0.646,1
4,3566,71878891,-38,-3615,7375,0,0
13,3567,71878930,29,7,-14,0,0
37,3568,71888920,-3677,-48,367,15961,0
4,3567,71899017,-47,-3591,7425,0,0
13,3568,71899057,30,28,-52,0,0
37,3569,71909024,-3676,-47,361,15961,0
4,3568,71919120,-41,-3611,7369,0,0
13,3569,71919160,-2,8,-29,0,0
37,3570,71929066,-3675,-47,359,15962,0
4,3569,71939248,-36,-3607,7379,0,0
13,3570,71939315,40,8,-29,0,0
37,3571,71949334,-3671,-47,357,15963,0
4,3570,71959293,-36,-3585,7400,0,0
13,3571,71959333,27,4,-15,0,0
37,3572,71969458,-3670,-47,356,15963,0
L,71973070,VALID,25.069,0.638,1
4,3571,71979501,-35,-3590,7392,0,0
13,3572,71979540,-1,1,0,0,0
37,3573,71989511,-3671,-47,356,15963,0
4,3572,71999551,-37,-3615,7379,0,0
13,3573,71999590,6,0,-2,0,0
37,3574,72009537,-3669,-46,356,15963,0
4,3573,72019678,-46,-3603,7399,0,0
13,3574,72019718,34,1,-7,0,0
37,3575,72029753,-3666,-46,355,15964,0
4,3574,72039824,-38,-3585,7412,0,0
13,3575,72039864,22,4,-8,0,0
37,3576,72049726,-3665,-46,355,15964,0
4,3575,72059943,-43,-3580,7402,0,0
13,3576,72060011,3,2,-7,0,0
37,3577,72069993,-3666,-46,354,15964,0
L,72073610,VALID,25.040,0.641,1
4,3576,72080069,-45,-3594,7390,0,0
13,3577,72080109,-22,-8,-3,0,0
37,3578,72090081,-3668,-46,354,15964,0
4,3577,72100073,-38,-3592,7395,0,0
13,3578,72100113,-16,-9,0,0,0
37,3579,72110328,-3669,-47,355,15963,0
4,3578,72120280,-48,-3602,7389,0,0
13,3579,72120320,-4,-13,-2,0,0
37,3580,72130217,-3670,-48,354,15963,0
4,3579,72140399,-41,-3608,7369,0,0
13,3580,72140438,5,-10,-5,0,0
37,3581,72150380,-3667,-49,354,15964,0
4,3580,72160451,-26,-3613,7390,0,0
13,3581,72160490,48,-1,-8,0,0
37,3582,72170483,-3662,-48,353,15965,0
L,72174116,VALID,25.012,0.625,1
4,3581,72180624,-48,-3607,7386,0,0
13,3582,72180664,80,6,-28,0,0
37,3583,72190795,-3654,-48,349,15967,0
4,3582,72200773,-29,-3554,7425,0,0
13,3583,72200812,60,2,-30,0,0
37,3584,72210716,-3652,-48,348,15967,0
4,3583,72220924,-36,-3574,7397,0,0
13,3584,72220963,15,-1,-16,0,0
37,3585,72230879,-3651,-49,347,15967,0
4,3584,72240933,-29,-3578,7390,0,0
13,3585,72240972,7,0,-9,0,0
37,3586,72250927,-3650,-48,346,15968,0
4,3585,72261024,-64,-3601,7400,0,0
13,3586,72261064,43,18,-42,0,0
37,3587,72271127,-3645,-47,338,15969,0
L,72274760,VALID,24.890,0.607,1
4,3586,72281122,-32,-3565,7407,0,0
13,3587,72281162,46,18,-48,0,0
37,3588,72291153,-3642,-47,338,15970,0
4,3587,72301188,-33,-3558,7407,0,0
13,3588,72301228,26,3,-7,0,0
37,3589,72311323,-3641,-46,337,15970,0
4,3588,72321405,-34,-3576,7400,0,0
13,3589,72321445,6,3,-2,0,0
37,3590,72331284,-3641,-46,337,15970,0
4,3589,72341481,-37,-3582,7400,0,0
13,3590,72341521,14,2,-2,0,0
37,3591,72351581,-3640,-46,337,15970,0
4,3590,72361628,-35,-3576,7399,0,0
13,3591,72361668,12,-3,0,0,0
37,3592,72371615,-3640,-46,337,15970,0
L,72375251,VALID,24.855,0.611,1
4,3591,72381705,-33,-3595,7384,0,0
13,3592,72381745,32,7,1,0,0
37,3593,72391769,-3635,-44,337,15972,0
4,3592,72401781,-39,-3562,7417,0,0
13,3593,72401820,70,13,-1,0,0
37,3594,72411787,-3629,-43,337,15973,0
4,3593,72421969,-52,-3537,7414,0,0
13,3594,72422008,45,11,-1,0,0
37,3595,72432098,-3626,-42,337,15973,0
4,3594,72442109,-46,-3548,7425,0,0
13,3595,72442149,23,3,-5,0,0
37,3596,72452137,-3624,-42,336,15974,0
4,3595,72462203,-46,-3566,7416,0,0
13,3596,72462242,1,-6,-8,0,0
37,3597,72472259,-3623,-42,334,15974,0
L,72475885,VALID,24.732,0.632,1
4,3596,72482264,-34,-3578,7393,0,0
13,3597,72482304,42,19,-49,0,0
37,3598,72492285,-3618,-41,331,15975,0
4,3597,72502530,-44,-3546,7428,0,0
13,3598,72502569,77,0,-5,0,0
37,3599,72512475,-3611,-41,331,15977,0
4,3598,72522528,-45,-3540,7419,0,0
13,3599,72522567,55,1,-4,0,0
37,3600,72532456,-3607,-41,330,15978,0
4,3599,72542551,-40,-3545,7429,0,0
13,3600,72542591,43,1,-11,0,0
37,3601,72552646,-3604,-41,329,15979,0
4,3600,72562697,-37,-3522,7432,0,0
13,3601,72562765,31,3,-7,0,0
37,3602,72572749,-3602,-41,329,15979,0
L,72576390,VALID,24.581,0.628,1
4,3601,72582848,-34,-3539,7418,0,0
13,3602,72582888,9,0,-4,0,0
37,3603,72592954,-3602,-41,328,15979,0
4,3602,72602863,-36,-3537,7429,0,0
13,3603,72602902,7,-4,-1,0,0
37,3604,72612995,-3602,-41,328,15979,0
4,3603,72623026,-35,-3530,7425,0,0
13,3604,72623066,-8,-1,-1,0,0
37,3605,72633117,-3604,-41,328,15979,0
4,3604,72643163,-38,-3554,7414,0,0
13,3605,72643202,-2,-4,0,0,0
37,3606,72653186,-3603,-41,329,15979,0
4,3605,72663239,-35,-3545,7425,0,0
13,3606,72663279,25,1,0,0,0
37,3607,72673331,-3601,-41,328,15979,0
L,72676974,VALID,24.574,0.627,1
4,3606,72683362,-37,-3537,7425,0,0
13,3607,72683402,8,1,-2,0,0
37,3608,72693357,-3601,-40,328,15979,0
4,3607,72703618,-51,-3533,7420,0,0
13,3608,72703658,-1,1,-5,0,0
37,3609,72713574,-3601,-40,328,15979,0
4,3608,72723739,-45,-3536,7423,0,0
13,3609,72723779,6,-5,-3,0,0
37,3610,72733606,-3602,-41,328,15979,0
4,3609,72743704,-31,-3540,7424,0,0
13,3610,72743743,13,0,0,0,0
37,3611,72753863,-3600,-40,328,15979,0
4,3610,72763789,-36,-3519,7430,0,0
13,3611,72763829,4,7,0,0,0
37,3612,72773802,-3601,-39,327,15979,0
L,72777437,VALID,24.574,0.639,1
4,3611,72784013,-44,-3533,7433,0,0
13,3612,72784052,-7,5,-2,0,0
37,3613,72794070,-3602,-39,327,15979,0
4,3612,72804195,-40,-3547,7412,0,0
13,3613,72804235,-2,-5,-3,0,0
37,3614,72814004,-3602,-39,327,15979,0
4,3613,72824184,-39,-3542,7421,0,0
13,3614,72824224,5,-4,1,0,0
37,3615,72834298,-3601,-40,327,15979,0
4,3614,72844408,-26,-3537,7420,0,0
13,3615,72844448,21,-3,0,0,0
37,3616,72854336,-3599,-40,327,15980,0
4,3615,72864443,-31,-3531,7431,0,0
13,3616,72864483,11,-3,-1,0,0
37,3617,72874483,-3600,-40,327,15980,0
L,72878107,VALID,24.566,0.632,1
4,3616,72884563,-40,-3554,7416,0,0
13,3617,72884603,11,1,-2,0,0
37,3618,72894456,-3598,-40,327,15980,0
4,3617,72904613,-39,-3539,7415,0,0
13,3618,72904652,43,7,-3,0,0
37,3619,72914696,-3593,-39,327,15981,0
4,3618,72924699,-56,-3518,7444,0,0
13,3619,72924739,51,8,-4,0,0
37,3620,72934712,-3590,-38,326,15982,0
4,3619,72944924,-41,-3512,7440,0,0
13,3620,72944964,-6,1,1,0,0
37,3621,72954946,-3592,-38,326,15981,0
4,3620,72964949,-39,-3528,7440,0,0
13,3621,72964989,-38,-3,-1,0,0
37,3622,72974963,-3596,-38,326,15980,0
L,72978587,VALID,24.539,0.644,1
4,3621,72985061,-39,-3535,7422,0,0
13,3622,72985101,-37,-1,-2,0,0
37,3623,72995084,-3599,-39,326,15980,0
4,3622,73005132,-35,-3547,7417,0,0
13,3623,73005172,-27,5,-12,0,0
37,3624,73015143,-3601,-38,324,15979,0
4,3623,73025317,-34,-3533,7426,0,0
13,3624,73025356,-6,18,-22,0,0
37,3625,73035325,-3602,-37,322,15979,0
4,3624,73045375,-39,-3534,7421,0,0
13,3625,73045414,-11,15,-21,0,0
37,3626,73055410,-3603,-36,320,15979,0
4,3625,73065445,-43,-3540,7418,0,0
13,3626,73065512,-34,4,-7,0,0
37,3627,73075658,-3607,-36,320,15978,0
L,73079284,VALID,24.617,0.649,1
4,3626,73085672,-55,-3548,7423,0,0
13,3627,73085711,-45,2,1,0,0
37,3628,73095657,-3611,-35,320,15977,0
4,3627,73105894,-48,-3571,7412,0,0
13,3628,73105934,-16,-3,-5,0,0
37,3629,73115797,-3612,-35,319,15977,0
4,3628,73125720,-55,-3547,7420,0,0
13,3629,73125759,6,-2,-8,0,0
37,3630,73135784,-3612,-36,319,15977,0
4,3629,73145934,-42,-3544,7424,0,0
13,3630,73145973,-4,-6,-1,0,0
37,3631,73155984,-3613,-36,319,15977,0
4,3630,73166046,-45,-3557,7424,0,0
13,3631,73166086,-14,5,-2,0,0
37,3632,73176000,-3614,-34,319,15977,0
L,73179642,VALID,24.666,0.662,1
4,3631,73186194,-48,-3530,7420,0,0
13,3632,73186234,-23,8,-1,0,0
37,3633,73196199,-3618,-34,319,15976,0
4,3632,73206202,-48,-3558,7424,0,0
13,3633,73206242,-36,1,-2,0,0
37,3634,73216331,-3621,-34,319,15975,0
4,3633,73226432,-39,-3571,7394,0,0
13,3634,73226471,-10,-4,-1,0,0
37,3635,73236413,-3621,-35,318,15975,0
4,3634,73246450,-40,-3556,7430,0,0
13,3635,73246489,-4,-7,-1,0,0
37,3636,73256524,-3623,-35,319,15975,0
4,3635,73266620,-37,-3557,7420,0,0
13,3636,73266659,-22,-5,2,0,0
37,3637,73276593,-3625,-35,319,15974,0
L,73280226,VALID,24.746,0.657,1
4,3636,73286673,-39,-3556,7412,0,0
13,3637,73286713,-19,-6,0,0,0
37,3638,73296730,-3627,-36,319,15974,0
4,3637,73306738,-44,-3562,7417,0,0
13,3638,73306778,-29,2,0,0,0
37,3639,73316964,-3630,-35,319,15973,0
4,3638,73326923,-45,-3575,7404,0,0
13,3639,73326963,-39,-1,1,0,0
37,3640,73336916,-3633,-36,319,15972,0
4,3639,73347006,-43,-3562,7414,0,0
13,3640,73347046,-18,-12,1,0,0
37,3641,73357021,-3635,-37,320,15972,0
4,3640,73367076,-33,-3555,7420,0,0
13,3641,73367115,-29,-16,0,0,0
37,3642,73377159,-3639,-39,320,15971,0
L,73380792,VALID,24.846,0.633,1
4,3641,73387205,-23,-3573,7409,0,0
13,3642,73387245,-56,-16,1,0,0
37,3643,73397306,-3643,-40,321,15970,0
4,3642,73407298,-34,-3586,7392,0,0
13,3643,73407338,-5,-9,0,0,0
37,3644,73417312,-3643,-40,321,15970,0
4,3643,73427452,-37,-3581,7404,0,0
13,3644,73427492,6,-4,0,0,0
37,3645,73437458,-3642,-40,321,15970,0
4,3644,73447540,-39,-3562,7428,0,0
13,3645,73447579,12,2,0,0,0
37,3646,73457472,-3643,-40,321,15970,0
4,3645,73467624,-37,-3569,7390,0,0
13,3646,73467663,-9,-4,2,0,0
37,3647,73477715,-3644,-40,321,15970,0
L,73481315,VALID,24.882,0.628,1
4,3646,73487682,-30,-3579,7398,0,0
13,3647,73487722,-15,-3,-1,0,0
37,3648,73497802,-3645,-41,321,15969,0
4,3647,73507812,-29,-3572,7406,0,0
13,3648,73507852,-13,-3,0,0,0
37,3649,73517818,-3647,-41,321,15969,0
4,3648,73527915,-39,-3592,7403,0,0
13,3649,73527954,-11,-2,2,0,0
37,3650,73537930,-3648,-41,322,15969,0
4,3649,73548009,-46,-3589,7401,0,0
13,3650,73548049,-2,0,0,0,0
37,3651,73558170,-3648,-40,321,15969,0
4,3650,73568236,-35,-3587,7397,0,0
13,3651,73568276,9,0,-4,0,0
37,3652,73578111,-3647,-40,321,15969,0
L,73581725,VALID,24.904,0.628,1
4,3651,73588371,-38,-3571,7399,0,0
13,3652,73588411,31,3,-3,0,0
37,3653,73598368,-3644,-39,321,15970,0
4,3652,73608415,-46,-3552,7430,0,0
13,3653,73608455,19,7,-2,0,0
37,3654,73618453,-3643,-38,321,15970,0
4,3653,73628413,-40,-3566,7410,0,0
13,3654,73628453,-16,5,0,0,0
37,3655,73638685,-3645,-37,321,15969,0
4,3654,73648664,-46,-3579,7421,0,0
13,3655,73648703,-22,8,2,0,0
37,3656,73658548,-3648,-37,321,15969,0
4,3655,73668747,-46,-3593,7385,0,0
13,3656,73668787,-10,3,-2,0,0
37,3657,73678737,-3648,-37,320,15969,0
L,73682361,VALID,24.910,0.647,1
4,3656,73688836,-39,-3575,7410,0,0
13,3657,73688876,7,0,-3,0,0
37,3658,73698831,-3648,-36,320,15969,0
4,3657,73709031,-30,-3588,7401,0,0
13,3658,73709071,10,5,-2,0,0
37,3659,73719141,-3646,-36,320,15969,0
4,3658,73729111,-45,-3560,7431,0,0
13,3659,73729151,0,6,1,0,0
37,3660,73739069,-3648,-35,320,15969,0
4,3659,73749273,-47,-3584,7387,0,0
13,3660,73749313,-24,4,-2,0,0
37,3661,73759184,-3650,-34,320,15968,0
4,3660,73769279,-40,-3588,7404,0,0
13,3661,73769318,8,11,-1,0,0
37,3662,73779243,-3648,-33,319,15969,0
L,73782893,VALID,24.910,0.673,1
4,3661,73789384,-55,-3565,7410,0,0
13,3662,73789424,15,15,-5,0,0
37,3663,73799493,-3648,-31,319,15969,0
4,3662,73809501,-56,-3565,7422,0,0
13,3663,73809569,-15,12,-2,0,0
37,3664,73819491,-3651,-30,318,15968,0
4,3663,73829607,-52,-3573,7403,0,0
13,3664,73829647,-28,13,-2,0,0
37,3665,73839729,-3654,-29,318,15968,0
4,3664,73849744,-50,-3603,7385,0,0
13,3665,73849783,-17,4,0,0,0
37,3666,73859688,-3654,-29,318,15968,0
4,3665,73869813,-51,-3582,7400,0,0
13,3666,73869853,21,10,-3,0,0
37,3667,73879930,-3651,-28,317,15968,0
L,73883573,VALID,24.932,0.704,1
4,3666,73889986,-47,-3574,7417,0,0
13,3667,73890026,11,10,-8,0,0
37,3668,73899956,-3651,-27,316,15968,0
4,3667,73910043,-56,-3576,7402,0,0
13,3668,73910083,-16,3,-9,0,0
37,3669,73920092,-3653,-27,315,15968,0
4,3668,73930138,-51,-3585,7404,0,0
13,3669,73930178,-14,1,-12,0,0
37,3670,73940126,-3654,-26,313,15968,0
4,3669,73950303,-42,-3588,7405,0,0
13,3670,73950342,1,13,-22,0,0
37,3671,73960419,-3655,-26,313,15967,0
4,3670,73970431,-53,-3581,7412,0,0
13,3671,73970471,-13,5,0,0,0
37,3672,73980435,-3657,-25,313,15967,0
L,73984087,VALID,24.974,0.719,1
4,3671,73990423,-62,-3599,7405,0,0
13,3672,73990462,-18,4,0,0,0
37,3673,74000538,-3659,-24,313,15967,0
4,3672,74010540,-54,-3597,7390,0,0
13,3673,74010580,-12,-2,0,0,0
37,3674,74020547,-3660,-24,313,15966,0
4,3673,74030798,-52,-3592,7396,0,0
13,3674,74030838,5,2,-3,0,0
37,3675,74040761,-3659,-24,312,15967,0
4,3674,74050773,-51,-3578,7402,0,0
13,3675,74050812,4,5,-6,0,0
37,3676,74060734,-3659,-23,312,15967,0
4,3675,74070894,-38,-3593,7418,0,0
13,3676,74070934,2,5,0,0,0
37,3677,74080949,-3659,-23,312,15966,0
L,74084575,VALID,24.989,0.731,1
4,3676,74090955,-59,-3593,7386,0,0
13,3677,74090995,0,0,2,0,0
37,3678,74100992,-3659,-23,312,15966,0
4,3677,74111048,-52,-3585,7405,0,0
13,3678,74111087,8,2,0,0,0
37,3679,74121119,-3659,-22,312,15967,0
4,3678,74131088,-63,-3578,7399,0,0
13,3679,74131127,-9,8,-1,0,0
37,3680,74141180,-3660,-21,312,15966,0
4,3679,74151260,-61,-3595,7396,0,0
13,3680,74151300,-11,3,-2,0,0
37,3681,74161318,-3661,-21,312,15966,0
4,3680,74171372,-54,-3598,7390,0,0
13,3681,74171411,7,3,-4,0,0
37,3682,74181437,-3660,-20,311,15966,0
L,74185063,VALID,24.995,0.750,1
4,3681,74191479,-53,-3584,7407,0,0
13,3682,74191518,12,7,-1,0,0
37,3683,74201549,-3659,-19,311,15966,0
4,3682,74211604,-53,-3581,7397,0,0
13,3683,74211644,19,19,-5,0,0
37,3684,74221601,-3658,-17,310,15967,0
4,3683,74231760,-71,-3590,7406,0,0
13,3684,74231799,9,23,-19,0,0
37,3685,74241705,-3656,-15,305,15967,0
4,3684,74251885,-50,-3572,7389,0,0
13,3685,74251924,21,32,-40,0,0
37,3686,74261731,-3656,-13,304,15967,0
4,3685,74271860,-63,-3576,7407,0,0
13,3686,74271900,11,28,-16,0,0
37,3687,74282015,-3655,-11,301,15968,0
L,74285673,VALID,24.958,0.796,1
4,3686,74291931,-69,-3593,7401,0,0
13,3687,74291971,-3,17,-28,0,0
37,3688,74301979,-3655,-10,296,15968,0
4,3687,74312188,-40,-3589,7393,0,0
13,3688,74312228,18,24,-51,0,0
37,3689,74322278,-3653,-9,294,15968,0
4,3688,74332342,-54,-3578,7394,0,0
13,3689,74332382,25,16,-9,0,0
37,3690,74342160,-3651,-8,293,15969,0
4,3689,74352349,-65,-3584,7405,0,0
13,3690,74352388,16,14,-8,0,0
37,3691,74362382,-3650,-7,292,15969,0
4,3690,74372539,-57,-3576,7397,0,0
13,3691,74372579,17,9,-11,0,0
37,3692,74382495,-3649,-6,291,15969,0
L,74386049,VALID,24.915,0.814,1
4,3691,74392592,-68,-3576,7406,0,0
13,3692,74392632,11,9,-5,0,0
37,3693,74402657,-3648,-5,290,15969,0
4,3692,74412745,-59,-3578,7396,0,0
13,3693,74412785,1,16,-5,0,0
37,3694,74422638,-3647,-4,290,15970,0
4,3693,74432767,-66,-3571,7408,0,0
13,3694,74432835,25,18,1,0,0
37,3695,74442916,-3645,-2,290,15970,0
4,3694,74452918,-72,-3562,7414,0,0
13,3695,74452958,21,19,-1,0,0
37,3696,74462914,-3644,0,289,15970,0
4,3695,74473096,-77,-3577,7405,0,0
13,3696,74473136,16,28,-19,0,0
37,3697,74483061,-3641,1,284,15971,0
L,74486511,VALID,24.857,0.850,1
4,3696,74493141,-59,-3564,7401,0,0
13,3697,74493181,11,33,-36,0,0
37,3698,74503095,-3640,3,283,15971,0
4,3697,74513216,-73,-3561,7418,0,0
13,3698,74513256,29,21,-14,0,0
37,3699,74523301,-3639,5,282,15972,0
4,3698,74533326,-73,-3568,7416,0,0
13,3699,74533366,-5,17,-4,0,0
37,3700,74543352,-3640,7,281,15971,0
4,3699,74553560,-75,-3599,7392,0,0
13,3700,74553600,9,30,-7,0,0
37,3701,74563591,-3637,10,278,15972,0
4,3700,74573596,-65,-3554,7425,0,0
13,3701,74573635,26,74,-16,0,0
37,3702,74583684,-3637,18,276,15972,0
L,74587208,VALID,24.828,0.953,1
4,3701,74593725,-78,-3569,7406,0,0
13,3702,74593765,-14,78,-3,0,0
37,3703,74603860,-3638,25,274,15972,0
4,3702,74613896,-91,-3562,7400,0,0
13,3703,74613936,-6,100,-19,0,0
37,3704,74623842,-3639,34,271,15972,0
4,3703,74634069,-103,-3585,7400,0,0
13,3704,74634109,5,95,23,0,0
37,3705,74644014,-3637,42,271,15972,0
4,3704,74653945,-63,-3585,7399,0,0
13,3705,74653985,73,130,17,0,0
37,3706,74664013,-3629,58,271,15974,0
4,3705,74674142,-84,-3554,7411,0,0
13,3706,74674181,101,240,36,0,0
37,3707,74684255,-3620,84,269,15976,0
L,74687792,VALID,24.701,1.391,1
4,3706,74694277,-151,-3556,7423,0,0
13,3707,74694316,108,274,38,0,0
37,3708,74704274,-3611,109,266,15978,0
4,3707,74714419,-182,-3527,7446,0,0
13,3708,74714458,107,297,29,0,0
37,3709,74724383,-3604,135,263,15979,0
4,3708,74734401,-243,-3540,7410,0,0
13,3709,74734441,66,228,30,0,0
37,3710,74744477,-3598,151,262,15981,0
4,3709,74754606,-188,-3533,7426,0,0
13,3710,74754645,96,206,40,0,0
37,3711,74764581,-3589,171,261,15982,0
4,3710,74774649,-133,-3546,7434,0,0
13,3711,74774689,106,230,35,0,0
37,3712,74784700,-3579,190,257,15985,0
L,74788341,VALID,24.403,2.092,1
4,3711,74794788,-343,-3512,7449,0,0
13,3712,74794828,139,182,-10,0,0
37,3713,74804752,-3567,208,256,15987,0
4,3712,74814891,-258,-3508,7432,0,0
13,3713,74814931,139,227,53,0,0
37,3714,74824896,-3554,231,257,15990,0
4,3713,74834917,-251,-3495,7456,0,0
13,3714,74834957,145,298,83,0,0
37,3715,74845130,-3542,263,258,15992,0
4,3714,74855094,-325,-3474,7446,0,0
13,3715,74855134,164,408,108,0,0
37,3716,74865052,-3528,301,258,15994,0
4,3715,74875208,-387,-3438,7464,0,0
13,3716,74875247,150,375,80,0,0
37,3717,74885207,-3517,329,257,15996,0
L,74888838,VALID,23.958,3.038,1
4,3716,74895242,-416,-3423,7471,0,0
13,3717,74895282,90,256,38,0,0
37,3718,74905308,-3513,351,257,15996,0
4,3717,74915387,-431,-3477,7427,0,0
13,3718,74915427,60,211,20,0,0
37,3719,74925462,-3505,370,251,15998,0
4,3718,74935516,-381,-3471,7448,0,0
13,3719,74935556,148,298,13,0,0
37,3720,74945512,-3490,401,248,16000,0
4,3719,74955645,-388,-3449,7457,0,0
13,3720,74955685,215,449,85,0,0
37,3721,74965661,-3469,447,248,16004,0
4,3720,74975722,-500,-3381,7507,0,0
13,3721,74975761,227,485,85,0,0
37,3722,74985686,-3452,492,245,16006,0
L,74989309,VALID,23.500,4.131,1
4,3721,74995803,-609,-3376,7488,0,0
13,3722,74995843,179,461,70,0,0
37,3723,75005928,-3439,529,241,16008,0
4,3722,75015841,-621,-3362,7491,0,0
13,3723,75015881,125,394,23,0,0
37,3724,75026030,-3430,560,235,16009,0
4,3723,75036039,-646,-3380,7473,0,0
13,3724,75036079,100,315,15,0,0
37,3725,75046046,-3421,584,231,16010,0
4,3724,75056123,-556,-3384,7496,0,0
13,3725,75056190,141,283,8,0,0
37,3726,75066140,-3407,615,225,16012,0
4,3725,75076256,-623,-3359,7478,0,0
13,3726,75076295,167,401,20,0,0
37,3727,75086329,-3391,654,218,16014,0
L,75089936,VALID,23.082,5.199,1
4,3726,75096410,-668,-3325,7501,0,0
13,3727,75096449,237,535,31,0,0
37,3728,75106295,-3371,703,212,16016,0
4,3727,75116494,-739,-3284,7548,0,0
13,3728,75116534,186,529,65,0,0
37,3729,75126537,-3359,750,209,16016,0
4,3728,75136579,-770,-3293,7515,0,0
13,3729,75136619,131,510,95,0,0
37,3730,75146596,-3349,796,210,16016,0
4,3729,75156578,-883,-3263,7531,0,0
13,3730,75156618,89,468,141,0,0
37,3731,75166871,-3343,835,214,16015,0
4,3730,75176848,-899,-3314,7459,0,0
13,3731,75176888,104,388,126,0,0
37,3732,75186676,-3330,869,215,16016,0
L,75190329,VALID,22.675,6.668,1
4,3731,75196942,-874,-3257,7545,0,0
13,3732,75196981,120,394,93,0,0
37,3733,75206889,-3323,907,218,16016,0
4,3732,75216964,-936,-3257,7519,0,0
13,3733,75217003,68,426,136,0,0
37,3734,75226972,-3317,948,221,16015,0
4,3733,75237121,-1016,-3270,7496,0,0
13,3734,75237161,78,419,103,0,0
37,3735,75247284,-3309,982,223,16014,0
4,3734,75257216,-1002,-3253,7516,0,0
13,3735,75257255,74,365,127,0,0
37,3736,75267188,-3302,1018,228,16013,0
4,3735,75277385,-1071,-3231,7510,0,0
13,3736,75277425,92,406,161,0,0
37,3737,75287290,-3295,1056,232,16012,0
L,75291026,VALID,22.451,7.976,1
4,3736,75297387,-1053,-3263,7480,0,0
13,3737,75297427,100,396,79,0,0
37,3738,75307358,-3284,1095,233,16012,0
4,3737,75317543,-1182,-3179,7534,0,0
13,3738,75317583,101,413,136,0,0
37,3739,75327617,-3279,1129,233,16011,0
4,3738,75337626,-1197,-3225,7493,0,0
13,3739,75337666,44,351,22,0,0
37,3740,75347641,-3275,1156,228,16009,0
4,3739,75357704,-1122,-3237,7482,0,0
13,3740,75357743,76,326,35,0,0
37,3741,75367771,-3266,1190,228,16009,0
4,3740,75377831,-1223,-3237,7495,0,0
13,3741,75377871,110,409,107,0,0
37,3742,75387737,-3255,1228,227,16008,0
L,75391453,VALID,22.204,9.151,1
4,3741,75397927,-1290,-3182,7503,0,0
13,3742,75397967,155,424,37,0,0
37,3743,75408028,-3242,1263,220,16008,0
4,3742,75418081,-1270,-3205,7495,0,0
13,3743,75418121,153,388,-10,0,0
37,3744,75428072,-3228,1299,211,16008,0
4,3743,75438159,-1345,-3129,7538,0,0
13,3744,75438199,143,404,33,0,0
37,3745,75448240,-3220,1331,211,16007,0
4,3744,75458235,-1384,-3146,7503,0,0
13,3745,75458275,39,310,98,0,0
37,3746,75468232,-3218,1357,213,16005,0
4,3745,75478347,-1383,-3165,7487,0,0
13,3746,75478387,28,293,49,0,0
37,3747,75488466,-3215,1383,211,16004,0
L,75492176,VALID,21.965,10.197,1
4,3746,75498469,-1368,-3172,7488,0,0
13,3747,75498509,58,319,63,0,0
37,3748,75508517,-3208,1415,211,16002,0
4,3747,75518526,-1365,-3177,7470,0,0
13,3748,75518566,96,416,100,0,0
37,3749,75528593,-3197,1459,213,16001,0
4,3748,75538603,-1484,-3114,7502,0,0
13,3749,75538643,140,461,137,0,0
37,3750,75548594,-3186,1498,219,15999,0
4,3749,75558903,-1603,-3062,7530,0,0
13,3750,75558943,35,347,162,0,0
37,3751,75568862,-3188,1523,227,15996,0
4,3750,75578896,-1600,-3122,7474,0,0
13,3751,75578936,-73,175,102,0,0
37,3752,75588852,-3195,1534,230,15994,0
L,75592551,VALID,21.855,11.263,1
4,3751,75598947,-1569,-3172,7428,0,0
13,3752,75598987,-29,104,18,0,0
37,3753,75609024,-3193,1544,227,15993,0
4,3752,75619031,-1478,-3168,7476,0,0
13,3753,75619071,94,176,2,0,0
37,3754,75629091,-3182,1566,225,15993,0
4,3753,75639143,-1534,-3104,7492,0,0
13,3754,75639183,104,332,76,0,0
37,3755,75649211,-3175,1599,227,15991,0
4,3754,75659177,-1644,-3094,7484,0,0
13,3755,75659217,75,327,89,0,0
37,3756,75669278,-3169,1626,229,15990,0
4,3755,75679331,-1692,-3089,7492,0,0
13,3756,75679398,17,237,83,0,0
37,3757,75689434,-3169,1644,233,15988,0
L,75693153,VALID,21.701,12.027,1
4,3756,75699499,-1694,-3123,7465,0,0
13,3757,75699539,-18,156,84,0,0
37,3758,75709502,-3170,1656,237,15986,0
4,3757,75719564,-1675,-3136,7448,0,0
13,3758,75719604,32,118,53,0,0
37,3759,75729632,-3164,1668,237,15986,0
4,3758,75739639,-1678,-3092,7468,0,0
13,3759,75739679,68,130,23,0,0
37,3760,75749656,-3159,1679,236,15986,0
4,3759,75759786,-1690,-3071,7484,0,0
13,3760,75759826,30,136,28,0,0
37,3761,75769768,-3159,1690,237,15985,0
4,3760,75779949,-1677,-3110,7463,0,0
13,3761,75779989,-9,103,38,0,0
37,3762,75789784,-3158,1701,238,15984,0
L,75793502,VALID,21.638,12.428,1
4,3761,75799933,-1684,-3118,7470,0,0
13,3762,75799973,54,172,46,0,0
37,3763,75810122,-3151,1720,240,15983,0
4,3762,75820011,-1741,-3065,7485,0,0
13,3763,75820050,42,196,68,0,0
37,3764,75830065,-3150,1736,242,15982,0
4,3763,75840250,-1740,-3086,7459,0,0
13,3764,75840290,2,154,52,0,0
37,3765,75850266,-3149,1751,242,15980,0
4,3764,75860362,-1775,-3091,7450,0,0
13,3765,75860401,36,174,14,0,0
37,3766,75870197,-3144,1766,240,15980,0
4,3765,75880333,-1803,-3060,7469,0,0
13,3766,75880373,43,161,32,0,0
37,3767,75890437,-3142,1778,241,15979,0
L,75894138,VALID,21.547,12.964,1
4,3766,75900569,-1785,-3068,7459,0,0
13,3767,75900609,16,115,46,0,0
37,3768,75910531,-3140,1790,242,15978,0
4,3767,75920635,-1770,-3084,7446,0,0
13,3768,75920702,34,164,36,0,0
37,3769,75930704,-3136,1806,242,15977,0
4,3768,75940775,-1791,-3059,7459,0,0
13,3769,75940815,60,224,54,0,0
37,3770,75950704,-3131,1829,243,15975,0
4,3769,75960858,-1861,-3046,7451,0,0
13,3770,75960897,23,213,43,0,0
37,3771,75970953,-3130,1845,242,15973,0
4,3770,75980945,-1873,-3055,7434,0,0
13,3771,75980984,10,164,10,0,0
37,3772,75990977,-3130,1856,240,15972,0
L,75994696,VALID,21.491,13.502,1
4,3771,76001126,-1875,-3065,7464,0,0
13,3772,76001166,-15,109,10,0,0
37,3773,76011150,-3132,1865,239,15971,0
4,3772,76021201,-1835,-3091,7427,0,0
13,3773,76021241,20,125,13,0,0
37,3774,76031200,-3127,1879,237,15970,0
4,3773,76041314,-1865,-3061,7440,0,0
13,3774,76041353,67,209,29,0,0
37,3775,76051364,-3121,1900,237,15969,0
4,3774,76061461,-1936,-3025,7460,0,0
13,3775,76061500,54,193,45,0,0
37,3776,76071473,-3119,1913,238,15968,0
4,3775,76081631,-1912,-3043,7441,0,0
13,3776,76081671,-12,116,56,0,0
37,3777,76091700,-3120,1924,243,15966,0
L,76095453,VALID,21.443,13.977,1
4,3776,76101685,-1926,-3083,7430,0,0
13,3777,76101725,23,118,71,0,0
37,3778,76111752,-3115,1936,246,15966,0
4,3777,76121803,-1974,-3023,7435,0,0
13,3778,76121843,28,122,54,0,0
37,3779,76131975,-3114,1946,246,15965,0
4,3778,76141985,-1948,-3032,7446,0,0
13,3779,76142025,-21,80,-5,0,0
37,3780,76151974,-3117,1952,244,15963,0
4,3779,76162261,-1923,-3067,7420,0,0
13,3780,76162301,-7,101,12,0,0
37,3781,76172143,-3116,1963,245,15962,0
4,3780,76182137,-1972,-3048,7415,0,0
13,3781,76182204,20,125,44,0,0
37,3782,76192215,-3114,1974,247,15961,0
L,76195907,VALID,21.417,14.328,1
4,3781,76202340,-1988,-3042,7433,0,0
13,3782,76202380,13,86,34,0,0
37,3783,76212464,-3112,1981,247,15961,0
4,3782,76222456,-1938,-3043,7425,0,0
13,3783,76222496,30,111,26,0,0
37,3784,76232447,-3109,1995,248,15960,0
4,3783,76242637,-2004,-3055,7411,0,0
13,3784,76242676,34,168,53,0,0
37,3785,76252620,-3104,2010,249,15959,0
4,3784,76262611,-2061,-3007,7443,0,0
13,3785,76262651,42,142,50,0,0
37,3786,76272756,-3103,2018,251,15958,0
4,3785,76282878,-2048,-3016,7424,0,0
13,3786,76282918,-3,31,5,0,0
37,3787,76292876,-3104,2019,249,15958,0
L,76296639,VALID,21.361,14.642,1
4,3786,76302976,-2009,-3039,7404,0,0
13,3787,76303016,13,32,-23,0,0
37,3788,76313041,-3102,2023,247,15957,0
4,3787,76323161,-2011,-3044,7409,0,0
13,3788,76323201,31,53,-4,0,0
37,3789,76333117,-3099,2027,246,15957,0
4,3788,76343230,-2022,-3023,7431,0,0
13,3789,76343269,16,53,21,0,0
37,3790,76353272,-3099,2033,248,15957,0
4,3789,76363256,-2059,-3033,7411,0,0
13,3790,76363296,0,33,27,0,0
37,3791,76373442,-3099,2034,249,15957,0
4,3790,76383454,-2047,-3021,7430,0,0
13,3791,76383494,7,-17,-5,0,0
37,3792,76393443,-3099,2031,248,15957,0
L,76397162,VALID,21.331,14.725,1
4,3791,76403540,-2034,-3036,7419,0,0
13,3792,76403580,8,-27,-12,0,0
37,3793,76413580,-3098,2028,247,15958,0
4,3792,76423608,-2018,-3041,7407,0,0
13,3793,76423647,20,-45,-19,0,0
37,3794,76433762,-3095,2023,246,15959,0
4,3793,76443834,-1991,-2994,7455,0,0
13,3794,76443874,24,-14,-1,0,0
37,3795,76453924,-3095,2025,246,15958,0
4,3794,76463918,-2004,-3027,7407,0,0
13,3795,76463957,-6,35,19,0,0
37,3796,76473966,-3095,2029,248,15958,0
4,3795,76484056,-2020,-3033,7414,0,0
13,3796,76484095,23,63,46,0,0
37,3797,76494088,-3091,2036,251,15958,0
L,76497815,VALID,21.272,14.764,1
4,3796,76504160,-2076,-3013,7420,0,0
13,3797,76504200,30,44,32,0,0
37,3798,76514139,-3089,2037,251,15958,0
4,3797,76524320,-2063,-3005,7427,0,0
13,3798,76524359,18,-23,-24,0,0
37,3799,76534406,-3088,2033,248,15959,0
4,3798,76544390,-2007,-3019,7425,0,0
13,3799,76544430,8,-29,-34,0,0
37,3800,76554605,-3088,2030,247,15959,0
4,3799,76564599,-1982,-3032,7418,0,0
13,3800,76564639,7,30,20,0,0
37,3801,76574647,-3086,2038,249,15959,0
4,3800,76584729,-2070,-3007,7419,0,0
13,3801,76584768,32,62,38,0,0
37,3802,76594740,-3083,2041,251,15959,0
L,76598477,VALID,21.215,14.799,1
4,3801,76604813,-2064,-2993,7448,0,0
13,3802,76604853,11,12,11,0,0
37,3803,76614939,-3084,2042,251,15958,0
4,3802,76625008,-2094,-3017,7413,0,0
13,3803,76625047,-20,-14,-9,0,0
37,3804,76634914,-3085,2038,248,15959,0
4,3803,76645155,-2022,-3035,7405,0,0
13,3804,76645194,6,-53,-57,0,0
37,3805,76655179,-3084,2033,244,15960,0
4,3804,76665302,-1989,-3022,7431,0,0
13,3805,76665369,37,5,-47,0,0
37,3806,76675308,-3080,2036,240,15960,0
4,3805,76685338,-2040,-3002,7422,0,0
13,3806,76685378,42,48,-23,0,0
37,3807,76695598,-3077,2039,236,15960,0
L,76699322,VALID,21.184,14.766,1
4,3806,76705553,-2048,-2996,7426,0,0
13,3807,76705593,47,31,-51,0,0
37,3808,76715455,-3075,2040,230,15961,0
4,3807,76725672,-2031,-3014,7428,0,0
13,3808,76725711,25,12,-66,0,0
37,3809,76735679,-3073,2040,225,15961,0
4,3808,76745747,-2023,-2994,7420,0,0
13,3809,76745787,18,26,-31,0,0
37,3810,76755782,-3073,2042,223,15961,0
4,3809,76765937,-2054,-2995,7425,0,0
13,3810,76765977,-3,4,-15,0,0
37,3811,76776091,-3075,2040,222,15961,0
4,3810,76786093,-2038,-3008,7416,0,0
13,3811,76786133,-24,-38,-9,0,0
37,3812,76796057,-3077,2036,222,15961,0
L,76799810,VALID,21.194,14.726,1
4,3811,76806303,-2018,-3014,7413,0,0
13,3812,76806343,-8,-20,-9,0,0
37,3813,76816222,-3077,2036,221,15961,0
4,3812,76826351,-2049,-3009,7426,0,0
13,3813,76826390,6,5,-18,0,0
37,3814,76836313,-3076,2036,218,15961,0
4,3813,76846481,-2033,-3002,7413,0,0
13,3814,76846520,17,10,-52,0,0
37,3815,76856522,-3075,2036,213,15961,0
4,3814,76866548,-1995,-3013,7436,0,0
13,3815,76866588,22,43,-23,0,0
37,3816,76876573,-3074,2042,213,15961,0
4,3815,76886625,-2042,-3000,7431,0,0
13,3816,76886665,3,59,41,0,0
37,3817,76896787,-3074,2047,217,15960,0
L,76900550,VALID,21.182,14.796,1
4,3816,76906826,-2070,-3005,7421,0,0
13,3817,76906866,-17,15,50,0,0
37,3818,76916769,-3076,2048,220,15960,0
4,3817,76926985,-2025,-3024,7414,0,0
13,3818,76927025,-15,19,23,0,0
37,3819,76937078,-3075,2053,221,15959,0
4,3818,76947151,-2056,-3006,7420,0,0
13,3819,76947191,11,76,13,0,0
37,3820,76957157,-3075,2060,220,15958,0
4,3819,76967263,-2089,-2997,7425,0,0
13,3820,76967303,2,50,-2,0,0
37,3821,76977277,-3076,2061,219,15958,0
4,3820,76987338,-2063,-3015,7414,0,0
13,3821,76987378,-8,3,-26,0,0
37,3822,76997319,-3076,2061,216,15958,0
L,77001012,VALID,21.203,14.891,1
4,3821,77007512,-2074,-3020,7423,0,0
13,3822,77007552,10,0,-23,0,0
37,3823,77017630,-3075,2060,214,15958,0
4,3822,77027624,-2070,-3002,7430,0,0
13,3823,77027663,0,-29,-22,0,0
37,3824,77037698,-3077,2055,214,15959,0
4,3823,77047716,-2038,-3020,7422,0,0
13,3824,77047783,-16,-52,4,0,0
37,3825,77057829,-3078,2052,216,15959,0
4,3824,77067840,-2062,-3011,7424,0,0
13,3825,77067880,-4,-39,0,0,0
37,3826,77077871,-3079,2048,215,15959,0
4,3825,77088131,-2034,-3007,7421,0,0
13,3826,77088171,-9,-38,-41,0,0
37,3827,77098097,-3080,2045,212,15959,0
L,77101805,VALID,21.229,14.775,1
4,3826,77108167,-2039,-3008,7421,0,0
13,3827,77108206,-6,-4,-17,0,0
37,3828,77118077,-3081,2045,211,15959,0
4,3827,77128215,-2009,-3020,7413,0,0
13,3828,77128255,-1,29,1,0,0
37,3829,77138334,-3081,2050,212,15959,0
4,3828,77148328,-2056,-3019,7408,0,0
13,3829,77148368,2,27,38,0,0
37,3830,77158394,-3079,2051,216,15959,0
4,3829,77168465,-2060,-3022,7415,0,0
13,3830,77168505,14,20,42,0,0
37,3831,77178584,-3077,2054,217,15959,0
4,3830,77188569,-2053,-3013,7415,0,0
13,3831,77188608,30,25,5,0,0
37,3832,77198665,-3074,2057,216,15959,0
L,77202380,VALID,21.187,14.864,1
4,3831,77208746,-2069,-2995,7435,0,0
13,3832,77208786,27,36,0,0,0
37,3833,77218805,-3073,2058,216,15959,0
4,3832,77228835,-2071,-2994,7430,0,0
13,3833,77228875,-9,-10,-1,0,0
37,3834,77238902,-3075,2056,217,15959,0
4,3833,77248962,-2038,-3015,7413,0,0
13,3834,77249001,-30,-35,6,0,0
37,3835,77258979,-3078,2054,218,15959,0
4,3834,77269057,-2034,-3017,7413,0,0
13,3835,77269097,-9,-1,28,0,0
37,3836,77279098,-3077,2056,221,15958,0
4,3835,77289264,-2080,-3011,7408,0,0
13,3836,77289331,6,15,21,0,0
37,3837,77299235,-3076,2057,221,15959,0
L,77302972,VALID,21.196,14.870,1
4,3836,77309473,-2067,-2995,7426,0,0
13,3837,77309513,16,-12,-15,0,0
37,3838,77319290,-3075,2055,220,15959,0
4,3837,77329435,-2069,-3007,7427,0,0
13,3838,77329475,-1,-19,-9,0,0
37,3839,77339607,-3076,2052,220,15959,0
4,3838,77349520,-2048,-3003,7420,0,0
13,3839,77349560,-15,-38,-11,0,0
37,3840,77359581,-3078,2049,219,15959,0
4,3839,77369762,-2023,-3024,7419,0,0
13,3840,77369801,-6,4,-3,0,0
37,3841,77379838,-3078,2051,219,15959,0
4,3840,77389935,-2041,-3011,7417,0,0
13,3841,77389975,9,35,21,0,0
37,3842,77399795,-3077,2055,221,15959,0
L,77403513,VALID,21.203,14.856,1
4,3841,77409935,-2064,-3005,7428,0,0
13,3842,77409975,5,30,35,0,0
37,3843,77420035,-3077,2057,224,15958,0
4,3842,77430201,-2101,-3011,7409,0,0
13,3843,77430241,-2,-5,16,0,0
37,3844,77440158,-3077,2056,224,15958,0
4,3843,77450296,-2048,-3012,7422,0,0
13,3844,77450335,11,-10,-20,0,0
37,3845,77460320,-3076,2055,222,15959,0
4,3844,77470356,-2043,-2997,7420,0,0
13,3845,77470395,4,11,7,0,0
37,3846,77480335,-3076,2058,224,15958,0
4,3845,77490397,-2076,-2999,7419,0,0
13,3846,77490436,-2,14,36,0,0
37,3847,77500499,-3076,2058,227,15958,0
L,77504218,VALID,21.193,14.885,1
4,3846,77510529,-2077,-3003,7415,0,0
13,3847,77510569,-5,-6,30,0,0
37,3848,77520533,-3076,2058,229,15958,0
4,3847,77530690,-2051,-3016,7417,0,0
13,3848,77530729,-4,-18,-1,0,0
37,3849,77540757,-3075,2057,229,15958,0
4,3848,77550795,-2022,-2999,7439,0,0
13,3849,77550835,25,39,20,0,0
37,3850,77560797,-3073,2064,231,15958,0
4,3849,77570915,-2080,-3009,7393,0,0
13,3850,77570954,15,73,50,0,0
37,3851,77580919,-3072,2070,234,15957,0
4,3850,77591034,-2080,-2996,7421,0,0
13,3851,77591073,4,30,23,0,0
37,3852,77601030,-3072,2072,235,15957,0
L,77604750,VALID,21.163,14.993,1
4,3851,77611173,-2080,-3016,7413,0,0
13,3852,77611212,1,33,24,0,0
37,3853,77621194,-3071,2076,235,15957,0
4,3852,77631247,-2031,-3015,7404,0,0
13,3853,77631286,29,61,0,0,0
37,3854,77641271,-3067,2086,232,15956,0
4,3853,77651341,-2077,-2981,7436,0,0
13,3854,77651380,45,181,9,0,0
37,3855,77661500,-3064,2103,232,15955,0
4,3854,77671542,-2122,-2983,7410,0,0
13,3855,77671582,18,164,40,0,0
37,3856,77681553,-3063,2116,233,15953,0
4,3855,77691798,-2154,-2994,7407,0,0
13,3856,77691837,1,120,41,0,0
37,3857,77701710,-3063,2124,235,15952,0
L,77705456,VALID,21.120,15.354,1
4,3856,77711662,-2101,-3001,7413,0,0
13,3857,77711701,4,54,43,0,0
37,3858,77721742,-3061,2132,238,15951,0
4,3857,77731830,-2135,-2997,7409,0,0
13,3858,77731869,43,124,64,0,0
37,3859,77741933,-3056,2144,241,15950,0
4,3858,77751951,-2213,-2961,7404,0,0
13,3859,77751991,23,72,54,0,0
37,3860,77761941,-3056,2145,244,15950,0
4,3859,77772141,-2170,-2984,7404,0,0
13,3860,77772180,-8,-51,10,0,0
37,3861,77782096,-3057,2139,245,15951,0
4,3860,77792139,-2120,-3017,7389,0,0
13,3861,77792179,-11,-53,7,0,0
37,3862,77802303,-3056,2137,246,15951,0
L,77806013,VALID,21.066,15.460,1
4,3861,77812386,-2112,-2990,7420,0,0
13,3862,77812426,43,38,9,0,0
37,3863,77822380,-3052,2145,245,15951,0
4,3862,77832468,-2147,-2964,7407,0,0
13,3863,77832508,33,97,19,0,0
37,3864,77842517,-3050,2153,246,15950,0
4,3863,77852604,-2188,-2973,7413,0,0
13,3864,77852644,3,60,16,0,0
37,3865,77862638,-3051,2156,246,15950,0
4,3864,77872691,-2207,-2981,7409,0,0
13,3865,77872730,-6,-24,-5,0,0
37,3866,77882759,-3052,2150,245,15950,0
4,3865,77892785,-2155,-2995,7388,0,0
13,3866,77892824,11,-63,-35,0,0
37,3867,77902999,-3049,2144,243,15952,0
L,77906736,VALID,21.019,15.504,1
4,3866,77912943,-2119,-2979,7412,0,0
13,3867,77912983,38,-43,-18,0,0
37,3868,77922956,-3045,2142,243,15953,0
4,3867,77933148,-2150,-2948,7426,0,0
13,3868,77933187,36,-17,17,0,0
37,3869,77943155,-3044,2140,245,15953,0
4,3868,77953165,-2153,-2965,7405,0,0
13,3869,77953205,-10,-41,4,0,0
37,3870,77963291,-3045,2136,245,15954,0
4,3869,77973347,-2131,-2981,7407,0,0
13,3870,77973387,-2,-38,-8,0,0
37,3871,77983447,-3046,2135,245,15954,0
4,3870,77993473,-2143,-2979,7407,0,0
13,3871,77993512,6,-9,-19,0,0
37,3872,78003506,-3045,2133,243,15954,0
L,78007199,VALID,20.985,15.429,1
4,3871,78013638,-2145,-2963,7426,0,0
13,3872,78013678,3,-12,-12,0,0
37,3873,78023687,-3046,2132,242,15954,0
4,3872,78033783,-2119,-2984,7391,0,0
13,3873,78033823,0,-8,-7,0,0
37,3874,78043720,-3045,2131,242,15954,0
4,3873,78053938,-2131,-2974,7425,0,0
13,3874,78053978,11,-1,18,0,0
37,3875,78064036,-3045,2132,245,15954,0
4,3874,78073991,-2150,-2959,7425,0,0
13,3875,78074031,0,8,24,0,0
37,3876,78084201,-3045,2133,246,15954,0
4,3875,78094188,-2121,-2988,7400,0,0
13,3876,78094228,-1,8,5,0,0
37,3877,78104202,-3045,2134,246,15954,0
L,78107930,VALID,20.983,15.439,1
4,3876,78114310,-2158,-2958,7418,0,0
13,3877,78114349,15,9,0,0,0
37,3878,78124279,-3044,2133,245,15954,0
4,3877,78134419,-2129,-2962,7419,0,0
13,3878,78134458,-15,-13,0,0,0
37,3879,78144506,-3047,2133,247,15954,0
4,3878,78154599,-2151,-2978,7414,0,0
13,3879,78154638,-41,-22,18,0,0
37,3880,78164469,-3051,2130,248,15953,0
4,3879,78174730,-2127,-3004,7400,0,0
13,3880,78174769,-18,-16,0,0,0
37,3881,78184785,-3051,2131,248,15953,0
4,3880,78194858,-2145,-2982,7406,0,0
13,3881,78194898,4,21,6,0,0
37,3882,78204863,-3050,2133,249,15953,0
L,78208566,VALID,21.017,15.436,1
4,3881,78214849,-2157,-2950,7418,0,0
13,3882,78214889,-12,11,7,0,0
37,3883,78225096,-3054,2132,250,15952,0
4,3882,78235064,-2159,-2966,7415,0,0
13,3883,78235104,-61,-31,11,0,0
37,3884,78244969,-3060,2128,253,15952,0
4,3883,78255235,-2119,-3019,7392,0,0
13,3884,78255274,-70,-59,11,0,0
37,3885,78265157,-3064,2125,255,15951,0
4,3884,78275244,-2109,-3015,7388,0,0
13,3885,78275283,-7,12,13,0,0
37,3886,78285287,-3063,2129,255,15951,0
4,3885,78295459,-2160,-2962,7409,0,0
13,3886,78295499,5,29,5,0,0
37,3887,78305633,-3064,2129,255,15951,0
L,78309341,VALID,21.112,15.415,1
4,3886,78315591,-2158,-2941,7439,0,0
13,3887,78315630,-73,-26,-4,0,0
37,3888,78325537,-3076,2124,258,15949,0
4,3887,78335753,-2139,-3020,7384,0,0
13,3888,78335792,-149,-96,8,0,0
37,3889,78345717,-3087,2115,260,15948,0
4,3888,78355751,-2104,-3058,7374,0,0
13,3889,78355791,-73,-70,-21,0,0
37,3890,78365734,-3090,2111,260,15948,0
4,3889,78375862,-2127,-3008,7397,0,0
13,3890,78375902,-19,-12,-11,0,0
37,3891,78385964,-3092,2110,259,15948,0
4,3890,78395991,-2110,-3014,7400,0,0
13,3891,78396031,-35,-23,-6,0,0
37,3892,78406007,-3096,2108,260,15947,0
L,78409725,VALID,21.333,15.274,1
4,3891,78416088,-2111,-3039,7381,0,0
13,3892,78416127,-37,-13,2,0,0
37,3893,78426275,-3098,2107,260,15947,0
4,3892,78436268,-2131,-3017,7410,0,0
13,3893,78436308,-15,-14,-11,0,0
37,3894,78446224,-3100,2105,261,15947,0
4,3893,78456395,-2093,-2990,7443,0,0
13,3894,78456435,-81,-15,37,0,0
37,3895,78466481,-3112,2105,269,15945,0
4,3894,78476525,-2163,-3045,7368,0,0
13,3895,78476564,-126,-39,57,0,0
37,3896,78486559,-3120,2100,273,15943,0
4,3895,78496608,-2130,-3060,7381,0,0
13,3896,78496648,-110,-89,5,0,0
37,3897,78506713,-3128,2090,275,15943,0
L,78510413,VALID,21.546,15.167,1
4,3896,78516724,-2076,-3043,7414,0,0
13,3897,78516764,-73,-83,3,0,0
37,3898,78526728,-3136,2085,281,15942,0
4,3897,78536919,-2106,-3012,7436,0,0
13,3898,78536985,-208,-70,91,0,0
37,3899,78547033,-3160,2079,295,15938,0
4,3898,78557017,-2154,-3044,7388,0,0
13,3899,78557057,-332,-144,96,0,0
37,3900,78567091,-3190,2063,309,15934,0
4,3899,78577108,-2141,-3101,7367,0,0
13,3900,78577148,-356,-257,43,0,0
37,3901,78587177,-3220,2037,320,15931,0
4,3900,78597203,-2096,-3134,7371,0,0
13,3901,78597242,-369,-332,-2,0,0
37,3902,78607195,-3253,2005,328,15928,0
L,78610928,VALID,22.379,14.645,1
4,3901,78617479,-1977,-3176,7358,0,0
13,3902,78617519,-388,-322,-29,0,0
37,3903,78627470,-3286,1980,336,15924,0
4,3902,78637504,-2010,-3167,7374,0,0
13,3903,78637544,-453,-268,38,0,0
37,3904,78647434,-3328,1956,351,15918,0
4,3903,78657572,-2005,-3277,7303,0,0
13,3904,78657611,-476,-283,32,0,0
37,3905,78667657,-3365,1931,361,15913,0
4,3904,78677677,-1974,-3325,7286,0,0
13,3905,78677717,-372,-315,-23,0,0
37,3906,78687759,-3390,1903,366,15911,0
4,3905,78697813,-1913,-3296,7337,0,0
13,3906,78697852,-232,-268,-41,0,0
37,3907,78707924,-3409,1883,368,15909,0
L,78711625,VALID,23.439,13.855,1
4,3906,78717864,-1929,-3288,7320,0,0
13,3907,78717904,-232,-197,-29,0,0
37,3908,78727977,-3431,1863,374,15907,0
4,3907,78738035,-1911,-3328,7316,0,0
13,3908,78738075,-315,-267,-54,0,0
37,3909,78748121,-3458,1839,374,15904,0
4,3908,78758103,-1838,-3385,7295,0,0
13,3909,78758143,-243,-193,-99,0,0
37,3910,78768182,-3476,1824,371,15902,0
4,3909,78778241,-1862,-3376,7289,0,0
13,3910,78778281,-178,-126,-66,0,0
37,3911,78788241,-3491,1813,369,15900,0
4,3910,78798372,-1791,-3416,7289,0,0
13,3911,78798411,-156,-67,-37,0,0
37,3912,78808367,-3502,1811,371,15897,0
L,78812078,VALID,24.090,13.360,1
4,3911,78818527,-1876,-3418,7271,0,0
13,3912,78818567,-84,12,11,0,0
37,3913,78828523,-3507,1811,370,15896,0
4,3912,78838664,-1827,-3373,7321,0,0
13,3913,78838703,-82,-4,-32,0,0
37,3914,78848532,-3519,1812,370,15894,0
4,3913,78858667,-1819,-3377,7325,0,0
13,3914,78858707,-184,74,17,0,0
37,3915,78868807,-3539,1822,374,15888,0
4,3914,78878687,-1852,-3407,7307,0,0
13,3915,78878727,-285,98,53,0,0
37,3916,78888780,-3566,1831,381,15881,0
4,3915,78898944,-1890,-3487,7243,0,0
13,3916,78898984,-297,93,88,0,0
37,3917,78909004,-3587,1839,391,15875,0
L,78912723,VALID,24.707,13.580,1
4,3916,78919113,-1880,-3466,7269,0,0
13,3917,78919153,-261,91,118,0,0
37,3918,78928934,-3609,1851,401,15868,0
4,3917,78939126,-1940,-3480,7242,0,0
13,3918,78939165,-292,133,115,0,0
37,3919,78949229,-3634,1861,412,15861,0
4,3918,78959340,-1965,-3489,7227,0,0
13,3919,78959380,-313,12,106,0,0
37,3920,78969307,-3662,1859,424,15855,0
4,3919,78979426,-1913,-3584,7182,0,0
13,3920,78979466,-314,-52,76,0,0
37,3921,78989452,-3684,1856,432,15850,0
4,3920,78999511,-1912,-3587,7169,0,0
13,3921,78999551,-188,-12,41,0,0
37,3922,79009468,-3696,1857,436,15847,0
L,79013211,VALID,25.479,13.771,1
4,3921,79019599,-1938,-3570,7203,0,0
13,3922,79019639,-118,0,18,0,0
37,3923,79029690,-3705,1856,439,15844,0
4,3922,79039743,-1913,-3542,7223,0,0
13,3923,79039810,-160,-5,30,0,0
37,3924,79049699,-3722,1857,445,15840,0
4,3923,79059933,-1949,-3586,7176,0,0
13,3924,79059972,-235,-22,32,0,0
37,3925,79069985,-3742,1853,449,15836,0
4,3924,79079985,-1861,-3655,7148,0,0
13,3925,79080024,-176,-19,12,0,0
37,3926,79089992,-3752,1857,451,15833,0
4,3925,79100096,-1926,-3627,7167,0,0
13,3926,79100136,-93,70,31,0,0
37,3927,79110147,-3759,1863,454,15831,0
L,79113864,VALID,25.930,13.840,1
4,3926,79120200,-1937,-3605,7186,0,0
13,3927,79120240,-89,67,40,0,0
37,3928,79130215,-3769,1869,457,15827,0
4,3927,79140387,-1958,-3602,7178,0,0
13,3928,79140427,-156,44,25,0,0
37,3929,79150464,-3784,1870,460,15824,0
4,3928,79160483,-1916,-3633,7176,0,0
13,3929,79160523,-198,18,24,0,0
37,3930,79170541,-3802,1873,465,15819,0
4,3929,79180646,-1930,-3676,7130,0,0
13,3930,79180686,-203,4,59,0,0
37,3931,79190782,-3817,1875,472,15815,0
4,3930,79200813,-1966,-3682,7127,0,0
13,3931,79200853,-151,27,45,0,0
37,3932,79210826,-3829,1876,475,15812,0
L,79214527,VALID,26.435,13.962,1
4,3931,79221027,-1946,-3661,7152,0,0
13,3932,79221066,-161,11,16,0,0
37,3933,79230939,-3844,1877,478,15808,0
4,3932,79240911,-1941,-3668,7164,0,0
13,3933,79240951,-219,4,24,0,0
37,3934,79250971,-3867,1879,482,15802,0
4,3933,79261109,-1973,-3774,7064,0,0
13,3934,79261149,-271,32,10,0,0
37,3935,79271186,-3885,1879,484,15797,0
4,3934,79281170,-1932,-3732,7111,0,0
13,3935,79281210,-144,13,-4,0,0
37,3936,79291202,-3897,1881,486,15794,0
4,3935,79301396,-1948,-3750,7105,0,0
13,3936,79301435,-176,10,30,0,0
37,3937,79311386,-3913,1882,492,15790,0
L,79315084,VALID,27.044,14.031,1
4,3936,79321384,-1978,-3785,7089,0,0
13,3937,79321424,-167,-2,61,0,0
37,3938,79331503,-3924,1882,498,15787,0
4,3937,79341608,-1905,-3686,7066,0,0
13,3938,79341648,-213,-36,37,0,0
37,3939,79351617,-3949,1873,498,15782,0
4,3938,79361668,-1911,-3816,7150,0,0
13,3939,79361707,-233,72,-34,0,0
37,3940,79371693,-3967,1890,502,15775,0
4,3939,79381873,-1996,-3829,7013,0,0
13,3940,79381913,-207,91,73,0,0
37,3941,79391795,-3981,1895,508,15771,0
4,3940,79401874,-2024,-3848,7041,0,0
13,3941,79401914,-126,10,23,0,0
37,3942,79411975,-3988,1894,509,15769,0
L,79415720,VALID,27.590,14.141,1
4,3941,79421953,-1989,-3826,7053,0,0
13,3942,79422020,-60,8,-4,0,0
37,3943,79432214,-3993,1894,509,15768,0
4,3942,79442160,-1965,-3835,7035,0,0
13,3943,79442200,-71,-14,-13,0,0
37,3944,79452156,-3999,1891,508,15767,0
4,3943,79462260,-1912,-3852,7045,0,0
13,3944,79462300,-30,5,4,0,0
37,3945,79472292,-4000,1896,511,15766,0
4,3944,79482319,-2000,-3825,7048,0,0
13,3945,79482359,-5,43,55,0,0
37,3946,79492421,-4000,1900,516,15765,0
4,3945,79502483,-2033,-3829,7053,0,0
13,3946,79502522,-12,-16,32,0,0
37,3947,79512560,-4001,1896,517,15765,0
L,79516296,VALID,27.681,14.168,1
4,3946,79522614,-1989,-3830,7043,0,0
13,3947,79522654,-24,-51,-10,0,0
37,3948,79532594,-4004,1891,517,15765,0
4,3947,79542792,-1966,-3857,7045,0,0
13,3948,79542832,-26,-37,-12,0,0
37,3949,79552807,-4005,1889,515,15765,0
4,3948,79562871,-1950,-3839,7030,0,0
13,3949,79562911,23,-10,-41,0,0
37,3950,79572836,-4002,1887,511,15766,0
4,3949,79582972,-1953,-3824,7055,0,0
13,3950,79583012,51,6,-28,0,0
37,3951,79593074,-3997,1889,510,15767,0
4,3950,79603032,-1968,-3805,7063,0,0
13,3951,79603072,36,18,1,0,0
37,3952,79613220,-3996,1890,510,15767,0
L,79616940,VALID,27.647,14.115,1
4,3951,79623216,-1980,-3838,7031,0,0
13,3952,79623256,13,-12,5,0,0
37,3953,79633255,-3993,1888,510,15768,0
4,3952,79643343,-1960,-3828,7060,0,0
13,3953,79643382,33,-41,-14,0,0
37,3954,79653333,-3991,1884,509,15769,0
4,3953,79663471,-1949,-3841,7045,0,0
13,3954,79663538,42,-3,1,0,0
37,3955,79673590,-3986,1886,509,15770,0
4,3954,79683629,-1969,-3814,7058,0,0
13,3955,79683668,60,8,11,0,0
37,3956,79693538,-3981,1887,510,15772,0
4,3955,79703788,-1979,-3813,7069,0,0
13,3956,79703828,30,3,5,0,0
37,3957,79713796,-3980,1888,510,15772,0
L,79717507,VALID,27.527,14.101,1
4,3956,79723886,-1980,-3827,7046,0,0
13,3957,79723926,17,-10,7,0,0
37,3958,79733864,-3977,1887,510,15773,0
4,3957,79743882,-1961,-3813,7075,0,0
13,3958,79743921,62,10,-1,0,0
37,3959,79754157,-3972,1889,510,15774,0
4,3958,79764108,-1973,-3798,7066,0,0
13,3959,79764147,49,3,13,0,0
37,3960,79774009,-3968,1889,510,15775,0
4,3959,79784227,-1976,-3792,7064,0,0
13,3960,79784294,43,-4,-15,0,0
37,3961,79794183,-3965,1887,507,15776,0
4,3960,79804313,-1954,-3803,7067,0,0
13,3961,79804353,33,-20,-29,0,0
37,3962,79814279,-3962,1886,506,15777,0
L,79817986,VALID,27.396,14.081,1
4,3961,79824461,-1954,-3807,7061,0,0
13,3962,79824501,54,5,-4,0,0
37,3963,79834586,-3957,1887,504,15778,0
4,3962,79844571,-1951,-3791,7070,0,0
13,3963,79844611,45,27,0,0,0
37,3964,79854491,-3954,1890,504,15778,0
4,3963,79864766,-1964,-3800,7070,0,0
13,3964,79864806,38,20,7,0,0
37,3965,79874655,-3950,1892,504,15779,0
4,3964,79884750,-1987,-3784,7083,0,0
13,3965,79884790,36,6,16,0,0
37,3966,79894732,-3948,1892,504,15779,0
4,3965,79904853,-1986,-3787,7061,0,0
13,3966,79904893,23,-16,-23,0,0
37,3967,79914929,-3947,1890,501,15780,0
L,79918674,VALID,27.291,14.100,1
4,3966,79924985,-1947,-3781,7077,0,0
13,3967,79925024,18,4,-26,0,0
37,3968,79934952,-3946,1891,500,15780,0
4,3967,79945052,-1975,-3785,7066,0,0
13,3968,79945092,12,21,-3,0,0
37,3969,79955178,-3945,1893,499,15780,0
4,3968,79965171,-1969,-3796,7071,0,0
13,3969,79965210,36,10,0,0,0
37,3970,79975159,-3940,1895,498,15781,0
4,3969,79985291,-1978,-3766,7076,0,0
13,3970,79985330,65,40,3,0,0
37,3971,79995401,-3935,1899,497,15782,0
4,3970,80005455,-1989,-3761,7099,0,0
13,3971,80005495,37,22,-6,0,0
37,3972,80015479,-3934,1900,496,15782,0
L,80019250,VALID,27.204,14.161,1
4,3971,80025560,-1985,-3773,7084,0,0
13,3972,80025600,4,16,-11,0,0
37,3973,80035624,-3934,1901,494,15782,0
4,3972,80045661,-1963,-3790,7051,0,0
13,3973,80045701,11,14,-16,0,0
37,3974,80055665,-3932,1903,492,15783,0
4,3973,80065867,-1966,-3790,7057,0,0
13,3974,80065907,62,47,-19,0,0
37,3975,80075918,-3925,1909,488,15784,0
4,3974,80085954,-1990,-3752,7101,0,0
13,3975,80085993,70,66,-6,0,0
37,3976,80095977,-3921,1914,487,15784,0
4,3975,80105987,-2007,-3746,7086,0,0
13,3976,80106026,28,29,-2,0,0
37,3977,80116088,-3920,1915,486,15784,0
L,80119816,VALID,27.115,14.246,1
4,3976,80126126,-2003,-3766,7070,0,0
13,3977,80126166,5,-5,-10,0,0
37,3978,80136097,-3920,1914,485,15784,0
4,3977,80146415,-1997,-3803,7062,0,0
13,3978,80146482,47,-6,-21,0,0
37,3979,80156452,-3912,1914,481,15786,0
4,3978,80166469,-1962,-3765,7083,0,0
13,3979,80166509,122,32,-25,0,0
37,3980,80176368,-3902,1919,478,15789,0
4,3979,80186555,-1996,-3713,7107,0,0
13,3980,80186595,84,52,2,0,0
37,3981,80196594,-3898,1922,477,15789,0
4,3980,80206640,-2007,-3736,7099,0,0
13,3981,80206680,33,14,0,0,0
37,3982,80216715,-3896,1923,477,15790,0
L,80220435,VALID,26.947,14.286,1
4,3981,80226719,-1998,-3745,7091,0,0
13,3982,80226759,25,1,-2,0,0
37,3983,80236844,-3894,1923,476,15790,0
4,3982,80246811,-2008,-3739,7092,0,0
13,3983,80246851,19,1,-5,0,0
37,3984,80256912,-3893,1923,475,15790,0
4,3983,80266991,-1997,-3750,7091,0,0
13,3984,80267031,15,-3,-17,0,0
37,3985,80277110,-3892,1923,473,15791,0
4,3984,80287087,-1958,-3755,7101,0,0
13,3985,80287127,28,6,-5,0,0
37,3986,80297200,-3889,1925,474,15791,0
4,3985,80307277,-2000,-3740,7087,0,0
13,3986,80307316,39,30,22,0,0
37,3987,80317275,-3885,1928,475,15792,0
L,80320993,VALID,26.870,14.317,1
4,3986,80327402,-2019,-3737,7105,0,0
13,3987,80327442,40,12,17,0,0
37,3988,80337402,-3882,1929,476,15792,0
4,3987,80347535,-2009,-3733,7099,0,0
13,3988,80347575,23,8,11,0,0
37,3989,80357514,-3881,1931,476,15792,0
4,3988,80367705,-2005,-3735,7089,0,0
13,3989,80367745,24,25,0,0,0
37,3990,80377557,-3879,1934,474,15793,0
4,3989,80387739,-2008,-3734,7088,0,0
13,3990,80387779,32,40,-24,0,0
37,3991,80397876,-3876,1936,470,15793,0
4,3990,80407774,-2005,-3718,7100,0,0
13,3991,80407814,34,37,-18,0,0
37,3992,80417856,-3873,1940,468,15793,0
L,80421594,VALID,26.794,14.388,1
4,3991,80428053,-2012,-3717,7096,0,0
13,3992,80428093,32,42,9,0,0
37,3993,80438132,-3871,1944,469,15793,0
4,3992,80448248,-2021,-3709,7102,0,0
13,3993,80448288,24,29,7,0,0
37,3994,80458072,-3869,1946,469,15793,0
4,3993,80468230,-2038,-3716,7096,0,0
13,3994,80468270,3,8,4,0,0
37,3995,80478312,-3870,1946,468,15793,0
4,3994,80488409,-2013,-3730,7108,0,0
13,3995,80488449,11,-11,-7,0,0
37,3996,80498357,-3869,1945,468,15794,0
4,3995,80508539,-1986,-3724,7087,0,0
13,3996,80508578,21,28,14,0,0
37,3997,80518537,-3866,1952,468,15794,0
L,80522273,VALID,26.746,14.470,1
4,3996,80528600,-2033,-3719,7098,0,0
13,3997,80528640,49,75,2,0,0
37,3998,80538561,-3861,1959,466,15794,0
4,3997,80548710,-2033,-3694,7101,0,0
13,3998,80548750,46,91,9,0,0
37,3999,80558807,-3859,1966,465,15794,0
4,3998,80568839,-2044,-3718,7110,0,0
13,3999,80568879,31,84,11,0,0
37,4000,80578845,-3857,1974,464,15793,0
4,3999,80588995,-2053,-3710,7092,0,0
13,4000,80589034,17,43,15,0,0
37,4001,80599044,-3854,1977,464,15793,0
4,4000,80609071,-2060,-3696,7109,0,0
13,4001,80609111,28,37,3,0,0
37,4002,80619094,-3853,1980,463,15793,0
L,80622787,VALID,26.668,14.654,1
4,4001,80629210,-2028,-3710,7103,0,0
13,4002,80629250,26,35,-9,0,0
37,4003,80639222,-3850,1984,461,15794,0
4,4002,80649346,-2046,-3698,7101,0,0
13,4003,80649386,34,63,9,0,0
37,4004,80659330,-3848,1991,460,15793,0
4,4003,80669545,-2052,-3698,7090,0,0
13,4004,80669585,36,92,9,0,0
37,4005,80679586,-3845,2000,459,15793,0
4,4004,80689597,-2085,-3677,7111,0,0
13,4005,80689637,10,82,10,0,0
37,4006,80699627,-3846,2005,459,15792,0
4,4005,80709743,-2115,-3700,7068,0,0
13,4006,80709783,-16,24,6,0,0
37,4007,80719827,-3847,2005,457,15792,0
L,80723545,VALID,26.640,14.815,1
4,4006,80729838,-2038,-3723,7075,0,0
13,4007,80729878,30,-5,-47,0,0
37,4008,80739852,-3843,2005,454,15793,0
4,4007,80750093,-2062,-3697,7106,0,0
13,4008,80750133,58,41,-2,0,0
37,4009,80759989,-3838,2010,453,15794,0
4,4008,80769998,-2090,-3675,7103,0,0
13,4009,80770037,30,18,3,0,0
37,4010,80780039,-3837,2011,453,15794,0
4,4009,80790206,-2073,-3696,7095,0,0
13,4010,80790246,2,4,3,0,0
37,4011,80800270,-3838,2012,453,15793,0
4,4010,80810275,-2054,-3687,7098,0,0
13,4011,80810315,19,20,-3,0,0
37,4012,80820323,-3835,2016,453,15794,0
L,80824025,VALID,26.559,14.884,1
4,4011,80830473,-2088,-3673,7111,0,0
13,4012,80830513,33,50,40,0,0
37,4013,80840452,-3833,2021,456,15793,0
4,4012,80850497,-2120,-3667,7100,0,0
13,4013,80850537,0,18,27,0,0
37,4014,80860571,-3833,2021,456,15793,0
4,4013,80870712,-2090,-3688,7093,0,0
13,4014,80870752,0,-9,-29,0,0
37,4015,80880702,-3834,2019,453,15793,0
4,4014,80890780,-2059,-3716,7091,0,0
13,4015,80890820,27,15,-24,0,0
37,4016,80900804,-3829,2023,450,15794,0
4,4015,80910980,-2092,-3682,7097,0,0
13,4016,80911020,62,49,-1,0,0
37,4017,80920943,-3824,2027,449,15795,0
L,80924652,VALID,26.487,14.953,1
4,4016,80931025,-2099,-3644,7119,0,0
13,4017,80931065,25,23,-2,0,0
37,4018,80941105,-3825,2028,449,15795,0
4,4017,80951124,-2091,-3700,7089,0,0
13,4018,80951164,-12,-4,-13,0,0
37,4019,80961330,-3826,2027,447,15795,0
4,4018,80971288,-2075,-3683,7102,0,0
13,4019,80971328,16,14,6,0,0
37,4020,80981285,-3824,2030,448,15795,0
4,4019,80991468,-2107,-3670,7094,0,0
13,4020,80991507,22,12,17,0,0
37,4021,81001466,-3822,2030,450,15795,0
4,4020,81011493,-2092,-3675,7100,0,0
13,4021,81011533,16,-11,7,0,0
37,4022,81021647,-3821,2030,450,15795,0
L,81025366,VALID,26.466,14.976,1
4,4021,81031668,-2072,-3686,7090,0,0
13,4022,81031708,36,29,9,0,0
37,4023,81041813,-3816,2036,449,15796,0
4,4022,81051848,-2105,-3667,7111,0,0
13,4023,81051888,65,74,23,0,0
37,4024,81061846,-3810,2043,450,15796,0
4,4023,81071993,-2142,-3614,7122,0,0
13,4024,81072032,35,53,20,0,0
37,4025,81081999,-3809,2046,450,15796,0
4,4024,81092053,-2107,-3656,7097,0,0
13,4025,81092093,-12,5,-9,0,0
37,4026,81102051,-3811,2047,448,15795,0
4,4025,81112205,-2070,-3708,7071,0,0
13,4026,81112245,29,40,-10,0,0
37,4027,81122310,-3805,2055,445,15796,0
L,81126028,VALID,26.363,15.140,1
4,4026,81132278,-2116,-3661,7110,0,0
13,4027,81132318,111,148,1,0,0
37,4028,81142438,-3796,2068,442,15797,0
4,4027,81152474,-2171,-3617,7112,0,0
13,4028,81152514,70,106,12,0,0
37,4029,81162481,-3793,2074,441,15797,0
4,4028,81172587,-2170,-3648,7118,0,0
13,4029,81172627,-3,21,-10,0,0
37,4030,81182598,-3795,2074,439,15796,0
4,4029,81192723,-2110,-3665,7089,0,0
13,4030,81192763,0,0,-11,0,0
37,4031,81202806,-3794,2075,440,15796,0
4,4030,81212895,-2108,-3656,7107,0,0
13,4031,81212935,24,44,41,0,0
37,4032,81222807,-3791,2082,443,15796,0
L,81226517,VALID,26.275,15.322,1
4,4031,81232982,-2150,-3639,7109,0,0
13,4032,81233022,42,80,43,0,0
37,4033,81243057,-3786,2091,443,15796,0
4,4032,81253161,-2173,-3623,7113,0,0
13,4033,81253201,36,85,12,0,0
37,4034,81263152,-3784,2097,441,15796,0
4,4033,81273160,-2185,-3622,7120,0,0
13,4034,81273200,9,43,-4,0,0
37,4035,81283454,-3786,2099,440,15795,0
4,4034,81293430,-2167,-3654,7088,0,0
13,4035,81293469,2,13,-8,0,0
37,4036,81303277,-3784,2100,439,15795,0
4,4035,81313557,-2145,-3629,7100,0,0
13,4036,81313597,16,6,-4,0,0
37,4037,81323503,-3785,2100,439,15795,0
L,81327214,VALID,26.243,15.439,1
4,4036,81333627,-2152,-3654,7094,0,0
13,4037,81333667,-5,7,13,0,0
37,4038,81343615,-3785,2102,441,15795,0
4,4037,81353762,-2155,-3635,7100,0,0
13,4038,81353801,6,-2,8,0,0
37,4039,81363906,-3785,2103,441,15795,0
4,4038,81373876,-2172,-3641,7095,0,0
13,4039,81373915,0,17,3,0,0
37,4040,81383813,-3786,2104,441,15794,0
4,4039,81394064,-2164,-3633,7096,0,0
13,4040,81394130,-3,-5,-8,0,0
37,4041,81403950,-3787,2103,440,15794,0
4,4040,81414105,-2147,-3648,7092,0,0
13,4041,81414145,-2,-5,0,0,0
37,4042,81424109,-3787,2103,441,15794,0
L,81427815,VALID,26.257,15.463,1
4,4041,81434188,-2148,-3652,7098,0,0
13,4042,81434228,4,8,12,0,0
37,4043,81444309,-3787,2105,441,15794,0
4,4042,81454321,-2168,-3634,7096,0,0
13,4043,81454360,24,11,5,0,0
37,4044,81464300,-3784,2106,441,15794,0
4,4043,81474392,-2179,-3622,7106,0,0
13,4044,81474432,21,5,4,0,0
37,4045,81484498,-3783,2107,441,15795,0
4,4044,81494519,-2147,-3626,7094,0,0
13,4045,81494559,13,-4,-5,0,0
37,4046,81504499,-3782,2107,441,15795,0
4,4045,81514654,-2138,-3638,7099,0,0
13,4046,81514694,16,23,15,0,0
37,4047,81524770,-3780,2111,442,15795,0
L,81528503,VALID,26.208,15.520,1
4,4046,81534885,-2171,-3636,7100,0,0
13,4047,81534924,39,58,24,0,0
37,4048,81544875,-3776,2117,442,15795,0
4,4047,81554942,-2208,-3608,7116,0,0
13,4048,81554982,10,27,11,0,0
37,4049,81565032,-3778,2117,442,15794,0
4,4048,81575078,-2185,-3627,7098,0,0
13,4049,81575117,-31,-38,-39,0,0
37,4050,81585043,-3781,2111,439,15795,0
4,4049,81595233,-2122,-3667,7084,0,0
13,4050,81595272,2,-12,-28,0,0
37,4051,81605309,-3778,2113,438,15795,0
4,4050,81615318,-2175,-3625,7120,0,0
13,4051,81615358,36,26,18,0,0
37,4052,81625377,-3776,2115,440,15795,0
L,81629113,VALID,26.183,15.544,1
4,4051,81635424,-2185,-3623,7104,0,0
13,4052,81635463,-9,-5,17,0,0
37,4053,81645470,-3778,2115,441,15795,0
4,4052,81655550,-2185,-3646,7097,0,0
13,4053,81655617,1,-18,-13,0,0
37,4054,81665513,-3777,2112,438,15795,0
4,4053,81675834,-2151,-3634,7114,0,0
13,4054,81675874,27,-6,-29,0,0
37,4055,81685851,-3775,2112,436,15796,0
4,4054,81695857,-2151,-3625,7112,0,0
13,4055,81695897,24,18,-3,0,0
37,4056,81705788,-3773,2116,436,15796,0
4,4055,81715892,-2165,-3620,7104,0,0
13,4056,81715932,26,38,14,0,0
37,4057,81725986,-3771,2120,437,15796,0
L,81729705,VALID,26.151,15.574,1
4,4056,81736015,-2183,-3618,7109,0,0
13,4057,81736055,5,36,20,0,0
37,4058,81746072,-3771,2123,438,15795,0
4,4057,81756125,-2197,-3623,7092,0,0
13,4058,81756165,-4,0,16,0,0
37,4059,81766235,-3772,2122,440,15795,0
4,4058,81776186,-2194,-3626,7088,0,0
13,4059,81776226,3,-25,-5,0,0
37,4060,81786276,-3771,2119,438,15796,0
4,4059,81796418,-2153,-3618,7117,0,0
13,4060,81796458,15,-8,-22,0,0
37,4061,81806468,-3771,2119,437,15796,0
4,4060,81816495,-2171,-3618,7103,0,0
13,4061,81816535,1,6,-11,0,0
37,4062,81826577,-3771,2119,436,15796,0
L,81830290,VALID,26.151,15.565,1
4,4061,81836616,-2182,-3628,7102,0,0
13,4062,81836656,-4,-12,-9,0,0
37,4063,81846648,-3771,2118,434,15796,0
4,4062,81856743,-2169,-3629,7110,0,0
13,4063,81856783,26,-20,-32,0,0
37,4064,81866726,-3769,2116,432,15797,0
4,4063,81876915,-2163,-3623,7096,0,0
13,4064,81876955,13,-2,-4,0,0
37,4065,81886896,-3768,2116,433,15797,0
4,4064,81897078,-2175,-3612,7117,0,0
13,4065,81897144,18,0,8,0,0
37,4066,81906909,-3767,2117,433,15797,0
4,4065,81917129,-2184,-3611,7117,0,0
13,4066,81917169,-2,-13,-24,0,0
37,4067,81927263,-3768,2114,430,15797,0
L,81930977,VALID,26.133,15.522,1
4,4066,81937185,-2161,-3626,7106,0,0
13,4067,81937225,0,-17,-21,0,0
37,4068,81947256,-3768,2112,430,15798,0
4,4067,81957407,-2155,-3625,7103,0,0
13,4068,81957446,0,-5,5,0,0
37,4069,81967489,-3769,2113,430,15797,0
4,4068,81977552,-2157,-3629,7104,0,0
13,4069,81977592,13,9,6,0,0
37,4070,81987401,-3767,2114,431,15798,0
4,4069,81997584,-2158,-3616,7118,0,0
13,4070,81997624,7,10,16,0,0
37,4071,82007695,-3767,2116,432,15797,0
4,4070,82017775,-2190,-3617,7118,0,0
13,4071,82017815,-3,8,10,0,0
37,4072,82027746,-3768,2116,433,15797,0
L,82031492,VALID,26.130,15.540,1
4,4071,82037898,-2176,-3616,7101,0,0
13,4072,82037938,0,-17,3,0,0
37,4073,82047951,-3767,2116,433,15797,0
4,4072,82058023,-2169,-3614,7111,0,0
13,4073,82058063,3,-10,-2,0,0
37,4074,82067987,-3768,2115,433,15797,0
4,4073,82078092,-2173,-3610,7118,0,0
13,4074,82078132,-5,-2,-9,0,0
37,4075,82088194,-3768,2115,432,15797,0
4,4074,82098205,-2158,-3617,7114,0,0
13,4075,82098244,0,-9,-26,0,0
37,4076,82108184,-3769,2113,430,15798,0
4,4075,82118384,-2132,-3636,7099,0,0
13,4076,82118424,-3,-5,-4,0,0
37,4077,82128443,-3768,2113,431,15797,0
L,82132215,VALID,26.131,15.517,1
4,4076,82138448,-2163,-3620,7104,0,0
13,4077,82138487,18,17,39,0,0
37,4078,82148467,-3766,2116,434,15798,0
4,4077,82158582,-2199,-3602,7118,0,0
13,4078,82158649,9,-12,24,0,0
37,4079,82168658,-3767,2113,436,15798,0
4,4078,82178730,-2159,-3609,7106,0,0
13,4079,82178770,-27,-25,14,0,0
37,4080,82188736,-3770,2112,438,15797,0
4,4079,82198900,-2168,-3634,7102,0,0
13,4080,82198940,-25,-15,3,0,0
37,4081,82208925,-3771,2111,437,15797,0
4,4080,82218942,-2163,-3626,7107,0,0
13,4081,82218982,2,16,-10,0,0
37,4082,82228967,-3771,2113,436,15797,0
L,82232686,VALID,26.148,15.524,1
4,4081,82239065,-2171,-3614,7103,0,0
13,4082,82239105,12,15,-15,0,0
37,4083,82249209,-3770,2114,435,15797,0
4,4082,82259228,-2180,-3607,7114,0,0
13,4083,82259267,4,0,-4,0,0
37,4084,82269250,-3771,2113,435,15797,0
4,4083,82279488,-2168,-3626,7109,0,0
13,4084,82279527,-15,-29,-14,0,0
37,4085,82289417,-3772,2111,433,15797,0
4,4084,82299406,-2162,-3640,7095,0,0
13,4085,82299446,-1,-14,-34,0,0
37,4086,82309455,-3771,2109,431,15797,0
4,4085,82319596,-2157,-3622,7117,0,0
13,4086,82319636,21,-5,-27,0,0
37,4087,82329689,-3771,2108,429,15798,0
L,82333400,VALID,26.151,15.478,1
4,4086,82339676,-2166,-3630,7101,0,0
13,4087,82339715,11,-9,-17,0,0
37,4088,82349698,-3770,2106,427,15798,0
4,4087,82359880,-2157,-3625,7123,0,0
13,4088,82359919,4,-14,-17,0,0
37,4089,82369862,-3771,2106,427,15798,0
4,4088,82379888,-2167,-3624,7112,0,0
13,4089,82379928,-18,-3,-1,0,0
37,4090,82390007,-3773,2106,427,15797,0
4,4089,82400138,-2159,-3629,7099,0,0
13,4090,82400206,-16,-3,3,0,0
37,4091,82410135,-3774,2105,427,15797,0
4,4090,82420208,-2161,-3639,7095,0,0
13,4091,82420248,8,-23,-12,0,0
37,4092,82430254,-3772,2102,426,15798,0
L,82433949,VALID,26.159,15.432,1
4,4091,82440409,-2139,-3608,7118,0,0
13,4092,82440448,13,-12,-14,0,0
37,4093,82450360,-3772,2102,426,15798,0
4,4092,82460417,-2159,-3618,7113,0,0
13,4093,82460457,-8,-8,-3,0,0
37,4094,82470479,-3773,2101,426,15798,0
4,4093,82480489,-2174,-3625,7102,0,0
13,4094,82480529,-13,-27,-11,0,0
37,4095,82490739,-3774,2097,425,15798,0
4,4094,82500714,-2113,-3643,7112,0,0
13,4095,82500754,16,-26,-16,0,0
37,4096,82510685,-3772,2097,425,15799,0
4,4095,82520849,-2154,-3624,7110,0,0
13,4096,82520889,20,0,19,0,0
37,4097,82530856,-3770,2097,426,15799,0
L,82534594,VALID,26.142,15.398,1
4,4096,82540931,-2171,-3612,7113,0,0
13,4097,82540971,21,-30,4,0,0
37,4098,82551038,-3770,2092,428,15800,0
4,4097,82561109,-2134,-3624,7120,0,0
13,4098,82561149,-8,-60,9,0,0
37,4099,82571201,-3770,2088,430,15800,0
4,4098,82581238,-2149,-3628,7105,0,0
13,4099,82581278,-4,-29,11,0,0
37,4100,82591220,-3770,2088,431,15801,0
4,4099,82601332,-2149,-3615,7118,0,0
13,4100,82601372,3,-5,0,0,0
37,4101,82611355,-3769,2087,430,15801,0
4,4100,82621426,-2139,-3622,7123,0,0
13,4101,82621466,5,-1,-9,0,0
37,4102,82631406,-3770,2088,429,15801,0
L,82635134,VALID,26.134,15.341,1
4,4101,82641591,-2136,-3633,7101,0,0
13,4102,82641631,-1,0,-11,0,0
37,4103,82651673,-3771,2088,429,15800,0
4,4102,82661658,-2138,-3629,7109,0,0
13,4103,82661725,4,4,0,0,0
37,4104,82671838,-3770,2088,429,15801,0
4,4103,82681858,-2152,-3621,7119,0,0
13,4104,82681898,6,-5,-2,0,0
37,4105,82691905,-3770,2087,428,15801,0
4,4104,82701994,-2137,-3624,7108,0,0
13,4105,82702034,6,-12,-11,0,0
37,4106,82711975,-3769,2085,427,15801,0
4,4105,82722079,-2127,-3615,7125,0,0
13,4106,82722119,-1,-18,-2,0,0
37,4107,82732191,-3770,2084,428,15801,0
L,82735883,VALID,26.133,15.312,1
4,4106,82742245,-2158,-3614,7111,0,0
13,4107,82742285,-10,-21,-1,0,0
37,4108,82752181,-3772,2081,429,15801,0
4,4107,82762380,-2125,-3629,7121,0,0
13,4108,82762420,-12,-34,-7,0,0
37,4109,82772431,-3773,2080,429,15801,0
4,4108,82782529,-2137,-3627,7117,0,0
13,4109,82782568,-3,-9,0,0,0
37,4110,82792530,-3773,2080,429,15801,0
4,4109,82802562,-2138,-3618,7122,0,0
13,4110,82802602,-5,-3,0,0,0
37,4111,82812817,-3774,2079,429,15801,0
4,4110,82822794,-2145,-3624,7116,0,0
13,4111,82822834,-7,-30,-2,0,0
37,4112,82832679,-3774,2076,430,15801,0
L,82836424,VALID,26.157,15.260,1
4,4111,82842898,-2130,-3637,7101,0,0
13,4112,82842938,14,-41,10,0,0
37,4113,82852861,-3772,2072,432,15802,0
4,4112,82862964,-2130,-3617,7122,0,0
13,4113,82863004,14,-49,0,0,0
37,4114,82872997,-3771,2068,432,15803,0
4,4113,82883136,-2112,-3621,7123,0,0
13,4114,82883175,6,-19,-13,0,0
37,4115,82893335,-3770,2068,430,15803,0
4,4114,82903320,-2113,-3613,7137,0,0
13,4115,82903360,4,9,-12,0,0
37,4116,82913216,-3772,2069,430,15803,0
4,4115,82923524,-2132,-3617,7120,0,0
13,4116,82923564,-36,7,4,0,0
37,4117,82933402,-3776,2069,431,15802,0
L,82937120,VALID,26.167,15.213,1
4,4116,82943481,-2133,-3636,7101,0,0
13,4117,82943521,-37,-27,-15,0,0
37,4118,82953497,-3779,2065,430,15801,0
4,4117,82963549,-2115,-3644,7106,0,0
13,4118,82963589,-20,-37,-11,0,0
37,4119,82973661,-3780,2062,430,15801,0
4,4118,82983711,-2116,-3635,7119,0,0
13,4119,82983751,-1,-5,-5,0,0
37,4120,82993693,-3780,2063,429,15801,0
4,4119,83003736,-2101,-3625,7115,0,0
13,4120,83003776,10,5,-3,0,0
37,4121,83013881,-3779,2064,430,15801,0
4,4120,83023918,-2137,-3632,7122,0,0
13,4121,83023958,7,9,12,0,0
37,4122,83033820,-3779,2065,430,15801,0
L,83037565,VALID,26.189,15.185,1
4,4121,83044042,-2100,-3642,7120,0,0
13,4122,83044081,28,5,6,0,0
37,4123,83054138,-3776,2068,431,15802,0
4,4122,83064202,-2159,-3607,7120,0,0
13,4123,83064241,-18,30,16,0,0
37,4124,83074217,-3779,2067,432,15801,0
4,4123,83084248,-2126,-3639,7108,0,0
13,4124,83084287,-22,-38,-6,0,0
37,4125,83094322,-3781,2063,433,15801,0
4,4124,83104372,-2101,-3644,7114,0,0
13,4125,83104412,-6,-41,10,0,0
37,4126,83114346,-3780,2061,435,15801,0
4,4125,83124535,-2132,-3616,7117,0,0
13,4126,83124574,-3,-22,10,0,0
37,4127,83134621,-3781,2059,435,15802,0
L,83138366,VALID,26.196,15.151,1
4,4126,83144643,-2087,-3628,7119,0,0
13,4127,83144682,-14,-13,-1,0,0
37,4128,83154725,-3783,2059,436,15801,0
4,4127,83164744,-2116,-3643,7107,0,0
13,4128,83164784,-17,11,8,0,0
37,4129,83174832,-3784,2061,436,15801,0
4,4128,83184863,-2113,-3642,7109,0,0
13,4129,83184903,10,19,5,0,0
37,4130,83194850,-3782,2063,437,15801,0
4,4129,83205087,-2129,-3640,7117,0,0
13,4130,83205127,16,16,19,0,0
37,4131,83215086,-3781,2065,438,15801,0
4,4130,83225093,-2141,-3614,7127,0,0
13,4131,83225133,2,0,-3,0,0
37,4132,83235022,-3783,2064,437,15800,0
L,83238742,VALID,26.212,15.189,1
4,4131,83245173,-2131,-3642,7120,0,0
13,4132,83245213,-33,-15,-11,0,0
37,4133,83255247,-3786,2063,437,15800,0
4,4132,83265240,-2123,-3650,7091,0,0
13,4133,83265280,-14,-22,-19,0,0
37,4134,83275342,-3786,2060,436,15800,0
4,4133,83285404,-2105,-3642,7116,0,0
13,4134,83285444,18,-12,-3,0,0
37,4135,83295501,-3784,2060,436,15801,0
4,4134,83305482,-2124,-3625,7118,0,0
13,4135,83305522,0,1,6,0,0
37,4136,83315562,-3785,2061,437,15800,0
4,4135,83325652,-2112,-3649,7106,0,0
13,4136,83325692,2,-2,-2,0,0
37,4137,83335708,-3785,2061,436,15800,0
L,83339438,VALID,26.227,15.167,1
4,4136,83345740,-2119,-3634,7120,0,0
13,4137,83345780,6,3,-7,0,0
37,4138,83355795,-3785,2061,435,15800,0
4,4137,83365858,-2124,-3629,7111,0,0
13,4138,83365897,-4,-6,-11,0,0
37,4139,83375866,-3786,2059,434,15800,0
4,4138,83385995,-2111,-3630,7125,0,0
13,4139,83386034,-18,-26,-14,0,0
37,4140,83395986,-3789,2057,434,15800,0
4,4139,83406177,-2093,-3651,7110,0,0
13,4140,83406217,-24,-10,-16,0,0
37,4141,83416139,-3790,2057,433,15800,0
4,4140,83426331,-2106,-3647,7113,0,0
13,4141,83426371,-13,7,-2,0,0
37,4142,83436150,-3792,2058,433,15799,0
L,83439849,VALID,26.279,15.141,1
4,4141,83446317,-2106,-3646,7101,0,0
13,4142,83446357,1,9,5,0,0
37,4143,83456430,-3791,2059,434,15799,0
4,4142,83466355,-2112,-3652,7099,0,0
13,4143,83466395,14,20,15,0,0
37,4144,83476414,-3789,2062,434,15799,0
4,4143,83486569,-2124,-3630,7121,0,0
13,4144,83486608,27,31,11,0,0
37,4145,83496681,-3787,2065,434,15799,0
4,4144,83506787,-2134,-3626,7112,0,0
13,4145,83506827,13,6,-1,0,0
37,4146,83516611,-3787,2064,434,15799,0
4,4145,83526776,-2105,-3648,7113,0,0
13,4146,83526816,-4,-2,17,0,0
37,4147,83536939,-3787,2066,436,15799,0
L,83540658,VALID,26.244,15.201,1
4,4146,83547072,-2120,-3642,7100,0,0
13,4147,83547112,12,26,25,0,0
37,4148,83557015,-3785,2070,437,15799,0
4,4147,83567156,-2136,-3615,7124,0,0
13,4148,83567196,3,33,10,0,0
37,4149,83577128,-3786,2072,437,15799,0
4,4148,83587205,-2129,-3641,7100,0,0
13,4149,83587245,-9,2,2,0,0
37,4150,83597161,-3787,2073,437,15798,0
4,4149,83607257,-2135,-3661,7096,0,0
13,4150,83607297,30,7,0,0,0
37,4151,83617367,-3783,2073,437,15799,0
4,4150,83627421,-2126,-3617,7126,0,0
13,4151,83627461,25,-12,-3,0,0
37,4152,83637376,-3783,2072,437,15799,0
L,83641112,VALID,26.216,15.244,1
4,4151,83647586,-2130,-3625,7117,0,0
13,4152,83647653,-17,-11,4,0,0
37,4153,83657654,-3784,2070,438,15799,0
4,4152,83667637,-2141,-3631,7109,0,0
13,4153,83667677,-17,-37,-18,0,0
37,4154,83677694,-3786,2065,436,15799,0
4,4153,83687791,-2095,-3656,7106,0,0
13,4154,83687830,-12,-31,-20,0,0
37,4155,83697816,-3787,2064,436,15799,0
4,4154,83707910,-2105,-3640,7122,0,0
13,4155,83707950,14,17,13,0,0
37,4156,83717875,-3785,2068,437,15799,0
4,4155,83728065,-2148,-3626,7104,0,0
13,4156,83728105,16,21,2,0,0
37,4157,83738132,-3784,2068,436,15799,0
L,83741852,VALID,26.223,15.215,1
4,4156,83748128,-2110,-3641,7119,0,0
13,4157,83748168,9,0,-10,0,0
37,4158,83758166,-3784,2069,436,15800,0
4,4157,83768262,-2120,-3642,7108,0,0
13,4158,83768302,21,4,13,0,0
37,4159,83778391,-3781,2070,437,15800,0
4,4158,83788429,-2143,-3620,7130,0,0
13,4159,83788469,9,-1,8,0,0
37,4160,83798432,-3782,2070,437,15800,0
4,4159,83808677,-2117,-3650,7111,0,0
13,4160,83808717,0,-3,-7,0,0
37,4161,83818588,-3781,2070,436,15800,0
4,4160,83828579,-2106,-3636,7120,0,0
13,4161,83828619,26,24,-4,0,0
37,4162,83838613,-3779,2073,436,15800,0
L,83842332,VALID,26.188,15.250,1
4,4161,83848694,-2144,-3616,7119,0,0
13,4162,83848734,18,22,19,0,0
37,4163,83858810,-3778,2074,437,15800,0
4,4162,83868821,-2137,-3623,7128,0,0
13,4163,83868861,-12,-13,15,0,0
37,4164,83878819,-3780,2073,439,15800,0
4,4163,83889027,-2129,-3647,7095,0,0
13,4164,83889066,-4,-9,-2,0,0
37,4165,83898973,-3779,2073,437,15800,0
4,4164,83908991,-2115,-3640,7118,0,0
13,4165,83909058,37,7,-3,0,0
37,4166,83919146,-3775,2075,438,15801,0
4,4165,83929216,-2149,-3602,7117,0,0
13,4166,83929256,24,15,10,0,0
37,4167,83939214,-3774,2076,438,15801,0
L,83942960,VALID,26.150,15.273,1
4,4166,83949294,-2125,-3615,7115,0,0
13,4167,83949334,-1,-3,-3,0,0
37,4168,83959309,-3775,2076,438,15801,0
4,4167,83969413,-2133,-3641,7110,0,0
13,4168,83969453,14,17,5,0,0
37,4169,83979376,-3772,2078,438,15801,0
4,4168,83989464,-2136,-3621,7117,0,0
13,4169,83989504,37,9,11,0,0
37,4170,83999531,-3769,2078,438,15802,0
4,4169,84009516,-2115,-3628,7113,0,0
13,4170,84009555,34,-11,11,0,0
37,4171,84019756,-3765,2078,439,15803,0
4,4170,84029680,-2136,-3604,7141,0,0
13,4171,84029747,17,16,12,0,0
37,4172,84039675,-3765,2079,441,15802,0
L,84043421,VALID,26.084,15.300,1
4,4171,84049861,-2138,-3616,7115,0,0
13,4172,84049901,7,-3,16,0,0
37,4173,84059857,-3765,2080,441,15802,0
4,4172,84069876,-2134,-3621,7121,0,0
13,4173,84069915,-1,0,12,0,0
37,4174,84079985,-3765,2080,442,15802,0
4,4173,84090021,-2150,-3618,7114,0,0
13,4174,84090061,16,-15,-12,0,0
37,4175,84100117,-3763,2077,441,15803,0
4,4174,84110134,-2129,-3613,7125,0,0
13,4175,84110174,12,-22,-10,0,0
37,4176,84120141,-3763,2075,440,15804,0
4,4175,84130244,-2123,-3618,7124,0,0
13,4176,84130284,18,-23,-20,0,0
37,4177,84140286,-3761,2073,438,15804,0
L,84144014,VALID,26.053,15.254,1
4,4176,84150359,-2114,-3610,7139,0,0
13,4177,84150399,19,-11,-6,0,0
37,4178,84160293,-3760,2072,438,15805,0
4,4177,84170530,-2138,-3615,7122,0,0
13,4178,84170570,1,-3,3,0,0
37,4179,84180603,-3760,2072,438,15805,0
4,4178,84190555,-2132,-3625,7117,0,0
13,4179,84190595,19,-5,-16,0,0
37,4180,84200673,-3757,2072,436,15806,0
4,4179,84210726,-2121,-3606,7139,0,0
13,4180,84210765,28,-1,-25,0,0
37,4181,84220725,-3756,2071,434,15806,0
4,4180,84230828,-2117,-3612,7127,0,0
13,4181,84230868,1,4,-12,0,0
37,4182,84240809,-3757,2071,433,15806,0
L,84244528,VALID,26.026,15.232,1
4,4181,84250942,-2119,-3613,7124,0,0
13,4182,84250982,-6,-5,-6,0,0
37,4183,84261016,-3758,2071,433,15806,0
4,4182,84271095,-2107,-3627,7109,0,0
13,4183,84271162,17,2,7,0,0
37,4184,84280980,-3755,2073,434,15806,0
4,4183,84291233,-2147,-3603,7147,0,0
13,4184,84291272,27,22,10,0,0
37,4185,84301274,-3754,2073,433,15806,0
4,4184,84311370,-2132,-3585,7130,0,0
13,4185,84311410,-19,-21,-30,0,0
37,4186,84321335,-3758,2070,431,15806,0
4,4185,84331368,-2091,-3632,7101,0,0
13,4186,84331407,-17,-1,-11,0,0
37,4187,84341559,-3757,2072,431,15806,0
L,84345277,VALID,26.028,15.235,1
4,4186,84351544,-2147,-3612,7115,0,0
13,4187,84351584,24,30,11,0,0
37,4188,84361411,-3755,2075,431,15806,0
4,4187,84371677,-2157,-3592,7129,0,0
13,4188,84371716,15,-2,-15,0,0
37,4189,84381582,-3755,2073,429,15806,0
4,4188,84391678,-2121,-3602,7125,0,0
13,4189,84391718,0,-21,-38,0,0
37,4190,84401701,-3756,2070,427,15806,0
4,4189,84411878,-2107,-3613,7139,0,0
13,4190,84411918,-18,-18,2,0,0
37,4191,84422038,-3758,2070,429,15806,0
4,4190,84431996,-2128,-3624,7089,0,0
13,4191,84432036,-6,3,14,0,0
37,4192,84441916,-3757,2071,429,15806,0
L,84445618,VALID,26.030,15.225,1
4,4191,84452118,-2111,-3604,7136,0,0
13,4192,84452158,28,24,1,0,0
37,4193,84462063,-3755,2074,428,15806,0
4,4192,84472114,-2144,-3604,7121,0,0
13,4193,84472154,4,16,1,0,0
37,4194,84482139,-3755,2074,428,15806,0
4,4193,84492227,-2148,-3608,7121,0,0
13,4194,84492266,0,-24,-28,0,0
37,4195,84502286,-3756,2069,425,15806,0
4,4194,84512339,-2106,-3611,7134,0,0
13,4195,84512379,-12,-34,-34,0,0
37,4196,84522338,-3758,2067,424,15806,0
4,4195,84532389,-2107,-3623,7119,0,0
13,4196,84532457,-23,-20,0,0,0
37,4197,84542563,-3759,2066,426,15806,0
L,84546262,VALID,26.045,15.186,1
4,4196,84552592,-2110,-3638,7115,0,0
13,4197,84552631,14,-1,18,0,0
37,4198,84562544,-3757,2068,427,15806,0
4,4197,84572706,-2153,-3595,7141,0,0
13,4198,84572746,23,5,16,0,0
37,4199,84582758,-3756,2067,428,15807,0
4,4198,84592837,-2140,-3602,7121,0,0
13,4199,84592876,-22,-33,-12,0,0
37,4200,84602862,-3759,2062,426,15807,0
4,4199,84612914,-2107,-3628,7129,0,0
13,4200,84612953,-11,-54,-34,0,0
37,4201,84622999,-3759,2057,426,15807,0
4,4200,84633051,-2091,-3607,7128,0,0
13,4201,84633091,4,-24,0,0,0
37,4202,84643031,-3759,2057,426,15807,0
L,84646777,VALID,26.041,15.125,1
4,4201,84653210,-2123,-3624,7121,0,0
13,4202,84653250,11,3,7,0,0
37,4203,84663323,-3758,2058,426,15807,0
4,4202,84673310,-2125,-3604,7126,0,0
13,4203,84673350,8,-6,-17,0,0
37,4204,84683384,-3758,2057,424,15808,0
4,4203,84693403,-2137,-3625,7120,0,0
13,4204,84693443,11,-33,-41,0,0
37,4205,84703472,-3757,2051,420,15809,0
4,4204,84713463,-2096,-3618,7123,0,0
13,4205,84713502,28,-53,-43,0,0
37,4206,84723472,-3755,2046,419,15810,0
4,4205,84733745,-2075,-3617,7124,0,0
13,4206,84733785,39,-14,5,0,0
37,4207,84743729,-3750,2048,420,15811,0
L,84747491,VALID,25.974,15.053,1
4,4206,84753759,-2105,-3585,7151,0,0
13,4207,84753798,23,-5,9,0,0
37,4208,84763710,-3750,2047,420,15811,0
4,4207,84773831,-2115,-3605,7129,0,0
13,4208,84773899,0,-9,-3,0,0
37,4209,84783943,-3750,2045,420,15811,0
4,4208,84793972,-2128,-3605,7134,0,0
13,4209,84794012,5,-48,-30,0,0
37,4210,84804011,-3750,2039,417,15812,0
4,4209,84814063,-2089,-3606,7128,0,0
13,4210,84814103,0,-73,-53,0,0
37,4211,84824106,-3750,2031,414,15813,0
4,4210,84834088,-2037,-3613,7129,0,0
13,4211,84834128,30,-55,-32,0,0
37,4212,84844218,-3746,2029,414,15814,0
L,84847936,VALID,25.942,14.914,1
4,4211,84854255,-2102,-3606,7142,0,0
13,4212,84854295,34,-11,17,0,0
37,4213,84864338,-3744,2027,415,15815,0
4,4212,84874391,-2094,-3600,7131,0,0
13,4213,84874430,34,-44,-3,0,0
37,4214,84884439,-3739,2023,414,15817,0
4,4213,84894501,-2058,-3577,7165,0,0
13,4214,84894541,52,-58,-34,0,0
37,4215,84904543,-3737,2018,413,15818,0
4,4214,84914651,-2082,-3599,7132,0,0
13,4215,84914690,29,-31,3,0,0
37,4216,84924639,-3734,2015,413,15819,0
4,4215,84934785,-2057,-3590,7171,0,0
13,4216,84934825,26,-33,-16,0,0
37,4217,84944793,-3733,2013,412,15820,0
L,84948494,VALID,25.838,14.801,1
4,4216,84954950,-2082,-3600,7134,0,0
13,4217,84954990,5,-39,-17,0,0
37,4218,84964775,-3732,2008,411,15820,0
4,4217,84974947,-2058,-3588,7150,0,0
13,4218,84974987,27,-43,-16,0,0
37,4219,84985103,-3729,2005,411,15821,0
4,4218,84994983,-2059,-3593,7153,0,0
13,4219,84995022,29,-31,-1,0,0
37,4220,85005049,-3727,2002,411,15822,0
4,4219,85015249,-2035,-3587,7155,0,0
13,4220,85015316,17,-39,-2,0,0
37,4221,85025343,-3725,2001,412,15823,0
4,4220,85035438,-2075,-3583,7160,0,0
13,4221,85035478,24,2,11,0,0
37,4222,85045273,-3723,2000,412,15823,0
L,85048982,VALID,25.760,14.713,1
4,4221,85055440,-2087,-3576,7167,0,0
13,4222,85055479,15,-34,-21,0,0
37,4223,85065513,-3724,1995,410,15824,0
4,4222,85075636,-2040,-3592,7156,0,0
13,4223,85075675,-11,-80,-48,0,0
37,4224,85085576,-3725,1987,408,15825,0
4,4223,85095703,-2003,-3605,7150,0,0
13,4224,85095743,14,-33,-9,0,0
37,4225,85105686,-3722,1987,409,15825,0
4,4224,85115772,-2053,-3573,7166,0,0
13,4225,85115812,21,-3,3,0,0
37,4226,85125753,-3722,1986,408,15826,0
4,4225,85135823,-2054,-3576,7163,0,0
13,4226,85135863,-6,-42,-30,0,0
37,4227,85145961,-3723,1980,406,15826,0
L,85149653,VALID,25.755,14.566,1
4,4226,85155999,-2003,-3594,7162,0,0
13,4227,85156039,-14,-51,-20,0,0
37,4228,85165974,-3725,1977,407,15826,0
4,4227,85176167,-2047,-3588,7156,0,0
13,4228,85176206,-4,-25,10,0,0
37,4229,85186200,-3724,1974,407,15826,0
4,4228,85196165,-2037,-3581,7164,0,0
13,4229,85196205,0,-38,-19,0,0
37,4230,85206183,-3725,1970,406,15827,0
4,4229,85216304,-2036,-3576,7174,0,0
13,4230,85216344,-12,-62,-29,0,0
37,4231,85226330,-3727,1963,405,15827,0
4,4230,85236432,-2070,-3593,7139,0,0
13,4231,85236472,-27,-107,-49,0,0
37,4232,85246433,-3730,1949,402,15829,0
L,85250176,VALID,25.795,14.346,1
4,4231,85256581,-2003,-3621,7149,0,0
13,4232,85256620,-11,-148,-88,0,0
37,4233,85266614,-3729,1935,397,15830,0
4,4232,85276674,-1971,-3602,7170,0,0
13,4233,85276714,24,-137,-85,0,0
37,4234,85286688,-3728,1923,393,15832,0
4,4233,85296785,-1979,-3597,7173,0,0
13,4234,85296825,17,-136,-71,0,0
37,4235,85306914,-3728,1909,390,15834,0
4,4234,85316931,-1987,-3594,7163,0,0
13,4235,85316971,14,-176,-82,0,0
37,4236,85326915,-3727,1890,385,15837,0
4,4235,85337163,-1904,-3610,7171,0,0
13,4236,85337203,21,-175,-91,0,0
37,4237,85347052,-3725,1877,382,15839,0
L,85350786,VALID,25.742,13.820,1
4,4236,85357036,-1938,-3601,7181,0,0
13,4237,85357076,17,-112,-61,0,0
37,4238,85367075,-3724,1867,377,15840,0
4,4237,85377196,-1920,-3579,7183,0,0
13,4238,85377235,65,-133,-95,0,0
37,4239,85387334,-3720,1851,373,15843,0
4,4238,85397352,-1901,-3615,7185,0,0
13,4239,85397420,20,-190,-78,0,0
37,4240,85407316,-3717,1833,370,15846,0
4,4239,85417540,-1891,-3588,7200,0,0
13,4240,85417580,38,-190,-54,0,0
37,4241,85427507,-3715,1815,370,15849,0
4,4240,85437541,-1933,-3589,7193,0,0
13,4241,85437580,19,-228,-69,0,0
37,4242,85447670,-3714,1790,365,15852,0
L,85451396,VALID,25.637,13.197,1
4,4241,85457793,-1875,-3625,7182,0,0
13,4242,85457832,59,-319,-172,0,0
37,4243,85467747,-3707,1757,354,15857,0
4,4242,85477841,-1770,-3582,7230,0,0
13,4243,85477881,103,-330,-190,0,0
37,4244,85487876,-3701,1727,345,15862,0
4,4243,85498005,-1810,-3582,7203,0,0
13,4244,85498044,80,-347,-197,0,0
37,4245,85507996,-3694,1690,334,15868,0
4,4244,85518064,-1752,-3593,7244,0,0
13,4245,85518103,76,-371,-180,0,0
37,4246,85528178,-3689,1655,324,15873,0
4,4245,85538169,-1728,-3586,7235,0,0
13,4246,85538208,106,-380,-225,0,0
37,4247,85548363,-3681,1616,310,15879,0
L,85552110,VALID,25.366,11.920,1
4,4246,85558341,-1650,-3626,7209,0,0
13,4247,85558380,144,-402,-249,0,0
37,4248,85568348,-3665,1578,294,15887,0
4,4247,85578449,-1601,-3543,7298,0,0
13,4248,85578488,182,-349,-249,0,0
37,4249,85588486,-3653,1546,278,15894,0
4,4248,85598511,-1597,-3512,7301,0,0
13,4249,85598551,135,-327,-247,0,0
37,4250,85608649,-3647,1511,263,15898,0
4,4249,85618684,-1562,-3558,7281,0,0
13,4250,85618723,78,-398,-244,0,0
37,4251,85628778,-3642,1470,251,15904,0
4,4250,85638838,-1602,-3537,7300,0,0
13,4251,85638878,73,-477,-274,0,0
37,4252,85648821,-3638,1417,233,15910,0
L,85652546,VALID,25.027,10.438,1
4,4251,85658953,-1367,-3547,7295,0,0
13,4252,85658993,88,-564,-293,0,0
37,4253,85669008,-3631,1368,224,15916,0
4,4252,85679070,-1423,-3558,7336,0,0
13,4253,85679110,52,-431,-171,0,0
37,4254,85689035,-3628,1328,216,15920,0
4,4253,85699190,-1453,-3547,7296,0,0
13,4254,85699230,74,-499,-237,0,0
37,4255,85709274,-3624,1275,198,15925,0
4,4254,85719250,-1142,-3538,7360,0,0
13,4255,85719290,50,-508,-336,0,0
37,4256,85729421,-3624,1234,186,15929,0
4,4255,85739405,-1295,-3551,7328,0,0
13,4256,85739445,-48,-443,-272,0,0
37,4257,85749448,-3628,1184,167,15932,0
L,85753173,VALID,24.915,8.742,1
4,4256,85759535,-1360,-3539,7355,0,0
13,4257,85759575,-24,-570,-334,0,0
37,4258,85769534,-3634,1119,154,15935,0
4,4257,85779707,-1105,-3540,7347,0,0
13,4258,85779747,-71,-911,-369,0,0
37,4259,85789774,-3644,1032,138,15939,0
4,4258,85799879,-953,-3599,7386,0,0
13,4259,85799918,-78,-554,-208,0,0
37,4260,85809758,-3650,999,138,15940,0
4,4259,85819972,-1146,-3625,7280,0,0
13,4260,85820012,-11,-494,-165,0,0
37,4261,85829990,-3646,942,130,15944,0
4,4260,85840101,-780,-3566,7386,0,0
13,4261,85840140,82,-503,-206,0,0
37,4262,85850109,-3644,905,119,15947,0
L,85853723,VALID,24.976,6.760,1
4,4261,85860101,-968,-3571,7366,0,0
13,4262,85860141,-45,-454,-218,0,0
37,4263,85870401,-3649,862,119,15948,0
4,4262,85880334,-934,-3560,7382,0,0
13,4263,85880373,-65,-479,-63,0,0
37,4264,85890228,-3655,820,122,15949,0
4,4263,85900488,-964,-3596,7371,0,0
13,4264,85900527,-81,-462,-100,0,0
37,4265,85910460,-3664,768,121,15949,0
4,4264,85920563,-699,-3642,7346,0,0
13,4265,85920603,-23,-534,-109,0,0
37,4266,85930565,-3662,731,122,15952,0
4,4265,85940711,-737,-3620,7377,0,0
13,4266,85940751,14,-372,-85,0,0
37,4267,85950849,-3660,700,123,15954,0
L,85954489,VALID,25.047,5.367,1
4,4266,85960824,-691,-3561,7402,0,0
13,4267,85960864,8,-299,-24,0,0
37,4268,85970753,-3663,677,129,15954,0
4,4267,85981028,-885,-3579,7377,0,0
13,4268,85981068,-75,-379,-32,0,0
37,4269,85990900,-3672,628,131,15954,0
4,4268,86000985,-595,-3616,7351,0,0
13,4269,86001024,-77,-570,-136,0,0
37,4270,86011019,-3676,584,132,15954,0
4,4269,86021122,-770,-3594,7398,0,0
13,4270,86021189,-103,-508,-112,0,0
37,4271,86031237,-3688,527,130,15954,0
4,4270,86041261,-469,-3628,7346,0,0
13,4271,86041301,-134,-718,-228,0,0
37,4272,86051262,-3699,469,125,15953,0
L,86054890,VALID,25.295,3.793,1
4,4271,86061321,-446,-3659,7379,0,0
13,4272,86061361,-70,-468,-152,0,0
37,4273,86071424,-3704,433,121,15953,0
4,4272,86081431,-584,-3628,7359,0,0
13,4273,86081471,-76,-410,-157,0,0
37,4274,86091398,-3711,384,115,15952,0
4,4273,86101577,-488,-3645,7356,0,0
13,4274,86101617,-91,-621,-256,0,0
37,4275,86111663,-3720,319,107,15952,0
4,4274,86121741,-314,-3693,7338,0,0
13,4275,86121780,-51,-701,-212,0,0
37,4276,86131741,-3722,260,101,15953,0
4,4275,86141809,-271,-3703,7340,0,0
13,4276,86141849,5,-547,-179,0,0
37,4277,86151913,-3721,212,97,15953,0
L,86155422,VALID,25.438,1.998,1
4,4276,86161967,-285,-3691,7361,0,0
13,4277,86162007,-102,-611,-245,0,0
37,4278,86171949,-3736,148,82,15951,0
4,4277,86182135,-124,-3670,7314,0,0
13,4278,86182175,-85,-585,-330,0,0
37,4279,86192215,-3734,103,67,15952,0
4,4278,86202220,-129,-3630,7402,0,0
13,4279,86202260,48,-358,-213,0,0
37,4280,86212266,-3732,71,59,15952,0
4,4279,86222298,-28,-3613,7393,0,0
13,4280,86222338,-40,-285,-136,0,0
37,4281,86232368,-3740,52,57,15951,0
4,4280,86242399,-86,-3704,7324,0,0
13,4281,86242439,-61,-165,-43,0,0
37,4282,86252392,-3742,39,56,15950,0
L,86255858,VALID,25.585,0.754,1
4,4281,86262696,-75,-3707,7304,0,0
13,4282,86262736,14,-134,-68,0,0
37,4283,86272719,-3737,27,52,15951,0
4,4282,86282696,-51,-3657,7371,0,0
13,4283,86282736,39,-109,-62,0,0
37,4284,86292643,-3736,17,52,15952,0
4,4283,86302813,-64,-3664,7372,0,0
13,4284,86302852,-7,-104,0,0,0
37,4285,86312847,-3739,10,53,15951,0
4,4284,86322873,-50,-3697,7337,0,0
13,4285,86322913,-26,-69,-12,0,0
37,4286,86332925,-3740,4,53,15951,0
4,4285,86343000,-59,-3673,7354,0,0
13,4286,86343040,-8,-51,-5,0,0
37,4287,86353095,-3742,0,53,15950,0
L,86356468,VALID,25.585,0.484,1
4,4286,86363054,-45,-3677,7353,0,0
13,4287,86363094,-6,-33,-14,0,0
37,4288,86373165,-3742,0,53,15950,0
4,4287,86383250,-65,-3660,7371,0,0
13,4288,86383289,-41,-24,-11,0,0
37,4289,86393319,-3748,-3,53,15949,0
4,4288,86403362,-47,-3703,7337,0,0
13,4289,86403402,-59,-28,-1,0,0
37,4290,86413454,-3753,-4,52,15948,0
4,4289,86423525,-51,-3703,7322,0,0
13,4290,86423565,-27,-8,-9,0,0
37,4291,86433568,-3753,-5,53,15948,0
4,4290,86443630,-44,-3680,7362,0,0
13,4291,86443670,-13,-13,-3,0,0
37,4292,86453638,-3756,-6,53,15947,0
L,86457061,VALID,25.685,0.443,1
4,4291,86463821,-55,-3696,7335,0,0
13,4292,86463860,-23,-15,-2,0,0
37,4293,86473775,-3758,-7,53,15947,0
4,4292,86483964,-39,-3701,7333,0,0
13,4293,86484003,-15,-8,-6,0,0
37,4294,86493826,-3760,-6,53,15946,0
4,4293,86504006,-35,-3690,7339,0,0
13,4294,86504046,-17,2,0,0,0
37,4295,86514171,-3762,-5,53,15946,0
4,4294,86524084,-52,-3695,7351,0,0
13,4295,86524151,-11,14,1,0,0
37,4296,86534144,-3764,-4,53,15945,0
4,4295,86544334,-48,-3694,7350,0,0
13,4296,86544374,-48,0,6,0,0
37,4297,86554462,-3770,-3,54,15944,0
L,86557905,VALID,25.785,0.465,1
4,4296,86564519,-66,-3710,7329,0,0
13,4297,86564558,-42,3,2,0,0
37,4298,86574358,-3772,-2,53,15943,0
4,4297,86584530,-49,-3727,7335,0,0
13,4298,86584569,-22,22,1,0,0
37,4299,86594591,-3774,0,53,15943,0
4,4298,86604747,-51,-3667,7358,0,0
13,4299,86604787,-38,11,19,0,0
37,4300,86614730,-3781,0,56,15941,0
4,4299,86624823,-59,-3699,7343,0,0
13,4300,86624863,-110,-12,42,0,0
37,4301,86634875,-3792,0,61,15938,0
4,4300,86644980,-52,-3722,7322,0,0
13,4301,86645019,-143,-28,42,0,0
37,4302,86654950,-3806,0,64,15935,0
L,86658315,VALID,26.045,0.501,1
4,4301,86665067,-51,-3765,7315,0,0
13,4302,86665106,-150,-10,30,0,0
37,4303,86675194,-3818,0,67,15932,0
4,4302,86685194,-62,-3767,7297,0,0
13,4303,86685233,-103,0,19,0,0
37,4304,86695175,-3825,0,68,15931,0
4,4303,86705347,-49,-3768,7311,0,0
13,4304,86705387,-82,-14,20,0,0
37,4305,86715400,-3831,-1,70,15929,0
4,4304,86725461,-62,-3754,7318,0,0
13,4305,86725500,-66,-6,4,0,0
37,4306,86735442,-3838,-1,71,15927,0
4,4305,86745562,-59,-3766,7317,0,0
13,4306,86745602,-106,-9,12,0,0
37,4307,86755623,-3850,-1,72,15925,0
L,86759073,VALID,26.360,0.508,1
4,4306,86765668,-63,-3800,7289,0,0
13,4307,86765707,-132,-2,0,0,0
37,4308,86775662,-3860,-1,71,15922,0
4,4307,86785905,-59,-3799,7293,0,0
13,4308,86785945,-91,9,-27,0,0
37,4309,86795915,-3866,0,68,15921,0
4,4308,86805967,-54,-3779,7300,0,0
13,4309,86806007,-79,-1,-19,0,0
37,4310,86816045,-3875,-1,67,15918,0
4,4309,86826080,-58,-3812,7274,0,0
13,4310,86826120,-103,-5,-14,0,0
37,4311,86836200,-3882,-1,66,15917,0
4,4310,86846243,-71,-3778,7317,0,0
13,4311,86846282,-84,0,-32,0,0
37,4312,86856250,-3894,-3,62,15914,0
L,86859718,VALID,26.678,0.478,1
4,4311,86866467,-28,-3803,7269,0,0
13,4312,86866507,-207,6,-25,0,0
37,4313,86876449,-3911,0,61,15910,0
4,4312,86886396,-77,-3866,7257,0,0
13,4313,86886436,-150,16,-2,0,0
37,4314,86896447,-3922,-1,60,15907,0
4,4313,86906629,-53,-3850,7265,0,0
13,4314,86906668,-106,-3,-35,0,0
37,4315,86916723,-3932,-1,56,15905,0
4,4314,86926750,-51,-3866,7229,0,0
13,4315,86926790,-110,1,-37,0,0
37,4316,86936765,-3939,-3,55,15903,0
4,4315,86946913,-24,-3837,7266,0,0
13,4316,86946953,-59,-14,4,0,0
37,4317,86956878,-3945,-3,58,15901,0
L,86960336,VALID,27.046,0.471,1
4,4316,86966898,-41,-3867,7258,0,0
13,4317,86966937,-81,-18,52,0,0
37,4318,86977007,-3952,-3,62,15900,0
4,4317,86987136,-58,-3867,7247,0,0
13,4318,86987175,-54,-11,42,0,0
37,4319,86997127,-3956,-3,66,15899,0
4,4318,87007213,-60,-3879,7245,0,0
13,4319,87007252,-56,-12,31,0,0
37,4320,87017289,-3960,-3,68,15897,0
4,4319,87027422,-61,-3897,7232,0,0
13,4320,87027461,-20,-7,10,0,0
37,4321,87037394,-3961,-3,69,15897,0
4,4320,87047513,-49,-3868,7248,0,0
13,4321,87047553,-3,-3,-3,0,0
37,4322,87057555,-3963,-2,69,15897,0
L,87060998,VALID,27.175,0.496,1
4,4321,87067559,-54,-3883,7252,0,0
13,4322,87067599,-25,-7,9,0,0
37,4323,87077762,-3966,-3,71,15896,0
4,4322,87087714,-58,-3896,7230,0,0
13,4323,87087753,-1,-5,11,0,0
37,4324,87097710,-3965,-1,71,15896,0
4,4323,87107875,-56,-3877,7256,0,0
13,4324,87107915,16,3,0,0,0
37,4325,87117882,-3965,0,72,15896,0
4,4324,87127924,-49,-3875,7238,0,0
13,4325,87127964,-4,-1,1,0,0
37,4326,87138088,-3966,0,72,15896,0
4,4325,87148125,-50,-3899,7237,0,0
13,4326,87148165,0,1,0,0,0
37,4327,87158241,-3965,0,72,15896,0
L,87161591,VALID,27.190,0.515,1
4,4326,87168289,-46,-3885,7256,0,0
13,4327,87168329,23,3,-1,0,0
37,4328,87178260,-3964,1,72,15896,0
4,4327,87188408,-58,-3885,7236,0,0
13,4328,87188448,6,0,3,0,0
37,4329,87198404,-3964,2,72,15896,0
4,4328,87208492,-55,-3871,7253,0,0
13,4329,87208532,-9,2,3,0,0
37,4330,87218455,-3966,3,73,15896,0
4,4329,87228614,-44,-3884,7243,0,0
13,4330,87228654,-8,-2,2,0,0
37,4331,87238707,-3967,3,73,15896,0
4,4330,87248699,-52,-3884,7249,0,0
13,4331,87248739,20,3,-2,0,0
37,4332,87258845,-3965,5,73,15896,0
L,87262210,VALID,27.190,0.551,1
4,4331,87268918,-55,-3866,7259,0,0
13,4332,87268958,12,7,-1,0,0
37,4333,87278946,-3964,6,73,15896,0
4,4332,87288993,-68,-3861,7262,0,0
13,4333,87289033,-3,2,-1,0,0
37,4334,87299009,-3966,7,73,15896,0
4,4333,87309128,-61,-3887,7243,0,0
13,4334,87309168,-13,-9,-2,0,0
37,4335,87319198,-3966,7,73,15896,0
4,4334,87329284,-63,-3878,7245,0,0
13,4335,87329324,6,-8,-3,0,0
37,4336,87339162,-3966,7,73,15896,0
4,4335,87349412,-60,-3866,7256,0,0
13,4336,87349452,10,0,-5,0,0
37,4337,87359463,-3966,8,73,15896,0
L,87362846,VALID,27.197,0.571,1
4,4336,87369552,-45,-3879,7239,0,0
13,4337,87369592,-16,3,-1,0,0
37,4338,87379559,-3968,9,73,15895,0
4,4337,87389558,-67,-3881,7257,0,0
13,4338,87389597,-20,-2,1,0,0
37,4339,87399877,-3970,8,74,15895,0
4,4338,87409843,-49,-3887,7230,0,0
13,4339,87409882,-5,-16,-2,0,0
37,4340,87419722,-3970,8,73,15895,0
4,4339,87429970,-48,-3889,7247,0,0
13,4340,87430010,9,1,-6,0,0
37,4341,87439927,-3970,9,73,15895,0
4,4340,87449990,-72,-3888,7243,0,0
13,4341,87450029,2,-1,-4,0,0
37,4342,87460004,-3970,9,73,15895,0
L,87463377,VALID,27.225,0.578,1
4,4341,87470181,-53,-3883,7254,0,0
13,4342,87470220,11,2,-4,0,0
37,4343,87480332,-3970,10,73,15895,0
4,4342,87490308,-57,-3872,7251,0,0
13,4343,87490348,3,0,-2,0,0
37,4344,87500244,-3970,11,73,15895,0
4,4343,87510489,-59,-3882,7254,0,0
13,4344,87510528,-12,-4,-1,0,0
37,4345,87520397,-3971,11,73,15895,0
4,4344,87530515,-53,-3879,7244,0,0
13,4345,87530555,4,-8,-2,0,0
37,4346,87540496,-3971,11,73,15895,0
4,4345,87550590,-60,-3887,7245,0,0
13,4346,87550629,11,-6,-2,0,0
37,4347,87560710,-3971,11,73,15895,0
L,87564161,VALID,27.232,0.591,1
4,4346,87570714,-57,-3877,7246,0,0
13,4347,87570754,6,-11,-3,0,0
37,4348,87580692,-3970,11,73,15895,0
4,4347,87590804,-54,-3874,7260,0,0
13,4348,87590844,13,-7,0,0,0
37,4349,87600889,-3970,11,74,15895,0
4,4348,87610951,-47,-3886,7231,0,0
13,4349,87610990,-7,-4,0,0,0
37,4350,87620880,-3971,11,74,15895,0
4,4349,87631053,-56,-3875,7240,0,0
13,4350,87631092,14,-1,0,0,0
37,4351,87641208,-3970,12,74,15895,0
4,4350,87651296,-59,-3876,7252,0,0
13,4351,87651335,7,-2,0,0,0
37,4352,87661278,-3970,12,74,15895,0
L,87664710,VALID,27.225,0.600,1
4,4351,87671331,-49,-3879,7244,0,0
13,4352,87671371,-11,-9,1,0,0
37,4353,87681422,-3972,11,75,15894,0
4,4352,87691468,-57,-3887,7229,0,0
13,4353,87691508,0,-10,0,0,0
37,4354,87701456,-3971,12,75,15895,0
4,4353,87711613,-52,-3869,7258,0,0
13,4354,87711653,6,-12,-1,0,0
37,4355,87721706,-3972,11,76,15894,0
4,4354,87731723,-49,-3888,7248,0,0
13,4355,87731763,-3,-12,0,0,0
37,4356,87741783,-3973,11,76,15894,0
4,4355,87751810,-55,-3881,7247,0,0
13,4356,87751850,-2,-1,0,0,0
37,4357,87761921,-3973,11,76,15894,0
L,87765346,VALID,27.247,0.597,1
4,4356,87771943,-46,-3888,7241,0,0
13,4357,87771982,0,-3,2,0,0
37,4358,87781899,-3973,12,77,15894,0
4,4357,87792206,-50,-3875,7249,0,0
13,4358,87792245,-2,-4,-1,0,0
37,4359,87802206,-3975,11,77,15894,0
4,4358,87812179,-52,-3890,7239,0,0
13,4359,87812219,-9,-11,0,0,0
37,4360,87822179,-3975,11,77,15894,0
4,4359,87832282,-45,-3885,7236,0,0
13,4360,87832321,7,-2,1,0,0
37,4361,87842382,-3975,12,77,15894,0
4,4360,87852401,-59,-3876,7250,0,0
13,4361,87852441,9,5,-1,0,0
37,4362,87862469,-3975,13,77,15894,0
L,87865947,VALID,27.261,0.612,1
4,4361,87872524,-53,-3874,7251,0,0
13,4362,87872564,-7,1,-2,0,0
37,4363,87882659,-3976,14,77,15893,0
4,4362,87892618,-58,-3887,7230,0,0
13,4363,87892658,-14,-1,0,0,0
37,4364,87902755,-3977,14,78,15893,0
4,4363,87912859,-55,-3880,7251,0,0
13,4364,87912899,0,0,1,0,0
37,4365,87922942,-3978,14,78,15893,0
4,4364,87932953,-52,-3893,7247,0,0
13,4365,87932992,7,-9,-1,0,0
37,4366,87943020,-3977,14,78,15893,0
4,4365,87953066,-54,-3882,7248,0,0
13,4366,87953106,19,-6,-2,0,0
37,4367,87963116,-3975,14,78,15894,0
L,87966540,VALID,27.261,0.620,1
4,4366,87973196,-47,-3890,7255,0,0
13,4367,87973235,20,-11,-3,0,0
37,4368,87983193,-3974,13,78,15894,0
4,4367,87993348,-46,-3882,7240,0,0
13,4368,87993388,27,-2,-3,0,0
37,4369,88003365,-3971,14,78,15895,0
4,4368,88013564,-49,-3863,7262,0,0
13,4369,88013604,32,-1,-3,0,0
37,4370,88023369,-3969,13,78,15895,0
4,4369,88033607,-56,-3872,7249,0,0
13,4370,88033647,2,-7,-6,0,0
37,4371,88043735,-3970,14,77,15895,0
4,4370,88053667,-45,-3880,7248,0,0
13,4371,88053707,-3,2,-2,0,0
37,4372,88063723,-3970,14,77,15895,0
L,88067167,VALID,27.225,0.619,1
4,4371,88073858,-47,-3871,7252,0,0
13,4372,88073897,12,-1,0,0,0
37,4373,88083975,-3969,14,78,15895,0
4,4372,88094028,-48,-3877,7241,0,0
13,4373,88094068,16,-6,-1,0,0
37,4374,88103889,-3967,14,77,15896,0
4,4373,88114078,-52,-3866,7274,0,0
13,4374,88114118,20,-1,-6,0,0
37,4375,88124158,-3966,15,77,15896,0
4,4374,88134312,-47,-3877,7253,0,0
13,4375,88134352,18,3,-2,0,0
37,4376,88144299,-3964,15,77,15896,0
4,4375,88154397,-47,-3866,7259,0,0
13,4376,88154437,12,-3,-5,0,0
37,4377,88164446,-3964,15,76,15897,0
L,88167899,VALID,27.181,0.624,1
4,4376,88174529,-48,-3875,7250,0,0
13,4377,88174568,21,2,-5,0,0
37,4378,88184480,-3961,16,76,15897,0
4,4377,88194551,-57,-3868,7262,0,0
13,4378,88194591,31,5,-5,0,0
37,4379,88204687,-3959,17,76,15898,0
4,4378,88214723,-58,-3859,7268,0,0
13,4379,88214763,14,3,-3,0,0
37,4380,88224687,-3959,17,75,15898,0
4,4379,88234921,-53,-3874,7251,0,0
13,4380,88234960,4,-1,0,0,0
37,4381,88244911,-3958,17,75,15898,0
4,4380,88254972,-44,-3862,7250,0,0
13,4381,88255011,33,0,-7,0,0
37,4382,88264979,-3955,17,75,15899,0
L,88268448,VALID,27.117,0.636,1
4,4381,88275130,-49,-3858,7262,0,0
13,4382,88275170,31,2,-9,0,0
37,4383,88285170,-3953,18,74,15899,0
4,4382,88295239,-62,-3862,7256,0,0
13,4383,88295279,23,0,-16,0,0
37,4384,88305246,-3950,17,72,15900,0
4,4383,88315412,-54,-3857,7269,0,0
13,4384,88315452,23,4,-20,0,0
37,4385,88325479,-3948,17,70,15900,0
4,4384,88335498,-43,-3856,7267,0,0
13,4385,88335538,21,0,-14,0,0
37,4386,88345547,-3947,17,70,15901,0
4,4385,88355611,-43,-3844,7269,0,0
13,4386,88355651,8,0,-5,0,0
37,4387,88365761,-3947,18,69,15901,0
L,88369214,VALID,27.059,0.632,1
4,4386,88375800,-51,-3862,7249,0,0
13,4387,88375839,8,1,0,0,0
37,4388,88385761,-3946,18,69,15901,0
4,4387,88396021,-44,-3864,7271,0,0
13,4388,88396061,19,3,-2,0,0
37,4389,88405935,-3944,19,69,15901,0
4,4388,88415920,-67,-3851,7275,0,0
13,4389,88415960,27,5,-3,0,0
37,4390,88425967,-3942,20,69,15902,0
4,4389,88436108,-50,-3841,7265,0,0
13,4390,88436147,7,0,-2,0,0
37,4391,88446173,-3943,20,69,15902,0
4,4390,88456151,-32,-3862,7248,0,0
13,4391,88456191,-4,-9,0,0,0
37,4392,88466191,-3943,19,69,15902,0
L,88469607,VALID,27.030,0.639,1
4,4391,88476346,-51,-3853,7269,0,0
13,4392,88476386,27,1,-2,0,0
37,4393,88486294,-3940,20,69,15902,0
4,4392,88496372,-58,-3826,7279,0,0
13,4393,88496412,14,6,0,0,0
37,4394,88506455,-3940,21,69,15902,0
4,4393,88516614,-54,-3840,7261,0,0
13,4394,88516654,-12,3,-2,0,0
37,4395,88526584,-3942,22,69,15902,0
4,4394,88536648,-55,-3860,7264,0,0
13,4395,88536688,-14,4,-2,0,0
37,4396,88546731,-3943,23,69,15902,0
4,4395,88556855,-50,-3870,7250,0,0
13,4396,88556895,10,1,0,0,0
37,4397,88566792,-3941,23,69,15902,0
L,88570208,VALID,27.017,0.666,1
4,4396,88576899,-55,-3841,7273,0,0
13,4397,88576938,24,6,0,0,0
37,4398,88586920,-3940,24,69,15903,0
4,4397,88596914,-57,-3833,7274,0,0
13,4398,88596954,-4,1,0,0,0
37,4399,88607161,-3942,25,69,15902,0
4,4398,88617138,-59,-3856,7262,0,0
13,4399,88617177,-30,-4,0,0,0
37,4400,88627118,-3944,24,69,15901,0
4,4399,88637249,-52,-3862,7253,0,0
13,4400,88637315,-4,-1,-4,0,0
37,4401,88647301,-3944,24,69,15901,0
4,4400,88657310,-49,-3852,7262,0,0
13,4401,88657350,13,-2,-2,0,0
37,4402,88667441,-3943,24,69,15902,0
L,88670870,VALID,27.030,0.673,1
4,4401,88677474,-53,-3841,7261,0,0
13,4402,88677514,-10,-6,1,0,0
37,4403,88687557,-3945,24,69,15901,0
4,4402,88697585,-56,-3857,7250,0,0
13,4403,88697625,-13,-6,0,0,0
37,4404,88707583,-3947,24,70,15901,0
4,4403,88717748,-54,-3851,7258,0,0
13,4404,88717787,-8,-3,1,0,0
37,4405,88727736,-3948,24,70,15900,0
4,4404,88737789,-48,-3855,7251,0,0
13,4405,88737828,-14,-5,-2,0,0
37,4406,88747754,-3949,24,70,15900,0
4,4405,88757907,-46,-3860,7257,0,0
13,4406,88757947,0,1,-2,0,0
37,4407,88768037,-3949,25,69,15900,0
L,88771472,VALID,27.074,0.680,1
4,4406,88778016,-47,-3857,7266,0,0
13,4407,88778056,5,2,-2,0,0
37,4408,88788197,-3950,25,69,15900,0
4,4407,88798202,-52,-3859,7250,0,0
13,4408,88798242,0,4,-1,0,0
37,4409,88808250,-3950,26,69,15900,0
4,4408,88818315,-53,-3862,7267,0,0
13,4409,88818355,-2,0,-2,0,0
37,4410,88828285,-3951,26,69,15900,0
4,4409,88838451,-61,-3864,7252,0,0
13,4410,88838491,0,-4,-3,0,0
37,4411,88848544,-3952,26,69,15900,0
4,4410,88858606,-48,-3855,7252,0,0
13,4411,88858646,0,-3,0,0,0
37,4412,88868544,-3952,26,69,15899,0
L,88872021,VALID,27.096,0.686,1
4,4411,88878770,-49,-3865,7256,0,0
13,4412,88878837,1,-1,0,0,0
37,4413,88888838,-3952,26,69,15899,0
4,4412,88898901,-61,-3858,7262,0,0
13,4413,88898941,20,2,0,0,0
37,4414,88908916,-3950,27,69,15900,0
4,4413,88918934,-65,-3851,7265,0,0
13,4414,88918974,6,-1,1,0,0
37,4415,88929181,-3951,28,70,15900,0
4,4414,88939168,-51,-3846,7279,0,0
13,4415,88939207,-8,0,0,0,0
37,4416,88949067,-3952,28,70,15899,0
4,4415,88959276,-59,-3851,7261,0,0
13,4416,88959316,-30,2,0,0,0
37,4417,88969249,-3955,27,70,15899,0
L,88972720,VALID,27.117,0.695,1
4,4416,88979389,-42,-3880,7252,0,0
13,4417,88979429,-24,-8,0,0,0
37,4418,88989379,-3957,27,70,15898,0
4,4417,88999534,-53,-3870,7243,0,0
13,4418,88999574,12,0,0,0,0
37,4419,89009750,-3955,28,70,15899,0
4,4418,89019727,-58,-3858,7273,0,0
13,4419,89019767,8,5,-2,0,0
37,4420,89029655,-3956,29,70,15898,0
4,4419,89039931,-58,-3862,7251,0,0
13,4420,89039971,-7,5,-1,0,0
37,4421,89049808,-3956,30,70,15898,0
4,4420,89059886,-52,-3848,7261,0,0
13,4421,89059926,-2,3,0,0,0
37,4422,89069875,-3957,30,70,15898,0
L,89073293,VALID,27.132,0.715,1
4,4421,89079983,-58,-3880,7248,0,0
13,4422,89080022,-5,0,3,0,0
37,4423,89090090,-3957,30,70,15898,0
4,4422,89100144,-65,-3867,7250,0,0
13,4423,89100184,22,0,-1,0,0
37,4424,89110125,-3954,31,70,15899,0
4,4423,89120203,-69,-3847,7258,0,0
13,4424,89120243,18,0,0,0,0
37,4425,89130339,-3954,31,70,15899,0
4,4424,89140412,-52,-3857,7276,0,0
13,4425,89140452,3,-7,-1,0,0
37,4426,89150328,-3954,31,70,15899,0
4,4425,89160540,-61,-3856,7257,0,0
13,4426,89160579,4,0,-1,0,0
37,4427,89170615,-3954,31,70,15899,0
L,89174059,VALID,27.110,0.722,1
4,4426,89180707,-53,-3852,7272,0,0
13,4427,89180747,6,-2,-1,0,0
37,4428,89190702,-3953,31,70,15899,0
4,4427,89200747,-58,-3864,7257,0,0
13,4428,89200787,-4,-1,1,0,0
37,4429,89210839,-3954,31,71,15899,0
4,4428,89220898,-48,-3861,7255,0,0
13,4429,89220938,0,-9,1,0,0
37,4430,89230873,-3954,31,71,15899,0
4,4429,89241081,-49,-3866,7261,0,0
13,4430,89241121,5,-2,-1,0,0
37,4431,89251210,-3954,30,71,15899,0
4,4430,89261213,-52,-3857,7255,0,0
13,4431,89261252,7,-1,0,0,0
37,4432,89271303,-3954,30,71,15899,0
L,89274730,VALID,27.110,0.717,1
4,4431,89281275,-55,-3859,7271,0,0
13,4432,89281314,6,-2,-2,0,0
37,4433,89291387,-3954,31,71,15899,0
4,4432,89301426,-54,-3859,7263,0,0
13,4433,89301465,-14,-2,1,0,0
37,4434,89311415,-3956,31,71,15898,0
4,4433,89321650,-55,-3865,7259,0,0
13,4434,89321690,-8,1,1,0,0
37,4435,89331656,-3956,31,71,15898,0
4,4434,89341679,-62,-3864,7251,0,0
13,4435,89341719,3,-1,0,0,0
37,4436,89351612,-3956,31,71,15898,0
4,4435,89361803,-53,-3862,7273,0,0
13,4436,89361842,19,-3,0,0,0
37,4437,89371836,-3954,32,71,15899,0
L,89375288,VALID,27.110,0.731,1
4,4436,89381882,-57,-3850,7259,0,0
13,4437,89381922,18,-1,0,0,0
37,4438,89391984,-3953,32,72,15899,0
4,4437,89402036,-47,-3850,7270,0,0
13,4438,89402076,-7,-1,1,0,0
37,4439,89412154,-3955,32,72,15899,0
4,4438,89422122,-69,-3858,7259,0,0
13,4439,89422161,-19,-3,1,0,0
37,4440,89432214,-3957,32,72,15898,0
4,4439,89442277,-49,-3870,7247,0,0
13,4440,89442317,0,-7,-1,0,0
37,4441,89452378,-3956,31,72,15898,0
4,4440,89462372,-54,-3859,7257,0,0
13,4441,89462411,20,-7,-2,0,0
37,4442,89472447,-3954,31,72,15899,0
L,89475915,VALID,27.110,0.725,1
4,4441,89482501,-54,-3844,7269,0,0
13,4442,89482541,-4,-4,0,0,0
37,4443,89492532,-3956,31,72,15898,0
4,4442,89502628,-61,-3856,7255,0,0
13,4443,89502667,-18,-7,0,0,0
37,4444,89512635,-3958,30,73,15898,0
4,4443,89522843,-50,-3867,7252,0,0
13,4444,89522882,-9,-8,0,0,0
37,4445,89532809,-3958,30,73,15898,0
4,4444,89543015,-59,-3870,7258,0,0
13,4445,89543055,8,-4,-2,0,0
37,4446,89552849,-3957,30,73,15898,0
4,4445,89562990,-51,-3855,7257,0,0
13,4446,89563029,9,-2,-1,0,0
37,4447,89573168,-3957,30,73,15898,0
L,89576630,VALID,27.132,0.720,1
4,4446,89583051,-57,-3862,7254,0,0
13,4447,89583091,2,-3,0,0,0
37,4448,89593140,-3957,30,73,15898,0
4,4447,89603330,-55,-3869,7252,0,0
13,4448,89603370,9,0,0,0,0
37,4449,89613399,-3956,30,73,15898,0
4,4448,89623557,-51,-3860,7261,0,0
13,4449,89623597,23,3,-2,0,0
37,4450,89633349,-3954,31,73,15899,0
4,4449,89643575,-64,-3852,7258,0,0
13,4450,89643614,17,-1,0,0,0
37,4451,89653691,-3953,31,73,15899,0
4,4450,89663798,-47,-3846,7277,0,0
13,4451,89663838,0,-5,0,0,0
37,4452,89673760,-3954,31,73,15899,0
L,89677196,VALID,27.110,0.727,1
4,4451,89683852,-61,-3860,7246,0,0
13,4452,89683892,-7,1,0,0,0
37,4453,89693873,-3955,31,73,15899,0
4,4452,89703953,-48,-3856,7262,0,0
13,4453,89703992,7,2,-4,0,0
37,4454,89713933,-3954,32,73,15899,0
4,4453,89724055,-65,-3852,7259,0,0
13,4454,89724095,3,-2,0,0,0
37,4455,89734182,-3954,32,73,15899,0
4,4454,89744209,-55,-3870,7261,0,0
13,4455,89744249,11,-5,-2,0,0
37,4456,89754191,-3952,32,73,15899,0
4,4455,89764400,-55,-3856,7263,0,0
13,4456,89764440,24,6,0,0,0
37,4457,89774431,-3951,33,73,15900,0
L,89777858,VALID,27.088,0.741,1
4,4456,89784461,-64,-3845,7256,0,0
13,4457,89784500,18,2,-1,0,0
37,4458,89794474,-3950,33,73,15900,0
4,4457,89804571,-61,-3844,7266,0,0
13,4458,89804610,2,-1,-2,0,0
37,4459,89814586,-3950,33,73,15900,0
4,4458,89824658,-55,-3851,7257,0,0
13,4459,89824697,-10,-2,-2,0,0
37,4460,89834655,-3952,33,73,15899,0
4,4459,89844855,-54,-3867,7244,0,0
13,4460,89844895,-16,-11,0,0,0
37,4461,89854898,-3953,32,73,15899,0
4,4460,89864914,-65,-3855,7257,0,0
13,4461,89864954,3,-7,3,0,0
37,4462,89874946,-3953,32,74,15899,0
L,89878398,VALID,27.103,0.736,1
4,4461,89885035,-56,-3852,7262,0,0
13,4462,89885103,8,-5,1,0,0
37,4463,89895224,-3952,32,74,15899,0
4,4462,89905224,-54,-3852,7259,0,0
13,4463,89905264,-2,-5,0,0,0
37,4464,89915264,-3953,32,74,15899,0
4,4463,89925432,-56,-3855,7249,0,0
13,4464,89925471,6,0,-3,0,0
37,4465,89935351,-3952,32,74,15899,0
4,4464,89945327,-45,-3849,7276,0,0
13,4465,89945367,17,-1,0,0,0
37,4466,89955375,-3950,32,74,15900,0
4,4465,89965489,-62,-3848,7280,0,0
13,4466,89965529,3,-5,0,0,0
37,4467,89975616,-3951,32,74,15900,0
L,89979086,VALID,27.088,0.736,1
4,4466,89985638,-56,-3845,7264,0,0
13,4467,89985678,-15,-8,-1,0,0
37,4468,89995618,-3953,31,74,15899,0
4,4467,90005860,-58,-3861,7253,0,0
13,4468,90005900,-22,-6,1,0,0
37,4469,90015768,-3955,31,75,15899,0
4,4468,90025851,-53,-3882,7252,0,0
13,4469,90025890,0,-6,0,0,0
37,4470,90035965,-3954,31,75,15899,0
4,4469,90046066,-59,-3852,7272,0,0
13,4470,90046105,20,-7,-1,0,0
37,4471,90056055,-3953,30,75,15899,0
4,4470,90066118,-56,-3859,7255,0,0
13,4471,90066157,16,-15,1,0,0
37,4472,90076158,-3951,29,76,15900,0
L,90079574,VALID,27.088,0.719,1
4,4471,90086291,-56,-3867,7263,0,0
13,4472,90086331,26,-16,0,0,0
37,4473,90096219,-3948,28,76,15900,0
4,4472,90106322,-43,-3847,7264,0,0
13,4473,90106362,21,-12,-3,0,0
37,4474,90116391,-3947,27,76,15901,0
4,4473,90126373,-54,-3834,7275,0,0
13,4474,90126413,7,-9,-1,0,0
37,4475,90136607,-3947,26,76,15901,0
4,4474,90146616,-52,-3861,7253,0,0
13,4475,90146656,6,-9,-3,0,0
37,4476,90156576,-3946,25,76,15901,0
4,4475,90166743,-54,-3852,7261,0,0
13,4476,90166783,26,-10,0,0,0
37,4477,90176742,-3943,24,76,15902,0
L,90180184,VALID,27.030,0.685,1
4,4476,90186788,-47,-3846,7277,0,0
13,4477,90186828,27,-19,1,0,0
37,4478,90196879,-3941,22,77,15902,0
4,4477,90206940,-39,-3848,7263,0,0
13,4478,90206980,12,-24,2,0,0
37,4479,90217034,-3939,20,77,15903,0
4,4478,90227053,-35,-3843,7265,0,0
13,4479,90227093,34,-13,1,0,0
37,4480,90237068,-3937,20,78,15903,0
4,4479,90247173,-51,-3828,7272,0,0
13,4480,90247212,25,-4,0,0,0
37,4481,90257223,-3935,19,78,15904,0
4,4480,90267294,-37,-3844,7280,0,0
13,4481,90267333,7,-12,1,0,0
37,4482,90277271,-3935,18,78,15904,0
L,90280707,VALID,26.972,0.647,1
4,4481,90287432,-48,-3854,7252,0,0
13,4482,90287472,-1,-14,-1,0,0
37,4483,90297533,-3935,18,78,15904,0
4,4482,90307483,-41,-3844,7269,0,0
13,4483,90307522,17,-6,0,0,0
37,4484,90317644,-3934,17,79,15904,0
4,4483,90327638,-44,-3836,7268,0,0
13,4484,90327678,19,-9,1,0,0
37,4485,90337676,-3932,17,79,15904,0
4,4484,90347780,-43,-3824,7287,0,0
13,4485,90347819,18,-5,-4,0,0
37,4486,90357764,-3931,17,79,15905,0
4,4485,90367884,-41,-3846,7257,0,0
13,4486,90367924,18,0,-2,0,0
37,4487,90377988,-3928,17,78,15905,0
L,90381439,VALID,26.923,0.640,1
4,4486,90388113,-36,-3820,7282,0,0
13,4487,90388153,33,3,-4,0,0
37,4488,90397998,-3926,17,78,15906,0
4,4487,90408229,-45,-3827,7274,0,0
13,4488,90408269,22,0,-1,0,0
37,4489,90418262,-3924,17,78,15906,0
4,4488,90428325,-48,-3823,7282,0,0
13,4489,90428364,11,0,-2,0,0
37,4490,90438323,-3924,18,78,15906,0
4,4489,90448325,-37,-3841,7271,0,0
13,4490,90448364,0,1,-4,0,0
37,4491,90458579,-3924,18,77,15906,0
4,4490,90468556,-44,-3835,7263,0,0
13,4491,90468596,24,9,-4,0,0
37,4492,90478443,-3921,19,77,15907,0
L,90481902,VALID,26.872,0.652,1
4,4491,90488694,-38,-3850,7249,0,0
13,4492,90488734,38,8,-5,0,0
37,4493,90498657,-3916,21,75,15908,0
4,4492,90508744,-66,-3801,7309,0,0
13,4493,90508811,39,13,-20,0,0
37,4494,90518735,-3915,19,74,15909,0
4,4493,90528934,-36,-3844,7264,0,0
13,4494,90528974,52,-7,-7,0,0
37,4495,90539105,-3908,20,73,15910,0
4,4494,90549074,-66,-3811,7287,0,0
13,4495,90549114,59,-4,-10,0,0
37,4496,90559002,-3904,18,73,15911,0
4,4495,90569202,-45,-3797,7303,0,0
13,4496,90569241,28,-13,-1,0,0
37,4497,90579157,-3904,18,73,15911,0
L,90582641,VALID,26.750,0.639,1
4,4496,90589202,-37,-3800,7294,0,0
13,4497,90589241,-9,-9,2,0,0
37,4498,90599250,-3905,17,74,15911,0
4,4497,90609346,-42,-3825,7270,0,0
13,4498,90609386,-22,-4,1,0,0
37,4499,90619457,-3907,17,74,15910,0
4,4498,90629475,-39,-3822,7286,0,0
13,4499,90629515,-10,14,-3,0,0
37,4500,90639482,-3909,20,73,15910,0
4,4499,90649571,-57,-3828,7266,0,0
13,4500,90649610,-5,11,-1,0,0
37,4501,90659719,-3908,20,73,15910,0
4,4500,90669742,-38,-3801,7292,0,0
13,4501,90669782,-3,-1,1,0,0
37,4502,90679704,-3910,20,74,15910,0
L,90683147,VALID,26.793,0.654,1
4,4501,90689881,-47,-3821,7271,0,0
13,4502,90689921,-16,-5,0,0,0
37,4503,90699947,-3911,20,74,15909,0
4,4502,90710034,-39,-3821,7273,0,0
13,4503,90710074,-11,5,0,0,0
37,4504,90720040,-3912,21,74,15909,0
4,4503,90730094,-52,-3828,7284,0,0
13,4504,90730133,-2,2,1,0,0
37,4505,90740229,-3913,22,74,15909,0
4,4504,90750232,-47,-3819,7278,0,0
13,4505,90750272,13,8,0,0,0
37,4506,90760238,-3912,23,74,15909,0
4,4505,90770456,-45,-3809,7276,0,0
13,4506,90770496,-1,14,-1,0,0
37,4507,90780547,-3913,25,73,15909,0
L,90783966,VALID,26.815,0.686,1
4,4506,90790586,-50,-3821,7284,0,0
13,4507,90790626,-13,8,0,0,0
37,4508,90800617,-3914,25,73,15909,0
4,4507,90810637,-55,-3817,7282,0,0
13,4508,90810677,-4,-9,0,0,0
37,4509,90820694,-3914,24,74,15909,0
4,4508,90830713,-44,-3827,7275,0,0
13,4509,90830753,1,-11,2,0,0
37,4510,90840719,-3914,24,74,15909,0
4,4509,90850995,-41,-3819,7281,0,0
13,4510,90851034,11,-4,0,0,0
37,4511,90861021,-3914,24,74,15909,0
4,4510,90871006,-54,-3808,7289,0,0
13,4511,90871045,-20,-4,-3,0,0
37,4512,90880969,-3917,23,74,15908,0
L,90884463,VALID,26.844,0.674,1
4,4511,90891127,-40,-3843,7257,0,0
13,4512,90891167,-38,-7,-3,0,0
37,4513,90901225,-3919,23,74,15908,0
4,4512,90911220,-50,-3820,7285,0,0
13,4513,90911260,7,0,-5,0,0
37,4514,90921303,-3919,23,74,15908,0
4,4513,90931358,-52,-3816,7272,0,0
13,4514,90931398,-24,0,-1,0,0
37,4515,90941451,-3922,23,74,15907,0
4,4514,90951399,-40,-3833,7279,0,0
13,4515,90951438,-10,0,-1,0,0
37,4516,90961536,-3923,23,74,15907,0
4,4515,90971590,-43,-3836,7275,0,0
13,4516,90971630,1,0,-1,0,0
37,4517,90981698,-3922,23,74,15907,0
L,90985177,VALID,26.879,0.674,1
4,4516,90991702,-46,-3820,7281,0,0
13,4517,90991742,0,0,0,0,0
37,4518,91001766,-3923,24,74,15907,0
4,4517,91011848,-49,-3825,7274,0,0
13,4518,91011888,-10,0,0,0,0
37,4519,91021860,-3924,24,74,15906,0
4,4518,91031950,-54,-3832,7277,0,0
13,4519,91031989,-16,1,1,0,0
37,4520,91041947,-3926,24,74,15906,0
4,4519,91052096,-39,-3832,7281,0,0
13,4520,91052136,-10,2,0,0,0
37,4521,91062085,-3927,25,74,15906,0
4,4520,91072242,-55,-3834,7268,0,0
13,4521,91072282,-4,3,0,0,0
37,4522,91082067,-3927,25,74,15906,0
L,91085491,VALID,26.915,0.688,1
4,4521,91092277,-46,-3819,7286,0,0
13,4522,91092317,-3,13,0,0,0
37,4523,91102394,-3928,27,74,15905,0
4,4522,91112310,-59,-3831,7272,0,0
13,4523,91112350,-17,-2,0,0,0
37,4524,91122368,-3930,26,74,15905,0
4,4523,91132552,-45,-3838,7268,0,0
13,4524,91132591,-21,-4,0,0,0
37,4525,91142608,-3932,26,74,15904,0
4,4524,91152714,-51,-3853,7276,0,0
13,4525,91152753,-10,-5,-2,0,0
37,4526,91162550,-3933,26,74,15904,0
4,4525,91172730,-57,-3848,7248,0,0
13,4526,91172769,20,-3,-5,0,0
37,4527,91182798,-3930,25,74,15905,0
L,91186240,VALID,26.937,0.688,1
4,4526,91192931,-41,-3834,7280,0,0
13,4527,91192971,9,-7,-1,0,0
37,4528,91202858,-3929,25,74,15905,0
4,4527,91212989,-50,-3818,7278,0,0
13,4528,91213029,10,0,-3,0,0
37,4529,91223038,-3930,25,73,15905,0
4,4528,91233082,-41,-3834,7272,0,0
13,4529,91233121,-14,-2,0,0,0
37,4530,91243055,-3931,25,74,15905,0
4,4529,91253167,-49,-3830,7271,0,0
13,4530,91253234,-11,-4,0,0,0
37,4531,91263280,-3932,25,74,15904,0
4,4530,91273325,-53,-3836,7265,0,0
13,4531,91273364,-7,-6,0,0,0
37,4532,91283287,-3933,24,74,15904,0
L,91286737,VALID,26.959,0.681,1
4,4531,91293496,-48,-3838,7264,0,0
13,4532,91293536,-1,-12,0,0,0
37,4533,91303495,-3933,23,74,15904,0
4,4532,91313522,-45,-3838,7271,0,0
13,4533,91313561,1,-8,0,0,0
37,4534,91323508,-3933,23,74,15904,0
4,4533,91333624,-46,-3843,7255,0,0
13,4534,91333663,10,0,0,0,0
37,4535,91343655,-3932,24,74,15904,0
4,4534,91353708,-45,-3827,7275,0,0
13,4535,91353748,15,2,0,0,0
37,4536,91363714,-3931,24,74,15905,0
4,4535,91373889,-45,-3828,7280,0,0
13,4536,91373956,0,-1,0,0,0
37,4537,91383941,-3932,24,75,15904,0
L,91387382,VALID,26.952,0.683,1
4,4536,91393970,-44,-3835,7275,0,0
13,4537,91394010,-19,-6,0,0,0
37,4538,91404039,-3934,23,75,15904,0
4,4537,91414078,-50,-3840,7271,0,0
13,4538,91414118,-22,-14,1,0,0
37,4539,91424197,-3937,22,75,15903,0
4,4538,91434208,-38,-3859,7246,0,0
13,4539,91434247,-14,-7,0,0,0
37,4540,91444257,-3937,22,75,15903,0
4,4539,91454509,-53,-3849,7272,0,0
13,4540,91454549,16,2,0,0,0
37,4541,91464377,-3935,23,75,15904,0
4,4540,91474343,-55,-3831,7279,0,0
13,4541,91474383,18,8,0,0,0
37,4542,91484393,-3934,24,75,15904,0
L,91487870,VALID,26.966,0.683,1
4,4541,91494516,-45,-3840,7278,0,0
13,4542,91494556,-6,0,-1,0,0
37,4543,91504645,-3935,23,75,15904,0
4,4542,91514655,-52,-3849,7265,0,0
13,4543,91514694,-2,-5,0,0,0
37,4544,91524655,-3935,23,75,15904,0
4,4543,91534806,-51,-3834,7273,0,0
13,4544,91534846,15,-1,-4,0,0
37,4545,91544797,-3935,23,75,15904,0
4,4544,91554815,-45,-3828,7275,0,0
13,4545,91554855,-15,-4,0,0,0
37,4546,91564909,-3937,23,76,15903,0
4,4545,91574980,-42,-3854,7263,0,0
13,4546,91575020,-23,-9,2,0,0
37,4547,91585012,-3939,23,76,15903,0
L,91588463,VALID,27.001,0.678,1
4,4546,91595049,-51,-3854,7270,0,0
13,4547,91595088,5,0,-4,0,0
37,4548,91605080,-3938,23,76,15903,0
4,4547,91615236,-42,-3835,7269,0,0
13,4548,91615276,3,-5,0,0,0
37,4549,91625174,-3938,22,76,15903,0
4,4548,91635288,-40,-3841,7270,0,0
13,4549,91635328,-17,-9,1,0,0
37,4550,91645333,-3940,21,76,15902,0
4,4549,91655357,-41,-3862,7256,0,0
13,4550,91655397,-3,-9,4,0,0
37,4551,91665517,-3940,21,77,15902,0
4,4550,91675511,-47,-3841,7263,0,0
13,4551,91675551,17,-4,1,0,0
37,4552,91685474,-3939,21,77,15903,0
L,91688943,VALID,27.001,0.666,1
4,4551,91695573,-49,-3839,7278,0,0
13,4552,91695613,8,-4,0,0,0
37,4553,91705636,-3939,21,77,15903,0
4,4552,91715645,-53,-3846,7263,0,0
13,4553,91715685,2,0,-2,0,0
37,4554,91725748,-3939,21,77,15903,0
4,4553,91735794,-43,-3848,7266,0,0
13,4554,91735833,6,3,0,0,0
37,4555,91745902,-3938,22,77,15903,0
4,4554,91755905,-51,-3826,7276,0,0
13,4555,91755971,4,2,1,0,0
37,4556,91765937,-3938,23,77,15903,0
4,4555,91776044,-53,-3848,7273,0,0
13,4556,91776084,-3,-1,0,0,0
37,4557,91786074,-3939,23,78,15903,0
L,91789518,VALID,27.001,0.681,1
4,4556,91796156,-56,-3851,7268,0,0
13,4557,91796196,0,-5,0,0,0
37,4558,91806107,-3939,23,78,15903,0
4,4557,91816258,-43,-3837,7273,0,0
13,4558,91816297,-8,-3,1,0,0
37,4559,91826333,-3940,23,78,15902,0
4,4558,91836294,-47,-3837,7265,0,0
13,4559,91836333,-17,-2,-1,0,0
37,4560,91846479,-3942,23,78,15902,0
4,4559,91856445,-47,-3860,7261,0,0
13,4560,91856484,-16,-8,0,0,0
37,4561,91866461,-3943,22,78,15902,0
4,4560,91876574,-41,-3861,7257,0,0
13,4561,91876641,15,-1,0,0,0
37,4562,91886563,-3942,22,78,15902,0
L,91890058,VALID,27.023,0.674,1
4,4561,91896690,-52,-3837,7281,0,0
13,4562,91896729,13,0,-3,0,0
37,4563,91906808,-3941,23,78,15902,0
4,4562,91916850,-49,-3842,7274,0,0
13,4563,91916890,-12,0,-1,0,0
37,4564,91926752,-3943,23,78,15902,0
4,4563,91936987,-41,-3838,7268,0,0
13,4564,91937026,-14,-2,-2,0,0
37,4565,91946995,-3945,22,78,15901,0
4,4564,91957082,-36,-3854,7265,0,0
13,4565,91957122,-19,0,-1,0,0
37,4566,91967123,-3947,23,78,15901,0
4,4565,91977089,-48,-3860,7257,0,0
13,4566,91977129,-10,8,1,0,0
37,4567,91987407,-3947,24,78,15901,0
L,91990842,VALID,27.059,0.688,1
4,4566,91997385,-54,-3844,7273,0,0
13,4567,91997425,-2,2,-2,0,0
37,4568,92007234,-3948,24,78,15900,0
4,4567,92017477,-47,-3848,7264,0,0
13,4568,92017517,-30,-13,0,0,0
37,4569,92027484,-3951,22,78,15900,0
4,4568,92037527,-33,-3875,7247,0,0
13,4569,92037567,-14,-7,0,0,0
37,4570,92047560,-3952,22,78,15899,0
4,4569,92057701,-41,-3866,7249,0,0
13,4570,92057740,8,6,2,0,0
37,4571,92067878,-3951,23,78,15900,0
4,4570,92077804,-47,-3836,7266,0,0
13,4571,92077843,0,2,0,0,0
37,4572,92087774,-3952,23,79,15899,0
L,92091195,VALID,27.096,0.683,1
4,4571,92097993,-63,-3854,7259,0,0
13,4572,92098033,-13,-4,2,0,0
37,4573,92107897,-3953,23,79,15899,0
4,4572,92117982,-47,-3854,7271,0,0
13,4573,92118022,-17,-4,0,0,0
37,4574,92127947,-3955,23,79,15899,0
4,4573,92138103,-55,-3854,7262,0,0
13,4574,92138143,-22,-9,3,0,0
37,4575,92148202,-3958,22,80,15898,0
4,4574,92158224,-43,-3865,7245,0,0
13,4575,92158263,-27,-11,5,0,0
37,4576,92168256,-3960,22,80,15898,0
4,4575,92178274,-50,-3875,7254,0,0
13,4576,92178313,8,-5,0,0,0
37,4577,92188400,-3959,22,81,15898,0
L,92191827,VALID,27.145,0.680,1
4,4576,92198432,-43,-3853,7252,0,0
13,4577,92198471,14,0,1,0,0
37,4578,92208356,-3957,22,81,15898,0
4,4577,92218557,-50,-3852,7274,0,0
13,4578,92218597,3,0,0,0,0
37,4579,92228658,-3958,22,81,15898,0
4,4578,92238713,-64,-3852,7268,0,0
13,4579,92238752,-26,-6,3,0,0
37,4580,92248729,-3961,21,82,15897,0
4,4579,92258843,-43,-3872,7254,0,0
13,4580,92258883,-25,-24,9,0,0
37,4581,92268890,-3963,20,83,15897,0
4,4580,92278909,-40,-3872,7245,0,0
13,4581,92278949,-18,-15,8,0,0
37,4582,92288916,-3965,19,84,15896,0
L,92292350,VALID,27.190,0.664,1
4,4581,92299084,-53,-3868,7265,0,0
13,4582,92299124,-34,-15,21,0,0
37,4583,92309186,-3968,18,87,15895,0
4,4582,92319187,-52,-3878,7254,0,0
13,4583,92319226,-23,-25,12,0,0
37,4584,92329220,-3969,16,88,15895,0
4,4583,92339236,-43,-3898,7240,0,0
13,4584,92339276,2,-13,3,0,0
37,4585,92349320,-3968,15,88,15895,0
4,4584,92359330,-46,-3863,7254,0,0
13,4585,92359370,34,-6,0,0,0
37,4586,92369354,-3965,15,89,15896,0
4,4585,92379641,-47,-3860,7264,0,0
13,4586,92379681,11,-1,-1,0,0
37,4587,92389640,-3965,16,88,15896,0
L,92393090,VALID,27.189,0.651,1
4,4586,92399642,-47,-3866,7258,0,0
13,4587,92399682,3,4,-4,0,0
37,4588,92409611,-3965,17,88,15896,0
4,4587,92419708,-52,-3875,7259,0,0
13,4588,92419747,0,6,-4,0,0
37,4589,92429774,-3965,17,88,15896,0
4,4588,92439794,-43,-3863,7255,0,0
13,4589,92439834,4,-2,0,0,0
37,4590,92449843,-3965,16,88,15896,0
4,4589,92459915,-38,-3869,7248,0,0
13,4590,92459954,6,-12,-1,0,0
37,4591,92469991,-3964,16,88,15896,0
4,4590,92479974,-45,-3857,7261,0,0
13,4591,92480013,3,-7,-2,0,0
37,4592,92490075,-3965,16,88,15896,0
L,92493527,VALID,27.189,0.651,1
4,4591,92500164,-44,-3873,7247,0,0
13,4592,92500231,-15,-6,-1,0,0
37,4593,92510293,-3967,15,88,15896,0
4,4592,92520311,-41,-3886,7240,0,0
13,4593,92520351,-4,0,0,0,0
37,4594,92530324,-3967,16,88,15896,0
4,4593,92540430,-39,-3871,7254,0,0
13,4594,92540469,26,-1,-1,0,0
37,4595,92550471,-3964,15,88,15896,0
4,4594,92560499,-43,-3866,7265,0,0
13,4595,92560539,14,-5,0,0,0
37,4596,92570531,-3964,15,88,15896,0
4,4595,92580704,-44,-3866,7255,0,0
13,4596,92580744,-7,-6,0,0,0
37,4597,92590660,-3965,15,89,15896,0
L,92594128,VALID,27.189,0.646,1
4,4596,92600877,-46,-3874,7255,0,0
13,4597,92600917,-4,-7,0,0,0
37,4598,92610702,-3966,15,89,15896,0
4,4597,92620857,-43,-3880,7261,0,0
13,4598,92620897,0,-4,-1,0,0
37,4599,92631049,-3965,15,89,15896,0
4,4598,92640981,-47,-3859,7254,0,0
13,4599,92641021,3,1,-3,0,0
37,4600,92650993,-3965,16,88,15896,0
4,4599,92661176,-50,-3866,7266,0,0
13,4600,92661216,5,0,-3,0,0
37,4601,92671252,-3965,15,88,15896,0
4,4600,92681332,-43,-3868,7255,0,0
13,4601,92681372,-2,-1,0,0,0
37,4602,92691156,-3966,16,89,15896,0
L,92694599,VALID,27.196,0.652,1
4,4601,92701315,-39,-3870,7243,0,0
13,4602,92701355,-6,0,-2,0,0
37,4603,92711424,-3967,16,88,15896,0
4,4602,92721571,-37,-3882,7231,0,0
13,4603,92721611,0,0,-2,0,0
37,4604,92731501,-3966,16,88,15896,0
4,4603,92741597,-47,-3860,7274,0,0
13,4604,92741636,16,0,0,0,0
37,4605,92751665,-3966,16,88,15896,0
4,4604,92761719,-46,-3885,7249,0,0
13,4605,92761758,-7,-7,-1,0,0
37,4606,92771674,-3967,16,88,15896,0
4,4605,92781802,-49,-3882,7238,0,0
13,4606,92781842,-4,-5,-1,0,0
37,4607,92791870,-3967,16,88,15896,0
L,92795330,VALID,27.203,0.651,1
4,4606,92801891,-41,-3852,7264,0,0
13,4607,92801931,9,0,0,0,0
37,4608,92811876,-3967,16,89,15896,0
4,4607,92822062,-52,-3862,7263,0,0
13,4608,92822101,-10,-4,0,0,0
37,4609,92832094,-3968,16,89,15895,0
4,4608,92842111,-40,-3880,7243,0,0
13,4609,92842150,-5,-4,0,0,0
37,4610,92852101,-3968,15,89,15895,0
4,4609,92862249,-47,-3874,7254,0,0
13,4610,92862288,28,-6,-2,0,0
37,4611,92872291,-3965,15,89,15896,0
4,4610,92882345,-44,-3854,7263,0,0
13,4611,92882384,13,-5,0,0,0
37,4612,92892374,-3965,15,89,15896,0
L,92895810,VALID,27.189,0.646,1
4,4611,92902552,-38,-3870,7256,0,0
13,4612,92902592,-9,-7,0,0,0
37,4613,92912556,-3965,14,89,15896,0
4,4612,92922619,-43,-3880,7251,0,0
13,4613,92922659,12,-5,0,0,0
37,4614,92932617,-3963,14,89,15896,0
4,4613,92942688,-43,-3863,7249,0,0
13,4614,92942727,33,0,-1,0,0
37,4615,92952823,-3961,14,89,15897,0
4,4614,92962867,-42,-3857,7277,0,0
13,4615,92962907,9,-1,-2,0,0
37,4616,92972841,-3961,14,89,15897,0
4,4615,92983056,-44,-3870,7264,0,0
13,4616,92983123,-15,-10,0,0,0
37,4617,92993004,-3963,13,90,15897,0
L,92996472,VALID,27.174,0.634,1
4,4616,93002954,-43,-3882,7247,0,0
13,4617,93003021,-6,-16,0,0,0
37,4618,93013031,-3964,12,90,15896,0
4,4617,93023117,-37,-3880,7234,0,0
13,4618,93023157,22,-6,0,0,0
37,4619,93033225,-3960,12,90,15897,0
4,4618,93043245,-48,-3847,7264,0,0
13,4619,93043284,39,-2,-3,0,0
37,4620,93053216,-3957,12,90,15898,0
4,4619,93063400,-50,-3840,7263,0,0
13,4620,93063439,10,-3,0,0,0
37,4621,93073354,-3957,12,90,15898,0
4,4620,93083347,-47,-3860,7258,0,0
13,4621,93083387,-5,-13,1,0,0
37,4622,93093500,-3958,11,91,15898,0
L,93096969,VALID,27.139,0.622,1
4,4621,93103607,-39,-3877,7240,0,0
13,4622,93103647,1,-15,1,0,0
37,4623,93113578,-3957,10,91,15898,0
4,4622,93123701,-39,-3874,7256,0,0
13,4623,93123740,23,-6,-2,0,0
37,4624,93133738,-3955,10,91,15899,0
4,4623,93143836,-39,-3837,7269,0,0
13,4624,93143876,9,0,-1,0,0
37,4625,93153828,-3955,11,91,15899,0
4,4624,93163897,-42,-3849,7253,0,0
13,4625,93163937,-10,-2,0,0,0
37,4626,93173939,-3956,10,91,15898,0
4,4625,93183923,-30,-3878,7248,0,0
13,4626,93183963,11,-5,-1,0,0
37,4627,93194136,-3954,10,91,15899,0
L,93197597,VALID,27.110,0.615,1
4,4626,93204096,-36,-3870,7255,0,0
13,4627,93204136,18,7,0,0,0
37,4628,93214126,-3951,11,91,15899,0
4,4627,93224230,-45,-3850,7257,0,0
13,4628,93224269,45,2,0,0,0
37,4629,93234246,-3948,11,91,15900,0
4,4628,93244308,-42,-3841,7270,0,0
13,4629,93244348,15,-3,0,0,0
37,4630,93254429,-3947,11,91,15900,0
4,4629,93264483,-41,-3843,7270,0,0
13,4630,93264523,2,-4,0,0,0
37,4631,93274573,-3948,11,91,15900,0
4,4630,93284584,-30,-3844,7250,0,0
13,4631,93284624,1,-2,0,0,0
37,4632,93294580,-3947,11,91,15901,0
L,93298015,VALID,27.059,0.622,1
4,4631,93304663,-42,-3844,7280,0,0
13,4632,93304703,0,0,-1,0,0
37,4633,93314675,-3948,11,91,15900,0
4,4632,93324797,-43,-3865,7254,0,0
13,4633,93324836,-16,-8,0,0,0
37,4634,93334709,-3950,11,91,15900,0
4,4633,93344867,-50,-3854,7269,0,0
13,4634,93344906,-4,-10,-1,0,0
37,4635,93354995,-3950,10,92,15900,0
4,4634,93364952,-34,-3861,7260,0,0
13,4635,93364992,-1,-12,-1,0,0
37,4636,93375125,-3950,9,92,15900,0
4,4635,93385178,-28,-3876,7249,0,0
13,4636,93385218,19,-9,0,0,0
37,4637,93395166,-3947,9,92,15901,0
L,93398530,VALID,27.059,0.610,1
4,4636,93405263,-37,-3843,7278,0,0
13,4637,93405302,28,0,-2,0,0
37,4638,93415224,-3946,9,92,15901,0
4,4637,93425347,-45,-3839,7266,0,0
13,4638,93425386,0,-6,1,0,0
37,4639,93435414,-3947,8,92,15901,0
4,4638,93445494,-34,-3867,7249,0,0
13,4639,93445533,-6,-11,-1,0,0
37,4640,93455362,-3947,8,92,15901,0
4,4639,93465604,-35,-3857,7269,0,0
13,4640,93465643,15,-8,-2,0,0
37,4641,93475613,-3946,7,92,15901,0
4,4640,93485698,-38,-3852,7260,0,0
13,4641,93485738,4,-8,0,0,0
37,4642,93495715,-3946,7,93,15901,0
L,93499070,VALID,27.052,0.598,1
4,4641,93505708,-35,-3843,7262,0,0
13,4642,93505774,19,-4,-2,0,0
37,4643,93515985,-3944,6,93,15901,0
4,4642,93525975,-32,-3846,7275,0,0
13,4643,93526014,20,-5,0,0,0
37,4644,93535842,-3942,6,93,15902,0
4,4643,93546042,-29,-3836,7263,0,0
13,4644,93546082,3,-3,0,0,0
37,4645,93556014,-3943,6,93,15902,0
4,4644,93566102,-30,-3851,7260,0,0
13,4645,93566142,5,-4,-2,0,0
37,4646,93576099,-3942,6,93,15902,0
4,4645,93586266,-31,-3845,7276,0,0
13,4646,93586305,15,-9,0,0,0
37,4647,93596427,-3941,5,93,15902,0
L,93599810,VALID,27.016,0.584,1
4,4646,93606387,-36,-3842,7266,0,0
13,4647,93606427,-5,-12,0,0,0
37,4648,93616332,-3943,4,94,15902,0
4,4647,93626576,-33,-3862,7263,0,0
13,4648,93626615,-8,-16,-1,0,0
37,4649,93636480,-3944,3,94,15901,0
4,4648,93646599,-40,-3858,7254,0,0
13,4649,93646639,-1,-13,0,0,0
37,4650,93656546,-3944,2,94,15901,0
4,4649,93666702,-36,-3843,7267,0,0
13,4650,93666742,16,-11,-1,0,0
37,4651,93676781,-3943,2,95,15902,0
4,4650,93686763,-39,-3852,7264,0,0
13,4651,93686803,7,-15,2,0,0
37,4652,93696761,-3942,0,95,15902,0
L,93700081,VALID,27.023,0.554,1
4,4651,93706841,-31,-3847,7271,0,0
13,4652,93706881,18,-15,-1,0,0
37,4653,93716969,-3940,0,96,15902,0
4,4652,93727020,-38,-3840,7272,0,0
13,4653,93727060,10,-10,1,0,0
37,4654,93736967,-3940,0,96,15902,0
4,4653,93747130,-33,-3852,7271,0,0
13,4654,93747197,3,-14,0,0,0
37,4655,93757271,-3940,-1,96,15902,0
4,4654,93767322,-27,-3846,7265,0,0
13,4655,93767362,15,-17,-4,0,0
37,4656,93777329,-3937,-2,96,15903,0
4,4655,93787398,-26,-3826,7281,0,0
13,4656,93787438,21,-11,-2,0,0
37,4657,93797441,-3936,-3,96,15903,0
L,93800900,VALID,26.981,0.535,1
4,4656,93807496,-24,-3840,7265,0,0
13,4657,93807536,5,-5,-3,0,0
37,4658,93817526,-3936,-3,96,15903,0
4,4657,93827692,-19,-3843,7263,0,0
13,4658,93827731,2,-7,0,0,0
37,4659,93837818,-3936,-4,96,15903,0
4,4658,93847795,-25,-3843,7271,0,0
13,4659,93847834,3,-6,0,0,0
37,4660,93857860,-3937,-4,97,15903,0
4,4659,93867879,-27,-3843,7266,0,0
13,4660,93867919,0,-4,1,0,0
37,4661,93878000,-3937,-4,97,15903,0
4,4660,93888011,-21,-3850,7270,0,0
13,4661,93888050,7,0,-2,0,0
37,4662,93898034,-3936,-4,97,15903,0
L,93901475,VALID,26.981,0.530,1
4,4661,93908304,-22,-3846,7261,0,0
13,4662,93908344,20,-1,-1,0,0
37,4663,93918275,-3934,-4,97,15904,0
4,4662,93928310,-18,-3839,7272,0,0
13,4663,93928350,23,-1,-2,0,0
37,4664,93938265,-3933,-4,96,15904,0
4,4663,93948388,-32,-3826,7285,0,0
13,4664,93948427,8,-1,-1,0,0
37,4665,93958471,-3933,-4,96,15904,0
4,4664,93968490,-17,-3846,7273,0,0
13,4665,93968529,0,-1,0,0,0
37,4666,93978556,-3933,-3,97,15904,0
4,4665,93988617,-28,-3828,7280,0,0
13,4666,93988657,16,0,0,0,0
37,4667,93998747,-3931,-4,97,15904,0
L,94002189,VALID,26.945,0.530,1
4,4666,94008734,-25,-3834,7262,0,0
13,4667,94008773,-12,-10,0,0,0
37,4668,94018821,-3933,-4,97,15904,0
4,4667,94028928,-14,-3865,7250,0,0
13,4668,94028968,1,-3,-1,0,0
37,4669,94038977,-3931,-4,96,15904,0
4,4668,94049024,-33,-3852,7250,0,0
13,4669,94049064,59,9,-3,0,0
37,4670,94059055,-3925,-3,96,15906,0
4,4669,94069136,-28,-3824,7291,0,0
13,4670,94069175,60,12,1,0,0
37,4671,94079193,-3922,-2,96,15907,0
4,4670,94089292,-29,-3822,7290,0,0
13,4671,94089332,16,1,0,0,0
37,4672,94099279,-3922,-2,96,15907,0
L,94102747,VALID,26.879,0.542,1
4,4671,94109453,-30,-3854,7258,0,0
13,4672,94109493,10,-10,2,0,0
37,4673,94119408,-3919,-3,97,15907,0
4,4672,94129652,-24,-3830,7285,0,0
13,4673,94129691,41,-9,0,0,0
37,4674,94139535,-3915,-3,97,15908,0
4,4673,94149701,-24,-3805,7295,0,0
13,4674,94149740,19,-9,-2,0,0
37,4675,94159847,-3915,-4,97,15908,0
4,4674,94169771,-23,-3812,7277,0,0
13,4675,94169811,-14,-17,-4,0,0
37,4676,94179805,-3917,-6,97,15908,0
4,4675,94190004,-19,-3828,7283,0,0
13,4676,94190044,-13,-9,-4,0,0
37,4677,94200089,-3918,-6,97,15908,0
L,94203522,VALID,26.850,0.516,1
4,4676,94210160,-18,-3828,7277,0,0
13,4677,94210199,-9,-8,0,0,0
37,4678,94220010,-3919,-7,97,15908,0
4,4677,94230208,-15,-3812,7280,0,0
13,4678,94230248,-7,-10,-3,0,0
37,4679,94240268,-3920,-8,97,15907,0
4,4678,94250426,-20,-3823,7296,0,0
13,4679,94250466,-19,-12,1,0,0
37,4680,94260382,-3922,-10,98,15907,0
4,4679,94270511,-10,-3844,7247,0,0
13,4680,94270551,8,-22,0,0,0
37,4681,94280558,-3919,-11,98,15907,0
4,4680,94290615,-25,-3817,7284,0,0
13,4681,94290655,2,-12,-3,0,0
37,4682,94300586,-3921,-12,98,15907,0
L,94304132,VALID,26.872,0.477,1
4,4681,94310684,-26,-3831,7272,0,0
13,4682,94310724,-18,-8,1,0,0
37,4683,94320792,-3923,-12,98,15906,0
4,4682,94330803,-14,-3845,7264,0,0
13,4683,94330843,-14,-6,1,0,0
37,4684,94340835,-3923,-12,99,15906,0
4,4683,94351026,-22,-3831,7279,0,0
13,4684,94351065,21,2,1,0,0
37,4685,94361015,-3921,-11,99,15907,0
4,4684,94371076,-35,-3822,7274,0,0
13,4685,94371143,22,-5,-2,0,0
37,4686,94381105,-3919,-12,99,15907,0
4,4685,94391213,-32,-3807,7306,0,0
13,4686,94391253,3,-10,-2,0,0
37,4687,94401264,-3921,-13,99,15907,0
L,94404803,VALID,26.872,0.472,1
4,4686,94411346,-20,-3836,7267,0,0
13,4687,94411386,-39,-14,-2,0,0
37,4688,94421334,-3924,-14,99,15906,0
4,4687,94431481,-14,-3843,7262,0,0
13,4688,94431521,-10,-13,0,0,0
37,4689,94441524,-3925,-15,99,15906,0
4,4688,94451541,-16,-3838,7274,0,0
13,4689,94451581,9,-15,-3,0,0
37,4690,94461608,-3924,-16,100,15906,0
4,4689,94471662,-37,-3848,7287,0,0
13,4690,94471702,8,-40,-2,0,0
37,4691,94481815,-3922,-22,101,15907,0
4,4690,94491888,5,-3845,7251,0,0
13,4691,94491928,45,-66,1,0,0
37,4692,94501865,-3917,-26,102,15908,0
L,94505465,VALID,26.844,0.388,1
4,4691,94512119,6,-3798,7294,0,0
13,4692,94512159,34,-48,6,0,0
37,4693,94521994,-3917,-30,106,15908,0
4,4692,94531980,-28,-3810,7275,0,0
13,4693,94532020,-35,-58,53,0,0
37,4694,94542011,-3921,-34,112,15907,0
4,4693,94552109,26,-3832,7276,0,0
13,4694,94552148,-33,-41,31,0,0
37,4695,94562209,-3924,-36,113,15906,0
4,4694,94572202,-2,-3837,7268,0,0
13,4695,94572242,-35,-25,2,0,0
37,4696,94582226,-3927,-38,114,15905,0
4,4695,94592399,4,-3849,7271,0,0
13,4696,94592438,-12,-22,-2,0,0
37,4697,94602390,-3928,-39,114,15905,0
L,94606031,VALID,26.924,0.321,1
4,4696,94612375,-7,-3839,7272,0,0
13,4697,94612415,1,-23,-2,0,0
37,4698,94622527,-3928,-42,114,15905,0
4,4697,94632667,17,-3854,7243,0,0
13,4698,94632707,21,-25,-2,0,0
37,4699,94642631,-3924,-43,114,15906,0
4,4698,94652700,0,-3825,7287,0,0
13,4699,94652739,26,-9,-1,0,0
37,4700,94662783,-3923,-43,115,15906,0
4,4699,94672865,-1,-3835,7280,0,0
13,4700,94672905,7,-16,0,0,0
37,4701,94682861,-3923,-45,115,15906,0
4,4700,94692950,2,-3837,7290,0,0
13,4701,94692989,0,-28,-3,0,0
37,4702,94702980,-3924,-48,115,15906,0
L,94706606,VALID,26.895,0.261,1
4,4701,94712994,21,-3843,7257,0,0
13,4702,94713034,2,-16,-5,0,0
37,4703,94723222,-3923,-49,115,15906,0
4,4702,94733156,0,-3830,7284,0,0
13,4703,94733195,-9,-19,-3,0,0
37,4704,94743178,-3924,-52,115,15906,0
4,4703,94753338,14,-3826,7272,0,0
13,4704,94753378,-13,-28,-5,0,0
37,4705,94763367,-3926,-54,116,15906,0
4,4704,94773439,4,-3866,7254,0,0
13,4705,94773479,11,-23,-6,0,0
37,4706,94783530,-3923,-56,115,15906,0
4,4705,94793596,15,-3860,7243,0,0
13,4706,94793635,68,-11,-12,0,0
37,4707,94803687,-3915,-56,114,15908,0
L,94807312,VALID,26.831,0.205,1
4,4706,94813708,7,-3799,7309,0,0
13,4707,94813748,67,-6,-17,0,0
37,4708,94823703,-3911,-57,114,15909,0
4,4707,94833851,24,-3817,7273,0,0
13,4708,94833891,38,-27,-4,0,0
37,4709,94843884,-3908,-60,114,15910,0
4,4708,94853990,18,-3808,7311,0,0
13,4709,94854030,-8,-18,-7,0,0
37,4710,94863936,-3912,-63,113,15909,0
4,4709,94874136,16,-3861,7267,0,0
13,4710,94874176,-15,-32,-24,0,0
37,4711,94884246,-3911,-67,111,15909,0
4,4710,94894225,45,-3834,7246,0,0
13,4711,94894264,33,-30,-33,0,0
37,4712,94904392,-3907,-68,109,15910,0
L,94908061,VALID,26.774,0.115,1
4,4711,94914378,39,-3810,7290,0,0
13,4712,94914417,29,-11,-27,0,0
37,4713,94924401,-3905,-70,108,15911,0
4,4712,94934503,0,-3811,7316,0,0
13,4713,94934542,13,-35,-3,0,0
37,4714,94944511,-3905,-75,109,15911,0
4,4713,94954608,-51,-3884,7359,0,0
13,4714,94954648,11,-117,-46,0,0
37,4715,94964721,-3903,-92,104,15911,0
4,4714,94974816,27,-3822,7318,0,0
13,4715,94974855,19,-200,-133,0,0
37,4716,94984667,-3899,-115,96,15912,0
4,4715,94994962,92,-3816,7266,0,0
13,4716,94995001,45,-247,-145,0,0
37,4717,95004985,-3895,-138,89,15913,0
L,95008593,VALID,26.689,-0.394,1
4,4716,95015059,107,-3792,7279,0,0
13,4717,95015099,57,-229,-135,0,0
37,4718,95025073,-3891,-159,82,15914,0
4,4717,95035073,119,-3782,7303,0,0
13,4718,95035113,9,-201,-144,0,0
37,4719,95045279,-3891,-180,74,15913,0
4,4718,95055270,131,-3801,7306,0,0
13,4719,95055310,-2,-228,-122,0,0
37,4720,95065176,-3890,-205,72,15913,0
4,4719,95075356,142,-3815,7374,0,0
13,4720,95075395,3,-312,-71,0,0
37,4721,95085381,-3891,-239,75,15913,0
4,4720,95095424,163,-3849,7399,0,0
13,4721,95095464,-22,-493,-73,0,0
37,4722,95105432,-3895,-291,78,15911,0
L,95109090,VALID,26.699,-1.452,1
4,4721,95115617,268,-3900,7310,0,0
13,4722,95115656,-71,-698,-144,0,0
37,4723,95125761,-3897,-360,78,15909,0
4,4722,95135720,341,-3810,7167,0,0
13,4723,95135760,25,-626,-169,0,0
37,4724,95145675,-3896,-408,73,15908,0
4,4723,95155915,379,-3813,7113,0,0
13,4724,95155954,43,-441,-245,0,0
37,4725,95165837,-3888,-443,59,15909,0
4,4724,95175915,436,-3751,7245,0,0
13,4725,95175955,70,-306,-227,0,0
37,4726,95185889,-3882,-472,48,15910,0
4,4725,95196041,408,-3803,7313,0,0
13,4726,95196080,28,-320,-180,0,0
37,4727,95206112,-3880,-507,39,15909,0
L,95209708,VALID,26.611,-2.986,1
4,4726,95216149,476,-3798,7321,0,0
13,4727,95216188,33,-400,-199,0,0
37,4728,95226119,-3877,-550,32,15909,0
4,4727,95236223,518,-3770,7148,0,0
13,4728,95236262,65,-411,-202,0,0
37,4729,95246362,-3865,-582,24,15910,0
4,4728,95256424,495,-3795,7318,0,0
13,4729,95256463,161,-365,-164,0,0
37,4730,95266327,-3850,-621,17,15912,0
4,4729,95276488,572,-3798,7350,0,0
13,4730,95276527,128,-442,-208,0,0
37,4731,95286593,-3844,-669,5,15912,0
4,4730,95296662,681,-3747,7227,0,0
13,4731,95296702,12,-503,-304,0,0
37,4732,95306662,-3842,-714,-9,15910,0
L,95310284,VALID,26.361,-4.474,1
4,4731,95316741,691,-3709,7178,0,0
13,4732,95316780,39,-380,-244,0,0
37,4733,95326807,-3836,-747,-20,15910,0
4,4732,95336825,785,-3727,7180,0,0
13,4733,95336865,77,-253,-169,0,0
37,4734,95346857,-3829,-765,-29,15911,0
4,4733,95356997,717,-3749,7283,0,0
13,4734,95357036,87,-187,-162,0,0
37,4735,95367127,-3820,-787,-38,15912,0
4,4734,95377154,798,-3775,7439,0,0
13,4735,95377194,88,-264,-174,0,0
37,4736,95387203,-3816,-827,-48,15911,0
4,4735,95397238,767,-3698,7183,0,0
13,4736,95397278,-38,-536,-280,0,0
37,4737,95407332,-3818,-871,-62,15908,0
L,95411041,VALID,26.202,-5.631,1
4,4736,95417334,868,-3666,7199,0,0
13,4737,95417373,2,-301,-199,0,0
37,4738,95427340,-3816,-898,-71,15907,0
4,4737,95437633,898,-3756,7294,0,0
13,4738,95437672,13,-319,-185,0,0
37,4739,95447563,-3814,-934,-81,15906,0
4,4738,95457605,952,-3725,7282,0,0
13,4739,95457645,0,-397,-201,0,0
37,4740,95467553,-3812,-973,-88,15904,0
4,4739,95477665,840,-3773,7319,0,0
13,4740,95477705,59,-450,-192,0,0
37,4741,95487786,-3805,-1023,-97,15902,0
4,4740,95497798,990,-3709,7111,0,0
13,4741,95497838,40,-500,-259,0,0
37,4742,95507834,-3800,-1059,-108,15901,0
L,95511747,VALID,26.098,-6.988,1
4,4741,95517918,1007,-3693,7176,0,0
13,4742,95517958,155,-329,-183,0,0
37,4743,95527985,-3779,-1092,-112,15904,0
4,4742,95537958,1090,-3718,7284,0,0
13,4743,95537998,280,-358,-83,0,0
37,4744,95548061,-3751,-1132,-108,15908,0
4,4743,95558096,1047,-3660,7270,0,0
13,4744,95558136,319,-513,-159,0,0
37,4745,95568181,-3729,-1175,-113,15910,0
4,4744,95578225,1115,-3593,7331,0,0
13,4745,95578265,186,-449,-175,0,0
37,4746,95588266,-3717,-1219,-118,15909,0
4,4745,95598346,973,-3815,7493,0,0
13,4746,95598386,90,-562,-221,0,0
37,4747,95608365,-3707,-1293,-140,15905,0
L,95612296,VALID,25.475,-8.640,1
4,4746,95618451,1182,-3742,7215,0,0
13,4747,95618517,125,-938,-717,0,0
37,4748,95628501,-3690,-1390,-189,15900,0
4,4747,95638673,1396,-3591,7202,0,0
13,4748,95638712,153,-833,-783,0,0
37,4749,95648638,-3666,-1478,-239,15898,0
4,4748,95658818,1351,-3629,7374,0,0
13,4749,95658858,272,-903,-847,0,0
37,4750,95668663,-3636,-1585,-297,15893,0
4,4749,95678800,1652,-3461,7191,0,0
13,4750,95678839,264,-1098,-993,0,0
37,4751,95688930,-3609,-1698,-358,15887,0
4,4750,95698851,1827,-3348,6942,0,0
13,4751,95698891,217,-970,-940,0,0
37,4752,95708892,-3590,-1778,-410,15881,0
L,95712810,VALID,24.605,-12.387,1
4,4751,95719079,1939,-3306,6988,0,0
13,4752,95719118,43,-568,-629,0,0
37,4753,95729142,-3583,-1823,-442,15876,0
4,4752,95739267,1958,-3307,7079,0,0
13,4753,95739306,42,-349,-366,0,0
37,4754,95749095,-3583,-1848,-462,15873,0
4,4753,95759266,1889,-3333,7032,0,0
13,4754,95759306,1,-59,-199,0,0
37,4755,95769381,-3573,-1847,-471,15875,0
4,4754,95779471,1916,-3386,7207,0,0
13,4755,95779510,106,109,-7,0,0
37,4756,95789443,-3565,-1840,-467,15878,0
4,4755,95799539,1863,-3381,7318,0,0
13,4756,95799578,93,-89,58,0,0
37,4757,95809553,-3560,-1854,-455,15878,0
L,95813429,VALID,24.377,-12.977,1
4,4756,95819619,1763,-3424,7322,0,0
13,4757,95819659,41,-239,115,0,0
37,4758,95829556,-3560,-1881,-441,15875,0
4,4757,95839717,1854,-3462,7158,0,0
13,4758,95839757,82,-407,27,0,0
37,4759,95849802,-3550,-1915,-434,15873,0
4,4758,95859840,1916,-3424,7181,0,0
13,4759,95859880,114,-341,-23,0,0
37,4760,95869837,-3545,-1944,-430,15871,0
4,4759,95880013,1950,-3416,7149,0,0
13,4760,95880053,39,-324,-67,0,0
37,4761,95890052,-3543,-1974,-430,15868,0
4,4760,95900071,1976,-3420,7145,0,0
13,4761,95900110,13,-334,-45,0,0
37,4762,95910077,-3541,-2002,-426,15865,0
L,95913969,VALID,24.313,-13.950,1
4,4761,95920160,1898,-3443,7288,0,0
13,4762,95920199,19,-394,-62,0,0
37,4763,95930199,-3540,-2047,-424,15859,0
4,4762,95940233,2127,-3373,7060,0,0
13,4763,95940273,51,-509,-134,0,0
37,4764,95950267,-3530,-2089,-429,15856,0
4,4763,95960432,2126,-3326,7063,0,0
13,4764,95960471,76,-373,-109,0,0
37,4765,95970465,-3528,-2116,-427,15853,0
4,4764,95980483,2091,-3398,7072,0,0
13,4765,95980523,25,-269,-36,0,0
37,4766,95990531,-3528,-2137,-425,15850,0
4,4765,96000613,2117,-3376,7121,0,0
13,4766,96000653,-24,-207,-34,0,0
37,4767,96010753,-3530,-2154,-423,15847,0
L,96014640,VALID,24.297,-14.992,1
4,4766,96020760,2102,-3367,7177,0,0
13,4767,96020799,-5,-285,-25,0,0
37,4768,96030781,-3531,-2183,-420,15843,0
4,4767,96040981,2215,-3374,6986,0,0
13,4768,96041021,8,-313,-31,0,0
37,4769,96050903,-3528,-2204,-414,15841,0
4,4768,96060868,2129,-3405,7198,0,0
13,4769,96060908,38,-220,17,0,0
37,4770,96070952,-3527,-2229,-413,15838,0
4,4769,96081056,2303,-3333,7053,0,0
13,4770,96081095,33,-252,-83,0,0
37,4771,96091142,-3523,-2250,-414,15836,0
4,4770,96101179,2208,-3367,7032,0,0
13,4771,96101218,26,-242,-43,0,0
37,4772,96111167,-3522,-2267,-408,15834,0
L,96115067,VALID,24.301,-15.747,1
4,4771,96121379,2242,-3368,7094,0,0
13,4772,96121419,31,-161,88,0,0
37,4773,96131340,-3522,-2278,-396,15832,0
4,4772,96141335,2147,-3417,7220,0,0
13,4773,96141374,31,-265,66,0,0
37,4774,96151492,-3523,-2309,-390,15828,0
4,4773,96161547,2257,-3431,7081,0,0
13,4774,96161587,-59,-418,-157,0,0
37,4775,96171521,-3527,-2349,-401,15821,0
4,4774,96181624,2348,-3371,6920,0,0
13,4775,96181664,-31,-284,-128,0,0
37,4776,96191658,-3526,-2368,-405,15818,0
4,4775,96201769,2416,-3324,6944,0,0
13,4776,96201809,26,-144,-58,0,0
37,4777,96211767,-3521,-2374,-403,15818,0
L,96215686,VALID,24.352,-16.478,1
4,4776,96221824,2376,-3278,7034,0,0
13,4777,96221864,87,-56,64,0,0
37,4778,96231913,-3514,-2377,-390,15820,0
4,4777,96241899,2359,-3326,7033,0,0
13,4778,96241938,90,-25,188,0,0
37,4779,96252113,-3509,-2373,-369,15822,0
4,4778,96262111,2264,-3392,7136,0,0
13,4779,96262151,66,-48,171,0,0
37,4780,96272086,-3510,-2377,-359,15821,0
4,4779,96282215,2306,-3402,7065,0,0
13,4780,96282255,-10,-68,88,0,0
37,4781,96292231,-3511,-2383,-351,15820,0
4,4780,96302242,2340,-3392,7002,0,0
13,4781,96302282,51,-107,28,0,0
37,4782,96312335,-3506,-2391,-348,15820,0
L,96316226,VALID,24.305,-16.512,1
4,4781,96322417,2353,-3366,7015,0,0
13,4782,96322457,65,-32,21,0,0
37,4783,96332488,-3496,-2393,-342,15822,0
4,4782,96342501,2432,-3238,6996,0,0
13,4783,96342540,154,-14,112,0,0
37,4784,96352531,-3489,-2384,-325,15826,0
4,4783,96362593,2227,-3402,7206,0,0
13,4784,96362632,50,35,193,0,0
37,4785,96372678,-3490,-2385,-312,15826,0
4,4784,96382785,2287,-3401,7073,0,0
13,4785,96382825,-21,-109,39,0,0
37,4786,96392695,-3495,-2395,-314,15823,0
4,4785,96402860,2316,-3382,7067,0,0
13,4786,96402899,-72,-15,-32,0,0
37,4787,96412928,-3501,-2396,-320,15821,0
L,96416827,VALID,24.298,-16.503,1
4,4786,96422915,2355,-3336,7035,0,0
13,4787,96422954,-61,-66,-90,0,0
37,4788,96433057,-3503,-2403,-324,15820,0
4,4787,96443092,2383,-3323,7048,0,0
13,4788,96443131,-29,-64,-27,0,0
37,4789,96453116,-3505,-2408,-322,15819,0
4,4788,96463212,2273,-3399,7139,0,0
13,4789,96463252,-7,-79,30,0,0
37,4790,96473160,-3508,-2420,-321,15816,0
4,4789,96483305,2379,-3338,7032,0,0
13,4790,96483345,-40,-133,-19,0,0
37,4791,96493410,-3514,-2430,-321,15813,0
4,4790,96503490,2389,-3348,7025,0,0
13,4791,96503529,-107,-159,-56,0,0
37,4792,96513359,-3524,-2442,-323,15809,0
L,96517229,VALID,24.490,-16.824,1
4,4791,96523609,2368,-3419,7031,0,0
13,4792,96523648,-104,-134,-34,0,0
37,4793,96533607,-3530,-2457,-325,15805,0
4,4792,96543685,2468,-3405,7004,0,0
13,4793,96543725,-49,-126,0,0,0
37,4794,96553657,-3533,-2471,-324,15803,0
4,4793,96563666,2367,-3436,7049,0,0
13,4794,96563705,-49,-281,-116,0,0
37,4795,96573970,-3538,-2495,-331,15797,0
4,4794,96583927,2417,-3318,6961,0,0
13,4795,96583966,-63,-114,-51,0,0
37,4796,96593793,-3544,-2501,-331,15795,0
4,4795,96604061,2470,-3361,6971,0,0
13,4796,96604128,-79,-78,-1,0,0
37,4797,96614042,-3551,-2505,-330,15793,0
L,96617943,VALID,24.719,-17.267,1
4,4796,96624142,2438,-3409,6972,0,0
13,4797,96624182,-71,-41,14,0,0
37,4798,96634143,-3555,-2508,-329,15792,0
4,4797,96644303,2478,-3382,6969,0,0
13,4798,96644342,-22,-22,35,0,0
37,4799,96654439,-3557,-2508,-323,15791,0
4,4798,96664407,2468,-3407,6933,0,0
13,4799,96664447,13,17,88,0,0
37,4800,96674342,-3555,-2502,-315,15793,0
4,4799,96684577,2385,-3420,7095,0,0
13,4800,96684616,29,0,73,0,0
37,4801,96694532,-3557,-2505,-311,15792,0
4,4800,96704601,2422,-3428,7000,0,0
13,4801,96704641,-46,-73,5,0,0
37,4802,96714635,-3562,-2512,-311,15790,0
L,96718562,VALID,24.824,-17.284,1
4,4801,96724744,2449,-3411,6951,0,0
13,4802,96724784,-60,-49,-7,0,0
37,4803,96734823,-3567,-2515,-311,15788,0
4,4802,96744906,2481,-3411,6937,0,0
13,4803,96744946,-25,-22,4,0,0
37,4804,96754864,-3569,-2514,-310,15788,0
4,4803,96764937,2496,-3364,6946,0,0
13,4804,96764977,-12,74,58,0,0
37,4805,96775106,-3572,-2502,-304,15789,0
4,4804,96785128,2444,-3403,6981,0,0
13,4805,96785168,-36,115,114,0,0
37,4806,96795073,-3577,-2488,-295,15791,0
4,4805,96805237,2310,-3495,7106,0,0
13,4806,96805277,-42,70,110,0,0
37,4807,96815315,-3583,-2487,-292,15789,0
L,96819215,VALID,24.986,-17.081,1
4,4806,96825414,2384,-3464,6984,0,0
13,4807,96825454,-37,-4,28,0,0
37,4808,96835400,-3585,-2488,-291,15789,0
4,4807,96845463,2400,-3439,7009,0,0
13,4808,96845502,-30,-43,-30,0,0
37,4809,96855581,-3587,-2494,-294,15787,0
4,4808,96865610,2484,-3398,6914,0,0
13,4809,96865650,-24,-38,-24,0,0
37,4810,96875625,-3588,-2493,-292,15787,0
4,4809,96885797,2454,-3404,6957,0,0
13,4810,96885836,10,46,76,0,0
37,4811,96895880,-3589,-2486,-285,15788,0
4,4810,96905909,2453,-3434,6953,0,0
13,4811,96905949,7,97,132,0,0
37,4812,96915967,-3590,-2471,-274,15791,0
L,96919877,VALID,25.045,-16.940,1
4,4811,96925990,2322,-3499,7066,0,0
13,4812,96926030,4,79,113,0,0
37,4813,96936035,-3592,-2467,-270,15791,0
4,4812,96946097,2339,-3472,7041,0,0
13,4813,96946137,-42,-13,12,0,0
37,4814,96956070,-3597,-2471,-270,15789,0
4,4813,96966346,2331,-3519,7053,0,0
13,4814,96966414,-39,-91,-48,0,0
37,4815,96976354,-3598,-2486,-275,15787,0
4,4814,96986419,2427,-3428,6949,0,0
13,4815,96986459,-16,-156,-77,0,0
37,4816,96996307,-3598,-2499,-278,15784,0
4,4815,97006478,2502,-3426,6876,0,0
13,4816,97006518,14,-66,-28,0,0
37,4817,97016577,-3595,-2498,-276,15785,0
L,97020461,VALID,25.098,-17.130,1
4,4816,97026599,2444,-3429,6934,0,0
13,4817,97026639,62,49,38,0,0
37,4818,97036645,-3590,-2490,-272,15788,0
4,4817,97046665,2429,-3386,7015,0,0
13,4818,97046705,44,109,82,0,0
37,4819,97056775,-3590,-2478,-265,15790,0
4,4818,97066768,2357,-3436,7051,0,0
13,4819,97066808,-28,69,83,0,0
37,4820,97076834,-3597,-2473,-262,15789,0
4,4819,97086940,2370,-3469,6999,0,0
13,4820,97086980,-72,22,38,0,0
37,4821,97097023,-3603,-2472,-261,15788,0
4,4820,97107018,2402,-3480,6958,0,0
13,4821,97107058,-54,11,8,0,0
37,4822,97117153,-3606,-2470,-261,15787,0
L,97121045,VALID,25.178,-16.912,1
4,4821,97127185,2396,-3457,6977,0,0
13,4822,97127225,-19,26,11,0,0
37,4823,97137247,-3607,-2467,-260,15787,0
4,4822,97147343,2388,-3466,6964,0,0
13,4823,97147383,8,33,34,0,0
37,4824,97157322,-3608,-2463,-258,15788,0
4,4823,97167473,2353,-3484,6999,0,0
13,4824,97167512,-14,33,9,0,0
37,4825,97177487,-3610,-2461,-260,15788,0
4,4824,97187679,2440,-3421,6914,0,0
13,4825,97187719,-28,66,0,0,0
37,4826,97197496,-3612,-2450,-259,15789,0
4,4825,97207669,2383,-3459,6950,0,0
13,4826,97207709,-17,187,81,0,0
37,4827,97217805,-3613,-2428,-255,15792,0
L,97221725,VALID,25.210,-16.612,1
4,4826,97227724,2277,-3396,6841,0,0
13,4827,97227764,59,286,138,0,0
37,4828,97237804,-3605,-2389,-242,15800,0
4,4827,97248033,2355,-3497,7136,0,0
13,4828,97248073,116,404,227,0,0
37,4829,97258116,-3602,-2358,-232,15806,0
4,4828,97268169,2304,-3466,7013,0,0
13,4829,97268209,55,310,190,0,0
37,4830,97278020,-3599,-2329,-221,15811,0
4,4829,97288160,2164,-3543,7176,0,0
13,4830,97288199,26,187,104,0,0
37,4831,97298286,-3600,-2321,-221,15812,0
4,4830,97308375,2219,-3415,6930,0,0
13,4831,97308415,-21,93,13,0,0
37,4832,97318338,-3600,-2300,-217,15815,0
L,97322230,VALID,25.075,-15.672,1
4,4831,97328473,2352,-3293,6601,0,0
13,4832,97328512,122,621,301,0,0
37,4833,97338476,-3586,-2213,-192,15831,0
4,4832,97348608,2179,-3535,7338,0,0
13,4833,97348647,199,865,468,0,0
37,4834,97358518,-3581,-2149,-172,15841,0
4,4833,97368650,1956,-3539,7275,0,0
13,4834,97368690,23,451,270,0,0
37,4835,97378782,-3584,-2118,-161,15845,0
4,4834,97388787,1933,-3542,7214,0,0
13,4835,97388827,-38,137,77,0,0
37,4836,97398766,-3588,-2113,-162,15844,0
4,4835,97408950,2053,-3413,6902,0,0
13,4836,97408990,9,173,51,0,0
37,4837,97418964,-3582,-2082,-155,15850,0
L,97422866,VALID,24.879,-14.078,1
4,4836,97428979,2006,-3522,7308,0,0
13,4837,97429018,77,329,179,0,0
37,4838,97438982,-3582,-2063,-148,15853,0
4,4837,97449078,1875,-3519,7234,0,0
13,4838,97449118,-22,39,46,0,0
37,4839,97459145,-3586,-2067,-148,15851,0
4,4838,97469242,1958,-3518,7148,0,0
13,4839,97469282,-59,-112,-69,0,0
37,4840,97479214,-3591,-2080,-155,15848,0
4,4839,97489433,2044,-3474,7060,0,0
13,4840,97489472,-33,-99,-79,0,0
37,4841,97499454,-3591,-2088,-158,15847,0
4,4840,97509473,2082,-3438,7002,0,0
13,4841,97509512,19,10,6,0,0
37,4842,97519537,-3587,-2079,-154,15849,0
L,97523424,VALID,24.915,-14.055,1
4,4841,97529604,1953,-3480,7208,0,0
13,4842,97529644,32,49,53,0,0
37,4843,97539695,-3587,-2079,-151,15849,0
4,4842,97549715,1929,-3508,7215,0,0
13,4843,97549755,-19,-68,-3,0,0
37,4844,97559764,-3592,-2091,-154,15847,0
4,4843,97569989,2057,-3481,7028,0,0
13,4844,97570028,-68,-130,-75,0,0
37,4845,97579911,-3596,-2099,-157,15845,0
4,4844,97589886,2075,-3471,7020,0,0
13,4845,97589926,-19,-1,-13,0,0
37,4846,97599891,-3596,-2093,-157,15845,0
4,4845,97610084,2000,-3492,7128,0,0
13,4846,97610124,8,61,24,0,0
37,4847,97620142,-3595,-2089,-155,15846,0
L,97624061,VALID,24.978,-14.125,1
4,4846,97630156,1962,-3504,7180,0,0
13,4847,97630196,0,-3,8,0,0
37,4848,97640169,-3597,-2093,-156,15845,0
4,4847,97650306,2036,-3479,7037,0,0
13,4848,97650345,-23,-42,-28,0,0
37,4849,97660296,-3598,-2094,-157,15845,0
4,4848,97670341,2012,-3487,7119,0,0
13,4849,97670381,3,11,14,0,0
37,4850,97680405,-3599,-2092,-155,15845,0
4,4849,97690538,1986,-3512,7124,0,0
13,4850,97690577,-4,0,0,0,0
37,4851,97700552,-3601,-2093,-157,15844,0
4,4850,97710625,2016,-3489,7095,0,0
13,4851,97710664,-27,-16,-34,0,0
37,4852,97720674,-3603,-2095,-160,15844,0
L,97724574,VALID,25.035,-14.172,1
4,4851,97730866,1997,-3501,7141,0,0
13,4852,97730906,-15,-32,-47,0,0
37,4853,97740783,-3604,-2100,-164,15843,0
4,4852,97750885,2031,-3502,7057,0,0
13,4853,97750925,-11,-51,-66,0,0
37,4854,97760924,-3603,-2104,-169,15842,0
4,4853,97770931,2101,-3440,7024,0,0
13,4854,97770971,2,31,-37,0,0
37,4855,97781119,-3602,-2097,-170,15844,0
4,4854,97791088,2033,-3457,7118,0,0
13,4855,97791128,30,113,58,0,0
37,4856,97801111,-3601,-2086,-164,15845,0
4,4855,97811199,1962,-3516,7176,0,0
13,4856,97811238,-2,51,60,0,0
37,4857,97821213,-3603,-2084,-162,15845,0
L,97825106,VALID,25.028,-14.100,1
4,4856,97831262,1941,-3532,7170,0,0
13,4857,97831301,-36,-55,-24,0,0
37,4858,97841368,-3606,-2094,-166,15843,0
4,4857,97851415,2050,-3488,7035,0,0
13,4858,97851454,-8,-88,-60,0,0
37,4859,97861593,-3605,-2099,-169,15843,0
4,4858,97871614,2014,-3495,7117,0,0
13,4859,97871654,15,-23,-55,0,0
37,4860,97881576,-3604,-2102,-174,15842,0
4,4859,97891741,2048,-3464,7060,0,0
13,4860,97891780,-10,-23,-62,0,0
37,4861,97901730,-3604,-2104,-178,15842,0
4,4860,97911791,2043,-3459,7104,0,0
13,4861,97911831,-12,18,-9,0,0
37,4862,97921738,-3606,-2101,-177,15842,0
L,97925655,VALID,25.046,-14.240,1
4,4861,97931915,2024,-3500,7099,0,0
13,4862,97931954,-17,23,13,0,0
37,4863,97941987,-3608,-2099,-177,15842,0
4,4862,97951973,2018,-3507,7110,0,0
13,4863,97952012,-6,3,-3,0,0
37,4864,97962106,-3609,-2098,-178,15842,0
4,4863,97972127,2043,-3470,7066,0,0
13,4864,97972166,-2,3,-18,0,0
37,4865,97982192,-3610,-2096,-178,15842,0
4,4864,97992301,2034,-3479,7103,0,0
13,4865,97992341,-7,45,23,0,0
37,4866,98002310,-3611,-2091,-176,15842,0
4,4865,98012385,1985,-3520,7158,0,0
13,4866,98012424,-5,23,32,0,0
37,4867,98022492,-3612,-2092,-175,15842,0
L,98026387,VALID,25.087,-14.174,1
4,4866,98032535,2007,-3500,7108,0,0
13,4867,98032574,-12,-42,-16,0,0
37,4868,98042451,-3613,-2097,-177,15841,0
4,4867,98052650,2071,-3472,7039,0,0
13,4868,98052689,-5,-22,-33,0,0
37,4869,98062666,-3613,-2095,-178,15841,0
4,4868,98072763,2016,-3503,7113,0,0
13,4869,98072802,8,36,23,0,0
37,4870,98082741,-3612,-2091,-176,15842,0
4,4869,98092753,2000,-3509,7134,0,0
13,4870,98092793,12,13,7,0,0
37,4871,98103366,-3613,-2091,-176,15842,0
4,4870,98112998,2006,-3517,7093,0,0
13,4871,98113038,-10,-3,-28,0,0
37,4872,98122866,-3613,-2092,-180,15841,0
L,98126762,VALID,25.091,-14.183,1
4,4871,98133133,2088,-3454,7023,0,0
13,4872,98133172,5,49,-15,0,0
37,4873,98143075,-3611,-2082,-178,15843,0
4,4872,98153172,1984,-3497,7156,0,0
13,4873,98153212,30,104,62,0,0
37,4874,98163153,-3611,-2074,-175,15844,0
4,4873,98173311,1944,-3528,7180,0,0
13,4874,98173351,-8,6,27,0,0
37,4875,98183481,-3613,-2078,-174,15843,0
4,4874,98193441,1964,-3528,7139,0,0
13,4875,98193480,-21,-101,-46,0,0
37,4876,98203403,-3615,-2092,-179,15841,0
4,4875,98213646,2047,-3503,7043,0,0
13,4876,98213714,-29,-121,-103,0,0
37,4877,98223526,-3615,-2101,-186,15840,0
L,98227424,VALID,25.104,-14.253,1
4,4876,98233596,2117,-3438,6997,0,0
13,4877,98233636,11,-13,-58,0,0
37,4878,98243662,-3612,-2097,-187,15841,0
4,4877,98253767,2090,-3417,7043,0,0
13,4878,98253807,42,104,62,0,0
37,4879,98263849,-3609,-2081,-178,15844,0
4,4878,98273859,1954,-3487,7180,0,0
13,4879,98273899,20,144,151,0,0
37,4880,98283866,-3613,-2069,-170,15845,0
4,4879,98293912,1892,-3596,7208,0,0
13,4880,98293952,-41,24,39,0,0
37,4881,98304021,-3617,-2073,-173,15843,0
4,4880,98314049,1945,-3547,7159,0,0
13,4881,98314089,-54,-104,-102,0,0
37,4882,98324004,-3620,-2089,-182,15840,0
L,98327869,VALID,25.139,-14.164,1
4,4881,98334155,2060,-3479,7043,0,0
13,4882,98334194,-33,-139,-120,0,0
37,4883,98344246,-3621,-2100,-189,15839,0
4,4882,98354361,2139,-3447,6976,0,0
13,4883,98354400,-3,-12,-33,0,0
37,4884,98364328,-3619,-2094,-187,15840,0
4,4883,98374413,2033,-3490,7100,0,0
13,4884,98374452,42,84,69,0,0
37,4885,98384492,-3617,-2085,-182,15841,0
4,4884,98394547,1962,-3538,7176,0,0
13,4885,98394587,11,18,18,0,0
37,4886,98404561,-3618,-2087,-183,15841,0
4,4885,98414702,2015,-3501,7102,0,0
13,4886,98414742,-14,-35,-35,0,0
37,4887,98424779,-3619,-2091,-186,15840,0
L,98428670,VALID,25.129,-14.185,1
4,4886,98434809,2042,-3495,7060,0,0
13,4887,98434849,-15,-16,-30,0,0
37,4888,98444872,-3620,-2091,-187,15840,0
4,4887,98454866,2047,-3473,7090,0,0
13,4888,98454906,-20,4,0,0,0
37,4889,98464973,-3622,-2089,-185,15840,0
4,4888,98474986,2022,-3501,7087,0,0
13,4889,98475026,-7,20,51,0,0
37,4890,98484981,-3624,-2086,-181,15840,0
4,4889,98495296,1976,-3543,7130,0,0
13,4890,98495335,-19,3,9,0,0
37,4891,98505292,-3627,-2088,-184,15839,0
4,4890,98515303,2049,-3482,7059,0,0
13,4891,98515343,-63,-6,-35,0,0
37,4892,98525232,-3633,-2086,-187,15837,0
L,98529133,VALID,25.229,-14.151,1
4,4891,98535357,2041,-3508,7084,0,0
13,4892,98535397,-76,39,-16,0,0
37,4893,98545448,-3641,-2081,-190,15836,0
4,4892,98555484,2024,-3522,7064,0,0
13,4893,98555524,-62,96,6,0,0
37,4894,98565506,-3644,-2072,-190,15837,0
4,4893,98575561,2032,-3490,7058,0,0
13,4894,98575600,-21,79,37,0,0
37,4895,98585713,-3645,-2063,-185,15838,0
4,4894,98595639,1957,-3551,7154,0,0
13,4895,98595678,-12,91,123,0,0
37,4896,98605764,-3649,-2055,-179,15838,0
4,4895,98615863,1950,-3512,7140,0,0
13,4896,98615903,-68,16,27,0,0
37,4897,98625950,-3659,-2055,-179,15836,0
L,98629838,VALID,25.409,-13.922,1
4,4896,98635966,1976,-3529,7130,0,0
13,4897,98636006,-149,9,24,0,0
37,4898,98646029,-3674,-2054,-180,15832,0
4,4897,98656085,2007,-3556,7010,0,0
13,4898,98656124,-165,-9,-12,0,0
37,4899,98666109,-3686,-2054,-182,15830,0
4,4898,98676188,2059,-3537,7006,0,0
13,4899,98676228,-99,80,34,0,0
37,4900,98686168,-3692,-2041,-179,15830,0
4,4899,98696402,1949,-3587,7105,0,0
13,4900,98696442,-51,100,78,0,0
37,4901,98706366,-3696,-2033,-175,15830,0
4,4900,98716524,1948,-3563,7093,0,0
13,4901,98716563,-43,75,67,0,0
37,4902,98726399,-3702,-2026,-172,15829,0
L,98730300,VALID,25.716,-13.708,1
4,4901,98736569,1954,-3584,7090,0,0
13,4902,98736609,-75,66,56,0,0
37,4903,98746732,-3710,-2019,-169,15829,0
4,4902,98756637,1913,-3627,7123,0,0
13,4903,98756677,-69,28,32,0,0
37,4904,98766699,-3715,-2019,-169,15827,0
4,4903,98776867,1969,-3569,7055,0,0
13,4904,98776907,-49,-8,13,0,0
37,4905,98786968,-3720,-2019,-167,15826,0
4,4904,98797048,1980,-3563,7039,0,0
13,4905,98797088,-68,24,48,0,0
37,4906,98806856,-3727,-2012,-163,15826,0
4,4905,98817037,1934,-3624,7071,0,0
13,4906,98817077,-59,58,75,0,0
37,4907,98827139,-3732,-2006,-158,15825,0
L,98831041,VALID,25.937,-13.544,1
4,4906,98837266,1935,-3615,7089,0,0
13,4907,98837333,-26,35,58,0,0
37,4908,98847190,-3734,-2003,-154,15825,0
4,4907,98857341,1884,-3642,7141,0,0
13,4908,98857381,-32,-18,38,0,0
37,4909,98867386,-3738,-2009,-153,15824,0
4,4908,98877451,1960,-3614,7023,0,0
13,4909,98877491,-38,-73,-10,0,0
37,4910,98887405,-3741,-2013,-153,15822,0
4,4909,98897492,1970,-3621,7015,0,0
13,4910,98897531,-23,0,-13,0,0
37,4911,98907602,-3743,-2010,-155,15822,0
4,4910,98917614,1988,-3574,6998,0,0
13,4911,98917653,-15,94,26,0,0
37,4912,98927584,-3744,-1997,-151,15824,0
L,98931459,VALID,26.025,-13.469,1
4,4911,98937779,1883,-3636,7138,0,0
13,4912,98937819,0,104,79,0,0
37,4913,98947783,-3745,-1991,-148,15824,0
4,4912,98957828,1905,-3637,7088,0,0
13,4913,98957868,-14,10,26,0,0
37,4914,98967829,-3748,-1991,-146,15824,0
4,4913,98977947,1917,-3634,7061,0,0
13,4914,98977987,-19,-14,5,0,0
37,4915,98988023,-3750,-1992,-146,15823,0
4,4914,98998088,1939,-3630,7053,0,0
13,4915,98998128,-18,3,4,0,0
37,4916,99008092,-3752,-1990,-145,15823,0
4,4915,99018277,1922,-3631,7045,0,0
13,4916,99018316,2,13,30,0,0
37,4917,99028297,-3751,-1988,-143,15823,0
L,99032191,VALID,26.079,-13.394,1
4,4916,99038294,1910,-3630,7083,0,0
13,4917,99038334,2,0,9,0,0
37,4918,99048398,-3752,-1988,-142,15823,0
4,4917,99058413,1939,-3621,7023,0,0
13,4918,99058452,10,14,7,0,0
37,4919,99068606,-3751,-1984,-141,15824,0
4,4918,99078628,1918,-3621,7061,0,0
13,4919,99078668,28,42,27,0,0
37,4920,99088624,-3748,-1980,-139,15825,0
4,4919,99098897,1898,-3615,7104,0,0
13,4920,99098937,23,39,33,0,0
37,4921,99108832,-3748,-1977,-137,15825,0
4,4920,99118818,1911,-3624,7074,0,0
13,4921,99118857,-3,5,19,0,0
37,4922,99128835,-3750,-1975,-135,15825,0
L,99132749,VALID,26.071,-13.292,1
4,4921,99138964,1899,-3628,7067,0,0
13,4922,99139004,-7,3,14,0,0
37,4923,99149079,-3751,-1974,-134,15825,0
4,4922,99159057,1917,-3634,7035,0,0
13,4923,99159097,4,0,9,0,0
37,4924,99169085,-3750,-1973,-133,15825,0
4,4923,99179254,1907,-3618,7071,0,0
13,4924,99179294,24,24,27,0,0
37,4925,99189243,-3749,-1971,-130,15826,0
4,4924,99199253,1922,-3609,7051,0,0
13,4925,99199292,7,38,39,0,0
37,4926,99209353,-3750,-1964,-127,15826,0
4,4925,99219494,1871,-3632,7103,0,0
13,4926,99219534,-18,35,34,0,0
37,4927,99229491,-3753,-1962,-127,15826,0
L,99233393,VALID,26.092,-13.190,1
4,4926,99239550,1866,-3663,7078,0,0
13,4927,99239589,-25,6,-12,0,0
37,4928,99249627,-3755,-1963,-130,15826,0
4,4927,99259772,1879,-3621,7101,0,0
13,4928,99259812,-23,-19,-42,0,0
37,4929,99269742,-3756,-1967,-133,15825,0
4,4928,99279804,1939,-3606,7019,0,0
13,4929,99279844,-22,-27,-17,0,0
37,4930,99289872,-3758,-1967,-132,15824,0
4,4929,99299847,1910,-3659,7031,0,0
13,4930,99299886,11,31,26,0,0
37,4931,99310076,-3756,-1962,-130,15825,0
4,4930,99320044,1878,-3626,7089,0,0
13,4931,99320084,34,45,23,0,0
37,4932,99330024,-3754,-1958,-128,15826,0
L,99333925,VALID,26.097,-13.164,1
4,4931,99340193,1872,-3624,7113,0,0
13,4932,99340233,5,17,19,0,0
37,4933,99350204,-3755,-1958,-127,15826,0
4,4932,99360242,1924,-3623,7015,0,0
13,4933,99360310,-17,6,20,0,0
37,4934,99370378,-3756,-1955,-125,15826,0
4,4933,99380449,1887,-3650,7063,0,0
13,4934,99380488,6,29,34,0,0
37,4935,99390530,-3756,-1952,-122,15827,0
4,4934,99400542,1853,-3643,7098,0,0
13,4935,99400582,12,14,35,0,0
37,4936,99410557,-3757,-1951,-120,15827,0
4,4935,99420663,1843,-3668,7111,0,0
13,4936,99420703,-16,-30,-10,0,0
37,4937,99430670,-3759,-1956,-123,15825,0
L,99434552,VALID,26.137,-13.142,1
4,4936,99440743,1926,-3622,7008,0,0
13,4937,99440783,-15,-38,-56,0,0
37,4938,99450723,-3758,-1957,-126,15826,0
4,4937,99460885,1900,-3609,7065,0,0
13,4938,99460924,14,22,-6,0,0
37,4939,99470987,-3756,-1955,-126,15826,0
4,4938,99480964,1914,-3594,7058,0,0
13,4939,99481031,5,30,28,0,0
37,4940,99491110,-3758,-1950,-122,15826,0
4,4939,99501137,1853,-3654,7093,0,0
13,4940,99501177,-14,29,46,0,0
37,4941,99511174,-3760,-1948,-120,15826,0
4,4940,99521237,1861,-3662,7079,0,0
13,4941,99521277,-15,26,22,0,0
37,4942,99531296,-3762,-1945,-119,15826,0
L,99535171,VALID,26.156,-13.059,1
4,4941,99541362,1865,-3660,7081,0,0
13,4942,99541401,-16,-8,-8,0,0
37,4943,99551476,-3763,-1947,-120,15826,0
4,4942,99561574,1867,-3649,7081,0,0
13,4943,99561614,-4,-33,-16,0,0
37,4944,99571460,-3763,-1951,-121,15825,0
4,4943,99581642,1891,-3624,7063,0,0
13,4944,99581682,-3,-41,-16,0,0
37,4945,99591690,-3765,-1954,-121,15824,0
4,4944,99601834,1856,-3666,7090,0,0
13,4945,99601874,-39,-62,-37,0,0
37,4946,99611793,-3768,-1963,-126,15822,0
4,4945,99621807,1937,-3629,7001,0,0
13,4946,99621847,-28,-42,-55,0,0
37,4947,99632075,-3769,-1964,-128,15822,0
L,99636007,VALID,26.210,-13.203,1
4,4946,99642051,1894,-3634,7085,0,0
13,4947,99642091,-10,-8,-6,0,0
37,4948,99651913,-3770,-1966,-128,15821,0
4,4947,99662139,1906,-3643,7067,0,0
13,4948,99662179,-9,-26,-5,0,0
37,4949,99672069,-3770,-1968,-127,15821,0
4,4948,99682192,1850,-3674,7126,0,0
13,4949,99682231,7,-56,-4,0,0
37,4950,99692170,-3771,-1977,-128,15820,0
4,4949,99702355,1862,-3673,7123,0,0
13,4950,99702394,-35,-156,-80,0,0
37,4951,99712491,-3775,-1996,-135,15816,0
4,4950,99722442,2012,-3623,6931,0,0
13,4951,99722482,-47,-156,-108,0,0
37,4952,99732405,-3776,-2005,-139,15815,0
L,99736304,VALID,26.274,-13.501,1
4,4951,99742657,1947,-3641,7047,0,0
13,4952,99742697,0,-33,-23,0,0
37,4953,99752577,-3776,-2007,-139,15815,0
4,4952,99762672,1935,-3631,7062,0,0
13,4953,99762711,-4,-65,-21,0,0
37,4954,99772686,-3777,-2014,-138,15814,0
4,4953,99782740,1889,-3703,7110,0,0
13,4954,99782780,-23,-108,-36,0,0
37,4955,99792869,-3779,-2029,-143,15811,0
4,4954,99802853,2006,-3640,6966,0,0
13,4955,99802893,-21,-139,-79,0,0
37,4956,99812868,-3780,-2041,-145,15809,0
4,4955,99822945,2009,-3679,7039,0,0
13,4956,99822985,-74,-150,-37,0,0
37,4957,99833065,-3787,-2052,-146,15806,0
L,99836984,VALID,26.375,-13.833,1
4,4956,99843070,1969,-3600,6973,0,0
13,4957,99843109,0,-33,-1,0,0
37,4958,99853046,-3785,-2051,-144,15807,0
4,4957,99863238,1964,-3650,7079,0,0
13,4958,99863278,-11,-30,1,0,0
37,4959,99873328,-3788,-2056,-144,15806,0
4,4958,99883427,1993,-3648,6998,0,0
13,4959,99883467,-26,-55,-17,0,0
37,4960,99893400,-3790,-2059,-144,15805,0
4,4959,99903461,1975,-3678,7014,0,0
13,4960,99903501,-7,-25,-2,0,0
37,4961,99913563,-3791,-2061,-145,15804,0
4,4960,99923557,2006,-3658,6987,0,0
13,4961,99923597,3,-21,-27,0,0
37,4962,99933589,-3790,-2063,-146,15804,0
L,99937489,VALID,26.403,-13.908,1
4,4961,99943758,1998,-3642,7025,0,0
13,4962,99943797,17,10,5,0,0
37,4963,99953846,-3789,-2061,-145,15805,0
4,4962,99963857,1961,-3666,7060,0,0
13,4963,99963897,7,2,9,0,0
37,4964,99973949,-3789,-2061,-144,15805,0
4,4963,99983989,1984,-3667,7024,0,0
13,4964,99984029,0,-30,-11,0,0
37,4965,99994059,-3789,-2065,-145,15804,0
4,4964,100004098,1976,-3666,7045,0,0
13,4965,100004138,5,-28,-14,0,0
37,4966,100014070,-3789,-2068,-146,15804,0
4,4965,100024356,2017,-3627,7021,0,0
13,4966,100024396,-14,-55,-32,0,0
37,4967,100034356,-3791,-2073,-146,15803,0
L,100038369,VALID,26.415,-13.976,1
4,4966,100044344,1994,-3687,7026,0,0
13,4967,100044384,-13,-37,2,0,0
37,4968,100054320,-3792,-2076,-147,15802,0
4,4967,100064416,2004,-3675,7004,0,0
13,4968,100064456,-5,-29,-27,0,0
37,4969,100074517,-3792,-2079,-149,15802,0
4,4968,100084546,2020,-3636,7001,0,0
13,4969,100084586,0,-12,-27,0,0
37,4970,100094637,-3792,-2079,-150,15802,0
4,4969,100104657,1997,-3638,7036,0,0
13,4970,100104724,0,-20,-16,0,0
37,4971,100114837,-3792,-2082,-150,15801,0
4,4970,100124796,1969,-3699,7055,0,0
13,4971,100124835,-15,-62,-21,0,0
37,4972,100134852,-3794,-2091,-153,15800,0
L,100138839,VALID,26.441,-14.110,1
4,4971,100144968,2038,-3675,6965,0,0
13,4972,100145008,6,-71,-49,0,0
37,4973,100155017,-3791,-2096,-156,15799,0
4,4972,100165035,2043,-3634,6991,0,0
13,4973,100165075,23,-48,-59,0,0
37,4974,100175111,-3789,-2100,-158,15800,0
4,4973,100185146,2020,-3636,7044,0,0
13,4974,100185186,15,-33,-11,0,0
37,4975,100195196,-3789,-2104,-157,15799,0
4,4974,100205301,2000,-3681,7056,0,0
13,4975,100205341,-6,-65,-21,0,0
37,4976,100215265,-3790,-2112,-160,15798,0
4,4975,100225500,2004,-3658,7037,0,0
13,4976,100225540,-23,-116,-72,0,0
37,4977,100235470,-3791,-2125,-164,15795,0
L,100239458,VALID,26.431,-14.363,1
4,4976,100245631,2085,-3633,6964,0,0
13,4977,100245670,-23,-135,-79,0,0
37,4978,100255491,-3792,-2136,-167,15794,0
4,4977,100265668,2095,-3652,6952,0,0
13,4978,100265708,-5,-74,-37,0,0
37,4979,100275764,-3792,-2140,-168,15793,0
4,4978,100285696,2070,-3654,7004,0,0
13,4979,100285736,33,-18,-11,0,0
37,4980,100295754,-3789,-2142,-169,15794,0
4,4979,100305928,2068,-3635,7007,0,0
13,4980,100305967,20,-23,-15,0,0
37,4981,100316020,-3788,-2144,-169,15794,0
4,4980,100326092,2080,-3637,6976,0,0
13,4981,100326132,0,-41,-13,0,0
37,4982,100335916,-3788,-2147,-168,15793,0
L,100339929,VALID,26.418,-14.520,1
4,4981,100346085,2039,-3671,7042,0,0
13,4982,100346124,0,-31,-6,0,0
37,4983,100356218,-3790,-2153,-169,15792,0
4,4982,100366349,2103,-3700,7067,0,0
13,4983,100366389,-54,-109,-47,0,0
37,4984,100376281,-3798,-2169,-173,15788,0
4,4983,100386382,2070,-3661,6947,0,0
13,4984,100386422,-103,-225,-110,0,0
37,4985,100396435,-3803,-2189,-179,15784,0
4,4984,100406504,2167,-3610,6850,0,0
13,4985,100406543,-16,-119,-61,0,0
37,4986,100416408,-3800,-2190,-179,15784,0
4,4985,100426546,2110,-3651,6997,0,0
13,4986,100426585,42,60,42,0,0
37,4987,100436655,-3798,-2184,-176,15786,0
L,100440634,VALID,26.505,-14.785,1
4,4986,100446661,2098,-3658,7011,0,0
13,4987,100446701,19,18,9,0,0
37,4988,100456655,-3798,-2183,-175,15786,0
4,4987,100466864,2131,-3636,6970,0,0
13,4988,100466930,0,6,9,0,0
37,4989,100476887,-3799,-2181,-174,15786,0
4,4988,100486900,2132,-3646,6953,0,0
13,4989,100486940,5,55,39,0,0
37,4990,100496900,-3799,-2173,-171,15787,0
4,4989,100506991,2102,-3664,6963,0,0
13,4990,100507031,32,92,58,0,0
37,4991,100517048,-3796,-2162,-167,15789,0
4,4990,100527104,2055,-3674,7023,0,0
13,4991,100527144,41,90,44,0,0
37,4992,100537076,-3793,-2156,-166,15791,0
L,100541062,VALID,26.461,-14.577,1
4,4991,100547261,2078,-3637,7008,0,0
13,4992,100547301,16,47,21,0,0
37,4993,100557248,-3793,-2152,-165,15791,0
4,4992,100567291,2088,-3633,6972,0,0
13,4993,100567331,5,74,36,0,0
37,4994,100577358,-3793,-2143,-162,15793,0
4,4993,100587421,2033,-3679,7029,0,0
13,4994,100587461,25,78,57,0,0
37,4995,100597574,-3792,-2137,-159,15794,0
4,4994,100607625,2067,-3650,6983,0,0
13,4995,100607664,14,32,22,0,0
37,4996,100617600,-3791,-2133,-158,15795,0
4,4995,100627816,2070,-3643,7005,0,0
13,4996,100627856,7,54,24,0,0
37,4997,100637752,-3790,-2127,-156,15795,0
L,100641741,VALID,26.432,-14.363,1
4,4996,100647733,2070,-3661,6958,0,0
13,4997,100647773,47,85,67,0,0
37,4998,100657787,-3785,-2116,-150,15798,0
4,4997,100667893,2000,-3668,7081,0,0
13,4998,100667933,77,76,57,0,0
37,4999,100677994,-3780,-2112,-148,15800,0
4,4998,100687995,2002,-3638,7087,0,0
13,4999,100688035,13,-2,4,0,0
37,5000,100698010,-3782,-2116,-148,15799,0
4,4999,100708151,2068,-3615,6980,0,0
13,5000,100708191,-39,-34,-6,0,0
37,5001,100718166,-3785,-2116,-147,15798,0
4,5000,100728211,2064,-3662,6956,0,0
13,5001,100728278,0,28,42,0,0
37,5002,100738303,-3784,-2110,-143,15799,0
L,100742272,VALID,26.389,-14.226,1
4,5001,100748428,2010,-3665,7030,0,0
13,5002,100748468,35,71,43,0,0
37,5003,100758440,-3781,-2104,-142,15801,0
4,5002,100768494,2001,-3644,7068,0,0
13,5003,100768533,21,26,10,0,0
37,5004,100778509,-3781,-2103,-141,15801,0
4,5003,100788658,2005,-3654,7026,0,0
13,5004,100788698,3,-25,0,0,0
37,5005,100798587,-3781,-2106,-141,15801,0
4,5004,100808708,2037,-3653,7024,0,0
13,5005,100808748,-1,-33,-26,0,0
37,5006,100818749,-3781,-2110,-143,15800,0
4,5005,100828734,2057,-3628,6991,0,0
13,5006,100828774,2,-15,-15,0,0
37,5007,100838938,-3781,-2109,-143,15800,0
L,100842970,VALID,26.366,-14.219,1
4,5006,100848926,2044,-3643,7000,0,0
13,5007,100848993,7,12,20,0,0
37,5008,100858929,-3781,-2107,-141,15801,0
4,5007,100869045,2024,-3656,7021,0,0
13,5008,100869085,13,18,19,0,0
37,5009,100879050,-3780,-2105,-139,15801,0
4,5008,100889103,2020,-3637,7021,0,0
13,5009,100889142,22,18,18,0,0
37,5010,100899196,-3779,-2103,-138,15802,0
4,5009,100909215,2031,-3647,7016,0,0
13,5010,100909255,15,9,16,0,0
37,5011,100919315,-3777,-2101,-136,15802,0
4,5010,100929352,1994,-3667,7047,0,0
13,5011,100929392,26,12,10,0,0
37,5012,100939333,-3776,-2101,-137,15803,0
L,100943354,VALID,26.328,-14.155,1
4,5011,100949459,2026,-3653,7021,0,0
13,5012,100949499,12,-23,-42,0,0
37,5013,100959461,-3774,-2105,-140,15803,0
4,5012,100969541,2058,-3628,6998,0,0
13,5013,100969581,20,6,-17,0,0
37,5014,100979528,-3772,-2103,-140,15803,0
4,5013,100989706,2033,-3635,7006,0,0
13,5014,100989746,25,29,13,0,0
37,5015,100999796,-3770,-2099,-139,15804,0
4,5014,101009771,2004,-3630,7064,0,0
13,5015,101009811,30,26,15,0,0
37,5016,101019917,-3769,-2097,-137,15805,0
4,5015,101029911,1985,-3663,7047,0,0
13,5016,101029951,3,-13,5,0,0
37,5017,101039959,-3769,-2100,-138,15804,0
L,101043955,VALID,26.277,-14.151,1
4,5016,101050060,2033,-3654,6999,0,0
13,5017,101050100,12,-33,-51,0,0
37,5018,101060045,-3766,-2103,-143,15805,0
4,5017,101070166,2043,-3611,7011,0,0
13,5018,101070205,22,0,-40,0,0
37,5019,101080259,-3764,-2102,-144,15805,0
4,5018,101090331,2025,-3606,7037,0,0
13,5019,101090371,23,2,5,0,0
37,5020,101100205,-3763,-2102,-142,15806,0
4,5019,101110513,2043,-3622,7005,0,0
13,5020,101110553,-2,-5,3,0,0
37,5021,101120552,-3764,-2101,-142,15805,0
4,5020,101130614,2041,-3617,7010,0,0
13,5021,101130654,5,41,26,0,0
37,5022,101140577,-3763,-2095,-139,15806,0
L,101144539,VALID,26.229,-14.119,1
4,5021,101150600,2025,-3624,7020,0,0
13,5022,101150639,19,34,41,0,0
37,5023,101160844,-3762,-2091,-136,15807,0
4,5022,101170814,1980,-3632,7100,0,0
13,5023,101170854,8,15,41,0,0
37,5024,101180732,-3764,-2093,-134,15807,0
4,5023,101190906,2006,-3664,7022,0,0
13,5024,101190946,-27,-40,2,0,0
37,5025,101200912,-3766,-2097,-134,15806,0
4,5024,101210984,2016,-3656,7017,0,0
13,5025,101211023,4,-37,-28,0,0
37,5026,101220989,-3764,-2100,-137,15806,0
4,5025,101231193,2039,-3622,7014,0,0
13,5026,101231233,10,-33,-49,0,0
37,5027,101241344,-3763,-2104,-140,15805,0
L,101245305,VALID,26.233,-14.182,1
4,5026,101251288,2074,-3602,6984,0,0
13,5027,101251328,16,4,-2,0,0
37,5028,101261229,-3762,-2100,-137,15806,0
4,5027,101271456,2012,-3637,7024,0,0
13,5028,101271496,27,51,38,0,0
37,5029,101281352,-3760,-2094,-135,15807,0
4,5028,101291447,1990,-3640,7051,0,0
13,5029,101291487,21,43,25,0,0
37,5030,101301461,-3759,-2090,-134,15808,0
4,5029,101311540,1979,-3639,7085,0,0
13,5030,101311580,-5,0,-8,0,0
37,5031,101321641,-3760,-2093,-136,15807,0
4,5030,101331662,2035,-3624,7000,0,0
13,5031,101331702,-3,-29,-26,0,0
37,5032,101341659,-3760,-2095,-137,15807,0
L,101345646,VALID,26.208,-14.116,1
4,5031,101351758,2028,-3622,7028,0,0
13,5032,101351826,6,-17,-9,0,0
37,5033,101361892,-3761,-2096,-136,15807,0
4,5032,101371929,2021,-3637,7033,0,0
13,5033,101371969,4,-25,-1,0,0
37,5034,101381908,-3761,-2098,-136,15807,0
4,5033,101392047,2052,-3624,6976,0,0
13,5034,101392087,11,8,12,0,0
37,5035,101402114,-3759,-2095,-134,15808,0
4,5034,101412203,2019,-3649,7013,0,0
13,5035,101412243,46,70,50,0,0
37,5036,101422184,-3755,-2087,-131,15810,0
4,5035,101432263,2017,-3623,7033,0,0
13,5036,101432302,49,47,16,0,0
37,5037,101442355,-3751,-2082,-130,15811,0
L,101446386,VALID,26.141,-14.017,1
4,5036,101452325,1984,-3624,7075,0,0
13,5037,101452365,46,68,28,0,0
37,5038,101462328,-3749,-2078,-128,15812,0
4,5037,101472574,1960,-3654,7087,0,0
13,5038,101472614,6,1,11,0,0
37,5039,101482643,-3749,-2080,-129,15812,0
4,5038,101492649,1998,-3618,7033,0,0
13,5039,101492688,16,-8,-11,0,0
37,5040,101502733,-3747,-2081,-130,15812,0
4,5039,101512699,2030,-3595,7027,0,0
13,5040,101512739,8,-22,-42,0,0
37,5041,101522758,-3746,-2082,-132,15812,0
4,5040,101532821,2029,-3581,7032,0,0
13,5041,101532861,6,-3,-7,0,0
37,5042,101542792,-3746,-2081,-131,15812,0
L,101546753,VALID,26.103,-14.012,1
4,5041,101553082,1965,-3653,7094,0,0
13,5042,101553122,0,-7,-10,0,0
37,5043,101563085,-3746,-2086,-134,15812,0
4,5042,101573088,2024,-3620,7026,0,0
13,5043,101573128,-3,-38,-47,0,0
37,5044,101583041,-3746,-2089,-137,15811,0
4,5043,101593164,2012,-3615,7052,0,0
13,5044,101593204,4,-26,-40,0,0
37,5045,101603275,-3745,-2092,-140,15811,0
4,5044,101613311,2016,-3608,7033,0,0
13,5045,101613351,-4,-38,-36,0,0
37,5046,101623344,-3746,-2096,-142,15810,0
4,5045,101633395,2060,-3595,6980,0,0
13,5046,101633435,-1,-12,-14,0,0
37,5047,101643506,-3745,-2094,-141,15811,0
L,101647493,VALID,26.094,-14.118,1
4,5046,101653486,1998,-3626,7074,0,0
13,5047,101653526,21,22,28,0,0
37,5048,101663540,-3744,-2094,-139,15811,0
4,5047,101673637,2000,-3613,7068,0,0
13,5048,101673677,0,-27,-1,0,0
37,5049,101683677,-3746,-2097,-139,15810,0
4,5048,101693720,2042,-3611,7009,0,0
13,5049,101693760,-28,-42,-20,0,0
37,5050,101703806,-3748,-2100,-140,15809,0
4,5049,101713834,2031,-3620,7016,0,0
13,5050,101713873,-7,1,9,0,0
37,5051,101723872,-3749,-2098,-139,15809,0
4,5050,101733965,2017,-3632,7043,0,0
13,5051,101734005,14,22,0,0,0
37,5052,101743965,-3747,-2096,-140,15810,0
L,101747938,VALID,26.111,-14.130,1
4,5051,101754154,2016,-3588,7074,0,0
13,5052,101754194,4,7,-19,0,0
37,5053,101764113,-3747,-2097,-141,15810,0
4,5052,101774281,2030,-3617,7033,0,0
13,5053,101774320,-10,-4,7,0,0
37,5054,101784123,-3749,-2096,-140,15810,0
4,5053,101794305,2020,-3630,6999,0,0
13,5054,101794344,3,-3,-1,0,0
37,5055,101804432,-3748,-2095,-141,15810,0
4,5054,101814367,2009,-3626,7058,0,0
13,5055,101814406,18,13,-16,0,0
37,5056,101824459,-3747,-2095,-142,15810,0
4,5055,101834623,2031,-3587,7044,0,0
13,5056,101834663,1,2,-7,0,0
37,5057,101844733,-3748,-2093,-141,15810,0
L,101848722,VALID,26.116,-14.111,1
4,5056,101854826,2000,-3629,7058,0,0
13,5057,101854866,-14,-16,11,0,0
37,5058,101864605,-3750,-2096,-140,15810,0
4,5057,101874804,2015,-3631,7029,0,0
13,5058,101874844,-5,-26,-2,0,0
37,5059,101884888,-3750,-2098,-141,15809,0
4,5058,101895028,2034,-3616,7017,0,0
13,5059,101895068,1,-1,-6,0,0
37,5060,101904948,-3751,-2096,-141,15809,0
4,5059,101915114,2031,-3603,7030,0,0
13,5060,101915153,2,18,7,0,0
37,5061,101925102,-3750,-2094,-139,15810,0
4,5060,101935199,2015,-3602,7067,0,0
13,5061,101935239,-8,13,25,0,0
37,5062,101945116,-3753,-2093,-138,15809,0
L,101949115,VALID,26.155,-14.105,1
4,5061,101955242,1992,-3633,7043,0,0
13,5062,101955281,-26,-18,8,0,0
37,5063,101965360,-3755,-2096,-138,15808,0
4,5062,101975425,2047,-3625,7014,0,0
13,5063,101975464,-11,-19,-22,0,0
37,5064,101985383,-3755,-2096,-140,15808,0
4,5063,101995593,2032,-3611,7028,0,0
13,5064,101995633,0,11,-10,0,0
37,5065,102005575,-3756,-2094,-139,15808,0
4,5064,102015626,2011,-3617,7043,0,0
13,5065,102015666,1,24,26,0,0
37,5066,102025607,-3756,-2093,-137,15808,0
4,5065,102035697,2015,-3644,7010,0,0
13,5066,102035737,-4,0,22,0,0
37,5067,102045763,-3758,-2091,-136,15808,0
L,102049725,VALID,26.192,-14.087,1
4,5066,102055838,1998,-3652,7045,0,0
13,5067,102055877,4,16,6,0,0
37,5068,102065813,-3758,-2090,-136,15808,0
4,5067,102075998,2012,-3601,7057,0,0
13,5068,102076037,-18,-7,-23,0,0
37,5069,102086038,-3760,-2091,-138,15808,0
4,5068,102096058,2025,-3604,7050,0,0
13,5069,102096125,-37,-12,-2,0,0
37,5070,102106152,-3764,-2092,-137,15807,0
4,5069,102116188,2013,-3640,7014,0,0
13,5070,102116227,-29,-12,22,0,0
37,5071,102126322,-3767,-2092,-136,15806,0
4,5070,102136340,2012,-3667,7013,0,0
13,5071,102136380,3,2,-6,0,0
37,5072,102146355,-3765,-2092,-138,15806,0
L,102150343,VALID,26.243,-14.097,1
4,5071,102156543,2028,-3624,7026,0,0
13,5072,102156583,23,-3,-38,0,0
37,5073,102166486,-3763,-2092,-139,15807,0
4,5072,102176479,2015,-3621,7062,0,0
13,5073,102176518,21,1,-9,0,0
37,5074,102186509,-3762,-2093,-140,15807,0
4,5073,102196649,2027,-3611,7025,0,0
13,5074,102196689,-2,-25,-12,0,0
37,5075,102206742,-3763,-2096,-140,15806,0
4,5074,102216779,2027,-3643,7017,0,0
13,5075,102216818,-12,-23,-14,0,0
37,5076,102226821,-3764,-2098,-142,15806,0
4,5075,102236998,2054,-3600,6988,0,0
13,5076,102237037,-3,3,-6,0,0
37,5077,102246974,-3764,-2096,-141,15806,0
L,102250944,VALID,26.235,-14.129,1
4,5076,102257005,2011,-3622,7053,0,0
13,5077,102257044,7,30,41,0,0
37,5078,102267093,-3765,-2093,-137,15806,0
4,5077,102277244,1993,-3648,7054,0,0
13,5078,102277284,-12,-22,5,0,0
37,5079,102287233,-3767,-2097,-138,15805,0
4,5078,102297269,2035,-3634,6997,0,0
13,5079,102297309,-15,-16,-10,0,0
37,5080,102307361,-3768,-2096,-139,15805,0
4,5079,102317491,2014,-3629,7029,0,0
13,5080,102317531,2,-2,-10,0,0
37,5081,102327454,-3767,-2097,-140,15805,0
4,5080,102337536,2024,-3619,7052,0,0
13,5081,102337575,6,-12,-24,0,0
37,5082,102347637,-3767,-2100,-141,15805,0
L,102351628,VALID,26.259,-14.156,1
4,5081,102357599,2045,-3620,7007,0,0
13,5082,102357638,-1,-26,-14,0,0
37,5083,102367833,-3767,-2101,-141,15805,0
4,5082,102377802,2032,-3620,7012,0,0
13,5083,102377842,5,14,8,0,0
37,5084,102387778,-3767,-2098,-140,15805,0
4,5083,102397921,2000,-3637,7069,0,0
13,5084,102397960,-2,8,10,0,0
37,5085,102407936,-3768,-2098,-140,15805,0
4,5084,102417955,2025,-3629,7034,0,0
13,5085,102417995,-7,-12,-10,0,0
37,5086,102428087,-3769,-2099,-141,15805,0
4,5085,102438100,2020,-3642,7038,0,0
13,5086,102438140,-10,-29,-22,0,0
37,5087,102448237,-3770,-2103,-142,15804,0
L,102452234,VALID,26.281,-14.177,1
4,5086,102458242,2057,-3612,6993,0,0
13,5087,102458282,-4,-14,-10,0,0
37,5088,102468227,-3770,-2102,-141,15804,0
4,5087,102478379,2008,-3652,7052,0,0
13,5088,102478418,7,4,8,0,0
37,5089,102488413,-3770,-2102,-142,15804,0
4,5088,102498497,2031,-3605,7032,0,0
13,5089,102498537,-1,-17,-26,0,0
37,5090,102508477,-3770,-2104,-143,15804,0
4,5089,102518625,1988,-3650,7082,0,0
13,5090,102518664,-11,-37,-27,0,0
37,5091,102528686,-3771,-2111,-147,15802,0
4,5090,102538661,2042,-3626,6993,0,0
13,5091,102538700,-22,-62,-52,0,0
37,5092,102548813,-3772,-2117,-149,15801,0
L,102552818,VALID,26.299,-14.285,1
4,5091,102558828,2090,-3610,6975,0,0
13,5092,102558867,6,-44,-35,0,0
37,5093,102568884,-3770,-2117,-150,15802,0
4,5092,102578960,2026,-3625,7071,0,0
13,5093,102579000,13,2,8,0,0
37,5094,102588940,-3770,-2119,-149,15801,0
4,5093,102599109,2075,-3610,7006,0,0
13,5094,102599149,-10,-10,13,0,0
37,5095,102609155,-3773,-2117,-147,15801,0
4,5094,102619269,2042,-3645,7009,0,0
13,5095,102619309,-23,0,22,0,0
37,5096,102629147,-3775,-2117,-145,15801,0
4,5095,102639321,2040,-3651,6998,0,0
13,5096,102639360,-9,-5,6,0,0
37,5097,102649335,-3776,-2116,-145,15801,0
L,102653323,VALID,26.330,-14.270,1
4,5096,102659446,2052,-3641,7002,0,0
13,5097,102659485,13,35,11,0,0
37,5098,102669405,-3774,-2112,-145,15802,0
4,5097,102679441,2056,-3614,7008,0,0
13,5098,102679480,23,44,11,0,0
37,5099,102689671,-3772,-2107,-143,15803,0
4,5098,102699640,1999,-3632,7067,0,0
13,5099,102699680,22,47,30,0,0
37,5100,102709549,-3771,-2104,-142,15803,0
4,5099,102719795,2034,-3624,7030,0,0
13,5100,102719835,-4,1,1,0,0
37,5101,102729735,-3772,-2103,-142,15803,0
4,5100,102739836,2022,-3653,7040,0,0
13,5101,102739876,1,20,12,0,0
37,5102,102749823,-3773,-2101,-142,15803,0
L,102753846,VALID,26.303,-14.164,1
4,5101,102759977,2021,-3644,7014,0,0
13,5102,102760016,-1,1,-17,0,0
37,5103,102770100,-3773,-2101,-144,15803,0
4,5102,102780068,2038,-3627,7021,0,0
13,5103,102780107,-2,-3,-26,0,0
37,5104,102789996,-3772,-2101,-145,15803,0
4,5103,102800247,2031,-3630,7051,0,0
13,5104,102800287,11,-7,-15,0,0
37,5105,102810159,-3771,-2104,-146,15803,0
4,5104,102820239,2022,-3641,7033,0,0
13,5105,102820279,0,-30,-32,0,0
37,5106,102830235,-3772,-2108,-150,15803,0
4,5105,102840359,2054,-3625,7005,0,0
13,5106,102840426,-13,-25,-63,0,0
37,5107,102850463,-3772,-2110,-155,15802,0
L,102854422,VALID,26.290,-14.247,1
4,5106,102860501,2084,-3587,6987,0,0
13,5107,102860541,-1,15,-14,0,0
37,5108,102870461,-3772,-2106,-154,15803,0
4,5107,102880563,2049,-3602,7023,0,0
13,5108,102880602,-2,33,27,0,0
37,5109,102890658,-3773,-2102,-151,15803,0
4,5108,102900677,1996,-3655,7082,0,0
13,5109,102900717,-24,3,22,0,0
37,5110,102910605,-3777,-2105,-151,15802,0
4,5109,102920788,2046,-3647,7004,0,0
13,5110,102920827,-28,-30,-14,0,0
37,5111,102930863,-3778,-2107,-152,15801,0
4,5110,102940960,2061,-3638,6965,0,0
13,5111,102941000,14,8,-9,0,0
37,5112,102950956,-3775,-2104,-152,15802,0
L,102954962,VALID,26.311,-14.201,1
4,5111,102961023,2036,-3619,7052,0,0
13,5112,102961062,26,35,7,0,0
37,5113,102971146,-3774,-2102,-152,15803,0
4,5112,102981150,2019,-3610,7060,0,0
13,5113,102981190,-7,16,18,0,0
37,5114,102991129,-3776,-2101,-150,15802,0
4,5113,103001302,2022,-3643,7048,0,0
13,5114,103001342,-27,-29,12,0,0
37,5115,103011362,-3779,-2104,-149,15801,0
4,5114,103021381,2072,-3628,6968,0,0
13,5115,103021421,-5,-2,22,0,0
37,5116,103031473,-3778,-2101,-146,15802,0
4,5115,103041450,2018,-3633,7043,0,0
13,5116,103041489,18,36,49,0,0
37,5117,103051532,-3778,-2097,-143,15803,0
L,103055511,VALID,26.336,-14.137,1
4,5116,103061564,2016,-3645,7036,0,0
13,5117,103061604,-3,-10,9,0,0
37,5118,103071530,-3779,-2099,-142,15802,0
4,5117,103081845,2031,-3632,7020,0,0
13,5118,103081885,-13,-20,0,0,0
37,5119,103091848,-3781,-2100,-143,15801,0
4,5118,103101855,2039,-3651,6989,0,0
13,5119,103101894,-7,1,-3,0,0
37,5120,103111815,-3781,-2098,-143,15802,0
4,5119,103121903,2034,-3622,7027,0,0
13,5120,103121943,10,24,-5,0,0
37,5121,103131978,-3779,-2096,-143,15802,0
4,5120,103142023,2015,-3632,7052,0,0
13,5121,103142063,8,17,27,0,0
37,5122,103152081,-3780,-2095,-140,15802,0
L,103156069,VALID,26.353,-14.119,1
4,5121,103162131,2006,-3632,7053,0,0
13,5122,103162171,-9,-18,13,0,0
37,5123,103172237,-3782,-2098,-139,15802,0
4,5122,103182161,2041,-3638,7006,0,0
13,5123,103182201,-31,-43,1,0,0
37,5124,103192280,-3785,-2101,-139,15800,0
4,5123,103202350,2030,-3670,6999,0,0
13,5124,103202389,-17,-10,-3,0,0
37,5125,103212441,-3786,-2101,-140,15800,0
4,5124,103222463,2043,-3638,7016,0,0
13,5125,103222503,2,3,-7,0,0
37,5126,103232562,-3786,-2100,-139,15800,0
4,5125,103242581,2019,-3662,7022,0,0
13,5126,103242621,6,-9,-7,0,0
37,5127,103252645,-3786,-2102,-141,15800,0
L,103256627,VALID,26.400,-14.167,1
4,5126,103262731,2042,-3635,7010,0,0
13,5127,103262770,4,-11,-30,0,0
37,5128,103272726,-3785,-2103,-143,15800,0
4,5127,103282874,2066,-3598,7009,0,0
13,5128,103282914,2,6,-2,0,0
37,5129,103292853,-3785,-2101,-141,15800,0
4,5128,103303028,2017,-3659,7043,0,0
13,5129,103303068,0,14,31,0,0
37,5130,103312870,-3786,-2100,-140,15800,0
4,5129,103323052,2020,-3658,7011,0,0
13,5130,103323092,-3,-7,-13,0,0
37,5131,103333172,-3786,-2101,-142,15800,0
4,5130,103343132,2030,-3652,7020,0,0
13,5131,103343199,17,2,-21,0,0
37,5132,103353198,-3783,-2101,-143,15801,0
L,103357176,VALID,26.375,-14.164,1
4,5131,103363374,2036,-3617,7029,0,0
13,5132,103363414,13,-11,-25,0,0
37,5133,103373473,-3783,-2103,-145,15801,0
4,5132,103383528,2032,-3622,7030,0,0
13,5133,103383567,-1,-13,-17,0,0
37,5134,103393388,-3783,-2104,-145,15800,0
4,5133,103403526,2031,-3652,7013,0,0
13,5134,103403565,5,-11,3,0,0
37,5135,103413635,-3783,-2105,-145,15800,0
4,5134,103423777,2053,-3632,6999,0,0
13,5135,103423816,21,-4,-4,0,0
37,5136,103433730,-3781,-2104,-144,15801,0
4,5135,103443863,2027,-3626,7031,0,0
13,5136,103443902,22,5,7,0,0
37,5137,103453884,-3780,-2103,-143,15801,0
L,103457890,VALID,26.355,-14.178,1
4,5136,103463986,2019,-3649,7042,0,0
13,5137,103464026,-5,-5,-1,0,0
37,5138,103473910,-3782,-2104,-144,15801,0
4,5137,103484087,2051,-3628,7005,0,0
13,5138,103484127,-9,-7,-10,0,0
37,5139,103494186,-3782,-2104,-144,15801,0
4,5138,103504196,2050,-3626,7014,0,0
13,5139,103504236,6,7,10,0,0
37,5140,103514184,-3782,-2102,-142,15801,0
4,5139,103524369,2031,-3640,7032,0,0
13,5140,103524409,19,15,33,0,0
37,5141,103534384,-3781,-2100,-140,15802,0
4,5140,103544395,2009,-3644,7028,0,0
13,5141,103544435,6,-6,3,0,0
37,5142,103554407,-3781,-2101,-140,15801,0
L,103558422,VALID,26.364,-14.160,1
4,5141,103564509,2036,-3640,7026,0,0
13,5142,103564549,0,-10,-10,0,0
37,5143,103574579,-3782,-2101,-140,15801,0
4,5142,103584609,2062,-3617,6997,0,0
13,5143,103584649,15,-1,-3,0,0
37,5144,103594596,-3779,-2100,-139,15802,0
4,5143,103604817,2006,-3646,7057,0,0
13,5144,103604857,39,28,31,0,0
37,5145,103614846,-3777,-2097,-137,15803,0
4,5144,103624866,2031,-3615,7028,0,0
13,5145,103624906,-1,-7,-7,0,0
37,5146,103634923,-3779,-2098,-138,15802,0
4,5145,103644944,2038,-3633,7017,0,0
13,5146,103644983,-15,0,-3,0,0
37,5147,103655079,-3780,-2097,-138,15802,0
L,103659058,VALID,26.356,-14.129,1
4,5146,103665120,2052,-3625,7006,0,0
13,5147,103665159,-14,0,1,0,0
37,5148,103675138,-3782,-2096,-137,15802,0
4,5147,103685365,2014,-3656,7024,0,0
13,5148,103685405,2,17,20,0,0
37,5149,103695266,-3782,-2095,-136,15802,0
4,5148,103705251,2030,-3647,7014,0,0
13,5149,103705291,12,0,5,0,0
37,5150,103715274,-3781,-2094,-136,15802,0
4,5149,103725415,2028,-3624,7032,0,0
13,5150,103725455,15,-5,-5,0,0
37,5151,103735520,-3780,-2094,-135,15803,0
4,5150,103745509,2033,-3621,7031,0,0
13,5151,103745549,8,2,15,0,0
37,5152,103755522,-3780,-2094,-133,15803,0
L,103759511,VALID,26.357,-14.099,1
4,5151,103765659,2037,-3629,7024,0,0
13,5152,103765699,3,0,16,0,0
37,5153,103775643,-3780,-2092,-132,15803,0
4,5152,103785681,2019,-3641,7024,0,0
13,5153,103785721,4,13,17,0,0
37,5154,103795790,-3781,-2090,-131,15803,0
4,5153,103805897,2029,-3644,7019,0,0
13,5154,103805936,10,6,4,0,0
37,5155,103815910,-3780,-2089,-131,15803,0
4,5154,103825974,2010,-3643,7041,0,0
13,5155,103826014,4,6,-5,0,0
37,5156,103835986,-3781,-2089,-131,15803,0
4,5155,103846174,2042,-3615,7008,0,0
13,5156,103846213,-4,4,-8,0,0
37,5157,103856109,-3781,-2088,-131,15803,0
L,103860113,VALID,26.364,-14.055,1
4,5156,103866199,2032,-3619,7019,0,0
13,5157,103866239,3,21,30,0,0
37,5158,103876253,-3781,-2085,-128,15804,0
4,5157,103886264,2009,-3667,7033,0,0
13,5158,103886304,8,20,31,0,0
37,5159,103896443,-3780,-2083,-127,15804,0
4,5158,103906412,2002,-3644,7041,0,0
13,5159,103906452,18,12,-7,0,0
37,5160,103916390,-3779,-2082,-128,15805,0
4,5159,103926522,2000,-3627,7057,0,0
13,5160,103926562,2,-9,-16,0,0
37,5161,103936528,-3780,-2085,-129,15804,0
4,5160,103946582,2051,-3611,6981,0,0
13,5161,103946622,-5,-17,-12,0,0
37,5162,103956683,-3779,-2084,-129,15804,0
L,103960697,VALID,26.348,-14.025,1
4,5161,103966731,2016,-3641,7040,0,0
13,5162,103966798,20,4,6,0,0
37,5163,103976863,-3777,-2084,-128,15805,0
4,5162,103986916,2041,-3609,6995,0,0
13,5163,103986955,30,17,11,0,0
37,5164,103996881,-3774,-2080,-126,15806,0
4,5163,104007018,2005,-3616,7047,0,0
13,5164,104007058,38,37,36,0,0
37,5165,104017008,-3772,-2076,-123,15807,0
4,5164,104027097,1985,-3640,7084,0,0
13,5165,104027137,3,4,21,0,0
37,5166,104037034,-3774,-2078,-122,15806,0
4,5165,104047200,2016,-3639,7023,0,0
13,5166,104047240,-7,-19,-3,0,0
37,5167,104057310,-3774,-2078,-122,15806,0
L,104061298,VALID,26.314,-13.973,1
4,5166,104067281,2011,-3651,7016,0,0
13,5167,104067320,15,4,-7,0,0
37,5168,104077446,-3772,-2078,-124,15807,0
4,5167,104087476,2035,-3596,7004,0,0
13,5168,104087544,20,16,-18,0,0
37,5169,104097534,-3770,-2075,-124,15808,0
4,5168,104107637,2047,-3590,7010,0,0
13,5169,104107677,29,78,52,0,0
37,5170,104117612,-3768,-2065,-118,15809,0
4,5169,104127757,1964,-3649,7093,0,0
13,5170,104127797,24,58,66,0,0
37,5171,104137818,-3768,-2062,-116,15810,0
4,5170,104147898,1999,-3624,7032,0,0
13,5171,104147937,12,21,18,0,0
37,5172,104157826,-3766,-2059,-115,15811,0
L,104161786,VALID,26.249,-13.832,1
4,5171,104168029,2006,-3611,7029,0,0
13,5172,104168069,13,30,26,0,0
37,5173,104178066,-3766,-2056,-112,15811,0
4,5172,104188164,1991,-3621,7059,0,0
13,5173,104188204,5,31,32,0,0
37,5174,104198176,-3767,-2053,-110,15811,0
4,5173,104208162,1997,-3637,7010,0,0
13,5174,104208202,8,34,32,0,0
37,5175,104218486,-3765,-2048,-108,15812,0
4,5174,104228432,1970,-3643,7062,0,0
13,5175,104228472,31,35,26,0,0
37,5176,104238342,-3762,-2045,-107,15813,0
4,5175,104248575,1965,-3614,7074,0,0
13,5176,104248615,19,19,8,0,0
37,5177,104258572,-3761,-2044,-106,15814,0
L,104262552,VALID,26.212,-13.715,1
4,5176,104268640,1970,-3629,7072,0,0
13,5177,104268680,-3,-4,1,0,0
37,5178,104278608,-3763,-2045,-106,15813,0
4,5177,104288782,2011,-3631,7001,0,0
13,5178,104288822,5,2,-7,0,0
37,5179,104298951,-3761,-2043,-106,15814,0
4,5178,104308929,1952,-3649,7088,0,0
13,5179,104308969,25,22,-9,0,0
37,5180,104318890,-3760,-2043,-109,15814,0
4,5179,104329171,1979,-3595,7058,0,0
13,5180,104329211,0,-1,-29,0,0
37,5181,104339077,-3760,-2044,-110,15814,0
4,5180,104349187,2023,-3582,7003,0,0
13,5181,104349227,-7,4,8,0,0
37,5182,104359215,-3760,-2041,-107,15814,0
L,104363215,VALID,26.203,-13.697,1
4,5181,104369301,1948,-3653,7085,0,0
13,5182,104369341,12,27,52,0,0
37,5183,104379442,-3760,-2039,-105,15815,0
4,5182,104389437,1975,-3645,7035,0,0
13,5183,104389477,8,-18,-10,0,0
37,5184,104399408,-3759,-2041,-106,15815,0
4,5183,104409522,1978,-3629,7041,0,0
13,5184,104409561,26,-4,-25,0,0
37,5185,104419675,-3756,-2042,-108,15815,0
4,5184,104429685,1981,-3613,7052,0,0
13,5185,104429725,30,12,-22,0,0
37,5186,104439651,-3753,-2041,-110,15816,0
4,5185,104449814,1987,-3580,7074,0,0
13,5186,104449853,9,11,-16,0,0
37,5187,104459914,-3753,-2039,-110,15816,0
L,104463955,VALID,26.148,-13.689,1
4,5186,104470069,1964,-3623,7058,0,0
13,5187,104470109,-6,3,12,0,0
37,5188,104480078,-3754,-2039,-109,15816,0
4,5187,104490141,1987,-3614,7030,0,0
13,5188,104490181,4,0,-6,0,0
37,5189,104500256,-3754,-2038,-110,15816,0
4,5188,104510271,1969,-3618,7066,0,0
13,5189,104510310,0,20,5,0,0
37,5190,104520249,-3755,-2036,-110,15816,0
4,5189,104530442,1967,-3620,7063,0,0
13,5190,104530482,-12,11,0,0,0
37,5191,104540518,-3757,-2036,-110,15816,0
4,5190,104550529,2001,-3621,7009,0,0
13,5191,104550568,9,21,9,0,0
37,5192,104560628,-3754,-2031,-109,15817,0
L,104564617,VALID,26.151,-13.633,1
4,5191,104570616,1949,-3607,7100,0,0
13,5192,104570656,20,30,-2,0,0
37,5193,104580730,-3754,-2030,-111,15817,0
4,5192,104590770,1955,-3622,7049,0,0
13,5193,104590810,-19,5,-25,0,0
37,5194,104600793,-3756,-2031,-114,15817,0
4,5193,104611060,2004,-3606,7010,0,0
13,5194,104611100,-1,27,-18,0,0
37,5195,104621051,-3754,-2026,-114,15818,0
4,5194,104631062,1992,-3577,7034,0,0
13,5195,104631101,27,73,28,0,0
37,5196,104640997,-3751,-2017,-111,15820,0
4,5195,104651138,1932,-3626,7089,0,0
13,5196,104651178,38,88,76,0,0
37,5197,104661214,-3749,-2010,-106,15821,0
L,104665183,VALID,26.105,-13.484,1
4,5196,104671219,1950,-3620,7042,0,0
13,5197,104671259,30,51,40,0,0
37,5198,104681281,-3747,-2004,-104,15822,0
4,5197,104691335,1933,-3623,7067,0,0
13,5198,104691375,42,71,32,0,0
37,5199,104701470,-3744,-1997,-103,15824,0
4,5198,104711448,1994,-3566,6992,0,0
13,5199,104711487,36,107,56,0,0
37,5200,104721583,-3739,-1980,-96,15827,0
4,5199,104731654,1810,-3562,6976,0,0
13,5200,104731694,133,286,199,0,0
37,5201,104741747,-3726,-1947,-82,15835,0
4,5200,104751756,1929,-3695,7296,0,0
13,5201,104751795,105,182,118,0,0
37,5202,104761817,-3724,-1941,-79,15836,0
L,104765715,VALID,25.906,-12.971,1
4,5201,104771871,1846,-3609,7083,0,0
13,5202,104771911,32,57,23,0,0
37,5203,104781892,-3721,-1937,-80,15837,0
4,5202,104791971,1892,-3591,7088,0,0
13,5203,104792010,36,54,-17,0,0
37,5204,104801953,-3718,-1930,-82,15839,0
4,5203,104812142,1868,-3571,7124,0,0
13,5204,104812182,23,86,13,0,0
37,5205,104822149,-3717,-1924,-81,15840,0
4,5204,104832350,1917,-3567,7042,0,0
13,5205,104832390,31,82,48,0,0
37,5206,104842170,-3713,-1913,-76,15842,0
4,5205,104852385,1850,-3612,7083,0,0
13,5206,104852425,70,133,81,0,0
37,5207,104862554,-3707,-1899,-72,15845,0
L,104866464,VALID,25.765,-12.675,1
4,5206,104872464,1838,-3568,7125,0,0
13,5207,104872504,82,167,74,0,0
37,5208,104882517,-3702,-1882,-68,15848,0
4,5207,104892676,1791,-3584,7160,0,0
13,5208,104892715,26,122,51,0,0
37,5209,104902778,-3702,-1874,-66,15849,0
4,5208,104912857,1817,-3582,7122,0,0
13,5209,104912897,10,91,45,0,0
37,5210,104922680,-3701,-1865,-64,15850,0
4,5209,104932872,1813,-3586,7109,0,0
13,5210,104932912,21,106,53,0,0
37,5211,104942974,-3699,-1854,-61,15852,0
4,5210,104953097,1791,-3584,7146,0,0
13,5211,104953163,32,99,51,0,0
37,5212,104963051,-3697,-1844,-58,15854,0
L,104966978,VALID,25.674,-12.277,1
4,5211,104973222,1775,-3588,7123,0,0
13,5212,104973261,34,118,62,0,0
37,5213,104983259,-3694,-1833,-55,15856,0
4,5212,104993337,1766,-3578,7148,0,0
13,5213,104993377,42,115,53,0,0
37,5214,105003310,-3691,-1822,-52,15858,0
4,5213,105013380,1761,-3580,7159,0,0
13,5214,105013420,22,96,41,0,0
37,5215,105023481,-3691,-1814,-51,15859,0
4,5214,105033509,1826,-3539,7052,0,0
13,5215,105033549,15,137,48,0,0
37,5216,105043490,-3689,-1795,-47,15861,0
4,5215,105053681,1746,-3554,7153,0,0
13,5216,105053720,48,216,136,0,0
37,5217,105063679,-3686,-1774,-37,15864,0
L,105067597,VALID,25.575,-11.766,1
4,5216,105073709,1638,-3630,7230,0,0
13,5217,105073748,39,182,132,0,0
37,5218,105083712,-3685,-1761,-33,15866,0
4,5217,105093863,1694,-3598,7146,0,0
13,5218,105093903,15,109,45,0,0
37,5219,105103909,-3684,-1750,-31,15868,0
4,5218,105113965,1684,-3576,7169,0,0
13,5219,105114004,18,119,34,0,0
37,5220,105123962,-3683,-1740,-31,15869,0
4,5219,105134154,1698,-3557,7139,0,0
13,5220,105134193,10,134,44,0,0
37,5221,105144170,-3682,-1725,-28,15871,0
4,5220,105154179,1653,-3582,7192,0,0
13,5221,105154219,26,115,52,0,0
37,5222,105164246,-3679,-1716,-26,15872,0
L,105168129,VALID,25.503,-11.352,1
4,5221,105174311,1645,-3598,7180,0,0
13,5222,105174351,37,94,48,0,0
37,5223,105184444,-3677,-1708,-25,15874,0
4,5222,105194480,1651,-3575,7168,0,0
13,5223,105194520,50,145,42,0,0
37,5224,105204477,-3672,-1694,-23,15876,0
4,5223,105214730,1649,-3564,7178,0,0
13,5224,105214769,47,109,38,0,0
37,5225,105224652,-3669,-1684,-22,15878,0
4,5224,105234619,1631,-3533,7206,0,0
13,5225,105234658,20,112,49,0,0
37,5226,105244649,-3669,-1674,-18,15879,0
4,5225,105254778,1635,-3560,7149,0,0
13,5226,105254818,22,94,83,0,0
37,5227,105264864,-3666,-1663,-11,15881,0
L,105268747,VALID,25.393,-10.967,1
4,5226,105274861,1636,-3583,7129,0,0
13,5227,105274901,76,157,102,0,0
37,5228,105284890,-3659,-1644,-5,15885,0
4,5227,105295062,1606,-3550,7156,0,0
13,5228,105295102,98,228,116,0,0
37,5229,105305018,-3650,-1619,1,15889,0
4,5228,105315103,1480,-3511,7230,0,0
13,5229,105315143,127,247,139,0,0
37,5230,105325198,-3640,-1593,11,15894,0
4,5229,105335348,1546,-3549,7204,0,0
13,5230,105335387,165,308,189,0,0
37,5231,105345353,-3627,-1565,22,15900,0
4,5230,105355409,1520,-3550,7181,0,0
13,5231,105355448,161,234,155,0,0
37,5232,105365467,-3613,-1538,32,15906,0
L,105369270,VALID,24.979,-10.051,1
4,5231,105375555,1459,-3541,7198,0,0
13,5232,105375594,225,333,150,0,0
37,5233,105385535,-3594,-1505,40,15913,0
4,5232,105395621,1450,-3503,7268,0,0
13,5233,105395660,192,347,145,0,0
37,5234,105405672,-3579,-1472,47,15920,0
4,5233,105415662,1458,-3427,7107,0,0
13,5234,105415702,241,445,230,0,0
37,5235,105425904,-3556,-1417,68,15930,0
4,5234,105435863,1354,-3428,7054,0,0
13,5235,105435902,397,710,429,0,0
37,5236,105445860,-3517,-1332,97,15946,0
4,5235,105455981,1263,-3482,7173,0,0
13,5236,105456020,665,949,489,0,0
37,5237,105466060,-3453,-1232,125,15967,0
L,105469941,VALID,23.752,-7.838,1
4,5236,105476063,1238,-3402,7164,0,0
13,5237,105476102,924,1179,501,0,0
37,5238,105486176,-3367,-1112,155,15994,0
4,5237,105496231,1164,-3306,7405,0,0
13,5238,105496271,1077,1394,653,0,0
37,5239,105506345,-3285,-978,194,16020,0
4,5238,105516359,792,-3236,7644,0,0
13,5239,105516399,885,1205,560,0,0
37,5240,105526343,-3211,-872,221,16040,0
4,5239,105536496,722,-3283,7767,0,0
13,5240,105536535,945,1027,394,0,0
37,5241,105546506,-3143,-793,233,16058,0
4,5240,105556583,567,-3141,7861,0,0
13,5241,105556622,583,665,198,0,0
37,5242,105566547,-3106,-749,237,16067,0
L,105570351,VALID,21.158,-4.416,1
4,5241,105576723,659,-3030,7473,0,0
13,5242,105576763,405,440,52,0,0
37,5243,105586833,-3066,-700,234,16077,0
4,5242,105596808,597,-3068,7430,0,0
13,5243,105596848,609,621,70,0,0
37,5244,105606965,-3003,-636,233,16092,0
4,5243,105617021,658,-2893,7527,0,0
13,5244,105617061,828,857,172,0,0
37,5245,105627064,-2930,-554,246,16108,0
4,5244,105637073,670,-2800,7620,0,0
13,5245,105637113,840,951,395,0,0
37,5246,105647098,-2865,-457,275,16122,0
4,5245,105657227,246,-2927,7879,0,0
13,5246,105657267,753,925,455,0,0
37,5247,105667295,-2805,-382,296,16134,0
L,105671109,VALID,18.947,-1.859,1
4,5246,105677386,312,-2875,7824,0,0
13,5247,105677426,623,625,309,0,0
37,5248,105687269,-2757,-329,312,16143,0
4,5247,105697484,410,-2836,7425,0,0
13,5248,105697523,692,706,302,0,0
37,5249,105707598,-2683,-247,332,16157,0
4,5248,105717652,64,-2755,7836,0,0
13,5249,105717692,980,899,332,0,0
37,5250,105727632,-2602,-167,341,16171,0
4,5249,105737650,-56,-2603,8065,0,0
13,5250,105737690,813,639,55,0,0
37,5251,105747863,-2541,-123,333,16181,0
4,5250,105757828,-31,-2445,8079,0,0
13,5251,105757868,573,326,-31,0,0
37,5252,105767794,-2501,-108,329,16188,0
L,105771606,VALID,16.751,0.029,1
4,5251,105777977,30,-2502,7884,0,0
13,5252,105778016,425,95,-1,0,0
37,5253,105787922,-2467,-102,328,16193,0
4,5252,105798035,45,-2515,7823,0,0
13,5253,105798074,371,72,-21,0,0
37,5254,105808024,-2433,-94,321,16198,0
4,5253,105818197,22,-2520,7798,0,0
13,5254,105818237,478,110,-153,0,0
37,5255,105828354,-2382,-86,301,16206,0
4,5254,105838304,50,-2421,7835,0,0
13,5255,105838343,689,127,-225,0,0
37,5256,105848263,-2319,-77,279,16216,0
4,5255,105858489,16,-2321,7907,0,0
13,5256,105858529,702,120,-262,0,0
37,5257,105868386,-2258,-69,252,16225,0
L,105872094,VALID,15.027,0.193,1
4,5256,105878509,43,-2240,7908,0,0
13,5257,105878548,744,127,-360,0,0
37,5258,105888498,-2193,-63,226,16234,0
4,5257,105898548,58,-2207,7920,0,0
13,5258,105898588,685,72,-136,0,0
37,5259,105908652,-2127,-59,219,16243,0
4,5258,105918695,46,-1968,8014,0,0
13,5259,105918735,977,25,-64,0,0
37,5260,105928659,-2058,-55,208,16252,0
4,5259,105938754,29,-2057,8020,0,0
13,5260,105938794,356,48,-149,0,0
37,5261,105948873,-2036,-53,199,16255,0
4,5260,105958883,24,-2108,7914,0,0
13,5261,105958950,281,42,-81,0,0
37,5262,105968863,-2008,-49,190,16259,0
L,105972583,VALID,13.261,0.254,1
4,5261,105979016,44,-2051,7943,0,0
13,5262,105979056,310,49,-103,0,0
37,5263,105989166,-1980,-46,180,16262,0
4,5262,105999188,48,-2063,7929,0,0
13,5263,105999228,428,63,-162,0,0
37,5264,106009219,-1936,-41,161,16268,0
4,5263,106019270,1,-1907,8019,0,0
13,5264,106019310,470,76,-231,0,0
37,5265,106029363,-1899,-37,141,16272,0
4,5264,106039374,11,-1926,7993,0,0
13,5265,106039413,392,52,-214,0,0
37,5266,106049371,-1865,-35,123,16276,0
4,5265,106059543,10,-1934,7962,0,0
13,5266,106059582,403,42,-179,0,0
37,5267,106069630,-1826,-32,106,16281,0
L,106073375,VALID,11.977,0.294,1
4,5266,106079704,26,-1806,8062,0,0
13,5267,106079744,459,61,-209,0,0
37,5268,106089779,-1792,-30,91,16285,0
4,5267,106099762,17,-1777,8051,0,0
13,5268,106099802,277,25,-120,0,0
37,5269,106109879,-1773,-29,80,16287,0
4,5268,106119872,16,-1834,7999,0,0
13,5269,106119911,236,32,-144,0,0
37,5270,106129869,-1751,-26,65,16289,0
4,5269,106140138,13,-1861,7957,0,0
13,5270,106140178,330,62,-208,0,0
37,5271,106150130,-1714,-21,41,16294,0
4,5270,106160154,27,-1758,8025,0,0
13,5271,106160193,526,93,-335,0,0
37,5272,106170119,-1667,-17,11,16298,0
L,106173733,VALID,10.858,0.325,1
4,5271,106180207,45,-1673,8059,0,0
13,5272,106180247,458,76,-285,0,0
37,5273,106190282,-1631,-13,-12,16302,0
4,5272,106200318,15,-1683,8033,0,0
13,5273,106200357,411,72,-316,0,0
37,5274,106210351,-1593,-10,-40,16306,0
4,5273,106220456,20,-1616,8072,0,0
13,5274,106220495,372,52,-257,0,0
37,5275,106230563,-1562,-8,-61,16309,0
4,5274,106240514,36,-1590,8057,0,0
13,5275,106240554,402,41,-207,0,0
37,5276,106250634,-1527,-6,-75,16312,0
4,5275,106260679,8,-1557,8083,0,0
13,5276,106260719,353,42,-141,0,0
37,5277,106270755,-1497,-3,-89,16315,0
L,106274360,VALID,9.663,0.359,1
4,5276,106280782,7,-1522,8062,0,0
13,5277,106280822,343,51,-168,0,0
37,5278,106290806,-1468,-1,-105,16317,0
4,5277,106300858,6,-1614,7992,0,0
13,5278,106300898,417,55,-191,0,0
37,5279,106310934,-1422,2,-131,16321,0
4,5278,106321030,-8,-1508,8067,0,0
13,5279,106321069,629,80,-455,0,0
37,5280,106331002,-1362,5,-174,16326,0
4,5279,106341237,6,-1353,8123,0,0
13,5280,106341277,624,65,-432,0,0
37,5281,106351195,-1310,6,-211,16330,0
4,5280,106361383,27,-1281,8117,0,0
13,5281,106361422,584,56,-411,0,0
37,5282,106371212,-1261,8,-244,16333,0
L,106374840,VALID,8.006,0.363,1
4,5281,106381382,4,-1301,8091,0,0
13,5282,106381422,535,59,-358,0,0
37,5283,106391545,-1211,10,-278,16336,0
4,5282,106401426,74,-1136,8203,0,0
13,5283,106401465,535,56,-338,0,0
37,5284,106411494,-1177,10,-297,16338,0
4,5283,106421692,40,-1170,8170,0,0
13,5284,106421731,233,13,-128,0,0
37,5285,106431742,-1163,10,-305,16339,0
4,5284,106441813,16,-1207,8108,0,0
13,5285,106441880,173,9,-74,0,0
37,5286,106451680,-1146,11,-312,16340,0
4,5285,106461856,1,-1238,8096,0,0
13,5286,106461895,210,16,-98,0,0
37,5287,106471945,-1124,11,-323,16342,0
L,106475658,VALID,7.046,0.362,1
4,5286,106482089,9,-1153,8135,0,0
13,5287,106482129,275,8,-114,0,0
37,5288,106492024,-1099,10,-332,16343,0
4,5287,106502105,26,-1149,8124,0,0
13,5288,106502144,294,6,-111,0,0
37,5289,106512190,-1072,9,-342,16345,0
4,5288,106522248,32,-1072,8176,0,0
13,5289,106522288,293,12,-105,0,0
37,5290,106532180,-1050,9,-347,16346,0
4,5289,106542309,29,-1083,8145,0,0
13,5290,106542348,222,-3,-18,0,0
37,5291,106552360,-1032,8,-348,16347,0
4,5290,106562412,78,-1070,8133,0,0
13,5291,106562451,214,-1,2,0,0
37,5292,106572394,-1011,7,-347,16349,0
L,106576034,VALID,6.253,0.340,1
4,5291,106582604,-10,-1059,8152,0,0
13,5292,106582644,259,-9,14,0,0
37,5293,106592599,-989,6,-345,16350,0
4,5292,106602643,21,-1031,8156,0,0
13,5293,106602683,229,-9,20,0,0
37,5294,106612652,-970,4,-343,16351,0
4,5293,106622764,21,-998,8172,0,0
13,5294,106622803,199,-7,24,0,0
37,5295,106632797,-954,4,-341,16352,0
4,5294,106642850,13,-997,8159,0,0
13,5295,106642890,165,-10,18,0,0
37,5296,106652848,-940,2,-340,16353,0
4,5295,106663004,30,-983,8153,0,0
13,5296,106663044,151,-11,19,0,0
37,5297,106673046,-927,1,-338,16354,0
L,106676600,VALID,5.664,0.314,1
4,5296,106683065,19,-956,8175,0,0
13,5297,106683105,135,-7,31,0,0
37,5298,106693114,-917,0,-335,16354,0
4,5297,106703165,14,-951,8161,0,0
13,5298,106703205,104,-12,29,0,0
37,5299,106713356,-910,0,-332,16355,0
4,5298,106723373,23,-965,8157,0,0
13,5299,106723413,94,-17,25,0,0
37,5300,106733329,-901,-2,-330,16355,0
4,5299,106743572,39,-946,8151,0,0
13,5300,106743612,111,-14,32,0,0
37,5301,106753476,-890,-4,-325,16356,0
4,5300,106763441,43,-924,8163,0,0
13,5301,106763480,134,-14,67,0,0
37,5302,106773492,-878,-4,-319,16357,0
L,106777132,VALID,5.320,0.294,1
4,5301,106783605,26,-902,8168,0,0
13,5302,106783645,115,-10,72,0,0
37,5303,106793681,-870,-5,-313,16357,0
4,5302,106803724,17,-908,8181,0,0
13,5303,106803764,87,-8,62,0,0
37,5304,106813705,-864,-6,-308,16358,0
4,5303,106823835,15,-917,8173,0,0
13,5304,106823875,60,-12,35,0,0
37,5305,106833825,-859,-7,-306,16358,0
4,5304,106843898,32,-909,8166,0,0
13,5305,106843938,61,-18,31,0,0
37,5306,106854027,-853,-9,-302,16358,0
4,5305,106864128,33,-900,8166,0,0
13,5306,106864168,73,-17,40,0,0
37,5307,106874117,-847,-10,-299,16359,0
L,106877803,VALID,5.102,0.264,1
4,5306,106884164,36,-926,8130,0,0
13,5307,106884203,89,-11,35,0,0
37,5308,106894204,-836,-11,-295,16359,0
4,5307,106904342,23,-870,8190,0,0
13,5308,106904382,115,-8,34,0,0
37,5309,106914299,-828,-12,-294,16360,0
4,5308,106924402,34,-862,8180,0,0
13,5309,106924442,114,1,22,0,0
37,5310,106934427,-819,-12,-291,16360,0
4,5309,106944437,30,-878,8170,0,0
13,5310,106944476,91,-9,25,0,0
37,5311,106954651,-811,-13,-289,16361,0
4,5310,106964654,37,-881,8146,0,0
13,5311,106964694,144,-9,35,0,0
37,5312,106974665,-797,-13,-286,16362,0
L,106978360,VALID,4.752,0.254,1
4,5311,106984731,21,-831,8196,0,0
13,5312,106984771,98,4,10,0,0
37,5313,106994793,-791,-13,-286,16362,0
4,5312,107004810,27,-836,8171,0,0
13,5313,107004849,72,-2,5,0,0
37,5314,107014872,-785,-14,-285,16362,0
4,5313,107024961,30,-830,8177,0,0
13,5314,107025000,83,-5,4,0,0
37,5315,107035044,-778,-15,-285,16363,0
4,5314,107045064,42,-831,8161,0,0
13,5315,107045104,81,-6,2,0,0
37,5316,107055078,-769,-15,-284,16363,0
4,5315,107065174,32,-822,8162,0,0
13,5316,107065214,142,-1,12,0,0
37,5317,107075199,-756,-15,-283,16364,0
L,107078936,VALID,4.465,0.246,1
4,5316,107085325,30,-810,8175,0,0
13,5317,107085365,119,0,20,0,0
37,5318,107095237,-745,-16,-280,16364,0
4,5317,107105414,38,-792,8161,0,0
13,5318,107105454,147,1,33,0,0
37,5319,107115507,-731,-15,-277,16365,0
4,5318,107125471,46,-769,8179,0,0
13,5319,107125511,198,6,65,0,0
37,5320,107135611,-712,-15,-270,16366,0
4,5319,107145622,22,-747,8199,0,0
13,5320,107145661,200,4,74,0,0
37,5321,107155627,-698,-15,-265,16366,0
4,5320,107165707,26,-743,8193,0,0
13,5321,107165746,138,1,41,0,0
37,5322,107175721,-687,-14,-262,16367,0
L,107179407,VALID,3.982,0.268,1
4,5321,107185794,37,-747,8169,0,0
13,5322,107185834,96,2,28,0,0
37,5323,107195927,-677,-14,-259,16367,0
4,5322,107206045,26,-722,8191,0,0
13,5323,107206084,151,10,47,0,0
37,5324,107215889,-664,-13,-254,16368,0
4,5323,107226144,39,-767,8141,0,0
13,5324,107226184,152,0,52,0,0
37,5325,107236150,-645,-13,-248,16369,0
4,5324,107246233,3,-656,8218,0,0
13,5325,107246273,287,1,78,0,0
37,5326,107256220,-624,-14,-243,16370,0
4,5325,107266238,44,-674,8183,0,0
13,5326,107266278,204,-7,54,0,0
37,5327,107276469,-606,-14,-237,16371,0
L,107280173,VALID,3.415,0.284,1
4,5326,107286439,24,-661,8203,0,0
13,5327,107286478,173,-2,58,0,0
37,5328,107296314,-591,-15,-233,16371,0
4,5327,107306548,21,-642,8214,0,0
13,5328,107306587,179,-2,46,0,0
37,5329,107316564,-577,-15,-229,16372,0
4,5328,107326617,28,-652,8167,0,0
13,5329,107326656,166,-1,30,0,0
37,5330,107336641,-559,-15,-226,16372,0
4,5329,107346815,20,-582,8227,0,0
13,5330,107346854,199,1,30,0,0
37,5331,107356933,-546,-15,-225,16373,0
4,5330,107366900,35,-607,8181,0,0
13,5331,107366939,141,0,12,0,0
37,5332,107376870,-531,-15,-223,16373,0
L,107380592,VALID,2.891,0.288,1
4,5331,107387039,33,-599,8158,0,0
13,5332,107387079,225,3,27,0,0
37,5333,107396976,-507,-16,-220,16374,0
4,5332,107407054,52,-545,8198,0,0
13,5333,107407094,295,9,45,0,0
37,5334,107417018,-481,-14,-215,16375,0
4,5333,107427156,25,-542,8204,0,0
13,5334,107427195,313,11,54,0,0
37,5335,107437207,-451,-13,-211,16376,0
4,5334,107447217,27,-473,8218,0,0
13,5335,107447257,310,4,56,0,0
37,5336,107457231,-427,-14,-206,16377,0
4,5335,107467304,43,-482,8184,0,0
13,5336,107467343,267,1,46,0,0
37,5337,107477434,-400,-14,-201,16377,0
L,107481123,VALID,1.974,0.311,1
4,5336,107487451,35,-417,8180,0,0
13,5337,107487490,382,20,66,0,0
37,5338,107497385,-363,-12,-196,16378,0
4,5337,107507543,5,-430,8211,0,0
13,5338,107507583,403,3,58,0,0
37,5339,107517626,-330,-12,-190,16379,0
4,5338,107527689,-9,-394,8227,0,0
13,5339,107527728,345,6,58,0,0
37,5340,107537696,-302,-12,-186,16380,0
4,5339,107547740,23,-350,8167,0,0
13,5340,107547779,336,-4,18,0,0
37,5341,107557789,-268,-12,-187,16380,0
4,5340,107567834,2,-301,8212,0,0
13,5341,107567874,401,17,-29,0,0
37,5342,107577823,-234,-11,-191,16381,0
L,107581542,VALID,0.813,0.348,1
4,5341,107587976,-12,-294,8210,0,0
13,5342,107588015,407,10,-68,0,0
37,5343,107598107,-199,-11,-198,16381,0
4,5342,107608092,33,-253,8200,0,0
13,5343,107608132,377,6,-69,0,0
37,5344,107618115,-167,-11,-202,16381,0
4,5343,107628134,31,-219,8216,0,0
13,5344,107628174,341,1,-27,0,0
37,5345,107638175,-137,-11,-203,16382,0
4,5344,107648194,19,-203,8203,0,0
13,5345,107648234,340,5,6,0,0
37,5346,107658208,-107,-11,-202,16382,0
4,5345,107668495,4,-167,8233,0,0
13,5346,107668534,334,-1,-3,0,0
37,5347,107678476,-80,-12,-204,16382,0
L,107682109,VALID,-0.264,0.353,1
4,5346,107688480,36,-111,8226,0,0
13,5347,107688519,275,-4,-6,0,0
37,5348,107698439,-59,-13,-202,16382,0
4,5347,107708580,29,-86,8229,0,0
13,5348,107708620,178,-7,35,0,0
37,5349,107718686,-46,-14,-199,16382,0
4,5348,107728684,5,-106,8210,0,0
13,5349,107728723,136,-23,20,0,0
37,5350,107738706,-35,-16,-196,16382,0
4,5349,107748778,16,-84,8219,0,0
13,5350,107748817,135,-26,51,0,0
37,5351,107758853,-25,-19,-192,16382,0
4,5350,107768777,30,-71,8230,0,0
13,5351,107768816,88,-23,39,0,0
37,5352,107778902,-19,-21,-189,16382,0
L,107782519,VALID,-0.691,0.295,1
4,5351,107788941,17,-82,8206,0,0
13,5352,107788981,71,-25,23,0,0
37,5353,107799023,-13,-23,-187,16382,0
4,5352,107809033,31,-58,8222,0,0
13,5353,107809073,62,-22,29,0,0
37,5354,107819092,-9,-25,-184,16382,0
4,5353,107829180,27,-75,8220,0,0
13,5354,107829220,31,-18,23,0,0
37,5355,107839192,-7,-27,-182,16382,0
4,5354,107849239,41,-58,8211,0,0
13,5355,107849279,27,-13,32,0,0
37,5356,107859279,-4,-28,-179,16382,0
4,5355,107869403,51,-48,8200,0,0
13,5356,107869443,34,-12,49,0,0
37,5357,107879383,-2,-29,-173,16383,0
L,107882903,VALID,-0.810,0.241,1
4,5356,107889541,22,-70,8212,0,0
13,5357,107889580,28,-6,65,0,0
37,5358,107899348,0,-30,-169,16383,0
4,5357,107909529,23,-61,8217,0,0
13,5358,107909569,28,-11,34,0,0
37,5359,107919701,1,-31,-167,16383,0
4,5358,107929572,32,-67,8210,0,0
13,5359,107929611,34,-15,12,0,0
37,5360,107939622,5,-33,-166,16383,0
4,5359,107949831,40,-38,8213,0,0
13,5360,107949871,33,-14,2,0,0
37,5361,107959862,5,-34,-166,16383,0
4,5360,107969959,46,-49,8213,0,0
13,5361,107969999,3,-5,8,0,0
37,5362,107979786,4,-34,-165,16383,0
L,107983209,VALID,-0.853,0.206,1
4,5361,107989907,34,-63,8215,0,0
13,5362,107989947,6,-4,21,0,0
37,5363,108000025,3,-35,-163,16383,0
4,5362,108010105,39,-61,8206,0,0
13,5363,108010145,2,0,8,0,0
37,5364,108020041,2,-35,-163,16383,0
4,5363,108030181,39,-52,8220,0,0
13,5364,108030221,2,0,1,0,0
37,5365,108040169,1,-35,-163,16383,0
4,5364,108050257,37,-45,8205,0,0
13,5365,108050297,3,0,0,0,0
37,5366,108060177,0,-35,-163,16383,0
4,5365,108070317,46,-50,8222,0,0
13,5366,108070356,2,-2,1,0,0
37,5367,108081477,0,-36,-162,16383,0
L,108084913,VALID,-0.825,0.192,1
4,5366,108090449,34,-47,8213,0,0
13,5367,108090489,0,-4,0,0,0
37,5368,108100410,-1,-36,-162,16383,0
4,5367,108110584,36,-52,8212,0,0
13,5368,108110624,3,-6,1,0,0
37,5369,108120615,-1,-37,-162,16383,0
4,5368,108130602,42,-48,8213,0,0
13,5369,108130641,6,-8,-1,0,0
37,5370,108140589,-2,-37,-163,16383,0
4,5369,108150739,39,-42,8202,0,0
13,5370,108150778,6,-5,0,0,0
37,5371,108160717,-2,-38,-163,16383,0
4,5370,108170814,40,-53,8222,0,0
13,5371,108170854,5,-3,0,0,0
37,5372,108180820,-3,-38,-162,16383,0
L,108184923,VALID,-0.804,0.178,1
4,5371,108190965,50,-50,8201,0,0
13,5372,108191031,3,-2,0,0,0
37,5373,108201046,-4,-39,-162,16383,0
4,5372,108211040,42,-53,8217,0,0
13,5373,108211080,0,-2,0,0,0
37,5374,108221102,-5,-39,-162,16383,0
4,5373,108231149,44,-46,8216,0,0
13,5374,108231189,3,-3,0,0,0
37,5375,108241302,-6,-39,-162,16383,0
4,5374,108251264,43,-43,8208,0,0
13,5375,108251303,0,-1,-1,0,0
37,5376,108261293,-7,-39,-162,16383,0
4,5375,108271519,38,-44,8212,0,0
13,5376,108271559,3,0,2,0,0
37,5377,108281430,-7,-39,-162,16383,0
L,108284934,VALID,-0.776,0.170,1
4,5376,108291400,45,-45,8214,0,0
13,5377,108291439,0,1,0,0,0
37,5378,108301444,-9,-39,-162,16383,0
4,5377,108311543,25,-43,8203,0,0
13,5378,108311583,0,1,0,0,0
37,5379,108321661,-9,-39,-162,16383,0
4,5378,108331675,41,-40,8217,0,0
13,5379,108331715,0,0,-2,0,0
37,5380,108341668,-10,-38,-162,16383,0
4,5379,108351836,32,-54,8207,0,0
13,5380,108351876,0,0,0,0,0
37,5381,108361763,-11,-39,-162,16383,0
4,5380,108371810,48,-51,8206,0,0
13,5381,108371849,1,-2,0,0,0
37,5382,108381883,-12,-39,-162,16383,0
L,108385510,VALID,-0.741,0.170,1
4,5381,108391975,48,-50,8202,0,0
13,5382,108392015,0,0,0,0,0
37,5383,108401951,-13,-39,-162,16383,0
4,5382,108412067,50,-57,8213,0,0
13,5383,108412107,-3,4,-2,0,0
37,5384,108422090,-14,-39,-162,16383,0
4,5383,108432188,34,-47,8209,0,0
13,5384,108432227,-2,1,0,0,0
37,5385,108442193,-15,-39,-163,16383,0
4,5384,108452283,38,-42,8212,0,0
13,5385,108452323,-1,1,-1,0,0
37,5386,108462342,-16,-39,-163,16383,0
4,5385,108472335,48,-50,8211,0,0
13,5386,108472375,0,-3,1,0,0
37,5387,108482545,-17,-39,-162,16383,0
L,108486180,VALID,-0.706,0.170,1
4,5386,108492481,33,-48,8198,0,0
13,5387,108492521,0,-3,0,0,0
37,5388,108502492,-18,-39,-163,16383,0
4,5387,108512547,43,-35,8217,0,0
13,5388,108512586,-2,0,-1,0,0
37,5389,108522578,-19,-39,-162,16383,0
4,5388,108532606,39,-49,8213,0,0
13,5389,108532646,-4,3,0,0,0
37,5390,108542689,-20,-39,-163,16383,0
4,5389,108552787,40,-55,8221,0,0
13,5390,108552827,-1,3,0,0,0
37,5391,108562835,-21,-38,-163,16383,0
4,5390,108572857,41,-45,8213,0,0
13,5391,108572923,0,2,0,0,0
37,5392,108582895,-22,-38,-163,16383,0
L,108586530,VALID,-0.671,0.176,1
4,5391,108593023,46,-58,8212,0,0
13,5392,108593062,0,1,-1,0,0
37,5393,108603041,-23,-39,-163,16383,0
4,5392,108613131,39,-51,8221,0,0
13,5393,108613171,0,-1,-1,0,0
37,5394,108623039,-24,-38,-163,16383,0
4,5393,108633200,33,-49,8210,0,0
13,5394,108633239,-1,0,0,0,0
37,5395,108643316,-24,-39,-163,16383,0
4,5394,108653268,44,-51,8213,0,0
13,5395,108653308,0,-1,0,0,0
37,5396,108663426,-25,-39,-163,16383,0
4,5395,108673440,46,-44,8203,0,0
13,5396,108673479,0,-1,0,0,0
37,5397,108683461,-26,-39,-163,16383,0
L,108687105,VALID,-0.643,0.169,1
4,5396,108693545,32,-55,8207,0,0
13,5397,108693584,0,-3,0,0,0
37,5398,108703538,-26,-39,-163,16383,0
4,5397,108713698,42,-38,8212,0,0
13,5398,108713738,-1,0,0,0,0
37,5399,108723796,-27,-39,-163,16383,0
4,5398,108733834,38,-50,8206,0,0
13,5399,108733874,-1,2,1,0,0
37,5400,108743743,-28,-39,-163,16383,0
4,5399,108753912,35,-49,8207,0,0
13,5400,108753952,-1,1,-1,0,0
37,5401,108763926,-29,-39,-163,16383,0
4,5400,108774006,38,-49,8202,0,0
13,5401,108774046,-2,1,0,0,0
37,5402,108784028,-29,-38,-163,16383,0
L,108787663,VALID,-0.622,0.176,1
4,5401,108794008,35,-41,8222,0,0
13,5402,108794047,0,-1,0,0,0
37,5403,108804337,-30,-39,-163,16383,0
4,5402,108814239,45,-50,8203,0,0
13,5403,108814306,1,-4,-1,0,0
37,5404,108824113,-30,-39,-163,16383,0
4,5403,108834402,49,-53,8215,0,0
13,5404,108834441,0,0,0,0,0
37,5405,108844372,-31,-39,-163,16383,0
4,5404,108854416,48,-47,8207,0,0
13,5405,108854456,0,1,0,0,0
37,5406,108864430,-31,-39,-163,16383,0
4,5405,108874582,34,-44,8215,0,0
13,5406,108874621,1,0,2,0,0
37,5407,108884689,-32,-39,-163,16383,0
L,108888325,VALID,-0.601,0.169,1
4,5406,108894661,41,-44,8203,0,0
13,5407,108894700,0,-1,0,0,0
37,5408,108904628,-32,-39,-163,16383,0
4,5407,108914846,49,-43,8219,0,0
13,5408,108914886,0,0,0,0,0
37,5409,108924774,-33,-40,-162,16383,0
4,5408,108934872,39,-46,8213,0,0
13,5409,108934912,-1,-1,1,0,0
37,5410,108944852,-33,-40,-162,16383,0
4,5409,108954994,48,-48,8206,0,0
13,5410,108955033,0,1,0,0,0
37,5411,108965081,-34,-40,-162,16383,0
4,5410,108975078,40,-45,8213,0,0
13,5411,108975118,0,0,1,0,0
37,5412,108985090,-35,-40,-162,16383,0
L,108988700,VALID,-0.580,0.162,1
4,5411,108995156,41,-55,8216,0,0
13,5412,108995196,0,1,0,0,0
37,5413,109005255,-35,-39,-162,16383,0
4,5412,109015328,36,-55,8212,0,0
13,5413,109015367,0,0,-1,0,0
37,5414,109025246,-36,-40,-162,16383,0
4,5413,109035438,47,-51,8202,0,0
13,5414,109035478,0,-3,0,0,0
37,5415,109045547,-36,-40,-162,16383,0
4,5414,109055569,47,-53,8212,0,0
13,5415,109055608,1,-1,0,0,0
37,5416,109065573,-37,-40,-162,16383,0
4,5415,109075663,41,-55,8207,0,0
13,5416,109075703,-1,0,0,0,0
37,5417,109085755,-37,-40,-162,16383,0
L,109089353,VALID,-0.566,0.161,1
4,5416,109095777,44,-34,8204,0,0
13,5417,109095816,-3,3,0,0,0
37,5418,109105761,-38,-40,-162,16383,0
4,5417,109115903,38,-35,8204,0,0
13,5418,109115942,-4,3,0,0,0
37,5419,109126028,-38,-40,-162,16383,0
4,5418,109136040,43,-44,8219,0,0
13,5419,109136080,-2,3,2,0,0
37,5420,109146079,-39,-40,-162,16383,0
4,5419,109156107,36,-49,8210,0,0
13,5420,109156147,0,0,-1,0,0
37,5421,109166199,-39,-39,-162,16383,0
4,5420,109176210,37,-54,8202,0,0
13,5421,109176249,0,2,-1,0,0
37,5422,109186225,-40,-39,-162,16383,0
L,109189859,VALID,-0.545,0.168,1
4,5421,109196500,40,-49,8207,0,0
13,5422,109196539,-2,2,0,0,0
37,5423,109206501,-40,-39,-162,16383,0
4,5422,109216505,27,-53,8221,0,0
13,5423,109216545,-2,1,1,0,0
37,5424,109226441,-41,-38,-162,16383,0
4,5423,109236570,32,-53,8206,0,0
13,5424,109236610,0,-2,0,0,0
37,5425,109246663,-42,-38,-162,16383,0
4,5424,109256676,45,-55,8204,0,0
13,5425,109256715,0,-3,0,0,0
37,5426,109266740,-42,-39,-162,16383,0
4,5425,109276813,33,-57,8215,0,0
13,5426,109276853,-1,0,0,0,0
37,5427,109286903,-43,-38,-162,16383,0
L,109290539,VALID,-0.524,0.175,1
4,5426,109296849,39,-52,8217,0,0
13,5427,109296889,0,0,1,0,0
37,5428,109306970,-43,-38,-162,16383,0
4,5427,109317026,42,-36,8208,0,0
13,5428,109317066,0,1,0,0,0
37,5429,109327110,-43,-38,-162,16383,0
4,5428,109337158,30,-50,8201,0,0
13,5429,109337198,3,-2,0,0,0
37,5430,109347204,-42,-39,-162,16383,0
4,5429,109357259,50,-48,8217,0,0
13,5430,109357298,2,-5,0,0,0
37,5431,109367296,-43,-40,-162,16383,0
4,5430,109377337,44,-56,8211,0,0
13,5431,109377377,0,-3,0,0,0
37,5432,109387323,-43,-40,-162,16383,0
L,109390940,VALID,-0.524,0.161,1
4,5431,109397526,41,-49,8210,0,0
13,5432,109397565,1,1,1,0,0
37,5433,109407504,-43,-40,-162,16383,0
4,5432,109417696,33,-43,8220,0,0
13,5433,109417736,2,-1,2,0,0
37,5434,109427530,-43,-39,-161,16383,0
4,5433,109437678,31,-46,8212,0,0
13,5434,109437718,0,-2,0,0,0
37,5435,109447850,-43,-39,-161,16383,0
4,5434,109457793,36,-40,8219,0,0
13,5435,109457833,0,-2,0,0,0
37,5436,109467794,-43,-40,-161,16383,0
4,5435,109477996,50,-44,8207,0,0
13,5436,109478036,0,-1,0,0,0
37,5437,109488029,-43,-40,-161,16383,0
L,109491663,VALID,-0.524,0.161,1
4,5436,109498120,36,-52,8210,0,0
13,5437,109498159,-1,-1,1,0,0
37,5438,109507967,-43,-40,-161,16383,0
4,5437,109518107,39,-48,8208,0,0
13,5438,109518146,1,-2,1,0,0
37,5439,109528190,-43,-40,-161,16383,0
4,5438,109538332,36,-39,8223,0,0
13,5439,109538371,1,-2,0,0,0
37,5440,109548267,-43,-40,-161,16383,0
4,5439,109558364,53,-52,8200,0,0
13,5440,109558404,2,-2,1,0,0
37,5441,109568458,-43,-41,-161,16383,0
4,5440,109578532,45,-50,8207,0,0
13,5441,109578572,0,-2,0,0,0
37,5442,109588466,-44,-41,-161,16383,0
L,109592073,VALID,-0.517,0.154,1
4,5441,109598600,44,-45,8201,0,0
13,5442,109598639,0,-1,0,0,0
37,5443,109608663,-44,-41,-161,16383,0
4,5442,109618675,39,-48,8216,0,0
13,5443,109618715,1,0,0,0,0
37,5444,109628670,-44,-41,-161,16383,0
4,5443,109638852,38,-58,8205,0,0
13,5444,109638892,-1,0,0,0,0
37,5445,109648860,-45,-41,-161,16383,0
4,5444,109658897,40,-49,8214,0,0
13,5445,109658937,0,0,0,0,0
37,5446,109668876,-45,-41,-161,16383,0
4,5445,109679000,34,-43,8213,0,0
13,5446,109679040,-1,2,0,0,0
37,5447,109689023,-45,-40,-161,16383,0
L,109692674,VALID,-0.510,0.161,1
4,5446,109699115,35,-61,8214,0,0
13,5447,109699155,-1,0,-1,0,0
37,5448,109709125,-46,-40,-161,16383,0
4,5447,109719292,43,-54,8211,0,0
13,5448,109719332,0,0,0,0,0
37,5449,109729305,-46,-40,-161,16383,0
4,5448,109739371,37,-50,8215,0,0
13,5449,109739410,-1,1,0,0,0
37,5450,109749409,-46,-40,-161,16383,0
4,5449,109759421,47,-51,8219,0,0
13,5450,109759461,0,0,-2,0,0
37,5451,109769589,-47,-40,-161,16383,0
4,5450,109779626,30,-58,8206,0,0
13,5451,109779666,0,0,0,0,0
37,5452,109789588,-47,-40,-161,16383,0
L,109793180,VALID,-0.496,0.161,1
4,5451,109799897,40,-43,8213,0,0
13,5452,109799937,0,0,-1,0,0
37,5453,109809794,-47,-40,-161,16383,0
4,5452,109819712,42,-53,8211,0,0
13,5453,109819752,-2,-1,0,0,0
37,5454,109829840,-47,-40,-161,16383,0
4,5453,109839929,42,-48,8210,0,0
13,5454,109839969,0,-2,0,0,0
37,5455,109849993,-47,-40,-161,16383,0
4,5454,109860029,38,-49,8216,0,0
13,5455,109860069,1,-2,-1,0,0
37,5456,109870034,-47,-40,-161,16383,0
4,5455,109880151,38,-49,8218,0,0
13,5456,109880191,1,-1,1,0,0
37,5457,109890138,-47,-40,-161,16383,0
L,109893746,VALID,-0.496,0.161,1
4,5456,109900178,36,-52,8217,0,0
13,5457,109900218,2,-2,0,0,0
37,5458,109910274,-48,-41,-161,16383,0
4,5457,109920407,41,-53,8202,0,0
13,5458,109920447,2,-2,1,0,0
37,5459,109930344,-48,-41,-161,16383,0
4,5458,109940433,43,-54,8211,0,0
13,5459,109940473,0,0,0,0,0
37,5460,109950526,-48,-41,-161,16383,0
4,5459,109960624,37,-42,8214,0,0
13,5460,109960664,0,0,0,0,0
37,5461,109970618,-48,-40,-161,16383,0
4,5460,109980674,38,-58,8210,0,0
13,5461,109980714,0,0,1,0,0
37,5462,109990730,-48,-40,-161,16383,0
L,109994366,VALID,-0.489,0.161,1
4,5461,110000736,42,-52,8207,0,0
13,5462,110000775,0,0,0,0,0
37,5463,110010893,-49,-40,-161,16383,0
4,5462,110020846,42,-52,8222,0,0
13,5463,110020885,0,0,0,0,0
37,5464,110030865,-49,-40,-161,16383,0
4,5463,110040964,40,-48,8199,0,0
13,5464,110041003,-2,2,1,0,0
37,5465,110051021,-49,-40,-161,16383,0
4,5464,110061025,45,-57,8222,0,0
13,5465,110061065,-2,2,0,0,0
37,5466,110071150,-50,-40,-161,16383,0
4,5465,110081208,35,-51,8212,0,0
13,5466,110081247,0,-2,-2,0,0
37,5467,110091295,-50,-40,-161,16383,0
L,110094897,VALID,-0.475,0.161,1
4,5466,110101320,42,-46,8212,0,0
13,5467,110101359,0,-4,0,0,0
37,5468,110111292,-49,-41,-161,16383,0
4,5467,110121421,45,-46,8205,0,0
13,5468,110121461,0,-2,0,0,0
37,5469,110131450,-49,-41,-161,16383,0
4,5468,110141566,44,-47,8217,0,0
13,5469,110141605,0,0,0,0,0
37,5470,110151466,-50,-41,-161,16383,0
4,5469,110161608,39,-46,8207,0,0
13,5470,110161647,-1,2,0,0,0
37,5471,110171750,-49,-41,-161,16383,0
4,5470,110181677,41,-47,8207,0,0
13,5471,110181717,0,1,1,0,0
37,5472,110191845,-50,-41,-161,16383,0
L,110195455,VALID,-0.475,0.154,1
4,5471,110201896,35,-53,8208,0,0
13,5472,110201936,0,-2,1,0,0
37,5473,110211921,-50,-40,-161,16383,0
4,5472,110222004,41,-50,8214,0,0
13,5473,110222044,0,0,0,0,0
37,5474,110232015,-49,-41,-161,16383,0
4,5473,110242082,41,-48,8206,0,0
13,5474,110242122,-1,-1,0,0,0
37,5475,110252155,-50,-41,-161,16383,0
4,5474,110262270,37,-48,8211,0,0
13,5475,110262309,0,-1,2,0,0
37,5476,110272137,-50,-41,-161,16383,0
4,5475,110282415,28,-53,8209,0,0
13,5476,110282455,1,-3,0,0,0
37,5477,110292429,-50,-41,-161,16383,0
L,110296073,VALID,-0.475,0.154,1
4,5476,110302479,39,-57,8221,0,0
13,5477,110302519,0,-2,0,0,0
37,5478,110312463,-50,-41,-161,16383,0
4,5477,110322493,49,-45,8209,0,0
13,5478,110322559,1,-1,-2,0,0
37,5479,110332782,-49,-41,-161,16383,0
4,5478,110342735,39,-44,8209,0,0
13,5479,110342774,2,-3,-1,0,0
37,5480,110352648,-49,-42,-161,16383,0
4,5479,110362811,49,-53,8208,0,0
13,5480,110362851,2,-1,0,0,0
37,5481,110372806,-49,-42,-161,16383,0
4,5480,110382904,37,-55,8214,0,0
13,5481,110382944,1,1,0,0,0
37,5482,110392866,-49,-42,-161,16383,0
L,110396483,VALID,-0.482,0.147,1
4,5481,110403044,54,-36,8208,0,0
13,5482,110403084,2,-1,0,0,0
37,5483,110413185,-49,-42,-161,16383,0
4,5482,110423146,52,-48,8212,0,0
13,5483,110423186,1,0,1,0,0
37,5484,110433123,-48,-43,-161,16383,0
4,5483,110443380,42,-38,8206,0,0
13,5484,110443419,-1,-1,0,0,0
37,5485,110453273,-48,-42,-161,16383,0
4,5484,110463362,36,-46,8215,0,0
13,5485,110463401,0,0,0,0,0
37,5486,110473373,-48,-42,-161,16383,0
4,5485,110483471,48,-47,8203,0,0
13,5486,110483511,1,-1,0,0,0
37,5487,110493558,-48,-43,-161,16383,0
L,110497198,VALID,-0.490,0.140,1
4,5486,110503569,51,-45,8220,0,0
13,5487,110503608,0,1,0,0,0
37,5488,110513552,-48,-42,-161,16383,0
4,5487,110523651,45,-53,8213,0,0
13,5488,110523691,1,1,0,0,0
37,5489,110533784,-48,-43,-161,16383,0
4,5488,110543807,37,-39,8216,0,0
13,5489,110543846,0,2,-1,0,0
37,5490,110553768,-47,-42,-161,16383,0
4,5489,110563908,39,-46,8216,0,0
13,5490,110563948,-2,0,1,0,0
37,5491,110574046,-48,-42,-161,16383,0
4,5490,110584117,32,-44,8216,0,0
13,5491,110584157,1,1,0,0,0
37,5492,110594104,-48,-42,-161,16383,0
L,110597721,VALID,-0.489,0.147,1
4,5491,110604230,44,-48,8203,0,0
13,5492,110604270,0,0,0,0,0
37,5493,110614276,-48,-41,-161,16383,0
4,5492,110624265,45,-44,8205,0,0
13,5493,110624305,-1,1,0,0,0
37,5494,110634274,-48,-41,-161,16383,0
4,5493,110644468,42,-50,8203,0,0
13,5494,110644507,-4,4,0,0,0
37,5495,110654525,-48,-41,-161,16383,0
4,5494,110664580,45,-49,8218,0,0
13,5495,110664619,-2,1,0,0,0
37,5496,110674645,-48,-41,-161,16383,0
4,5495,110684622,46,-37,8211,0,0
13,5496,110684661,-1,3,-1,0,0
37,5497,110694759,-48,-41,-161,16383,0
L,110698357,VALID,-0.489,0.154,1
4,5496,110704781,42,-44,8211,0,0
13,5497,110704821,0,2,-1,0,0
37,5498,110714767,-48,-41,-162,16383,0
4,5497,110725043,45,-48,8221,0,0
13,5498,110725082,0,3,0,0,0
37,5499,110735044,-48,-40,-162,16383,0
4,5498,110745060,39,-44,8206,0,0
13,5499,110745099,-5,4,0,0,0
37,5500,110754988,-48,-40,-162,16383,0
4,5499,110765129,35,-55,8208,0,0
13,5500,110765169,-2,3,0,0,0
37,5501,110775185,-49,-40,-162,16383,0
4,5500,110785241,38,-59,8207,0,0
13,5501,110785280,-1,0,0,0,0
37,5502,110795297,-49,-39,-162,16383,0
L,110798932,VALID,-0.482,0.168,1
4,5501,110805346,38,-45,8221,0,0
13,5502,110805386,-1,0,0,0,0
37,5503,110815479,-49,-40,-161,16383,0
4,5502,110825440,43,-53,8207,0,0
13,5503,110825480,-1,1,0,0,0
37,5504,110835534,-50,-39,-162,16383,0
4,5503,110845583,34,-54,8205,0,0
13,5504,110845622,-2,2,0,0,0
37,5505,110855649,-50,-39,-162,16383,0
4,5504,110865653,36,-52,8215,0,0
13,5505,110865692,-2,3,0,0,0
37,5506,110875734,-50,-38,-162,16383,0
4,5505,110885754,40,-48,8208,0,0
13,5506,110885794,0,0,1,0,0
37,5507,110895836,-50,-38,-162,16383,0
L,110899438,VALID,-0.475,0.175,1
4,5506,110905903,36,-63,8208,0,0
13,5507,110905943,-1,1,0,0,0
37,5508,110915871,-51,-38,-162,16383,0
4,5507,110926097,37,-48,8207,0,0
13,5508,110926164,-2,1,-1,0,0
37,5509,110936035,-51,-38,-162,16383,0
4,5508,110946263,29,-52,8222,0,0
13,5509,110946303,-2,2,0,0,0
37,5510,110956078,-51,-37,-162,16383,0
4,5509,110966253,28,-58,8204,0,0
13,5510,110966292,0,-3,0,0,0
37,5511,110976396,-51,-38,-162,16383,0
4,5510,110986322,42,-44,8206,0,0
13,5511,110986362,0,-5,-1,0,0
37,5512,110996361,-51,-38,-162,16383,0
L,110999996,VALID,-0.468,0.174,1
4,5511,111006504,38,-47,8202,0,0
13,5512,111006543,-1,-4,0,0,0
37,5513,111016585,-51,-39,-162,16383,0
4,5512,111026666,41,-51,8210,0,0
13,5513,111026706,1,-6,1,0,0
37,5514,111036490,-51,-39,-162,16383,0
4,5513,111046655,35,-53,8217,0,0
13,5514,111046694,0,-4,0,0,0
37,5515,111056756,-51,-39,-162,16383,0
4,5514,111066916,45,-50,8198,0,0
13,5515,111066956,0,-2,0,0,0
37,5516,111076844,-51,-40,-162,16383,0
4,5515,111086965,36,-51,8215,0,0
13,5516,111087005,-1,-2,1,0,0
37,5517,111096944,-51,-40,-162,16383,0
L,111100571,VALID,-0.468,0.160,1
4,5516,111107028,34,-48,8207,0,0
13,5517,111107067,0,-2,0,0,0
37,5518,111116968,-51,-40,-161,16383,0
4,5517,111127042,37,-54,8213,0,0
13,5518,111127081,0,-3,1,0,0
37,5519,111137158,-51,-40,-161,16383,0
4,5518,111147188,30,-40,8219,0,0
13,5519,111147228,0,-6,0,0,0
37,5520,111157175,-50,-40,-161,16383,0
4,5519,111167349,39,-50,8217,0,0
13,5520,111167389,2,-5,0,0,0
37,5521,111177364,-50,-41,-161,16383,0
4,5520,111187377,36,-45,8209,0,0
13,5521,111187416,1,-3,-1,0,0
37,5522,111197416,-50,-41,-161,16383,0
L,111201041,VALID,-0.475,0.154,1
4,5521,111207527,41,-47,8199,0,0
13,5522,111207567,0,-3,0,0,0
37,5523,111217561,-50,-41,-162,16383,0
4,5522,111227652,38,-48,8215,0,0
13,5523,111227691,0,-2,0,0,0
37,5524,111237638,-50,-41,-161,16383,0
4,5523,111247807,39,-52,8202,0,0
13,5524,111247846,0,-1,0,0,0
37,5525,111257794,-50,-41,-161,16383,0
4,5524,111267813,43,-56,8218,0,0
13,5525,111267853,2,-4,0,0,0
37,5526,111277904,-50,-41,-162,16383,0
4,5525,111287959,47,-52,8222,0,0
13,5526,111287999,1,-2,-1,0,0
37,5527,111298060,-50,-42,-162,16383,0
L,111301738,VALID,-0.476,0.147,1
4,5526,111308146,35,-55,8202,0,0
13,5527,111308186,0,1,-2,0,0
37,5528,111318118,-51,-41,-162,16383,0
4,5527,111328356,39,-55,8211,0,0
13,5528,111328395,-1,-2,0,0,0
37,5529,111338258,-51,-41,-162,16383,0
4,5528,111348217,34,-50,8216,0,0
13,5529,111348257,0,-2,0,0,0
37,5530,111358256,-51,-41,-162,16383,0
4,5529,111368364,46,-51,8210,0,0
13,5530,111368404,0,-3,0,0,0
37,5531,111378436,-50,-42,-162,16383,0
4,5530,111388484,36,-49,8209,0,0
13,5531,111388523,0,-2,0,0,0
37,5532,111398453,-51,-42,-162,16383,0
L,111402088,VALID,-0.469,0.146,1
4,5531,111408640,38,-60,8210,0,0
13,5532,111408679,0,-1,1,0,0
37,5533,111418599,-51,-42,-162,16383,0
4,5532,111428654,46,-50,8217,0,0
13,5533,111428693,1,-5,0,0,0
37,5534,111438719,-51,-43,-162,16383,0
4,5533,111448889,55,-50,8209,0,0
13,5534,111448929,1,-7,0,0,0
37,5535,111458850,-51,-44,-162,16383,0
4,5534,111468938,48,-49,8209,0,0
13,5535,111468978,1,-5,1,0,0
37,5536,111478971,-50,-44,-161,16383,0
4,5535,111489085,44,-43,8211,0,0
13,5536,111489125,0,-2,1,0,0
37,5537,111499037,-50,-44,-161,16383,0
L,111502672,VALID,-0.476,0.133,1
4,5536,111509129,36,-47,8213,0,0
13,5537,111509168,0,-2,0,0,0
37,5538,111519174,-50,-44,-161,16383,0
4,5537,111529152,38,-43,8208,0,0
13,5538,111529191,0,-3,-1,0,0
37,5539,111539381,-49,-45,-162,16383,0
4,5538,111549340,45,-40,8212,0,0
13,5539,111549380,1,-5,0,0,0
37,5540,111559311,-49,-45,-161,16383,0
4,5539,111569514,43,-47,8209,0,0
13,5540,111569554,3,-11,0,0,0
37,5541,111579509,-48,-46,-162,16383,0
4,5540,111589532,45,-35,8201,0,0
13,5541,111589571,5,-12,0,0,0
37,5542,111599637,-47,-47,-161,16383,0
L,111603238,VALID,-0.497,0.112,1
4,5541,111609651,48,-47,8211,0,0
13,5542,111609691,5,-9,3,0,0
37,5543,111619758,-47,-48,-161,16383,0
4,5542,111629770,59,-41,8208,0,0
13,5543,111629810,1,-4,1,0,0
37,5544,111639740,-47,-48,-161,16383,0
4,5543,111649889,43,-51,8214,0,0
13,5544,111649929,1,-5,0,0,0
37,5545,111659912,-47,-48,-161,16383,0
4,5544,111669967,46,-46,8221,0,0
13,5545,111670007,0,-4,1,0,0
37,5546,111679929,-47,-49,-161,16383,0
4,5545,111690061,47,-46,8213,0,0
13,5546,111690128,0,-5,0,0,0
37,5547,111700197,-47,-49,-161,16383,0
L,111703822,VALID,-0.497,0.098,1
4,5546,111710178,54,-49,8215,0,0
13,5547,111710217,0,0,0,0,0
37,5548,111720332,-47,-49,-161,16383,0
4,5547,111730338,44,-54,8210,0,0
13,5548,111730378,0,0,0,0,0
37,5549,111740330,-47,-49,-161,16383,0
4,5548,111750378,43,-47,8211,0,0
13,5549,111750418,0,0,0,0,0
37,5550,111760391,-47,-49,-161,16383,0
4,5549,111770507,43,-39,8218,0,0
13,5550,111770546,0,-1,0,0,0
37,5551,111780572,-47,-48,-161,16383,0
4,5550,111790661,46,-53,8200,0,0
13,5551,111790700,0,-1,0,0,0
37,5552,111800538,-47,-49,-161,16383,0
L,111804171,VALID,-0.497,0.098,1
4,5551,111810777,48,-42,8208,0,0
13,5552,111810817,1,-3,0,0,0
37,5553,111820812,-47,-49,-161,16383,0
4,5552,111830877,48,-48,8207,0,0
13,5553,111830916,0,1,1,0,0
37,5554,111840838,-47,-49,-161,16383,0
4,5553,111850850,60,-43,8220,0,0
13,5554,111850890,-2,0,0,0,0
37,5555,111861113,-47,-49,-161,16383,0
4,5554,111871014,47,-44,8213,0,0
13,5555,111871053,-1,1,0,0,0
37,5556,111880931,-47,-48,-161,16383,0
4,5555,111891175,46,-46,8210,0,0
13,5556,111891215,0,0,0,0,0
37,5557,111901111,-47,-49,-161,16383,0
L,111904738,VALID,-0.497,0.098,1
4,5556,111911212,51,-46,8208,0,0
13,5557,111911251,1,-3,1,0,0
37,5558,111921206,-47,-49,-161,16383,0
4,5557,111931374,53,-47,8226,0,0
13,5558,111931414,0,-2,0,0,0
37,5559,111941523,-46,-49,-161,16383,0
4,5558,111951462,43,-42,8200,0,0
13,5559,111951502,0,1,0,0,0
37,5560,111961387,-47,-49,-161,16383,0
4,5559,111971605,55,-52,8218,0,0
13,5560,111971645,0,-2,1,0,0
37,5561,111981548,-47,-49,-161,16383,0
4,5560,111991571,42,-48,8203,0,0
13,5561,111991610,-1,0,0,0,0
37,5562,112001556,-47,-49,-161,16383,0
L,112005183,VALID,-0.497,0.098,1
4,5561,112011674,41,-49,8221,0,0
13,5562,112011714,0,0,2,0,0
37,5563,112021780,-47,-49,-161,16383,0
4,5562,112031784,56,-53,8211,0,0
13,5563,112031824,1,-1,0,0,0
37,5564,112041754,-47,-49,-161,16383,0
4,5563,112051843,56,-45,8200,0,0
13,5564,112051883,-1,-2,2,0,0
37,5565,112062006,-47,-50,-160,16383,0
4,5564,112072009,54,-41,8211,0,0
13,5565,112072049,-1,0,0,0,0
37,5566,112081932,-48,-50,-160,16383,0
4,5565,112092109,59,-57,8202,0,0
13,5566,112092149,0,1,1,0,0
37,5567,112102193,-48,-50,-160,16383,0
L,112105849,VALID,-0.490,0.091,1
4,5566,112112215,52,-54,8211,0,0
13,5567,112112255,1,0,1,0,0
37,5568,112122225,-48,-50,-160,16383,0
4,5567,112132281,54,-50,8211,0,0
13,5568,112132321,2,-1,0,0,0
37,5569,112142381,-48,-50,-160,16383,0
4,5568,112152376,55,-47,8207,0,0
13,5569,112152415,2,-1,0,0,0
37,5570,112162388,-47,-51,-160,16383,0
4,5569,112172529,49,-41,8208,0,0
13,5570,112172569,0,-3,-1,0,0
37,5571,112182658,-47,-51,-160,16383,0
4,5570,112192661,40,-47,8215,0,0
13,5571,112192701,-3,-2,0,0,0
37,5572,112202730,-48,-50,-160,16383,0
L,112206368,VALID,-0.490,0.091,1
4,5571,112212747,42,-49,8203,0,0
13,5572,112212787,0,-2,0,0,0
37,5573,112222818,-48,-50,-160,16383,0
4,5572,112232822,42,-41,8217,0,0
13,5573,112232862,-3,-5,0,0,0
37,5574,112242817,-48,-51,-160,16383,0
4,5573,112253083,50,-54,8208,0,0
13,5574,112253122,-1,-3,1,0,0
37,5575,112263042,-48,-51,-160,16383,0
4,5574,112273080,44,-50,8212,0,0
13,5575,112273119,1,-1,0,0,0
37,5576,112283006,-48,-51,-160,16383,0
4,5575,112293138,48,-54,8215,0,0
13,5576,112293178,3,-5,0,0,0
37,5577,112303203,-48,-51,-160,16383,0
L,112306830,VALID,-0.490,0.084,1
4,5576,112313254,45,-53,8218,0,0
13,5577,112313294,1,-5,-1,0,0
37,5578,112323306,-48,-51,-160,16383,0
4,5577,112333338,56,-45,8207,0,0
13,5578,112333378,1,-3,-1,0,0
37,5579,112343427,-48,-52,-160,16383,0
4,5578,112353396,51,-46,8208,0,0
13,5579,112353436,0,-4,0,0,0
37,5580,112363468,-48,-52,-160,16383,0
4,5579,112373565,53,-47,8205,0,0
13,5580,112373605,0,-4,0,0,0
37,5581,112383615,-48,-52,-160,16383,0
4,5580,112393653,48,-37,8220,0,0
13,5581,112393693,0,0,1,0,0
37,5582,112403674,-48,-52,-160,16383,0
L,112407310,VALID,-0.490,0.077,1
4,5581,112413758,48,-41,8211,0,0
13,5582,112413798,0,-1,-1,0,0
37,5583,112423778,-47,-52,-161,16383,0
4,5582,112433832,51,-43,8217,0,0
13,5583,112433872,0,0,0,0,0
37,5584,112443872,-47,-52,-160,16383,0
4,5583,112454031,53,-41,8215,0,0
13,5584,112454070,1,1,2,0,0
37,5585,112464001,-47,-52,-160,16383,0
4,5584,112474195,51,-48,8213,0,0
13,5585,112474235,0,1,0,0,0
37,5586,112484042,-47,-52,-160,16383,0
4,5585,112494203,52,-51,8215,0,0
13,5586,112494243,-1,-2,1,0,0
37,5587,112504319,-47,-52,-160,16383,0
L,112507954,VALID,-0.497,0.077,1
4,5586,112514195,47,-47,8208,0,0
13,5587,112514235,2,0,-1,0,0
37,5588,112524283,-47,-51,-160,16383,0
4,5587,112534467,46,-44,8214,0,0
13,5588,112534506,0,0,0,0,0
37,5589,112544524,-47,-51,-160,16383,0
4,5588,112554643,55,-42,8200,0,0
13,5589,112554683,0,4,2,0,0
37,5590,112564420,-47,-51,-160,16383,0
4,5589,112574606,50,-45,8212,0,0
13,5590,112574646,-2,3,0,0,0
37,5591,112584713,-47,-50,-160,16383,0
4,5590,112594802,47,-49,8213,0,0
13,5591,112594842,0,2,1,0,0
37,5592,112604761,-47,-50,-160,16383,0
L,112608356,VALID,-0.497,0.091,1
4,5591,112614891,48,-40,8209,0,0
13,5592,112614930,0,3,1,0,0
37,5593,112624919,-47,-49,-160,16383,0
4,5592,112634983,47,-45,8207,0,0
13,5593,112635022,0,1,0,0,0
37,5594,112644926,-46,-50,-160,16383,0
4,5593,112655041,50,-45,8219,0,0
13,5594,112655081,1,-1,0,0,0
37,5595,112665160,-46,-50,-160,16383,0
4,5594,112675163,57,-44,8211,0,0
13,5595,112675203,2,0,0,0,0
37,5596,112685141,-46,-50,-160,16383,0
4,5595,112695370,58,-41,8221,0,0
13,5596,112695410,0,3,1,0,0
37,5597,112705408,-46,-50,-160,16383,0
L,112709018,VALID,-0.504,0.091,1
4,5596,112715405,46,-45,8215,0,0
13,5597,112715445,0,2,-1,0,0
37,5598,112725425,-46,-50,-160,16383,0
4,5597,112735534,51,-58,8210,0,0
13,5598,112735573,-1,1,0,0,0
37,5599,112745562,-47,-49,-160,16383,0
4,5598,112755618,43,-53,8205,0,0
13,5599,112755658,-1,2,0,0,0
37,5600,112765614,-47,-49,-160,16383,0
4,5599,112775763,46,-50,8222,0,0
13,5600,112775803,-1,0,-1,0,0
37,5601,112785821,-47,-49,-160,16383,0
4,5600,112795850,45,-49,8204,0,0
13,5601,112795890,0,-3,-1,0,0
37,5602,112805906,-47,-49,-160,16383,0
L,112809532,VALID,-0.497,0.098,1
4,5601,112815999,48,-45,8215,0,0
13,5602,112816039,0,-1,2,0,0
37,5603,112826145,-47,-49,-159,16383,0
4,5602,112836143,42,-48,8207,0,0
13,5603,112836182,0,0,0,0,0
37,5604,112846155,-47,-48,-160,16383,0
4,5603,112856384,48,-47,8217,0,0
13,5604,112856424,1,3,-1,0,0
37,5605,112866284,-47,-49,-160,16383,0
4,5604,112876244,55,-51,8212,0,0
13,5605,112876284,0,0,0,0,0
37,5606,112886317,-47,-49,-160,16383,0
4,5605,112896399,51,-46,8207,0,0
13,5606,112896439,-1,2,1,0,0
37,5607,112906515,-47,-49,-159,16383,0
L,112910151,VALID,-0.497,0.098,1
4,5606,112916513,57,-42,8218,0,0
13,5607,112916553,0,0,0,0,0
37,5608,112926505,-47,-49,-159,16383,0
4,5607,112936710,56,-45,8214,0,0
13,5608,112936750,0,3,-1,0,0
37,5609,112946642,-47,-49,-160,16383,0
4,5608,112956665,43,-42,8222,0,0
13,5609,112956705,0,1,0,0,0
37,5610,112966806,-47,-48,-160,16383,0
4,5609,112976873,52,-44,8212,0,0
13,5610,112976912,-2,3,0,0,0
37,5611,112986867,-47,-49,-160,16383,0
4,5610,112996957,53,-48,8214,0,0
13,5611,112996996,-2,1,0,0,0
37,5612,113006970,-48,-48,-160,16383,0
L,113010613,VALID,-0.490,0.105,1
4,5611,113017156,49,-45,8211,0,0
13,5612,113017196,0,0,0,0,0
37,5613,113027081,-47,-48,-160,16383,0
4,5612,113037179,48,-46,8212,0,0
13,5613,113037219,0,1,0,0,0
37,5614,113047244,-47,-48,-160,16383,0
4,5613,113057223,59,-50,8215,0,0
13,5614,113057262,1,1,0,0,0
37,5615,113067476,-48,-49,-160,16383,0
4,5614,113077448,53,-48,8220,0,0
13,5615,113077488,0,0,0,0,0
37,5616,113087442,-47,-49,-160,16383,0
4,5615,113097540,43,-45,8214,0,0
13,5616,113097580,-2,2,0,0,0
37,5617,113107578,-48,-48,-160,16383,0
L,113111214,VALID,-0.490,0.105,1
4,5616,113117585,45,-50,8213,0,0
13,5617,113117625,2,2,0,0,0
37,5618,113127647,-48,-48,-160,16383,0
4,5617,113137729,55,-44,8212,0,0
13,5618,113137768,0,1,1,0,0
37,5619,113147827,-48,-48,-159,16383,0
4,5618,113157848,50,-49,8205,0,0
13,5619,113157888,2,0,1,0,0
37,5620,113167861,-47,-48,-159,16383,0
4,5619,113177960,49,-34,8215,0,0
13,5620,113178027,0,1,0,0,0
37,5621,113188009,-47,-48,-159,16383,0
4,5620,113198126,53,-44,8212,0,0
13,5621,113198166,0,-2,0,0,0
37,5622,113208018,-47,-49,-159,16383,0
L,113211624,VALID,-0.497,0.098,1
4,5621,113218237,56,-48,8212,0,0
13,5622,113218277,0,0,-1,0,0
37,5623,113228289,-47,-49,-159,16383,0
4,5622,113238261,53,-42,8209,0,0
13,5623,113238301,2,-1,0,0,0
37,5624,113248403,-46,-50,-159,16383,0
4,5623,113258424,58,-34,8211,0,0
13,5624,113258463,1,1,0,0,0
37,5625,113268445,-46,-50,-159,16383,0
4,5624,113278526,51,-43,8205,0,0
13,5625,113278566,0,2,1,0,0
37,5626,113288540,-46,-49,-159,16383,0
4,5625,113298638,45,-45,8209,0,0
13,5626,113298677,0,0,0,0,0
37,5627,113308765,-46,-49,-159,16383,0
L,113312365,VALID,-0.504,0.098,1
4,5626,113318815,43,-46,8210,0,0
13,5627,113318855,1,1,0,0,0
37,5628,113328731,-46,-48,-159,16383,0
4,5627,113338946,47,-41,8216,0,0
13,5628,113338986,-2,2,3,0,0
37,5629,113348946,-46,-48,-159,16383,0
4,5628,113359035,50,-43,8210,0,0
13,5629,113359075,0,2,0,0,0
37,5630,113369020,-46,-48,-159,16383,0
4,5629,113379032,51,-53,8219,0,0
13,5630,113379072,0,-1,0,0,0
37,5631,113389305,-46,-48,-159,16383,0
4,5630,113399259,42,-42,8208,0,0
13,5631,113399298,0,0,0,0,0
37,5632,113409097,-46,-48,-159,16383,0
L,113412731,VALID,-0.504,0.105,1
4,5631,113419335,46,-42,8211,0,0
13,5632,113419402,0,1,2,0,0
37,5633,113429329,-46,-48,-159,16383,0
4,5632,113439413,52,-42,8211,0,0
13,5633,113439453,0,0,0,0,0
37,5634,113449432,-46,-48,-159,16383,0
4,5633,113459591,44,-53,8213,0,0
13,5634,113459631,1,0,0,0,0
37,5635,113469683,-46,-48,-159,16383,0
4,5634,113479670,57,-45,8208,0,0
13,5635,113479709,0,0,0,0,0
37,5636,113489586,-46,-48,-159,16383,0
4,5635,113499822,52,-40,8209,0,0
13,5636,113499862,-1,1,0,0,0
37,5637,113509768,-46,-48,-159,16383,0
L,113513367,VALID,-0.504,0.105,1
4,5636,113519842,47,-47,8218,0,0
13,5637,113519881,0,2,0,0,0
37,5638,113529809,-46,-48,-159,16383,0
4,5637,113539951,51,-45,8199,0,0
13,5638,113539990,0,0,0,0,0
37,5639,113549998,-46,-48,-159,16383,0
4,5638,113560002,50,-47,8222,0,0
13,5639,113560069,0,0,0,0,0
37,5640,113570042,-46,-48,-159,16383,0
4,5639,113580089,48,-41,8202,0,0
13,5640,113580129,-1,3,0,0,0
37,5641,113590230,-46,-48,-159,16383,0
4,5640,113600279,44,-44,8210,0,0
13,5641,113600318,0,0,0,0,0
37,5642,113610182,-46,-48,-158,16383,0
L,113613795,VALID,-0.504,0.105,1
4,5641,113620356,56,-49,8215,0,0
13,5642,113620395,0,1,1,0,0
37,5643,113630470,-46,-48,-158,16383,0
4,5642,113640527,45,-42,8205,0,0
13,5643,113640566,1,0,1,0,0
37,5644,113650521,-46,-48,-158,16383,0
4,5643,113660577,56,-45,8217,0,0
13,5644,113660617,-1,2,-1,0,0
37,5645,113670635,-46,-48,-158,16383,0
4,5644,113680707,42,-56,8212,0,0
13,5645,113680747,1,0,2,0,0
37,5646,113690668,-47,-48,-158,16383,0
4,5645,113700826,49,-47,8211,0,0
13,5646,113700865,0,1,0,0,0
37,5647,113710925,-46,-48,-158,16383,0
L,113714518,VALID,-0.504,0.105,1
4,5646,113720932,48,-49,8209,0,0
13,5647,113720971,0,2,0,0,0
37,5648,113730959,-46,-47,-158,16383,0
4,5647,113740972,43,-43,8202,0,0
13,5648,113741011,0,3,0,0,0
37,5649,113751053,-47,-47,-158,16383,0
4,5648,113761048,48,-51,8216,0,0
13,5649,113761088,0,0,0,0,0
37,5650,113771060,-47,-47,-158,16383,0
4,5649,113781332,50,-57,8218,0,0
13,5650,113781399,0,1,0,0,0
37,5651,113791285,-47,-47,-158,16383,0
4,5650,113801325,49,-44,8212,0,0
13,5651,113801365,1,1,0,0,0
37,5652,113811300,-47,-47,-158,16383,0
L,113814919,VALID,-0.497,0.112,1
4,5651,113821379,47,-42,8202,0,0
13,5652,113821418,-2,2,0,0,0
37,5653,113831482,-47,-47,-158,16383,0
4,5652,113841478,58,-47,8218,0,0
13,5653,113841517,-1,3,0,0,0
37,5654,113851504,-47,-47,-158,16383,0
4,5653,113861589,46,-52,8216,0,0
13,5654,113861629,-1,0,0,0,0
37,5655,113871654,-48,-47,-158,16383,0
4,5654,113881579,47,-42,8214,0,0
13,5655,113881619,0,0,0,0,0
37,5656,113891702,-47,-47,-158,16383,0
4,5655,113901760,46,-52,8210,0,0
13,5656,113901799,1,1,1,0,0
37,5657,113911859,-48,-47,-158,16383,0
L,113915486,VALID,-0.490,0.112,1
4,5656,113921900,49,-51,8215,0,0
13,5657,113921967,1,0,0,0,0
37,5658,113931945,-48,-47,-158,16383,0
4,5657,113942002,45,-51,8220,0,0
13,5658,113942042,0,0,0,0,0
37,5659,113952032,-48,-47,-158,16383,0
4,5658,113962095,45,-53,8215,0,0
13,5659,113962134,0,2,1,0,0
37,5660,113972115,-48,-46,-158,16383,0
4,5659,113982302,46,-48,8203,0,0
13,5660,113982342,0,1,1,0,0
37,5661,113992245,-48,-46,-158,16383,0
4,5660,114002429,53,-47,8219,0,0
13,5661,114002469,0,1,0,0,0
37,5662,114012261,-48,-46,-158,16383,0
L,114015896,VALID,-0.490,0.119,1
4,5661,114022404,48,-41,8210,0,0
13,5662,114022444,1,1,1,0,0
37,5663,114032587,-48,-46,-158,16383,0
4,5662,114042473,44,-49,8205,0,0
13,5663,114042512,2,0,-2,0,0
37,5664,114052528,-48,-46,-158,16383,0
4,5663,114062706,47,-49,8210,0,0
13,5664,114062746,1,0,1,0,0
37,5665,114072786,-48,-46,-158,16383,0
4,5664,114082868,42,-44,8203,0,0
13,5665,114082907,0,0,-1,0,0
37,5666,114092724,-48,-46,-158,16383,0
4,5665,114102850,50,-54,8219,0,0
13,5666,114102890,0,2,0,0,0
37,5667,114112926,-48,-46,-158,16383,0
L,114116558,VALID,-0.490,0.119,1
4,5666,114123092,49,-49,8211,0,0
13,5667,114123131,0,1,1,0,0
37,5668,114133017,-48,-46,-158,16383,0
4,5667,114143159,47,-48,8211,0,0
13,5668,114143198,0,1,0,0,0
37,5669,114153189,-48,-46,-158,16383,0
4,5668,114163243,52,-49,8215,0,0
13,5669,114163283,0,-1,-2,0,0
37,5670,114173172,-48,-46,-158,16383,0
4,5669,114183340,60,-34,8205,0,0
13,5670,114183379,0,-3,1,0,0
37,5671,114193403,-48,-47,-158,16383,0
4,5670,114203424,41,-49,8212,0,0
13,5671,114203464,2,-2,0,0,0
37,5672,114213438,-48,-47,-158,16383,0
L,114217055,VALID,-0.490,0.112,1
4,5671,114223573,41,-51,8213,0,0
13,5672,114223613,2,-6,0,0,0
37,5673,114233583,-48,-47,-158,16383,0
4,5672,114243639,52,-53,8210,0,0
13,5673,114243679,0,0,0,0,0
37,5674,114253608,-47,-47,-158,16383,0
4,5673,114263775,49,-38,8214,0,0
13,5674,114263814,0,0,0,0,0
37,5675,114273805,-47,-47,-158,16383,0
4,5674,114283861,46,-42,8221,0,0
13,5675,114283900,0,1,0,0,0
37,5676,114293883,-47,-47,-158,16383,0
4,5675,114304087,49,-45,8214,0,0
13,5676,114304127,0,0,-2,0,0
37,5677,114314072,-46,-47,-158,16383,0
L,114317691,VALID,-0.504,0.112,1
4,5676,114324140,51,-43,8210,0,0
13,5677,114324180,0,2,0,0,0
37,5678,114334176,-46,-47,-158,16383,0
4,5677,114344221,48,-53,8197,0,0
13,5678,114344261,0,0,0,0,0
37,5679,114354365,-47,-47,-158,16383,0
4,5678,114364360,41,-49,8222,0,0
13,5679,114364400,0,1,0,0,0
37,5680,114374364,-47,-46,-158,16383,0
4,5679,114384592,44,-42,8216,0,0
13,5680,114384632,0,-1,0,0,0
37,5681,114394511,-47,-47,-158,16383,0
4,5680,114404489,49,-46,8223,0,0
13,5681,114404529,0,-1,1,0,0
37,5682,114414544,-46,-47,-158,16383,0
L,114418188,VALID,-0.504,0.112,1
4,5681,114424628,58,-49,8209,0,0
13,5682,114424694,1,-3,-1,0,0
37,5683,114434771,-46,-48,-158,16383,0
4,5682,114444792,54,-54,8210,0,0
13,5683,114444831,3,-1,0,0,0
37,5684,114454786,-46,-48,-158,16383,0
4,5683,114464969,53,-43,8207,0,0
13,5684,114465009,0,-1,1,0,0
37,5685,114474921,-46,-48,-158,16383,0
4,5684,114484917,44,-48,8209,0,0
13,5685,114484957,0,0,1,0,0
37,5686,114495033,-46,-48,-158,16383,0
4,5685,114505175,46,-47,8202,0,0
13,5686,114505214,0,1,0,0,0
37,5687,114515128,-47,-47,-158,16383,0
L,114518720,VALID,-0.497,0.112,1
4,5686,114525202,46,-50,8199,0,0
13,5687,114525241,-1,0,1,0,0
37,5688,114535248,-47,-47,-158,16383,0
4,5687,114545356,51,-49,8224,0,0
13,5688,114545422,2,0,0,0,0
37,5689,114555395,-46,-47,-158,16383,0
4,5688,114565461,55,-45,8212,0,0
13,5689,114565501,1,0,1,0,0
37,5690,114575498,-46,-48,-158,16383,0
4,5689,114585553,47,-46,8207,0,0
13,5690,114585593,0,-2,0,0,0
37,5691,114595705,-47,-48,-158,16383,0
4,5690,114605663,44,-48,8216,0,0
13,5691,114605702,-2,-1,0,0,0
37,5692,114615678,-47,-48,-158,16383,0
L,114619312,VALID,-0.497,0.105,1
4,5691,114625821,57,-46,8215,0,0
13,5692,114625861,0,0,-1,0,0
37,5693,114635832,-47,-48,-158,16383,0
4,5692,114645879,47,-57,8196,0,0
13,5693,114645918,0,2,0,0,0
37,5694,114655942,-48,-48,-158,16383,0
4,5693,114665998,51,-51,8214,0,0
13,5694,114666038,1,1,0,0,0
37,5695,114676160,-47,-48,-158,16383,0
4,5694,114686164,53,-45,8206,0,0
13,5695,114686204,1,-1,0,0,0
37,5696,114696157,-47,-48,-158,16383,0
4,5695,114706283,47,-37,8210,0,0
13,5696,114706322,0,0,0,0,0
37,5697,114716295,-47,-48,-158,16383,0
L,114719905,VALID,-0.497,0.105,1
4,5696,114726362,46,-44,8208,0,0
13,5697,114726401,0,0,0,0,0
37,5698,114736340,-47,-48,-158,16383,0
4,5697,114746436,46,-55,8210,0,0
13,5698,114746476,0,0,0,0,0
37,5699,114756560,-47,-48,-158,16383,0
4,5698,114766514,43,-44,8217,0,0
13,5699,114766553,-1,1,0,0,0
37,5700,114776673,-47,-47,-158,16383,0
4,5699,114786686,49,-45,8216,0,0
13,5700,114786726,-2,0,0,0,0
37,5701,114796691,-47,-48,-158,16383,0
4,5700,114806825,50,-48,8216,0,0
13,5701,114806865,-1,0,0,0,0
37,5702,114816791,-47,-48,-158,16383,0
L,114820384,VALID,-0.497,0.105,1
4,5701,114826894,48,-47,8212,0,0
13,5702,114826934,0,-3,0,0,0
37,5703,114837008,-47,-48,-158,16383,0
4,5702,114847064,45,-52,8212,0,0
13,5703,114847104,0,-4,0,0,0
37,5704,114856981,-48,-48,-158,16383,0
4,5703,114867184,49,-47,8203,0,0
13,5704,114867224,0,-1,2,0,0
37,5705,114877223,-47,-49,-157,16383,0
4,5704,114887278,55,-44,8205,0,0
13,5705,114887318,0,0,1,0,0
37,5706,114897273,-47,-49,-157,16383,0
4,5705,114907286,49,-42,8209,0,0
13,5706,114907326,0,0,0,0,0
37,5707,114917533,-47,-49,-157,16383,0
L,114921142,VALID,-0.497,0.098,1
4,5706,114927514,50,-35,8211,0,0
13,5707,114927554,0,0,1,0,0
37,5708,114937364,-46,-49,-157,16383,0
4,5707,114947646,47,-41,8207,0,0
13,5708,114947686,-1,0,-1,0,0
37,5709,114957600,-46,-49,-157,16383,0
4,5708,114967707,50,-47,8211,0,0
13,5709,114967747,-1,0,0,0,0
37,5710,114977659,-46,-49,-157,16383,0
4,5709,114987827,63,-38,8208,0,0
13,5710,114987867,0,-1,0,0,0
37,5711,114997979,-46,-49,-157,16383,0
4,5710,115007914,43,-48,8209,0,0
13,5711,115007954,0,1,1,0,0
37,5712,115017873,-46,-48,-157,16383,0
L,115021509,VALID,-0.504,0.105,1
4,5711,115028112,40,-49,8212,0,0
13,5712,115028151,0,1,0,0,0
37,5713,115038029,-46,-49,-157,16383,0
4,5712,115048146,48,-48,8211,0,0
13,5713,115048186,0,-4,0,0,0
37,5714,115058059,-47,-48,-157,16383,0
4,5713,115068223,41,-56,8213,0,0
13,5714,115068263,0,-3,0,0,0
37,5715,115078338,-47,-49,-157,16383,0
4,5714,115088360,59,-42,8215,0,0
13,5715,115088400,1,-1,0,0,0
37,5716,115098311,-46,-49,-157,16383,0
4,5715,115108376,58,-31,8209,0,0
13,5716,115108416,0,0,0,0,0
37,5717,115118500,-46,-50,-157,16383,0
L,115122136,VALID,-0.504,0.091,1
4,5716,115128506,56,-43,8209,0,0
13,5717,115128546,0,-1,1,0,0
37,5718,115138483,-46,-50,-157,16383,0
4,5717,115148606,59,-43,8204,0,0
13,5718,115148645,0,0,1,0,0
37,5719,115158749,-46,-50,-157,16383,0
4,5718,115168842,55,-45,8212,0,0
13,5719,115168882,0,-2,0,0,0
37,5720,115178817,-46,-50,-157,16383,0
4,5719,115188876,41,-48,8203,0,0
13,5720,115188916,-1,-1,0,0,0
37,5721,115198983,-46,-51,-157,16383,0
4,5720,115208993,56,-49,8207,0,0
13,5721,115209033,0,0,0,0,0
37,5722,115219006,-46,-51,-157,16383,0
L,115222616,VALID,-0.504,0.084,1
4,5721,115229116,58,-50,8219,0,0
13,5722,115229156,0,-1,1,0,0
37,5723,115239231,-46,-51,-157,16383,0
4,5722,115249243,55,-41,8206,0,0
13,5723,115249283,1,0,0,0,0
37,5724,115259307,-46,-51,-157,16383,0
4,5723,115269312,44,-49,8215,0,0
13,5724,115269351,-1,-1,1,0,0
37,5725,115279369,-46,-51,-156,16383,0
4,5724,115289413,49,-49,8205,0,0
13,5725,115289453,-1,1,0,0,0
37,5726,115299384,-47,-50,-157,16383,0
4,5725,115309698,47,-49,8206,0,0
13,5726,115309738,-1,0,-1,0,0
37,5727,115319678,-47,-50,-157,16383,0
L,115323286,VALID,-0.497,0.091,1
4,5726,115329683,56,-34,8203,0,0
13,5727,115329722,0,1,0,0,0
37,5728,115339658,-46,-51,-157,16383,0
4,5727,115349724,55,-40,8211,0,0
13,5728,115349764,0,-1,0,0,0
37,5729,115359796,-46,-51,-157,16383,0
4,5728,115369843,51,-47,8208,0,0
13,5729,115369883,0,3,0,0,0
37,5730,115379881,-46,-51,-157,16383,0
4,5729,115389936,53,-50,8206,0,0
13,5730,115389976,0,0,0,0,0
37,5731,115400052,-47,-51,-157,16383,0
4,5730,115409980,49,-48,8215,0,0
13,5731,115410020,0,0,0,0,0
37,5732,115420113,-47,-50,-156,16383,0
L,115423749,VALID,-0.497,0.091,1
4,5731,115430216,41,-49,8215,0,0
13,5732,115430256,0,0,1,0,0
37,5733,115440258,-47,-50,-156,16383,0
4,5732,115450297,50,-52,8222,0,0
13,5733,115450337,0,0,0,0,0
37,5734,115460345,-47,-50,-156,16383,0
4,5733,115470393,51,-54,8209,0,0
13,5734,115470433,0,2,0,0,0
37,5735,115480424,-48,-50,-156,16383,0
4,5734,115490478,50,-46,8212,0,0
13,5735,115490518,0,0,0,0,0
37,5736,115500490,-48,-50,-157,16383,0
4,5735,115510640,48,-50,8219,0,0
13,5736,115510680,0,0,0,0,0
37,5737,115520645,-48,-50,-157,16383,0
L,115524280,VALID,-0.490,0.091,1
4,5736,115530807,57,-51,8198,0,0
13,5737,115530874,0,2,0,0,0
37,5738,115540670,-47,-50,-157,16383,0
4,5737,115550811,50,-39,8215,0,0
13,5738,115550877,0,3,0,0,0
37,5739,115560989,-47,-49,-157,16383,0
4,5738,115570917,50,-36,8218,0,0
13,5739,115570957,0,2,0,0,0
37,5740,115580962,-47,-49,-157,16383,0
4,5739,115591106,55,-48,8220,0,0
13,5740,115591145,-4,0,0,0,0
37,5741,115601186,-48,-50,-157,16383,0
4,5740,115611286,57,-47,8199,0,0
13,5741,115611325,-1,0,-1,0,0
37,5742,115621118,-47,-50,-157,16383,0
L,115624760,VALID,-0.497,0.091,1
4,5741,115631294,48,-54,8207,0,0
13,5742,115631333,-1,2,2,0,0
37,5743,115641358,-48,-49,-157,16383,0
4,5742,115651499,48,-37,8204,0,0
13,5743,115651539,-1,1,0,0,0
37,5744,115661461,-48,-49,-157,16383,0
4,5743,115671596,47,-44,8219,0,0
13,5744,115671636,0,3,0,0,0
37,5745,115681624,-48,-49,-157,16383,0
4,5744,115691689,42,-49,8211,0,0
13,5745,115691729,-2,2,0,0,0
37,5746,115701634,-48,-48,-157,16383,0
4,5745,115711774,47,-49,8219,0,0
13,5746,115711813,0,0,-1,0,0
37,5747,115721870,-48,-48,-157,16383,0
L,115725468,VALID,-0.490,0.105,1
4,5746,115731879,52,-46,8209,0,0
13,5747,115731919,0,0,0,0,0
37,5748,115741872,-48,-49,-157,16383,0
4,5747,115752058,51,-45,8216,0,0
13,5748,115752097,-1,0,0,0,0
37,5749,115762071,-48,-49,-157,16383,0
4,5748,115772126,51,-51,8212,0,0
13,5749,115772166,0,1,0,0,0
37,5750,115782113,-48,-49,-157,16383,0
4,5749,115792255,51,-42,8221,0,0
13,5750,115792322,-1,1,0,0,0
37,5751,115802348,-48,-49,-157,16383,0
4,5750,115812395,51,-51,8215,0,0
13,5751,115812434,0,2,1,0,0
37,5752,115822415,-48,-49,-157,16383,0
L,115826032,VALID,-0.490,0.098,1
4,5751,115832603,54,-48,8212,0,0
13,5752,115832642,1,0,1,0,0
37,5753,115842612,-48,-49,-157,16383,0
4,5752,115852626,52,-53,8204,0,0
13,5753,115852666,0,1,0,0,0
37,5754,115862680,-48,-49,-156,16383,0
4,5753,115872745,53,-46,8220,0,0
13,5754,115872785,0,1,2,0,0
37,5755,115882887,-48,-49,-156,16383,0
4,5754,115892943,44,-44,8216,0,0
13,5755,115892983,-3,3,1,0,0
37,5756,115902922,-48,-48,-156,16383,0
4,5755,115913194,45,-40,8201,0,0
13,5756,115913234,-2,2,0,0,0
37,5757,115923131,-48,-48,-156,16383,0
L,115926729,VALID,-0.490,0.105,1
4,5756,115933093,59,-49,8213,0,0
13,5757,115933132,-1,3,1,0,0
37,5758,115943127,-48,-48,-156,16383,0
4,5757,115953252,36,-40,8214,0,0
13,5758,115953291,0,2,1,0,0
37,5759,115963360,-48,-47,-156,16383,0
4,5758,115973330,44,-50,8212,0,0
13,5759,115973370,-1,0,0,0,0
37,5760,115983368,-48,-47,-156,16383,0
4,5759,115993510,51,-42,8208,0,0
13,5760,115993549,-1,-1,1,0,0
37,5761,116003480,-48,-47,-156,16383,0
4,5760,116013525,53,-37,8212,0,0
13,5761,116013565,-1,2,0,0,0
37,5762,116023642,-47,-47,-156,16383,0
L,116027278,VALID,-0.497,0.112,1
4,5761,116033778,50,-43,8215,0,0
13,5762,116033845,-1,1,-1,0,0
37,5763,116043773,-48,-47,-156,16383,0
4,5762,116053854,47,-47,8207,0,0
13,5763,116053893,-2,0,-1,0,0
37,5764,116063926,-48,-47,-156,16383,0
4,5763,116074051,44,-54,8212,0,0
13,5764,116074090,-1,1,0,0,0
37,5765,116084011,-48,-47,-157,16383,0
4,5764,116094095,49,-57,8215,0,0
13,5765,116094135,0,0,0,0,0
37,5766,116104125,-49,-47,-157,16383,0
4,5765,116114136,40,-45,8213,0,0
13,5766,116114176,0,0,0,0,0
37,5767,116124330,-48,-47,-157,16383,0
L,116127940,VALID,-0.490,0.112,1
4,5766,116134303,52,-40,8220,0,0
13,5767,116134342,0,0,-1,0,0
37,5768,116144303,-48,-47,-157,16383,0
4,5767,116154445,40,-49,8217,0,0
13,5768,116154484,-1,1,2,0,0
37,5769,116164467,-48,-47,-157,16383,0
4,5768,116174480,53,-44,8216,0,0
13,5769,116174520,1,0,0,0,0
37,5770,116184624,-48,-47,-157,16383,0
4,5769,116194695,53,-38,8205,0,0
13,5770,116194735,-2,1,-1,0,0
37,5771,116204776,-48,-47,-157,16383,0
4,5770,116214825,43,-43,8213,0,0
13,5771,116214865,0,-2,0,0,0
37,5772,116224775,-48,-47,-157,16383,0
L,116228367,VALID,-0.490,0.112,1
4,5771,116234902,52,-52,8213,0,0
13,5772,116234941,-1,-1,0,0,0
37,5773,116244932,-48,-48,-157,16383,0
4,5772,116254995,53,-46,8209,0,0
13,5773,116255034,0,0,1,0,0
37,5774,116264956,-48,-47,-157,16383,0
4,5773,116275132,41,-43,8210,0,0
13,5774,116275171,0,0,0,0,0
37,5775,116285197,-48,-47,-157,16383,0
4,5774,116295175,45,-58,8213,0,0
13,5775,116295215,-1,1,-1,0,0
37,5776,116305389,-49,-47,-157,16383,0
4,5775,116315393,44,-50,8225,0,0
13,5776,116315432,0,0,-2,0,0
37,5777,116325411,-48,-46,-157,16383,0
L,116329012,VALID,-0.490,0.119,1
4,5776,116335478,45,-37,8213,0,0
13,5777,116335518,-1,1,0,0,0
37,5778,116345492,-48,-47,-157,16383,0
4,5777,116355579,51,-54,8216,0,0
13,5778,116355619,1,0,2,0,0
37,5779,116365652,-48,-47,-157,16383,0
4,5778,116375751,46,-47,8212,0,0
13,5779,116375791,0,-1,0,0,0
37,5780,116385635,-48,-47,-157,16383,0
4,5779,116395861,44,-39,8210,0,0
13,5780,116395900,0,-1,0,0,0
37,5781,116405919,-48,-47,-157,16383,0
4,5780,116416020,49,-37,8208,0,0
13,5781,116416059,-2,0,0,0,0
37,5782,116426003,-48,-47,-157,16383,0
L,116429622,VALID,-0.490,0.112,1
4,5781,116436047,58,-54,8210,0,0
13,5782,116436087,-1,0,0,0,0
37,5783,116446286,-48,-48,-157,16383,0
4,5782,116456242,49,-51,8209,0,0
13,5783,116456282,-2,-1,0,0,0
37,5784,116466149,-48,-48,-157,16383,0
4,5783,116476362,52,-48,8205,0,0
13,5784,116476401,0,1,0,0,0
37,5785,116486313,-48,-48,-157,16383,0
4,5784,116496429,57,-47,8205,0,0
13,5785,116496469,0,1,0,0,0
37,5786,116506415,-48,-48,-157,16383,0
4,5785,116516558,55,-40,8218,0,0
13,5786,116516598,-1,0,-1,0,0
37,5787,116526789,-48,-48,-157,16383,0
L,116530397,VALID,-0.490,0.105,1
4,5786,116536690,39,-41,8207,0,0
13,5787,116536758,1,0,1,0,0
37,5788,116546622,-47,-48,-157,16383,0
4,5787,116556936,49,-47,8212,0,0
13,5788,116556976,1,0,0,0,0
37,5789,116566856,-48,-48,-157,16383,0
4,5788,116576902,46,-52,8212,0,0
13,5789,116576942,0,0,0,0,0
37,5790,116586913,-48,-48,-157,16383,0
4,5789,116596980,52,-42,8204,0,0
13,5790,116597020,0,2,0,0,0
37,5791,116607103,-47,-48,-157,16383,0
4,5790,116617117,56,-45,8208,0,0
13,5791,116617156,1,-1,0,0,0
37,5792,116627111,-47,-48,-157,16383,0
L,116630738,VALID,-0.497,0.105,1
4,5791,116637195,50,-46,8209,0,0
13,5792,116637235,-1,0,0,0,0
37,5793,116647335,-47,-49,-157,16383,0
4,5792,116657346,54,-48,8213,0,0
13,5793,116657386,0,2,-1,0,0
37,5794,116667327,-47,-49,-157,16383,0
4,5793,116677530,55,-45,8210,0,0
13,5794,116677569,0,-1,0,0,0
37,5795,116687599,-47,-49,-157,16383,0
4,5794,116697684,55,-42,8210,0,0
13,5795,116697724,1,0,0,0,0
37,5796,116707653,-47,-49,-157,16383,0
4,5795,116717710,42,-44,8214,0,0
13,5796,116717750,1,1,0,0,0
37,5797,116727787,-47,-49,-157,16383,0
L,116731417,VALID,-0.497,0.098,1
4,5796,116737822,49,-42,8207,0,0
13,5797,116737862,0,1,0,0,0
37,5798,116747807,-46,-49,-157,16383,0
4,5797,116758001,45,-51,8216,0,0
13,5798,116758040,0,0,0,0,0
37,5799,116768040,-47,-49,-157,16383,0
4,5798,116778085,39,-48,8214,0,0
13,5799,116778125,-1,0,0,0,0
37,5800,116788161,-47,-48,-157,16383,0
4,5799,116798139,48,-50,8218,0,0
13,5800,116798179,0,0,-1,0,0
37,5801,116808230,-47,-48,-157,16383,0
4,5800,116818275,52,-42,8210,0,0
13,5801,116818315,0,0,-1,0,0
37,5802,116828229,-47,-48,-157,16383,0
L,116831845,VALID,-0.497,0.105,1
4,5801,116838484,45,-45,8217,0,0
13,5802,116838524,0,0,1,0,0
37,5803,116848494,-47,-48,-157,16383,0
4,5802,116858506,47,-48,8212,0,0
13,5803,116858546,-1,-1,0,0,0
37,5804,116868434,-47,-48,-157,16383,0
4,5803,116878557,55,-47,8213,0,0
13,5804,116878597,2,1,0,0,0
37,5805,116888613,-47,-48,-157,16383,0
4,5804,116898635,47,-44,8213,0,0
13,5805,116898675,1,1,0,0,0
37,5806,116908732,-47,-48,-157,16383,0
4,5805,116918816,44,-51,8213,0,0
13,5806,116918856,0,0,0,0,0
37,5807,116928871,-47,-48,-157,16383,0
L,116932481,VALID,-0.497,0.105,1
4,5806,116938879,47,-45,8212,0,0
13,5807,116938919,0,0,0,0,0
37,5808,116948974,-47,-47,-157,16383,0
4,5807,116959020,45,-43,8220,0,0
13,5808,116959060,1,0,1,0,0
37,5809,116969086,-47,-48,-157,16383,0
4,5808,116979130,52,-43,8203,0,0
13,5809,116979170,0,0,2,0,0
37,5810,116989153,-46,-48,-157,16383,0
4,5809,116999244,37,-43,8216,0,0
13,5810,116999284,0,-1,2,0,0
37,5811,117009292,-46,-48,-156,16383,0
4,5810,117019355,65,-49,8214,0,0
13,5811,117019394,0,0,0,0,0
37,5812,117029377,-46,-48,-156,16383,0
L,117033012,VALID,-0.504,0.105,1
4,5811,117039566,48,-50,8219,0,0
13,5812,117039606,0,1,0,0,0
37,5813,117049522,-46,-47,-157,16383,0
4,5812,117059716,42,-39,8207,0,0
13,5813,117059756,0,2,0,0,0
37,5814,117069525,-46,-47,-156,16383,0
4,5813,117079698,47,-48,8209,0,0
13,5814,117079738,0,-1,0,0,0
37,5815,117089830,-46,-48,-156,16383,0
4,5814,117099716,56,-42,8208,0,0
13,5815,117099756,0,-1,0,0,0
37,5816,117109806,-46,-48,-156,16383,0
4,5815,117119947,43,-46,8220,0,0
13,5816,117119987,1,0,1,0,0
37,5817,117130030,-46,-48,-156,16383,0
L,117133674,VALID,-0.504,0.105,1
4,5816,117140114,55,-39,8206,0,0
13,5817,117140154,2,1,0,0,0
37,5818,117149926,-45,-48,-156,16383,0
4,5817,117160101,50,-41,8208,0,0
13,5818,117160141,0,-1,1,0,0
37,5819,117170229,-45,-48,-156,16383,0
4,5818,117180361,55,-53,8212,0,0
13,5819,117180401,0,0,1,0,0
37,5820,117190305,-46,-48,-156,16383,0
4,5819,117200429,52,-49,8209,0,0
13,5820,117200469,0,-1,0,0,0
37,5821,117210424,-46,-49,-156,16383,0
4,5820,117220499,49,-51,8219,0,0
13,5821,117220538,0,0,-1,0,0
37,5822,117230441,-46,-49,-156,16383,0
L,117234076,VALID,-0.504,0.098,1
4,5821,117240541,44,-50,8211,0,0
13,5822,117240581,-1,-3,0,0,0
37,5823,117250622,-47,-49,-156,16383,0
4,5822,117260660,48,-42,8207,0,0
13,5823,117260700,1,0,0,0,0
37,5824,117270654,-46,-49,-156,16383,0
4,5823,117280840,43,-49,8212,0,0
13,5824,117280906,0,-1,0,0,0
37,5825,117290881,-47,-49,-156,16383,0
4,5824,117300886,52,-51,8215,0,0
13,5825,117300925,0,-1,0,0,0
37,5826,117310895,-47,-49,-156,16383,0
4,5825,117321011,43,-50,8205,0,0
13,5826,117321051,0,-1,0,0,0
37,5827,117331016,-47,-48,-156,16383,0
L,117334616,VALID,-0.497,0.105,1
4,5826,117341074,55,-41,8219,0,0
13,5827,117341113,-1,1,1,0,0
37,5828,117351049,-47,-49,-156,16383,0
4,5827,117361234,53,-38,8215,0,0
13,5828,117361274,0,-3,1,0,0
37,5829,117371239,-47,-49,-156,16383,0
4,5828,117381251,49,-42,8212,0,0
13,5829,117381290,0,-2,0,0,0
37,5830,117391298,-46,-49,-156,16383,0
4,5829,117401387,49,-47,8201,0,0
13,5830,117401427,0,0,0,0,0
37,5831,117411550,-47,-49,-156,16383,0
4,5830,117421562,48,-48,8219,0,0
13,5831,117421601,-1,0,0,0,0
37,5832,117431548,-47,-49,-156,16383,0
L,117435165,VALID,-0.497,0.098,1
4,5831,117441780,42,-47,8210,0,0
13,5832,117441819,-1,1,0,0,0
37,5833,117451685,-47,-49,-156,16383,0
4,5832,117461680,51,-52,8217,0,0
13,5833,117461720,3,1,1,0,0
37,5834,117471693,-47,-49,-156,16383,0
4,5833,117481762,54,-51,8203,0,0
13,5834,117481801,0,-1,0,0,0
37,5835,117491891,-47,-49,-156,16383,0
4,5834,117501903,45,-41,8210,0,0
13,5835,117501943,0,0,0,0,0
37,5836,117511855,-47,-49,-156,16383,0
4,5835,117522082,55,-38,8209,0,0
13,5836,117522122,-1,0,-1,0,0
37,5837,117532011,-47,-49,-156,16383,0
L,117535645,VALID,-0.497,0.098,1
4,5836,117542024,45,-44,8208,0,0
13,5837,117542064,0,-1,-1,0,0
37,5838,117552203,-47,-49,-156,16383,0
4,5837,117562272,51,-50,8210,0,0
13,5838,117562312,0,-1,0,0,0
37,5839,117572285,-47,-49,-156,16383,0
4,5838,117582340,50,-40,8214,0,0
13,5839,117582380,0,-2,0,0,0
37,5840,117592335,-46,-50,-156,16383,0
4,5839,117602462,52,-45,8201,0,0
13,5840,117602501,2,-3,0,0,0
37,5841,117612474,-46,-50,-156,16383,0
4,5840,117622529,63,-51,8205,0,0
13,5841,117622568,2,-2,1,0,0
37,5842,117632559,-47,-51,-155,16383,0
L,117636194,VALID,-0.497,0.084,1
4,5841,117642556,45,-50,8210,0,0
13,5842,117642596,0,-4,1,0,0
37,5843,117652748,-46,-51,-155,16383,0
4,5842,117662718,55,-43,8209,0,0
13,5843,117662785,3,-2,0,0,0
37,5844,117672766,-46,-51,-155,16383,0
4,5843,117682881,52,-38,8209,0,0
13,5844,117682921,2,-3,0,0,0
37,5845,117692910,-46,-51,-156,16383,0
4,5844,117702915,43,-44,8220,0,0
13,5845,117702954,0,-4,-1,0,0
37,5846,117712979,-45,-52,-156,16383,0
4,5845,117723019,56,-38,8220,0,0
13,5846,117723058,0,-2,0,0,0
37,5847,117733125,-45,-52,-156,16383,0
L,117736761,VALID,-0.511,0.077,1
4,5846,117743123,53,-43,8214,0,0
13,5847,117743162,1,-1,1,0,0
37,5848,117753160,-45,-53,-155,16383,0
4,5847,117763240,63,-41,8203,0,0
13,5848,117763280,2,-3,2,0,0
37,5849,117773297,-45,-53,-155,16383,0
4,5848,117783351,48,-46,8208,0,0
13,5849,117783391,0,0,1,0,0
37,5850,117793278,-44,-52,-155,16383,0
4,5849,117803491,52,-38,8213,0,0
13,5850,117803531,1,-1,0,0,0
37,5851,117813590,-44,-53,-155,16383,0
4,5850,117823532,54,-42,8212,0,0
13,5851,117823572,2,0,0,0,0
37,5852,117833674,-44,-52,-155,16383,0
L,117837319,VALID,-0.518,0.077,1
4,5851,117843715,50,-45,8206,0,0
13,5852,117843755,0,1,-1,0,0
37,5853,117853734,-44,-52,-156,16383,0
4,5852,117863807,57,-43,8214,0,0
13,5853,117863847,-1,1,-2,0,0
37,5854,117873795,-44,-52,-156,16383,0
4,5853,117883918,49,-44,8212,0,0
13,5854,117883958,1,0,0,0,0
37,5855,117894000,-44,-52,-156,16383,0
4,5854,117904056,44,-46,8213,0,0
13,5855,117904096,0,-2,0,0,0
37,5856,117913974,-44,-52,-156,16383,0
4,5855,117924221,53,-49,8212,0,0
13,5856,117924260,0,2,1,0,0
37,5857,117934241,-45,-51,-156,16383,0
L,117937833,VALID,-0.511,0.084,1
4,5856,117944316,45,-50,8211,0,0
13,5857,117944356,0,3,1,0,0
37,5858,117954336,-45,-51,-155,16383,0
4,5857,117964304,51,-50,8211,0,0
13,5858,117964343,0,0,0,0,0
37,5859,117974576,-45,-51,-155,16383,0
4,5858,117984538,56,-47,8221,0,0
13,5859,117984577,0,0,0,0,0
37,5860,117994420,-45,-51,-155,16383,0
4,5859,118004682,55,-40,8209,0,0
13,5860,118004721,0,0,0,0,0
37,5861,118014619,-45,-51,-155,16383,0
4,5860,118024725,58,-47,8202,0,0
13,5861,118024765,0,3,0,0,0
37,5862,118034704,-45,-51,-155,16383,0
L,118038339,VALID,-0.511,0.084,1
4,5861,118044910,58,-39,8216,0,0
13,5862,118044950,-1,4,0,0,0
37,5863,118055060,-45,-51,-155,16383,0
4,5862,118065024,54,-34,8206,0,0
13,5863,118065064,0,1,0,0,0
37,5864,118074996,-44,-51,-156,16383,0
4,5863,118085173,48,-43,8212,0,0
13,5864,118085213,0,-1,-1,0,0
37,5865,118095091,-45,-51,-156,16383,0
4,5864,118105190,49,-44,8210,0,0
13,5865,118105230,0,1,0,0,0
37,5866,118115158,-44,-51,-156,16383,0
4,5865,118125325,49,-39,8212,0,0
13,5866,118125364,1,1,0,0,0
37,5867,118135391,-44,-51,-156,16383,0
L,118139035,VALID,-0.518,0.084,1
4,5866,118145406,53,-45,8203,0,0
13,5867,118145446,0,0,-1,0,0
37,5868,118155434,-45,-51,-156,16383,0
4,5867,118165497,50,-50,8216,0,0
13,5868,118165564,-4,1,0,0,0
37,5869,118175677,-45,-50,-156,16383,0
4,5868,118185681,45,-45,8211,0,0
13,5869,118185720,-1,2,0,0,0
37,5870,118195616,-45,-50,-156,16383,0
4,5869,118205799,56,-44,8210,0,0
13,5870,118205838,-1,0,0,0,0
37,5871,118215881,-45,-51,-156,16383,0
4,5870,118225938,58,-46,8199,0,0
13,5871,118225977,-1,2,-1,0,0
37,5872,118235950,-45,-51,-156,16383,0
L,118239593,VALID,-0.511,0.084,1
4,5871,118246007,58,-40,8213,0,0
13,5872,118246047,-1,2,0,0,0
37,5873,118256096,-45,-51,-156,16383,0
4,5872,118266117,53,-40,8202,0,0
13,5873,118266156,-2,3,0,0,0
37,5874,118276121,-45,-50,-156,16383,0
4,5873,118286299,42,-41,8209,0,0
13,5874,118286338,0,3,0,0,0
37,5875,118296404,-45,-50,-156,16383,0
4,5874,118306444,43,-50,8213,0,0
13,5875,118306484,-1,2,0,0,0
37,5876,118316500,-46,-49,-156,16383,0
4,5875,118326521,49,-55,8217,0,0
13,5876,118326561,-1,0,0,0,0
37,5877,118336560,-46,-49,-156,16383,0
L,118340194,VALID,-0.504,0.098,1
4,5876,118346565,46,-48,8215,0,0
13,5877,118346605,-1,-1,-2,0,0
37,5878,118356585,-46,-49,-156,16383,0
4,5877,118366854,50,-46,8218,0,0
13,5878,118366894,1,0,0,0,0
37,5879,118376844,-46,-49,-156,16383,0
4,5878,118386864,53,-42,8214,0,0
13,5879,118386904,-4,1,-1,0,0
37,5880,118396800,-46,-49,-156,16383,0
4,5879,118406897,51,-56,8210,0,0
13,5880,118406937,0,1,-1,0,0
37,5881,118417024,-47,-50,-156,16383,0
4,5880,118427072,55,-46,8207,0,0
13,5881,118427112,1,0,-1,0,0
37,5882,118437101,-47,-50,-157,16383,0
L,118440744,VALID,-0.497,0.091,1
4,5881,118447175,57,-41,8209,0,0
13,5882,118447214,0,1,0,0,0
37,5883,118457228,-46,-50,-156,16383,0
4,5882,118467208,66,-37,8202,0,0
13,5883,118467247,0,1,2,0,0
37,5884,118477287,-46,-50,-156,16383,0
4,5883,118487386,54,-46,8211,0,0
13,5884,118487426,0,3,0,0,0
37,5885,118497425,-46,-50,-156,16383,0
4,5884,118507497,49,-45,8208,0,0
13,5885,118507537,0,2,0,0,0
37,5886,118517502,-46,-50,-156,16383,0
4,5885,118527600,48,-45,8217,0,0
13,5886,118527640,-1,3,0,0,0
37,5887,118537623,-46,-49,-156,16383,0
L,118541258,VALID,-0.504,0.098,1
4,5886,118547725,45,-45,8210,0,0
13,5887,118547765,0,-2,0,0,0
37,5888,118557743,-46,-49,-156,16383,0
4,5887,118567911,38,-53,8220,0,0
13,5888,118567951,0,0,0,0,0
37,5889,118577881,-46,-49,-156,16383,0
4,5888,118588067,48,-41,8216,0,0
13,5889,118588107,0,1,1,0,0
37,5890,118597931,-46,-48,-156,16383,0
4,5889,118608073,50,-41,8211,0,0
13,5890,118608113,-3,2,0,0,0
37,5891,118618216,-46,-48,-156,16383,0
4,5890,118628152,56,-46,8212,0,0
13,5891,118628191,0,0,1,0,0
37,5892,118638163,-46,-48,-156,16383,0
L,118641790,VALID,-0.504,0.105,1
4,5891,118648367,50,-42,8211,0,0
13,5892,118648434,0,-2,0,0,0
37,5893,118658467,-46,-49,-156,16383,0
4,5892,118668523,65,-51,8208,0,0
13,5893,118668563,0,-2,-1,0,0
37,5894,118678372,-46,-50,-156,16383,0
4,5893,118688528,62,-40,8212,0,0
13,5894,118688568,0,0,0,0,0
37,5895,118698627,-46,-50,-156,16383,0
4,5894,118708728,45,-57,8215,0,0
13,5895,118708767,-3,0,0,0,0
37,5896,118718679,-47,-50,-156,16383,0
4,5895,118728777,44,-41,8203,0,0
13,5896,118728817,0,-1,0,0,0
37,5897,118738834,-46,-50,-156,16383,0
L,118742478,VALID,-0.504,0.091,1
4,5896,118748901,54,-51,8218,0,0
13,5897,118748941,0,0,1,0,0
37,5898,118758850,-47,-50,-156,16383,0
4,5897,118768947,54,-52,8221,0,0
13,5898,118768987,0,0,0,0,0
37,5899,118779056,-47,-50,-156,16383,0
4,5898,118789088,48,-42,8209,0,0
13,5899,118789127,0,0,1,0,0
37,5900,118799115,-46,-50,-156,16383,0
4,5899,118809284,54,-38,8228,0,0
13,5900,118809324,-1,1,0,0,0
37,5901,118819306,-46,-50,-156,16383,0
4,5900,118829310,46,-47,8204,0,0
13,5901,118829350,1,-1,0,0,0
37,5902,118839296,-46,-50,-156,16383,0
L,118842888,VALID,-0.504,0.091,1
4,5901,118849423,51,-48,8215,0,0
13,5902,118849463,1,-2,1,0,0
37,5903,118859443,-46,-50,-156,16383,0
4,5902,118869498,56,-52,8211,0,0
13,5903,118869538,0,0,0,0,0
37,5904,118879519,-46,-51,-156,16383,0
4,5903,118889687,52,-51,8214,0,0
13,5904,118889727,0,0,0,0,0
37,5905,118899701,-47,-51,-156,16383,0
4,5904,118909774,59,-44,8219,0,0
13,5905,118909814,0,-2,0,0,0
37,5906,118919802,-47,-51,-156,16383,0
4,5905,118929844,46,-40,8202,0,0
13,5906,118929883,1,-2,0,0,0
37,5907,118940027,-46,-51,-156,16383,0
L,118943637,VALID,-0.504,0.084,1
4,5906,118950051,48,-43,8207,0,0
13,5907,118950091,2,0,1,0,0
37,5908,118960035,-46,-51,-156,16383,0
4,5907,118970261,43,-52,8212,0,0
13,5908,118970301,0,1,0,0,0
37,5909,118980147,-46,-50,-156,16383,0
4,5908,118990125,43,-44,8216,0,0
13,5909,118990164,0,0,0,0,0
37,5910,119000153,-46,-50,-156,16383,0
4,5909,119010252,43,-44,8222,0,0
13,5910,119010292,0,2,0,0,0
37,5911,119020352,-46,-49,-156,16383,0
4,5910,119030406,46,-46,8208,0,0
13,5911,119030473,0,-1,-2,0,0
37,5912,119040387,-46,-49,-156,16383,0
L,119044056,VALID,-0.504,0.098,1
4,5911,119050584,50,-58,8211,0,0
13,5912,119050624,0,-2,-3,0,0
37,5913,119060568,-47,-50,-156,16383,0
4,5912,119070571,53,-42,8208,0,0
13,5913,119070611,0,0,0,0,0
37,5914,119080669,-47,-50,-156,16383,0
4,5913,119090812,51,-54,8204,0,0
13,5914,119090852,1,-1,1,0,0
37,5915,119100773,-47,-50,-156,16383,0
4,5914,119110872,53,-46,8210,0,0
13,5915,119110911,0,-1,0,0,0
37,5916,119120936,-47,-50,-156,16383,0
4,5915,119131060,53,-42,8211,0,0
13,5916,119131100,0,-1,1,0,0
37,5917,119141005,-46,-50,-156,16383,0
L,119144640,VALID,-0.504,0.091,1
4,5916,119151097,47,-46,8213,0,0
13,5917,119151136,1,1,0,0,0
37,5918,119161194,-46,-50,-156,16383,0
4,5917,119171217,47,-47,8211,0,0
13,5918,119171256,1,0,1,0,0
37,5919,119181381,-46,-49,-156,16383,0
4,5918,119191379,52,-38,8216,0,0
13,5919,119191419,-1,2,0,0,0
37,5920,119201409,-46,-49,-156,16383,0
4,5919,119211466,45,-39,8212,0,0
13,5920,119211505,0,-1,0,0,0
37,5921,119221502,-46,-49,-156,16383,0
4,5920,119231558,54,-54,8222,0,0
13,5921,119231598,1,0,2,0,0
37,5922,119241666,-46,-49,-156,16383,0
L,119245319,VALID,-0.504,0.098,1
4,5921,119251742,47,-45,8208,0,0
13,5922,119251782,0,0,0,0,0
37,5923,119261829,-46,-49,-156,16383,0
4,5922,119271849,44,-36,8217,0,0
13,5923,119271889,0,1,0,0,0
37,5924,119281829,-46,-49,-156,16383,0
4,5923,119292041,57,-51,8212,0,0
13,5924,119292081,1,-1,0,0,0
37,5925,119302035,-46,-50,-156,16383,0
4,5924,119312144,50,-36,8211,0,0
13,5925,119312183,0,-1,0,0,0
37,5926,119322076,-45,-50,-156,16383,0
4,5925,119332230,44,-52,8213,0,0
13,5926,119332270,0,0,2,0,0
37,5927,119342304,-45,-49,-155,16383,0
L,119345946,VALID,-0.511,0.098,1
4,5926,119352240,49,-37,8210,0,0
13,5927,119352280,0,2,-1,0,0
37,5928,119362422,-46,-49,-156,16383,0
4,5927,119372444,59,-46,8214,0,0
13,5928,119372484,0,1,0,0,0
37,5929,119382481,-45,-49,-156,16383,0
4,5928,119392546,55,-40,8221,0,0
13,5929,119392586,1,2,0,0,0
37,5930,119402559,-45,-50,-156,16383,0
4,5929,119412685,58,-35,8226,0,0
13,5930,119412725,0,0,1,0,0
37,5931,119422798,-45,-50,-156,16383,0
4,5930,119432882,51,-41,8206,0,0
13,5931,119432922,2,-2,-1,0,0
37,5932,119442759,-44,-50,-156,16383,0
L,119446382,VALID,-0.518,0.091,1
4,5931,119452996,51,-48,8222,0,0
13,5932,119453036,-2,-1,0,0,0
37,5933,119463007,-45,-50,-156,16383,0
4,5932,119473069,36,-48,8217,0,0
13,5933,119473108,0,1,1,0,0
37,5934,119483083,-45,-49,-155,16383,0
4,5933,119493105,49,-42,8208,0,0
13,5934,119493144,0,0,0,0,0
37,5935,119503367,-45,-49,-156,16383,0
4,5934,119513346,50,-50,8218,0,0
13,5935,119513386,0,1,0,0,0
37,5936,119523238,-45,-49,-155,16383,0
4,5935,119533484,52,-48,8208,0,0
13,5936,119533524,-1,0,1,0,0
37,5937,119543478,-45,-49,-155,16383,0
L,119547123,VALID,-0.511,0.098,1
4,5936,119553522,50,-42,8215,0,0
13,5937,119553561,0,1,0,0,0
37,5938,119563531,-45,-49,-155,16383,0
4,5937,119573716,55,-48,8211,0,0
13,5938,119573756,0,0,0,0,0
37,5939,119583843,-45,-50,-155,16383,0
4,5938,119593819,56,-40,8208,0,0
13,5939,119593858,0,1,0,0,0
37,5940,119603753,-45,-49,-155,16383,0
4,5939,119613990,44,-49,8205,0,0
13,5940,119614030,0,5,0,0,0
37,5941,119623899,-45,-48,-155,16383,0
4,5940,119634015,48,-41,8215,0,0
13,5941,119634055,0,3,0,0,0
37,5942,119644002,-45,-48,-155,16383,0
L,119647637,VALID,-0.511,0.105,1
4,5941,119654137,36,-41,8208,0,0
13,5942,119654204,0,1,0,0,0
37,5943,119664280,-45,-48,-155,16383,0
4,5942,119674267,50,-50,8212,0,0
13,5943,119674306,0,0,1,0,0
37,5944,119684294,-45,-48,-155,16383,0
4,5943,119694385,51,-41,8216,0,0
13,5944,119694424,1,1,0,0,0
37,5945,119704493,-45,-48,-155,16383,0
4,5944,119714516,47,-53,8210,0,0
13,5945,119714555,1,-1,1,0,0
37,5946,119724466,-46,-48,-155,16383,0
4,5945,119734651,51,-45,8203,0,0
13,5946,119734690,-2,0,1,0,0
37,5947,119744751,-46,-48,-155,16383,0
L,119748403,VALID,-0.504,0.105,1
4,5946,119754843,49,-46,8214,0,0
13,5947,119754883,-1,1,0,0,0
37,5948,119764828,-46,-48,-155,16383,0
4,5947,119774892,46,-46,8218,0,0
13,5948,119774931,0,0,0,0,0
37,5949,119785018,-46,-48,-155,16383,0
4,5948,119795040,49,-43,8212,0,0
13,5949,119795080,0,-1,1,0,0
37,5950,119805076,-45,-48,-155,16383,0
4,5949,119815210,41,-48,8207,0,0
13,5950,119815250,0,-3,0,0,0
37,5951,119825302,-46,-48,-155,16383,0
4,5950,119835349,49,-54,8210,0,0
13,5951,119835389,2,-2,0,0,0
37,5952,119845387,-46,-48,-155,16383,0
L,119848996,VALID,-0.504,0.105,1
4,5951,119855419,61,-50,8211,0,0
13,5952,119855459,2,-3,-1,0,0
37,5953,119865516,-46,-49,-155,16383,0
4,5952,119875553,43,-50,8204,0,0
13,5953,119875593,2,-2,-2,0,0
37,5954,119885542,-46,-49,-155,16383,0
4,5953,119895855,41,-51,8213,0,0
13,5954,119895895,0,1,2,0,0
37,5955,119905841,-46,-48,-155,16383,0
4,5954,119915849,46,-42,8215,0,0
13,5955,119915888,0,0,0,0,0
37,5956,119925841,-46,-48,-155,16383,0
4,5955,119935939,46,-53,8217,0,0
13,5956,119935979,0,-2,0,0,0
37,5957,119946028,-46,-48,-155,16383,0
L,119949649,VALID,-0.504,0.105,1
4,5956,119956073,54,-41,8214,0,0
13,5957,119956112,1,-3,0,0,0
37,5958,119966100,-46,-49,-155,16383,0
4,5957,119976160,48,-44,8206,0,0
13,5958,119976200,2,-5,0,0,0
37,5959,119986263,-45,-49,-155,16383,0
4,5958,119996242,46,-40,8215,0,0
13,5959,119996281,2,-1,0,0,0
# CONFIG,end,4,50.000,0,4,0
# CONFIG,end,13,50.000,0,1000,0
# CONFIG,end,37,50.000,0,1,0
# END,accel_events=5958,gyro_events=5959,quaternion_events=5959,queue_dropped=0,malformed=0,max_poll_gap_us=149006
# Re
# EXPERIMENT,lean
# cues_relative_to_first_VALID_reading_us
# PLANNED_CUE,0,CALIBRATED: keep upright for 5 seconds. Right lean is positive; nose-up pitch is positive.
# PLANNED_CUE,5000000,LEAN RIGHT about 25 degrees over 5 seconds, then hold.
# PLANNED_CUE,15000000,KEEP RIGHT LEAN: raise the front about 15 degrees over 5 seconds, then hold.
# PLANNED_CUE,25000000,KEEP RIGHT LEAN: return the front to level over 5 seconds, then hold.
# PLANNED_CUE,35000000,KEEP RIGHT LEAN: lower the front about 15 degrees over 5 seconds, then hold.
# PLANNED_CUE,45000000,RETURN UPRIGHT AND LEVEL over 5 seconds, then hold.
# PLANNED_CUE,55000000,LEAN LEFT about 25 degrees over 5 seconds, then hold.
# PLANNED_CUE,65000000,KEEP LEFT LEAN: raise the front about 15 degrees over 5 seconds, then hold.
# PLANNED_CUE,75000000,KEEP LEFT LEAN: return the front to level over 5 seconds, then hold.
# PLANNED_CUE,85000000,KEEP LEFT LEAN: lower the front about 15 degrees over 5 seconds, then hold.
# PLANNED_CUE,95000000,RETURN UPRIGHT AND LEVEL over 5 seconds; leave still until finished.
