Bootloader starting
NRF_POWER->GPREGRET2 = 0004
CONFIG_GPIO_AS_PINRESET NOT defined
BHI260/BHA260 found. Product ID read 89
Loading firmware. Boot status: 11
No BHY UPDATE file found!
No ANNA_UPDATE_FILE found. Starting main application
Ä$≈ÖçïÅthe box still. Send s to capture 5 s startup + 30 s stationary data.
# NICLA_DIAGNOSTIC_V1
# Arduino_BHY2=1.0.8; corrected counts; no orientation or BLE output
# configuration_read_attempts=3
# CONFIG,phase,sensor_id,rate_hz,latency_ms,range,sensitivity
# startup_us=5000000,duration_us=35000000
# host_us is delivery time; hardware timestamps and upstream loss are not exposed
sensor_id,sequence,host_us,x_counts,y_counts,z_counts
# CONFIG_READ_FAILURE,phase=start,sensor_id=4,attempt=1,status=-5,bytes=4,expected_bytes=12
# CONFIG,start,4,100.000,0,4,0
# CONFIG,start,13,100.000,0,1000,0
4,1,135632,121,23,8523
4,2,138136,117,27,8512
13,1,138158,12,-24,-11
4,3,138183,117,27,8508
13,2,138205,11,-23,-12
4,4,138228,122,30,8518
13,3,138250,10,-21,-15
4,5,146989,123,33,8521
13,4,147011,11,-21,-13
4,6,155683,114,20,8518
13,5,155705,14,-20,-12
4,7,165632,117,28,8529
13,6,165654,14,-21,-14
4,8,175822,122,30,8524
13,7,175844,14,-19,-13
4,9,185794,108,33,8519
13,8,185816,12,-22,-13
4,10,195941,121,25,8521
13,9,195963,14,-22,-14
4,11,205838,121,36,8524
13,10,205860,14,-19,-14
4,12,215966,113,33,8526
13,11,215989,14,-22,-12
4,13,226005,118,31,8528
13,12,226027,16,-20,-12
4,14,236107,125,39,8542
13,13,236129,14,-22,-13
4,15,246143,124,34,8519
13,14,246165,15,-23,-10
4,16,256163,113,18,8521
13,15,256185,13,-20,-12
4,17,266191,114,21,8521
13,16,266214,14,-20,-12
4,18,276413,123,37,8533
13,17,276435,12,-21,-13
4,19,286326,132,25,8528
13,18,286349,12,-22,-11
4,20,296422,122,27,8524
13,19,296445,12,-24,-13
4,21,306487,117,27,8527
13,20,306509,12,-22,-11
4,22,316589,119,34,8523
13,21,316611,15,-21,-12
4,23,326635,134,35,8528
13,22,326657,14,-20,-12
4,24,336754,127,26,8523
13,23,336776,14,-18,-14
4,25,346732,119,31,8519
13,24,346754,13,-19,-13
4,26,356939,114,35,8521
13,25,356961,13,-24,-11
4,27,366894,117,29,8530
13,26,366916,12,-21,-12
4,28,376878,113,28,8530
13,27,376900,13,-21,-12
4,29,386965,116,25,8523
13,28,386987,14,-22,-13
4,30,397099,118,27,8524
13,29,397121,13,-23,-14
4,31,407019,123,20,8524
13,30,407041,15,-21,-13
4,32,417126,113,20,8515
13,31,417148,14,-22,-9
4,33,427137,133,24,8525
13,32,427158,13,-22,-11
4,34,437370,120,22,8531
13,33,437392,13,-22,-13
4,35,447332,107,18,8527
13,34,447354,13,-22,-11
4,36,457378,116,18,8524
13,35,457400,13,-22,-14
4,37,467440,117,25,8526
13,36,467462,12,-22,-12
4,38,477515,122,32,8525
13,37,477537,14,-21,-12
4,39,487584,126,24,8509
13,38,487606,15,-21,-11
4,40,497605,127,34,8517
13,39,497627,13,-22,-12
4,41,507607,115,39,8533
13,40,507629,12,-22,-14
4,42,517785,113,39,8530
13,41,517807,13,-19,-11
4,43,527746,123,21,8528
13,42,527768,13,-23,-12
4,44,537793,130,31,8513
13,43,537815,11,-23,-12
4,45,547876,131,32,8523
13,44,547898,11,-20,-12
4,46,558039,131,26,8522
13,45,558061,14,-21,-11
4,47,568008,120,24,8522
13,46,568030,13,-20,-11
4,48,578100,126,28,8523
13,47,578122,12,-22,-13
4,49,588176,117,40,8534
13,48,588198,13,-22,-13
4,50,598254,108,28,8522
13,49,598276,12,-17,-12
4,51,608241,118,39,8532
13,50,608263,12,-19,-11
4,52,618225,123,44,8528
13,51,618247,13,-19,-11
4,53,628342,113,44,8528
13,52,628364,14,-19,-11
4,54,638446,120,28,8536
13,53,638467,14,-19,-13
4,55,648489,112,27,8519
13,54,648511,0,0,-1
4,56,658511,114,24,8521
13,55,658533,-1,-1,-2
4,57,668649,119,35,8536
13,56,668671,0,-1,1
4,58,678712,122,33,8533
13,57,678734,0,1,0
4,59,688753,113,37,8519
13,58,688775,0,2,-1
4,60,698818,122,39,8522
13,59,698840,0,0,-2
4,61,708879,127,28,8523
13,60,708901,-2,2,0
4,62,718984,116,38,8517
13,61,719006,0,0,0
4,63,728945,128,31,8533
13,62,728967,0,2,0
4,64,739047,125,35,8537
13,63,739069,0,3,0
4,65,749061,128,29,8526
13,64,749083,-2,0,0
4,66,759262,136,18,8530
13,65,759284,-2,-2,0
4,67,769277,121,17,8533
13,66,769299,0,0,0
4,68,779225,111,30,8523
13,67,779247,-1,1,0
4,69,789335,116,25,8519
13,68,789356,0,0,0
4,70,799377,124,40,8524
13,69,799399,0,0,0
4,71,809534,113,29,8540
13,70,809556,1,2,-1
4,72,819505,109,29,8525
13,71,819527,0,2,0
4,73,829577,115,38,8529
13,72,829599,-1,-1,2
4,74,839745,110,34,8522
13,73,839767,-1,0,1
4,75,849724,109,22,8528
13,74,849746,-2,2,2
4,76,859724,122,27,8530
13,75,859746,-1,0,2
4,77,869810,113,23,8528
13,76,869832,0,-3,0
4,78,879887,121,32,8518
13,77,879909,-1,0,1
4,79,889870,109,38,8527
13,78,889892,1,1,0
4,80,899965,121,32,8526
13,79,899986,1,-1,0
4,81,910096,114,37,8532
13,80,910118,0,0,1
4,82,920189,106,38,8527
13,81,920210,0,-2,1
4,83,930069,115,39,8532
13,82,930091,0,0,0
4,84,940204,136,28,8531
13,83,940253,0,0,2
4,85,950230,126,33,8529
13,84,950252,0,3,0
4,86,960410,122,30,8526
13,85,960432,0,1,-1
4,87,970394,119,29,8528
13,86,970416,-1,0,1
4,88,980457,120,34,8535
13,87,980479,-1,0,-1
4,89,990514,117,30,8532
13,88,990536,0,0,0
4,90,1000666,133,29,8522
13,89,1000688,0,3,1
4,91,1010656,130,45,8528
13,90,1010678,0,1,0
4,92,1020696,128,35,8533
13,91,1020718,-3,0,0
4,93,1030779,112,22,8513
13,92,1030801,-1,0,0
4,94,1040791,114,18,8523
13,93,1040813,0,0,0
4,95,1050943,112,23,8520
13,94,1050965,0,0,-1
4,96,1060933,131,31,8523
13,95,1060955,0,0,0
4,97,1071026,117,23,8523
13,96,1071048,-1,-1,0
4,98,1081208,118,24,8533
13,97,1081230,-1,-2,0
4,99,1091156,113,34,8526
13,98,1091178,0,0,1
4,100,1101238,116,35,8520
13,99,1101260,-1,0,1
4,101,1111248,123,36,8516
13,100,1111270,0,1,2
4,102,1121361,114,30,8531
13,101,1121383,0,-1,-1
4,103,1131363,110,33,8531
13,102,1131385,0,-1,0
4,104,1141484,126,29,8545
13,103,1141506,0,3,0
4,105,1151474,127,16,8532
13,104,1151496,0,0,0
4,106,1161601,124,34,8517
13,105,1161623,0,0,1
4,107,1171617,111,29,8226
13,106,1171642,2,0,0
4,108,1181641,116,25,8230
13,107,1181663,2,-3,0
4,109,1191644,115,29,8223
13,108,1191666,0,-2,0
4,110,1201844,108,22,8218
13,109,1201866,0,-1,0
4,111,1211886,109,28,8226
13,110,1211908,-3,0,0
4,112,1221955,113,25,8223
13,111,1221977,0,2,0
4,113,1231976,108,28,8221
13,112,1231998,1,0,0
4,114,1242123,106,31,8233
13,113,1242145,0,-2,0
4,115,1252022,111,29,8222
13,114,1252044,0,0,1
4,116,1262115,104,27,8223
13,115,1262137,0,2,0
4,117,1272186,108,21,8225
13,116,1272208,-2,2,-2
4,118,1282216,112,19,8219
13,117,1282238,1,1,0
4,119,1292356,110,23,8223
13,118,1292378,0,-1,0
4,120,1302309,106,28,8218
13,119,1302331,-2,0,0
4,121,1312405,127,32,8224
13,120,1312427,0,2,0
4,122,1322681,113,26,8226
13,121,1322703,0,0,-1
4,123,1332556,107,24,8217
13,122,1332578,0,0,0
4,124,1342640,108,27,8217
13,123,1342662,1,1,0
4,125,1352682,106,31,8226
13,124,1352704,0,0,-1
4,126,1362728,109,26,8219
13,125,1362750,1,0,0
4,127,1372774,111,20,8217
13,126,1372796,-1,0,0
4,128,1382815,110,30,8224
13,127,1382837,0,0,1
4,129,1392893,110,29,8221
13,128,1392915,0,-2,2
4,130,1403028,109,22,8217
13,129,1403050,-1,0,0
4,131,1413023,122,30,8226
13,130,1413045,-2,-1,1
4,132,1423005,105,29,8219
13,131,1423027,0,1,1
4,133,1433136,100,43,8224
13,132,1433158,2,3,-1
4,134,1443247,110,30,8224
13,133,1443269,0,-2,0
4,135,1453217,113,25,8237
13,134,1453239,-1,0,0
4,136,1463382,107,25,8222
13,135,1463404,-1,3,0
4,137,1473371,111,19,8219
13,136,1473393,-1,-3,0
4,138,1483544,113,32,8224
13,137,1483566,0,0,0
4,139,1493469,105,29,8223
13,138,1493491,0,1,0
4,140,1503600,115,21,8224
13,139,1503622,-1,0,0
4,141,1513649,103,21,8223
13,140,1513671,0,0,0
4,142,1523722,108,36,8214
13,141,1523743,0,2,-2
4,143,1533728,105,30,8235
13,142,1533750,0,2,0
4,144,1543763,123,28,8227
13,143,1543785,-1,1,2
4,145,1553819,120,32,8217
13,144,1553841,-1,-1,1
4,146,1563925,111,38,8212
13,145,1563974,0,0,2
4,147,1573963,111,24,8234
13,146,1573985,-1,1,0
4,148,1584002,119,37,8228
13,147,1584024,-2,3,0
4,149,1594076,110,31,8218
13,148,1594098,0,0,0
4,150,1604162,105,26,8227
13,149,1604184,0,-1,1
4,151,1614161,117,32,8227
13,150,1614183,-1,1,-1
4,152,1624236,103,33,8225
13,151,1624258,0,0,0
4,153,1634267,117,23,8241
13,152,1634289,0,0,0
4,154,1644441,109,21,8216
13,153,1644462,-1,0,0
4,155,1654377,107,27,8225
13,154,1654399,0,2,2
4,156,1664441,111,19,8227
13,155,1664463,2,1,0
4,157,1674530,99,34,8222
13,156,1674552,0,3,-2
4,158,1684546,105,34,8214
13,157,1684568,0,-1,-1
4,159,1694692,120,22,8221
13,158,1694714,0,-1,2
4,160,1704785,127,18,8223
13,159,1704807,0,0,1
4,161,1714828,108,22,8226
13,160,1714850,1,0,1
4,162,1724933,95,27,8225
13,161,1724955,0,0,0
4,163,1734860,105,32,8220
13,162,1734882,-1,1,-1
4,164,1744989,101,25,8218
13,163,1745011,0,1,0
4,165,1755050,112,26,8232
13,164,1755072,0,1,0
4,166,1765148,103,24,8223
13,165,1765170,-1,1,0
4,167,1775151,101,30,8225
13,166,1775172,0,0,1
4,168,1785212,109,32,8226
13,167,1785234,-1,0,-1
4,169,1795296,111,26,8233
13,168,1795318,0,0,1
4,170,1805469,113,22,8234
13,169,1805491,1,0,3
4,171,1815428,108,19,8223
13,170,1815450,2,0,1
4,172,1825483,109,19,8209
13,171,1825505,0,-2,0
4,173,1835500,114,30,8214
13,172,1835522,0,1,0
4,174,1845635,111,21,8226
13,173,1845657,1,0,1
4,175,1855736,110,27,8229
13,174,1855757,0,0,0
4,176,1865717,120,13,8220
13,175,1865739,-1,0,0
4,177,1875759,116,26,8228
13,176,1875781,0,2,0
4,178,1885901,106,30,8228
13,177,1885923,0,1,1
4,179,1895881,121,27,8223
13,178,1895903,-2,1,0
4,180,1905953,117,27,8229
13,179,1905975,0,1,-1
4,181,1915989,111,37,8228
13,180,1916011,0,0,1
4,182,1926075,108,22,8222
13,181,1926097,0,0,0
4,183,1936092,116,24,8221
13,182,1936114,0,2,-1
4,184,1946214,118,40,8232
13,183,1946236,0,2,-1
4,185,1956241,88,32,8222
13,184,1956263,0,2,0
4,186,1966438,113,20,8209
13,185,1966460,0,1,1
4,187,1976368,121,22,8216
13,186,1976390,0,-1,0
4,188,1986414,113,20,8219
13,187,1986436,-1,-1,1
4,189,1996416,103,31,8228
13,188,1996438,0,1,0
4,190,2006554,114,34,8225
13,189,2006575,1,0,0
4,191,2016557,122,35,8229
13,190,2016579,1,0,-1
4,192,2026634,109,37,8221
13,191,2026656,1,0,-1
4,193,2036643,108,27,8224
13,192,2036665,0,1,-1
4,194,2046854,101,25,8229
13,193,2046876,0,0,0
4,195,2056784,115,29,8220
13,194,2056806,1,0,0
4,196,2066883,107,32,8221
13,195,2066905,-1,0,0
4,197,2076904,109,34,8228
13,196,2076953,-1,-1,0
4,198,2086981,121,40,8223
13,197,2087003,0,-2,-1
4,199,2097053,115,26,8235
13,198,2097075,0,-1,1
4,200,2107130,101,28,8223
13,199,2107152,0,1,0
4,201,2117146,112,24,8214
13,200,2117168,0,0,0
4,202,2127220,99,40,8232
13,201,2127242,0,0,-2
4,203,2137329,113,24,8228
13,202,2137351,0,0,-1
4,204,2147330,107,33,8234
13,203,2147352,0,0,0
4,205,2157329,114,31,8222
13,204,2157351,0,0,0
4,206,2167465,126,34,8214
13,205,2167487,1,3,0
4,207,2177490,119,36,8224
13,206,2177512,0,1,0
4,208,2187585,110,35,8231
13,207,2187607,0,1,1
4,209,2197618,118,37,8220
13,208,2197667,0,1,3
4,210,2207818,108,30,8224
13,209,2207840,0,1,3
4,211,2217764,111,30,8235
13,210,2217786,1,3,0
4,212,2227841,102,24,8220
13,211,2227863,0,2,0
4,213,2237852,103,39,8224
13,212,2237874,1,0,0
4,214,2247948,114,29,8224
13,213,2247970,0,0,0
4,215,2258004,109,27,8227
13,214,2258026,-2,1,0
4,216,2267990,106,19,8219
13,215,2268012,0,2,-1
4,217,2278126,108,19,8221
13,216,2278148,0,0,0
4,218,2288253,112,29,8228
13,217,2288275,-2,1,1
4,219,2298178,113,36,8227
13,218,2298200,0,1,-1
4,220,2308305,111,20,8231
13,219,2308327,0,2,0
4,221,2318439,110,19,8219
13,220,2318461,0,1,0
4,222,2328423,114,25,8225
13,221,2328445,0,0,0
4,223,2338517,109,25,8209
13,222,2338539,0,1,0
4,224,2348580,119,22,8218
13,223,2348602,0,0,0
4,225,2358670,109,27,8219
13,224,2358692,0,-3,0
4,226,2368746,102,33,8219
13,225,2368768,0,0,0
4,227,2378640,97,21,8226
13,226,2378662,0,2,0
4,228,2388811,105,24,8218
13,227,2388833,0,0,0
4,229,2398822,115,33,8223
13,228,2398844,0,0,0
4,230,2408914,116,33,8236
13,229,2408936,0,0,2
4,231,2418952,114,45,8228
13,230,2418973,0,1,1
4,232,2429008,112,27,8230
13,231,2429030,0,0,0
4,233,2439108,105,28,8228
13,232,2439130,0,0,-1
4,234,2449223,116,41,8227
13,233,2449245,0,-1,1
4,235,2459112,104,20,8218
13,234,2459161,0,1,1
4,236,2469272,108,26,8232
13,235,2469294,0,2,0
4,237,2479374,123,26,8228
13,236,2479396,-1,0,0
4,238,2489413,109,31,8218
13,237,2489435,-1,0,-1
4,239,2499469,110,30,8223
13,238,2499491,2,0,0
4,240,2509467,121,24,8222
13,239,2509489,1,1,0
4,241,2519465,109,30,8220
13,240,2519487,0,3,1
4,242,2529680,108,27,8226
13,241,2529702,1,3,0
4,243,2539601,108,31,8230
13,242,2539623,0,0,-2
4,244,2549684,109,29,8228
13,243,2549706,0,0,0
4,245,2559769,113,33,8232
13,244,2559791,-1,3,0
4,246,2569924,121,24,8235
13,245,2569946,0,1,0
4,247,2579926,116,28,8221
13,246,2579948,0,0,0
4,248,2590037,105,17,8223
13,247,2590059,-1,-2,0
4,249,2599992,114,27,8227
13,248,2600014,-1,0,1
4,250,2610237,119,33,8235
13,249,2610259,0,1,1
4,251,2620129,105,36,8233
13,250,2620151,0,-1,1
4,252,2630152,103,34,8210
13,251,2630174,0,1,0
4,253,2640257,108,27,8227
13,252,2640279,-2,0,0
4,254,2650389,102,23,8223
13,253,2650411,0,3,1
4,255,2660391,122,30,8227
13,254,2660413,0,-1,-1
4,256,2670504,125,45,8225
13,255,2670526,0,-2,0
4,257,2680527,108,26,8222
13,256,2680549,0,0,0
4,258,2690683,102,26,8224
13,257,2690732,0,-3,0
4,259,2700645,103,19,8224
13,258,2700667,0,0,0
4,260,2710735,110,38,8220
13,259,2710757,0,0,0
4,261,2720851,111,32,8223
13,260,2720873,0,2,0
4,262,2730917,101,11,8223
13,261,2730939,0,1,-2
4,263,2740936,109,35,8216
13,262,2740957,0,0,-1
4,264,2750919,113,28,8224
13,263,2750941,0,0,0
4,265,2761005,104,28,8222
13,264,2761027,-1,0,-2
4,266,2771176,104,26,8217
13,265,2771198,1,0,0
4,267,2781128,107,39,8234
13,266,2781150,-2,-1,0
4,268,2791212,104,39,8225
13,267,2791234,0,0,0
4,269,2801204,114,38,8218
13,268,2801226,1,1,0
4,270,2811348,111,27,8223
13,269,2811369,0,2,-1
4,271,2821339,115,37,8227
13,270,2821361,0,1,-2
4,272,2831455,119,27,8228
13,271,2831477,1,0,0
4,273,2841475,119,22,8222
13,272,2841497,0,0,0
4,274,2851677,120,34,8216
13,273,2851699,0,0,0
4,275,2861660,111,23,8215
13,274,2861682,1,1,0
4,276,2871682,120,17,8234
13,275,2871704,0,0,0
4,277,2881819,103,16,8230
13,276,2881841,0,1,0
4,278,2891861,116,26,8223
13,277,2891883,0,0,1
4,279,2901865,111,28,8220
13,278,2901887,0,0,1
4,280,2911955,109,41,8222
13,279,2911977,1,2,0
4,281,2921969,116,21,8232
13,280,2921991,1,0,1
4,282,2932144,122,36,8232
13,281,2932166,0,0,1
4,283,2942116,104,33,8221
13,282,2942138,0,1,-1
4,284,2952167,110,22,8220
13,283,2952189,-1,0,0
4,285,2962271,115,17,8217
13,284,2962293,0,0,0
4,286,2972356,106,26,8217
13,285,2972378,0,0,0
4,287,2982408,112,42,8225
13,286,2982430,0,0,0
4,288,2992495,110,27,8228
13,287,2992517,1,0,0
4,289,3002476,126,15,8238
13,288,3002498,0,1,-1
4,290,3012624,107,31,8221
13,289,3012646,0,-1,1
4,291,3022629,118,34,8211
13,290,3022651,-1,0,2
4,292,3032707,115,21,8219
13,291,3032729,-1,3,0
4,293,3042811,122,28,8222
13,292,3042833,0,-1,0
4,294,3052864,115,32,8228
13,293,3052886,0,0,0
4,295,3062884,104,31,8218
13,294,3062906,0,3,-1
4,296,3072961,117,30,8219
13,295,3072983,0,0,-1
4,297,3083110,117,27,8224
13,296,3083132,0,0,2
4,298,3093183,112,29,8219
13,297,3093205,0,0,0
4,299,3103165,122,33,8233
13,298,3103187,-1,1,0
4,300,3113224,120,32,8218
13,299,3113246,0,0,0
4,301,3123341,110,22,8228
13,300,3123363,2,0,0
4,302,3133374,117,38,8225
13,301,3133396,0,0,2
4,303,3143361,106,31,8223
13,302,3143383,0,-1,0
4,304,3153468,107,37,8220
13,303,3153490,0,0,0
4,305,3163519,103,28,8223
13,304,3163541,-2,3,0
4,306,3173706,106,25,8220
13,305,3173728,0,2,0
4,307,3183632,111,29,8225
13,306,3183654,0,-1,1
4,308,3193714,105,24,8228
13,307,3193736,0,0,0
4,309,3203799,101,26,8213
13,308,3203848,0,1,3
4,310,3213909,112,29,8212
13,309,3213931,0,0,0
4,311,3223951,119,26,8225
13,310,3223973,1,2,0
4,312,3234001,110,24,8221
13,311,3234023,0,1,-1
4,313,3244075,106,35,8221
13,312,3244097,0,0,0
4,314,3254194,112,26,8217
13,313,3254216,-1,0,0
4,315,3264110,114,24,8227
13,314,3264132,0,2,1
4,316,3274219,106,34,8231
13,315,3274241,0,0,0
4,317,3284275,107,37,8217
13,316,3284297,0,1,-1
4,318,3294457,106,28,8223
13,317,3294479,-2,0,0
4,319,3304401,103,27,8230
13,318,3304423,1,0,0
4,320,3314467,113,28,8215
13,319,3314489,1,0,1
4,321,3324569,112,28,8219
13,320,3324591,0,0,1
4,322,3334703,108,24,8222
13,321,3334725,0,3,0
4,323,3344687,115,24,8225
13,322,3344709,0,3,0
4,324,3354747,110,27,8218
13,323,3354769,0,1,0
4,325,3364864,108,41,8219
13,324,3364886,0,-1,0
4,326,3374868,107,24,8221
13,325,3374890,-1,0,2
4,327,3384917,109,27,8228
13,326,3384939,0,1,0
4,328,3395059,112,27,8227
13,327,3395081,0,0,1
4,329,3404984,117,26,8227
13,328,3405006,-2,0,1
4,330,3415198,106,25,8234
13,329,3415220,1,0,0
4,331,3425201,105,22,8227
13,330,3425222,0,0,0
4,332,3435233,112,31,8225
13,331,3435255,0,0,0
4,333,3445271,104,34,8227
13,332,3445293,1,0,0
4,334,3455407,103,30,8219
13,333,3455429,0,1,0
4,335,3465432,111,28,8240
13,334,3465454,-1,0,0
4,336,3475495,113,37,8237
13,335,3475517,0,2,0
4,337,3485577,109,36,8228
13,336,3485599,0,0,0
4,338,3495751,102,24,8214
13,337,3495773,0,0,-2
4,339,3505675,113,29,8218
13,338,3505697,3,0,0
4,340,3515784,109,36,8221
13,339,3515805,2,1,1
4,341,3525793,117,34,8220
13,340,3525815,0,0,0
4,342,3535944,121,16,8227
13,341,3535966,1,-1,-1
4,343,3545922,121,25,8219
13,342,3545944,0,1,0
4,344,3555947,114,26,8212
13,343,3555969,0,0,-1
4,345,3566082,108,33,8220
13,344,3566103,0,-1,-2
4,346,3576238,107,18,8224
13,345,3576260,-2,-1,0
4,347,3586221,110,20,8221
13,346,3586243,-1,-1,2
4,348,3596200,112,32,8218
13,347,3596222,0,-2,0
4,349,3606345,114,27,8220
13,348,3606367,0,0,0
4,350,3616454,117,33,8226
13,349,3616476,1,0,0
4,351,3626388,112,31,8230
13,350,3626410,0,-2,0
4,352,3636478,114,20,8222
13,351,3636500,0,0,0
4,353,3646550,116,32,8224
13,352,3646572,-2,0,3
4,354,3656702,105,37,8230
13,353,3656724,0,-1,0
4,355,3666676,105,20,8226
13,354,3666698,0,0,-1
4,356,3676735,117,25,8221
13,355,3676757,1,0,0
4,357,3686746,95,31,8231
13,356,3686768,2,0,-2
4,358,3696911,106,33,8233
13,357,3696933,0,-2,-1
4,359,3706998,115,23,8229
13,358,3707020,1,-3,1
4,360,3717051,115,25,8230
13,359,3717073,0,-1,0
4,361,3727023,110,30,8221
13,360,3727045,-1,0,0
4,362,3737211,115,25,8214
13,361,3737233,0,3,0
4,363,3747203,117,23,8218
13,362,3747225,-2,0,1
4,364,3757185,117,33,8237
13,363,3757207,-1,0,0
4,365,3767293,114,31,8224
13,364,3767315,0,1,0
4,366,3777422,117,21,8218
13,365,3777444,0,0,0
4,367,3787501,115,30,8226
13,366,3787523,0,0,0
4,368,3797456,102,32,8224
13,367,3797478,-1,0,0
4,369,3807522,105,29,8216
13,368,3807544,-2,0,-1
4,370,3817627,117,31,8213
13,369,3817649,1,0,2
4,371,3827647,107,38,8222
13,370,3827669,2,-1,2
4,372,3837731,107,28,8226
13,371,3837753,-1,-1,2
4,373,3847738,105,35,8232
13,372,3847760,1,1,0
4,374,3857950,112,23,8226
13,373,3857972,2,1,-1
4,375,3867868,106,27,8231
13,374,3867890,0,0,-1
4,376,3877997,110,26,8222
13,375,3878019,0,0,0
4,377,3888113,101,28,8221
13,376,3888135,0,0,0
4,378,3898198,111,25,8237
13,377,3898220,0,-1,-1
4,379,3908166,108,23,8225
13,378,3908188,0,0,0
4,380,3918230,111,37,8220
13,379,3918252,-1,2,1
4,381,3928239,110,24,8223
13,380,3928261,0,-1,1
4,382,3938394,115,11,8224
13,381,3938416,0,0,2
4,383,3948398,108,25,8221
13,382,3948420,0,0,0
4,384,3958476,106,39,8222
13,383,3958498,0,1,1
4,385,3968566,111,29,8220
13,384,3968588,1,2,1
4,386,3978738,103,33,8224
13,385,3978760,2,1,0
4,387,3988624,100,30,8220
13,386,3988646,1,0,1
4,388,3998756,119,27,8215
13,387,3998778,1,-2,1
4,389,4008805,106,27,8218
13,388,4008827,0,-1,0
4,390,4018844,109,21,8222
13,389,4018866,0,3,1
4,391,4029042,116,29,8229
13,390,4029064,0,0,0
4,392,4039024,106,35,8219
13,391,4039046,0,0,0
4,393,4049087,103,31,8221
13,392,4049109,1,0,0
4,394,4059229,112,30,8222
13,393,4059251,-2,1,0
4,395,4069248,105,25,8212
13,394,4069270,-2,0,0
4,396,4079333,107,32,8230
13,395,4079382,1,0,0
4,397,4089392,107,34,8228
13,396,4089414,1,1,0
4,398,4099468,116,34,8227
13,397,4099490,0,0,0
4,399,4109478,111,27,8220
13,398,4109500,0,0,0
4,400,4119541,108,27,8226
13,399,4119563,0,0,0
4,401,4129514,109,26,8225
13,400,4129536,0,0,0
4,402,4139727,113,29,8221
13,401,4139749,-1,-2,0
4,403,4149691,111,28,8230
13,402,4149713,0,0,0
4,404,4159761,92,25,8232
13,403,4159783,0,1,1
4,405,4169833,113,32,8221
13,404,4169855,0,1,-1
4,406,4179918,122,31,8218
13,405,4179940,0,1,0
4,407,4189944,112,22,8220
13,406,4189966,0,1,0
4,408,4200004,107,19,8228
13,407,4200026,0,0,0
4,409,4210058,107,32,8236
13,408,4210079,1,1,0
4,410,4220237,100,26,8222
13,409,4220259,1,2,0
4,411,4230189,101,26,8228
13,410,4230211,0,3,0
4,412,4240272,109,33,8231
13,411,4240294,0,-2,0
4,413,4250243,114,34,8233
13,412,4250265,0,0,-1
4,414,4260377,118,27,8230
13,413,4260399,0,2,0
4,415,4270452,111,28,8219
13,414,4270474,-3,0,0
4,416,4280435,107,34,8227
13,415,4280457,0,1,-1
4,417,4290510,119,31,8225
13,416,4290532,0,1,0
4,418,4300606,98,26,8214
13,417,4300628,1,0,-1
4,419,4310622,101,31,8221
13,418,4310644,2,2,1
4,420,4320690,117,28,8220
13,419,4320712,0,1,1
4,421,4330739,109,27,8224
13,420,4330760,0,0,1
4,422,4340872,107,32,8230
13,421,4340894,-1,0,-1
4,423,4350830,114,14,8239
13,422,4350852,0,-1,0
4,424,4360971,110,22,8230
13,423,4360993,1,0,0
4,425,4371004,103,29,8221
13,424,4371026,0,0,0
4,426,4381143,114,18,8221
13,425,4381165,1,0,0
4,427,4391112,114,32,8217
13,426,4391134,0,0,0
4,428,4401111,120,29,8224
13,427,4401133,0,0,-1
4,429,4411212,115,22,8235
13,428,4411234,0,1,-1
4,430,4421396,112,34,8228
13,429,4421418,0,-1,0
4,431,4431368,109,26,8225
13,430,4431390,0,0,0
4,432,4441415,118,33,8231
13,431,4441437,0,0,0
4,433,4451493,113,37,8222
13,432,4451514,0,-1,0
4,434,4461683,110,32,8223
13,433,4461705,0,-1,1
4,435,4471672,110,30,8217
13,434,4471694,0,0,1
4,436,4481725,109,32,8225
13,435,4481747,-3,1,-1
4,437,4491791,106,32,8229
13,436,4491813,0,-1,0
4,438,4501874,104,30,8216
13,437,4501896,0,0,1
4,439,4511907,108,30,8218
13,438,4511929,0,2,0
4,440,4521990,98,26,8221
13,439,4522012,0,0,0
4,441,4532083,110,18,8218
13,440,4532105,0,-1,0
4,442,4542190,119,29,8224
13,441,4542212,0,-1,0
4,443,4552142,100,26,8220
13,442,4552164,0,0,-2
4,444,4562124,114,20,8233
13,443,4562146,1,0,0
4,445,4572276,112,29,8231
13,444,4572298,0,0,2
4,446,4582357,111,27,8218
13,445,4582379,-2,0,1
4,447,4592381,116,37,8219
13,446,4592431,0,-1,1
4,448,4602372,112,24,8222
13,447,4602421,1,-1,0
4,449,4612519,97,23,8218
13,448,4612541,-1,0,0
4,450,4622655,106,23,8213
13,449,4622677,0,0,1
4,451,4632647,123,32,8210
13,450,4632669,-1,0,1
4,452,4642704,121,43,8220
13,451,4642726,1,2,0
4,453,4652670,127,29,8225
13,452,4652692,1,0,0
4,454,4662832,107,31,8223
13,453,4662854,0,-1,-1
4,455,4672837,105,23,8225
13,454,4672859,0,0,0
4,456,4682925,120,26,8230
13,455,4682947,-1,-1,0
4,457,4692922,107,37,8229
13,456,4692944,0,0,0
4,458,4703206,101,17,8225
13,457,4703228,0,0,0
4,459,4713094,104,18,8224
13,458,4713116,-1,0,2
4,460,4723096,101,23,8229
13,459,4723118,0,0,0
4,461,4733249,106,39,8221
13,460,4733271,0,1,1
4,462,4743315,103,35,8215
13,461,4743337,0,0,0
4,463,4753358,119,24,8224
13,462,4753380,1,2,1
4,464,4763386,121,23,8231
13,463,4763408,-1,-2,0
4,465,4773439,109,20,8226
13,464,4773461,0,1,0
4,466,4783597,127,25,8226
13,465,4783619,0,0,0
4,467,4793543,115,29,8218
13,466,4793565,-1,0,0
4,468,4803585,114,21,8226
13,467,4803607,0,0,-1
4,469,4813689,123,35,8225
13,468,4813711,2,1,0
4,470,4823790,119,30,8226
13,469,4823812,0,3,3
4,471,4833758,121,33,8228
13,470,4833780,0,1,0
4,472,4843928,128,37,8215
13,471,4843950,0,2,0
4,473,4853952,107,40,8225
13,472,4853974,0,1,1
4,474,4864058,113,26,8227
13,473,4864080,0,1,1
4,475,4874094,118,30,8221
13,474,4874116,0,-3,2
4,476,4884171,114,24,8229
13,475,4884193,0,-1,-1
4,477,4894116,115,25,8224
13,476,4894138,-1,2,0
4,478,4904277,107,32,8227
13,477,4904299,0,1,-1
4,479,4914317,112,26,8234
13,478,4914339,2,1,0
4,480,4924397,107,26,8224
13,479,4924419,1,-2,0
4,481,4934409,113,27,8222
13,480,4934431,0,2,0
4,482,4944529,112,26,8220
13,481,4944551,2,2,1
4,483,4954570,109,32,8220
13,482,4954592,0,0,3
4,484,4964612,116,19,8233
13,483,4964661,-2,0,0
4,485,4974681,100,31,8228
13,484,4974703,-1,0,0
4,486,4984803,110,33,8216
13,485,4984825,0,3,0
4,487,4994813,120,34,8223
13,486,4994835,0,0,0
4,488,5004899,105,32,8217
13,487,5004921,-1,0,-1
4,489,5014902,112,15,8216
13,488,5014924,0,0,2
4,490,5024985,121,25,8232
13,489,5025007,0,-2,3
4,491,5035023,111,31,8230
13,490,5035045,0,-1,0
4,492,5045138,113,34,8222
13,491,5045160,0,-2,-1
4,493,5055139,114,26,8213
13,492,5055160,1,0,1
4,494,5065318,122,29,8225
13,493,5065340,0,1,0
4,495,5075282,101,32,8224
13,494,5075304,1,1,0
4,496,5085294,121,26,8240
13,495,5085316,-1,1,0
4,497,5095399,111,26,8231
13,496,5095421,-1,1,0
4,498,5105536,110,24,8223
13,497,5105558,-2,1,1
4,499,5115552,117,32,8220
13,498,5115574,-1,0,2
4,500,5125622,104,29,8237
13,499,5125644,2,1,1
4,501,5135710,110,34,8236
13,500,5135732,0,1,0
4,502,5145755,113,41,8221
13,501,5145777,0,1,3
4,503,5155838,113,38,8225
13,502,5155860,0,0,0
4,504,5165796,116,16,8231
13,503,5165818,1,-1,0
4,505,5175952,112,18,8229
13,504,5175974,0,1,1
4,506,5186026,120,30,8228
13,505,5186048,0,1,0
4,507,5195938,108,30,8227
13,506,5195960,0,0,0
4,508,5206083,110,32,8225
13,507,5206105,0,-2,0
4,509,5216141,102,24,8224
13,508,5216162,0,0,1
4,510,5226284,106,33,8230
13,509,5226306,1,0,1
4,511,5236333,107,19,8228
13,510,5236355,0,0,0
4,512,5246351,115,26,8218
13,511,5246373,0,1,2
4,513,5256414,121,30,8219
13,512,5256436,0,0,0
4,514,5266556,116,26,8215
13,513,5266578,0,0,0
4,515,5276533,114,29,8222
13,514,5276555,1,0,0
4,516,5286620,114,32,8232
13,515,5286642,1,1,1
4,517,5296668,112,24,8224
13,516,5296690,0,-1,3
4,518,5306799,123,26,8225
13,517,5306821,-2,-1,0
4,519,5316715,104,15,8229
13,518,5316737,0,-1,1
4,520,5326862,117,20,8235
13,519,5326884,0,0,2
4,521,5336915,110,23,8227
13,520,5336937,0,0,2
4,522,5347105,119,36,8224
13,521,5347127,0,0,0
4,523,5357053,112,26,8235
13,522,5357075,-1,-1,0
4,524,5367087,105,22,8221
13,523,5367109,-1,0,0
4,525,5377169,111,22,8228
13,524,5377191,1,0,-1
4,526,5387246,120,26,8232
13,525,5387268,1,0,0
4,527,5397299,117,20,8217
13,526,5397321,0,-1,1
4,528,5407291,112,32,8211
13,527,5407313,0,1,2
4,529,5417399,108,38,8218
13,528,5417421,0,0,2
4,530,5427551,106,27,8218
13,529,5427573,0,0,0
4,531,5437550,114,28,8216
13,530,5437572,1,0,0
4,532,5447652,116,28,8212
13,531,5447674,1,0,0
4,533,5457674,127,20,8226
13,532,5457696,0,1,0
4,534,5467738,100,19,8230
13,533,5467760,0,2,1
4,535,5477819,109,28,8231
13,534,5477841,0,0,0
4,536,5487877,108,29,8233
13,535,5487899,-1,1,1
4,537,5497932,110,25,8225
13,536,5497954,0,-1,0
4,538,5508050,116,23,8224
13,537,5508072,2,1,-1
4,539,5518010,98,28,8225
13,538,5518032,0,-1,0
4,540,5528063,109,17,8220
13,539,5528085,-1,0,0
4,541,5538131,103,28,8222
13,540,5538153,0,0,0
4,542,5548226,104,33,8237
13,541,5548248,1,0,2
4,543,5558312,108,23,8238
13,542,5558334,0,2,0
4,544,5568314,124,29,8219
13,543,5568336,2,0,-2
4,545,5578332,110,35,8213
13,544,5578354,1,3,0
4,546,5588527,112,22,8222
13,545,5588576,0,3,0
4,547,5598493,115,32,8220
13,546,5598515,-1,0,1
4,548,5608630,107,30,8218
13,547,5608652,0,0,0
4,549,5618660,116,23,8226
13,548,5618682,0,-1,0
4,550,5628748,117,35,8218
13,549,5628770,0,0,2
4,551,5638779,119,28,8211
13,550,5638801,1,-2,2
4,552,5648888,129,23,8211
13,551,5648910,1,-1,1
4,553,5658875,113,40,8217
13,552,5658897,-2,0,0
4,554,5669066,120,27,8239
13,553,5669088,-1,1,0
4,555,5679038,120,27,8231
13,554,5679060,0,1,0
4,556,5689124,112,33,8233
13,555,5689145,1,2,1
4,557,5699152,105,27,8228
13,556,5699173,1,0,2
4,558,5709175,119,21,8228
13,557,5709197,0,-3,2
4,559,5719269,114,27,8212
13,558,5719290,1,0,0
4,560,5729363,99,22,8226
13,559,5729385,0,3,-1
4,561,5739417,104,21,8220
13,560,5739439,0,2,-1
4,562,5749564,106,23,8229
13,561,5749586,-2,1,0
4,563,5759514,110,25,8216
13,562,5759536,-1,0,2
4,564,5769560,115,42,8215
13,563,5769582,0,0,2
4,565,5779613,96,32,8218
13,564,5779635,0,-1,1
4,566,5789710,106,28,8221
13,565,5789732,0,-1,3
4,567,5799725,114,28,8226
13,566,5799747,0,1,3
4,568,5809824,115,29,8222
13,567,5809846,1,0,2
4,569,5819888,115,27,8230
13,568,5819910,0,0,0
4,570,5829938,113,24,8229
13,569,5829960,0,2,-2
4,571,5839974,112,30,8227
13,570,5839996,-1,0,-1
4,572,5850038,107,36,8221
13,571,5850060,-2,-2,1
4,573,5860166,104,23,8221
13,572,5860188,0,1,0
4,574,5870189,109,39,8224
13,573,5870211,-1,1,0
4,575,5880230,117,29,8230
13,574,5880252,0,-1,0
4,576,5890329,107,13,8224
13,575,5890351,0,-1,0
4,577,5900319,103,23,8226
13,576,5900341,0,0,-1
4,578,5910502,112,28,8232
13,577,5910524,0,-2,-1
4,579,5920427,118,29,8229
13,578,5920449,0,-2,1
4,580,5930564,114,35,8224
13,579,5930586,0,0,0
4,581,5940554,123,22,8217
13,580,5940576,0,0,0
4,582,5950658,109,21,8226
13,581,5950680,0,-1,-1
4,583,5960749,106,26,8216
13,582,5960771,0,2,0
4,584,5970718,113,36,8227
13,583,5970739,0,2,0
4,585,5980861,122,23,8229
13,584,5980883,-1,-1,-1
4,586,5991044,113,21,8228
13,585,5991066,0,0,-2
4,587,6000969,106,25,8224
13,586,6000991,1,0,-1
4,588,6011044,114,27,8227
13,587,6011066,0,3,2
4,589,6021072,105,27,8224
13,588,6021094,2,1,2
4,590,6031174,106,31,8225
13,589,6031195,0,0,2
4,591,6041186,117,24,8226
13,590,6041208,0,3,1
4,592,6051250,114,35,8228
13,591,6051272,0,1,3
4,593,6061379,110,25,8237
13,592,6061401,1,-3,1
4,594,6071472,112,26,8226
13,593,6071494,1,-1,1
4,595,6081497,116,39,8227
13,594,6081518,0,0,1
4,596,6091506,116,24,8218
13,595,6091528,1,-1,0
4,597,6101654,117,31,8222
13,596,6101676,1,-1,0
4,598,6111676,105,33,8226
13,597,6111698,0,2,0
4,599,6121693,105,28,8219
13,598,6121715,0,1,-1
4,600,6131846,117,29,8229
13,599,6131868,1,1,1
4,601,6141834,107,28,8221
13,600,6141856,0,0,0
4,602,6151994,105,25,8227
13,601,6152016,0,1,-1
4,603,6161889,117,29,8228
13,602,6161911,0,1,0
4,604,6172018,98,15,8223
13,603,6172040,0,1,0
4,605,6182134,110,28,8225
13,604,6182155,0,0,1
4,606,6192118,114,20,8228
13,605,6192140,0,-1,1
4,607,6202179,112,35,8218
13,606,6202201,0,0,1
4,608,6212240,110,29,8224
13,607,6212262,0,1,1
4,609,6222337,108,31,8228
13,608,6222359,1,0,0
4,610,6232493,111,24,8221
13,609,6232515,0,0,-1
4,611,6242477,120,30,8215
13,610,6242499,0,0,0
4,612,6252477,112,31,8217
13,611,6252499,0,-1,1
4,613,6262594,108,28,8216
13,612,6262616,1,-1,0
4,614,6272715,105,21,8211
13,613,6272737,0,0,2
4,615,6282653,103,27,8224
13,614,6282675,0,-1,0
4,616,6292687,118,31,8224
13,615,6292709,0,0,0
4,617,6302794,117,28,8223
13,616,6302816,-2,0,0
4,618,6312972,115,25,8216
13,617,6312994,0,1,-1
4,619,6322868,112,28,8231
13,618,6322890,0,1,0
4,620,6333000,108,44,8225
13,619,6333022,-1,-2,0
4,621,6343083,113,28,8241
13,620,6343105,-1,0,-1
4,622,6353199,104,28,8221
13,621,6353221,1,3,-1
4,623,6363202,102,37,8224
13,622,6363224,0,2,0
4,624,6373240,119,23,8224
13,623,6373262,0,-1,-1
4,625,6383246,101,23,8220
13,624,6383268,0,1,0
4,626,6393423,109,25,8222
13,625,6393445,1,0,0
4,627,6403398,116,31,8222
13,626,6403420,0,0,-1
4,628,6413385,112,37,8225
13,627,6413407,-2,0,-1
4,629,6423558,109,15,8218
13,628,6423580,-3,2,0
4,630,6433545,111,31,8232
13,629,6433567,0,0,1
4,631,6443623,102,32,8235
13,630,6443645,0,1,1
4,632,6453777,107,35,8228
13,631,6453799,-1,0,1
4,633,6463770,115,23,8223
13,632,6463792,0,1,0
4,634,6473954,111,29,8222
13,633,6473976,-1,0,0
4,635,6483929,108,29,8227
13,634,6483951,-1,0,0
4,636,6493919,106,24,8230
13,635,6493941,0,1,0
4,637,6504055,120,31,8227
13,636,6504077,-4,0,2
4,638,6514137,114,32,8220
13,637,6514159,-2,0,1
4,639,6524157,107,31,8223
13,638,6524179,0,0,-1
4,640,6534208,107,31,8224
13,639,6534230,0,-2,-1
4,641,6544273,119,24,8220
13,640,6544295,1,-4,1
4,642,6554368,106,28,8227
13,641,6554390,3,-2,0
4,643,6564402,98,34,8227
13,642,6564424,0,0,2
4,644,6574449,106,26,8219
13,643,6574471,-1,1,2
4,645,6584451,104,23,8220
13,644,6584473,1,1,1
4,646,6594674,102,38,8233
13,645,6594696,0,0,1
4,647,6604635,113,31,8234
13,646,6604657,1,1,0
4,648,6614758,108,20,8227
13,647,6614780,0,1,0
4,649,6624804,110,32,8226
13,648,6624826,1,-2,0
4,650,6634999,109,36,8210
13,649,6635021,0,-1,0
4,651,6644970,117,27,8223
13,650,6644992,0,1,0
4,652,6655017,110,15,8225
13,651,6655039,0,1,0
4,653,6665028,109,25,8225
13,652,6665049,2,0,3
4,654,6675123,116,25,8233
13,653,6675145,0,1,1
4,655,6685139,109,29,8227
13,654,6685161,0,1,0
4,656,6695162,113,23,8224
13,655,6695184,0,0,0
4,657,6705267,105,18,8234
13,656,6705289,-1,0,0
4,658,6715442,111,23,8233
13,657,6715464,0,0,0
4,659,6725401,125,32,8220
13,658,6725423,0,0,0
4,660,6735521,121,30,8219
13,659,6735543,1,-1,0
4,661,6745588,115,36,8231
13,660,6745610,0,-1,1
4,662,6755685,115,30,8223
13,661,6755707,0,1,0
4,663,6765712,103,17,8225
13,662,6765734,0,2,0
4,664,6775795,104,31,8227
13,663,6775817,0,0,1
4,665,6785819,106,22,8226
13,664,6785841,1,1,0
4,666,6795966,116,29,8215
13,665,6795988,0,0,0
4,667,6805973,114,26,8217
13,666,6805995,1,0,1
4,668,6815957,112,24,8226
13,667,6815979,0,0,0
4,669,6826100,117,29,8239
13,668,6826122,2,0,-1
4,670,6836263,107,28,8225
13,669,6836285,0,-1,0
4,671,6846217,115,35,8227
13,670,6846239,-2,0,-1
4,672,6856291,101,30,8230
13,671,6856313,0,0,-1
4,673,6866283,113,28,8221
13,672,6866332,0,2,-1
4,674,6876566,114,25,8225
13,673,6876588,0,2,0
4,675,6886520,108,28,8236
13,674,6886542,0,2,0
4,676,6896564,119,30,8217
13,675,6896586,-2,0,0
4,677,6906589,114,24,8220
13,676,6906611,1,0,0
4,678,6916650,111,30,8222
13,677,6916672,0,-2,0
4,679,6926748,110,33,8220
13,678,6926769,-1,-1,-1
4,680,6936810,119,29,8229
13,679,6936832,0,1,0
4,681,6946881,108,16,8233
13,680,6946903,1,0,0
4,682,6957039,114,27,8218
13,681,6957061,-1,1,0
4,683,6966946,104,29,8217
13,682,6966968,-2,2,0
4,684,6977055,118,16,8238
13,683,6977077,0,0,0
4,685,6987189,115,19,8215
13,684,6987211,0,-1,-1
4,686,6997267,113,32,8223
13,685,6997289,-1,0,2
4,687,7007287,103,30,8229
13,686,7007309,-1,-2,0
4,688,7017351,103,26,8219
13,687,7017373,0,1,0
4,689,7027414,110,24,8220
13,688,7027436,0,2,1
4,690,7037563,106,29,8226
13,689,7037585,3,-3,0
4,691,7047525,109,34,8224
13,690,7047547,1,0,0
4,692,7057569,110,34,8229
13,691,7057591,0,3,2
4,693,7067641,107,20,8219
13,692,7067662,0,1,1
4,694,7077744,104,34,8229
13,693,7077766,1,1,-1
4,695,7087774,108,24,8232
13,694,7087796,0,0,-2
4,696,7097912,102,35,8220
13,695,7097934,1,0,1
4,697,7107926,108,36,8229
13,696,7107975,0,-1,0
4,698,7118088,112,23,8218
13,697,7118110,0,0,-2
4,699,7128017,110,30,8230
13,698,7128039,0,0,0
4,700,7138138,106,22,8227
13,699,7138160,0,0,3
4,701,7148195,118,15,8222
13,700,7148217,0,0,0
4,702,7158281,112,16,8221
13,701,7158303,0,0,0
4,703,7168268,104,26,8223
13,702,7168290,0,-2,1
4,704,7178386,109,34,8232
13,703,7178408,1,0,1
4,705,7188431,110,27,8215
13,704,7188453,0,-1,0
4,706,7198602,116,26,8228
13,705,7198624,-1,-1,0
4,707,7208593,114,28,8218
13,706,7208615,-1,1,0
4,708,7218593,119,29,8235
13,707,7218615,1,-3,0
4,709,7228722,115,34,8234
13,708,7228744,0,-1,1
4,710,7238844,99,31,8233
13,709,7238866,0,2,0
4,711,7248897,112,32,8233
13,710,7248919,0,1,0
4,712,7258899,109,32,8227
13,711,7258921,0,1,0
4,713,7269047,116,25,8220
13,712,7269069,0,0,0
4,714,7279142,114,19,8231
13,713,7279164,1,1,2
4,715,7289029,112,28,8230
13,714,7289051,-1,0,0
4,716,7299166,111,31,8222
13,715,7299188,0,-1,0
4,717,7309231,115,23,8227
13,716,7309253,2,-1,2
4,718,7319355,110,33,8239
13,717,7319377,4,0,-1
4,719,7329376,102,24,8229
13,718,7329398,1,0,-1
4,720,7339451,116,29,8220
13,719,7339473,0,0,0
4,721,7349512,118,18,8232
13,720,7349534,0,0,1
4,722,7359686,104,30,8231
13,721,7359708,2,1,0
4,723,7369610,113,32,8228
13,722,7369659,0,2,0
4,724,7379710,109,35,8232
13,723,7379732,1,0,0
4,725,7389786,110,33,8228
13,724,7389808,0,-1,0
4,726,7399830,112,31,8219
13,725,7399852,0,1,0
4,727,7409874,109,31,8222
13,726,7409896,0,2,0
4,728,7419949,101,32,8221
13,727,7419971,-1,-1,-3
4,729,7429945,108,28,8232
13,728,7429967,0,0,-2
4,730,7440176,114,34,8227
13,729,7440198,1,0,0
4,731,7450188,113,25,8215
13,730,7450210,2,1,-1
4,732,7460134,108,32,8224
13,731,7460156,-2,1,0
4,733,7470256,107,27,8216
13,732,7470278,-2,1,1
4,734,7480368,95,30,8227
13,733,7480390,0,0,1
4,735,7490476,110,26,8232
13,734,7490498,-2,0,0
4,736,7500462,115,27,8232
13,735,7500484,0,0,-1
4,737,7510493,107,13,8230
13,736,7510515,2,1,0
4,738,7520708,108,30,8232
13,737,7520730,0,0,1
4,739,7530647,109,27,8227
13,738,7530669,0,1,0
4,740,7540664,103,36,8214
13,739,7540686,2,0,1
4,741,7550731,109,30,8218
13,740,7550753,1,2,1
4,742,7560842,117,27,8216
13,741,7560864,1,0,2
4,743,7570905,113,24,8220
13,742,7570927,0,-1,0
4,744,7580947,127,23,8228
13,743,7580969,0,-1,0
4,745,7590924,119,27,8218
13,744,7590946,-2,0,0
4,746,7601130,104,25,8209
13,745,7601152,0,1,1
4,747,7611161,111,32,8221
13,746,7611184,0,0,0
4,748,7621182,103,21,8227
13,747,7621204,0,-1,0
4,749,7631293,105,24,8225
13,748,7631315,0,1,1
4,750,7641337,106,20,8227
13,749,7641359,-1,-1,1
4,751,7651294,108,22,8224
13,750,7651316,0,-1,1
4,752,7661370,113,24,8222
13,751,7661392,0,0,1
4,753,7671403,111,30,8224
13,752,7671425,0,1,0
4,754,7681620,114,31,8218
13,753,7681642,-1,1,0
4,755,7691558,106,40,8226
13,754,7691580,0,0,0
4,756,7701666,113,23,8234
13,755,7701688,-3,0,-2
4,757,7711686,112,29,8231
13,756,7711708,0,-1,0
4,758,7721846,109,31,8221
13,757,7721868,1,-1,0
4,759,7731733,109,25,8217
13,758,7731755,0,1,0
4,760,7741983,107,21,8221
13,759,7742005,-1,1,0
4,761,7751942,111,27,8227
13,760,7751964,0,2,1
4,762,7762068,116,23,8232
13,761,7762090,0,1,0
4,763,7772091,106,31,8224
13,762,7772113,-1,0,0
4,764,7782123,118,39,8225
13,763,7782145,0,1,1
4,765,7792200,112,24,8235
13,764,7792222,0,2,1
4,766,7802326,112,21,8227
13,765,7802348,-1,-1,-2
4,767,7812278,114,30,8232
13,766,7812300,-1,0,0
4,768,7822352,114,35,8210
13,767,7822374,0,0,0
4,769,7832430,119,12,8221
13,768,7832452,0,-2,1
4,770,7842605,112,28,8230
13,769,7842627,1,0,0
4,771,7852627,106,20,8224
13,770,7852649,1,0,0
4,772,7862626,115,28,8215
13,771,7862648,1,-3,-1
4,773,7872750,107,31,8210
13,772,7872772,2,1,1
4,774,7882750,115,27,8222
13,773,7882772,0,1,0
4,775,7892872,114,32,8235
13,774,7892894,0,0,0
4,776,7902898,106,23,8218
13,775,7902920,1,1,0
4,777,7912935,105,28,8216
13,776,7912957,0,0,-1
4,778,7923102,120,36,8223
13,777,7923124,0,-1,-1
4,779,7933028,103,25,8233
13,778,7933049,0,-1,0
4,780,7943106,107,24,8221
13,779,7943128,0,-2,0
4,781,7953119,106,35,8221
13,780,7953141,0,-1,-1
4,782,7963275,105,30,8234
13,781,7963296,0,0,0
4,783,7973258,106,19,8227
13,782,7973280,0,0,1
4,784,7983381,109,23,8229
13,783,7983403,1,0,0
4,785,7993454,101,37,8223
13,784,7993503,1,2,-1
4,786,8003647,111,23,8224
13,785,8003669,1,2,-1
4,787,8013658,116,27,8220
13,786,8013680,0,0,0
4,788,8023642,104,37,8235
13,787,8023664,-1,-1,-1
4,789,8033724,108,20,8213
13,788,8033746,-1,0,0
4,790,8043806,110,25,8217
13,789,8043828,0,0,-1
4,791,8053849,112,34,8229
13,790,8053871,0,1,-1
4,792,8063925,113,32,8222
13,791,8063947,0,0,0
4,793,8073971,104,36,8224
13,792,8073993,-1,0,1
4,794,8084103,115,34,8226
13,793,8084125,0,0,0
4,795,8094103,116,28,8228
13,794,8094124,0,-1,1
4,796,8104165,97,26,8221
13,795,8104187,0,1,1
4,797,8114215,105,43,8214
13,796,8114236,-1,1,1
4,798,8124417,116,24,8220
13,797,8124439,1,3,0
4,799,8134384,116,18,8228
13,798,8134406,2,2,0
4,800,8144417,113,20,8220
13,799,8144439,0,1,1
4,801,8154511,124,24,8224
13,800,8154533,0,1,1
4,802,8164668,108,33,8230
13,801,8164690,0,1,0
4,803,8174681,102,40,8229
13,802,8174703,0,3,-1
4,804,8184696,116,32,8219
13,803,8184718,0,0,0
4,805,8194762,108,22,8208
13,804,8194784,0,-1,1
4,806,8204866,113,33,8215
13,805,8204888,0,2,0
4,807,8214982,124,37,8215
13,806,8215004,0,1,0
4,808,8224968,112,39,8220
13,807,8224990,0,1,0
4,809,8235019,121,33,8226
13,808,8235041,0,-1,1
4,810,8245207,110,33,8218
13,809,8245229,-1,0,2
4,811,8255232,113,33,8231
13,810,8255254,-3,0,1
4,812,8265233,112,33,8226
13,811,8265255,-1,0,1
4,813,8275238,111,28,8212
13,812,8275260,0,1,0
4,814,8285450,105,35,8217
13,813,8285472,2,0,-2
4,815,8295384,111,32,8220
13,814,8295406,0,1,0
4,816,8305466,102,28,8230
13,815,8305487,0,1,3
4,817,8315530,106,32,8226
13,816,8315552,-1,1,0
4,818,8325665,111,26,8222
13,817,8325687,-2,0,0
4,819,8335650,105,28,8218
13,818,8335672,0,0,-1
4,820,8345698,104,21,8215
13,819,8345720,0,0,0
4,821,8355765,122,15,8213
13,820,8355786,0,0,-1
4,822,8365861,116,19,8237
13,821,8365883,0,0,0
4,823,8375910,112,27,8221
13,822,8375932,2,0,0
4,824,8385997,107,27,8231
13,823,8386019,-1,1,-1
4,825,8395996,104,20,8230
13,824,8396018,0,3,-1
4,826,8406177,113,20,8233
13,825,8406199,-1,0,2
4,827,8416127,114,26,8223
13,826,8416149,0,0,0
4,828,8426263,105,42,8224
13,827,8426285,0,1,0
4,829,8436264,106,40,8224
13,828,8436286,0,0,1
4,830,8446385,112,34,8227
13,829,8446407,-1,0,1
4,831,8456448,105,26,8223
13,830,8456470,0,1,2
4,832,8466470,117,29,8222
13,831,8466492,1,0,0
4,833,8476535,108,35,8223
13,832,8476557,0,0,-1
4,834,8486723,104,36,8216
13,833,8486745,0,1,-1
4,835,8496742,108,29,8219
13,834,8496764,0,-1,-1
4,836,8506765,114,25,8229
13,835,8506787,0,0,0
4,837,8516793,101,25,8219
13,836,8516815,0,0,0
4,838,8526963,114,20,8219
13,837,8526985,0,0,1
4,839,8536870,123,24,8224
13,838,8536892,1,2,0
4,840,8547016,105,36,8224
13,839,8547038,0,3,1
4,841,8557105,104,19,8225
13,840,8557127,0,0,2
4,842,8567211,110,36,8224
13,841,8567233,2,0,0
4,843,8577181,93,24,8216
13,842,8577203,-1,0,1
4,844,8587246,109,12,8217
13,843,8587268,-1,0,0
4,845,8597336,112,23,8225
13,844,8597358,0,0,0
4,846,8607407,103,28,8241
13,845,8607429,-2,0,0
4,847,8617451,121,25,8229
13,846,8617473,0,0,0
4,848,8627588,105,30,8217
13,847,8627610,0,1,0
4,849,8637590,110,20,8219
13,848,8637612,0,0,0
4,850,8647771,110,26,8224
13,849,8647793,1,1,0
4,851,8657681,117,33,8222
13,850,8657703,0,1,0
4,852,8667784,109,29,8233
13,851,8667806,-1,0,2
4,853,8677778,110,31,8223
13,852,8677800,-2,0,1
4,854,8687822,121,30,8229
13,853,8687843,0,1,-2
4,855,8697992,108,39,8215
13,854,8698014,0,1,-2
4,856,8707992,118,32,8221
13,855,8708014,1,1,0
4,857,8718055,109,16,8233
13,856,8718077,1,0,0
4,858,8728139,111,25,8221
13,857,8728161,-1,-1,3
4,859,8738186,114,36,8230
13,858,8738208,-1,0,-1
4,860,8748311,108,15,8223
13,859,8748333,0,0,1
4,861,8758226,101,24,8230
13,860,8758275,0,1,1
4,862,8768432,102,24,8223
13,861,8768454,0,1,0
4,863,8778445,110,30,8234
13,862,8778467,-1,0,1
4,864,8788531,121,34,8213
13,863,8788553,0,0,0
4,865,8798571,110,30,8214
13,864,8798593,0,2,0
4,866,8808724,107,34,8219
13,865,8808746,1,0,0
4,867,8818629,109,33,8221
13,866,8818651,2,1,2
4,868,8828724,115,20,8221
13,867,8828746,1,3,2
4,869,8838869,111,26,8216
13,868,8838891,0,0,0
4,870,8848910,113,33,8212
13,869,8848932,0,0,0
4,871,8858883,115,21,8229
13,870,8858905,0,-1,5
4,872,8869009,114,26,8215
13,871,8869031,0,1,2
4,873,8879094,111,28,8215
13,872,8879116,0,1,0
4,874,8889203,109,36,8227
13,873,8889225,1,1,-2
4,875,8899209,109,19,8232
13,874,8899231,2,0,0
4,876,8909337,121,32,8229
13,875,8909359,0,1,0
4,877,8919371,110,34,8220
13,876,8919393,-2,3,2
4,878,8929429,102,36,8223
13,877,8929451,0,0,0
4,879,8939436,97,33,8235
13,878,8939457,0,0,1
4,880,8949467,102,25,8216
13,879,8949489,0,1,2
4,881,8959555,121,27,8214
13,880,8959577,1,1,0
4,882,8969741,111,26,8226
13,881,8969763,0,0,4
4,883,8979630,114,32,8224
13,882,8979652,1,0,2
4,884,8989820,115,39,8233
13,883,8989842,0,1,-1
4,885,8999772,116,33,8229
13,884,8999794,1,-1,0
4,886,9009930,105,35,8224
13,885,9009952,0,1,1
4,887,9020023,110,25,8222
13,886,9020045,0,0,0
4,888,9030017,106,25,8230
13,887,9030039,-2,0,0
4,889,9040039,113,32,8229
13,888,9040061,-2,0,2
4,890,9050213,114,26,8227
13,889,9050235,0,0,0
4,891,9060098,114,30,8235
13,890,9060120,0,1,0
4,892,9070238,106,28,8215
13,891,9070260,-1,1,-1
4,893,9080258,113,28,8217
13,892,9080280,0,2,0
4,894,9090386,112,33,8224
13,893,9090408,-2,1,0
4,895,9100389,117,25,8221
13,894,9100411,-2,1,0
4,896,9110441,121,23,8212
13,895,9110463,1,0,0
4,897,9120449,100,32,8207
13,896,9120471,-1,0,0
4,898,9130704,113,24,8222
13,897,9130726,-2,-1,1
4,899,9140675,126,43,8220
13,898,9140697,0,0,0
4,900,9150674,108,37,8239
13,899,9150696,0,1,0
4,901,9160847,101,36,8226
13,900,9160869,0,1,1
4,902,9170835,103,35,8223
13,901,9170857,-1,0,0
4,903,9180881,116,27,8234
13,902,9180903,1,0,-2
4,904,9190949,110,40,8238
13,903,9190971,1,1,0
4,905,9201042,114,24,8234
13,904,9201064,2,-1,0
4,906,9211226,116,16,8228
13,905,9211248,1,0,0
4,907,9221183,109,32,8227
13,906,9221205,0,2,0
4,908,9231184,98,25,8225
13,907,9231206,-2,-1,0
4,909,9241248,110,29,8230
13,908,9241270,-1,0,1
4,910,9251352,109,36,8223
13,909,9251374,1,1,1
4,911,9261349,100,30,8219
13,910,9261371,0,2,1
4,912,9271459,108,18,8223
13,911,9271481,-1,0,1
4,913,9281526,111,29,8217
13,912,9281548,0,-2,1
4,914,9291633,112,32,8214
13,913,9291655,0,2,0
4,915,9301591,107,25,8234
13,914,9301613,-2,2,0
4,916,9311668,104,29,8218
13,915,9311690,0,0,-1
4,917,9321720,113,38,8224
13,916,9321742,0,0,1
4,918,9331838,107,40,8236
13,917,9331860,-1,2,2
4,919,9341844,114,24,8221
13,918,9341866,0,2,0
4,920,9351959,128,24,8231
13,919,9351981,0,3,0
4,921,9361974,111,26,8231
13,920,9361996,0,4,-1
4,922,9372180,103,13,8221
13,921,9372202,0,1,-2
4,923,9382042,111,18,8221
13,922,9382064,0,-1,-1
4,924,9392182,112,24,8219
13,923,9392204,-1,0,2
4,925,9402302,108,29,8212
13,924,9402324,0,1,2
4,926,9412319,116,22,8213
13,925,9412341,0,0,0
4,927,9422342,108,14,8229
13,926,9422364,0,0,1
4,928,9432320,108,26,8223
13,927,9432342,-2,1,0
4,929,9442469,113,12,8223
13,928,9442491,0,1,0
4,930,9452612,108,23,8224
13,929,9452634,1,1,1
4,931,9462582,108,30,8220
13,930,9462604,1,-1,-1
4,932,9472654,109,27,8222
13,931,9472676,0,0,0
4,933,9482623,111,23,8221
13,932,9482645,0,2,0
4,934,9492804,112,41,8225
13,933,9492826,0,0,0
4,935,9502809,111,27,8226
13,934,9502831,0,0,0
4,936,9512932,105,21,8225
13,935,9512954,0,0,0
4,937,9522962,114,26,8234
13,936,9522984,1,2,0
4,938,9533082,119,20,8233
13,937,9533104,0,2,0
4,939,9543083,111,27,8216
13,938,9543105,0,3,1
4,940,9553173,120,37,8223
13,939,9553195,0,1,0
4,941,9563192,106,27,8230
13,940,9563214,0,0,0
4,942,9573267,99,21,8221
13,941,9573288,0,0,0
4,943,9583319,105,30,8229
13,942,9583341,0,0,0
4,944,9593363,112,27,8228
13,943,9593385,0,1,2
4,945,9603435,109,19,8223
13,944,9603457,-2,2,0
4,946,9613610,108,22,8222
13,945,9613632,0,0,0
4,947,9623567,109,25,8227
13,946,9623589,0,-1,0
4,948,9633664,113,14,8220
13,947,9633686,0,0,0
4,949,9643716,111,29,8218
13,948,9643738,2,1,1
4,950,9653800,105,37,8224
13,949,9653822,0,0,1
4,951,9663878,111,21,8218
13,950,9663900,0,0,0
4,952,9673886,109,27,8225
13,951,9673908,0,0,0
4,953,9683940,118,32,8230
13,952,9683962,0,0,0
4,954,9694015,110,32,8221
13,953,9694037,2,2,1
4,955,9704086,105,21,8227
13,954,9704108,1,2,1
4,956,9714090,112,29,8229
13,955,9714112,1,1,0
4,957,9724169,95,24,8227
13,956,9724190,0,1,0
4,958,9734194,103,24,8216
13,957,9734216,-1,2,1
4,959,9744289,114,25,8230
13,958,9744311,0,0,0
4,960,9754350,112,32,8225
13,959,9754372,0,0,0
4,961,9764432,109,30,8225
13,960,9764454,2,0,0
4,962,9774592,106,36,8223
13,961,9774614,0,0,0
4,963,9784501,119,42,8224
13,962,9784523,0,0,0
4,964,9794627,117,34,8238
13,963,9794649,2,0,0
4,965,9804653,113,28,8223
13,964,9804675,2,0,0
4,966,9814728,112,28,8226
13,965,9814750,0,0,1
4,967,9824732,113,14,8218
13,966,9824754,0,2,2
4,968,9834903,110,18,8236
13,967,9834925,0,1,0
4,969,9844875,114,29,8236
13,968,9844897,0,0,0
4,970,9854961,113,42,8224
13,969,9854983,0,0,-2
4,971,9864988,105,33,8218
13,970,9865010,1,0,-1
4,972,9875047,102,21,8224
13,971,9875069,2,0,0
4,973,9885105,104,27,8227
13,972,9885155,0,0,0
4,974,9895274,111,27,8216
13,973,9895296,0,0,-1
4,975,9905266,109,32,8224
13,974,9905288,0,2,1
4,976,9915337,103,38,8231
13,975,9915359,0,2,2
4,977,9925383,112,26,8226
13,976,9925405,0,3,2
4,978,9935484,101,23,8221
13,977,9935506,0,3,0
4,979,9945465,99,26,8229
13,978,9945487,0,0,-1
4,980,9955517,105,21,8224
13,979,9955539,0,-1,0
4,981,9965518,106,25,8229
13,980,9965540,0,0,2
4,982,9975692,109,29,8225
13,981,9975714,0,0,-1
4,983,9985724,123,36,8227
13,982,9985746,0,1,0
4,984,9995714,120,30,8227
13,983,9995736,1,2,0
4,985,10005833,99,22,8230
13,984,10005855,2,-1,0
4,986,10016063,105,19,8219
13,985,10016085,0,-3,0
4,987,10025904,120,28,8220
13,986,10025926,0,2,-1
4,988,10036025,110,26,8224
13,987,10036047,0,1,0
4,989,10046061,98,34,8221
13,988,10046083,2,-1,0
4,990,10056215,115,34,8232
13,989,10056237,0,-2,0
4,991,10066164,102,22,8223
13,990,10066186,0,0,-2
4,992,10076167,110,23,8226
13,991,10076189,0,0,1
4,993,10086321,117,36,8232
13,992,10086343,0,3,1
4,994,10096432,108,34,8225
13,993,10096454,0,0,1
4,995,10106415,103,40,8222
13,994,10106437,0,0,0
4,996,10116459,105,32,8228
13,995,10116481,1,2,-1
4,997,10126511,118,36,8219
13,996,10126533,1,1,0
4,998,10136679,116,23,8220
13,997,10136701,0,2,0
4,999,10146656,123,25,8222
13,998,10146678,-1,2,1
4,1000,10156673,114,29,8224
13,999,10156695,-1,3,0
4,1001,10166800,102,28,8234
13,1000,10166822,-1,1,0
4,1002,10176984,104,31,8220
13,1001,10177006,1,1,0
4,1003,10186893,117,26,8222
13,1002,10186915,0,1,1
4,1004,10197032,118,19,8222
13,1003,10197054,1,0,-1
4,1005,10207030,107,24,8220
13,1004,10207052,0,2,0
4,1006,10217093,109,31,8218
13,1005,10217115,0,0,-1
4,1007,10227162,109,25,8220
13,1006,10227184,0,0,0
4,1008,10237167,106,29,8227
13,1007,10237189,1,0,0
4,1009,10247294,117,31,8216
13,1008,10247316,0,-2,0
4,1010,10257476,123,17,8214
13,1009,10257498,0,1,-1
4,1011,10267535,114,24,8223
13,1010,10267557,0,2,0
4,1012,10277538,110,30,8224
13,1011,10277560,0,0,0
4,1013,10287652,116,26,8222
13,1012,10287674,0,0,1
4,1014,10297646,102,25,8213
13,1013,10297668,0,0,0
4,1015,10307774,117,23,8216
13,1014,10307796,-1,0,1
4,1016,10317790,110,18,8233
13,1015,10317812,0,2,1
4,1017,10327758,119,13,8229
13,1016,10327780,0,2,-1
4,1018,10337992,122,27,8222
13,1017,10338014,0,2,-2
4,1019,10347943,106,30,8211
13,1018,10347965,0,1,0
4,1020,10358037,110,23,8220
13,1019,10358059,0,0,0
4,1021,10368134,112,27,8206
13,1020,10368156,0,0,-1
4,1022,10378181,117,26,8216
13,1021,10378202,-1,3,0
4,1023,10388233,108,21,8224
13,1022,10388255,-1,0,1
4,1024,10398302,106,23,8219
13,1023,10398324,0,0,0
4,1025,10408373,115,30,8228
13,1024,10408395,0,0,0
4,1026,10418536,108,28,8229
13,1025,10418557,0,0,0
4,1027,10428493,121,30,8225
13,1026,10428515,-1,0,0
4,1028,10438596,112,17,8222
13,1027,10438618,-1,0,-2
4,1029,10448507,100,30,8218
13,1028,10448529,0,2,0
4,1030,10458686,117,35,8216
13,1029,10458707,0,0,0
4,1031,10468695,127,26,8227
13,1030,10468717,0,0,0
4,1032,10478811,107,26,8227
13,1031,10478833,0,2,-1
4,1033,10488823,108,27,8217
13,1032,10488845,1,2,1
4,1034,10498962,109,29,8217
13,1033,10498984,0,-1,0
4,1035,10508995,114,27,8214
13,1034,10509017,0,0,0
4,1036,10518982,119,12,8233
13,1035,10519004,0,2,0
4,1037,10529128,114,16,8218
13,1036,10529150,0,0,0
4,1038,10539178,104,24,8222
13,1037,10539200,0,1,0
4,1039,10549284,113,35,8227
13,1038,10549306,0,0,0
4,1040,10559298,113,18,8227
13,1039,10559320,1,-2,1
4,1041,10569380,114,28,8233
13,1040,10569402,0,1,1
4,1042,10579563,117,19,8228
13,1041,10579585,0,0,0
4,1043,10589477,107,34,8221
13,1042,10589499,0,1,0
4,1044,10599550,111,36,8219
13,1043,10599572,1,-2,0
4,1045,10609617,97,28,8223
13,1044,10609639,0,-1,0
4,1046,10619735,104,22,8224
13,1045,10619757,1,-2,1
4,1047,10629739,110,25,8222
13,1046,10629761,1,0,0
4,1048,10639869,120,29,8223
13,1047,10639891,0,0,0
4,1049,10649893,110,27,8226
13,1048,10649915,0,0,0
4,1050,10660059,125,24,8233
13,1049,10660081,0,0,1
4,1051,10670031,115,26,8229
13,1050,10670053,-1,-2,1
4,1052,10680070,104,33,8220
13,1051,10680092,-2,2,0
4,1053,10690180,109,40,8219
13,1052,10690202,0,1,3
4,1054,10700203,107,21,8230
13,1053,10700225,0,1,0
4,1055,10710181,107,26,8222
13,1054,10710203,1,0,1
4,1056,10720289,111,35,8218
13,1055,10720310,0,-1,0
4,1057,10730328,118,37,8222
13,1056,10730349,0,0,0
4,1058,10740579,113,19,8223
13,1057,10740601,0,0,0
4,1059,10750478,115,20,8229
13,1058,10750500,1,1,0
4,1060,10760542,110,27,8226
13,1059,10760591,0,0,1
4,1061,10770620,112,28,8222
13,1060,10770642,0,1,3
4,1062,10780790,112,26,8230
13,1061,10780812,1,1,0
4,1063,10790773,109,20,8226
13,1062,10790795,0,-1,0
4,1064,10800842,111,10,8233
13,1063,10800864,-1,-1,-1
4,1065,10810860,111,26,8220
13,1064,10810882,-2,0,-3
4,1066,10821063,102,28,8220
13,1065,10821084,-2,0,0
4,1067,10830968,109,29,8225
13,1066,10830990,2,2,1
4,1068,10840954,106,38,8221
13,1067,10840976,1,2,1
4,1069,10851085,119,38,8219
13,1068,10851106,0,0,1
4,1070,10861202,114,35,8230
13,1069,10861224,0,-2,1
4,1071,10871208,106,26,8231
13,1070,10871230,0,1,0
4,1072,10881272,113,29,8227
13,1071,10881294,-1,2,-1
4,1073,10891316,119,35,8225
13,1072,10891365,0,1,-2
4,1074,10901514,120,24,8218
13,1073,10901536,0,2,0
4,1075,10911464,113,28,8228
13,1074,10911486,0,-1,-1
4,1076,10921545,109,25,8230
13,1075,10921567,0,-3,-1
4,1077,10931620,113,20,8217
13,1076,10931642,1,-2,0
4,1078,10941653,117,18,8230
13,1077,10941675,1,2,1
4,1079,10951706,117,38,8215
13,1078,10951728,0,2,0
4,1080,10961696,110,32,8222
13,1079,10961718,0,0,1
4,1081,10971817,123,30,8230
13,1080,10971839,-1,0,1
4,1082,10981944,114,34,8214
13,1081,10981965,0,0,1
4,1083,10991971,114,19,8210
13,1082,10991993,0,0,0
4,1084,11001997,114,17,8235
13,1083,11002019,0,-1,1
4,1085,11012035,111,20,8231
13,1084,11012057,0,0,0
4,1086,11022237,110,23,8229
13,1085,11022259,0,0,0
4,1087,11032176,114,29,8210
13,1086,11032198,1,-2,0
4,1088,11042250,113,20,8210
13,1087,11042272,-2,0,0
4,1089,11052279,107,27,8214
13,1088,11052301,0,-1,-1
4,1090,11062480,108,16,8226
13,1089,11062502,1,-1,0
4,1091,11072414,112,18,8230
13,1090,11072436,1,0,1
4,1092,11082436,113,18,8223
13,1091,11082458,-1,0,1
4,1093,11092588,115,4,8237
13,1092,11092610,0,-2,2
4,1094,11102535,112,17,8232
13,1093,11102557,3,-2,0
4,1095,11112641,103,21,8216
13,1094,11112663,0,0,0
4,1096,11122762,104,21,8211
13,1095,11122784,2,1,0
4,1097,11132731,106,41,8215
13,1096,11132753,0,-1,0
4,1098,11142929,106,49,8229
13,1097,11142951,-1,0,0
4,1099,11152895,114,28,8237
13,1098,11152917,-3,2,0
4,1100,11162952,106,31,8228
13,1099,11162974,-1,-1,0
4,1101,11172982,104,25,8232
13,1100,11173004,0,-1,0
4,1102,11183085,110,33,8236
13,1101,11183107,0,1,-1
4,1103,11193160,108,29,8220
13,1102,11193182,0,0,0
4,1104,11203149,121,18,8226
13,1103,11203170,0,-1,0
4,1105,11213289,109,26,8228
13,1104,11213311,0,-2,0
4,1106,11223378,119,21,8227
13,1105,11223400,1,1,2
4,1107,11233379,117,29,8227
13,1106,11233401,1,1,2
4,1108,11243373,119,29,8225
13,1107,11243395,1,-2,0
4,1109,11253392,96,33,8239
13,1108,11253414,0,-1,0
4,1110,11263623,109,32,8221
13,1109,11263645,0,0,1
4,1111,11273583,121,39,8223
13,1110,11273605,1,0,2
4,1112,11283699,118,37,8225
13,1111,11283721,1,2,0
4,1113,11293651,105,26,8212
13,1112,11293673,0,0,1
4,1114,11303865,109,17,8218
13,1113,11303886,0,0,0
4,1115,11313874,116,39,8220
13,1114,11313896,0,0,-1
4,1116,11323814,113,36,8235
13,1115,11323836,0,1,-1
4,1117,11333921,110,26,8233
13,1116,11333943,1,1,2
4,1118,11344025,113,19,8225
13,1117,11344047,2,-1,1
4,1119,11354031,112,32,8219
13,1118,11354053,0,-3,0
4,1120,11364092,105,33,8227
13,1119,11364114,0,0,-1
4,1121,11374161,113,30,8227
13,1120,11374182,0,1,0
4,1122,11384250,112,34,8231
13,1121,11384272,0,0,-1
4,1123,11394262,109,32,8226
13,1122,11394312,-1,-2,1
4,1124,11404410,114,35,8219
13,1123,11404432,0,-1,1
4,1125,11414412,106,25,8228
13,1124,11414434,1,0,0
4,1126,11424466,109,16,8216
13,1125,11424488,1,-2,-1
4,1127,11434526,109,18,8223
13,1126,11434548,0,0,0
4,1128,11444606,117,27,8233
13,1127,11444628,0,1,0
4,1129,11454579,112,34,8221
13,1128,11454601,0,1,0
4,1130,11464782,113,29,8222
13,1129,11464804,1,0,1
4,1131,11474806,109,26,8222
13,1130,11474828,0,-3,-1
4,1132,11484861,105,24,8219
13,1131,11484883,1,-1,-2
4,1133,11494887,108,25,8220
13,1132,11494909,0,1,0
4,1134,11504963,108,34,8221
13,1133,11504985,0,2,0
4,1135,11514920,111,24,8216
13,1134,11514942,0,0,0
4,1136,11525064,119,27,8229
13,1135,11525086,2,2,0
4,1137,11535112,121,32,8225
13,1136,11535134,0,0,0
4,1138,11545237,108,31,8229
13,1137,11545259,0,0,0
4,1139,11555273,117,34,8226
13,1138,11555295,0,-1,0
4,1140,11565245,98,20,8221
13,1139,11565267,0,1,2
4,1141,11575316,108,26,8216
13,1140,11575338,1,2,0
4,1142,11585450,114,27,8228
13,1141,11585472,0,-1,0
4,1143,11595425,106,14,8227
13,1142,11595447,-2,-1,1
4,1144,11605488,107,21,8225
13,1143,11605510,0,-1,1
4,1145,11615552,111,29,8226
13,1144,11615574,1,1,0
4,1146,11625632,103,24,8230
13,1145,11625654,0,-1,1
4,1147,11635653,110,28,8226
13,1146,11635675,0,-4,0
4,1148,11645708,118,30,8219
13,1147,11645730,-1,0,0
4,1149,11655812,113,26,8231
13,1148,11655834,-1,2,-2
4,1150,11665871,111,24,8220
13,1149,11665893,-1,0,0
4,1151,11675897,116,20,8218
13,1150,11675919,0,0,0
4,1152,11685916,105,25,8231
13,1151,11685938,0,0,1
4,1153,11696006,114,30,8238
13,1152,11696028,0,0,1
4,1154,11706179,109,28,8232
13,1153,11706201,0,2,-1
4,1155,11716077,116,27,8213
13,1154,11716099,0,0,0
4,1156,11726241,115,23,8226
13,1155,11726263,-1,1,0
4,1157,11736238,119,24,8227
13,1156,11736259,1,0,-1
4,1158,11746324,119,27,8217
13,1157,11746346,1,1,0
4,1159,11756367,109,26,8215
13,1158,11756389,0,0,0
4,1160,11766533,119,23,8217
13,1159,11766555,0,0,0
4,1161,11776590,113,30,8226
13,1160,11776612,-1,1,0
4,1162,11786705,110,33,8238
13,1161,11786727,-1,2,0
4,1163,11796626,111,21,8224
13,1162,11796648,-1,0,0
4,1164,11806692,119,30,8225
13,1163,11806714,0,0,3
4,1165,11816733,118,21,8229
13,1164,11816755,0,-1,2
4,1166,11826792,117,28,8223
13,1165,11826814,0,-2,0
4,1167,11836855,120,27,8228
13,1166,11836877,-1,-3,0
4,1168,11846943,111,28,8217
13,1167,11846965,0,0,0
4,1169,11856986,106,26,8221
13,1168,11857008,2,0,0
4,1170,11867140,115,29,8217
13,1169,11867161,0,0,0
4,1171,11877117,108,27,8230
13,1170,11877139,0,-1,0
4,1172,11887150,90,21,8232
13,1171,11887172,1,-1,0
4,1173,11897223,104,29,8228
13,1172,11897272,0,0,1
4,1174,11907357,110,33,8219
13,1173,11907379,2,2,0
4,1175,11917393,104,34,8222
13,1174,11917415,0,-1,2
4,1176,11927441,113,32,8233
13,1175,11927463,0,-3,0
4,1177,11937507,112,24,8224
13,1176,11937529,1,2,0
4,1178,11947547,105,18,8235
13,1177,11947569,0,2,0
4,1179,11957578,112,28,8226
13,1178,11957600,0,1,-1
4,1180,11967715,112,25,8225
13,1179,11967737,0,0,0
4,1181,11977708,114,16,8217
13,1180,11977730,0,1,0
4,1182,11987820,104,14,8225
13,1181,11987842,0,0,1
4,1183,11997770,103,26,8220
13,1182,11997792,0,0,1
4,1184,12007885,111,31,8216
13,1183,12007907,0,1,1
4,1185,12017953,109,24,8216
13,1184,12017975,-1,0,0
4,1186,12028134,103,21,8218
13,1185,12028156,0,-2,1
4,1187,12038125,103,20,8221
13,1186,12038147,1,1,0
4,1188,12048105,113,21,8232
13,1187,12048127,0,-2,0
4,1189,12058219,114,32,8220
13,1188,12058241,0,0,0
4,1190,12068286,117,30,8222
13,1189,12068308,1,-1,1
4,1191,12078309,120,25,8222
13,1190,12078331,2,-3,0
4,1192,12088381,122,23,8225
13,1191,12088403,1,1,2
4,1193,12098371,103,29,8216
13,1192,12098393,1,0,2
4,1194,12108603,116,28,8224
13,1193,12108625,1,-2,-1
4,1195,12118623,119,21,8219
13,1194,12118645,2,0,0
4,1196,12128618,106,36,8225
13,1195,12128640,1,-1,-1
4,1197,12138675,110,33,8225
13,1196,12138697,1,-2,-2
4,1198,12148816,111,31,8215
13,1197,12148838,1,-2,1
4,1199,12158795,116,17,8234
13,1198,12158817,-1,0,-1
4,1200,12168869,111,13,8231
13,1199,12168891,0,0,0
4,1201,12178924,112,26,8216
13,1200,12178946,1,1,0
4,1202,12189057,111,26,8221
13,1201,12189079,1,0,0
4,1203,12199011,104,23,8214
13,1202,12199033,2,0,0
4,1204,12209057,105,29,8222
13,1203,12209079,0,0,0
4,1205,12219120,108,30,8218
13,1204,12219142,0,0,0
4,1206,12229261,117,31,8226
13,1205,12229283,0,-2,0
4,1207,12239247,127,33,8219
13,1206,12239269,0,-1,1
4,1208,12249301,121,28,8220
13,1207,12249323,3,1,0
4,1209,12259289,113,31,8235
13,1208,12259311,2,-1,-1
4,1210,12269536,113,28,8222
13,1209,12269558,0,0,0
4,1211,12279476,111,24,8224
13,1210,12279498,0,-2,2
4,1212,12289528,112,23,8223
13,1211,12289550,1,0,2
4,1213,12299531,124,26,8221
13,1212,12299553,0,-3,0
4,1214,12309662,111,26,8225
13,1213,12309684,1,-2,0
4,1215,12319683,105,27,8234
13,1214,12319705,0,0,0
4,1216,12329725,101,32,8223
13,1215,12329747,1,0,0
4,1217,12339784,107,24,8226
13,1216,12339806,0,1,0
4,1218,12349881,117,37,8228
13,1217,12349903,0,0,1
4,1219,12359882,114,33,8228
13,1218,12359904,0,0,1
4,1220,12369969,106,26,8234
13,1219,12369991,0,0,0
4,1221,12380011,108,20,8222
13,1220,12380033,0,-1,1
4,1222,12390079,102,22,8214
13,1221,12390101,1,-3,0
4,1223,12400218,111,30,8217
13,1222,12400240,1,0,0
4,1224,12410250,115,27,8210
13,1223,12410272,0,0,0
4,1225,12420222,107,42,8212
13,1224,12420244,0,-1,1
4,1226,12430406,110,20,8225
13,1225,12430428,2,-3,-1
4,1227,12440373,108,23,8232
13,1226,12440395,1,0,0
4,1228,12450390,105,30,8224
13,1227,12450412,-1,-2,0
4,1229,12460465,116,39,8221
13,1228,12460487,0,-2,0
4,1230,12470553,112,32,8224
13,1229,12470575,-1,0,0
4,1231,12480594,114,27,8234
13,1230,12480616,0,0,-1
4,1232,12490623,108,19,8225
13,1231,12490645,0,1,-1
4,1233,12500631,110,29,8221
13,1232,12500653,-1,-1,-1
4,1234,12510829,117,22,8235
13,1233,12510851,0,-2,-1
4,1235,12520801,108,18,8227
13,1234,12520823,0,-1,0
4,1236,12530787,113,24,8228
13,1235,12530809,0,1,-1
4,1237,12540944,104,29,8225
13,1236,12540966,0,0,0
4,1238,12551032,100,15,8222
13,1237,12551054,0,-3,-1
4,1239,12560989,111,12,8219
13,1238,12561011,0,-1,-1
4,1240,12571108,121,21,8221
13,1239,12571130,1,1,0
4,1241,12581191,114,23,8221
13,1240,12581212,-1,0,1
4,1242,12591225,118,21,8238
13,1241,12591247,0,-1,2
4,1243,12601273,113,23,8230
13,1242,12601295,-1,-3,0
4,1244,12611294,110,24,8227
13,1243,12611316,0,-2,1
4,1245,12621416,119,26,8216
13,1244,12621438,0,-1,2
4,1246,12631453,117,22,8219
13,1245,12631475,0,-1,0
4,1247,12641419,118,22,8225
13,1246,12641441,0,0,-2
4,1248,12651609,112,11,8227
13,1247,12651631,3,-1,0
4,1249,12661593,111,30,8232
13,1248,12661615,1,-3,-1
4,1250,12671776,113,40,8227
13,1249,12671798,-1,-3,-1
4,1251,12681712,113,39,8224
13,1250,12681734,0,-1,0
4,1252,12691784,111,26,8223
13,1251,12691806,1,-1,0
4,1253,12701852,105,36,8230
13,1252,12701874,0,1,0
4,1254,12711898,111,37,8227
13,1253,12711920,0,1,-1
4,1255,12721850,118,27,8229
13,1254,12721872,1,-2,1
4,1256,12731971,115,35,8224
13,1255,12731993,0,-1,0
4,1257,12742107,123,26,8227
13,1256,12742129,-1,0,1
4,1258,12752174,108,25,8227
13,1257,12752196,0,0,0
4,1259,12762214,105,32,8228
13,1258,12762236,1,-1,0
4,1260,12772207,112,23,8230
13,1259,12772228,0,-2,0
4,1261,12782221,110,20,8223
13,1260,12782243,-1,-2,-1
4,1262,12792374,104,25,8225
13,1261,12792396,-1,0,0
4,1263,12802336,104,29,8227
13,1262,12802358,1,-1,0
4,1264,12812476,111,35,8215
13,1263,12812498,0,-1,1
4,1265,12822498,109,28,8216
13,1264,12822520,0,0,2
4,1266,12832706,109,24,8227
13,1265,12832728,0,-1,0
4,1267,12842602,118,30,8223
13,1266,12842624,0,-2,0
4,1268,12852701,119,24,8223
13,1267,12852723,0,-1,0
4,1269,12862665,111,21,8229
13,1268,12862687,0,-2,1
4,1270,12872859,107,18,8220
13,1269,12872881,1,1,0
4,1271,12882834,100,24,8218
13,1270,12882856,0,0,0
4,1272,12892849,110,32,8226
13,1271,12892871,0,0,1
4,1273,12902970,104,18,8209
13,1272,12903019,0,0,0
4,1274,12913133,108,31,8232
13,1273,12913155,0,-2,0
4,1275,12923092,112,29,8217
13,1274,12923114,0,0,0
4,1276,12933233,115,21,8224
13,1275,12933255,0,1,1
4,1277,12943226,100,20,8223
13,1276,12943248,0,0,0
4,1278,12953312,103,28,8237
13,1277,12953334,0,0,0
4,1279,12963332,114,25,8223
13,1278,12963354,1,0,0
4,1280,12973403,107,24,8215
13,1279,12973425,0,0,0
4,1281,12983480,102,28,8229
13,1280,12983502,-2,1,0
4,1282,12993612,119,24,8221
13,1281,12993634,0,0,0
4,1283,13003620,112,26,8223
13,1282,13003642,0,-1,2
4,1284,13013552,111,28,8228
13,1283,13013574,0,0,1
4,1285,13023680,112,23,8226
13,1284,13023702,-1,2,0
4,1286,13033783,105,23,8216
13,1285,13033805,0,1,0
4,1287,13043821,110,25,8224
13,1286,13043843,0,1,0
4,1288,13053876,120,29,8233
13,1287,13053898,1,0,0
4,1289,13063875,112,32,8239
13,1288,13063897,0,2,0
4,1290,13074058,108,24,8229
13,1289,13074080,0,1,3
4,1291,13083968,117,24,8239
13,1290,13083990,0,0,0
4,1292,13094093,107,29,8233
13,1291,13094115,0,1,-1
4,1293,13104062,109,32,8220
13,1292,13104084,0,1,0
4,1294,13114251,122,31,8223
13,1293,13114273,0,2,0
4,1295,13124255,111,28,8234
13,1294,13124277,0,2,1
4,1296,13134289,109,31,8225
13,1295,13134311,0,0,0
4,1297,13144421,112,8,8211
13,1296,13144443,-1,0,0
4,1298,13154534,105,18,8217
13,1297,13154556,0,2,0
4,1299,13164527,113,22,8230
13,1298,13164549,1,0,0
4,1300,13174550,111,20,8228
13,1299,13174572,1,1,-1
4,1301,13184643,111,14,8222
13,1300,13184665,0,1,0
4,1302,13194709,114,25,8218
13,1301,13194731,0,4,-1
4,1303,13204707,113,20,8220
13,1302,13204729,0,1,-1
4,1304,13214826,107,21,8221
13,1303,13214848,1,0,0
4,1305,13224851,113,27,8230
13,1304,13224873,-1,0,0
4,1306,13235018,115,30,8228
13,1305,13235040,0,-2,0
4,1307,13244958,108,21,8229
13,1306,13244980,0,-1,0
4,1308,13255080,113,11,8226
13,1307,13255102,0,1,1
4,1309,13265078,110,23,8219
13,1308,13265100,0,0,1
4,1310,13275113,97,24,8221
13,1309,13275135,1,0,2
4,1311,13285216,103,23,8230
13,1310,13285238,1,-2,0
4,1312,13295277,111,29,8221
13,1311,13295299,1,-1,0
4,1313,13305390,117,26,8230
13,1312,13305412,0,0,1
4,1314,13315457,112,28,8219
13,1313,13315479,-1,0,0
4,1315,13325454,108,25,8219
13,1314,13325476,1,2,0
4,1316,13335487,109,32,8235
13,1315,13335509,1,0,0
4,1317,13345608,111,23,8227
13,1316,13345630,0,0,0
4,1318,13355638,108,21,8227
13,1317,13355660,0,-2,0
4,1319,13365654,107,32,8231
13,1318,13365676,0,-4,-1
4,1320,13375743,111,29,8221
13,1319,13375765,-1,0,1
4,1321,13385817,110,40,8223
13,1320,13385839,1,1,0
4,1322,13395924,106,25,8227
13,1321,13395946,1,0,0
4,1323,13405847,101,31,8232
13,1322,13405869,0,-1,-1
4,1324,13415969,111,31,8231
13,1323,13415991,1,0,1
4,1325,13426032,110,18,8223
13,1324,13426054,0,0,2
4,1326,13436100,110,25,8218
13,1325,13436122,2,0,1
4,1327,13446151,116,24,8210
13,1326,13446173,2,-1,0
4,1328,13456155,113,28,8223
13,1327,13456177,0,0,0
4,1329,13466214,105,27,8221
13,1328,13466236,-1,0,-1
4,1330,13476383,107,27,8229
13,1329,13476404,0,0,0
4,1331,13486341,113,20,8227
13,1330,13486363,0,0,1
4,1332,13496417,103,41,8227
13,1331,13496439,0,0,0
4,1333,13506455,112,45,8226
13,1332,13506477,-1,0,0
4,1334,13516556,118,23,8228
13,1333,13516578,-1,0,0
4,1335,13526519,111,24,8228
13,1334,13526541,0,0,1
4,1336,13536680,111,30,8222
13,1335,13536702,0,1,2
4,1337,13546705,110,31,8230
13,1336,13546727,2,-2,2
4,1338,13556912,113,20,8233
13,1337,13556934,1,-1,0
4,1339,13566848,115,30,8235
13,1338,13566870,1,0,-3
4,1340,13576892,109,27,8231
13,1339,13576914,1,-2,0
4,1341,13586990,114,31,8226
13,1340,13587012,-1,0,0
4,1342,13597003,114,26,8220
13,1341,13597025,0,1,1
4,1343,13607017,119,25,8219
13,1342,13607039,-1,0,0
4,1344,13617085,114,27,8215
13,1343,13617106,0,0,1
4,1345,13627178,103,27,8211
13,1344,13627200,0,0,0
4,1346,13637310,117,32,8225
13,1345,13637332,0,-1,0
4,1347,13647234,118,24,8226
13,1346,13647256,0,0,1
4,1348,13657384,113,41,8216
13,1347,13657406,-1,0,1
4,1349,13667279,106,37,8229
13,1348,13667301,0,1,1
4,1350,13677476,106,38,8221
13,1349,13677498,1,0,1
4,1351,13687580,115,30,8218
13,1350,13687602,2,0,1
4,1352,13697579,110,36,8228
13,1351,13697601,1,0,1
4,1353,13707587,112,39,8217
13,1352,13707609,-1,0,1
4,1354,13717725,118,25,8226
13,1353,13717747,0,-2,1
4,1355,13727697,112,25,8228
13,1354,13727719,-1,2,0
4,1356,13737755,115,38,8227
13,1355,13737777,0,0,0
4,1357,13747806,121,21,8219
13,1356,13747828,0,0,1
4,1358,13757969,104,25,8223
13,1357,13757990,0,0,1
4,1359,13767922,102,15,8222
13,1358,13767944,0,1,-1
4,1360,13778017,104,21,8224
13,1359,13778039,1,-3,1
4,1361,13788001,112,26,8215
13,1360,13788022,1,-5,1
4,1362,13798236,116,37,8231
13,1361,13798258,0,-2,0
4,1363,13808147,111,22,8234
13,1362,13808169,1,1,0
4,1364,13818147,118,21,8231
13,1363,13818169,0,-1,0
4,1365,13828293,104,28,8223
13,1364,13828315,1,0,-1
4,1366,13838309,108,27,8221
13,1365,13838331,2,1,1
4,1367,13848351,117,11,8221
13,1366,13848373,0,0,2
4,1368,13858331,109,10,8223
13,1367,13858353,-1,0,0
4,1369,13868453,113,31,8225
13,1368,13868475,0,-3,0
4,1370,13878640,114,33,8227
13,1369,13878662,0,0,-1
4,1371,13888501,109,22,8227
13,1370,13888522,0,-1,0
4,1372,13898606,103,29,8225
13,1371,13898628,-2,-2,1
4,1373,13908656,108,34,8229
13,1372,13908678,0,4,0
4,1374,13918792,120,25,8224
13,1373,13918814,0,0,0
4,1375,13928790,111,30,8230
13,1374,13928812,1,-2,0
4,1376,13938856,116,39,8227
13,1375,13938878,-1,2,0
4,1377,13948885,108,40,8219
13,1376,13948907,1,0,0
4,1378,13959069,116,29,8217
13,1377,13959091,0,-2,0
4,1379,13969082,109,25,8225
13,1378,13969104,0,0,0
4,1380,13979088,105,28,8225
13,1379,13979110,-2,0,-2
4,1381,13989094,109,23,8226
13,1380,13989116,0,-1,-1
4,1382,13999216,110,29,8228
13,1381,13999238,-1,0,1
4,1383,14009259,114,32,8219
13,1382,14009280,0,-1,1
4,1384,14019284,114,25,8224
13,1383,14019306,0,-2,0
4,1385,14029358,100,32,8235
13,1384,14029380,-1,-2,2
4,1386,14039628,114,45,8229
13,1385,14039650,0,0,0
4,1387,14049567,106,22,8226
13,1386,14049589,0,0,-1
4,1388,14059579,116,17,8216
13,1387,14059601,0,-1,0
4,1389,14069632,110,28,8219
13,1388,14069654,4,0,0
4,1390,14079688,106,31,8230
13,1389,14079710,3,0,0
4,1391,14089736,113,32,8221
13,1390,14089758,0,2,-1
4,1392,14099798,107,32,8222
13,1391,14099820,0,2,0
4,1393,14109827,104,27,8228
13,1392,14109848,-1,-1,3
4,1394,14120066,118,23,8226
13,1393,14120087,0,-4,0
4,1395,14129926,116,23,8232
13,1394,14129948,0,-2,-1
4,1396,14140014,115,28,8224
13,1395,14140036,2,-1,1
4,1397,14150167,107,35,8208
13,1396,14150189,0,-1,0
4,1398,14160188,111,27,8225
13,1397,14160237,1,0,0
4,1399,14170242,111,15,8224
13,1398,14170264,-1,2,0
4,1400,14180307,115,33,8223
13,1399,14180329,-3,1,1
4,1401,14190294,104,24,8224
13,1400,14190316,0,0,1
4,1402,14200477,110,24,8230
13,1401,14200499,-1,1,2
4,1403,14210435,111,32,8227
13,1402,14210457,-1,0,0
4,1404,14220488,107,21,8229
13,1403,14220510,0,1,0
4,1405,14230564,94,20,8225
13,1404,14230585,1,0,1
4,1406,14240659,113,33,8223
13,1405,14240681,0,0,1
4,1407,14250659,110,28,8234
13,1406,14250681,1,0,0
4,1408,14260766,113,20,8226
13,1407,14260788,0,0,0
4,1409,14270813,107,23,8225
13,1408,14270835,0,0,1
4,1410,14280929,116,21,8233
13,1409,14280951,0,0,0
4,1411,14291053,104,29,8234
13,1410,14291075,0,-3,0
4,1412,14301034,114,15,8225
13,1411,14301056,0,-1,0
4,1413,14311095,111,21,8231
13,1412,14311117,0,-1,0
4,1414,14321202,113,43,8222
13,1413,14321224,1,1,-1
4,1415,14331236,106,32,8222
13,1414,14331258,0,-1,0
4,1416,14341351,107,23,8219
13,1415,14341373,0,0,0
4,1417,14351374,105,24,8212
13,1416,14351396,-1,0,-2
4,1418,14361465,106,29,8224
13,1417,14361487,0,0,-1
4,1419,14371452,99,45,8221
13,1418,14371474,0,-1,0
4,1420,14381484,111,34,8226
13,1419,14381506,1,-1,1
4,1421,14391520,115,25,8223
13,1420,14391542,3,-1,0
4,1422,14401647,111,25,8231
13,1421,14401669,0,0,0
4,1423,14411689,106,34,8233
13,1422,14411711,0,0,1
4,1424,14421762,115,34,8226
13,1423,14421784,0,-2,0
4,1425,14431816,115,27,8227
13,1424,14431838,-2,-2,1
4,1426,14441969,111,30,8218
13,1425,14441991,-1,1,0
4,1427,14451936,113,23,8210
13,1426,14451958,-1,1,0
4,1428,14461977,113,25,8231
13,1427,14461999,0,0,0
4,1429,14472036,111,28,8232
13,1428,14472058,1,0,0
4,1430,14482118,116,26,8220
13,1429,14482140,0,-1,1
4,1431,14492124,110,27,8218
13,1430,14492146,0,-2,0
4,1432,14502202,108,21,8217
13,1431,14502224,0,-2,0
4,1433,14512201,103,22,8232
13,1432,14512223,0,0,0
4,1434,14522405,106,30,8233
13,1433,14522427,0,2,0
4,1435,14532443,114,24,8221
13,1434,14532492,0,0,2
4,1436,14542442,107,33,8220
13,1435,14542491,0,0,0
4,1437,14552530,102,27,8213
13,1436,14552552,-2,1,1
4,1438,14562574,117,25,8231
13,1437,14562596,0,0,2
4,1439,14572657,110,23,8218
13,1438,14572679,0,-1,0
4,1440,14582737,108,29,8221
13,1439,14582759,0,0,0
4,1441,14592768,113,30,8225
13,1440,14592790,0,1,1
4,1442,14602936,106,30,8223
13,1441,14602958,2,2,0
4,1443,14612829,113,33,8227
13,1442,14612851,0,1,-1
4,1444,14622988,122,27,8222
13,1443,14623010,0,0,0
4,1445,14633037,119,36,8235
13,1444,14633059,1,-3,0
4,1446,14643134,112,27,8223
13,1445,14643156,0,0,-1
4,1447,14653161,110,25,8216
13,1446,14653183,0,2,0
4,1448,14663187,109,24,8238
13,1447,14663209,0,0,1
4,1449,14673342,115,29,8223
13,1448,14673364,-1,0,2
4,1450,14683527,115,38,8216
13,1449,14683549,0,1,2
4,1451,14693444,101,24,8220
13,1450,14693466,1,0,-1
4,1452,14703496,114,25,8215
13,1451,14703518,3,0,-2
4,1453,14713530,118,20,8216
13,1452,14713552,2,0,0
4,1454,14723644,114,16,8221
13,1453,14723666,1,0,1
4,1455,14733661,111,31,8235
13,1454,14733683,-1,1,1
4,1456,14743750,106,26,8224
13,1455,14743771,-2,0,1
4,1457,14753813,114,23,8212
13,1456,14753835,0,0,2
4,1458,14763963,110,20,8209
13,1457,14763985,0,0,2
4,1459,14773923,108,19,8214
13,1458,14773945,-1,-2,0
4,1460,14783985,110,36,8216
13,1459,14784007,0,0,1
4,1461,14794153,119,31,8223
13,1460,14794175,0,0,2
4,1462,14804195,121,24,8217
13,1461,14804217,0,1,2
4,1463,14814263,115,33,8223
13,1462,14814285,0,-1,0
4,1464,14824283,122,41,8222
13,1463,14824305,0,-1,1
4,1465,14834386,111,38,8226
13,1464,14834408,0,-1,1
4,1466,14844523,118,23,8230
13,1465,14844545,0,0,0
4,1467,14854490,102,24,8226
13,1466,14854512,1,0,1
4,1468,14864522,106,20,8219
13,1467,14864544,1,-2,2
4,1469,14874648,121,18,8225
13,1468,14874670,0,0,0
4,1470,14884763,107,22,8219
13,1469,14884785,0,0,1
4,1471,14894817,101,24,8220
13,1470,14894839,0,-1,0
4,1472,14904849,117,26,8224
13,1471,14904871,0,-1,0
4,1473,14914840,116,32,8222
13,1472,14914862,-1,1,0
4,1474,14925122,115,30,8238
13,1473,14925144,1,0,0
4,1475,14935078,102,15,8230
13,1474,14935100,0,-1,0
4,1476,14945121,110,27,8226
13,1475,14945143,0,-1,1
4,1477,14955167,114,31,8224
13,1476,14955189,-1,-1,0
4,1478,14965349,113,27,8236
13,1477,14965371,1,0,1
4,1479,14975327,109,30,8222
13,1478,14975349,2,0,2
4,1480,14985347,113,36,8223
13,1479,14985369,0,1,1
4,1481,14995451,120,34,8223
13,1480,14995473,-1,0,0
4,1482,15005606,116,28,8223
13,1481,15005628,0,0,1
4,1483,15015566,111,26,8223
13,1482,15015588,0,0,2
4,1484,15025659,103,27,8227
13,1483,15025681,0,0,0
4,1485,15035701,105,28,8223
13,1484,15035723,0,1,1
4,1486,15045856,117,30,8225
13,1485,15045878,0,-1,0
4,1487,15055877,120,28,8221
13,1486,15055899,2,0,-1
4,1488,15065887,119,30,8221
13,1487,15065909,0,1,1
4,1489,15075993,117,28,8216
13,1488,15076015,0,-1,1
4,1490,15086155,115,25,8239
13,1489,15086177,2,0,-1
4,1491,15096076,108,23,8224
13,1490,15096098,0,-3,-3
4,1492,15106189,107,24,8224
13,1491,15106211,0,0,-1
4,1493,15116252,116,19,8225
13,1492,15116274,1,-2,0
4,1494,15126298,116,25,8217
13,1493,15126319,-1,-1,1
4,1495,15136404,127,28,8221
13,1494,15136426,0,0,1
4,1496,15146503,114,22,8220
13,1495,15146525,1,0,1
4,1497,15156448,105,20,8217
13,1496,15156470,2,-1,0
4,1498,15166690,112,25,8222
13,1497,15166712,0,-1,1
4,1499,15176649,123,33,8213
13,1498,15176671,0,0,0
4,1500,15186777,113,35,8225
13,1499,15186799,1,0,0
4,1501,15196767,106,26,8215
13,1500,15196789,0,-2,0
4,1502,15206818,111,22,8220
13,1501,15206840,0,-2,-1
4,1503,15216959,122,39,8222
13,1502,15216981,0,-2,0
4,1504,15226925,116,23,8210
13,1503,15226947,0,0,0
4,1505,15237010,108,14,8225
13,1504,15237032,0,0,1
4,1506,15247150,110,32,8228
13,1505,15247172,0,0,0
4,1507,15257158,126,38,8221
13,1506,15257180,1,0,-2
4,1508,15267255,109,25,8235
13,1507,15267277,2,-1,-1
4,1509,15277262,111,25,8230
13,1508,15277284,0,-1,0
4,1510,15287290,118,28,8227
13,1509,15287312,1,-1,2
4,1511,15297377,104,28,8238
13,1510,15297399,0,0,0
4,1512,15307555,125,29,8241
13,1511,15307577,0,0,0
4,1513,15317532,118,28,8225
13,1512,15317554,2,2,1
4,1514,15327717,118,28,8223
13,1513,15327739,1,-1,1
4,1515,15337632,112,23,8229
13,1514,15337654,0,0,0
4,1516,15347628,118,29,8233
13,1515,15347650,0,1,0
4,1517,15357756,114,34,8226
13,1516,15357778,-1,2,0
4,1518,15367787,111,29,8223
13,1517,15367809,0,0,-1
4,1519,15377868,122,25,8221
13,1518,15377890,0,0,0
4,1520,15387922,114,32,8225
13,1519,15387944,0,0,0
4,1521,15398052,103,22,8229
13,1520,15398074,0,1,0
4,1522,15408146,110,28,8224
13,1521,15408168,2,0,1
4,1523,15418188,104,29,8218
13,1522,15418238,0,-2,1
4,1524,15428160,98,34,8229
13,1523,15428209,0,0,3
4,1525,15438352,108,35,8232
13,1524,15438374,-2,0,1
4,1526,15448382,116,20,8219
13,1525,15448404,0,0,2
4,1527,15458367,118,21,8235
13,1526,15458389,0,1,0
4,1528,15468492,121,27,8222
13,1527,15468514,1,0,1
4,1529,15478505,121,26,8217
13,1528,15478526,0,-3,0
4,1530,15488718,122,25,8220
13,1529,15488740,-1,0,0
4,1531,15498716,111,25,8234
13,1530,15498738,0,1,0
4,1532,15508716,110,26,8235
13,1531,15508738,-2,-1,0
4,1533,15518795,120,25,8223
13,1532,15518817,0,-2,1
4,1534,15528862,114,17,8223
13,1533,15528884,1,0,0
4,1535,15538931,115,22,8239
13,1534,15538953,1,0,1
4,1536,15549056,115,23,8223
13,1535,15549078,2,2,0
4,1537,15559063,111,29,8224
13,1536,15559085,1,1,-2
4,1538,15569298,104,20,8216
13,1537,15569320,0,0,0
4,1539,15579140,117,19,8222
13,1538,15579162,0,-1,0
4,1540,15589251,116,36,8224
13,1539,15589273,0,0,-1
4,1541,15599299,107,28,8232
13,1540,15599321,0,-2,-2
4,1542,15609395,110,24,8227
13,1541,15609417,3,-3,-1
4,1543,15619450,110,34,8220
13,1542,15619472,1,-1,0
4,1544,15629446,116,36,8229
13,1543,15629468,0,-2,0
4,1545,15639564,121,31,8216
13,1544,15639586,-2,-1,2
4,1546,15649659,110,35,8226
13,1545,15649680,1,0,0
4,1547,15659702,115,31,8225
13,1546,15659723,0,0,-1
4,1548,15669705,121,22,8233
13,1547,15669727,0,2,0
4,1549,15679843,108,21,8217
13,1548,15679865,0,2,0
4,1550,15689944,111,27,8223
13,1549,15689966,1,0,0
4,1551,15699964,103,30,8235
13,1550,15699986,0,0,0
4,1552,15710121,110,16,8231
13,1551,15710143,2,1,-1
4,1553,15720112,114,31,8230
13,1552,15720134,1,-3,0
4,1554,15730262,112,26,8230
13,1553,15730284,0,-3,1
4,1555,15740205,106,22,8225
13,1554,15740227,0,-2,1
4,1556,15750292,105,35,8226
13,1555,15750314,2,-1,0
4,1557,15760322,101,28,8224
13,1556,15760344,0,0,0
4,1558,15770418,120,26,8227
13,1557,15770440,0,0,1
4,1559,15780473,109,33,8221
13,1558,15780495,-1,-2,0
4,1560,15790543,108,23,8230
13,1559,15790565,2,-2,0
4,1561,15800603,108,25,8237
13,1560,15800625,2,0,0
4,1562,15810778,111,19,8233
13,1561,15810800,-1,1,0
4,1563,15820815,116,28,8217
13,1562,15820837,0,0,-1
4,1564,15830847,99,31,8226
13,1563,15830869,2,-2,0
4,1565,15840840,98,26,8229
13,1564,15840862,-1,-2,-1
4,1566,15850975,106,30,8219
13,1565,15850997,-1,-3,0
4,1567,15861010,114,31,8222
13,1566,15861032,0,1,1
4,1568,15871127,109,24,8225
13,1567,15871149,0,2,1
4,1569,15881144,105,18,8240
13,1568,15881165,0,0,0
4,1570,15891315,112,21,8238
13,1569,15891337,0,0,-1
4,1571,15901297,108,29,8222
13,1570,15901319,1,1,-1
4,1572,15911407,107,37,8222
13,1571,15911429,0,1,0
4,1573,15921400,117,24,8226
13,1572,15921422,0,0,1
4,1574,15931514,110,26,8231
13,1573,15931536,1,1,-1
4,1575,15941568,106,26,8226
13,1574,15941590,0,0,-1
4,1576,15951696,96,35,8235
13,1575,15951718,1,-1,0
4,1577,15961675,98,30,8227
13,1576,15961697,-1,-3,0
4,1578,15971753,107,28,8231
13,1577,15971775,-2,-1,1
4,1579,15981800,113,27,8231
13,1578,15981822,0,0,2
4,1580,15991852,113,34,8225
13,1579,15991874,1,0,0
4,1581,16001924,103,34,8222
13,1580,16001946,0,0,0
4,1582,16012042,107,33,8231
13,1581,16012064,0,1,-1
4,1583,16022036,116,29,8225
13,1582,16022058,0,2,-1
4,1584,16032106,95,30,8225
13,1583,16032128,1,0,0
4,1585,16042181,99,23,8218
13,1584,16042203,0,0,0
4,1586,16052370,126,22,8230
13,1585,16052392,-1,0,1
4,1587,16062338,121,26,8234
13,1586,16062360,-1,0,1
4,1588,16072386,111,17,8226
13,1587,16072408,-2,-1,2
4,1589,16082462,120,19,8219
13,1588,16082484,0,-1,1
4,1590,16092490,114,24,8226
13,1589,16092512,0,-1,-1
4,1591,16102564,110,36,8228
13,1590,16102586,1,0,0
4,1592,16112655,113,26,8227
13,1591,16112676,0,1,-1
4,1593,16122725,117,22,8213
13,1592,16122747,0,-1,1
4,1594,16132864,113,26,8223
13,1593,16132886,2,0,0
4,1595,16142813,106,29,8230
13,1594,16142835,1,1,0
4,1596,16152938,115,29,8228
13,1595,16152960,0,-2,2
4,1597,16162932,116,26,8225
13,1596,16162954,1,0,0
4,1598,16173025,106,35,8236
13,1597,16173047,1,0,-2
4,1599,16183073,108,28,8232
13,1598,16183096,0,-2,0
4,1600,16193198,115,23,8219
13,1599,16193220,2,0,1
4,1601,16203219,111,21,8235
13,1600,16203241,0,1,0
4,1602,16213335,119,31,8225
13,1601,16213357,0,0,-1
4,1603,16223327,120,25,8227
13,1602,16223348,0,0,0
4,1604,16233288,113,21,8237
13,1603,16233310,1,-1,1
4,1605,16243401,119,37,8224
13,1604,16243423,1,0,0
4,1606,16253552,116,23,8221
13,1605,16253573,0,0,0
4,1607,16263521,99,26,8205
13,1606,16263543,0,0,0
4,1608,16273617,107,21,8227
13,1607,16273639,1,-2,0
4,1609,16283652,127,32,8222
13,1608,16283674,1,-1,1
4,1610,16293852,112,36,8231
13,1609,16293874,2,0,0
4,1611,16303783,114,22,8233
13,1610,16303805,0,2,-1
4,1612,16313853,123,15,8215
13,1611,16313875,-2,0,0
4,1613,16323993,120,19,8224
13,1612,16324015,-3,1,-1
4,1614,16334034,115,18,8229
13,1613,16334056,0,-1,-1
4,1615,16344090,112,13,8213
13,1614,16344112,2,2,2
4,1616,16354076,114,24,8228
13,1615,16354098,0,2,0
4,1617,16364196,112,25,8230
13,1616,16364218,-1,-4,0
4,1618,16374327,106,20,8228
13,1617,16374349,-1,-1,0
4,1619,16384206,117,29,8227
13,1618,16384228,0,-2,0
4,1620,16394399,115,32,8226
13,1619,16394421,0,-4,-1
4,1621,16404393,107,27,8223
13,1620,16404415,0,-2,1
4,1622,16414500,105,19,8218
13,1621,16414522,-1,1,1
4,1623,16424438,105,21,8235
13,1622,16424459,-1,1,0
4,1624,16434612,126,36,8225
13,1623,16434634,0,1,0
4,1625,16444734,117,33,8220
13,1624,16444756,2,-2,2
4,1626,16454769,114,35,8231
13,1625,16454791,-1,0,1
4,1627,16464819,98,27,8222
13,1626,16464841,0,0,-1
4,1628,16474856,105,23,8227
13,1627,16474878,1,0,0
4,1629,16484895,106,32,8220
13,1628,16484917,0,0,1
4,1630,16494995,104,32,8220
13,1629,16495017,2,0,-1
4,1631,16505016,126,40,8223
13,1630,16505037,0,-1,-1
4,1632,16515031,108,34,8240
13,1631,16515053,0,0,0
4,1633,16525143,105,24,8232
13,1632,16525165,2,0,2
4,1634,16535377,113,31,8229
13,1633,16535399,0,0,0
4,1635,16545269,117,25,8220
13,1634,16545291,0,0,0
4,1636,16555307,113,13,8213
13,1635,16555329,0,0,0
4,1637,16565418,118,31,8222
13,1636,16565440,0,-2,1
4,1638,16575547,112,31,8238
13,1637,16575569,0,-3,0
4,1639,16585538,111,19,8217
13,1638,16585560,-3,-1,0
4,1640,16595635,109,24,8216
13,1639,16595657,0,1,0
4,1641,16605720,116,29,8227
13,1640,16605742,1,1,0
4,1642,16615876,107,18,8234
13,1641,16615898,1,0,0
4,1643,16625801,119,29,8239
13,1642,16625823,2,-5,2
4,1644,16635855,110,34,8225
13,1643,16635877,0,-2,-1
4,1645,16645879,110,30,8213
13,1644,16645901,0,1,0
4,1646,16656034,102,24,8228
13,1645,16656056,0,0,-1
4,1647,16666038,99,23,8220
13,1646,16666060,1,-1,-2
4,1648,16676062,105,23,8232
13,1647,16676084,2,0,-1
4,1649,16686275,116,28,8219
13,1648,16686297,0,0,0
4,1650,16696320,114,22,8219
13,1649,16696342,1,0,1
4,1651,16706334,106,33,8224
13,1650,16706356,0,0,1
4,1652,16716465,110,25,8218
13,1651,16716487,0,2,0
4,1653,16726474,115,25,8216
13,1652,16726496,1,0,0
4,1654,16736537,113,23,8223
13,1653,16736559,3,-1,0
4,1655,16746604,116,24,8222
13,1654,16746626,2,0,0
4,1656,16756613,104,28,8236
13,1655,16756635,1,0,0
4,1657,16766742,109,31,8234
13,1656,16766764,0,0,0
4,1658,16776878,102,24,8223
13,1657,16776900,1,0,0
4,1659,16786858,106,28,8227
13,1658,16786880,0,1,1
4,1660,16796921,121,21,8231
13,1659,16796943,-1,-1,3
4,1661,16806994,109,28,8220
13,1660,16807016,-1,-1,1
4,1662,16817066,103,31,8231
13,1661,16817088,0,1,-3
4,1663,16827142,115,23,8231
13,1662,16827164,0,0,1
4,1664,16837231,111,37,8228
13,1663,16837253,1,0,0
4,1665,16847232,110,35,8225
13,1664,16847254,0,0,0
4,1666,16857506,108,34,8224
13,1665,16857528,0,0,0
4,1667,16867430,110,30,8215
13,1666,16867451,0,1,0
4,1668,16877490,112,23,8230
13,1667,16877512,1,0,2
4,1669,16887565,110,33,8229
13,1668,16887587,3,0,0
4,1670,16897721,120,24,8226
13,1669,16897743,0,0,0
4,1671,16907762,113,33,8229
13,1670,16907784,0,-1,1
4,1672,16917848,108,37,8218
13,1671,16917870,0,0,1
4,1673,16927844,108,31,8227
13,1672,16927866,-1,0,0
4,1674,16938054,103,25,8221
13,1673,16938076,1,-2,0
4,1675,16948005,118,24,8219
13,1674,16948027,0,-1,1
4,1676,16958048,105,23,8216
13,1675,16958070,1,-2,1
4,1677,16968147,113,34,8219
13,1676,16968169,0,0,0
4,1678,16978247,114,26,8223
13,1677,16978269,0,0,-1
4,1679,16988261,109,30,8228
13,1678,16988283,-1,-4,0
4,1680,16998315,123,30,8220
13,1679,16998337,0,-1,1
4,1681,17008405,106,31,8219
13,1680,17008427,0,1,0
4,1682,17018555,106,28,8214
13,1681,17018577,2,0,0
4,1683,17028536,116,28,8210
13,1682,17028558,0,0,1
4,1684,17038590,109,17,8234
13,1683,17038612,0,-2,0
4,1685,17048677,103,31,8228
13,1684,17048699,-1,-2,0
4,1686,17058791,117,31,8215
13,1685,17058813,-1,0,0
4,1687,17068825,116,29,8222
13,1686,17068847,-1,1,1
4,1688,17078845,105,39,8231
13,1687,17078867,0,1,0
4,1689,17088937,101,33,8228
13,1688,17088959,2,-2,2
4,1690,17099148,111,31,8232
13,1689,17099170,0,0,2
4,1691,17109052,115,41,8224
13,1690,17109074,-1,0,1
4,1692,17119107,109,36,8216
13,1691,17119129,-2,1,0
4,1693,17129126,112,26,8219
13,1692,17129148,-1,-2,0
4,1694,17139279,113,28,8210
13,1693,17139301,0,-3,1
4,1695,17149321,122,36,8229
13,1694,17149343,1,0,0
4,1696,17159381,114,25,8226
13,1695,17159403,-2,0,-1
4,1697,17169437,110,25,8225
13,1696,17169459,-3,-2,0
4,1698,17179546,104,27,8220
13,1697,17179568,0,1,-1
4,1699,17189563,117,34,8223
13,1698,17189612,0,0,-2
4,1700,17199645,116,35,8231
13,1699,17199667,-1,-4,-1
4,1701,17209715,119,28,8226
13,1700,17209737,-1,0,1
4,1702,17219842,112,34,8223
13,1701,17219864,2,0,0
4,1703,17229797,114,34,8228
13,1702,17229819,0,-4,0
4,1704,17239925,109,29,8233
13,1703,17239947,0,-1,0
4,1705,17250016,115,21,8219
13,1704,17250038,0,0,0
4,1706,17260140,104,33,8230
13,1705,17260162,0,0,0
4,1707,17270095,110,28,8218
13,1706,17270117,0,1,0
4,1708,17280161,107,35,8220
13,1707,17280183,1,2,0
4,1709,17290241,123,26,8225
13,1708,17290263,1,0,-4
4,1710,17300317,111,17,8231
13,1709,17300339,0,-1,-1
4,1711,17310379,102,19,8228
13,1710,17310428,0,0,0
4,1712,17320451,107,39,8238
13,1711,17320473,0,1,1
4,1713,17330534,116,31,8221
13,1712,17330556,0,-2,1
4,1714,17340679,112,29,8227
13,1713,17340701,0,0,2
4,1715,17350632,108,34,8221
13,1714,17350654,-1,0,2
4,1716,17360740,121,38,8232
13,1715,17360762,0,0,0
4,1717,17370722,124,44,8219
13,1716,17370744,1,0,0
4,1718,17380874,101,28,8225
13,1717,17380896,0,0,0
4,1719,17390802,110,36,8235
13,1718,17390824,-1,-1,0
4,1720,17400960,116,21,8227
13,1719,17400982,-1,0,0
4,1721,17410973,93,22,8216
13,1720,17410995,0,0,-1
4,1722,17421142,111,16,8218
13,1721,17421164,0,0,0
4,1723,17431070,121,25,8221
13,1722,17431091,0,0,-2
4,1724,17441156,113,35,8221
13,1723,17441178,0,0,-1
4,1725,17451261,112,39,8215
13,1724,17451283,0,1,-1
4,1726,17461352,118,31,8214
13,1725,17461374,0,0,1
4,1727,17471377,107,18,8212
13,1726,17471399,0,-4,1
4,1728,17481372,106,27,8226
13,1727,17481394,0,-2,0
4,1729,17491466,106,35,8216
13,1728,17491488,1,1,1
4,1730,17501645,111,31,8222
13,1729,17501667,1,0,1
4,1731,17511622,121,34,8231
13,1730,17511644,1,0,0
4,1732,17521619,115,24,8227
13,1731,17521641,3,0,0
4,1733,17531801,114,21,8225
13,1732,17531823,3,0,0
4,1734,17541840,103,15,8226
13,1733,17541862,0,1,0
4,1735,17551827,101,26,8222
13,1734,17551849,0,-1,0
4,1736,17561942,113,28,8233
13,1735,17561964,0,0,-1
4,1737,17572037,109,30,8237
13,1736,17572059,-2,0,1
4,1738,17582192,104,20,8228
13,1737,17582214,0,0,1
4,1739,17592179,111,35,8225
13,1738,17592201,0,-3,-1
4,1740,17602215,101,30,8215
13,1739,17602237,-1,-1,0
4,1741,17612273,110,25,8228
13,1740,17612295,0,0,1
4,1742,17622363,110,24,8223
13,1741,17622385,1,-2,0
4,1743,17632367,110,17,8224
13,1742,17632389,1,-1,0
4,1744,17642488,113,16,8229
13,1743,17642510,0,-2,0
4,1745,17652530,112,23,8225
13,1744,17652551,1,0,0
4,1746,17662666,109,30,8224
13,1745,17662688,0,1,0
4,1747,17672676,108,32,8220
13,1746,17672698,0,1,0
4,1748,17682772,114,33,8221
13,1747,17682794,2,2,-2
4,1749,17692755,115,27,8225
13,1748,17692777,0,0,0
4,1750,17702948,116,26,8217
13,1749,17702970,0,1,1
4,1751,17713026,110,32,8227
13,1750,17713048,1,0,2
4,1752,17722987,109,26,8223
13,1751,17723009,0,0,1
4,1753,17733100,100,25,8226
13,1752,17733122,1,0,-1
4,1754,17743226,102,33,8225
13,1753,17743248,0,-2,-1
4,1755,17753255,117,26,8223
13,1754,17753277,0,-4,0
4,1756,17763250,117,27,8225
13,1755,17763272,-2,-2,0
4,1757,17773259,106,29,8236
13,1756,17773281,0,-1,0
4,1758,17783481,111,27,8233
13,1757,17783503,1,0,1
4,1759,17793464,103,25,8234
13,1758,17793486,0,1,0
4,1760,17803516,109,26,8228
13,1759,17803537,1,1,0
4,1761,17813584,112,26,8223
13,1760,17813606,0,1,3
4,1762,17823776,107,23,8220
13,1761,17823798,0,1,1
4,1763,17833820,116,31,8235
13,1762,17833842,0,0,0
4,1764,17843813,113,28,8225
13,1763,17843835,0,-2,-1
4,1765,17853817,108,26,8209
13,1764,17853839,1,0,-2
4,1766,17863951,122,33,8213
13,1765,17863973,1,0,-3
4,1767,17874045,120,29,8223
13,1766,17874067,0,-3,0
4,1768,17884041,109,31,8230
13,1767,17884063,0,-1,-1
4,1769,17894161,112,23,8225
13,1768,17894183,0,1,0
4,1770,17904251,112,26,8224
13,1769,17904273,1,-1,0
4,1771,17914161,103,21,8222
13,1770,17914183,0,0,1
4,1772,17924299,109,30,8229
13,1771,17924321,-1,-2,0
4,1773,17934318,111,33,8223
13,1772,17934340,0,1,0
4,1774,17944504,109,32,8215
13,1773,17944526,0,-1,2
4,1775,17954510,118,35,8227
13,1774,17954532,-1,0,3
4,1776,17964642,112,24,8218
13,1775,17964664,0,-2,0
4,1777,17974661,114,25,8227
13,1776,17974683,0,-1,0
4,1778,17984841,109,14,8223
13,1777,17984863,-1,-2,0
4,1779,17994699,104,23,8220
13,1778,17994721,0,0,0
4,1780,18004869,118,36,8217
13,1779,18004891,0,1,0
4,1781,18014907,110,29,8222
13,1780,18014929,1,-2,0
4,1782,18024926,107,22,8223
13,1781,18024948,0,0,-1
4,1783,18035033,127,26,8217
13,1782,18035055,0,0,-1
4,1784,18045112,115,25,8225
13,1783,18045134,-1,0,0
4,1785,18055163,112,32,8224
13,1784,18055185,0,0,1
4,1786,18065406,119,35,8212
13,1785,18065428,-1,-3,-1
4,1787,18075304,104,26,8227
13,1786,18075326,-1,-2,-1
4,1788,18085390,105,20,8230
13,1787,18085412,1,0,1
4,1789,18095433,102,22,8229
13,1788,18095455,-1,1,0
4,1790,18105569,110,27,8225
13,1789,18105591,0,1,1
4,1791,18115640,119,28,8221
13,1790,18115662,0,0,0
4,1792,18125630,119,36,8226
13,1791,18125652,0,-1,1
4,1793,18135771,109,39,8224
13,1792,18135792,0,-1,0
4,1794,18145801,108,27,8226
13,1793,18145823,0,1,-1
4,1795,18155854,115,33,8229
13,1794,18155876,-1,1,0
4,1796,18165888,119,26,8229
13,1795,18165910,0,-2,1
4,1797,18175963,121,26,8217
13,1796,18175985,0,0,0
4,1798,18186050,116,22,8220
13,1797,18186072,0,-1,-1
4,1799,18196020,111,35,8225
13,1798,18196042,0,0,-1
4,1800,18206202,115,30,8228
13,1799,18206224,0,-1,0
4,1801,18216165,120,31,8230
13,1800,18216187,-1,-1,-1
4,1802,18226390,114,22,8222
13,1801,18226412,0,0,0
4,1803,18236294,102,28,8221
13,1802,18236316,0,0,4
4,1804,18246399,107,34,8220
13,1803,18246421,-1,-1,0
4,1805,18256454,115,39,8218
13,1804,18256476,1,-1,0
4,1806,18266554,114,31,8226
13,1805,18266576,0,0,0
4,1807,18276652,104,27,8222
13,1806,18276674,0,0,0
4,1808,18286663,104,38,8217
13,1807,18286685,0,0,0
4,1809,18296746,111,31,8224
13,1808,18296768,-1,-2,0
4,1810,18306868,117,32,8220
13,1809,18306890,0,-1,0
4,1811,18316838,119,26,8220
13,1810,18316860,2,1,0
4,1812,18326944,110,30,8228
13,1811,18326966,0,0,-1
4,1813,18336983,108,28,8236
13,1812,18337005,0,-1,-1
4,1814,18347106,108,36,8228
13,1813,18347128,0,-1,0
4,1815,18357122,126,32,8223
13,1814,18357144,2,1,1
4,1816,18367192,116,32,8222
13,1815,18367214,0,-1,1
4,1817,18377216,102,23,8221
13,1816,18377238,1,-1,0
4,1818,18387448,109,35,8223
13,1817,18387470,0,-1,0
4,1819,18397378,117,23,8226
13,1818,18397400,0,0,0
4,1820,18407362,114,13,8214
13,1819,18407384,-1,0,0
4,1821,18417512,122,29,8227
13,1820,18417534,2,-2,0
4,1822,18427579,116,29,8239
13,1821,18427601,0,-3,3
4,1823,18437682,99,27,8228
13,1822,18437704,0,0,0
4,1824,18447682,106,14,8219
13,1823,18447731,0,1,0
4,1825,18457755,114,27,8220
13,1824,18457777,0,0,1
4,1826,18467918,108,35,8232
13,1825,18467940,0,-1,-1
4,1827,18477937,105,19,8222
13,1826,18477959,1,0,0
4,1828,18487945,112,25,8230
13,1827,18487967,0,0,3
4,1829,18497996,112,36,8230
13,1828,18498018,0,2,0
4,1830,18508097,118,32,8215
13,1829,18508119,0,1,0
4,1831,18518213,114,34,8224
13,1830,18518235,-2,-1,2
4,1832,18528203,112,24,8225
13,1831,18528225,-1,-1,1
4,1833,18538188,108,21,8238
13,1832,18538210,0,2,2
4,1834,18548389,113,29,8237
13,1833,18548411,0,0,1
4,1835,18558378,108,26,8235
13,1834,18558400,0,-1,-1
4,1836,18568416,116,29,8212
13,1835,18568438,-1,1,0
4,1837,18578528,109,24,8228
13,1836,18578550,1,-1,1
4,1838,18588620,112,23,8237
13,1837,18588642,0,-1,-1
4,1839,18598649,102,22,8223
13,1838,18598671,-2,-1,0
4,1840,18608716,111,18,8221
13,1839,18608738,-1,-1,1
4,1841,18618736,105,22,8221
13,1840,18618758,0,1,1
4,1842,18628933,102,27,8223
13,1841,18628955,0,0,0
4,1843,18638866,111,20,8229
13,1842,18638887,0,1,1
4,1844,18648944,108,28,8226
13,1843,18648966,-1,1,0
4,1845,18658948,110,46,8215
13,1844,18658970,-1,0,0
4,1846,18669101,100,34,8221
13,1845,18669123,0,0,0
4,1847,18679149,104,28,8217
13,1846,18679171,0,0,0
4,1848,18689290,109,24,8237
13,1847,18689312,-1,0,1
4,1849,18699279,107,32,8232
13,1848,18699329,-1,0,0
4,1850,18709463,113,31,8222
13,1849,18709485,0,-1,1
4,1851,18719473,112,27,8223
13,1850,18719495,0,-1,0
4,1852,18729497,112,18,8217
13,1851,18729519,3,0,0
4,1853,18739558,117,25,8223
13,1852,18739580,0,0,2
4,1854,18749640,116,38,8227
13,1853,18749662,1,-3,4
4,1855,18759730,112,34,8223
13,1854,18759752,0,-2,1
4,1856,18769749,110,41,8225
13,1855,18769771,0,-2,0
4,1857,18779783,114,23,8218
13,1856,18779805,-1,-2,1
4,1858,18790031,107,29,8228
13,1857,18790053,-1,0,1
4,1859,18799892,106,29,8225
13,1858,18799914,-1,-2,0
4,1860,18809997,109,25,8238
13,1859,18810019,1,-1,1
4,1861,18820165,112,22,8230
13,1860,18820187,1,0,1
4,1862,18830184,105,26,8223
13,1861,18830206,3,2,0
4,1863,18840208,109,21,8223
13,1862,18840230,3,0,1
4,1864,18850272,119,19,8220
13,1863,18850294,0,-3,1
4,1865,18860328,116,31,8234
13,1864,18860350,1,-5,0
4,1866,18870488,110,40,8231
13,1865,18870510,2,0,0
4,1867,18880436,114,27,8230
13,1866,18880458,1,0,2
4,1868,18890555,127,19,8234
13,1867,18890577,0,0,3
4,1869,18900568,120,24,8217
13,1868,18900590,0,0,2
4,1870,18910719,105,34,8224
13,1869,18910741,0,-2,-1
4,1871,18920712,117,24,8226
13,1870,18920734,0,-3,0
4,1872,18930814,123,29,8222
13,1871,18930836,3,0,0
4,1873,18940828,115,20,8214
13,1872,18940850,1,1,2
4,1874,18950950,101,26,8226
13,1873,18950972,2,-2,1
4,1875,18961047,110,30,8237
13,1874,18961069,1,-4,-1
4,1876,18971052,126,28,8236
13,1875,18971074,1,0,0
4,1877,18981106,114,25,8229
13,1876,18981128,0,0,-1
4,1878,18991145,110,25,8225
13,1877,18991167,1,0,0
4,1879,19001220,112,30,8222
13,1878,19001242,0,0,0
4,1880,19011353,119,35,8223
13,1879,19011375,0,0,-1
4,1881,19021271,108,28,8217
13,1880,19021293,0,-1,0
4,1882,19031510,103,18,8222
13,1881,19031532,0,0,0
4,1883,19041441,99,29,8232
13,1882,19041463,0,1,0
4,1884,19051518,109,34,8220
13,1883,19051539,1,2,0
4,1885,19061570,115,34,8214
13,1884,19061592,1,1,3
4,1886,19071645,108,31,8213
13,1885,19071667,0,0,1
4,1887,19081652,109,25,8223
13,1886,19081702,0,2,0
4,1888,19091766,106,29,8229
13,1887,19091788,0,0,1
4,1889,19101882,102,23,8226
13,1888,19101904,-1,0,0
4,1890,19111971,123,20,8233
13,1889,19111993,0,1,0
4,1891,19121890,128,31,8212
13,1890,19121912,1,2,0
4,1892,19131985,117,22,8221
13,1891,19132007,1,2,0
4,1893,19142044,109,27,8227
13,1892,19142066,2,1,0
4,1894,19152093,112,19,8214
13,1893,19152115,1,0,0
4,1895,19162161,113,13,8223
13,1894,19162183,0,0,0
4,1896,19172305,95,27,8219
13,1895,19172327,0,-2,0
4,1897,19182344,109,35,8219
13,1896,19182366,0,0,-1
4,1898,19192464,106,26,8222
13,1897,19192513,0,0,0
4,1899,19202445,98,18,8236
13,1898,19202495,0,0,2
4,1900,19212475,108,22,8230
13,1899,19212497,0,0,0
4,1901,19222588,114,37,8228
13,1900,19222610,0,0,0
4,1902,19232675,102,32,8229
13,1901,19232697,0,0,1
4,1903,19242668,107,21,8231
13,1902,19242690,0,0,2
4,1904,19252775,113,20,8231
13,1903,19252797,0,-3,0
4,1905,19262744,104,20,8230
13,1904,19262766,1,1,-1
4,1906,19272944,114,23,8223
13,1905,19272966,0,1,0
4,1907,19282957,105,18,8220
13,1906,19282979,-1,0,-1
4,1908,19292963,107,33,8232
13,1907,19292985,0,-1,0
4,1909,19303013,122,39,8218
13,1908,19303035,-2,-3,0
4,1910,19313125,111,26,8233
13,1909,19313147,0,0,-2
4,1911,19323080,105,26,8218
13,1910,19323102,1,-1,0
4,1912,19333264,108,34,8222
13,1911,19333286,0,0,1
4,1913,19343297,100,41,8228
13,1912,19343319,0,1,1
4,1914,19353452,116,29,8225
13,1913,19353474,-3,-2,0
4,1915,19363431,112,30,8233
13,1914,19363453,0,-1,0
4,1916,19373464,117,29,8218
13,1915,19373486,2,-1,1
4,1917,19383463,109,27,8230
13,1916,19383485,0,-1,-1
4,1918,19393592,109,29,8226
13,1917,19393614,0,1,0
4,1919,19403635,117,35,8230
13,1918,19403657,0,1,0
4,1920,19413638,112,27,8231
13,1919,19413660,2,-2,-1
4,1921,19423807,120,34,8228
13,1920,19423829,0,-1,-1
4,1922,19433918,100,27,8229
13,1921,19433940,-2,-2,-2
4,1923,19443869,105,22,8229
13,1922,19443891,1,-1,-1
4,1924,19453936,120,30,8227
13,1923,19453958,0,0,0
4,1925,19464075,109,25,8219
13,1924,19464097,-3,-2,-1
4,1926,19474166,112,22,8227
13,1925,19474188,0,-1,0
4,1927,19484218,110,21,8234
13,1926,19484240,0,0,0
4,1928,19494199,111,11,8224
13,1927,19494221,-1,1,-1
4,1929,19504218,114,27,8219
13,1928,19504240,2,0,-1
4,1930,19514381,103,25,8225
13,1929,19514403,1,-2,0
4,1931,19524287,115,31,8223
13,1930,19524309,0,-1,1
4,1932,19534391,111,30,8232
13,1931,19534413,0,0,1
4,1933,19544478,106,38,8230
13,1932,19544499,0,1,0
4,1934,19554574,116,26,8221
13,1933,19554596,0,1,-1
4,1935,19564580,123,33,8237
13,1934,19564602,1,0,-2
4,1936,19574650,118,33,8232
13,1935,19574671,0,1,-1
4,1937,19584698,100,26,8223
13,1936,19584747,0,-2,-2
4,1938,19594900,117,32,8209
13,1937,19594922,0,-2,0
4,1939,19604847,126,30,8215
13,1938,19604869,0,-1,0
4,1940,19614908,112,28,8228
13,1939,19614930,0,0,-1
4,1941,19624946,113,34,8225
13,1940,19624968,-1,0,0
4,1942,19635057,116,31,8230
13,1941,19635079,0,-2,2
4,1943,19645037,113,32,8219
13,1942,19645059,0,-2,2
4,1944,19655138,108,26,8231
13,1943,19655160,0,0,0
4,1945,19665248,105,32,8211
13,1944,19665270,0,0,-1
4,1946,19675337,109,24,8218
13,1945,19675358,1,0,-3
4,1947,19685303,107,27,8231
13,1946,19685325,3,-1,0
4,1948,19695337,106,28,8232
13,1947,19695359,-1,0,2
4,1949,19705434,104,33,8222
13,1948,19705456,0,0,3
4,1950,19715581,100,33,8232
13,1949,19715603,2,-1,0
4,1951,19725601,112,22,8211
13,1950,19725623,-1,0,0
4,1952,19735666,120,22,8225
13,1951,19735688,0,2,0
4,1953,19745678,117,36,8232
13,1952,19745700,-1,0,-1
4,1954,19755856,109,26,8218
13,1953,19755878,1,0,0
4,1955,19765838,107,13,8216
13,1954,19765860,0,0,2
4,1956,19775875,114,29,8226
13,1955,19775897,0,1,1
4,1957,19785973,120,39,8231
13,1956,19785995,-1,1,1
4,1958,19795988,113,35,8222
13,1957,19796010,0,0,0
4,1959,19806098,108,33,8215
13,1958,19806120,0,0,-1
4,1960,19816210,118,37,8219
13,1959,19816232,0,0,0
4,1961,19826223,116,24,8219
13,1960,19826245,0,0,0
4,1962,19836396,112,25,8236
13,1961,19836418,0,0,0
4,1963,19846355,120,18,8223
13,1962,19846377,0,1,0
4,1964,19856438,104,30,8233
13,1963,19856460,1,1,0
4,1965,19866503,118,46,8223
13,1964,19866525,0,-2,0
4,1966,19876580,118,31,8225
13,1965,19876602,0,0,1
4,1967,19886571,108,29,8232
13,1966,19886593,0,1,2
4,1968,19896646,106,36,8226
13,1967,19896668,-1,0,2
4,1969,19906679,116,39,8227
13,1968,19906701,0,0,0
4,1970,19916853,113,29,8232
13,1969,19916875,0,2,-2
4,1971,19926862,117,31,8226
13,1970,19926884,1,1,1
4,1972,19936867,108,32,8229
13,1971,19936889,1,2,1
4,1973,19946922,114,26,8218
13,1972,19946944,0,-1,0
4,1974,19956955,106,16,8227
13,1973,19956977,0,0,0
4,1975,19967081,109,27,8231
13,1974,19967103,0,0,0
4,1976,19977169,108,27,8231
13,1975,19977191,1,3,0
4,1977,19987178,108,25,8233
13,1976,19987200,0,2,0
4,1978,19997277,110,32,8219
13,1977,19997299,2,2,0
4,1979,20007282,114,26,8223
13,1978,20007304,0,3,1
4,1980,20017354,113,19,8225
13,1979,20017376,0,0,1
4,1981,20027396,103,31,8218
13,1980,20027417,-1,0,1
4,1982,20037475,107,21,8221
13,1981,20037497,-2,-2,1
4,1983,20047467,105,23,8221
13,1982,20047489,-1,0,0
4,1984,20057560,114,26,8222
13,1983,20057582,0,0,2
4,1985,20067649,112,29,8232
13,1984,20067671,0,0,1
4,1986,20077811,111,24,8236
13,1985,20077833,0,0,-1
4,1987,20087715,100,17,8227
13,1986,20087737,0,0,1
4,1988,20097911,105,29,8226
13,1987,20097933,0,0,0
4,1989,20107921,118,35,8220
13,1988,20107943,-1,3,-1
4,1990,20117956,107,27,8212
13,1989,20117978,-1,0,0
4,1991,20128008,117,20,8221
13,1990,20128030,0,0,0
4,1992,20138107,109,21,8233
13,1991,20138129,0,1,0
4,1993,20148105,98,36,8225
13,1992,20148127,0,1,0
4,1994,20158292,110,28,8222
13,1993,20158313,0,0,0
4,1995,20168227,112,29,8223
13,1994,20168249,-1,0,1
4,1996,20178302,105,39,8223
13,1995,20178324,0,0,-1
4,1997,20188338,115,29,8228
13,1996,20188360,0,0,-1
4,1998,20198401,113,34,8232
13,1997,20198423,0,2,0
4,1999,20208467,119,25,8224
13,1998,20208489,-1,3,-2
4,2000,20218553,109,25,8223
13,1999,20218575,1,0,-1
4,2001,20228574,118,12,8224
13,2000,20228596,2,-1,0
4,2002,20238769,112,32,8220
13,2001,20238791,0,1,0
4,2003,20248719,107,29,8227
13,2002,20248741,-2,0,0
4,2004,20258746,119,31,8224
13,2003,20258768,0,-2,1
4,2005,20268809,119,32,8230
13,2004,20268831,0,-1,0
4,2006,20278991,121,26,8232
13,2005,20279013,0,0,1
4,2007,20288897,117,28,8229
13,2006,20288919,0,0,0
4,2008,20299039,126,22,8206
13,2007,20299061,0,1,1
4,2009,20309046,102,19,8222
13,2008,20309068,2,2,1
4,2010,20319287,103,27,8224
13,2009,20319336,0,0,1
4,2011,20329191,119,17,8219
13,2010,20329213,0,0,0
4,2012,20339193,115,33,8222
13,2011,20339215,0,2,0
4,2013,20349410,111,23,8227
13,2012,20349432,0,0,0
4,2014,20359432,106,27,8224
13,2013,20359454,0,0,0
4,2015,20369489,103,31,8231
13,2014,20369511,1,0,0
4,2016,20379524,115,23,8211
13,2015,20379546,1,0,0
4,2017,20389579,110,31,8216
13,2016,20389600,0,0,-1
4,2018,20399765,115,23,8227
13,2017,20399787,-1,0,-1
4,2019,20409666,113,26,8230
13,2018,20409688,0,0,0
4,2020,20419682,123,26,8224
13,2019,20419704,0,0,-1
4,2021,20429779,106,25,8221
13,2020,20429801,-2,0,1
4,2022,20439950,104,33,8227
13,2021,20439971,0,0,0
4,2023,20449904,107,26,8223
13,2022,20449926,0,2,0
4,2024,20460086,107,24,8220
13,2023,20460108,0,1,0
4,2025,20470054,103,28,8234
13,2024,20470076,-1,0,2
4,2026,20480174,106,33,8233
13,2025,20480196,-1,-3,0
4,2027,20490206,109,29,8224
13,2026,20490228,0,0,-2
4,2028,20500199,113,28,8232
13,2027,20500221,0,-1,0
4,2029,20510288,114,29,8223
13,2028,20510310,0,0,0
4,2030,20520363,106,25,8213
13,2029,20520385,0,1,-1
4,2031,20530465,108,33,8228
13,2030,20530487,0,0,0
4,2032,20540458,99,29,8231
13,2031,20540480,0,0,0
4,2033,20550580,111,32,8223
13,2032,20550602,0,0,-1
4,2034,20560630,117,31,8219
13,2033,20560652,0,0,0
4,2035,20570684,124,18,8221
13,2034,20570706,0,0,0
4,2036,20580704,107,24,8229
13,2035,20580726,1,0,0
4,2037,20590705,113,32,8229
13,2036,20590727,0,-1,-1
4,2038,20600897,112,32,8228
13,2037,20600919,-1,1,2
4,2039,20610927,109,30,8234
13,2038,20610949,0,0,0
4,2040,20620990,109,29,8215
13,2039,20621012,0,-1,0
4,2041,20631076,109,28,8217
13,2040,20631098,0,1,-1
4,2042,20641165,109,19,8217
13,2041,20641186,0,0,0
4,2043,20651152,117,28,8223
13,2042,20651174,-1,0,0
4,2044,20661200,122,21,8229
13,2043,20661222,0,0,2
4,2045,20671249,110,29,8236
13,2044,20671271,0,0,0
4,2046,20681414,108,30,8217
13,2045,20681436,0,-1,-1
4,2047,20691369,97,25,8225
13,2046,20691391,1,1,0
4,2048,20701487,105,25,8226
13,2047,20701509,0,0,0
4,2049,20711400,115,23,8225
13,2048,20711422,-1,0,2
4,2050,20721665,104,33,8226
13,2049,20721687,0,-1,0
4,2051,20731626,120,30,8231
13,2050,20731648,0,-1,0
4,2052,20741648,105,18,8221
13,2051,20741670,0,0,1
4,2053,20751746,116,32,8220
13,2052,20751768,0,0,-1
4,2054,20761722,117,26,8222
13,2053,20761744,0,2,2
4,2055,20771825,118,22,8225
13,2054,20771847,0,0,2
4,2056,20781823,111,19,8242
13,2055,20781845,0,0,3
4,2057,20791948,121,19,8234
13,2056,20791970,0,-1,2
4,2058,20802029,105,30,8220
13,2057,20802051,0,0,0
4,2059,20812043,116,30,8226
13,2058,20812065,-1,0,-1
4,2060,20822097,119,22,8231
13,2059,20822119,0,0,0
4,2061,20832163,108,33,8229
13,2060,20832185,0,2,1
4,2062,20842344,115,33,8224
13,2061,20842366,0,2,0
4,2063,20852269,111,27,8217
13,2062,20852291,0,3,-1
4,2064,20862347,110,28,8225
13,2063,20862369,-1,2,-1
4,2065,20872424,112,28,8222
13,2064,20872446,0,0,0
4,2066,20882578,104,25,8223
13,2065,20882600,0,1,1
4,2067,20892508,109,30,8231
13,2066,20892530,-1,0,0
4,2068,20902550,122,34,8223
13,2067,20902572,-1,0,-1
4,2069,20912630,114,35,8242
13,2068,20912652,-2,0,-1
4,2070,20922707,107,26,8234
13,2069,20922729,-1,0,0
4,2071,20932759,118,33,8218
13,2070,20932781,0,0,1
4,2072,20942819,111,35,8224
13,2071,20942841,0,2,-1
4,2073,20952919,108,17,8226
13,2072,20952941,0,0,0
4,2074,20963068,109,21,8217
13,2073,20963090,0,-2,0
4,2075,20972933,116,23,8218
13,2074,20972955,-2,1,1
4,2076,20983098,118,16,8221
13,2075,20983120,0,2,0
4,2077,20993142,120,15,8223
13,2076,20993164,1,1,0
4,2078,21003279,117,17,8226
13,2077,21003301,0,0,0
4,2079,21013238,118,18,8226
13,2078,21013260,0,-1,-1
4,2080,21023300,107,32,8229
13,2079,21023322,-1,-2,0
4,2081,21033378,109,20,8211
13,2080,21033400,-1,2,0
4,2082,21043581,113,27,8217
13,2081,21043603,0,1,-1
4,2083,21053491,121,23,8228
13,2082,21053513,0,0,0
4,2084,21063524,109,23,8212
13,2083,21063546,0,2,0
4,2085,21073595,111,32,8229
13,2084,21073617,0,1,0
4,2086,21083789,114,30,8225
13,2085,21083811,0,1,-1
4,2087,21093714,115,39,8223
13,2086,21093735,-1,2,-1
4,2088,21103783,101,34,8228
13,2087,21103805,0,1,0
4,2089,21113877,108,28,8223
13,2088,21113899,0,0,0
4,2090,21124017,110,33,8227
13,2089,21124039,0,0,0
4,2091,21134001,111,38,8218
13,2090,21134023,0,3,-1
4,2092,21144037,119,32,8223
13,2091,21144059,2,0,0
4,2093,21154104,107,24,8224
13,2092,21154126,2,0,1
4,2094,21164190,103,31,8210
13,2093,21164211,0,0,-2
4,2095,21174252,109,36,8227
13,2094,21174273,0,-1,0
4,2096,21184306,109,28,8216
13,2095,21184328,0,0,0
4,2097,21194360,114,28,8218
13,2096,21194382,0,3,0
4,2098,21204507,110,33,8233
13,2097,21204529,0,2,0
4,2099,21214476,109,19,8241
13,2098,21214498,0,0,-1
4,2100,21224513,114,18,8222
13,2099,21224562,-1,0,1
4,2101,21234644,115,29,8212
13,2100,21234666,-1,0,1
4,2102,21244749,119,24,8227
13,2101,21244771,1,1,1
4,2103,21254816,110,30,8218
13,2102,21254838,0,-4,0
4,2104,21264854,115,28,8231
13,2103,21264876,0,-2,0
4,2105,21274888,114,26,8230
13,2104,21274910,0,0,0
4,2106,21285121,105,24,8223
13,2105,21285143,0,0,0
4,2107,21295034,114,22,8224
13,2106,21295056,1,1,2
4,2108,21305085,120,26,8227
13,2107,21305107,0,0,0
4,2109,21315175,111,27,8223
13,2108,21315197,0,1,3
4,2110,21325310,110,25,8222
13,2109,21325332,0,3,2
4,2111,21335281,113,24,8220
13,2110,21335303,0,-2,0
4,2112,21345374,110,23,8230
13,2111,21345396,0,-3,1
4,2113,21355470,112,27,8219
13,2112,21355492,0,2,0
4,2114,21365555,104,36,8219
13,2113,21365577,0,1,-1
4,2115,21375558,106,34,8223
13,2114,21375580,0,-1,-1
4,2116,21385669,104,28,8235
13,2115,21385691,-2,-1,2
4,2117,21395664,117,28,8221
13,2116,21395686,-2,2,1
4,2118,21405757,112,25,8226
13,2117,21405779,0,0,0
4,2119,21415788,109,37,8229
13,2118,21415810,0,-4,-1
4,2120,21425844,115,14,8227
13,2119,21425866,-3,0,-1
4,2121,21435921,101,27,8223
13,2120,21435943,0,1,-2
4,2122,21446071,107,22,8227
13,2121,21446093,0,0,0
4,2123,21456090,107,33,8227
13,2122,21456112,1,0,-2
4,2124,21466075,102,39,8214
13,2123,21466097,0,0,0
4,2125,21476248,106,32,8220
13,2124,21476270,0,0,0
4,2126,21486289,112,23,8227
13,2125,21486311,1,-1,1
4,2127,21496372,117,32,8211
13,2126,21496394,0,0,0
4,2128,21506396,111,26,8230
13,2127,21506418,0,0,1
4,2129,21516381,103,33,8233
13,2128,21516403,-2,0,0
4,2130,21526642,110,18,8226
13,2129,21526664,-3,-1,0
4,2131,21536560,111,34,8234
13,2130,21536582,-1,0,0
4,2132,21546601,112,25,8228
13,2131,21546623,0,0,-1
4,2133,21556640,104,33,8221
13,2132,21556662,0,1,0
4,2134,21566777,107,31,8234
13,2133,21566799,0,1,-1
4,2135,21576876,106,26,8219
13,2134,21576898,0,3,1
4,2136,21586843,115,29,8222
13,2135,21586865,1,1,1
4,2137,21596938,109,26,8227
13,2136,21596987,1,1,0
4,2138,21607135,106,33,8219
13,2137,21607157,0,0,0
4,2139,21617079,111,31,8222
13,2138,21617101,0,0,1
4,2140,21627168,120,28,8227
13,2139,21627190,-1,0,1
4,2141,21637207,113,27,8217
13,2140,21637229,-1,2,1
4,2142,21647252,101,17,8221
13,2141,21647274,0,1,0
4,2143,21657319,114,21,8235
13,2142,21657341,0,3,-1
4,2144,21667450,111,31,8218
13,2143,21667472,-2,0,2
4,2145,21677425,109,33,8223
13,2144,21677447,0,0,0
4,2146,21687525,112,31,8224
13,2145,21687546,0,2,-1
4,2147,21697559,108,28,8233
13,2146,21697581,-1,0,1
4,2148,21707608,107,25,8229
13,2147,21707630,0,1,2
4,2149,21717613,106,19,8210
13,2148,21717635,1,3,0
4,2150,21727792,116,32,8214
13,2149,21727814,-2,0,0
4,2151,21737879,104,34,8226
13,2150,21737901,-1,1,0
4,2152,21747938,106,26,8232
13,2151,21747960,0,0,-1
4,2153,21757940,103,32,8213
13,2152,21757962,1,0,-2
4,2154,21768084,116,31,8220
13,2153,21768106,2,2,0
4,2155,21777975,113,15,8218
13,2154,21777997,0,0,-1
4,2156,21788118,107,32,8221
13,2155,21788140,0,0,0
4,2157,21798137,123,31,8237
13,2156,21798158,-1,2,0
4,2158,21808213,116,38,8222
13,2157,21808235,-1,1,0
4,2159,21818325,112,35,8221
13,2158,21818347,0,0,0
4,2160,21828269,115,30,8222
13,2159,21828291,0,1,0
4,2161,21838398,118,37,8222
13,2160,21838419,0,0,0
4,2162,21848615,115,27,8218
13,2161,21848637,2,0,0
4,2163,21858539,110,25,8222
13,2162,21858561,-2,0,-2
4,2164,21868591,112,24,8219
13,2163,21868613,0,0,1
4,2165,21878648,115,18,8226
13,2164,21878670,1,2,-2
4,2166,21888692,105,28,8233
13,2165,21888714,0,0,0
4,2167,21898739,113,31,8221
13,2166,21898761,0,-1,0
4,2168,21908812,105,33,8221
13,2167,21908834,3,0,1
4,2169,21918864,106,33,8218
13,2168,21918886,0,0,0
4,2170,21929035,106,34,8230
13,2169,21929057,0,0,0
4,2171,21938985,110,36,8233
13,2170,21939007,0,2,1
4,2172,21948979,122,29,8218
13,2171,21949001,0,1,0
4,2173,21959089,115,29,8222
13,2172,21959111,0,0,1
4,2174,21969201,100,30,8225
13,2173,21969251,-2,0,2
4,2175,21979176,125,19,8214
13,2174,21979198,-1,0,0
4,2176,21989369,111,25,8211
13,2175,21989391,-1,0,1
4,2177,21999377,101,31,8212
13,2176,21999399,-3,0,2
4,2178,22009481,110,27,8227
13,2177,22009503,0,0,0
4,2179,22019459,111,21,8227
13,2178,22019481,0,1,0
4,2180,22029558,120,16,8223
13,2179,22029580,0,0,0
4,2181,22039626,113,17,8218
13,2180,22039648,0,0,-1
4,2182,22049758,116,31,8212
13,2181,22049780,0,0,1
4,2183,22059696,113,33,8222
13,2182,22059718,1,2,0
4,2184,22069789,104,28,8230
13,2183,22069810,1,3,0
4,2185,22079825,112,27,8216
13,2184,22079847,1,0,0
4,2186,22089934,118,13,8238
13,2185,22089956,1,1,0
4,2187,22099973,107,29,8225
13,2186,22100022,0,1,0
4,2188,22110032,110,25,8220
13,2187,22110054,0,0,2
4,2189,22120110,114,22,8235
13,2188,22120132,0,0,0
4,2190,22130223,107,31,8223
13,2189,22130245,0,0,0
4,2191,22140271,101,39,8228
13,2190,22140293,0,1,0
4,2192,22150293,109,30,8220
13,2191,22150315,0,1,0
4,2193,22160360,119,31,8230
13,2192,22160382,1,2,2
4,2194,22170509,105,26,8228
13,2193,22170531,0,0,-2
4,2195,22180507,105,24,8234
13,2194,22180529,0,0,-1
4,2196,22190561,112,36,8231
13,2195,22190583,-1,0,-1
4,2197,22200606,115,30,8228
13,2196,22200628,0,0,0
4,2198,22210682,110,31,8223
13,2197,22210704,0,-1,0
4,2199,22220733,103,8,8222
13,2198,22220755,1,1,0
4,2200,22230900,111,14,8215
13,2199,22230922,2,1,0
4,2201,22240882,112,31,8230
13,2200,22240904,1,1,0
4,2202,22251047,109,35,8243
13,2201,22251069,0,0,0
4,2203,22260968,115,32,8227
13,2202,22260990,0,2,1
4,2204,22271032,119,27,8232
13,2203,22271054,0,0,2
4,2205,22281108,116,29,8228
13,2204,22281130,1,-1,1
4,2206,22291213,110,25,8237
13,2205,22291235,2,0,-2
4,2207,22301228,123,25,8230
13,2206,22301250,0,3,0
4,2208,22311260,116,30,8222
13,2207,22311282,0,0,0
4,2209,22321391,115,25,8227
13,2208,22321413,0,-1,0
4,2210,22331548,110,28,8231
13,2209,22331570,-1,-1,0
4,2211,22341490,103,34,8226
13,2210,22341512,0,2,0
4,2212,22351611,110,28,8219
13,2211,22351633,0,0,1
4,2213,22361574,117,33,8231
13,2212,22361623,1,0,2
4,2214,22371760,113,27,8225
13,2213,22371782,0,0,0
4,2215,22381865,114,28,8212
13,2214,22381887,0,-1,0
4,2216,22391857,113,28,8212
13,2215,22391879,2,0,2
4,2217,22401893,106,27,8225
13,2216,22401914,-1,1,1
4,2218,22412038,107,21,8223
13,2217,22412060,-1,1,0
4,2219,22422014,119,31,8212
13,2218,22422036,0,1,0
4,2220,22432069,119,31,8221
13,2219,22432091,0,2,0
4,2221,22442135,109,20,8224
13,2220,22442157,-2,3,0
4,2222,22452220,103,21,8226
13,2221,22452242,0,2,-1
4,2223,22462254,114,26,8222
13,2222,22462276,0,0,0
4,2224,22472341,127,32,8220
13,2223,22472363,0,-3,1
4,2225,22482421,120,21,8225
13,2224,22482443,-1,1,0
4,2226,22492622,111,24,8233
13,2225,22492644,0,2,0
4,2227,22502517,118,21,8221
13,2226,22502539,0,1,0
4,2228,22512580,105,29,8231
13,2227,22512602,0,1,0
4,2229,22522593,104,19,8224
13,2228,22522615,-1,0,0
4,2230,22532734,112,27,8219
13,2229,22532756,-2,1,0
4,2231,22542765,103,27,8226
13,2230,22542787,-1,3,1
4,2232,22552810,108,33,8225
13,2231,22552832,0,2,0
4,2233,22562836,116,28,8231
13,2232,22562858,0,0,0
4,2234,22573004,104,23,8238
13,2233,22573026,0,1,-1
4,2235,22582998,108,45,8228
13,2234,22583020,1,0,0
4,2236,22593065,99,23,8221
13,2235,22593087,0,3,0
4,2237,22603105,104,24,8225
13,2236,22603127,0,0,1
4,2238,22613186,110,30,8234
13,2237,22613208,0,0,0
4,2239,22623263,116,33,8222
13,2238,22623285,0,0,-1
4,2240,22633335,115,36,8221
13,2239,22633357,0,1,-1
4,2241,22643392,107,32,8216
13,2240,22643414,0,1,0
4,2242,22653480,117,25,8224
13,2241,22653502,1,-1,0
4,2243,22663538,124,28,8215
13,2242,22663560,1,0,0
4,2244,22673529,109,22,8212
13,2243,22673551,0,1,0
4,2245,22683564,96,27,8211
13,2244,22683586,0,2,0
4,2246,22693717,105,39,8225
13,2245,22693739,2,2,0
4,2247,22703743,110,26,8220
13,2246,22703765,0,0,0
4,2248,22713810,106,25,8222
13,2247,22713832,-3,0,0
4,2249,22723871,109,25,8233
13,2248,22723893,0,2,2
4,2250,22734050,116,19,8218
13,2249,22734072,0,0,1
4,2251,22744009,119,24,8214
13,2250,22744031,2,0,0
4,2252,22754099,106,30,8219
13,2251,22754121,3,2,-1
4,2253,22764097,108,33,8226
13,2252,22764119,-1,2,-2
4,2254,22774229,112,28,8218
13,2253,22774251,-1,1,1
4,2255,22784255,118,23,8226
13,2254,22784277,0,1,0
4,2256,22794263,119,28,8223
13,2255,22794285,0,1,-1
4,2257,22804374,117,40,8219
13,2256,22804396,1,-1,0
4,2258,22814550,103,20,8229
13,2257,22814572,1,0,0
4,2259,22824482,100,34,8221
13,2258,22824504,2,1,-1
4,2260,22834580,105,15,8224
13,2259,22834602,1,-1,-2
4,2261,22844740,103,19,8220
13,2260,22844762,0,0,1
4,2262,22854705,109,22,8225
13,2261,22854727,0,0,0
4,2263,22864819,117,16,8226
13,2262,22864841,1,0,0
4,2264,22874903,123,29,8218
13,2263,22874925,0,0,0
4,2265,22884987,111,38,8219
13,2264,22885009,-2,0,2
4,2266,22895076,105,28,8222
13,2265,22895097,0,2,1
4,2267,22905019,108,28,8221
13,2266,22905041,0,0,0
4,2268,22915174,111,18,8234
13,2267,22915196,0,0,1
4,2269,22925169,115,14,8230
13,2268,22925191,0,-1,0
4,2270,22935298,110,28,8216
13,2269,22935320,0,0,0
4,2271,22945312,114,29,8230
13,2270,22945334,2,3,0
4,2272,22955360,118,25,8231
13,2271,22955382,2,-1,0
4,2273,22965489,108,29,8219
13,2272,22965511,0,-1,0
4,2274,22975605,109,25,8211
13,2273,22975627,0,0,0
4,2275,22985501,111,34,8221
13,2274,22985523,0,0,0
4,2276,22995654,112,34,8232
13,2275,22995676,0,2,0
4,2277,23005787,119,32,8229
13,2276,23005809,1,0,1
4,2278,23015815,123,34,8226
13,2277,23015837,0,0,0
4,2279,23025864,119,29,8239
13,2278,23025886,0,3,0
4,2280,23035914,102,27,8221
13,2279,23035936,0,1,-1
4,2281,23045866,117,27,8216
13,2280,23045888,-1,1,-1
4,2282,23056116,120,19,8220
13,2281,23056137,-2,0,0
4,2283,23066023,102,23,8217
13,2282,23066045,0,0,2
4,2284,23076123,106,30,8223
13,2283,23076145,0,3,0
4,2285,23086189,107,38,8222
13,2284,23086211,1,1,0
4,2286,23096397,110,39,8227
13,2285,23096419,1,0,1
4,2287,23106350,108,23,8220
13,2286,23106400,-1,0,2
4,2288,23116475,117,24,8224
13,2287,23116497,0,0,0
4,2289,23126434,109,29,8235
13,2288,23126456,1,1,-1
4,2290,23136665,112,26,8223
13,2289,23136686,0,0,-3
4,2291,23146600,119,35,8215
13,2290,23146622,0,2,-1
4,2292,23156604,115,28,8220
13,2291,23156626,0,0,-1
4,2293,23166708,114,28,8222
13,2292,23166730,1,-1,0
4,2294,23176825,126,29,8231
13,2293,23176847,2,0,1
4,2295,23186827,105,24,8226
13,2294,23186849,0,3,-1
4,2296,23196994,103,25,8216
13,2295,23197016,0,2,1
4,2297,23206984,108,38,8230
13,2296,23207006,-1,-1,0
4,2298,23217160,109,23,8228
13,2297,23217182,0,0,1
4,2299,23227112,120,34,8223
13,2298,23227134,0,1,2
4,2300,23237202,115,32,8221
13,2299,23237224,0,1,0
4,2301,23247324,116,24,8231
13,2300,23247346,0,0,-1
4,2302,23257344,107,18,8227
13,2301,23257366,-1,0,0
4,2303,23267437,117,22,8217
13,2302,23267459,0,0,0
4,2304,23277383,116,25,8217
13,2303,23277405,-2,-1,-1
4,2305,23287477,124,35,8215
13,2304,23287499,-1,0,-1
4,2306,23297627,112,31,8228
13,2305,23297649,2,0,0
4,2307,23307592,101,31,8235
13,2306,23307614,3,0,1
4,2308,23317679,103,32,8226
13,2307,23317701,1,1,0
4,2309,23327658,108,26,8231
13,2308,23327680,1,1,-1
4,2310,23337833,112,24,8233
13,2309,23337855,-2,-1,0
4,2311,23347789,103,22,8222
13,2310,23347811,0,-2,2
4,2312,23357918,115,27,8218
13,2311,23357940,1,2,-1
4,2313,23367907,116,24,8218
13,2312,23367956,0,0,0
4,2314,23378163,102,20,8222
13,2313,23378185,0,-2,0
4,2315,23388152,99,21,8227
13,2314,23388174,0,3,2
4,2316,23398198,107,22,8222
13,2315,23398220,0,3,0
4,2317,23408309,100,28,8215
13,2316,23408331,0,0,-1
4,2318,23418335,108,32,8213
13,2317,23418357,0,0,0
4,2319,23428352,110,18,8218
13,2318,23428374,0,0,0
4,2320,23438450,99,34,8227
13,2319,23438472,0,0,0
4,2321,23448484,107,30,8231
13,2320,23448506,-1,3,0
4,2322,23458659,115,27,8225
13,2321,23458681,0,0,0
4,2323,23468623,120,12,8220
13,2322,23468644,1,0,0
4,2324,23478680,113,19,8224
13,2323,23478702,2,2,1
4,2325,23488772,112,24,8222
13,2324,23488794,3,0,1
4,2326,23498897,110,23,8224
13,2325,23498919,0,1,0
4,2327,23508922,100,27,8221
13,2326,23508944,-1,1,0
4,2328,23519021,113,37,8216
13,2327,23519043,-1,0,0
4,2329,23529025,118,37,8221
13,2328,23529047,-1,0,1
4,2330,23539121,113,29,8219
13,2329,23539143,0,0,0
4,2331,23549129,113,28,8227
13,2330,23549151,-2,0,0
4,2332,23559214,114,25,8231
13,2331,23559236,-1,2,2
4,2333,23569335,119,25,8227
13,2332,23569357,0,2,3
4,2334,23579392,109,22,8232
13,2333,23579414,0,2,0
4,2335,23589417,113,26,8223
13,2334,23589439,0,0,2
4,2336,23599492,118,22,8226
13,2335,23599514,0,0,0
4,2337,23609625,129,28,8233
13,2336,23609647,0,0,-1
4,2338,23619745,112,21,8220
13,2337,23619767,-1,0,-1
4,2339,23629708,108,22,8227
13,2338,23629730,0,0,0
4,2340,23639746,119,30,8228
13,2339,23639768,-1,1,0
4,2341,23649852,116,26,8212
13,2340,23649874,-2,1,0
4,2342,23659891,101,30,8229
13,2341,23659913,-1,0,0
4,2343,23669893,111,26,8231
13,2342,23669915,0,0,1
4,2344,23679998,110,19,8224
13,2343,23680020,-1,0,1
4,2345,23690074,107,28,8227
13,2344,23690096,0,0,0
4,2346,23700210,107,33,8232
13,2345,23700231,-1,0,0
4,2347,23710160,112,26,8220
13,2346,23710182,1,0,-1
4,2348,23720247,122,28,8224
13,2347,23720269,2,0,0
4,2349,23730295,114,24,8221
13,2348,23730317,0,1,0
4,2350,23740444,109,38,8230
13,2349,23740466,1,1,0
4,2351,23750444,122,28,8227
13,2350,23750466,2,1,0
4,2352,23760551,119,20,8216
13,2351,23760573,1,1,0
4,2353,23770562,111,25,8208
13,2352,23770584,-2,0,2
4,2354,23780718,115,12,8212
13,2353,23780740,-1,2,0
4,2355,23790625,112,29,8231
13,2354,23790647,0,2,0
4,2356,23800731,108,19,8231
13,2355,23800753,0,0,1
4,2357,23810816,114,20,8235
13,2356,23810838,0,2,1
4,2358,23820972,111,35,8230
13,2357,23820994,1,1,2
4,2359,23830935,111,27,8215
13,2358,23830957,0,2,2
4,2360,23841022,122,34,8222
13,2359,23841044,1,0,2
4,2361,23851122,120,27,8218
13,2360,23851144,0,1,1
4,2362,23861273,116,34,8219
13,2361,23861295,-1,2,1
4,2363,23871224,106,27,8225
13,2362,23871246,0,-1,1
4,2364,23881314,112,27,8225
13,2363,23881336,0,-3,0
4,2365,23891399,121,31,8225
13,2364,23891421,0,0,0
4,2366,23901454,102,30,8226
13,2365,23901476,0,2,0
4,2367,23911469,112,25,8214
13,2366,23911491,1,0,-1
4,2368,23921587,115,24,8229
13,2367,23921609,0,1,0
4,2369,23931549,117,34,8223
13,2368,23931571,0,0,0
4,2370,23941758,107,31,8225
13,2369,23941780,0,0,0
4,2371,23951752,106,23,8225
13,2370,23951774,0,-1,1
4,2372,23961766,118,19,8225
13,2371,23961788,0,-1,2
4,2373,23971840,124,22,8233
13,2372,23971862,0,0,0
4,2374,23981927,115,38,8216
13,2373,23981949,0,-1,0
4,2375,23991930,115,30,8224
13,2374,23991980,0,0,0
4,2376,24002060,113,24,8227
13,2375,24002082,1,-1,-1
4,2377,24012078,109,26,8225
13,2376,24012100,1,0,-1
4,2378,24022296,109,25,8227
13,2377,24022318,1,0,-2
4,2379,24032203,115,29,8222
13,2378,24032225,0,0,0
4,2380,24042296,110,31,8218
13,2379,24042318,0,0,0
4,2381,24052308,102,32,8227
13,2380,24052330,1,-1,0
4,2382,24062452,107,24,8226
13,2381,24062474,0,0,-1
4,2383,24072453,109,31,8225
13,2382,24072475,0,2,0
4,2384,24082421,108,27,8223
13,2383,24082443,1,-1,1
4,2385,24092603,119,19,8228
13,2384,24092625,2,0,1
4,2386,24102759,120,27,8225
13,2385,24102781,0,0,1
4,2387,24112684,105,18,8218
13,2386,24112706,0,0,0
4,2388,24122710,100,22,8226
13,2387,24122760,0,1,-1
4,2389,24132837,105,26,8225
13,2388,24132859,0,-1,1
4,2390,24142981,110,29,8230
13,2389,24143003,-1,-2,0
4,2391,24152890,114,24,8226
13,2390,24152912,1,0,0
4,2392,24162988,108,36,8233
13,2391,24163010,1,1,-1
4,2393,24173044,119,22,8222
13,2392,24173066,-1,0,0
4,2394,24183200,121,23,8225
13,2393,24183222,0,0,3
4,2395,24193193,112,29,8226
13,2394,24193215,0,0,2
4,2396,24203233,112,38,8235
13,2395,24203255,0,0,0
4,2397,24213235,113,34,8217
13,2396,24213257,0,2,0
4,2398,24223396,106,27,8215
13,2397,24223418,2,1,2
4,2399,24233447,111,25,8225
13,2398,24233469,1,-2,0
4,2400,24243474,115,37,8231
13,2399,24243523,0,1,-1
4,2401,24253495,109,35,8219
13,2400,24253517,0,0,0
4,2402,24263718,105,26,8225
13,2401,24263740,0,0,0
4,2403,24273683,116,34,8228
13,2402,24273705,0,1,0
4,2404,24283706,112,25,8220
13,2403,24283728,0,0,0
4,2405,24293767,119,31,8226
13,2404,24293789,0,0,-3
4,2406,24303962,110,36,8234
13,2405,24303984,0,1,2
4,2407,24313976,114,31,8234
13,2406,24313998,0,1,2
4,2408,24323969,110,21,8227
13,2407,24323991,1,1,-1
4,2409,24334039,113,20,8216
13,2408,24334061,0,0,-1
4,2410,24344146,112,26,8229
13,2409,24344168,0,-1,0
4,2411,24354168,109,20,8226
13,2410,24354190,1,0,1
4,2412,24364232,109,27,8230
13,2411,24364254,0,1,0
4,2413,24374242,106,37,8220
13,2412,24374291,-1,0,0
4,2414,24384479,105,27,8235
13,2413,24384501,1,3,0
4,2415,24394386,108,31,8236
13,2414,24394408,0,0,-2
4,2416,24404514,111,20,8217
13,2415,24404536,0,0,-1
4,2417,24414625,109,28,8227
13,2416,24414647,0,0,1
4,2418,24424736,105,40,8223
13,2417,24424758,0,0,0
4,2419,24434685,113,21,8219
13,2418,24434707,0,0,1
4,2420,24444726,121,27,8238
13,2419,24444748,-1,1,0
4,2421,24454759,107,33,8227
13,2420,24454781,0,0,0
4,2422,24464909,116,18,8228
13,2421,24464931,0,-1,3
4,2423,24474919,114,31,8230
13,2422,24474940,1,0,3
4,2424,24484988,109,31,8220
13,2423,24485009,-2,3,-2
4,2425,24495085,104,32,8224
13,2424,24495107,0,2,0
4,2426,24505198,108,21,8225
13,2425,24505220,2,-2,0
4,2427,24515113,114,21,8217
13,2426,24515135,0,-3,0
4,2428,24525236,101,28,8227
13,2427,24525258,0,0,-1
4,2429,24535311,112,36,8223
13,2428,24535333,0,2,-1
4,2430,24545340,125,22,8216
13,2429,24545362,-1,1,0
4,2431,24555475,108,19,8226
13,2430,24555497,0,0,0
4,2432,24565479,106,20,8235
13,2431,24565501,1,1,-1
4,2433,24575524,106,22,8222
13,2432,24575546,1,2,0
4,2434,24585674,104,18,8221
13,2433,24585696,1,2,2
4,2435,24595716,109,28,8225
13,2434,24595738,1,0,2
4,2436,24605752,109,20,8238
13,2435,24605774,0,-1,-1
4,2437,24615850,116,37,8217
13,2436,24615872,0,0,-1
4,2438,24625870,111,20,8217
13,2437,24625892,1,0,0
4,2439,24635899,107,29,8228
13,2438,24635921,0,3,2
4,2440,24645987,112,15,8226
13,2439,24646009,0,3,1
4,2441,24655994,107,23,8226
13,2440,24656016,0,0,0
4,2442,24666177,124,26,8224
13,2441,24666199,0,-1,0
4,2443,24676143,118,30,8231
13,2442,24676164,0,1,0
4,2444,24686206,115,31,8222
13,2443,24686228,0,-1,0
4,2445,24696265,115,25,8227
13,2444,24696287,-1,-1,1
4,2446,24706354,117,32,8217
13,2445,24706376,0,0,1
4,2447,24716392,110,24,8217
13,2446,24716413,0,2,-1
4,2448,24726419,113,15,8233
13,2447,24726441,0,0,1
4,2449,24736505,117,26,8218
13,2448,24736527,0,0,1
4,2450,24746680,110,33,8219
13,2449,24746702,0,0,-1
4,2451,24756672,101,29,8226
13,2450,24756694,2,0,-1
4,2452,24766697,96,39,8229
13,2451,24766719,0,0,0
4,2453,24776722,111,36,8212
13,2452,24776744,0,-1,0
4,2454,24786840,111,29,8213
13,2453,24786862,0,0,0
4,2455,24796921,115,16,8205
13,2454,24796943,0,0,0
4,2456,24806931,120,23,8225
13,2455,24806953,0,0,0
4,2457,24816956,115,28,8228
13,2456,24816978,0,0,-1
4,2458,24827091,107,18,8229
13,2457,24827113,1,0,2
4,2459,24837093,109,30,8229
13,2458,24837115,0,0,1
4,2460,24847156,107,31,8219
13,2459,24847178,0,0,0
4,2461,24857210,108,24,8223
13,2460,24857232,2,2,-1
4,2462,24867307,119,19,8222
13,2461,24867328,0,0,-1
4,2463,24877290,113,26,8221
13,2462,24877340,0,-1,0
4,2464,24887437,109,34,8223
13,2463,24887459,0,1,0
4,2465,24897507,120,30,8227
13,2464,24897529,1,2,1
4,2466,24907638,115,26,8219
13,2465,24907660,0,1,0
4,2467,24917598,109,22,8227
13,2466,24917620,1,0,-1
4,2468,24927602,118,33,8226
13,2467,24927624,2,0,0
4,2469,24937754,108,35,8227
13,2468,24937776,2,1,1
4,2470,24947918,104,33,8222
13,2469,24947940,1,1,1
4,2471,24957886,111,23,8210
13,2470,24957908,1,0,-1
4,2472,24967963,119,31,8220
13,2471,24967985,1,0,0
4,2473,24978003,110,31,8224
13,2472,24978025,0,2,0
4,2474,24988223,102,27,8230
13,2473,24988245,-1,0,-2
4,2475,24998165,113,29,8222
13,2474,24998187,0,0,-1
4,2476,25008236,118,25,8219
13,2475,25008258,0,0,0
4,2477,25018300,110,26,8224
13,2476,25018322,0,0,2
4,2478,25028385,114,28,8232
13,2477,25028407,3,2,2
4,2479,25038431,118,32,8224
13,2478,25038453,0,1,0
4,2480,25048462,111,16,8213
13,2479,25048484,-1,0,1
4,2481,25058604,108,23,8211
13,2480,25058626,0,0,0
4,2482,25068688,107,31,8232
13,2481,25068710,-2,1,0
4,2483,25078669,103,29,8224
13,2482,25078690,0,0,0
4,2484,25088689,109,22,8221
13,2483,25088711,0,-1,0
4,2485,25098801,115,22,8224
13,2484,25098823,0,1,0
4,2486,25108949,110,39,8218
13,2485,25108970,0,1,1
4,2487,25118952,119,27,8228
13,2486,25118974,0,1,0
4,2488,25128981,109,30,8236
13,2487,25129003,-1,0,-1
4,2489,25139116,113,30,8232
13,2488,25139138,0,0,-2
4,2490,25149297,122,31,8229
13,2489,25149319,1,2,-1
4,2491,25159281,117,28,8219
13,2490,25159303,0,1,0
4,2492,25169316,109,26,8224
13,2491,25169338,-1,0,0
4,2493,25179344,112,22,8218
13,2492,25179366,0,2,0
4,2494,25189460,116,18,8230
13,2493,25189482,1,1,-1
4,2495,25199515,108,30,8223
13,2494,25199537,2,-2,-1
4,2496,25209580,107,23,8218
13,2495,25209602,2,-1,0
4,2497,25219583,110,33,8228
13,2496,25219605,0,1,-1
4,2498,25229884,128,16,8230
13,2497,25229933,0,3,0
4,2499,25239762,110,27,8221
13,2498,25239784,0,2,0
4,2500,25249797,108,21,8218
13,2499,25249819,0,-1,0
4,2501,25259925,117,24,8227
13,2500,25259947,0,0,0
4,2502,25270049,109,23,8212
13,2501,25270071,0,1,0
4,2503,25280061,106,27,8211
13,2502,25280083,0,0,0
4,2504,25290148,98,35,8234
13,2503,25290170,0,-1,0
4,2505,25300167,112,30,8236
13,2504,25300189,-1,-1,1
4,2506,25310339,109,32,8214
13,2505,25310361,3,0,0
4,2507,25320303,113,25,8218
13,2506,25320325,1,2,-1
4,2508,25330293,103,21,8221
13,2507,25330315,0,0,0
4,2509,25340428,111,29,8219
13,2508,25340450,-1,-1,0
4,2510,25350508,104,29,8223
13,2509,25350530,0,2,0
4,2511,25360508,112,21,8225
13,2510,25360530,0,1,0
4,2512,25370633,114,29,8235
13,2511,25370655,0,3,-1
4,2513,25380659,107,20,8226
13,2512,25380708,0,0,-3
4,2514,25390808,113,29,8229
13,2513,25390830,0,-1,1
4,2515,25400823,115,34,8231
13,2514,25400845,2,0,1
4,2516,25410965,94,32,8222
13,2515,25410987,1,0,0
4,2517,25420897,113,27,8223
13,2516,25420919,1,1,-1
4,2518,25431007,116,42,8227
13,2517,25431029,0,0,-1
4,2519,25441060,111,39,8228
13,2518,25441082,0,-1,0
4,2520,25451169,121,11,8235
13,2519,25451191,1,1,1
4,2521,25461162,119,21,8225
13,2520,25461184,0,0,0
4,2522,25471255,100,40,8227
13,2521,25471277,0,0,0
4,2523,25481352,106,28,8236
13,2522,25481374,0,1,0
4,2524,25491333,108,21,8228
13,2523,25491355,0,0,0
4,2525,25501438,111,21,8220
13,2524,25501460,0,0,-1
4,2526,25511540,108,26,8224
13,2525,25511562,1,1,1
4,2527,25521546,101,22,8222
13,2526,25521568,0,-1,1
4,2528,25531656,98,16,8218
13,2527,25531678,2,2,1
4,2529,25541659,119,25,8221
13,2528,25541681,1,0,0
4,2530,25551766,118,32,8236
13,2529,25551788,1,-2,0
4,2531,25561754,109,35,8224
13,2530,25561776,1,-2,1
4,2532,25571864,101,29,8232
13,2531,25571886,0,0,0
4,2533,25581910,112,29,8231
13,2532,25581932,-1,0,0
4,2534,25592045,115,32,8228
13,2533,25592067,0,-3,0
4,2535,25602020,118,37,8232
13,2534,25602042,2,0,0
4,2536,25612032,114,24,8213
13,2535,25612054,0,2,-2
4,2537,25622132,112,23,8213
13,2536,25622154,-3,0,1
4,2538,25632254,115,20,8216
13,2537,25632276,-2,0,0
4,2539,25642267,119,31,8222
13,2538,25642289,0,-2,-2
4,2540,25652349,118,22,8231
13,2539,25652371,0,1,0
4,2541,25662469,117,24,8219
13,2540,25662491,0,0,-1
4,2542,25672500,115,18,8212
13,2541,25672522,1,-1,0
4,2543,25682566,103,26,8216
13,2542,25682588,0,-1,0
4,2544,25692510,110,42,8221
13,2543,25692532,0,0,-2
4,2545,25702684,112,34,8227
13,2544,25702706,2,0,0
4,2546,25712793,128,18,8223
13,2545,25712815,0,1,2
4,2547,25722715,118,21,8219
13,2546,25722737,-1,0,0
4,2548,25732794,113,25,8220
13,2547,25732816,-1,0,0
4,2549,25742871,116,25,8227
13,2548,25742893,0,-1,1
4,2550,25752990,119,32,8217
13,2549,25753012,0,0,1
4,2551,25763071,111,43,8220
13,2550,25763093,0,1,0
4,2552,25773123,107,41,8223
13,2551,25773145,0,-3,1
4,2553,25783139,124,31,8222
13,2552,25783161,1,-1,2
4,2554,25793290,118,29,8227
13,2553,25793312,1,0,0
4,2555,25803213,110,34,8230
13,2554,25803235,0,2,0
4,2556,25813358,117,42,8224
13,2555,25813380,0,0,0
4,2557,25823330,117,29,8206
13,2556,25823352,1,-2,0
4,2558,25833482,116,26,8218
13,2557,25833504,-1,-1,0
4,2559,25843430,111,29,8216
13,2558,25843452,0,-2,2
4,2560,25853536,109,26,8233
13,2559,25853558,-1,2,1
4,2561,25863584,112,16,8236
13,2560,25863606,2,0,0
4,2562,25873779,123,28,8223
13,2561,25873801,-1,1,0
4,2563,25883741,114,32,8227
13,2562,25883763,-1,0,0
4,2564,25893744,112,31,8238
13,2563,25893766,0,0,0
4,2565,25903865,107,25,8226
13,2564,25903887,0,-1,2
4,2566,25913894,108,14,8221
13,2565,25913916,0,1,1
4,2567,25923960,118,24,8222
13,2566,25923982,1,0,1
4,2568,25933995,117,30,8237
13,2567,25934017,-2,0,2
4,2569,25944075,107,40,8226
13,2568,25944097,-1,1,0
4,2570,25954248,109,28,8224
13,2569,25954270,0,1,1
4,2571,25964180,115,19,8239
13,2570,25964202,0,0,0
4,2572,25974320,113,30,8223
13,2571,25974341,-1,0,0
4,2573,25984313,115,34,8226
13,2572,25984335,0,0,1
4,2574,25994424,100,26,8227
13,2573,25994446,1,0,0
4,2575,26004460,109,24,8222
13,2574,26004482,1,-3,-1
4,2576,26014532,110,25,8220
13,2575,26014554,0,-1,0
4,2577,26024625,108,28,8221
13,2576,26024647,2,0,1
4,2578,26034774,108,30,8229
13,2577,26034796,1,1,1
4,2579,26044749,115,35,8218
13,2578,26044771,1,-1,2
4,2580,26054794,116,24,8233
13,2579,26054816,0,0,-1
4,2581,26064828,118,28,8239
13,2580,26064850,0,-3,-1
4,2582,26074963,116,21,8234
13,2581,26074985,0,2,0
4,2583,26085027,104,28,8222
13,2582,26085049,2,0,-2
4,2584,26095063,112,33,8210
13,2583,26095085,0,-2,0
4,2585,26105042,110,25,8228
13,2584,26105063,0,1,0
4,2586,26115274,118,23,8225
13,2585,26115296,0,0,-1
4,2587,26125226,120,23,8221
13,2586,26125248,-1,0,0
4,2588,26135353,115,25,8227
13,2587,26135375,0,2,0
4,2589,26145361,112,18,8225
13,2588,26145383,0,0,1
4,2590,26155461,112,37,8221
13,2589,26155483,0,-1,0
4,2591,26165497,114,30,8219
13,2590,26165519,0,0,0
4,2592,26175570,109,31,8227
13,2591,26175592,1,0,-1
4,2593,26185578,111,21,8216
13,2592,26185600,-1,-1,0
4,2594,26195728,117,29,8225
13,2593,26195750,1,0,0
4,2595,26205699,107,32,8231
13,2594,26205721,0,0,2
4,2596,26215818,107,19,8225
13,2595,26215839,-1,-3,1
4,2597,26225805,103,22,8224
13,2596,26225827,0,-3,0
4,2598,26235861,104,26,8220
13,2597,26235883,0,0,-1
4,2599,26245944,108,29,8217
13,2598,26245966,0,0,0
4,2600,26256007,117,23,8229
13,2599,26256056,-1,1,-1
4,2601,26266095,114,21,8225
13,2600,26266117,0,2,0
4,2602,26276252,110,26,8230
13,2601,26276274,1,-1,-1
4,2603,26286237,112,24,8216
13,2602,26286259,1,0,1
4,2604,26296301,106,25,8222
13,2603,26296323,1,0,1
4,2605,26306359,108,29,8226
13,2604,26306381,2,-3,0
4,2606,26316453,112,20,8228
13,2605,26316475,1,0,1
4,2607,26326467,112,16,8237
13,2606,26326489,0,1,1
4,2608,26336565,109,18,8230
13,2607,26336587,0,-1,0
4,2609,26346627,98,25,8227
13,2608,26346649,2,-4,-1
4,2610,26356745,107,23,8228
13,2609,26356767,0,-3,0
4,2611,26366743,116,19,8230
13,2610,26366765,0,-2,1
4,2612,26376826,108,25,8216
13,2611,26376848,0,0,1
4,2613,26386970,118,23,8216
13,2612,26386992,0,0,-1
4,2614,26397025,109,32,8223
13,2613,26397047,0,-1,0
4,2615,26407075,111,22,8229
13,2614,26407097,1,-1,1
4,2616,26417186,114,30,8233
13,2615,26417208,0,0,0
4,2617,26427164,106,34,8226
13,2616,26427186,0,2,-1
4,2618,26437328,109,32,8217
13,2617,26437350,1,1,-2
4,2619,26447268,112,35,8226
13,2618,26447290,0,0,-1
4,2620,26457399,111,35,8233
13,2619,26457421,0,1,0
4,2621,26467415,98,24,8218
13,2620,26467437,2,0,1
4,2622,26477520,105,25,8218
13,2621,26477542,0,-1,-1
4,2623,26487612,108,24,8214
13,2622,26487634,0,0,-1
4,2624,26497556,113,26,8221
13,2623,26497578,0,0,0
4,2625,26507659,110,26,8225
13,2624,26507681,0,0,1
4,2626,26517930,103,19,8224
13,2625,26517952,0,0,0
4,2627,26527847,112,19,8221
13,2626,26527869,0,0,0
4,2628,26537916,120,24,8216
13,2627,26537938,0,-2,1
4,2629,26547990,116,32,8218
13,2628,26548012,0,0,0
4,2630,26558060,104,30,8216
13,2629,26558082,0,0,-1
4,2631,26568101,115,31,8226
13,2630,26568123,-1,0,1
4,2632,26578175,106,29,8241
13,2631,26578197,-1,0,0
4,2633,26588259,109,29,8229
13,2632,26588280,0,-1,0
4,2634,26598367,121,35,8222
13,2633,26598389,0,-1,0
4,2635,26608369,113,22,8223
13,2634,26608391,0,-1,-1
4,2636,26618393,103,38,8227
13,2635,26618415,0,-2,1
4,2637,26628509,114,47,8226
13,2636,26628531,1,0,1
4,2638,26638600,111,31,8228
13,2637,26638622,2,-1,0
4,2639,26648586,103,27,8219
13,2638,26648608,0,1,2
4,2640,26658745,110,33,8224
13,2639,26658767,0,-1,1
4,2641,26668769,106,19,8221
13,2640,26668791,-1,0,3
4,2642,26678897,116,20,8216
13,2641,26678919,0,1,0
4,2643,26688799,120,43,8225
13,2642,26688821,0,-2,0
4,2644,26698912,103,30,8219
13,2643,26698934,1,-2,0
4,2645,26709006,105,11,8215
13,2644,26709028,0,0,0
4,2646,26719017,108,26,8216
13,2645,26719039,0,0,0
4,2647,26729077,106,35,8232
13,2646,26729099,0,-2,0
4,2648,26739177,103,28,8225
13,2647,26739199,-3,0,1
4,2649,26749204,113,23,8220
13,2648,26749226,-3,1,2
4,2650,26759414,111,24,8225
13,2649,26759436,0,0,2
4,2651,26769340,106,22,8227
13,2650,26769362,1,-1,-1
4,2652,26779373,106,31,8215
13,2651,26779395,0,-2,0
4,2653,26789479,101,29,8221
13,2652,26789501,-2,1,0
4,2654,26799607,110,31,8214
13,2653,26799629,0,1,-2
4,2655,26809587,119,34,8207
13,2654,26809609,1,0,-1
4,2656,26819566,109,29,8239
13,2655,26819588,0,1,0
4,2657,26829711,114,32,8226
13,2656,26829733,1,-1,1
4,2658,26839863,107,24,8225
13,2657,26839885,1,-3,-1
4,2659,26849775,102,18,8230
13,2658,26849797,0,-1,0
4,2660,26859914,94,29,8228
13,2659,26859935,0,0,0
4,2661,26870013,111,26,8223
13,2660,26870035,0,0,-2
4,2662,26880156,111,25,8223
13,2661,26880178,-3,0,0
4,2663,26890115,111,26,8221
13,2662,26890138,-1,1,0
4,2664,26900203,116,16,8233
13,2663,26900225,0,0,1
4,2665,26910186,111,24,8226
13,2664,26910208,-2,-1,2
4,2666,26920408,112,23,8225
13,2665,26920430,0,0,0
4,2667,26930370,100,38,8223
13,2666,26930392,0,0,-1
4,2668,26940357,111,20,8221
13,2667,26940379,0,1,0
4,2669,26950557,118,25,8220
13,2668,26950579,1,0,0
4,2670,26960507,107,32,8229
13,2669,26960528,-1,0,-1
4,2671,26970635,108,25,8222
13,2670,26970657,0,1,0
4,2672,26980708,107,29,8224
13,2671,26980730,2,-3,1
4,2673,26990714,111,28,8220
13,2672,26990736,0,-3,-1
4,2674,27000931,114,32,8221
13,2673,27000953,1,-2,0
4,2675,27010833,111,32,8222
13,2674,27010855,1,0,0
4,2676,27020854,112,27,8212
13,2675,27020903,0,0,0
4,2677,27031006,113,29,8220
13,2676,27031028,-1,0,1
4,2678,27041101,117,23,8223
13,2677,27041123,-1,0,1
4,2679,27051120,113,25,8220
13,2678,27051142,0,-1,2
4,2680,27061169,110,33,8227
13,2679,27061191,0,-3,1
4,2681,27071214,113,39,8225
13,2680,27071236,0,0,0
4,2682,27081319,108,34,8218
13,2681,27081341,2,0,0
4,2683,27091381,103,18,8228
13,2682,27091403,2,-2,1
4,2684,27101426,99,32,8241
13,2683,27101448,-1,0,1
4,2685,27111428,100,37,8231
13,2684,27111450,-1,0,0
4,2686,27121627,106,28,8224
13,2685,27121649,-3,0,0
4,2687,27131628,107,22,8215
13,2686,27131650,1,0,1
4,2688,27141710,117,26,8212
13,2687,27141732,0,2,0
4,2689,27151782,113,25,8217
13,2688,27151804,-3,-1,-1
4,2690,27162020,105,29,8230
13,2689,27162042,0,0,-1
4,2691,27171967,113,25,8224
13,2690,27171989,0,-2,0
4,2692,27182036,111,35,8239
13,2691,27182058,0,0,0
4,2693,27192026,115,24,8224
13,2692,27192048,1,1,1
4,2694,27202121,120,33,8219
13,2693,27202143,1,-4,0
4,2695,27212163,109,25,8217
13,2694,27212185,0,0,0
4,2696,27222183,103,29,8231
13,2695,27222205,0,-1,1
4,2697,27232291,111,29,8219
13,2696,27232313,0,-2,0
4,2698,27242438,124,21,8223
13,2697,27242460,1,0,0
4,2699,27252428,108,35,8222
13,2698,27252450,0,-1,0
4,2700,27262473,114,28,8221
13,2699,27262495,-2,0,0
4,2701,27272560,109,28,8220
13,2700,27272582,0,1,0
4,2702,27282680,106,44,8221
13,2701,27282702,0,0,0
4,2703,27292700,117,39,8217
13,2702,27292722,1,-1,0
4,2704,27302777,110,24,8231
13,2703,27302799,0,-2,0
4,2705,27312805,112,31,8226
13,2704,27312827,0,0,-1
4,2706,27322982,120,22,8224
13,2705,27323004,0,-2,0
4,2707,27332953,110,21,8222
13,2706,27332975,0,-4,2
4,2708,27342953,114,23,8225
13,2707,27342975,1,-2,0
4,2709,27353086,117,21,8221
13,2708,27353108,0,-1,0
4,2710,27363221,111,16,8219
13,2709,27363243,0,1,0
4,2711,27373222,110,24,8224
13,2710,27373244,0,1,0
4,2712,27383276,102,35,8225
13,2711,27383298,0,0,-1
4,2713,27393275,114,29,8223
13,2712,27393297,-1,-1,-1
4,2714,27403509,123,24,8213
13,2713,27403531,0,0,-1
4,2715,27413474,102,26,8219
13,2714,27413496,0,0,1
4,2716,27423540,112,35,8218
13,2715,27423562,-1,-3,0
4,2717,27433605,116,33,8212
13,2716,27433627,1,-2,0
4,2718,27443621,112,34,8232
13,2717,27443643,1,0,0
4,2719,27453697,110,22,8231
13,2718,27453719,0,0,-2
4,2720,27463764,107,25,8224
13,2719,27463786,1,2,0
4,2721,27473831,117,29,8222
13,2720,27473853,0,1,2
4,2722,27483998,124,36,8212
13,2721,27484020,-1,-1,0
4,2723,27493919,125,18,8224
13,2722,27493941,0,-3,-1
4,2724,27504009,106,35,8228
13,2723,27504031,0,-1,0
4,2725,27514184,111,32,8230
13,2724,27514206,0,0,0
4,2726,27524201,105,21,8221
13,2725,27524223,1,-2,1
4,2727,27534228,117,22,8226
13,2726,27534250,0,-1,1
4,2728,27544316,98,27,8227
13,2727,27544338,0,1,0
4,2729,27554351,94,26,8221
13,2728,27554373,-1,2,2
4,2730,27564476,110,23,8214
13,2729,27564497,0,1,0
4,2731,27574432,109,22,8233
13,2730,27574454,1,1,0
4,2732,27584510,109,21,8235
13,2731,27584532,0,0,0
4,2733,27594573,102,33,8221
13,2732,27594595,0,0,0
4,2734,27604673,103,33,8225
13,2733,27604694,0,0,-1
4,2735,27614685,103,25,8230
13,2734,27614707,2,0,-1
4,2736,27624819,105,25,8224
13,2735,27624841,1,0,1
4,2737,27634826,107,29,8227
13,2736,27634848,-2,1,1
4,2738,27645004,113,38,8219
13,2737,27645026,0,0,1
4,2739,27654946,109,33,8222
13,2738,27654968,-1,0,0
4,2740,27665030,100,32,8217
13,2739,27665052,0,-1,0
4,2741,27675117,107,36,8220
13,2740,27675139,1,0,0
4,2742,27685179,114,26,8224
13,2741,27685201,-1,-2,-2
4,2743,27695159,112,22,8226
13,2742,27695181,0,0,0
4,2744,27705322,111,15,8220
13,2743,27705344,-2,0,-1
4,2745,27715339,110,31,8222
13,2744,27715361,-2,0,1
4,2746,27725531,114,27,8224
13,2745,27725552,0,2,2
4,2747,27735459,112,21,8218
13,2746,27735481,0,1,0
4,2748,27745476,104,7,8222
13,2747,27745498,-1,-2,0
4,2749,27755594,104,13,8230
13,2748,27755616,-1,-1,0
4,2750,27765685,114,25,8217
13,2749,27765734,0,-2,-1
4,2751,27775772,112,19,8220
13,2750,27775794,1,-2,1
4,2752,27785762,109,22,8222
13,2751,27785784,0,0,-1
4,2753,27795944,111,33,8236
13,2752,27795966,0,0,0
4,2754,27806037,111,30,8231
13,2753,27806059,2,0,5
4,2755,27815994,111,22,8218
13,2754,27816016,0,-1,1
4,2756,27826057,100,34,8235
13,2755,27826079,-1,-1,0
4,2757,27836119,97,35,8228
13,2756,27836141,0,-1,1
4,2758,27846236,108,28,8233
13,2757,27846258,1,0,1
4,2759,27856277,119,35,8229
13,2758,27856299,5,0,1
4,2760,27866381,109,19,8228
13,2759,27866403,0,0,-1
4,2761,27876402,96,24,8231
13,2760,27876424,0,0,0
4,2762,27886610,115,30,8224
13,2761,27886632,0,2,0
4,2763,27896477,113,31,8216
13,2762,27896499,0,1,0
4,2764,27906633,100,27,8218
13,2763,27906655,1,0,0
4,2765,27916687,113,22,8229
13,2764,27916709,0,0,1
4,2766,27926737,118,36,8221
13,2765,27926759,-1,-2,0
4,2767,27936837,114,23,8228
13,2766,27936859,-1,1,0
4,2768,27946853,118,25,8220
13,2767,27946875,0,-3,-1
4,2769,27956878,108,20,8220
13,2768,27956900,0,-2,0
4,2770,27967078,106,26,8230
13,2769,27967100,2,-1,2
4,2771,27977108,116,18,8228
13,2770,27977130,1,-1,1
4,2772,27987069,110,20,8219
13,2771,27987091,0,0,0
4,2773,27997195,104,15,8222
13,2772,27997217,0,-1,0
4,2774,28007317,110,34,8230
13,2773,28007339,-1,-2,0
4,2775,28017406,112,38,8234
13,2774,28017428,0,-1,-1
4,2776,28027430,112,34,8220
13,2775,28027452,0,-1,0
4,2777,28037431,110,40,8235
13,2776,28037453,0,2,0
4,2778,28047692,118,29,8230
13,2777,28047714,0,0,0
4,2779,28057618,113,20,8222
13,2778,28057640,1,-2,1
4,2780,28067651,109,31,8223
13,2779,28067672,0,0,-2
4,2781,28077742,111,23,8229
13,2780,28077764,0,0,0
4,2782,28087830,110,26,8228
13,2781,28087852,0,0,1
4,2783,28097912,111,27,8224
13,2782,28097934,-1,-1,2
4,2784,28107908,112,19,8222
13,2783,28107930,0,-2,0
4,2785,28117941,114,21,8212
13,2784,28117963,0,0,0
4,2786,28128127,114,26,8217
13,2785,28128149,0,0,-3
4,2787,28138156,107,28,8219
13,2786,28138178,2,0,0
4,2788,28148203,114,28,8225
13,2787,28148225,2,0,0
4,2789,28158298,116,21,8226
13,2788,28158320,0,0,0
4,2790,28168360,112,19,8225
13,2789,28168382,0,-1,0
4,2791,28178314,100,11,8217
13,2790,28178336,-1,2,0
4,2792,28188446,101,21,8222
13,2791,28188468,0,0,0
4,2793,28198421,109,21,8223
13,2792,28198443,0,-3,1
4,2794,28208650,112,27,8225
13,2793,28208672,-1,-3,0
4,2795,28218615,107,33,8222
13,2794,28218637,0,0,0
4,2796,28228711,111,35,8219
13,2795,28228733,0,0,-2
4,2797,28238758,107,25,8228
13,2796,28238780,0,0,0
4,2798,28248881,103,23,8228
13,2797,28248902,2,-1,1
4,2799,28258801,111,34,8226
13,2798,28258823,0,-1,0
4,2800,28269030,108,25,8224
13,2799,28269052,0,-1,0
4,2801,28279006,111,41,8220
13,2800,28279028,0,0,-1
4,2802,28289146,111,37,8212
13,2801,28289168,0,-1,0
4,2803,28299144,108,34,8220
13,2802,28299166,0,-1,0
4,2804,28309224,123,30,8222
13,2803,28309246,2,1,1
4,2805,28319255,110,35,8220
13,2804,28319277,0,-1,1
4,2806,28329411,107,40,8229
13,2805,28329433,0,-1,0
4,2807,28339401,109,21,8231
13,2806,28339422,0,0,0
4,2808,28349464,110,25,8224
13,2807,28349486,0,1,-1
4,2809,28359521,114,39,8217
13,2808,28359543,0,0,0
4,2810,28369677,113,29,8221
13,2809,28369699,0,0,0
4,2811,28379710,117,17,8231
13,2810,28379732,1,0,-1
4,2812,28389732,110,28,8230
13,2811,28389754,0,-1,0
4,2813,28399850,104,32,8224
13,2812,28399872,1,-2,1
4,2814,28409864,116,23,8231
13,2813,28409886,0,0,0
4,2815,28419934,117,26,8233
13,2814,28419956,-1,0,0
4,2816,28430041,115,15,8226
13,2815,28430063,0,0,1
4,2817,28440073,107,19,8227
13,2816,28440095,1,0,0
4,2818,28450218,124,18,8221
13,2817,28450240,0,1,1
4,2819,28460134,116,34,8222
13,2818,28460156,0,1,3
4,2820,28470253,111,20,8226
13,2819,28470275,1,0,0
4,2821,28480265,111,19,8220
13,2820,28480287,1,2,1
4,2822,28490402,107,33,8226
13,2821,28490424,2,0,3
4,2823,28500394,117,32,8231
13,2822,28500416,2,0,2
4,2824,28510524,113,27,8225
13,2823,28510546,-1,-1,0
4,2825,28520576,109,21,8216
13,2824,28520598,1,-1,0
4,2826,28530746,108,25,8236
13,2825,28530768,1,0,1
4,2827,28540767,102,19,8243
13,2826,28540789,1,-1,0
4,2828,28550794,116,29,8219
13,2827,28550816,0,-2,0
4,2829,28560834,109,26,8227
13,2828,28560856,0,-5,0
4,2830,28570930,110,17,8222
13,2829,28570951,0,-2,1
4,2831,28580937,118,23,8215
13,2830,28580958,0,0,0
4,2832,28591010,107,20,8234
13,2831,28591032,1,-2,1
4,2833,28601071,108,26,8224
13,2832,28601093,2,0,0
4,2834,28611242,105,28,8226
13,2833,28611264,0,0,-1
4,2835,28621202,113,21,8231
13,2834,28621224,-1,0,0
4,2836,28631256,115,35,8215
13,2835,28631278,1,1,0
4,2837,28641361,118,39,8221
13,2836,28641383,1,0,0
4,2838,28651523,116,26,8234
13,2837,28651545,0,-1,0
4,2839,28661506,104,25,8222
13,2838,28661528,0,0,0
4,2840,28671545,116,22,8220
13,2839,28671567,0,1,0
4,2841,28681626,108,17,8219
13,2840,28681648,-1,-1,0
4,2842,28691787,99,34,8229
13,2841,28691808,0,0,0
4,2843,28701802,118,44,8226
13,2842,28701824,-1,0,1
4,2844,28711828,114,33,8224
13,2843,28711850,0,-2,0
4,2845,28721877,116,31,8231
13,2844,28721898,0,-1,0
4,2846,28732007,117,20,8221
13,2845,28732029,0,-1,0
4,2847,28742080,111,17,8218
13,2846,28742102,0,-2,0
4,2848,28752091,104,30,8229
13,2847,28752113,0,0,1
4,2849,28762175,96,35,8231
13,2848,28762197,1,0,0
4,2850,28772341,119,38,8237
13,2849,28772363,0,-1,1
4,2851,28782373,123,25,8229
13,2850,28782395,0,-2,0
4,2852,28792404,118,27,8233
13,2851,28792426,0,0,0
4,2853,28802395,113,14,8226
13,2852,28802417,1,0,0
4,2854,28812577,120,22,8230
13,2853,28812599,0,0,0
4,2855,28822551,101,27,8233
13,2854,28822573,0,0,-1
4,2856,28832649,112,32,8222
13,2855,28832671,0,1,1
4,2857,28842666,109,21,8225
13,2856,28842688,0,0,2
4,2858,28852848,123,21,8231
13,2857,28852870,0,-3,0
4,2859,28862819,115,20,8220
13,2858,28862841,1,-1,0
4,2860,28872888,119,28,8223
13,2859,28872910,0,-1,-2
4,2861,28882968,117,24,8224
13,2860,28882990,0,0,1
4,2862,28893032,101,25,8220
13,2861,28893054,0,-2,0
4,2863,28903120,111,30,8227
13,2862,28903142,0,1,1
4,2864,28913164,112,31,8227
13,2863,28913186,3,2,0
4,2865,28923208,105,28,8218
13,2864,28923230,0,0,-1
4,2866,28933384,113,22,8224
13,2865,28933406,0,1,0
4,2867,28943369,109,24,8223
13,2866,28943391,0,0,0
4,2868,28953456,109,16,8224
13,2867,28953478,0,0,0
4,2869,28963469,116,20,8228
13,2868,28963491,0,0,-1
4,2870,28973578,110,18,8229
13,2869,28973600,0,0,0
4,2871,28983633,110,23,8224
13,2870,28983655,0,1,-1
4,2872,28993674,106,27,8224
13,2871,28993696,0,-1,0
4,2873,29003719,107,20,8227
13,2872,29003741,0,-1,0
4,2874,29013873,120,28,8222
13,2873,29013895,0,1,3
4,2875,29023939,108,20,8227
13,2874,29023961,0,1,1
4,2876,29033928,98,24,8227
13,2875,29033950,0,2,0
4,2877,29044006,113,25,8228
13,2876,29044028,-1,0,0
4,2878,29054152,104,24,8216
13,2877,29054174,-1,0,-1
4,2879,29064067,112,24,8219
13,2878,29064089,0,0,1
4,2880,29074155,123,27,8223
13,2879,29074177,1,1,1
4,2881,29084275,104,34,8226
13,2880,29084297,-1,0,-1
4,2882,29094400,118,29,8216
13,2881,29094422,0,1,-2
4,2883,29104349,111,29,8228
13,2882,29104371,1,0,-2
4,2884,29114422,106,34,8219
13,2883,29114444,1,0,-2
4,2885,29124464,119,22,8214
13,2884,29124486,0,2,-1
4,2886,29134574,113,35,8227
13,2885,29134596,0,1,-3
4,2887,29144624,116,38,8222
13,2886,29144646,1,0,-1
4,2888,29154769,109,27,8219
13,2887,29154791,0,0,0
4,2889,29164790,118,34,8214
13,2888,29164812,0,1,0
4,2890,29174970,119,26,8218
13,2889,29174992,0,2,-1
4,2891,29184885,117,28,8225
13,2890,29184907,0,0,0
4,2892,29195006,109,26,8222
13,2891,29195028,0,1,0
4,2893,29205002,105,25,8221
13,2892,29205023,2,0,0
4,2894,29215056,107,30,8221
13,2893,29215078,1,0,0
4,2895,29225169,105,23,8223
13,2894,29225191,0,0,1
4,2896,29235176,110,12,8228
13,2895,29235198,0,3,1
4,2897,29245250,117,30,8220
13,2896,29245272,0,1,1
4,2898,29255360,119,28,8219
13,2897,29255382,0,-1,1
4,2899,29265380,108,17,8223
13,2898,29265402,0,0,0
4,2900,29275506,111,27,8224
13,2899,29275528,0,-1,-3
4,2901,29285420,113,31,8221
13,2900,29285442,0,-1,2
4,2902,29295605,108,19,8211
13,2901,29295627,2,-1,0
4,2903,29305638,112,30,8235
13,2902,29305660,0,0,0
4,2904,29315712,102,26,8227
13,2903,29315734,-2,-1,0
4,2905,29325742,111,32,8219
13,2904,29325764,-2,0,0
4,2906,29335879,112,23,8222
13,2905,29335901,-1,0,0
4,2907,29345795,112,31,8216
13,2906,29345816,0,0,-2
4,2908,29355924,115,21,8229
13,2907,29355945,0,0,0
4,2909,29366019,113,36,8217
13,2908,29366041,1,1,0
4,2910,29376084,102,36,8224
13,2909,29376106,0,1,1
4,2911,29386054,109,22,8218
13,2910,29386076,0,0,0
4,2912,29396161,109,20,8231
13,2911,29396183,0,-2,0
4,2913,29406265,116,19,8212
13,2912,29406287,-1,0,0
4,2914,29416356,116,29,8227
13,2913,29416378,0,0,0
4,2915,29426367,113,26,8224
13,2914,29426389,-1,0,-1
4,2916,29436494,125,18,8240
13,2915,29436516,0,0,0
4,2917,29446529,117,12,8232
13,2916,29446551,1,0,0
4,2918,29456560,112,23,8218
13,2917,29456582,0,2,2
4,2919,29466587,110,25,8218
13,2918,29466609,2,1,0
4,2920,29476619,112,30,8236
13,2919,29476641,0,1,-1
4,2921,29486699,114,30,8228
13,2920,29486720,0,0,1
4,2922,29496880,121,25,8232
13,2921,29496901,1,2,1
4,2923,29506777,116,24,8222
13,2922,29506799,0,0,0
4,2924,29516967,111,30,8223
13,2923,29516989,1,0,2
4,2925,29526903,121,33,8212
13,2924,29526925,0,3,0
4,2926,29537091,122,44,8214
13,2925,29537113,-1,0,0
4,2927,29547142,112,26,8221
13,2926,29547164,0,-2,0
4,2928,29557158,115,36,8222
13,2927,29557180,1,0,0
4,2929,29567225,107,31,8230
13,2928,29567247,0,0,1
4,2930,29577350,119,27,8215
13,2929,29577372,1,-1,0
4,2931,29587279,122,25,8219
13,2930,29587301,1,1,0
4,2932,29597356,118,23,8224
13,2931,29597378,0,0,0
4,2933,29607432,125,34,8220
13,2932,29607454,1,1,0
4,2934,29617522,124,19,8228
13,2933,29617544,0,3,0
4,2935,29627549,113,22,8223
13,2934,29627571,0,2,0
4,2936,29637635,95,17,8215
13,2935,29637657,0,-1,1
4,2937,29647613,115,23,8217
13,2936,29647635,0,2,1
4,2938,29657887,122,16,8228
13,2937,29657909,0,-2,0
4,2939,29667820,110,13,8230
13,2938,29667842,0,-1,0
4,2940,29677837,103,27,8219
13,2939,29677859,0,0,1
4,2941,29687999,100,34,8218
13,2940,29688021,1,1,0
4,2942,29698016,105,25,8229
13,2941,29698038,-1,0,0
4,2943,29708022,108,34,8221
13,2942,29708044,0,0,0
4,2944,29718080,107,30,8221
13,2943,29718102,-1,2,1
4,2945,29728209,111,33,8215
13,2944,29728231,1,1,1
4,2946,29738345,120,30,8227
13,2945,29738367,0,0,0
4,2947,29748305,119,35,8219
13,2946,29748327,-1,-1,1
4,2948,29758341,104,36,8226
13,2947,29758363,0,2,0
4,2949,29768391,106,37,8228
13,2948,29768413,0,0,0
4,2950,29778488,110,35,8216
13,2949,29778510,-1,2,0
4,2951,29788460,105,15,8226
13,2950,29788482,0,0,2
4,2952,29798622,115,25,8224
13,2951,29798644,0,-1,-1
4,2953,29808672,114,18,8218
13,2952,29808694,-1,0,-2
4,2954,29818799,105,39,8226
13,2953,29818821,-1,0,-1
4,2955,29828786,110,29,8230
13,2954,29828808,1,1,0
4,2956,29838825,111,6,8223
13,2955,29838847,0,0,1
4,2957,29848883,116,19,8221
13,2956,29848905,0,0,1
4,2958,29858960,114,32,8233
13,2957,29858982,0,0,1
4,2959,29869002,108,23,8231
13,2958,29869024,0,0,0
4,2960,29879038,100,20,8222
13,2959,29879060,0,0,0
4,2961,29889121,104,26,8234
13,2960,29889143,-1,1,1
4,2962,29899256,116,33,8226
13,2961,29899305,-1,-1,1
4,2963,29909173,112,35,8228
13,2962,29909195,0,1,0
4,2964,29919335,109,38,8229
13,2963,29919357,2,1,0
4,2965,29929423,122,26,8219
13,2964,29929445,1,0,0
4,2966,29939502,106,35,8228
13,2965,29939524,0,0,0
4,2967,29949492,117,41,8221
13,2966,29949514,0,0,-1
4,2968,29959522,117,34,8225
13,2967,29959544,0,0,-3
4,2969,29969579,113,30,8232
13,2968,29969601,1,-2,0
4,2970,29979736,116,25,8230
13,2969,29979758,1,0,3
4,2971,29989737,105,26,8222
13,2970,29989759,0,3,0
4,2972,29999777,106,22,8224
13,2971,29999799,1,2,-2
4,2973,30009810,121,23,8230
13,2972,30009832,2,2,0
4,2974,30019918,115,16,8214
13,2973,30019940,0,-2,0
4,2975,30029973,109,19,8227
13,2974,30029995,0,0,0
4,2976,30040017,111,25,8230
13,2975,30040066,0,2,1
4,2977,30050133,115,35,8226
13,2976,30050155,0,0,0
4,2978,30060229,111,30,8225
13,2977,30060251,0,-1,0
4,2979,30070222,107,12,8224
13,2978,30070244,1,-1,0
4,2980,30080340,113,24,8223
13,2979,30080362,1,0,4
4,2981,30090325,114,31,8219
13,2980,30090347,0,-1,0
4,2982,30100475,116,24,8223
13,2981,30100497,0,1,-1
4,2983,30110478,101,27,8209
13,2982,30110500,0,2,0
4,2984,30120536,102,27,8223
13,2983,30120557,0,0,0
4,2985,30130591,100,37,8228
13,2984,30130613,0,0,0
4,2986,30140743,106,39,8234
13,2985,30140765,1,0,-1
4,2987,30150717,112,40,8224
13,2986,30150739,0,-1,0
4,2988,30160763,112,23,8203
13,2987,30160785,0,0,0
4,2989,30170878,121,37,8229
13,2988,30170900,-2,-1,-1
4,2990,30180974,108,32,8231
13,2989,30180996,0,1,0
4,2991,30191039,102,18,8221
13,2990,30191061,1,2,0
4,2992,30201057,113,11,8225
13,2991,30201079,2,0,0
4,2993,30211087,104,32,8232
13,2992,30211109,0,-1,-1
4,2994,30221189,113,30,8220
13,2993,30221211,-1,1,0
4,2995,30231190,117,22,8218
13,2994,30231212,0,1,0
4,2996,30241273,105,31,8223
13,2995,30241295,1,2,0
4,2997,30251350,107,26,8222
13,2996,30251372,0,1,0
4,2998,30261354,105,17,8228
13,2997,30261376,0,3,0
4,2999,30271447,113,34,8236
13,2998,30271469,0,3,-2
4,3000,30281537,108,36,8224
13,2999,30281559,0,2,0
4,3001,30291618,110,14,8226
13,3000,30291640,0,2,0
4,3002,30301774,111,24,8216
13,3001,30301796,0,-1,2
4,3003,30311666,104,17,8216
13,3002,30311688,0,2,0
4,3004,30321798,111,30,8223
13,3003,30321820,0,0,0
4,3005,30331838,110,27,8228
13,3004,30331860,1,1,1
4,3006,30341950,106,22,8223
13,3005,30341972,0,2,0
4,3007,30351925,107,24,8220
13,3006,30351947,2,2,0
4,3008,30362081,111,37,8219
13,3007,30362103,1,1,0
4,3009,30372093,106,21,8213
13,3008,30372115,0,0,1
4,3010,30382215,110,31,8228
13,3009,30382237,1,1,1
4,3011,30392223,113,24,8219
13,3010,30392245,0,0,0
4,3012,30402309,106,29,8225
13,3011,30402331,0,-1,-1
4,3013,30412355,112,30,8216
13,3012,30412377,0,0,1
4,3014,30422482,115,28,8227
13,3013,30422504,0,-1,0
4,3015,30432518,117,37,8224
13,3014,30432540,0,0,0
4,3016,30442604,112,24,8221
13,3015,30442626,-1,0,0
4,3017,30452656,114,22,8222
13,3016,30452678,2,-2,0
4,3018,30462708,104,20,8216
13,3017,30462730,1,0,-1
4,3019,30472750,113,24,8224
13,3018,30472772,0,3,0
4,3020,30482820,119,24,8220
13,3019,30482842,0,1,0
4,3021,30492834,126,22,8219
13,3020,30492855,0,-1,0
4,3022,30503006,118,27,8214
13,3021,30503028,0,1,3
4,3023,30512996,117,28,8229
13,3022,30513018,0,0,3
4,3024,30523016,106,28,8229
13,3023,30523038,0,1,1
4,3025,30533117,114,22,8234
13,3024,30533139,0,0,-2
4,3026,30543348,131,29,8234
13,3025,30543370,2,0,0
4,3027,30553221,114,35,8221
13,3026,30553243,1,0,0
4,3028,30563309,120,27,8217
13,3027,30563331,1,-2,0
4,3029,30573390,110,20,8218
13,3028,30573412,0,-2,0
4,3030,30583526,119,34,8212
13,3029,30583548,0,0,1
4,3031,30593506,112,27,8232
13,3030,30593528,1,0,1
4,3032,30603497,113,33,8223
13,3031,30603519,1,0,0
4,3033,30613669,107,28,8224
13,3032,30613691,1,0,0
4,3034,30623795,99,32,8221
13,3033,30623817,0,0,0
4,3035,30633721,117,29,8230
13,3034,30633743,-1,1,0
4,3036,30643821,95,28,8229
13,3035,30643843,0,2,0
4,3037,30653873,102,28,8216
13,3036,30653895,0,-1,0
4,3038,30664041,129,19,8225
13,3037,30664063,-2,-1,1
4,3039,30674035,112,24,8224
13,3038,30674057,0,-2,0
4,3040,30684035,105,24,8215
13,3039,30684057,0,0,1
4,3041,30694168,110,15,8222
13,3040,30694190,1,1,0
4,3042,30704332,112,23,8228
13,3041,30704354,-1,1,2
4,3043,30714265,111,31,8233
13,3042,30714287,-1,-1,1
4,3044,30724354,112,28,8208
13,3043,30724376,1,0,-1
4,3045,30734345,103,34,8220
13,3044,30734367,1,0,-1
4,3046,30744417,109,24,8225
13,3045,30744439,0,1,0
4,3047,30754492,115,25,8225
13,3046,30754514,0,1,0
4,3048,30764535,105,25,8234
13,3047,30764557,-1,0,0
4,3049,30774600,118,31,8231
13,3048,30774622,-1,0,1
4,3050,30784812,113,31,8223
13,3049,30784834,0,0,-1
4,3051,30794795,107,33,8226
13,3050,30794817,0,0,-1
4,3052,30804823,122,19,8224
13,3051,30804845,0,0,1
4,3053,30814953,118,29,8222
13,3052,30814975,0,0,2
4,3054,30824913,102,35,8229
13,3053,30824935,0,0,0
4,3055,30835037,108,32,8219
13,3054,30835059,1,3,-2
4,3056,30845041,102,18,8212
13,3055,30845063,1,1,-1
4,3057,30855040,98,21,8228
13,3056,30855062,1,0,0
4,3058,30865253,101,31,8228
13,3057,30865275,0,-2,0
4,3059,30875204,107,34,8226
13,3058,30875226,0,0,0
4,3060,30885267,103,17,8227
13,3059,30885289,-1,4,2
4,3061,30895382,117,22,8239
13,3060,30895404,-1,3,0
4,3062,30905441,113,27,8235
13,3061,30905463,1,1,-1
4,3063,30915467,115,20,8220
13,3062,30915516,0,0,1
4,3064,30925584,108,25,8222
13,3063,30925606,0,0,2
4,3065,30935598,111,24,8217
13,3064,30935620,-3,0,0
4,3066,30945805,117,35,8226
13,3065,30945827,1,1,-3
4,3067,30955756,101,35,8230
13,3066,30955778,0,1,0
4,3068,30965805,104,40,8227
13,3067,30965827,-1,-1,0
4,3069,30975796,121,36,8229
13,3068,30975818,-2,0,2
4,3070,30985940,116,32,8226
13,3069,30985961,-2,3,2
4,3071,30995940,108,33,8233
13,3070,30995962,0,3,0
4,3072,31006007,104,38,8228
13,3071,31006029,1,0,2
4,3073,31016096,111,30,8225
13,3072,31016118,0,-2,1
4,3074,31026209,106,30,8225
13,3073,31026231,0,0,1
4,3075,31036203,107,36,8215
13,3074,31036225,-1,-1,0
4,3076,31046232,109,26,8219
13,3075,31046254,0,2,2
4,3077,31056366,110,22,8233
13,3076,31056388,1,-1,0
4,3078,31066412,107,28,8227
13,3077,31066434,0,2,-1
4,3079,31076492,100,15,8219
13,3078,31076514,0,0,1
4,3080,31086571,102,24,8233
13,3079,31086593,1,1,0
4,3081,31096604,118,26,8236
13,3080,31096626,0,0,-1
4,3082,31106803,122,22,8217
13,3081,31106824,0,-1,-2
4,3083,31116729,111,25,8225
13,3082,31116751,0,0,-2
4,3084,31126803,116,46,8232
13,3083,31126825,0,2,0
4,3085,31136872,115,36,8219
13,3084,31136894,0,0,2
4,3086,31146950,102,39,8222
13,3085,31146972,0,0,0
4,3087,31156974,107,34,8223
13,3086,31156996,0,2,-2
4,3088,31167077,113,24,8221
13,3087,31167126,2,-1,-1
4,3089,31177140,101,25,8226
13,3088,31177162,0,1,-1
4,3090,31187298,113,31,8227
13,3089,31187320,-1,0,-2
4,3091,31197266,115,32,8229
13,3090,31197288,1,0,0
4,3092,31207331,113,28,8222
13,3091,31207353,0,2,1
4,3093,31217443,110,27,8220
13,3092,31217465,1,0,0
4,3094,31227465,109,11,8217
13,3093,31227487,-1,1,1
4,3095,31237447,110,14,8229
13,3094,31237469,-1,0,2
4,3096,31247581,111,33,8219
13,3095,31247603,0,1,1
4,3097,31257646,109,18,8221
13,3096,31257668,1,-1,1
4,3098,31267853,104,26,8228
13,3097,31267875,1,0,0
4,3099,31277767,121,17,8228
13,3098,31277789,-1,-1,0
4,3100,31287841,112,29,8227
13,3099,31287863,-1,-1,0
4,3101,31297934,103,21,8223
13,3100,31297956,0,0,1
4,3102,31308106,112,16,8227
13,3101,31308128,0,1,0
4,3103,31318061,110,30,8217
13,3102,31318083,0,1,1
4,3104,31328144,112,16,8221
13,3103,31328166,0,0,1
4,3105,31338163,112,25,8225
13,3104,31338185,-1,1,2
4,3106,31348377,114,37,8231
13,3105,31348398,0,0,1
4,3107,31358313,108,29,8225
13,3106,31358335,2,0,2
4,3108,31368310,104,25,8218
13,3107,31368332,0,2,2
4,3109,31378426,113,31,8216
13,3108,31378448,-1,0,0
4,3110,31388505,101,39,8223
13,3109,31388527,0,0,0
4,3111,31398566,116,30,8231
13,3110,31398588,1,1,0
4,3112,31408614,111,35,8223
13,3111,31408636,0,0,0
4,3113,31418688,112,29,8236
13,3112,31418710,0,0,0
4,3114,31428872,113,22,8227
13,3113,31428894,0,0,0
4,3115,31438820,119,28,8226
13,3114,31438842,0,2,0
4,3116,31448902,118,28,8221
13,3115,31448924,-1,2,2
4,3117,31458965,113,29,8232
13,3116,31458987,0,2,1
4,3118,31469038,106,19,8221
13,3117,31469060,2,1,2
4,3119,31479065,106,24,8238
13,3118,31479087,0,3,3
4,3120,31489064,122,26,8225
13,3119,31489086,0,2,1
4,3121,31499182,120,21,8228
13,3120,31499204,1,0,0
4,3122,31509326,109,22,8227
13,3121,31509348,-1,0,0
4,3123,31519359,112,22,8222
13,3122,31519381,0,0,-1
4,3124,31529378,114,26,8228
13,3123,31529399,1,1,0
4,3125,31539452,108,24,8225
13,3124,31539474,0,0,1
4,3126,31549607,100,25,8227
13,3125,31549629,1,3,0
4,3127,31559590,104,14,8234
13,3126,31559612,0,3,0
4,3128,31569675,120,26,8230
13,3127,31569697,0,2,-1
4,3129,31579709,112,29,8217
13,3128,31579731,0,0,-1
4,3130,31589917,103,30,8224
13,3129,31589939,0,0,0
4,3131,31599794,116,43,8234
13,3130,31599816,0,-1,0
4,3132,31609858,115,28,8224
13,3131,31609880,0,0,1
4,3133,31619973,104,21,8227
13,3132,31619995,0,0,-1
4,3134,31629985,112,31,8221
13,3133,31630007,1,0,-1
4,3135,31640078,116,37,8224
13,3134,31640100,1,0,0
4,3136,31650187,121,30,8224
13,3135,31650209,0,0,0
4,3137,31660212,124,18,8222
13,3136,31660234,0,0,-1
4,3138,31670367,116,31,8229
13,3137,31670389,1,0,0
4,3139,31680347,105,31,8224
13,3138,31680369,1,0,2
4,3140,31690410,109,20,8229
13,3139,31690432,0,0,1
4,3141,31700452,116,19,8220
13,3140,31700474,-1,0,0
4,3142,31710568,116,27,8217
13,3141,31710590,0,-1,0
4,3143,31720622,93,24,8220
13,3142,31720644,-1,0,0
4,3144,31730645,117,10,8224
13,3143,31730667,-1,-1,0
4,3145,31740714,113,16,8224
13,3144,31740735,-1,0,0
4,3146,31750833,110,32,8226
13,3145,31750854,-2,0,0
4,3147,31760854,110,26,8223
13,3146,31760876,-1,0,0
4,3148,31770873,109,23,8226
13,3147,31770895,1,0,0
4,3149,31780876,115,26,8229
13,3148,31780898,0,-2,0
4,3150,31791113,112,22,8213
13,3149,31791135,0,0,-2
4,3151,31801060,106,22,8222
13,3150,31801109,-1,0,1
4,3152,31811131,115,26,8235
13,3151,31811153,0,1,1
4,3153,31821166,107,25,8222
13,3152,31821188,0,2,1
4,3154,31831371,103,26,8227
13,3153,31831393,0,0,2
4,3155,31841377,111,35,8226
13,3154,31841399,0,-2,0
4,3156,31851327,109,32,8223
13,3155,31851349,0,1,0
4,3157,31861438,110,29,8226
13,3156,31861460,0,2,2
4,3158,31871555,110,34,8232
13,3157,31871577,0,0,2
4,3159,31881568,107,35,8231
13,3158,31881590,1,0,0
4,3160,31891677,114,33,8215
13,3159,31891699,0,0,0
4,3161,31901737,113,24,8219
13,3160,31901759,0,0,0
4,3162,31911823,109,19,8224
13,3161,31911845,0,0,0
4,3163,31921877,114,32,8236
13,3162,31921926,1,2,0
4,3164,31932022,114,27,8233
13,3163,31932044,1,2,0
4,3165,31942029,107,20,8220
13,3164,31942051,0,1,0
4,3166,31952072,109,31,8227
13,3165,31952094,-1,0,2
4,3167,31962160,103,25,8228
13,3166,31962182,1,2,0
4,3168,31972220,104,26,8220
13,3167,31972242,0,3,-1
4,3169,31982227,112,32,8226
13,3168,31982249,0,0,1
4,3170,31992475,113,28,8220
13,3169,31992497,0,0,0
4,3171,32002469,111,20,8232
13,3170,32002491,0,-2,0
4,3172,32012560,112,20,8221
13,3171,32012582,0,2,0
4,3173,32022568,107,34,8219
13,3172,32022590,-2,-1,0
4,3174,32032688,114,39,8222
13,3173,32032710,1,-1,0
4,3175,32042674,115,33,8231
13,3174,32042696,0,0,1
4,3176,32052845,111,35,8226
13,3175,32052867,0,0,0
4,3177,32062911,119,38,8216
13,3176,32062933,0,-1,-1
4,3178,32073003,107,30,8231
13,3177,32073025,-1,-1,0
4,3179,32083070,112,30,8221
13,3178,32083092,0,1,2
4,3180,32093059,106,23,8219
13,3179,32093081,0,0,-1
4,3181,32103164,115,16,8234
13,3180,32103186,0,0,0
4,3182,32113332,110,32,8223
13,3181,32113354,0,1,3
4,3183,32123312,108,17,8232
13,3182,32123334,1,-2,2
4,3184,32133406,118,23,8225
13,3183,32133428,0,1,1
4,3185,32143452,114,30,8221
13,3184,32143474,0,0,0
4,3186,32153594,118,22,8228
13,3185,32153616,1,0,0
4,3187,32163595,110,19,8215
13,3186,32163617,1,-1,0
4,3188,32173674,107,24,8216
13,3187,32173696,1,1,0
4,3189,32183786,113,29,8223
13,3188,32183808,-2,0,0
4,3190,32193871,115,31,8224
13,3189,32193893,-2,-1,0
4,3191,32203925,115,23,8225
13,3190,32203947,1,0,-1
4,3192,32213947,113,28,8226
13,3191,32213969,1,1,0
4,3193,32224028,113,27,8228
13,3192,32224050,0,2,0
4,3194,32234200,112,22,8230
13,3193,32234222,-1,0,0
4,3195,32244101,110,37,8227
13,3194,32244123,0,1,0
4,3196,32254302,110,25,8226
13,3195,32254324,-1,0,0
4,3197,32264279,110,24,8222
13,3196,32264301,0,-1,0
4,3198,32274407,112,24,8224
13,3197,32274429,0,0,0
4,3199,32284441,117,35,8229
13,3198,32284463,0,0,1
4,3200,32294544,109,25,8221
13,3199,32294566,0,0,0
4,3201,32304649,118,25,8224
13,3200,32304671,0,2,-1
4,3202,32314788,106,37,8213
13,3201,32314810,1,1,0
4,3203,32324744,113,18,8217
13,3202,32324766,0,0,0
4,3204,32334784,115,24,8230
13,3203,32334806,-1,0,0
4,3205,32344852,112,34,8214
13,3204,32344874,0,3,0
4,3206,32354878,113,33,8227
13,3205,32354900,0,0,1
4,3207,32364973,112,15,8225
13,3206,32364995,-2,-4,0
4,3208,32375048,110,34,8224
13,3207,32375070,0,0,0
4,3209,32385087,113,30,8221
13,3208,32385109,3,2,0
4,3210,32395260,112,21,8229
13,3209,32395282,0,2,1
4,3211,32405240,107,33,8214
13,3210,32405262,0,2,0
4,3212,32415322,110,25,8222
13,3211,32415344,3,3,-1
4,3213,32425345,107,26,8229
13,3212,32425367,0,0,-2
4,3214,32435493,104,27,8223
13,3213,32435515,0,0,0
4,3215,32445519,115,30,8216
13,3214,32445541,0,0,2
4,3216,32455596,114,19,8212
13,3215,32455618,0,1,1
4,3217,32465670,121,29,8219
13,3216,32465692,0,1,2
4,3218,32475745,112,20,8230
13,3217,32475767,0,0,1
4,3219,32485772,113,21,8228
13,3218,32485794,0,2,0
4,3220,32495884,111,32,8216
13,3219,32495906,0,0,1
4,3221,32505907,112,26,8209
13,3220,32505929,-1,0,2
4,3222,32515983,114,25,8218
13,3221,32516005,1,-1,0
4,3223,32525993,112,27,8243
13,3222,32526015,0,0,0
4,3224,32536143,116,8,8224
13,3223,32536165,0,1,-1
4,3225,32546166,120,26,8215
13,3224,32546188,0,0,-2
4,3226,32556376,117,26,8223
13,3225,32556398,2,0,0
4,3227,32566332,112,23,8225
13,3226,32566354,0,-2,0
4,3228,32576343,108,30,8210
13,3227,32576365,-2,0,1
4,3229,32586440,108,30,8216
13,3228,32586462,0,0,0
4,3230,32596542,113,19,8220
13,3229,32596564,1,0,1
4,3231,32606555,116,31,8223
13,3230,32606577,0,1,1
4,3232,32616609,109,29,8238
13,3231,32616631,0,-1,0
4,3233,32626628,107,28,8222
13,3232,32626649,0,0,0
4,3234,32636829,113,21,8223
13,3233,32636851,0,0,0
4,3235,32646861,112,31,8214
13,3234,32646883,-1,0,0
4,3236,32656876,114,30,8221
13,3235,32656898,-1,0,0
4,3237,32666940,127,27,8234
13,3236,32666962,0,1,1
4,3238,32677053,100,34,8229
13,3237,32677102,0,1,0
4,3239,32687101,106,24,8218
13,3238,32687123,0,0,0
4,3240,32697217,110,27,8223
13,3239,32697239,0,0,-1
4,3241,32707235,113,26,8225
13,3240,32707257,-1,0,1
4,3242,32717403,114,17,8227
13,3241,32717425,0,1,2
4,3243,32727379,111,31,8233
13,3242,32727401,0,0,0
4,3244,32737450,112,26,8226
13,3243,32737472,0,-3,0
4,3245,32747528,115,28,8221
13,3244,32747550,1,-1,0
4,3246,32757667,124,25,8218
13,3245,32757689,1,-1,0
4,3247,32767692,121,29,8219
13,3246,32767714,0,-1,0
4,3248,32777737,110,28,8233
13,3247,32777759,0,-2,0
4,3249,32787777,107,23,8220
13,3248,32787799,2,0,0
4,3250,32797975,109,32,8231
13,3249,32798025,2,0,0
4,3251,32807964,119,27,8223
13,3250,32807985,0,0,1
4,3252,32818087,98,29,8216
13,3251,32818109,0,0,0
4,3253,32828082,104,29,8226
13,3252,32828104,0,0,-1
4,3254,32838233,111,27,8221
13,3253,32838255,0,-1,-1
4,3255,32848253,113,29,8224
13,3254,32848275,1,0,0
4,3256,32858340,110,28,8223
13,3255,32858362,0,0,2
4,3257,32868359,118,38,8223
13,3256,32868381,0,0,0
4,3258,32878495,118,42,8231
13,3257,32878517,0,1,0
4,3259,32888524,112,31,8227
13,3258,32888546,1,2,-1
4,3260,32898578,122,25,8221
13,3259,32898600,3,0,0
4,3261,32908653,109,23,8225
13,3260,32908675,1,-2,0
4,3262,32918683,107,26,8230
13,3261,32918705,1,0,1
4,3263,32928854,112,32,8226
13,3262,32928903,1,2,0
4,3264,32938862,120,16,8233
13,3263,32938884,0,1,0
4,3265,32948878,125,26,8218
13,3264,32948900,0,-1,0
4,3266,32959103,113,33,8224
13,3265,32959125,1,0,0
4,3267,32969078,103,25,8216
13,3266,32969100,2,3,1
4,3268,32979127,107,26,8234
13,3267,32979149,0,0,0
4,3269,32989174,108,22,8230
13,3268,32989196,1,-1,0
4,3270,32999296,119,30,8238
13,3269,32999318,0,0,0
4,3271,33009304,112,18,8229
13,3270,33009326,-1,0,0
4,3272,33019390,109,24,8217
13,3271,33019412,-1,-4,0
4,3273,33029371,114,33,8232
13,3272,33029393,-1,3,0
4,3274,33039603,115,16,8231
13,3273,33039625,0,0,-1
4,3275,33049576,106,21,8230
13,3274,33049598,1,0,0
4,3276,33059565,114,28,8232
13,3275,33059587,0,1,1
4,3277,33069737,108,27,8224
13,3276,33069759,0,1,-1
4,3278,33079805,107,24,8224
13,3277,33079827,0,0,1
4,3279,33089804,113,21,8232
13,3278,33089826,0,0,0
4,3280,33099936,106,28,8216
13,3279,33099958,1,1,-2
4,3281,33110021,104,26,8219
13,3280,33110043,0,-1,0
4,3282,33120084,101,27,8230
13,3281,33120105,2,-1,0
4,3283,33130094,108,22,8222
13,3282,33130116,1,2,1
4,3284,33140161,109,37,8242
13,3283,33140183,0,0,2
4,3285,33150277,102,22,8222
13,3284,33150299,-2,-1,0
4,3286,33160313,110,22,8225
13,3285,33160335,-1,0,0
4,3287,33170293,110,33,8214
13,3286,33170315,0,-1,-1
4,3288,33180511,102,19,8226
13,3287,33180533,0,-1,-1
4,3289,33190531,111,22,8216
13,3288,33190553,0,1,1
4,3290,33200688,113,27,8214
13,3289,33200710,-1,1,0
4,3291,33210643,120,27,8228
13,3290,33210665,0,1,-1
4,3292,33220712,133,28,8226
13,3291,33220734,0,0,-1
4,3293,33230810,125,29,8230
13,3292,33230832,0,0,2
4,3294,33240850,108,25,8223
13,3293,33240872,1,-1,0
4,3295,33250852,111,24,8218
13,3294,33250874,1,0,-1
4,3296,33260972,115,29,8223
13,3295,33260994,0,3,0
4,3297,33271064,115,30,8220
13,3296,33271086,0,-2,0
4,3298,33281217,116,23,8233
13,3297,33281239,1,-1,0
4,3299,33291239,112,17,8233
13,3298,33291261,0,0,0
4,3300,33301223,103,30,8227
13,3299,33301245,0,0,1
4,3301,33311254,102,30,8237
13,3300,33311276,-1,0,0
4,3302,33321422,112,27,8221
13,3301,33321444,0,0,0
4,3303,33331421,117,32,8221
13,3302,33331443,-1,0,0
4,3304,33341576,119,32,8229
13,3303,33341598,1,0,0
4,3305,33351631,104,23,8231
13,3304,33351653,1,-1,-1
4,3306,33361787,107,23,8229
13,3305,33361809,0,0,0
4,3307,33371722,102,12,8239
13,3306,33371744,-1,1,0
4,3308,33381850,108,20,8228
13,3307,33381872,2,0,1
4,3309,33391796,108,26,8224
13,3308,33391818,0,0,0
4,3310,33402030,126,27,8225
13,3309,33402052,0,0,0
4,3311,33411965,118,39,8225
13,3310,33411987,0,0,0
4,3312,33422009,111,26,8216
13,3311,33422031,0,0,1
4,3313,33432124,111,26,8225
13,3312,33432146,0,2,0
4,3314,33442305,114,31,8230
13,3313,33442327,0,3,1
4,3315,33452301,116,24,8233
13,3314,33452323,1,-1,0
4,3316,33462415,111,36,8227
13,3315,33462437,0,-1,0
4,3317,33472443,111,29,8225
13,3316,33472465,0,0,0
4,3318,33482494,112,23,8223
13,3317,33482516,0,3,0
4,3319,33492533,104,28,8217
13,3318,33492555,0,0,-1
4,3320,33502626,111,17,8221
13,3319,33502648,0,1,-1
4,3321,33512729,105,20,8231
13,3320,33512751,0,2,0
4,3322,33522848,111,37,8224
13,3321,33522870,0,1,-1
4,3323,33532871,103,16,8228
13,3322,33532893,0,0,-1
4,3324,33542816,107,17,8230
13,3323,33542837,1,0,0
4,3325,33552930,110,26,8226
13,3324,33552952,1,0,0
4,3326,33563057,109,22,8217
13,3325,33563079,2,0,0
4,3327,33573107,119,28,8226
13,3326,33573129,1,-1,0
4,3328,33583164,115,19,8227
13,3327,33583186,0,0,-1
4,3329,33593204,99,21,8228
13,3328,33593226,0,1,0
4,3330,33603362,110,27,8229
13,3329,33603384,0,0,0
4,3331,33613329,105,15,8227
13,3330,33613351,-1,0,0
4,3332,33623411,112,20,8231
13,3331,33623433,0,0,1
4,3333,33633440,107,33,8226
13,3332,33633462,-2,0,2
4,3334,33643590,102,33,8230
13,3333,33643612,1,-1,2
4,3335,33653602,107,29,8228
13,3334,33653624,2,0,0
4,3336,33663716,114,27,8231
13,3335,33663738,0,-1,0
4,3337,33673804,119,20,8225
13,3336,33673826,2,-1,0
4,3338,33683960,116,22,8229
13,3337,33683982,2,1,1
4,3339,33693884,111,20,8216
13,3338,33693934,0,1,0
4,3340,33704000,112,29,8231
13,3339,33704022,0,-1,0
4,3341,33714055,122,21,8213
13,3340,33714077,0,-3,0
4,3342,33724141,113,9,8218
13,3341,33724163,0,-1,1
4,3343,33734193,106,23,8225
13,3342,33734215,0,0,0
4,3344,33744224,112,31,8227
13,3343,33744246,-1,0,0
4,3345,33754295,109,29,8218
13,3344,33754317,-3,0,1
4,3346,33764434,111,21,8225
13,3345,33764456,0,-2,1
4,3347,33774419,107,35,8221
13,3346,33774441,1,1,-1
4,3348,33784540,107,31,8219
13,3347,33784562,1,0,0
4,3349,33794551,102,22,8225
13,3348,33794573,0,0,2
4,3350,33804582,111,29,8215
13,3349,33804604,0,0,2
4,3351,33814655,106,26,8218
13,3350,33814677,-1,0,0
4,3352,33824785,109,35,8225
13,3351,33824807,0,0,1
4,3353,33834873,106,32,8220
13,3352,33834895,-1,0,1
4,3354,33844999,102,23,8220
13,3353,33845021,1,2,0
4,3355,33854944,107,34,8226
13,3354,33854966,0,3,1
4,3356,33864989,113,26,8229
13,3355,33865011,-1,3,0
4,3357,33875095,108,19,8221
13,3356,33875116,-1,2,0
4,3358,33885140,114,26,8223
13,3357,33885162,1,-2,1
4,3359,33895165,109,35,8222
13,3358,33895187,0,2,0
4,3360,33905231,100,32,8211
13,3359,33905253,0,0,1
4,3361,33915340,102,39,8222
13,3360,33915362,0,1,1
4,3362,33925484,98,23,8235
13,3361,33925506,0,0,0
4,3363,33935361,113,18,8216
13,3362,33935382,0,-1,0
4,3364,33945538,113,34,8224
13,3363,33945560,0,1,-1
4,3365,33955595,109,22,8223
13,3364,33955617,2,0,-1
4,3366,33965717,110,22,8222
13,3365,33965739,1,-1,0
4,3367,33975721,100,21,8223
13,3366,33975743,-1,-1,1
4,3368,33985766,116,24,8227
13,3367,33985788,0,0,0
4,3369,33995830,119,32,8215
13,3368,33995852,0,1,0
4,3370,34005993,113,30,8232
13,3369,34006015,-1,0,0
4,3371,34015981,115,24,8222
13,3370,34016003,0,0,-1
4,3372,34026035,116,29,8214
13,3371,34026056,-1,0,0
4,3373,34036101,112,31,8227
13,3372,34036123,0,-2,1
4,3374,34046191,104,20,8227
13,3373,34046213,0,0,1
4,3375,34056152,102,19,8232
13,3374,34056174,1,1,0
4,3376,34066311,99,32,8228
13,3375,34066360,0,3,0
4,3377,34076388,112,32,8221
13,3376,34076410,0,3,2
4,3378,34086617,110,33,8228
13,3377,34086639,0,0,2
4,3379,34096523,112,38,8225
13,3378,34096545,-1,0,0
4,3380,34106584,120,30,8227
13,3379,34106606,0,0,-1
4,3381,34116677,120,32,8217
13,3380,34116699,0,0,0
4,3382,34126741,117,41,8233
13,3381,34126762,0,-1,1
4,3383,34136788,114,23,8230
13,3382,34136810,1,1,3
4,3384,34146843,110,27,8222
13,3383,34146865,1,3,0
4,3385,34156973,101,34,8226
13,3384,34156995,0,1,-1
4,3386,34167083,109,22,8232
13,3385,34167105,0,-1,-2
4,3387,34177045,122,25,8216
13,3386,34177067,0,-1,0
4,3388,34187221,113,38,8223
13,3387,34187243,0,0,0
4,3389,34197113,104,27,8232
13,3388,34197135,-1,1,0
4,3390,34207322,104,28,8225
13,3389,34207344,-1,1,0
4,3391,34217403,114,17,8223
13,3390,34217425,0,2,0
4,3392,34227428,123,9,8230
13,3391,34227450,0,0,0
4,3393,34237469,110,27,8237
13,3392,34237491,1,0,1
4,3394,34247614,114,31,8220
13,3393,34247636,-1,0,1
4,3395,34257586,118,27,8222
13,3394,34257608,-1,-1,0
4,3396,34267661,117,30,8222
13,3395,34267683,0,1,0
4,3397,34277734,99,31,8220
13,3396,34277756,0,0,-2
4,3398,34287882,107,29,8234
13,3397,34287903,0,0,-2
4,3399,34297834,101,28,8231
13,3398,34297856,0,1,0
4,3400,34307993,114,23,8220
13,3399,34308015,0,2,2
4,3401,34317967,118,19,8221
13,3400,34317989,0,2,1
4,3402,34328232,107,20,8229
13,3401,34328254,-1,0,-1
4,3403,34338105,109,25,8221
13,3402,34338127,-2,-2,0
4,3404,34348152,102,29,8222
13,3403,34348174,0,0,0
4,3405,34358286,110,30,8221
13,3404,34358308,1,0,0
4,3406,34368327,102,25,8216
13,3405,34368349,2,0,0
4,3407,34378359,111,26,8234
13,3406,34378381,0,2,1
4,3408,34388369,115,26,8230
13,3407,34388391,0,1,0
4,3409,34398494,113,26,8223
13,3408,34398516,0,0,1
4,3410,34408711,107,33,8234
13,3409,34408733,2,2,0
4,3411,34418564,119,23,8230
13,3410,34418586,0,0,1
4,3412,34428671,116,35,8217
13,3411,34428692,0,0,0
4,3413,34438732,106,32,8229
13,3412,34438754,0,1,0
4,3414,34448866,113,17,8225
13,3413,34448888,0,2,0
4,3415,34458891,114,31,8227
13,3414,34458913,1,1,0
4,3416,34468997,107,34,8225
13,3415,34469019,2,0,-1
4,3417,34478968,118,31,8221
13,3416,34478990,1,1,-1
4,3418,34489172,108,28,8222
13,3417,34489194,1,2,0
4,3419,34499204,110,32,8237
13,3418,34499226,1,1,-2
4,3420,34509197,118,24,8225
13,3419,34509219,0,1,-1
4,3421,34519232,125,34,8218
13,3420,34519254,0,2,0
4,3422,34529362,111,20,8232
13,3421,34529384,-1,3,0
4,3423,34539429,114,27,8224
13,3422,34539451,0,0,0
4,3424,34549423,106,24,8229
13,3423,34549445,0,-1,1
4,3425,34559575,107,26,8226
13,3424,34559597,-2,1,1
4,3426,34569805,117,36,8234
13,3425,34569827,-1,1,1
4,3427,34579756,106,19,8233
13,3426,34579778,0,0,2
4,3428,34589803,98,21,8224
13,3427,34589825,0,0,0
4,3429,34599854,114,23,8222
13,3428,34599876,0,1,-1
4,3430,34609904,108,19,8217
13,3429,34609926,0,1,0
4,3431,34619953,102,19,8210
13,3430,34619975,-1,0,2
4,3432,34630055,115,16,8217
13,3431,34630077,0,0,0
4,3433,34640020,115,26,8219
13,3432,34640042,0,1,-1
4,3434,34650331,112,35,8221
13,3433,34650352,1,2,-1
4,3435,34660174,112,23,8217
13,3434,34660196,1,1,0
4,3436,34670293,112,21,8225
13,3435,34670315,-1,0,0
4,3437,34680425,102,37,8211
13,3436,34680447,0,3,0
4,3438,34690449,105,34,8212
13,3437,34690471,-1,0,0
4,3439,34700548,118,18,8219
13,3438,34700570,0,-1,-1
4,3440,34710589,120,26,8222
13,3439,34710611,0,1,0
4,3441,34720619,107,30,8201
13,3440,34720641,0,0,2
4,3442,34730797,118,31,8225
13,3441,34730819,0,1,2
4,3443,34740814,107,37,8221
13,3442,34740836,-1,3,0
4,3444,34750858,108,24,8211
13,3443,34750880,0,1,-2
4,3445,34760912,121,25,8221
13,3444,34760934,2,-1,0
4,3446,34771048,111,29,8227
13,3445,34771070,0,0,0
4,3447,34780986,116,27,8227
13,3446,34781008,-1,0,0
4,3448,34791130,116,26,8227
13,3447,34791152,-2,0,0
4,3449,34801175,109,21,8222
13,3448,34801197,0,0,0
4,3450,34811282,113,30,8217
13,3449,34811304,0,0,0
4,3451,34821412,121,31,8237
13,3450,34821434,-1,2,0
4,3452,34831436,128,27,8228
13,3451,34831458,0,0,0
4,3453,34841518,112,22,8221
13,3452,34841540,0,0,0
4,3454,34851611,113,10,8222
13,3453,34851633,0,2,1
4,3455,34861671,115,17,8218
13,3454,34861693,0,-1,0
4,3456,34871760,112,22,8226
13,3455,34871782,1,-1,0
4,3457,34881790,106,21,8229
13,3456,34881812,1,2,-1
4,3458,34891917,97,29,8221
13,3457,34891939,2,0,-2
4,3459,34901895,113,25,8217
13,3458,34901917,1,0,0
4,3460,34911956,112,23,8222
13,3459,34911978,0,1,1
4,3461,34921970,104,24,8216
13,3460,34921992,-3,2,0
4,3462,34932119,114,20,8222
13,3461,34932141,-1,0,0
4,3463,34942190,119,33,8225
13,3462,34942212,0,-1,0
4,3464,34952243,113,34,8232
13,3463,34952293,0,1,0
4,3465,34962353,111,27,8215
13,3464,34962375,0,1,0
4,3466,34972498,111,32,8226
13,3465,34972520,0,0,0
4,3467,34982455,113,26,8224
13,3466,34982477,1,-2,0
4,3468,34992531,119,32,8212
13,3467,34992553,0,-1,1
# CONFIG,end,4,100.000,0,4,0
# CONFIG,end,13,100.000,0,1000,0
# END,accel_events=3468,gyro_events=3467,queue_dropped=0,malformed=0,max_poll_gap_us=135261
# Reset the board before another ca