4,5507,110962598,-34,-32,8198,0,0
37,5507,110962638,-34,61,424,16378,0
13,5508,110972572,-5,-8,0,0,0
4,5508,110982760,-46,-40,8197,0,0
37,5508,110982800,-35,59,424,16378,0
13,5509,110992692,-10,-6,0,0,0
4,5509,111002918,-59,-49,8212,0,0
37,5509,111002959,-36,59,424,16378,0
13,5510,111012856,-11,-7,0,0,0
4,5510,111022935,-83,-49,8210,0,0
37,5510,111022975,-38,59,424,16378,0
13,5511,111032969,-8,-10,0,0,0
L,111035806,VALID,-0.514,0.186,1
4,5511,111043116,-85,-39,8200,0,0
37,5511,111043156,-38,58,424,16378,0
13,5512,111053079,-8,-11,0,0,0
4,5512,111063304,-81,-37,8215,0,0
37,5512,111063344,-39,58,424,16378,0
13,5513,111073191,-9,-14,-2,0,0
4,5513,111083382,-72,-20,8207,0,0
37,5513,111083422,-39,57,424,16378,0
13,5514,111093225,-6,-13,0,0,0
4,5514,111103492,-61,-24,8206,0,0
37,5514,111103532,-39,56,424,16378,0
13,5515,111113422,-4,-12,0,0,0
4,5515,111123586,-47,-31,8202,0,0
37,5515,111123627,-39,55,424,16378,0
13,5516,111133603,-2,-9,0,0,0
L,111136407,VALID,-0.507,0.159,1
4,5516,111143701,-30,-29,8210,0,0
37,5516,111143742,-39,53,424,16378,0
13,5517,111153724,-2,-9,0,0,0
4,5517,111163915,-16,-35,8190,0,0
37,5517,111163955,-39,52,424,16378,0
13,5518,111173845,1,-6,-4,0,0
4,5518,111183904,-29,-39,8193,0,0
37,5518,111183944,-39,51,423,16378,0
13,5519,111193965,0,-2,1,0,0
4,5519,111204093,-45,-56,8197,0,0
37,5519,111204134,-39,50,423,16378,0
13,5520,111214032,0,-1,-1,0,0
4,5520,111224291,-50,-54,8208,0,0
37,5520,111224332,-40,50,423,16378,0
13,5521,111234188,1,-2,0,0,0
L,111236852,VALID,-0.499,0.124,1
4,5521,111244405,-61,-50,8205,0,0
37,5521,111244445,-40,50,423,16378,0
13,5522,111254316,3,-3,1,0,0
4,5522,111264385,-72,-43,8203,0,0
37,5522,111264452,-40,50,424,16378,0
13,5523,111274558,1,-5,2,0,0
4,5523,111284653,-73,-40,8210,0,0
37,5523,111284693,-40,51,424,16378,0
13,5524,111294600,1,-4,1,0,0
4,5524,111304695,-76,-36,8199,0,0
37,5524,111304735,-40,51,424,16378,0
13,5525,111314755,0,-4,2,0,0
4,5525,111324970,-57,-32,8214,0,0
37,5525,111325011,-39,51,424,16378,0
13,5526,111334954,-1,-4,1,0,0
L,111337740,VALID,-0.506,0.131,1
4,5526,111344991,-46,-29,8218,0,0
37,5526,111345031,-39,50,424,16378,0
13,5527,111355004,2,-9,0,0,0
4,5527,111365097,-49,-25,8206,0,0
37,5527,111365138,-38,49,424,16378,0
13,5528,111375004,1,-9,1,0,0
4,5528,111385297,-36,-41,8204,0,0
37,5528,111385338,-38,48,424,16378,0
13,5529,111395210,3,-6,0,0,0
4,5529,111405502,-23,-52,8206,0,0
37,5529,111405543,-38,46,424,16378,0
13,5530,111415367,3,-5,0,0,0
4,5530,111425468,-31,-50,8201,0,0
37,5530,111425509,-38,45,424,16378,0
13,5531,111435580,4,-6,0,0,0
L,111438263,VALID,-0.512,0.089,1
4,5531,111445677,-48,-45,8209,0,0
37,5531,111445718,-38,45,424,16378,0
13,5532,111455658,5,-7,0,0,0
4,5532,111465674,-59,-39,8208,0,0
37,5532,111465714,-38,45,424,16378,0
13,5533,111475803,4,-6,0,0,0
4,5533,111486077,-64,-37,8214,0,0
37,5533,111486117,-38,45,424,16378,0
13,5534,111495925,4,-8,0,0,0
4,5534,111505993,-60,-37,8203,0,0
37,5534,111506033,-37,44,424,16378,0
13,5535,111516069,4,-8,0,0,0
4,5535,111526158,-61,-24,8207,0,0
37,5535,111526198,-37,44,424,16378,0
13,5536,111536244,4,-9,0,0,0
L,111538908,VALID,-0.519,0.081,1
4,5536,111546356,-50,-29,8204,0,0
37,5536,111546397,-36,44,424,16378,0
13,5537,111556320,4,-8,0,0,0
4,5537,111566578,-40,-24,8212,0,0
37,5537,111566619,-35,43,424,16378,0
13,5538,111576484,2,-8,0,0,0
4,5538,111586525,-34,-36,8192,0,0
37,5538,111586566,-35,42,424,16378,0
13,5539,111596500,2,-4,0,0,0
4,5539,111606705,-19,-40,8196,0,0
37,5539,111606745,-35,41,424,16378,0
13,5540,111616793,2,-4,0,0,0
4,5540,111626809,-19,-42,8199,0,0
37,5540,111626849,-35,40,424,16378,0
13,5541,111636869,2,0,1,0,0
L,111639491,VALID,-0.532,0.053,1
4,5541,111647090,-18,-42,8201,0,0
37,5541,111647130,-35,39,424,16378,0
13,5542,111657036,1,0,0,0,0
4,5542,111667084,-35,-41,8196,0,0
37,5542,111667124,-35,39,424,16378,0
13,5543,111677061,0,0,0,0,0
4,5543,111687351,-42,-29,8209,0,0
37,5543,111687392,-35,39,424,16378,0
13,5544,111697231,1,0,0,0,0
4,5544,111707342,-56,-31,8213,0,0
37,5544,111707383,-35,40,424,16378,0
13,5545,111717377,0,3,0,0,0
4,5545,111727633,-55,-38,8214,0,0
37,5545,111727674,-35,40,424,16378,0
13,5546,111737559,1,-1,0,0,0
L,111740223,VALID,-0.532,0.053,1
4,5546,111747663,-53,-32,8218,0,0
37,5546,111747703,-34,41,424,16378,0
13,5547,111757644,1,1,2,0,0
4,5547,111767808,-55,-32,8204,0,0
37,5547,111767849,-34,41,424,16378,0
13,5548,111777766,1,0,0,0,0
4,5548,111787903,-39,-40,8205,0,0
37,5548,111787944,-35,41,424,16378,0
13,5549,111797928,0,1,1,0,0
4,5549,111808075,-31,-36,8198,0,0
37,5549,111808115,-34,41,425,16378,0
13,5550,111818049,1,-1,0,0,0
4,5550,111828091,-28,-37,8205,0,0
37,5550,111828131,-35,40,424,16378,0
13,5551,111838072,2,1,0,0,0
L,111840675,VALID,-0.532,0.053,1
4,5551,111848237,-23,-39,8208,0,0
37,5551,111848277,-35,40,425,16378,0
13,5552,111858289,0,2,1,0,0
4,5552,111868330,-25,-45,8196,0,0
37,5552,111868370,-35,40,425,16378,0
13,5553,111878357,0,4,2,0,0
4,5553,111888643,-30,-41,8215,0,0
37,5553,111888683,-35,40,425,16378,0
13,5554,111898548,0,2,1,0,0
4,5554,111908652,-35,-32,8207,0,0
37,5554,111908693,-35,40,425,16378,0
13,5555,111918651,0,2,0,0,0
4,5555,111928787,-53,-36,8206,0,0
37,5555,111928827,-35,40,425,16378,0
13,5556,111938849,0,1,0,0,0
L,111941461,VALID,-0.532,0.053,1
4,5556,111948900,-61,-38,8218,0,0
37,5556,111948941,-35,41,425,16378,0
13,5557,111958911,-1,2,1,0,0
4,5557,111969088,-52,-28,8208,0,0
37,5557,111969128,-35,41,425,16378,0
13,5558,111979002,0,1,0,0,0
4,5558,111989138,-44,-37,8206,0,0
37,5558,111989178,-35,42,425,16378,0
13,5559,111999079,0,0,1,0,0
4,5559,112009258,-41,-37,8210,0,0
37,5559,112009299,-36,42,425,16378,0
13,5560,112019242,1,1,-1,0,0
4,5560,112029293,-28,-39,8203,0,0
37,5560,112029361,-36,41,425,16378,0
13,5561,112039459,0,0,0,0,0
L,112042035,VALID,-0.525,0.060,1
4,5561,112049605,-25,-44,8199,0,0
37,5561,112049645,-36,41,425,16378,0
13,5562,112059569,0,0,0,0,0
4,5562,112069594,-20,-45,8204,0,0
37,5562,112069634,-36,40,425,16378,0
13,5563,112079612,1,3,0,0,0
4,5563,112089800,-29,-30,8205,0,0
37,5563,112089840,-36,40,425,16378,0
13,5564,112099861,0,2,1,0,0
4,5564,112109903,-32,-33,8205,0,0
37,5564,112109944,-36,40,425,16378,0
13,5565,112119921,2,3,0,0,0
4,5565,112130180,-42,-15,8212,0,0
37,5565,112130221,-35,40,425,16378,0
13,5566,112140051,0,4,0,0,0
L,112142654,VALID,-0.532,0.053,1
4,5566,112150165,-50,-33,8204,0,0
37,5566,112150205,-35,41,425,16378,0
13,5567,112160181,0,2,1,0,0
4,5567,112170248,-54,-31,8218,0,0
37,5567,112170289,-35,42,425,16378,0
13,5568,112180316,0,4,1,0,0
4,5568,112190403,-58,-29,8212,0,0
37,5568,112190443,-35,43,425,16378,0
13,5569,112200446,2,-1,-1,0,0
4,5569,112210583,-48,-33,8207,0,0
37,5569,112210623,-34,43,425,16378,0
13,5570,112220428,1,0,0,0,0
4,5570,112230699,-43,-38,8212,0,0
37,5570,112230739,-34,43,425,16378,0
13,5571,112240686,0,1,0,0,0
L,112243299,VALID,-0.539,0.074,1
4,5571,112250826,-33,-39,8208,0,0
37,5571,112250866,-35,43,425,16378,0
13,5572,112260780,0,0,-2,0,0
4,5572,112270882,-21,-42,8201,0,0
37,5572,112270950,-35,42,425,16378,0
13,5573,112280971,0,1,0,0,0
4,5573,112291084,-27,-42,8208,0,0
37,5573,112291125,-35,42,425,16378,0
13,5574,112301220,1,2,0,0,0
4,5574,112311151,-18,-26,8205,0,0
37,5574,112311191,-35,41,425,16378,0
13,5575,112321263,1,3,0,0,0
4,5575,112331317,-36,-31,8214,0,0
37,5575,112331358,-34,41,425,16378,0
13,5576,112341228,0,4,0,0,0
L,112343840,VALID,-0.539,0.060,1
4,5576,112351426,-50,-22,8216,0,0
37,5576,112351467,-34,42,425,16378,0
13,5577,112361459,0,4,1,0,0
4,5577,112371690,-53,-37,8182,0,0
37,5577,112371730,-34,42,425,16378,0
13,5578,112381537,9,0,0,0,0
4,5578,112391665,-47,-10,8233,0,0
37,5578,112391705,-32,42,425,16378,0
13,5579,112401665,2,-1,0,0,0
4,5579,112411831,-52,-40,8213,0,0
37,5579,112411872,-33,43,425,16378,0
13,5580,112421805,0,4,2,0,0
4,5580,112431905,-52,-45,8206,0,0
37,5580,112431945,-33,43,425,16378,0
13,5581,112441879,1,2,0,0,0
L,112444449,VALID,-0.546,0.074,1
4,5581,112452176,-43,-33,8213,0,0
37,5581,112452216,-33,43,425,16378,0
13,5582,112462070,0,0,0,0,0
4,5582,112472123,-41,-38,8173,0,0
37,5582,112472164,-35,43,425,16378,0
13,5583,112482128,-20,-2,0,0,0
4,5583,112492328,-27,-47,8226,0,0
37,5583,112492369,-36,43,425,16378,0
13,5584,112502259,-6,0,1,0,0
4,5584,112512361,-23,-49,8204,0,0
37,5584,112512401,-37,42,425,16378,0
13,5585,112522430,0,3,-1,0,0
4,5585,112532637,-218,-156,8220,0,0
37,5585,112532678,-40,46,420,16378,0
13,5586,112542519,-21,7,-495,0,0
L,112545563,VALID,-0.498,0.096,1
4,5586,112552631,123,206,8185,0,0
37,5586,112552671,-38,39,346,16380,0
13,5587,112562652,-19,2,-643,0,0
4,5587,112572872,47,22,8195,0,0
37,5587,112572912,-40,42,294,16381,0
13,5588,112582783,-10,-5,-869,0,0
4,5588,112592862,240,145,8209,0,0
37,5588,112592902,-38,37,203,16382,0
13,5589,112602824,1,-15,-996,0,0
4,5589,112613161,57,731,8211,0,0
37,5589,112613202,-31,39,123,16383,0
13,5590,112622972,-2,-16,-713,0,0
4,5590,112633120,-184,152,8197,0,0
37,5590,112633160,-40,40,75,16383,0
13,5591,112643134,3,-18,-775,0,0
L,112646208,VALID,-0.491,0.048,1
4,5591,112653312,-411,-195,8192,0,0
37,5591,112653352,-38,36,-12,16383,0
13,5592,112663276,6,-9,-790,0,0
4,5592,112673387,71,-11,8203,0,0
37,5592,112673428,-36,35,-48,16383,0
13,5593,112683391,12,-6,-112,0,0
4,5593,112693524,110,-97,8194,0,0
37,5593,112693564,-37,33,-39,16383,0
13,5594,112703514,31,-4,211,0,0
4,5594,112713591,-22,-364,8217,0,0
37,5594,112713631,-39,35,-17,16383,0
13,5595,112723538,7,-1,281,0,0
4,5595,112733847,-241,-460,8225,0,0
37,5595,112733888,-39,37,4,16383,0
13,5596,112743745,-1,0,147,0,0
L,112746583,VALID,-0.497,0.026,1
4,5596,112753843,-86,-319,8201,0,0
37,5596,112753883,-37,35,6,16383,0
13,5597,112763864,30,-2,-127,0,0
4,5597,112774039,-174,29,8219,0,0
37,5597,112774080,-32,37,-11,16383,0
13,5598,112784108,21,0,-211,0,0
4,5598,112794168,32,-28,8185,0,0
37,5598,112794208,-32,34,-21,16383,0
13,5599,112804132,-1,0,22,0,0
4,5599,112814269,72,-115,8212,0,0
37,5599,112814309,-33,34,-16,16383,0
13,5600,112824269,8,-2,29,0,0
4,5600,112834407,-107,-1,8215,0,0
37,5600,112834448,-31,34,-18,16383,0
13,5601,112844458,8,2,-77,0,0
L,112847228,VALID,-0.552,0.005,1
4,5601,112854616,-39,29,8211,0,0
37,5601,112854656,-31,35,-30,16383,0
13,5602,112864527,-14,3,-206,0,0
4,5602,112874588,-9,-7,8211,0,0
37,5602,112874629,-32,33,-57,16383,0
13,5603,112884516,6,-4,-449,0,0
4,5603,112894848,-59,66,8187,0,0
37,5603,112894888,-31,34,-102,16383,0
13,5604,112904725,13,2,-441,0,0
4,5604,112914900,12,-100,8213,0,0
37,5604,112914941,-31,33,-135,16383,0
13,5605,112924865,3,0,-388,0,0
4,5605,112935060,89,-50,8216,0,0
37,5605,112935101,-31,32,-168,16383,0
13,5606,112945079,-10,0,-411,0,0
L,112948098,VALID,-0.550,-0.011,1
4,5606,112955151,20,101,8196,0,0
37,5606,112955191,-30,33,-205,16382,0
13,5607,112965155,-2,0,-289,0,0
4,5607,112975198,-37,26,8193,0,0
37,5607,112975239,-30,32,-223,16382,0
13,5608,112985299,10,-6,-154,0,0
4,5608,112995465,-85,-91,8195,0,0
37,5608,112995505,-31,33,-228,16382,0
13,5609,113005396,9,-6,-67,0,0
4,5609,113015611,-1,-49,8210,0,0
37,5609,113015651,-28,31,-244,16382,0
13,5610,113025533,15,-9,-214,0,0
4,5610,113035524,6,8,8208,0,0
37,5610,113035592,-26,30,-259,16381,0
13,5611,113045678,15,-16,-195,0,0
L,113048839,VALID,-0.584,-0.026,1
4,5611,113055838,-42,-95,8180,0,0
37,5611,113055879,-27,28,-282,16381,0
13,5612,113065757,10,-44,-257,0,0
4,5612,113075922,-130,-145,8203,0,0
37,5612,113075963,-26,24,-295,16381,0
13,5613,113085904,38,-68,-23,0,0
4,5613,113096093,-15,-11,8220,0,0
37,5613,113096134,-21,17,-294,16381,0
13,5614,113105945,37,-47,-1,0,0
4,5614,113116100,-21,2,8237,0,0
37,5614,113116140,-17,14,-295,16381,0
13,5615,113126158,34,-37,-9,0,0
4,5615,113136272,-7,-6,8203,0,0
37,5615,113136313,-14,11,-296,16381,0
13,5616,113146288,39,-33,-6,0,0
L,113149249,VALID,-0.670,-0.158,1
4,5616,113156397,-4,0,8216,0,0
37,5616,113156436,-10,8,-296,16381,0
13,5617,113166426,47,-22,-6,0,0
4,5617,113176575,446,-279,8241,0,0
37,5617,113176616,-12,-1,-304,16381,0
13,5618,113186479,17,-34,-613,0,0
4,5618,113196695,-45,181,8239,0,0
37,5618,113196736,-7,1,-393,16379,0
13,5619,113206650,-17,-27,-900,0,0
Bootloader starting
NRF_POWER->GPREGRET2 = 0004
CONFIG_GPIO_AS_PINRESET NOT defined
BHI260/BHA260 found. Product ID read 89
Loading firmware. Boot status: 11
No BHY UPDATE file found!
No ANNA_UPDATE_FILE found. Starting main application
 #Place the box still. Send s to capture 5 s startup + 30 s stationary data.
# Send q for a 60 s six-axis quaternion bench capture at 50 Hz.
# Send l for a 120 s live lean bench test. Start upright and still; c recalibrates.
# NICLA_LEAN_V1
# Arduino_BHY2=1.0.8; Game RV=37; no magnetometer fusion or BLE output
# configuration_read_attempts=3
# CONFIG,phase,sensor_id,rate_hz,latency_ms,range,sensitivity
# LEAN,host_us,status,roll_deg,pitch_nose_up_deg,calibration_id; blank angles when invalid
# startup_us=5000000,duration_us=120000000,rate_hz=50
# host_us is delivery time; hardware timestamps and upstream loss are not exposed
sensor_id,sequence,host_us,x_raw,y_raw,z_raw,w_raw,accuracy_raw
# CONFIG_READ_FAILURE,phase=start,sensor_id=4,attempt=1,status=-5,bytes=4,expected_bytes=12
# CONFIG,start,4,50.000,0,4,0
# CONFIG,start,13,50.000,0,1000,0
# CONFIG,start,37,50.000,0,1,0
L,149112,STARTUP,,,0
13,1,149079,8,-23,-12,0,0
13,2,153754,13,-22,-19,0,0
4,1,156616,-34,-109,8449,0,0
37,1,156660,-105,32,-1,16383,0
13,3,164749,13,-21,-12,0,0
4,2,174768,-46,-107,8523,0,0
37,2,174809,-104,30,-2,16383,0
13,4,184779,12,-21,-12,0,0
4,3,194939,-27,-110,8521,0,0
37,3,194979,-102,28,-3,16383,0
13,5,204968,12,-24,-12,0,0
4,4,214998,-39,-105,8507,0,0
37,4,215039,-101,26,-4,16383,0
13,6,225045,13,-25,-13,0,0
4,5,235302,-43,-102,8517,0,0
37,5,235343,-100,24,-5,16383,0
13,7,245220,13,-21,-12,0,0
L,249126,STARTUP,,,0
4,6,255365,-37,-112,8522,0,0
37,6,255406,-99,22,-6,16383,0
13,8,265365,13,-23,-12,0,0
4,7,275576,-33,-113,8522,0,0
37,7,275617,-98,20,-7,16383,0
13,9,285521,13,-22,-10,0,0
4,8,295619,-34,-111,8522,0,0
37,8,295660,-97,18,-8,16383,0
13,10,305562,13,-22,-12,0,0
4,9,315764,-39,-99,8521,0,0
37,9,315804,-96,17,-9,16383,0
13,11,325785,12,-22,-11,0,0
4,10,335911,-36,-107,8519,0,0
37,10,335952,-94,15,-10,16383,0
13,12,345873,15,-21,-12,0,0
L,349150,STARTUP,,,0
4,11,356126,-34,-110,8519,0,0
37,11,356167,-93,13,-12,16383,0
13,13,365925,12,-21,-13,0,0
4,12,376221,-37,-110,8516,0,0
37,12,376262,-92,11,-13,16383,0
13,14,386142,12,-20,-12,0,0
4,13,396403,-36,-108,8524,0,0
37,13,396444,-91,10,-14,16383,0
13,15,406382,13,-19,-9,0,0
4,14,416420,-34,-113,8514,0,0
37,14,416460,-90,8,-15,16383,0
13,16,426440,14,-23,-12,0,0
4,15,436616,-30,-109,8509,0,0
37,15,436657,-89,7,-16,16383,0
13,17,446620,13,-21,-12,0,0
L,449213,STARTUP,,,0
4,16,456749,-37,-107,8519,0,0
37,16,456790,-88,5,-17,16383,0
13,18,466716,10,-23,-13,0,0
4,17,476971,-32,-110,8518,0,0
37,17,477011,-87,3,-18,16383,0
13,19,486861,12,-22,-13,0,0
4,18,496945,-44,-109,8524,0,0
37,18,496985,-86,2,-19,16383,0
13,20,507036,13,-21,-11,0,0
4,19,517201,-32,-114,8526,0,0
37,19,517242,-85,0,-20,16383,0
13,21,527159,11,-20,-12,0,0
4,20,537210,-31,-108,8518,0,0
37,20,537251,-84,-1,-21,16383,0
13,22,547370,13,-21,-13,0,0
L,549936,STARTUP,,,0
4,21,557550,-41,-109,8524,0,0
37,21,557591,-83,-2,-23,16383,0
13,23,567422,11,-21,-11,0,0
4,22,577544,-35,-95,8523,0,0
37,22,577585,-82,-4,-24,16383,0
13,24,587601,14,-21,-12,0,0
4,23,597657,-41,-110,8513,0,0
37,23,597697,-81,-6,-25,16383,0
13,25,607696,11,-21,-11,0,0
4,24,617866,-44,-108,8523,0,0
37,24,617906,-80,-7,-26,16383,0
13,26,627871,12,-22,-11,0,0
4,25,638088,-37,-110,8521,0,0
37,25,638128,-80,-9,-27,16383,0
13,27,647988,8,-8,-6,0,0
L,650312,STARTUP,,,0
4,26,658030,-35,-121,8515,0,0
37,26,658070,-80,-8,-27,16383,0
13,28,668110,1,0,2,0,0
4,27,678214,-41,-111,8517,0,0
37,27,678254,-81,-7,-27,16383,0
13,29,688273,1,1,0,0,0
4,28,698334,-37,-111,8530,0,0
37,28,698374,-81,-5,-26,16383,0
13,30,708454,-1,2,3,0,0
4,29,718618,-34,-111,8513,0,0
37,29,718685,-82,-4,-26,16383,0
13,31,728480,0,3,2,0,0
4,30,738564,-50,-102,8516,0,0
37,30,738632,-82,-3,-26,16383,0
13,32,748687,1,2,0,0,0
L,750817,STARTUP,,,0
4,31,758777,-32,-114,8519,0,0
37,31,758818,-83,-2,-26,16383,0
13,33,768884,0,0,1,0,0
4,32,778947,-32,-110,8517,0,0
37,32,778987,-84,-1,-26,16383,0
13,34,788918,0,1,0,0,0
4,33,799152,-36,-112,8516,0,0
37,33,799193,-84,0,-26,16383,0
13,35,809090,0,1,2,0,0
4,34,819109,-38,-105,8521,0,0
37,34,819150,-85,0,-26,16383,0
13,36,829199,1,3,1,0,0
4,35,839310,-47,-108,8521,0,0
37,35,839350,-85,2,-25,16383,0
13,37,849314,0,1,2,0,0
L,851479,STARTUP,,,0
4,36,859384,-40,-111,8514,0,0
37,36,859452,-85,3,-25,16383,0
13,38,869486,0,2,0,0,0
4,37,879694,-39,-113,8523,0,0
37,37,879735,-86,4,-25,16383,0
13,39,889658,0,0,2,0,0
4,38,899693,-39,-106,8524,0,0
37,38,899734,-86,5,-25,16383,0
13,40,909681,0,3,2,0,0
4,39,919813,-33,-98,8524,0,0
37,39,919854,-86,6,-25,16383,0
13,41,929835,0,1,0,0,0
4,40,939847,-32,-108,8519,0,0
37,40,939887,-87,6,-25,16383,0
13,42,949904,0,1,0,0,0
L,952037,STARTUP,,,0
4,41,960118,-30,-102,8511,0,0
37,41,960158,-87,7,-25,16383,0
13,43,969966,1,0,2,0,0
4,42,980269,-51,-104,8520,0,0
37,42,980310,-87,8,-25,16383,0
13,44,990095,1,1,1,0,0
4,43,1000392,-43,-108,8510,0,0
37,43,1000433,-88,9,-24,16383,0
13,45,1010278,0,1,0,0,0
4,44,1020475,-34,-110,8523,0,0
37,44,1020515,-88,10,-24,16383,0
13,46,1030543,0,3,0,0,0
4,45,1040622,-40,-110,8511,0,0
37,45,1040663,-89,11,-24,16383,0
13,47,1050655,2,2,2,0,0
L,1052908,STARTUP,,,0
4,46,1060773,-41,-108,8522,0,0
37,46,1060813,-89,12,-24,16383,0
13,48,1070802,1,-1,0,0,0
4,47,1080933,-42,-113,8512,0,0
37,47,1080974,-89,12,-24,16383,0
13,49,1090836,1,0,0,0,0
4,48,1101148,-34,-111,8523,0,0
37,48,1101188,-90,13,-24,16383,0
13,50,1111061,0,0,1,0,0
4,49,1121311,-36,-108,8520,0,0
37,49,1121351,-90,14,-24,16383,0
13,51,1131242,1,0,3,0,0
4,50,1141353,-34,-107,8522,0,0
37,50,1141394,-90,14,-23,16383,0
13,52,1151317,1,2,3,0,0
L,1153535,STARTUP,,,0
4,51,1161530,-40,-100,8518,0,0
37,51,1161570,-90,15,-23,16383,0
13,53,1171465,1,0,0,0,0
4,52,1181542,-37,-104,8520,0,0
37,52,1181583,-91,16,-23,16383,0
13,54,1191575,0,1,1,0,0
4,53,1201758,-36,-109,8517,0,0
37,53,1201798,-91,17,-23,16383,0
13,55,1211706,0,1,0,0,0
4,54,1221818,-47,-105,8523,0,0
37,54,1221858,-91,18,-23,16383,0
13,56,1231851,1,3,1,0,0
4,55,1242059,-46,-108,8519,0,0
37,55,1242099,-92,18,-23,16383,0
13,57,1252004,0,0,1,0,0
L,1254232,STARTUP,,,0
4,56,1262142,-36,-104,8523,0,0
37,56,1262183,-92,19,-23,16383,0
13,58,1272143,1,0,1,0,0
4,57,1282326,-44,-110,8513,0,0
37,57,1282366,-92,20,-23,16383,0
13,59,1292351,1,0,1,0,0
4,58,1302471,-33,-106,8224,0,0
37,58,1302515,-92,20,-23,16383,0
13,60,1312436,1,1,1,0,0
4,59,1322531,-40,-106,8220,0,0
37,59,1322571,-93,21,-23,16383,0
13,61,1332443,0,0,1,0,0
4,60,1342616,-38,-114,8235,0,0
37,60,1342656,-93,21,-22,16383,0
13,62,1352684,2,0,1,0,0
L,1354937,STARTUP,,,0
4,61,1362882,-40,-116,8214,0,0
37,61,1362922,-94,22,-22,16383,0
13,63,1372867,0,1,0,0,0
4,62,1382887,-39,-111,8226,0,0
37,62,1382927,-94,22,-22,16383,0
13,64,1392968,1,2,2,0,0
4,63,1403047,-35,-108,8226,0,0
37,63,1403087,-94,23,-22,16383,0
13,65,1412985,1,0,0,0,0
4,64,1423271,-33,-110,8216,0,0
37,64,1423311,-95,23,-22,16383,0
13,66,1433115,1,1,0,0,0
4,65,1443383,-38,-113,8221,0,0
37,65,1443424,-95,24,-22,16383,0
13,67,1453305,0,3,2,0,0
L,1455512,STARTUP,,,0
4,66,1463439,-35,-106,8210,0,0
37,66,1463480,-95,25,-22,16383,0
13,68,1473451,1,0,1,0,0
4,67,1483642,-27,-110,8225,0,0
37,67,1483682,-96,25,-22,16383,0
13,69,1493606,1,2,0,0,0
4,68,1503675,-37,-110,8214,0,0
37,68,1503716,-96,25,-22,16383,0
13,70,1513684,1,2,0,0,0
4,69,1523950,-30,-109,8220,0,0
37,69,1523991,-97,26,-22,16383,0
13,71,1533863,1,0,1,0,0
4,70,1543933,-38,-103,8223,0,0
37,70,1543973,-97,26,-21,16383,0
13,72,1553992,1,0,1,0,0
L,1556227,STARTUP,,,0
4,71,1564144,-43,-109,8223,0,0
37,71,1564184,-97,26,-21,16383,0
13,73,1574079,1,0,2,0,0
4,72,1584191,-32,-108,8228,0,0
37,72,1584231,-97,27,-21,16383,0
13,74,1594276,0,1,0,0,0
4,73,1604431,-43,-116,8228,0,0
37,73,1604499,-98,27,-21,16383,0
13,75,1614380,1,0,1,0,0
4,74,1624561,-34,-110,8220,0,0
37,74,1624602,-98,28,-21,16383,0
13,76,1634595,0,0,0,0,0
4,75,1644741,-38,-113,8217,0,0
37,75,1644782,-99,28,-21,16383,0
13,77,1654680,0,1,1,0,0
L,1656889,STARTUP,,,0
4,76,1664753,-31,-110,8226,0,0
37,76,1664793,-99,28,-21,16383,0
13,78,1674869,-1,0,0,0,0
4,77,1685069,-36,-113,8227,0,0
37,77,1685110,-100,29,-21,16383,0
13,79,1694966,2,0,1,0,0
4,78,1705034,-37,-105,8222,0,0
37,78,1705075,-100,29,-21,16383,0
13,80,1715059,0,0,1,0,0
4,79,1725258,-40,-109,8223,0,0
37,79,1725298,-100,29,-21,16383,0
13,81,1735120,1,0,1,0,0
4,80,1745344,-34,-108,8223,0,0
37,80,1745384,-100,30,-21,16383,0
13,82,1755351,1,0,0,0,0
L,1757559,STARTUP,,,0
4,81,1765563,-36,-114,8225,0,0
37,81,1765604,-101,30,-21,16383,0
13,83,1775593,1,1,1,0,0
4,82,1785645,-39,-111,8230,0,0
37,82,1785686,-101,31,-20,16383,0
13,84,1795678,0,2,1,0,0
4,83,1805749,-31,-112,8218,0,0
37,83,1805789,-101,31,-20,16383,0
13,85,1815765,2,0,2,0,0
4,84,1825878,-37,-119,8219,0,0
37,84,1825918,-102,31,-20,16383,0
13,86,1835989,0,0,0,0,0
4,85,1846135,-31,-104,8222,0,0
37,85,1846176,-102,31,-20,16383,0
13,87,1856076,0,0,1,0,0
L,1858326,STARTUP,,,0
4,86,1866227,-36,-111,8222,0,0
37,86,1866267,-102,31,-20,16383,0
13,88,1876213,0,0,2,0,0
4,87,1886352,-37,-108,8233,0,0
37,87,1886393,-103,32,-20,16383,0
13,89,1896358,-1,0,0,0,0
4,88,1906350,-36,-107,8229,0,0
37,88,1906390,-103,32,-20,16383,0
13,90,1916495,1,1,1,0,0
4,89,1926617,-36,-113,8217,0,0
37,89,1926658,-103,32,-20,16383,0
13,91,1936600,2,1,0,0,0
4,90,1946651,-36,-105,8216,0,0
37,90,1946692,-103,33,-20,16383,0
13,92,1956607,1,0,0,0,0
L,1958831,STARTUP,,,0
4,91,1966896,-40,-114,8231,0,0
37,91,1966936,-103,33,-20,16383,0
13,93,1976857,0,3,0,0,0
4,92,1986986,-43,-110,8226,0,0
37,92,1987053,-104,34,-20,16383,0
13,94,1996924,0,0,0,0,0
4,93,2007168,-35,-108,8220,0,0
37,93,2007208,-104,34,-20,16383,0
13,95,2017140,0,1,0,0,0
4,94,2027124,-34,-110,8226,0,0
37,94,2027165,-104,34,-20,16383,0
13,96,2037364,0,0,0,0,0
4,95,2047348,-37,-108,8229,0,0
37,95,2047388,-104,34,-20,16383,0
13,97,2057425,2,0,1,0,0
L,2059659,STARTUP,,,0
4,96,2067421,-35,-106,8228,0,0
37,96,2067462,-104,35,-19,16383,0
13,98,2077389,0,1,2,0,0
4,97,2087648,-34,-109,8221,0,0
37,97,2087689,-104,35,-19,16383,0
13,99,2097621,0,0,0,0,0
4,98,2107733,-39,-109,8224,0,0
37,98,2107774,-105,35,-19,16383,0
13,100,2117682,1,0,0,0,0
4,99,2127916,-33,-111,8217,0,0
37,99,2127956,-105,35,-19,16383,0
13,101,2137845,1,0,0,0,0
4,100,2148001,-41,-103,8223,0,0
37,100,2148042,-105,35,-19,16383,0
13,102,2158009,0,1,1,0,0
L,2160303,STARTUP,,,0
4,101,2168161,-42,-108,8232,0,0
37,101,2168201,-105,36,-19,16383,0
13,103,2178060,1,0,0,0,0
4,102,2188241,-40,-110,8229,0,0
37,102,2188282,-105,36,-19,16383,0
13,104,2198251,0,1,0,0,0
4,103,2208361,-34,-106,8226,0,0
37,103,2208402,-105,36,-19,16383,0
13,105,2218337,0,1,0,0,0
4,104,2228490,-32,-116,8216,0,0
37,104,2228530,-105,36,-19,16383,0
13,106,2238437,0,0,0,0,0
4,105,2248655,-36,-104,8230,0,0
37,105,2248695,-105,36,-19,16383,0
13,107,2258629,0,-1,1,0,0
L,2261035,STARTUP,,,0
4,106,2268720,-42,-115,8222,0,0
37,106,2268761,-106,36,-19,16383,0
13,108,2278697,0,0,1,0,0
4,107,2288894,-42,-112,8213,0,0
37,107,2288934,-106,36,-19,16383,0
13,109,2298825,1,2,1,0,0
4,108,2309032,-36,-112,8226,0,0
37,108,2309073,-106,37,-19,16383,0
13,110,2318921,0,1,0,0,0
4,109,2329187,-43,-114,8224,0,0
37,109,2329227,-106,37,-18,16383,0
13,111,2339015,1,2,2,0,0
4,110,2349281,-34,-111,8226,0,0
37,110,2349321,-107,37,-18,16383,0
13,112,2359204,1,0,1,0,0
L,2361523,STARTUP,,,0
4,111,2369354,-35,-107,8222,0,0
37,111,2369421,-106,37,-18,16383,0
13,113,2379332,1,0,0,0,0
4,112,2389497,-29,-114,8227,0,0
37,112,2389537,-107,37,-18,16383,0
13,114,2399489,0,2,0,0,0
4,113,2409711,-34,-112,8218,0,0
37,113,2409751,-107,37,-18,16383,0
13,115,2419599,0,2,0,0,0
4,114,2429666,-44,-105,8218,0,0
37,114,2429707,-107,38,-18,16383,0
13,116,2439728,0,0,1,0,0
4,115,2449864,-32,-110,8225,0,0
37,115,2449904,-107,38,-18,16383,0
13,117,2459754,1,0,1,0,0
L,2462081,STARTUP,,,0
4,116,2470050,-41,-113,8225,0,0
37,116,2470090,-107,38,-18,16383,0
13,118,2479934,0,0,1,0,0
4,117,2490193,-37,-108,8228,0,0
37,117,2490234,-107,38,-18,16383,0
13,119,2500063,1,0,1,0,0
4,118,2510113,-43,-109,8222,0,0
37,118,2510181,-107,38,-17,16383,0
13,120,2520328,0,3,0,0,0
4,119,2530442,-42,-104,8220,0,0
37,119,2530482,-107,39,-17,16383,0
13,121,2540337,0,1,-1,0,0
4,120,2550450,-32,-111,8209,0,0
37,120,2550491,-107,39,-18,16383,0
13,122,2560502,1,1,0,0,0
L,2562821,STARTUP,,,0
4,121,2570688,-36,-114,8225,0,0
37,121,2570728,-107,39,-17,16383,0
13,123,2580684,2,1,0,0,0
4,122,2590768,-42,-109,8219,0,0
37,122,2590808,-107,39,-17,16383,0
13,124,2600726,0,0,0,0,0
4,123,2610870,-34,-115,8220,0,0
37,123,2610911,-108,39,-17,16383,0
13,125,2620767,0,1,1,0,0
4,124,2631018,-32,-108,8222,0,0
37,124,2631058,-108,39,-17,16383,0
13,126,2640993,0,0,2,0,0
4,125,2651232,-36,-105,8220,0,0
37,125,2651272,-108,39,-17,16383,0
13,127,2661078,1,0,2,0,0
L,2663405,STARTUP,,,0
4,126,2671219,-33,-123,8229,0,0
37,126,2671260,-108,39,-17,16383,0
13,128,2681284,1,1,0,0,0
4,127,2691379,-36,-113,8227,0,0
37,127,2691420,-108,38,-17,16383,0
13,129,2701378,0,-1,0,0,0
4,128,2711386,-31,-106,8227,0,0
37,128,2711427,-108,38,-17,16383,0
13,130,2721497,-1,3,1,0,0
4,129,2731827,-46,-105,8225,0,0
37,129,2731868,-108,39,-17,16383,0
13,131,2741653,0,1,0,0,0
4,130,2751678,-33,-105,8236,0,0
37,130,2751746,-108,39,-17,16383,0
13,132,2761801,0,2,0,0,0
L,2764119,STARTUP,,,0
4,131,2771813,-38,-104,8225,0,0
37,131,2771853,-107,39,-17,16383,0
13,133,2781919,0,2,0,0,0
4,132,2792040,-35,-106,8222,0,0
37,132,2792081,-107,39,-17,16383,0
13,134,2801970,0,1,0,0,0
4,133,2812212,-37,-117,8220,0,0
37,133,2812252,-108,39,-16,16383,0
13,135,2822162,0,0,1,0,0
4,134,2832204,-38,-109,8225,0,0
37,134,2832244,-108,39,-16,16383,0
13,136,2842147,1,0,0,0,0
4,135,2852383,-32,-113,8223,0,0
37,135,2852423,-108,38,-16,16383,0
13,137,2862392,1,0,2,0,0
L,2864755,STARTUP,,,0
4,136,2872464,-34,-111,8214,0,0
37,136,2872505,-108,38,-16,16383,0
13,138,2882600,2,1,0,0,0
4,137,2892745,-44,-106,8220,0,0
37,137,2892785,-108,39,-16,16383,0
13,139,2902728,0,0,0,0,0
4,138,2912796,-35,-112,8224,0,0
37,138,2912836,-108,38,-16,16383,0
13,140,2922736,0,0,-1,0,0
4,139,2933071,-38,-99,8226,0,0
37,139,2933112,-107,38,-16,16383,0
13,141,2942926,0,2,0,0,0
4,140,2953018,-39,-119,8216,0,0
37,140,2953058,-108,39,-16,16383,0
13,142,2963080,0,0,0,0,0
L,2965365,STARTUP,,,0
4,141,2973324,-37,-106,8230,0,0
37,141,2973364,-108,39,-16,16383,0
13,143,2983192,0,0,2,0,0
4,142,2993372,-37,-114,8223,0,0
37,142,2993412,-108,38,-16,16383,0
13,144,3003392,0,-1,0,0,0
4,143,3013444,-46,-106,8220,0,0
37,143,3013485,-108,39,-16,16383,0
13,145,3023460,0,0,-1,0,0
4,144,3033613,-28,-111,8228,0,0
37,144,3033654,-108,38,-16,16383,0
13,146,3043596,0,0,0,0,0
4,145,3053786,-44,-101,8221,0,0
37,145,3053826,-108,38,-16,16383,0
13,147,3063735,1,0,0,0,0
L,3066045,STARTUP,,,0
4,146,3073780,-35,-110,8230,0,0
37,146,3073820,-108,38,-16,16383,0
13,148,3083802,-1,0,0,0,0
4,147,3093958,-37,-110,8223,0,0
37,147,3093998,-108,38,-16,16383,0
13,149,3103975,0,0,0,0,0
4,148,3114049,-42,-114,8227,0,0
37,148,3114090,-109,38,-16,16383,0
13,150,3124042,0,0,0,0,0
4,149,3134335,-37,-106,8226,0,0
37,149,3134376,-108,38,-16,16383,0
13,151,3144260,0,1,1,0,0
4,150,3154378,-42,-109,8227,0,0
37,150,3154418,-108,39,-16,16383,0
13,152,3164309,0,2,1,0,0
L,3166646,STARTUP,,,0
4,151,3174443,-32,-100,8224,0,0
37,151,3174483,-108,39,-16,16383,0
13,153,3184525,0,3,0,0,0
4,152,3194576,-40,-112,8222,0,0
37,152,3194616,-108,39,-16,16383,0
13,154,3204593,0,2,0,0,0
4,153,3214748,-35,-104,8227,0,0
37,153,3214789,-108,39,-16,16383,0
13,155,3224654,0,1,0,0,0
4,154,3234841,-44,-115,8226,0,0
37,154,3234882,-108,39,-16,16383,0
13,156,3244754,-1,0,1,0,0
4,155,3254998,-29,-116,8225,0,0
37,155,3255038,-109,39,-16,16383,0
13,157,3264946,2,1,0,0,0
L,3267256,STARTUP,,,0
4,156,3274985,-40,-97,8229,0,0
37,156,3275025,-108,39,-16,16383,0
13,158,3285141,0,0,0,0,0
4,157,3295255,-31,-114,8229,0,0
37,157,3295295,-108,39,-16,16383,0
13,159,3305238,0,0,0,0,0
4,158,3315254,-46,-109,8231,0,0
37,158,3315295,-109,39,-16,16383,0
13,160,3325331,-1,0,0,0,0
4,159,3335471,-38,-107,8220,0,0
37,159,3335511,-108,39,-16,16383,0
13,161,3345582,0,1,0,0,0
4,160,3355633,-34,-113,8228,0,0
37,160,3355673,-108,39,-16,16383,0
13,162,3365616,-1,3,0,0,0
L,3368074,STARTUP,,,0
4,161,3375898,-31,-107,8224,0,0
37,161,3375939,-109,39,-16,16383,0
13,163,3385824,0,0,1,0,0
4,162,3395876,-38,-112,8222,0,0
37,162,3395917,-109,39,-16,16383,0
13,164,3405942,0,0,1,0,0
4,163,3415967,-42,-113,8222,0,0
37,163,3416008,-109,39,-16,16383,0
13,165,3426036,0,0,1,0,0
4,164,3436089,-41,-106,8224,0,0
37,164,3436129,-109,39,-15,16383,0
13,166,3446175,1,0,3,0,0
4,165,3456312,-45,-116,8224,0,0
37,165,3456353,-109,39,-15,16383,0
13,167,3466201,0,0,0,0,0
L,3468545,STARTUP,,,0
4,166,3476402,-39,-117,8216,0,0
37,166,3476442,-110,39,-15,16383,0
13,168,3486410,-2,0,0,0,0
4,167,3496630,-29,-109,8219,0,0
37,167,3496671,-110,39,-15,16383,0
13,169,3506492,0,0,0,0,0
4,168,3516656,-30,-112,8219,0,0
37,168,3516696,-110,39,-15,16383,0
13,170,3526726,0,1,0,0,0
4,169,3536819,-39,-103,8223,0,0
37,169,3536860,-109,39,-15,16383,0
13,171,3546888,0,1,0,0,0
4,170,3556872,-32,-113,8216,0,0
37,170,3556912,-110,39,-15,16383,0
13,172,3566966,0,0,0,0,0
L,3569251,STARTUP,,,0
4,171,3577030,-37,-112,8229,0,0
37,171,3577071,-110,39,-15,16383,0
13,173,3586948,0,0,0,0,0
4,172,3597101,-42,-113,8226,0,0
37,172,3597142,-110,39,-15,16383,0
13,174,3607171,0,2,0,0,0
4,173,3617414,-38,-111,8226,0,0
37,173,3617454,-110,39,-15,16383,0
13,175,3627231,1,-1,1,0,0
4,174,3637403,-43,-112,8233,0,0
37,174,3637444,-110,39,-15,16383,0
13,176,3647395,0,0,1,0,0
4,175,3657531,-39,-111,8219,0,0
37,175,3657572,-110,39,-15,16383,0
13,177,3667549,0,0,0,0,0
L,3669843,STARTUP,,,0
4,176,3677613,-28,-106,8235,0,0
37,176,3677654,-110,39,-15,16383,0
13,178,3687600,-1,1,0,0,0
4,177,3697910,-40,-111,8222,0,0
37,177,3697950,-110,39,-15,16383,0
13,179,3707800,0,-1,2,0,0
4,178,3717877,-36,-115,8226,0,0
37,178,3717917,-110,38,-15,16383,0
13,180,3727885,-1,-1,0,0,0
4,179,3738107,-33,-111,8219,0,0
37,179,3738175,-110,38,-15,16383,0
13,181,3747996,0,1,1,0,0
4,180,3758124,-41,-103,8230,0,0
37,180,3758192,-109,38,-15,16383,0
13,182,3768213,0,-1,0,0,0
L,3770592,STARTUP,,,0
4,181,3778354,-39,-106,8227,0,0
37,181,3778395,-109,38,-15,16383,0
13,183,3788288,-1,0,0,0,0
4,182,3798357,-40,-106,8214,0,0
37,182,3798398,-109,39,-14,16383,0
13,184,3808409,-1,1,0,0,0
4,183,3818634,-31,-108,8220,0,0
37,183,3818674,-109,38,-14,16383,0
13,185,3828487,0,-1,0,0,0
4,184,3838599,-33,-108,8225,0,0
37,184,3838639,-109,38,-14,16383,0
13,186,3848581,0,1,0,0,0
4,185,3858864,-34,-116,8234,0,0
37,185,3858905,-109,38,-14,16383,0
13,187,3868726,1,0,0,0,0
L,3871029,STARTUP,,,0
4,186,3878867,-38,-111,8215,0,0
37,186,3878908,-109,38,-14,16383,0
13,188,3888846,0,-1,0,0,0
4,187,3899071,-38,-116,8215,0,0
37,187,3899112,-110,38,-14,16383,0
13,189,3909020,0,0,1,0,0
4,188,3919125,-41,-109,8218,0,0
37,188,3919165,-110,38,-14,16383,0
13,190,3929147,1,0,-1,0,0
4,189,3939277,-34,-116,8222,0,0
37,189,3939318,-110,38,-14,16383,0
13,191,3949250,0,1,1,0,0
4,190,3959414,-36,-110,8230,0,0
37,190,3959454,-110,38,-14,16383,0
13,192,3969310,0,0,-1,0,0
L,3971690,STARTUP,,,0
4,191,3979634,-41,-108,8223,0,0
37,191,3979674,-110,38,-14,16383,0
13,193,3989500,0,0,0,0,0
4,192,3999628,-39,-108,8224,0,0
37,192,3999669,-110,38,-14,16383,0
13,194,4009619,0,1,1,0,0
4,193,4019782,-33,-114,8226,0,0
37,193,4019823,-109,38,-14,16383,0
13,195,4029887,1,0,1,0,0
4,194,4039954,-28,-115,8225,0,0
37,194,4039995,-110,38,-14,16383,0
13,196,4049868,0,2,0,0,0
4,195,4060008,-31,-106,8221,0,0
37,195,4060048,-109,38,-14,16383,0
13,197,4070042,0,0,0,0,0
L,4072353,STARTUP,,,0
4,196,4080132,-36,-117,8221,0,0
37,196,4080173,-110,38,-14,16383,0
13,198,4090188,1,0,0,0,0
4,197,4100385,-36,-109,8219,0,0
37,197,4100426,-110,38,-14,16383,0
13,199,4110307,0,1,0,0,0
4,198,4120324,-35,-110,8221,0,0
37,198,4120365,-109,38,-14,16383,0
13,200,4130307,0,2,0,0,0
4,199,4140601,-41,-107,8219,0,0
37,199,4140642,-109,38,-14,16383,0
13,201,4150490,0,0,-1,0,0
4,200,4160686,-41,-109,8219,0,0
37,200,4160726,-109,38,-14,16383,0
13,202,4170626,0,1,1,0,0
L,4172954,STARTUP,,,0
4,201,4180794,-38,-112,8224,0,0
37,201,4180835,-109,39,-14,16383,0
13,203,4190833,0,3,0,0,0
4,202,4200875,-38,-109,8222,0,0
37,202,4200916,-109,39,-14,16383,0
13,204,4210901,0,2,0,0,0
4,203,4220969,-47,-109,8221,0,0
37,203,4221010,-109,39,-13,16383,0
13,205,4231021,0,-2,0,0,0
4,204,4241167,-36,-103,8225,0,0
37,204,4241207,-109,39,-13,16383,0
13,206,4251158,0,-1,1,0,0
4,205,4261315,-34,-107,8221,0,0
37,205,4261355,-109,39,-13,16383,0
13,207,4271289,0,1,0,0,0
L,4273581,STARTUP,,,0
4,206,4281311,-31,-107,8224,0,0
37,206,4281351,-109,39,-13,16383,0
13,208,4291371,0,0,0,0,0
4,207,4301517,-39,-105,8223,0,0
37,207,4301558,-109,39,-13,16383,0
13,209,4311450,1,2,1,0,0
4,208,4321587,-34,-106,8232,0,0
37,208,4321628,-108,39,-13,16383,0
13,210,4331597,0,0,-1,0,0
4,209,4341752,-38,-113,8231,0,0
37,209,4341792,-109,39,-13,16383,0
13,211,4351596,1,0,2,0,0
4,210,4361794,-39,-114,8230,0,0
37,210,4361834,-109,39,-13,16383,0
13,212,4371874,0,0,1,0,0
L,4374217,STARTUP,,,0
4,211,4381944,-36,-113,8231,0,0
37,211,4382012,-109,39,-13,16383,0
13,213,4392010,0,0,-1,0,0
4,212,4402081,-41,-114,8232,0,0
37,212,4402121,-109,39,-13,16383,0
13,214,4412137,0,1,0,0,0
4,213,4422301,-45,-115,8229,0,0
37,213,4422342,-110,39,-13,16383,0
13,215,4432146,0,-1,2,0,0
4,214,4442421,-35,-108,8231,0,0
37,214,4442461,-110,39,-13,16383,0
13,216,4452310,0,1,-1,0,0
4,215,4462457,-42,-115,8226,0,0
37,215,4462497,-110,39,-13,16383,0
13,217,4472482,0,0,1,0,0
L,4474836,STARTUP,,,0
4,216,4482606,-46,-118,8224,0,0
37,216,4482646,-110,40,-13,16383,0
13,218,4492585,0,0,0,0,0
4,217,4502826,-34,-108,8232,0,0
37,217,4502867,-110,39,-13,16383,0
13,219,4512784,0,0,0,0,0
4,218,4522827,-28,-102,8223,0,0
37,218,4522867,-110,39,-13,16383,0
13,220,4532817,0,1,0,0,0
4,219,4543057,-33,-109,8214,0,0
37,219,4543098,-110,39,-13,16383,0
13,221,4553023,0,1,0,0,0
4,220,4563075,-34,-110,8221,0,0
37,220,4563115,-110,39,-13,16383,0
13,222,4573118,0,0,1,0,0
L,4575428,STARTUP,,,0
4,221,4583234,-34,-105,8223,0,0
37,221,4583275,-109,38,-13,16383,0
13,223,4593144,0,0,0,0,0
4,222,4603296,-45,-104,8220,0,0
37,222,4603337,-109,39,-13,16383,0
13,224,4613350,-2,0,1,0,0
4,223,4623435,-40,-111,8232,0,0
37,223,4623475,-110,39,-13,16383,0
13,225,4633409,-1,0,0,0,0
4,224,4643634,-44,-121,8220,0,0
37,224,4643675,-110,39,-13,16383,0
13,226,4653652,0,0,-1,0,0
4,225,4663848,-38,-110,8221,0,0
37,225,4663888,-110,39,-13,16383,0
13,227,4673676,0,1,0,0,0
L,4675995,STARTUP,,,0
4,226,4683808,-29,-109,8219,0,0
37,226,4683849,-110,39,-13,16383,0
13,228,4693917,0,2,0,0,0
4,227,4704029,-37,-111,8228,0,0
37,227,4704069,-110,39,-13,16383,0
13,229,4713969,0,2,-1,0,0
4,228,4724028,-36,-111,8227,0,0
37,228,4724069,-110,39,-13,16383,0
13,230,4734045,0,1,0,0,0
4,229,4744307,-33,-114,8216,0,0
37,229,4744375,-110,39,-13,16383,0
13,231,4754113,2,0,1,0,0
4,230,4764292,-38,-112,8221,0,0
37,230,4764359,-110,39,-13,16383,0
13,232,4774284,1,0,1,0,0
L,4776631,STARTUP,,,0
4,231,4784428,-30,-115,8228,0,0
37,231,4784468,-110,38,-13,16383,0
13,233,4794517,0,0,0,0,0
4,232,4804586,-38,-114,8221,0,0
37,232,4804626,-110,38,-13,16383,0
13,234,4814577,0,0,0,0,0
4,233,4824708,-30,-102,8222,0,0
37,233,4824748,-110,38,-12,16383,0
13,235,4834682,0,1,0,0,0
4,234,4844792,-36,-109,8216,0,0
37,234,4844833,-110,38,-12,16383,0
13,236,4854914,0,0,0,0,0
4,235,4865058,-42,-112,8224,0,0
37,235,4865098,-110,38,-12,16383,0
13,237,4874972,0,-1,1,0,0
L,4877414,STARTUP,,,0
4,236,4885123,-33,-111,8225,0,0
37,236,4885191,-110,38,-12,16383,0
13,238,4895163,0,2,0,0,0
4,237,4905327,-41,-111,8223,0,0
37,237,4905367,-110,38,-12,16383,0
13,239,4915309,0,2,0,0,0
4,238,4925335,-35,-111,8225,0,0
37,238,4925375,-110,38,-12,16383,0
13,240,4935420,-1,0,0,0,0
4,239,4945506,-31,-111,8225,0,0
37,239,4945547,-110,38,-12,16383,0
13,241,4955542,1,2,0,0,0
4,240,4965610,-30,-122,8219,0,0
37,240,4965651,-111,38,-12,16383,0
13,242,4975583,0,0,1,0,0
L,4977920,STARTUP,,,0
4,241,4985907,-33,-104,8225,0,0
37,241,4985947,-110,38,-12,16383,0
13,243,4995782,0,0,0,0,0
4,242,5005918,-35,-104,8222,0,0
37,242,5005959,-110,37,-12,16383,0
13,244,5015893,0,0,1,0,0
4,243,5026076,-33,-114,8229,0,0
37,243,5026116,-110,37,-12,16383,0
13,245,5036102,0,0,1,0,0
4,244,5046083,-38,-109,8225,0,0
37,244,5046123,-110,37,-12,16383,0
13,246,5056272,-1,1,0,0,0
4,245,5066368,-36,-120,8216,0,0
37,245,5066408,-110,37,-12,16383,0
13,247,5076376,-1,1,1,0,0
L,5078791,CALIBRATING,,,0
4,246,5086407,-31,-113,8227,0,0
37,246,5086447,-110,37,-12,16383,0
13,248,5096366,0,0,0,0,0
4,247,5106572,-27,-113,8221,0,0
37,247,5106613,-111,37,-12,16383,0
13,249,5116599,0,0,1,0,0
4,248,5126700,-42,-115,8223,0,0
37,248,5126740,-111,37,-12,16383,0
13,250,5136667,0,0,0,0,0
4,249,5146916,-34,-118,8222,0,0
37,249,5146957,-111,37,-12,16383,0
13,251,5156815,0,0,0,0,0
4,250,5166918,-38,-102,8220,0,0
37,250,5166958,-111,37,-12,16383,0
13,252,5176933,0,0,0,0,0
L,5179218,CALIBRATING,,,0
4,251,5187121,-32,-107,8223,0,0
37,251,5187161,-111,37,-12,16383,0
13,253,5197026,0,0,1,0,0
4,252,5207199,-30,-113,8230,0,0
37,252,5207239,-111,36,-12,16383,0
13,254,5217209,0,0,1,0,0
4,253,5227367,-43,-119,8218,0,0
37,253,5227407,-111,37,-12,16383,0
13,255,5237304,1,1,0,0,0
4,254,5247475,-37,-105,8224,0,0
37,254,5247515,-111,37,-12,16383,0
13,256,5257413,1,0,1,0,0
4,255,5267604,-31,-111,8221,0,0
37,255,5267645,-111,36,-12,16383,0
13,257,5277632,0,0,1,0,0
L,5279950,CALIBRATING,,,0
4,256,5287672,-43,-113,8216,0,0
37,256,5287712,-111,37,-12,16383,0
13,258,5297698,0,1,0,0,0
4,257,5307880,-38,-115,8229,0,0
37,257,5307920,-111,37,-11,16383,0
13,259,5317767,-1,-2,1,0,0
4,258,5328018,-38,-111,8215,0,0
37,258,5328058,-111,37,-11,16383,0
13,260,5337906,0,2,0,0,0
4,259,5348049,-38,-117,8219,0,0
37,259,5348089,-111,37,-11,16383,0
13,261,5357982,1,0,0,0,0
4,260,5368163,-47,-110,8226,0,0
37,260,5368203,-111,37,-11,16383,0
13,262,5378126,0,0,0,0,0
L,5380430,CALIBRATING,,,0
4,261,5388384,-35,-109,8221,0,0
37,261,5388425,-111,37,-11,16383,0
13,263,5398248,0,1,0,0,0
4,262,5408430,-36,-109,8218,0,0
37,262,5408470,-111,37,-11,16383,0
13,264,5418413,0,1,-1,0,0
4,263,5428558,-32,-97,8225,0,0
37,263,5428598,-111,37,-12,16383,0
13,265,5438531,0,0,0,0,0
4,264,5448617,-37,-109,8214,0,0
37,264,5448657,-111,37,-12,16383,0
13,266,5458652,0,2,0,0,0
4,265,5468850,-31,-111,8225,0,0
37,265,5468891,-110,37,-12,16383,0
13,267,5478738,1,0,0,0,0
L,5481057,CALIBRATING,,,0
4,266,5489001,-43,-113,8225,0,0
37,266,5489041,-111,37,-12,16383,0
13,268,5498884,0,0,2,0,0
4,267,5509067,-32,-109,8224,0,0
37,267,5509108,-111,37,-11,16383,0
13,269,5518995,-2,2,0,0,0
4,268,5529126,-36,-108,8225,0,0
37,268,5529166,-111,38,-11,16383,0
13,270,5539278,0,1,1,0,0
4,269,5549426,-33,-114,8223,0,0
37,269,5549466,-111,37,-11,16383,0
13,271,5559271,-2,0,-1,0,0
4,270,5569408,-38,-115,8223,0,0
37,270,5569448,-111,37,-12,16383,0
13,272,5579426,0,1,0,0,0
L,5581719,CALIBRATING,,,0
4,271,5589603,-28,-111,8220,0,0
37,271,5589644,-111,37,-12,16383,0
13,273,5599597,0,0,-1,0,0
4,272,5609684,-33,-106,8215,0,0
37,272,5609724,-111,37,-12,16383,0
13,274,5619703,0,0,0,0,0
4,273,5629829,-25,-122,8219,0,0
37,273,5629869,-111,36,-12,16383,0
13,275,5639673,-2,1,0,0,0
4,274,5649949,-38,-108,8226,0,0
37,274,5649989,-111,36,-12,16383,0
13,276,5659882,-2,0,1,0,0
4,275,5670122,-35,-108,8222,0,0
37,275,5670162,-111,36,-12,16383,0
13,277,5680027,0,2,0,0,0
L,5682329,CALIBRATING,,,0
4,276,5690152,-37,-98,8226,0,0
37,276,5690192,-111,37,-12,16383,0
13,278,5700233,0,0,0,0,0
4,277,5710406,-44,-115,8223,0,0
37,277,5710447,-111,37,-12,16383,0
13,279,5720312,1,2,1,0,0
4,278,5730336,-40,-103,8232,0,0
37,278,5730377,-110,37,-12,16383,0
13,280,5740439,0,2,0,0,0
4,279,5750647,-37,-106,8229,0,0
37,279,5750688,-110,37,-12,16383,0
13,281,5760577,0,1,0,0,0
4,280,5770652,-33,-109,8220,0,0
37,280,5770719,-110,37,-12,16383,0
13,282,5780740,1,1,0,0,0
L,5783043,CALIBRATING,,,0
4,281,5790851,-41,-114,8232,0,0
37,281,5790892,-110,38,-12,16383,0
13,283,5800886,0,0,0,0,0
4,282,5810989,-40,-107,8224,0,0
37,282,5811029,-110,38,-12,16383,0
13,284,5820947,1,0,1,0,0
4,283,5831171,-35,-112,8234,0,0
37,283,5831212,-110,38,-12,16383,0
13,285,5841112,-1,1,-1,0,0
4,284,5851186,-28,-110,8227,0,0
37,284,5851226,-110,37,-12,16383,0
13,286,5861110,0,0,-2,0,0
4,285,5871420,-35,-115,8221,0,0
37,285,5871460,-110,37,-12,16383,0
13,287,5881403,0,1,1,0,0
L,5883757,CALIBRATING,,,0
4,286,5891460,-39,-112,8219,0,0
37,286,5891500,-110,38,-12,16383,0
13,288,5901496,0,2,-1,0,0
4,287,5911671,-44,-117,8222,0,0
37,287,5911712,-110,38,-12,16383,0
13,289,5921695,1,1,0,0,0
4,288,5931746,-33,-108,8224,0,0
37,288,5931787,-110,38,-12,16383,0
13,290,5941719,0,0,0,0,0
4,289,5952055,-35,-112,8229,0,0
37,289,5952095,-110,37,-12,16383,0
13,291,5961860,1,0,0,0,0
4,290,5971970,-37,-101,8226,0,0
37,290,5972011,-110,37,-12,16383,0
13,292,5982040,0,0,0,0,0
L,5984350,CALIBRATING,,,0
4,291,5992190,-37,-118,8218,0,0
37,291,5992230,-110,38,-12,16383,0
13,293,6002194,1,1,1,0,0
4,292,6012287,-39,-113,8227,0,0
37,292,6012327,-110,38,-12,16383,0
13,294,6022271,2,-1,0,0,0
4,293,6032488,-34,-107,8217,0,0
37,293,6032528,-109,38,-12,16383,0
13,295,6042367,1,1,1,0,0
4,294,6052572,-40,-107,8230,0,0
37,294,6052612,-109,38,-12,16383,0
13,296,6062588,-1,0,0,0,0
4,295,6072641,-34,-114,8214,0,0
37,295,6072681,-110,37,-12,16383,0
13,297,6082667,0,0,2,0,0
L,6084986,CALIBRATING,,,0
4,296,6092741,-40,-106,8227,0,0
37,296,6092781,-109,38,-11,16383,0
13,298,6102735,-1,0,0,0,0
4,297,6112959,-35,-107,8228,0,0
37,297,6112999,-109,38,-12,16383,0
13,299,6122933,1,1,0,0,0
4,298,6132983,-29,-104,8223,0,0
37,298,6133023,-109,37,-12,16383,0
13,300,6143000,0,0,0,0,0
4,299,6153226,-39,-103,8230,0,0
37,299,6153266,-109,38,-12,16383,0
13,301,6163158,0,0,1,0,0
4,300,6173311,-34,-106,8218,0,0
37,300,6173351,-108,37,-12,16383,0
13,302,6183267,0,1,0,0,0
L,6185561,CALIBRATING,,,0
4,301,6193428,-32,-118,8218,0,0
37,301,6193469,-109,37,-12,16383,0
13,303,6203483,0,0,1,0,0
4,302,6213507,-40,-114,8225,0,0
37,302,6213548,-109,38,-11,16383,0
13,304,6223508,0,0,0,0,0
4,303,6233611,-31,-114,8230,0,0
37,303,6233651,-110,37,-12,16383,0
13,305,6243595,0,1,-1,0,0
4,304,6253748,-37,-102,8221,0,0
37,304,6253788,-109,37,-12,16383,0
13,306,6263626,0,0,0,0,0
4,305,6273927,-39,-105,8226,0,0
37,305,6273967,-109,37,-11,16383,0
13,307,6283807,0,0,0,0,0
L,6286119,CALIBRATING,,,0
4,306,6293936,-40,-106,8223,0,0
37,306,6293977,-109,38,-12,16383,0
13,308,6303997,0,0,0,0,0
4,307,6314126,-37,-109,8223,0,0
37,307,6314167,-109,38,-12,16383,0
13,309,6324135,0,1,0,0,0
4,308,6334143,-39,-117,8223,0,0
37,308,6334183,-109,38,-12,16383,0
13,310,6344211,0,-2,1,0,0
4,309,6354411,-34,-119,8227,0,0
37,309,6354452,-110,37,-12,16383,0
13,311,6364429,-1,0,0,0,0
4,310,6374505,-32,-113,8222,0,0
37,310,6374545,-110,37,-12,16383,0
13,312,6384547,0,2,0,0,0
L,6386894,CALIBRATING,,,0
4,311,6394710,-37,-110,8223,0,0
37,311,6394751,-110,37,-12,16383,0
13,313,6404625,1,0,0,0,0
4,312,6414764,-36,-114,8212,0,0
37,312,6414804,-110,38,-12,16383,0
13,314,6424781,-1,1,0,0,0
4,313,6434916,-30,-113,8224,0,0
37,313,6434957,-111,37,-12,16383,0
13,315,6444961,-1,0,0,0,0
4,314,6454962,-40,-111,8223,0,0
37,314,6455002,-111,38,-11,16383,0
13,316,6465037,1,-3,0,0,0
4,315,6475151,-32,-111,8228,0,0
37,315,6475191,-110,37,-12,16383,0
13,317,6485038,1,1,0,0,0
L,6487365,CALIBRATING,,,0
4,316,6495318,-42,-103,8215,0,0
37,316,6495358,-110,38,-11,16383,0
13,318,6505278,0,1,1,0,0
4,317,6515529,-35,-103,8231,0,0
37,317,6515569,-110,38,-11,16383,0
13,319,6525407,0,0,0,0,0
4,318,6535545,-25,-126,8228,0,0
37,318,6535585,-110,37,-11,16383,0
13,320,6545606,-1,1,0,0,0
4,319,6555665,-37,-109,8223,0,0
37,319,6555706,-110,37,-11,16383,0
13,321,6565839,0,0,0,0,0
4,320,6575813,-36,-110,8223,0,0
37,320,6575853,-110,37,-12,16383,0
13,322,6585924,0,0,0,0,0
L,6588218,CALIBRATING,,,0
4,321,6596016,-44,-105,8231,0,0
37,321,6596056,-110,38,-12,16383,0
13,323,6605881,-1,1,0,0,0
4,322,6616070,-41,-112,8216,0,0
37,322,6616110,-110,38,-11,16383,0
13,324,6626122,0,0,1,0,0
4,323,6636275,-45,-107,8222,0,0
37,323,6636315,-110,38,-11,16383,0
13,325,6646216,-1,1,0,0,0
4,324,6656346,-32,-107,8225,0,0
37,324,6656386,-110,38,-12,16383,0
13,326,6666336,0,-1,0,0,0
4,325,6676568,-28,-104,8226,0,0
37,325,6676608,-110,38,-11,16383,0
13,327,6686456,2,0,0,0,0
L,6688767,CALIBRATING,,,0
4,326,6696590,-35,-115,8215,0,0
37,326,6696631,-110,37,-12,16383,0
13,328,6706568,-1,-1,0,0,0
4,327,6716775,-41,-109,8227,0,0
37,327,6716816,-110,38,-11,16383,0
13,329,6726759,0,0,0,0,0
4,328,6736843,-34,-112,8223,0,0
37,328,6736883,-110,38,-11,16383,0
13,330,6746800,0,1,0,0,0
4,329,6757100,-33,-113,8216,0,0
37,329,6757168,-110,38,-11,16383,0
13,331,6766972,0,0,0,0,0
4,330,6777038,-44,-111,8225,0,0
37,330,6777106,-110,38,-12,16383,0
13,332,6787170,0,-1,0,0,0
L,6789551,CALIBRATING,,,0
4,331,6797264,-41,-108,8223,0,0
37,331,6797305,-110,38,-11,16383,0
13,333,6807214,-1,0,0,0,0
4,332,6817350,-41,-104,8219,0,0
37,332,6817390,-110,38,-11,16383,0
13,334,6827332,0,1,0,0,0
4,333,6837660,-46,-110,8225,0,0
37,333,6837700,-110,39,-11,16383,0
13,335,6847473,1,2,1,0,0
4,334,6857572,-35,-106,8225,0,0
37,334,6857613,-109,39,-11,16383,0
13,336,6867505,0,0,0,0,0
4,335,6877814,-32,-111,8232,0,0
37,335,6877854,-110,39,-11,16383,0
13,337,6887728,-1,0,0,0,0
L,6890143,CALIBRATING,,,0
4,336,6897846,-39,-108,8225,0,0
37,336,6897887,-110,39,-11,16383,0
13,338,6907838,0,0,0,0,0
4,337,6918098,-33,-109,8227,0,0
37,337,6918138,-109,38,-11,16383,0
13,339,6928048,0,1,0,0,0
4,338,6938158,-44,-111,8217,0,0
37,338,6938198,-110,39,-11,16383,0
13,340,6948149,0,-1,1,0,0
4,339,6958280,-39,-106,8226,0,0
37,339,6958320,-109,39,-11,16383,0
13,341,6968262,0,-1,0,0,0
4,340,6978372,-36,-109,8226,0,0
37,340,6978413,-109,38,-11,16383,0
13,342,6988347,1,0,0,0,0
L,6990666,CALIBRATING,,,0
4,341,6998697,-36,-113,8214,0,0
37,341,6998737,-109,38,-11,16383,0
13,343,7008520,-1,-1,1,0,0
4,342,7018640,-34,-110,8226,0,0
37,342,7018680,-109,38,-11,16383,0
13,344,7028621,1,0,1,0,0
4,343,7038769,-36,-109,8226,0,0
37,343,7038809,-109,38,-11,16383,0
13,345,7048906,0,0,0,0,0
4,344,7058949,-37,-112,8223,0,0
37,344,7058989,-109,38,-11,16383,0
13,346,7068914,0,0,0,0,0
4,345,7079105,-37,-101,8227,0,0
37,345,7079145,-109,38,-11,16383,0
13,347,7089070,0,0,0,0,0
L,7091372,CALIBRATING,,,0
4,346,7099195,-47,-111,8221,0,0
37,346,7099235,-109,38,-11,16383,0
13,348,7109251,0,0,1,0,0
4,347,7119380,-36,-117,8219,0,0
37,347,7119420,-109,38,-11,16383,0
13,349,7129319,0,0,1,0,0
4,348,7139420,-44,-111,8228,0,0
37,348,7139461,-109,39,-11,16383,0
13,350,7149369,0,1,0,0,0
4,349,7159766,-37,-107,8234,0,0
37,349,7159806,-109,39,-11,16383,0
13,351,7169618,0,0,2,0,0
4,350,7179775,-36,-105,8219,0,0
37,350,7179815,-109,38,-10,16383,0
13,352,7189740,-1,0,0,0,0
L,7192129,CALIBRATING,,,0
4,351,7199886,-39,-111,8224,0,0
37,351,7199926,-109,39,-11,16383,0
13,353,7209974,0,0,0,0,0
4,352,7220034,-43,-111,8230,0,0
37,352,7220074,-109,39,-11,16383,0
13,354,7230034,-1,0,0,0,0
4,353,7240128,-30,-112,8213,0,0
37,353,7240168,-110,38,-10,16383,0
13,355,7250162,0,-1,0,0,0
4,354,7260323,-44,-114,8226,0,0
37,354,7260363,-110,38,-10,16383,0
13,356,7270300,0,-2,0,0,0
4,355,7280438,-44,-112,8214,0,0
37,355,7280478,-110,38,-10,16383,0
13,357,7290465,0,0,0,0,0
L,7292757,CALIBRATING,,,0
4,356,7300463,-46,-114,8221,0,0
37,356,7300503,-110,39,-10,16383,0
13,358,7310582,0,0,0,0,0
4,357,7320730,-29,-126,8220,0,0
37,357,7320771,-111,39,-10,16383,0
13,359,7330617,0,2,1,0,0
4,358,7340814,-38,-118,8225,0,0
37,358,7340854,-111,39,-10,16383,0
13,360,7350790,0,0,0,0,0
4,359,7360901,-32,-105,8218,0,0
37,359,7360941,-111,38,-11,16383,0
13,361,7370850,0,-1,0,0,0
4,360,7380987,-41,-116,8222,0,0
37,360,7381027,-111,38,-10,16383,0
13,362,7391064,0,0,1,0,0
L,7393393,CALIBRATING,,,0
4,361,7401287,-39,-110,8227,0,0
37,361,7401328,-111,39,-11,16383,0
13,363,7411175,0,0,0,0,0
4,362,7421306,-44,-115,8224,0,0
37,362,7421346,-111,39,-11,16383,0
13,364,7431391,0,0,0,0,0
4,363,7441477,-37,-110,8223,0,0
37,363,7441517,-111,39,-11,16383,0
13,365,7451373,1,1,-1,0,0
4,364,7461666,-39,-113,8226,0,0
37,364,7461707,-111,39,-11,16383,0
13,366,7471564,0,1,0,0,0
4,365,7481803,-33,-111,8220,0,0
37,365,7481844,-111,39,-11,16383,0
13,367,7491746,-1,0,-1,0,0
L,7494255,CALIBRATING,,,0
4,366,7501880,-39,-104,8220,0,0
37,366,7501920,-111,39,-11,16383,0
13,368,7511898,0,0,2,0,0
4,367,7522061,-36,-106,8218,0,0
37,367,7522129,-110,39,-11,16383,0
13,369,7532009,0,0,0,0,0
4,368,7542139,-44,-114,8216,0,0
37,368,7542179,-110,39,-11,16383,0
13,370,7552132,-1,2,0,0,0
4,369,7562406,-31,-115,8215,0,0
37,369,7562447,-111,39,-10,16383,0
13,371,7572364,0,0,0,0,0
4,370,7582424,-39,-105,8220,0,0
37,370,7582464,-110,39,-11,16383,0
13,372,7592459,1,0,0,0,0
L,7594752,CALIBRATING,,,0
4,371,7602576,-37,-113,8215,0,0
37,371,7602616,-110,39,-11,16383,0
13,373,7612544,0,0,0,0,0
4,372,7622637,-29,-116,8227,0,0
37,372,7622678,-111,38,-11,16383,0
13,374,7632751,0,0,1,0,0
4,373,7642886,-38,-115,8222,0,0
37,373,7642926,-111,38,-11,16383,0
13,375,7652801,1,1,0,0,0
4,374,7663018,-35,-108,8230,0,0
37,374,7663058,-110,38,-10,16383,0
13,376,7673044,0,1,2,0,0
4,375,7683197,-35,-109,8217,0,0
37,375,7683237,-110,38,-10,16383,0
13,377,7693112,0,-2,-1,0,0
L,7695605,CALIBRATING,,,0
4,376,7703255,-40,-112,8222,0,0
37,376,7703295,-111,38,-10,16383,0
13,378,7713326,0,0,0,0,0
4,377,7723525,-38,-118,8233,0,0
37,377,7723566,-111,38,-10,16383,0
13,379,7733440,0,0,0,0,0
4,378,7743525,-29,-106,8230,0,0
37,378,7743565,-111,38,-10,16383,0
13,380,7753542,0,0,0,0,0
4,379,7763775,-42,-110,8227,0,0
37,379,7763815,-110,38,-11,16383,0
13,381,7773601,0,0,1,0,0
4,380,7783797,-36,-116,8223,0,0
37,380,7783866,-111,38,-10,16383,0
13,382,7793790,0,0,0,0,0
L,7796110,CALIBRATING,,,0
4,381,7804013,-35,-112,8213,0,0
37,381,7804054,-111,38,-10,16383,0
13,383,7814023,1,1,0,0,0
4,382,7824100,-31,-112,8214,0,0
37,382,7824141,-111,37,-10,16383,0
13,384,7834180,-1,0,1,0,0
4,383,7844196,-38,-121,8231,0,0
37,383,7844236,-111,37,-10,16383,0
13,385,7854213,1,0,2,0,0
4,384,7864341,-45,-106,8223,0,0
37,384,7864382,-111,38,-10,16383,0
13,386,7874420,0,1,0,0,0
4,385,7884575,-39,-106,8222,0,0
37,385,7884615,-111,38,-10,16383,0
13,387,7894514,1,0,0,0,0
L,7896833,CALIBRATING,,,0
4,386,7904597,-36,-112,8226,0,0
37,386,7904665,-111,38,-10,16383,0
13,388,7914652,0,0,0,0,0
4,387,7924765,-35,-104,8224,0,0
37,387,7924806,-110,38,-10,16383,0
13,389,7934789,0,0,0,0,0
4,388,7944778,-37,-116,8228,0,0
37,388,7944818,-111,38,-10,16383,0
13,390,7954899,0,0,1,0,0
4,389,7965012,-35,-106,8230,0,0
37,389,7965052,-110,37,-10,16383,0
13,391,7974995,0,0,1,0,0
4,390,7985089,-41,-107,8218,0,0
37,390,7985130,-110,37,-10,16383,0
13,392,7995021,0,-1,0,0,0
L,7997408,CALIBRATING,,,0
4,391,8005276,-34,-109,8224,0,0
37,391,8005316,-110,37,-10,16383,0
13,393,8015269,0,1,0,0,0
4,392,8025372,-44,-106,8222,0,0
37,392,8025413,-110,38,-10,16383,0
13,394,8035354,0,0,0,0,0
4,393,8045572,-42,-112,8228,0,0
37,393,8045613,-110,38,-10,16383,0
13,395,8055512,0,0,0,0,0
4,394,8065554,-42,-106,8228,0,0
37,394,8065594,-110,38,-10,16383,0
13,396,8075752,0,0,0,0,0
4,395,8085726,-35,-114,8223,0,0
37,395,8085767,-111,38,-10,16383,0
13,397,8095785,-1,0,1,0,0
L,8098201,VALID,0.006,0.002,1
4,396,8105830,-34,-101,8211,0,0
37,396,8105871,-110,38,-9,16383,0
13,398,8115733,0,0,0,0,0
4,397,8126043,-29,-120,8226,0,0
37,397,8126083,-111,37,-9,16383,0
13,399,8136027,-1,-1,0,0,0
4,398,8146121,-35,-104,8225,0,0
37,398,8146161,-110,37,-9,16383,0
13,400,8156101,1,0,1,0,0
4,399,8166241,-44,-108,8219,0,0
37,399,8166282,-110,38,-9,16383,0
13,401,8176206,0,0,0,0,0
4,400,8186336,-27,-108,8228,0,0
37,400,8186377,-110,37,-9,16383,0
13,402,8196351,-2,0,1,0,0
L,8198733,VALID,-0.001,-0.005,1
4,401,8206510,-35,-109,8219,0,0
37,401,8206550,-110,37,-9,16383,0
13,403,8216437,1,0,0,0,0
4,402,8226602,-35,-120,8215,0,0
37,402,8226642,-110,37,-9,16383,0
13,404,8236618,0,0,0,0,0
4,403,8246748,-42,-116,8217,0,0
37,403,8246788,-111,37,-9,16383,0
13,405,8256687,-2,0,0,0,0
4,404,8266860,-40,-112,8222,0,0
37,404,8266901,-111,37,-9,16383,0
13,406,8276815,-1,0,0,0,0
4,405,8287441,-37,-116,8223,0,0
37,405,8287482,-112,37,-9,16383,0
13,407,8297000,0,-1,0,0,0
L,8299395,VALID,0.013,-0.005,1
4,406,8307102,-33,-110,8231,0,0
37,406,8307143,-111,37,-9,16383,0
13,408,8317074,0,-1,0,0,0
4,407,8327246,-36,-109,8226,0,0
37,407,8327286,-111,37,-9,16383,0
13,409,8337176,1,0,2,0,0
4,408,8347400,-39,-112,8220,0,0
37,408,8347441,-111,37,-9,16383,0
13,410,8357288,0,0,1,0,0
4,409,8367502,-37,-112,8227,0,0
37,409,8367542,-111,37,-9,16383,0
13,411,8377340,0,1,0,0,0
4,410,8387579,-37,-108,8224,0,0
37,410,8387619,-111,37,-9,16383,0
13,412,8397511,0,0,0,0,0
L,8399796,VALID,0.006,-0.005,1
4,411,8407716,-44,-109,8226,0,0
37,411,8407756,-111,37,-9,16383,0
13,413,8417648,0,-1,0,0,0
4,412,8427771,-44,-114,8218,0,0
37,412,8427812,-111,38,-9,16383,0
13,414,8437787,-1,0,0,0,0
4,413,8447982,-40,-109,8233,0,0
37,413,8448023,-111,38,-9,16383,0
13,415,8457871,0,0,1,0,0
4,414,8467940,-37,-108,8224,0,0
37,414,8467980,-111,38,-9,16383,0
13,416,8478000,-1,0,0,0,0
4,415,8488139,-36,-118,8223,0,0
37,415,8488180,-111,38,-8,16383,0
13,417,8498087,0,0,0,0,0
L,8500397,VALID,0.006,0.002,1
4,416,8508363,-33,-111,8224,0,0
37,416,8508404,-111,37,-8,16383,0
13,418,8518232,2,1,0,0,0
4,417,8528467,-31,-115,8228,0,0
37,417,8528535,-111,37,-8,16383,0
13,419,8538412,1,0,0,0,0
4,418,8548437,-44,-109,8220,0,0
37,418,8548505,-111,37,-8,16383,0
13,420,8558654,-1,-1,1,0,0
4,419,8568751,-34,-120,8225,0,0
37,419,8568791,-112,37,-8,16383,0
13,421,8578680,1,0,0,0,0
4,420,8588757,-42,-112,8227,0,0
37,420,8588798,-111,38,-8,16383,0
13,422,8598818,0,1,0,0,0
L,8601129,VALID,0.006,0.002,1
4,421,8609009,-35,-101,8230,0,0
37,421,8609049,-111,38,-8,16383,0
13,423,8619008,0,1,0,0,0
4,422,8629076,-38,-113,8219,0,0
37,422,8629117,-111,38,-8,16383,0
13,424,8639051,0,0,-1,0,0
4,423,8649178,-38,-101,8227,0,0
37,423,8649219,-111,38,-9,16383,0
13,425,8659074,0,1,0,0,0
4,424,8669341,-54,-109,8227,0,0
37,424,8669381,-111,38,-9,16383,0
13,426,8679316,1,1,-1,0,0
4,425,8689549,-33,-116,8223,0,0
37,425,8689589,-111,38,-9,16383,0
13,427,8699445,0,0,0,0,0
L,8701739,VALID,0.006,0.002,1
4,426,8709574,-37,-107,8214,0,0
37,426,8709614,-111,38,-9,16383,0
13,428,8719626,0,0,0,0,0
4,427,8729780,-43,-115,8224,0,0
37,427,8729821,-111,38,-9,16383,0
13,429,8739720,0,1,0,0,0
4,428,8749728,-40,-114,8226,0,0
37,428,8749768,-111,38,-8,16383,0
13,430,8759848,-1,0,1,0,0
4,429,8770170,-40,-111,8215,0,0
37,429,8770210,-111,38,-9,16383,0
13,431,8779987,0,-2,-1,0,0
4,430,8790064,-38,-107,8229,0,0
37,430,8790131,-111,38,-8,16383,0
13,432,8800149,0,1,0,0,0
L,8802444,VALID,0.006,0.002,1
4,431,8810160,-41,-106,8230,0,0
37,431,8810200,-111,38,-9,16383,0
13,433,8820261,0,1,-1,0,0
4,432,8830373,-42,-110,8223,0,0
37,432,8830414,-111,39,-9,16383,0
13,434,8840313,0,0,0,0,0
4,433,8850590,-29,-119,8231,0,0
37,433,8850630,-111,38,-9,16383,0
13,435,8860478,-1,1,0,0,0
4,434,8870530,-25,-106,8224,0,0
37,434,8870570,-111,38,-9,16383,0
13,436,8880501,0,0,-1,0,0
4,435,8890744,-44,-107,8219,0,0
37,435,8890784,-111,38,-9,16383,0
13,437,8900708,0,1,0,0,0
L,8903028,VALID,0.006,0.002,1
4,436,8910787,-37,-115,8225,0,0
37,436,8910827,-111,38,-9,16383,0
13,438,8920881,0,0,0,0,0
4,437,8931020,-34,-102,8217,0,0
37,437,8931061,-111,38,-9,16383,0
13,439,8940992,0,2,0,0,0
4,438,8951068,-25,-113,8225,0,0
37,438,8951108,-111,38,-9,16383,0
13,440,8961008,0,0,0,0,0
4,439,8971328,-33,-112,8222,0,0
37,439,8971368,-111,38,-9,16383,0
13,441,8981165,0,2,0,0,0
4,440,8991257,-33,-111,8220,0,0
37,440,8991297,-111,38,-9,16383,0
13,442,9001353,0,0,0,0,0
L,9003647,VALID,0.006,0.002,1
4,441,9011561,-37,-110,8225,0,0
37,441,9011602,-110,37,-9,16383,0
13,443,9021478,1,-1,0,0,0
4,442,9031584,-36,-112,8224,0,0
37,442,9031624,-110,37,-9,16383,0
13,444,9041601,1,0,0,0,0
4,443,9051724,-42,-113,8227,0,0
37,443,9051764,-111,38,-9,16383,0
13,445,9061698,-1,1,0,0,0
4,444,9071860,-37,-119,8224,0,0
37,444,9071900,-111,38,-9,16383,0
13,446,9081885,0,-1,-1,0,0
4,445,9092034,-38,-107,8230,0,0
37,445,9092074,-111,38,-9,16383,0
13,447,9101972,0,1,0,0,0
L,9104292,VALID,0.006,0.002,1
4,446,9112041,-36,-109,8216,0,0
37,446,9112081,-111,38,-9,16383,0
13,448,9122066,0,2,2,0,0
4,447,9132194,-46,-113,8229,0,0
37,447,9132235,-111,38,-9,16383,0
13,449,9142237,0,0,-1,0,0
4,448,9152324,-40,-100,8225,0,0
37,448,9152364,-110,39,-9,16383,0
13,450,9162341,1,1,0,0,0
4,449,9172627,-34,-112,8221,0,0
37,449,9172668,-110,38,-9,16383,0
13,451,9182567,0,0,0,0,0
4,450,9192659,-43,-120,8223,0,0
37,450,9192700,-111,39,-9,16383,0
13,452,9202650,0,2,0,0,0
L,9204971,VALID,0.006,0.009,1
4,451,9212790,-36,-110,8229,0,0
37,451,9212830,-111,38,-9,16383,0
13,453,9222806,1,-2,0,0,0
4,452,9232919,-29,-117,8226,0,0
37,452,9232959,-111,38,-9,16383,0
13,454,9242927,0,0,1,0,0
4,453,9253081,-32,-119,8229,0,0
37,453,9253121,-111,38,-9,16383,0
13,455,9263021,0,-1,-1,0,0
4,454,9273157,-33,-114,8227,0,0
37,454,9273198,-112,37,-9,16383,0
13,456,9283045,-1,0,0,0,0
4,455,9293258,-43,-112,8221,0,0
37,455,9293325,-112,37,-9,16383,0
13,457,9303288,1,-1,0,0,0
L,9305685,VALID,0.013,-0.005,1
4,456,9313307,-35,-114,8220,0,0
37,456,9313347,-112,37,-9,16383,0
13,458,9323440,1,-1,0,0,0
4,457,9333554,-28,-102,8223,0,0
37,457,9333595,-111,37,-9,16383,0
13,459,9343563,0,0,0,0,0
4,458,9353546,-37,-109,8236,0,0
37,458,9353586,-111,37,-9,16383,0
13,460,9363596,0,0,0,0,0
4,459,9373768,-36,-115,8215,0,0
37,459,9373809,-111,37,-9,16383,0
13,461,9383829,0,1,0,0,0
4,460,9393873,-31,-108,8217,0,0
37,460,9393914,-111,36,-9,16383,0
13,462,9403871,0,0,0,0,0
L,9406191,VALID,0.006,-0.012,1
4,461,9414131,-42,-109,8227,0,0
37,461,9414172,-111,37,-9,16383,0
13,463,9424036,0,0,0,0,0
4,462,9434087,-36,-125,8223,0,0
37,462,9434128,-111,37,-9,16383,0
13,464,9444138,1,0,0,0,0
4,463,9454161,-36,-108,8220,0,0
37,463,9454202,-111,37,-9,16383,0
13,465,9464256,0,1,0,0,0
4,464,9474284,-38,-113,8217,0,0
37,464,9474324,-111,37,-9,16383,0
13,466,9484326,0,2,1,0,0
4,465,9494506,-45,-111,8223,0,0
37,465,9494547,-111,37,-9,16383,0
13,467,9504352,0,0,1,0,0
L,9506644,VALID,0.006,-0.005,1
4,466,9514551,-47,-115,8223,0,0
37,466,9514591,-112,38,-9,16383,0
13,468,9524609,0,0,0,0,0
4,467,9534782,-38,-124,8222,0,0
37,467,9534822,-112,38,-9,16383,0
13,469,9544626,0,0,0,0,0
4,468,9554807,-39,-113,8220,0,0
37,468,9554848,-112,38,-9,16383,0
13,470,9564843,0,0,0,0,0
4,469,9574970,-42,-119,8231,0,0
37,469,9575011,-112,38,-9,16383,0
13,471,9585092,0,0,-1,0,0
4,470,9595067,-38,-106,8227,0,0
37,470,9595107,-112,38,-9,16383,0
13,472,9605125,0,1,0,0,0
L,9607445,VALID,0.013,0.002,1
4,471,9615204,-42,-107,8221,0,0
37,471,9615245,-112,38,-9,16383,0
13,473,9625082,0,-3,-1,0,0
4,472,9635246,-41,-121,8222,0,0
37,472,9635287,-112,38,-9,16383,0
13,474,9645348,0,1,0,0,0
4,473,9655520,-36,-114,8222,0,0
37,473,9655587,-112,38,-9,16383,0
13,475,9665381,0,-1,0,0,0
4,474,9675511,-40,-107,8219,0,0
37,474,9675579,-112,38,-9,16383,0
13,476,9685564,-1,0,-1,0,0
4,475,9695728,-37,-107,8217,0,0
37,475,9695769,-111,38,-9,16383,0
13,477,9705700,1,0,0,0,0
L,9708038,VALID,0.006,0.002,1
4,476,9715813,-35,-115,8218,0,0
37,476,9715854,-111,38,-9,16383,0
13,478,9725751,0,-2,0,0,0
4,477,9736054,-34,-108,8226,0,0
37,477,9736095,-111,37,-9,16383,0
13,479,9745943,0,0,0,0,0
4,478,9756020,-29,-112,8221,0,0
37,478,9756060,-111,37,-9,16383,0
13,480,9766036,0,0,0,0,0
4,479,9776225,-37,-112,8224,0,0
37,479,9776265,-111,37,-9,16383,0
13,481,9786183,-1,0,0,0,0
4,480,9796293,-35,-114,8221,0,0
37,480,9796361,-111,37,-9,16383,0
13,482,9806381,0,-2,1,0,0
L,9808796,VALID,0.006,-0.005,1
4,481,9816536,-35,-114,8224,0,0
37,481,9816577,-112,36,-9,16383,0
13,483,9826458,0,1,0,0,0
4,482,9836567,-34,-113,8225,0,0
37,482,9836608,-112,36,-9,16383,0
13,484,9846592,-2,1,0,0,0
4,483,9856810,-39,-116,8218,0,0
37,483,9856851,-112,37,-9,16383,0
13,485,9866672,-1,1,0,0,0
4,484,9876802,-40,-108,8219,0,0
37,484,9876842,-112,37,-9,16383,0
13,486,9886741,-1,0,-2,0,0
4,485,9897075,-45,-114,8231,0,0
37,485,9897116,-112,37,-9,16383,0
13,487,9906930,0,0,0,0,0
L,9909249,VALID,0.013,-0.005,1
4,486,9917016,-38,-115,8233,0,0
37,486,9917056,-112,37,-10,16383,0
13,488,9927067,0,-2,-2,0,0
4,487,9937232,-44,-116,8230,0,0
37,487,9937273,-113,37,-10,16383,0
13,489,9947207,-1,0,0,0,0
4,488,9957316,-32,-112,8214,0,0
37,488,9957356,-113,37,-10,16383,0
13,490,9967342,-1,0,0,0,0
4,489,9977447,-46,-114,8222,0,0
37,489,9977487,-113,37,-10,16383,0
13,491,9987420,0,0,1,0,0
4,490,9997506,-46,-116,8224,0,0
37,490,9997546,-113,38,-10,16383,0
13,492,10007470,0,0,0,0,0
L,10009877,VALID,0.020,0.002,1
4,491,10017799,-39,-103,8228,0,0
37,491,10017839,-113,38,-10,16383,0
13,493,10027617,-1,0,-1,0,0
4,492,10037736,-42,-117,8218,0,0
37,492,10037777,-113,38,-10,16383,0
13,494,10047789,0,-1,0,0,0
4,493,10057954,-34,-116,8217,0,0
37,493,10057994,-113,38,-10,16383,0
13,495,10068024,0,0,0,0,0
4,494,10078089,-40,-108,8224,0,0
37,494,10078129,-113,38,-10,16383,0
13,496,10088031,-2,0,0,0,0
4,495,10098175,-36,-110,8230,0,0
37,495,10098216,-113,38,-10,16383,0
13,497,10108238,0,0,-1,0,0
L,10110738,VALID,0.020,0.002,1
4,496,10118308,-31,-109,8229,0,0
37,496,10118348,-112,37,-10,16383,0
13,498,10128402,0,0,0,0,0
4,497,10138584,-39,-116,8225,0,0
37,497,10138625,-113,37,-10,16383,0
13,499,10148444,0,0,0,0,0
4,498,10158544,-40,-111,8223,0,0
37,498,10158584,-113,37,-10,16383,0
13,500,10168485,0,0,1,0,0
4,499,10178777,-42,-112,8222,0,0
37,499,10178818,-113,38,-10,16383,0
13,501,10188711,0,1,-1,0,0
4,500,10198874,-34,-112,8221,0,0
37,500,10198914,-112,38,-10,16383,0
13,502,10208838,1,1,0,0,0
L,10211262,VALID,0.013,0.002,1
4,501,10219021,-41,-104,8232,0,0
37,501,10219061,-112,38,-10,16383,0
13,503,10229063,0,1,-1,0,0
4,502,10239114,-38,-123,8229,0,0
37,502,10239155,-113,38,-10,16383,0
13,504,10249140,-1,0,0,0,0
4,503,10259190,-31,-113,8220,0,0
37,503,10259230,-113,38,-10,16383,0
13,505,10269260,0,0,1,0,0
4,504,10279449,-35,-113,8220,0,0
37,504,10279489,-113,37,-10,16383,0
13,506,10289389,0,0,0,0,0
4,505,10299553,-42,-123,8217,0,0
37,505,10299594,-113,38,-10,16383,0
13,507,10309554,0,1,0,0,0
L,10311958,VALID,0.020,0.002,1
4,506,10319528,-33,-108,8220,0,0
37,506,10319568,-113,37,-10,16383,0
13,508,10329663,1,-1,-2,0,0
4,507,10339821,-36,-101,8230,0,0
37,507,10339862,-112,37,-10,16383,0
13,509,10349750,0,0,0,0,0
4,508,10359861,-41,-101,8216,0,0
37,508,10359901,-112,37,-10,16383,0
13,510,10369897,0,0,0,0,0
4,509,10380034,-35,-117,8219,0,0
37,509,10380075,-112,37,-10,16383,0
13,511,10389902,0,0,0,0,0
4,510,10400102,-42,-114,8226,0,0
37,510,10400142,-112,38,-10,16383,0
13,512,10410119,0,-1,0,0,0
L,10412620,VALID,0.013,0.002,1
4,511,10420249,-32,-109,8216,0,0
37,511,10420289,-112,37,-10,16383,0
13,513,10430328,0,1,0,0,0
4,512,10440369,-33,-108,8229,0,0
37,512,10440409,-112,37,-10,16383,0
13,514,10450448,1,1,0,0,0
4,513,10460637,-39,-110,8224,0,0
37,513,10460677,-111,37,-10,16383,0
13,515,10470446,0,0,0,0,0
4,514,10480712,-40,-114,8211,0,0
37,514,10480753,-111,38,-10,16383,0
13,516,10490628,0,1,0,0,0
4,515,10500773,-36,-108,8221,0,0
37,515,10500813,-111,38,-10,16383,0
13,517,10510791,0,0,0,0,0
L,10513205,VALID,0.006,0.002,1
4,516,10520963,-37,-106,8225,0,0
37,516,10521003,-111,38,-10,16383,0
13,518,10530961,0,1,-1,0,0
4,517,10541186,-38,-118,8222,0,0
37,517,10541226,-111,38,-10,16383,0
13,519,10551092,2,0,0,0,0
4,518,10561177,-38,-113,8230,0,0
37,518,10561218,-111,38,-10,16383,0
13,520,10571195,0,1,-2,0,0
4,519,10581401,-35,-111,8220,0,0
37,519,10581442,-111,38,-11,16383,0
13,521,10591366,0,0,-1,0,0
4,520,10601436,-47,-117,8222,0,0
37,520,10601477,-111,38,-11,16383,0
13,522,10611453,0,1,0,0,0
L,10613849,VALID,0.006,0.002,1
4,521,10621591,-43,-116,8225,0,0
37,521,10621632,-112,39,-11,16383,0
13,523,10631511,0,0,0,0,0
4,522,10641665,-24,-114,8218,0,0
37,522,10641706,-112,38,-11,16383,0
13,524,10651709,0,0,-2,0,0
4,523,10661846,-42,-113,8233,0,0
37,523,10661887,-112,38,-11,16383,0
13,525,10671795,0,0,0,0,0
4,524,10681957,-37,-111,8220,0,0
37,524,10681998,-112,38,-11,16383,0
13,526,10691996,-1,0,-2,0,0
4,525,10702166,-33,-113,8219,0,0
37,525,10702207,-112,38,-11,16383,0
13,527,10712020,0,0,0,0,0
L,10714398,VALID,0.013,0.002,1
4,526,10722182,-36,-110,8219,0,0
37,526,10722223,-112,38,-11,16383,0
13,528,10732278,-1,0,0,0,0
4,527,10742328,-36,-104,8216,0,0
37,527,10742369,-111,38,-11,16383,0
13,529,10752356,0,0,0,0,0
4,528,10762380,-45,-115,8211,0,0
37,528,10762421,-112,38,-11,16383,0
13,530,10772385,0,-2,0,0,0
4,529,10782670,-39,-110,8224,0,0
37,529,10782711,-112,38,-11,16383,0
13,531,10792475,0,0,0,0,0
4,530,10802661,-34,-104,8229,0,0
37,530,10802702,-111,38,-11,16383,0
13,532,10812725,1,0,0,0,0
L,10815121,VALID,0.006,0.002,1
4,531,10822795,-24,-107,8223,0,0
37,531,10822835,-111,37,-11,16383,0
13,533,10832878,0,-1,0,0,0
4,532,10842956,-35,-114,8221,0,0
37,532,10842997,-111,37,-11,16383,0
13,534,10853017,-1,1,0,0,0
4,533,10863120,-39,-114,8222,0,0
37,533,10863161,-111,37,-11,16383,0
13,535,10873077,0,0,0,0,0
4,534,10883171,-37,-115,8226,0,0
37,534,10883211,-111,37,-11,16383,0
13,536,10893326,1,-1,-1,0,0
4,535,10903421,-37,-110,8228,0,0
37,535,10903462,-111,37,-11,16383,0
13,537,10913360,0,0,1,0,0
L,10915783,VALID,0.006,-0.005,1
4,536,10923489,-41,-114,8222,0,0
37,536,10923529,-112,37,-11,16383,0
13,538,10933551,0,0,0,0,0
4,537,10943689,-30,-119,8227,0,0
37,537,10943729,-112,37,-11,16383,0
13,539,10953680,0,0,0,0,0
4,538,10963703,-43,-112,8222,0,0
37,538,10963743,-112,37,-11,16383,0
13,540,10973798,0,0,0,0,0
4,539,10983910,-40,-114,8226,0,0
37,539,10983950,-112,37,-11,16383,0
13,541,10993895,0,0,0,0,0
4,540,11003936,-40,-112,8223,0,0
37,540,11003976,-112,38,-11,16383,0
13,542,11013919,-1,1,0,0,0
L,11016419,VALID,0.013,0.002,1
4,541,11024212,-36,-121,8227,0,0
37,541,11024252,-112,38,-11,16383,0
13,543,11034117,0,1,0,0,0
4,542,11044252,-44,-115,8224,0,0
37,542,11044292,-112,38,-11,16383,0
13,544,11054193,0,0,0,0,0
4,543,11064400,-34,-111,8231,0,0
37,543,11064440,-112,38,-11,16383,0
13,545,11074428,1,0,0,0,0
4,544,11084400,-36,-114,8225,0,0
37,544,11084441,-112,38,-11,16383,0
13,546,11094632,0,0,0,0,0
4,545,11104685,-37,-111,8226,0,0
37,545,11104725,-112,38,-11,16383,0
13,547,11114677,0,-1,0,0,0
L,11117177,VALID,0.013,0.002,1
4,546,11124703,-40,-105,8225,0,0
37,546,11124743,-112,38,-11,16383,0
13,548,11134675,0,1,0,0,0
4,547,11144915,-39,-117,8233,0,0
37,547,11144955,-112,38,-11,16383,0
13,549,11154924,-1,0,0,0,0
4,548,11165060,-38,-114,8226,0,0
37,548,11165101,-112,38,-11,16383,0
13,550,11174959,0,0,0,0,0
4,549,11185252,-39,-112,8217,0,0
37,549,11185293,-112,38,-11,16383,0
13,551,11195141,-1,-2,0,0,0
4,550,11205252,-31,-108,8224,0,0
37,550,11205293,-112,38,-11,16383,0
13,552,11215268,0,1,1,0,0
L,11217700,VALID,0.013,0.002,1
4,551,11225442,-31,-118,8223,0,0
37,551,11225482,-113,37,-11,16383,0
13,553,11235329,0,1,0,0,0
4,552,11245543,-39,-119,8227,0,0
37,552,11245583,-113,38,-11,16383,0
13,554,11255536,0,-1,0,0,0
4,553,11265707,-43,-117,8214,0,0
37,553,11265747,-113,38,-11,16383,0
13,555,11275638,0,0,0,0,0
4,554,11285808,-38,-122,8221,0,0
37,554,11285848,-114,38,-11,16383,0
13,556,11295724,0,-1,0,0,0
4,555,11305974,-31,-109,8219,0,0
37,555,11306014,-113,37,-11,16383,0
13,557,11315904,0,0,0,0,0
L,11318327,VALID,0.020,-0.005,1
4,556,11326010,-38,-112,8215,0,0
37,556,11326051,-113,37,-11,16383,0
13,558,11336052,-1,0,1,0,0
4,557,11346257,-41,-106,8230,0,0
37,557,11346298,-113,38,-11,16383,0
13,559,11356136,0,-2,0,0,0
4,558,11366352,-35,-113,8225,0,0
37,558,11366392,-113,37,-11,16383,0
13,560,11376250,-2,0,0,0,0
4,559,11386394,-38,-108,8226,0,0
37,559,11386434,-113,38,-11,16383,0
13,561,11396334,0,2,0,0,0
4,560,11406548,-41,-111,8218,0,0
37,560,11406588,-113,38,-11,16383,0
13,562,11416514,-1,0,0,0,0
L,11418989,VALID,0.020,0.002,1
4,561,11426757,-41,-113,8221,0,0
37,561,11426798,-113,38,-11,16383,0
13,563,11436600,1,0,0,0,0
4,562,11446755,-35,-108,8229,0,0
37,562,11446796,-113,38,-11,16383,0
13,564,11456746,0,0,0,0,0
4,563,11466944,-33,-111,8224,0,0
37,563,11466984,-113,38,-11,16383,0
13,565,11476918,0,2,0,0,0
4,564,11486977,-39,-120,8227,0,0
37,564,11487017,-113,38,-11,16383,0
13,566,11497005,0,0,0,0,0
4,565,11507245,-33,-122,8228,0,0
37,565,11507285,-114,38,-11,16383,0
13,567,11517083,0,-1,-1,0,0
L,11519651,VALID,0.027,0.002,1
4,566,11527366,-40,-112,8223,0,0
37,566,11527406,-113,38,-11,16383,0
13,568,11537296,0,0,2,0,0
4,567,11547441,-34,-103,8221,0,0
37,567,11547481,-113,38,-11,16383,0
13,569,11557416,0,1,0,0,0
4,568,11567474,-42,-116,8230,0,0
37,568,11567543,-113,38,-11,16383,0
13,570,11577668,0,0,-1,0,0
4,569,11587830,-44,-114,8221,0,0
37,569,11587870,-113,38,-11,16383,0
13,571,11597710,-1,0,-1,0,0
4,570,11607804,-35,-112,8221,0,0
37,570,11607844,-113,38,-11,16383,0
13,572,11617865,0,1,-1,0,0
L,11620365,VALID,0.020,0.002,1
4,571,11628021,-40,-113,8221,0,0
37,571,11628062,-113,38,-11,16383,0
13,573,11638013,0,1,0,0,0
4,572,11648074,-27,-113,8219,0,0
37,572,11648115,-113,38,-11,16383,0
13,574,11658087,1,-1,0,0,0
4,573,11668224,-22,-106,8225,0,0
37,573,11668265,-113,37,-11,16383,0
13,575,11678078,-1,0,-1,0,0
4,574,11688326,-34,-114,8231,0,0
37,574,11688367,-113,37,-11,16383,0
13,576,11698303,0,1,0,0,0
4,575,11708491,-36,-114,8223,0,0
37,575,11708531,-113,37,-11,16383,0
13,577,11718388,1,-1,0,0,0
L,11720871,VALID,0.020,-0.005,1
4,576,11728501,-43,-113,8226,0,0
37,576,11728541,-113,37,-11,16383,0
13,578,11738647,0,-1,-1,0,0
4,577,11748760,-34,-105,8218,0,0
37,577,11748800,-113,37,-12,16383,0
13,579,11758663,0,0,1,0,0
4,578,11768696,-37,-100,8220,0,0
37,578,11768736,-112,37,-11,16383,0
13,580,11778792,0,-1,-1,0,0
4,579,11789014,-34,-112,8217,0,0
37,579,11789055,-112,37,-12,16383,0
13,581,11798938,0,0,0,0,0
4,580,11809005,-32,-112,8227,0,0
37,580,11809073,-112,37,-12,16383,0
13,582,11819085,0,-1,-1,0,0
L,11821646,VALID,0.013,-0.005,1
4,581,11829191,-34,-107,8226,0,0
37,581,11829232,-112,37,-12,16383,0
13,583,11839212,0,1,0,0,0
4,582,11849324,-28,-110,8217,0,0
37,582,11849364,-112,36,-12,16383,0
13,584,11859298,-1,1,0,0,0
4,583,11869427,-34,-112,8214,0,0
37,583,11869468,-112,36,-12,16383,0
13,585,11879393,-1,1,0,0,0
4,584,11889496,-39,-116,8232,0,0
37,584,11889536,-112,36,-12,16383,0
13,586,11899436,1,-3,0,0,0
4,585,11909708,-40,-110,8225,0,0
37,585,11909749,-112,37,-12,16383,0
13,587,11919660,0,2,-1,0,0
L,11922178,VALID,0.013,-0.005,1
4,586,11929729,-40,-105,8224,0,0
37,586,11929769,-112,37,-12,16383,0
13,588,11939814,-1,0,0,0,0
4,587,11949902,-33,-110,8215,0,0
37,587,11949942,-112,36,-12,16383,0
13,589,11959918,0,0,0,0,0
4,588,11969985,-36,-110,8223,0,0
37,588,11970025,-111,36,-12,16383,0
13,590,11979916,1,2,0,0,0
4,589,11990260,-38,-109,8223,0,0
37,589,11990300,-111,37,-12,16383,0
13,591,12000065,0,0,0,0,0
4,590,12010216,-36,-116,8226,0,0
37,590,12010256,-111,37,-12,16383,0
13,592,12020235,1,1,0,0,0
L,12022660,VALID,0.006,-0.005,1
4,591,12030424,-40,-113,8222,0,0
37,591,12030464,-111,37,-12,16383,0
13,593,12040389,0,0,0,0,0
4,592,12050474,-36,-112,8222,0,0
37,592,12050515,-111,37,-12,16383,0
13,594,12060501,0,0,0,0,0
4,593,12070682,-34,-106,8217,0,0
37,593,12070722,-111,37,-12,16383,0
13,595,12080570,0,0,0,0,0
4,594,12090758,-39,-116,8220,0,0
37,594,12090798,-111,37,-12,16383,0
13,596,12100776,0,0,-3,0,0
4,595,12110862,-32,-117,8227,0,0
37,595,12110902,-112,37,-12,16383,0
13,597,12120853,0,-1,0,0,0
L,12123346,VALID,0.013,-0.005,1
4,596,12130924,-37,-106,8224,0,0
37,596,12130964,-111,37,-12,16383,0
13,598,12140921,0,1,0,0,0
4,597,12151170,-34,-112,8224,0,0
37,597,12151211,-111,37,-12,16383,0
13,599,12161127,0,0,1,0,0
4,598,12171178,-38,-127,8231,0,0
37,598,12171218,-112,36,-12,16383,0
13,600,12181204,-1,-1,0,0,0
4,599,12191414,-31,-104,8214,0,0
37,599,12191455,-112,36,-12,16383,0
13,601,12201379,-1,0,-1,0,0
4,600,12211508,-34,-112,8220,0,0
37,600,12211548,-112,36,-12,16383,0
13,602,12221422,0,-1,0,0,0
L,12223903,VALID,0.013,-0.012,1
4,601,12231619,-30,-109,8218,0,0
37,601,12231660,-112,35,-12,16383,0
13,603,12241671,0,0,-1,0,0
4,602,12251713,-38,-110,8216,0,0
37,602,12251753,-111,36,-12,16383,0
13,604,12261687,2,1,0,0,0
4,603,12271848,-35,-103,8224,0,0
37,603,12271888,-111,36,-12,16383,0
13,605,12281737,0,0,1,0,0
4,604,12291927,-40,-110,8223,0,0
37,604,12291968,-111,36,-12,16383,0
13,606,12301814,1,0,0,0,0
4,605,12312090,-31,-114,8219,0,0
37,605,12312130,-111,36,-12,16383,0
13,607,12321995,0,1,-1,0,0
L,12324522,VALID,0.006,-0.012,1
4,606,12332102,-37,-117,8227,0,0
37,606,12332142,-111,36,-12,16383,0
13,608,12342191,0,0,0,0,0
4,607,12352277,-36,-110,8212,0,0
37,607,12352317,-111,36,-12,16383,0
13,609,12362305,0,2,0,0,0
4,608,12372304,-34,-117,8224,0,0
37,608,12372344,-111,36,-12,16383,0
13,610,12382313,0,0,0,0,0
4,609,12392509,-35,-113,8232,0,0
37,609,12392550,-111,36,-12,16383,0
13,611,12402539,0,0,0,0,0
4,610,12412603,-37,-116,8223,0,0
37,610,12412643,-112,36,-12,16383,0
13,612,12422613,0,-3,0,0,0
L,12425123,VALID,0.013,-0.012,1
4,611,12432787,-30,-111,8230,0,0
37,611,12432828,-112,36,-12,16383,0
13,613,12442716,0,1,0,0,0
4,612,12452803,-33,-118,8221,0,0
37,612,12452843,-112,35,-12,16383,0
13,614,12462871,0,-1,0,0,0
4,613,12472990,-35,-109,8215,0,0
37,613,12473031,-112,36,-12,16383,0
13,615,12482991,0,1,0,0,0
4,614,12493043,-34,-117,8224,0,0
37,614,12493083,-112,36,-12,16383,0
13,616,12503095,0,-1,0,0,0
4,615,12513172,-44,-112,8224,0,0
37,615,12513212,-112,36,-12,16383,0
13,617,12523103,0,-1,0,0,0
L,12525613,VALID,0.013,-0.012,1
4,616,12533335,-36,-111,8217,0,0
37,616,12533375,-112,36,-12,16383,0
13,618,12543334,0,0,0,0,0
4,617,12553576,-31,-109,8224,0,0
37,617,12553616,-112,35,-12,16383,0
13,619,12563412,0,2,0,0,0
4,618,12573524,-34,-97,8214,0,0
37,618,12573565,-111,35,-12,16383,0
13,620,12583584,0,1,0,0,0
4,619,12593651,-41,-110,8219,0,0
37,619,12593692,-111,36,-12,16383,0
13,621,12603791,1,0,0,0,0
4,620,12613755,-47,-108,8218,0,0
37,620,12613796,-111,36,-12,16383,0
13,622,12623868,0,0,1,0,0
L,12626247,VALID,0.006,-0.012,1
4,621,12633947,-44,-113,8222,0,0
37,621,12633987,-111,36,-12,16383,0
13,623,12643824,-1,0,1,0,0
4,622,12653996,-32,-115,8227,0,0
37,622,12654037,-111,36,-12,16383,0
13,624,12664065,0,1,0,0,0
4,623,12674201,-35,-114,8224,0,0
37,623,12674241,-111,36,-12,16383,0
13,625,12684133,0,-2,0,0,0
4,624,12694280,-36,-116,8230,0,0
37,624,12694321,-112,36,-12,16383,0
13,626,12704297,-2,0,0,0,0
4,625,12714487,-31,-110,8224,0,0
37,625,12714527,-112,36,-12,16383,0
13,627,12724426,0,0,0,0,0
L,12726823,VALID,0.013,-0.012,1
4,626,12734546,-33,-108,8223,0,0
37,626,12734587,-112,35,-12,16383,0
13,628,12744486,0,0,0,0,0
4,627,12754727,-33,-112,8222,0,0
37,627,12754767,-112,35,-11,16383,0
13,629,12764710,0,1,0,0,0
4,628,12774735,-33,-106,8225,0,0
37,628,12774776,-112,35,-11,16383,0
13,630,12784761,0,0,0,0,0
4,629,12795042,-40,-116,8233,0,0
37,629,12795083,-112,35,-11,16383,0
13,631,12804864,0,0,0,0,0
4,630,12814991,-33,-108,8223,0,0
37,630,12815031,-112,35,-11,16383,0
13,632,12825080,0,0,-2,0,0
L,12827589,VALID,0.013,-0.019,1
4,631,12835168,-35,-112,8226,0,0
37,631,12835209,-112,36,-12,16383,0
13,633,12845175,-1,0,-2,0,0
4,632,12855259,-45,-112,8219,0,0
37,632,12855300,-112,36,-12,16383,0
13,634,12865276,0,2,1,0,0
4,633,12875553,-34,-112,8224,0,0
37,633,12875593,-112,36,-12,16383,0
13,635,12885373,0,0,-1,0,0
4,634,12895457,-31,-107,8226,0,0
37,634,12895497,-112,36,-12,16383,0
13,636,12905422,-1,0,1,0,0
4,635,12915705,-40,-112,8225,0,0
37,635,12915746,-112,36,-12,16383,0
13,637,12925569,0,-1,0,0,0
L,12928043,VALID,0.013,-0.012,1
4,636,12935705,-49,-106,8230,0,0
37,636,12935746,-112,36,-12,16383,0
13,638,12945722,-1,0,-2,0,0
4,637,12955956,-46,-112,8228,0,0
37,637,12955996,-112,37,-12,16383,0
13,639,12965880,0,1,0,0,0
4,638,12975971,-41,-112,8218,0,0
37,638,12976012,-112,37,-12,16383,0
13,640,12986014,-1,1,0,0,0
4,639,12996102,-36,-103,8225,0,0
37,639,12996142,-112,37,-12,16383,0
13,641,13006084,-1,0,-1,0,0
4,640,13016239,-37,-116,8222,0,0
37,640,13016279,-112,37,-12,16383,0
13,642,13026170,-1,-1,0,0,0
L,13028774,VALID,0.013,-0.005,1
4,641,13036541,-42,-113,8230,0,0
37,641,13036582,-112,38,-12,16383,0
13,643,13046368,0,0,-1,0,0
4,642,13056459,-44,-106,8220,0,0
37,642,13056499,-112,38,-12,16383,0
13,644,13066436,-1,2,1,0,0
4,643,13076617,-38,-110,8236,0,0
37,643,13076657,-112,38,-12,16383,0
13,645,13086721,-2,1,0,0,0
4,644,13096797,-30,-112,8224,0,0
37,644,13096837,-112,38,-12,16383,0
13,646,13106789,0,-2,0,0,0
4,645,13116969,-44,-106,8230,0,0
37,645,13117010,-112,38,-12,16383,0
13,647,13126911,0,0,0,0,0
L,13129288,VALID,0.013,0.002,1
4,646,13137065,-38,-117,8215,0,0
37,646,13137105,-112,38,-12,16383,0
13,648,13147125,0,0,1,0,0
4,647,13157191,-36,-109,8229,0,0
37,647,13157231,-112,38,-12,16383,0
13,649,13167201,-1,-1,0,0,0
4,648,13177252,-40,-116,8221,0,0
37,648,13177293,-112,38,-12,16383,0
13,650,13187200,-1,-1,0,0,0
4,649,13197580,-36,-117,8229,0,0
37,649,13197620,-113,38,-12,16383,0
13,651,13207365,0,1,0,0,0
4,650,13217595,-40,-119,8226,0,0
37,650,13217636,-113,38,-12,16383,0
13,652,13227562,0,0,-1,0,0
L,13230046,VALID,0.020,0.002,1
4,651,13237718,-39,-108,8225,0,0
37,651,13237758,-113,38,-12,16383,0
13,653,13247762,0,0,0,0,0
4,652,13257838,-37,-121,8226,0,0
37,652,13257879,-113,38,-12,16383,0
13,654,13267812,0,0,0,0,0
4,653,13277950,-41,-124,8216,0,0
37,653,13277990,-113,38,-12,16383,0
13,655,13287966,-1,0,-1,0,0
4,654,13298147,-37,-110,8224,0,0
37,654,13298188,-113,38,-12,16383,0
13,656,13308087,0,0,0,0,0
4,655,13318197,-42,-116,8229,0,0
37,655,13318265,-114,38,-12,16383,0
13,657,13328251,-1,0,-1,0,0
L,13330847,VALID,0.027,0.002,1
4,656,13338253,-37,-112,8225,0,0
37,656,13338294,-113,38,-12,16383,0
13,658,13348388,0,1,0,0,0
4,657,13358559,-31,-108,8223,0,0
37,657,13358599,-113,38,-12,16383,0
13,659,13368466,-2,0,1,0,0
4,658,13378593,-42,-115,8219,0,0
37,658,13378634,-113,38,-12,16383,0
13,660,13388568,-1,1,0,0,0
4,659,13398723,-33,-103,8222,0,0
37,659,13398764,-113,38,-12,16383,0
13,661,13408586,0,0,1,0,0
4,660,13418747,-39,-115,8220,0,0
37,660,13418788,-113,38,-12,16383,0
13,662,13428842,0,1,0,0,0
L,13431266,VALID,0.020,0.002,1
4,661,13438999,-43,-113,8229,0,0
37,661,13439039,-113,38,-12,16383,0
13,663,13448946,0,0,-2,0,0
4,662,13459049,-40,-101,8219,0,0
37,662,13459090,-113,38,-12,16383,0
13,664,13469094,0,0,-1,0,0
4,663,13479187,-39,-107,8220,0,0
37,663,13479227,-112,38,-12,16383,0
13,665,13489117,0,-1,0,0,0
4,664,13499367,-33,-118,8228,0,0
37,664,13499408,-112,38,-12,16383,0
13,666,13509247,0,-1,0,0,0
4,665,13519487,-47,-117,8224,0,0
37,665,13519527,-113,38,-12,16383,0
13,667,13529450,0,-1,0,0,0
L,13531937,VALID,0.020,0.002,1
4,666,13539565,-45,-113,8228,0,0
37,666,13539606,-113,39,-12,16383,0
13,668,13549565,1,1,1,0,0
4,667,13559700,-36,-107,8223,0,0
37,667,13559741,-112,39,-12,16383,0
13,669,13569675,0,0,0,0,0
4,668,13579771,-40,-112,8222,0,0
37,668,13579811,-112,39,-12,16383,0
13,670,13589771,-2,0,1,0,0
4,669,13600046,-38,-114,8232,0,0
37,669,13600087,-112,39,-12,16383,0
13,671,13609935,0,1,0,0,0
4,670,13619992,-33,-109,8223,0,0
37,670,13620032,-112,39,-12,16383,0
13,672,13630064,0,0,0,0,0
L,13632442,VALID,0.013,0.009,1
4,671,13640159,-37,-108,8223,0,0
37,671,13640199,-112,38,-12,16383,0
13,673,13650106,0,-1,0,0,0
4,672,13660239,-42,-115,8223,0,0
37,672,13660280,-112,39,-12,16383,0
13,674,13670303,0,0,0,0,0
4,673,13680448,-35,-107,8225,0,0
37,673,13680488,-112,38,-12,16383,0
13,675,13690381,0,0,-1,0,0
4,674,13700571,-34,-111,8222,0,0
37,674,13700611,-112,38,-12,16383,0
13,676,13710580,0,0,0,0,0
4,675,13720776,-36,-113,8229,0,0
37,675,13720816,-112,38,-12,16383,0
13,677,13730673,0,0,0,0,0
L,13733078,VALID,0.013,0.002,1
4,676,13740750,-41,-111,8224,0,0
37,676,13740791,-112,38,-12,16383,0
13,678,13750872,0,0,0,0,0
4,677,13761035,-37,-113,8225,0,0
37,677,13761075,-112,38,-12,16383,0
13,679,13770932,-1,0,0,0,0
4,678,13781017,-33,-111,8217,0,0
37,678,13781057,-112,37,-12,16383,0
13,680,13791051,0,-1,0,0,0
4,679,13801239,-36,-113,8227,0,0
37,679,13801280,-112,37,-12,16383,0
13,681,13811128,0,2,1,0,0
4,680,13821290,-35,-112,8221,0,0
37,680,13821331,-112,37,-12,16383,0
13,682,13831317,0,-1,0,0,0
L,13833819,VALID,0.013,-0.005,1
4,681,13841510,-32,-113,8224,0,0
37,681,13841551,-112,37,-12,16383,0
13,683,13851525,0,-1,0,0,0
4,682,13861575,-41,-121,8220,0,0
37,682,13861616,-112,37,-12,16383,0
13,684,13871653,0,0,0,0,0
4,683,13881678,-40,-115,8226,0,0
37,683,13881718,-113,37,-12,16383,0
13,685,13891704,0,-1,1,0,0
4,684,13901842,-30,-106,8219,0,0
37,684,13901883,-112,37,-12,16383,0
13,686,13911972,-1,0,0,0,0
4,685,13922134,-30,-114,8219,0,0
37,685,13922175,-113,37,-12,16383,0
13,687,13932067,0,0,0,0,0
L,13934472,VALID,0.020,-0.005,1
4,686,13942139,-43,-114,8225,0,0
37,686,13942179,-113,37,-12,16383,0
13,688,13952160,0,0,0,0,0
4,687,13962300,-32,-114,8213,0,0
37,687,13962340,-113,36,-12,16383,0
13,689,13972325,0,-2,0,0,0
4,688,13982334,-40,-106,8223,0,0
37,688,13982374,-112,36,-12,16383,0
13,690,13992452,1,0,0,0,0
4,689,14002607,-44,-110,8216,0,0
37,689,14002648,-112,37,-12,16383,0
13,691,14012583,-1,-2,0,0,0
4,690,14022625,-30,-112,8225,0,0
37,690,14022665,-112,36,-12,16383,0
13,692,14032591,-1,0,-1,0,0
L,14035178,VALID,0.013,-0.012,1
4,691,14042875,-47,-105,8214,0,0
37,691,14042915,-112,37,-12,16383,0
13,693,14052840,2,0,0,0,0
4,692,14062933,-38,-114,8230,0,0
37,692,14062973,-112,37,-12,16383,0
13,694,14072916,-1,-1,0,0,0
4,693,14083151,-39,-118,8220,0,0
37,693,14083191,-112,37,-12,16383,0
13,695,14093118,2,0,0,0,0
4,694,14103125,-33,-111,8219,0,0
37,694,14103165,-112,37,-12,16383,0
13,696,14113340,0,0,1,0,0
4,695,14123340,-36,-114,8222,0,0
37,695,14123380,-112,37,-12,16383,0
13,697,14133408,0,-2,0,0,0
L,14135953,VALID,0.013,-0.005,1
4,696,14143435,-37,-116,8211,0,0
37,696,14143476,-112,37,-12,16383,0
13,698,14153391,1,-1,0,0,0
4,697,14163648,-35,-110,8217,0,0
37,697,14163689,-112,36,-12,16383,0
13,699,14173639,0,2,0,0,0
4,698,14183733,-31,-109,8220,0,0
37,698,14183773,-112,36,-12,16383,0
13,700,14193717,0,0,0,0,0
4,699,14203898,-37,-112,8216,0,0
37,699,14203939,-112,36,-12,16383,0
13,701,14213881,0,1,0,0,0
4,700,14224019,-40,-109,8230,0,0
37,700,14224060,-112,37,-12,16383,0
13,702,14234018,0,0,0,0,0
L,14236397,VALID,0.013,-0.005,1
4,701,14244208,-37,-106,8226,0,0
37,701,14244248,-111,37,-12,16383,0
13,703,14254121,0,1,-2,0,0
4,702,14264319,-32,-113,8220,0,0
37,702,14264360,-111,37,-12,16383,0
13,704,14274355,-1,-1,-2,0,0
4,703,14284422,-47,-100,8221,0,0
37,703,14284463,-111,37,-12,16383,0
13,705,14294421,-2,-1,-1,0,0
4,704,14304611,-37,-110,8220,0,0
37,704,14304652,-111,37,-12,16383,0
13,706,14314560,0,0,-1,0,0
4,705,14324809,-36,-109,8224,0,0
37,705,14324849,-111,37,-12,16383,0
13,707,14334760,1,0,0,0,0
L,14337181,VALID,0.006,-0.005,1
4,706,14344839,-41,-112,8225,0,0
37,706,14344879,-110,37,-12,16383,0
13,708,14354854,0,-1,0,0,0
4,707,14365042,-24,-112,8220,0,0
37,707,14365082,-111,36,-12,16383,0
13,709,14374982,0,0,0,0,0
4,708,14385180,-30,-113,8228,0,0
37,708,14385220,-111,36,-12,16383,0
13,710,14395077,0,-1,1,0,0
4,709,14405300,-41,-115,8234,0,0
37,709,14405341,-111,36,-12,16383,0
13,711,14415145,0,0,0,0,0
4,710,14425392,-42,-116,8221,0,0
37,710,14425433,-111,37,-12,16383,0
13,712,14435351,0,0,0,0,0
L,14437765,VALID,0.006,-0.005,1
4,711,14445515,-39,-114,8227,0,0
37,711,14445555,-111,37,-12,16383,0
13,713,14455497,1,0,0,0,0
4,712,14465636,-37,-112,8227,0,0
37,712,14465676,-111,37,-12,16383,0
13,714,14475662,0,0,1,0,0
4,713,14485865,-41,-109,8220,0,0
37,713,14485905,-111,37,-12,16383,0
13,715,14495782,-1,1,0,0,0
4,714,14505840,-30,-111,8222,0,0
37,714,14505881,-111,37,-12,16383,0
13,716,14515876,-1,0,0,0,0
4,715,14526048,-35,-108,8225,0,0
37,715,14526089,-111,36,-12,16383,0
13,717,14535971,0,-2,0,0,0
L,14538479,VALID,0.006,-0.012,1
4,716,14546244,-41,-109,8223,0,0
37,716,14546285,-111,37,-12,16383,0
13,718,14556142,0,0,0,0,0
4,717,14566382,-34,-118,8222,0,0
37,717,14566449,-111,36,-12,16383,0
13,719,14576279,-1,-1,0,0,0
4,718,14586314,-38,-109,8220,0,0
37,718,14586382,-111,36,-12,16383,0
13,720,14596513,-1,0,-1,0,0
4,719,14606607,-42,-112,8227,0,0
37,719,14606648,-111,37,-12,16383,0
13,721,14616537,0,-2,0,0,0
4,720,14626683,-31,-116,8218,0,0
37,720,14626724,-111,36,-12,16383,0
13,722,14636666,2,-5,0,0,0
L,14639176,VALID,0.006,-0.012,1
4,721,14646901,-34,-105,8227,0,0
37,721,14646941,-110,35,-12,16383,0
13,723,14656861,2,-8,0,0,0
4,722,14666916,-35,-116,8222,0,0
37,722,14666956,-111,35,-12,16383,0
13,724,14676949,-1,-3,0,0,0
4,723,14687045,-38,-101,8216,0,0
37,723,14687085,-111,35,-12,16383,0
13,725,14696932,-5,0,0,0,0
4,724,14707190,-36,-108,8237,0,0
37,724,14707230,-111,35,-13,16383,0
13,726,14717166,-2,0,-1,0,0
4,725,14727424,-45,-111,8224,0,0
37,725,14727465,-111,36,-13,16383,0
13,727,14737294,1,0,0,0,0
L,14739699,VALID,0.006,-0.012,1
4,726,14747432,-40,-108,8220,0,0
37,726,14747473,-110,35,-13,16383,0
13,728,14757500,5,-4,0,0,0
4,727,14767622,-32,-115,8225,0,0
37,727,14767662,-110,35,-12,16383,0
13,729,14777587,1,-2,0,0,0
4,728,14787568,-37,-108,8216,0,0
37,728,14787608,-110,35,-13,16383,0
13,730,14797714,-2,-1,-1,0,0
4,729,14807981,-34,-114,8238,0,0
37,729,14808049,-111,35,-13,16383,0
13,731,14817845,-3,5,0,0,0
4,730,14827904,-45,-112,8233,0,0
37,730,14827944,-111,36,-13,16383,0
13,732,14837991,-4,9,0,0,0
L,14840483,VALID,0.006,-0.012,1
4,731,14848079,-41,-118,8218,0,0
37,731,14848120,-111,37,-13,16383,0
13,733,14858127,2,0,0,0,0
4,732,14868212,-30,-115,8222,0,0
37,732,14868253,-112,36,-13,16383,0
13,734,14878196,1,-1,0,0,0
4,733,14888437,-40,-116,8233,0,0
37,733,14888478,-112,36,-13,16383,0
13,735,14898370,0,0,0,0,0
4,734,14908420,-45,-105,8222,0,0
37,734,14908460,-111,37,-13,16383,0
13,736,14918377,0,1,0,0,0
4,735,14928600,-38,-112,8227,0,0
37,735,14928640,-111,37,-13,16383,0
13,737,14938617,0,0,0,0,0
L,14941023,VALID,0.006,-0.005,1
4,736,14948712,-28,-114,8228,0,0
37,736,14948753,-112,37,-13,16383,0
13,738,14958754,-3,1,-1,0,0
4,737,14968997,-38,-110,8222,0,0
37,737,14969037,-112,37,-13,16383,0
13,739,14978938,-2,3,-1,0,0
4,738,14988996,-45,-113,8225,0,0
37,738,14989036,-112,37,-13,16383,0
13,740,14998978,0,0,0,0,0
4,739,15009305,-62,-91,8205,0,0
37,739,15009346,-112,38,-12,16383,0
13,741,15019118,-19,-4,126,0,0
4,740,15029281,-543,-411,8264,0,0
37,740,15029322,-120,46,32,16383,0
13,742,15039350,-3,20,987,0,0
L,15042128,VALID,0.068,0.060,1
4,741,15049575,-838,-773,8265,0,0
37,741,15049616,-119,50,141,16382,0
13,743,15059497,39,20,902,0,0
4,742,15069634,757,305,8122,0,0
37,742,15069674,-107,35,161,16382,0
13,744,15079624,40,-55,115,0,0
4,743,15089766,491,162,8235,0,0
37,743,15089806,-107,38,194,16382,0
13,745,15099754,-1,14,289,0,0
4,744,15109891,-7,123,8250,0,0
37,744,15109932,-107,39,200,16382,0
13,746,15119916,-14,7,11,0,0
4,745,15130065,-22,-137,8225,0,0
37,745,15130106,-109,40,199,16382,0
13,747,15140022,-22,16,-72,0,0
L,15142860,VALID,-0.012,0.026,1
4,746,15150100,-33,-121,8235,0,0
37,746,15150141,-111,42,180,16382,0
13,748,15160115,-33,16,-241,0,0
4,747,15170280,-72,-107,8238,0,0
37,747,15170320,-112,41,170,16382,0
13,749,15180338,19,1,-15,0,0
4,748,15190374,-40,-121,8215,0,0
37,748,15190414,-111,42,170,16382,0
13,750,15200397,9,13,0,0,0
4,749,15210718,-53,-104,8209,0,0
37,749,15210758,-111,43,170,16382,0
13,751,15220624,-1,0,0,0,0
4,750,15230760,-48,-118,8230,0,0
37,750,15230801,-111,44,170,16382,0
13,752,15240726,0,2,0,0,0
L,15243131,VALID,0.002,0.053,1
4,751,15250854,-42,-114,8222,0,0
37,751,15250894,-111,44,170,16382,0
13,753,15260940,0,0,0,0,0
4,752,15271008,-34,-107,8223,0,0
37,752,15271048,-111,43,170,16382,0
13,754,15280993,0,0,0,0,0
4,753,15291172,-30,-122,8230,0,0
37,753,15291212,-112,43,170,16382,0
13,755,15301087,0,0,-2,0,0
4,754,15311249,-41,-112,8220,0,0
37,754,15311289,-112,42,170,16382,0
13,756,15321181,0,1,0,0,0
4,755,15331430,-37,-117,8224,0,0
37,755,15331471,-112,42,170,16382,0
13,757,15341353,-1,-1,5,0,0
L,15343967,VALID,0.010,0.039,1
4,756,15351467,-83,-1,8213,0,0
37,756,15351507,-110,43,179,16382,0
13,758,15361538,3,4,340,0,0
4,757,15371742,-45,-112,8227,0,0
37,757,15371783,-110,44,221,16382,0
13,759,15381680,7,4,509,0,0
4,758,15391678,-64,-32,8218,0,0
37,758,15391719,-109,45,271,16381,0
13,760,15401730,8,5,604,0,0
4,759,15411907,-64,-16,8228,0,0
37,759,15411947,-107,46,326,16380,0
13,761,15421973,13,9,605,0,0
4,760,15432025,-255,169,8226,0,0
37,760,15432065,-104,49,378,16379,0
13,762,15442058,5,2,624,0,0
L,15444672,VALID,-0.051,0.096,1
4,761,15452277,-117,-61,8220,0,0
37,761,15452317,-104,49,431,16377,0
13,763,15462179,6,16,560,0,0
4,762,15472301,-42,-65,8229,0,0
37,762,15472341,-103,50,477,16376,0
13,764,15482334,11,11,539,0,0
4,763,15492404,-278,86,8169,0,0
37,763,15492445,-100,54,525,16375,0
13,765,15502504,-2,14,503,0,0
4,764,15512516,-182,63,8244,0,0
37,764,15512556,-102,55,564,16373,0
13,766,15522599,-10,17,376,0,0
4,765,15532757,980,-646,8223,0,0
37,765,15532797,-110,43,584,16373,0
13,767,15542574,-1,13,368,0,0
L,15545352,VALID,-0.013,0.065,1
4,766,15552808,50,-145,8218,0,0
37,766,15552849,-102,52,635,16371,0
13,768,15562822,11,10,590,0,0
4,767,15572979,-94,-1,8213,0,0
37,767,15573047,-101,56,690,16369,0
13,769,15582908,2,-9,646,0,0
4,768,15593041,-268,-342,8221,0,0
37,768,15593081,-105,56,750,16366,0
13,770,15603092,4,6,611,0,0
4,769,15613183,83,199,8229,0,0
37,769,15613223,-99,54,790,16364,0
13,771,15623321,4,5,394,0,0
4,770,15633261,-79,-166,8224,0,0
37,770,15633302,-102,56,823,16362,0
13,772,15643374,8,0,343,0,0
L,15645945,VALID,-0.078,0.164,1
4,771,15653435,-350,-720,8234,0,0
37,771,15653476,-108,59,853,16361,0
13,773,15663305,29,-11,334,0,0
4,772,15673486,-48,-15,8170,0,0
37,772,15673526,-98,55,881,16359,0
13,774,15683553,19,-12,351,0,0
4,773,15693771,-27,-158,8256,0,0
37,773,15693838,-97,54,909,16358,0
13,775,15703620,1,-2,208,0,0
4,774,15713724,-11,-141,8249,0,0
37,774,15713792,-101,56,915,16357,0
13,776,15723769,-42,19,-1,0,0
4,775,15733951,-58,-130,8189,0,0
37,775,15733992,-103,57,915,16357,0
13,777,15743890,-9,1,2,0,0
L,15746398,VALID,-0.074,0.175,1
4,776,15754001,-53,-100,8220,0,0
37,776,15754042,-104,56,915,16357,0
13,778,15763973,-9,0,-1,0,0
4,777,15774241,-48,-117,8235,0,0
37,777,15774281,-105,56,915,16357,0
13,779,15784199,-9,3,-1,0,0
4,778,15794224,-51,-116,8237,0,0
37,778,15794264,-106,56,915,16357,0
13,780,15804219,-13,2,0,0,0
4,779,15814489,-27,95,8191,0,0
37,779,15814529,-103,55,915,16357,0
13,781,15824384,8,1,55,0,0
4,780,15834472,-36,-227,8254,0,0
37,780,15834512,-108,56,928,16357,0
13,782,15844577,-6,7,173,0,0
L,15847242,VALID,-0.039,0.171,1
4,781,15854751,-96,-233,8214,0,0
37,781,15854791,-109,57,940,16356,0
13,783,15864672,-6,5,64,0,0
4,782,15874807,-65,-143,8231,0,0
37,782,15874848,-109,57,941,16356,0
13,784,15884782,-6,1,0,0,0
4,783,15895022,-54,-125,8223,0,0
37,783,15895063,-110,57,941,16356,0
13,785,15904913,-1,4,1,0,0
4,784,15915005,-57,-120,8219,0,0
37,784,15915046,-110,57,941,16356,0
13,786,15924945,0,2,-1,0,0
4,785,15935291,-41,-127,8223,0,0
37,785,15935332,-111,56,941,16356,0
13,787,15945143,2,3,0,0,0
L,15947531,VALID,-0.018,0.172,1
4,786,15955262,-47,-109,8218,0,0
37,786,15955303,-111,56,941,16356,0
13,788,15965272,-1,3,2,0,0
4,787,15975480,-52,-113,8218,0,0
37,787,15975521,-111,56,941,16356,0
13,789,15985438,3,1,0,0,0
4,788,15995529,-47,-104,8221,0,0
37,788,15995569,-110,56,941,16356,0
13,790,16005546,1,-1,-11,0,0
4,789,16015721,-428,-64,8238,0,0
37,789,16015761,-110,60,920,16357,0
13,791,16025643,-29,0,-597,0,0
4,790,16035806,137,-56,8212,0,0
37,790,16035847,-113,54,863,16360,0
13,792,16045744,-5,-1,-486,0,0
L,16048584,VALID,-0.001,0.156,1
4,791,16056049,147,-230,8231,0,0
37,791,16056089,-116,53,836,16362,0
13,793,16065926,-11,6,-124,0,0
4,792,16076022,-102,-112,8215,0,0
37,792,16076062,-115,56,830,16362,0
13,794,16086037,-1,1,-149,0,0
4,793,16096204,-12,-175,8217,0,0
37,793,16096244,-116,55,819,16362,0
13,795,16106279,7,5,-27,0,0
4,794,16116331,-58,-127,8227,0,0
37,794,16116371,-115,55,819,16362,0
13,796,16126303,9,6,0,0,0
4,795,16136459,-42,-132,8225,0,0
37,795,16136499,-115,56,819,16362,0
13,797,16146433,6,7,-47,0,0
L,16149011,VALID,0.013,0.168,1
4,796,16156581,-79,-101,8221,0,0
37,796,16156621,-114,56,801,16363,0
13,798,16166657,-4,0,-329,0,0
4,797,16176820,-32,-119,8217,0,0
37,797,16176860,-116,56,778,16365,0
13,799,16186751,-9,6,-136,0,0
4,798,16196778,-51,-117,8217,0,0
37,798,16196818,-116,56,770,16365,0
13,800,16206758,1,0,-129,0,0
4,799,16217034,-46,-113,8233,0,0
37,799,16217075,-116,56,752,16366,0
13,801,16226976,-3,0,-230,0,0
4,800,16237158,-21,-130,8225,0,0
37,800,16237198,-116,55,734,16367,0
13,802,16247087,1,0,-184,0,0
L,16249769,VALID,0.023,0.157,1
4,801,16257295,-31,-117,8219,0,0
37,801,16257336,-116,55,720,16367,0
13,803,16267310,-4,-1,-151,0,0
4,802,16277406,-43,-127,8217,0,0
37,802,16277446,-117,55,707,16368,0
13,804,16287397,-4,0,-133,0,0
4,803,16297482,-65,-119,8229,0,0
37,803,16297523,-117,55,695,16368,0
13,805,16307541,-2,-3,-157,0,0
4,804,16317715,-74,-142,8227,0,0
37,804,16317756,-117,55,680,16369,0
13,806,16327661,7,-2,-163,0,0
4,805,16337889,-101,-130,8227,0,0
37,805,16337929,-117,55,669,16369,0
13,807,16347820,3,0,-87,0,0
L,16350396,VALID,0.031,0.155,1
4,806,16357853,-70,-137,8228,0,0
37,806,16357894,-117,54,664,16370,0
13,808,16367946,1,0,-42,0,0
4,807,16378102,-34,-112,8227,0,0
37,807,16378142,-116,54,658,16370,0
13,809,16388049,5,-8,-141,0,0
4,808,16398205,-82,-97,8230,0,0
37,808,16398246,-115,53,642,16370,0
13,810,16408239,1,-10,-204,0,0
4,809,16418404,-75,-115,8227,0,0
37,809,16418445,-116,52,624,16371,0
13,811,16428255,0,-6,-163,0,0
4,810,16438419,-70,-146,8226,0,0
37,810,16438459,-117,52,612,16372,0
13,812,16448494,0,-5,-148,0,0
L,16451267,VALID,0.033,0.131,1
4,811,16458618,-88,-272,8227,0,0
37,811,16458686,-118,51,591,16372,0
13,813,16468633,-4,0,-330,0,0
4,812,16478757,-16,-17,8216,0,0
37,812,16478797,-116,51,566,16373,0
13,814,16488782,0,0,-168,0,0
4,813,16498979,-42,-118,8217,0,0
37,813,16499020,-117,51,556,16374,0
13,815,16508841,-6,1,-105,0,0
4,814,16519082,-55,-178,8220,0,0
37,814,16519122,-119,51,546,16374,0
13,816,16529014,-11,-1,-159,0,0
4,815,16539135,-51,-86,8214,0,0
37,815,16539175,-119,51,532,16374,0
13,817,16549176,-6,0,-143,0,0
L,16551955,VALID,0.050,0.120,1
4,816,16559316,-66,-280,8245,0,0
37,816,16559356,-122,50,513,16375,0
13,818,16569305,-28,-3,-379,0,0
4,817,16579567,22,-135,8220,0,0
37,817,16579608,-123,49,470,16376,0
13,819,16589434,-33,-6,-467,0,0
4,818,16599487,-45,-109,8213,0,0
37,818,16599555,-127,48,433,16377,0
13,820,16609545,-28,-2,-385,0,0
4,819,16619780,-11,-44,8234,0,0
37,819,16619821,-129,47,408,16378,0
13,821,16629708,-36,-6,-216,0,0
4,820,16639805,28,-154,8238,0,0
37,820,16639845,-134,46,391,16378,0
13,822,16649847,-55,-3,-196,0,0
L,16652800,VALID,0.159,0.081,1
4,821,16659979,-95,-65,8245,0,0
37,821,16660020,-139,47,374,16379,0
13,823,16669898,-92,0,-154,0,0
4,822,16680054,-77,-98,8230,0,0
37,822,16680094,-148,47,364,16379,0
13,824,16690104,-99,2,-79,0,0
4,823,16700192,-24,-174,8214,0,0
37,823,16700232,-156,46,358,16379,0
13,825,16710181,-58,-2,-88,0,0
4,824,16720391,-76,-148,8257,0,0
37,824,16720432,-161,46,350,16379,0
13,826,16730399,-112,0,-70,0,0
4,825,16740624,65,-221,8260,0,0
37,825,16740664,-176,45,343,16379,0
13,827,16750476,-215,-1,-114,0,0
L,16753522,VALID,0.453,0.077,1
4,826,16760615,-69,-159,8274,0,0
37,826,16760655,-201,45,331,16379,0
13,828,16770707,-349,-5,-129,0,0
4,827,16780804,-127,-171,8225,0,0
37,827,16780844,-235,44,323,16379,0
13,829,16790785,-386,0,-72,0,0
4,828,16800880,-22,-316,8214,0,0
37,828,16800920,-269,42,312,16378,0
13,830,16810867,-378,0,-168,0,0
4,829,16821147,-143,-132,8295,0,0
37,829,16821188,-307,42,303,16378,0
13,831,16830957,-556,2,-64,0,0
4,830,16841110,-99,-224,8292,0,0
37,830,16841151,-366,42,295,16377,0
13,832,16851127,-760,7,-107,0,0
L,16854089,VALID,1.784,0.077,1
4,831,16861271,-101,-423,8225,0,0
37,831,16861312,-435,42,286,16375,0
13,833,16871319,-765,13,-127,0,0
4,832,16881414,15,-606,8196,0,0
37,832,16881454,-504,40,268,16373,0
13,834,16891445,-753,19,-258,0,0
4,833,16901543,-58,-490,8228,0,0
37,833,16901583,-567,41,247,16372,0
13,835,16911524,-744,11,-208,0,0
4,834,16921611,-116,-509,8216,0,0
37,834,16921651,-634,41,233,16369,0
13,836,16931755,-760,10,-98,0,0
4,835,16941871,-66,-687,8165,0,0
37,835,16941911,-698,41,229,16367,0
13,837,16951807,-652,8,-30,0,0
L,16954673,VALID,4.108,0.092,1
4,836,16961929,-29,-771,8157,0,0
37,836,16961970,-750,40,227,16365,0
13,838,16971935,-504,7,-23,0,0
4,837,16982103,-67,-785,8184,0,0
37,837,16982144,-789,41,225,16363,0
13,839,16992118,-420,4,-20,0,0
4,838,17002119,-46,-807,8193,0,0
37,838,17002159,-826,40,224,16361,0
13,840,17012193,-401,1,-14,0,0
4,839,17022306,-41,-860,8188,0,0
37,839,17022347,-860,40,221,16359,0
13,841,17032288,-361,8,-41,0,0
4,840,17042358,-74,-880,8190,0,0
37,840,17042399,-890,40,219,16358,0
13,842,17052323,-347,0,-9,0,0
L,17055083,VALID,5.453,0.101,1
4,841,17062660,-118,-897,8200,0,0
37,841,17062700,-923,40,220,16356,0
13,843,17072546,-385,2,0,0,0
4,842,17082702,-70,-933,8182,0,0
37,842,17082770,-957,40,217,16354,0
13,844,17092623,-392,10,-38,0,0
4,843,17102842,-31,-951,8212,0,0
37,843,17102882,-994,39,215,16352,0
13,845,17112831,-462,8,-2,0,0
4,844,17122842,-76,-1004,8191,0,0
37,844,17122883,-1036,40,214,16349,0
13,846,17133072,-498,10,-23,0,0
4,845,17143108,-84,-1017,8170,0,0
37,845,17143149,-1081,41,212,16346,0
13,847,17153086,-502,6,-21,0,0
L,17155953,VALID,6.791,0.123,1
4,846,17163090,-79,-1055,8183,0,0
37,846,17163130,-1126,41,211,16343,0
13,848,17173062,-528,10,-15,0,0
4,847,17183269,-40,-1181,8163,0,0
37,847,17183309,-1173,41,208,16340,0
13,849,17193294,-538,17,-88,0,0
4,848,17203416,-83,-1114,8177,0,0
37,848,17203457,-1222,41,200,16337,0
13,850,17213371,-589,10,-35,0,0
4,849,17223633,-50,-1245,8123,0,0
37,849,17223673,-1273,41,199,16333,0
13,851,17233545,-551,13,-8,0,0
4,850,17243624,-23,-1284,8153,0,0
37,850,17243664,-1322,41,197,16329,0
13,852,17253638,-560,10,-43,0,0
L,17256624,VALID,8.482,0.137,1
4,851,17263794,-64,-1359,8115,0,0
37,851,17263835,-1372,41,193,16325,0
13,853,17273715,-528,4,-37,0,0
4,852,17283906,-65,-1387,8125,0,0
37,852,17283946,-1414,41,192,16321,0
13,854,17293921,-488,0,11,0,0
4,853,17304085,-120,-1410,8140,0,0
37,853,17304125,-1460,41,194,16317,0
13,855,17313974,-533,-2,20,0,0
4,854,17324120,-54,-1503,8096,0,0
37,854,17324160,-1506,40,196,16313,0
13,856,17334093,-485,-7,27,0,0
4,855,17344240,-65,-1554,8070,0,0
37,855,17344307,-1545,39,198,16309,0
13,857,17354266,-408,-5,16,0,0
L,17357121,VALID,10.048,0.143,1
4,856,17364364,-69,-1536,8123,0,0
37,856,17364404,-1580,38,199,16306,0
13,858,17374353,-445,0,-10,0,0
4,857,17384558,-71,-1535,8108,0,0
37,857,17384598,-1623,38,199,16302,0
13,859,17394489,-501,0,25,0,0
4,858,17404686,-88,-1588,8104,0,0
37,858,17404726,-1668,38,202,16297,0
13,860,17414600,-529,-3,18,0,0
4,859,17424788,-74,-1675,8065,0,0
37,859,17424829,-1714,37,203,16292,0
13,861,17434668,-512,-2,1,0,0
4,860,17444910,-69,-1723,8052,0,0
37,860,17444950,-1757,37,203,16288,0
13,862,17454849,-476,1,0,0,0
L,17457505,VALID,11.538,0.152,1
4,861,17465082,-67,-1729,8079,0,0
37,861,17465149,-1801,36,203,16283,0
13,863,17474987,-524,3,4,0,0
4,862,17485151,-65,-1838,8016,0,0
37,862,17485192,-1845,37,203,16278,0
13,864,17495143,-456,7,6,0,0
4,863,17505323,-66,-1779,8104,0,0
37,863,17505364,-1882,37,204,16274,0
13,865,17515262,-518,-2,30,0,0
4,864,17525313,-44,-1980,7959,0,0
37,864,17525353,-1934,35,210,16267,0
13,866,17535374,-445,-37,125,0,0
4,865,17545555,-65,-1887,8050,0,0
37,865,17545596,-1956,32,235,16265,0
13,867,17555433,-410,-75,308,0,0
L,17558454,VALID,12.938,0.162,1
4,866,17565711,-43,-1868,8071,0,0
37,866,17565752,-2015,29,251,16257,0
13,868,17575606,-687,-8,104,0,0
4,867,17585777,-33,-2107,7974,0,0
37,867,17585818,-2073,29,259,16250,0
13,869,17595734,-590,0,61,0,0
4,868,17605783,-79,-2086,7982,0,0
37,868,17605824,-2123,30,261,16243,0
13,870,17616011,-591,6,9,0,0
4,869,17626156,-90,-2100,7977,0,0
37,869,17626197,-2172,29,261,16237,0
13,871,17636020,-552,8,-23,0,0
4,870,17646130,-90,-2178,7933,0,0
37,870,17646170,-2218,29,257,16231,0
13,872,17656183,-478,14,-54,0,0
L,17659116,VALID,14.785,0.190,1
4,871,17666322,-108,-2219,7935,0,0
37,871,17666363,-2256,29,251,16225,0
13,873,17676346,-407,16,-72,0,0
4,872,17686440,-62,-2263,7947,0,0
37,872,17686481,-2296,30,241,16220,0
13,874,17696422,-478,39,-132,0,0
4,873,17706588,-90,-2282,7896,0,0
37,873,17706628,-2330,31,233,16215,0
13,875,17716456,-307,19,-67,0,0
4,874,17726673,-69,-2283,7933,0,0
37,874,17726714,-2354,31,228,16212,0
13,876,17736682,-279,11,-43,0,0
4,875,17746889,-83,-2297,7938,0,0
37,875,17746930,-2378,31,225,16208,0
13,877,17756768,-300,12,-31,0,0
L,17759717,VALID,15.916,0.190,1
4,876,17766922,-77,-2364,7907,0,0
37,876,17766963,-2407,32,221,16204,0
13,878,17776983,-316,22,-71,0,0
4,877,17787146,-59,-2391,7888,0,0
37,877,17787187,-2433,32,211,16200,0
13,879,17797059,-281,30,-118,0,0
4,878,17807067,-54,-2392,7901,0,0
37,878,17807107,-2456,33,200,16197,0
13,880,17817169,-259,39,-130,0,0
4,879,17827413,-62,-2411,7895,0,0
37,879,17827481,-2477,35,190,16194,0
13,881,17837299,-251,31,-101,0,0
4,880,17847343,-57,-2383,7944,0,0
37,880,17847383,-2502,36,182,16190,0
13,882,17857455,-380,21,-51,0,0
L,17860440,VALID,16.794,0.192,1
4,881,17867553,-39,-2480,7866,0,0
37,881,17867593,-2540,36,181,16184,0
13,883,17877558,-430,3,3,0,0
4,882,17887693,-122,-2505,7872,0,0
37,882,17887733,-2579,36,181,16178,0
13,884,17897626,-459,3,-4,0,0
4,883,17907840,-99,-2522,7875,0,0
37,883,17907880,-2621,37,180,16171,0
13,885,17917798,-509,6,-22,0,0
4,884,17927849,-114,-2598,7818,0,0
37,884,17927889,-2663,36,179,16164,0
13,886,17937831,-415,1,-4,0,0
4,885,17948063,-93,-2671,7798,0,0
37,885,17948103,-2694,36,178,16159,0
13,887,17958037,-305,0,-17,0,0
L,17960902,VALID,18.154,0.204,1
4,886,17968101,-89,-2644,7839,0,0
37,886,17968141,-2719,36,176,16155,0
13,888,17978149,-285,6,-31,0,0
4,887,17988282,-69,-2685,7810,0,0
37,887,17988322,-2742,36,172,16151,0
13,889,17998331,-244,16,-44,0,0
4,888,18008373,-60,-2671,7810,0,0
37,888,18008414,-2762,36,169,16148,0
13,890,18018330,-253,9,-11,0,0
4,889,18028657,-34,-2698,7811,0,0
37,889,18028697,-2783,36,169,16144,0
13,891,18038476,-201,0,4,0,0
4,890,18048603,-8,-2735,7767,0,0
37,890,18048643,-2795,35,169,16142,0
13,892,18058637,-69,2,-29,0,0
L,18061391,VALID,18.871,0.194,1
4,891,18068804,-147,-2739,7836,0,0
37,891,18068845,-2802,36,166,16141,0
13,893,18078769,-155,1,-14,0,0
4,892,18088915,-119,-2771,7808,0,0
37,892,18088956,-2821,36,166,16138,0
13,894,18098881,-252,2,0,0,0
4,893,18109079,-66,-2766,7766,0,0
37,893,18109120,-2843,36,166,16134,0
13,895,18118967,-259,0,3,0,0
4,894,18129121,-56,-2759,7801,0,0
37,894,18129161,-2867,35,166,16130,0
13,896,18139180,-292,8,-21,0,0
4,895,18149250,-22,-2843,7745,0,0
37,895,18149290,-2889,35,162,16126,0
13,897,18159231,-183,10,-52,0,0
L,18162183,VALID,19.538,0.193,1
4,896,18169302,-78,-2843,7759,0,0
37,896,18169343,-2899,36,157,16124,0
13,898,18179291,-121,11,-46,0,0
4,897,18189499,-80,-2827,7783,0,0
37,897,18189540,-2913,36,154,16122,0
13,899,18199463,-202,8,-32,0,0
4,898,18209550,-76,-2821,7789,0,0
37,898,18209590,-2934,36,152,16118,0
13,900,18219540,-262,12,-27,0,0
4,899,18229802,-54,-2875,7742,0,0
37,899,18229843,-2957,36,148,16114,0
13,901,18239732,-249,17,-49,0,0
4,900,18249836,-90,-2898,7737,0,0
37,900,18249877,-2978,37,144,16110,0
13,902,18259807,-245,20,-36,0,0
L,18262767,VALID,20.171,0.191,1
4,901,18269997,-2,-2936,7709,0,0
37,901,18270038,-2998,37,141,16106,0
13,903,18280003,-166,7,-8,0,0
4,902,18290091,-61,-2972,7712,0,0
37,902,18290132,-3007,38,142,16104,0
13,904,18300055,-83,6,-1,0,0
4,903,18310167,-137,-2975,7697,0,0
37,903,18310208,-3012,40,139,16103,0
13,905,18320142,-52,13,-31,0,0
4,904,18330314,-27,-2953,7700,0,0
37,904,18330354,-3016,38,137,16103,0
13,906,18340219,-22,10,-10,0,0
4,905,18350514,-16,-2909,7761,0,0
37,905,18350554,-3018,39,137,16102,0
13,907,18360365,-76,9,3,0,0
L,18362960,VALID,20.457,0.199,1
4,906,18370495,-17,-2912,7755,0,0
37,906,18370535,-3028,40,136,16101,0
13,908,18380581,-149,27,-12,0,0
4,907,18390701,-187,-2950,7730,0,0
37,907,18390742,-3043,44,136,16098,0
13,909,18400732,-216,18,-3,0,0
4,908,18410744,-163,-2969,7712,0,0
37,908,18410784,-3064,45,134,16094,0
13,910,18420778,-236,25,-24,0,0
4,909,18431001,-153,-2962,7729,0,0
37,909,18431041,-3083,47,131,16090,0
13,911,18440977,-260,21,-22,0,0
4,910,18451046,-143,-3025,7703,0,0
37,910,18451086,-3110,48,128,16085,0
13,912,18461062,-277,39,-92,0,0
L,18464048,VALID,21.111,0.255,1
4,911,18471219,-96,-3044,7653,0,0
37,911,18471287,-3130,50,117,16081,0
13,913,18481182,-222,39,-118,0,0
4,912,18491274,-69,-3066,7675,0,0
37,912,18491315,-3148,51,108,16078,0
13,914,18501304,-221,16,-53,0,0
4,913,18511431,-67,-3089,7659,0,0
37,913,18511472,-3169,51,105,16074,0
13,915,18521474,-222,10,-15,0,0
4,914,18531525,-90,-3100,7668,0,0
37,914,18531566,-3186,51,105,16070,0
13,916,18541569,-220,-1,3,0,0
4,915,18551680,-90,-3124,7638,0,0
37,915,18551720,-3205,51,106,16066,0
13,917,18561576,-203,-1,2,0,0
L,18564327,VALID,21.789,0.251,1
4,916,18571792,-85,-3144,7639,0,0
37,916,18571833,-3221,51,106,16063,0
13,918,18581773,-163,2,4,0,0
4,917,18592015,-85,-3123,7661,0,0
37,917,18592056,-3235,51,106,16060,0
13,919,18601852,-191,-2,8,0,0
4,918,18611944,-86,-3146,7653,0,0
37,918,18612012,-3254,51,108,16057,0
13,920,18622033,-228,-11,21,0,0
4,919,18632128,-95,-3160,7644,0,0
37,919,18632168,-3273,50,109,16053,0
13,921,18642300,-237,-4,-4,0,0
4,920,18652239,-72,-3197,7625,0,0
37,920,18652279,-3293,50,109,16049,0
13,922,18662360,-230,1,0,0,0
L,18665033,VALID,22.416,0.253,1
4,921,18672472,-70,-3172,7662,0,0
37,921,18672512,-3316,51,109,16044,0
13,923,18682342,-334,21,-2,0,0
4,922,18692522,87,-3388,7499,0,0
37,922,18692562,-3346,49,106,16038,0
13,924,18702555,-195,51,-137,0,0
4,923,18712773,-21,-3246,7620,0,0
37,923,18712814,-3350,55,84,16037,0
13,925,18722659,-99,66,-208,0,0
4,924,18732764,-209,-3169,7666,0,0
37,924,18732832,-3370,57,72,16033,0
13,926,18742770,-345,44,-109,0,0
4,925,18753059,-90,-3352,7534,0,0
37,925,18753100,-3401,58,61,16026,0
13,927,18762928,-275,53,-135,0,0
L,18765973,VALID,23.190,0.244,1
4,926,18773049,-136,-3340,7560,0,0
37,926,18773089,-3418,61,48,16023,0
13,928,18783021,-172,48,-101,0,0
4,927,18793254,-154,-3285,7594,0,0
37,927,18793294,-3434,63,44,16019,0
13,929,18803244,-203,12,-8,0,0
4,928,18813262,-107,-3353,7554,0,0
37,928,18813303,-3450,63,44,16016,0
13,930,18823294,-178,1,-3,0,0
4,929,18833588,-91,-3356,7563,0,0
37,929,18833628,-3465,63,44,16013,0
13,931,18843415,-172,-2,0,0,0
4,930,18853510,-76,-3405,7526,0,0
37,930,18853551,-3478,63,44,16010,0
13,932,18863640,-104,1,0,0,0
L,18866322,VALID,23.741,0.256,1
4,931,18873721,-79,-3382,7556,0,0
37,931,18873761,-3485,63,44,16008,0
13,933,18883684,-79,2,0,0,0
4,932,18893809,-89,-3391,7546,0,0
37,932,18893850,-3492,63,44,16007,0
13,934,18903801,-85,-4,6,0,0
4,933,18914104,-85,-3409,7544,0,0
37,933,18914145,-3498,63,46,16005,0
13,935,18923931,-84,-17,41,0,0
4,934,18934010,-76,-3302,7533,0,0
37,934,18934050,-3506,62,52,16004,0
13,936,18944021,-111,-29,74,0,0
4,935,18954172,-79,-3305,7514,0,0
37,935,18954213,-3515,61,59,16002,0
13,937,18964145,-117,-20,60,0,0
L,18967097,VALID,24.005,0.266,1
4,936,18974312,-96,-3310,7524,0,0
37,936,18974353,-3524,61,62,16000,0
13,938,18984282,-116,-1,16,0,0
4,937,18994576,-95,-3319,7527,0,0
37,937,18994617,-3534,61,63,15997,0
13,939,19004550,-144,2,0,0,0
4,938,19014618,-105,-3358,7503,0,0
37,938,19014659,-3546,62,63,15995,0
13,940,19024550,-122,-5,6,0,0
4,939,19034784,-85,-3369,7495,0,0
37,939,19034824,-3555,61,65,15993,0
13,941,19044619,-103,-20,35,0,0
4,940,19054886,-88,-3346,7516,0,0
37,940,19054927,-3563,60,69,15991,0
13,942,19064859,-135,-22,47,0,0
L,19067812,VALID,24.349,0.276,1
4,941,19075034,-88,-3343,7504,0,0
37,941,19075075,-3576,59,73,15988,0
13,943,19084996,-181,-8,31,0,0
4,942,19095050,-85,-3379,7485,0,0
37,942,19095090,-3593,59,75,15984,0
13,944,19105030,-201,2,6,0,0
4,943,19115151,-81,-3430,7472,0,0
37,943,19115192,-3609,60,75,15981,0
13,945,19125256,-172,5,0,0,0
4,944,19135282,-89,-3450,7450,0,0
37,944,19135323,-3620,60,74,15978,0
13,946,19145332,-91,3,-8,0,0
4,945,19155471,-93,-3452,7463,0,0
37,945,19155511,-3624,60,74,15977,0
13,947,19165418,-30,0,-5,0,0
L,19168086,VALID,24.786,0.286,1
4,946,19175513,-71,-3415,7473,0,0
37,946,19175554,-3626,60,74,15977,0
13,948,19185615,-57,-1,6,0,0
4,947,19195745,-95,-3416,7497,0,0
37,947,19195785,-3632,60,74,15975,0
13,949,19205683,-106,0,-4,0,0
4,948,19215821,-94,-3440,7458,0,0
37,948,19215862,-3642,60,75,15973,0
13,950,19225821,-98,-2,6,0,0
4,949,19236021,-100,-3450,7464,0,0
37,949,19236062,-3648,60,74,15972,0
13,951,19246005,-95,15,-33,0,0
4,950,19255981,-71,-3488,7444,0,0
37,950,19256021,-3658,61,67,15969,0
13,952,19266130,-125,52,-110,0,0
L,19269170,VALID,25.031,0.283,1
4,951,19276212,-111,-3456,7455,0,0
37,951,19276252,-3667,64,57,15968,0
13,953,19286210,-81,31,-72,0,0
4,952,19296303,-106,-3463,7449,0,0
37,952,19296344,-3671,64,54,15966,0
13,954,19306242,-29,0,-5,0,0
4,953,19316561,-83,-3478,7453,0,0
37,953,19316601,-3670,65,54,15967,0
13,955,19326501,-28,-3,7,0,0
4,954,19336587,-97,-3446,7473,0,0
37,954,19336627,-3676,65,55,15966,0
13,956,19346534,-104,1,-6,0,0
4,955,19356714,-92,-3505,7416,0,0
37,955,19356781,-3684,65,54,15964,0
13,957,19366760,-80,11,-20,0,0
L,19369624,VALID,25.216,0.291,1
4,956,19376737,-92,-3537,7422,0,0
37,956,19376778,-3690,66,50,15962,0
13,958,19386973,-46,21,-51,0,0
4,957,19397042,-77,-3536,7428,0,0
37,957,19397082,-3692,66,45,15962,0
13,959,19407008,-33,18,-52,0,0
4,958,19417050,-72,-3502,7451,0,0
37,958,19417091,-3694,67,41,15961,0
13,960,19426999,-37,12,-25,0,0
4,959,19437171,-62,-3519,7435,0,0
37,959,19437212,-3700,67,39,15960,0
13,961,19447230,-102,17,-40,0,0
4,960,19457301,-87,-3497,7437,0,0
37,960,19457342,-3708,69,35,15958,0
13,962,19467265,-101,25,-43,0,0
L,19470217,VALID,25.390,0.288,1
4,961,19477546,-115,-3483,7436,0,0
37,961,19477586,-3714,71,30,15957,0
13,963,19487377,-32,25,-41,0,0
4,962,19497561,-124,-3486,7447,0,0
37,962,19497601,-3712,72,29,15957,0
13,964,19507532,-7,0,0,0,0
4,963,19517712,-100,-3510,7445,0,0
37,963,19517753,-3714,72,29,15957,0
13,965,19527608,-49,3,0,0,0
4,964,19537830,-91,-3536,7425,0,0
37,964,19537871,-3717,72,28,15956,0
13,966,19547816,-30,7,-4,0,0
4,965,19557988,-88,-3521,7439,0,0
37,965,19558028,-3720,73,28,15955,0
13,967,19567866,-58,10,-9,0,0
L,19570635,VALID,25.477,0.305,1
4,966,19578058,-102,-3532,7431,0,0
37,966,19578098,-3725,74,26,15954,0
13,968,19587995,-86,20,-33,0,0
4,967,19598132,-102,-3541,7423,0,0
37,967,19598172,-3733,76,21,15952,0
13,969,19608166,-76,16,-41,0,0
4,968,19618290,-96,-3541,7406,0,0
37,968,19618330,-3737,75,20,15951,0
13,970,19628270,-36,-4,-6,0,0
4,969,19638513,-95,-3555,7413,0,0
37,969,19638554,-3738,75,20,15951,0
13,971,19648400,-17,-8,-3,0,0
4,970,19658614,-93,-3542,7423,0,0
37,970,19658655,-3737,74,20,15951,0
13,972,19668511,-20,-14,0,0,0
L,19671271,VALID,25.599,0.299,1
4,971,19678668,-86,-3526,7441,0,0
37,971,19678708,-3739,73,20,15951,0
13,973,19688563,-76,-21,20,0,0
4,972,19698778,-76,-3528,7444,0,0
37,972,19698818,-3748,71,25,15949,0
13,974,19708767,-165,-31,66,0,0
4,973,19718959,-91,-3557,7422,0,0
37,973,19719000,-3767,70,32,15944,0
13,975,19728897,-239,-30,68,0,0
4,974,19739039,-89,-3619,7360,0,0
37,974,19739079,-3785,69,37,15940,0
13,976,19749044,-165,-8,40,0,0
4,975,19759159,-98,-3636,7362,0,0
37,975,19759200,-3795,70,40,15938,0
13,977,19769122,-86,0,18,0,0
L,19771794,VALID,26.014,0.305,1
4,976,19779200,-95,-3619,7381,0,0
37,976,19779240,-3800,70,41,15936,0
13,978,19789274,-59,-6,11,0,0
4,977,19799465,-97,-3613,7392,0,0
37,977,19799506,-3804,70,42,15935,0
13,979,19809317,-52,-3,2,0,0
4,978,19819593,-94,-3638,7374,0,0
37,978,19819634,-3807,70,42,15935,0
13,980,19829481,-26,-2,-2,0,0
4,979,19839662,-102,-3606,7396,0,0
37,979,19839702,-3808,70,42,15934,0
13,981,19849602,-38,0,2,0,0
4,980,19859659,-87,-3617,7377,0,0
37,980,19859699,-3812,70,43,15934,0
13,982,19869878,-46,-9,14,0,0
L,19872630,VALID,26.136,0.311,1
4,981,19880036,-99,-3637,7368,0,0
37,981,19880077,-3814,69,44,15933,0
13,983,19889880,-23,-7,6,0,0
4,982,19900013,-94,-3627,7373,0,0
37,982,19900054,-3816,69,45,15933,0
13,984,19910083,-26,-2,-2,0,0
4,983,19920177,-86,-3622,7377,0,0
37,983,19920218,-3818,69,44,15932,0
13,985,19930256,-35,-3,-3,0,0
4,984,19940299,-81,-3644,7359,0,0
37,984,19940340,-3820,68,44,15932,0
13,986,19950288,-20,0,-2,0,0
4,985,19960496,-93,-3642,7370,0,0
37,985,19960536,-3820,68,44,15932,0
13,987,19970341,-10,0,-3,0,0
L,19973032,VALID,26.194,0.299,1
4,986,19980575,-90,-3627,7374,0,0
37,986,19980643,-3818,69,44,15932,0
13,988,19990547,-12,-2,-1,0,0
4,987,20000773,-98,-3646,7367,0,0
37,987,20000814,-3818,69,44,15932,0
13,989,20010653,-1,-5,-2,0,0
4,988,20020789,-101,-3697,7330,0,0
37,988,20020830,-3814,69,43,15933,0
13,990,20030893,60,12,-50,0,0
4,989,20041020,-83,-3614,7376,0,0
37,989,20041060,-3808,69,36,15935,0
13,991,20050925,55,22,-53,0,0
4,990,20060933,-86,-3584,7408,0,0
37,990,20060974,-3804,70,33,15936,0
13,992,20071055,-6,7,-16,0,0
L,20073746,VALID,26.079,0.294,1
4,991,20081263,-82,-3618,7385,0,0
37,991,20081303,-3808,70,33,15935,0
13,993,20091166,-51,2,-4,0,0
4,992,20101252,-88,-3636,7365,0,0
37,992,20101292,-3810,70,32,15934,0
13,994,20111320,-23,0,-3,0,0
4,993,20121418,-80,-3623,7380,0,0
37,993,20121458,-3811,70,32,15934,0
13,995,20131434,-33,5,-1,0,0
4,994,20141554,-79,-3643,7378,0,0
37,994,20141594,-3814,71,32,15933,0
13,996,20151500,-32,3,2,0,0
4,995,20161716,-91,-3651,7350,0,0
37,995,20161757,-3815,71,32,15933,0
13,997,20171657,-11,0,-2,0,0
L,20174330,VALID,26.159,0.300,1
4,996,20181725,-94,-3635,7369,0,0
37,996,20181765,-3814,72,32,15933,0
13,998,20191699,-22,3,-2,0,0
4,997,20201930,-93,-3649,7368,0,0
37,997,20201971,-3815,72,32,15933,0
13,999,20211888,-15,5,-1,0,0
4,998,20221973,-86,-3660,7368,0,0
37,998,20222014,-3816,73,31,15933,0
13,1000,20231998,-25,7,-4,0,0
4,999,20242122,-94,-3665,7363,0,0
37,999,20242162,-3817,73,30,15932,0
13,1001,20252172,-21,14,-28,0,0
4,1000,20262219,-105,-3642,7381,0,0
37,1000,20262259,-3819,75,26,15932,0
13,1002,20272166,-35,17,-32,0,0
L,20275097,VALID,26.188,0.317,1
4,1001,20282527,-95,-3658,7361,0,0
37,1001,20282567,-3821,75,25,15931,0
13,1003,20292360,-11,3,-2,0,0
4,1002,20302454,-93,-3650,7361,0,0
37,1002,20302495,-3819,76,25,15932,0
13,1004,20312523,-4,1,-4,0,0
4,1003,20322653,-97,-3655,7367,0,0
37,1003,20322693,-3818,76,24,15932,0
13,1005,20332610,-6,0,-8,0,0
4,1004,20342738,-87,-3640,7375,0,0
37,1004,20342779,-3818,76,24,15932,0
13,1006,20352747,-27,1,-4,0,0
4,1005,20362937,-84,-3634,7366,0,0
37,1005,20362978,-3821,76,24,15931,0
13,1007,20372843,-54,2,-1,0,0
L,20375619,VALID,26.203,0.321,1
4,1006,20383026,-83,-3674,7356,0,0
37,1006,20383067,-3826,77,24,15930,0
13,1008,20393031,-58,12,-5,0,0
4,1007,20403100,-94,-3677,7356,0,0
37,1007,20403140,-3831,78,22,15929,0
13,1009,20413125,-67,20,-32,0,0
4,1008,20423176,-94,-3684,7336,0,0
37,1008,20423217,-3837,79,17,15927,0
13,1010,20433142,-76,33,-72,0,0
4,1009,20443375,-96,-3707,7357,0,0
37,1009,20443415,-3844,81,8,15926,0
13,1011,20453347,-91,58,-113,0,0
4,1010,20463393,-84,-3675,7348,0,0
37,1010,20463433,-3850,84,0,15924,0
13,1012,20473364,-44,30,-55,0,0
L,20476325,VALID,26.413,0.336,1
4,1011,20483652,-106,-3693,7347,0,0
37,1011,20483693,-3852,85,-4,15924,0
13,1013,20493573,-27,21,-48,0,0
4,1012,20503704,-89,-3682,7340,0,0
37,1012,20503744,-3854,85,-8,15924,0
13,1014,20513643,-8,9,-21,0,0
4,1013,20523865,-86,-3681,7346,0,0
37,1013,20523905,-3852,86,-9,15924,0
13,1015,20533864,-2,4,-6,0,0
4,1014,20543912,-98,-3699,7348,0,0
37,1014,20543952,-3851,86,-10,15924,0
13,1016,20553881,-6,1,-9,0,0
4,1015,20563982,-93,-3694,7346,0,0
37,1015,20564023,-3850,86,-10,15924,0
13,1017,20573948,-6,0,0,0,0
L,20576535,VALID,26.413,0.333,1
4,1016,20584112,-91,-3689,7353,0,0
37,1016,20584153,-3849,87,-10,15925,0
13,1018,20594018,-17,2,-3,0,0
4,1017,20604282,-92,-3688,7345,0,0
37,1017,20604323,-3852,87,-10,15924,0
13,1019,20614173,-48,-3,0,0,0
4,1018,20624239,-88,-3728,7317,0,0
37,1018,20624280,-3854,86,-10,15923,0
13,1020,20634424,8,-2,0,0,0
4,1019,20644507,-92,-3703,7341,0,0
37,1019,20644548,-3851,86,-10,15924,0
13,1021,20654525,41,-2,0,0,0
4,1020,20664550,-95,-3674,7355,0,0
37,1020,20664591,-3847,87,-10,15925,0
13,1022,20674601,-4,3,2,0,0
L,20677171,VALID,26.391,0.340,1
4,1021,20684830,-103,-3695,7342,0,0
37,1021,20684870,-3848,87,-9,15925,0
13,1023,20694835,-23,1,1,0,0
4,1022,20704877,-96,-3711,7328,0,0
37,1022,20704917,-3848,88,-9,15925,0
13,1024,20714920,2,-1,4,0,0
4,1023,20725048,-90,-3699,7356,0,0
37,1023,20725089,-3847,88,-9,15925,0
13,1025,20734998,-18,-1,0,0,0
4,1024,20745126,-90,-3719,7339,0,0
37,1024,20745167,-3851,88,-10,15924,0
13,1026,20755189,-62,18,-37,0,0
4,1025,20765280,-106,-3704,7321,0,0
37,1025,20765321,-3856,89,-15,15923,0
13,1027,20775296,-44,30,-58,0,0
L,20778241,VALID,26.456,0.345,1
4,1026,20785343,-91,-3670,7333,0,0
37,1026,20785384,-3858,91,-20,15922,0
13,1028,20795402,-45,23,-37,0,0
4,1027,20805506,-95,-3690,7352,0,0
37,1027,20805546,-3863,92,-21,15921,0
13,1029,20815401,-78,1,7,0,0
4,1028,20825639,-83,-3728,7324,0,0
37,1028,20825680,-3871,91,-20,15919,0
13,1030,20835626,-71,-5,15,0,0
4,1029,20845831,-112,-3746,7313,0,0
37,1029,20845872,-3875,92,-19,15918,0
13,1031,20855712,-27,-3,0,0,0
4,1030,20865830,-87,-3742,7313,0,0
37,1030,20865898,-3875,91,-19,15918,0
13,1032,20875849,4,-2,-1,0,0
L,20878530,VALID,26.593,0.352,1
4,1031,20885928,-94,-3727,7331,0,0
37,1031,20885968,-3873,91,-19,15919,0
13,1033,20896115,0,-2,0,0,0
4,1032,20906070,-89,-3728,7328,0,0
37,1032,20906111,-3872,91,-19,15919,0
13,1034,20916148,1,1,2,0,0
4,1033,20926277,-93,-3720,7338,0,0
37,1033,20926317,-3871,92,-18,15919,0
13,1035,20936115,-20,-4,17,0,0
4,1034,20946276,-75,-3753,7322,0,0
37,1034,20946316,-3874,91,-16,15918,0
13,1036,20956364,-31,-5,12,0,0
4,1035,20966502,-96,-3741,7320,0,0
37,1035,20966542,-3875,92,-16,15918,0
13,1037,20976434,-22,-4,1,0,0
L,20979183,VALID,26.593,0.364,1
4,1036,20986537,-127,-3740,7323,0,0
37,1036,20986577,-3876,92,-15,15918,0
13,1038,20996518,-9,-6,5,0,0
4,1037,21006768,-110,-3725,7333,0,0
37,1037,21006808,-3876,92,-15,15918,0
13,1039,21016695,-19,-3,-2,0,0
4,1038,21026802,-102,-3740,7316,0,0
37,1038,21026843,-3876,92,-15,15918,0
13,1040,21036743,-10,4,-11,0,0
4,1039,21046994,-88,-3734,7325,0,0
37,1039,21047034,-3878,92,-17,15918,0
13,1041,21056931,-32,8,-23,0,0
4,1040,21067025,-97,-3750,7308,0,0
37,1040,21067066,-3881,93,-20,15917,0
13,1042,21076999,-27,11,-32,0,0
L,21079949,VALID,26.636,0.364,1
4,1041,21087286,-99,-3746,7326,0,0
37,1041,21087326,-3882,93,-22,15916,0
13,1043,21097147,-31,12,-35,0,0
4,1042,21107265,-93,-3743,7318,0,0
37,1042,21107306,-3884,93,-26,15916,0
13,1044,21117335,-5,8,-21,0,0
4,1043,21127465,-100,-3751,7321,0,0
37,1043,21127506,-3883,94,-27,15916,0
13,1045,21137397,0,13,-28,0,0
4,1044,21147534,-76,-3735,7326,0,0
37,1044,21147574,-3883,95,-31,15916,0
13,1046,21157540,-25,22,-36,0,0
4,1045,21167843,-90,-3740,7312,0,0
37,1045,21167883,-3886,96,-33,15916,0
13,1047,21177662,-32,10,-14,0,0
L,21180612,VALID,26.672,0.363,1
4,1046,21187731,-94,-3747,7317,0,0
37,1046,21187772,-3888,96,-34,15915,0
13,1048,21197693,-35,-1,2,0,0
4,1047,21207942,-84,-3773,7294,0,0
37,1047,21207982,-3892,96,-33,15914,0
13,1049,21217858,-26,-4,2,0,0
4,1048,21227986,-62,-3790,7296,0,0
37,1048,21228026,-3894,95,-34,15914,0
13,1050,21238013,-19,4,-25,0,0
4,1049,21248238,-114,-3754,7300,0,0
37,1049,21248279,-3893,96,-36,15914,0
13,1051,21258100,15,3,-14,0,0
4,1050,21268271,-86,-3762,7314,0,0
37,1050,21268312,-3891,96,-39,15914,0
13,1052,21278280,3,20,-51,0,0
L,21281056,VALID,26.709,0.353,1
4,1051,21288407,-94,-3754,7319,0,0
37,1051,21288447,-3892,97,-44,15914,0
13,1053,21298434,-16,22,-47,0,0
4,1052,21308504,-117,-3710,7323,0,0
37,1052,21308544,-3891,98,-46,15914,0
13,1054,21318443,-4,-6,4,0,0
4,1053,21328846,-102,-3744,7337,0,0
37,1053,21328886,-3891,98,-45,15914,0
13,1055,21338617,-21,-6,8,0,0
4,1054,21348760,-95,-3766,7297,0,0
37,1054,21348800,-3893,98,-44,15914,0
13,1056,21358743,-9,-4,8,0,0
4,1055,21368845,-79,-3771,7302,0,0
37,1055,21368885,-3892,98,-43,15914,0
13,1057,21379037,-8,3,0,0,0
L,21381623,VALID,26.716,0.360,1
4,1056,21389107,-83,-3746,7322,0,0
37,1056,21389147,-3894,98,-43,15914,0
13,1058,21399048,-44,0,8,0,0
4,1057,21409310,-122,-3734,7334,0,0
37,1057,21409351,-3898,99,-42,15913,0
13,1059,21419226,-61,-11,18,0,0
4,1058,21429346,-109,-3763,7306,0,0
37,1058,21429386,-3903,98,-40,15911,0
13,1060,21439407,-45,-11,10,0,0
4,1059,21449545,-94,-3790,7275,0,0
37,1059,21449585,-3905,97,-40,15911,0
13,1061,21459501,4,-3,-2,0,0
4,1060,21469558,-102,-3769,7303,0,0
37,1060,21469599,-3903,98,-40,15911,0
13,1062,21479518,12,0,0,0,0
L,21482085,VALID,26.796,0.365,1
4,1061,21489896,-103,-3756,7318,0,0
37,1061,21489937,-3902,98,-40,15912,0
13,1063,21499717,-32,2,0,0,0
4,1062,21509895,-103,-3771,7293,0,0
37,1062,21509936,-3906,98,-40,15911,0
13,1064,21519838,-37,1,-1,0,0
4,1063,21530017,-89,-3787,7287,0,0
37,1063,21530057,-3907,98,-40,15910,0
13,1065,21540076,-1,2,-1,0,0
4,1064,21550129,-96,-3778,7286,0,0
37,1064,21550170,-3906,99,-40,15911,0
13,1066,21560145,5,-2,0,0,0
4,1065,21570229,-93,-3774,7306,0,0
37,1065,21570270,-3905,99,-40,15911,0
13,1067,21580283,0,1,-1,0,0
L,21582886,VALID,26.809,0.372,1
4,1066,21590463,-96,-3777,7291,0,0
37,1066,21590504,-3904,99,-40,15911,0
13,1068,21600378,10,0,0,0,0
4,1067,21610504,-104,-3780,7294,0,0
37,1067,21610545,-3902,99,-39,15912,0
13,1069,21620524,23,-2,0,0,0
4,1068,21630505,-102,-3760,7308,0,0
37,1068,21630546,-3899,99,-39,15912,0
13,1070,21640681,9,-3,0,0,0
4,1069,21650900,-100,-3765,7299,0,0
37,1069,21650941,-3897,99,-39,15913,0
13,1071,21660756,15,-7,-2,0,0
4,1070,21670919,-84,-3764,7311,0,0
37,1070,21670960,-3895,98,-39,15913,0
13,1072,21680910,6,-4,0,0,0
L,21683505,VALID,26.738,0.367,1
4,1071,21690987,-99,-3762,7304,0,0
37,1071,21691027,-3894,98,-39,15914,0
13,1073,21700910,1,-2,-2,0,0
4,1072,21711088,-95,-3777,7306,0,0
37,1072,21711129,-3894,98,-39,15914,0
13,1074,21721124,-2,-2,-2,0,0
4,1073,21731303,-97,-3779,7293,0,0
37,1073,21731343,-3893,98,-39,15914,0
13,1075,21741280,11,-5,0,0,0
4,1074,21751329,-95,-3767,7313,0,0
37,1074,21751397,-3892,98,-39,15914,0
13,1076,21761436,-15,-4,-1,0,0
4,1075,21771539,-89,-3761,7301,0,0
37,1075,21771580,-3894,98,-39,15914,0
13,1077,21781461,-31,0,-2,0,0
L,21784236,VALID,26.730,0.367,1
4,1076,21791693,-90,-3777,7295,0,0
37,1076,21791734,-3897,98,-39,15913,0
13,1078,21801622,-24,0,-1,0,0
4,1077,21811811,-96,-3779,7298,0,0
37,1077,21811852,-3896,98,-40,15913,0
13,1079,21821787,3,1,-3,0,0
4,1078,21831871,-96,-3770,7316,0,0
37,1078,21831911,-3896,98,-40,15913,0
13,1080,21841881,-13,4,-11,0,0
4,1079,21852043,-104,-3792,7298,0,0
37,1079,21852084,-3898,99,-43,15912,0
13,1081,21862020,-38,28,-62,0,0
4,1080,21872088,-95,-3764,7304,0,0
37,1080,21872156,-3901,100,-47,15912,0
13,1082,21882096,-14,0,-6,0,0
L,21884872,VALID,26.781,0.367,1
4,1081,21892364,-102,-3798,7285,0,0
37,1081,21892405,-3901,100,-47,15912,0
13,1083,21902260,13,2,0,0,0
4,1082,21912326,-104,-3768,7306,0,0
37,1082,21912366,-3899,101,-47,15912,0
13,1084,21922414,4,5,-3,0,0
4,1083,21932500,-100,-3790,7291,0,0
37,1083,21932540,-3899,102,-47,15912,0
13,1085,21942475,4,2,0,0,0
4,1084,21952585,-89,-3795,7284,0,0
37,1084,21952625,-3897,102,-47,15913,0
13,1086,21962664,32,0,-2,0,0
4,1085,21972834,-86,-3774,7301,0,0
37,1085,21972874,-3892,102,-47,15914,0
13,1087,21982690,52,-6,-2,0,0
L,21985474,VALID,26.716,0.381,1
4,1086,21992904,-85,-3757,7326,0,0
37,1086,21992973,-3889,101,-48,15915,0
13,1088,22002905,14,0,-1,0,0
4,1087,22013068,-87,-3764,7309,0,0
37,1087,22013109,-3888,101,-48,15915,0
13,1089,22022990,-13,1,-1,0,0
4,1088,22033098,-95,-3769,7313,0,0
37,1088,22033139,-3889,102,-48,15915,0
13,1090,22043221,-26,0,-1,0,0
4,1089,22053341,-97,-3768,7301,0,0
37,1089,22053381,-3892,101,-48,15914,0
13,1091,22063273,-35,-6,0,0,0
4,1090,22073305,-97,-3786,7287,0,0
37,1090,22073346,-3893,101,-47,15914,0
13,1092,22083325,2,-2,0,0,0
L,22085910,VALID,26.723,0.374,1
4,1091,22093564,-97,-3764,7306,0,0
37,1091,22093605,-3892,101,-47,15914,0
13,1093,22103403,-5,-1,-2,0,0
4,1092,22113572,-92,-3779,7302,0,0
37,1092,22113613,-3893,102,-48,15914,0
13,1094,22123557,-21,2,-2,0,0
4,1093,22133772,-95,-3787,7299,0,0
37,1093,22133812,-3894,102,-48,15914,0
13,1095,22143800,-3,0,0,0,0
4,1094,22153839,-92,-3780,7299,0,0
37,1094,22153880,-3893,102,-48,15914,0
13,1096,22163908,10,0,0,0,0
4,1095,22173968,-101,-3772,7300,0,0
37,1095,22174008,-3892,102,-48,15914,0
13,1097,22183978,-3,0,0,0,0
L,22186546,VALID,26.716,0.379,1
4,1096,22194081,-88,-3771,7298,0,0
37,1096,22194122,-3892,102,-48,15914,0
13,1098,22204202,-9,0,0,0,0
4,1097,22214380,-103,-3788,7295,0,0
37,1097,22214421,-3893,103,-47,15914,0
13,1099,22224263,-8,0,-3,0,0
4,1098,22234380,-103,-3801,7280,0,0
37,1098,22234421,-3892,103,-48,15914,0
13,1100,22244401,33,2,-1,0,0
4,1099,22254563,-103,-3778,7318,0,0
37,1099,22254604,-3888,103,-48,15915,0
13,1101,22264584,23,0,-2,0,0
4,1100,22274562,-105,-3753,7316,0,0
37,1100,22274603,-3886,104,-48,15915,0
13,1102,22284683,-16,0,-2,0,0
L,22287469,VALID,26.674,0.393,1
4,1101,22294839,-100,-3777,7300,0,0
37,1101,22294880,-3890,103,-48,15914,0
13,1103,22304805,-42,0,-1,0,0
4,1102,22314863,-95,-3780,7309,0,0
37,1102,22314903,-3894,104,-48,15914,0
13,1104,22324810,-55,1,0,0,0
4,1103,22335068,-99,-3795,7291,0,0
37,1103,22335108,-3898,104,-48,15912,0
13,1105,22345071,-38,2,-1,0,0
4,1104,22355173,-86,-3782,7309,0,0
37,1104,22355213,-3901,104,-48,15912,0
13,1106,22365139,-56,4,-4,0,0
4,1105,22375389,-102,-3791,7295,0,0
37,1105,22375429,-3907,105,-49,15910,0
13,1107,22385330,-64,4,-5,0,0
L,22388096,VALID,26.825,0.397,1
4,1106,22395339,-95,-3814,7279,0,0
37,1106,22395379,-3912,104,-49,15909,0
13,1108,22405612,-29,-1,-2,0,0
4,1107,22415593,-94,-3807,7291,0,0
37,1107,22415634,-3913,104,-49,15909,0
13,1109,22425629,-29,0,0,0,0
4,1108,22435643,-98,-3804,7288,0,0
37,1108,22435684,-3919,104,-49,15907,0
13,1110,22445594,-65,-3,0,0,0
4,1109,22455902,-95,-3824,7277,0,0
37,1109,22455942,-3922,105,-49,15907,0
13,1111,22465879,-23,5,-2,0,0
4,1110,22475954,-95,-3820,7283,0,0
37,1110,22475995,-3923,105,-50,15906,0
13,1112,22485947,-12,2,-3,0,0
L,22488697,VALID,26.940,0.395,1
4,1111,22496102,-97,-3806,7281,0,0
37,1111,22496142,-3924,105,-50,15906,0
13,1113,22506085,-22,-1,-1,0,0
4,1112,22516249,-97,-3815,7289,0,0
37,1112,22516289,-3925,105,-50,15906,0
13,1114,22526251,-13,2,-1,0,0
4,1113,22536427,-106,-3814,7275,0,0
37,1113,22536467,-3926,106,-50,15906,0
13,1115,22546300,-14,-2,0,0,0
4,1114,22556522,-100,-3817,7279,0,0
37,1114,22556562,-3927,106,-50,15905,0
13,1116,22566533,2,1,0,0,0
4,1115,22576642,-87,-3823,7266,0,0
37,1115,22576682,-3925,106,-50,15906,0
13,1117,22586601,34,0,0,0,0
L,22589203,VALID,26.954,0.402,1
4,1116,22596779,-99,-3817,7294,0,0
37,1116,22596819,-3922,106,-50,15907,0
13,1118,22606765,27,-3,0,0,0
4,1117,22616942,-91,-3829,7277,0,0
37,1117,22616982,-3919,106,-49,15907,0
13,1119,22626936,41,-4,5,0,0
4,1118,22637065,-94,-3794,7299,0,0
37,1118,22637106,-3916,106,-49,15908,0
13,1120,22647033,10,-7,9,0,0
4,1119,22657209,-97,-3793,7289,0,0
37,1119,22657250,-3916,105,-47,15908,0
13,1121,22667211,-21,-8,10,0,0
4,1120,22677366,-98,-3800,7291,0,0
37,1120,22677406,-3919,105,-47,15907,0
13,1122,22687306,-40,2,-1,0,0
L,22690073,VALID,26.912,0.401,1
4,1121,22697521,-101,-3820,7274,0,0
37,1121,22697561,-3922,105,-47,15907,0
13,1123,22707350,-20,0,0,0,0
4,1122,22717621,-98,-3812,7277,0,0
37,1122,22717661,-3924,105,-47,15906,0
13,1124,22727547,-30,-2,0,0,0
4,1123,22737698,-91,-3815,7277,0,0
37,1123,22737739,-3926,105,-46,15906,0
13,1125,22747693,-43,-7,13,0,0
4,1124,22757803,-98,-3824,7277,0,0
37,1124,22757871,-3931,105,-45,15904,0
13,1126,22767858,-43,-2,8,0,0
4,1125,22778080,-89,-3819,7279,0,0
37,1125,22778120,-3934,105,-45,15904,0
13,1127,22787953,-36,0,1,0,0
L,22790622,VALID,27.018,0.404,1
4,1126,22798018,-101,-3824,7268,0,0
37,1126,22798059,-3937,105,-44,15903,0
13,1128,22808096,-33,-1,0,0,0
4,1127,22818249,-97,-3832,7276,0,0
37,1127,22818290,-3939,105,-44,15903,0
13,1129,22828140,-12,1,-2,0,0
4,1128,22838448,-102,-3828,7278,0,0
37,1128,22838488,-3939,106,-45,15902,0
13,1130,22848339,-25,1,-2,0,0
4,1129,22858542,-95,-3823,7278,0,0
37,1129,22858582,-3943,106,-45,15901,0
13,1131,22868476,-54,0,2,0,0
4,1130,22878524,-94,-3852,7259,0,0
37,1130,22878565,-3948,106,-45,15900,0
13,1132,22888726,-37,3,0,0,0
L,22891389,VALID,27.120,0.410,1
4,1131,22898838,-101,-3831,7281,0,0
37,1131,22898878,-3950,106,-45,15900,0
13,1133,22908744,-47,3,3,0,0
4,1132,22918861,-98,-3820,7288,0,0
37,1132,22918901,-3956,107,-43,15898,0
13,1134,22928895,-103,-11,28,0,0
4,1133,22939086,-108,-3847,7256,0,0
37,1133,22939127,-3966,106,-41,15896,0
13,1135,22949061,-91,-4,8,0,0
4,1134,22959152,-94,-3867,7248,0,0
37,1134,22959193,-3972,106,-41,15894,0
13,1136,22969146,-49,-2,-2,0,0
4,1135,22979238,-110,-3866,7262,0,0
37,1135,22979279,-3975,106,-41,15893,0
13,1137,22989136,-38,-3,-1,0,0
L,22992016,VALID,27.315,0.417,1
4,1136,22999395,-106,-3883,7248,0,0
37,1136,22999463,-3978,106,-41,15893,0
13,1138,23009362,-11,-5,-3,0,0
4,1137,23019652,-95,-3871,7261,0,0
37,1137,23019693,-3978,106,-41,15893,0
13,1139,23029492,-8,-1,0,0,0
4,1138,23039642,-84,-3883,7238,0,0
37,1138,23039683,-3980,105,-40,15892,0
13,1140,23049747,-3,-8,14,0,0
4,1139,23059807,-102,-3896,7235,0,0
37,1139,23059848,-3978,105,-38,15893,0
13,1141,23069791,54,-6,13,0,0
4,1140,23079787,-85,-3886,7253,0,0
37,1140,23079828,-3972,105,-38,15894,0
13,1142,23089936,57,6,-16,0,0
L,23092696,VALID,27.293,0.415,1
4,1141,23100185,-88,-3839,7293,0,0
37,1141,23100226,-3969,105,-42,15895,0
13,1143,23110032,-12,19,-36,0,0
4,1142,23120090,-91,-3864,7247,0,0
37,1142,23120131,-3972,106,-45,15894,0
13,1144,23130160,-26,15,-31,0,0
4,1143,23140175,-78,-3884,7242,0,0
37,1143,23140242,-3975,107,-48,15893,0
13,1145,23150308,-47,26,-51,0,0
4,1144,23160429,-109,-3846,7264,0,0
37,1144,23160469,-3980,108,-53,15892,0
13,1146,23170349,-80,21,-43,0,0
4,1145,23180641,-116,-3851,7263,0,0
37,1145,23180682,-3988,109,-55,15890,0
13,1147,23190540,-93,5,-9,0,0
L,23193323,VALID,27.409,0.413,1
4,1146,23200581,-117,-3887,7238,0,0
37,1146,23200622,-3994,110,-57,15888,0
13,1148,23210547,-58,7,-11,0,0
4,1147,23220758,-117,-3881,7248,0,0
37,1147,23220799,-3999,110,-57,15887,0
13,1149,23230788,-38,2,-1,0,0
4,1148,23240846,-87,-3890,7241,0,0
37,1148,23240886,-4001,110,-57,15887,0
13,1150,23250916,-20,-6,8,0,0
4,1149,23261122,-69,-3917,7236,0,0
37,1149,23261162,-4004,109,-56,15886,0
13,1151,23271073,-59,0,1,0,0
4,1150,23281132,-114,-3868,7251,0,0
37,1150,23281173,-4010,110,-56,15885,0
13,1152,23291081,-69,5,-5,0,0
L,23293829,VALID,27.567,0.418,1
4,1151,23301399,-119,-3887,7230,0,0
37,1151,23301439,-4015,110,-57,15883,0
13,1153,23311260,-35,2,-4,0,0
4,1152,23321377,-110,-3918,7211,0,0
37,1152,23321418,-4016,111,-57,15883,0
13,1154,23331441,25,6,-14,0,0
4,1153,23341670,-95,-3903,7234,0,0
37,1153,23341711,-4012,111,-60,15884,0
13,1155,23351553,32,6,-22,0,0
4,1154,23361705,-98,-3877,7246,0,0
37,1154,23361746,-4010,110,-60,15885,0
13,1156,23371690,13,-7,1,0,0
4,1155,23381869,-105,-3899,7238,0,0
37,1155,23381910,-4009,110,-60,15885,0
13,1157,23391785,11,-3,0,0,0
L,23394482,VALID,27.560,0.411,1
4,1156,23402000,-100,-3898,7232,0,0
37,1156,23402040,-4007,110,-60,15885,0
13,1158,23411984,20,-4,-1,0,0
4,1157,23422180,-95,-3895,7239,0,0
37,1157,23422221,-4005,110,-60,15886,0
13,1159,23432110,28,-3,-1,0,0
4,1158,23442178,-98,-3887,7241,0,0
37,1158,23442218,-4003,110,-60,15886,0
13,1160,23452206,22,1,-3,0,0
4,1159,23462339,-107,-3919,7238,0,0
37,1159,23462379,-4001,110,-61,15887,0
13,1161,23472413,28,11,-26,0,0
4,1160,23482446,-94,-3855,7264,0,0
37,1160,23482486,-3999,111,-65,15887,0
13,1162,23492472,-7,9,-26,0,0
L,23495274,VALID,27.489,0.409,1
4,1161,23502801,-102,-3892,7227,0,0
37,1161,23502842,-3999,111,-65,15887,0
13,1163,23512712,13,-2,-4,0,0
4,1162,23522827,-93,-3886,7243,0,0
37,1162,23522867,-3997,111,-66,15888,0
13,1164,23532757,22,1,-7,0,0
4,1163,23542953,-103,-3882,7241,0,0
37,1163,23542994,-3995,111,-66,15888,0
13,1165,23553015,22,1,-2,0,0
4,1164,23563065,-89,-3879,7250,0,0
37,1164,23563106,-3993,111,-66,15889,0
13,1166,23573057,5,1,-2,0,0
4,1165,23583194,-97,-3894,7234,0,0
37,1165,23583234,-3993,111,-67,15889,0
13,1167,23593126,13,0,-8,0,0
L,23595797,VALID,27.445,0.406,1
4,1166,23603331,-98,-3876,7245,0,0
37,1166,23603371,-3992,111,-68,15889,0
13,1168,23613186,1,1,-13,0,0
4,1167,23623440,-103,-3894,7238,0,0
37,1167,23623480,-3992,112,-68,15889,0
13,1169,23633402,24,1,-2,0,0
4,1168,23643458,-101,-3882,7239,0,0
37,1168,23643499,-3987,112,-69,15890,0
13,1170,23653627,53,2,-5,0,0
4,1169,23663743,-90,-3859,7259,0,0
37,1169,23663783,-3983,112,-69,15891,0
13,1171,23673753,22,-1,0,0,0
4,1170,23683751,-88,-3884,7243,0,0
37,1170,23683791,-3982,111,-69,15892,0
13,1172,23693804,16,-1,2,0,0
L,23696486,VALID,27.365,0.403,1
4,1171,23703968,-98,-3858,7249,0,0
37,1171,23704009,-3980,112,-69,15892,0
13,1173,23714038,9,1,0,0,0
4,1172,23724120,-103,-3872,7249,0,0
37,1172,23724161,-3980,112,-69,15892,0
13,1174,23734107,10,1,-2,0,0
4,1173,23744345,-93,-3879,7254,0,0
37,1173,23744413,-3979,112,-69,15892,0
13,1175,23754244,7,-2,3,0,0
4,1174,23764335,-100,-3859,7253,0,0
37,1174,23764402,-3978,112,-68,15892,0
13,1176,23774410,-14,-5,10,0,0
4,1175,23784452,-101,-3884,7233,0,0
37,1175,23784493,-3980,112,-67,15892,0
13,1177,23794536,10,-1,1,0,0
L,23797208,VALID,27.352,0.413,1
4,1176,23804622,-98,-3879,7252,0,0
37,1176,23804663,-3978,113,-67,15892,0
13,1178,23814639,10,3,0,0,0
4,1177,23824836,-107,-3859,7259,0,0
37,1177,23824876,-3978,113,-67,15893,0
13,1179,23834656,-17,2,-1,0,0
4,1178,23844912,-99,-3871,7249,0,0
37,1178,23844952,-3981,113,-67,15892,0
13,1180,23854906,-33,5,-3,0,0
4,1179,23865101,-113,-3883,7232,0,0
37,1179,23865142,-3983,114,-68,15891,0
13,1181,23875000,-14,2,-6,0,0
4,1180,23885145,-111,-3881,7249,0,0
37,1180,23885213,-3985,115,-68,15891,0
13,1182,23895201,-14,1,-5,0,0
L,23897957,VALID,27.388,0.432,1
4,1181,23905329,-97,-3873,7248,0,0
37,1181,23905370,-3986,115,-68,15891,0
13,1183,23915465,-16,1,-1,0,0
4,1182,23925402,-103,-3886,7247,0,0
37,1182,23925442,-3987,115,-69,15890,0
13,1184,23935481,-5,0,-4,0,0
4,1183,23945566,-101,-3883,7243,0,0
37,1183,23945606,-3987,116,-69,15890,0
13,1185,23955447,15,1,-9,0,0
4,1184,23965623,-101,-3878,7247,0,0
37,1184,23965663,-3984,116,-71,15891,0
13,1186,23975697,6,12,-25,0,0
4,1185,23985928,-108,-3859,7256,0,0
37,1185,23985968,-3985,116,-72,15891,0
13,1187,23995784,-14,-1,-3,0,0
L,23998663,VALID,27.388,0.432,1
4,1186,24005921,-97,-3874,7238,0,0
37,1186,24005961,-3986,116,-72,15890,0
13,1188,24015920,-13,-5,5,0,0
4,1187,24026136,-99,-3881,7238,0,0
37,1187,24026176,-3987,116,-71,15890,0
13,1189,24036078,-1,-2,5,0,0
4,1188,24046186,-96,-3891,7249,0,0
37,1188,24046227,-3988,116,-71,15890,0
13,1190,24056158,-8,2,0,0,0
4,1189,24066487,-107,-3880,7239,0,0
37,1189,24066527,-3988,117,-71,15890,0
13,1191,24076387,-3,2,-2,0,0
4,1190,24086485,-107,-3892,7235,0,0
37,1190,24086526,-3989,118,-71,15890,0
13,1192,24096471,14,3,-5,0,0
L,24099134,VALID,27.417,0.447,1
4,1191,24106693,-102,-3894,7237,0,0
37,1191,24106734,-3986,118,-72,15890,0
13,1193,24116618,27,7,-21,0,0
4,1192,24126734,-106,-3877,7241,0,0
37,1192,24126775,-3984,118,-76,15891,0
13,1194,24136781,16,18,-39,0,0
4,1193,24146996,-101,-3865,7253,0,0
37,1193,24147037,-3982,119,-78,15891,0
13,1195,24156902,26,8,-16,0,0
4,1194,24167013,-95,-3874,7250,0,0
37,1194,24167054,-3980,119,-79,15892,0
13,1196,24177072,28,1,-4,0,0
4,1195,24187296,-101,-3867,7245,0,0
37,1195,24187336,-3977,119,-79,15893,0
13,1197,24197177,19,-5,0,0,0
L,24199875,VALID,27.330,0.440,1
4,1196,24207305,-99,-3875,7244,0,0
37,1196,24207346,-3976,118,-79,15893,0
13,1198,24217261,25,-6,0,0,0
4,1197,24227603,-113,-3872,7249,0,0
37,1197,24227643,-3973,118,-79,15894,0
13,1199,24237461,19,-2,0,0,0
4,1198,24247570,-100,-3862,7249,0,0
37,1198,24247611,-3972,118,-79,15894,0
13,1200,24257607,15,2,-4,0,0
4,1199,24267742,-98,-3863,7250,0,0
37,1199,24267809,-3971,119,-80,15894,0
13,1201,24277771,0,10,-13,0,0
4,1200,24287917,-104,-3855,7258,0,0
37,1200,24287958,-3972,120,-81,15894,0
13,1202,24297892,-23,6,-12,0,0
L,24300762,VALID,27.295,0.444,1
4,1201,24308105,-106,-3879,7242,0,0
37,1201,24308145,-3974,120,-82,15893,0
13,1203,24318072,-3,4,-10,0,0
4,1202,24328155,-104,-3866,7254,0,0
37,1202,24328196,-3974,120,-84,15893,0
13,1204,24338131,-2,9,-24,0,0
4,1203,24348438,-99,-3864,7248,0,0
37,1203,24348478,-3974,121,-86,15893,0
13,1205,24358295,4,8,-15,0,0
4,1204,24368448,-91,-3860,7253,0,0
37,1204,24368488,-3974,121,-87,15893,0
13,1206,24378432,-14,8,-12,0,0
4,1205,24388585,-90,-3860,7252,0,0
37,1205,24388626,-3976,121,-88,15893,0
13,1207,24398744,-20,4,-5,0,0
L,24401493,VALID,27.324,0.439,1
4,1206,24408788,-118,-3875,7247,0,0
37,1206,24408829,-3977,122,-88,15893,0
13,1208,24418743,-9,3,-1,0,0
4,1207,24428938,-102,-3869,7252,0,0
37,1207,24428978,-3978,123,-88,15892,0
13,1209,24438958,-16,8,3,0,0
4,1208,24449033,-105,-3886,7237,0,0
37,1208,24449073,-3980,124,-87,15892,0
13,1210,24459138,-6,2,9,0,0
4,1209,24469265,-110,-3905,7220,0,0
37,1209,24469305,-3978,124,-87,15892,0
13,1211,24479174,57,5,0,0,0
4,1210,24489280,-100,-3872,7246,0,0
37,1210,24489321,-3972,125,-87,15894,0
13,1212,24499232,53,8,-2,0,0
L,24501930,VALID,27.295,0.468,1
4,1211,24509533,-115,-3839,7255,0,0
37,1211,24509574,-3969,126,-87,15895,0
13,1213,24519414,1,7,1,0,0
4,1212,24529618,-107,-3875,7248,0,0
37,1212,24529659,-3970,127,-87,15894,0
13,1214,24539578,0,8,2,0,0
4,1213,24549797,-75,-3892,7240,0,0
37,1213,24549838,-3971,127,-88,15894,0
13,1215,24559818,-14,20,-17,0,0
4,1214,24569861,-85,-3888,7238,0,0
37,1214,24569901,-3972,130,-92,15894,0
13,1216,24579887,-23,30,-54,0,0
4,1215,24589928,-144,-3836,7260,0,0
37,1215,24589969,-3973,131,-96,15893,0
13,1217,24600033,-7,11,-15,0,0
L,24602922,VALID,27.304,0.493,1
4,1216,24610188,-146,-3847,7261,0,0
37,1216,24610228,-3972,132,-96,15894,0
13,1218,24620144,1,2,-2,0,0
4,1217,24630330,-103,-3870,7246,0,0
37,1217,24630371,-3973,132,-96,15894,0
13,1219,24640283,5,4,-5,0,0
4,1218,24650287,-106,-3856,7255,0,0
37,1218,24650327,-3972,133,-97,15894,0
13,1220,24660482,-1,14,-7,0,0
4,1219,24670633,-108,-3859,7261,0,0
37,1219,24670674,-3973,134,-98,15893,0
13,1221,24680549,-36,12,-4,0,0
4,1220,24690711,-113,-3866,7248,0,0
37,1220,24690752,-3977,136,-98,15893,0
13,1222,24700704,-36,18,-7,0,0
L,24703558,VALID,27.332,0.523,1
4,1221,24710850,-117,-3881,7240,0,0
37,1221,24710890,-3980,138,-100,15892,0
13,1223,24720713,-24,31,-23,0,0
4,1222,24730900,-115,-3867,7242,0,0
37,1222,24730940,-3981,139,-103,15891,0
13,1224,24740962,-18,23,-21,0,0
4,1223,24751099,-111,-3880,7234,0,0
37,1223,24751139,-3983,141,-105,15891,0
13,1225,24761101,-21,20,-9,0,0
4,1224,24771158,-128,-3859,7242,0,0
37,1224,24771226,-3985,143,-105,15890,0
13,1226,24781281,-35,18,-2,0,0
4,1225,24791435,-123,-3872,7240,0,0
37,1225,24791476,-3989,145,-106,15889,0
13,1227,24801265,-47,21,-1,0,0
L,24804160,VALID,27.421,0.570,1
4,1226,24811551,-118,-3901,7215,0,0
37,1226,24811592,-3993,146,-106,15888,0
13,1228,24821426,-14,20,-1,0,0
4,1227,24831604,-128,-3900,7223,0,0
37,1227,24831644,-3992,148,-107,15889,0
13,1229,24841625,25,8,-5,0,0
4,1228,24851732,-127,-3892,7241,0,0
37,1228,24851773,-3990,148,-107,15889,0
13,1230,24861710,23,5,0,0,0
4,1229,24871981,-129,-3882,7241,0,0
37,1229,24872050,-3987,149,-107,15890,0
13,1231,24881886,19,7,2,0,0
4,1230,24891912,-132,-3877,7242,0,0
37,1230,24891953,-3986,150,-107,15890,0
13,1232,24901994,15,11,-9,0,0
L,24904760,VALID,27.399,0.603,1
4,1231,24912158,-129,-3890,7230,0,0
37,1231,24912199,-3985,150,-108,15890,0
13,1233,24922165,28,-6,-1,0,0
4,1232,24932206,-122,-3863,7260,0,0
37,1232,24932247,-3981,150,-108,15891,0
13,1234,24942294,8,0,1,0,0
4,1233,24952438,-131,-3862,7238,0,0
37,1233,24952479,-3982,151,-108,15891,0
13,1235,24962338,-23,6,-5,0,0
4,1234,24972427,-125,-3869,7251,0,0
37,1234,24972468,-3985,151,-109,15890,0
13,1236,24982535,-41,20,-13,0,0
4,1235,24992654,-121,-3879,7238,0,0
37,1235,24992695,-3989,154,-111,15889,0
13,1237,25002588,-36,34,-15,0,0
L,25005527,VALID,27.421,0.623,1
4,1236,25012742,-119,-3910,7224,0,0
37,1236,25012782,-3991,157,-114,15889,0
13,1238,25022802,8,51,-21,0,0
4,1237,25032998,-129,-3893,7231,0,0
37,1237,25033038,-3988,162,-117,15889,0
13,1239,25042881,32,67,-33,0,0
4,1238,25053014,-132,-3858,7245,0,0
37,1238,25053055,-3987,166,-121,15890,0
13,1240,25063112,-3,62,-28,0,0
4,1239,25073195,-138,-3874,7240,0,0
37,1239,25073236,-3987,172,-125,15889,0
13,1241,25083164,-11,69,-22,0,0
4,1240,25093222,-151,-3876,7240,0,0
37,1240,25093263,-3989,177,-126,15889,0
13,1242,25103249,-29,43,10,0,0
L,25106119,VALID,27.424,0.753,1
4,1241,25113507,-142,-3889,7244,0,0
37,1241,25113548,-3992,181,-126,15888,0
13,1243,25123335,-24,63,6,0,0
4,1242,25133512,-161,-3895,7229,0,0
37,1242,25133553,-3993,188,-128,15888,0
13,1244,25143516,0,91,-14,0,0
4,1243,25153643,-156,-3894,7226,0,0
37,1243,25153683,-3993,195,-132,15888,0
13,1245,25163723,5,84,-16,0,0
4,1244,25173781,-160,-3893,7230,0,0
37,1244,25173821,-3991,203,-135,15888,0
13,1246,25183858,29,107,-12,0,0
4,1245,25193943,-161,-3897,7231,0,0
37,1245,25193983,-3988,211,-137,15889,0
13,1247,25203902,53,101,22,0,0
L,25206773,VALID,27.420,0.965,1
4,1246,25214039,-176,-3897,7222,0,0
37,1246,25214080,-3984,222,-136,15890,0
13,1248,25224152,73,117,43,0,0
4,1247,25234254,-192,-3876,7251,0,0
37,1247,25234294,-3975,234,-136,15892,0
13,1249,25244204,90,140,26,0,0
4,1248,25254330,-194,-3862,7250,0,0
37,1248,25254371,-3967,247,-138,15893,0
13,1250,25264333,71,158,26,0,0
4,1249,25274538,-218,-3855,7259,0,0
37,1249,25274579,-3962,261,-137,15894,0
13,1251,25284523,48,131,60,0,0
4,1250,25294504,-223,-3861,7257,0,0
37,1250,25294545,-3958,273,-134,15895,0
13,1252,25304632,43,139,55,0,0
L,25307521,VALID,27.211,1.393,1
4,1251,25314770,-288,-3806,7279,0,0
37,1251,25314810,-3954,287,-134,15896,0
13,1253,25324737,-13,150,-6,0,0
4,1252,25334838,-206,-3890,7240,0,0
37,1252,25334878,-3958,302,-138,15895,0
13,1254,25344745,-17,197,43,0,0
4,1253,25355096,-289,-3848,7262,0,0
37,1253,25355136,-3960,320,-136,15894,0
13,1255,25365046,-53,178,64,0,0
4,1254,25375131,-316,-3841,7255,0,0
37,1254,25375172,-3966,336,-136,15892,0
13,1256,25385098,-81,181,21,0,0
4,1255,25395268,-300,-3879,7249,0,0
37,1255,25395335,-3972,353,-139,15890,0
13,1257,25405261,-70,213,20,0,0
L,25408227,VALID,27.323,1.926,1
4,1256,25415308,-327,-3859,7250,0,0
37,1256,25415349,-3979,373,-142,15888,0
13,1258,25425561,-90,258,-9,0,0
4,1257,25435578,-326,-3907,7218,0,0
37,1257,25435618,-3985,398,-149,15886,0
13,1259,25445562,-46,293,9,0,0
4,1258,25455612,-398,-3859,7245,0,0
37,1258,25455652,-3989,422,-152,15884,0
13,1260,25465544,-101,225,49,0,0
4,1259,25475783,-408,-3910,7203,0,0
37,1259,25475824,-4000,440,-151,15881,0
13,1261,25485803,-88,177,44,0,0
4,1260,25495913,-417,-3926,7187,0,0
37,1260,25495953,-4004,455,-153,15879,0
13,1262,25505863,-18,170,-2,0,0
L,25508802,VALID,27.573,2.592,1
4,1261,25516131,-442,-3914,7205,0,0
37,1261,25516172,-4004,466,-156,15879,0
13,1263,25525965,14,89,7,0,0
4,1262,25536144,-410,-3906,7213,0,0
37,1262,25536185,-4002,473,-156,15879,0
13,1264,25546120,17,87,21,0,0
4,1263,25556308,-435,-3894,7226,0,0
37,1263,25556348,-4000,482,-156,15879,0
13,1265,25566257,17,100,20,0,0
4,1264,25576453,-430,-3897,7238,0,0
37,1264,25576494,-3999,493,-157,15879,0
13,1266,25586439,0,141,30,0,0
4,1265,25596624,-445,-3900,7228,0,0
37,1265,25596665,-4000,507,-158,15879,0
13,1267,25606525,-9,183,12,0,0
L,25609395,VALID,27.554,2.936,1
4,1266,25616713,-510,-3914,7200,0,0
37,1266,25616753,-4000,523,-162,15878,0
13,1268,25626671,2,146,-4,0,0
4,1267,25636848,-480,-3891,7236,0,0
37,1267,25636889,-3998,533,-165,15878,0
13,1269,25646852,11,135,-4,0,0
4,1268,25656980,-477,-3862,7243,0,0
37,1268,25657020,-3999,546,-167,15878,0
13,1270,25666963,-32,152,24,0,0
4,1269,25677204,-507,-3899,7218,0,0
37,1269,25677244,-4003,560,-168,15876,0
13,1271,25687127,-26,155,19,0,0
4,1270,25697315,-513,-3911,7212,0,0
37,1270,25697356,-4003,574,-170,15876,0
13,1272,25707213,2,167,6,0,0
L,25709909,VALID,27.592,3.370,1
4,1271,25717391,-516,-3884,7231,0,0
37,1271,25717432,-4003,590,-174,15875,0
13,1273,25727299,-28,183,9,0,0
4,1272,25737537,-548,-3892,7234,0,0
37,1272,25737578,-4007,605,-176,15873,0
13,1274,25747497,-67,160,18,0,0
4,1273,25757710,-547,-3901,7210,0,0
37,1273,25757750,-4015,619,-176,15871,0
13,1275,25767643,-102,151,52,0,0
4,1274,25777737,-585,-3930,7189,0,0
37,1274,25777805,-4022,633,-174,15868,0
13,1276,25787806,-67,126,55,0,0
4,1275,25797995,-591,-3956,7191,0,0
37,1275,25798035,-4026,643,-171,15867,0
13,1277,25807952,-11,111,47,0,0
L,25810901,VALID,27.776,3.833,1
4,1276,25818003,-588,-3920,7215,0,0
37,1276,25818044,-4024,655,-171,15867,0
13,1278,25828090,11,147,35,0,0
4,1277,25838276,-583,-3904,7228,0,0
37,1277,25838316,-4024,671,-172,15866,0
13,1279,25848143,-20,205,40,0,0
4,1278,25858407,-629,-3900,7220,0,0
37,1278,25858447,-4027,691,-172,15865,0
13,1280,25868313,-72,211,48,0,0
4,1279,25878484,-648,-3902,7216,0,0
37,1279,25878525,-4035,710,-172,15862,0
13,1281,25888452,-134,210,45,0,0
4,1280,25898491,-649,-3945,7195,0,0
37,1280,25898531,-4048,728,-172,15858,0
13,1282,25908729,-131,208,48,0,0
L,25911755,VALID,27.957,4.405,1
4,1281,25918891,-669,-4001,7140,0,0
37,1281,25918931,-4057,747,-170,15855,0
13,1283,25928763,-35,210,76,0,0
4,1282,25938870,-647,-3955,7194,0,0
37,1282,25938911,-4054,770,-170,15854,0
13,1284,25948950,6,337,60,0,0
4,1283,25959086,-713,-3924,7212,0,0
37,1283,25959126,-4057,807,-175,15852,0
13,1285,25969115,-104,442,32,0,0
4,1284,25979182,-765,-3955,7161,0,0
37,1284,25979223,-4068,846,-182,15847,0
13,1286,25989173,-108,440,8,0,0
4,1285,25999386,-837,-3946,7165,0,0
37,1285,25999427,-4074,881,-190,15843,0
13,1287,26009226,-86,371,-1,0,0
L,26012182,VALID,28.199,5.406,1
4,1286,26019466,-854,-3960,7165,0,0
37,1286,26019534,-4083,910,-197,15839,0
13,1288,26029422,-91,282,26,0,0
4,1287,26039623,-864,-3989,7153,0,0
37,1287,26039663,-4088,932,-198,15836,0
13,1289,26049571,-58,227,49,0,0
4,1288,26059679,-890,-3973,7146,0,0
37,1288,26059720,-4091,952,-198,15834,0
13,1290,26069801,-43,206,47,0,0
4,1289,26079938,-875,-3990,7149,0,0
37,1289,26079979,-4096,969,-197,15832,0
13,1291,26089871,-62,207,60,0,0
4,1290,26099851,-901,-3999,7155,0,0
37,1290,26099892,-4101,992,-198,15830,0
13,1292,26110008,-78,276,44,0,0
L,26112948,VALID,28.436,6.140,1
4,1291,26120206,-949,-4006,7137,0,0
37,1291,26120247,-4110,1018,-201,15826,0
13,1293,26130130,-152,291,11,0,0
4,1292,26140199,-925,-4026,7106,0,0
37,1292,26140240,-4124,1044,-206,15820,0
13,1294,26150256,-156,345,9,0,0
4,1293,26160370,-964,-3998,7128,0,0
37,1293,26160411,-4136,1076,-211,15815,0
13,1295,26170423,-153,353,43,0,0
4,1294,26180564,-1010,-4013,7111,0,0
37,1294,26180605,-4148,1106,-213,15810,0
13,1296,26190480,-130,314,59,0,0
4,1295,26200695,-1052,-4022,7101,0,0
37,1295,26200736,-4157,1132,-213,15805,0
13,1297,26210655,-100,264,59,0,0
L,26213689,VALID,28.906,7.050,1
4,1296,26220722,-1089,-4046,7068,0,0
37,1296,26220763,-4163,1154,-214,15802,0
13,1298,26230697,-53,211,39,0,0
4,1297,26240969,-1084,-4044,7106,0,0
37,1297,26241010,-4167,1172,-215,15800,0
13,1299,26250921,-70,194,21,0,0
4,1298,26261012,-1093,-4047,7076,0,0
37,1298,26261053,-4174,1189,-218,15797,0
13,1300,26271083,-89,214,3,0,0
4,1299,26281263,-1129,-4068,7080,0,0
37,1299,26281303,-4181,1208,-222,15793,0
13,1301,26291275,-68,215,0,0,0
4,1300,26301333,-1126,-4077,7060,0,0
37,1300,26301373,-4184,1227,-228,15791,0
13,1302,26311308,-22,236,-27,0,0
L,26314359,VALID,29.152,7.660,1
4,1301,26321661,-1166,-4040,7079,0,0
37,1301,26321701,-4186,1247,-236,15789,0
13,1303,26331481,-55,198,-23,0,0
4,1302,26341580,-1134,-4095,7056,0,0
37,1302,26341621,-4191,1259,-239,15786,0
13,1304,26351652,-27,165,20,0,0
4,1303,26361805,-1146,-4077,7058,0,0
37,1303,26361845,-4191,1277,-239,15785,0
13,1305,26371799,-1,202,52,0,0
4,1304,26381898,-1186,-4064,7059,0,0
37,1304,26381939,-4190,1296,-241,15784,0
13,1306,26391922,4,221,13,0,0
4,1305,26402106,-1200,-4061,7053,0,0
37,1305,26402147,-4190,1315,-246,15782,0
13,1307,26411987,11,228,-29,0,0
L,26414978,VALID,29.247,8.222,1
4,1306,26422200,-1209,-4082,7054,0,0
37,1306,26422240,-4188,1334,-255,15781,0
13,1308,26432202,26,247,-31,0,0
4,1307,26442328,-1236,-4054,7058,0,0
37,1307,26442369,-4186,1354,-262,15779,0
13,1309,26452341,4,224,0,0,0
4,1308,26462395,-1253,-4065,7049,0,0
37,1308,26462436,-4185,1374,-267,15778,0
13,1310,26472383,8,221,-2,0,0
4,1309,26482628,-1275,-4057,7060,0,0
37,1309,26482668,-4184,1392,-272,15776,0
13,1311,26492625,-1,206,-12,0,0
4,1310,26502690,-1283,-4086,7029,0,0
37,1310,26502731,-4185,1409,-278,15775,0
13,1312,26512667,22,212,-8,0,0
L,26515510,VALID,29.276,8.801,1
4,1311,26522905,-1314,-4079,7033,0,0
37,1311,26522973,-4180,1427,-283,15774,0
13,1313,26532899,66,199,-6,0,0
4,1312,26543037,-1305,-4074,7026,0,0
37,1312,26543077,-4173,1443,-288,15775,0
13,1314,26553004,88,200,12,0,0
4,1313,26563205,-1327,-4017,7091,0,0
37,1313,26563246,-4167,1461,-292,15774,0
13,1315,26573236,0,212,32,0,0
4,1314,26583283,-1371,-4038,7043,0,0
37,1314,26583323,-4170,1479,-291,15772,0
13,1316,26593304,-48,184,37,0,0
4,1315,26603413,-1374,-4078,7017,0,0
37,1315,26603453,-4171,1495,-294,15770,0
13,1317,26613398,12,173,11,0,0
L,26616285,VALID,29.233,9.358,1
4,1316,26623526,-1373,-4073,7018,0,0
37,1316,26623567,-4168,1510,-297,15769,0
13,1318,26633458,58,166,23,0,0
4,1317,26643721,-1390,-4077,7019,0,0
37,1317,26643761,-4161,1524,-299,15770,0
13,1319,26653629,83,191,8,0,0
4,1318,26663737,-1417,-4078,7030,0,0
37,1318,26663805,-4157,1543,-305,15769,0
13,1320,26673855,-3,222,-25,0,0
4,1319,26683962,-1408,-4040,7045,0,0
37,1319,26684003,-4159,1561,-311,15767,0
13,1321,26693999,-33,233,-5,0,0
4,1320,26704005,-1436,-4023,7039,0,0
37,1320,26704045,-4158,1582,-316,15765,0
13,1322,26714086,22,242,21,0,0
L,26716938,VALID,29.202,9.910,1
4,1321,26724264,-1469,-4010,7056,0,0
37,1321,26724305,-4157,1603,-319,15763,0
13,1323,26734284,-12,230,10,0,0
4,1322,26744366,-1498,-4035,7020,0,0
37,1322,26744407,-4157,1622,-323,15761,0
13,1324,26754388,-5,188,4,0,0
4,1323,26764511,-1485,-4073,7017,0,0
37,1323,26764552,-4157,1637,-328,15759,0
13,1325,26774490,37,198,-5,0,0
4,1324,26784556,-1520,-4065,7008,0,0
37,1324,26784624,-4152,1654,-333,15758,0
13,1326,26794645,55,208,-4,0,0
4,1325,26804789,-1515,-4064,7022,0,0
37,1325,26804830,-4148,1673,-340,15757,0
13,1327,26814782,-5,254,-26,0,0
L,26817748,VALID,29.204,10.486,1
4,1326,26824841,-1520,-4045,7022,0,0
37,1326,26824882,-4151,1695,-348,15754,0
13,1328,26834921,-30,293,-26,0,0
4,1327,26845004,-1572,-4016,7014,0,0
37,1327,26845045,-4150,1721,-356,15751,0
13,1329,26854911,24,272,-9,0,0
4,1328,26865157,-1627,-4028,7004,0,0
37,1328,26865197,-4148,1739,-361,15750,0
13,1330,26875135,29,167,1,0,0
4,1329,26885354,-1593,-4052,6992,0,0
37,1329,26885395,-4143,1753,-365,15749,0
13,1331,26895246,61,166,-4,0,0
4,1330,26905354,-1621,-4019,7016,0,0
37,1330,26905395,-4138,1765,-369,15749,0
13,1332,26915419,44,127,-6,0,0
L,26918297,VALID,29.212,11.060,1
4,1331,26925520,-1619,-4036,7005,0,0
37,1331,26925561,-4134,1775,-374,15749,0
13,1333,26935649,57,139,-35,0,0
4,1332,26945639,-1642,-4025,7005,0,0
37,1332,26945680,-4129,1786,-380,15749,0
13,1334,26955737,52,99,-13,0,0
4,1333,26965828,-1612,-4035,7011,0,0
37,1333,26965869,-4125,1793,-383,15749,0
13,1335,26975685,22,117,-8,0,0
4,1334,26985870,-1613,-4031,7008,0,0
37,1334,26985911,-4125,1805,-388,15748,0
13,1336,26995909,-1,188,-27,0,0
4,1335,27006086,-1618,-4041,6997,0,0
37,1335,27006126,-4125,1823,-395,15745,0
13,1337,27016024,8,256,-18,0,0
L,27018907,VALID,29.177,11.410,1
4,1336,27026140,-1691,-4032,6996,0,0
37,1336,27026180,-4123,1847,-402,15743,0
13,1338,27036139,-6,251,-15,0,0
4,1337,27046398,-1703,-4018,6982,0,0
37,1337,27046439,-4124,1864,-406,15741,0
13,1339,27056315,3,178,17,0,0
4,1338,27066421,-1718,-4022,6995,0,0
37,1338,27066462,-4122,1878,-409,15739,0
13,1340,27076363,15,137,5,0,0
4,1339,27086645,-1725,-4008,6994,0,0
37,1339,27086686,-4120,1887,-410,15739,0
13,1341,27096598,3,77,14,0,0
4,1340,27106687,-1721,-4019,6990,0,0
37,1340,27106727,-4120,1894,-411,15738,0
13,1342,27116708,0,94,12,0,0
L,27119413,VALID,29.204,11.863,1
4,1341,27126947,-1697,-4053,6957,0,0
37,1341,27126988,-4119,1904,-413,15737,0
13,1343,27136829,44,157,8,0,0
4,1342,27146943,-1739,-4006,7006,0,0
37,1342,27146984,-4115,1920,-417,15736,0
13,1344,27157007,-4,179,5,0,0
4,1343,27167145,-1790,-3981,6997,0,0
37,1343,27167186,-4116,1933,-418,15734,0
13,1345,27177105,-24,105,32,0,0
4,1344,27187220,-1799,-4017,6963,0,0
37,1344,27187261,-4118,1941,-417,15733,0
13,1346,27197249,0,60,13,0,0
4,1345,27207582,-1747,-4037,6968,0,0
37,1345,27207623,-4115,1946,-418,15733,0
13,1347,27217398,35,92,19,0,0
L,27220170,VALID,29.212,12.205,1
4,1346,27227472,-1764,-4000,6991,0,0
37,1346,27227512,-4112,1956,-419,15732,0
13,1348,27237448,9,128,37,0,0
4,1347,27247745,-1784,-4029,6971,0,0
37,1347,27247785,-4111,1969,-418,15731,0
13,1349,27257669,17,148,23,0,0
4,1348,27267788,-1813,-4015,6959,0,0
37,1348,27267829,-4108,1982,-421,15730,0
13,1350,27277809,32,134,19,0,0
4,1349,27288039,-1813,-4024,6972,0,0
37,1349,27288080,-4104,1992,-421,15730,0
13,1351,27297956,44,109,35,0,0
4,1350,27308091,-1817,-3996,6975,0,0
37,1350,27308132,-4100,2002,-421,15730,0
13,1352,27318100,31,118,24,0,0
L,27320965,VALID,29.149,12.584,1
4,1351,27328220,-1835,-4006,6978,0,0
37,1351,27328261,-4097,2014,-423,15729,0
13,1353,27338247,21,131,-1,0,0
4,1352,27348338,-1858,-3996,6975,0,0
37,1352,27348379,-4096,2023,-426,15728,0
13,1354,27358282,-2,97,8,0,0
4,1353,27368691,-1848,-4008,6969,0,0
37,1353,27368732,-4096,2033,-427,15727,0
13,1355,27378494,4,106,17,0,0
4,1354,27388596,-1885,-3996,6957,0,0
37,1354,27388637,-4095,2041,-428,15726,0
13,1356,27398625,6,77,-9,0,0
4,1355,27408741,-1884,-4012,6958,0,0
37,1355,27408782,-4094,2046,-432,15725,0
13,1357,27418877,35,66,-48,0,0
L,27421720,VALID,29.151,12.865,1
4,1356,27428980,-1863,-4009,6956,0,0
37,1356,27429020,-4089,2050,-439,15726,0
13,1358,27438936,69,64,-43,0,0
4,1357,27449127,-1858,-4003,6973,0,0
37,1357,27449167,-4084,2054,-443,15726,0
13,1359,27459116,52,75,-18,0,0
4,1358,27469208,-1849,-3969,6987,0,0
37,1358,27469249,-4080,2062,-446,15726,0
13,1360,27479280,12,89,23,0,0
4,1359,27489380,-1886,-3987,6970,0,0
37,1359,27489421,-4081,2070,-444,15725,0
13,1361,27499375,-14,70,52,0,0
4,1360,27509424,-1920,-3986,6948,0,0
37,1360,27509464,-4081,2076,-441,15724,0
13,1362,27519383,-3,38,16,0,0
L,27522148,VALID,29.088,13.058,1
4,1361,27529745,-1923,-3997,6944,0,0
37,1361,27529785,-4080,2079,-443,15724,0
13,1363,27539547,29,22,-33,0,0
4,1362,27549751,-1889,-3985,6979,0,0
37,1362,27549792,-4077,2079,-446,15725,0
13,1364,27559711,19,15,-17,0,0
4,1363,27569862,-1883,-3980,6967,0,0
37,1363,27569903,-4076,2079,-447,15725,0
13,1365,27579926,11,25,-3,0,0
4,1364,27589972,-1876,-3986,6972,0,0
37,1364,27590013,-4074,2083,-450,15725,0
13,1366,27599960,24,76,-25,0,0
4,1365,27610102,-1901,-3983,6969,0,0
37,1365,27610142,-4073,2090,-454,15724,0
13,1367,27620141,0,92,-39,0,0
L,27622914,VALID,29.051,13.132,1
4,1366,27630285,-1888,-3980,6979,0,0
37,1366,27630326,-4075,2098,-460,15723,0
13,1368,27640257,-23,128,-36,0,0
4,1367,27650379,-1888,-3992,6969,0,0
37,1367,27650420,-4078,2109,-465,15720,0
13,1369,27660371,-36,142,13,0,0
4,1368,27670420,-1920,-4011,6944,0,0
37,1368,27670488,-4081,2121,-462,15718,0
13,1370,27680545,-32,100,88,0,0
4,1369,27690799,-1943,-4009,6934,0,0
37,1369,27690840,-4080,2131,-456,15717,0
13,1371,27700648,0,93,81,0,0
4,1370,27710807,-1954,-4011,6943,0,0
37,1370,27710847,-4079,2141,-452,15716,0
13,1372,27720820,-39,72,48,0,0
L,27723663,VALID,29.137,13.479,1
4,1371,27730948,-1917,-4067,6917,0,0
37,1371,27730989,-4088,2146,-451,15713,0
13,1373,27740836,-114,70,14,0,0
4,1372,27751005,-1942,-4006,6934,0,0
37,1372,27751046,-4094,2156,-450,15710,0
13,1374,27761112,-69,131,49,0,0
4,1373,27771246,-1985,-3977,6944,0,0
37,1373,27771287,-4097,2170,-446,15707,0
13,1375,27781232,-25,158,49,0,0
4,1374,27791299,-2023,-3974,6943,0,0
37,1374,27791367,-4098,2185,-448,15705,0
13,1376,27801380,-15,159,-10,0,0
4,1375,27811498,-2028,-3984,6924,0,0
37,1375,27811539,-4097,2196,-453,15703,0
13,1377,27821439,28,129,-19,0,0
L,27824377,VALID,29.321,13.843,1
4,1376,27831662,-2020,-4011,6923,0,0
37,1376,27831702,-4093,2206,-458,15703,0
13,1378,27841618,50,116,-29,0,0
4,1377,27851797,-2045,-3973,6960,0,0
37,1377,27851837,-4091,2214,-464,15702,0
13,1379,27861775,-25,64,-41,0,0
4,1378,27871910,-2039,-3990,6926,0,0
37,1378,27871950,-4097,2215,-467,15700,0
13,1380,27881904,-83,3,-44,0,0
4,1379,27892045,-2006,-4019,6924,0,0
37,1379,27892085,-4106,2214,-470,15698,0
13,1381,27902032,-107,13,-38,0,0
4,1380,27912081,-1984,-4033,6920,0,0
37,1380,27912122,-4116,2216,-471,15695,0
13,1382,27922082,-108,65,-13,0,0
L,27925161,VALID,29.493,13.937,1
4,1381,27932418,-1999,-4032,6897,0,0
37,1381,27932459,-4124,2224,-474,15692,0
13,1383,27942342,-70,113,-12,0,0
4,1382,27952391,-2024,-4053,6876,0,0
37,1382,27952431,-4128,2234,-477,15689,0
13,1384,27962444,-15,130,-41,0,0
4,1383,27972536,-2035,-4051,6876,0,0
37,1383,27972576,-4128,2245,-486,15688,0
13,1385,27982470,28,141,-76,0,0
4,1384,27992622,-2044,-4040,6902,0,0
37,1384,27992663,-4124,2255,-496,15687,0
13,1386,28002686,46,150,-80,0,0
4,1385,28012864,-2076,-4029,6899,0,0
37,1385,28012904,-4122,2264,-505,15686,0
13,1387,28022771,19,63,-49,0,0
L,28025658,VALID,29.609,14.196,1
4,1386,28032943,-2079,-4030,6903,0,0
37,1386,28033010,-4121,2265,-509,15686,0
13,1388,28042942,19,10,-51,0,0
4,1387,28053158,-2031,-4056,6890,0,0
37,1387,28053198,-4119,2264,-513,15686,0
13,1389,28063064,46,13,-14,0,0
4,1388,28073172,-2013,-4038,6902,0,0
37,1388,28073213,-4114,2267,-513,15687,0
13,1390,28083295,34,59,68,0,0
4,1389,28093420,-2063,-3994,6935,0,0
37,1389,28093460,-4112,2275,-505,15687,0
13,1391,28103357,-51,56,112,0,0
4,1390,28113414,-2052,-4016,6897,0,0
37,1390,28113455,-4118,2284,-499,15684,0
13,1392,28123398,-71,125,46,0,0
L,28126346,VALID,29.595,14.345,1
4,1391,28133630,-2070,-4064,6873,0,0
37,1391,28133671,-4122,2298,-499,15681,0
13,1393,28143501,-22,183,19,0,0
4,1392,28153660,-2117,-4043,6864,0,0
37,1392,28153701,-4120,2314,-504,15679,0
13,1394,28163699,38,167,-22,0,0
4,1393,28173863,-2128,-4024,6885,0,0
37,1393,28173904,-4116,2326,-512,15678,0
13,1395,28183872,46,133,-72,0,0
4,1394,28193954,-2120,-4032,6861,0,0
37,1394,28193995,-4114,2333,-519,15677,0
13,1396,28204018,45,66,-37,0,0
4,1395,28214099,-2118,-4037,6875,0,0
37,1395,28214140,-4108,2337,-524,15678,0
13,1397,28224078,70,44,-25,0,0
L,28226947,VALID,29.593,14.662,1
4,1396,28234198,-2111,-4020,6897,0,0
37,1396,28234238,-4103,2339,-528,15679,0
13,1398,28244292,46,66,-32,0,0
4,1397,28254471,-2124,-4040,6873,0,0
37,1397,28254511,-4100,2345,-533,15679,0
13,1399,28264374,61,87,-33,0,0
4,1398,28274470,-2136,-4034,6876,0,0
37,1398,28274510,-4093,2353,-539,15679,0
13,1400,28284507,102,106,-33,0,0
4,1399,28294628,-2142,-3997,6888,0,0
37,1399,28294669,-4084,2360,-546,15680,0
13,1401,28304629,99,111,-57,0,0
4,1400,28314657,-2111,-3986,6920,0,0
37,1400,28314698,-4076,2370,-554,15680,0
13,1402,28324764,52,130,-3,0,0
L,28327627,VALID,29.416,14.847,1
4,1401,28334945,-2133,-3986,6901,0,0
37,1401,28334986,-4075,2381,-554,15679,0
13,1403,28344887,-8,134,38,0,0
4,1402,28354952,-2172,-3988,6886,0,0
37,1402,28354992,-4075,2393,-554,15677,0
13,1404,28364936,-21,110,19,0,0
4,1403,28375193,-2184,-4005,6884,0,0
37,1403,28375233,-4078,2402,-555,15675,0
13,1405,28385119,-33,92,2,0,0
4,1404,28395286,-2163,-4025,6873,0,0
37,1404,28395327,-4079,2410,-556,15673,0
13,1406,28405228,-10,113,16,0,0
4,1405,28415453,-2155,-4011,6879,0,0
37,1405,28415494,-4079,2423,-558,15671,0
13,1407,28425455,1,196,12,0,0
L,28428228,VALID,29.496,15.197,1
4,1406,28435463,-2159,-4017,6857,0,0
37,1406,28435503,-4076,2443,-564,15669,0
13,1408,28445668,38,299,-2,0,0
4,1407,28455674,-2249,-3966,6908,0,0
37,1407,28455715,-4075,2469,-570,15665,0
13,1409,28465738,-43,274,2,0,0
4,1408,28475725,-2233,-4002,6853,0,0
37,1408,28475765,-4079,2491,-573,15660,0
13,1410,28485710,-74,256,45,0,0
4,1409,28495941,-2294,-3999,6851,0,0
37,1409,28495981,-4085,2516,-573,15655,0
13,1411,28505936,-97,242,26,0,0
4,1410,28516060,-2242,-4001,6801,0,0
37,1410,28516100,-4092,2532,-574,15650,0
13,1412,28526003,-51,156,47,0,0
L,28528959,VALID,29.722,15.899,1
4,1411,28536158,-2251,-3989,6834,0,0
37,1411,28536226,-4092,2544,-571,15648,0
13,1413,28546149,-24,109,84,0,0
4,1412,28556243,-2249,-3998,6811,0,0
37,1412,28556284,-4091,2556,-565,15647,0
13,1414,28566271,18,106,109,0,0
4,1413,28576495,-2277,-3987,6817,0,0
37,1413,28576536,-4086,2565,-558,15647,0
13,1415,28586347,51,77,111,0,0
4,1414,28596531,-2288,-3954,6835,0,0
37,1414,28596572,-4080,2573,-552,15647,0
13,1416,28606571,41,71,79,0,0
4,1415,28616645,-2286,-3952,6846,0,0
37,1415,28616685,-4075,2581,-550,15647,0
13,1417,28626614,26,96,36,0,0
L,28629378,VALID,29.628,16.285,1
4,1416,28636827,-2299,-3956,6818,0,0
37,1416,28636867,-4073,2589,-549,15647,0
13,1418,28646742,11,80,28,0,0
4,1417,28657015,-2301,-3931,6849,0,0
37,1417,28657056,-4071,2597,-549,15646,0
13,1419,28666948,-22,108,22,0,0
4,1418,28677000,-2293,-3963,6827,0,0
37,1418,28677040,-4075,2609,-550,15643,0
13,1420,28687018,-38,160,18,0,0
4,1419,28697170,-2340,-3952,6823,0,0
37,1419,28697211,-4077,2623,-552,15640,0
13,1421,28707136,-52,159,2,0,0
4,1420,28717350,-2333,-3973,6805,0,0
37,1420,28717391,-4081,2638,-556,15636,0
13,1422,28727250,-35,222,-44,0,0
L,28730292,VALID,29.741,16.657,1
4,1421,28737439,-2381,-3951,6808,0,0
37,1421,28737480,-4084,2657,-565,15632,0
13,1423,28747335,-65,197,-44,0,0
4,1422,28757548,-2371,-3991,6781,0,0
37,1422,28757589,-4090,2669,-572,15628,0
13,1424,28767464,-45,155,-35,0,0
4,1423,28777633,-2355,-3988,6794,0,0
37,1423,28777674,-4092,2682,-577,15625,0
13,1425,28787592,-24,182,-19,0,0
4,1424,28797754,-2357,-3990,6774,0,0
37,1424,28797795,-4094,2699,-582,15621,0
13,1426,28807756,-21,238,-2,0,0
4,1425,28817953,-2404,-3984,6777,0,0
37,1425,28817994,-4094,2721,-588,15617,0
13,1427,28827876,-24,274,-18,0,0
L,28830911,VALID,29.965,17.153,1
4,1426,28837927,-2447,-3979,6756,0,0
37,1426,28837968,-4096,2743,-595,15613,0
13,1428,28847986,-32,210,-20,0,0
4,1427,28858131,-2442,-4091,6705,0,0
37,1427,28858172,-4100,2753,-598,15610,0
13,1429,28868022,62,105,44,0,0
4,1428,28878320,-2502,-3881,6823,0,0
37,1428,28878360,-4090,2762,-599,15611,0
13,1430,28888238,-3,77,-17,0,0
4,1429,28898449,-2434,-4023,6739,0,0
37,1429,28898490,-4089,2769,-603,15610,0
13,1431,28908314,57,117,-19,0,0
4,1430,28918405,-2470,-3967,6773,0,0
37,1430,28918445,-4083,2779,-606,15609,0
13,1432,28928608,38,101,6,0,0
L,28931373,VALID,29.971,17.518,1
4,1431,28938701,-2493,-3978,6766,0,0
37,1431,28938742,-4082,2784,-607,15609,0
13,1433,28948607,5,24,20,0,0
4,1432,28958713,-2512,-3960,6754,0,0
37,1432,28958753,-4081,2784,-604,15609,0
13,1434,28968796,-5,-56,35,0,0
4,1433,28978983,-2476,-3967,6783,0,0
37,1433,28979023,-4082,2778,-599,15610,0
13,1435,28988926,-26,-68,30,0,0
4,1434,28998999,-2473,-3985,6761,0,0
37,1434,28999040,-4084,2775,-597,15610,0
13,1436,29009011,-14,-29,-15,0,0
4,1435,29019137,-2446,-3992,6752,0,0
37,1435,29019178,-4084,2771,-599,15611,0
13,1437,29029036,17,-22,-40,0,0
L,29032000,VALID,29.960,17.476,1
4,1436,29039312,-2468,-3978,6767,0,0
37,1436,29039353,-4084,2768,-602,15611,0
13,1438,29049190,6,-32,-26,0,0
4,1437,29059506,-2440,-3978,6771,0,0
37,1437,29059547,-4083,2765,-604,15612,0
13,1439,29069357,12,8,-35,0,0
4,1438,29079460,-2443,-3973,6777,0,0
37,1438,29079501,-4083,2766,-608,15612,0
13,1440,29089586,-16,45,-30,0,0
4,1439,29099670,-2443,-3982,6757,0,0
37,1439,29099711,-4086,2771,-610,15610,0
13,1441,29109655,-35,52,0,0,0
4,1440,29119693,-2484,-3991,6736,0,0
37,1440,29119734,-4087,2774,-610,15609,0
13,1442,29129792,1,7,-6,0,0
L,29132393,VALID,29.998,17.474,1
4,1441,29140057,-2461,-3997,6749,0,0
37,1441,29140098,-4086,2772,-611,15610,0
13,1443,29149922,21,-5,-11,0,0
4,1442,29159978,-2455,-3974,6776,0,0
37,1442,29160019,-4084,2770,-611,15610,0
13,1444,29170076,-5,-3,19,0,0
4,1443,29180151,-2431,-3994,6747,0,0
37,1443,29180191,-4083,2773,-609,15610,0
13,1445,29190214,14,38,54,0,0
4,1444,29200357,-2480,-3985,6749,0,0
37,1444,29200397,-4079,2778,-606,15611,0
13,1446,29210309,34,47,32,0,0
4,1445,29220556,-2473,-3968,6755,0,0
37,1445,29220597,-4076,2781,-606,15611,0
13,1447,29230483,28,33,18,0,0
L,29233273,VALID,29.920,17.536,1
4,1446,29240574,-2473,-3955,6781,0,0
37,1446,29240615,-4074,2784,-603,15611,0
13,1448,29250524,-13,36,54,0,0
4,1447,29260744,-2477,-3980,6745,0,0
37,1447,29260784,-4074,2790,-599,15610,0
13,1449,29270774,4,55,53,0,0
4,1448,29280795,-2509,-3969,6748,0,0
37,1448,29280835,-4072,2795,-597,15610,0
13,1450,29290897,21,23,30,0,0
4,1449,29301056,-2499,-3964,6762,0,0
37,1449,29301097,-4070,2795,-595,15610,0
13,1451,29311024,3,1,23,0,0
4,1450,29321131,-2473,-3967,6762,0,0
37,1450,29321172,-4069,2795,-593,15611,0
13,1452,29331067,8,12,38,0,0
L,29333743,VALID,29.871,17.659,1
4,1451,29341374,-2504,-3974,6755,0,0
37,1451,29341415,-4068,2798,-591,15611,0
13,1453,29351273,14,22,23,0,0
4,1452,29361328,-2500,-3969,6762,0,0
37,1452,29361369,-4065,2800,-591,15611,0
13,1454,29371410,26,31,-2,0,0
4,1453,29381639,-2515,-3960,6766,0,0
37,1453,29381679,-4062,2802,-592,15611,0
13,1455,29391582,18,18,6,0,0
4,1454,29401697,-2513,-3964,6769,0,0
37,1454,29401738,-4061,2803,-592,15611,0
13,1456,29411736,0,22,4,0,0
4,1455,29421854,-2507,-3972,6753,0,0
37,1455,29421894,-4061,2805,-592,15611,0
13,1457,29431787,4,16,20,0,0
L,29434501,VALID,29.823,17.733,1
4,1456,29442036,-2513,-3958,6763,0,0
37,1456,29442077,-4059,2807,-589,15611,0
13,1458,29452021,0,6,40,0,0
4,1457,29462206,-2531,-3963,6757,0,0
37,1457,29462246,-4058,2807,-586,15611,0
13,1459,29472185,9,-5,6,0,0
4,1458,29482232,-2517,-3947,6758,0,0
37,1458,29482273,-4057,2806,-587,15612,0
13,1460,29492244,5,-20,-7,0,0
4,1459,29502438,-2509,-3978,6746,0,0
37,1459,29502479,-4057,2803,-587,15613,0
13,1461,29512442,18,-20,-15,0,0
4,1460,29522534,-2487,-3960,6760,0,0
37,1460,29522575,-4053,2803,-590,15613,0
13,1462,29532526,49,29,-21,0,0
L,29535372,VALID,29.760,17.729,1
4,1461,29542847,-2505,-3950,6766,0,0
37,1461,29542888,-4050,2804,-592,15614,0
13,1463,29552762,24,16,-11,0,0
4,1462,29562873,-2497,-3956,6765,0,0
37,1462,29562914,-4049,2803,-593,15614,0
13,1464,29572831,2,7,0,0,0
4,1463,29583012,-2514,-3972,6744,0,0
37,1463,29583053,-4047,2804,-594,15615,0
13,1465,29593088,42,12,-5,0,0
4,1464,29603135,-2512,-3952,6756,0,0
37,1464,29603176,-4042,2805,-596,15616,0
13,1466,29613174,48,11,-5,0,0
4,1465,29623291,-2509,-3946,6762,0,0
37,1465,29623332,-4039,2804,-596,15617,0
13,1467,29633243,26,-19,10,0,0
L,29636103,VALID,29.661,17.732,1
4,1466,29643447,-2515,-3959,6754,0,0
37,1466,29643488,-4036,2802,-596,15618,0
13,1468,29653303,58,-17,-14,0,0
4,1467,29663565,-2518,-3931,6771,0,0
37,1467,29663606,-4030,2799,-598,15620,0
13,1469,29673543,58,-52,-12,0,0
4,1468,29683575,-2487,-3922,6799,0,0
37,1468,29683616,-4027,2792,-595,15622,0
13,1470,29693759,-12,-83,63,0,0
4,1469,29703937,-2495,-3928,6794,0,0
37,1469,29703978,-4029,2788,-585,15622,0
13,1471,29713871,-57,-55,100,0,0
4,1470,29723894,-2497,-3945,6753,0,0
37,1470,29723934,-4033,2787,-577,15622,0
13,1472,29733929,-29,-15,57,0,0
L,29736869,VALID,29.577,17.655,1
4,1471,29744068,-2497,-3952,6755,0,0
37,1471,29744109,-4033,2788,-573,15622,0
13,1473,29754181,21,15,35,0,0
4,1472,29764229,-2493,-3950,6768,0,0
37,1472,29764269,-4028,2790,-571,15623,0
13,1474,29774214,42,28,50,0,0
4,1473,29784452,-2509,-3924,6781,0,0
37,1473,29784520,-4025,2794,-567,15623,0
13,1475,29794378,0,39,79,0,0
4,1474,29804416,-2513,-3938,6764,0,0
37,1474,29804484,-4024,2800,-561,15622,0
13,1476,29814550,2,64,81,0,0
4,1475,29824607,-2528,-3949,6749,0,0
37,1475,29824648,-4021,2808,-557,15622,0
13,1477,29834644,41,80,41,0,0
L,29837436,VALID,29.492,17.841,1
4,1476,29844754,-2540,-3912,6784,0,0
37,1476,29844795,-4017,2815,-557,15622,0
13,1478,29854756,25,67,17,0,0
4,1477,29864924,-2565,-3908,6777,0,0
37,1477,29864965,-4017,2819,-556,15621,0
13,1479,29874809,-21,17,22,0,0
4,1478,29885027,-2541,-3927,6757,0,0
37,1478,29885068,-4017,2821,-555,15621,0
13,1480,29895040,-1,30,15,0,0
4,1479,29905200,-2538,-3919,6760,0,0
37,1479,29905240,-4016,2824,-555,15620,0
13,1481,29915082,-1,31,15,0,0
4,1480,29925224,-2570,-3913,6764,0,0
37,1480,29925265,-4016,2826,-554,15620,0
13,1482,29935331,-13,8,2,0,0
L,29938011,VALID,29.473,17.972,1
4,1481,29945419,-2560,-3937,6752,0,0
37,1481,29945459,-4017,2825,-554,15620,0
13,1483,29955539,5,-11,-16,0,0
4,1482,29965500,-2553,-3918,6783,0,0
37,1482,29965541,-4016,2824,-555,15621,0
13,1484,29975608,-2,0,2,0,0
4,1483,29985655,-2509,-3940,6759,0,0
37,1483,29985696,-4017,2824,-553,15620,0
13,1485,29995573,-13,37,56,0,0
4,1484,30005750,-2526,-3925,6762,0,0
37,1484,30005790,-4015,2831,-548,15620,0
13,1486,30015814,-9,72,82,0,0
4,1485,30026016,-2474,-4047,6744,0,0
37,1485,30026057,-4021,2837,-547,15617,0
13,1487,30035882,-109,25,-71,0,0
L,30038934,VALID,29.516,18.057,1
4,1486,30045977,-2611,-3884,6759,0,0
37,1486,30046017,-4029,2836,-548,15615,0
13,1488,30056018,-33,24,14,0,0
4,1487,30066165,-2566,-3945,6733,0,0
37,1487,30066206,-4031,2839,-549,15614,0
13,1489,30076150,-39,-10,-4,0,0
4,1488,30086270,-2594,-3936,6749,0,0
37,1488,30086311,-4030,2838,-547,15615,0
13,1490,30096207,34,-5,15,0,0
4,1489,30106549,-2572,-3928,6737,0,0
37,1489,30106590,-4027,2836,-549,15616,0
13,1491,30116425,23,-30,-25,0,0
4,1490,30126532,-2565,-3914,6780,0,0
37,1490,30126573,-4026,2833,-550,15616,0
13,1492,30136536,-11,-4,-18,0,0
L,30139466,VALID,29.552,18.022,1
4,1491,30146724,-2560,-3925,6749,0,0
37,1491,30146765,-4028,2833,-550,15616,0
13,1493,30156656,-17,5,-5,0,0
4,1492,30166771,-2597,-3898,6769,0,0
37,1492,30166812,-4028,2835,-551,15616,0
13,1494,30176835,-1,20,-9,0,0
4,1493,30187024,-2594,-3919,6745,0,0
37,1493,30187065,-4028,2835,-553,15616,0
13,1495,30196950,-6,-9,-39,0,0
4,1494,30207057,-2571,-3923,6751,0,0
37,1494,30207098,-4030,2832,-557,15615,0
13,1496,30217059,-13,-23,-67,0,0
4,1495,30227307,-2536,-3957,6742,0,0
37,1495,30227348,-4031,2829,-563,15615,0
13,1497,30237147,14,-1,-64,0,0
L,30239997,VALID,29.599,17.968,1
4,1496,30247282,-2554,-3928,6758,0,0
37,1496,30247323,-4030,2828,-567,15616,0
13,1498,30257232,-6,-11,-41,0,0
4,1497,30267538,-2546,-3934,6758,0,0
37,1497,30267579,-4034,2825,-569,15615,0
13,1499,30277430,-44,-17,-45,0,0
4,1498,30287531,-2547,-3951,6745,0,0
37,1498,30287571,-4039,2823,-573,15614,0
13,1500,30297532,-36,-5,-67,0,0
4,1499,30307721,-2537,-3974,6733,0,0
37,1499,30307762,-4041,2821,-579,15614,0
13,1501,30317644,6,-7,-54,0,0
4,1500,30327789,-2518,-3982,6739,0,0
37,1500,30327829,-4039,2819,-582,15614,0
13,1502,30337789,48,3,-7,0,0
L,30340451,VALID,29.666,17.860,1
4,1501,30347919,-2552,-3937,6754,0,0
37,1501,30347960,-4035,2819,-582,15615,0
13,1503,30357910,28,-14,0,0,0
4,1502,30368001,-2545,-3916,6780,0,0
37,1502,30368042,-4035,2817,-581,15616,0
13,1504,30377919,-34,-37,4,0,0
4,1503,30388259,-2524,-3963,6752,0,0
37,1503,30388299,-4039,2814,-579,15615,0
13,1505,30398108,-34,-17,20,0,0
4,1504,30408260,-2519,-3970,6736,0,0
37,1504,30408300,-4040,2814,-577,15615,0
13,1506,30418262,5,-3,18,0,0
4,1505,30428395,-2540,-3962,6744,0,0
37,1505,30428463,-4038,2814,-575,15616,0
13,1507,30438513,20,-7,17,0,0
L,30441278,VALID,29.644,17.839,1
4,1506,30448614,-2534,-3949,6757,0,0
37,1506,30448655,-4036,2813,-574,15617,0
13,1508,30458522,11,-13,28,0,0
4,1507,30468715,-2548,-3942,6763,0,0
37,1507,30468756,-4036,2812,-570,15617,0
13,1509,30478718,-29,-40,50,0,0
4,1508,30488802,-2543,-3948,6741,0,0
37,1508,30488843,-4038,2809,-564,15617,0
13,1510,30498890,-28,-38,35,0,0
4,1509,30509061,-2536,-3948,6752,0,0
37,1509,30509101,-4041,2807,-561,15617,0
13,1511,30518951,-34,-26,13,0,0
4,1510,30528983,-2542,-3957,6758,0,0
37,1510,30529023,-4043,2806,-560,15617,0
13,1512,30538958,-25,-3,0,0,0
L,30541723,VALID,29.656,17.810,1
4,1511,30549198,-2548,-3960,6734,0,0
37,1511,30549266,-4044,2806,-560,15616,0
13,1513,30559155,10,-7,-14,0,0
4,1512,30569334,-2527,-3966,6753,0,0
37,1512,30569375,-4042,2805,-561,15617,0
13,1514,30579304,19,-5,4,0,0
4,1513,30589495,-2523,-3950,6773,0,0
37,1513,30589536,-4041,2804,-560,15618,0
13,1515,30599493,-13,0,29,0,0
4,1514,30609549,-2538,-3951,6745,0,0
37,1514,30609589,-4043,2806,-557,15617,0
13,1516,30619578,-27,8,21,0,0
4,1515,30629624,-2537,-3955,6746,0,0
37,1515,30629665,-4045,2807,-556,15616,0
13,1517,30639664,-22,19,0,0,0
L,30642437,VALID,29.669,17.823,1
4,1516,30649843,-2559,-3957,6751,0,0
37,1516,30649883,-4046,2809,-557,15616,0
13,1518,30659783,-6,12,-26,0,0
4,1517,30669987,-2529,-3967,6733,0,0
37,1517,30670027,-4046,2808,-561,15615,0
13,1519,30679920,15,19,-45,0,0
4,1518,30689970,-2525,-3955,6761,0,0
37,1518,30690011,-4045,2810,-564,15615,0
13,1520,30700068,3,25,-5,0,0
4,1519,30710227,-2546,-3951,6753,0,0
37,1519,30710268,-4046,2811,-564,15615,0
13,1521,30720144,-31,11,0,0,0
4,1520,30730278,-2553,-3963,6731,0,0
37,1520,30730318,-4049,2812,-565,15614,0
13,1522,30740316,-14,4,-23,0,0
L,30743177,VALID,29.713,17.838,1
4,1521,30750453,-2540,-3965,6735,0,0
37,1521,30750494,-4049,2811,-566,15614,0
13,1523,30760308,4,-6,-5,0,0
4,1522,30770483,-2527,-3971,6746,0,0
37,1522,30770523,-4048,2810,-566,15614,0
13,1524,30780557,5,6,7,0,0
4,1523,30790663,-2543,-3948,6757,0,0
37,1523,30790704,-4048,2811,-566,15614,0
13,1525,30800677,-22,7,1,0,0
4,1524,30810742,-2546,-3959,6741,0,0
37,1524,30810810,-4051,2811,-566,15614,0
13,1526,30820842,-23,5,-12,0,0
4,1525,30830993,-2538,-3972,6731,0,0
37,1525,30831034,-4052,2811,-568,15613,0
13,1527,30840868,2,9,-19,0,0
L,30843527,VALID,29.738,17.824,1
4,1526,30851115,-2536,-3960,6745,0,0
37,1526,30851156,-4051,2811,-569,15613,0
13,1528,30861066,-4,4,-2,0,0
4,1527,30871180,-2543,-3959,6746,0,0
37,1527,30871220,-4052,2811,-569,15613,0
13,1529,30881228,-11,-2,-7,0,0
4,1528,30891311,-2540,-3985,6727,0,0
37,1528,30891351,-4052,2810,-569,15613,0
13,1530,30901306,8,0,-1,0,0
4,1529,30911576,-2546,-3960,6748,0,0
37,1529,30911643,-4051,2810,-568,15613,0
13,1531,30921452,-5,-14,27,0,0
4,1530,30931534,-2534,-3961,6745,0,0
37,1530,30931575,-4052,2809,-564,15614,0
13,1532,30941580,-18,-6,49,0,0
L,30944432,VALID,29.731,17.818,1
4,1531,30951803,-2543,-3972,6741,0,0
37,1531,30951844,-4053,2811,-560,15613,0
13,1533,30961735,-19,22,37,0,0
4,1532,30971807,-2557,-3966,6735,0,0
37,1532,30971848,-4054,2814,-559,15612,0
13,1534,30981873,-15,16,4,0,0
4,1533,30991998,-2558,-3971,6731,0,0
37,1533,30992038,-4055,2815,-559,15612,0
13,1535,31001933,-6,4,-11,0,0
4,1534,31012066,-2553,-3964,6743,0,0
37,1534,31012107,-4056,2815,-560,15612,0
13,1536,31022130,-20,0,-14,0,0
4,1535,31032248,-2554,-3974,6730,0,0
37,1535,31032289,-4058,2814,-561,15611,0
13,1537,31042216,-17,-1,-18,0,0
L,31045172,VALID,29.780,17.854,1
4,1536,31052397,-2533,-3982,6736,0,0
37,1536,31052465,-4059,2814,-563,15611,0
13,1538,31062423,-6,23,-15,0,0
4,1537,31072628,-2548,-3952,6732,0,0
37,1537,31072669,-4060,2816,-564,15610,0
13,1539,31082520,-26,26,-16,0,0
4,1538,31092652,-2569,-3981,6721,0,0
37,1538,31092692,-4063,2819,-566,15609,0
13,1540,31102716,-20,19,-25,0,0
4,1539,31112851,-2539,-3995,6725,0,0
37,1539,31112892,-4064,2819,-568,15609,0
13,1541,31122811,6,16,3,0,0
4,1540,31132857,-2556,-3969,6750,0,0
37,1540,31132897,-4064,2821,-566,15608,0
13,1542,31142870,-28,12,43,0,0
L,31145721,VALID,29.838,17.889,1
4,1541,31153170,-2558,-3972,6727,0,0
37,1541,31153211,-4067,2823,-562,15607,0
13,1543,31162930,-49,4,28,0,0
4,1542,31173131,-2563,-3985,6711,0,0
37,1542,31173172,-4070,2824,-560,15606,0
13,1544,31183143,-27,8,1,0,0
4,1543,31193271,-2537,-4012,6711,0,0
37,1543,31193312,-4072,2824,-561,15606,0
13,1545,31203344,16,21,0,0,0
4,1544,31213417,-2569,-3981,6722,0,0
37,1544,31213458,-4069,2826,-561,15606,0
13,1546,31223463,17,0,15,0,0
4,1545,31233596,-2575,-3959,6732,0,0
37,1545,31233637,-4068,2826,-559,15607,0
13,1547,31243558,-8,3,11,0,0
L,31246245,VALID,29.866,17.933,1
4,1546,31253659,-2571,-3969,6727,0,0
37,1546,31253699,-4069,2827,-559,15606,0
13,1548,31263773,-19,10,-17,0,0
4,1547,31273892,-2578,-3974,6721,0,0
37,1547,31273932,-4071,2827,-561,15606,0
13,1549,31283842,-20,-9,-21,0,0
4,1548,31294003,-2561,-3992,6718,0,0
37,1548,31294043,-4073,2825,-562,15605,0
13,1550,31303978,-11,-9,-23,0,0
4,1549,31314159,-2561,-3977,6722,0,0
37,1549,31314200,-4074,2825,-564,15605,0
13,1551,31324134,-24,2,-20,0,0
4,1550,31334150,-2563,-3995,6715,0,0
37,1550,31334191,-4078,2825,-565,15604,0
13,1552,31344245,-29,-4,-25,0,0
L,31347202,VALID,29.946,17.910,1
4,1551,31354357,-2565,-3993,6709,0,0
37,1551,31354398,-4080,2823,-567,15604,0
13,1553,31364324,-11,-23,-33,0,0
4,1552,31374415,-2545,-3992,6722,0,0
37,1552,31374456,-4080,2820,-569,15604,0
13,1554,31384357,-8,-25,-17,0,0
4,1553,31394664,-2545,-4001,6729,0,0
37,1553,31394705,-4082,2818,-569,15604,0
13,1555,31404564,-16,-18,-8,0,0
4,1554,31414698,-2541,-4008,6711,0,0
37,1554,31414738,-4082,2817,-570,15604,0
13,1556,31424648,15,-2,-3,0,0
4,1555,31434871,-2551,-3986,6726,0,0
37,1555,31434912,-4081,2816,-569,15605,0
13,1557,31444857,-1,-8,6,0,0
L,31447543,VALID,29.961,17.839,1
4,1556,31454863,-2561,-3984,6717,0,0
37,1556,31454904,-4082,2816,-570,15604,0
13,1558,31465087,-8,-2,-25,0,0
4,1557,31475120,-2544,-4002,6711,0,0
37,1557,31475160,-4082,2814,-572,15604,0
13,1559,31485149,16,3,-31,0,0
4,1558,31495170,-2537,-3997,6728,0,0
37,1558,31495211,-4080,2816,-575,15605,0
13,1560,31505114,25,26,-15,0,0
4,1559,31515333,-2554,-3983,6722,0,0
37,1559,31515374,-4079,2817,-576,15605,0
13,1561,31525363,7,18,-8,0,0
4,1560,31535470,-2562,-3982,6726,0,0
37,1560,31535511,-4079,2819,-578,15604,0
13,1562,31545431,-7,7,-19,0,0
L,31548178,VALID,29.960,17.844,1
4,1561,31555681,-2544,-4003,6721,0,0
37,1561,31555721,-4079,2819,-580,15604,0
13,1563,31565569,1,11,-19,0,0
4,1562,31575702,-2543,-3992,6708,0,0
37,1562,31575743,-4080,2819,-582,15604,0
13,1564,31585742,5,8,-14,0,0
4,1563,31595874,-2549,-3987,6722,0,0
37,1563,31595914,-4079,2820,-582,15604,0
13,1565,31605791,0,7,3,0,0
4,1564,31616002,-2559,-4003,6710,0,0
37,1564,31616042,-4079,2820,-582,15604,0
13,1566,31625974,4,0,5,0,0
4,1565,31636157,-2565,-3991,6721,0,0
37,1565,31636198,-4078,2820,-582,15604,0
13,1567,31646060,8,-11,-13,0,0
L,31648910,VALID,29.958,17.844,1
4,1566,31656230,-2556,-3973,6730,0,0
37,1566,31656270,-4077,2819,-583,15605,0
13,1568,31666213,-10,-12,-16,0,0
4,1567,31676367,-2551,-3999,6719,0,0
37,1567,31676407,-4080,2818,-583,15604,0
13,1569,31686367,-23,-9,0,0,0
4,1568,31696469,-2550,-4014,6709,0,0
37,1568,31696509,-4080,2818,-583,15604,0
13,1570,31706498,17,14,0,0,0
4,1569,31716702,-2549,-3981,6724,0,0
37,1569,31716742,-4078,2819,-584,15604,0
13,1571,31726626,6,15,-8,0,0
4,1570,31736822,-2569,-3983,6723,0,0
37,1570,31736862,-4079,2821,-585,15604,0
13,1572,31746712,-18,10,-22,0,0
L,31749676,VALID,29.969,17.844,1
4,1571,31756909,-2554,-4022,6696,0,0
37,1571,31756950,-4081,2820,-587,15603,0
13,1573,31766815,9,-1,-20,0,0
4,1572,31777035,-2528,-4005,6727,0,0
37,1572,31777076,-4078,2820,-588,15604,0
13,1574,31787022,24,9,9,0,0
4,1573,31797240,-2550,-3989,6714,0,0
37,1573,31797280,-4077,2822,-588,15604,0
13,1575,31807158,11,18,7,0,0
4,1574,31817293,-2563,-3978,6733,0,0
37,1574,31817333,-4076,2823,-587,15604,0
13,1576,31827253,-21,12,-10,0,0
4,1575,31837466,-2573,-3992,6716,0,0
37,1575,31837506,-4080,2823,-590,15603,0
13,1577,31847425,-32,-5,-42,0,0
L,31850391,VALID,29.984,17.848,1
4,1576,31857519,-2547,-4010,6715,0,0
37,1576,31857560,-4083,2822,-593,15602,0
13,1578,31867572,-28,-4,-29,0,0
4,1577,31877759,-2557,-4013,6706,0,0
37,1577,31877800,-4085,2821,-593,15602,0
13,1579,31887624,-8,-18,-13,0,0
4,1578,31897938,-2559,-4012,6702,0,0
37,1578,31897979,-4085,2819,-595,15602,0
13,1580,31907813,22,-18,-36,0,0
4,1579,31918016,-2541,-3996,6724,0,0
37,1579,31918057,-4083,2816,-599,15603,0
13,1581,31927966,17,-20,-43,0,0
4,1580,31938034,-2533,-4006,6721,0,0
37,1580,31938074,-4083,2814,-601,15603,0
13,1582,31948227,4,6,-13,0,0
L,31950896,VALID,30.008,17.765,1
4,1581,31958423,-2536,-3994,6723,0,0
37,1581,31958464,-4083,2815,-601,15603,0
13,1583,31968254,-13,13,12,0,0
4,1582,31978393,-2539,-4010,6709,0,0
37,1582,31978434,-4084,2817,-600,15603,0
13,1584,31988442,-5,12,19,0,0
4,1583,31998575,-2550,-4002,6721,0,0
37,1583,31998615,-4083,2818,-599,15603,0
13,1585,32008614,-6,9,9,0,0
4,1584,32018703,-2553,-3998,6720,0,0
37,1584,32018744,-4085,2819,-598,15602,0
13,1586,32028682,-19,-6,-3,0,0
4,1585,32038877,-2552,-4011,6699,0,0
37,1585,32038917,-4086,2818,-598,15602,0
13,1587,32048715,-3,-4,-15,0,0
L,32051558,VALID,30.031,17.796,1
4,1586,32058912,-2560,-4001,6712,0,0
37,1586,32058953,-4085,2817,-600,15602,0
13,1588,32068896,12,-13,-34,0,0
4,1587,32079160,-2540,-4012,6714,0,0
37,1587,32079200,-4085,2815,-604,15602,0
13,1589,32089028,29,2,-40,0,0
4,1588,32099168,-2539,-4008,6721,0,0
37,1588,32099209,-4082,2815,-608,15603,0
13,1590,32109258,40,10,-24,0,0
4,1589,32119418,-2533,-3987,6750,0,0
37,1589,32119458,-4079,2817,-609,15604,0
13,1591,32129345,16,32,11,0,0
4,1590,32139340,-2537,-4004,6708,0,0
37,1590,32139380,-4078,2820,-608,15603,0
13,1592,32149455,11,36,34,0,0
L,32152238,VALID,29.985,17.795,1
4,1591,32159687,-2559,-3999,6718,0,0
37,1591,32159727,-4076,2824,-605,15603,0
13,1593,32169602,8,23,55,0,0
4,1592,32179632,-2578,-3999,6703,0,0
37,1592,32179673,-4075,2827,-601,15603,0
13,1594,32189773,3,-6,40,0,0
4,1593,32199850,-2572,-3998,6716,0,0
37,1593,32199890,-4074,2826,-599,15603,0
13,1595,32209886,3,-12,-3,0,0
4,1594,32219985,-2570,-3995,6722,0,0
37,1594,32220026,-4075,2825,-599,15603,0
13,1596,32229944,-7,-13,-21,0,0
4,1595,32240141,-2556,-3991,6716,0,0
37,1595,32240181,-4076,2824,-602,15603,0
13,1597,32250127,-4,3,-37,0,0
L,32252900,VALID,29.969,17.835,1
4,1596,32260167,-2547,-3987,6736,0,0
37,1596,32260208,-4077,2824,-604,15603,0
13,1598,32270109,-37,8,-16,0,0
4,1597,32280423,-2559,-4004,6710,0,0
37,1597,32280464,-4081,2825,-605,15602,0
13,1599,32290350,-37,0,-15,0,0
4,1598,32300414,-2581,-4021,6687,0,0
37,1598,32300455,-4085,2824,-606,15601,0
13,1600,32310522,-9,-28,-31,0,0
4,1599,32320625,-2549,-4020,6686,0,0
37,1599,32320665,-4084,2820,-609,15602,0
13,1601,32330634,46,-23,-46,0,0
4,1600,32340733,-2513,-3997,6723,0,0
37,1600,32340774,-4080,2818,-613,15603,0
13,1602,32350660,39,8,-21,0,0
L,32353440,VALID,30.002,17.771,1
4,1601,32361036,-2547,-3991,6732,0,0
37,1601,32361077,-4078,2819,-614,15603,0
13,1603,32370841,-3,12,1,0,0
4,1602,32380937,-2546,-4002,6725,0,0
37,1602,32380978,-4079,2820,-613,15603,0
13,1604,32391029,-33,1,26,0,0
4,1603,32401197,-2563,-4010,6701,0,0
37,1603,32401238,-4081,2821,-610,15602,0
13,1605,32411127,-16,0,8,0,0
4,1604,32421299,-2549,-4015,6711,0,0
37,1604,32421340,-4082,2821,-609,15602,0
13,1606,32431276,-3,-9,25,0,0
4,1605,32441500,-2539,-4016,6717,0,0
37,1605,32441540,-4082,2822,-605,15602,0
13,1607,32451381,4,6,64,0,0
L,32453989,VALID,30.014,17.812,1
4,1606,32461603,-2551,-3990,6726,0,0
37,1606,32461643,-4080,2825,-600,15602,0
13,1608,32471605,-7,29,57,0,0
4,1607,32481705,-2582,-3998,6703,0,0
37,1607,32481746,-4080,2829,-597,15601,0
13,1609,32491709,-8,9,39,0,0
4,1608,32501766,-2576,-4000,6718,0,0
37,1608,32501807,-4080,2829,-593,15602,0
13,1610,32511794,-6,-8,36,0,0
4,1609,32522004,-2580,-3986,6708,0,0
37,1609,32522045,-4080,2829,-591,15602,0
13,1611,32531993,1,-14,-6,0,0
4,1610,32542099,-2561,-4003,6725,0,0
37,1610,32542140,-4080,2828,-594,15602,0
13,1612,32552086,6,9,-43,0,0
L,32554747,VALID,29.994,17.874,1
4,1611,32562370,-2569,-3984,6726,0,0
37,1611,32562411,-4081,2828,-596,15601,0
13,1613,32572312,-33,-3,-24,0,0
4,1612,32582423,-2565,-4001,6708,0,0
37,1612,32582464,-4085,2827,-598,15600,0
13,1614,32592389,-34,-11,-42,0,0
4,1613,32602616,-2559,-4026,6699,0,0
37,1613,32602657,-4088,2824,-602,15600,0
13,1615,32612620,-6,-20,-60,0,0
4,1614,32622670,-2537,-4016,6712,0,0
37,1614,32622710,-4089,2821,-606,15600,0
13,1616,32632715,0,-11,-33,0,0
4,1615,32642806,-2532,-4013,6710,0,0
37,1615,32642847,-4089,2821,-608,15600,0
13,1617,32652800,-1,14,-7,0,0
L,32655548,VALID,30.068,17.796,1
4,1616,32662988,-2546,-4009,6723,0,0
37,1616,32663029,-4089,2823,-608,15600,0
13,1618,32672878,-5,31,-1,0,0
4,1617,32683166,-2569,-4014,6704,0,0
37,1617,32683235,-4090,2826,-608,15599,0
13,1619,32693076,-7,6,7,0,0
4,1618,32703139,-2557,-4032,6710,0,0
37,1618,32703207,-4090,2825,-607,15599,0
13,1620,32713318,7,-12,36,0,0
4,1619,32723417,-2565,-4007,6702,0,0
37,1619,32723458,-4088,2826,-602,15600,0
13,1621,32733436,6,-4,40,0,0
4,1620,32743502,-2562,-4008,6704,0,0
37,1620,32743542,-4087,2827,-600,15600,0
13,1622,32753507,12,6,24,0,0
L,32756184,VALID,30.052,17.852,1
4,1621,32763754,-2575,-4009,6702,0,0
37,1621,32763794,-4086,2828,-599,15600,0
13,1623,32773792,6,0,14,0,0
4,1622,32783854,-2564,-4017,6705,0,0
37,1622,32783894,-4085,2829,-597,15600,0
13,1624,32793859,18,-4,26,0,0
4,1623,32804037,-2580,-4006,6711,0,0
37,1623,32804077,-4082,2828,-595,15601,0
13,1625,32813988,29,-22,15,0,0
4,1624,32824045,-2578,-4000,6708,0,0
37,1624,32824113,-4080,2826,-595,15602,0
13,1626,32834170,28,-33,-12,0,0
4,1625,32844287,-2547,-4008,6723,0,0
37,1625,32844327,-4078,2822,-596,15603,0
13,1627,32854315,21,-23,-10,0,0
L,32857254,VALID,29.975,17.832,1
4,1626,32864374,-2540,-3986,6732,0,0
37,1626,32864415,-4077,2821,-595,15604,0
13,1628,32874410,-10,0,7,0,0
4,1627,32884544,-2558,-3986,6725,0,0
37,1627,32884584,-4078,2822,-595,15603,0
13,1629,32894428,-37,8,-12,0,0
4,1628,32904646,-2565,-4007,6717,0,0
37,1628,32904687,-4082,2823,-597,15602,0
13,1630,32914686,-29,23,-28,0,0
4,1629,32924932,-2552,-4010,6708,0,0
37,1629,32925000,-4085,2825,-599,15601,0
13,1631,32934762,-21,12,-16,0,0
4,1630,32944906,-2565,-4013,6705,0,0
37,1630,32944974,-4086,2824,-599,15601,0
13,1632,32955005,-7,-26,-4,0,0
L,32957856,VALID,30.039,17.834,1
4,1631,32965004,-2551,-4016,6710,0,0
37,1631,32965044,-4086,2822,-599,15601,0
13,1633,32975252,18,-20,0,0,0
4,1632,32985215,-2545,-4002,6725,0,0
37,1632,32985256,-4084,2821,-598,15602,0
13,1634,32995271,-2,4,12,0,0
4,1633,33005404,-2549,-3992,6713,0,0
37,1633,33005444,-4086,2822,-597,15601,0
13,1635,33015253,-38,8,27,0,0
4,1634,33025429,-2540,-4016,6707,0,0
37,1634,33025470,-4089,2825,-593,15600,0
13,1636,33035544,-45,31,46,0,0
4,1635,33045679,-2583,-4023,6682,0,0
37,1635,33045720,-4091,2830,-590,15599,0
13,1637,33055595,-4,33,22,0,0
L,33058387,VALID,30.075,17.889,1
4,1636,33065741,-2583,-3991,6698,0,0
37,1636,33065782,-4089,2832,-590,15599,0
13,1638,33075725,2,7,-7,0,0
4,1637,33085996,-2562,-4026,6705,0,0
37,1637,33086036,-4091,2831,-591,15599,0
13,1639,33095917,-8,-19,0,0,0
4,1638,33106006,-2558,-4021,6720,0,0
37,1638,33106047,-4091,2829,-589,15599,0
13,1640,33115965,-13,-17,22,0,0
4,1639,33126231,-2562,-3998,6722,0,0
37,1639,33126271,-4092,2830,-586,15599,0
13,1641,33136174,-29,-1,24,0,0
4,1640,33146272,-2570,-4010,6704,0,0
37,1640,33146313,-4095,2830,-584,15598,0
13,1642,33156259,-33,9,13,0,0
L,33159050,VALID,30.099,17.898,1
4,1641,33166507,-2567,-4021,6709,0,0
37,1641,33166548,-4097,2834,-583,15597,0
13,1643,33176379,-18,46,8,0,0
4,1642,33186538,-2581,-4017,6689,0,0
37,1642,33186579,-4098,2837,-584,15596,0
13,1644,33196559,-9,30,1,0,0
4,1643,33206747,-2582,-4018,6697,0,0
37,1643,33206788,-4098,2840,-584,15595,0
13,1645,33216682,-9,24,-5,0,0
4,1644,33226833,-2592,-4014,6706,0,0
37,1644,33226874,-4099,2841,-585,15595,0
13,1646,33236877,-25,9,-7,0,0
4,1645,33247141,-2577,-4017,6705,0,0
37,1645,33247182,-4103,2842,-586,15593,0
13,1647,33256974,-46,18,-22,0,0
L,33259911,VALID,30.177,17.972,1
4,1646,33267076,-2577,-4005,6697,0,0
37,1646,33267116,-4108,2844,-588,15592,0
13,1648,33277042,-68,33,-27,0,0
4,1647,33287288,-2585,-4042,6683,0,0
37,1647,33287329,-4115,2847,-589,15589,0
13,1649,33297222,-64,43,-23,0,0
4,1648,33307314,-2595,-4039,6680,0,0
37,1648,33307354,-4120,2851,-591,15587,0
13,1650,33317333,-53,38,-19,0,0
4,1649,33327600,-2595,-4058,6662,0,0
37,1649,33327641,-4124,2853,-593,15586,0
13,1651,33337516,-17,19,-17,0,0
4,1650,33347633,-2584,-4058,6671,0,0
37,1650,33347673,-4124,2854,-594,15586,0
13,1652,33357608,7,-1,11,0,0
L,33360287,VALID,30.355,18.025,1
4,1651,33367744,-2580,-4046,6683,0,0
37,1651,33367785,-4122,2854,-592,15586,0
13,1653,33377738,15,-4,22,0,0
4,1652,33387837,-2595,-4035,6680,0,0
37,1652,33387877,-4122,2855,-591,15586,0
13,1654,33397824,2,5,1,0,0
4,1653,33408206,-2570,-4042,6677,0,0
37,1653,33408247,-4122,2855,-591,15586,0
13,1655,33417979,3,17,12,0,0
4,1654,33428138,-2586,-4048,6676,0,0
37,1654,33428178,-4121,2858,-590,15586,0
13,1656,33438121,1,16,28,0,0
4,1655,33448223,-2610,-4034,6688,0,0
37,1655,33448264,-4120,2860,-587,15586,0
13,1657,33458427,-7,3,16,0,0
L,33461088,VALID,30.326,18.081,1
4,1656,33468459,-2606,-4040,6679,0,0
37,1656,33468499,-4121,2860,-586,15585,0
13,1658,33478434,-7,-11,10,0,0
4,1657,33488611,-2599,-4039,6681,0,0
37,1657,33488651,-4121,2860,-584,15586,0
13,1659,33498581,-4,-19,11,0,0
4,1658,33508715,-2605,-4028,6674,0,0
37,1658,33508756,-4122,2858,-583,15586,0
13,1660,33518779,2,-27,0,0,0
4,1659,33528886,-2582,-4038,6677,0,0
37,1659,33528927,-4120,2856,-584,15586,0
13,1661,33538830,12,0,-15,0,0
4,1660,33548938,-2576,-4037,6689,0,0
37,1660,33548979,-4121,2857,-585,15586,0
13,1662,33558868,-23,14,-10,0,0
L,33561828,VALID,30.328,18.064,1
4,1661,33569244,-2587,-4036,6678,0,0
37,1661,33569285,-4124,2858,-586,15585,0
13,1663,33579097,-28,23,-12,0,0
4,1662,33589277,-2600,-4051,6665,0,0
37,1662,33589318,-4126,2861,-587,15584,0
13,1664,33599244,-18,19,-7,0,0
4,1663,33609393,-2587,-4055,6665,0,0
37,1663,33609434,-4127,2862,-587,15583,0
13,1665,33619424,1,12,9,0,0
4,1664,33629480,-2593,-4049,6681,0,0
37,1664,33629521,-4127,2864,-587,15583,0
13,1666,33639510,-9,22,2,0,0
4,1665,33649633,-2606,-4030,6671,0,0
37,1665,33649674,-4129,2866,-587,15582,0
13,1667,33659629,-29,5,-2,0,0
L,33662395,VALID,30.402,18.117,1
4,1666,33669817,-2607,-4053,6664,0,0
37,1666,33669858,-4132,2866,-587,15582,0
13,1668,33679799,-8,-2,-9,0,0
4,1667,33689910,-2584,-4062,6664,0,0
37,1667,33689951,-4131,2866,-587,15582,0
13,1669,33699939,15,4,6,0,0
4,1668,33709987,-2600,-4041,6689,0,0
37,1668,33710028,-4130,2867,-586,15582,0
13,1670,33720095,-5,16,20,0,0
4,1669,33730325,-2608,-4036,6661,0,0
37,1669,33730365,-4131,2869,-585,15581,0
13,1671,33740163,-13,5,10,0,0
4,1670,33750314,-2610,-4065,6667,0,0
37,1670,33750355,-4132,2870,-585,15581,0
13,1672,33760344,5,15,-10,0,0
L,33763126,VALID,30.426,18.146,1
4,1671,33770445,-2588,-4049,6671,0,0
37,1671,33770486,-4130,2872,-586,15581,0
13,1673,33780378,21,30,10,0,0
4,1672,33790580,-2611,-4030,6674,0,0
37,1672,33790621,-4128,2875,-585,15581,0
13,1674,33800619,6,27,6,0,0
4,1673,33810795,-2628,-4027,6680,0,0
37,1673,33810836,-4128,2877,-585,15580,0
13,1675,33820791,-31,-7,0,0,0
4,1674,33830875,-2608,-4054,6663,0,0
37,1674,33830916,-4133,2876,-585,15580,0
13,1676,33840939,-35,-16,-14,0,0
4,1675,33851081,-2596,-4069,6654,0,0
37,1675,33851121,-4135,2874,-586,15579,0
13,1677,33860953,7,9,-18,0,0
L,33863632,VALID,30.456,18.169,1
4,1676,33871246,-2599,-4041,6674,0,0
37,1676,33871287,-4133,2876,-588,15579,0
13,1678,33881127,1,20,-10,0,0
4,1677,33891353,-2596,-4051,6666,0,0
37,1677,33891394,-4134,2878,-589,15579,0
13,1679,33901333,0,27,1,0,0
4,1678,33911439,-2617,-4044,6659,0,0
37,1678,33911480,-4134,2881,-589,15578,0
13,1680,33921428,-8,18,5,0,0
4,1679,33931604,-2626,-4065,6671,0,0
37,1679,33931644,-4135,2883,-588,15578,0
13,1681,33941582,-18,4,13,0,0
4,1680,33951656,-2621,-4051,6662,0,0
37,1680,33951723,-4136,2883,-586,15577,0
13,1682,33961685,-12,3,-2,0,0
L,33964485,VALID,30.475,18.230,1
4,1681,33971942,-2623,-4047,6666,0,0
37,1681,33971983,-4137,2883,-587,15577,0
13,1683,33981883,-17,-8,-22,0,0
4,1682,33991940,-2612,-4069,6656,0,0
37,1682,33991981,-4139,2883,-589,15576,0
13,1684,34001969,-4,0,-14,0,0
4,1683,34012103,-2594,-4054,6671,0,0
37,1683,34012144,-4140,2883,-590,15576,0
13,1685,34022047,-18,15,0,0,0
4,1684,34032180,-2613,-4054,6677,0,0
37,1684,34032221,-4142,2885,-589,15575,0
13,1686,34042218,-38,14,11,0,0
4,1685,34052388,-2632,-4060,6646,0,0
37,1685,34052428,-4145,2886,-588,15574,0
13,1687,34062286,-18,4,0,0,0
L,34064947,VALID,30.548,18.241,1
4,1686,34072526,-2618,-4081,6638,0,0
37,1686,34072567,-4146,2887,-588,15574,0
13,1688,34082511,12,6,-10,0,0
4,1687,34092697,-2621,-4045,6653,0,0
37,1687,34092738,-4144,2887,-589,15574,0
13,1689,34102615,10,-14,-5,0,0
4,1688,34112727,-2603,-4060,6663,0,0
37,1688,34112768,-4143,2885,-589,15575,0
13,1690,34122803,11,-3,1,0,0
4,1689,34132984,-2627,-4051,6671,0,0
37,1689,34133024,-4143,2886,-589,15575,0
13,1691,34142899,-13,-6,0,0,0
4,1690,34152946,-2625,-4051,6668,0,0
37,1690,34152986,-4144,2886,-588,15574,0
13,1692,34162966,-22,-3,-3,0,0
L,34165844,VALID,30.541,18.242,1
4,1691,34173232,-2612,-4067,6649,0,0
37,1691,34173273,-4146,2886,-589,15574,0
13,1693,34183042,-4,-2,-12,0,0
4,1692,34193238,-2608,-4075,6637,0,0
37,1692,34193279,-4146,2885,-590,15574,0
13,1694,34203206,26,-9,-8,0,0
4,1693,34213430,-2606,-4061,6665,0,0
37,1693,34213470,-4143,2884,-590,15575,0
13,1695,34223441,25,-13,2,0,0
4,1694,34233514,-2621,-4048,6667,0,0
37,1694,34233554,-4142,2883,-589,15575,0
13,1696,34243576,-1,-21,0,0,0
4,1695,34253625,-2609,-4065,6657,0,0
37,1695,34253666,-4142,2882,-590,15576,0
13,1697,34263628,18,1,-25,0,0
L,34266402,VALID,30.521,18.211,1
4,1696,34273772,-2607,-4057,6658,0,0
37,1696,34273813,-4141,2882,-593,15576,0
13,1698,34283886,11,14,-33,0,0
4,1697,34294039,-2609,-4041,6669,0,0
37,1697,34294080,-4141,2882,-596,15576,0
13,1699,34303964,-22,14,-28,0,0
4,1698,34314081,-2621,-4067,6648,0,0
37,1698,34314122,-4145,2883,-598,15574,0
13,1700,34324101,-23,7,-34,0,0
4,1699,34334247,-2612,-4057,6653,0,0
37,1699,34334288,-4146,2882,-601,15574,0
13,1701,34344250,-18,-3,-21,0,0
4,1700,34354273,-2597,-4075,6656,0,0
37,1700,34354313,-4148,2882,-602,15574,0
13,1702,34364393,-5,3,-12,0,0
L,34367166,VALID,30.579,18.185,1
4,1701,34374556,-2602,-4076,6647,0,0
37,1701,34374597,-4148,2883,-603,15573,0
13,1703,34384490,18,13,-10,0,0
4,1702,34394571,-2616,-4070,6657,0,0
37,1702,34394612,-4147,2884,-604,15574,0
13,1704,34404514,10,-2,0,0,0
4,1703,34414767,-2603,-4051,6679,0,0
37,1703,34414808,-4146,2884,-603,15574,0
13,1705,34424738,-23,3,9,0,0
4,1704,34434870,-2615,-4074,6643,0,0
37,1704,34434911,-4149,2885,-602,15573,0
13,1706,34444806,-23,11,18,0,0
4,1705,34455072,-2611,-4075,6643,0,0
37,1705,34455112,-4150,2887,-600,15572,0
13,1707,34465048,-2,8,23,0,0
L,34467708,VALID,30.599,18.222,1
4,1706,34475047,-2615,-4058,6657,0,0
37,1706,34475088,-4148,2887,-598,15573,0
13,1708,34485305,4,-13,26,0,0
4,1707,34495311,-2631,-4066,6641,0,0
37,1707,34495352,-4149,2886,-596,15573,0
13,1709,34505314,-2,-31,16,0,0
4,1708,34515363,-2586,-4081,6647,0,0
37,1708,34515403,-4148,2884,-594,15574,0
13,1710,34525305,34,-1,35,0,0
4,1709,34535594,-2612,-4052,6660,0,0
37,1709,34535634,-4143,2887,-590,15574,0
13,1711,34545573,38,14,46,0,0
4,1710,34555663,-2625,-4048,6666,0,0
37,1710,34555703,-4140,2888,-589,15575,0
13,1712,34565640,28,10,10,0,0
L,34568440,VALID,30.514,18.256,1
4,1711,34575785,-2638,-4049,6657,0,0
37,1711,34575853,-4138,2889,-589,15576,0
13,1713,34585760,20,0,-12,0,0
4,1712,34595923,-2617,-4051,6671,0,0
37,1712,34595963,-4137,2888,-590,15576,0
13,1714,34605943,-6,-11,-5,0,0
4,1713,34616128,-2619,-4053,6663,0,0
37,1713,34616168,-4138,2888,-590,15576,0
13,1715,34626002,-12,0,-14,0,0
4,1714,34636204,-2630,-4044,6650,0,0
37,1714,34636245,-4140,2888,-592,15575,0
13,1716,34646235,-17,0,-37,0,0
4,1715,34656343,-2606,-4061,6657,0,0
37,1715,34656384,-4142,2887,-595,15575,0
13,1717,34666285,-10,2,-34,0,0
L,34669137,VALID,30.533,18.236,1
4,1716,34676473,-2622,-4054,6656,0,0
37,1716,34676514,-4143,2887,-598,15574,0
13,1718,34686443,-16,-2,-40,0,0
4,1717,34696644,-2594,-4069,6656,0,0
37,1717,34696711,-4146,2885,-601,15574,0
13,1719,34706603,-11,8,-37,0,0
4,1718,34716715,-2611,-4060,6650,0,0
37,1718,34716755,-4148,2885,-602,15573,0
13,1720,34726725,-27,-18,5,0,0
4,1719,34736876,-2601,-4080,6647,0,0
37,1719,34736917,-4149,2884,-600,15573,0
13,1721,34746870,5,-15,20,0,0
4,1720,34757049,-2620,-4062,6648,0,0
37,1720,34757090,-4147,2884,-599,15574,0
13,1722,34766965,6,-9,5,0,0
L,34769591,VALID,30.571,18.205,1
4,1721,34777194,-2618,-4058,6655,0,0
37,1721,34777235,-4148,2883,-598,15574,0
13,1723,34787043,-18,-23,12,0,0
4,1722,34797272,-2601,-4082,6650,0,0
37,1722,34797312,-4150,2882,-596,15573,0
13,1724,34807240,-5,-5,20,0,0
4,1723,34817389,-2628,-4069,6651,0,0
37,1723,34817430,-4149,2883,-594,15574,0
13,1725,34827368,11,-14,15,0,0
4,1724,34837497,-2645,-4068,6652,0,0
37,1724,34837537,-4149,2880,-593,15574,0
13,1726,34847507,4,-60,-16,0,0
4,1725,34857720,-2599,-4080,6646,0,0
37,1725,34857761,-4148,2873,-594,15576,0
13,1727,34867635,23,-71,-13,0,0
L,34870583,VALID,30.559,18.139,1
4,1726,34877702,-2595,-4074,6657,0,0
37,1726,34877743,-4146,2868,-593,15577,0
13,1728,34887781,31,-39,-5,0,0
4,1727,34897906,-2596,-4041,6674,0,0
37,1727,34897947,-4144,2866,-593,15578,0
13,1729,34907816,-6,-20,-10,0,0
4,1728,34918122,-2603,-4037,6691,0,0
37,1728,34918163,-4147,2864,-594,15578,0
13,1730,34928024,-50,-7,-26,0,0
4,1729,34938227,-2590,-4075,6650,0,0
37,1729,34938267,-4152,2864,-596,15576,0
13,1731,34948151,-39,10,-15,0,0
4,1730,34958183,-2599,-4083,6656,0,0
37,1730,34958224,-4154,2865,-596,15575,0
13,1732,34968427,-6,-5,-9,0,0
L,34971175,VALID,30.598,18.078,1
4,1731,34978544,-2616,-4072,6653,0,0
37,1731,34978585,-4154,2863,-596,15576,0
13,1733,34988435,13,-54,-17,0,0
4,1732,34998569,-2595,-4066,6663,0,0
37,1732,34998609,-4153,2856,-597,15577,0
13,1734,35008599,5,-75,-8,0,0
4,1733,35018800,-2583,-4080,6672,0,0
37,1733,35018841,-4154,2851,-595,15578,0
13,1735,35028780,1,-50,-16,0,0
4,1734,35038846,-2576,-4056,6666,0,0
37,1734,35038886,-4155,2847,-597,15579,0
13,1736,35048839,-16,-30,-30,0,0
4,1735,35058966,-2572,-4073,6671,0,0
37,1735,35059007,-4157,2845,-599,15578,0
13,1737,35068907,-23,-6,-26,0,0
L,35071881,VALID,30.597,17.935,1
4,1736,35079140,-2607,-4080,6654,0,0
37,1736,35079181,-4159,2843,-600,15578,0
13,1738,35089079,-12,-56,-33,0,0
4,1737,35099378,-2579,-4089,6656,0,0
37,1737,35099419,-4161,2835,-600,15579,0
13,1739,35109245,11,-111,-15,0,0
4,1738,35119369,-2566,-4091,6658,0,0
37,1738,35119410,-4159,2824,-599,15581,0
13,1740,35129459,34,-131,-21,0,0
4,1739,35139552,-2514,-4071,6684,0,0
37,1739,35139592,-4156,2813,-599,15584,0
13,1741,35149545,30,-74,-25,0,0
4,1740,35159516,-2530,-4042,6690,0,0
37,1740,35159556,-4155,2809,-601,15585,0
13,1742,35169672,-3,-22,-43,0,0
L,35172621,VALID,30.540,17.689,1
4,1741,35179922,-2559,-4068,6678,0,0
37,1741,35179963,-4158,2807,-605,15585,0
13,1743,35189785,-22,-32,-61,0,0
4,1742,35199860,-2545,-4081,6656,0,0
37,1742,35199900,-4161,2801,-610,15585,0
13,1744,35209947,3,-69,-84,0,0
4,1743,35219990,-2526,-4094,6670,0,0
37,1743,35220031,-4161,2792,-615,15586,0
13,1745,35230095,12,-94,-56,0,0
4,1744,35240246,-2537,-4089,6681,0,0
37,1744,35240286,-4162,2782,-616,15588,0
13,1746,35250189,7,-109,-49,0,0
4,1745,35260454,-2515,-4078,6685,0,0
37,1745,35260494,-4161,2773,-620,15589,0
13,1747,35270354,21,-75,-95,0,0
L,35273318,VALID,30.560,17.406,1
4,1746,35280422,-2503,-4082,6688,0,0
37,1746,35280462,-4162,2764,-628,15590,0
13,1748,35290404,5,-74,-120,0,0
4,1747,35300633,-2484,-4079,6708,0,0
37,1747,35300674,-4164,2756,-636,15591,0
13,1749,35310613,-6,-80,-90,0,0
4,1748,35320685,-2474,-4102,6683,0,0
37,1748,35320725,-4166,2745,-639,15592,0
13,1750,35330773,-3,-112,-36,0,0
4,1749,35340947,-2472,-4095,6694,0,0
37,1749,35340988,-4167,2737,-639,15593,0
13,1751,35350956,4,-97,-43,0,0
4,1750,35361022,-2465,-4100,6693,0,0
37,1750,35361063,-4167,2726,-641,15595,0
13,1752,35370938,24,-107,-57,0,0
L,35374006,VALID,30.567,17.044,1
4,1751,35381273,-2439,-4088,6688,0,0
37,1751,35381314,-4165,2716,-644,15597,0
13,1753,35391128,46,-113,-36,0,0
4,1752,35401236,-2453,-4078,6707,0,0
37,1752,35401277,-4162,2706,-644,15600,0
13,1754,35411307,44,-127,-36,0,0
4,1753,35421503,-2434,-4065,6713,0,0
37,1753,35421544,-4159,2692,-645,15603,0
13,1755,35431424,17,-161,-38,0,0
4,1754,35441572,-2428,-4087,6710,0,0
37,1754,35441613,-4161,2677,-644,15605,0
13,1756,35451565,-1,-168,-47,0,0
4,1755,35461695,-2412,-4086,6719,0,0
37,1755,35461735,-4161,2663,-647,15607,0
13,1757,35471651,21,-132,-86,0,0
L,35474685,VALID,30.453,16.610,1
4,1756,35481824,-2385,-4095,6719,0,0
37,1756,35481864,-4162,2650,-652,15609,0
13,1758,35491849,33,-118,-81,0,0
4,1757,35501976,-2363,-4097,6736,0,0
37,1757,35502017,-4159,2639,-656,15612,0
13,1759,35511979,41,-105,-53,0,0
4,1758,35522019,-2369,-4087,6736,0,0
37,1758,35522060,-4156,2630,-658,15614,0
13,1760,35532047,45,-103,-30,0,0
4,1759,35542208,-2366,-4081,6730,0,0
37,1759,35542249,-4154,2620,-657,15616,0
13,1761,35552245,38,-117,-9,0,0
4,1760,35562284,-2360,-4081,6736,0,0
37,1760,35562324,-4151,2610,-656,15619,0
13,1762,35572304,40,-130,-22,0,0
L,35575356,VALID,30.323,16.240,1
4,1761,35582625,-2366,-4059,6743,0,0
37,1761,35582665,-4148,2597,-656,15621,0
13,1763,35592530,30,-167,-49,0,0
4,1762,35602623,-2343,-4095,6729,0,0
37,1762,35602664,-4148,2580,-658,15624,0
13,1764,35612589,48,-182,-68,0,0
4,1763,35622758,-2254,-4090,6768,0,0
37,1763,35622798,-4145,2564,-660,15628,0
13,1765,35632778,54,-113,-41,0,0
4,1764,35642888,-2305,-4061,6752,0,0
37,1764,35642929,-4139,2557,-663,15630,0
13,1766,35652882,66,-79,-64,0,0
4,1765,35663024,-2302,-4047,6795,0,0
37,1765,35663065,-4138,2548,-666,15632,0
13,1767,35672967,-11,-105,-49,0,0
L,35676088,VALID,30.165,15.810,1
4,1766,35683123,-2287,-4063,6764,0,0
37,1766,35683163,-4142,2537,-667,15633,0
13,1768,35693035,-34,-129,-36,0,0
4,1767,35703232,-2270,-4086,6752,0,0
37,1767,35703272,-4145,2525,-666,15634,0
13,1769,35713198,-4,-134,-24,0,0
4,1768,35723318,-2251,-4075,6771,0,0
37,1768,35723359,-4145,2514,-666,15635,0
13,1770,35733447,12,-93,-40,0,0
4,1769,35743583,-2291,-4054,6784,0,0
37,1769,35743624,-4145,2506,-668,15637,0
13,1771,35753534,2,-110,-72,0,0
4,1770,35763583,-2261,-4068,6761,0,0
37,1770,35763623,-4148,2492,-672,15638,0
13,1772,35773603,-8,-156,-81,0,0
L,35776619,VALID,30.181,15.414,1
4,1771,35783758,-2226,-4091,6766,0,0
37,1771,35783798,-4149,2476,-676,15640,0
13,1773,35793827,29,-165,-92,0,0
4,1772,35803867,-2168,-4086,6777,0,0
37,1772,35803908,-4147,2460,-679,15643,0
13,1774,35813912,44,-156,-37,0,0
4,1773,35824153,-2178,-4068,6805,0,0
37,1773,35824194,-4144,2449,-678,15646,0
13,1775,35833998,25,-105,-3,0,0
4,1774,35844118,-2216,-4085,6782,0,0
37,1774,35844159,-4143,2441,-676,15647,0
13,1776,35854205,27,-119,-16,0,0
4,1775,35864220,-2208,-4078,6779,0,0
37,1775,35864261,-4140,2428,-677,15650,0
13,1777,35874289,60,-149,-57,0,0
L,35877325,VALID,30.055,14.976,1
4,1776,35884384,-2192,-4066,6796,0,0
37,1776,35884425,-4136,2412,-680,15653,0
13,1778,35894403,71,-183,-76,0,0
4,1777,35904599,-2180,-4057,6813,0,0
37,1777,35904639,-4132,2393,-682,15657,0
13,1779,35914420,43,-263,-53,0,0
4,1778,35924641,-2103,-4069,6818,0,0
37,1778,35924681,-4131,2370,-680,15661,0
13,1780,35934678,32,-243,-30,0,0
4,1779,35944855,-2089,-4042,6841,0,0
37,1779,35944896,-4131,2348,-675,15664,0
13,1781,35954728,-29,-244,24,0,0
4,1780,35964935,-2061,-4066,6832,0,0
37,1780,35964976,-4136,2331,-667,15666,0
13,1782,35974953,-40,-168,11,0,0
L,35978004,VALID,29.913,14.342,1
4,1781,35985089,-2136,-4080,6805,0,0
37,1781,35985130,-4138,2318,-666,15668,0
13,1783,35995220,11,-197,-62,0,0
4,1782,36005191,-2118,-4072,6807,0,0
37,1782,36005232,-4137,2295,-667,15671,0
13,1784,36015262,60,-280,-114,0,0
4,1783,36025330,-2008,-4086,6839,0,0
37,1783,36025370,-4132,2268,-676,15676,0
13,1785,36035237,118,-226,-162,0,0
4,1784,36045441,-1968,-4053,6872,0,0
37,1784,36045481,-4126,2248,-685,15680,0
13,1786,36055495,71,-155,-117,0,0
4,1785,36065717,-1989,-4040,6863,0,0
37,1785,36065785,-4122,2236,-692,15683,0
13,1787,36075562,37,-112,-107,0,0
L,36078701,VALID,29.730,13.660,1
4,1786,36085683,-2000,-4036,6871,0,0
37,1786,36085751,-4123,2223,-699,15684,0
13,1788,36095673,-5,-117,-126,0,0
4,1787,36105898,-1982,-4046,6877,0,0
37,1787,36105938,-4128,2210,-706,15684,0
13,1789,36115839,-54,-156,-95,0,0
4,1788,36125973,-1949,-4105,6831,0,0
37,1788,36126014,-4134,2193,-708,15685,0
13,1790,36135949,-6,-170,-62,0,0
4,1789,36146240,-1939,-4091,6851,0,0
37,1789,36146281,-4132,2180,-710,15687,0
13,1791,36156140,59,-140,-61,0,0
4,1790,36166205,-1927,-4078,6867,0,0
37,1790,36166246,-4127,2166,-714,15690,0
13,1792,36176190,96,-130,-81,0,0
L,36179215,VALID,29.714,13.144,1
4,1791,36186431,-1880,-4054,6892,0,0
37,1791,36186472,-4120,2153,-718,15693,0
13,1793,36196354,70,-106,-28,0,0
4,1792,36206456,-1924,-4033,6886,0,0
37,1792,36206496,-4116,2145,-715,15696,0
13,1794,36216569,24,-141,19,0,0
4,1793,36226707,-1902,-4056,6888,0,0
37,1793,36226748,-4114,2133,-712,15698,0
13,1795,36236613,32,-125,-14,0,0
4,1794,36246746,-1917,-4052,6871,0,0
37,1794,36246787,-4113,2121,-711,15700,0
13,1796,36256757,30,-177,-16,0,0
4,1795,36267013,-1887,-4059,6874,0,0
37,1795,36267053,-4112,2101,-706,15703,0
13,1797,36276862,37,-263,11,0,0
L,36279825,VALID,29.534,12.728,1
4,1796,36286989,-1821,-4067,6896,0,0
37,1796,36287030,-4107,2081,-701,15707,0
13,1798,36296921,72,-203,14,0,0
4,1797,36307263,-1840,-4033,6905,0,0
37,1797,36307303,-4101,2066,-697,15711,0
13,1799,36317136,83,-137,-25,0,0
4,1798,36327229,-1828,-4026,6913,0,0
37,1798,36327269,-4095,2056,-700,15714,0
13,1800,36337247,84,-94,-75,0,0
4,1799,36347419,-1845,-4039,6902,0,0
37,1799,36347459,-4089,2045,-707,15717,0
13,1801,36357402,100,-146,-84,0,0
4,1800,36367539,-1819,-4021,6926,0,0
37,1800,36367580,-4081,2027,-709,15721,0
13,1802,36377531,85,-229,-54,0,0
L,36380566,VALID,29.238,12.238,1
4,1801,36387686,-1804,-4020,6920,0,0
37,1801,36387726,-4078,2002,-707,15725,0
13,1803,36397652,63,-305,-33,0,0
4,1802,36407753,-1749,-4011,6934,0,0
37,1802,36407794,-4073,1976,-706,15729,0
13,1804,36417746,82,-249,-66,0,0
4,1803,36428054,-1711,-4013,6956,0,0
37,1803,36428095,-4067,1957,-707,15734,0
13,1805,36437901,87,-185,-37,0,0
4,1804,36448029,-1712,-3985,6972,0,0
37,1804,36448069,-4061,1943,-708,15737,0
13,1806,36458063,79,-115,-65,0,0
4,1805,36468245,-1730,-3996,6954,0,0
37,1805,36468286,-4056,1932,-714,15739,0
13,1807,36478323,83,-129,-79,0,0
L,36481367,VALID,28.971,11.600,1
4,1806,36488374,-1710,-4007,6972,0,0
37,1806,36488415,-4050,1918,-717,15742,0
13,1808,36498314,91,-154,-60,0,0
4,1807,36508492,-1710,-4012,6946,0,0
37,1807,36508533,-4043,1902,-719,15746,0
13,1809,36518469,130,-193,-70,0,0
4,1808,36528623,-1689,-4003,6968,0,0
37,1808,36528663,-4031,1881,-725,15751,0
13,1810,36538692,187,-232,-116,0,0
4,1809,36548839,-1639,-3971,6997,0,0
37,1809,36548879,-4015,1858,-732,15758,0
13,1811,36558727,203,-205,-126,0,0
4,1810,36568836,-1611,-3937,7016,0,0
37,1810,36568877,-4002,1838,-740,15763,0
13,1812,36578751,159,-196,-95,0,0
L,36581864,VALID,28.510,10.945,1
4,1811,36589090,-1595,-3939,7032,0,0
37,1811,36589131,-3991,1820,-745,15768,0
13,1813,36599003,136,-171,-111,0,0
4,1812,36609140,-1618,-3954,7016,0,0
37,1812,36609180,-3981,1801,-752,15772,0
13,1814,36619130,143,-220,-120,0,0
4,1813,36629319,-1587,-3957,7003,0,0
37,1813,36629360,-3972,1778,-759,15777,0
13,1815,36639321,186,-247,-115,0,0
4,1814,36649414,-1556,-3923,7050,0,0
37,1814,36649455,-3954,1754,-765,15783,0
13,1816,36659407,223,-252,-106,0,0
4,1815,36669439,-1498,-3918,7044,0,0
37,1815,36669480,-3937,1729,-770,15790,0
13,1817,36679535,251,-234,-82,0,0
L,36682647,VALID,27.962,10.187,1
4,1816,36689734,-1492,-3893,7060,0,0
37,1816,36689775,-3916,1707,-774,15798,0
13,1818,36699655,275,-243,-78,0,0
4,1817,36709862,-1477,-3905,7064,0,0
37,1817,36709903,-3894,1680,-780,15806,0
13,1819,36719828,309,-320,-141,0,0
4,1818,36729774,-1407,-3879,7097,0,0
37,1818,36729841,-3868,1645,-788,15815,0
13,1820,36739955,334,-315,-149,0,0
4,1819,36750101,-1419,-3771,7176,0,0
37,1819,36750142,-3843,1620,-798,15824,0
13,1821,36760008,264,-222,-101,0,0
4,1820,36770188,-1402,-3780,7143,0,0
37,1820,36770228,-3825,1600,-802,15830,0
13,1822,36780154,231,-200,-83,0,0
L,36783266,VALID,27.061,9.314,1
4,1821,36790309,-1399,-3754,7158,0,0
37,1821,36790349,-3807,1580,-808,15836,0
13,1823,36800205,233,-175,-97,0,0
4,1822,36810339,-1340,-3789,7165,0,0
37,1822,36810380,-3788,1563,-815,15842,0
13,1824,36820446,255,-167,-98,0,0
4,1823,36830513,-1286,-3769,7175,0,0
37,1823,36830554,-3768,1543,-822,15848,0
13,1825,36840557,242,-215,-87,0,0
4,1824,36850652,-1404,-3716,7185,0,0
37,1824,36850693,-3749,1523,-825,15854,0
13,1826,36860722,238,-227,-63,0,0
4,1825,36870848,-1335,-3716,7202,0,0
37,1825,36870889,-3730,1500,-828,15861,0
13,1827,36880722,256,-229,-68,0,0
L,36883841,VALID,26.309,8.639,1
4,1826,36890988,-1299,-3711,7199,0,0
37,1826,36891028,-3709,1479,-831,15868,0
13,1828,36900885,276,-246,-35,0,0
4,1827,36911053,-1259,-3689,7218,0,0
37,1827,36911094,-3686,1455,-829,15875,0
13,1829,36921065,297,-269,-9,0,0
4,1828,36931192,-1272,-3667,7225,0,0
37,1828,36931232,-3661,1428,-827,15884,0
13,1830,36941211,321,-337,-43,0,0
4,1829,36951407,-1192,-3635,7259,0,0
37,1829,36951475,-3634,1395,-829,15893,0
13,1831,36961339,326,-346,-67,0,0
4,1830,36971398,-1205,-3581,7288,0,0
37,1830,36971465,-3610,1364,-827,15901,0
13,1832,36981417,286,-340,-10,0,0
L,36984547,VALID,25.344,7.774,1
4,1831,36991631,-1134,-3566,7305,0,0
37,1831,36991672,-3588,1335,-823,15909,0
13,1833,37001641,258,-304,22,0,0
4,1832,37011698,-1146,-3551,7312,0,0
37,1832,37011738,-3568,1310,-818,15915,0
13,1834,37021727,228,-289,-6,0,0
4,1833,37031914,-1113,-3524,7326,0,0
37,1833,37031955,-3551,1282,-815,15921,0
13,1835,37041831,188,-280,-41,0,0
4,1834,37051958,-1101,-3553,7309,0,0
37,1834,37051998,-3539,1257,-817,15926,0
13,1836,37062020,193,-276,-68,0,0
4,1835,37072155,-1056,-3513,7345,0,0
37,1835,37072196,-3523,1231,-818,15932,0
13,1837,37082113,181,-266,-61,0,0
L,37085314,VALID,24.623,6.922,1
4,1836,37092313,-1000,-3491,7386,0,0
37,1836,37092353,-3510,1211,-821,15936,0
13,1838,37102338,119,-157,-51,0,0
4,1837,37112543,-1036,-3471,7360,0,0
37,1837,37112583,-3505,1198,-821,15938,0
13,1839,37122433,43,-157,-19,0,0
4,1838,37132532,-1038,-3506,7341,0,0
37,1838,37132572,-3503,1182,-820,15940,0
13,1840,37142647,47,-214,-8,0,0
4,1839,37152723,-980,-3513,7357,0,0
37,1839,37152764,-3500,1161,-814,15942,0
13,1841,37162698,57,-219,36,0,0
4,1840,37172782,-981,-3497,7367,0,0
37,1840,37172823,-3495,1148,-807,15945,0
13,1842,37182793,58,-147,32,0,0
L,37185740,VALID,24.365,6.386,1
4,1841,37193034,-1002,-3495,7349,0,0
37,1841,37193074,-3489,1136,-805,15947,0
13,1843,37202879,96,-135,-17,0,0
4,1842,37213049,-970,-3467,7381,0,0
37,1842,37213090,-3482,1123,-806,15949,0
13,1844,37223058,87,-136,-39,0,0
4,1843,37233196,-964,-3483,7367,0,0
37,1843,37233237,-3475,1109,-806,15952,0
13,1845,37243232,92,-191,-7,0,0
4,1844,37253357,-980,-3446,7375,0,0
37,1844,37253398,-3468,1089,-801,15955,0
13,1846,37263385,68,-287,15,0,0
4,1845,37273461,-907,-3466,7381,0,0
37,1845,37273501,-3464,1064,-796,15958,0
13,1847,37283445,78,-255,-25,0,0
L,37286498,VALID,24.088,5.843,1
4,1846,37293575,-878,-3470,7373,0,0
37,1846,37293616,-3458,1044,-797,15960,0
13,1848,37303678,113,-174,-84,0,0
4,1847,37313816,-859,-3458,7377,0,0
37,1847,37313856,-3447,1029,-804,15963,0
13,1849,37323801,156,-139,-92,0,0
4,1848,37333919,-830,-3458,7415,0,0
37,1848,37333959,-3436,1013,-810,15966,0
13,1850,37343928,119,-171,-123,0,0
4,1849,37354110,-825,-3421,7405,0,0
37,1849,37354151,-3430,992,-819,15968,0
13,1851,37364093,58,-237,-129,0,0
4,1850,37374101,-828,-3411,7422,0,0
37,1850,37374141,-3427,970,-824,15970,0
13,1852,37384210,69,-234,-103,0,0
L,37387351,VALID,23.778,5.176,1
4,1851,37394325,-843,-3382,7432,0,0
37,1851,37394366,-3423,948,-830,15972,0
13,1853,37404333,49,-234,-121,0,0
4,1852,37414392,-816,-3418,7406,0,0
37,1852,37414432,-3421,926,-837,15973,0
13,1854,37424383,91,-213,-154,0,0
4,1853,37434736,-725,-3430,7404,0,0
37,1853,37434776,-3411,904,-848,15976,0
13,1855,37444634,159,-189,-144,0,0
4,1854,37454753,-712,-3384,7450,0,0
37,1854,37454794,-3399,886,-856,15980,0
13,1856,37464702,131,-160,-103,0,0
4,1855,37474909,-724,-3384,7439,0,0
37,1855,37474950,-3390,871,-863,15982,0
13,1857,37484936,95,-176,-121,0,0
L,37488066,VALID,23.468,4.458,1
4,1856,37494945,-691,-3353,7451,0,0
37,1856,37494986,-3386,850,-869,15984,0
13,1858,37505157,37,-231,-91,0,0
4,1857,37515209,-679,-3382,7447,0,0
37,1857,37515250,-3385,829,-872,15985,0
13,1859,37525244,35,-227,-60,0,0
4,1858,37535244,-656,-3405,7424,0,0
37,1858,37535284,-3382,807,-872,15986,0
13,1860,37545218,101,-251,-54,0,0
4,1859,37555432,-634,-3397,7417,0,0
37,1859,37555472,-3372,783,-873,15990,0
13,1861,37565450,182,-260,-68,0,0
4,1860,37575562,-606,-3358,7472,0,0
37,1860,37575603,-3355,760,-876,15994,0
13,1862,37585509,207,-236,-73,0,0
L,37588719,VALID,23.161,3.697,1
4,1861,37595762,-575,-3321,7485,0,0
37,1861,37595803,-3340,737,-879,15998,0
13,1863,37605699,160,-228,-74,0,0
4,1862,37615804,-547,-3308,7497,0,0
37,1862,37615845,-3329,717,-882,16001,0
13,1864,37625804,127,-182,-73,0,0
4,1863,37635973,-563,-3304,7490,0,0
37,1863,37636013,-3321,701,-885,16003,0
13,1865,37645905,104,-178,-79,0,0
4,1864,37656104,-550,-3305,7489,0,0
37,1864,37656144,-3312,683,-890,16006,0
13,1866,37666138,113,-187,-87,0,0
4,1865,37676276,-539,-3300,7485,0,0
37,1865,37676316,-3305,664,-894,16008,0
13,1867,37686190,115,-234,-89,0,0
L,37689320,VALID,22.757,3.036,1
4,1866,37696380,-508,-3294,7486,0,0
37,1866,37696421,-3295,639,-899,16011,0
13,1868,37706310,136,-254,-128,0,0
4,1867,37716534,-481,-3250,7513,0,0
37,1867,37716575,-3286,615,-907,16013,0
13,1869,37726545,82,-252,-141,0,0
4,1868,37736604,-446,-3263,7513,0,0
37,1868,37736645,-3283,590,-916,16014,0
13,1870,37746638,46,-244,-163,0,0
4,1869,37756860,-400,-3267,7504,0,0
37,1869,37756900,-3282,567,-925,16015,0
13,1871,37766774,27,-223,-130,0,0
4,1870,37776964,-364,-3310,7486,0,0
37,1870,37777005,-3280,548,-932,16015,0
13,1872,37786869,84,-154,-102,0,0
L,37789982,VALID,22.527,2.200,1
4,1871,37797024,-377,-3265,7513,0,0
37,1871,37797065,-3272,534,-937,16017,0
13,1873,37806964,93,-155,-71,0,0
4,1872,37817185,-371,-3237,7521,0,0
37,1872,37817226,-3266,518,-938,16019,0
13,1874,37827136,52,-216,-28,0,0
4,1873,37837367,-381,-3263,7498,0,0
37,1873,37837435,-3264,496,-935,16020,0
13,1875,37847282,69,-289,-13,0,0
4,1874,37857438,-313,-3272,7500,0,0
37,1874,37857478,-3258,468,-932,16022,0
13,1876,37867481,130,-294,-9,0,0
4,1875,37877606,-300,-3242,7531,0,0
37,1875,37877647,-3245,444,-928,16026,0
13,1877,37887574,168,-248,-23,0,0
L,37890688,VALID,22.227,1.509,1
4,1876,37897661,-242,-3229,7529,0,0
37,1876,37897701,-3232,422,-927,16029,0
13,1878,37907676,158,-223,-32,0,0
4,1877,37917935,-266,-3198,7533,0,0
37,1877,37917976,-3221,401,-926,16032,0
13,1879,37927772,123,-262,-12,0,0
4,1878,37938029,-252,-3193,7544,0,0
37,1878,37938070,-3213,379,-922,16034,0
13,1880,37947979,99,-226,0,0,0
4,1879,37958080,-235,-3165,7567,0,0
37,1879,37958120,-3206,360,-920,16036,0
13,1881,37968106,68,-190,-51,0,0
4,1880,37978158,-177,-3194,7554,0,0
37,1880,37978226,-3203,345,-923,16037,0
13,1882,37988332,54,-134,-48,0,0
L,37991367,VALID,21.883,0.856,1
4,1881,37998512,-194,-3184,7540,0,0
37,1881,37998553,-3199,333,-925,16038,0
13,1883,38008357,49,-140,-48,0,0
4,1882,38018467,-190,-3177,7550,0,0
37,1882,38018507,-3197,318,-925,16039,0
13,1884,38028537,35,-171,-27,0,0
4,1883,38038692,-155,-3190,7544,0,0
37,1883,38038733,-3194,303,-925,16040,0
13,1885,38048709,57,-159,-24,0,0
4,1884,38058761,-163,-3175,7551,0,0
37,1884,38058801,-3189,290,-924,16041,0
13,1886,38068770,74,-153,-31,0,0
4,1885,38078924,-124,-3177,7546,0,0
37,1885,38078964,-3182,276,-924,16042,0
13,1887,38088785,96,-150,-6,0,0
L,38091751,VALID,21.704,0.391,1
4,1886,38099080,-120,-3162,7564,0,0
37,1886,38099121,-3177,263,-921,16044,0
13,1888,38109019,74,-135,-4,0,0
4,1887,38119225,-78,-3148,7565,0,0
37,1887,38119266,-3170,250,-921,16045,0
13,1889,38129157,83,-136,-25,0,0
4,1888,38139248,-84,-3149,7565,0,0
37,1888,38139289,-3164,238,-920,16047,0
13,1890,38149354,78,-142,-16,0,0
4,1889,38159509,-84,-3156,7557,0,0
37,1889,38159549,-3158,226,-920,16048,0
13,1891,38169396,103,-103,-29,0,0
4,1890,38179448,-112,-3139,7555,0,0
37,1890,38179488,-3148,218,-922,16050,0
13,1892,38189525,132,-94,-37,0,0
L,38192561,VALID,21.438,0.010,1
4,1891,38199759,-90,-3115,7580,0,0
37,1891,38199800,-3137,207,-923,16052,0
13,1893,38209680,104,-112,-42,0,0
4,1892,38219714,-56,-3105,7574,0,0
37,1892,38219755,-3129,199,-926,16054,0
13,1894,38229774,98,-52,-33,0,0
4,1893,38239930,-44,-3125,7570,0,0
37,1893,38239971,-3122,194,-927,16055,0
13,1895,38249936,112,-49,-9,0,0
4,1894,38260046,-57,-3102,7574,0,0
37,1894,38260086,-3110,190,-927,16058,0
13,1896,38270014,142,-41,-3,0,0
4,1895,38280212,-47,-3073,7595,0,0
37,1895,38280253,-3099,186,-926,16060,0
13,1897,38290153,113,-31,-4,0,0
L,38293101,VALID,21.076,-0.195,1
4,1896,38300265,-49,-3082,7582,0,0
37,1896,38300305,-3090,183,-927,16062,0
13,1898,38310203,121,-23,-14,0,0
4,1897,38320470,-38,-3057,7604,0,0
37,1897,38320510,-3079,181,-927,16064,0
13,1899,38330454,106,-25,0,0,0
4,1898,38340512,-44,-3072,7585,0,0
37,1898,38340552,-3071,178,-927,16065,0
13,1900,38350591,116,-18,0,0,0
4,1899,38360720,-45,-3047,7603,0,0
37,1899,38360760,-3059,177,-927,16068,0
13,1901,38370739,138,-14,0,0,0
4,1900,38380814,-46,-3031,7605,0,0
37,1900,38380854,-3050,175,-927,16069,0
13,1902,38390770,101,-14,-1,0,0
L,38393720,VALID,20.724,-0.252,1
4,1901,38401091,-40,-3016,7620,0,0
37,1901,38401131,-3042,173,-927,16071,0
13,1903,38410935,74,-18,1,0,0
4,1902,38421019,-47,-3042,7597,0,0
37,1902,38421059,-3035,172,-926,16072,0
13,1904,38431098,109,-18,3,0,0
4,1903,38441244,-44,-3023,7610,0,0
37,1903,38441284,-3024,170,-926,16074,0
13,1905,38451219,144,-18,-2,0,0
4,1904,38461321,-34,-2979,7631,0,0
37,1904,38461361,-3011,168,-926,16077,0
13,1906,38471348,124,-13,-4,0,0
4,1905,38481503,-38,-2988,7627,0,0
37,1905,38481544,-3003,166,-926,16078,0
13,1907,38491435,95,-10,0,0,0
L,38494200,VALID,20.386,-0.294,1
4,1906,38501605,-33,-2988,7618,0,0
37,1906,38501646,-2995,165,-926,16080,0
13,1908,38511570,107,-4,0,0,0
4,1907,38521707,-36,-2981,7627,0,0
37,1907,38521747,-2984,165,-926,16082,0
13,1909,38531708,123,1,-5,0,0
4,1908,38541774,-36,-2941,7648,0,0
37,1908,38541814,-2975,165,-927,16084,0
13,1910,38551794,79,-12,-4,0,0
4,1909,38561980,-35,-2959,7636,0,0
37,1909,38562021,-2970,163,-927,16084,0
13,1911,38571967,62,-11,-1,0,0
4,1910,38582016,-25,-2949,7630,0,0
37,1910,38582057,-2964,163,-927,16086,0
13,1912,38592044,65,-3,1,0,0
L,38594731,VALID,20.107,-0.300,1
4,1911,38602242,-34,-2930,7653,0,0
37,1911,38602282,-2959,163,-926,16086,0
13,1913,38612216,32,-2,0,0,0
4,1912,38622345,-30,-2946,7639,0,0
37,1912,38622385,-2958,163,-926,16087,0
13,1914,38632285,26,2,-2,0,0
4,1913,38642505,-33,-2955,7619,0,0
37,1913,38642546,-2955,164,-927,16087,0
13,1915,38652508,66,2,-3,0,0
4,1914,38662582,-35,-2942,7631,0,0
37,1914,38662622,-2948,164,-927,16089,0
13,1916,38672602,85,3,-7,0,0
4,1915,38682693,-18,-2966,7636,0,0
37,1915,38682733,-2942,164,-930,16089,0
13,1917,38692645,68,15,-71,0,0
L,38695506,VALID,19.952,-0.288,1
4,1916,38702852,-65,-2887,7665,0,0
37,1916,38702892,-2935,164,-935,16090,0
13,1918,38712712,74,-9,0,0,0
4,1917,38723038,-30,-2905,7655,0,0
37,1917,38723078,-2929,162,-933,16092,0
13,1919,38732916,35,-15,28,0,0
4,1918,38743015,-21,-2900,7678,0,0
37,1918,38743055,-2931,161,-927,16092,0
13,1920,38753114,-42,-35,96,0,0
4,1919,38763211,-40,-2965,7619,0,0
37,1919,38763251,-2934,160,-918,16092,0
13,1921,38773220,23,-32,79,0,0
4,1920,38783244,-47,-2930,7628,0,0
37,1920,38783284,-2927,159,-913,16093,0
13,1922,38793315,96,-18,26,0,0
L,38796186,VALID,19.843,-0.295,1
4,1921,38803513,-49,-2880,7683,0,0
37,1921,38803553,-2920,158,-912,16095,0
13,1923,38813540,48,-12,11,0,0
4,1922,38823623,-12,-2903,7655,0,0
37,1922,38823664,-2919,157,-911,16095,0
13,1924,38833599,18,-12,19,0,0
4,1923,38843814,-21,-2896,7662,0,0
37,1923,38843855,-2917,156,-908,16095,0
13,1925,38853764,-3,-19,30,0,0
4,1924,38863797,-47,-2898,7655,0,0
37,1924,38863837,-2919,155,-905,16095,0
13,1926,38873858,-23,-23,24,0,0
4,1925,38883950,-30,-2919,7648,0,0
37,1925,38883990,-2921,155,-903,16095,0
13,1927,38893967,-9,-6,3,0,0
L,38896692,VALID,19.799,-0.308,1
4,1926,38904052,-34,-2931,7640,0,0
37,1926,38904093,-2923,155,-903,16094,0
13,1928,38914105,15,-5,-2,0,0
4,1927,38924198,-30,-2918,7650,0,0
37,1927,38924239,-2920,155,-903,16095,0
13,1929,38934106,41,0,0,0,0
4,1928,38944317,-39,-2904,7658,0,0
37,1928,38944357,-2916,155,-903,16096,0
13,1930,38954338,32,-3,1,0,0
4,1929,38964603,-35,-2893,7680,0,0
37,1929,38964644,-2915,156,-903,16096,0
13,1931,38974409,0,-6,3,0,0
4,1930,38984550,-38,-2903,7656,0,0
37,1930,38984590,-2916,156,-902,16096,0
13,1932,38994648,-5,-6,0,0,0
L,38997301,VALID,19.764,-0.298,1
4,1931,39004699,-28,-2909,7649,0,0
37,1931,39004739,-2918,156,-902,16095,0
13,1933,39014862,0,-7,1,0,0
4,1932,39024808,-33,-2927,7642,0,0
37,1932,39024848,-2916,156,-902,16096,0
13,1934,39034896,65,-11,8,0,0
4,1933,39044990,-26,-2891,7666,0,0
37,1933,39045030,-2909,155,-899,16097,0
13,1935,39054844,63,-22,33,0,0
4,1934,39065023,-25,-2883,7666,0,0
37,1934,39065063,-2904,154,-897,16098,0
13,1936,39075076,50,-11,23,0,0
4,1935,39085229,39,-2895,7666,0,0
37,1935,39085270,-2902,152,-892,16099,0
13,1937,39095128,12,-32,81,0,0
L,39098024,VALID,19.663,-0.308,1
4,1936,39105292,16,-2937,7650,0,0
37,1936,39105360,-2902,151,-886,16099,0
13,1938,39115257,2,-21,35,0,0
4,1937,39125496,-47,-2896,7656,0,0
37,1937,39125536,-2901,151,-884,16100,0
13,1939,39135438,30,-5,11,0,0
4,1938,39145547,-19,-2883,7657,0,0
37,1938,39145588,-2897,151,-883,16100,0
13,1940,39155505,28,-10,12,0,0
4,1939,39165762,-83,-2853,7680,0,0
37,1939,39165802,-2898,150,-880,16100,0
13,1941,39175731,2,-20,48,0,0
4,1940,39185777,-23,-2872,7658,0,0
37,1940,39185818,-2895,148,-874,16101,0
13,1942,39195807,31,-45,95,0,0
L,39198678,VALID,19.612,-0.310,1
4,1941,39206075,-66,-2843,7714,0,0
37,1941,39206115,-2894,146,-864,16102,0
13,1943,39215937,-34,-40,101,0,0
4,1942,39226064,-47,-2871,7662,0,0
37,1942,39226104,-2900,145,-856,16101,0
13,1944,39236109,-57,-14,48,0,0
4,1943,39246231,-54,-2891,7665,0,0
37,1943,39246271,-2905,146,-855,16100,0
13,1945,39256221,-39,4,-1,0,0
4,1944,39266312,-33,-2912,7645,0,0
37,1944,39266353,-2907,147,-855,16100,0
13,1946,39276356,15,-2,5,0,0
4,1945,39286643,-22,-2905,7650,0,0
37,1945,39286683,-2903,146,-854,16101,0
13,1947,39296409,49,-16,20,0,0
L,39299262,VALID,19.668,-0.302,1
4,1946,39306564,-33,-2867,7679,0,0
37,1946,39306604,-2900,145,-851,16102,0
13,1948,39316512,8,-25,44,0,0
4,1947,39326794,-29,-2888,7652,0,0
37,1947,39326834,-2901,144,-847,16102,0
13,1949,39336693,6,-15,30,0,0
4,1948,39346792,-21,-2912,7646,0,0
37,1948,39346832,-2900,143,-845,16102,0
13,1950,39356778,43,-5,16,0,0
4,1949,39367060,-15,-2883,7655,0,0
37,1949,39367100,-2895,143,-843,16103,0
13,1951,39376943,50,-18,28,0,0
4,1950,39387061,-14,-2876,7675,0,0
37,1950,39387102,-2891,141,-839,16104,0
13,1952,39397078,20,-26,46,0,0
L,39399932,VALID,19.581,-0.314,1
4,1951,39407130,-48,-2870,7665,0,0
37,1951,39407170,-2892,140,-835,16104,0
13,1953,39417156,-1,-19,29,0,0
4,1952,39427283,-20,-2891,7640,0,0
37,1952,39427324,-2891,139,-833,16104,0
13,1954,39437190,49,-20,29,0,0
4,1953,39447574,-22,-2864,7673,0,0
37,1953,39447615,-2884,138,-830,16106,0
13,1955,39457372,57,-15,22,0,0
4,1954,39467498,-35,-2850,7682,0,0
37,1954,39467538,-2881,137,-828,16106,0
13,1956,39477499,19,-4,8,0,0
4,1955,39487616,-34,-2868,7666,0,0
37,1955,39487656,-2881,138,-828,16106,0
13,1957,39497758,13,1,-2,0,0
L,39500438,VALID,19.509,-0.317,1
4,1956,39507837,-28,-2864,7663,0,0
37,1956,39507878,-2879,139,-828,16107,0
13,1958,39517748,21,-4,0,0,0
4,1957,39527962,-21,-2874,7665,0,0
37,1957,39528003,-2878,138,-828,16107,0
13,1959,39537921,28,-7,-2,0,0
4,1958,39548048,-25,-2853,7673,0,0
37,1958,39548088,-2875,138,-828,16107,0
13,1960,39558084,41,-4,0,0,0
4,1959,39568174,-26,-2852,7676,0,0
37,1959,39568215,-2872,138,-828,16108,0
13,1961,39578144,20,-5,0,0,0
4,1960,39588183,-26,-2878,7659,0,0
37,1960,39588224,-2871,138,-828,16108,0
13,1962,39598168,52,-1,-1,0,0
L,39600944,VALID,19.438,-0.313,1
4,1961,39608481,-32,-2868,7667,0,0
37,1961,39608522,-2863,138,-828,16109,0
13,1963,39618333,103,0,0,0,0
4,1962,39628529,-26,-2846,7684,0,0
37,1962,39628570,-2854,137,-828,16111,0
13,1964,39638443,102,-6,0,0,0
4,1963,39648622,-29,-2822,7672,0,0
37,1963,39648663,-2845,136,-828,16113,0
13,1965,39658651,98,-6,-1,0,0
4,1964,39668726,-23,-2821,7695,0,0
37,1964,39668766,-2837,136,-828,16114,0
13,1966,39678719,71,-2,-1,0,0
4,1965,39688820,-23,-2824,7676,0,0
37,1965,39688861,-2832,136,-828,16115,0
13,1967,39698831,85,-1,-1,0,0
L,39701580,VALID,19.161,-0.313,1
4,1966,39709029,-27,-2816,7690,0,0
37,1966,39709069,-2823,135,-828,16117,0
13,1968,39718960,114,-4,-1,0,0
4,1967,39729061,-23,-2803,7700,0,0
37,1967,39729129,-2813,135,-828,16118,0
13,1969,39739142,100,-5,0,0,0
4,1968,39749141,-28,-2787,7704,0,0
37,1968,39749182,-2806,134,-828,16120,0
13,1970,39759252,79,-4,0,0,0
4,1969,39769441,-19,-2792,7695,0,0
37,1969,39769481,-2798,133,-828,16121,0
13,1971,39779354,83,0,0,0,0
4,1970,39789464,-25,-2756,7716,0,0
37,1970,39789505,-2792,133,-829,16122,0
13,1972,39799484,38,-1,0,0,0
L,39802164,VALID,18.876,-0.321,1
4,1971,39809578,-28,-2772,7714,0,0
37,1971,39809618,-2792,134,-828,16122,0
13,1973,39819509,-3,0,-1,0,0
4,1972,39829696,-29,-2790,7691,0,0
37,1972,39829736,-2792,135,-829,16122,0
13,1974,39839725,11,1,-3,0,0
4,1973,39849886,-32,-2772,7696,0,0
37,1973,39849953,-2792,136,-828,16122,0
13,1975,39859845,10,-4,1,0,0
4,1974,39869920,-21,-2773,7709,0,0
37,1974,39869960,-2791,136,-828,16122,0
13,1976,39880000,3,-4,3,0,0
4,1975,39890091,-16,-2771,7705,0,0
37,1975,39890131,-2792,136,-828,16122,0
13,1977,39899998,-8,-1,0,0,0
L,39902678,VALID,18.877,-0.299,1
4,1976,39910275,-27,-2776,7711,0,0
37,1976,39910315,-2794,137,-828,16122,0
13,1978,39920163,-27,0,0,0,0
4,1977,39930375,-32,-2775,7692,0,0
37,1977,39930415,-2797,138,-827,16121,0
13,1979,39940335,-26,1,0,0,0
4,1978,39950470,-21,-2814,7683,0,0
37,1978,39950510,-2798,138,-827,16121,0
13,1980,39960446,28,-1,0,0,0
4,1979,39970632,-26,-2785,7705,0,0
37,1979,39970700,-2795,138,-827,16121,0
13,1981,39980575,22,-4,2,0,0
4,1980,39990651,-15,-2769,7708,0,0
37,1980,39990691,-2795,138,-827,16121,0
13,1982,40000704,-5,0,1,0,0
L,40003297,VALID,18.900,-0.285,1
4,1981,40010963,-19,-2774,7705,0,0
37,1981,40011003,-2797,139,-827,16121,0
13,1983,40020859,-17,6,2,0,0
4,1982,40030925,-22,-2752,7719,0,0
37,1982,40030966,-2799,141,-827,16121,0
13,1984,40040944,-58,6,-2,0,0
4,1983,40051037,-34,-2779,7689,0,0
37,1983,40051077,-2806,142,-827,16120,0
13,1985,40061013,-68,3,0,0,0
4,1984,40071122,-35,-2793,7714,0,0
37,1984,40071162,-2812,142,-827,16118,0
13,1986,40081175,-81,-2,0,0,0
4,1985,40091345,-28,-2809,7682,0,0
37,1985,40091386,-2820,143,-827,16117,0
13,1987,40101254,-67,-2,0,0,0
L,40104028,VALID,19.078,-0.260,1
4,1986,40111453,-27,-2816,7683,0,0
37,1986,40111493,-2824,143,-827,16116,0
13,1988,40121461,-27,-3,0,0,0
4,1987,40131624,-21,-2813,7682,0,0
37,1987,40131664,-2826,143,-826,16116,0
13,1989,40141528,1,-4,0,0,0
4,1988,40151654,-29,-2802,7694,0,0
37,1988,40151694,-2826,143,-826,16116,0
13,1990,40161709,-7,-4,0,0,0
4,1989,40171879,8,-2825,7689,0,0
37,1989,40171919,-2828,143,-826,16116,0
13,1991,40181786,2,-5,0,0,0
4,1990,40191834,241,-2942,7586,0,0
37,1990,40191875,-2823,140,-830,16116,0
13,1992,40201854,165,5,-64,0,0
L,40204708,VALID,19.099,-0.285,1
4,1991,40212096,-332,-2677,7817,0,0
37,1991,40212137,-2810,143,-832,16119,0
13,1993,40221907,34,2,0,0,0
4,1992,40232116,0,-2799,7676,0,0
37,1992,40232155,-2807,143,-832,16119,0
13,1994,40242164,51,-6,-2,0,0
4,1993,40252285,-17,-2765,7727,0,0
37,1993,40252326,-2805,142,-832,16119,0
13,1995,40262327,-6,-7,7,0,0
4,1994,40272412,65,-2831,7664,0,0
37,1994,40272452,-2807,140,-831,16119,0
13,1996,40282464,32,-12,0,0,0
4,1995,40292514,-88,-2739,7740,0,0
37,1995,40292555,-2802,141,-832,16120,0
13,1997,40302499,-8,2,-17,0,0
L,40305274,VALID,18.950,-0.273,1
4,1996,40312602,38,-2812,7670,0,0
37,1996,40312642,-2805,140,-835,16119,0
13,1998,40322730,-10,11,-60,0,0
4,1997,40332877,-112,-2713,7755,0,0
37,1997,40332917,-2808,142,-839,16119,0
13,1999,40342767,-83,5,-12,0,0
4,1998,40352893,-30,-2809,7698,0,0
37,1998,40352934,-2816,142,-840,16117,0
13,2000,40362939,-83,-1,-12,0,0
4,1999,40373017,-22,-2817,7688,0,0
37,1999,40373058,-2824,142,-841,16116,0
13,2001,40383042,-65,4,-21,0,0
4,2000,40393057,-19,-2841,7650,0,0
37,2000,40393097,-2827,143,-843,16115,0
13,2002,40403176,25,2,-10,0,0
L,40405971,VALID,19.128,-0.282,1
4,2001,40413316,-18,-2812,7696,0,0
37,2001,40413356,-2822,143,-843,16116,0
13,2003,40423265,64,-4,0,0,0
4,2002,40433320,-21,-2807,7688,0,0
37,2002,40433360,-2815,142,-843,16117,0
13,2004,40443306,81,-3,2,0,0
4,2003,40453586,-14,-2774,7720,0,0
37,2003,40453627,-2809,142,-843,16118,0
13,2005,40463532,46,3,1,0,0
4,2004,40473656,-11,-2755,7731,0,0
37,2004,40473697,-2808,142,-843,16118,0
13,2006,40483617,-35,1,0,0,0
4,2005,40493864,-9,-2800,7688,0,0
37,2005,40493905,-2813,143,-843,16117,0
13,2007,40503850,-36,-2,0,0,0
L,40506616,VALID,19.029,-0.277,1
4,2006,40513841,-14,-2810,7680,0,0
37,2006,40513881,-2814,143,-843,16117,0
13,2008,40524046,19,0,-2,0,0
4,2007,40534044,-24,-2800,7690,0,0
37,2007,40534085,-2810,143,-843,16118,0
13,2009,40544098,70,0,-3,0,0
4,2008,40554139,-20,-2761,7721,0,0
37,2008,40554179,-2804,142,-843,16119,0
13,2010,40564063,15,-4,0,0,0
4,2009,40574335,-14,-2773,7711,0,0
37,2009,40574376,-2806,143,-843,16119,0
13,2011,40584288,-39,-1,-1,0,0
4,2010,40594405,-27,-2793,7692,0,0
37,2010,40594446,-2811,143,-843,16118,0
13,2012,40604364,-47,0,-7,0,0
L,40607139,VALID,19.014,-0.276,1
4,2011,40614606,-33,-2806,7694,0,0
37,2011,40614646,-2814,144,-845,16117,0
13,2013,40624527,-27,5,-25,0,0
4,2012,40634631,-19,-2781,7704,0,0
37,2012,40634672,-2816,144,-846,16117,0
13,2014,40644663,-38,-2,-9,0,0
4,2013,40654844,-14,-2785,7705,0,0
37,2013,40654885,-2821,143,-846,16116,0
13,2015,40664716,-69,-7,2,0,0
4,2014,40674936,-16,-2816,7667,0,0
37,2014,40674977,-2828,143,-846,16115,0
13,2016,40684914,-44,-5,-1,0,0
4,2015,40695066,-15,-2806,7698,0,0
37,2015,40695107,-2830,143,-846,16114,0
13,2017,40705009,-23,-4,-5,0,0
L,40707853,VALID,19.149,-0.286,1
4,2016,40715198,-13,-2809,7690,0,0
37,2016,40715239,-2832,144,-847,16114,0
13,2018,40725121,-24,4,-8,0,0
4,2017,40735378,-22,-2826,7684,0,0
37,2017,40735418,-2835,144,-848,16113,0
13,2019,40745345,-1,14,-44,0,0
4,2018,40755433,-9,-2814,7681,0,0
37,2018,40755473,-2832,145,-856,16113,0
13,2020,40765395,42,16,-57,0,0
4,2019,40775582,-18,-2821,7695,0,0
37,2019,40775623,-2829,145,-856,16114,0
13,2021,40785531,41,0,1,0,0
4,2020,40795729,-22,-2810,7685,0,0
37,2020,40795769,-2825,145,-856,16115,0
13,2022,40805619,43,2,0,0,0
L,40808213,VALID,19.114,-0.283,1
4,2021,40815833,-21,-2784,7719,0,0
37,2021,40815873,-2823,146,-856,16115,0
13,2023,40825687,-3,0,1,0,0
4,2022,40835888,-23,-2802,7697,0,0
37,2022,40835928,-2825,147,-856,16115,0
13,2024,40845859,-35,2,1,0,0
4,2023,40856037,-20,-2804,7698,0,0
37,2023,40856077,-2829,147,-856,16114,0
13,2025,40866014,-55,-2,0,0,0
4,2024,40876160,-20,-2829,7667,0,0
37,2024,40876201,-2834,147,-856,16113,0
13,2026,40886165,-11,-2,0,0,0
4,2025,40896374,-20,-2802,7697,0,0
37,2025,40896414,-2834,148,-856,16113,0
13,2027,40906287,-5,-2,-1,0,0
L,40909061,VALID,19.179,-0.266,1
4,2026,40916330,-21,-2808,7680,0,0
37,2026,40916371,-2835,148,-856,16113,0
13,2028,40926366,0,-2,0,0,0
4,2027,40936536,-11,-2819,7676,0,0
37,2027,40936576,-2834,148,-856,16113,0
13,2029,40946444,35,0,-4,0,0
4,2028,40956724,-12,-2783,7712,0,0
37,2028,40956764,-2831,148,-856,16114,0
13,2030,40966607,-10,-1,-1,0,0
4,2029,40976828,-19,-2807,7709,0,0
37,2029,40976896,-2836,149,-856,16113,0
13,2031,40986744,-72,0,-1,0,0
4,2030,40996774,-23,-2834,7683,0,0
37,2030,40996815,-2843,149,-856,16111,0
13,2032,41006995,-69,6,-19,0,0
L,41009855,VALID,19.244,-0.262,1
4,2031,41017123,-28,-2865,7665,0,0
37,2031,41017163,-2849,150,-861,16110,0
13,2033,41027027,-50,24,-77,0,0
4,2032,41037128,0,-2819,7677,0,0
37,2032,41037167,-2850,151,-866,16110,0
13,2034,41047181,10,8,-20,0,0
4,2033,41057368,-17,-2806,7700,0,0
37,2033,41057408,-2849,151,-868,16110,0
13,2035,41067338,-8,-1,-10,0,0
4,2034,41077396,-25,-2834,7668,0,0
37,2034,41077436,-2850,152,-867,16109,0
13,2036,41087371,14,-5,1,0,0
4,2035,41097505,-16,-2823,7672,0,0
37,2035,41097545,-2848,151,-867,16110,0
13,2037,41107405,36,-7,3,0,0
L,41110093,VALID,19.280,-0.263,1
4,2036,41117630,-7,-2828,7676,0,0
37,2036,41117670,-2844,150,-867,16111,0
13,2038,41127621,70,-5,0,0,0
4,2037,41137869,-12,-2775,7719,0,0
37,2037,41137910,-2837,150,-867,16112,0
13,2039,41147731,31,0,0,0,0
4,2038,41157840,-18,-2802,7702,0,0
37,2038,41157880,-2837,150,-867,16112,0
13,2040,41167947,-16,-3,0,0,0
4,2039,41178040,-21,-2825,7672,0,0
37,2039,41178081,-2839,151,-867,16112,0
13,2041,41188033,-5,0,0,0,0
4,2040,41198029,-18,-2830,7690,0,0
37,2040,41198070,-2840,151,-867,16111,0
13,2042,41208101,19,2,-3,0,0
L,41210798,VALID,19.223,-0.261,1
4,2041,41218385,-42,-2845,7689,0,0
37,2041,41218454,-2838,152,-869,16112,0
13,2043,41228274,-8,22,-69,0,0
4,2042,41238315,2,-2777,7703,0,0
37,2042,41238355,-2840,153,-876,16111,0
13,2044,41248420,-29,13,-42,0,0
4,2043,41258456,-28,-2807,7684,0,0
37,2043,41258497,-2842,154,-878,16110,0
13,2045,41268530,-7,12,-30,0,0
4,2044,41278667,-24,-2840,7674,0,0
37,2044,41278708,-2840,155,-881,16110,0
13,2046,41288617,41,11,-26,0,0
4,2045,41298848,-25,-2802,7699,0,0
37,2045,41298889,-2837,155,-884,16111,0
13,2047,41308807,15,13,-33,0,0
L,41311669,VALID,19.203,-0.253,1
4,2046,41318825,-20,-2798,7702,0,0
37,2046,41318865,-2839,156,-888,16110,0
13,2048,41328787,-28,15,-38,0,0
4,2047,41339003,-11,-2831,7670,0,0
37,2047,41339043,-2839,156,-890,16110,0
13,2049,41349047,27,7,-12,0,0
4,2048,41359105,-15,-2773,7730,0,0
37,2048,41359146,-2836,157,-890,16111,0
13,2050,41369229,-25,5,-3,0,0
4,2049,41379365,-23,-2811,7678,0,0
37,2049,41379405,-2842,158,-891,16110,0
13,2051,41389332,-57,8,-8,0,0
4,2050,41399423,-16,-2825,7674,0,0
37,2050,41399463,-2845,159,-892,16109,0
13,2052,41409347,-23,4,0,0,0
L,41412018,VALID,19.261,-0.238,1
4,2051,41419709,-13,-2813,7711,0,0
37,2051,41419749,-2848,159,-891,16109,0
13,2053,41429521,-43,0,3,0,0
4,2052,41439645,-17,-2805,7703,0,0
37,2052,41439686,-2853,160,-891,16108,0
13,2054,41449726,-86,0,5,0,0
4,2053,41459939,-21,-2825,7693,0,0
37,2053,41459980,-2864,161,-890,16106,0
13,2055,41469856,-136,-1,3,0,0
4,2054,41479984,-18,-2857,7663,0,0
37,2054,41480024,-2875,161,-890,16104,0
13,2056,41489959,-109,0,-1,0,0
4,2055,41500095,-17,-2866,7669,0,0
37,2055,41500136,-2883,161,-890,16102,0
13,2057,41510054,-77,4,-2,0,0
L,41512802,VALID,19.532,-0.236,1
4,2056,41520222,-16,-2857,7672,0,0
37,2056,41520262,-2890,162,-891,16101,0
13,2058,41530224,-88,7,-8,0,0
4,2057,41540355,-30,-2880,7669,0,0
37,2057,41540395,-2900,164,-892,16099,0
13,2059,41550346,-99,6,-22,0,0
4,2058,41560393,-21,-2895,7650,0,0
37,2058,41560434,-2905,164,-893,16098,0
13,2060,41570413,-22,1,1,0,0
4,2059,41580557,-15,-2882,7659,0,0
37,2059,41580598,-2906,165,-893,16098,0
13,2061,41590586,9,2,0,0,0
4,2060,41600625,-14,-2855,7685,0,0
37,2060,41600665,-2906,165,-893,16098,0
13,2062,41610646,-42,2,2,0,0
L,41613360,VALID,19.696,-0.221,1
4,2061,41620948,-27,-2869,7673,0,0
37,2061,41620988,-2912,166,-892,16097,0
13,2063,41630871,-79,0,2,0,0
4,2062,41640971,-27,-2908,7645,0,0
37,2062,41641011,-2920,166,-892,16096,0
13,2064,41650929,-50,-3,0,0,0
4,2063,41661081,-32,-2914,7630,0,0
37,2063,41661121,-2920,167,-892,16096,0
13,2065,41671136,52,3,-1,0,0
4,2064,41681192,-19,-2869,7671,0,0
37,2064,41681232,-2912,167,-893,16097,0
13,2066,41691222,57,6,-1,0,0
4,2065,41701357,-25,-2846,7703,0,0
37,2065,41701398,-2911,167,-892,16097,0
13,2067,41711257,-36,0,2,0,0
L,41713935,VALID,19.733,-0.208,1
4,2066,41721436,-29,-2863,7676,0,0
37,2066,41721476,-2917,168,-892,16096,0
13,2068,41731333,-74,1,3,0,0
4,2067,41741615,-33,-2879,7666,0,0
37,2067,41741655,-2923,169,-892,16095,0
13,2069,41751530,-83,-1,1,0,0
4,2068,41761625,-29,-2893,7665,0,0
37,2068,41761665,-2932,169,-892,16093,0
13,2070,41771762,-111,-4,0,0,0
4,2069,41781917,-14,-2911,7648,0,0
37,2069,41781957,-2942,169,-892,16091,0
13,2071,41791867,-102,0,-1,0,0
4,2070,41801864,-26,-2932,7633,0,0
37,2070,41801905,-2950,170,-891,16090,0
13,2072,41811917,-64,-1,1,0,0
L,41814701,VALID,20.011,-0.201,1
4,2071,41822081,-21,-2938,7637,0,0
37,2071,41822122,-2954,170,-891,16089,0
13,2073,41832133,-12,2,-1,0,0
4,2072,41842217,-21,-2921,7656,0,0
37,2072,41842258,-2955,170,-892,16089,0
13,2074,41852227,-8,3,0,0,0
4,2073,41862467,-21,-2879,7687,0,0
37,2073,41862507,-2957,171,-891,16089,0
13,2075,41872338,-91,-2,3,0,0
4,2074,41882433,-16,-2919,7633,0,0
37,2074,41882473,-2967,172,-891,16087,0
13,2076,41892527,-98,0,1,0,0
4,2075,41902552,-19,-2931,7641,0,0
37,2075,41902592,-2977,172,-891,16085,0
13,2077,41912638,-111,-2,4,0,0
L,41915493,VALID,20.203,-0.198,1
4,2076,41922692,-39,-2982,7606,0,0
37,2076,41922733,-2983,172,-890,16084,0
13,2078,41932759,-9,1,2,0,0
4,2077,41942965,-25,-2964,7636,0,0
37,2077,41943006,-2981,173,-890,16084,0
13,2079,41952829,28,4,1,0,0
4,2078,41963039,-36,-2929,7653,0,0
37,2078,41963080,-2979,174,-890,16085,0
13,2080,41973053,4,2,0,0,0
4,2079,41983237,-31,-2933,7648,0,0
37,2079,41983305,-2980,174,-890,16085,0
13,2081,41993130,-24,-2,2,0,0
4,2080,42003310,-23,-2960,7622,0,0
37,2080,42003350,-2982,175,-889,16084,0
13,2082,42013356,0,0,2,0,0
L,42015860,VALID,20.240,-0.176,1
4,2081,42023456,-28,-2941,7643,0,0
37,2081,42023497,-2982,175,-889,16084,0
13,2083,42033604,1,-3,4,0,0
4,2082,42043584,-22,-2911,7659,0,0
37,2082,42043625,-2983,175,-889,16084,0
13,2084,42053664,-59,-1,2,0,0
4,2083,42063747,-24,-2944,7637,0,0
37,2083,42063788,-2991,176,-888,16083,0
13,2085,42073612,-82,-2,2,0,0
4,2084,42083781,-18,-2988,7602,0,0
37,2084,42083821,-2997,176,-888,16081,0
13,2086,42093870,-23,-1,0,0,0
4,2085,42104092,-25,-2971,7615,0,0
37,2085,42104159,-2997,176,-888,16081,0
13,2087,42113938,13,3,3,0,0
L,42116566,VALID,20.347,-0.174,1
4,2086,42124119,-33,-2947,7637,0,0
37,2086,42124159,-2997,177,-887,16082,0
13,2088,42134112,-9,0,1,0,0
4,2087,42144273,-40,-2963,7636,0,0
37,2087,42144313,-2998,178,-887,16081,0
13,2089,42154230,-16,-2,2,0,0
4,2088,42164341,-35,-2968,7621,0,0
37,2088,42164381,-3000,178,-887,16081,0
13,2090,42174324,-4,-7,7,0,0
4,2089,42184659,-18,-2974,7632,0,0
37,2089,42184700,-2999,177,-885,16081,0
13,2091,42194542,25,-13,33,0,0
4,2090,42204608,-15,-2946,7646,0,0
37,2090,42204649,-2997,177,-880,16082,0
13,2092,42214635,3,-23,67,0,0
L,42217410,VALID,20.347,-0.157,1
4,2091,42224842,-24,-2940,7646,0,0
37,2091,42224882,-2998,176,-874,16082,0
13,2093,42234756,-29,-16,47,0,0
4,2092,42244866,-36,-2970,7614,0,0
37,2092,42244907,-3001,176,-872,16082,0
13,2094,42254972,-9,0,5,0,0
4,2093,42265134,-27,-2977,7618,0,0
37,2093,42265174,-3000,176,-872,16082,0
13,2095,42275050,38,-3,4,0,0
4,2094,42285166,-19,-2944,7641,0,0
37,2094,42285206,-2996,176,-871,16083,0
13,2096,42295193,19,-2,13,0,0
4,2095,42305442,-27,-2949,7644,0,0
37,2095,42305483,-2997,176,-870,16083,0
13,2097,42315307,-17,-1,6,0,0
L,42318090,VALID,20.346,-0.151,1
4,2096,42325426,-22,-2951,7637,0,0
37,2096,42325467,-2998,176,-870,16082,0
13,2098,42335357,-23,-5,3,0,0
4,2097,42345708,-28,-2966,7625,0,0
37,2097,42345748,-3001,176,-869,16082,0
13,2099,42355564,-12,-4,2,0,0
4,2098,42365656,-22,-2966,7623,0,0
37,2098,42365696,-3001,176,-869,16082,0
13,2100,42375675,9,0,0,0,0
4,2099,42385897,-31,-2953,7646,0,0
37,2099,42385938,-3000,177,-869,16082,0
13,2101,42395815,0,-2,0,0,0
4,2100,42405964,-34,-2971,7623,0,0
37,2100,42406004,-3001,177,-869,16082,0
13,2102,42415941,16,0,0,0,0
L,42418534,VALID,20.375,-0.144,1
4,2101,42426097,-27,-2969,7633,0,0
37,2101,42426137,-2998,177,-869,16082,0
13,2103,42436054,24,0,1,0,0
4,2102,42446188,-29,-2959,7624,0,0
37,2102,42446229,-2997,177,-868,16083,0
13,2104,42456114,35,-5,0,0,0
4,2103,42466472,-18,-2963,7620,0,0
37,2103,42466512,-2991,176,-868,16084,0
13,2105,42476287,65,-2,0,0,0
4,2104,42486419,-22,-2938,7649,0,0
37,2104,42486460,-2987,176,-869,16084,0
13,2106,42496449,32,-2,1,0,0
4,2105,42506611,-25,-2942,7640,0,0
37,2105,42506652,-2986,176,-868,16085,0
13,2107,42516707,4,-4,2,0,0
L,42519301,VALID,20.268,-0.144,1
4,2106,42526767,-21,-2971,7632,0,0
37,2106,42526808,-2986,176,-868,16085,0
13,2108,42536706,28,0,0,0,0
4,2107,42546877,-26,-2948,7628,0,0
37,2107,42546917,-2981,176,-868,16086,0
13,2109,42556913,54,-2,-2,0,0
4,2108,42566989,-32,-2911,7658,0,0
37,2108,42567029,-2977,175,-868,16086,0
13,2110,42577094,17,-4,0,0,0
4,2109,42587238,-31,-2923,7659,0,0
37,2109,42587278,-2976,175,-868,16086,0
13,2111,42597155,-10,-2,1,0,0
4,2110,42607238,-27,-2944,7635,0,0
37,2110,42607279,-2979,176,-868,16086,0
13,2112,42617171,-21,0,0,0,0
L,42619841,VALID,20.219,-0.142,1
4,2111,42627482,-31,-2921,7639,0,0
37,2111,42627523,-2980,176,-868,16086,0
13,2113,42637405,-25,-2,0,0,0
4,2112,42647550,-24,-2960,7639,0,0
37,2112,42647590,-2983,176,-868,16085,0
13,2114,42657505,-22,2,-1,0,0
4,2113,42667738,-22,-2952,7629,0,0
37,2113,42667778,-2985,177,-868,16085,0
13,2115,42677722,-11,3,-1,0,0
4,2114,42687770,-25,-2939,7655,0,0
37,2114,42687810,-2986,177,-868,16085,0
13,2116,42697790,-32,0,-1,0,0
4,2115,42707874,-23,-2945,7641,0,0
37,2115,42707915,-2991,178,-868,16084,0
13,2117,42717936,-51,2,3,0,0
L,42720616,VALID,20.304,-0.132,1
4,2116,42728125,-33,-2960,7625,0,0
37,2116,42728166,-2996,178,-868,16083,0
13,2118,42738040,-51,4,0,0,0
4,2117,42748271,-30,-2952,7638,0,0
37,2117,42748312,-3000,179,-868,16082,0
13,2119,42758242,-52,-1,0,0,0
4,2118,42768256,-12,-2980,7613,0,0
37,2118,42768296,-3004,178,-868,16081,0
13,2120,42778383,-15,-2,0,0,0
4,2119,42788538,-33,-2975,7618,0,0
37,2119,42788578,-3004,179,-868,16081,0
13,2121,42798435,23,0,0,0,0
4,2120,42808587,-25,-2946,7643,0,0
37,2120,42808627,-3001,179,-868,16082,0
13,2122,42818633,10,1,0,0,0
L,42821252,VALID,20.376,-0.129,1
4,2121,42828778,-30,-2957,7629,0,0
37,2121,42828819,-3001,179,-868,16082,0
13,2123,42838642,-4,-2,0,0,0
4,2122,42848827,-33,-2968,7635,0,0
37,2122,42848868,-3002,180,-867,16082,0
13,2124,42858839,-1,0,0,0,0
4,2123,42868991,-29,-2958,7628,0,0
37,2123,42869058,-3002,180,-867,16082,0
13,2125,42879039,0,-6,0,0,0
4,2124,42889072,-25,-2947,7645,0,0
37,2124,42889113,-3003,179,-867,16081,0
13,2126,42899148,-25,-4,-1,0,0
4,2125,42909320,-21,-2975,7630,0,0
37,2125,42909360,-3006,179,-867,16081,0
13,2127,42919157,-27,-2,1,0,0
L,42921941,VALID,20.412,-0.130,1
4,2126,42929407,-32,-2978,7617,0,0
37,2126,42929447,-3008,180,-867,16080,0
13,2128,42939313,-3,0,2,0,0
4,2127,42949438,-30,-2980,7622,0,0
37,2127,42949478,-3008,180,-867,16081,0
13,2129,42959474,24,-2,0,0,0
4,2128,42969610,-11,-2963,7614,0,0
37,2128,42969651,-3004,180,-867,16081,0
13,2130,42979605,55,3,0,0,0
4,2129,42989850,-23,-2954,7635,0,0
37,2129,42989891,-2999,180,-867,16082,0
13,2131,42999756,50,1,0,0,0
4,2130,43009801,-28,-2951,7629,0,0
37,2130,43009841,-2994,180,-867,16083,0
13,2132,43019837,51,-1,1,0,0
L,43022498,VALID,20.327,-0.118,1
4,2131,43030042,-35,-2943,7652,0,0
37,2131,43030083,-2991,179,-867,16084,0
13,2133,43040025,24,-4,0,0,0
4,2132,43050092,-36,-2944,7641,0,0
37,2132,43050132,-2990,179,-867,16084,0
13,2134,43060128,10,0,0,0,0
4,2133,43070289,-19,-2930,7648,0,0
37,2133,43070330,-2989,179,-867,16084,0
13,2135,43080188,-11,0,-1,0,0
4,2134,43090315,-26,-2965,7627,0,0
37,2134,43090355,-2991,180,-867,16084,0
13,2136,43100368,6,-2,0,0,0
4,2135,43110494,-28,-2954,7636,0,0
37,2135,43110534,-2990,180,-867,16084,0
13,2137,43120446,16,0,0,0,0
L,43123065,VALID,20.298,-0.117,1
4,2136,43130645,-29,-2945,7618,0,0
37,2136,43130685,-2988,180,-867,16084,0
13,2138,43140698,29,1,-2,0,0
4,2137,43150874,-35,-2932,7649,0,0
37,2137,43150914,-2985,180,-867,16085,0
13,2139,43160721,8,-1,-2,0,0
4,2138,43170872,-23,-2937,7643,0,0
37,2138,43170913,-2986,180,-867,16085,0
13,2140,43180953,-8,-3,-2,0,0
4,2139,43191073,-21,-2935,7639,0,0
37,2139,43191113,-2986,180,-867,16085,0
13,2141,43201056,-13,0,0,0,0
4,2140,43211071,-25,-2937,7642,0,0
37,2140,43211112,-2988,180,-867,16084,0
13,2142,43221100,-34,-2,1,0,0
L,43223866,VALID,20.285,-0.116,1
4,2141,43231392,-32,-2949,7637,0,0
37,2141,43231459,-2991,181,-867,16084,0
13,2143,43241151,-17,-1,2,0,0
4,2142,43251346,-31,-2955,7628,0,0
37,2142,43251413,-2992,181,-867,16083,0
13,2144,43261340,0,0,0,0,0
4,2143,43271484,-36,-2936,7643,0,0
37,2143,43271524,-2992,181,-867,16084,0
13,2145,43281562,-11,-4,0,0,0
4,2144,43291588,-27,-2946,7647,0,0
37,2144,43291628,-2994,181,-867,16083,0
13,2146,43301684,-21,-2,0,0,0
4,2145,43311777,-32,-2962,7627,0,0
37,2145,43311817,-2995,182,-866,16083,0
13,2147,43321718,-4,1,0,0,0
L,43324311,VALID,20.335,-0.104,1
4,2146,43331845,-29,-2950,7644,0,0
37,2146,43331886,-2996,182,-867,16083,0
13,2148,43341977,-15,0,0,0,0
4,2147,43352077,-11,-2947,7633,0,0
37,2147,43352117,-2998,182,-867,16082,0
13,2149,43362054,-33,0,0,0,0
4,2148,43372163,-24,-2961,7629,0,0
37,2148,43372230,-3002,182,-866,16082,0
13,2150,43382148,-28,-2,2,0,0
4,2149,43392354,-24,-2970,7616,0,0
37,2149,43392394,-3003,182,-866,16082,0
13,2151,43402336,14,-1,1,0,0
4,2150,43412352,-31,-2949,7637,0,0
37,2150,43412393,-3001,183,-866,16082,0
13,2152,43422482,11,-1,0,0,0
L,43425164,VALID,20.378,-0.099,1
4,2151,43432561,-21,-2958,7637,0,0
37,2151,43432601,-3001,182,-866,16082,0
13,2153,43442553,1,-2,-2,0,0
4,2152,43452652,-28,-2946,7634,0,0
37,2152,43452692,-3000,182,-866,16082,0
13,2154,43462603,-9,2,-1,0,0
4,2153,43472910,-29,-2956,7634,0,0
37,2153,43472950,-3002,183,-866,16082,0
13,2155,43482837,-24,1,-2,0,0
4,2154,43492946,-30,-2962,7631,0,0
37,2154,43492986,-3004,184,-867,16081,0
13,2156,43502879,-11,1,0,0,0
4,2155,43513084,-26,-2975,7629,0,0
37,2155,43513124,-3005,184,-866,16081,0
13,2157,43523103,11,-2,0,0,0
L,43525782,VALID,20.407,-0.094,1
4,2156,43533112,-31,-2964,7634,0,0
37,2156,43533153,-3004,184,-866,16081,0
13,2158,43543317,12,-2,0,0,0
4,2157,43553358,-22,-2948,7641,0,0
37,2157,43553399,-3003,183,-866,16081,0
13,2159,43563387,-10,0,-1,0,0
4,2158,43573367,-18,-2959,7623,0,0
37,2158,43573407,-3004,183,-867,16081,0
13,2160,43583333,-7,1,-1,0,0
4,2159,43593546,-24,-2963,7626,0,0
37,2159,43593587,-3005,184,-867,16081,0
13,2161,43603558,5,0,-1,0,0
4,2160,43613683,-18,-2952,7634,0,0
37,2160,43613724,-3004,183,-867,16081,0
13,2162,43623618,-4,-3,0,0,0
L,43626323,VALID,20.399,-0.102,1
4,2161,43633878,-29,-2949,7637,0,0
37,2161,43633918,-3005,183,-867,16081,0
13,2163,43643799,-19,1,-1,0,0
4,2162,43653886,-23,-2967,7641,0,0
37,2162,43653926,-3008,184,-867,16081,0
13,2164,43663943,-29,1,0,0,0
4,2163,43674046,-26,-2976,7617,0,0
37,2163,43674086,-3010,184,-867,16080,0
13,2165,43683986,-4,1,-3,0,0
4,2164,43694209,-28,-2989,7622,0,0
37,2164,43694249,-3009,184,-867,16080,0
13,2166,43704177,31,4,-4,0,0
4,2165,43714379,-36,-2958,7640,0,0
37,2165,43714420,-3006,185,-868,16081,0
13,2167,43724254,8,0,-9,0,0
L,43726846,VALID,20.414,-0.090,1
4,2166,43734442,-31,-2948,7635,0,0
37,2166,43734482,-3006,185,-868,16081,0
13,2168,43744374,-14,1,-3,0,0
4,2167,43754580,-15,-2961,7630,0,0
37,2167,43754620,-3008,185,-869,16080,0
13,2169,43764564,-23,-1,0,0,0
4,2168,43774668,-26,-2976,7620,0,0
37,2168,43774708,-3010,185,-868,16080,0
13,2170,43784665,4,-2,0,0,0
4,2169,43794862,-20,-2975,7623,0,0
37,2169,43794902,-3008,185,-868,16080,0
13,2171,43804794,33,0,0,0,0
4,2170,43814983,-35,-2946,7639,0,0
37,2170,43815023,-3006,185,-869,16081,0
13,2172,43824856,5,-3,0,0,0
L,43827439,VALID,20.414,-0.091,1
4,2171,43835060,-29,-2957,7632,0,0
37,2171,43835100,-3005,185,-868,16081,0
13,2173,43844924,1,-4,1,0,0
4,2172,43855143,-16,-2960,7635,0,0
37,2172,43855183,-3005,184,-868,16081,0
13,2174,43865122,17,-1,0,0,0
4,2173,43875344,-21,-2950,7640,0,0
37,2173,43875385,-3003,184,-868,16081,0
13,2175,43885216,11,-1,-1,0,0
4,2174,43895387,-23,-2951,7639,0,0
37,2174,43895428,-3002,184,-868,16081,0
13,2176,43905380,-5,0,0,0,0
4,2175,43915529,-27,-2968,7622,0,0
37,2175,43915569,-3003,184,-868,16081,0
13,2177,43925498,5,0,-3,0,0
L,43928092,VALID,20.393,-0.096,1
4,2176,43935532,-24,-2959,7633,0,0
37,2176,43935572,-3003,184,-869,16081,0
13,2178,43945602,0,0,-2,0,0
4,2177,43955770,-22,-2967,7640,0,0
37,2177,43955811,-3003,184,-869,16081,0
13,2179,43965636,3,-1,-1,0,0
4,2178,43975952,-29,-2955,7636,0,0
37,2178,43975992,-3002,184,-869,16081,0
13,2180,43985826,5,0,-5,0,0
4,2179,43995977,-26,-2956,7639,0,0
37,2179,43996017,-3002,184,-869,16081,0
13,2181,44005954,-2,-3,-2,0,0
4,2180,44015968,-18,-2961,7637,0,0
37,2180,44016036,-3003,184,-869,16081,0
13,2182,44026195,-8,-2,0,0,0
L,44028849,VALID,20.393,-0.097,1
4,2181,44036360,-21,-2964,7619,0,0
37,2181,44036400,-3003,184,-870,16081,0
13,2183,44046203,13,1,-5,0,0
4,2182,44056269,-26,-2976,7626,0,0
37,2182,44056310,-3002,184,-870,16081,0
13,2184,44066341,17,10,-26,0,0
4,2183,44076486,-28,-2955,7658,0,0
37,2183,44076526,-3001,185,-876,16081,0
13,2185,44086505,-9,19,-55,0,0
4,2184,44096555,-13,-2928,7650,0,0
37,2184,44096595,-3002,185,-878,16081,0
13,2186,44106564,-20,3,-6,0,0
4,2185,44116717,-24,-2961,7628,0,0
37,2185,44116757,-3005,185,-878,16081,0
13,2187,44126607,-22,0,-2,0,0
L,44129399,VALID,20.406,-0.102,1
4,2186,44136824,-18,-2978,7624,0,0
37,2186,44136864,-3006,185,-878,16080,0
13,2188,44146787,12,0,-3,0,0
4,2187,44156993,-24,-2956,7630,0,0
37,2187,44157033,-3004,185,-879,16080,0
13,2189,44166898,7,0,-4,0,0
4,2188,44177008,-29,-2948,7644,0,0
37,2188,44177048,-3004,185,-879,16080,0
13,2190,44187097,-19,-4,-1,0,0
4,2189,44197233,-19,-2973,7633,0,0
37,2189,44197273,-3007,185,-879,16080,0
13,2191,44207149,-15,-5,0,0,0
4,2190,44217153,-18,-2979,7620,0,0
37,2190,44217194,-3008,184,-879,16080,0
13,2192,44227250,17,-2,0,0,0
L,44229913,VALID,20.428,-0.112,1
4,2191,44237456,-24,-2955,7634,0,0
37,2191,44237524,-3006,184,-879,16080,0
13,2193,44247371,11,2,-4,0,0
4,2192,44257455,-29,-2969,7640,0,0
37,2192,44257495,-3006,185,-880,16080,0
13,2194,44267519,-23,10,-27,0,0
4,2193,44277577,-22,-2956,7627,0,0
37,2193,44277618,-3009,186,-885,16079,0
13,2195,44287602,-39,13,-41,0,0
4,2194,44297731,-16,-2957,7635,0,0
37,2194,44297771,-3012,186,-886,16079,0
13,2196,44307662,-33,-4,0,0,0
4,2195,44317857,-17,-2975,7627,0,0
37,2195,44317897,-3016,186,-886,16078,0
13,2197,44327826,-25,0,0,0,0
L,44330506,VALID,20.486,-0.110,1
4,2196,44337885,-30,-2973,7633,0,0
37,2196,44337926,-3017,187,-886,16078,0
13,2198,44347816,-16,1,-1,0,0
4,2197,44358071,-33,-2962,7635,0,0
37,2197,44358111,-3019,187,-885,16077,0
13,2199,44368049,-25,-3,2,0,0
4,2198,44378106,-29,-2994,7630,0,0
37,2198,44378147,-3021,187,-885,16077,0
13,2200,44388196,0,-5,0,0,0
4,2199,44398299,-27,-2990,7621,0,0
37,2199,44398340,-3020,186,-885,16077,0
13,2201,44408298,38,-2,-1,0,0
4,2200,44418363,-26,-2971,7633,0,0
37,2200,44418404,-3015,186,-885,16078,0
13,2202,44428314,52,-1,-1,0,0
L,44431090,VALID,20.479,-0.108,1
4,2201,44438659,-21,-2954,7644,0,0
37,2201,44438700,-3011,186,-885,16079,0
13,2203,44448488,21,0,1,0,0
4,2202,44458569,-22,-2962,7626,0,0
37,2202,44458610,-3010,186,-885,16079,0
13,2204,44468658,19,0,0,0,0
4,2203,44478828,-22,-2968,7626,0,0
37,2203,44478868,-3008,186,-885,16079,0
13,2205,44488763,42,-2,-2,0,0
4,2204,44498915,-29,-2951,7642,0,0
37,2204,44498982,-3003,185,-886,16080,0
13,2206,44508899,39,-6,0,0,0
4,2205,44519063,-31,-2962,7634,0,0
37,2205,44519103,-3000,185,-886,16081,0
13,2207,44529004,43,-1,-1,0,0
L,44531769,VALID,20.371,-0.111,1
4,2206,44539191,-27,-2951,7649,0,0
37,2206,44539232,-2996,185,-886,16082,0
13,2208,44549174,43,1,-2,0,0
4,2207,44559285,-25,-2952,7616,0,0
37,2207,44559325,-2992,184,-886,16082,0
13,2209,44569286,60,-2,0,0,0
4,2208,44579326,-23,-2956,7642,0,0
37,2208,44579367,-2987,184,-886,16083,0
13,2210,44589363,52,-4,1,0,0
4,2209,44599540,-18,-2964,7616,0,0
37,2209,44599581,-2981,183,-886,16085,0
13,2211,44609510,111,0,0,0,0
4,2210,44619575,-29,-2946,7635,0,0
37,2210,44619616,-2969,183,-886,16087,0
13,2212,44629595,149,1,-4,0,0
L,44632379,VALID,20.150,-0.113,1
4,2211,44639829,-27,-2922,7642,0,0
37,2211,44639870,-2954,182,-887,16089,0
13,2213,44649778,176,-4,-1,0,0
4,2212,44659886,-19,-2903,7657,0,0
37,2212,44659926,-2939,180,-887,16092,0
13,2214,44669869,155,-4,0,0,0
4,2213,44680058,-27,-2876,7678,0,0
37,2213,44680098,-2926,179,-887,16095,0
13,2215,44690069,132,-1,-1,0,0
4,2214,44700118,-23,-2888,7654,0,0
37,2214,44700159,-2915,179,-887,16096,0
13,2216,44710145,155,-3,-1,0,0
4,2215,44720239,-28,-2889,7647,0,0
37,2215,44720279,-2899,178,-887,16099,0
13,2217,44730214,228,-5,-2,0,0
L,44733102,VALID,19.652,-0.122,1
4,2216,44740403,-24,-2883,7645,0,0
37,2216,44740444,-2875,176,-888,16104,0
13,2218,44750265,327,-6,-2,0,0
4,2217,44760576,-22,-2814,7703,0,0
37,2217,44760616,-2845,174,-888,16109,0
13,2219,44770489,316,-4,0,0,0
4,2218,44780559,-19,-2757,7740,0,0
37,2218,44780600,-2822,172,-888,16113,0
13,2220,44790660,204,-5,-2,0,0
4,2219,44800780,-22,-2776,7693,0,0
37,2219,44800820,-2806,171,-889,16116,0
13,2221,44810764,187,-1,-4,0,0
4,2220,44820780,-16,-2784,7687,0,0
37,2220,44820820,-2790,169,-889,16119,0
13,2222,44830815,213,0,-4,0,0
L,44833581,VALID,18.875,-0.144,1
4,2221,44841039,-21,-2748,7718,0,0
37,2221,44841079,-2770,168,-890,16122,0
13,2223,44851091,213,-4,0,0,0
4,2222,44861114,-19,-2733,7727,0,0
37,2222,44861154,-2754,167,-890,16125,0
13,2224,44871142,190,-3,2,0,0
4,2223,44881322,-4,-2771,7671,0,0
37,2223,44881363,-2734,165,-889,16128,0
13,2225,44891289,303,-10,26,0,0
4,2224,44901343,29,-2820,7672,0,0
37,2224,44901383,-2705,162,-885,16134,0
13,2226,44911433,520,-58,111,0,0
4,2225,44921528,-63,-2504,7833,0,0
37,2225,44921568,-2647,156,-871,16144,0
13,2227,44931546,440,-32,76,0,0
L,44934513,VALID,17.857,-0.159,1
4,2226,44941599,91,-2788,7610,0,0
37,2226,44941639,-2623,151,-864,16148,0
13,2228,44951630,631,-154,442,0,0
4,2227,44961744,-104,-2265,7979,0,0
37,2227,44961785,-2530,136,-783,16167,0
13,2229,44971632,537,-215,632,0,0
4,2228,44981854,-14,-2525,7811,0,0
37,2228,44981894,-2535,132,-769,16167,0
13,2230,44991872,69,-39,147,0,0
4,2229,45002098,-1,-2530,7765,0,0
37,2229,45002138,-2521,128,-750,16170,0
13,2231,45011957,142,-75,211,0,0
4,2230,45022117,-49,-2428,7877,0,0
37,2230,45022158,-2512,125,-737,16172,0
13,2232,45032140,20,-40,149,0,0
L,45035079,VALID,16.891,-0.179,1
4,2231,45042182,-46,-2528,7778,0,0
37,2231,45042222,-2516,124,-720,16173,0
13,2233,45052370,20,-42,123,0,0
4,2232,45062319,-25,-2523,7767,0,0
37,2232,45062359,-2507,122,-715,16174,0
13,2234,45072431,142,-17,43,0,0
4,2233,45082542,-23,-2490,7817,0,0
37,2233,45082582,-2493,121,-713,16176,0
13,2235,45092397,165,-2,-1,0,0
4,2234,45102575,-27,-2462,7819,0,0
37,2234,45102615,-2479,120,-714,16179,0
13,2236,45112680,129,13,-40,0,0
4,2235,45122835,-26,-2434,7845,0,0
37,2235,45122903,-2472,121,-721,16179,0
13,2237,45132741,28,21,-84,0,0
L,45135654,VALID,16.607,-0.177,1
4,2236,45142906,-15,-2465,7815,0,0
37,2236,45142947,-2471,121,-727,16179,0
13,2238,45152875,24,16,-76,0,0
4,2237,45163085,-28,-2465,7812,0,0
37,2237,45163125,-2469,122,-737,16179,0
13,2239,45173006,6,28,-122,0,0
4,2238,45183134,-16,-2458,7819,0,0
37,2238,45183175,-2469,123,-748,16178,0
13,2240,45193074,-24,34,-137,0,0
4,2239,45203316,6,-2411,7842,0,0
37,2239,45203357,-2473,124,-759,16177,0
13,2241,45213289,-51,18,-75,0,0
4,2240,45223375,-20,-2466,7808,0,0
37,2240,45223416,-2478,125,-763,16176,0
13,2242,45233350,-52,11,-46,0,0
L,45236316,VALID,16.651,-0.196,1
4,2241,45243671,-32,-2460,7825,0,0
37,2241,45243712,-2483,126,-769,16175,0
13,2243,45253480,-92,19,-63,0,0
4,2242,45263590,-12,-2477,7816,0,0
37,2242,45263658,-2494,127,-773,16174,0
13,2244,45273679,-114,18,-61,0,0
4,2243,45283797,-14,-2501,7788,0,0
37,2243,45283838,-2502,128,-780,16172,0
13,2245,45293745,-73,20,-66,0,0
4,2244,45303871,-5,-2510,7788,0,0
37,2244,45303912,-2505,129,-785,16171,0
13,2246,45313900,8,16,-49,0,0
4,2245,45324174,-24,-2511,7794,0,0
37,2245,45324215,-2504,130,-791,16171,0
13,2247,45333997,28,19,-68,0,0
L,45336848,VALID,16.836,-0.200,1
4,2246,45344098,-7,-2463,7819,0,0
37,2246,45344139,-2499,130,-796,16172,0
13,2248,45354054,52,13,-44,0,0
4,2247,45364345,-19,-2486,7797,0,0
37,2247,45364385,-2495,131,-799,16172,0
13,2249,45374236,68,10,-25,0,0
4,2248,45384337,-15,-2502,7778,0,0
37,2248,45384404,-2487,131,-801,16173,0
13,2250,45394356,125,12,-33,0,0
4,2249,45404605,-8,-2452,7815,0,0
37,2249,45404645,-2474,131,-805,16175,0
13,2251,45414511,123,17,-45,0,0
4,2250,45424629,-18,-2421,7847,0,0
37,2250,45424670,-2466,132,-808,16176,0
13,2252,45434612,50,6,-22,0,0
L,45437389,VALID,16.568,-0.191,1
4,2251,45444717,-22,-2445,7831,0,0
37,2251,45444757,-2465,132,-810,16176,0
13,2253,45454741,-2,4,-20,0,0
4,2252,45464834,-21,-2465,7828,0,0
37,2252,45464874,-2467,132,-813,16176,0
13,2254,45474828,-23,10,-41,0,0
4,2253,45485171,-22,-2452,7820,0,0
37,2253,45485212,-2469,133,-817,16175,0
13,2255,45494984,-39,16,-54,0,0
4,2254,45505102,-18,-2448,7819,0,0
37,2254,45505143,-2472,134,-822,16174,0
13,2256,45515130,-22,9,-38,0,0
4,2255,45525241,-23,-2487,7794,0,0
37,2255,45525282,-2474,134,-825,16174,0
13,2257,45535387,7,18,-66,0,0
L,45538190,VALID,16.625,-0.198,1
4,2256,45545430,-13,-2496,7787,0,0
37,2256,45545471,-2470,135,-836,16174,0
13,2258,45555412,64,39,-136,0,0
4,2257,45565610,-7,-2428,7808,0,0
37,2257,45565651,-2464,136,-845,16174,0
13,2259,45575560,83,14,-52,0,0
4,2258,45585678,-15,-2427,7839,0,0
37,2258,45585719,-2457,136,-848,16175,0
13,2260,45595758,49,6,-38,0,0
4,2259,45605859,-14,-2446,7812,0,0
37,2259,45605899,-2454,136,-852,16176,0
13,2261,45615792,38,10,-42,0,0
4,2260,45625850,-8,-2437,7813,0,0
37,2260,45625891,-2450,136,-855,16176,0
13,2262,45635790,49,8,-27,0,0
L,45638600,VALID,16.457,-0.207,1
4,2261,45646196,-20,-2416,7830,0,0
37,2261,45646236,-2447,136,-857,16176,0
13,2263,45656051,13,2,-12,0,0
4,2262,45666202,-15,-2428,7833,0,0
37,2262,45666242,-2447,137,-858,16176,0
13,2264,45676160,-21,0,-10,0,0
4,2263,45686271,-19,-2446,7816,0,0
37,2263,45686311,-2450,137,-858,16176,0
13,2265,45696341,-18,0,-4,0,0
4,2264,45706424,-21,-2444,7814,0,0
37,2264,45706465,-2451,137,-859,16176,0
13,2266,45716436,1,4,-4,0,0
4,2265,45726561,-25,-2439,7828,0,0
37,2265,45726602,-2452,138,-860,16175,0
13,2267,45736574,-27,12,-44,0,0
L,45739514,VALID,16.472,-0.199,1
4,2266,45746764,-18,-2433,7817,0,0
37,2266,45746832,-2456,139,-866,16175,0
13,2268,45756686,-37,16,-60,0,0
4,2267,45766859,-17,-2442,7817,0,0
37,2267,45766899,-2458,140,-870,16174,0
13,2269,45776855,-20,6,-31,0,0
4,2268,45786830,-5,-2452,7821,0,0
37,2268,45786870,-2459,140,-871,16174,0
13,2270,45796976,3,3,-6,0,0
4,2269,45807165,-7,-2425,7837,0,0
37,2269,45807206,-2459,140,-872,16174,0
13,2271,45817037,-19,0,0,0,0
4,2270,45827164,-15,-2471,7788,0,0
37,2270,45827204,-2462,140,-872,16173,0
13,2272,45837158,9,1,-2,0,0
L,45839759,VALID,16.543,-0.202,1
4,2271,45847250,-23,-2463,7812,0,0
37,2271,45847290,-2458,140,-872,16174,0
13,2273,45857200,59,2,-4,0,0
4,2272,45867325,-8,-2450,7819,0,0
37,2272,45867365,-2451,140,-873,16175,0
13,2274,45877388,77,4,-8,0,0
4,2273,45887603,-15,-2441,7825,0,0
37,2273,45887643,-2445,140,-874,16176,0
13,2275,45897562,66,7,-34,0,0
4,2274,45907597,7,-2470,7800,0,0
37,2274,45907638,-2439,140,-881,16176,0
13,2276,45917681,103,21,-95,0,0
4,2275,45927774,-37,-2355,7871,0,0
37,2275,45927815,-2431,141,-887,16177,0
13,2277,45937706,20,12,-38,0,0
L,45940586,VALID,16.325,-0.199,1
4,2276,45947939,-51,-2394,7841,0,0
37,2276,45947980,-2432,141,-889,16177,0
13,2278,45957845,-26,4,-14,0,0
4,2277,45968075,-24,-2428,7829,0,0
37,2277,45968116,-2435,141,-890,16176,0
13,2279,45978052,-10,1,-12,0,0
4,2278,45988162,-10,-2417,7836,0,0
37,2278,45988202,-2436,142,-891,16176,0
13,2280,45998180,-30,4,-14,0,0
4,2279,46008360,-13,-2422,7820,0,0
37,2279,46008401,-2440,142,-893,16175,0
13,2281,46018326,-47,3,-11,0,0
4,2280,46028404,-25,-2440,7827,0,0
37,2280,46028445,-2445,143,-894,16175,0
13,2282,46038388,-49,0,-6,0,0
L,46041144,VALID,16.424,-0.198,1
4,2281,46048672,-10,-2457,7798,0,0
37,2281,46048712,-2448,143,-894,16174,0
13,2283,46058584,-4,1,-1,0,0
4,2282,46068634,-11,-2427,7832,0,0
37,2282,46068674,-2448,143,-894,16174,0
13,2284,46078678,-5,0,0,0,0
4,2283,46088808,-18,-2423,7829,0,0
37,2283,46088849,-2450,144,-894,16174,0
13,2285,46098782,-40,0,1,0,0
4,2284,46108899,-21,-2451,7811,0,0
37,2284,46108939,-2454,144,-893,16173,0
13,2286,46118971,-13,-3,1,0,0
4,2285,46129142,-29,-2470,7783,0,0
37,2285,46129182,-2452,144,-893,16174,0
13,2287,46139014,72,-7,-1,0,0
L,46141788,VALID,16.474,-0.192,1
4,2286,46149239,-14,-2423,7825,0,0
37,2286,46149280,-2443,142,-894,16175,0
13,2288,46159230,90,-4,-1,0,0
4,2287,46169390,-20,-2391,7853,0,0
37,2287,46169431,-2438,142,-894,16176,0
13,2289,46179339,20,-4,1,0,0
4,2288,46189433,-15,-2403,7837,0,0
37,2288,46189474,-2438,142,-893,16176,0
13,2290,46199547,-21,-6,1,0,0
4,2289,46209700,-12,-2427,7812,0,0
37,2289,46209741,-2440,141,-893,16175,0
13,2291,46219599,-11,-8,0,0,0
4,2290,46229690,-14,-2426,7826,0,0
37,2290,46229731,-2442,141,-893,16175,0
13,2292,46239675,-19,-7,2,0,0
L,46242424,VALID,16.402,-0.209,1
4,2291,46249899,-4,-2427,7830,0,0
37,2291,46249939,-2444,140,-893,16175,0
13,2293,46259760,-30,-10,1,0,0
4,2292,46269932,-10,-2431,7821,0,0
37,2292,46269999,-2447,139,-892,16174,0
13,2294,46279961,-28,-11,0,0,0
4,2293,46290149,-14,-2448,7812,0,0
37,2293,46290190,-2449,139,-892,16174,0
13,2295,46300166,7,-1,0,0,0
4,2294,46310206,-13,-2430,7821,0,0
37,2294,46310247,-2447,139,-892,16174,0
13,2296,46320261,22,0,0,0,0
4,2295,46330280,-15,-2438,7827,0,0
37,2295,46330321,-2446,139,-892,16175,0
13,2297,46340303,23,-4,0,0,0
L,46342991,VALID,16.429,-0.224,1
4,2296,46350448,-20,-2441,7795,0,0
37,2296,46350489,-2442,139,-892,16175,0
13,2298,46360526,51,-7,1,0,0
4,2297,46370705,-12,-2433,7819,0,0
37,2297,46370746,-2437,138,-892,16176,0
13,2299,46380657,73,-2,-2,0,0
4,2298,46390775,-16,-2415,7829,0,0
37,2298,46390815,-2430,137,-892,16177,0
13,2300,46400778,83,-4,0,0,0
4,2299,46410922,-13,-2399,7842,0,0
37,2299,46410962,-2422,137,-892,16178,0
13,2301,46420922,65,-2,-2,0,0
4,2300,46430912,-12,-2398,7830,0,0
37,2300,46430952,-2418,136,-892,16179,0
13,2302,46441033,51,0,-1,0,0
L,46443714,VALID,16.231,-0.234,1
4,2301,46451171,-4,-2395,7837,0,0
37,2301,46451212,-2414,136,-893,16179,0
13,2303,46461129,34,2,-6,0,0
4,2302,46471220,284,-2532,7768,0,0
37,2302,46471261,-2413,131,-900,16179,0
13,2304,46481153,123,27,-179,0,0
4,2303,46491437,-305,-2240,7909,0,0
37,2303,46491477,-2396,138,-912,16181,0
13,2305,46501431,61,9,-37,0,0
4,2304,46511531,-7,-2390,7821,0,0
37,2304,46511598,-2396,138,-912,16181,0
13,2306,46521506,18,-3,-1,0,0
4,2305,46531721,-13,-2385,7834,0,0
37,2305,46531761,-2392,138,-912,16182,0
13,2307,46541697,37,-1,2,0,0
L,46544385,VALID,16.048,-0.230,1
4,2306,46551738,-18,-2369,7843,0,0
37,2306,46551779,-2389,138,-912,16182,0
13,2308,46561911,16,-1,1,0,0
4,2307,46571935,-16,-2354,7858,0,0
37,2307,46571976,-2390,138,-912,16182,0
13,2309,46582014,-34,-1,2,0,0
4,2308,46592020,-5,-2395,7836,0,0
37,2308,46592061,-2394,138,-911,16181,0
13,2310,46601943,-28,-3,2,0,0
4,2309,46612235,-19,-2382,7846,0,0
37,2309,46612275,-2396,138,-911,16181,0
13,2311,46622221,-18,-11,2,0,0
4,2310,46632332,-13,-2380,7842,0,0
37,2310,46632399,-2397,137,-911,16181,0
13,2312,46642298,-17,-3,1,0,0
L,46645073,VALID,16.083,-0.238,1
4,2311,46652455,-14,-2379,7841,0,0
37,2311,46652495,-2400,137,-910,16180,0
13,2313,46662402,-39,-4,2,0,0
4,2312,46672555,2,-2409,7826,0,0
37,2312,46672595,-2404,137,-910,16180,0
13,2314,46682553,-27,-1,4,0,0
4,2313,46692777,-6,-2385,7839,0,0
37,2313,46692818,-2406,137,-909,16180,0
13,2315,46702649,-19,-7,16,0,0
4,2314,46712828,-1,-2396,7844,0,0
37,2314,46712868,-2408,137,-908,16179,0
13,2316,46722864,-32,-4,11,0,0
4,2315,46732957,-11,-2403,7826,0,0
37,2315,46732997,-2412,137,-907,16179,0
13,2317,46742891,-31,-3,4,0,0
L,46745639,VALID,16.189,-0.240,1
4,2316,46753088,-3,-2407,7826,0,0
37,2316,46753128,-2414,137,-907,16179,0
13,2318,46763028,-17,-2,7,0,0
4,2317,46773277,-5,-2392,7840,0,0
37,2317,46773318,-2416,137,-905,16178,0
13,2319,46783236,-24,-6,19,0,0
4,2318,46793304,-12,-2410,7829,0,0
37,2318,46793344,-2418,137,-904,16178,0
13,2320,46803294,-18,-6,11,0,0
4,2319,46813448,2,-2366,7849,0,0
37,2319,46813488,-2419,136,-901,16178,0
13,2321,46823422,-8,-30,67,0,0
4,2320,46833637,-5,-2368,7852,0,0
37,2320,46833678,-2419,133,-891,16179,0
13,2322,46843500,-1,-55,141,0,0
L,46846440,VALID,16.237,-0.254,1
4,2321,46853700,-18,-2479,7809,0,0
37,2321,46853740,-2421,131,-879,16179,0
13,2323,46863570,-2,-26,77,0,0
4,2322,46873817,-13,-2429,7808,0,0
37,2322,46873857,-2420,130,-875,16180,0
13,2324,46883749,12,-8,32,0,0
4,2323,46893990,-8,-2397,7839,0,0
37,2323,46894031,-2419,130,-873,16180,0
13,2325,46903923,-2,-6,17,0,0
4,2324,46914043,-9,-2388,7853,0,0
37,2324,46914084,-2420,130,-871,16180,0
13,2326,46924067,-17,-12,33,0,0
4,2325,46934229,-7,-2412,7817,0,0
37,2325,46934269,-2421,129,-867,16180,0
13,2327,46944161,9,-14,43,0,0
L,46946955,VALID,16.249,-0.257,1
4,2326,46954213,-3,-2385,7838,0,0
37,2326,46954254,-2419,128,-862,16180,0
13,2328,46964246,23,-25,72,0,0
4,2327,46974425,-19,-2403,7840,0,0
37,2327,46974466,-2418,127,-855,16181,0
13,2329,46984343,0,-27,68,0,0
4,2328,46994598,-10,-2422,7828,0,0
37,2328,46994639,-2421,126,-849,16181,0
13,2330,47004507,-34,-19,51,0,0
4,2329,47014764,-19,-2434,7825,0,0
37,2329,47014804,-2423,126,-848,16181,0
13,2331,47024643,-21,4,-2,0,0
4,2330,47034762,-22,-2411,7849,0,0
37,2330,47034803,-2424,127,-848,16180,0
13,2332,47044954,-25,1,-1,0,0
L,47047731,VALID,16.270,-0.252,1
4,2331,47055049,-5,-2404,7840,0,0
37,2331,47055090,-2428,127,-848,16180,0
13,2333,47064935,-52,1,0,0,0
4,2332,47075046,-8,-2410,7841,0,0
37,2332,47075087,-2433,127,-848,16179,0
13,2334,47085081,-79,0,1,0,0
4,2333,47095337,-4,-2426,7829,0,0
37,2333,47095377,-2442,127,-848,16178,0
13,2335,47105272,-97,-3,0,0,0
4,2334,47115339,-7,-2450,7802,0,0
37,2334,47115379,-2449,127,-848,16177,0
13,2336,47125356,-49,-1,0,0,0
4,2335,47135449,-11,-2435,7818,0,0
37,2335,47135489,-2452,128,-848,16176,0
13,2337,47145365,-28,2,-1,0,0
L,47148140,VALID,16.468,-0.256,1
4,2336,47155608,0,-2440,7818,0,0
37,2336,47155648,-2455,128,-848,16176,0
13,2338,47165572,-16,0,-2,0,0
4,2337,47175821,-11,-2418,7832,0,0
37,2337,47175862,-2456,128,-848,16176,0
13,2339,47185692,-34,0,0,0,0
4,2338,47195817,-6,-2433,7830,0,0
37,2338,47195858,-2461,128,-848,16175,0
13,2340,47205915,-69,-3,1,0,0
4,2339,47216043,-12,-2464,7810,0,0
37,2339,47216083,-2468,129,-847,16174,0
13,2341,47226002,-54,0,2,0,0
4,2340,47236024,-10,-2476,7805,0,0
37,2340,47236064,-2471,129,-847,16173,0
13,2342,47246130,-3,0,3,0,0
L,47248698,VALID,16.603,-0.255,1
4,2341,47256441,-10,-2457,7820,0,0
37,2341,47256482,-2471,129,-847,16173,0
13,2343,47266248,5,-2,1,0,0
4,2342,47276379,-13,-2450,7816,0,0
37,2342,47276419,-2470,129,-847,16173,0
13,2344,47286407,-4,0,3,0,0
4,2343,47296473,-9,-2452,7821,0,0
37,2343,47296514,-2472,130,-846,16173,0
13,2345,47306573,-12,1,0,0,0
4,2344,47316653,-1,-2452,7819,0,0
37,2344,47316694,-2473,130,-846,16173,0
13,2346,47326620,-14,1,-1,0,0
4,2345,47336886,-2,-2438,7820,0,0
37,2345,47336926,-2474,130,-846,16173,0
13,2347,47346759,-32,0,1,0,0
L,47349447,VALID,16.624,-0.248,1
4,2346,47356861,0,-2454,7824,0,0
37,2346,47356901,-2479,130,-846,16172,0
13,2348,47366834,-52,-4,2,0,0
4,2347,47377022,-4,-2478,7796,0,0
37,2347,47377062,-2482,130,-846,16172,0
13,2349,47387049,-10,-7,0,0,0
4,2348,47397143,1,-2470,7799,0,0
37,2348,47397210,-2482,129,-846,16172,0
13,2350,47407215,19,-3,1,0,0
4,2349,47417360,-5,-2452,7821,0,0
37,2349,47417401,-2480,129,-846,16172,0
13,2351,47427342,11,0,0,0,0
4,2350,47437401,-6,-2458,7820,0,0
37,2350,47437441,-2480,130,-846,16172,0
13,2352,47447365,-3,0,1,0,0
L,47449952,VALID,16.666,-0.250,1
4,2351,47457678,-9,-2470,7805,0,0
37,2351,47457718,-2480,130,-845,16172,0
13,2353,47467498,15,0,4,0,0
4,2352,47477631,-12,-2475,7813,0,0
37,2352,47477672,-2478,130,-845,16172,0
13,2354,47487703,38,-2,1,0,0
4,2353,47497899,-4,-2464,7812,0,0
37,2353,47497939,-2474,130,-845,16173,0
13,2355,47507841,61,2,-1,0,0
4,2354,47518004,-12,-2440,7820,0,0
37,2354,47518044,-2468,130,-845,16174,0
13,2356,47527998,53,0,0,0,0
4,2355,47538133,-5,-2437,7828,0,0
37,2355,47538174,-2464,129,-845,16174,0
13,2357,47548083,40,-1,-1,0,0
L,47550831,VALID,16.554,-0.250,1
4,2356,47558227,-13,-2434,7835,0,0
37,2356,47558268,-2461,129,-845,16175,0
13,2358,47568254,13,-2,0,0,0
4,2357,47578381,-2,-2435,7825,0,0
37,2357,47578422,-2461,129,-845,16175,0
13,2359,47588323,-5,-7,1,0,0
4,2358,47598404,-3,-2436,7812,0,0
37,2358,47598444,-2462,129,-845,16175,0
13,2360,47608416,8,-9,13,0,0
4,2359,47618569,10,-2425,7826,0,0
37,2359,47618610,-2459,127,-841,16175,0
13,2361,47628589,31,-15,43,0,0
4,2360,47638648,-14,-2461,7802,0,0
37,2360,47638689,-2457,127,-840,16176,0
13,2362,47648683,28,1,1,0,0
L,47651285,VALID,16.503,-0.256,1
4,2361,47658967,-20,-2422,7834,0,0
37,2361,47659007,-2454,128,-840,16176,0
13,2363,47668866,11,-1,-1,0,0
4,2362,47679017,-7,-2443,7826,0,0
37,2362,47679057,-2454,128,-840,16176,0
13,2364,47688975,8,0,0,0,0
4,2363,47699093,-12,-2450,7818,0,0
37,2363,47699133,-2453,128,-840,16176,0
13,2365,47709174,24,-2,1,0,0
4,2364,47719249,-9,-2435,7821,0,0
37,2364,47719289,-2450,127,-840,16177,0
13,2366,47729243,44,-2,0,0,0
4,2365,47739438,-11,-2421,7836,0,0
37,2365,47739479,-2447,127,-840,16177,0
13,2367,47749329,18,-2,-1,0,0
L,47752103,VALID,16.433,-0.252,1
4,2366,47759492,-13,-2416,7829,0,0
37,2366,47759533,-2446,127,-840,16178,0
13,2368,47769423,6,-2,0,0,0
4,2367,47779662,-7,-2412,7840,0,0
37,2367,47779702,-2445,128,-840,16178,0
13,2369,47789631,-13,-1,0,0,0
4,2368,47799691,2,-2443,7806,0,0
37,2368,47799731,-2447,127,-840,16177,0
13,2370,47809790,10,-2,0,0,0
4,2369,47819921,-4,-2426,7826,0,0
37,2369,47819961,-2445,127,-840,16178,0
13,2371,47829913,23,0,0,0,0
4,2370,47839936,-4,-2424,7829,0,0
37,2370,47839976,-2443,127,-840,16178,0
13,2372,47849981,31,-3,1,0,0
L,47852653,VALID,16.404,-0.251,1
4,2371,47860197,-5,-2420,7834,0,0
37,2371,47860237,-2441,127,-839,16178,0
13,2373,47870224,20,-2,2,0,0
4,2372,47880290,-5,-2424,7839,0,0
37,2372,47880330,-2439,127,-839,16179,0
13,2374,47890317,15,0,-1,0,0
4,2373,47900550,-12,-2407,7838,0,0
37,2373,47900591,-2438,127,-839,16179,0
13,2375,47910448,0,-3,-1,0,0
4,2374,47920525,-5,-2422,7826,0,0
37,2374,47920566,-2439,127,-839,16179,0
13,2376,47930602,1,-2,0,0,0
4,2375,47940641,-3,-2416,7839,0,0
37,2375,47940682,-2439,127,-839,16179,0
13,2377,47950694,-14,0,-1,0,0
L,47953471,VALID,16.375,-0.248,1
4,2376,47960747,1,-2411,7829,0,0
37,2376,47960788,-2441,127,-839,16178,0
13,2378,47970832,-34,-1,1,0,0
4,2377,47981012,-7,-2424,7832,0,0
37,2377,47981052,-2445,127,-839,16178,0
13,2379,47990859,-39,-5,0,0,0
4,2378,48001097,6,-2425,7818,0,0
37,2378,48001138,-2447,127,-839,16177,0
13,2380,48011073,-21,-1,1,0,0
4,2379,48021280,-1,-2426,7838,0,0
37,2379,48021321,-2449,127,-839,16177,0
13,2381,48031142,-41,1,1,0,0
4,2380,48041331,-10,-2435,7822,0,0
37,2380,48041371,-2454,127,-839,16176,0
13,2382,48051366,-53,0,2,0,0
L,48054072,VALID,16.482,-0.254,1
4,2381,48061468,-13,-2448,7813,0,0
37,2381,48061508,-2459,128,-838,16176,0
13,2383,48071589,-38,3,0,0,0
4,2382,48081545,-6,-2454,7822,0,0
37,2382,48081586,-2461,128,-839,16175,0
13,2384,48091675,-9,4,-1,0,0
4,2383,48101673,-7,-2426,7832,0,0
37,2383,48101713,-2463,129,-839,16175,0
13,2385,48111588,-30,-1,1,0,0
4,2384,48121826,-8,-2441,7834,0,0
37,2384,48121867,-2466,129,-838,16175,0
13,2386,48131855,-39,0,4,0,0
4,2385,48142104,0,-2427,7828,0,0
37,2385,48142144,-2469,128,-837,16174,0
13,2387,48151968,-30,-18,44,0,0
L,48154943,VALID,16.588,-0.250,1
4,2386,48162063,-19,-2478,7813,0,0
37,2386,48162104,-2471,128,-831,16174,0
13,2388,48172084,-4,-14,41,0,0
4,2387,48182286,-10,-2461,7833,0,0
37,2387,48182327,-2472,128,-830,16174,0
13,2389,48192234,-27,0,4,0,0
4,2388,48202345,-3,-2453,7818,0,0
37,2388,48202386,-2475,128,-830,16174,0
13,2390,48212285,-37,1,0,0,0
4,2389,48222594,-9,-2447,7826,0,0
37,2389,48222634,-2479,128,-830,16173,0
13,2391,48232499,-60,2,0,0,0
4,2390,48242559,-2,-2447,7826,0,0
37,2390,48242599,-2485,129,-830,16172,0
13,2392,48252577,-94,3,-1,0,0
L,48255336,VALID,16.702,-0.242,1
4,2391,48262776,0,-2445,7830,0,0
37,2391,48262816,-2497,129,-830,16170,0
13,2393,48272706,-153,-2,0,0,0
4,2392,48282799,5,-2506,7786,0,0
37,2392,48282866,-2509,130,-830,16168,0
13,2394,48292940,-108,0,2,0,0
4,2393,48303050,-2,-2486,7805,0,0
37,2393,48303091,-2516,130,-830,16167,0
13,2395,48312998,-90,4,1,0,0
4,2394,48323118,-16,-2497,7809,0,0
37,2394,48323158,-2526,131,-829,16166,0
13,2396,48333085,-109,0,1,0,0
4,2395,48343350,-10,-2513,7797,0,0
37,2395,48343390,-2535,132,-829,16164,0
13,2397,48353207,-104,0,1,0,0
L,48355980,VALID,17.056,-0.237,1
4,2396,48363317,-8,-2515,7798,0,0
37,2396,48363358,-2544,132,-829,16163,0
13,2398,48373273,-96,2,1,0,0
4,2397,48383615,-14,-2527,7788,0,0
37,2397,48383682,-2553,133,-829,16162,0
13,2399,48393464,-94,0,0,0,0
4,2398,48403588,-8,-2533,7799,0,0
37,2398,48403656,-2560,134,-829,16160,0
13,2400,48413618,-87,3,0,0,0
4,2399,48423755,-17,-2533,7795,0,0
37,2399,48423795,-2569,135,-829,16159,0
13,2401,48433746,-113,3,0,0,0
4,2400,48443840,-13,-2550,7783,0,0
37,2400,48443880,-2580,135,-829,16157,0
13,2402,48453840,-126,-1,2,0,0
L,48456694,VALID,17.375,-0.233,1
4,2401,48464023,-10,-2579,7769,0,0
37,2401,48464063,-2591,136,-828,16155,0
13,2403,48473944,-93,0,2,0,0
4,2402,48484062,-10,-2568,7783,0,0
37,2402,48484102,-2597,136,-828,16155,0
13,2404,48494047,-79,-4,2,0,0
4,2403,48504372,-6,-2563,7779,0,0
37,2403,48504413,-2606,136,-828,16153,0
13,2405,48514237,-127,1,1,0,0
4,2404,48524364,-7,-2585,7792,0,0
37,2404,48524404,-2619,137,-828,16151,0
13,2406,48534339,-155,2,0,0,0
4,2405,48544572,-14,-2658,7728,0,0
37,2405,48544612,-2631,138,-828,16149,0
13,2407,48554615,-68,1,-1,0,0
L,48557392,VALID,17.737,-0.229,1
4,2406,48564701,-13,-2609,7754,0,0
37,2406,48564741,-2633,138,-828,16149,0
13,2408,48574665,-31,0,-2,0,0
4,2407,48584794,-12,-2577,7788,0,0
37,2407,48584835,-2638,138,-828,16148,0
13,2409,48594796,-95,-1,1,0,0
4,2408,48604922,-16,-2602,7776,0,0
37,2408,48604963,-2648,139,-827,16146,0
13,2410,48614985,-122,-5,2,0,0
4,2409,48625138,-14,-2630,7769,0,0
37,2409,48625179,-2659,139,-827,16144,0
13,2411,48635038,-120,-1,3,0,0
4,2410,48645120,-10,-2645,7744,0,0
37,2410,48645161,-2668,139,-827,16143,0
13,2412,48655053,-87,-3,1,0,0
L,48657854,VALID,17.999,-0.234,1
4,2411,48665398,-4,-2645,7756,0,0
37,2411,48665438,-2675,139,-827,16142,0
13,2413,48675287,-73,-4,1,0,0
4,2412,48685464,-8,-2654,7747,0,0
37,2412,48685505,-2682,139,-826,16141,0
13,2414,48695420,-62,0,-1,0,0
4,2413,48705583,-3,-2649,7749,0,0
37,2413,48705624,-2687,139,-827,16140,0
13,2415,48715604,-67,-2,0,0,0
4,2414,48725680,-9,-2656,7744,0,0
37,2414,48725720,-2693,140,-826,16139,0
13,2416,48735672,-65,0,2,0,0
4,2415,48745738,-15,-2675,7738,0,0
37,2415,48745779,-2697,140,-826,16138,0
13,2417,48755835,-37,-2,0,0,0
L,48758611,VALID,18.205,-0.236,1
4,2416,48765991,-12,-2674,7752,0,0
37,2416,48766060,-2701,140,-826,16138,0
13,2418,48775922,-39,-1,0,0,0
4,2417,48786129,-6,-2669,7733,0,0
37,2417,48786169,-2704,140,-826,16137,0
13,2419,48796069,-45,0,0,0,0
4,2418,48806075,-7,-2675,7748,0,0
37,2418,48806115,-2709,140,-826,16136,0
13,2420,48816239,-66,-4,0,0,0
4,2419,48826340,-14,-2691,7737,0,0
37,2419,48826380,-2715,140,-825,16135,0
13,2421,48836257,-48,-4,1,0,0
4,2420,48846443,-13,-2692,7719,0,0
37,2420,48846483,-2717,140,-825,16135,0
13,2422,48856437,-7,-4,-1,0,0
L,48859204,VALID,18.347,-0.242,1
4,2421,48866601,-10,-2688,7747,0,0
37,2421,48866642,-2718,141,-825,16135,0
13,2423,48876471,-21,-2,0,0,0
4,2422,48886641,-5,-2680,7750,0,0
37,2422,48886681,-2720,141,-825,16134,0
13,2424,48896728,-37,0,0,0,0
4,2423,48906840,-13,-2689,7748,0,0
37,2423,48906881,-2725,141,-825,16133,0
13,2425,48916857,-61,-3,-1,0,0
4,2424,48926928,-2,-2713,7726,0,0
37,2424,48926969,-2730,141,-825,16133,0
13,2426,48936960,-37,-3,0,0,0
4,2425,48947112,-10,-2710,7716,0,0
37,2425,48947152,-2732,141,-825,16132,0
13,2427,48957021,0,-2,-2,0,0
L,48959718,VALID,18.454,-0.240,1
4,2426,48967270,-7,-2678,7745,0,0
37,2426,48967311,-2732,141,-825,16132,0
13,2428,48977124,-28,-2,0,0,0
4,2427,48987320,-11,-2698,7732,0,0
37,2427,48987360,-2737,141,-825,16132,0
13,2429,48997296,-56,0,0,0,0
4,2428,49007449,-19,-2712,7727,0,0
37,2428,49007490,-2742,142,-825,16131,0
13,2430,49017469,-56,-2,0,0,0
4,2429,49027682,-19,-2713,7731,0,0
37,2429,49027723,-2747,142,-825,16130,0
13,2431,49037625,-51,-8,4,0,0
4,2430,49047694,-13,-2700,7731,0,0
37,2430,49047734,-2750,141,-823,16129,0
13,2432,49057684,-32,-15,33,0,0
L,49060615,VALID,18.582,-0.244,1
4,2431,49067864,-25,-2727,7725,0,0
37,2431,49067905,-2753,141,-820,16129,0
13,2433,49077864,-37,-6,19,0,0
4,2432,49087906,-10,-2715,7721,0,0
37,2432,49087946,-2756,141,-818,16129,0
13,2434,49097966,-32,-4,16,0,0
4,2433,49108121,-14,-2744,7707,0,0
37,2433,49108161,-2759,141,-818,16128,0
13,2435,49118027,-17,0,1,0,0
4,2434,49128178,-2,-2752,7696,0,0
37,2434,49128218,-2760,141,-818,16128,0
13,2436,49138250,23,3,-3,0,0
4,2435,49148342,-10,-2714,7741,0,0
37,2435,49148383,-2756,141,-818,16129,0
13,2437,49158319,11,3,-1,0,0
L,49161034,VALID,18.623,-0.240,1
4,2436,49168528,-14,-2708,7734,0,0
37,2436,49168569,-2757,142,-818,16128,0
13,2438,49178510,-36,0,2,0,0
4,2437,49188730,-17,-2737,7718,0,0
37,2437,49188771,-2761,142,-818,16128,0
13,2439,49198595,-35,0,1,0,0
4,2438,49208704,-19,-2732,7714,0,0
37,2438,49208744,-2764,142,-818,16127,0
13,2440,49218818,-25,-6,3,0,0
4,2439,49228909,-15,-2734,7713,0,0
37,2439,49228950,-2765,142,-817,16127,0
13,2441,49238879,1,-4,8,0,0
4,2440,49248944,-11,-2707,7726,0,0
37,2440,49248984,-2764,142,-816,16127,0
13,2442,49258921,1,-10,25,0,0
L,49261687,VALID,18.681,-0.234,1
4,2441,49269232,-16,-2731,7719,0,0
37,2441,49269273,-2766,142,-812,16127,0
13,2443,49279024,-10,-15,33,0,0
4,2442,49289214,-19,-2750,7705,0,0
37,2442,49289255,-2767,142,-811,16127,0
13,2444,49299205,3,0,0,0,0
4,2443,49309348,-8,-2716,7727,0,0
37,2443,49309389,-2766,142,-811,16127,0
13,2445,49319383,-11,0,0,0,0
4,2444,49329443,-13,-2722,7729,0,0
37,2444,49329484,-2768,142,-811,16127,0
13,2446,49339505,-36,0,1,0,0
4,2445,49349598,-11,-2718,7732,0,0
37,2445,49349638,-2772,142,-811,16126,0
13,2447,49359522,-72,-1,1,0,0
L,49362271,VALID,18.738,-0.231,1
4,2446,49369693,-17,-2737,7720,0,0
37,2446,49369734,-2781,143,-810,16125,0
13,2448,49379798,-98,-2,2,0,0
4,2447,49389891,-22,-2749,7718,0,0
37,2447,49389932,-2789,144,-810,16123,0
13,2449,49399884,-101,0,2,0,0
4,2448,49410003,-21,-2776,7705,0,0
37,2448,49410043,-2798,144,-810,16122,0
13,2450,49420040,-66,0,2,0,0
4,2449,49430173,-11,-2776,7698,0,0
37,2449,49430214,-2801,144,-810,16121,0
13,2451,49440132,-23,0,1,0,0
4,2450,49450172,-10,-2754,7716,0,0
37,2450,49450212,-2804,145,-809,16121,0
13,2452,49460261,-38,0,0,0,0
L,49462942,VALID,18.965,-0.219,1
4,2451,49470347,-20,-2756,7721,0,0
37,2451,49470388,-2808,145,-809,16120,0
13,2453,49480374,-59,-2,1,0,0
4,2452,49490431,-9,-2775,7715,0,0
37,2452,49490472,-2814,145,-809,16119,0
13,2454,49500372,-53,-4,5,0,0
4,2453,49510706,-18,-2803,7674,0,0
37,2453,49510746,-2817,145,-808,16119,0
13,2455,49520641,4,-2,3,0,0
4,2454,49530767,-4,-2780,7707,0,0
37,2454,49530807,-2814,145,-808,16119,0
13,2456,49540726,28,1,0,0,0
4,2455,49550897,-14,-2750,7730,0,0
37,2455,49550937,-2814,145,-808,16119,0
13,2457,49560906,-32,-1,0,0,0
L,49563673,VALID,19.036,-0.221,1
4,2456,49570949,-11,-2780,7702,0,0
37,2456,49570989,-2818,145,-808,16118,0
13,2458,49581122,-33,1,0,0,0
4,2457,49591171,-11,-2798,7692,0,0
37,2457,49591212,-2821,145,-808,16118,0
13,2459,49601191,-12,-3,1,0,0
4,2458,49611223,-13,-2788,7711,0,0
37,2458,49611263,-2821,145,-808,16118,0
13,2460,49621154,-1,0,2,0,0
4,2459,49631409,-22,-2790,7689,0,0
37,2459,49631450,-2822,146,-808,16118,0
13,2461,49641413,2,-2,0,0,0
4,2460,49651539,-10,-2795,7702,0,0
37,2460,49651607,-2821,146,-808,16118,0
13,2462,49661465,19,-2,-2,0,0
L,49664240,VALID,19.086,-0.217,1
4,2461,49671724,-11,-2771,7710,0,0
37,2461,49671765,-2819,146,-808,16118,0
13,2463,49681630,4,-1,0,0,0
4,2462,49691762,-16,-2771,7712,0,0
37,2462,49691803,-2820,146,-808,16118,0
13,2464,49701773,-8,0,-1,0,0
4,2463,49711928,-9,-2781,7704,0,0
37,2463,49711968,-2820,146,-808,16118,0
13,2465,49721850,4,0,0,0,0
4,2464,49732072,-28,-2780,7708,0,0
37,2464,49732113,-2820,147,-808,16118,0
13,2466,49742093,-10,-6,0,0,0
4,2465,49752255,-10,-2782,7691,0,0
37,2465,49752295,-2821,146,-808,16118,0
13,2467,49762136,-5,-8,0,0,0
L,49764815,VALID,19.086,-0.217,1
4,2466,49772325,-8,-2793,7693,0,0
37,2466,49772365,-2821,146,-807,16118,0
13,2468,49782282,22,-5,0,0,0
4,2467,49792462,-7,-2780,7690,0,0
37,2467,49792502,-2817,145,-808,16118,0
13,2469,49802490,47,-2,-4,0,0
4,2468,49812564,-2,-2760,7722,0,0
37,2468,49812605,-2813,145,-808,16119,0
13,2470,49822570,17,0,1,0,0
4,2469,49832769,-6,-2768,7718,0,0
37,2469,49832809,-2814,145,-808,16119,0
13,2471,49842685,-14,-1,0,0,0
4,2470,49852933,-13,-2794,7683,0,0
37,2470,49852974,-2815,145,-808,16119,0
13,2472,49862824,19,1,-2,0,0
L,49865520,VALID,19.043,-0.221,1
4,2471,49872969,-8,-2782,7716,0,0
37,2471,49873009,-2811,145,-808,16120,0
13,2473,49882865,50,0,-1,0,0
4,2472,49893129,-4,-2756,7723,0,0
37,2472,49893170,-2807,145,-808,16120,0
13,2474,49903047,16,-3,0,0,0
4,2473,49913294,-5,-2767,7705,0,0
37,2473,49913335,-2806,145,-808,16120,0
13,2475,49923220,14,-3,1,0,0
4,2474,49933347,-14,-2770,7705,0,0
37,2474,49933388,-2805,145,-808,16121,0
13,2476,49943346,27,0,-1,0,0
4,2475,49953536,-10,-2759,7719,0,0
37,2475,49953576,-2802,144,-808,16121,0
13,2477,49963485,25,0,0,0,0
L,49966069,VALID,18.951,-0.224,1
4,2476,49973519,-7,-2748,7708,0,0
37,2476,49973559,-2800,144,-808,16122,0
13,2478,49983604,16,1,0,0,0
4,2477,49993835,-12,-2753,7712,0,0
37,2477,49993875,-2798,145,-808,16122,0
13,2479,50003658,6,0,0,0,0
4,2478,50013954,-15,-2769,7691,0,0
37,2478,50013994,-2798,145,-808,16122,0
13,2480,50023882,26,0,0,0,0
4,2479,50034006,-12,-2766,7724,0,0
37,2479,50034074,-2795,145,-808,16122,0
13,2481,50043983,23,-3,0,0,0
4,2480,50054069,-5,-2756,7713,0,0
37,2480,50054109,-2793,145,-808,16123,0
13,2482,50064233,22,1,1,0,0
L,50066810,VALID,18.887,-0.214,1
4,2481,50074355,-13,-2752,7714,0,0
37,2481,50074395,-2791,145,-808,16123,0
13,2483,50084250,15,0,1,0,0
4,2482,50094360,-14,-2752,7719,0,0
37,2482,50094401,-2790,145,-808,16123,0
13,2484,50104396,16,-1,-1,0,0
4,2483,50114591,-25,-2758,7703,0,0
37,2483,50114632,-2788,145,-808,16124,0
13,2485,50124570,36,-1,0,0,0
4,2484,50134642,-5,-2752,7711,0,0
37,2484,50134683,-2784,144,-808,16124,0
13,2486,50144654,55,-1,0,0,0
4,2485,50154817,-11,-2723,7734,0,0
37,2485,50154857,-2779,144,-808,16125,0
13,2487,50164667,19,-5,-1,0,0
L,50167454,VALID,18.788,-0.216,1
4,2486,50174906,-12,-2737,7732,0,0
37,2486,50174946,-2779,143,-808,16125,0
13,2488,50184844,-19,-3,2,0,0
4,2487,50195030,-14,-2744,7701,0,0
37,2487,50195070,-2782,144,-807,16125,0
13,2489,50204962,-26,-2,3,0,0
4,2488,50215053,-12,-2753,7693,0,0
37,2488,50215094,-2783,144,-807,16124,0
13,2490,50225152,6,-2,7,0,0
4,2489,50235339,-18,-2755,7708,0,0
37,2489,50235380,-2782,144,-806,16125,0
13,2491,50245238,11,-5,4,0,0
4,2490,50255235,-1,-2742,7716,0,0
37,2490,50255276,-2782,143,-806,16125,0
13,2492,50265366,-7,-3,6,0,0
L,50268056,VALID,18.808,-0.221,1
4,2491,50275592,-14,-2750,7709,0,0
37,2491,50275633,-2783,144,-805,16125,0
13,2493,50285461,0,-1,4,0,0
4,2492,50295572,-16,-2747,7717,0,0
37,2492,50295612,-2783,144,-805,16125,0
13,2494,50305627,0,-3,2,0,0
4,2493,50315768,-12,-2750,7712,0,0
37,2493,50315808,-2783,144,-804,16125,0
13,2495,50325779,1,0,1,0,0
4,2494,50335844,-3,-2748,7711,0,0
37,2494,50335885,-2783,144,-804,16125,0
13,2496,50345803,1,-3,0,0,0
4,2495,50356027,-15,-2756,7713,0,0
37,2495,50356067,-2783,144,-804,16125,0
13,2497,50365995,23,-2,1,0,0
L,50368709,VALID,18.816,-0.213,1
4,2496,50376063,-12,-2747,7715,0,0
37,2496,50376103,-2780,144,-804,16125,0
13,2498,50386011,32,-1,2,0,0
4,2497,50396326,-3,-2728,7724,0,0
37,2497,50396366,-2777,143,-804,16126,0
13,2499,50406295,9,-4,13,0,0
4,2498,50416399,-10,-2734,7724,0,0
37,2498,50416439,-2777,143,-801,16126,0
13,2500,50426434,7,-13,33,0,0
4,2499,50436588,-14,-2750,7719,0,0
37,2499,50436629,-2776,142,-798,16126,0
13,2501,50446596,19,-11,32,0,0
4,2500,50456655,-15,-2767,7712,0,0
37,2500,50456695,-2773,142,-796,16127,0
13,2502,50466630,43,-4,7,0,0
L,50469328,VALID,18.744,-0.213,1
4,2501,50476957,-8,-2739,7720,0,0
37,2501,50476998,-2770,142,-796,16127,0
13,2503,50486786,33,1,0,0,0
4,2502,50496928,-18,-2717,7729,0,0
37,2502,50496969,-2767,142,-796,16128,0
13,2504,50506966,6,0,1,0,0
4,2503,50517144,-12,-2728,7715,0,0
37,2503,50517184,-2767,142,-796,16128,0
13,2505,50527122,4,-2,8,0,0
4,2504,50537258,1,-2708,7719,0,0
37,2504,50537298,-2765,142,-794,16128,0
13,2506,50547243,22,-18,43,0,0
4,2505,50557449,-21,-2743,7718,0,0
37,2505,50557489,-2764,141,-789,16129,0
13,2507,50567319,19,-19,47,0,0
L,50570191,VALID,18.680,-0.209,1
4,2506,50577491,-9,-2735,7715,0,0
37,2506,50577531,-2762,140,-785,16129,0
13,2508,50587534,30,-13,38,0,0
4,2507,50597619,-16,-2744,7707,0,0
37,2507,50597659,-2758,139,-782,16130,0
13,2509,50607603,46,-6,16,0,0
4,2508,50617660,2,-2694,7750,0,0
37,2508,50617700,-2756,138,-781,16131,0
13,2510,50627678,18,-13,33,0,0
4,2509,50637901,-16,-2738,7709,0,0
37,2509,50637941,-2754,138,-777,16131,0
13,2511,50647870,23,-10,29,0,0
4,2510,50657900,-15,-2731,7728,0,0
37,2510,50657941,-2753,138,-775,16131,0
13,2512,50667920,6,-1,11,0,0
L,50670626,VALID,18.601,-0.209,1
4,2511,50678178,-19,-2700,7739,0,0
37,2511,50678219,-2753,138,-775,16131,0
13,2513,50688144,-19,-4,10,0,0
4,2512,50698279,-11,-2730,7719,0,0
37,2512,50698320,-2756,138,-773,16131,0
13,2514,50708195,-16,-8,25,0,0
4,2513,50718418,-20,-2748,7713,0,0
37,2513,50718458,-2756,138,-771,16131,0
13,2515,50728437,19,-8,17,0,0
4,2514,50738495,-16,-2736,7723,0,0
37,2514,50738536,-2753,137,-769,16131,0
13,2516,50748479,39,-3,12,0,0
4,2515,50758606,-7,-2715,7723,0,0
37,2515,50758646,-2749,137,-769,16132,0
13,2517,50768564,35,0,4,0,0
L,50771157,VALID,18.573,-0.208,1
4,2516,50778726,-12,-2680,7752,0,0
37,2516,50778767,-2747,137,-768,16133,0
13,2518,50788643,-9,-13,29,0,0
4,2517,50798942,-24,-2726,7720,0,0
37,2517,50798983,-2750,136,-764,16132,0
13,2519,50808851,-27,-7,21,0,0
4,2518,50818925,-24,-2728,7724,0,0
37,2518,50818966,-2754,136,-764,16132,0
13,2520,50829028,-38,-2,0,0,0
4,2519,50839113,-4,-2744,7710,0,0
37,2519,50839153,-2755,136,-764,16131,0
13,2521,50849140,15,0,-3,0,0
4,2520,50859129,-6,-2715,7730,0,0
37,2520,50859169,-2752,136,-764,16132,0
13,2522,50869191,22,-1,-1,0,0
L,50871958,VALID,18.593,-0.210,1
4,2521,50879433,-18,-2708,7730,0,0
37,2521,50879473,-2751,136,-764,16132,0
13,2523,50889459,-2,0,-1,0,0
4,2522,50899509,-10,-2717,7723,0,0
37,2522,50899549,-2752,136,-764,16132,0
13,2524,50909528,-10,-1,-2,0,0
4,2523,50919719,-6,-2755,7690,0,0
37,2523,50919759,-2752,136,-765,16132,0
13,2525,50929666,41,0,-4,0,0
4,2524,50939768,-19,-2721,7732,0,0
37,2524,50939808,-2746,136,-765,16133,0
13,2526,50949810,55,7,-23,0,0
4,2525,50959901,-23,-2713,7718,0,0
37,2525,50959941,-2741,137,-771,16134,0
13,2527,50969915,77,26,-81,0,0
L,50972803,VALID,18.515,-0.208,1
4,2526,50979959,-3,-2690,7736,0,0
37,2526,50979999,-2735,137,-777,16134,0
13,2528,50990051,47,9,-37,0,0
4,2527,51000119,-3,-2703,7744,0,0
37,2527,51000159,-2732,137,-778,16135,0
13,2529,51010060,27,0,-3,0,0
4,2528,51020290,-9,-2725,7708,0,0
37,2528,51020330,-2730,137,-778,16135,0
13,2530,51030301,57,1,0,0,0
4,2529,51040525,-11,-2689,7729,0,0
37,2529,51040565,-2723,137,-778,16136,0
13,2531,51050415,58,2,0,0,0
4,2530,51060508,-11,-2688,7739,0,0
37,2530,51060549,-2720,137,-778,16137,0
13,2532,51070593,35,0,1,0,0
L,51073187,VALID,18.367,-0.209,1
4,2531,51080653,-17,-2699,7719,0,0
37,2531,51080694,-2717,137,-778,16137,0
13,2533,51090818,50,0,0,0,0
4,2532,51100745,-25,-2674,7749,0,0
37,2532,51100785,-2712,137,-778,16138,0
13,2534,51110894,37,1,0,0,0
4,2533,51121004,-5,-2678,7744,0,0
37,2533,51121044,-2710,136,-778,16138,0
13,2535,51130860,8,0,0,0,0
4,2534,51141050,-18,-2687,7732,0,0
37,2534,51141090,-2709,137,-778,16138,0
13,2536,51151127,28,1,0,0,0
4,2535,51161314,-22,-2692,7723,0,0
37,2535,51161355,-2706,137,-779,16139,0
13,2537,51171228,59,-3,0,0,0
L,51173910,VALID,18.268,-0.205,1
4,2536,51181336,-13,-2671,7755,0,0
37,2536,51181376,-2700,136,-779,16140,0
13,2538,51191375,46,-3,0,0,0
4,2537,51201571,-14,-2670,7748,0,0
37,2537,51201612,-2697,136,-778,16141,0
13,2539,51211505,37,-5,2,0,0
4,2538,51221581,-10,-2668,7724,0,0
37,2538,51221621,-2694,135,-778,16141,0
13,2540,51231548,48,-1,0,0,0
4,2539,51241821,-17,-2658,7742,0,0
37,2539,51241861,-2690,135,-778,16142,0
13,2541,51251773,42,0,2,0,0
4,2540,51261854,-18,-2638,7763,0,0
37,2540,51261895,-2686,135,-778,16142,0
13,2542,51271849,14,0,1,0,0
L,51274442,VALID,18.126,-0.211,1
4,2541,51282168,-16,-2652,7754,0,0
37,2541,51282208,-2686,135,-778,16142,0
13,2543,51291978,-5,0,0,0,0
4,2542,51302139,-12,-2656,7747,0,0
37,2542,51302180,-2686,135,-778,16142,0
13,2544,51312177,1,2,0,0,0
4,2543,51322258,-16,-2643,7756,0,0
37,2543,51322299,-2687,136,-778,16142,0
13,2545,51332269,-29,0,-1,0,0
4,2544,51342367,-14,-2667,7742,0,0
37,2544,51342407,-2691,136,-778,16142,0
13,2546,51352337,-44,2,0,0,0
4,2545,51362714,-25,-2671,7738,0,0
37,2545,51362755,-2694,137,-778,16141,0
13,2547,51372487,-24,1,1,0,0
L,51375156,VALID,18.183,-0.200,1
4,2546,51382588,-6,-2675,7738,0,0
37,2546,51382628,-2696,137,-778,16141,0
13,2548,51392587,-8,2,-1,0,0
4,2547,51402887,-19,-2682,7730,0,0
37,2547,51402954,-2697,138,-778,16141,0
13,2549,51412741,13,0,-1,0,0
4,2548,51422922,-8,-2683,7738,0,0
37,2548,51422963,-2693,137,-779,16141,0
13,2550,51432907,41,-2,-2,0,0
4,2549,51443139,-20,-2657,7756,0,0
37,2549,51443179,-2690,137,-779,16142,0
13,2551,51453061,26,0,0,0,0
4,2550,51463187,-14,-2663,7745,0,0
37,2550,51463228,-2688,137,-778,16142,0
13,2552,51473172,20,-1,1,0,0
L,51475841,VALID,18.140,-0.198,1
4,2551,51483241,-24,-2671,7747,0,0
37,2551,51483282,-2686,137,-778,16142,0
13,2553,51493267,42,-2,0,0,0
4,2552,51503419,-18,-2657,7737,0,0
37,2552,51503459,-2681,137,-778,16143,0
13,2554,51513361,60,-2,1,0,0
4,2553,51523783,-8,-2632,7768,0,0
37,2553,51523823,-2676,137,-778,16144,0
13,2555,51533561,26,0,0,0,0
4,2554,51543713,-15,-2639,7751,0,0
37,2554,51543753,-2675,137,-778,16144,0
13,2556,51553663,17,-3,0,0,0
4,2555,51563835,-18,-2680,7739,0,0
37,2555,51563875,-2672,136,-778,16145,0
13,2557,51573955,64,-1,-2,0,0
L,51576723,VALID,18.026,-0.200,1
4,2556,51583999,-4,-2618,7764,0,0
37,2556,51584039,-2666,136,-779,16146,0
13,2558,51593937,35,0,-1,0,0
4,2557,51604117,-8,-2610,7786,0,0
37,2557,51604158,-2666,136,-779,16146,0
13,2559,51614119,-50,0,0,0,0
4,2558,51624245,-14,-2638,7765,0,0
37,2558,51624286,-2673,136,-779,16145,0
13,2560,51634309,-73,2,-2,0,0
4,2559,51644392,-21,-2673,7735,0,0
37,2559,51644433,-2679,137,-779,16144,0
13,2561,51654368,-25,3,-7,0,0
4,2560,51664444,-38,-2678,7728,0,0
37,2560,51664512,-2678,138,-782,16143,0
13,2562,51674376,43,28,-82,0,0
L,51677290,VALID,18.070,-0.193,1
4,2561,51684756,5,-2632,7766,0,0
37,2561,51684797,-2673,138,-789,16144,0
13,2563,51694597,26,9,-35,0,0
4,2562,51704751,-11,-2648,7754,0,0
37,2562,51704792,-2673,138,-790,16144,0
13,2564,51714736,13,0,-2,0,0
4,2563,51724890,-23,-2639,7756,0,0
37,2563,51724930,-2671,139,-790,16144,0
13,2565,51734936,13,0,2,0,0
4,2564,51745009,-20,-2630,7758,0,0
37,2564,51745049,-2671,139,-790,16144,0
13,2566,51755030,-20,-6,0,0,0
4,2565,51765123,-20,-2658,7734,0,0
37,2565,51765163,-2673,139,-790,16144,0
13,2567,51775151,2,-4,9,0,0
L,51777769,VALID,18.035,-0.193,1
4,2566,51785366,-13,-2646,7746,0,0
37,2566,51785407,-2673,139,-788,16144,0
13,2568,51795297,0,-6,15,0,0
4,2567,51805415,-23,-2633,7771,0,0
37,2567,51805455,-2674,139,-787,16144,0
13,2569,51815436,-43,-3,5,0,0
4,2568,51825459,-20,-2674,7742,0,0
37,2568,51825499,-2679,139,-787,16143,0
13,2570,51835579,-17,-3,0,0,0
4,2569,51845742,-15,-2676,7721,0,0
37,2569,51845782,-2676,139,-787,16144,0
13,2571,51855607,48,2,-2,0,0
4,2570,51865784,-15,-2620,7781,0,0
37,2570,51865825,-2675,139,-788,16144,0
13,2572,51875778,-17,7,-8,0,0
L,51878536,VALID,18.049,-0.192,1
4,2571,51885933,-18,-2636,7767,0,0
37,2571,51885974,-2676,140,-789,16143,0
13,2573,51895830,-28,-2,-12,0,0
4,2572,51905982,-25,-2651,7735,0,0
37,2572,51906022,-2679,140,-790,16143,0
13,2574,51916052,-7,0,-12,0,0
4,2573,51926234,-5,-2661,7762,0,0
37,2573,51926275,-2679,139,-790,16143,0
13,2575,51936218,-5,0,-2,0,0
4,2574,51946267,-11,-2652,7762,0,0
37,2574,51946308,-2681,140,-791,16143,0
13,2576,51956318,-20,-3,-2,0,0
4,2575,51966412,-21,-2655,7742,0,0
37,2575,51966453,-2682,140,-791,16142,0
13,2577,51976344,-4,1,-3,0,0
L,51979033,VALID,18.099,-0.191,1
4,2576,51986602,-11,-2641,7744,0,0
37,2576,51986643,-2683,140,-791,16142,0
13,2578,51996490,-8,2,-6,0,0
4,2577,52006721,-20,-2666,7746,0,0
37,2577,52006761,-2684,140,-792,16142,0
13,2579,52016672,-5,1,-12,0,0
4,2578,52026806,-20,-2666,7744,0,0
37,2578,52026847,-2684,141,-794,16142,0
13,2580,52036844,9,3,-27,0,0
4,2579,52047051,-8,-2660,7740,0,0
37,2579,52047091,-2683,140,-796,16142,0
13,2581,52057000,23,0,-15,0,0
4,2580,52067060,-10,-2650,7757,0,0
37,2580,52067101,-2680,140,-797,16142,0
13,2582,52077066,15,0,-3,0,0
L,52079747,VALID,18.085,-0.197,1
4,2581,52087344,-12,-2653,7749,0,0
37,2581,52087384,-2680,140,-797,16143,0
13,2583,52097223,18,8,-23,0,0
4,2582,52107296,-26,-2658,7732,0,0
37,2582,52107337,-2676,141,-802,16143,0
13,2584,52117367,60,17,-57,0,0
4,2583,52127452,-12,-2651,7745,0,0
37,2583,52127493,-2670,141,-806,16144,0
13,2585,52137420,74,8,-26,0,0
4,2584,52147563,-17,-2625,7772,0,0
37,2584,52147603,-2664,141,-807,16145,0
13,2586,52157626,34,1,-5,0,0
4,2585,52167815,-19,-2623,7763,0,0
37,2585,52167855,-2663,141,-807,16145,0
13,2587,52177738,0,1,-6,0,0
L,52180331,VALID,17.964,-0.195,1
4,2586,52187928,-14,-2622,7761,0,0
37,2586,52187969,-2664,141,-808,16145,0
13,2588,52197926,-26,2,-4,0,0
4,2587,52208124,-21,-2659,7737,0,0
37,2587,52208164,-2667,142,-808,16144,0
13,2589,52218031,-7,2,-5,0,0
4,2588,52228123,-21,-2662,7741,0,0
37,2588,52228164,-2667,142,-809,16144,0
13,2590,52238211,24,2,-12,0,0
4,2589,52248390,-17,-2649,7746,0,0
37,2589,52248430,-2663,142,-811,16145,0
13,2591,52258315,44,5,-17,0,0
4,2590,52268398,-16,-2608,7768,0,0
37,2590,52268438,-2660,142,-811,16145,0
13,2592,52278383,-2,0,0,0,0
L,52280958,VALID,17.944,-0.192,1
4,2591,52288633,-16,-2619,7763,0,0
37,2591,52288674,-2661,143,-811,16145,0
13,2593,52298477,-23,-2,5,0,0
4,2592,52308639,-17,-2650,7743,0,0
37,2592,52308680,-2664,143,-810,16144,0
13,2594,52318663,-3,-7,14,0,0
4,2593,52328854,-22,-2658,7731,0,0
37,2593,52328894,-2662,142,-809,16145,0
13,2595,52338838,38,-5,2,0,0
4,2594,52348906,-4,-2614,7779,0,0
37,2594,52348947,-2659,142,-809,16145,0
13,2596,52358950,-8,-2,1,0,0
4,2595,52369008,-7,-2616,7762,0,0
37,2595,52369048,-2663,142,-809,16145,0
13,2597,52379043,-55,-3,3,0,0
L,52381811,VALID,17.965,-0.191,1
4,2596,52389165,-10,-2646,7749,0,0
37,2596,52389205,-2668,142,-809,16144,0
13,2598,52399269,-55,4,0,0,0
4,2597,52409474,-23,-2657,7745,0,0
37,2597,52409514,-2673,143,-809,16143,0
13,2599,52419344,-43,-1,0,0,0
4,2598,52429483,-13,-2665,7737,0,0
37,2598,52429524,-2676,142,-808,16143,0
13,2600,52439541,-5,-3,0,0,0
4,2599,52449653,-8,-2657,7745,0,0
37,2599,52449694,-2676,142,-808,16143,0
13,2601,52459629,11,-1,0,0,0
4,2600,52469696,-16,-2643,7749,0,0
37,2600,52469737,-2674,142,-809,16143,0
13,2602,52479767,9,-1,-2,0,0
L,52482430,VALID,18.043,-0.195,1
4,2601,52489922,-14,-2629,7773,0,0
37,2601,52489962,-2675,142,-809,16143,0
13,2603,52499923,-40,-1,-1,0,0
4,2602,52510007,-17,-2660,7737,0,0
37,2602,52510047,-2679,142,-809,16142,0
13,2604,52519930,-29,2,-5,0,0
4,2603,52530247,-22,-2662,7737,0,0
37,2603,52530314,-2681,143,-810,16142,0
13,2605,52540225,-5,2,-11,0,0
4,2604,52550327,-15,-2647,7757,0,0
37,2604,52550367,-2681,143,-811,16142,0
13,2606,52560320,-4,1,-24,0,0
4,2605,52570507,-20,-2647,7745,0,0
37,2605,52570548,-2682,143,-813,16141,0
13,2607,52580481,-19,-3,-3,0,0
L,52583327,VALID,18.100,-0.195,1
4,2606,52590524,-9,-2653,7753,0,0
37,2606,52590564,-2684,143,-812,16141,0
13,2608,52600713,-22,-2,4,0,0
4,2607,52610695,-9,-2667,7733,0,0
37,2607,52610735,-2686,143,-812,16141,0
13,2609,52620772,1,3,1,0,0
4,2608,52630788,-29,-2676,7739,0,0
37,2608,52630828,-2684,144,-812,16141,0
13,2610,52640730,39,1,-1,0,0
4,2609,52651037,-22,-2640,7772,0,0
37,2609,52651077,-2681,144,-812,16142,0
13,2611,52661007,13,0,-3,0,0
4,2610,52671178,-17,-2642,7767,0,0
37,2610,52671218,-2682,143,-812,16141,0
13,2612,52681100,-40,-4,0,0,0
L,52683884,VALID,18.100,-0.194,1
4,2611,52691292,-21,-2663,7744,0,0
37,2611,52691333,-2687,143,-812,16141,0
13,2613,52701289,-44,-3,0,0,0
4,2612,52711408,-25,-2675,7731,0,0
37,2612,52711449,-2689,144,-812,16140,0
13,2614,52721392,-4,-3,0,0,0
4,2613,52731607,-22,-2670,7745,0,0
37,2613,52731647,-2689,144,-812,16140,0
13,2615,52741480,9,-5,2,0,0
4,2614,52751676,-21,-2665,7740,0,0
37,2614,52751717,-2688,144,-812,16140,0
13,2616,52761703,19,-2,0,0,0
4,2615,52771795,-22,-2632,7772,0,0
37,2615,52771835,-2688,143,-812,16140,0
13,2617,52781789,-26,-3,1,0,0
L,52784538,VALID,18.143,-0.196,1
4,2616,52791987,-13,-2670,7740,0,0
37,2616,52792054,-2690,143,-812,16140,0
13,2618,52801934,-1,-3,1,0,0
4,2617,52812157,-8,-2642,7757,0,0
37,2617,52812197,-2689,143,-811,16140,0
13,2619,52822163,-6,-2,0,0,0
4,2618,52832226,-18,-2672,7734,0,0
37,2618,52832266,-2691,143,-811,16140,0
13,2620,52842226,-1,-2,1,0,0
4,2619,52852363,-3,-2615,7764,0,0
37,2619,52852404,-2691,143,-810,16140,0
13,2621,52862330,-12,-18,44,0,0
4,2620,52872571,-19,-2685,7737,0,0
37,2620,52872612,-2692,142,-804,16140,0
13,2622,52882486,10,-17,41,0,0
L,52885339,VALID,18.171,-0.195,1
4,2621,52892692,-27,-2692,7726,0,0
37,2621,52892733,-2690,142,-803,16140,0
13,2623,52902538,41,-1,1,0,0
4,2622,52912800,-17,-2654,7747,0,0
37,2622,52912841,-2684,141,-803,16141,0
13,2624,52922743,57,-2,-2,0,0
4,2623,52932950,-16,-2629,7756,0,0
37,2623,52932990,-2680,141,-803,16142,0
13,2625,52942898,32,-4,6,0,0
4,2624,52953028,3,-2616,7763,0,0
37,2624,52953069,-2677,140,-801,16143,0
13,2626,52963086,24,-22,58,0,0
4,2625,52973267,-20,-2641,7751,0,0
37,2625,52973308,-2677,139,-794,16143,0
13,2627,52983173,2,-25,68,0,0
L,52985957,VALID,18.063,-0.199,1
4,2626,52993268,-27,-2668,7749,0,0
37,2626,52993308,-2678,138,-789,16143,0
13,2628,53003311,-5,-15,34,0,0
4,2627,53013490,-18,-2680,7722,0,0
37,2627,53013531,-2676,137,-788,16144,0
13,2629,53023380,40,-3,-2,0,0
4,2628,53033669,-15,-2636,7759,0,0
37,2628,53033709,-2672,137,-788,16144,0
13,2630,53043579,40,-2,-1,0,0
4,2629,53053836,-8,-2663,7733,0,0
37,2629,53053877,-2668,136,-788,16145,0
13,2631,53063743,64,-1,0,0,0
4,2630,53073803,-15,-2631,7762,0,0
37,2630,53073843,-2661,136,-788,16146,0
13,2632,53083947,71,-6,1,0,0
L,53086611,VALID,17.949,-0.208,1
4,2631,53094059,-5,-2610,7793,0,0
37,2631,53094100,-2656,135,-788,16147,0
13,2633,53104007,21,-1,0,0,0
4,2632,53114066,-22,-2609,7778,0,0
37,2632,53114106,-2656,135,-788,16147,0
13,2634,53124145,-27,-6,2,0,0
4,2633,53134359,-13,-2647,7755,0,0
37,2633,53134399,-2659,135,-787,16146,0
13,2635,53144336,-7,-6,8,0,0
4,2634,53154401,-15,-2634,7765,0,0
37,2634,53154442,-2659,135,-787,16146,0
13,2636,53164438,0,0,0,0,0
4,2635,53174565,-13,-2635,7745,0,0
37,2635,53174605,-2659,135,-787,16146,0
13,2637,53184412,17,-2,-2,0,0
L,53187186,VALID,17.935,-0.213,1
4,2636,53194706,-1,-2632,7748,0,0
37,2636,53194746,-2657,135,-787,16147,0
13,2638,53204645,37,-1,-1,0,0
4,2637,53214918,-10,-2613,7764,0,0
37,2637,53214958,-2653,135,-787,16147,0
13,2639,53224782,22,-1,1,0,0
4,2638,53234874,-5,-2629,7751,0,0
37,2638,53234915,-2652,134,-787,16148,0
13,2640,53244969,12,-4,6,0,0
4,2639,53255097,-11,-2631,7748,0,0
37,2639,53255138,-2651,134,-786,16148,0
13,2641,53265065,30,0,3,0,0
4,2640,53275062,-10,-2619,7756,0,0
37,2640,53275102,-2647,134,-786,16148,0
13,2642,53285237,44,-2,0,0,0
L,53287944,VALID,17.850,-0.214,1
4,2641,53295524,-13,-2597,7768,0,0
37,2641,53295564,-2643,134,-786,16149,0
13,2643,53305377,32,1,0,0,0
4,2642,53315453,-9,-2610,7762,0,0
37,2642,53315493,-2641,134,-786,16150,0
13,2644,53325496,23,-1,0,0,0
4,2643,53335588,-12,-2607,7771,0,0
37,2643,53335628,-2639,134,-786,16150,0
13,2645,53345624,12,0,0,0,0
4,2644,53355716,-5,-2601,7764,0,0
37,2644,53355757,-2638,134,-786,16150,0
13,2646,53365675,0,0,0,0,0
4,2645,53375965,-16,-2610,7770,0,0
37,2645,53376005,-2639,134,-786,16150,0
13,2647,53385857,-22,-2,0,0,0
L,53388640,VALID,17.792,-0.212,1
4,2646,53395934,-14,-2614,7763,0,0
37,2646,53395974,-2642,134,-786,16149,0
13,2648,53405899,-20,0,0,0,0
4,2647,53416127,-15,-2628,7760,0,0
37,2647,53416168,-2643,134,-786,16149,0
13,2649,53426174,-4,-1,-2,0,0
4,2648,53436252,-9,-2615,7751,0,0
37,2648,53436292,-2644,135,-786,16149,0
13,2650,53446306,-2,0,-1,0,0
4,2649,53456482,-17,-2629,7757,0,0
37,2649,53456523,-2644,135,-786,16149,0
13,2651,53466449,4,2,-6,0,0
4,2650,53476534,-25,-2625,7763,0,0
37,2650,53476575,-2644,136,-788,16149,0
13,2652,53486501,7,8,-31,0,0
L,53489181,VALID,17.828,-0.202,1
4,2651,53496811,-6,-2615,7744,0,0
37,2651,53496851,-2642,136,-791,16149,0
13,2653,53506640,26,6,-24,0,0
4,2652,53516783,-6,-2609,7768,0,0
37,2652,53516823,-2639,135,-792,16149,0
13,2654,53526845,24,-3,-1,0,0
4,2653,53537112,-12,-2606,7756,0,0
37,2653,53537152,-2638,135,-792,16150,0
13,2655,53546992,17,-3,0,0,0
4,2654,53557129,-12,-2613,7762,0,0
37,2654,53557169,-2636,135,-791,16150,0
13,2656,53567146,22,-4,2,0,0
4,2655,53577256,-18,-2605,7756,0,0
37,2655,53577296,-2634,135,-791,16150,0
13,2657,53587198,25,0,-1,0,0
L,53589878,VALID,17.758,-0.209,1
4,2656,53597359,-21,-2624,7756,0,0
37,2656,53597399,-2631,135,-792,16151,0
13,2658,53607405,60,0,-1,0,0
4,2657,53617557,-14,-2602,7768,0,0
37,2657,53617597,-2624,135,-792,16152,0
13,2659,53627500,74,-3,0,0,0
4,2658,53637581,-9,-2587,7782,0,0
37,2658,53637622,-2618,134,-792,16153,0
13,2660,53647576,43,-2,0,0,0
4,2659,53657744,-15,-2577,7781,0,0
37,2659,53657785,-2616,134,-792,16153,0
13,2661,53667757,10,-2,0,0,0
4,2660,53677806,-10,-2586,7777,0,0
37,2660,53677874,-2616,134,-792,16153,0
13,2662,53687826,6,-1,-2,0,0
L,53690514,VALID,17.630,-0.211,1
4,2661,53698066,-6,-2603,7753,0,0
37,2661,53698107,-2614,133,-792,16154,0
13,2663,53708005,40,-3,0,0,0
4,2662,53718115,-9,-2569,7775,0,0
37,2662,53718156,-2609,133,-792,16154,0
13,2664,53728091,38,0,2,0,0
4,2663,53738219,-9,-2579,7782,0,0
37,2663,53738259,-2607,133,-792,16155,0
13,2665,53748306,19,-1,0,0,0
4,2664,53758364,-16,-2579,7781,0,0
37,2664,53758405,-2606,133,-791,16155,0
13,2666,53768358,13,-6,9,0,0
4,2665,53778527,-1,-2551,7778,0,0
37,2665,53778568,-2603,132,-788,16155,0
13,2667,53788479,35,-23,57,0,0
L,53791358,VALID,17.538,-0.216,1
4,2666,53798608,-15,-2581,7787,0,0
37,2666,53798677,-2602,131,-784,16156,0
13,2668,53808530,10,-10,29,0,0
4,2667,53818772,-22,-2571,7784,0,0
37,2667,53818813,-2601,131,-781,16156,0
13,2669,53828721,-3,-9,24,0,0
4,2668,53838819,-14,-2570,7780,0,0
37,2668,53838860,-2603,131,-780,16156,0
13,2670,53848933,-42,0,2,0,0
4,2669,53859061,-13,-2571,7786,0,0
37,2669,53859102,-2607,132,-780,16155,0
13,2671,53869056,-61,-3,3,0,0
4,2670,53879027,-17,-2602,7760,0,0
37,2670,53879067,-2613,132,-780,16154,0
13,2672,53889097,-53,0,4,0,0
L,53891786,VALID,17.608,-0.210,1
4,2671,53899260,-19,-2586,7782,0,0
37,2671,53899301,-2618,132,-779,16154,0
13,2673,53909356,-54,-3,3,0,0
4,2672,53919414,-16,-2589,7763,0,0
37,2672,53919454,-2622,132,-779,16153,0
13,2674,53929442,-39,-1,3,0,0
4,2673,53939648,-8,-2599,7772,0,0
37,2673,53939689,-2625,132,-778,16153,0
13,2675,53949580,-35,-3,7,0,0
4,2674,53959654,-3,-2575,7782,0,0
37,2674,53959695,-2628,131,-776,16152,0
13,2676,53969715,-45,-23,56,0,0
4,2675,53979768,-8,-2609,7756,0,0
37,2675,53979808,-2633,130,-768,16152,0
13,2677,53989837,-26,-32,87,0,0
L,53992786,VALID,17.748,-0.217,1
4,2676,53999873,-15,-2624,7764,0,0
37,2676,53999913,-2634,129,-762,16152,0
13,2678,54009983,-28,-15,42,0,0
4,2677,54020119,-15,-2612,7760,0,0
37,2677,54020159,-2637,129,-760,16151,0
13,2679,54029967,-40,-6,14,0,0
4,2678,54040205,-12,-2649,7743,0,0
37,2678,54040245,-2641,129,-759,16151,0
13,2680,54050242,2,-1,0,0,0
4,2679,54060421,-16,-2618,7758,0,0
37,2679,54060461,-2638,129,-759,16151,0
13,2681,54070346,30,0,0,0,0
4,2680,54080481,-13,-2609,7778,0,0
37,2680,54080521,-2636,129,-759,16152,0
13,2682,54090550,16,-2,-1,0,0
L,54093308,VALID,17.769,-0.215,1
4,2681,54100619,-15,-2600,7755,0,0
37,2681,54100659,-2635,129,-759,16152,0
13,2683,54110732,13,0,-1,0,0
4,2682,54120704,-13,-2594,7779,0,0
37,2682,54120744,-2634,129,-760,16152,0
13,2684,54130834,-1,1,-1,0,0
4,2683,54140884,-9,-2612,7747,0,0
37,2683,54140925,-2633,130,-760,16152,0
13,2685,54150774,25,2,-2,0,0
4,2684,54160969,-5,-2615,7763,0,0
37,2684,54161009,-2631,129,-760,16152,0
13,2686,54171041,41,1,-4,0,0
4,2685,54181291,-12,-2611,7769,0,0
37,2685,54181332,-2626,129,-761,16153,0
13,2687,54191144,65,2,-8,0,0
L,54193815,VALID,17.699,-0.214,1
4,2686,54201241,-11,-2589,7774,0,0
37,2686,54201281,-2619,129,-762,16154,0
13,2688,54211282,74,13,-39,0,0
4,2687,54221414,-7,-2583,7785,0,0
37,2687,54221454,-2613,129,-768,16155,0
13,2689,54231392,54,15,-53,0,0
4,2688,54241512,-10,-2580,7790,0,0
37,2688,54241553,-2610,130,-771,16155,0
13,2690,54251436,30,9,-25,0,0
4,2689,54261778,-8,-2581,7777,0,0
37,2689,54261819,-2608,130,-773,16155,0
13,2691,54271712,9,-2,-7,0,0
4,2690,54281734,-6,-2585,7769,0,0
37,2690,54281775,-2608,130,-773,16156,0
13,2692,54291719,22,0,0,0,0
L,54294338,VALID,17.571,-0.214,1
4,2691,54302031,-14,-2590,7772,0,0
37,2691,54302072,-2606,130,-773,16156,0
13,2693,54311876,19,1,2,0,0
4,2692,54322020,-16,-2578,7780,0,0
37,2692,54322060,-2605,131,-772,16156,0
13,2694,54332074,15,0,0,0,0
4,2693,54342224,-21,-2568,7770,0,0
37,2693,54342265,-2604,131,-773,16156,0
13,2695,54352149,-2,-2,-1,0,0
4,2694,54362242,-6,-2571,7786,0,0
37,2694,54362282,-2604,131,-773,16156,0
13,2696,54372234,-21,-2,1,0,0
4,2695,54382535,-15,-2580,7784,0,0
37,2695,54382575,-2607,131,-773,16156,0
13,2697,54392366,-23,1,0,0,0
L,54395044,VALID,17.564,-0.207,1
4,2696,54402476,-9,-2583,7778,0,0
37,2696,54402516,-2609,131,-773,16155,0
13,2698,54412475,-30,0,-1,0,0
4,2697,54422820,-17,-2595,7773,0,0
37,2697,54422861,-2612,131,-773,16155,0
13,2699,54432614,-15,-1,0,0,0
4,2698,54442776,-18,-2581,7782,0,0
37,2698,54442816,-2613,132,-773,16155,0
13,2700,54452796,-25,1,-1,0,0
4,2699,54462946,-12,-2573,7784,0,0
37,2699,54462987,-2617,132,-773,16154,0
13,2701,54472940,-67,1,0,0,0
4,2700,54483025,-6,-2602,7763,0,0
37,2700,54483065,-2624,133,-773,16153,0
13,2702,54493024,-74,2,0,0,0
L,54495723,VALID,17.686,-0.199,1
4,2701,54503163,-19,-2623,7751,0,0
37,2701,54503203,-2629,133,-773,16152,0
13,2703,54513112,-30,2,-2,0,0
4,2702,54523245,-20,-2615,7770,0,0
37,2702,54523286,-2631,134,-773,16152,0
13,2704,54533189,-11,0,-1,0,0
4,2703,54543568,-13,-2604,7767,0,0
37,2703,54543608,-2632,134,-773,16152,0
13,2705,54553405,-7,-1,0,0,0
4,2704,54563532,-16,-2596,7768,0,0
37,2704,54563572,-2633,135,-773,16151,0
13,2706,54573526,-25,-1,1,0,0
4,2705,54583714,-8,-2606,7766,0,0
37,2705,54583754,-2637,134,-773,16151,0
13,2707,54593816,-41,-2,0,0,0
L,54596594,VALID,17.778,-0.196,1
4,2706,54603826,-18,-2623,7748,0,0
37,2706,54603867,-2639,135,-773,16150,0
13,2708,54613809,-4,1,-2,0,0
4,2707,54623977,-15,-2604,7768,0,0
37,2707,54624017,-2639,135,-773,16150,0
13,2709,54633989,0,1,-1,0,0
4,2708,54644116,-15,-2598,7788,0,0
37,2708,54644156,-2640,135,-773,16150,0
13,2710,54654171,-31,-2,1,0,0
4,2709,54664305,-11,-2615,7761,0,0
37,2709,54664346,-2643,135,-773,16150,0
13,2711,54674248,-24,0,0,0,0
4,2710,54684288,-12,-2627,7762,0,0
37,2710,54684328,-2645,136,-773,16149,0
13,2712,54694238,-9,0,0,0,0
L,54696839,VALID,17.836,-0.185,1
4,2711,54704564,-22,-2617,7768,0,0
37,2711,54704605,-2646,136,-773,16149,0
13,2713,54714488,-4,-4,0,0,0
4,2712,54724667,-13,-2632,7754,0,0
37,2712,54724707,-2646,135,-773,16149,0
13,2714,54734626,18,-4,0,0,0
4,2713,54744795,-12,-2605,7757,0,0
37,2713,54744835,-2643,135,-773,16150,0
13,2715,54754798,25,0,-1,0,0
4,2714,54764890,-15,-2604,7775,0,0
37,2714,54764930,-2642,135,-773,16150,0
13,2716,54774875,-7,-1,0,0,0
4,2715,54784984,-7,-2621,7750,0,0
37,2715,54785024,-2643,135,-773,16150,0
13,2717,54795012,0,-1,2,0,0
L,54797631,VALID,17.821,-0.191,1
4,2716,54805220,-18,-2625,7749,0,0
37,2716,54805260,-2642,135,-773,16150,0
13,2718,54815196,28,-2,-2,0,0
4,2717,54825323,-16,-2612,7779,0,0
37,2717,54825364,-2639,135,-773,16150,0
13,2719,54835289,17,0,-1,0,0
4,2718,54845310,-8,-2607,7769,0,0
37,2718,54845350,-2638,135,-773,16151,0
13,2720,54855441,15,1,-2,0,0
4,2719,54865544,-16,-2602,7755,0,0
37,2719,54865584,-2637,135,-773,16151,0
13,2721,54875485,6,10,-14,0,0
4,2720,54885663,-28,-2616,7765,0,0
37,2720,54885703,-2638,137,-779,16150,0
13,2722,54895666,-27,28,-76,0,0
L,54898606,VALID,17.787,-0.183,1
4,2721,54905830,-1,-2603,7766,0,0
37,2721,54905870,-2639,137,-782,16150,0
13,2723,54915691,0,2,-3,0,0
4,2722,54925859,-13,-2619,7755,0,0
37,2722,54925899,-2639,137,-782,16150,0
13,2724,54935923,15,3,-7,0,0
4,2723,54946070,-12,-2608,7764,0,0
37,2723,54946110,-2638,138,-783,16150,0
13,2725,54956054,6,3,-15,0,0
4,2724,54966128,-12,-2614,7768,0,0
37,2724,54966169,-2637,138,-785,16150,0
13,2726,54976215,16,11,-20,0,0
4,2725,54986335,-6,-2603,7767,0,0
37,2725,54986375,-2635,138,-787,16150,0
13,2727,54996222,9,8,-15,0,0
L,54998912,VALID,17.766,-0.184,1
4,2726,55006482,-24,-2572,7801,0,0
37,2726,55006522,-2636,139,-787,16150,0
13,2728,55016397,-48,-1,1,0,0
4,2727,55026523,-21,-2619,7755,0,0
37,2727,55026563,-2642,139,-787,16149,0
13,2729,55036542,-40,-1,1,0,0
4,2728,55046694,-16,-2634,7749,0,0
37,2728,55046761,-2644,139,-787,16149,0
13,2730,55056680,13,1,1,0,0
4,2729,55066928,-24,-2622,7752,0,0
37,2729,55066968,-2640,139,-787,16150,0
13,2731,55076811,47,-4,0,0,0
4,2730,55086917,-14,-2612,7769,0,0
37,2730,55086958,-2636,138,-787,16150,0
13,2732,55096894,49,-1,0,0,0
L,55099583,VALID,17.773,-0.184,1
4,2731,55107108,-11,-2591,7780,0,0
37,2731,55107149,-2631,138,-787,16151,0
13,2733,55117057,30,0,2,0,0
4,2732,55127116,-10,-2582,7789,0,0
37,2732,55127156,-2630,138,-787,16151,0
13,2734,55137186,-21,-1,2,0,0
4,2733,55147357,-18,-2614,7763,0,0
37,2733,55147397,-2634,138,-787,16151,0
13,2735,55157264,-36,0,0,0,0
4,2734,55167407,-13,-2621,7744,0,0
37,2734,55167448,-2637,138,-786,16150,0
13,2736,55177445,-12,-4,0,0,0
4,2735,55187521,-16,-2619,7764,0,0
37,2735,55187588,-2637,138,-786,16150,0
13,2737,55197549,13,-1,0,0,0
L,55200210,VALID,17.780,-0.183,1
4,2736,55207720,-19,-2602,7769,0,0
37,2736,55207760,-2636,138,-786,16150,0
13,2738,55217702,0,0,-2,0,0
4,2737,55227899,-13,-2586,7783,0,0
37,2737,55227940,-2637,139,-787,16150,0
13,2739,55237815,-28,-1,-2,0,0
4,2738,55247897,-10,-2617,7755,0,0
37,2738,55247938,-2639,138,-787,16150,0
13,2740,55257995,-8,-3,0,0,0
4,2739,55268121,-19,-2626,7745,0,0
37,2739,55268162,-2639,138,-787,16150,0
13,2741,55278056,27,1,-1,0,0
4,2740,55288164,-18,-2623,7767,0,0
37,2740,55288204,-2636,138,-787,16150,0
13,2742,55298159,38,-1,-3,0,0
L,55300933,VALID,17.773,-0.184,1
4,2741,55308444,-18,-2594,7764,0,0
37,2741,55308484,-2632,138,-787,16151,0
13,2743,55318228,35,-2,-1,0,0
4,2742,55328450,-17,-2598,7782,0,0
37,2742,55328491,-2630,138,-788,16151,0
13,2744,55338434,19,2,-4,0,0
4,2743,55348551,-25,-2598,7774,0,0
37,2743,55348592,-2628,138,-788,16151,0
13,2745,55358630,12,1,-4,0,0
4,2744,55368672,-16,-2612,7765,0,0
37,2744,55368712,-2628,139,-788,16151,0
13,2746,55378708,20,-2,0,0,0
4,2745,55388800,-16,-2601,7761,0,0
37,2745,55388840,-2624,138,-788,16152,0
13,2747,55398777,45,-1,0,0,0
L,55401439,VALID,17.688,-0.181,1
4,2746,55408905,-12,-2598,7768,0,0
37,2746,55408945,-2620,138,-788,16153,0
13,2748,55419034,48,0,-2,0,0
4,2747,55429128,-21,-2588,7763,0,0
37,2747,55429195,-2616,138,-788,16153,0
13,2749,55439087,48,-1,0,0,0
4,2748,55449232,-12,-2570,7789,0,0
37,2748,55449273,-2612,137,-788,16154,0
13,2750,55459259,13,-4,0,0,0
4,2749,55469411,-14,-2588,7779,0,0
37,2749,55469452,-2612,137,-788,16154,0
13,2751,55479378,-3,-3,0,0,0
4,2750,55489417,-21,-2592,7766,0,0
37,2750,55489457,-2613,137,-788,16154,0
13,2752,55499472,15,1,0,0,0
L,55502074,VALID,17.609,-0.185,1
4,2751,55509558,-20,-2611,7749,0,0
37,2751,55509598,-2609,138,-788,16154,0
13,2753,55519645,73,4,-3,0,0
4,2752,55529694,-25,-2570,7780,0,0
37,2752,55529735,-2600,138,-789,16156,0
13,2754,55539636,83,3,-5,0,0
4,2753,55549988,-12,-2561,7799,0,0
37,2753,55550028,-2596,137,-789,16157,0
13,2755,55559883,33,-1,0,0,0
4,2754,55570023,-24,-2583,7768,0,0
37,2754,55570063,-2593,137,-789,16157,0
13,2756,55579973,49,-2,0,0,0
4,2755,55590126,-20,-2576,7776,0,0
37,2755,55590166,-2587,137,-789,16158,0
13,2757,55600168,85,0,0,0,0
L,55602780,VALID,17.425,-0.177,1
4,2756,55610176,-13,-2570,7775,0,0
37,2756,55610216,-2578,136,-790,16159,0
13,2758,55620383,118,0,-1,0,0
4,2757,55630434,-13,-2544,7795,0,0
37,2757,55630475,-2567,136,-790,16161,0
13,2759,55640454,123,-3,0,0,0
4,2758,55650433,-17,-2521,7805,0,0
37,2758,55650473,-2557,135,-790,16163,0
13,2760,55660409,85,0,0,0,0
4,2759,55670647,-22,-2522,7779,0,0
37,2759,55670688,-2552,135,-790,16164,0
13,2761,55680633,68,-1,0,0,0
4,2760,55690796,-10,-2528,7797,0,0
37,2760,55690836,-2545,134,-790,16165,0
13,2762,55700763,76,-3,0,0,0
L,55703451,VALID,17.127,-0.185,1
4,2761,55710935,-26,-2516,7785,0,0
37,2761,55710975,-2538,134,-790,16166,0
13,2763,55720874,92,-1,-4,0,0
4,2762,55731010,-21,-2524,7786,0,0
37,2762,55731050,-2529,133,-790,16167,0
13,2764,55741011,124,0,-3,0,0
4,2763,55751138,-15,-2504,7779,0,0
37,2763,55751179,-2516,133,-791,16169,0
13,2765,55761055,161,1,-5,0,0
4,2764,55771283,-19,-2472,7811,0,0
37,2764,55771323,-2503,132,-792,16171,0
13,2766,55781313,128,1,-11,0,0
4,2765,55791458,-12,-2468,7813,0,0
37,2765,55791499,-2493,131,-793,16173,0
13,2767,55801363,117,2,-3,0,0
L,55804174,VALID,16.758,-0.191,1
4,2766,55811607,-22,-2472,7799,0,0
37,2766,55811647,-2482,131,-793,16174,0
13,2768,55821484,132,2,-5,0,0
4,2767,55831717,-13,-2454,7828,0,0
37,2767,55831757,-2470,131,-794,16176,0
13,2769,55841751,129,3,-10,0,0
4,2768,55851784,-21,-2455,7808,0,0
37,2768,55851824,-2459,131,-795,16178,0
13,2770,55861810,139,1,-3,0,0
4,2769,55872015,-27,-2450,7807,0,0
37,2769,55872055,-2445,130,-795,16180,0
13,2771,55881907,181,-1,-4,0,0
4,2770,55892180,-21,-2429,7830,0,0
37,2770,55892220,-2428,129,-796,16182,0
13,2772,55902070,190,4,-23,0,0
L,55904949,VALID,16.299,-0.186,1
4,2771,55912225,-36,-2424,7829,0,0
37,2771,55912266,-2413,129,-802,16184,0
13,2773,55922128,163,24,-91,0,0
4,2772,55932343,-6,-2341,7844,0,0
37,2772,55932383,-2398,128,-807,16186,0
13,2774,55942301,172,-2,-11,0,0
4,2773,55952560,-14,-2384,7823,0,0
37,2773,55952600,-2383,127,-808,16189,0
13,2775,55962466,198,0,-6,0,0
4,2774,55972600,-16,-2364,7849,0,0
37,2774,55972640,-2363,127,-808,16191,0
13,2776,55982618,226,1,-5,0,0
4,2775,55992747,-13,-2318,7878,0,0
37,2775,55992787,-2344,126,-809,16194,0
13,2777,56002715,177,0,-6,0,0
L,56005489,VALID,15.705,-0.191,1
4,2776,56012817,-21,-2315,7865,0,0
37,2776,56012858,-2331,125,-810,16196,0
13,2778,56022843,142,1,-19,0,0
4,2777,56033091,-31,-2323,7854,0,0
37,2777,56033132,-2318,125,-814,16198,0
13,2779,56042947,166,10,-60,0,0
4,2778,56053238,-10,-2281,7862,0,0
37,2778,56053306,-2305,124,-819,16199,0
13,2780,56063136,121,12,-47,0,0
4,2779,56073343,-10,-2303,7860,0,0
37,2779,56073383,-2295,124,-823,16200,0
13,2781,56083282,125,8,-35,0,0
4,2780,56093361,-13,-2282,7882,0,0
37,2780,56093402,-2285,124,-826,16202,0
13,2782,56103522,114,8,-36,0,0
L,56106368,VALID,15.287,-0.202,1
4,2781,56113713,-21,-2269,7877,0,0
37,2781,56113753,-2274,124,-829,16203,0
13,2783,56123576,117,9,-51,0,0
4,2782,56133676,-2,-2261,7881,0,0
37,2782,56133717,-2265,123,-834,16204,0
13,2784,56143737,106,7,-42,0,0
4,2783,56153899,-14,-2252,7880,0,0
37,2783,56153940,-2255,123,-837,16205,0
13,2785,56163945,103,1,-19,0,0
4,2784,56174046,-14,-2234,7890,0,0
37,2784,56174087,-2246,122,-838,16207,0
13,2786,56184057,99,2,-11,0,0
4,2785,56194229,-13,-2235,7873,0,0
37,2785,56194270,-2239,122,-840,16208,0
13,2787,56204047,97,3,-9,0,0
L,56206761,VALID,14.962,-0.213,1
4,2786,56214340,-30,-2245,7862,0,0
37,2786,56214380,-2228,122,-840,16209,0
13,2788,56224288,151,1,-13,0,0
4,2787,56234510,-21,-2243,7866,0,0
37,2787,56234550,-2212,121,-842,16211,0
13,2789,56244427,225,1,-21,0,0
4,2788,56254518,-7,-2214,7867,0,0
37,2788,56254559,-2190,120,-844,16214,0
13,2790,56264641,286,3,-11,0,0
4,2789,56274787,-19,-2162,7904,0,0
37,2789,56274828,-2163,119,-845,16218,0
13,2791,56284720,285,-2,-1,0,0
4,2790,56294743,-24,-2133,7922,0,0
37,2790,56294783,-2139,117,-845,16221,0
13,2792,56304865,254,-5,0,0,0
L,56307640,VALID,14.255,-0.216,1
4,2791,56315074,-33,-2129,7904,0,0
37,2791,56315114,-2117,115,-845,16224,0
13,2793,56325004,262,-4,-4,0,0
4,2792,56335091,-13,-2046,7959,0,0
37,2792,56335132,-2098,114,-846,16226,0
13,2794,56345114,156,-4,-5,0,0
4,2793,56355266,-13,-2088,7916,0,0
37,2793,56355307,-2086,113,-846,16228,0
13,2795,56365269,146,-5,-7,0,0
4,2794,56375345,-23,-2090,7904,0,0
37,2794,56375385,-2073,112,-848,16229,0
13,2796,56385311,193,10,-56,0,0
4,2795,56395535,-28,-2077,7909,0,0
37,2795,56395575,-2051,112,-859,16231,0
13,2797,56405484,272,28,-149,0,0
L,56408520,VALID,13.634,-0.231,1
4,2796,56415597,-7,-2025,7943,0,0
37,2796,56415638,-2025,111,-870,16234,0
13,2798,56425516,277,18,-93,0,0
4,2797,56435853,0,-1982,7972,0,0
37,2797,56435893,-2007,110,-876,16236,0
13,2799,56445785,172,7,-30,0,0
4,2798,56455854,-12,-2012,7930,0,0
37,2798,56455894,-1992,110,-878,16238,0
13,2800,56465948,197,9,-38,0,0
4,2799,56476069,-11,-1983,7938,0,0
37,2799,56476109,-1972,109,-882,16240,0
13,2801,56486051,223,5,-44,0,0
4,2800,56496128,-6,-1972,7959,0,0
37,2800,56496168,-1954,108,-886,16242,0
13,2802,56506067,220,-1,-23,0,0
L,56509017,VALID,12.950,-0.246,1
4,2801,56516431,-21,-1970,7937,0,0
37,2801,56516471,-1933,107,-887,16244,0
13,2803,56526276,267,-1,-13,0,0
4,2802,56536395,-8,-1948,7942,0,0
37,2802,56536435,-1905,105,-888,16248,0
13,2804,56546454,351,-3,-2,0,0
4,2803,56556610,-21,-1851,7998,0,0
37,2803,56556678,-1875,103,-888,16251,0
13,2805,56566594,284,-5,-3,0,0
4,2804,56576706,-9,-1852,7994,0,0
37,2804,56576746,-1854,101,-889,16254,0
13,2806,56586732,227,-4,-3,0,0
4,2805,56596884,-11,-1855,7965,0,0
37,2805,56596925,-1834,100,-889,16256,0
13,2807,56606807,253,0,-3,0,0
L,56609602,VALID,12.103,-0.259,1
4,2806,56616989,-4,-1802,7990,0,0
37,2806,56617030,-1811,99,-890,16258,0
13,2808,56626988,230,2,-2,0,0
4,2807,56637090,-11,-1802,7993,0,0
37,2807,56637130,-1793,98,-890,16260,0
13,2809,56647117,212,1,-2,0,0
4,2808,56657185,-9,-1793,7991,0,0
37,2808,56657225,-1774,97,-890,16262,0
13,2810,56667158,227,-2,-2,0,0
4,2809,56677390,-11,-1787,7985,0,0
37,2809,56677431,-1753,96,-891,16265,0
13,2811,56687366,254,0,-2,0,0
4,2810,56697415,-6,-1724,8021,0,0
37,2810,56697483,-1730,94,-891,16267,0
13,2812,56707461,230,-1,-2,0,0
L,56710323,VALID,11.370,-0.263,1
4,2811,56717677,-9,-1711,8013,0,0
37,2811,56717717,-1713,93,-891,16269,0
13,2813,56727664,172,-1,0,0,0
4,2812,56737770,-17,-1738,7984,0,0
37,2812,56737810,-1697,92,-891,16271,0
13,2814,56747709,227,-3,0,0,0
4,2813,56757932,-4,-1698,8028,0,0
37,2813,56757972,-1674,91,-892,16273,0
13,2815,56767951,249,0,-2,0,0
4,2814,56777985,-15,-1647,8033,0,0
37,2814,56778025,-1654,90,-892,16275,0
13,2816,56788002,213,-1,0,0,0
4,2815,56798129,-14,-1671,8008,0,0
37,2815,56798169,-1635,89,-892,16277,0
13,2817,56808062,253,-1,-1,0,0
L,56810959,VALID,10.701,-0.262,1
4,2816,56818307,-18,-1635,8029,0,0
37,2816,56818347,-1612,88,-892,16279,0
13,2818,56828174,263,-3,-1,0,0
4,2817,56838457,-12,-1594,8048,0,0
37,2817,56838498,-1590,86,-892,16281,0
13,2819,56848382,240,-7,-1,0,0
4,2818,56858439,-1,-1592,8035,0,0
37,2818,56858479,-1569,84,-893,16283,0
13,2820,56868578,233,-3,0,0,0
4,2819,56878697,3,-1568,8055,0,0
37,2819,56878738,-1548,83,-893,16285,0
13,2821,56888689,226,1,0,0,0
4,2820,56898696,-8,-1556,8037,0,0
37,2820,56898736,-1530,82,-893,16287,0
13,2822,56908766,225,0,0,0,0
L,56911465,VALID,9.962,-0.272,1
4,2821,56918956,-1,-1527,8051,0,0
37,2821,56918997,-1509,81,-893,16289,0
13,2823,56929025,214,0,0,0,0
4,2822,56939076,-15,-1517,8046,0,0
37,2822,56939144,-1491,80,-893,16291,0
13,2824,56949078,213,-1,0,0,0
4,2823,56959283,-6,-1508,8040,0,0
37,2823,56959324,-1471,78,-893,16293,0
13,2825,56969225,246,-3,0,0,0
4,2824,56979274,-8,-1472,8051,0,0
37,2824,56979314,-1449,77,-893,16295,0
13,2826,56989384,254,-2,0,0,0
4,2825,56999419,-6,-1472,8053,0,0
37,2825,56999459,-1426,76,-894,16297,0
13,2827,57009463,308,0,-3,0,0
L,57012231,VALID,9.230,-0.275,1
4,2826,57019515,3,-1476,8015,0,0
37,2826,57019555,-1390,73,-894,16300,0
13,2828,57029582,458,1,-4,0,0
4,2827,57039685,1,-1283,8153,0,0
37,2827,57039726,-1360,72,-895,16302,0
13,2829,57049626,281,9,-49,0,0
4,2828,57059807,88,-1390,8023,0,0
37,2828,57059847,-1326,70,-906,16304,0
13,2830,57069842,458,12,-124,0,0
4,2829,57080066,-12,-1434,7979,0,0
37,2829,57080107,-1282,67,-909,16308,0
13,2831,57089903,692,-26,74,0,0
4,2830,57100030,-17,-1093,8189,0,0
37,2830,57100070,-1216,64,-900,16313,0
13,2832,57110141,587,-9,43,0,0
L,57113024,VALID,7.754,-0.282,1
4,2831,57120152,-35,-1178,8152,0,0
37,2831,57120192,-1178,60,-900,16316,0
13,2833,57130384,360,-9,27,0,0
4,2832,57140341,-32,-1217,8110,0,0
37,2832,57140381,-1146,58,-895,16319,0
13,2834,57150427,343,-10,42,0,0
4,2833,57160574,-14,-1153,8110,0,0
37,2833,57160614,-1118,55,-893,16321,0
13,2835,57170427,317,-11,43,0,0
4,2834,57180590,0,-1113,8116,0,0
37,2834,57180630,-1090,53,-887,16323,0
13,2836,57190657,317,-15,80,0,0
4,2835,57200877,-18,-1061,8137,0,0
37,2835,57200918,-1064,51,-880,16325,0
13,2837,57210773,257,-12,59,0,0
L,57213750,VALID,6.685,-0.306,1
4,2836,57220883,-8,-1077,8105,0,0
37,2836,57220924,-1041,49,-879,16327,0
13,2838,57230890,311,0,-25,0,0
4,2837,57241088,8,-1023,8098,0,0
37,2837,57241128,-1009,47,-881,16329,0
13,2839,57251002,418,-5,-19,0,0
4,2838,57261096,11,-1011,8103,0,0
37,2838,57261136,-969,44,-882,16331,0
13,2840,57271061,497,-12,34,0,0
4,2839,57281354,15,-1039,8062,0,0
37,2839,57281395,-920,40,-875,16334,0
13,2841,57291295,696,-24,134,0,0
4,2840,57301381,-41,-858,8167,0,0
37,2840,57301421,-852,36,-864,16338,0
13,2842,57311371,727,-8,39,0,0
L,57314244,VALID,5.196,-0.325,1
4,2841,57321668,28,-939,8109,0,0
37,2841,57321708,-789,31,-864,16342,0
13,2843,57331562,802,-24,54,0,0
4,2842,57341642,16,-662,8175,0,0
37,2842,57341682,-706,25,-851,16346,0
13,2844,57351707,854,-29,207,0,0
4,2843,57361836,-17,-739,8236,0,0
37,2843,57361876,-647,21,-832,16350,0
13,2845,57371812,585,-20,163,0,0
4,2844,57381863,38,-641,8151,0,0
37,2844,57381903,-604,16,-821,16352,0
13,2846,57391912,517,-19,164,0,0
4,2845,57402206,-75,-626,8190,0,0
37,2845,57402247,-554,14,-811,16354,0
13,2847,57412008,539,-4,18,0,0
L,57414862,VALID,3.105,-0.357,1
4,2846,57422121,33,-650,8104,0,0
37,2846,57422161,-506,10,-810,16356,0
13,2848,57432049,699,-19,94,0,0
4,2847,57442387,-22,-542,8172,0,0
37,2847,57442427,-436,6,-795,16358,0
13,2849,57452273,798,-17,116,0,0
4,2848,57462412,36,-343,8196,0,0
37,2848,57462452,-366,1,-790,16360,0
13,2850,57472402,732,-12,105,0,0
4,2849,57482618,-37,-374,8217,0,0
37,2849,57482659,-305,-1,-781,16362,0
13,2851,57492513,643,-11,54,0,0
4,2850,57502652,-17,-363,8134,0,0
37,2850,57502692,-253,-5,-774,16363,0
13,2852,57512642,693,-15,35,0,0
L,57515585,VALID,0.995,-0.382,1
4,2851,57522740,-11,-211,8172,0,0
37,2851,57522781,-185,-10,-781,16364,0
13,2853,57532755,783,-6,-74,0,0
4,2852,57542859,-12,-160,8167,0,0
37,2852,57542900,-107,-13,-782,16364,0
13,2854,57552832,931,-12,-43,0,0
4,2853,57563214,12,-50,8176,0,0
37,2853,57563255,-26,-19,-791,16364,0
13,2855,57573004,929,-7,-66,0,0
4,2854,57583119,-8,106,8428,0,0
37,2854,57583159,46,-20,-799,16364,0
13,2856,57593140,390,27,-159,0,0
4,2855,57603237,25,30,8246,0,0
37,2855,57603278,47,-21,-810,16363,0
13,2857,57613398,-1,-5,-83,0,0
L,57616238,VALID,-1.106,-0.394,1
4,2856,57623446,-1,-9,8183,0,0
37,2856,57623486,49,-20,-816,16363,0
13,2858,57633381,19,0,-63,0,0
4,2857,57643597,70,17,8202,0,0
37,2857,57643637,50,-22,-819,16363,0
13,2859,57653545,8,-3,0,0,0
4,2858,57663647,9,0,8203,0,0
37,2858,57663687,49,-22,-819,16363,0
13,2860,57673714,1,-1,0,0,0
4,2859,57683829,7,-4,8183,0,0
37,2859,57683869,49,-21,-819,16363,0
13,2861,57693801,14,-3,0,0,0
4,2860,57703898,3,7,8202,0,0
37,2860,57703939,50,-22,-819,16363,0
13,2862,57713808,25,-8,1,0,0
L,57716501,VALID,-1.128,-0.399,1
4,2861,57724132,17,23,8199,0,0
37,2861,57724172,51,-22,-818,16363,0
13,2863,57733999,9,-3,37,0,0
4,2862,57744138,-170,79,8185,0,0
37,2862,57744178,51,-21,-796,16364,0
13,2864,57754121,10,1,365,0,0
4,2863,57764267,93,4,8196,0,0
37,2863,57764307,52,-23,-773,16365,0
13,2865,57774308,9,0,218,0,0
4,2864,57784413,71,10,8208,0,0
37,2864,57784453,52,-23,-755,16366,0
13,2866,57794420,1,1,198,0,0
4,2865,57804489,29,-28,8193,0,0
37,2865,57804529,52,-23,-738,16367,0
13,2867,57814506,2,1,128,0,0
L,57817198,VALID,-1.141,-0.408,1
4,2866,57824717,9,17,8195,0,0
37,2866,57824757,52,-22,-731,16367,0
13,2868,57834688,3,-1,64,0,0
4,2867,57844802,7,5,8202,0,0
37,2867,57844842,52,-22,-730,16367,0
13,2869,57854813,13,-6,0,0,0
4,2868,57864782,5,37,8189,0,0
37,2868,57864822,54,-23,-729,16367,0
13,2870,57874892,26,-6,65,0,0
4,2869,57885100,6,-11,8212,0,0
37,2869,57885141,52,-23,-718,16368,0
13,2871,57894962,2,-1,83,0,0
4,2870,57905125,-3,18,8176,0,0
37,2870,57905165,53,-23,-718,16368,0
13,2872,57915133,7,-3,-4,0,0
L,57917816,VALID,-1.148,-0.408,1
4,2871,57925230,-13,-23,8196,0,0
37,2871,57925271,52,-22,-718,16368,0
13,2873,57935150,16,-2,-68,0,0
4,2872,57945331,-107,65,8206,0,0
37,2872,57945371,53,-22,-734,16367,0
13,2874,57955419,-20,2,-157,0,0
4,2873,57965585,149,45,8189,0,0
37,2873,57965625,51,-23,-734,16367,0
13,2875,57975545,-4,2,67,0,0
4,2874,57985573,26,96,8201,0,0
37,2874,57985613,51,-22,-726,16367,0
13,2876,57995675,-11,2,137,0,0
4,2875,58005754,2,-17,8194,0,0
37,2875,58005795,50,-22,-717,16368,0
13,2877,58015666,-30,3,72,0,0
L,58018435,VALID,-1.127,-0.402,1
4,2876,58025935,10,19,8188,0,0
37,2876,58025975,45,-21,-708,16368,0
13,2878,58035847,-18,6,105,0,0
4,2877,58046080,-15,-59,8195,0,0
37,2877,58046120,43,-20,-704,16368,0
13,2879,58056046,14,0,1,0,0
4,2878,58066139,14,33,8203,0,0
37,2878,58066179,47,-21,-704,16368,0
13,2880,58076155,8,0,12,0,0
4,2879,58086339,41,142,8194,0,0
37,2879,58086380,47,-21,-696,16369,0
13,2881,58096329,-16,7,192,0,0
4,2880,58106373,26,78,8193,0,0
37,2880,58106413,45,-20,-672,16370,0
13,2882,58116422,-12,0,322,0,0
L,58119271,VALID,-1.091,-0.390,1
4,2881,58126633,-32,-40,8191,0,0
37,2881,58126674,43,-19,-644,16371,0
13,2883,58136544,-4,2,266,0,0
4,2882,58146638,13,-30,8193,0,0
37,2882,58146678,43,-20,-626,16371,0
13,2884,58156672,27,0,217,0,0
4,2883,58166811,-27,37,8204,0,0
37,2883,58166851,46,-19,-607,16372,0
13,2885,58176749,14,0,222,0,0
4,2884,58186887,-237,247,8188,0,0
37,2884,58186927,52,-16,-578,16373,0
13,2886,58196974,73,-4,501,0,0
4,2885,58207132,209,-175,8204,0,0
37,2885,58207173,53,-22,-527,16375,0
13,2887,58217029,20,4,448,0,0
L,58219794,VALID,-1.146,-0.405,1
4,2886,58227226,51,-150,8209,0,0
37,2886,58227267,53,-19,-511,16375,0
13,2888,58237206,3,-1,69,0,0
4,2887,58247345,24,16,8190,0,0
37,2887,58247385,54,-20,-502,16376,0
13,2889,58257289,6,1,88,0,0
4,2888,58267378,12,21,8198,0,0
37,2888,58267418,54,-19,-496,16376,0
13,2890,58277531,-6,4,87,0,0
4,2889,58287671,9,51,8200,0,0
37,2889,58287711,54,-19,-486,16376,0
13,2891,58297614,-10,2,124,0,0
4,2890,58307663,-12,-23,8188,0,0
37,2890,58307703,53,-19,-476,16376,0
13,2892,58317660,22,-3,100,0,0
L,58320534,VALID,-1.145,-0.385,1
4,2891,58327925,-30,4,8181,0,0
37,2891,58327965,55,-19,-470,16377,0
13,2893,58337728,13,-6,61,0,0
4,2892,58347964,-10,91,8190,0,0
37,2892,58348005,57,-20,-460,16377,0
13,2894,58357937,1,1,163,0,0
4,2893,58368116,-101,143,8210,0,0
37,2893,58368156,58,-18,-440,16377,0
13,2895,58378101,20,-9,308,0,0
4,2894,58388185,141,-160,8172,0,0
37,2894,58388225,57,-21,-423,16378,0
13,2896,58398237,-15,10,34,0,0
4,2895,58408273,-14,-11,8206,0,0
37,2895,58408314,55,-19,-422,16378,0
13,2897,58418296,2,0,-1,0,0
L,58420892,VALID,-1.159,-0.386,1
4,2896,58428444,2,21,8194,0,0
37,2896,58428485,55,-18,-423,16378,0
13,2898,58438564,9,-1,0,0,0
4,2897,58448773,16,24,8197,0,0
37,2897,58448813,55,-19,-423,16378,0
13,2899,58458668,9,-3,-1,0,0
4,2898,58468807,11,30,8184,0,0
37,2898,58468847,55,-19,-423,16378,0
13,2900,58478803,-1,0,-6,0,0
4,2899,58488951,0,17,8205,0,0
37,2899,58488990,53,-18,-424,16378,0
13,2901,58498932,-3,0,-1,0,0
4,2900,58508937,0,21,8184,0,0
37,2900,58508977,52,-18,-424,16378,0
13,2902,58519061,-2,-1,0,0,0
L,58521745,VALID,-1.138,-0.380,1
4,2901,58529194,6,12,8203,0,0
37,2901,58529234,51,-18,-424,16378,0
13,2903,58539148,7,-3,0,0,0
4,2902,58549208,7,11,8203,0,0
37,2902,58549248,51,-18,-424,16378,0
13,2904,58559181,2,-1,-37,0,0
4,2903,58569423,0,26,8191,0,0
37,2903,58569490,51,-17,-431,16378,0
13,2905,58579412,-7,1,-60,0,0
4,2904,58589547,4,22,8213,0,0
37,2904,58589588,50,-17,-433,16378,0
13,2906,58599527,-8,0,-17,0,0
4,2905,58609726,0,22,8188,0,0
37,2905,58609765,49,-16,-434,16378,0
13,2907,58619706,0,0,0,0,0
L,58622190,VALID,-1.116,-0.366,1
4,2906,58629727,14,16,8192,0,0
37,2906,58629767,48,-16,-434,16378,0
13,2908,58639896,-1,0,0,0,0
4,2907,58649905,9,15,8198,0,0
37,2907,58649945,47,-16,-434,16378,0
13,2909,58659999,3,-2,0,0,0
4,2908,58670000,6,26,8194,0,0
37,2908,58670040,46,-16,-434,16378,0
13,2910,58679937,-8,0,3,0,0
4,2909,58690230,14,10,8205,0,0
37,2909,58690298,45,-16,-433,16378,0
13,2911,58700169,2,-1,0,0,0
4,2910,58710311,12,28,8187,0,0
37,2910,58710351,45,-16,-433,16378,0
13,2912,58720283,2,2,3,0,0
L,58722765,VALID,-1.088,-0.367,1
4,2911,58730413,131,-50,8194,0,0
37,2911,58730454,43,-18,-431,16378,0
13,2913,58740377,0,0,85,0,0
4,2912,58750550,55,-2,8190,0,0
37,2912,58750590,46,-15,-424,16378,0
13,2914,58760531,17,-7,30,0,0
4,2913,58770748,-29,56,8194,0,0
37,2913,58770788,45,-18,-418,16378,0
13,2915,58780598,11,-1,151,0,0
4,2914,58790799,-79,92,8197,0,0
37,2914,58790840,48,-15,-400,16379,0
13,2916,58800806,2,0,251,0,0
4,2915,58810945,-23,113,8186,0,0
37,2915,58810985,48,-16,-372,16379,0
13,2917,58820892,-15,8,409,0,0
L,58823775,VALID,-1.109,-0.367,1
4,2916,58831088,22,94,8212,0,0
37,2916,58831128,46,-16,-331,16380,0
13,2918,58841056,0,3,561,0,0
4,2917,58851265,-16,-83,8194,0,0
37,2917,58851305,45,-15,-271,16381,0
13,2919,58861229,25,2,575,0,0
4,2918,58871326,210,-260,8193,0,0
37,2918,58871366,46,-19,-241,16382,0
13,2920,58881280,23,-6,137,0,0
4,2919,58891444,-124,204,8184,0,0
37,2919,58891484,52,-15,-240,16382,0
13,2921,58901426,5,-3,94,0,0
4,2920,58911623,-54,72,8198,0,0
37,2920,58911663,49,-17,-224,16382,0
13,2922,58921554,3,0,216,0,0
L,58924237,VALID,-1.115,-0.377,1
4,2921,58931755,-1,31,8182,0,0
37,2921,58931796,50,-17,-203,16382,0
13,2923,58941613,0,1,267,0,0
4,2922,58951881,-45,41,8204,0,0
37,2922,58951922,50,-16,-178,16382,0
13,2924,58961786,-10,3,324,0,0
4,2923,58972003,9,41,8189,0,0
37,2923,58972043,48,-16,-141,16383,0
13,2925,58981933,-3,10,373,0,0
4,2924,58992025,30,-56,8193,0,0
37,2924,58992065,48,-15,-124,16383,0
13,2926,59002052,8,-1,51,0,0
4,2925,59012243,117,-196,8198,0,0
37,2925,59012283,47,-17,-129,16383,0
13,2927,59022139,24,-12,-77,0,0
L,59025125,VALID,-1.100,-0.380,1
4,2926,59032221,14,157,8169,0,0
37,2926,59032261,51,-16,-131,16383,0
13,2928,59042267,-34,10,-1,0,0
4,2927,59052449,-127,145,8219,0,0
37,2927,59052489,49,-13,-131,16383,0
13,2929,59062380,2,-1,-3,0,0
4,2928,59072665,10,10,8164,0,0
37,2928,59072706,48,-13,-132,16383,0
13,2930,59082542,0,-2,-15,0,0
4,2929,59092811,3,37,8215,0,0
37,2929,59092851,48,-13,-134,16383,0
13,2931,59102698,-4,0,-24,0,0
4,2930,59112793,-18,-33,8210,0,0
37,2930,59112834,47,-13,-142,16383,0
13,2932,59122931,-2,-4,-199,0,0
L,59125857,VALID,-1.100,-0.351,1
4,2931,59133020,-25,20,8206,0,0
37,2931,59133061,47,-14,-168,16383,0
13,2933,59142956,-3,-9,-350,0,0
4,2932,59153051,62,66,8197,0,0
37,2932,59153092,48,-15,-191,16382,0
13,2934,59163127,3,-3,-90,0,0
4,2933,59173326,5,21,8200,0,0
37,2933,59173367,47,-14,-192,16382,0
13,2935,59183289,2,-1,-16,0,0
4,2934,59193344,11,18,8197,0,0
37,2934,59193384,47,-15,-194,16382,0
13,2936,59203367,3,-3,-20,0,0
4,2935,59213501,3,19,8209,0,0
37,2935,59213541,47,-15,-195,16382,0
13,2937,59223419,5,-5,-13,0,0
L,59226197,VALID,-1.101,-0.364,1
4,2936,59233629,7,25,8192,0,0
37,2936,59233670,47,-15,-197,16382,0
13,2938,59243599,8,-3,-11,0,0
4,2937,59253841,12,22,8184,0,0
37,2937,59253882,47,-15,-198,16382,0
13,2939,59263703,7,-2,-9,0,0
4,2938,59273790,8,25,8196,0,0
37,2938,59273830,47,-15,-198,16382,0
13,2940,59283917,8,-2,-7,0,0
4,2939,59294021,0,33,8191,0,0
37,2939,59294061,48,-15,-199,16382,0
13,2941,59303981,9,-3,-6,0,0
4,2940,59313986,13,27,8199,0,0
37,2940,59314026,48,-15,-199,16382,0
13,2942,59324105,9,-2,-4,0,0
L,59326799,VALID,-1.108,-0.364,1
4,2941,59334404,17,16,8204,0,0
37,2941,59334444,48,-15,-200,16382,0
13,2943,59344237,8,-1,-4,0,0
4,2942,59354342,9,15,8165,0,0
37,2942,59354383,47,-15,-200,16382,0
13,2944,59364363,3,1,-5,0,0
4,2943,59374425,-8,-4,8184,0,0
37,2943,59374465,46,-15,-201,16382,0
13,2945,59384476,-2,1,-5,0,0
4,2944,59394606,1,22,8193,0,0
37,2944,59394646,45,-14,-201,16382,0
13,2946,59404562,1,-3,-2,0,0
4,2945,59414821,17,21,8190,0,0
37,2945,59414861,45,-15,-201,16382,0
13,2947,59424716,0,0,0,0,0
L,59427183,VALID,-1.087,-0.364,1
4,2946,59434813,14,27,8193,0,0
37,2946,59434853,44,-14,-201,16382,0
13,2948,59444732,0,0,-2,0,0
4,2947,59455001,-1,39,8188,0,0
37,2947,59455042,44,-14,-202,16382,0
13,2949,59465027,-1,-2,0,0,0
4,2948,59475039,12,31,8197,0,0
37,2948,59475080,43,-14,-202,16382,0
13,2950,59485102,-1,-1,-2,0,0
4,2949,59495278,29,27,8187,0,0
37,2949,59495318,43,-15,-202,16382,0
13,2951,59505233,0,0,0,0,0
4,2950,59515275,22,30,8189,0,0
37,2950,59515315,42,-15,-202,16382,0
13,2952,59525215,0,0,-2,0,0
L,59527827,VALID,-1.066,-0.364,1
4,2951,59535534,12,32,8204,0,0
37,2951,59535574,42,-15,-202,16382,0
13,2953,59545404,0,1,-1,0,0
4,2952,59555550,7,15,8196,0,0
37,2952,59555590,41,-15,-202,16382,0
13,2954,59565583,-1,0,-1,0,0
4,2953,59575827,21,-5,8207,0,0
37,2953,59575868,40,-15,-202,16382,0
13,2955,59585757,0,-2,0,0,0
4,2954,59595829,18,8,8198,0,0
37,2954,59595869,39,-15,-202,16382,0
13,2956,59605833,1,0,-2,0,0
4,2955,59615971,9,20,8202,0,0
37,2955,59616012,39,-15,-203,16382,0
13,2957,59625909,0,0,0,0,0
L,59628394,VALID,-1.045,-0.365,1
4,2956,59636069,7,28,8202,0,0
37,2956,59636109,38,-15,-203,16382,0
13,2958,59646057,0,-2,0,0,0
4,2957,59656229,6,31,8198,0,0
37,2957,59656270,38,-15,-203,16382,0
13,2959,59666195,0,-2,0,0,0
4,2958,59676255,15,28,8202,0,0
37,2958,59676295,37,-15,-203,16382,0
13,2960,59686253,-1,-1,0,0,0
4,2959,59696418,32,29,8195,0,0
37,2959,59696458,37,-15,-203,16382,0
13,2961,59706443,0,0,0,0,0
4,2960,59716479,27,35,8197,0,0
37,2960,59716520,37,-16,-203,16382,0
13,2962,59726503,1,0,1,0,0
L,59728995,VALID,-1.031,-0.372,1
4,2961,59736772,20,23,8196,0,0
37,2961,59736812,37,-16,-203,16382,0
13,2963,59746709,-1,0,0,0,0
4,2962,59756814,18,21,8209,0,0
37,2962,59756854,36,-16,-203,16382,0
13,2964,59766753,2,0,0,0,0
4,2963,59776899,19,20,8200,0,0
37,2963,59776939,36,-16,-203,16382,0
13,2965,59786959,0,0,0,0,0
4,2964,59797028,15,12,8199,0,0
37,2964,59797068,35,-16,-203,16382,0
13,2966,59807018,1,0,0,0,0
4,2965,59817206,17,17,8207,0,0
37,2965,59817246,34,-16,-203,16382,0
13,2967,59827105,0,-1,0,0,0
L,59829718,VALID,-1.010,-0.372,1
4,2966,59837315,7,25,8207,0,0
37,2966,59837355,34,-16,-203,16382,0
13,2968,59847180,1,0,0,0,0
4,2967,59857413,11,35,8207,0,0
37,2967,59857453,34,-16,-203,16382,0
13,2969,59867388,1,-3,0,0,0
4,2968,59877491,18,31,8197,0,0
37,2968,59877531,34,-17,-203,16382,0
13,2970,59887560,0,-2,0,0,0
4,2969,59897725,17,37,8203,0,0
37,2969,59897766,34,-17,-203,16382,0
13,2971,59907698,0,-2,0,0,0
4,2970,59917724,20,32,8205,0,0
37,2970,59917764,34,-17,-203,16382,0
13,2972,59927792,0,0,0,0,0
L,59930284,VALID,-1.010,-0.379,1
4,2971,59937958,26,28,8194,0,0
37,2971,59937998,34,-17,-203,16382,0
13,2973,59948007,0,2,-1,0,0
4,2972,59958122,26,12,8205,0,0
37,2972,59958163,33,-18,-203,16382,0
13,2974,59968137,1,0,-1,0,0
4,2973,59978320,19,20,8205,0,0
37,2973,59978360,33,-18,-203,16382,0
13,2975,59988266,1,1,-1,0,0
4,2974,59998325,15,12,8201,0,0
37,2974,59998366,32,-17,-204,16382,0
13,2976,60008394,0,1,0,0,0
4,2975,60018412,7,14,8202,0,0
37,2975,60018453,32,-17,-203,16382,0
13,2977,60028489,0,1,1,0,0
L,60030990,VALID,-0.996,-0.379,1
4,2976,60038551,17,21,8217,0,0
37,2976,60038591,31,-17,-203,16382,0
13,2978,60048610,0,-1,1,0,0
4,2977,60058765,14,31,8204,0,0
37,2977,60058805,31,-17,-203,16382,0
13,2979,60068617,0,-1,0,0,0
4,2978,60078894,14,29,8207,0,0
37,2978,60078934,31,-17,-203,16382,0
13,2980,60088903,0,-1,2,0,0
4,2979,60099067,17,31,8206,0,0
37,2979,60099108,31,-17,-203,16382,0
13,2981,60108956,-1,-3,1,0,0
4,2980,60119092,16,32,8200,0,0
37,2980,60119132,31,-17,-203,16382,0
13,2982,60129150,0,0,0,0,0
L,60131643,VALID,-0.989,-0.379,1
4,2981,60139215,19,19,8199,0,0
37,2981,60139255,30,-17,-203,16382,0
13,2983,60149349,-1,0,0,0,0
4,2982,60159271,30,18,8206,0,0
37,2982,60159311,30,-18,-203,16382,0
13,2984,60169434,0,0,0,0,0
4,2983,60179468,19,14,8200,0,0
37,2983,60179509,29,-18,-203,16382,0
13,2985,60189373,0,-1,0,0,0
4,2984,60199554,14,20,8208,0,0
37,2984,60199594,29,-18,-203,16382,0
13,2986,60209605,0,1,0,0,0
4,2985,60219865,13,18,8210,0,0
37,2985,60219905,28,-18,-203,16382,0
13,2987,60229728,0,-4,0,0,0
L,60232297,VALID,-0.968,-0.387,1
4,2986,60239815,14,20,8199,0,0
37,2986,60239856,28,-18,-203,16382,0
13,2988,60249854,1,0,0,0,0
4,2987,60259985,12,27,8206,0,0
37,2987,60260026,28,-18,-203,16382,0
13,2989,60269925,0,-2,0,0,0
4,2988,60280028,15,29,8202,0,0
37,2988,60280068,28,-17,-203,16382,0
13,2990,60289958,1,2,0,0,0
4,2989,60300302,19,32,8205,0,0
37,2989,60300342,28,-17,-203,16382,0
13,2991,60310225,0,-1,1,0,0
4,2990,60320274,19,31,8196,0,0
37,2990,60320315,28,-17,-203,16382,0
13,2992,60330249,0,0,0,0,0
L,60332776,VALID,-0.968,-0.380,1
4,2991,60340503,21,30,8201,0,0
37,2991,60340544,28,-18,-203,16382,0
13,2993,60350440,-1,0,0,0,0
4,2992,60360546,25,27,8198,0,0
37,2992,60360586,28,-18,-203,16382,0
13,2994,60370593,0,-1,-2,0,0
4,2993,60380743,27,13,8199,0,0
37,2993,60380783,28,-19,-203,16382,0
13,2995,60390645,1,0,0,0,0
4,2994,60400792,21,19,8203,0,0
37,2994,60400832,27,-19,-203,16382,0
13,2996,60410775,0,1,0,0,0
4,2995,60421071,12,19,8208,0,0
37,2995,60421112,27,-18,-203,16382,0
13,2997,60430886,1,0,0,0,0
L,60433386,VALID,-0.961,-0.387,1
4,2996,60441016,27,18,8199,0,0
37,2996,60441057,27,-19,-203,16382,0
13,2998,60450954,0,0,0,0,0
4,2997,60461334,14,25,8198,0,0
37,2997,60461374,27,-18,-203,16382,0
13,2999,60471127,0,0,1,0,0
4,2998,60481274,15,32,8207,0,0
37,2998,60481314,27,-19,-203,16382,0
13,3000,60491272,0,-1,-1,0,0
4,2999,60501445,12,30,8192,0,0
37,2999,60501486,27,-18,-203,16382,0
13,3001,60511427,0,0,0,0,0
4,3000,60521523,17,32,8204,0,0
37,3000,60521563,28,-18,-203,16382,0
13,3002,60531504,0,0,-1,0,0
L,60534092,VALID,-0.968,-0.387,1
4,3001,60541679,11,34,8203,0,0
37,3001,60541719,28,-18,-203,16382,0
13,3003,60551651,0,-1,-1,0,0
4,3002,60561771,19,21,8192,0,0
37,3002,60561812,28,-18,-203,16382,0
13,3004,60571726,1,0,0,0,0
4,3003,60582100,17,19,8203,0,0
37,3003,60582140,27,-18,-203,16382,0
13,3005,60591882,0,0,0,0,0
4,3004,60602064,29,7,8207,0,0
37,3004,60602105,27,-18,-203,16382,0
13,3006,60612047,0,1,0,0,0
4,3005,60622216,24,21,8201,0,0
37,3005,60622257,26,-19,-203,16382,0
13,3007,60632279,0,0,0,0,0
L,60634754,VALID,-0.954,-0.394,1
4,3006,60642308,24,23,8196,0,0
37,3006,60642349,26,-19,-203,16382,0
13,3008,60652278,0,0,0,0,0
4,3007,60662442,12,26,8201,0,0
37,3007,60662482,26,-19,-203,16382,0
13,3009,60672451,0,0,0,0,0
4,3008,60682612,11,23,8204,0,0
37,3008,60682653,26,-18,-203,16382,0
13,3010,60692673,0,-1,0,0,0
4,3009,60702847,19,21,8201,0,0
37,3009,60702888,26,-18,-203,16382,0
13,3011,60712733,0,0,0,0,0
4,3010,60722837,20,41,8201,0,0
37,3010,60722878,26,-19,-203,16382,0
13,3012,60732769,0,0,0,0,0
L,60735260,VALID,-0.954,-0.394,1
4,3011,60743079,17,22,8206,0,0
37,3011,60743120,26,-19,-203,16382,0
13,3013,60752974,0,0,0,0,0
4,3012,60763138,28,29,8204,0,0
37,3012,60763179,26,-19,-203,16382,0
13,3014,60773086,0,-2,0,0,0
4,3013,60783328,27,20,8198,0,0
37,3013,60783369,26,-20,-203,16382,0
13,3015,60793346,0,-2,0,0,0
4,3014,60803422,26,16,8195,0,0
37,3014,60803463,25,-20,-203,16382,0
13,3016,60813438,0,0,0,0,0
4,3015,60823481,24,14,8195,0,0
37,3015,60823521,25,-20,-203,16382,0
13,3017,60833558,0,0,0,0,0
L,60836061,VALID,-0.947,-0.401,1
4,3016,60843804,27,18,8198,0,0
37,3016,60843845,24,-21,-203,16382,0
13,3018,60853734,-1,0,1,0,0
4,3017,60863913,35,19,8193,0,0
37,3017,60863954,24,-21,-203,16382,0
13,3019,60873878,0,0,0,0,0
4,3018,60883877,25,37,8207,0,0
37,3018,60883918,25,-21,-203,16382,0
13,3020,60893990,0,-1,0,0,0
4,3019,60904154,15,20,8195,0,0
37,3019,60904195,24,-21,-203,16382,0
13,3021,60914051,0,1,0,0,0
4,3020,60924221,15,28,8197,0,0
37,3020,60924261,25,-21,-203,16382,0
13,3022,60934247,0,-2,0,0,0
L,60936818,VALID,-0.947,-0.408,1
4,3021,60944413,19,28,8206,0,0
37,3021,60944454,25,-21,-203,16382,0
13,3023,60954290,0,-2,0,0,0
4,3022,60964480,11,20,8204,0,0
37,3022,60964521,25,-20,-203,16382,0
13,3024,60974549,2,0,0,0,0
4,3023,60984654,21,21,8198,0,0
37,3023,60984694,24,-21,-203,16382,0
13,3025,60994668,0,-3,0,0,0
4,3024,61004747,25,20,8209,0,0
37,3024,61004788,24,-21,-203,16382,0
13,3026,61014807,0,0,0,0,0
4,3025,61024972,28,19,8201,0,0
37,3025,61025012,24,-21,-203,16382,0
13,3027,61034816,0,-1,1,0,0
L,61037420,VALID,-0.940,-0.408,1
4,3026,61045110,25,20,8207,0,0
37,3026,61045150,23,-22,-203,16382,0
13,3028,61054979,-1,1,0,0,0
4,3027,61065201,25,28,8194,0,0
37,3027,61065242,24,-22,-203,16382,0
13,3029,61075184,0,0,-1,0,0
4,3028,61085333,21,24,8198,0,0
37,3028,61085373,24,-22,-204,16382,0
13,3030,61095357,0,1,0,0,0
4,3029,61105610,16,35,8203,0,0
37,3029,61105650,24,-21,-203,16382,0
13,3031,61115495,1,0,0,0,0
4,3030,61125589,11,20,8202,0,0
37,3030,61125630,24,-21,-204,16382,0
13,3032,61135571,0,0,-1,0,0
L,61138134,VALID,-0.940,-0.408,1
4,3031,61145742,13,26,8203,0,0
37,3031,61145782,24,-21,-204,16382,0
13,3033,61155753,-1,0,0,0,0
4,3032,61165805,10,25,8197,0,0
37,3032,61165845,24,-20,-204,16382,0
13,3034,61175848,0,-1,0,0,0
4,3033,61186045,14,12,8197,0,0
37,3033,61186086,24,-20,-204,16382,0
13,3035,61195932,0,0,0,0,0
4,3034,61206044,12,17,8206,0,0
37,3034,61206084,23,-20,-204,16382,0
13,3036,61216121,1,0,0,0,0
4,3035,61226271,24,5,8199,0,0
37,3035,61226311,23,-20,-204,16382,0
13,3037,61236252,-1,-2,1,0,0
L,61238917,VALID,-0.933,-0.401,1
4,3036,61246436,25,17,8211,0,0
37,3036,61246476,22,-20,-204,16382,0
13,3038,61256423,0,1,1,0,0
4,3037,61266623,25,32,8201,0,0
37,3037,61266663,23,-20,-203,16382,0
13,3039,61276528,0,-2,0,0,0
4,3038,61286605,18,26,8204,0,0
37,3038,61286645,23,-21,-203,16382,0
13,3040,61296759,0,0,2,0,0
4,3039,61306871,27,23,8205,0,0
37,3039,61306912,23,-21,-203,16382,0
13,3041,61316802,0,0,0,0,0
4,3040,61326879,22,29,8197,0,0
37,3040,61326919,23,-21,-203,16382,0
13,3042,61336912,0,0,1,0,0
L,61339414,VALID,-0.933,-0.408,1
4,3041,61347193,22,28,8200,0,0
37,3041,61347234,24,-21,-203,16382,0
13,3043,61357036,0,0,0,0,0
4,3042,61367225,20,22,8196,0,0
37,3042,61367265,23,-21,-203,16382,0
13,3044,61377232,-1,0,0,0,0
4,3043,61387370,14,24,8199,0,0
37,3043,61387411,23,-20,-203,16382,0
13,3045,61397396,0,0,0,0,0
4,3044,61407474,20,11,8206,0,0
37,3044,61407514,23,-20,-203,16382,0
13,3046,61417551,0,1,1,0,0
4,3045,61427662,24,15,8205,0,0
37,3045,61427703,23,-20,-203,16382,0
13,3047,61437602,0,-2,1,0,0
L,61440189,VALID,-0.933,-0.401,1
4,3046,61447741,28,24,8204,0,0
37,3046,61447782,23,-21,-203,16382,0
13,3048,61457885,0,0,0,0,0
4,3047,61468009,19,16,8205,0,0
37,3047,61468049,22,-21,-203,16382,0
13,3049,61477965,0,0,0,0,0
4,3048,61488121,23,26,8209,0,0
37,3048,61488161,23,-21,-203,16382,0
13,3050,61498118,1,0,0,0,0
4,3049,61508257,23,22,8214,0,0
37,3049,61508297,22,-21,-203,16382,0
13,3051,61518240,0,1,1,0,0
4,3050,61528222,19,29,8200,0,0
37,3050,61528263,23,-21,-203,16382,0
13,3052,61538376,0,-2,0,0,0
L,61540956,VALID,-0.933,-0.408,1
4,3051,61548499,20,32,8205,0,0
37,3051,61548540,23,-21,-203,16382,0
13,3053,61558522,0,0,0,0,0
4,3052,61568600,17,24,8202,0,0
37,3052,61568640,23,-21,-203,16382,0
13,3054,61578555,-1,1,-3,0,0
4,3053,61588903,21,16,8199,0,0
37,3053,61588944,23,-21,-204,16382,0
13,3055,61598860,0,0,0,0,0
4,3054,61608973,12,12,8203,0,0
37,3054,61609013,22,-21,-204,16382,0
13,3056,61618911,0,0,1,0,0
4,3055,61629115,14,18,8197,0,0
37,3055,61629156,22,-20,-203,16382,0
13,3057,61639107,0,-1,0,0,0
L,61641696,VALID,-0.926,-0.401,1
4,3056,61649109,24,21,8205,0,0
37,3056,61649149,22,-21,-203,16382,0
13,3058,61659384,0,-1,0,0,0
4,3057,61669418,28,16,8205,0,0
37,3057,61669459,22,-21,-203,16382,0
13,3059,61679453,0,0,0,0,0
4,3058,61689485,28,34,8202,0,0
37,3058,61689526,22,-21,-204,16382,0
13,3060,61699425,0,1,0,0,0
4,3059,61709674,21,22,8203,0,0
37,3059,61709741,22,-21,-204,16382,0
13,3061,61719728,-1,-1,-1,0,0
4,3060,61729819,21,29,8198,0,0
37,3060,61729859,22,-21,-204,16382,0
13,3062,61739789,1,0,1,0,0
L,61742280,VALID,-0.926,-0.408,1
4,3061,61750014,21,27,8196,0,0
37,3061,61750054,23,-21,-203,16382,0
13,3063,61759925,0,-1,0,0,0
4,3062,61770030,25,18,8204,0,0
37,3062,61770070,22,-22,-203,16382,0
13,3064,61780063,0,0,0,0,0
4,3063,61790210,26,26,8200,0,0
37,3063,61790250,22,-22,-204,16382,0
13,3065,61800124,0,0,1,0,0
4,3064,61810346,20,10,8205,0,0
37,3064,61810386,22,-22,-203,16382,0
13,3066,61820372,0,0,0,0,0
4,3065,61830553,17,16,8207,0,0
37,3065,61830621,22,-22,-203,16382,0
13,3067,61840457,-1,0,1,0,0
L,61843055,VALID,-0.927,-0.415,1
4,3066,61850651,21,15,8202,0,0
37,3066,61850692,21,-22,-203,16382,0
13,3068,61860606,0,-3,1,0,0
4,3067,61870762,24,29,8198,0,0
37,3067,61870803,22,-22,-203,16382,0
13,3069,61880767,1,-3,1,0,0
4,3068,61890873,24,32,8206,0,0
37,3068,61890914,22,-23,-203,16382,0
13,3070,61900854,0,-2,0,0,0
4,3069,61911062,20,26,8203,0,0
37,3069,61911102,22,-22,-203,16382,0
13,3071,61921001,0,-1,0,0,0
4,3070,61931198,24,26,8195,0,0
37,3070,61931238,23,-23,-203,16382,0
13,3072,61941103,0,0,0,0,0
L,61943578,VALID,-0.934,-0.422,1
4,3071,61951251,19,21,8202,0,0
37,3071,61951291,22,-22,-203,16382,0
13,3073,61961188,0,0,2,0,0
4,3072,61971456,28,24,8202,0,0
37,3072,61971497,23,-23,-203,16382,0
13,3074,61981388,0,0,2,0,0
4,3073,61991622,17,17,8197,0,0
37,3073,61991662,22,-22,-203,16382,0
13,3075,62001559,0,0,-1,0,0
4,3074,62011637,16,21,8201,0,0
37,3074,62011678,22,-22,-203,16382,0
13,3076,62021644,0,0,0,0,0
4,3075,62031800,20,22,8193,0,0
37,3075,62031840,22,-22,-203,16382,0
13,3077,62041739,0,0,0,0,0
L,62044231,VALID,-0.927,-0.415,1
4,3076,62051852,9,19,8198,0,0
37,3076,62051893,22,-21,-203,16382,0
13,3078,62061902,0,0,0,0,0
4,3077,62072135,23,16,8204,0,0
37,3077,62072175,22,-22,-203,16382,0
13,3079,62082023,0,-4,0,0,0
4,3078,62092300,17,23,8206,0,0
37,3078,62092340,22,-22,-203,16382,0
13,3080,62102160,0,0,0,0,0
4,3079,62112377,19,29,8196,0,0
37,3079,62112418,22,-21,-203,16382,0
13,3081,62122359,0,0,-1,0,0
4,3080,62132394,23,22,8200,0,0
37,3080,62132434,22,-21,-203,16382,0
13,3082,62142583,0,0,0,0,0
L,62145058,VALID,-0.926,-0.408,1
4,3081,62152723,20,26,8201,0,0
37,3081,62152763,22,-21,-203,16382,0
13,3083,62162600,0,1,0,0,0
4,3082,62172738,24,29,8201,0,0
37,3082,62172778,22,-22,-203,16382,0
13,3084,62182763,-1,0,0,0,0
4,3083,62192942,16,20,8202,0,0
37,3083,62192982,22,-21,-203,16382,0
13,3085,62202970,0,1,0,0,0
4,3084,62213021,20,17,8201,0,0
37,3084,62213089,22,-21,-203,16382,0
13,3086,62223073,1,1,0,0,0
4,3085,62233230,23,16,8203,0,0
37,3085,62233271,22,-21,-203,16382,0
13,3087,62243082,2,0,0,0,0
L,62245581,VALID,-0.926,-0.408,1
4,3086,62253315,20,19,8202,0,0
37,3086,62253355,22,-21,-203,16382,0
13,3088,62263296,0,0,0,0,0
4,3087,62273452,16,20,8210,0,0
37,3087,62273493,21,-21,-203,16382,0
13,3089,62283392,-1,-2,-1,0,0
4,3088,62293537,26,30,8195,0,0
37,3088,62293578,22,-21,-203,16382,0
13,3090,62303624,0,0,-1,0,0
4,3089,62313779,17,30,8206,0,0
37,3089,62313819,22,-21,-203,16382,0
13,3091,62323726,-2,0,0,0,0
4,3090,62333701,22,41,8199,0,0
37,3090,62333741,23,-21,-203,16382,0
13,3092,62343809,0,0,0,0,0
L,62346339,VALID,-0.933,-0.408,1
4,3091,62354090,24,29,8194,0,0
37,3091,62354131,23,-21,-203,16382,0
13,3093,62363970,1,0,1,0,0
4,3092,62374051,21,25,8193,0,0
37,3092,62374092,23,-21,-203,16382,0
13,3094,62384121,0,0,0,0,0
4,3093,62394191,13,17,8194,0,0
37,3093,62394232,23,-21,-203,16382,0
13,3095,62404208,0,0,0,0,0
4,3094,62414355,17,27,8205,0,0
37,3094,62414395,23,-21,-203,16382,0
13,3096,62424259,0,0,0,0,0
4,3095,62434483,15,21,8199,0,0
37,3095,62434524,23,-20,-203,16382,0
13,3097,62444456,0,0,0,0,0
L,62446966,VALID,-0.933,-0.401,1
4,3096,62454519,13,13,8205,0,0
37,3096,62454559,23,-20,-203,16382,0
13,3098,62464489,0,0,0,0,0
4,3097,62474793,18,18,8200,0,0
37,3097,62474834,22,-20,-203,16382,0
13,3099,62484768,-2,-1,1,0,0
4,3098,62494821,19,19,8214,0,0
37,3098,62494861,22,-20,-203,16382,0
13,3100,62504895,-1,-1,0,0,0
4,3099,62515001,26,20,8203,0,0
37,3099,62515041,22,-20,-203,16382,0
13,3101,62524982,0,0,0,0,0
4,3100,62535050,19,20,8203,0,0
37,3100,62535091,22,-20,-203,16382,0
13,3102,62545032,0,-1,0,0,0
L,62547630,VALID,-0.926,-0.401,1
4,3101,62555422,22,24,8201,0,0
37,3101,62555463,22,-20,-203,16382,0
13,3103,62565222,-1,2,0,0,0
4,3102,62575334,20,18,8198,0,0
37,3102,62575374,21,-20,-203,16382,0
13,3104,62585401,1,0,1,0,0
4,3103,62595559,17,23,8200,0,0
37,3103,62595599,21,-20,-203,16382,0
13,3105,62605559,0,0,0,0,0
4,3104,62615662,19,23,8198,0,0
37,3104,62615703,21,-20,-203,16382,0
13,3106,62625677,-1,0,1,0,0
4,3105,62635798,17,20,8198,0,0
37,3105,62635839,21,-20,-203,16382,0
13,3107,62645755,0,0,0,0,0
L,62648230,VALID,-0.919,-0.401,1
4,3106,62655878,21,17,8200,0,0
37,3106,62655919,21,-20,-202,16382,0
13,3108,62665893,0,1,2,0,0
4,3107,62676029,13,26,8204,0,0
37,3107,62676070,21,-20,-202,16382,0
13,3109,62686013,1,0,0,0,0
4,3108,62696106,13,12,8199,0,0
37,3108,62696147,21,-19,-202,16382,0
13,3110,62706115,0,-1,1,0,0
4,3109,62716341,17,21,8206,0,0
37,3109,62716382,21,-19,-202,16382,0
13,3111,62726253,0,1,0,0,0
4,3110,62736360,18,27,8201,0,0
37,3110,62736400,21,-19,-202,16382,0
13,3112,62746391,0,0,0,0,0
L,62748866,VALID,-0.919,-0.394,1
4,3111,62756591,25,25,8197,0,0
37,3111,62756631,22,-19,-202,16382,0
13,3113,62766571,0,0,0,0,0
4,3112,62776641,21,18,8208,0,0
37,3112,62776681,21,-20,-202,16382,0
13,3114,62786614,0,1,0,0,0
4,3113,62796839,14,26,8203,0,0
37,3113,62796879,21,-20,-202,16382,0
13,3115,62806830,0,0,0,0,0
4,3114,62816940,22,15,8208,0,0
37,3114,62816981,21,-20,-202,16382,0
13,3116,62826931,0,2,0,0,0
4,3115,62837026,23,18,8209,0,0
37,3115,62837067,21,-20,-202,16382,0
13,3117,62847016,0,-1,0,0,0
L,62849615,VALID,-0.919,-0.401,1
4,3116,62857221,29,20,8200,0,0
37,3116,62857261,21,-20,-202,16382,0
13,3118,62867087,0,0,1,0,0
4,3117,62877362,23,14,8197,0,0
37,3117,62877402,20,-20,-202,16382,0
13,3119,62887293,0,1,0,0,0
4,3118,62897353,28,20,8196,0,0
37,3118,62897394,21,-21,-202,16382,0
13,3120,62907430,0,0,0,0,0
4,3119,62917526,19,21,8202,0,0
37,3119,62917567,20,-21,-202,16382,0
13,3121,62927552,-1,1,-1,0,0
4,3120,62937595,14,26,8198,0,0
37,3120,62937635,21,-20,-202,16382,0
13,3122,62947636,0,0,-1,0,0
L,62950198,VALID,-0.919,-0.401,1
4,3121,62957863,14,20,8189,0,0
37,3121,62957931,21,-20,-202,16382,0
13,3123,62967861,2,-1,-1,0,0
4,3122,62977974,25,22,8205,0,0
37,3122,62978015,21,-20,-202,16382,0
13,3124,62987974,0,0,-2,0,0
4,3123,62998154,19,25,8195,0,0
37,3123,62998194,21,-20,-203,16382,0
13,3125,63008092,1,0,-1,0,0
4,3124,63018154,22,21,8195,0,0
37,3124,63018194,21,-20,-202,16382,0
13,3126,63028188,1,0,1,0,0
4,3125,63038316,20,27,8195,0,0
37,3125,63038357,22,-20,-202,16382,0
13,3127,63048299,0,1,0,0,0
L,63050812,VALID,-0.926,-0.401,1
4,3126,63058395,25,19,8198,0,0
37,3126,63058436,22,-20,-202,16382,0
13,3128,63068428,0,0,0,0,0
4,3127,63078563,25,18,8202,0,0
37,3127,63078604,22,-21,-202,16382,0
13,3129,63088496,1,0,0,0,0
4,3128,63098729,18,18,8203,0,0
37,3128,63098769,21,-21,-202,16382,0
13,3130,63108730,0,1,1,0,0
4,3129,63118929,21,30,8206,0,0
37,3129,63118970,22,-21,-202,16382,0
13,3131,63128799,0,0,-1,0,0
4,3130,63138918,13,16,8207,0,0
37,3130,63138959,22,-20,-202,16382,0
13,3132,63148977,0,1,0,0,0
L,63151488,VALID,-0.926,-0.401,1
4,3131,63158998,14,21,8201,0,0
37,3131,63159038,22,-20,-202,16382,0
13,3133,63169201,0,0,0,0,0
4,3132,63179150,20,15,8209,0,0
37,3132,63179190,21,-20,-202,16382,0
13,3134,63189288,0,0,0,0,0
4,3133,63199406,18,27,8210,0,0
37,3133,63199447,21,-20,-202,16382,0
13,3135,63209261,0,0,0,0,0
4,3134,63219440,36,17,8208,0,0
37,3134,63219508,21,-20,-202,16382,0
13,3136,63229520,0,0,0,0,0
4,3135,63239667,25,14,8193,0,0
37,3135,63239708,21,-21,-202,16382,0
13,3137,63249599,-1,-1,0,0,0
L,63252280,VALID,-0.919,-0.408,1
4,3136,63259729,24,17,8206,0,0
37,3136,63259769,21,-21,-202,16382,0
13,3138,63269725,-1,0,1,0,0
4,3137,63279934,26,26,8203,0,0
37,3137,63279974,21,-21,-202,16382,0
13,3139,63289830,0,2,0,0,0
4,3138,63299956,29,20,8203,0,0
37,3138,63299997,21,-21,-202,16382,0
13,3140,63309897,0,0,0,0,0
4,3139,63320206,17,25,8214,0,0
37,3139,63320246,21,-21,-202,16382,0
13,3141,63330147,-1,1,0,0,0
4,3140,63340250,14,22,8207,0,0
37,3140,63340291,21,-21,-202,16382,0
13,3142,63350241,0,0,0,0,0
L,63352760,VALID,-0.919,-0.408,1
4,3141,63360527,20,27,8207,0,0
37,3141,63360568,22,-21,-202,16382,0
13,3143,63370415,0,-1,-1,0,0
4,3142,63380500,18,30,8204,0,0
37,3142,63380541,22,-21,-202,16382,0
13,3144,63390568,0,0,0,0,0
4,3143,63400638,17,28,8200,0,0
37,3143,63400679,22,-21,-202,16382,0
13,3145,63410611,0,-1,-1,0,0
4,3144,63420723,17,22,8205,0,0
37,3144,63420764,22,-21,-202,16382,0
13,3146,63430748,0,0,0,0,0
4,3145,63441082,20,20,8193,0,0
37,3145,63441122,22,-21,-202,16382,0
13,3147,63450904,0,0,0,0,0
L,63453431,VALID,-0.926,-0.408,1
4,3146,63461025,28,19,8200,0,0
37,3146,63461066,22,-21,-202,16382,0
13,3148,63470954,0,0,0,0,0
4,3147,63481292,19,20,8206,0,0
37,3147,63481333,21,-21,-202,16382,0
13,3149,63491215,0,0,2,0,0
4,3148,63501319,17,17,8204,0,0
37,3148,63501359,21,-21,-202,16382,0
13,3150,63511325,0,0,-1,0,0
4,3149,63521533,11,21,8204,0,0
37,3149,63521573,21,-20,-202,16382,0
13,3151,63531463,1,0,0,0,0
4,3150,63541558,16,20,8198,0,0
37,3150,63541598,21,-20,-202,16382,0
13,3152,63551566,0,1,0,0,0
L,63554084,VALID,-0.919,-0.401,1
4,3151,63561670,26,26,8209,0,0
37,3151,63561710,22,-20,-202,16382,0
13,3153,63571721,0,1,-1,0,0
4,3152,63581824,12,26,8201,0,0
37,3152,63581865,22,-20,-202,16382,0
13,3154,63591754,0,0,0,0,0
4,3153,63602219,20,30,8206,0,0
37,3153,63602260,22,-20,-202,16382,0
13,3155,63611945,2,1,1,0,0
4,3154,63622107,20,26,8204,0,0
37,3154,63622148,23,-19,-202,16382,0
13,3156,63632134,0,2,0,0,0
4,3155,63642236,18,18,8199,0,0
37,3155,63642276,22,-19,-202,16382,0
13,3157,63652358,0,0,-2,0,0
L,63654966,VALID,-0.926,-0.394,1
4,3156,63662446,20,17,8204,0,0
37,3156,63662487,22,-19,-202,16382,0
13,3158,63672358,1,1,0,0,0
4,3157,63682589,30,21,8195,0,0
37,3157,63682630,22,-20,-202,16382,0
13,3159,63692577,0,0,1,0,0
4,3158,63702675,21,24,8204,0,0
37,3158,63702715,22,-20,-202,16382,0
13,3160,63712752,-1,0,0,0,0
4,3159,63722901,24,25,8205,0,0
37,3159,63722942,22,-20,-202,16382,0
13,3161,63732883,0,1,0,0,0
4,3160,63742936,24,23,8208,0,0
37,3160,63742976,22,-20,-202,16382,0
13,3162,63752908,0,0,0,0,0
L,63755408,VALID,-0.926,-0.401,1
4,3161,63763195,16,27,8212,0,0
37,3161,63763235,23,-20,-202,16382,0
13,3163,63773071,1,0,0,0,0
4,3162,63783225,22,18,8204,0,0
37,3162,63783265,23,-20,-202,16382,0
13,3164,63793157,1,1,0,0,0
4,3163,63803347,20,29,8213,0,0
37,3163,63803387,23,-20,-202,16382,0
13,3165,63813415,0,0,0,0,0
4,3164,63823457,12,18,8197,0,0
37,3164,63823497,23,-20,-202,16382,0
13,3166,63833509,0,-1,0,0,0
4,3165,63843578,16,24,8198,0,0
37,3165,63843645,23,-19,-202,16382,0
13,3167,63853603,0,0,0,0,0
L,63856114,VALID,-0.933,-0.394,1
4,3166,63863789,21,18,8207,0,0
37,3166,63863829,22,-20,-202,16382,0
13,3168,63873777,0,-1,0,0,0
4,3167,63883836,16,22,8208,0,0
37,3167,63883877,22,-20,-202,16382,0
13,3169,63893912,0,0,2,0,0
4,3168,63903904,30,26,8202,0,0
37,3168,63903944,23,-20,-202,16382,0
13,3170,63914000,0,0,0,0,0
4,3169,63924224,16,22,8202,0,0
37,3169,63924264,23,-20,-202,16382,0
13,3171,63934081,0,-1,0,0,0
4,3170,63944265,17,21,8200,0,0
37,3170,63944305,23,-20,-202,16382,0
13,3172,63954283,0,-1,0,0,0
L,63956863,VALID,-0.933,-0.401,1
4,3171,63964372,20,32,8202,0,0
37,3171,63964412,23,-20,-202,16382,0
13,3173,63974247,0,0,0,0,0
4,3172,63984497,22,31,8218,0,0
37,3172,63984538,23,-20,-202,16382,0
13,3174,63994551,0,0,0,0,0
4,3173,64004714,25,22,8198,0,0
37,3173,64004754,23,-21,-202,16382,0
13,3175,64014687,0,0,1,0,0
4,3174,64024722,22,30,8199,0,0
37,3174,64024763,24,-21,-202,16382,0
13,3176,64034781,0,-2,1,0,0
4,3175,64044868,17,21,8205,0,0
37,3175,64044908,24,-21,-202,16382,0
13,3177,64054764,1,0,1,0,0
L,64057264,VALID,-0.940,-0.408,1
4,3176,64065049,28,18,8202,0,0
37,3176,64065090,23,-21,-202,16382,0
13,3178,64074953,1,0,0,0,0
4,3177,64085185,26,14,8201,0,0
37,3177,64085225,23,-21,-202,16382,0
13,3179,64095134,1,1,0,0,0
4,3178,64105307,27,24,8202,0,0
37,3178,64105347,23,-22,-201,16382,0
13,3180,64115325,0,0,0,0,0
4,3179,64125496,19,23,8200,0,0
37,3179,64125536,23,-22,-202,16382,0
13,3181,64135478,-1,-2,-1,0,0
4,3180,64145526,23,29,8203,0,0
37,3180,64145567,24,-22,-202,16382,0
13,3182,64155538,0,0,1,0,0
L,64158030,VALID,-0.940,-0.415,1
4,3181,64165799,10,20,8200,0,0
37,3181,64165840,23,-21,-201,16382,0
13,3183,64175703,0,0,1,0,0
4,3182,64185786,18,31,8201,0,0
37,3182,64185827,24,-21,-201,16382,0
13,3184,64195830,2,3,0,0,0
4,3183,64205916,16,25,8205,0,0
37,3183,64205956,24,-21,-201,16382,0
13,3185,64215906,0,0,-1,0,0
4,3184,64226027,28,18,8198,0,0
37,3184,64226068,24,-21,-201,16382,0
13,3186,64236098,0,1,0,0,0
4,3185,64246287,15,30,8201,0,0
37,3185,64246327,24,-21,-201,16382,0
13,3187,64256219,0,0,1,0,0
L,64258718,VALID,-0.940,-0.408,1
4,3186,64266349,14,19,8201,0,0
37,3186,64266390,24,-20,-201,16382,0
13,3188,64276408,-1,0,0,0,0
4,3187,64286538,21,20,8206,0,0
37,3187,64286578,23,-20,-201,16382,0
13,3189,64296441,0,0,0,0,0
4,3188,64306545,29,20,8201,0,0
37,3188,64306585,23,-21,-201,16382,0
13,3190,64316656,0,0,0,0,0
4,3189,64326835,27,24,8204,0,0
37,3189,64326876,24,-21,-201,16382,0
13,3191,64336759,1,-1,0,0,0
4,3190,64346837,26,22,8204,0,0
37,3190,64346878,24,-22,-201,16382,0
13,3192,64356827,0,0,0,0,0
L,64359337,VALID,-0.940,-0.415,1
4,3191,64367055,20,23,8195,0,0
37,3191,64367096,24,-22,-201,16382,0
13,3193,64376932,0,0,2,0,0
4,3192,64387087,20,25,8207,0,0
37,3192,64387127,24,-21,-201,16382,0
13,3194,64397136,0,1,0,0,0
4,3193,64407248,16,23,8197,0,0
37,3193,64407288,24,-21,-201,16382,0
13,3195,64417275,1,0,0,0,0
4,3194,64427316,19,22,8213,0,0
37,3194,64427357,24,-21,-201,16382,0
13,3196,64437386,1,0,0,0,0
4,3195,64447480,18,27,8199,0,0
37,3195,64447520,24,-21,-201,16382,0
13,3197,64457459,0,-1,0,0,0
L,64460051,VALID,-0.940,-0.408,1
4,3196,64467569,18,21,8200,0,0
37,3196,64467610,24,-21,-201,16382,0
13,3198,64477757,0,0,0,0,0
4,3197,64487898,20,29,8195,0,0
37,3197,64487938,24,-21,-201,16382,0
13,3199,64497793,0,1,0,0,0
4,3198,64507919,15,13,8201,0,0
37,3198,64507960,24,-20,-201,16382,0
13,3200,64517953,0,0,-1,0,0
4,3199,64528024,22,32,8197,0,0
37,3199,64528064,24,-20,-201,16382,0
13,3201,64538040,-2,0,0,0,0
4,3200,64548058,24,26,8210,0,0
37,3200,64548098,24,-21,-201,16382,0
13,3202,64558160,-2,-1,0,0,0
L,64560844,VALID,-0.940,-0.408,1
4,3201,64568353,18,31,8186,0,0
37,3201,64568393,23,-21,-201,16382,0
13,3203,64578323,-2,0,0,0,0
4,3202,64588384,21,26,8206,0,0
37,3202,64588424,24,-21,-201,16382,0
13,3204,64598321,-1,1,-1,0,0
4,3203,64608627,28,21,8195,0,0
37,3203,64608667,23,-21,-201,16382,0
13,3205,64618609,-1,0,0,0,0
4,3204,64628710,25,19,8209,0,0
37,3204,64628751,23,-21,-201,16382,0
13,3206,64638659,0,0,0,0,0
4,3205,64648866,20,21,8206,0,0
37,3205,64648906,23,-21,-201,16382,0
13,3207,64658832,1,1,2,0,0
L,64661323,VALID,-0.933,-0.408,1
4,3206,64668841,14,17,8205,0,0
37,3206,64668881,23,-21,-201,16382,0
13,3208,64679054,0,1,1,0,0
4,3207,64689046,27,26,8196,0,0
37,3207,64689087,23,-21,-201,16382,0
13,3209,64699123,0,0,0,0,0
4,3208,64709157,22,21,8203,0,0
37,3208,64709198,22,-21,-201,16382,0
13,3210,64719095,0,-1,-2,0,0
4,3209,64729382,18,20,8205,0,0
37,3209,64729423,22,-21,-201,16382,0
13,3211,64739357,2,1,0,0,0
4,3210,64749478,15,27,8200,0,0
37,3210,64749518,23,-21,-201,16382,0
13,3212,64759399,2,0,-1,0,0
L,64761985,VALID,-0.933,-0.408,1
4,3211,64769590,19,20,8202,0,0
37,3211,64769630,22,-21,-201,16382,0
13,3213,64779560,0,-1,2,0,0
4,3212,64789615,27,18,8203,0,0
37,3212,64789655,22,-21,-201,16382,0
13,3214,64799656,1,1,-1,0,0
4,3213,64809855,27,29,8209,0,0
37,3213,64809895,23,-21,-201,16382,0
13,3215,64819724,0,0,-1,0,0
4,3214,64829939,24,20,8193,0,0
37,3214,64829979,23,-21,-201,16382,0
13,3216,64839921,0,0,0,0,0
4,3215,64850033,14,21,8206,0,0
37,3215,64850074,23,-21,-201,16382,0
13,3217,64860007,0,1,0,0,0
L,64862517,VALID,-0.933,-0.408,1
4,3216,64870201,20,22,8199,0,0
37,3216,64870241,23,-21,-201,16382,0
13,3218,64880146,0,1,0,0,0
4,3217,64890388,19,22,8197,0,0
37,3217,64890428,22,-21,-201,16382,0
13,3219,64900359,0,0,1,0,0
4,3218,64910413,17,18,8207,0,0
37,3218,64910454,22,-20,-201,16382,0
13,3220,64920403,1,-1,1,0,0
4,3219,64930541,18,19,8208,0,0
37,3219,64930582,22,-20,-201,16382,0
13,3221,64940515,2,1,0,0,0
4,3220,64950730,26,22,8210,0,0
37,3220,64950770,23,-21,-201,16382,0
13,3222,64960625,1,0,0,0,0
L,64963127,VALID,-0.933,-0.408,1
4,3221,64970852,22,22,8201,0,0
37,3221,64970919,23,-21,-201,16382,0
13,3223,64980694,0,-3,0,0,0
4,3222,64990946,23,30,8195,0,0
37,3222,64990986,23,-21,-201,16382,0
13,3224,65000928,1,1,0,0,0
4,3223,65011084,29,18,8202,0,0
37,3223,65011125,23,-22,-201,16382,0
13,3225,65021003,0,0,0,0,0
4,3224,65031150,25,23,8208,0,0
37,3224,65031191,23,-22,-201,16382,0
13,3226,65041133,1,1,-1,0,0
4,3225,65051350,19,26,8201,0,0
37,3225,65051390,23,-22,-201,16382,0
13,3227,65061255,0,0,0,0,0
L,65063765,VALID,-0.933,-0.415,1
4,3226,65071298,23,14,8209,0,0
37,3226,65071339,23,-22,-201,16382,0
13,3228,65081391,0,0,1,0,0
4,3227,65091563,26,23,8201,0,0
37,3227,65091604,23,-22,-201,16382,0
13,3229,65101458,0,-1,-1,0,0
4,3228,65111807,21,22,8200,0,0
37,3228,65111847,23,-22,-201,16382,0
13,3230,65121720,0,0,0,0,0
4,3229,65131909,16,15,8210,0,0
37,3229,65131950,23,-21,-201,16382,0
13,3231,65141847,1,0,0,0,0
4,3230,65151916,21,27,8206,0,0
37,3230,65151957,23,-22,-201,16382,0
13,3232,65162019,0,0,0,0,0
L,65164521,VALID,-0.933,-0.415,1
4,3231,65172168,18,23,8204,0,0
37,3231,65172209,23,-22,-201,16382,0
13,3233,65182054,0,1,1,0,0
4,3232,65192208,19,23,8203,0,0
37,3232,65192249,23,-21,-201,16382,0
13,3234,65202277,0,2,1,0,0
4,3233,65212449,22,21,8206,0,0
37,3233,65212490,23,-21,-201,16382,0
13,3235,65222432,0,0,0,0,0
4,3234,65232501,22,18,8211,0,0
37,3234,65232541,22,-21,-201,16382,0
13,3236,65242537,0,0,0,0,0
4,3235,65252632,25,25,8209,0,0
37,3235,65252673,23,-21,-200,16382,0
13,3237,65262553,-1,0,0,0,0
L,65265148,VALID,-0.933,-0.408,1
4,3236,65272752,25,18,8200,0,0
37,3236,65272792,22,-22,-200,16382,0
13,3238,65282688,0,0,0,0,0
4,3237,65292948,22,15,8200,0,0
37,3237,65292989,22,-21,-201,16382,0
13,3239,65302818,0,1,0,0,0
4,3238,65312948,27,26,8201,0,0
37,3238,65312988,22,-22,-201,16382,0
13,3240,65323068,0,-1,0,0,0
4,3239,65333146,20,24,8204,0,0
37,3239,65333186,22,-22,-201,16382,0
13,3241,65343136,0,0,0,0,0
4,3240,65353136,17,27,8207,0,0
37,3240,65353177,22,-22,-201,16382,0
13,3242,65363265,1,0,0,0,0
L,65365740,VALID,-0.926,-0.415,1
4,3241,65373543,8,32,8209,0,0
37,3241,65373583,23,-21,-201,16382,0
13,3243,65383404,1,-1,0,0,0
4,3242,65393463,22,24,8203,0,0
37,3242,65393503,23,-21,-201,16382,0
13,3244,65403531,-2,0,0,0,0
4,3243,65413576,22,17,8209,0,0
37,3243,65413616,23,-21,-201,16382,0
13,3245,65423609,2,-1,-1,0,0
4,3244,65433730,18,15,8200,0,0
37,3244,65433770,23,-21,-201,16382,0
13,3246,65443686,2,0,0,0,0
4,3245,65453944,22,22,8201,0,0
37,3245,65453984,23,-21,-201,16382,0
13,3247,65463884,1,0,-1,0,0
L,65466481,VALID,-0.933,-0.408,1
4,3246,65473964,24,16,8199,0,0
37,3246,65474005,22,-21,-201,16382,0
13,3248,65483892,-1,1,0,0,0
4,3247,65494133,19,16,8200,0,0
37,3247,65494173,22,-21,-201,16382,0
13,3249,65504161,0,0,1,0,0
4,3248,65514219,23,24,8203,0,0
37,3248,65514259,22,-21,-201,16382,0
13,3250,65524278,0,1,0,0,0
4,3249,65534419,16,26,8204,0,0
37,3249,65534459,22,-21,-201,16382,0
13,3251,65544362,2,1,0,0,0
4,3250,65554468,18,17,8211,0,0
37,3250,65554509,22,-21,-201,16382,0
13,3252,65564408,0,0,-1,0,0
L,65567004,VALID,-0.926,-0.408,1
4,3251,65574754,22,23,8206,0,0
37,3251,65574795,22,-21,-201,16382,0
13,3253,65584605,1,2,0,0,0
4,3252,65594682,23,29,8195,0,0
37,3252,65594722,23,-21,-201,16382,0
13,3254,65604768,1,1,-1,0,0
4,3253,65615021,15,24,8198,0,0
37,3253,65615062,23,-20,-201,16382,0
13,3255,65624917,0,0,0,0,0
4,3254,65635020,25,27,8204,0,0
37,3254,65635061,23,-21,-201,16382,0
13,3256,65645035,1,0,0,0,0
4,3255,65655155,22,23,8196,0,0
37,3255,65655196,23,-21,-201,16382,0
13,3257,65665139,0,-1,-1,0,0
L,65667814,VALID,-0.933,-0.408,1
4,3256,65675305,27,13,8196,0,0
37,3256,65675346,23,-21,-201,16382,0
13,3258,65685303,0,1,0,0,0
4,3257,65695444,24,19,8211,0,0
37,3257,65695484,23,-21,-201,16382,0
13,3259,65705433,0,0,-1,0,0
4,3258,65715509,19,27,8209,0,0
37,3258,65715549,23,-21,-201,16382,0
13,3260,65725508,0,0,-1,0,0
4,3259,65735717,20,22,8202,0,0
37,3259,65735757,23,-21,-201,16382,0
13,3261,65745690,0,-1,-1,0,0
4,3260,65755789,17,26,8196,0,0
37,3260,65755829,23,-21,-201,16382,0
13,3262,65765792,0,2,0,0,0
L,65768267,VALID,-0.933,-0.408,1
4,3261,65776011,22,21,8193,0,0
37,3261,65776052,23,-21,-201,16382,0
13,3263,65785974,6,0,0,0,0
4,3262,65796060,9,26,8211,0,0
37,3262,65796100,24,-20,-201,16382,0
13,3264,65806041,3,0,1,0,0
4,3263,65816171,17,27,8210,0,0
37,3263,65816211,24,-20,-201,16382,0
13,3265,65826266,4,-1,0,0,0
4,3264,65836309,23,21,8211,0,0
37,3264,65836350,24,-21,-201,16382,0
13,3266,65846341,0,0,1,0,0
4,3265,65856542,26,21,8202,0,0
37,3265,65856583,24,-21,-201,16382,0
13,3267,65866411,-3,0,0,0,0
L,65868999,VALID,-0.940,-0.408,1
4,3266,65876597,14,20,8204,0,0
37,3266,65876637,24,-20,-201,16382,0
13,3268,65886524,-3,0,0,0,0
4,3267,65896739,18,17,8197,0,0
37,3267,65896780,23,-20,-201,16382,0
13,3269,65906695,-1,1,0,0,0
4,3268,65916737,27,21,8206,0,0
37,3268,65916777,23,-21,-201,16382,0
13,3270,65926850,0,0,0,0,0
4,3269,65936996,17,18,8202,0,0
37,3269,65937037,23,-20,-201,16382,0
13,3271,65946970,0,0,0,0,0
4,3270,65956969,23,25,8201,0,0
37,3270,65957010,23,-21,-201,16382,0
13,3272,65967012,7,0,-1,0,0
L,65969591,VALID,-0.933,-0.408,1
4,3271,65977186,19,33,8209,0,0
37,3271,65977226,24,-21,-201,16382,0
13,3273,65987272,15,-2,-1,0,0
4,3272,65997336,18,27,8202,0,0
37,3272,65997377,26,-21,-202,16382,0
13,3274,66007332,11,1,-20,0,0
4,3273,66017531,32,-5,8203,0,0
37,3273,66017571,27,-21,-206,16382,0
13,3275,66027450,20,-3,-108,0,0
4,3274,66037487,-105,94,8202,0,0
37,3274,66037527,30,-19,-222,16382,0
13,3276,66047555,15,-7,-254,0,0
4,3275,66057600,-129,106,8200,0,0
37,3275,66057640,31,-21,-247,16382,0
13,3277,66067649,16,-4,-233,0,0
L,66070609,VALID,-0.990,-0.407,1
4,3276,66077714,303,-86,8207,0,0
37,3276,66077754,31,-23,-257,16381,0
13,3278,66087768,12,-6,-23,0,0
4,3277,66097915,12,7,8201,0,0
37,3277,66097956,32,-23,-261,16381,0
13,3279,66107767,11,-8,-136,0,0
4,3278,66118045,-28,14,8202,0,0
37,3278,66118086,33,-22,-277,16381,0
13,3280,66128011,11,-8,-236,0,0
4,3279,66138196,-176,67,8205,0,0
37,3279,66138237,35,-23,-308,16381,0
13,3281,66148086,0,0,-339,0,0
4,3280,66158216,286,52,8191,0,0
37,3280,66158257,34,-25,-321,16380,0
13,3282,66168241,7,-1,-23,0,0
L,66171011,VALID,-1.012,-0.433,1
4,3281,66178330,-5,41,8201,0,0
37,3281,66178370,36,-25,-322,16380,0
13,3283,66188447,15,-7,-4,0,0
4,3282,66198397,17,42,8199,0,0
37,3282,66198437,38,-25,-322,16380,0
13,3284,66208524,21,-7,0,0,0
4,3283,66218577,33,39,8220,0,0
37,3283,66218618,39,-26,-322,16380,0
13,3285,66228505,15,-6,1,0,0
4,3284,66238639,20,48,8203,0,0
37,3284,66238680,40,-26,-322,16380,0
13,3286,66248730,8,-4,0,0,0
4,3285,66258983,18,30,8190,0,0
37,3285,66259024,41,-27,-322,16380,0
13,3287,66268827,15,-9,-1,0,0
L,66271577,VALID,-1.061,-0.446,1
4,3286,66278931,17,42,8211,0,0
37,3286,66278971,43,-27,-322,16380,0
13,3288,66288943,11,-2,0,0,0
4,3287,66299084,13,44,8198,0,0
37,3287,66299125,43,-26,-322,16380,0
13,3289,66309057,1,1,10,0,0
4,3288,66319143,-11,54,8204,0,0
37,3288,66319183,43,-26,-316,16380,0
13,3290,66329099,2,1,164,0,0
4,3289,66339426,60,27,8223,0,0
37,3289,66339467,44,-27,-300,16381,0
13,3291,66349340,21,-6,98,0,0
4,3290,66359393,51,33,8210,0,0
37,3290,66359433,47,-27,-298,16381,0
13,3292,66369425,31,-9,-7,0,0
L,66372213,VALID,-1.103,-0.446,1
4,3291,66379654,25,54,8204,0,0
37,3291,66379695,49,-28,-298,16381,0
13,3293,66389574,28,-10,10,0,0
4,3292,66399686,-47,61,8190,0,0
37,3292,66399727,52,-28,-290,16381,0
13,3294,66409744,0,2,217,0,0
4,3293,66419893,45,72,8209,0,0
37,3293,66419933,51,-28,-269,16381,0
13,3295,66429822,2,0,184,0,0
4,3294,66439916,55,22,8213,0,0
37,3294,66439957,52,-29,-257,16381,0
13,3296,66449951,30,-13,95,0,0
4,3295,66460219,-10,60,8217,0,0
37,3295,66460260,56,-30,-249,16381,0
13,3297,66470063,55,-19,147,0,0
L,66473014,VALID,-1.166,-0.467,1
4,3296,66480205,34,41,8221,0,0
37,3296,66480245,63,-32,-233,16382,0
13,3298,66490146,110,-16,176,0,0
4,3297,66500505,66,-58,8207,0,0
37,3297,66500545,72,-34,-219,16382,0
13,3299,66510348,93,-20,155,0,0
4,3298,66520486,-16,86,8173,0,0
37,3298,66520527,79,-35,-202,16382,0
13,3300,66530483,61,-4,206,0,0
4,3299,66540631,56,100,8285,0,0
37,3299,66540671,89,-36,-186,16382,0
13,3301,66550570,196,-2,168,0,0
4,3300,66560674,68,119,8187,0,0
37,3300,66560715,109,-37,-173,16382,0
13,3302,66570716,209,1,113,0,0
L,66573572,VALID,-1.536,-0.514,1
4,3301,66580840,120,92,8247,0,0
37,3301,66580880,126,-38,-168,16382,0
13,3303,66590835,258,3,-11,0,0
4,3302,66600975,22,131,8230,0,0
37,3302,66601016,156,-36,-171,16382,0
13,3304,66610895,359,-1,-27,0,0
4,3303,66621252,25,137,8258,0,0
37,3303,66621293,189,-38,-172,16381,0
13,3305,66631148,449,-12,-2,0,0
4,3304,66641260,46,188,8232,0,0
37,3304,66641301,236,-39,-172,16381,0
13,3306,66651248,574,-9,-1,0,0
4,3305,66661405,15,245,8235,0,0
37,3305,66661446,290,-40,-172,16380,0
13,3307,66671440,653,-1,16,0,0
L,66674313,VALID,-2.802,-0.521,1
4,3306,66681520,59,288,8215,0,0
37,3306,66681560,350,-41,-170,16379,0
13,3308,66691468,717,8,-17,0,0
4,3307,66701629,59,315,8260,0,0
37,3307,66701669,419,-41,-175,16377,0
13,3309,66711687,850,4,-85,0,0
4,3308,66721800,40,467,8169,0,0
37,3308,66721841,496,-41,-185,16375,0
13,3310,66731869,859,-3,-125,0,0
4,3309,66742045,-2,545,8185,0,0
37,3309,66742085,573,-41,-194,16372,0
13,3311,66751939,877,-3,-76,0,0
4,3310,66762019,8,591,8210,0,0
37,3310,66762060,651,-43,-197,16369,0
13,3312,66771998,925,-9,-5,0,0
L,66774836,VALID,-5.329,-0.508,1
4,3311,66782240,88,682,8139,0,0
37,3311,66782280,734,-46,-198,16366,0
13,3313,66792187,894,3,-68,0,0
4,3312,66802351,78,785,8096,0,0
37,3312,66802391,809,-45,-210,16362,0
13,3314,66812273,778,-5,-179,0,0
4,3313,66822525,22,874,8124,0,0
37,3313,66822565,873,-46,-225,16359,0
13,3315,66832547,687,-13,-134,0,0
4,3314,66842611,-27,931,8169,0,0
37,3314,66842651,934,-47,-232,16355,0
13,3316,66852626,701,-10,-22,0,0
4,3315,66862688,31,1012,8090,0,0
37,3315,66862756,993,-49,-231,16352,0
13,3317,66872703,590,-5,10,0,0
L,66875576,VALID,-7.725,-0.505,1
4,3316,66882925,26,1031,8112,0,0
37,3316,66882965,1040,-50,-229,16349,0
13,3318,66892902,518,-3,42,0,0
4,3317,66903021,27,1039,8143,0,0
37,3317,66903062,1085,-51,-223,16346,0
13,3319,66913004,524,3,67,0,0
4,3318,66923013,60,1087,8114,0,0
37,3318,66923053,1133,-52,-220,16343,0
13,3320,66933098,519,0,4,0,0
4,3319,66943252,33,1162,8089,0,0
37,3319,66943293,1174,-53,-220,16340,0
13,3321,66953150,444,-2,-12,0,0
4,3320,66963339,28,1173,8130,0,0
37,3320,66963380,1214,-54,-221,16337,0
13,3322,66973331,454,-6,6,0,0
L,66976134,VALID,-9.274,-0.522,1
4,3321,66983496,1,1261,8079,0,0
37,3321,66983563,1253,-54,-217,16334,0
13,3323,66993373,404,8,102,0,0
4,3322,67003573,41,1261,8080,0,0
37,3322,67003614,1284,-55,-204,16332,0
13,3324,67013641,336,23,145,0,0
4,3323,67023778,73,1231,8136,0,0
37,3323,67023819,1314,-54,-194,16329,0
13,3325,67033763,390,24,78,0,0
4,3324,67043812,12,1261,8168,0,0
37,3324,67043853,1354,-52,-187,16326,0
13,3326,67053898,544,20,94,0,0
4,3325,67064036,95,1305,8117,0,0
37,3325,67064076,1407,-53,-180,16322,0
13,3327,67073906,641,11,25,0,0
L,67076778,VALID,-10.628,-0.520,1
4,3326,67084202,47,1382,8110,0,0
37,3326,67084242,1467,-52,-180,16317,0
13,3328,67094079,708,5,-14,0,0
4,3327,67104225,40,1450,8083,0,0
37,3327,67104266,1532,-53,-181,16311,0
13,3329,67114276,755,1,-22,0,0
4,3328,67124435,39,1531,8050,0,0
37,3328,67124475,1599,-53,-185,16304,0
13,3330,67134451,758,-9,-40,0,0
4,3329,67144663,18,1616,8036,0,0
37,3329,67144703,1667,-55,-186,16297,0
13,3331,67154572,772,-4,4,0,0
4,3330,67164653,-7,1704,7995,0,0
37,3330,67164693,1733,-55,-183,16290,0
13,3332,67174655,698,10,73,0,0
L,67177519,VALID,-12.919,-0.504,1
4,3331,67184855,43,1702,8023,0,0
37,3331,67184896,1791,-56,-175,16284,0
13,3333,67194810,685,7,58,0,0
4,3332,67204887,49,1783,8003,0,0
37,3332,67204927,1853,-56,-172,16277,0
13,3334,67214895,714,2,17,0,0
4,3333,67225076,60,1867,7963,0,0
37,3333,67225116,1916,-58,-171,16270,0
13,3335,67234973,700,0,9,0,0
4,3334,67245066,36,1890,7994,0,0
37,3334,67245134,1978,-58,-170,16263,0
13,3336,67255189,735,3,15,0,0
4,3335,67265267,37,1947,7986,0,0
37,3335,67265307,2044,-58,-167,16254,0
13,3337,67275232,795,6,23,0,0
L,67277989,VALID,-15.109,-0.511,1
4,3336,67285430,25,2015,7974,0,0
37,3336,67285471,2117,-59,-165,16245,0
13,3338,67295394,871,10,50,0,0
4,3337,67305609,18,2111,7920,0,0
37,3337,67305650,2197,-59,-156,16235,0
13,3339,67315462,907,29,108,0,0
4,3338,67325609,76,2178,7889,0,0
37,3338,67325649,2273,-59,-148,16224,0
13,3340,67335719,852,18,46,0,0
4,3339,67345823,46,2243,7882,0,0
37,3339,67345864,2348,-58,-146,16214,0
13,3341,67355798,866,0,1,0,0
4,3340,67365847,42,2318,7882,0,0
37,3340,67365888,2425,-59,-147,16202,0
13,3342,67375865,884,0,-8,0,0
L,67378652,VALID,-17.799,-0.507,1
4,3341,67386133,0,2483,7745,0,0
37,3341,67386173,2499,-59,-146,16191,0
13,3343,67395936,747,19,63,0,0
4,3342,67406117,-21,2563,7727,0,0
37,3342,67406157,2556,-58,-132,16182,0
13,3344,67416138,567,65,241,0,0
4,3343,67426184,66,2480,7798,0,0
37,3343,67426225,2600,-56,-105,16175,0
13,3345,67436286,540,81,260,0,0
4,3344,67446323,86,2486,7875,0,0
37,3344,67446363,2651,-53,-87,16167,0
13,3346,67456423,647,58,148,0,0
4,3345,67466520,84,2609,7717,0,0
37,3345,67466560,2710,-52,-79,16158,0
13,3347,67476467,607,13,19,0,0
L,67479314,VALID,-19.815,-0.516,1
4,3346,67486591,50,2676,7702,0,0
37,3346,67486631,2756,-51,-79,16150,0
13,3348,67496717,487,1,-16,0,0
4,3347,67506840,44,2726,7700,0,0
37,3347,67506880,2796,-51,-82,16143,0
13,3349,67516795,401,-4,-28,0,0
4,3348,67526924,23,2760,7701,0,0
37,3348,67526964,2826,-51,-83,16138,0
13,3350,67536923,326,-6,-3,0,0
4,3349,67547079,42,2743,7729,0,0
37,3349,67547119,2855,-52,-83,16133,0
13,3351,67557009,361,1,11,0,0
4,3350,67567000,33,2728,7773,0,0
37,3350,67567040,2890,-52,-81,16126,0
13,3352,67577151,493,6,25,0,0
L,67579915,VALID,-21.093,-0.504,1
4,3351,67587226,58,2793,7727,0,0
37,3351,67587267,2937,-52,-79,16118,0
13,3353,67597249,577,1,-4,0,0
4,3352,67607333,52,2884,7643,0,0
37,3352,67607374,2990,-53,-81,16108,0
13,3354,67617257,549,-18,-49,0,0
4,3353,67627655,63,2892,7660,0,0
37,3353,67627695,3032,-54,-90,16100,0
13,3355,67637544,486,-49,-123,0,0
4,3354,67647672,22,2985,7631,0,0
37,3354,67647713,3074,-56,-99,16092,0
13,3356,67657584,464,-36,-81,0,0
4,3355,67667748,28,3033,7591,0,0
37,3355,67667789,3111,-58,-106,16085,0
13,3357,67677765,392,-17,-41,0,0
L,67680829,VALID,-22.666,-0.501,1
4,3356,67687787,32,3059,7570,0,0
37,3356,67687827,3143,-59,-106,16079,0
13,3358,67698031,314,-2,5,0,0
4,3357,67708050,52,3069,7568,0,0
37,3357,67708090,3165,-60,-105,16074,0
13,3359,67718075,226,0,4,0,0
4,3358,67728082,47,3030,7631,0,0
37,3358,67728122,3185,-60,-106,16070,0
13,3360,67738048,275,-8,-14,0,0
4,3359,67748282,75,3017,7631,0,0
37,3359,67748323,3212,-62,-110,16065,0
13,3361,67758300,337,-43,-104,0,0
4,3360,67768403,13,3164,7547,0,0
37,3360,67768444,3241,-63,-120,16059,0
13,3362,67778393,303,-16,-62,0,0
L,67781413,VALID,-23.594,-0.508,1
4,3361,67788577,34,3145,7555,0,0
37,3361,67788617,3265,-63,-122,16054,0
13,3363,67798504,282,10,-3,0,0
4,3362,67808599,14,3170,7570,0,0
37,3362,67808639,3290,-61,-120,16049,0
13,3364,67818580,314,35,64,0,0
4,3363,67828762,57,3094,7650,0,0
37,3363,67828802,3320,-59,-109,16043,0
13,3365,67838667,484,55,98,0,0
4,3364,67848881,67,3158,7573,0,0
37,3364,67848922,3370,-57,-106,16033,0
13,3366,67858926,623,9,-14,0,0
4,3365,67869121,42,3239,7575,0,0
37,3365,67869162,3430,-57,-107,16020,0
13,3367,67879012,757,4,-24,0,0
L,67881884,VALID,-24.943,-0.473,1
4,3366,67889204,34,3282,7529,0,0
37,3366,67889244,3497,-57,-110,16005,0
13,3368,67899176,844,-19,-42,0,0
4,3367,67909313,61,3357,7507,0,0
37,3367,67909353,3576,-60,-118,15988,0
13,3369,67919365,971,-48,-109,0,0
4,3368,67929392,15,3501,7381,0,0
37,3368,67929433,3661,-61,-124,15968,0
13,3370,67939389,959,-22,-51,0,0
4,3369,67949665,27,3534,7394,0,0
37,3369,67949706,3743,-63,-128,15949,0
13,3371,67959563,966,-18,-30,0,0
4,3370,67969769,20,3630,7348,0,0
37,3370,67969810,3822,-65,-129,15931,0
13,3372,67979692,954,-5,-3,0,0
L,67982563,VALID,-27.755,-0.465,1
4,3371,67989832,28,3776,7207,0,0
37,3371,67989872,3909,-65,-128,15910,0
13,3373,67999768,859,-1,8,0,0
4,3372,68010036,56,3826,7227,0,0
37,3372,68010077,3970,-67,-128,15895,0
13,3374,68019985,669,-3,-7,0,0
4,3373,68030210,44,3867,7211,0,0
37,3373,68030250,4024,-67,-129,15881,0
13,3375,68040104,580,-4,-13,0,0
4,3374,68050199,20,3929,7143,0,0
37,3374,68050239,4068,-67,-130,15870,0
13,3376,68060206,413,-11,-10,0,0
4,3375,68070372,36,3943,7136,0,0
37,3375,68070412,4097,-69,-130,15862,0
13,3377,68080335,274,-8,6,0,0
L,68083130,VALID,-29.738,-0.469,1
4,3376,68090407,53,3955,7142,0,0
37,3376,68090447,4114,-70,-130,15858,0
13,3378,68100429,153,-4,-1,0,0
4,3377,68110643,66,3890,7229,0,0
37,3377,68110683,4126,-70,-131,15855,0
13,3379,68120541,186,-24,-66,0,0
4,3378,68130853,50,3937,7183,0,0
37,3378,68130894,4144,-72,-143,15850,0
13,3380,68140751,197,-61,-124,0,0
4,3379,68150940,14,3997,7128,0,0
37,3379,68150980,4159,-74,-150,15846,0
13,3381,68160886,125,-20,-26,0,0
4,3380,68170963,34,3993,7134,0,0
37,3380,68171004,4165,-75,-150,15844,0
13,3382,68181098,39,-2,1,0,0
L,68183783,VALID,-30.231,-0.469,1
4,3381,68191250,54,3950,7183,0,0
37,3381,68191291,4164,-76,-150,15844,0
13,3383,68201157,26,-6,-5,0,0
4,3382,68211271,62,3913,7228,0,0
37,3382,68211312,4170,-76,-152,15843,0
13,3384,68221333,141,-25,-49,0,0
4,3383,68231507,32,3947,7170,0,0
37,3383,68231547,4187,-78,-160,15838,0
13,3385,68241523,202,-45,-77,0,0
4,3384,68251613,20,4026,7134,0,0
37,3384,68251653,4204,-80,-164,15834,0
13,3386,68261654,191,-10,-9,0,0
4,3385,68271790,49,3987,7161,0,0
37,3385,68271830,4220,-81,-164,15830,0
13,3387,68281628,227,-2,-2,0,0
L,68284471,VALID,-30.628,-0.479,1
4,3386,68291877,57,3984,7181,0,0
37,3386,68291917,4241,-81,-164,15824,0
13,3388,68301822,331,-2,-23,0,0
4,3387,68312013,49,3994,7177,0,0
37,3387,68312053,4277,-81,-169,15814,0
13,3389,68321952,487,-25,-66,0,0
4,3388,68332057,15,4119,7068,0,0
37,3388,68332097,4321,-82,-173,15802,0
13,3390,68342175,478,-4,-10,0,0
4,3389,68352350,24,4137,7050,0,0
37,3389,68352390,4358,-82,-172,15792,0
13,3391,68362279,429,0,3,0,0
4,3390,68372270,48,4177,7016,0,0
37,3390,68372310,4394,-83,-172,15782,0
13,3392,68382409,372,1,0,0,0
L,68385090,VALID,-31.891,-0.461,1
4,3391,68392609,46,4194,7047,0,0
37,3391,68392650,4421,-83,-172,15774,0
13,3393,68402581,326,4,-13,0,0
4,3392,68412632,37,4171,7065,0,0
37,3392,68412672,4451,-83,-174,15766,0
13,3394,68422692,404,-9,-38,0,0
4,3393,68432787,13,4261,6985,0,0
37,3393,68432828,4487,-84,-178,15756,0
13,3395,68442769,404,-15,-25,0,0
4,3394,68452891,32,4261,6980,0,0
37,3394,68452931,4519,-85,-178,15747,0
13,3396,68462863,386,0,3,0,0
4,3395,68473094,35,4290,6981,0,0
37,3395,68473135,4554,-85,-177,15737,0
13,3397,68483028,424,13,13,0,0
L,68485908,VALID,-33.053,-0.449,1
4,3396,68493142,20,4365,6899,0,0
37,3396,68493182,4589,-84,-174,15726,0
13,3398,68503078,365,42,75,0,0
4,3397,68513380,36,4402,6881,0,0
37,3397,68513420,4615,-82,-162,15719,0
13,3399,68523329,257,73,120,0,0
4,3398,68533397,46,4352,6929,0,0
37,3398,68533438,4635,-79,-152,15713,0
13,3400,68543483,280,54,82,0,0
4,3399,68553544,55,4391,6902,0,0
37,3399,68553584,4663,-76,-143,15705,0
13,3401,68563560,313,70,90,0,0
4,3400,68573620,35,4427,6865,0,0
37,3400,68573661,4685,-74,-137,15699,0
13,3402,68583601,229,18,32,0,0
L,68586457,VALID,-34.007,-0.441,1
4,3401,68593976,28,4424,6891,0,0
37,3401,68594016,4703,-73,-134,15693,0
13,3403,68603776,232,9,13,0,0
4,3402,68613901,41,4445,6870,0,0
37,3402,68613941,4723,-74,-134,15687,0
13,3404,68623921,240,4,-5,0,0
4,3403,68634145,27,4462,6866,0,0
37,3403,68634186,4744,-73,-134,15681,0
13,3405,68644087,259,5,-5,0,0
4,3404,68654230,36,4500,6849,0,0
37,3404,68654270,4767,-73,-134,15674,0
13,3406,68664248,264,9,4,0,0
4,3405,68674351,33,4525,6794,0,0
37,3405,68674391,4785,-72,-133,15668,0
13,3407,68684256,183,1,-3,0,0
L,68687050,VALID,-34.739,-0.427,1
4,3406,68694422,52,4486,6869,0,0
37,3406,68694462,4800,-72,-134,15664,0
13,3408,68704436,237,-15,-44,0,0
4,3407,68714541,58,4518,6843,0,0
37,3407,68714581,4825,-75,-145,15656,0
13,3409,68724566,299,-82,-122,0,0
4,3408,68734651,-17,4598,6758,0,0
37,3408,68734692,4847,-78,-152,15649,0
13,3410,68744634,226,-24,-29,0,0
4,3409,68754888,29,4601,6755,0,0
37,3409,68754928,4863,-78,-153,15644,0
13,3411,68764869,171,-1,-5,0,0
4,3410,68774903,27,4589,6760,0,0
37,3410,68774943,4877,-78,-153,15640,0
13,3412,68784908,146,4,5,0,0
L,68787573,VALID,-35.412,-0.418,1
4,3411,68795109,37,4605,6759,0,0
37,3411,68795149,4886,-78,-151,15637,0
13,3413,68805064,100,12,19,0,0
4,3412,68815202,46,4585,6795,0,0
37,3412,68815242,4895,-79,-151,15634,0
13,3414,68825141,132,-4,-10,0,0
4,3413,68835383,45,4599,6774,0,0
37,3413,68835424,4907,-79,-152,15630,0
13,3415,68845400,165,-6,-13,0,0
4,3414,68855461,28,4624,6758,0,0
37,3414,68855501,4922,-79,-153,15626,0
13,3416,68865468,185,-3,-2,0,0
4,3415,68875608,26,4676,6712,0,0
37,3415,68875648,4937,-79,-153,15621,0
13,3417,68885527,122,-2,6,0,0
L,68888304,VALID,-35.852,-0.419,1
4,3416,68895722,32,4674,6704,0,0
37,3416,68895762,4943,-80,-152,15619,0
13,3418,68905651,49,4,13,0,0
4,3417,68915911,41,4652,6728,0,0
37,3417,68915952,4944,-80,-151,15619,0
13,3419,68925811,23,2,0,0,0
4,3418,68935879,34,4673,6734,0,0
37,3418,68935919,4946,-80,-151,15618,0
13,3420,68945968,17,-3,-5,0,0
4,3419,68956121,24,4666,6732,0,0
37,3419,68956162,4946,-80,-151,15618,0
13,3421,68966138,15,-6,2,0,0
4,3420,68976103,39,4674,6718,0,0
37,3420,68976144,4945,-81,-151,15618,0
13,3422,68986197,-21,-6,3,0,0
L,68988993,VALID,-35.912,-0.436,1
4,3421,68996453,47,4665,6731,0,0
37,3421,68996493,4941,-81,-151,15620,0
13,3423,69006468,-50,-3,1,0,0
4,3422,69016529,36,4631,6762,0,0
37,3422,69016570,4937,-82,-151,15621,0
13,3424,69026552,-15,0,4,0,0
4,3423,69036697,34,4632,6762,0,0
37,3423,69036737,4937,-81,-151,15621,0
13,3425,69046687,40,-2,3,0,0
4,3424,69056741,36,4642,6744,0,0
37,3424,69056782,4942,-82,-150,15619,0
13,3426,69066766,73,-5,3,0,0
4,3425,69076911,35,4650,6751,0,0
37,3425,69076951,4948,-83,-151,15617,0
13,3427,69086954,100,0,-2,0,0
L,69089724,VALID,-35.934,-0.449,1
4,3426,69097001,37,4667,6714,0,0
37,3426,69097042,4957,-83,-151,15614,0
13,3428,69107093,109,-4,0,0,0
4,3427,69117188,34,4697,6709,0,0
37,3427,69117228,4967,-83,-151,15611,0
13,3429,69127092,85,0,1,0,0
4,3428,69137369,35,4692,6700,0,0
37,3428,69137409,4971,-83,-151,15610,0
13,3430,69147396,38,0,0,0,0
4,3429,69157583,41,4705,6700,0,0
37,3429,69157623,4973,-84,-151,15610,0
13,3431,69167480,8,2,-1,0,0
4,3430,69177592,33,4707,6689,0,0
37,3430,69177632,4971,-83,-150,15610,0
13,3432,69187609,-47,2,2,0,0
L,69190274,VALID,-36.102,-0.449,1
4,3431,69197688,30,4693,6698,0,0
37,3431,69197729,4964,-83,-150,15612,0
13,3433,69207875,-93,-1,2,0,0
4,3432,69217842,41,4671,6737,0,0
37,3432,69217882,4955,-83,-150,15615,0
13,3434,69227996,-91,1,0,0,0
4,3433,69238082,37,4651,6742,0,0
37,3433,69238123,4949,-83,-150,15617,0
13,3435,69247936,-50,2,-2,0,0
4,3434,69258161,30,4685,6713,0,0
37,3434,69258201,4944,-83,-151,15619,0
13,3436,69268248,-85,0,-3,0,0
4,3435,69278436,35,4669,6727,0,0
37,3435,69278476,4934,-83,-151,15622,0
13,3437,69288324,-128,-9,-10,0,0
L,69291352,VALID,-35.830,-0.450,1
4,3436,69298465,40,4650,6735,0,0
37,3436,69298505,4922,-84,-154,15626,0
13,3438,69308469,-142,-30,-37,0,0
4,3437,69318679,40,4626,6767,0,0
37,3437,69318719,4910,-85,-157,15629,0
13,3439,69328573,-107,-19,-23,0,0
4,3438,69338729,28,4599,6778,0,0
37,3438,69338769,4903,-86,-159,15631,0
13,3440,69348675,-36,-5,-8,0,0
4,3439,69358942,31,4610,6771,0,0
37,3439,69358982,4901,-86,-159,15632,0
13,3441,69368935,18,-3,2,0,0
4,3440,69378993,37,4635,6766,0,0
37,3440,69379061,4903,-86,-159,15631,0
13,3442,69388986,22,1,0,0,0
L,69391580,VALID,-35.605,-0.456,1
4,3441,69399323,33,4637,6743,0,0
37,3441,69399364,4904,-86,-159,15631,0
13,3443,69409171,6,0,0,0,0
4,3442,69419276,34,4643,6735,0,0
37,3442,69419316,4902,-86,-159,15632,0
13,3444,69429348,-19,-3,4,0,0
4,3443,69439442,45,4649,6755,0,0
37,3443,69439482,4899,-87,-159,15633,0
13,3445,69449433,-33,0,4,0,0
4,3444,69459535,30,4633,6753,0,0
37,3444,69459575,4896,-87,-158,15634,0
13,3446,69469544,-32,0,1,0,0
4,3445,69479896,39,4629,6752,0,0
37,3445,69479964,4893,-87,-158,15635,0
13,3447,69489727,-37,0,-1,0,0
L,69492511,VALID,-35.530,-0.466,1
4,3446,69499798,37,4623,6764,0,0
37,3446,69499838,4889,-86,-159,15636,0
13,3448,69509802,-37,2,-3,0,0
4,3447,69520078,39,4627,6746,0,0
37,3447,69520119,4886,-86,-159,15637,0
13,3449,69529969,-55,1,0,0,0
4,3448,69540101,35,4625,6752,0,0
37,3448,69540141,4879,-86,-159,15639,0
13,3450,69550121,-95,-2,1,0,0
4,3449,69560292,35,4598,6776,0,0
37,3449,69560333,4870,-86,-159,15642,0
13,3451,69570233,-89,-2,2,0,0
4,3450,69580344,41,4590,6791,0,0
37,3450,69580385,4864,-87,-159,15644,0
13,3452,69590378,-49,-2,2,0,0
L,69593156,VALID,-35.317,-0.467,1
4,3451,69600502,50,4583,6789,0,0
37,3451,69600542,4860,-87,-159,15645,0
13,3453,69610491,-18,-3,-1,0,0
4,3452,69620611,47,4581,6782,0,0
37,3452,69620652,4858,-87,-159,15646,0
13,3454,69630551,-13,-2,-11,0,0
4,3453,69640957,49,4607,6766,0,0
37,3453,69640998,4856,-88,-162,15646,0
13,3455,69650804,-46,-37,-59,0,0
4,3454,69660921,31,4607,6772,0,0
37,3454,69660961,4850,-90,-168,15648,0
13,3456,69670912,-63,-28,-35,0,0
4,3455,69681034,46,4585,6791,0,0
37,3455,69681075,4844,-91,-171,15650,0
13,3457,69691154,-64,-31,-38,0,0
L,69694174,VALID,-35.171,-0.471,1
4,3456,69701227,33,4579,6801,0,0
37,3456,69701268,4840,-93,-176,15651,0
13,3458,69711204,-20,-22,-31,0,0
4,3457,69721387,35,4580,6793,0,0
37,3457,69721428,4839,-93,-177,15651,0
13,3459,69731368,3,-7,-7,0,0
4,3458,69741531,30,4578,6784,0,0
37,3458,69741571,4838,-93,-178,15651,0
13,3460,69751566,7,-2,-1,0,0
4,3459,69761739,34,4589,6773,0,0
37,3459,69761780,4838,-93,-178,15651,0
13,3461,69771698,0,-2,-6,0,0
4,3460,69781739,32,4583,6789,0,0
37,3460,69781780,4836,-94,-179,15652,0
13,3462,69791696,-8,-11,-14,0,0
L,69794628,VALID,-35.114,-0.475,1
4,3461,69802051,33,4587,6785,0,0
37,3461,69802092,4835,-94,-181,15652,0
13,3463,69811894,-9,-13,-4,0,0
4,3462,69822039,32,4576,6796,0,0
37,3462,69822079,4833,-95,-181,15653,0
13,3464,69832038,2,-8,0,0,0
4,3463,69842158,44,4579,6794,0,0
37,3463,69842198,4834,-96,-181,15653,0
13,3465,69852263,28,-1,0,0,0
4,3464,69862349,40,4594,6779,0,0
37,3464,69862389,4837,-96,-181,15652,0
13,3466,69872332,25,1,2,0,0
4,3465,69882513,40,4599,6775,0,0
37,3465,69882553,4837,-96,-181,15652,0
13,3467,69892514,4,0,-1,0,0
L,69895099,VALID,-35.121,-0.484,1
4,3466,69902677,42,4595,6786,0,0
37,3466,69902718,4836,-96,-181,15652,0
13,3468,69912668,-6,2,0,0,0
4,3467,69922805,36,4577,6803,0,0
37,3467,69922845,4835,-95,-181,15652,0
13,3469,69932761,11,1,0,0,0
4,3468,69942805,42,4593,6778,0,0
37,3468,69942845,4835,-95,-181,15652,0
13,3470,69952899,5,-1,-3,0,0
4,3469,69963105,36,4596,6777,0,0
37,3469,69963145,4834,-95,-181,15653,0
13,3471,69973003,-14,-1,-2,0,0
4,3470,69983183,40,4589,6776,0,0
37,3470,69983223,4831,-95,-182,15653,0
13,3472,69993184,-29,0,-1,0,0
L,69995978,VALID,-35.079,-0.476,1
4,3471,70003343,41,4578,6788,0,0
37,3471,70003383,4829,-95,-182,15654,0
13,3473,70013235,-21,-3,0,0,0
4,3472,70023424,41,4574,6778,0,0
37,3472,70023464,4827,-96,-182,15655,0
13,3474,70033493,-6,1,2,0,0
4,3473,70043674,44,4575,6786,0,0
37,3473,70043714,4826,-96,-182,15655,0
13,3475,70053639,5,0,0,0,0
4,3474,70063691,36,4595,6775,0,0
37,3474,70063731,4826,-96,-182,15655,0
13,3476,70073751,-5,-2,-2,0,0
4,3475,70083854,41,4580,6797,0,0
37,3475,70083895,4824,-96,-183,15656,0
13,3477,70093812,-11,-16,-29,0,0
L,70096849,VALID,-35.026,-0.481,1
4,3476,70104083,45,4580,6785,0,0
37,3476,70104123,4823,-97,-188,15656,0
13,3478,70113976,-8,-38,-64,0,0
4,3477,70124253,28,4603,6774,0,0
37,3477,70124293,4822,-98,-193,15656,0
13,3479,70134173,-31,-22,-33,0,0
4,3478,70144340,25,4583,6786,0,0
37,3478,70144381,4818,-99,-195,15657,0
13,3480,70154339,-45,-8,0,0,0
4,3479,70164482,42,4564,6804,0,0
37,3479,70164523,4814,-100,-195,15659,0
13,3481,70174466,-31,-4,-1,0,0
4,3480,70184560,40,4551,6804,0,0
37,3480,70184600,4812,-100,-195,15659,0
13,3482,70194543,0,-3,0,0,0
L,70197146,VALID,-34.940,-0.485,1
4,3481,70204811,39,4560,6803,0,0
37,3481,70204851,4812,-100,-195,15659,0
13,3483,70214725,32,0,-4,0,0
4,3482,70224783,42,4561,6802,0,0
37,3482,70224823,4816,-100,-196,15658,0
13,3484,70234887,59,-3,-8,0,0
4,3483,70245008,38,4581,6776,0,0
37,3483,70245048,4822,-100,-197,15656,0
13,3485,70254956,52,-7,-11,0,0
4,3484,70265129,28,4600,6765,0,0
37,3484,70265169,4824,-101,-198,15655,0
13,3486,70275173,15,-7,-7,0,0
4,3485,70285352,35,4592,6776,0,0
37,3485,70285392,4825,-101,-199,15655,0
13,3487,70295257,5,0,-1,0,0
L,70297851,VALID,-35.035,-0.482,1
4,3486,70305413,41,4583,6786,0,0
37,3486,70305454,4824,-101,-199,15655,0
13,3488,70315412,9,-1,-3,0,0
4,3487,70325609,37,4594,6792,0,0
37,3487,70325650,4824,-101,-199,15655,0
13,3489,70335515,2,0,0,0,0
4,3488,70345634,37,4582,6790,0,0
37,3488,70345674,4824,-101,-199,15656,0
13,3490,70355731,8,0,-4,0,0
4,3489,70365918,32,4578,6791,0,0
37,3489,70365985,4824,-100,-200,15655,0
13,3491,70375817,15,-1,-3,0,0
4,3490,70385947,45,4595,6770,0,0
37,3490,70385987,4824,-101,-200,15655,0
13,3492,70395938,-1,-4,-5,0,0
L,70398687,VALID,-35.028,-0.480,1
4,3491,70406161,42,4593,6788,0,0
37,3491,70406202,4823,-101,-201,15656,0
13,3493,70416007,-9,-6,-11,0,0
4,3492,70426168,35,4574,6783,0,0
37,3492,70426209,4821,-102,-202,15656,0
13,3494,70436212,-12,-7,-9,0,0
4,3493,70446315,41,4577,6790,0,0
37,3493,70446355,4820,-102,-202,15657,0
13,3495,70456340,7,-1,0,0,0
4,3494,70466382,43,4571,6792,0,0
37,3494,70466422,4820,-102,-203,15657,0
13,3496,70476469,24,0,-5,0,0
4,3495,70486520,30,4595,6786,0,0
37,3495,70486560,4823,-102,-203,15656,0
13,3497,70496538,28,0,-8,0,0
L,70499245,VALID,-35.019,-0.480,1
4,3496,70506651,33,4588,6782,0,0
37,3496,70506692,4825,-102,-204,15655,0
13,3498,70516789,22,0,-5,0,0
4,3497,70526979,45,4603,6763,0,0
37,3497,70527019,4826,-102,-204,15655,0
13,3499,70536891,2,-4,-7,0,0
4,3498,70546976,35,4603,6772,0,0
37,3498,70547017,4825,-102,-205,15655,0
13,3500,70557037,-13,-4,-9,0,0
4,3499,70567123,34,4586,6794,0,0
37,3499,70567164,4823,-102,-206,15656,0
13,3501,70577106,-1,-7,-16,0,0
4,3500,70587131,35,4590,6785,0,0
37,3500,70587172,4824,-102,-209,15655,0
13,3502,70597243,17,-11,-18,0,0
L,70600194,VALID,-35.028,-0.468,1
4,3501,70607427,29,4598,6774,0,0
37,3501,70607468,4824,-103,-210,15655,0
13,3503,70617373,-5,-9,-9,0,0
4,3502,70627475,32,4596,6775,0,0
37,3502,70627515,4823,-103,-211,15656,0
13,3504,70637381,-13,-4,-5,0,0
4,3503,70647725,33,4594,6775,0,0
37,3503,70647765,4821,-103,-211,15656,0
13,3505,70657666,-14,-3,-4,0,0
4,3504,70667802,47,4589,6780,0,0
37,3504,70667843,4819,-103,-212,15657,0
13,3506,70677776,-9,-3,-6,0,0
4,3505,70687948,38,4582,6786,0,0
37,3505,70687989,4819,-104,-213,15657,0
13,3507,70697880,12,-8,-14,0,0
L,70700743,VALID,-34.991,-0.474,1
4,3506,70707916,32,4586,6785,0,0
37,3506,70707957,4821,-104,-215,15656,0
13,3508,70718111,42,-11,-18,0,0
4,3507,70728156,33,4603,6760,0,0
37,3507,70728196,4825,-105,-216,15655,0
13,3509,70738215,31,-12,-12,0,0
4,3508,70748199,29,4609,6770,0,0
37,3508,70748239,4827,-105,-217,15654,0
13,3510,70758170,9,-3,-6,0,0
4,3509,70768472,33,4595,6789,0,0
37,3509,70768513,4826,-105,-218,15654,0
13,3511,70778406,6,-2,-5,0,0
4,3510,70788540,33,4590,6776,0,0
37,3510,70788581,4827,-105,-218,15654,0
13,3512,70798472,26,-2,-9,0,0
L,70801266,VALID,-35.050,-0.469,1
4,3511,70808603,35,4599,6769,0,0
37,3511,70808643,4830,-105,-219,15653,0
13,3513,70818584,14,-3,-10,0,0
4,3512,70828730,34,4606,6764,0,0
37,3512,70828770,4830,-105,-221,15653,0
13,3514,70838704,-10,-5,-14,0,0
4,3513,70848927,31,4616,6753,0,0
37,3513,70848968,4828,-105,-222,15654,0
13,3515,70858773,-42,-7,-10,0,0
4,3514,70869004,29,4608,6764,0,0
37,3514,70869044,4822,-105,-223,15656,0
13,3516,70879039,-66,-3,-2,0,0
4,3515,70889179,27,4585,6793,0,0
37,3515,70889220,4817,-105,-223,15657,0
13,3517,70899128,-51,-4,-1,0,0
L,70901963,VALID,-34.977,-0.460,1
4,3516,70909325,35,4576,6795,0,0
37,3516,70909366,4813,-105,-223,15658,0
13,3518,70919238,-29,-3,-1,0,0
4,3517,70929469,27,4596,6777,0,0
37,3517,70929509,4811,-106,-223,15659,0
13,3519,70939453,-44,-2,1,0,0
4,3518,70949476,38,4572,6787,0,0
37,3518,70949516,4806,-106,-223,15661,0
13,3520,70959502,-47,-4,4,0,0
4,3519,70969675,32,4564,6811,0,0
37,3519,70969715,4802,-106,-223,15662,0
13,3521,70979642,-13,1,0,0,0
4,3520,70989854,37,4585,6782,0,0
37,3520,70989894,4801,-106,-223,15662,0
13,3522,70999745,-26,0,-3,0,0
L,71002538,VALID,-34.860,-0.469,1
4,3521,71009998,32,4569,6798,0,0
37,3521,71010038,4798,-106,-223,15663,0
13,3523,71019848,-25,-2,2,0,0
4,3522,71030098,34,4564,6800,0,0
37,3522,71030138,4796,-106,-223,15664,0
13,3524,71040063,-2,0,1,0,0
4,3523,71050215,37,4556,6807,0,0
37,3523,71050255,4796,-106,-223,15664,0
13,3525,71060199,28,-1,-3,0,0
4,3524,71070268,31,4579,6792,0,0
37,3524,71070309,4800,-106,-224,15663,0
13,3526,71080295,41,0,0,0,0
4,3525,71090507,32,4585,6779,0,0
37,3525,71090548,4802,-106,-223,15662,0
13,3527,71100450,28,0,1,0,0
L,71103052,VALID,-34.867,-0.469,1
4,3526,71110520,38,4588,6780,0,0
37,3526,71110560,4804,-106,-223,15661,0
13,3528,71120570,14,0,0,0,0
4,3527,71130756,29,4576,6783,0,0
37,3527,71130824,4805,-106,-224,15661,0
13,3529,71140663,11,2,-2,0,0
4,3528,71150956,38,4600,6782,0,0
37,3528,71150997,4805,-106,-224,15661,0
13,3530,71160873,-8,0,-1,0,0
4,3529,71171085,35,4589,6774,0,0
37,3529,71171125,4803,-106,-224,15661,0
13,3531,71181000,-36,0,-2,0,0
4,3530,71191080,37,4569,6793,0,0
37,3530,71191120,4800,-106,-224,15663,0
13,3532,71201232,-29,0,0,0,0
L,71203914,VALID,-34.851,-0.467,1
4,3531,71211347,33,4563,6806,0,0
37,3531,71211387,4798,-106,-224,15663,0
13,3533,71221242,8,-2,0,0,0
4,3532,71231384,44,4551,6810,0,0
37,3532,71231424,4800,-106,-224,15663,0
13,3534,71241413,50,-2,0,0,0
4,3533,71251670,33,4574,6793,0,0
37,3533,71251711,4805,-106,-224,15661,0
13,3535,71261657,60,-3,-1,0,0
4,3534,71271691,36,4587,6777,0,0
37,3534,71271732,4810,-106,-225,15659,0
13,3536,71281750,45,-5,-4,0,0
4,3535,71291800,32,4604,6772,0,0
37,3535,71291840,4813,-107,-225,15658,0
13,3537,71301748,25,-7,-6,0,0
L,71304498,VALID,-34.949,-0.470,1
4,3536,71311956,36,4603,6771,0,0
37,3536,71311997,4815,-107,-226,15658,0
13,3538,71321894,0,-1,1,0,0
4,3537,71332221,43,4598,6780,0,0
37,3537,71332262,4814,-108,-225,15658,0
13,3539,71342033,4,0,2,0,0
4,3538,71352168,35,4595,6765,0,0
37,3538,71352209,4815,-108,-225,15658,0
13,3540,71362273,-2,0,0,0,0
4,3539,71372391,44,4592,6780,0,0
37,3539,71372459,4814,-108,-225,15658,0
13,3541,71382334,-6,0,1,0,0
4,3540,71392374,37,4584,6784,0,0
37,3540,71392414,4813,-108,-225,15659,0
13,3542,71402533,-1,1,0,0,0
L,71405108,VALID,-34.947,-0.476,1
4,3541,71412800,35,4584,6784,0,0
37,3541,71412840,4812,-107,-225,15659,0
13,3543,71422651,7,1,-2,0,0
4,3542,71432718,31,4594,6790,0,0
37,3542,71432759,4813,-107,-225,15659,0
13,3544,71442763,2,-1,0,0,0
4,3543,71452803,30,4581,6791,0,0
37,3543,71452844,4812,-107,-225,15659,0
13,3545,71462899,1,0,0,0,0
4,3544,71472975,25,4580,6779,0,0
37,3544,71473015,4812,-107,-225,15659,0
13,3546,71482969,8,1,1,0,0
4,3545,71493242,32,4580,6778,0,0
37,3545,71493309,4813,-107,-225,15659,0
13,3547,71503133,14,0,0,0,0
L,71505727,VALID,-34.946,-0.470,1
4,3546,71513185,36,4595,6774,0,0
37,3546,71513253,4814,-106,-225,15658,0
13,3548,71523141,16,0,1,0,0
4,3547,71533389,28,4595,6774,0,0
37,3547,71533430,4815,-106,-225,15658,0
13,3549,71543434,16,0,0,0,0
4,3548,71553483,30,4610,6775,0,0
37,3548,71553523,4817,-106,-225,15657,0
13,3550,71563537,18,0,2,0,0
4,3549,71573708,50,4605,6766,0,0
37,3549,71573748,4818,-107,-225,15657,0
13,3551,71583674,2,-2,0,0,0
4,3550,71593724,36,4589,6778,0,0
37,3550,71593764,4817,-107,-225,15657,0
13,3552,71603682,12,-4,-7,0,0
L,71606449,VALID,-34.977,-0.469,1
4,3551,71613985,37,4579,6790,0,0
37,3551,71614026,4819,-107,-227,15657,0
13,3553,71623838,32,-22,-31,0,0
4,3552,71634000,33,4601,6763,0,0
37,3552,71634068,4822,-108,-231,15655,0
13,3554,71644018,29,-19,-34,0,0
4,3553,71654303,33,4606,6773,0,0
37,3553,71654343,4824,-109,-234,15655,0
13,3555,71664199,18,-14,-24,0,0
4,3554,71674327,29,4607,6764,0,0
37,3554,71674367,4825,-109,-236,15655,0
13,3556,71684309,-4,-7,-13,0,0
4,3555,71694421,40,4603,6773,0,0
37,3555,71694461,4824,-110,-237,15655,0
13,3557,71704353,-13,-6,-10,0,0
L,71707320,VALID,-35.028,-0.464,1
4,3556,71714554,36,4594,6783,0,0
37,3556,71714595,4823,-110,-238,15655,0
13,3558,71724568,6,-3,-7,0,0
4,3557,71734696,30,4592,6797,0,0
37,3557,71734736,4824,-110,-238,15655,0
13,3559,71744646,34,0,-1,0,0
4,3558,71754755,30,4615,6754,0,0
37,3558,71754796,4827,-110,-238,15654,0
13,3560,71764722,27,-1,0,0,0
4,3559,71774928,43,4614,6764,0,0
37,3559,71774969,4829,-110,-238,15653,0
13,3561,71784965,24,1,-3,0,0
4,3560,71795012,41,4617,6754,0,0
37,3560,71795053,4831,-110,-238,15653,0
13,3562,71805040,2,0,0,0,0
L,71807513,VALID,-35.079,-0.461,1
4,3561,71815283,31,4609,6759,0,0
37,3561,71815324,4831,-110,-238,15653,0
13,3563,71825197,-2,1,0,0,0
4,3562,71835322,43,4616,6771,0,0
37,3562,71835362,4831,-110,-238,15653,0
13,3564,71845256,8,2,0,0,0
4,3563,71855424,34,4605,6767,0,0
37,3563,71855464,4831,-110,-238,15653,0
13,3565,71865488,16,0,3,0,0
4,3564,71875545,39,4606,6768,0,0
37,3564,71875586,4832,-110,-238,15652,0
13,3566,71885564,16,1,0,0,0
4,3565,71895745,36,4623,6753,0,0
37,3565,71895785,4834,-111,-237,15652,0
13,3567,71905696,0,0,0,0,0
L,71908184,VALID,-35.101,-0.469,1
4,3566,71915815,36,4617,6768,0,0
37,3566,71915855,4833,-110,-238,15652,0
13,3568,71925757,-18,1,-1,0,0
4,3567,71935952,28,4617,6770,0,0
37,3567,71935993,4831,-110,-238,15653,0
13,3569,71945916,-30,0,0,0,0
4,3568,71955991,39,4604,6768,0,0
37,3568,71956031,4828,-111,-237,15654,0
13,3570,71966106,-20,-2,5,0,0
4,3569,71976278,38,4601,6777,0,0
37,3569,71976318,4826,-111,-237,15654,0
13,3571,71986219,-7,1,0,0,0
4,3570,71996242,37,4594,6778,0,0
37,3570,71996282,4826,-111,-237,15654,0
13,3572,72006320,11,1,0,0,0
L,72008941,VALID,-35.044,-0.470,1
4,3571,72016530,32,4614,6775,0,0
37,3571,72016571,4827,-110,-237,15654,0
13,3573,72026608,7,0,-1,0,0
4,3572,72036663,27,4609,6775,0,0
37,3572,72036704,4827,-110,-237,15654,0
13,3574,72046641,6,-1,1,0,0
4,3573,72056836,31,4599,6773,0,0
37,3573,72056877,4827,-110,-237,15654,0
13,3575,72066752,17,-1,2,0,0
4,3574,72076810,36,4605,6765,0,0
37,3574,72076851,4829,-110,-237,15653,0
13,3576,72086888,16,1,0,0,0
4,3575,72096938,39,4621,6759,0,0
37,3575,72096978,4830,-110,-237,15653,0
13,3577,72106992,-1,3,1,0,0
L,72109569,VALID,-35.073,-0.463,1
4,3576,72117044,37,4624,6767,0,0
37,3576,72117085,4829,-110,-237,15653,0
13,3578,72127129,-22,2,0,0,0
4,3577,72137310,29,4602,6765,0,0
37,3577,72137351,4826,-110,-237,15654,0
13,3579,72147138,-27,0,0,0,0
4,3578,72157421,36,4600,6784,0,0
37,3578,72157462,4824,-110,-237,15655,0
13,3580,72167389,-5,-1,-2,0,0
4,3579,72177542,26,4601,6777,0,0
37,3579,72177582,4825,-109,-237,15655,0
13,3581,72187490,18,0,0,0,0
4,3580,72197532,26,4607,6762,0,0
37,3580,72197572,4827,-109,-237,15654,0
13,3582,72207617,18,2,1,0,0
L,72210213,VALID,-35.050,-0.457,1
4,3581,72217715,24,4612,6766,0,0
37,3581,72217755,4827,-109,-237,15654,0
13,3583,72227851,-6,0,0,0,0
4,3582,72237789,32,4603,6759,0,0
37,3582,72237829,4826,-109,-237,15654,0
13,3584,72247946,-19,1,0,0,0
4,3583,72257961,32,4609,6766,0,0
37,3583,72258002,4824,-109,-237,15655,0
13,3585,72267860,-16,0,3,0,0
4,3584,72278065,35,4602,6772,0,0
37,3584,72278106,4823,-109,-237,15655,0
13,3586,72288111,-9,-2,0,0,0
4,3585,72298350,36,4597,6780,0,0
37,3585,72298390,4822,-109,-236,15656,0
13,3587,72308228,-2,-1,1,0,0
L,72310954,VALID,-35.013,-0.459,1
4,3586,72318315,37,4589,6784,0,0
37,3586,72318356,4822,-109,-236,15656,0
13,3588,72328314,26,1,1,0,0
4,3587,72338459,39,4607,6776,0,0
37,3587,72338500,4825,-109,-236,15655,0
13,3589,72348409,35,0,0,0,0
4,3588,72358570,37,4621,6748,0,0
37,3588,72358611,4828,-109,-236,15654,0
13,3590,72368504,6,0,0,0,0
4,3589,72378855,38,4611,6775,0,0
37,3589,72378896,4827,-109,-236,15654,0
13,3591,72388729,-4,2,-2,0,0
4,3590,72398804,34,4611,6770,0,0
37,3590,72398845,4826,-109,-236,15654,0
13,3592,72408789,-8,1,-1,0,0
L,72411451,VALID,-35.044,-0.459,1
4,3591,72419013,27,4616,6760,0,0
37,3591,72419053,4826,-108,-236,15654,0
13,3593,72428916,-9,0,2,0,0
4,3592,72439043,38,4608,6770,0,0
37,3592,72439083,4825,-109,-236,15655,0
13,3594,72449088,-13,0,0,0,0
4,3593,72459276,35,4600,6775,0,0
37,3593,72459317,4823,-109,-236,15655,0
13,3595,72469157,-8,0,0,0,0
4,3594,72479318,39,4598,6778,0,0
37,3594,72479358,4823,-109,-236,15655,0
13,3596,72489312,2,1,2,0,0
4,3595,72499584,39,4599,6788,0,0
37,3595,72499652,4823,-109,-236,15655,0
13,3597,72509450,16,0,0,0,0
L,72512061,VALID,-35.022,-0.459,1
4,3596,72519544,31,4609,6769,0,0
37,3596,72519584,4824,-109,-236,15655,0
13,3598,72529535,19,1,1,0,0
4,3597,72539878,37,4615,6762,0,0
37,3597,72539918,4826,-109,-236,15654,0
13,3599,72549718,9,-1,0,0,0
4,3598,72559868,27,4608,6759,0,0
37,3598,72559908,4826,-109,-236,15654,0
13,3600,72569871,-5,1,0,0,0
4,3599,72579982,32,4609,6766,0,0
37,3599,72580022,4826,-108,-236,15654,0
13,3601,72589974,-4,-3,0,0,0
4,3600,72600049,27,4610,6779,0,0
37,3600,72600089,4825,-108,-236,15655,0
13,3602,72610067,0,-1,-1,0,0
L,72612740,VALID,-35.035,-0.452,1
4,3601,72620267,36,4612,6762,0,0
37,3601,72620307,4826,-109,-236,15654,0
13,3603,72630215,4,0,-1,0,0
4,3602,72640297,26,4613,6777,0,0
37,3602,72640337,4826,-108,-236,15654,0
13,3604,72650290,3,-2,-1,0,0
4,3603,72660617,31,4618,6759,0,0
37,3603,72660658,4826,-108,-236,15654,0
13,3605,72670483,-15,1,3,0,0
4,3604,72680583,33,4606,6767,0,0
37,3604,72680623,4824,-108,-236,15655,0
13,3606,72690583,-26,1,2,0,0
4,3605,72700754,38,4588,6786,0,0
37,3605,72700794,4822,-108,-236,15656,0
13,3607,72710851,0,0,0,0,0
L,72713327,VALID,-35.013,-0.453,1
4,3606,72720903,37,4595,6771,0,0
37,3606,72720943,4822,-108,-236,15656,0
13,3608,72730876,4,0,-1,0,0
4,3607,72740994,41,4615,6765,0,0
37,3607,72741035,4822,-108,-236,15655,0
13,3609,72751014,-6,0,-1,0,0
4,3608,72761202,25,4605,6787,0,0
37,3608,72761243,4821,-108,-236,15656,0
13,3610,72771231,-2,-2,0,0,0
4,3609,72781410,32,4604,6779,0,0
37,3609,72781451,4821,-108,-236,15656,0
13,3611,72791334,9,0,0,0,0
4,3610,72801406,32,4612,6773,0,0
37,3610,72801446,4822,-108,-236,15655,0
13,3612,72811357,13,-1,1,0,0
L,72814029,VALID,-35.015,-0.453,1
4,3611,72821608,34,4600,6775,0,0
37,3611,72821648,4824,-108,-236,15655,0
13,3613,72831521,28,0,0,0,0
4,3612,72841674,35,4609,6768,0,0
37,3612,72841715,4827,-108,-236,15654,0
13,3614,72851650,33,-3,0,0,0
4,3613,72861862,35,4615,6780,0,0
37,3613,72861903,4829,-109,-236,15653,0
13,3615,72871892,34,0,0,0,0
4,3614,72881959,46,4611,6762,0,0
37,3614,72881999,4832,-109,-236,15652,0
13,3616,72891942,32,1,0,0,0
4,3615,72901983,36,4625,6759,0,0
37,3615,72902051,4835,-109,-236,15651,0
13,3617,72912108,22,-1,1,0,0
L,72914770,VALID,-35.110,-0.458,1
4,3616,72922290,37,4625,6757,0,0
37,3616,72922330,4837,-109,-236,15651,0
13,3618,72932243,12,-2,0,0,0
4,3617,72942372,42,4619,6773,0,0
37,3617,72942412,4838,-109,-236,15651,0
13,3619,72952337,23,1,-1,0,0
4,3618,72962353,26,4620,6761,0,0
37,3618,72962394,4840,-109,-236,15650,0
13,3620,72972466,25,0,1,0,0
4,3619,72982637,32,4629,6744,0,0
37,3619,72982677,4842,-109,-236,15649,0
13,3621,72992545,13,-2,3,0,0
4,3620,73002740,35,4619,6770,0,0
37,3620,73002781,4843,-110,-236,15649,0
13,3622,73012717,25,-1,0,0,0
L,73015432,VALID,-35.168,-0.463,1
4,3621,73022909,33,4617,6767,0,0
37,3621,73022949,4846,-110,-236,15648,0
13,3623,73032750,42,0,-5,0,0
4,3622,73042923,32,4627,6756,0,0
37,3622,73042963,4851,-110,-236,15647,0
13,3624,73053025,52,0,-8,0,0
4,3623,73063111,31,4635,6757,0,0
37,3623,73063151,4854,-110,-238,15645,0
13,3625,73073094,40,-11,-17,0,0
4,3624,73083189,34,4647,6748,0,0
37,3624,73083230,4858,-110,-240,15644,0
13,3626,73093232,31,-13,-20,0,0
4,3625,73103411,31,4641,6746,0,0
37,3625,73103451,4860,-111,-241,15644,0
13,3627,73113258,19,-4,-7,0,0
L,73116007,VALID,-35.292,-0.457,1
4,3626,73123568,36,4646,6751,0,0
37,3626,73123608,4862,-111,-242,15643,0
13,3628,73133439,14,-1,-3,0,0
4,3627,73143644,39,4640,6746,0,0
37,3627,73143685,4863,-111,-242,15643,0
13,3629,73153680,27,-1,0,0,0
4,3628,73163784,32,4644,6730,0,0
37,3628,73163824,4866,-111,-242,15642,0
13,3630,73173799,22,-1,1,0,0
4,3629,73183997,29,4644,6736,0,0
37,3629,73184037,4868,-111,-242,15641,0
13,3631,73193920,15,1,0,0,0
4,3630,73203987,34,4647,6734,0,0
37,3630,73204028,4869,-111,-242,15641,0
13,3632,73213971,11,0,-2,0,0
L,73216660,VALID,-35.358,-0.454,1
4,3631,73224161,34,4659,6730,0,0
37,3631,73224202,4869,-111,-242,15641,0
13,3633,73234169,-16,-1,1,0,0
4,3632,73244192,31,4646,6735,0,0
37,3632,73244233,4867,-111,-242,15641,0
13,3634,73254263,-29,-1,2,0,0
4,3633,73264470,41,4632,6765,0,0
37,3633,73264511,4864,-112,-241,15642,0
13,3635,73274349,-11,-3,4,0,0
4,3634,73284513,33,4626,6764,0,0
37,3634,73284554,4864,-112,-241,15642,0
13,3636,73294584,26,-2,0,0,0
4,3635,73304683,31,4632,6750,0,0
37,3635,73304723,4868,-112,-241,15641,0
13,3637,73314641,44,-4,0,0,0
L,73317366,VALID,-35.351,-0.463,1
4,3636,73324772,37,4652,6742,0,0
37,3636,73324812,4872,-113,-241,15640,0
13,3638,73334770,36,0,-3,0,0
4,3637,73344993,40,4637,6755,0,0
37,3637,73345033,4875,-113,-242,15639,0
13,3639,73354883,50,0,0,0,0
4,3638,73364990,39,4663,6732,0,0
37,3638,73365030,4880,-113,-241,15637,0
13,3640,73375115,44,0,0,0,0
4,3639,73385251,36,4665,6726,0,0
37,3639,73385291,4882,-113,-242,15637,0
13,3641,73395167,22,-1,0,0,0
4,3640,73405287,34,4669,6733,0,0
37,3640,73405327,4884,-113,-242,15636,0
13,3642,73415288,18,-2,0,0,0
L,73417967,VALID,-35.469,-0.465,1
4,3641,73425537,39,4661,6727,0,0
37,3641,73425578,4886,-113,-242,15636,0
13,3643,73435355,13,0,0,0,0
4,3642,73445533,37,4673,6718,0,0
37,3642,73445573,4887,-113,-242,15635,0
13,3644,73455500,-1,3,-2,0,0
4,3643,73465635,32,4667,6724,0,0
37,3643,73465675,4886,-113,-242,15636,0
13,3645,73475673,-24,0,-1,0,0
4,3644,73485757,28,4660,6738,0,0
37,3644,73485797,4883,-112,-242,15636,0
13,3646,73495836,-32,0,3,0,0
4,3645,73505894,38,4629,6759,0,0
37,3645,73505935,4880,-113,-241,15637,0
13,3647,73515870,-9,0,5,0,0
L,73518464,VALID,-35.440,-0.468,1
4,3646,73526000,36,4646,6756,0,0
37,3646,73526067,4882,-113,-241,15637,0
13,3648,73536131,32,-1,0,0,0
4,3647,73546239,35,4658,6732,0,0
37,3647,73546279,4884,-113,-241,15636,0
13,3649,73556197,29,0,0,0,0
4,3648,73566281,31,4680,6720,0,0
37,3648,73566321,4887,-113,-241,15635,0
13,3650,73576316,-5,1,2,0,0
4,3649,73586461,31,4666,6720,0,0
37,3649,73586501,4882,-112,-241,15637,0
13,3651,73596395,-53,1,5,0,0
4,3650,73606401,29,4653,6739,0,0
37,3650,73606441,4881,-112,-241,15637,0
13,3652,73616548,-22,1,0,0,0
L,73619256,VALID,-35.447,-0.461,1
4,3651,73626663,28,4656,6734,0,0
37,3651,73626704,4878,-112,-240,15638,0
13,3653,73636696,-33,1,2,0,0
4,3652,73646746,34,4659,6736,0,0
37,3652,73646813,4875,-112,-240,15639,0
13,3654,73656669,-41,2,3,0,0
4,3653,73667063,37,4641,6753,0,0
37,3653,73667104,4871,-112,-240,15640,0
13,3655,73676988,-20,0,4,0,0
4,3654,73687081,34,4637,6749,0,0
37,3654,73687122,4870,-112,-240,15641,0
13,3656,73697039,5,2,0,0,0
4,3655,73707149,39,4642,6744,0,0
37,3655,73707190,4872,-112,-239,15640,0
13,3657,73717211,21,2,0,0,0
L,73719823,VALID,-35.380,-0.466,1
4,3656,73727204,35,4649,6734,0,0
37,3656,73727244,4873,-112,-239,15640,0
13,3658,73737426,7,0,0,0,0
4,3657,73747476,34,4652,6739,0,0
37,3657,73747516,4873,-112,-239,15640,0
13,3659,73757503,0,0,2,0,0
4,3658,73767492,36,4650,6734,0,0
37,3658,73767533,4873,-112,-239,15640,0
13,3660,73777460,-9,-2,2,0,0
4,3659,73787710,31,4650,6730,0,0
37,3659,73787751,4872,-112,-239,15640,0
13,3661,73797729,-17,0,0,0,0
4,3660,73807829,38,4641,6740,0,0
37,3660,73807870,4870,-112,-239,15640,0
13,3662,73817786,-13,1,0,0,0
L,73820468,VALID,-35.367,-0.467,1
4,3661,73827960,34,4648,6750,0,0
37,3661,73828001,4869,-112,-239,15641,0
13,3663,73837872,-4,0,-3,0,0
4,3662,73848000,34,4643,6739,0,0
37,3662,73848040,4869,-111,-240,15641,0
13,3664,73858018,13,-1,-3,0,0
4,3663,73868172,31,4640,6748,0,0
37,3663,73868213,4871,-111,-240,15640,0
13,3665,73878069,21,0,-3,0,0
4,3664,73888300,36,4645,6746,0,0
37,3664,73888341,4872,-111,-240,15640,0
13,3666,73898337,13,0,-2,0,0
4,3665,73908502,39,4640,6757,0,0
37,3665,73908542,4873,-111,-240,15640,0
13,3667,73918391,30,1,-4,0,0
L,73921060,VALID,-35.387,-0.457,1
4,3666,73928604,28,4650,6732,0,0
37,3666,73928645,4876,-111,-241,15639,0
13,3668,73938534,23,1,-1,0,0
4,3667,73948714,31,4665,6741,0,0
37,3667,73948754,4877,-111,-241,15638,0
13,3669,73958724,-10,0,-2,0,0
4,3668,73968775,30,4652,6741,0,0
37,3668,73968815,4875,-110,-241,15639,0
13,3670,73978792,-11,-5,-12,0,0
4,3669,73989042,35,4645,6755,0,0
37,3669,73989082,4875,-111,-244,15639,0
13,3671,73998905,17,-20,-39,0,0
4,3670,74009146,31,4666,6721,0,0
37,3670,74009213,4877,-112,-247,15638,0
13,3672,74019077,6,-14,-25,0,0
L,74021948,VALID,-35.418,-0.449,1
4,3671,74029235,31,4653,6733,0,0
37,3671,74029275,4877,-112,-250,15638,0
13,3673,74039102,7,-11,-18,0,0
4,3672,74049412,33,4658,6727,0,0
37,3672,74049452,4878,-112,-251,15638,0
13,3674,74059325,0,-5,-13,0,0
4,3673,74069540,36,4640,6744,0,0
37,3673,74069580,4878,-112,-253,15638,0
13,3675,74079454,14,-12,-33,0,0
4,3674,74089548,16,4667,6733,0,0
37,3674,74089589,4881,-113,-256,15637,0
13,3676,74099574,30,-11,-17,0,0
4,3675,74109711,22,4664,6728,0,0
37,3675,74109751,4882,-113,-257,15637,0
13,3677,74119686,7,-4,-4,0,0
L,74122341,VALID,-35.453,-0.434,1
4,3676,74129747,35,4655,6734,0,0
37,3676,74129787,4882,-113,-257,15637,0
13,3678,74139806,-4,0,2,0,0
4,3677,74150056,41,4661,6734,0,0
37,3677,74150096,4881,-114,-257,15637,0
13,3679,74159859,1,0,1,0,0
4,3678,74170182,29,4643,6744,0,0
37,3678,74170222,4881,-114,-257,15637,0
13,3680,74180064,6,1,-3,0,0
4,3679,74190234,34,4668,6723,0,0
37,3679,74190274,4882,-113,-257,15637,0
13,3681,74200191,-8,0,-3,0,0
4,3680,74210255,28,4670,6738,0,0
37,3680,74210295,4881,-113,-257,15637,0
13,3682,74220408,-18,1,-3,0,0
L,74223185,VALID,-35.446,-0.434,1
4,3681,74230583,28,4654,6741,0,0
37,3681,74230623,4879,-113,-258,15638,0
13,3683,74240443,-11,0,0,0,0
4,3682,74250587,28,4646,6731,0,0
37,3682,74250627,4878,-112,-258,15638,0
13,3684,74260623,0,1,0,0,0
4,3683,74270829,32,4656,6728,0,0
37,3683,74270869,4878,-112,-257,15638,0
13,3685,74280850,-8,2,3,0,0
4,3684,74290873,31,4648,6731,0,0
37,3684,74290913,4876,-112,-257,15638,0
13,3686,74300891,-24,0,0,0,0
4,3685,74311062,33,4660,6748,0,0
37,3685,74311102,4874,-112,-257,15639,0
13,3687,74320964,-27,1,0,0,0
L,74323639,VALID,-35.395,-0.429,1
4,3686,74331140,34,4654,6722,0,0
37,3686,74331181,4871,-112,-257,15640,0
13,3688,74341096,-47,2,-1,0,0
4,3687,74351283,23,4642,6747,0,0
37,3687,74351324,4867,-112,-257,15641,0
13,3689,74361225,-42,1,0,0,0
4,3688,74371324,31,4618,6766,0,0
37,3688,74371364,4864,-112,-257,15642,0
13,3690,74381447,-12,3,3,0,0
4,3689,74391672,24,4639,6754,0,0
37,3689,74391713,4863,-111,-257,15642,0
13,3691,74401544,7,2,0,0,0
4,3690,74411576,28,4648,6751,0,0
37,3690,74411616,4864,-111,-257,15642,0
13,3692,74421682,10,1,0,0,0
L,74424275,VALID,-35.322,-0.423,1
4,3691,74431924,27,4652,6730,0,0
37,3691,74431964,4865,-111,-257,15642,0
13,3693,74441835,-7,-1,1,0,0
4,3692,74451877,35,4649,6735,0,0
37,3692,74451918,4864,-111,-257,15642,0
13,3694,74461929,-21,2,0,0,0
4,3693,74472032,22,4648,6743,0,0
37,3693,74472072,4861,-111,-257,15643,0
13,3695,74482101,-30,0,1,0,0
4,3694,74492178,26,4640,6737,0,0
37,3694,74492219,4858,-111,-257,15644,0
13,3696,74502161,-40,1,0,0,0
4,3695,74512376,25,4629,6767,0,0
37,3695,74512416,4855,-110,-257,15645,0
13,3697,74522334,-24,2,-4,0,0
L,74525111,VALID,-35.256,-0.418,1
4,3696,74532386,18,4619,6756,0,0
37,3696,74532454,4853,-110,-257,15645,0
13,3698,74542377,7,1,-2,0,0
4,3697,74552667,23,4641,6753,0,0
37,3697,74552708,4855,-109,-258,15645,0
13,3699,74562635,16,2,-4,0,0
4,3698,74572685,18,4648,6745,0,0
37,3698,74572725,4857,-109,-258,15644,0
13,3700,74582738,10,1,1,0,0
4,3699,74592849,23,4644,6745,0,0
37,3699,74592889,4857,-108,-257,15644,0
13,3701,74602884,-9,-1,1,0,0
4,3700,74612909,29,4646,6745,0,0
37,3700,74612949,4855,-108,-258,15645,0
13,3702,74622901,-26,0,1,0,0
L,74625573,VALID,-35.255,-0.403,1
4,3701,74633300,28,4623,6764,0,0
37,3701,74633341,4853,-109,-257,15646,0
13,3703,74643074,0,-1,3,0,0
4,3702,74653208,40,4620,6756,0,0
37,3702,74653276,4854,-109,-257,15645,0
13,3704,74663291,26,1,-2,0,0
4,3703,74673436,28,4633,6758,0,0
37,3703,74673476,4857,-109,-257,15644,0
13,3705,74683418,39,3,-7,0,0
4,3704,74693563,21,4640,6749,0,0
37,3704,74693603,4861,-108,-258,15643,0
13,3706,74703529,39,2,0,0,0
4,3705,74713726,32,4654,6736,0,0
37,3705,74713767,4863,-108,-258,15642,0
13,3707,74723633,12,0,0,0,0
L,74726227,VALID,-35.315,-0.401,1
4,3706,74733770,16,4654,6733,0,0
37,3706,74733810,4864,-108,-258,15642,0
13,3708,74743796,-7,1,5,0,0
4,3707,74753896,24,4633,6755,0,0
37,3707,74753937,4863,-108,-257,15642,0
13,3709,74763925,12,0,3,0,0
4,3708,74774018,25,4635,6761,0,0
37,3708,74774058,4865,-108,-257,15642,0
13,3710,74784002,24,2,-1,0,0
4,3709,74794275,32,4658,6733,0,0
37,3709,74794316,4867,-108,-257,15641,0
13,3711,74804261,6,0,-1,0,0
4,3710,74814285,13,4641,6755,0,0
37,3710,74814325,4867,-107,-257,15641,0
13,3712,74824290,21,0,0,0,0
L,74826880,VALID,-35.344,-0.396,1
4,3711,74834502,24,4641,6746,0,0
37,3711,74834542,4870,-108,-257,15640,0
13,3713,74844484,43,6,0,0,0
4,3712,74854602,26,4661,6734,0,0
37,3712,74854642,4874,-107,-257,15639,0
13,3714,74864561,35,6,0,0,0
4,3713,74874790,23,4649,6740,0,0
37,3713,74874831,4876,-106,-257,15638,0
13,3715,74884793,44,3,-2,0,0
4,3714,74894887,25,4665,6725,0,0
37,3714,74894928,4881,-106,-256,15637,0
13,3716,74904941,32,7,7,0,0
4,3715,74915060,27,4677,6712,0,0
37,3715,74915100,4883,-106,-256,15636,0
13,3717,74925045,-1,5,0,0,0
L,74927646,VALID,-35.461,-0.389,1
4,3716,74935208,22,4655,6730,0,0
37,3716,74935248,4883,-105,-256,15636,0
13,3718,74945129,-5,9,-6,0,0
4,3717,74955387,24,4663,6751,0,0
37,3717,74955427,4881,-104,-256,15637,0
13,3719,74965276,-12,12,-8,0,0
4,3718,74975369,21,4668,6722,0,0
37,3718,74975409,4881,-101,-256,15637,0
13,3720,74985499,-29,39,17,0,0
4,3719,74995568,24,4672,6735,0,0
37,3719,74995609,4876,-99,-252,15639,0
13,3721,75005645,-65,51,31,0,0
4,3720,75015619,26,4640,6751,0,0
37,3720,75015659,4871,-94,-248,15640,0
13,3722,75025696,-43,65,28,0,0
L,75028569,VALID,-35.371,-0.328,1
4,3721,75035977,3,4622,6775,0,0
37,3721,75036017,4869,-89,-244,15641,0
13,3723,75045974,9,76,40,0,0
4,3722,75056040,17,4654,6735,0,0
37,3722,75056080,4871,-82,-238,15640,0
13,3724,75066066,24,90,41,0,0
4,3723,75076187,-2,4660,6730,0,0
37,3723,75076228,4873,-77,-231,15640,0
13,3725,75086118,10,90,67,0,0
4,3724,75096212,11,4667,6715,0,0
37,3724,75096252,4873,-70,-223,15640,0
13,3726,75106272,-33,94,49,0,0
4,3725,75116393,0,4668,6723,0,0
37,3725,75116433,4868,-64,-218,15642,0
13,3727,75126384,-93,90,39,0,0
L,75129231,VALID,-35.344,-0.190,1
4,3726,75136465,6,4640,6734,0,0
37,3726,75136505,4858,-58,-212,15645,0
13,3728,75146521,-119,84,32,0,0
4,3727,75156671,-18,4623,6770,0,0
37,3727,75156712,4849,-50,-207,15648,0
13,3729,75166548,-101,94,33,0,0
4,3728,75176806,6,4647,6746,0,0
37,3728,75176847,4839,-41,-201,15651,0
13,3730,75186822,-130,162,39,0,0
4,3729,75196997,-33,4597,6790,0,0
37,3729,75197038,4829,-27,-194,15654,0
13,3731,75206900,-99,155,34,0,0
4,3730,75216996,-49,4625,6766,0,0
37,3730,75217036,4822,-17,-187,15657,0
13,3732,75227046,-117,97,39,0,0
L,75229980,VALID,-35.003,0.055,1
4,3731,75237118,-31,4614,6760,0,0
37,3731,75237158,4808,-12,-182,15661,0
13,3733,75247279,-172,56,26,0,0
4,3732,75257221,38,4571,6807,0,0
37,3732,75257261,4796,-9,-180,15665,0
13,3734,75267364,-107,30,2,0,0
4,3733,75277496,-18,4559,6811,0,0
37,3733,75277537,4788,-6,-177,15667,0
13,3735,75287304,-55,52,53,0,0
4,3734,75297537,-9,4576,6802,0,0
37,3734,75297578,4788,-3,-167,15667,0
13,3736,75307595,8,65,173,0,0
4,3735,75317717,-92,4574,6806,0,0
37,3735,75317757,4786,1,-153,15668,0
13,3737,75327691,-40,134,57,0,0
L,75330624,VALID,-34.739,0.102,1
4,3736,75337754,-54,4567,6788,0,0
37,3736,75337795,4782,11,-147,15669,0
13,3738,75347768,-47,142,26,0,0
4,3737,75357993,-123,4578,6786,0,0
37,3737,75358033,4776,24,-138,15671,0
13,3739,75367898,-105,207,106,0,0
4,3738,75378001,-62,4597,6772,0,0
37,3738,75378042,4765,41,-123,15675,0
13,3740,75387982,-164,205,65,0,0
4,3739,75398278,-70,4533,6824,0,0
37,3739,75398318,4754,54,-116,15678,0
13,3741,75408243,-115,200,41,0,0
4,3740,75418300,-72,4559,6811,0,0
37,3740,75418341,4742,74,-104,15682,0
13,3742,75428338,-157,259,38,0,0
L,75431373,VALID,-34.415,0.488,1
4,3741,75438572,-104,4529,6837,0,0
37,3741,75438612,4729,95,-97,15685,0
13,3743,75448466,-140,263,25,0,0
4,3742,75458552,-140,4530,6825,0,0
37,3742,75458592,4716,116,-87,15689,0
13,3744,75468603,-159,231,25,0,0
4,3743,75478688,-140,4482,6861,0,0
37,3743,75478728,4706,135,-83,15692,0
13,3745,75488663,-101,189,-44,0,0
4,3744,75498818,-126,4475,6879,0,0
37,3744,75498859,4698,151,-83,15695,0
13,3746,75508799,-51,183,-80,0,0
4,3745,75519182,-226,4489,6859,0,0
37,3745,75519223,4695,168,-87,15695,0
13,3747,75528931,-24,134,-69,0,0
L,75532001,VALID,-34.073,1.081,1
4,3746,75539061,-147,4493,6870,0,0
37,3746,75539102,4693,180,-88,15695,0
13,3748,75548997,-14,185,-93,0,0
4,3747,75559325,-234,4493,6844,0,0
37,3747,75559365,4693,201,-93,15695,0
13,3749,75569221,-7,188,-102,0,0
4,3748,75579341,-212,4478,6861,0,0
37,3748,75579382,4692,218,-96,15695,0
13,3750,75589334,10,192,-102,0,0
4,3749,75599549,-280,4510,6828,0,0
37,3749,75599589,4694,238,-99,15695,0
13,3751,75609489,-17,209,-58,0,0
4,3750,75619591,-212,4516,6849,0,0
37,3750,75619632,4689,258,-97,15696,0
13,3752,75629590,-69,276,-88,0,0
L,75632645,VALID,-34.030,1.704,1
4,3751,75639697,-257,4473,6874,0,0
37,3751,75639738,4683,289,-101,15697,0
13,3753,75649729,-36,323,-162,0,0
4,3752,75659867,-324,4481,6863,0,0
37,3752,75659935,4682,321,-106,15696,0
13,3754,75669849,-15,342,-146,0,0
4,3753,75680230,-366,4500,6838,0,0
37,3753,75680270,4680,354,-110,15696,0
13,3755,75690040,-50,331,-140,0,0
4,3754,75700168,-372,4479,6866,0,0
37,3754,75700209,4673,385,-113,15698,0
13,3756,75710177,-73,344,-147,0,0
4,3755,75720280,-456,4461,6860,0,0
37,3755,75720320,4667,419,-115,15698,0
13,3757,75730426,-61,340,-111,0,0
L,75733577,VALID,-33.879,2.819,1
4,3756,75740482,-445,4444,6886,0,0
37,3756,75740523,4663,449,-117,15699,0
13,3758,75750444,-26,313,-123,0,0
4,3757,75760651,-531,4474,6848,0,0
37,3757,75760691,4662,477,-119,15698,0
13,3759,75770599,-30,248,-90,0,0
4,3758,75780797,-487,4463,6857,0,0
37,3758,75780837,4659,496,-121,15699,0
13,3760,75790832,-26,218,-106,0,0
4,3759,75800926,-483,4460,6873,0,0
37,3759,75800966,4656,520,-127,15699,0
13,3761,75810934,-17,258,-173,0,0
4,3760,75820960,-550,4460,6860,0,0
37,3760,75821001,4655,549,-135,15698,0
13,3762,75830906,-18,299,-158,0,0
L,75834022,VALID,-33.801,3.731,1
4,3761,75841246,-602,4451,6870,0,0
37,3761,75841287,4653,579,-139,15697,0
13,3763,75851115,-10,273,-128,0,0
4,3762,75861270,-643,4432,6866,0,0
37,3762,75861311,4652,601,-143,15697,0
13,3764,75871252,9,190,-99,0,0
4,3763,75881430,-622,4451,6860,0,0
37,3763,75881471,4653,618,-146,15696,0
13,3765,75891485,16,186,-73,0,0
4,3764,75901571,-603,4457,6861,0,0
37,3764,75901638,4655,636,-147,15694,0
13,3766,75911536,27,224,-81,0,0
4,3765,75921693,-669,4464,6830,0,0
37,3765,75921734,4657,658,-149,15693,0
13,3767,75931735,-7,224,-92,0,0
L,75934718,VALID,-33.829,4.490,1
4,3766,75941915,-661,4449,6851,0,0
37,3766,75941956,4655,680,-153,15693,0
13,3768,75951853,-8,231,-130,0,0
4,3767,75961949,-718,4457,6841,0,0
37,3767,75961990,4654,703,-156,15692,0
13,3769,75971965,-26,237,-99,0,0
4,3768,75981999,-693,4446,6864,0,0
37,3768,75982040,4650,727,-159,15692,0
13,3770,75992111,-23,288,-116,0,0
4,3769,76002302,-765,4452,6844,0,0
37,3769,76002342,4649,755,-162,15691,0
13,3771,76012199,-17,276,-119,0,0
4,3770,76022370,-767,4453,6862,0,0
37,3770,76022411,4647,781,-165,15690,0
13,3772,76032344,-13,281,-127,0,0
L,76035493,VALID,-33.775,5.348,1
4,3771,76042512,-798,4449,6846,0,0
37,3771,76042552,4647,809,-169,15689,0
13,3773,76052351,-4,290,-145,0,0
4,3772,76062549,-824,4452,6840,0,0
37,3772,76062590,4645,838,-176,15688,0
13,3774,76072617,-25,290,-173,0,0
4,3773,76082748,-874,4443,6834,0,0
37,3773,76082789,4641,866,-181,15687,0
13,3775,76092731,-61,302,-124,0,0
4,3774,76102782,-906,4448,6823,0,0
37,3774,76102822,4632,897,-182,15688,0
13,3776,76112842,-123,345,-86,0,0
4,3775,76122954,-912,4392,6877,0,0
37,3775,76122995,4627,926,-181,15688,0
13,3777,76132841,-36,309,-116,0,0
L,76135964,VALID,-33.656,6.354,1
4,3776,76143137,-976,4430,6838,0,0
37,3776,76143178,4619,955,-184,15689,0
13,3778,76153032,-78,258,-116,0,0
4,3777,76163266,-986,4416,6841,0,0
37,3777,76163306,4615,978,-187,15688,0
13,3779,76173239,-60,227,-108,0,0
4,3778,76183376,-1014,4404,6852,0,0
37,3778,76183417,4609,999,-190,15689,0
13,3780,76193393,-62,208,-98,0,0
4,3779,76203521,-1010,4394,6866,0,0
37,3779,76203561,4603,1020,-193,15689,0
13,3781,76213480,-48,244,-95,0,0
4,3780,76223530,-1035,4405,6851,0,0
37,3780,76223570,4600,1045,-193,15688,0
13,3782,76233556,-52,289,-77,0,0
L,76236609,VALID,-33.486,7.178,1
4,3781,76243834,-1032,4403,6846,0,0
37,3781,76243874,4594,1072,-193,15688,0
13,3783,76253730,-74,311,-116,0,0
4,3782,76263770,-1108,4405,6825,0,0
37,3782,76263811,4587,1103,-196,15688,0
13,3784,76273857,-98,318,-125,0,0
4,3783,76283916,-1138,4372,6846,0,0
37,3783,76283983,4576,1132,-197,15689,0
13,3785,76293873,-114,281,-113,0,0
4,3784,76304056,-1135,4363,6863,0,0
37,3784,76304096,4566,1156,-201,15690,0
13,3786,76314070,-97,244,-147,0,0
4,3785,76324244,-1112,4370,6865,0,0
37,3785,76324284,4558,1183,-209,15690,0
13,3787,76334148,-93,318,-216,0,0
L,76337262,VALID,-33.214,8.140,1
4,3786,76344306,-1203,4379,6843,0,0
37,3786,76344346,4548,1220,-220,15690,0
13,3788,76354304,-145,367,-223,0,0
4,3787,76364502,-1284,4347,6822,0,0
37,3787,76364542,4532,1254,-226,15692,0
13,3789,76374390,-207,317,-169,0,0
4,3788,76384484,-1250,4330,6874,0,0
37,3788,76384525,4512,1283,-231,15696,0
13,3790,76394622,-223,304,-196,0,0
4,3789,76404804,-1337,4300,6860,0,0
37,3789,76404844,4492,1316,-240,15699,0
13,3791,76414726,-225,301,-192,0,0
4,3790,76424796,-1347,4262,6894,0,0
37,3790,76424836,4473,1346,-247,15701,0
13,3792,76434778,-196,304,-161,0,0
L,76438003,VALID,-32.628,9.316,1
4,3791,76445019,-1409,4237,6897,0,0
37,3791,76445060,4456,1376,-249,15703,0
13,3793,76454870,-165,302,-104,0,0
4,3792,76465008,-1444,4233,6903,0,0
37,3792,76465048,4443,1402,-248,15705,0
13,3794,76475042,-134,252,-53,0,0
4,3793,76485180,-1471,4211,6910,0,0
37,3793,76485220,4433,1422,-245,15706,0
13,3795,76495207,-99,189,3,0,0
4,3794,76505280,-1435,4209,6924,0,0
37,3794,76505321,4426,1436,-237,15707,0
13,3796,76515335,-52,205,39,0,0
4,3795,76525376,-1411,4213,6922,0,0
37,3795,76525417,4426,1455,-228,15705,0
13,3797,76535395,-2,281,32,0,0
L,76538265,VALID,-32.335,10.018,1
4,3796,76545536,-1483,4227,6889,0,0
37,3796,76545576,4426,1480,-219,15703,0
13,3798,76555652,-4,267,28,0,0
4,3797,76565806,-1498,4248,6863,0,0
37,3797,76565847,4426,1498,-210,15701,0
13,3799,76575695,-34,223,44,0,0
4,3798,76585788,-1483,4250,6874,0,0
37,3798,76585829,4421,1517,-202,15701,0
13,3800,76595825,-61,212,-1,0,0
4,3799,76605917,-1524,4233,6880,0,0
37,3799,76605958,4416,1533,-199,15701,0
13,3801,76615928,-59,163,-23,0,0
4,3800,76625952,-1544,4205,6897,0,0
37,3800,76625992,4412,1547,-196,15701,0
13,3802,76636056,-34,149,-2,0,0
L,76639005,VALID,-32.289,10.579,1
4,3801,76646230,-1498,4222,6902,0,0
37,3801,76646271,4410,1560,-193,15700,0
13,3803,76656209,-22,191,-29,0,0
4,3802,76666264,-1511,4232,6879,0,0
37,3802,76666304,4407,1580,-190,15699,0
13,3804,76676186,-50,276,-47,0,0
4,3803,76686487,-1541,4204,6893,0,0
37,3803,76686528,4402,1608,-189,15698,0
13,3805,76696426,-42,319,-108,0,0
4,3804,76706536,-1599,4231,6852,0,0
37,3804,76706577,4397,1639,-190,15696,0
13,3806,76716503,-89,360,-91,0,0
4,3805,76726681,-1616,4210,6885,0,0
37,3805,76726722,4388,1674,-188,15695,0
13,3807,76736702,-106,405,-99,0,0
L,76739841,VALID,-32.178,11.425,1
4,3806,76746660,-1688,4169,6890,0,0
37,3806,76746701,4378,1711,-186,15693,0
13,3808,76756924,-84,368,-95,0,0
4,3807,76766934,-1749,4179,6855,0,0
37,3807,76766974,4371,1740,-184,15692,0
13,3809,76777003,-87,275,-58,0,0
4,3808,76786993,-1737,4168,6884,0,0
37,3808,76787061,4364,1761,-183,15692,0
13,3810,76796975,-65,212,-60,0,0
4,3809,76807241,-1738,4159,6900,0,0
37,3809,76807282,4359,1780,-183,15691,0
13,3811,76817216,-19,221,-74,0,0
4,3810,76827326,-1748,4171,6855,0,0
37,3810,76827367,4358,1802,-185,15689,0
13,3812,76837259,-20,233,-104,0,0
L,76840373,VALID,-32.026,12.289,1
4,3811,76847417,-1785,4202,6823,0,0
37,3811,76847457,4354,1825,-188,15687,0
13,3813,76857362,-84,238,-98,0,0
4,3812,76867464,-1809,4158,6867,0,0
37,3812,76867505,4343,1847,-189,15688,0
13,3814,76877491,-112,226,-89,0,0
4,3813,76887705,-1819,4129,6887,0,0
37,3813,76887746,4333,1868,-191,15688,0
13,3815,76897534,-89,235,-93,0,0
4,3814,76907818,-1809,4113,6905,0,0
37,3814,76907859,4326,1891,-193,15687,0
13,3816,76917801,-47,280,-132,0,0
4,3815,76927913,-1882,4107,6881,0,0
37,3815,76927954,4323,1921,-199,15684,0
13,3817,76937887,-11,292,-145,0,0
L,76941018,VALID,-31.824,13.126,1
4,3816,76948043,-1938,4122,6835,0,0
37,3816,76948084,4321,1948,-203,15682,0
13,3818,76957963,-37,273,-96,0,0
4,3817,76968186,-1944,4116,6850,0,0
37,3817,76968226,4316,1971,-202,15680,0
13,3819,76978137,-58,241,-58,0,0
4,3818,76988177,-1944,4118,6843,0,0
37,3818,76988218,4309,1992,-201,15679,0
13,3820,76998195,-77,215,-66,0,0
4,3819,77008349,-2006,4076,6877,0,0
37,3819,77008390,4302,2011,-201,15679,0
13,3821,77018325,-36,178,-31,0,0
4,3820,77028547,-1995,4099,6859,0,0
37,3820,77028615,4302,2024,-197,15677,0
13,3822,77038444,1,169,5,0,0
L,77041150,VALID,-31.732,13.824,1
4,3821,77048713,-1929,4107,6878,0,0
37,3821,77048753,4304,2040,-193,15675,0
13,3823,77058592,40,233,-42,0,0
4,3822,77068753,-2011,4126,6821,0,0
37,3822,77068794,4307,2063,-194,15671,0
13,3824,77078814,17,240,-67,0,0
4,3823,77088865,-2045,4118,6819,0,0
37,3823,77088906,4306,2085,-194,15668,0
13,3825,77098840,-18,236,-54,0,0
4,3824,77108994,-2041,4113,6823,0,0
37,3824,77109035,4303,2106,-193,15666,0
13,3826,77118986,-40,240,-78,0,0
4,3825,77129201,-2072,4115,6818,0,0
37,3825,77129241,4298,2129,-195,15664,0
13,3827,77139116,-63,246,-93,0,0
L,77142151,VALID,-31.771,14.534,1
4,3826,77149281,-2117,4089,6821,0,0
37,3826,77149321,4291,2151,-197,15663,0
13,3828,77159288,-71,202,-93,0,0
4,3827,77169408,-2161,4086,6819,0,0
37,3827,77169449,4284,2167,-198,15663,0
13,3829,77179496,-67,134,-53,0,0
4,3828,77189520,-2117,4067,6859,0,0
37,3828,77189561,4278,2178,-199,15663,0
13,3830,77199543,-37,137,-53,0,0
4,3829,77209717,-2116,4065,6856,0,0
37,3829,77209757,4277,2194,-200,15661,0
13,3831,77219649,5,196,-54,0,0
4,3830,77229767,-2210,4074,6800,0,0
37,3830,77229807,4277,2211,-199,15658,0
13,3832,77239778,0,143,-24,0,0
L,77242648,VALID,-31.667,15.102,1
4,3831,77249977,-2187,4079,6810,0,0
37,3831,77250017,4277,2220,-198,15657,0
13,3833,77259820,-9,97,-13,0,0
4,3832,77269998,-2142,4076,6819,0,0
37,3832,77270038,4275,2230,-196,15656,0
13,3834,77280018,-19,159,-32,0,0
4,3833,77290260,-2174,4068,6810,0,0
37,3833,77290300,4274,2247,-196,15654,0
13,3835,77300182,-13,191,-56,0,0
4,3834,77310252,-2200,4077,6817,0,0
37,3834,77310292,4271,2265,-196,15652,0
13,3836,77320403,-22,202,-59,0,0
4,3835,77330534,-2269,4068,6782,0,0
37,3835,77330575,4269,2282,-196,15651,0
13,3837,77340465,-37,136,-35,0,0
L,77343501,VALID,-31.658,15.579,1
4,3836,77350553,-2236,4056,6807,0,0
37,3836,77350594,4264,2291,-195,15651,0
13,3838,77360586,-42,109,-32,0,0
4,3837,77370783,-2225,4063,6817,0,0
37,3837,77370824,4261,2303,-196,15650,0
13,3839,77380776,-32,148,-45,0,0
4,3838,77390782,-2263,4049,6800,0,0
37,3838,77390823,4258,2318,-196,15648,0
13,3840,77400827,-25,149,-48,0,0
4,3839,77410998,-2277,4050,6781,0,0
37,3839,77411066,4255,2331,-196,15647,0
13,3841,77421112,-29,136,-44,0,0
4,3840,77431111,-2271,4052,6800,0,0
37,3840,77431152,4252,2343,-196,15646,0
13,3842,77441169,-35,171,-42,0,0
L,77444198,VALID,-31.576,15.997,1
4,3841,77451362,-2281,4067,6800,0,0
37,3841,77451403,4248,2362,-195,15645,0
13,3843,77461282,-57,225,-67,0,0
4,3842,77471367,-2320,4046,6787,0,0
37,3842,77471407,4241,2383,-197,15643,0
13,3844,77481360,-63,215,-116,0,0
4,3843,77491548,-2345,4016,6814,0,0
37,3843,77491589,4235,2403,-202,15642,0
13,3845,77501488,-29,196,-124,0,0
4,3844,77511644,-2391,4015,6796,0,0
37,3844,77511684,4233,2422,-209,15639,0
13,3846,77521790,-2,155,-101,0,0
4,3845,77531816,-2400,4024,6777,0,0
37,3845,77531884,4232,2434,-211,15638,0
13,3847,77541876,-14,111,-55,0,0
L,77544929,VALID,-31.479,16.648,1
4,3846,77551913,-2375,4028,6776,0,0
37,3846,77551953,4229,2444,-212,15637,0
13,3848,77561971,-27,114,-48,0,0
4,3847,77572089,-2365,4016,6789,0,0
37,3847,77572130,4227,2456,-214,15635,0
13,3849,77582064,-16,155,-73,0,0
4,3848,77592122,-2358,4011,6808,0,0
37,3848,77592162,4225,2473,-217,15633,0
13,3850,77602133,8,220,-111,0,0
4,3849,77612416,-2434,4026,6759,0,0
37,3849,77612457,4225,2497,-223,15629,0
13,3851,77622306,-5,234,-113,0,0
4,3850,77632416,-2513,4030,6712,0,0
37,3850,77632456,4221,2517,-224,15627,0
13,3852,77642400,-86,160,-49,0,0
L,77645435,VALID,-31.449,17.240,1
4,3851,77652591,-2450,4002,6779,0,0
37,3851,77652631,4211,2529,-223,15628,0
13,3853,77662556,-88,154,-63,0,0
4,3852,77672693,-2495,3982,6790,0,0
37,3852,77672734,4204,2545,-226,15627,0
13,3854,77682667,-40,152,-80,0,0
4,3853,77692994,-2508,3978,6776,0,0
37,3853,77693034,4202,2558,-228,15626,0
13,3855,77702899,-4,144,-65,0,0
4,3854,77712992,-2522,3987,6766,0,0
37,3854,77713033,4201,2573,-230,15623,0
13,3856,77722985,-1,140,-50,0,0
4,3855,77733164,-2547,3995,6733,0,0
37,3855,77733205,4200,2584,-230,15622,0
13,3857,77743105,-44,105,-16,0,0
L,77746132,VALID,-31.338,17.712,1
4,3856,77753184,-2505,3994,6758,0,0
37,3856,77753225,4195,2592,-228,15622,0
13,3858,77763286,-49,127,-32,0,0
4,3857,77773423,-2500,3988,6767,0,0
37,3857,77773463,4191,2608,-229,15620,0
13,3859,77783354,-39,198,-88,0,0
4,3858,77793473,-2551,3964,6766,0,0
37,3858,77793541,4186,2627,-233,15618,0
13,3860,77803501,-22,187,-118,0,0
4,3859,77813784,-2625,3972,6744,0,0
37,3859,77813824,4183,2643,-239,15616,0
13,3861,77823638,-26,107,-96,0,0
4,3860,77833774,-2606,3979,6731,0,0
37,3860,77833815,4179,2652,-243,15616,0
13,3862,77843715,-60,93,-64,0,0
L,77846646,VALID,-31.222,18.204,1
4,3861,77854018,-2532,3962,6760,0,0
37,3861,77854059,4172,2663,-246,15616,0
13,3863,77863863,-59,159,-133,0,0
4,3862,77874016,-2609,3955,6752,0,0
37,3862,77874057,4165,2685,-255,15614,0
13,3864,77884051,-65,204,-175,0,0
4,3863,77894189,-2691,3952,6706,0,0
37,3863,77894229,4156,2703,-263,15613,0
13,3865,77904171,-113,137,-131,0,0
4,3864,77914320,-2615,3926,6769,0,0
37,3864,77914388,4144,2717,-270,15614,0
13,3866,77924313,-103,193,-138,0,0
4,3865,77934541,-2627,3894,6779,0,0
37,3865,77934581,4135,2741,-272,15612,0
13,3867,77944482,-50,329,-116,0,0
L,77947621,VALID,-30.933,18.874,1
4,3866,77954586,-2688,3899,6768,0,0
37,3866,77954627,4132,2776,-276,15606,0
13,3868,77964584,-12,363,-145,0,0
4,3867,77974893,-2804,3947,6658,0,0
37,3867,77974934,4128,2805,-279,15602,0
13,3869,77984758,-104,245,-94,0,0
4,3868,77994860,-2788,3920,6700,0,0
37,3868,77994900,4115,2827,-278,15601,0
13,3870,78004860,-163,213,-58,0,0
4,3869,78015074,-2795,3861,6749,0,0
37,3869,78015115,4099,2842,-275,15603,0
13,3871,78025127,-146,136,-51,0,0
4,3870,78035209,-2772,3873,6748,0,0
37,3870,78035277,4088,2854,-277,15604,0
13,3872,78045186,-103,121,-88,0,0
L,78048327,VALID,-30.670,19.666,1
4,3871,78055354,-2833,3861,6715,0,0
37,3871,78055395,4078,2866,-279,15604,0
13,3873,78065377,-111,111,-47,0,0
4,3872,78075538,-2821,3831,6768,0,0
37,3872,78075579,4069,2875,-277,15605,0
13,3874,78085584,-73,119,3,0,0
4,3873,78095754,-2770,3814,6776,0,0
37,3873,78095794,4066,2887,-273,15604,0
13,3875,78105670,3,182,-12,0,0
4,3874,78115726,-2851,3875,6685,0,0
37,3874,78115767,4068,2904,-271,15600,0
13,3876,78125677,-20,183,-14,0,0
4,3875,78136012,-2824,3855,6730,0,0
37,3875,78136052,4064,2921,-267,15598,0
13,3877,78145911,-52,215,-28,0,0
L,78148945,VALID,-30.559,20.111,1
4,3876,78156083,-2851,3847,6717,0,0
37,3876,78156124,4057,2940,-263,15596,0
13,3878,78166039,-76,238,-17,0,0
4,3877,78176264,-2882,3828,6724,0,0
37,3877,78176305,4053,2961,-260,15593,0
13,3879,78187406,-30,219,-43,0,0
4,3878,78196431,-2880,3844,6707,0,0
37,3878,78196472,4050,2980,-258,15590,0
13,3880,78206391,-48,251,-31,0,0
4,3879,78216458,-2964,3831,6701,0,0
37,3879,78216499,4045,3003,-253,15587,0
13,3881,78226520,-62,215,-5,0,0
4,3880,78236726,-2961,3811,6717,0,0
37,3880,78236767,4041,3016,-249,15586,0
13,3882,78246677,-33,136,4,0,0
L,78249564,VALID,-30.494,20.735,1
4,3881,78256866,-2932,3831,6682,0,0
37,3881,78256907,4038,3028,-244,15585,0
13,3883,78266822,-43,159,9,0,0
4,3882,78276828,-2879,3820,6737,0,0
37,3882,78276869,4036,3044,-240,15582,0
13,3884,78286959,-25,263,-28,0,0
4,3883,78297185,-2997,3817,6684,0,0
37,3883,78297226,4034,3069,-236,15578,0
13,3885,78307063,-17,242,-25,0,0
4,3884,78317259,-3032,3817,6668,0,0
37,3884,78317299,4030,3086,-233,15575,0
13,3886,78327260,-48,173,-1,0,0
4,3885,78337432,-3001,3816,6674,0,0
37,3885,78337472,4028,3100,-229,15573,0
13,3887,78347286,-39,157,-17,0,0
L,78350339,VALID,-30.501,21.278,1
4,3886,78357443,-2984,3788,6700,0,0
37,3886,78357484,4024,3114,-227,15572,0
13,3888,78367519,-12,186,-45,0,0
4,3887,78377655,-3046,3796,6680,0,0
37,3887,78377696,4023,3133,-228,15568,0
13,3889,78387666,2,206,-36,0,0
4,3888,78397767,-3086,3808,6657,0,0
37,3888,78397807,4024,3149,-224,15565,0
13,3890,78407794,-5,155,4,0,0
4,3889,78417991,-3061,3809,6655,0,0
37,3889,78418032,4023,3158,-220,15563,0
13,3891,78427837,-24,105,10,0,0
4,3890,78438172,-3009,3800,6682,0,0
37,3890,78438212,4021,3167,-218,15562,0
13,3892,78448052,-8,147,-30,0,0
L,78450992,VALID,-30.528,21.720,1
4,3891,78458233,-3080,3801,6652,0,0
37,3891,78458273,4021,3184,-217,15558,0
13,3893,78468250,8,188,-23,0,0
4,3892,78478325,-3074,3806,6649,0,0
37,3892,78478365,4022,3199,-215,15555,0
13,3894,78488353,16,180,-26,0,0
4,3893,78498559,-3105,3826,6621,0,0
37,3893,78498599,4022,3215,-214,15552,0
13,3895,78508500,-161,119,0,0,0
4,3894,78518593,-3052,3721,6762,0,0
37,3894,78518634,3995,3219,-209,15558,0
13,3896,78528577,-152,119,-62,0,0
4,3895,78538783,-3105,3740,6620,0,0
37,3895,78538850,3994,3236,-207,15555,0
13,3897,78548824,-32,134,2,0,0
L,78551698,VALID,-30.407,22.181,1
4,3896,78558879,-3084,3738,6661,0,0
37,3896,78558919,3992,3243,-205,15554,0
13,3898,78568930,-10,68,0,0,0
4,3897,78579134,-3072,3764,6632,0,0
37,3897,78579175,3991,3246,-204,15553,0
13,3899,78589025,-13,18,-18,0,0
4,3898,78599125,-3088,3751,6648,0,0
37,3898,78599165,3989,3246,-205,15554,0
13,3900,78609239,-17,7,-9,0,0
4,3899,78619348,-3064,3752,6630,0,0
37,3899,78619388,3987,3246,-205,15554,0
13,3901,78629309,-30,18,-11,0,0
4,3900,78639496,-3068,3734,6681,0,0
37,3900,78639537,3985,3250,-205,15554,0
13,3902,78649489,5,61,-7,0,0
L,78652160,VALID,-30.356,22.276,1
4,3901,78659792,-3093,3751,6640,0,0
37,3901,78659833,3987,3254,-204,15553,0
13,3903,78669618,19,29,9,0,0
4,3902,78679746,-3084,3749,6637,0,0
37,3902,78679787,3988,3255,-202,15552,0
13,3904,78689876,4,7,13,0,0
4,3903,78699995,-3076,3737,6642,0,0
37,3903,78700035,3988,3253,-202,15553,0
13,3905,78709954,16,-8,-15,0,0
4,3904,78720046,-3092,3737,6643,0,0
37,3904,78720086,3989,3252,-204,15553,0
13,3906,78730039,28,-14,-13,0,0
4,3905,78740314,-3086,3751,6635,0,0
37,3905,78740355,3991,3251,-205,15552,0
13,3907,78750101,23,3,-10,0,0
L,78752856,VALID,-30.404,22.282,1
4,3906,78760323,-3074,3746,6655,0,0
37,3906,78760363,3993,3253,-207,15551,0
13,3908,78770315,41,36,-23,0,0
4,3907,78780459,-3068,3759,6633,0,0
37,3907,78780500,3997,3256,-211,15550,0
13,3909,78790487,57,42,-72,0,0
4,3908,78800545,-3122,3748,6622,0,0
37,3908,78800613,4000,3261,-216,15548,0
13,3910,78810669,46,19,-53,0,0
4,3909,78820787,-3116,3750,6624,0,0
37,3909,78820828,4004,3262,-220,15546,0
13,3911,78830736,67,8,-28,0,0
4,3910,78840880,-3122,3771,6603,0,0
37,3910,78840920,4009,3262,-223,15545,0
13,3912,78850969,55,-30,-20,0,0
L,78853936,VALID,-30.528,22.385,1
4,3911,78861049,-3119,3782,6603,0,0
37,3911,78861090,4013,3257,-227,15545,0
13,3913,78871020,27,-82,-15,0,0
4,3912,78881147,-3079,3768,6617,0,0
37,3912,78881188,4014,3250,-230,15546,0
13,3914,78891167,14,-72,-20,0,0
4,3913,78901345,-3065,3767,6640,0,0
37,3913,78901386,4014,3245,-234,15547,0
13,3915,78911282,27,-18,-36,0,0
4,3914,78921311,-3079,3761,6623,0,0
37,3914,78921352,4016,3247,-237,15546,0
13,3916,78931503,37,32,-37,0,0
4,3915,78941581,-3063,3755,6632,0,0
37,3915,78941622,4020,3252,-241,15544,0
13,3917,78951631,59,79,-60,0,0
L,78954494,VALID,-30.578,22.346,1
4,3916,78961691,-3139,3768,6595,0,0
37,3916,78961732,4023,3258,-244,15542,0
13,3918,78971664,52,31,-29,0,0
4,3917,78981964,-3085,3765,6622,0,0
37,3917,78982005,4028,3262,-248,15540,0
13,3919,78991916,77,46,-55,0,0
4,3918,79001990,-3132,3783,6604,0,0
37,3918,79002031,4034,3266,-253,15537,0
13,3920,79011966,66,30,-48,0,0
4,3919,79022111,-3132,3789,6584,0,0
37,3919,79022151,4038,3269,-256,15536,0
13,3921,79032173,42,14,-21,0,0
4,3920,79042214,-3116,3784,6596,0,0
37,3920,79042255,4040,3268,-258,15535,0
13,3922,79052451,38,3,-31,0,0
L,79055216,VALID,-30.726,22.483,1
4,3921,79062493,-3109,3770,6612,0,0
37,3921,79062534,4044,3271,-263,15534,0
13,3923,79072534,70,32,-50,0,0
4,3922,79082583,-3149,3781,6582,0,0
37,3922,79082624,4049,3274,-267,15531,0
13,3924,79092508,72,20,-25,0,0
4,3923,79102729,-3161,3806,6578,0,0
37,3923,79102770,4055,3276,-269,15529,0
13,3925,79112725,58,3,-8,0,0
4,3924,79122876,-3148,3801,6577,0,0
37,3924,79122917,4058,3275,-269,15529,0
13,3926,79132862,29,-16,10,0,0
4,3925,79143058,-3123,3794,6590,0,0
37,3925,79143098,4061,3272,-269,15529,0
13,3927,79152991,33,-29,8,0,0
L,79155748,VALID,-30.875,22.525,1
4,3926,79163111,-3113,3799,6593,0,0
37,3926,79163152,4064,3268,-270,15529,0
13,3928,79173103,39,-24,0,0,0
4,3927,79183307,-3113,3813,6582,0,0
37,3927,79183348,4067,3267,-271,15528,0
13,3929,79193267,28,-6,0,0,0
4,3928,79203480,-3120,3799,6580,0,0
37,3928,79203521,4069,3267,-272,15528,0
13,3930,79213490,34,-5,-10,0,0
4,3929,79223625,-3138,3804,6568,0,0
37,3929,79223666,4072,3266,-273,15527,0
13,3931,79233525,20,-19,11,0,0
4,3930,79243720,-3117,3792,6576,0,0
37,3930,79243761,4073,3262,-272,15528,0
13,3932,79253670,26,-17,26,0,0
L,79256540,VALID,-30.952,22.458,1
4,3931,79263869,-3097,3798,6604,0,0
37,3931,79263910,4077,3262,-271,15527,0
13,3933,79273869,71,6,9,0,0
4,3932,79283950,-3152,3825,6572,0,0
37,3932,79283991,4084,3261,-272,15525,0
13,3934,79293954,70,-26,22,0,0
4,3933,79304230,-3123,3831,6569,0,0
37,3933,79304271,4089,3257,-271,15524,0
13,3935,79314144,48,-21,26,0,0
4,3934,79324359,-3107,3834,6572,0,0
37,3934,79324400,4094,3255,-271,15524,0
13,3936,79334299,50,-20,1,0,0
4,3935,79344408,-3112,3825,6566,0,0
37,3935,79344449,4097,3253,-272,15523,0
13,3937,79354375,40,-28,1,0,0
L,79357124,VALID,-31.128,22.391,1
4,3936,79364574,-3118,3823,6574,0,0
37,3936,79364614,4100,3248,-273,15523,0
13,3938,79374514,35,-50,9,0,0
4,3937,79384752,-3098,3844,6565,0,0
37,3937,79384793,4103,3244,-274,15524,0
13,3939,79394652,25,-38,-8,0,0
4,3938,79404786,-3107,3839,6569,0,0
37,3938,79404827,4104,3241,-277,15524,0
13,3940,79414832,14,-49,-21,0,0
4,3939,79425022,-3089,3837,6574,0,0
37,3939,79425063,4104,3237,-280,15525,0
13,3941,79434987,13,-51,-35,0,0
4,3940,79445066,-3079,3847,6575,0,0
37,3940,79445107,4104,3233,-285,15525,0
13,3942,79455132,9,-31,-45,0,0
L,79458009,VALID,-31.144,22.276,1
4,3941,79465322,-3082,3829,6596,0,0
37,3941,79465363,4106,3234,-289,15524,0
13,3943,79475218,42,40,-31,0,0
4,3942,79485466,-3123,3838,6551,0,0
37,3942,79485506,4109,3238,-291,15523,0
13,3944,79495425,43,11,-18,0,0
4,3943,79505579,-3114,3848,6546,0,0
37,3943,79505619,4112,3238,-293,15522,0
13,3945,79515520,16,-10,-9,0,0
4,3944,79525611,-3108,3839,6566,0,0
37,3944,79525652,4112,3235,-293,15523,0
13,3946,79535770,2,-22,6,0,0
4,3945,79545941,-3094,3829,6578,0,0
37,3945,79545982,4113,3233,-293,15523,0
13,3947,79555795,20,-7,4,0,0
L,79558483,VALID,-31.201,22.288,1
4,3946,79565951,-3092,3837,6575,0,0
37,3946,79565992,4115,3234,-293,15522,0
13,3948,79576018,32,20,-3,0,0
4,3947,79586208,-3118,3845,6568,0,0
37,3947,79586249,4118,3235,-293,15521,0
13,3949,79596175,38,15,11,0,0
4,3948,79606232,-3115,3851,6563,0,0
37,3948,79606273,4121,3235,-292,15520,0
13,3950,79616260,33,-15,27,0,0
4,3949,79626414,-3112,3859,6546,0,0
37,3949,79626454,4124,3231,-290,15520,0
13,3951,79636277,13,-29,39,0,0
4,3950,79646506,-3096,3856,6562,0,0
37,3950,79646547,4125,3227,-287,15521,0
13,3952,79656475,18,-38,35,0,0
L,79659319,VALID,-31.295,22.233,1
4,3951,79666682,-3094,3855,6561,0,0
37,3951,79666750,4128,3222,-287,15521,0
13,3953,79676604,28,-54,14,0,0
4,3952,79686768,-3113,3869,6541,0,0
37,3952,79686808,4130,3217,-288,15522,0
13,3954,79696861,5,-91,12,0,0
4,3953,79707059,-3095,3863,6567,0,0
37,3953,79707100,4129,3207,-288,15524,0
13,3955,79716957,2,-103,29,0,0
4,3954,79726962,-3080,3850,6578,0,0
37,3954,79727003,4133,3197,-289,15525,0
13,3956,79737085,52,-125,15,0,0
4,3955,79747326,-3019,3894,6560,0,0
37,3955,79747367,4135,3187,-291,15526,0
13,3957,79757233,-6,-64,3,0,0
L,79760016,VALID,-31.326,21.965,1
4,3956,79767300,-3052,3883,6552,0,0
37,3956,79767341,4131,3184,-291,15528,0
13,3958,79777352,-66,-39,-4,0,0
4,3957,79787470,-3040,3845,6610,0,0
37,3957,79787511,4125,3181,-290,15530,0
13,3959,79797498,-44,4,2,0,0
4,3958,79807634,-3048,3827,6619,0,0
37,3958,79807675,4123,3182,-290,15531,0
13,3960,79817646,18,25,-9,0,0
4,3959,79827839,-3071,3831,6601,0,0
37,3959,79827880,4127,3185,-290,15529,0
13,3961,79837774,69,30,21,0,0
4,3960,79847867,-3076,3859,6573,0,0
37,3960,79847908,4135,3185,-288,15527,0
13,3962,79857799,74,14,39,0,0
L,79860556,VALID,-31.327,21.945,1
4,3961,79868057,-3058,3880,6561,0,0
37,3961,79868098,4141,3186,-286,15525,0
13,3963,79878033,52,24,14,0,0
4,3962,79888081,-3058,3889,6555,0,0
37,3962,79888122,4145,3187,-285,15524,0
13,3964,79898169,30,35,1,0,0
4,3963,79908304,-3073,3879,6561,0,0
37,3963,79908345,4146,3191,-285,15523,0
13,3965,79918282,7,39,-5,0,0
4,3964,79928399,-3089,3886,6547,0,0
37,3964,79928440,4145,3193,-284,15523,0
13,3966,79938314,-21,9,13,0,0
4,3965,79948718,-3094,3876,6553,0,0
37,3965,79948758,4143,3192,-282,15524,0
13,3967,79958522,-39,-18,34,0,0
L,79961470,VALID,-31.402,21.979,1
4,3966,79968659,-3070,3883,6547,0,0
37,3966,79968699,4140,3188,-278,15525,0
13,3968,79978686,-57,-43,29,0,0
4,3967,79988822,-3066,3882,6562,0,0
37,3967,79988862,4135,3183,-277,15528,0
13,3969,79998806,-71,-63,6,0,0
4,3968,80008933,-3045,3871,6588,0,0
37,3968,80008973,4128,3177,-277,15531,0
13,3970,80018951,-73,-47,-15,0,0
4,3969,80029131,-3045,3836,6598,0,0
37,3969,80029172,4121,3174,-278,15533,0
13,3971,80039029,-52,-37,-19,0,0
4,3970,80049174,-3059,3843,6592,0,0
37,3970,80049242,4118,3173,-281,15534,0
13,3972,80059245,-32,-29,-23,0,0
L,80062297,VALID,-31.194,21.853,1
4,3971,80069350,-3064,3820,6618,0,0
37,3971,80069391,4115,3169,-282,15536,0
13,3973,80079338,3,-35,-6,0,0
4,3972,80089448,-3053,3814,6630,0,0
37,3972,80089489,4118,3167,-283,15535,0
13,3974,80099407,95,-7,19,0,0
4,3973,80109655,-3033,3849,6598,0,0
37,3973,80109695,4130,3167,-282,15532,0
13,3975,80119597,129,18,34,0,0
4,3974,80129672,-3046,3905,6531,0,0
37,3974,80129712,4140,3167,-282,15529,0
13,3976,80139717,68,5,19,0,0
4,3975,80149928,-3040,3887,6532,0,0
37,3975,80149969,4143,3167,-281,15529,0
13,3977,80159890,1,25,7,0,0
L,80162499,VALID,-31.378,21.806,1
4,3976,80170070,-3034,3874,6567,0,0
37,3976,80170111,4141,3170,-279,15529,0
13,3978,80179957,-14,42,-9,0,0
4,3977,80190208,-3082,3879,6565,0,0
37,3977,80190248,4140,3173,-280,15528,0
13,3979,80200250,-16,14,-13,0,0
4,3978,80210292,-3088,3869,6572,0,0
37,3978,80210332,4138,3173,-281,15529,0
13,3980,80220310,2,-28,1,0,0
4,3979,80230411,-3082,3853,6575,0,0
37,3979,80230452,4139,3168,-280,15529,0
13,3981,80240371,31,-61,37,0,0
4,3980,80250524,-3046,3867,6574,0,0
37,3980,80250564,4144,3160,-278,15530,0
13,3982,80260473,43,-82,37,0,0
L,80263335,VALID,-31.383,21.752,1
4,3981,80270715,-2996,3872,6591,0,0
37,3981,80270756,4148,3155,-279,15530,0
13,3983,80280612,59,-24,-7,0,0
4,3982,80290703,-3046,3882,6541,0,0
37,3982,80290743,4152,3154,-283,15529,0
13,3984,80300818,24,-41,-29,0,0
4,3983,80310946,-3044,3876,6560,0,0
37,3983,80310987,4153,3149,-287,15530,0
13,3985,80320999,6,-61,-30,0,0
4,3984,80330990,-3005,3871,6597,0,0
37,3984,80331030,4151,3147,-290,15530,0
13,3986,80341057,5,7,-26,0,0
4,3985,80351255,-3037,3863,6581,0,0
37,3985,80351296,4153,3150,-291,15529,0
13,3987,80361266,41,31,4,0,0
L,80363962,VALID,-31.426,21.706,1
4,3986,80371360,-3055,3879,6584,0,0
37,3986,80371400,4158,3151,-290,15528,0
13,3988,80381369,73,19,23,0,0
4,3987,80391538,-3048,3892,6555,0,0
37,3987,80391579,4165,3151,-289,15526,0
13,3989,80401515,77,2,24,0,0
4,3988,80411537,-3024,3904,6546,0,0
37,3988,80411578,4171,3151,-288,15524,0
13,3990,80421608,56,27,15,0,0
4,3989,80431780,-3052,3913,6539,0,0
37,3989,80431821,4175,3154,-287,15522,0
13,3991,80441800,21,32,9,0,0
4,3990,80451865,-3058,3916,6525,0,0
37,3990,80451906,4176,3155,-286,15522,0
13,3992,80461935,-23,-8,3,0,0
L,80464716,VALID,-31.613,21.726,1
4,3991,80471995,-3041,3898,6555,0,0
37,3991,80472036,4172,3153,-285,15524,0
13,3993,80481926,-46,-4,-3,0,0
4,3992,80492166,-3035,3866,6589,0,0
37,3992,80492206,4168,3153,-285,15525,0
13,3994,80502142,-5,25,4,0,0
4,3993,80512371,-3041,3891,6567,0,0
37,3993,80512411,4170,3157,-283,15524,0
13,3995,80522247,15,35,2,0,0
4,3994,80532336,-3038,3908,6541,0,0
37,3994,80532377,4170,3158,-283,15523,0
13,3996,80542452,-12,20,-2,0,0
4,3995,80552509,-3044,3877,6567,0,0
37,3995,80552577,4169,3161,-282,15523,0
13,3997,80562685,9,48,-1,0,0
L,80565373,VALID,-31.570,21.760,1
4,3996,80572677,-3025,3891,6578,0,0
37,3996,80572718,4171,3166,-282,15521,0
13,3998,80582778,42,100,-23,0,0
4,3997,80592880,-3075,3906,6529,0,0
37,3997,80592920,4174,3176,-283,15518,0
13,3999,80602734,16,75,-30,0,0
4,3998,80612922,-3092,3920,6518,0,0
37,3998,80612962,4174,3180,-284,15518,0
13,4000,80622950,-30,17,-20,0,0
4,3999,80633147,-3079,3899,6554,0,0
37,3999,80633188,4169,3181,-283,15519,0
13,4001,80643046,-39,9,-1,0,0
4,4000,80653143,-3061,3863,6580,0,0
37,4000,80653184,4167,3182,-284,15519,0
13,4002,80663164,19,33,-14,0,0
L,80666009,VALID,-31.574,21.909,1
4,4001,80673398,-3100,3879,6542,0,0
37,4001,80673439,4171,3186,-285,15517,0
13,4003,80683268,34,12,0,0,0
4,4002,80693447,-3078,3908,6523,0,0
37,4002,80693488,4173,3184,-284,15517,0
13,4004,80703380,-4,-15,15,0,0
4,4003,80713681,-3075,3903,6551,0,0
37,4003,80713722,4171,3182,-283,15518,0
13,4005,80723621,-15,-25,0,0,0
4,4004,80733644,-3057,3890,6559,0,0
37,4004,80733685,4169,3180,-284,15519,0
13,4006,80743672,-2,-10,-12,0,0
4,4005,80753954,-3072,3899,6540,0,0
37,4005,80753995,4170,3179,-286,15519,0
13,4007,80763811,6,-10,-17,0,0
L,80766662,VALID,-31.591,21.891,1
4,4006,80773922,-3064,3892,6555,0,0
37,4006,80773963,4169,3178,-287,15519,0
13,4008,80784007,1,11,-5,0,0
4,4007,80794065,-3085,3898,6535,0,0
37,4007,80794106,4169,3179,-287,15519,0
13,4009,80804068,-2,0,5,0,0
4,4008,80814220,-3070,3902,6548,0,0
37,4008,80814261,4168,3178,-285,15520,0
13,4010,80824205,-8,-1,11,0,0
4,4009,80834541,-3055,3894,6546,0,0
37,4009,80834581,4168,3178,-285,15520,0
13,4011,80844369,5,16,-16,0,0
4,4010,80854478,-3087,3896,6544,0,0
37,4010,80854519,4169,3181,-286,15519,0
13,4012,80864463,8,30,-10,0,0
L,80867229,VALID,-31.585,21.905,1
4,4011,80874687,-3086,3901,6523,0,0
37,4011,80874727,4168,3182,-286,15519,0
13,4013,80884602,-17,-5,-1,0,0
4,4012,80894744,-3074,3890,6552,0,0
37,4012,80894784,4166,3181,-286,15520,0
13,4014,80904721,-19,9,-1,0,0
4,4013,80914959,-3085,3879,6550,0,0
37,4013,80915000,4164,3182,-286,15520,0
13,4015,80924868,4,20,-2,0,0
4,4014,80934966,-3082,3892,6544,0,0
37,4014,80935034,4165,3184,-285,15519,0
13,4016,80945039,6,17,2,0,0
4,4015,80955117,-3098,3901,6526,0,0
37,4015,80955158,4165,3185,-285,15519,0
13,4017,80965133,-11,-10,13,0,0
L,80968073,VALID,-31.561,21.932,1
4,4016,80975272,-3061,3893,6545,0,0
37,4016,80975312,4164,3182,-283,15520,0
13,4018,80985236,-13,-1,7,0,0
4,4017,80995561,-3058,3882,6559,0,0
37,4017,80995601,4164,3183,-283,15520,0
13,4019,81005384,19,34,-11,0,0
4,4018,81015518,-3090,3907,6522,0,0
37,4018,81015559,4166,3187,-283,15518,0
13,4020,81025520,5,14,-6,0,0
4,4019,81035655,-3112,3906,6524,0,0
37,4019,81035696,4165,3186,-283,15519,0
13,4021,81045769,-33,-27,11,0,0
4,4020,81055866,-3063,3889,6561,0,0
37,4020,81055906,4161,3183,-282,15521,0
13,4022,81065831,-32,-14,-4,0,0
L,81068770,VALID,-31.531,21.913,1
4,4021,81076020,-3059,3878,6558,0,0
37,4021,81076061,4159,3184,-283,15521,0
13,4023,81086019,-5,22,-21,0,0
4,4022,81096147,-3100,3880,6550,0,0
37,4022,81096188,4159,3186,-284,15520,0
13,4024,81106175,13,17,-7,0,0
4,4023,81116292,-3095,3880,6534,0,0
37,4023,81116333,4160,3187,-285,15520,0
13,4025,81126269,2,4,2,0,0
4,4024,81136326,-3099,3885,6542,0,0
37,4024,81136367,4160,3187,-284,15520,0
13,4026,81146312,8,-4,19,0,0
4,4025,81156627,-3072,3882,6567,0,0
37,4025,81156667,4161,3186,-283,15520,0
13,4027,81166467,36,12,5,0,0
L,81169180,VALID,-31.534,21.936,1
4,4026,81176727,-3071,3895,6543,0,0
37,4026,81176767,4165,3188,-283,15518,0
13,4028,81186639,47,34,-9,0,0
4,4027,81196837,-3096,3913,6518,0,0
37,4027,81196877,4168,3190,-284,15517,0
13,4029,81206948,9,3,-17,0,0
4,4028,81217024,-3075,3905,6529,0,0
37,4028,81217065,4167,3191,-286,15517,0
13,4030,81227000,-14,9,-17,0,0
4,4029,81237119,-3091,3895,6536,0,0
37,4029,81237160,4166,3192,-287,15517,0
13,4031,81247138,-4,-2,-28,0,0
4,4030,81257299,-3079,3895,6556,0,0
37,4030,81257340,4165,3191,-290,15518,0
13,4032,81267285,6,-8,-49,0,0
L,81270060,VALID,-31.560,21.982,1
4,4031,81277362,-3119,3895,6523,0,0
37,4031,81277403,4164,3192,-294,15518,0
13,4033,81287414,0,-8,-26,0,0
4,4032,81297437,-3104,3880,6549,0,0
37,4032,81297477,4165,3192,-296,15518,0
13,4034,81307525,20,-8,-7,0,0
4,4033,81317774,-3088,3876,6539,0,0
37,4033,81317814,4166,3191,-296,15517,0
13,4035,81327665,28,0,-2,0,0
4,4034,81337823,-3085,3902,6538,0,0
37,4034,81337864,4169,3191,-298,15516,0
13,4036,81347869,23,9,-27,0,0
4,4035,81357944,-3108,3898,6521,0,0
37,4035,81357985,4170,3193,-301,15516,0
13,4037,81367894,3,2,-26,0,0
L,81370574,VALID,-31.586,22.015,1
4,4036,81378023,-3111,3898,6531,0,0
37,4036,81378063,4169,3193,-302,15516,0
13,4038,81388119,-15,-7,-12,0,0
4,4037,81398255,-3093,3892,6547,0,0
37,4037,81398296,4167,3193,-302,15517,0
13,4039,81408240,-8,1,-4,0,0
4,4038,81418304,-3109,3882,6541,0,0
37,4038,81418345,4166,3192,-303,15517,0
13,4040,81428377,18,-17,5,0,0
4,4039,81438514,-3087,3895,6529,0,0
37,4039,81438555,4169,3190,-303,15516,0
13,4041,81448428,28,-2,6,0,0
4,4040,81458676,-3079,3905,6538,0,0
37,4040,81458716,4171,3191,-303,15516,0
13,4042,81468583,16,17,0,0,0
L,81471245,VALID,-31.589,22.005,1
4,4041,81478815,-3101,3907,6526,0,0
37,4041,81478856,4172,3192,-303,15515,0
13,4043,81488765,8,9,-14,0,0
4,4042,81498880,-3104,3893,6543,0,0
37,4042,81498921,4172,3193,-304,15515,0
13,4044,81508902,4,8,1,0,0
4,4043,81519042,-3106,3897,6521,0,0
37,4043,81519083,4172,3193,-303,15515,0
13,4045,81529057,-9,6,8,0,0
4,4044,81539087,-3105,3903,6527,0,0
37,4044,81539127,4171,3193,-302,15515,0
13,4046,81549082,-14,5,2,0,0
4,4045,81559416,-3113,3881,6537,0,0
37,4045,81559457,4169,3194,-302,15516,0
13,4047,81569307,-6,7,-4,0,0
L,81571994,VALID,-31.578,22.024,1
4,4046,81579402,-3113,3887,6544,0,0
37,4046,81579443,4168,3194,-302,15516,0
13,4048,81589460,4,-7,2,0,0
4,4047,81599551,-3105,3881,6538,0,0
37,4047,81599591,4169,3192,-302,15516,0
13,4049,81609511,22,-11,6,0,0
4,4048,81619621,-3083,3890,6532,0,0
37,4048,81619661,4172,3192,-303,15515,0
13,4050,81629693,33,1,-9,0,0
4,4049,81639827,-3111,3898,6511,0,0
37,4049,81639868,4174,3192,-304,15515,0
13,4051,81649761,19,-11,-4,0,0
4,4050,81659922,-3104,3903,6523,0,0
37,4050,81659963,4175,3191,-304,15515,0
13,4052,81669950,5,-5,5,0,0
L,81672578,VALID,-31.618,22.006,1
4,4051,81680185,-3106,3890,6532,0,0
37,4051,81680225,4175,3191,-304,15515,0
13,4053,81690035,14,-4,13,0,0
4,4052,81700173,-3099,3897,6540,0,0
37,4052,81700214,4178,3189,-302,15514,0
13,4054,81710285,30,1,25,0,0
4,4053,81720440,-3092,3898,6524,0,0
37,4053,81720480,4181,3189,-302,15514,0
13,4055,81730363,31,2,-1,0,0
4,4054,81740455,-3100,3925,6491,0,0
37,4054,81740496,4181,3189,-303,15514,0
13,4056,81750458,-23,-22,-8,0,0
4,4055,81760645,-3113,3908,6532,0,0
37,4055,81760686,4178,3187,-303,15515,0
13,4057,81770519,-31,-17,-4,0,0
L,81773465,VALID,-31.639,21.976,1
4,4056,81780699,-3091,3893,6546,0,0
37,4056,81780740,4175,3185,-304,15516,0
13,4058,81790724,-3,-2,-3,0,0
4,4057,81800876,-3099,3895,6539,0,0
37,4057,81800917,4176,3187,-303,15515,0
13,4059,81810913,19,22,7,0,0
4,4058,81821032,-3113,3914,6518,0,0
37,4058,81821073,4178,3188,-302,15515,0
13,4060,81831070,6,6,15,0,0
4,4059,81841125,-3089,3910,6525,0,0
37,4059,81841166,4179,3188,-301,15514,0
13,4061,81851179,-5,15,4,0,0
4,4060,81861264,-3099,3901,6542,0,0
37,4060,81861305,4178,3189,-300,15515,0
13,4062,81871370,-1,17,-1,0,0
L,81874154,VALID,-31.644,21.984,1
4,4061,81881551,-3113,3898,6514,0,0
37,4061,81881592,4178,3190,-300,15514,0
13,4063,81891457,0,-4,5,0,0
4,4062,81901544,-3098,3906,6525,0,0
37,4062,81901585,4178,3189,-300,15514,0
13,4064,81911567,-4,-4,-1,0,0
4,4063,81921677,-3085,3894,6528,0,0
37,4063,81921717,4176,3189,-300,15515,0
13,4065,81931705,-6,11,-12,0,0
4,4064,81941718,-3101,3899,6518,0,0
37,4064,81941786,4176,3191,-301,15514,0
13,4066,81951835,-3,21,-7,0,0
4,4065,81962029,-3111,3909,6522,0,0
37,4065,81962070,4176,3193,-301,15514,0
13,4067,81971972,-10,9,0,0,0
L,81974633,VALID,-31.633,22.014,1
4,4066,81982057,-3120,3902,6518,0,0
37,4066,81982098,4175,3193,-300,15514,0
13,4068,81991987,0,-5,4,0,0
4,4067,82002242,-3111,3890,6533,0,0
37,4067,82002283,4175,3192,-301,15514,0
13,4069,82012213,29,-18,-1,0,0
4,4068,82022339,-3112,3904,6522,0,0
37,4068,82022380,4179,3190,-301,15514,0
13,4070,82032281,36,-20,11,0,0
4,4069,82042485,-3093,3912,6526,0,0
37,4069,82042525,4182,3188,-301,15513,0
13,4071,82052462,33,1,2,0,0
4,4070,82062473,-3102,3907,6523,0,0
37,4070,82062514,4185,3190,-302,15512,0
13,4072,82072723,39,18,-2,0,0
L,82075486,VALID,-31.698,21.994,1
4,4071,82082736,-3111,3922,6508,0,0
37,4071,82082777,4188,3191,-302,15511,0
13,4073,82092813,23,14,-8,0,0
4,4072,82102819,-3107,3913,6500,0,0
37,4072,82102860,4189,3192,-303,15511,0
13,4074,82112761,0,0,-13,0,0
4,4073,82123001,-3100,3902,6521,0,0
37,4073,82123041,4188,3192,-305,15511,0
13,4075,82132986,1,-3,-24,0,0
4,4074,82143120,-3110,3909,6526,0,0
37,4074,82143161,4188,3192,-307,15511,0
13,4076,82153055,5,-5,-11,0,0
4,4075,82163215,-3092,3899,6548,0,0
37,4075,82163256,4189,3192,-308,15511,0
13,4077,82173209,50,4,-32,0,0
L,82176044,VALID,-31.721,22.017,1
4,4076,82183313,-3122,3912,6507,0,0
37,4076,82183353,4194,3195,-313,15509,0
13,4078,82193327,54,20,-27,0,0
4,4077,82203593,-3142,3927,6485,0,0
37,4077,82203634,4197,3197,-313,15507,0
13,4079,82213451,12,0,13,0,0
4,4078,82223689,-3110,3914,6508,0,0
37,4078,82223729,4197,3195,-312,15508,0
13,4080,82233691,8,-1,11,0,0
4,4079,82243748,-3111,3919,6514,0,0
37,4079,82243789,4198,3196,-312,15507,0
13,4081,82253734,10,16,0,0,0
4,4080,82263919,-3108,3926,6497,0,0
37,4080,82263960,4199,3197,-312,15507,0
13,4082,82273880,-11,23,-3,0,0
L,82276741,VALID,-31.798,22.057,1
4,4081,82284105,-3133,3912,6506,0,0
37,4081,82284145,4197,3200,-311,15507,0
13,4083,82294044,-23,3,-5,0,0
4,4082,82304135,-3115,3915,6510,0,0
37,4082,82304176,4195,3200,-311,15508,0
13,4084,82314146,-27,8,0,0,0
4,4083,82324352,-3110,3912,6520,0,0
37,4083,82324392,4192,3201,-310,15508,0
13,4085,82334302,-25,24,6,0,0
4,4084,82344541,-3131,3912,6516,0,0
37,4084,82344582,4191,3203,-308,15508,0
13,4086,82354456,-5,22,17,0,0
4,4085,82364651,-3110,3909,6520,0,0
37,4085,82364692,4192,3204,-307,15507,0
13,4087,82374516,21,19,12,0,0
L,82377290,VALID,-31.760,22.098,1
4,4086,82384739,-3124,3915,6508,0,0
37,4086,82384780,4194,3206,-306,15506,0
13,4088,82394671,19,19,5,0,0
4,4087,82404857,-3117,3928,6503,0,0
37,4087,82404897,4196,3207,-305,15506,0
13,4089,82414800,2,20,-3,0,0
4,4088,82424925,-3139,3915,6503,0,0
37,4088,82424966,4195,3209,-305,15506,0
13,4090,82434937,-12,6,-4,0,0
4,4089,82445186,-3115,3911,6521,0,0
37,4089,82445226,4193,3210,-305,15506,0
13,4091,82455093,-9,20,-7,0,0
4,4090,82465161,-3138,3909,6512,0,0
37,4090,82465201,4192,3212,-305,15506,0
13,4092,82475211,-2,15,-2,0,0
L,82478022,VALID,-31.769,22.148,1
4,4091,82485376,-3137,3905,6500,0,0
37,4091,82485416,4192,3214,-306,15505,0
13,4093,82495307,5,7,-14,0,0
4,4092,82505579,-3126,3915,6499,0,0
37,4092,82505620,4192,3213,-308,15505,0
13,4094,82515479,-6,-18,-24,0,0
4,4093,82525701,-3141,3924,6504,0,0
37,4093,82525742,4190,3212,-309,15506,0
13,4095,82535600,-16,-18,-6,0,0
4,4094,82545675,-3115,3890,6537,0,0
37,4094,82545715,4189,3211,-310,15507,0
13,4096,82555865,18,3,-2,0,0
4,4095,82565995,-3124,3899,6519,0,0
37,4095,82566036,4192,3213,-310,15505,0
13,4097,82575893,40,27,-12,0,0
L,82578736,VALID,-31.765,22.165,1
4,4096,82586005,-3144,3929,6490,0,0
37,4096,82586046,4196,3216,-312,15504,0
13,4098,82596115,15,26,-13,0,0
4,4097,82606278,-3132,3918,6487,0,0
37,4097,82606319,4195,3218,-312,15504,0
13,4099,82616263,-22,16,-8,0,0
4,4098,82626311,-3154,3904,6515,0,0
37,4098,82626352,4192,3219,-311,15504,0
13,4100,82636357,-20,9,10,0,0
4,4099,82646448,-3158,3910,6506,0,0
37,4099,82646489,4191,3219,-310,15504,0
13,4101,82656356,1,-11,11,0,0
4,4100,82666585,-3132,3899,6523,0,0
37,4100,82666625,4192,3218,-310,15504,0
13,4102,82676527,26,-3,8,0,0
L,82679216,VALID,-31.770,22.199,1
4,4101,82686849,-3138,3911,6504,0,0
37,4101,82686889,4195,3219,-310,15503,0
13,4103,82696718,30,8,5,0,0
4,4102,82706837,-3129,3926,6497,0,0
37,4102,82706877,4198,3219,-309,15503,0
13,4104,82716958,13,6,13,0,0
4,4103,82727051,-3130,3927,6491,0,0
37,4103,82727092,4199,3219,-308,15503,0
13,4105,82737019,-1,0,7,0,0
4,4104,82747042,-3128,3918,6499,0,0
37,4104,82747083,4198,3219,-308,15503,0
13,4106,82757121,0,5,1,0,0
4,4105,82767420,-3131,3902,6499,0,0
37,4105,82767461,4198,3219,-308,15503,0
13,4107,82777287,0,2,1,0,0
L,82779773,VALID,-31.818,22.200,1
4,4106,82787370,-3136,3926,6500,0,0
37,4106,82787410,4198,3219,-307,15503,0
13,4108,82797439,-13,3,3,0,0
4,4107,82807514,-3140,3911,6500,0,0
37,4107,82807555,4196,3220,-307,15503,0
13,4109,82817608,-15,0,4,0,0
4,4108,82827734,-3129,3917,6509,0,0
37,4108,82827774,4195,3220,-306,15503,0
13,4110,82837726,-8,15,4,0,0
4,4109,82847972,-3144,3916,6511,0,0
37,4109,82848013,4194,3222,-305,15503,0
13,4111,82857905,-5,23,-4,0,0
4,4110,82867971,-3160,3913,6495,0,0
37,4110,82868012,4194,3224,-305,15503,0
13,4112,82877940,-2,13,15,0,0
L,82880713,VALID,-31.797,22.230,1
4,4111,82888163,-3140,3908,6512,0,0
37,4111,82888203,4194,3225,-303,15503,0
13,4113,82898189,11,18,22,0,0
4,4112,82908264,-3132,3921,6497,0,0
37,4112,82908305,4196,3226,-301,15502,0
13,4114,82918343,17,23,9,0,0
4,4113,82928549,-3149,3933,6490,0,0
37,4113,82928590,4198,3228,-300,15501,0
13,4115,82938474,12,11,2,0,0
4,4114,82948575,-3143,3932,6489,0,0
37,4114,82948616,4199,3228,-300,15501,0
13,4116,82958506,-8,3,0,0,0
4,4115,82968891,-3139,3926,6488,0,0
37,4115,82968931,4197,3228,-300,15501,0
13,4117,82978740,-26,-1,-19,0,0
L,82981671,VALID,-31.832,22.247,1
4,4116,82988869,-3140,3915,6508,0,0
37,4116,82988909,4194,3229,-302,15502,0
13,4118,82998886,-19,3,-19,0,0
4,4117,83009151,-3158,3892,6505,0,0
37,4117,83009191,4192,3230,-302,15502,0
13,4119,83019076,0,0,6,0,0
4,4118,83029174,-3138,3914,6518,0,0
37,4118,83029214,4194,3230,-302,15502,0
13,4120,83039205,18,15,7,0,0
4,4119,83049322,-3156,3913,6502,0,0
37,4119,83049363,4195,3231,-301,15501,0
13,4121,83059265,8,1,11,0,0
4,4120,83069512,-3140,3926,6496,0,0
37,4120,83069553,4196,3231,-300,15501,0
13,4122,83079499,0,13,7,0,0
L,83082090,VALID,-31.827,22.268,1
4,4121,83089686,-3152,3919,6496,0,0
37,4121,83089726,4195,3232,-299,15501,0
13,4123,83099634,-4,12,1,0,0
4,4122,83109727,-3141,3929,6486,0,0
37,4122,83109767,4195,3234,-299,15501,0
13,4124,83119738,-16,19,-6,0,0
4,4123,83129908,-3152,3922,6505,0,0
37,4123,83129949,4192,3235,-299,15501,0
13,4125,83139885,-28,11,-7,0,0
4,4124,83149984,-3156,3898,6500,0,0
37,4124,83150025,4190,3236,-299,15502,0
13,4126,83160013,-15,0,-3,0,0
4,4125,83170294,-3145,3909,6509,0,0
37,4125,83170361,4189,3236,-299,15502,0
13,4127,83180169,4,18,-5,0,0
L,83182856,VALID,-31.779,22.302,1
4,4126,83190368,-3152,3915,6489,0,0
37,4126,83190409,4189,3239,-300,15501,0
13,4128,83200315,0,18,-13,0,0
4,4127,83210476,-3165,3913,6490,0,0
37,4127,83210517,4189,3240,-300,15501,0
13,4129,83220572,-17,-3,-1,0,0
4,4128,83230639,-3172,3899,6501,0,0
37,4128,83230679,4186,3240,-300,15502,0
13,4130,83240633,-18,-16,-1,0,0
4,4129,83250812,-3128,3903,6509,0,0
37,4129,83250853,4185,3238,-300,15502,0
13,4131,83260694,0,6,-7,0,0
4,4130,83270876,-3157,3894,6513,0,0
37,4130,83270916,4186,3239,-301,15502,0
13,4132,83280822,19,16,0,0,0
L,83283483,VALID,-31.757,22.327,1
4,4131,83291044,-3177,3916,6492,0,0
37,4131,83291085,4187,3241,-300,15501,0
13,4133,83301011,5,-7,6,0,0
4,4132,83311058,-3161,3910,6498,0,0
37,4132,83311099,4187,3240,-301,15501,0
13,4134,83321148,-3,-22,-6,0,0
4,4133,83331355,-3149,3902,6513,0,0
37,4133,83331396,4187,3238,-302,15502,0
13,4135,83341347,11,-4,-4,0,0
4,4134,83351353,-3158,3912,6505,0,0
37,4134,83351394,4189,3239,-302,15501,0
13,4136,83361406,25,21,-2,0,0
4,4135,83371532,-3162,3933,6466,0,0
37,4135,83371573,4190,3241,-302,15500,0
13,4137,83381622,-20,5,-5,0,0
L,83384406,VALID,-31.790,22.342,1
4,4136,83391692,-3168,3924,6477,0,0
37,4136,83391732,4186,3240,-302,15502,0
13,4138,83401717,-59,-18,-3,0,0
4,4137,83411948,-3152,3892,6512,0,0
37,4137,83411988,4181,3239,-302,15503,0
13,4139,83421864,-31,-3,0,0,0
4,4138,83431911,-3157,3896,6512,0,0
37,4138,83431952,4179,3239,-302,15504,0
13,4140,83442000,-6,0,-3,0,0
4,4139,83452075,-3147,3908,6495,0,0
37,4139,83452116,4179,3240,-302,15504,0
13,4141,83462147,-10,3,-2,0,0
4,4140,83472212,-3161,3894,6510,0,0
37,4140,83472253,4178,3240,-302,15504,0
13,4142,83482309,-2,1,1,0,0
L,83484877,VALID,-31.695,22.338,1
4,4141,83492447,-3155,3903,6498,0,0
37,4141,83492488,4178,3241,-301,15504,0
13,4143,83502328,14,7,2,0,0
4,4142,83512522,-3158,3913,6496,0,0
37,4142,83512563,4180,3242,-301,15503,0
13,4144,83522560,2,12,0,0,0
4,4143,83532694,-3160,3906,6493,0,0
37,4143,83532734,4179,3243,-301,15503,0
13,4145,83542638,-10,7,-1,0,0
4,4144,83552771,-3170,3908,6497,0,0
37,4144,83552812,4178,3244,-301,15503,0
13,4146,83562826,-16,2,0,0,0
4,4145,83572954,-3139,3895,6503,0,0
37,4145,83572995,4177,3244,-301,15503,0
13,4147,83583085,-7,11,-10,0,0
L,83585938,VALID,-31.694,22.364,1
4,4146,83593085,-3158,3892,6516,0,0
37,4146,83593126,4177,3247,-302,15503,0
13,4148,83603196,12,32,-16,0,0
4,4147,83613271,-3182,3906,6498,0,0
37,4147,83613312,4178,3249,-302,15502,0
13,4149,83623169,7,19,3,0,0
4,4148,83633320,-3180,3910,6491,0,0
37,4148,83633361,4178,3250,-301,15502,0
13,4150,83643394,-5,-4,6,0,0
4,4149,83653606,-3157,3902,6510,0,0
37,4149,83653647,4177,3250,-301,15502,0
13,4151,83663464,-10,9,-2,0,0
4,4150,83673572,-3169,3890,6511,0,0
37,4150,83673613,4176,3251,-301,15502,0
13,4152,83683608,1,1,-8,0,0
L,83686210,VALID,-31.693,22.412,1
4,4151,83693737,-3176,3900,6505,0,0
37,4151,83693804,4176,3251,-302,15502,0
13,4153,83703765,0,-3,-5,0,0
4,4152,83713875,-3170,3905,6488,0,0
37,4152,83713916,4175,3251,-302,15502,0
13,4154,83723841,-24,-5,-1,0,0
4,4153,83734141,-3168,3897,6498,0,0
37,4153,83734182,4173,3251,-302,15503,0
13,4155,83744057,-22,-3,1,0,0
4,4154,83754139,-3169,3903,6512,0,0
37,4154,83754180,4172,3250,-302,15503,0
13,4156,83764151,-11,-14,4,0,0
4,4155,83774372,-3180,3879,6519,0,0
37,4155,83774413,4170,3249,-302,15504,0
13,4157,83784281,3,-11,-2,0,0
L,83787072,VALID,-31.644,22.402,1
4,4156,83794401,-3167,3911,6502,0,0
37,4156,83794441,4172,3249,-302,15504,0
13,4158,83804469,10,9,-3,0,0
4,4157,83814665,-3191,3881,6511,0,0
37,4157,83814706,4173,3250,-303,15503,0
13,4159,83824529,25,-5,0,0,0
4,4158,83834674,-3173,3914,6475,0,0
37,4158,83834715,4174,3248,-303,15503,0
13,4160,83844701,-7,-28,5,0,0
4,4159,83854932,-3170,3901,6492,0,0
37,4159,83854972,4172,3246,-303,15504,0
13,4161,83864804,-28,-15,3,0,0
4,4160,83874877,-3148,3890,6514,0,0
37,4160,83874918,4170,3245,-303,15505,0
13,4162,83884847,-16,5,-5,0,0
L,83887621,VALID,-31.638,22.376,1
4,4161,83895165,-3170,3893,6498,0,0
37,4161,83895206,4169,3246,-303,15505,0
13,4163,83905045,-7,-3,0,0,0
4,4162,83915144,-3174,3893,6506,0,0
37,4162,83915185,4168,3245,-302,15505,0
13,4164,83925174,-13,-21,13,0,0
4,4163,83935318,-3152,3883,6515,0,0
37,4163,83935359,4167,3243,-301,15506,0
13,4165,83945275,3,-10,11,0,0
4,4164,83955405,-3159,3897,6515,0,0
37,4164,83955445,4168,3243,-301,15506,0
13,4166,83965441,15,7,-8,0,0
4,4165,83975574,-3177,3904,6500,0,0
37,4165,83975614,4169,3245,-302,15505,0
13,4167,83985534,2,6,-7,0,0
L,83988135,VALID,-31.632,22.375,1
4,4166,83995697,-3183,3899,6490,0,0
37,4166,83995738,4169,3245,-302,15505,0
13,4168,84005620,-5,-13,11,0,0
4,4167,84015937,-3157,3887,6521,0,0
37,4167,84015977,4169,3243,-302,15506,0
13,4169,84025785,14,-2,10,0,0
4,4168,84035884,-3154,3896,6500,0,0
37,4168,84035925,4171,3244,-301,15505,0
13,4170,84045911,12,13,-5,0,0
4,4169,84056082,-3178,3908,6486,0,0
37,4169,84056122,4171,3245,-301,15505,0
13,4171,84066127,-12,-8,9,0,0
4,4170,84076248,-3162,3901,6492,0,0
37,4170,84076289,4169,3243,-301,15506,0
13,4172,84086180,-22,-23,3,0,0
L,84089032,VALID,-31.630,22.358,1
4,4171,84096368,-3162,3886,6507,0,0
37,4171,84096408,4167,3241,-301,15507,0
13,4173,84106368,-18,-28,0,0,0
4,4172,84116479,-3147,3881,6518,0,0
37,4172,84116519,4166,3239,-301,15507,0
13,4174,84126506,2,-5,-2,0,0
4,4173,84136684,-3149,3888,6515,0,0
37,4173,84136724,4167,3240,-302,15507,0
13,4175,84146601,17,22,-17,0,0
4,4174,84156641,-3169,3896,6493,0,0
37,4174,84156682,4168,3242,-303,15506,0
13,4176,84166625,6,7,-10,0,0
4,4175,84176879,-3172,3895,6503,0,0
37,4175,84176920,4168,3243,-304,15506,0
13,4177,84186807,-6,-14,3,0,0
L,84189581,VALID,-31.619,22.364,1
4,4176,84197006,-3160,3894,6515,0,0
37,4176,84197047,4167,3241,-304,15506,0
13,4178,84206935,5,-12,9,0,0
4,4177,84217191,-3150,3899,6516,0,0
37,4177,84217231,4169,3240,-303,15506,0
13,4179,84227202,25,0,5,0,0
4,4178,84237295,-3164,3887,6502,0,0
37,4178,84237335,4171,3240,-303,15506,0
13,4180,84247254,25,0,7,0,0
4,4179,84257318,-3152,3899,6488,0,0
37,4179,84257359,4173,3240,-303,15505,0
13,4181,84267392,7,3,0,0,0
4,4180,84277565,-3181,3912,6487,0,0
37,4180,84277606,4172,3240,-303,15505,0
13,4182,84287546,-26,-13,7,0,0
L,84290399,VALID,-31.649,22.342,1
4,4181,84297667,-3138,3896,6516,0,0
37,4181,84297708,4170,3239,-302,15506,0
13,4183,84307641,-21,0,-9,0,0
4,4182,84317646,-3164,3884,6505,0,0
37,4182,84317687,4168,3240,-303,15506,0
13,4184,84327788,-1,8,-15,0,0
4,4183,84337933,-3163,3889,6510,0,0
37,4183,84337974,4168,3242,-305,15506,0
13,4185,84347890,8,10,-16,0,0
4,4184,84358034,-3169,3894,6507,0,0
37,4184,84358074,4169,3243,-306,15506,0
13,4186,84368062,11,-8,-4,0,0
4,4185,84378180,-3146,3898,6523,0,0
37,4185,84378220,4170,3242,-306,15505,0
13,4187,84388045,26,12,-14,0,0
L,84390905,VALID,-31.632,22.362,1
4,4186,84398208,-3164,3909,6489,0,0
37,4186,84398248,4172,3244,-309,15504,0
13,4188,84408259,20,17,-26,0,0
4,4187,84418403,-3167,3903,6472,0,0
37,4187,84418444,4173,3247,-310,15504,0
13,4189,84428389,-7,22,-10,0,0
4,4188,84438473,-3170,3904,6492,0,0
37,4188,84438513,4171,3249,-310,15504,0
13,4190,84448517,-25,22,-7,0,0
4,4189,84458715,-3183,3885,6498,0,0
37,4189,84458756,4169,3251,-310,15504,0
13,4191,84468587,-8,12,-11,0,0
4,4190,84478869,-3180,3889,6503,0,0
37,4190,84478910,4168,3253,-311,15504,0
13,4192,84488775,6,9,-1,0,0
L,84491367,VALID,-31.620,22.446,1
4,4191,84498894,-3184,3889,6499,0,0
37,4191,84498935,4169,3253,-310,15503,0
13,4193,84508913,12,11,10,0,0
4,4192,84519048,-3179,3900,6496,0,0
37,4192,84519089,4171,3254,-309,15503,0
13,4194,84529059,12,0,7,0,0
4,4193,84539253,-3170,3895,6494,0,0
37,4193,84539294,4172,3254,-309,15502,0
13,4195,84549206,5,4,5,0,0
4,4194,84559252,-3174,3908,6490,0,0
37,4194,84559293,4172,3255,-309,15502,0
13,4196,84569248,-2,7,-3,0,0
4,4195,84579521,-3194,3903,6485,0,0
37,4195,84579562,4172,3256,-309,15502,0
13,4197,84589439,-17,-10,-4,0,0
L,84592368,VALID,-31.657,22.462,1
4,4196,84599514,-3173,3904,6491,0,0
37,4196,84599555,4170,3255,-309,15503,0
13,4198,84609573,-26,-13,4,0,0
4,4197,84619710,-3163,3880,6515,0,0
37,4197,84619751,4168,3254,-309,15504,0
13,4199,84629626,-6,0,-5,0,0
4,4198,84639762,-3175,3882,6502,0,0
37,4198,84639802,4167,3254,-309,15504,0
13,4200,84649832,4,8,-2,0,0
4,4199,84659932,-3175,3891,6499,0,0
37,4199,84659972,4168,3256,-309,15503,0
13,4201,84669918,1,15,0,0,0
4,4200,84680043,-3180,3889,6492,0,0
37,4200,84680084,4167,3257,-309,15503,0
13,4202,84690090,0,9,-3,0,0
L,84692691,VALID,-31.620,22.471,1
4,4201,84700332,-3184,3879,6502,0,0
37,4201,84700373,4167,3258,-309,15503,0
13,4203,84710115,9,-3,2,0,0
4,4202,84720285,-3171,3883,6508,0,0
37,4202,84720326,4169,3258,-310,15502,0
13,4204,84730416,25,6,-1,0,0
4,4203,84740467,-3177,3903,6491,0,0
37,4203,84740507,4171,3259,-310,15502,0
13,4205,84750425,18,5,-11,0,0
4,4204,84760517,-3182,3907,6485,0,0
37,4204,84760557,4172,3260,-312,15501,0
13,4206,84770511,-2,5,-17,0,0
4,4205,84780809,-3172,3888,6504,0,0
37,4205,84780850,4171,3261,-313,15501,0
13,4207,84790572,3,5,-24,0,0
L,84793284,VALID,-31.650,22.505,1
4,4206,84800768,-3199,3905,6483,0,0
37,4206,84800809,4172,3263,-315,15500,0
13,4208,84810760,0,14,-8,0,0
4,4207,84820850,-3189,3893,6499,0,0
37,4207,84820891,4172,3264,-315,15500,0
13,4209,84830985,8,-5,4,0,0
4,4208,84841061,-3183,3894,6498,0,0
37,4208,84841102,4172,3263,-314,15500,0
13,4210,84851095,7,0,15,0,0
4,4209,84861220,-3192,3892,6502,0,0
37,4209,84861261,4174,3263,-313,15500,0
13,4211,84871190,16,-7,8,0,0
4,4210,84881256,-3170,3891,6499,0,0
37,4210,84881297,4175,3261,-314,15500,0
13,4212,84891370,16,-7,0,0,0
L,84894042,VALID,-31.679,22.505,1
4,4211,84901491,-3197,3910,6474,0,0
37,4211,84901531,4176,3261,-314,15500,0
13,4213,84911465,-1,-18,-2,0,0
4,4212,84921584,-3193,3908,6481,0,0
37,4212,84921625,4175,3259,-315,15500,0
13,4214,84931612,-23,-28,0,0,0
4,4213,84941746,-3184,3894,6499,0,0
37,4213,84941814,4172,3257,-315,15502,0
13,4215,84951749,-24,-14,2,0,0
4,4214,84961784,-3168,3878,6504,0,0
37,4214,84961825,4171,3256,-315,15502,0
13,4216,84971870,7,-6,-3,0,0
4,4215,84982003,-3187,3884,6512,0,0
37,4215,84982044,4172,3256,-316,15502,0
13,4217,84992007,38,-10,-2,0,0
L,84994877,VALID,-31.647,22.475,1
4,4216,85002051,-3198,3895,6475,0,0
37,4216,85002091,4176,3254,-316,15501,0
13,4218,85012041,30,-38,23,0,0
4,4217,85022348,-3173,3915,6477,0,0
37,4217,85022389,4178,3249,-315,15502,0
13,4219,85032249,-7,-47,41,0,0
4,4218,85042349,-3142,3905,6504,0,0
37,4218,85042389,4177,3244,-312,15503,0
13,4220,85052342,-4,-24,14,0,0
4,4219,85062469,-3165,3900,6517,0,0
37,4219,85062509,4177,3244,-312,15503,0
13,4221,85072514,15,4,-5,0,0
4,4220,85082555,-3174,3908,6485,0,0
37,4220,85082595,4179,3245,-313,15502,0
13,4222,85092763,7,-6,0,0,0
L,85095340,VALID,-31.695,22.393,1
4,4221,85102823,-3189,3911,6483,0,0
37,4221,85102863,4179,3242,-313,15503,0
13,4223,85112858,-13,-39,13,0,0
4,4222,85122855,-3149,3909,6504,0,0
37,4222,85122896,4177,3239,-313,15504,0
13,4224,85132824,-13,-18,0,0,0
4,4223,85142991,-3156,3895,6512,0,0
37,4223,85143032,4177,3239,-313,15504,0
13,4225,85153012,6,1,-2,0,0
4,4224,85163119,-3177,3891,6501,0,0
37,4224,85163160,4178,3239,-313,15504,0
13,4226,85173055,18,-4,8,0,0
4,4225,85183293,-3179,3905,6488,0,0
37,4225,85183333,4179,3238,-313,15504,0
13,4227,85193211,0,-22,13,0,0
L,85196002,VALID,-31.686,22.344,1
4,4226,85203357,-3155,3906,6506,0,0
37,4226,85203398,4179,3236,-312,15504,0
13,4228,85213338,-7,-9,2,0,0
4,4227,85223516,-3162,3896,6501,0,0
37,4227,85223557,4178,3236,-312,15505,0
13,4229,85233425,0,-12,3,0,0
4,4228,85243628,-3157,3905,6500,0,0
37,4228,85243668,4178,3235,-312,15504,0
13,4230,85253639,0,7,2,0,0
4,4229,85263791,-3161,3908,6494,0,0
37,4229,85263832,4179,3236,-312,15504,0
13,4231,85273700,1,-5,1,0,0
4,4230,85283850,-3181,3896,6498,0,0
37,4230,85283891,4179,3235,-312,15504,0
13,4232,85293794,3,-25,9,0,0
L,85296464,VALID,-31.686,22.323,1
4,4231,85303974,-3163,3891,6505,0,0
37,4231,85304014,4179,3232,-312,15505,0
13,4233,85313992,11,-20,19,0,0
4,4232,85324033,-3153,3892,6498,0,0
37,4232,85324073,4181,3232,-311,15505,0
13,4234,85334058,25,0,14,0,0
4,4233,85344281,-3157,3901,6501,0,0
37,4233,85344321,4184,3231,-310,15504,0
13,4235,85354207,22,4,11,0,0
4,4234,85364437,-3174,3922,6482,0,0
37,4234,85364478,4185,3231,-309,15503,0
13,4236,85374335,-3,-21,14,0,0
4,4235,85384462,-3155,3913,6502,0,0
37,4235,85384503,4185,3228,-309,15504,0
13,4237,85394378,-4,-23,7,0,0
L,85397143,VALID,-31.728,22.268,1
4,4236,85404610,-3143,3903,6510,0,0
37,4236,85404650,4184,3227,-309,15505,0
13,4238,85414567,2,-1,0,0,0
4,4237,85424777,-3155,3912,6503,0,0
37,4237,85424818,4185,3227,-309,15504,0
13,4239,85434654,6,-11,7,0,0
4,4238,85444821,-3164,3911,6493,0,0
37,4238,85444862,4185,3226,-308,15505,0
13,4240,85454798,-1,-30,12,0,0
4,4239,85464989,-3149,3906,6509,0,0
37,4239,85465030,4185,3223,-309,15505,0
13,4241,85474989,4,-32,1,0,0
4,4240,85485037,-3135,3906,6511,0,0
37,4240,85485078,4186,3220,-309,15506,0
13,4242,85495091,11,-14,-6,0,0
L,85497953,VALID,-31.726,22.212,1
4,4241,85505308,-3146,3916,6495,0,0
37,4241,85505348,4186,3220,-311,15506,0
13,4243,85515160,-6,-19,-8,0,0
4,4242,85525399,-3148,3914,6493,0,0
37,4242,85525440,4185,3217,-312,15506,0
13,4244,85535324,-18,-39,-10,0,0
4,4243,85545477,-3150,3904,6515,0,0
37,4243,85545518,4183,3214,-313,15508,0
13,4245,85555461,-1,-43,4,0,0
4,4244,85565501,-3144,3900,6508,0,0
37,4244,85565542,4184,3211,-314,15508,0
13,4246,85575721,17,-47,1,0,0
4,4245,85585892,-3168,3915,6495,0,0
37,4245,85585933,4185,3206,-315,15509,0
13,4247,85595711,-4,-75,20,0,0
L,85598554,VALID,-31.696,22.127,1
4,4246,85605856,-3163,3930,6493,0,0
37,4246,85605897,4184,3198,-313,15511,0
13,4248,85615932,-33,-92,56,0,0
4,4247,85626044,-3109,3896,6527,0,0
37,4247,85626084,4183,3188,-310,15513,0
13,4249,85636072,-8,-101,49,0,0
4,4248,85646165,-3120,3913,6512,0,0
37,4248,85646206,4183,3179,-308,15515,0
13,4250,85656158,-10,-112,46,0,0
4,4249,85666303,-3093,3908,6505,0,0
37,4249,85666344,4182,3167,-307,15518,0
13,4251,85676210,-25,-128,38,0,0
4,4250,85686423,-3101,3921,6501,0,0
37,4250,85686464,4179,3155,-306,15521,0
13,4252,85696347,-53,-151,47,0,0
L,85699425,VALID,-31.610,21.762,1
4,4251,85706651,-3043,3893,6575,0,0
37,4251,85706692,4176,3142,-305,15525,0
13,4253,85716546,-17,-117,19,0,0
4,4252,85726640,-3062,3905,6524,0,0
37,4252,85726681,4176,3133,-307,15526,0
13,4254,85736776,-8,-104,0,0,0
4,4253,85746888,-3092,3929,6522,0,0
37,4253,85746928,4174,3125,-308,15528,0
13,4255,85756821,-47,-110,29,0,0
4,4254,85766819,-3083,3910,6527,0,0
37,4254,85766859,4169,3114,-306,15532,0
13,4256,85776939,-75,-138,66,0,0
4,4255,85787172,-3004,3890,6588,0,0
37,4255,85787213,4164,3100,-302,15536,0
13,4257,85797088,-43,-103,37,0,0
L,85800113,VALID,-31.446,21.382,1
4,4256,85807166,-3024,3893,6561,0,0
37,4256,85807207,4162,3093,-302,15538,0
13,4258,85817215,-16,-87,13,0,0
4,4257,85827370,-3037,3904,6557,0,0
37,4257,85827411,4161,3087,-303,15540,0
13,4259,85837388,-23,-72,21,0,0
4,4258,85847515,-3022,3896,6555,0,0
37,4258,85847555,4159,3080,-302,15542,0
13,4260,85857490,-35,-76,21,0,0
4,4259,85867660,-3020,3890,6580,0,0
37,4259,85867701,4154,3073,-301,15544,0
13,4261,85877646,-50,-73,37,0,0
4,4260,85887729,-3024,3882,6582,0,0
37,4260,85887770,4152,3066,-298,15546,0
13,4262,85897645,-28,-92,52,0,0
L,85900584,VALID,-31.326,21.144,1
4,4261,85907947,-2990,3884,6581,0,0
37,4261,85907988,4151,3056,-295,15549,0
13,4263,85917896,-16,-91,49,0,0
4,4262,85927954,-2968,3904,6591,0,0
37,4262,85927994,4151,3048,-293,15550,0
13,4264,85938024,-9,-61,35,0,0
4,4263,85948194,-2971,3901,6569,0,0
37,4263,85948235,4150,3044,-292,15551,0
13,4265,85958151,-17,-31,18,0,0
4,4264,85968290,-2986,3900,6576,0,0
37,4264,85968331,4148,3043,-290,15552,0
13,4266,85978205,-29,-10,12,0,0
4,4265,85988575,-2964,3890,6581,0,0
37,4265,85988615,4146,3042,-289,15553,0
13,4267,85998428,-31,0,-4,0,0
L,86001203,VALID,-31.267,20.963,1
4,4266,86008497,-2998,3880,6580,0,0
37,4266,86008537,4143,3042,-290,15554,0
13,4268,86018573,-23,-12,4,0,0
4,4267,86028752,-2992,3883,6599,0,0
37,4267,86028793,4141,3041,-289,15554,0
13,4269,86038702,-10,-21,9,0,0
4,4268,86048830,-3008,3886,6579,0,0
37,4268,86048871,4141,3038,-289,15555,0
13,4270,86058832,-16,-53,22,0,0
4,4269,86069003,-2952,3891,6592,0,0
37,4269,86069071,4139,3032,-287,15556,0
13,4271,86078900,-37,-42,17,0,0
4,4270,86089125,-2958,3893,6595,0,0
37,4270,86089166,4135,3030,-286,15558,0
13,4272,86099125,-55,-9,2,0,0
L,86101873,VALID,-31.176,20.878,1
4,4271,86109227,-2957,3860,6607,0,0
37,4271,86109267,4130,3030,-286,15559,0
13,4273,86119260,-29,6,-4,0,0
4,4272,86129302,-2992,3873,6619,0,0
37,4272,86129343,4129,3031,-286,15559,0
13,4274,86139296,2,-15,11,0,0
4,4273,86149508,-2985,3887,6589,0,0
37,4273,86149549,4131,3028,-284,15560,0
13,4275,86159451,-1,-46,36,0,0
4,4274,86169560,-2997,3890,6588,0,0
37,4274,86169600,4130,3022,-282,15561,0
13,4276,86179546,-32,-94,59,0,0
4,4275,86189767,-2962,3874,6611,0,0
37,4275,86189808,4127,3010,-278,15564,0
13,4277,86199742,-26,-117,62,0,0
L,86202840,VALID,-31.107,20.728,1
4,4276,86209911,-2902,3880,6616,0,0
37,4276,86209951,4127,3000,-276,15566,0
13,4278,86219864,-19,-76,31,0,0
4,4277,86230061,-2947,3894,6601,0,0
37,4277,86230102,4125,2995,-275,15568,0
13,4279,86240094,-40,-56,27,0,0
4,4278,86250163,-2948,3878,6607,0,0
37,4278,86250204,4120,2990,-273,15570,0
13,4280,86260148,-59,-69,31,0,0
4,4279,86270268,-2941,3871,6628,0,0
37,4279,86270308,4116,2982,-271,15573,0
13,4281,86280225,-50,-102,45,0,0
4,4280,86290421,-2923,3858,6637,0,0
37,4280,86290462,4112,2971,-268,15576,0
13,4282,86300319,-44,-131,55,0,0
L,86303354,VALID,-30.967,20.445,1
4,4281,86310570,-2927,3882,6589,0,0
37,4281,86310610,4109,2957,-265,15579,0
13,4283,86320500,-79,-175,68,0,0
4,4282,86330551,-2868,3863,6669,0,0
37,4282,86330591,4102,2941,-264,15584,0
13,4284,86340734,-60,-148,26,0,0
4,4283,86350835,-2879,3851,6645,0,0
37,4283,86350876,4096,2930,-263,15588,0
13,4285,86360860,-67,-149,30,0,0
4,4284,86370894,-2916,3860,6633,0,0
37,4284,86370935,4094,2913,-262,15592,0
13,4286,86380964,-56,-221,83,0,0
4,4285,86391152,-2846,3868,6660,0,0
37,4285,86391192,4089,2892,-258,15597,0
13,4287,86401181,-74,-222,93,0,0
L,86404233,VALID,-30.733,19.891,1
4,4286,86411251,-2790,3848,6680,0,0
37,4286,86411292,4084,2872,-255,15602,0
13,4288,86421230,-59,-181,71,0,0
4,4287,86431428,-2814,3845,6683,0,0
37,4287,86431469,4080,2858,-252,15606,0
13,4289,86441413,-44,-163,57,0,0
4,4288,86451462,-2790,3845,6692,0,0
37,4288,86451503,4077,2841,-250,15609,0
13,4290,86461577,-38,-159,64,0,0
4,4289,86471662,-2783,3841,6696,0,0
37,4289,86471703,4075,2828,-247,15612,0
13,4291,86481678,-28,-151,71,0,0
4,4290,86491763,-2793,3848,6679,0,0
37,4290,86491803,4074,2813,-245,15615,0
13,4292,86501825,-40,-189,79,0,0
L,86504852,VALID,-30.566,19.330,1
4,4291,86511879,-2755,3860,6710,0,0
37,4291,86511919,4071,2793,-241,15620,0
13,4293,86521816,-53,-216,81,0,0
4,4292,86532038,-2712,3848,6703,0,0
37,4292,86532079,4066,2773,-238,15625,0
13,4294,86542022,-77,-202,68,0,0
4,4293,86552280,-2671,3826,6763,0,0
37,4293,86552320,4061,2758,-237,15629,0
13,4295,86562127,-26,-130,23,0,0
4,4294,86572253,-2704,3838,6732,0,0
37,4294,86572293,4061,2748,-238,15630,0
13,4296,86582319,2,-128,16,0,0
4,4295,86592379,-2697,3855,6725,0,0
37,4295,86592420,4061,2737,-239,15632,0
13,4297,86602581,-20,-118,32,0,0
L,86605635,VALID,-30.410,18.801,1
4,4296,86612514,-2673,3840,6725,0,0
37,4296,86612555,4059,2727,-239,15635,0
13,4298,86622632,-34,-109,20,0,0
4,4297,86632727,-2678,3849,6741,0,0
37,4297,86632768,4056,2717,-239,15637,0
13,4299,86642624,-37,-102,27,0,0
4,4298,86652752,-2658,3828,6756,0,0
37,4298,86652792,4053,2709,-237,15639,0
13,4300,86662821,-16,-67,33,0,0
4,4299,86672993,-2673,3831,6728,0,0
37,4299,86673033,4053,2703,-236,15640,0
13,4301,86682865,-9,-74,37,0,0
4,4300,86693000,-2656,3847,6748,0,0
37,4300,86693040,4053,2695,-234,15642,0
13,4302,86703010,-17,-80,25,0,0
L,86705985,VALID,-30.320,18.506,1
4,4301,86713263,-2649,3843,6744,0,0
37,4301,86713303,4051,2689,-234,15643,0
13,4303,86723166,-19,-68,18,0,0
4,4302,86733318,-2636,3840,6751,0,0
37,4302,86733359,4049,2682,-233,15645,0
13,4304,86743226,-25,-58,21,0,0
4,4303,86753491,-2636,3837,6762,0,0
37,4303,86753531,4048,2679,-233,15646,0
13,4305,86763476,-14,-41,6,0,0
4,4304,86773549,-2675,3851,6736,0,0
37,4304,86773590,4046,2674,-232,15647,0
13,4306,86783578,-53,-105,45,0,0
4,4305,86793835,-2636,3826,6769,0,0
37,4305,86793876,4040,2661,-228,15651,0
13,4307,86803683,-66,-135,82,0,0
L,86806708,VALID,-30.202,18.265,1
4,4306,86813846,-2594,3822,6781,0,0
37,4306,86813886,4037,2648,-224,15654,0
13,4308,86823879,-33,-132,54,0,0
4,4307,86834070,-2587,3826,6781,0,0
37,4307,86834110,4036,2637,-223,15656,0
13,4309,86843999,-10,-95,37,0,0
4,4308,86854096,-2602,3835,6760,0,0
37,4308,86854136,4036,2629,-221,15658,0
13,4310,86864135,-20,-97,45,0,0
4,4309,86874437,-2596,3849,6773,0,0
37,4309,86874477,4034,2619,-220,15660,0
13,4311,86884275,-55,-116,33,0,0
4,4310,86894368,-2606,3834,6761,0,0
37,4310,86894409,4027,2608,-218,15664,0
13,4312,86904309,-87,-160,54,0,0
L,86907361,VALID,-30.072,17.886,1
4,4311,86914578,-2539,3825,6811,0,0
37,4311,86914618,4022,2591,-217,15668,0
13,4313,86924541,-58,-159,26,0,0
4,4312,86934635,-2542,3812,6804,0,0
37,4312,86934676,4018,2580,-217,15671,0
13,4314,86944662,-38,-124,19,0,0
4,4313,86954929,-2537,3808,6813,0,0
37,4313,86954970,4015,2570,-218,15673,0
13,4315,86964782,-19,-103,26,0,0
4,4314,86974964,-2537,3806,6802,0,0
37,4314,86975005,4015,2561,-218,15674,0
13,4316,86984964,-4,-112,25,0,0
4,4315,86995081,-2523,3828,6801,0,0
37,4315,86995122,4015,2550,-217,15676,0
13,4317,87005109,-21,-117,40,0,0
L,87008145,VALID,-29.939,17.490,1
4,4316,87015231,-2532,3843,6784,0,0
37,4316,87015272,4012,2539,-216,15679,0
13,4318,87025152,-73,-156,52,0,0
4,4317,87035564,-2510,3821,6809,0,0
37,4317,87035604,4004,2523,-213,15683,0
13,4319,87045385,-99,-173,65,0,0
4,4318,87055470,-2432,3795,6856,0,0
37,4318,87055510,3998,2508,-211,15687,0
13,4320,87065522,-45,-149,8,0,0
4,4319,87075603,-2499,3800,6839,0,0
37,4319,87075643,3995,2495,-213,15690,0
13,4321,87085756,-30,-165,37,0,0
4,4320,87095851,-2481,3804,6815,0,0
37,4320,87095892,3993,2479,-213,15693,0
13,4322,87105782,-32,-208,55,0,0
L,87108815,VALID,-29.727,17.001,1
4,4321,87116014,-2455,3817,6836,0,0
37,4321,87116054,3991,2460,-212,15697,0
13,4323,87126014,-50,-220,73,0,0
4,4322,87136072,-2389,3785,6881,0,0
37,4322,87136113,3987,2439,-209,15701,0
13,4324,87146142,-30,-184,66,0,0
4,4323,87156313,-2382,3807,6861,0,0
37,4323,87156354,3986,2425,-209,15703,0
13,4325,87166262,-14,-158,25,0,0
4,4324,87176347,-2413,3819,6834,0,0
37,4324,87176388,3984,2411,-209,15706,0
13,4326,87186279,-75,-188,42,0,0
4,4325,87196649,-2401,3796,6854,0,0
37,4325,87196690,3975,2391,-207,15712,0
13,4327,87206485,-117,-232,80,0,0
L,87209635,VALID,-29.535,16.391,1
4,4326,87216713,-2333,3769,6907,0,0
37,4326,87216754,3966,2370,-203,15717,0
13,4328,87226633,-73,-191,71,0,0
4,4327,87236812,-2335,3777,6908,0,0
37,4327,87236853,3964,2355,-202,15720,0
13,4329,87246916,-23,-165,62,0,0
4,4328,87256924,-2317,3766,6912,0,0
37,4328,87256965,3964,2340,-198,15722,0
13,4330,87266994,8,-152,76,0,0
4,4329,87277077,-2297,3786,6904,0,0
37,4329,87277118,3966,2326,-196,15724,0
13,4331,87287106,19,-133,55,0,0
4,4330,87297302,-2297,3809,6883,0,0
37,4330,87297343,3968,2314,-194,15725,0
13,4332,87307253,-7,-128,54,0,0
L,87310192,VALID,-29.443,15.843,1
4,4331,87317374,-2290,3801,6880,0,0
37,4331,87317414,3967,2303,-193,15727,0
13,4333,87327397,-38,-128,50,0,0
4,4332,87337388,-2260,3786,6908,0,0
37,4332,87337456,3963,2291,-191,15730,0
13,4334,87347528,-46,-108,29,0,0
4,4333,87357750,-2228,3777,6931,0,0
37,4333,87357791,3960,2284,-191,15732,0
13,4335,87367603,-25,-60,10,0,0
4,4334,87377782,-2258,3777,6922,0,0
37,4334,87377823,3959,2279,-190,15732,0
13,4336,87387794,-8,-48,28,0,0
4,4335,87397886,-2274,3782,6902,0,0
37,4335,87397926,3958,2273,-189,15733,0
13,4337,87407793,-22,-89,30,0,0
L,87410758,VALID,-29.348,15.556,1
4,4336,87418017,-2257,3791,6916,0,0
37,4336,87418058,3956,2265,-188,15735,0
13,4338,87428078,-33,-103,35,0,0
4,4337,87438257,-2240,3782,6920,0,0
37,4337,87438298,3954,2254,-186,15737,0
13,4339,87448232,-31,-107,40,0,0
4,4338,87458266,-2201,3757,6964,0,0
37,4338,87458307,3952,2246,-184,15739,0
13,4340,87468371,5,-45,33,0,0
4,4339,87478533,-2210,3774,6941,0,0
37,4339,87478574,3955,2244,-184,15739,0
13,4341,87488413,38,-32,10,0,0
4,4340,87498688,-2254,3796,6912,0,0
37,4340,87498728,3958,2240,-184,15738,0
13,4342,87508584,10,-55,23,0,0
L,87511438,VALID,-29.330,15.322,1
4,4341,87518775,-2217,3776,6927,0,0
37,4341,87518816,3958,2234,-183,15739,0
13,4343,87528757,-1,-69,28,0,0
4,4342,87538919,-2213,3794,6927,0,0
37,4342,87538959,3958,2228,-182,15740,0
13,4344,87548903,-16,-73,22,0,0
4,4343,87559082,-2220,3789,6923,0,0
37,4343,87559123,3956,2220,-181,15742,0
13,4345,87569067,-26,-89,39,0,0
4,4344,87579099,-2177,3787,6940,0,0
37,4344,87579140,3955,2212,-179,15743,0
13,4346,87589127,-13,-69,28,0,0
4,4345,87599443,-2198,3779,6937,0,0
37,4345,87599484,3954,2207,-179,15744,0
13,4347,87609368,0,-63,6,0,0
L,87612056,VALID,-29.284,15.088,1
4,4346,87619453,-2197,3787,6938,0,0
37,4346,87619494,3955,2202,-180,15745,0
13,4348,87629479,0,-50,9,0,0
4,4347,87639590,-2183,3793,6925,0,0
37,4347,87639630,3954,2196,-180,15746,0
13,4349,87649549,-26,-77,18,0,0
4,4348,87659667,-2172,3787,6939,0,0
37,4348,87659708,3951,2189,-180,15747,0
13,4350,87669737,-36,-75,12,0,0
4,4349,87679909,-2164,3774,6941,0,0
37,4349,87679949,3947,2183,-180,15749,0
13,4351,87689833,-39,-71,2,0,0
4,4350,87700002,-2161,3774,6953,0,0
37,4350,87700043,3945,2177,-182,15751,0
13,4352,87710035,-22,-80,-14,0,0
L,87713100,VALID,-29.195,14.889,1
4,4351,87720206,-2170,3776,6938,0,0
37,4351,87720246,3942,2171,-183,15752,0
13,4353,87730100,-30,-82,4,0,0
4,4352,87740271,-2158,3751,6968,0,0
37,4352,87740311,3941,2162,-187,15754,0
13,4354,87750366,20,-110,-12,0,0
4,4353,87760511,-2127,3757,6981,0,0
37,4353,87760552,3944,2155,-189,15754,0
13,4355,87770444,56,-51,8,0,0
4,4354,87780466,-2187,3798,6926,0,0
37,4354,87780507,3949,2151,-189,15753,0
13,4356,87790502,19,-63,45,0,0
4,4355,87800758,-2169,3761,6950,0,0
37,4355,87800799,3950,2143,-184,15754,0
13,4357,87810563,8,-94,95,0,0
L,87813337,VALID,-29.210,14.660,1
4,4356,87820777,-2139,3807,6932,0,0
37,4356,87820818,3952,2132,-177,15755,0
13,4358,87830779,-16,-92,126,0,0
4,4357,87840986,-2123,3771,6977,0,0
37,4357,87841027,3953,2120,-169,15756,0
13,4359,87851002,16,-131,113,0,0
4,4358,87861063,-2085,3795,6958,0,0
37,4358,87861103,3954,2107,-162,15758,0
13,4360,87871086,-18,-112,97,0,0
4,4359,87881172,-2075,3784,6970,0,0
37,4359,87881213,3953,2095,-158,15760,0
13,4361,87891181,-4,-118,52,0,0
4,4360,87901301,-2043,3804,6964,0,0
37,4360,87901342,3953,2086,-158,15761,0
13,4362,87911414,-18,-91,14,0,0
L,87914355,VALID,-29.220,14.225,1
4,4361,87921580,-2071,3804,6950,0,0
37,4361,87921621,3950,2078,-158,15763,0
13,4363,87931476,-56,-81,33,0,0
4,4362,87941610,-2049,3775,6992,0,0
37,4362,87941650,3945,2072,-155,15765,0
13,4364,87951587,-42,-56,29,0,0
4,4363,87961767,-2063,3789,6968,0,0
37,4363,87961808,3942,2066,-155,15766,0
13,4365,87971777,-52,-79,14,0,0
4,4364,87981759,-2072,3785,6982,0,0
37,4364,87981800,3937,2058,-154,15769,0
13,4366,87991920,-76,-107,43,0,0
4,4365,88002051,-2044,3754,7000,0,0
37,4365,88002091,3931,2047,-150,15772,0
13,4367,88012060,-56,-109,87,0,0
L,88015087,VALID,-29.041,13.948,1
4,4366,88022096,-2020,3745,7030,0,0
37,4366,88022137,3929,2038,-144,15773,0
13,4368,88032050,-4,-62,87,0,0
4,4367,88042289,-2024,3773,6978,0,0
37,4367,88042329,3930,2032,-137,15774,0
13,4369,88052275,-20,-54,101,0,0
4,4368,88062403,-2019,3790,6962,0,0
37,4368,88062443,3925,2024,-128,15776,0
13,4370,88072335,-97,-72,113,0,0
4,4369,88082610,-1985,3764,7011,0,0
37,4369,88082651,3920,2015,-122,15779,0
13,4371,88092585,-61,-104,50,0,0
4,4370,88102611,-1996,3764,7009,0,0
37,4370,88102652,3915,2006,-119,15781,0
13,4372,88112858,-68,-95,58,0,0
L,88115818,VALID,-28.925,13.617,1
4,4371,88122844,-1984,3747,7018,0,0
37,4371,88122885,3911,1993,-118,15784,0
13,4373,88132903,-25,-152,34,0,0
4,4372,88142911,-1931,3757,7052,0,0
37,4372,88142951,3911,1983,-116,15785,0
13,4374,88152850,3,-64,39,0,0
4,4373,88163123,-1957,3764,7008,0,0
37,4373,88163163,3912,1978,-115,15786,0
13,4375,88173321,-3,-56,19,0,0
4,4374,88183217,-1934,3779,7010,0,0
37,4374,88183258,3911,1974,-115,15786,0
13,4376,88193169,-25,-35,0,0,0
4,4375,88203338,-1983,3751,7011,0,0
37,4375,88203379,3908,1970,-117,15788,0
13,4377,88213286,-44,-82,-19,0,0
L,88216333,VALID,-28.853,13.369,1
4,4376,88223446,-1990,3755,7008,0,0
37,4376,88223487,3903,1963,-119,15790,0
13,4378,88233470,-64,-102,31,0,0
4,4377,88243683,-1954,3751,7029,0,0
37,4377,88243724,3898,1951,-117,15792,0
13,4379,88253538,-67,-144,35,0,0
4,4378,88263751,-1933,3729,7056,0,0
37,4378,88263792,3893,1938,-118,15795,0
13,4380,88273737,-49,-178,15,0,0
4,4379,88283890,-1955,3735,7031,0,0
37,4379,88283931,3889,1918,-118,15799,0
13,4381,88293840,-33,-229,77,0,0
4,4380,88304011,-1896,3739,7055,0,0
37,4380,88304051,3888,1900,-114,15801,0
13,4382,88313977,-22,-185,112,0,0
L,88317108,VALID,-28.671,12.889,1
4,4381,88324202,-1891,3748,7042,0,0
37,4381,88324242,3887,1880,-108,15804,0
13,4383,88334158,-37,-213,116,0,0
4,4382,88344269,-1842,3757,7045,0,0
37,4382,88344310,3881,1860,-100,15808,0
13,4384,88354296,-82,-191,140,0,0
4,4383,88364467,-1826,3743,7065,0,0
37,4383,88364508,3879,1838,-94,15811,0
13,4385,88374432,-52,-242,89,0,0
4,4384,88384613,-1756,3743,7084,0,0
37,4384,88384654,3873,1821,-91,15814,0
13,4386,88394562,-70,-150,53,0,0
4,4385,88404759,-1770,3729,7090,0,0
37,4385,88404800,3868,1808,-92,15817,0
13,4387,88414622,-54,-130,-3,0,0
L,88417648,VALID,-28.492,12.226,1
4,4386,88424873,-1747,3717,7087,0,0
37,4386,88424914,3864,1800,-95,15819,0
13,4388,88434802,-30,-60,-29,0,0
4,4387,88444982,-1803,3722,7081,0,0
37,4387,88445022,3862,1797,-98,15820,0
13,4389,88454975,-28,-57,0,0,0
4,4388,88465076,-1813,3716,7075,0,0
37,4388,88465144,3858,1790,-98,15821,0
13,4390,88475069,-49,-112,14,0,0
4,4389,88485343,-1768,3699,7112,0,0
37,4389,88485383,3855,1779,-100,15823,0
13,4391,88495258,-7,-112,5,0,0
4,4390,88505308,-1763,3699,7116,0,0
37,4390,88505349,3856,1771,-101,15824,0
13,4392,88515421,28,-89,12,0,0
L,88518267,VALID,-28.379,11.991,1
4,4391,88525527,-1757,3738,7063,0,0
37,4391,88525567,3858,1763,-103,15824,0
13,4393,88535448,-1,-98,-2,0,0
4,4392,88545730,-1747,3744,7070,0,0
37,4392,88545770,3857,1754,-105,15826,0
13,4394,88555629,-46,-123,-16,0,0
4,4393,88565861,-1756,3738,7085,0,0
37,4393,88565901,3851,1744,-109,15828,0
13,4395,88575792,-98,-125,0,0,0
4,4394,88585859,-1714,3691,7120,0,0
37,4394,88585899,3840,1733,-110,15832,0
13,4396,88596060,-100,-133,-17,0,0
4,4395,88606198,-1730,3681,7131,0,0
37,4395,88606239,3833,1720,-114,15835,0
13,4397,88616101,-35,-166,-21,0,0
L,88619215,VALID,-28.177,11.667,1
4,4396,88626214,-1725,3677,7136,0,0
37,4396,88626255,3835,1706,-123,15836,0
13,4398,88636282,35,-226,-40,0,0
4,4397,88646462,-1683,3693,7137,0,0
37,4397,88646503,3836,1686,-126,15838,0
13,4399,88656447,28,-169,23,0,0
4,4398,88666530,-1656,3705,7119,0,0
37,4398,88666570,3840,1676,-128,15838,0
13,4400,88676532,28,-103,11,0,0
4,4399,88686634,-1686,3713,7099,0,0
37,4399,88686674,3841,1666,-130,15839,0
13,4401,88696566,-10,-132,7,0,0
4,4400,88706779,-1656,3709,7116,0,0
37,4400,88706847,3838,1654,-131,15841,0
13,4402,88716743,-37,-125,9,0,0
L,88719730,VALID,-28.172,11.244,1
4,4401,88727040,-1634,3688,7138,0,0
37,4401,88727081,3835,1645,-133,15843,0
13,4403,88736911,-18,-88,-6,0,0
4,4402,88747029,-1663,3686,7132,0,0
37,4402,88747069,3834,1638,-136,15843,0
13,4404,88757142,0,-107,-10,0,0
4,4403,88767279,-1661,3713,7118,0,0
37,4403,88767319,3834,1628,-139,15844,0
13,4405,88777221,-14,-130,4,0,0
4,4404,88787235,-1648,3696,7123,0,0
37,4404,88787276,3832,1616,-140,15846,0
13,4406,88797357,-23,-160,22,0,0
4,4405,88807624,-1633,3673,7140,0,0
37,4405,88807664,3830,1599,-141,15848,0
13,4407,88817497,1,-201,37,0,0
L,88820366,VALID,-28.084,10.886,1
4,4406,88827582,-1571,3700,7151,0,0
37,4406,88827622,3832,1582,-144,15849,0
13,4408,88837616,20,-175,-5,0,0
4,4407,88847720,-1541,3692,7148,0,0
37,4407,88847760,3833,1570,-148,15850,0
13,4409,88857823,19,-109,-23,0,0
4,4408,88867941,-1589,3708,7142,0,0
37,4408,88867982,3834,1563,-153,15851,0
13,4410,88877882,-4,-115,-11,0,0
4,4409,88888148,-1591,3700,7139,0,0
37,4409,88888188,3833,1551,-154,15852,0
13,4411,88898073,-24,-142,22,0,0
4,4410,88908140,-1538,3686,7163,0,0
37,4410,88908180,3831,1539,-155,15854,0
13,4412,88918131,2,-125,8,0,0
L,88920924,VALID,-28.058,10.499,1
4,4411,88928339,-1557,3698,7156,0,0
37,4411,88928380,3832,1529,-157,15855,0
13,4413,88938364,6,-126,16,0,0
4,4412,88948414,-1567,3699,7135,0,0
37,4412,88948454,3832,1517,-158,15856,0
13,4414,88958494,-3,-164,34,0,0
4,4413,88968675,-1515,3692,7158,0,0
37,4413,88968715,3832,1500,-159,15857,0
13,4415,88978693,4,-179,31,0,0
4,4414,88988760,-1460,3702,7180,0,0
37,4414,88988801,3834,1487,-160,15858,0
13,4416,88998709,27,-103,13,0,0
4,4415,89009017,-1504,3704,7157,0,0
37,4415,89009058,3836,1480,-161,15858,0
13,4417,89018907,21,-116,1,0,0
L,89021768,VALID,-28.068,10.107,1
4,4416,89029028,-1524,3713,7147,0,0
37,4416,89029068,3837,1467,-164,15859,0
13,4418,89039078,-8,-172,28,0,0
4,4417,89049292,-1456,3704,7178,0,0
37,4417,89049333,3836,1450,-165,15861,0
13,4419,89059218,-2,-181,8,0,0
4,4418,89069360,-1446,3702,7165,0,0
37,4418,89069400,3835,1436,-168,15862,0
13,4420,89079345,-5,-148,1,0,0
4,4419,89089525,-1438,3697,7185,0,0
37,4419,89089566,3835,1425,-171,15863,0
13,4421,89099413,9,-112,8,0,0
4,4420,89109628,-1442,3703,7176,0,0
37,4420,89109668,3837,1416,-172,15864,0
13,4422,89119662,15,-98,6,0,0
L,89122457,VALID,-28.045,9.688,1
4,4421,89129792,-1434,3709,7164,0,0
37,4421,89129832,3838,1408,-173,15864,0
13,4423,89139776,1,-84,10,0,0
4,4422,89149806,-1461,3711,7156,0,0
37,4422,89149847,3837,1401,-175,15865,0
13,4424,89159792,-19,-116,22,0,0
4,4423,89169980,-1439,3712,7165,0,0
37,4423,89170020,3835,1390,-174,15867,0
13,4425,89179999,-42,-138,40,0,0
4,4424,89190048,-1400,3703,7186,0,0
37,4424,89190089,3831,1376,-174,15869,0
13,4426,89200059,-29,-159,32,0,0
4,4425,89210387,-1387,3685,7184,0,0
37,4425,89210428,3829,1360,-174,15870,0
13,4427,89220222,-18,-155,29,0,0
L,89223301,VALID,-27.968,9.310,1
4,4426,89230406,-1359,3696,7189,0,0
37,4426,89230447,3828,1349,-174,15872,0
13,4428,89240343,-19,-108,26,0,0
4,4427,89250520,-1372,3691,7187,0,0
37,4427,89250561,3826,1340,-174,15873,0
13,4429,89260602,-20,-112,24,0,0
4,4428,89270644,-1375,3693,7188,0,0
37,4428,89270684,3825,1330,-174,15874,0
13,4430,89280627,-20,-116,37,0,0
4,4429,89290806,-1337,3683,7210,0,0
37,4429,89290846,3824,1319,-173,15875,0
13,4431,89300739,2,-108,25,0,0
4,4430,89310925,-1350,3696,7186,0,0
37,4430,89310966,3825,1310,-174,15876,0
13,4432,89320824,-5,-125,25,0,0
L,89323754,VALID,-27.922,8.969,1
4,4431,89331048,-1370,3697,7172,0,0
37,4431,89331089,3823,1295,-173,15877,0
13,4433,89341021,-38,-180,75,0,0
4,4432,89351125,-1287,3687,7221,0,0
37,4432,89351166,3820,1277,-170,15880,0
13,4434,89361222,-4,-171,51,0,0
4,4433,89371390,-1257,3704,7214,0,0
37,4433,89371430,3822,1265,-171,15880,0
13,4435,89381366,10,-99,16,0,0
4,4434,89391406,-1309,3698,7191,0,0
37,4434,89391446,3822,1258,-171,15881,0
13,4436,89401434,-2,-117,15,0,0
4,4435,89411631,-1309,3725,7177,0,0
37,4435,89411671,3821,1245,-172,15882,0
13,4437,89421676,-50,-163,46,0,0
L,89424712,VALID,-27.874,8.523,1
4,4436,89431755,-1256,3683,7223,0,0
37,4436,89431795,3815,1228,-171,15885,0
13,4438,89441771,-38,-183,33,0,0
4,4437,89451985,-1251,3671,7231,0,0
37,4437,89452052,3814,1214,-172,15886,0
13,4439,89461908,-4,-159,37,0,0
4,4438,89472038,-1276,3697,7197,0,0
37,4438,89472078,3813,1197,-172,15887,0
13,4440,89482081,-24,-226,44,0,0
4,4439,89492123,-1232,3700,7202,0,0
37,4439,89492163,3810,1176,-172,15890,0
13,4441,89502208,-54,-256,70,0,0
4,4440,89512266,-1189,3671,7241,0,0
37,4440,89512307,3805,1149,-172,15893,0
13,4442,89522295,-38,-289,56,0,0
L,89525339,VALID,-27.732,7.869,1
4,4441,89532477,-1144,3666,7247,0,0
37,4441,89532518,3804,1125,-172,15895,0
13,4443,89542303,2,-245,47,0,0
4,4442,89552584,-1123,3682,7245,0,0
37,4442,89552625,3806,1106,-174,15896,0
13,4444,89562570,22,-201,35,0,0
4,4443,89572757,-1142,3700,7212,0,0
37,4443,89572798,3807,1089,-175,15897,0
13,4445,89582657,0,-203,44,0,0
4,4444,89592809,-1106,3698,7228,0,0
37,4444,89592876,3805,1070,-173,15898,0
13,4446,89602898,-22,-175,62,0,0
4,4445,89613019,-1072,3682,7251,0,0
37,4445,89613059,3804,1056,-172,15900,0
13,4447,89623165,-11,-128,37,0,0
L,89626210,VALID,-27.701,7.234,1
4,4446,89633106,-1071,3691,7246,0,0
37,4446,89633146,3804,1046,-172,15900,0
13,4448,89643181,0,-94,30,0,0
4,4447,89653229,-1084,3691,7238,0,0
37,4447,89653270,3804,1037,-172,15901,0
13,4449,89663181,-5,-132,11,0,0
4,4448,89673333,-1082,3685,7232,0,0
37,4448,89673373,3803,1024,-175,15902,0
13,4450,89683404,-28,-162,5,0,0
4,4449,89693627,-1061,3667,7241,0,0
37,4449,89693667,3799,1010,-175,15904,0
13,4451,89703533,-44,-130,61,0,0
4,4450,89713645,-1004,3652,7296,0,0
37,4450,89713685,3797,1000,-171,15905,0
13,4452,89723645,18,-76,46,0,0
L,89726524,VALID,-27.638,6.851,1
4,4451,89733863,-1037,3684,7237,0,0
37,4451,89733903,3801,993,-171,15904,0
13,4453,89743801,29,-97,11,0,0
4,4452,89753953,-1025,3707,7214,0,0
37,4452,89753993,3801,984,-173,15905,0
13,4454,89763919,-31,-119,1,0,0
4,4453,89774211,-1037,3678,7242,0,0
37,4453,89774251,3797,973,-175,15907,0
13,4455,89784163,-43,-157,18,0,0
4,4454,89794230,-1019,3654,7278,0,0
37,4454,89794271,3794,957,-177,15908,0
13,4456,89804213,-2,-194,36,0,0
4,4455,89814436,-1007,3674,7251,0,0
37,4455,89814476,3796,938,-176,15909,0
13,4457,89824326,8,-232,72,0,0
L,89827212,VALID,-27.616,6.437,1
4,4456,89834463,-965,3671,7264,0,0
37,4456,89834503,3797,914,-174,15910,0
13,4458,89844564,25,-250,84,0,0
4,4457,89854740,-930,3688,7273,0,0
37,4457,89854781,3800,892,-172,15911,0
13,4459,89864630,31,-227,73,0,0
4,4458,89874798,-890,3695,7261,0,0
37,4458,89874839,3803,872,-171,15911,0
13,4460,89884762,28,-191,55,0,0
4,4459,89895071,-899,3698,7249,0,0
37,4459,89895112,3805,856,-171,15912,0
13,4461,89904893,2,-191,40,0,0
4,4460,89915027,-935,3699,7238,0,0
37,4460,89915068,3803,838,-171,15913,0
13,4462,89924994,-40,-223,92,0,0
L,89928039,VALID,-27.650,5.747,1
4,4461,89935350,-821,3663,7299,0,0
37,4461,89935391,3800,816,-166,15915,0
13,4463,89945211,-1,-195,71,0,0
4,4462,89955338,-833,3682,7279,0,0
37,4462,89955379,3802,801,-166,15915,0
13,4464,89965330,27,-173,37,0,0
4,4463,89975512,-864,3699,7244,0,0
37,4463,89975553,3805,784,-167,15915,0
13,4465,89985504,7,-225,49,0,0
4,4464,89995616,-820,3698,7263,0,0
37,4464,89995657,3803,761,-166,15917,0
13,4466,90005656,-17,-253,63,0,0
4,4465,90015794,-775,3692,7282,0,0
37,4465,90015835,3802,739,-166,15918,0
13,4467,90025787,-8,-216,61,0,0
L,90028745,VALID,-27.630,5.065,1
4,4466,90035892,-743,3680,7302,0,0
37,4466,90035933,3803,722,-165,15919,0
13,4468,90045837,26,-159,34,0,0
4,4467,90056147,-759,3707,7266,0,0
37,4467,90056188,3806,709,-166,15919,0
13,4469,90066037,4,-147,41,0,0
4,4468,90076156,-742,3699,7268,0,0
37,4468,90076196,3804,695,-164,15920,0
13,4470,90086130,-25,-145,46,0,0
4,4469,90096357,-715,3689,7279,0,0
37,4469,90096397,3802,682,-164,15921,0
13,4471,90106425,-24,-128,34,0,0
4,4470,90116476,-721,3686,7293,0,0
37,4470,90116517,3800,670,-164,15922,0
13,4472,90126449,-2,-129,37,0,0
L,90129398,VALID,-27.606,4.592,1
4,4471,90136596,-703,3684,7288,0,0
37,4471,90136636,3802,660,-163,15922,0
13,4473,90146612,23,-123,20,0,0
4,4472,90156716,-706,3680,7282,0,0
37,4472,90156756,3804,647,-164,15922,0
13,4474,90166783,26,-148,35,0,0
4,4473,90176939,-678,3696,7268,0,0
37,4473,90176979,3806,634,-163,15922,0
13,4475,90186871,14,-131,48,0,0
4,4474,90196929,-671,3696,7284,0,0
37,4474,90196970,3807,622,-162,15922,0
13,4476,90206861,9,-127,49,0,0
4,4475,90217171,-656,3706,7280,0,0
37,4475,90217211,3808,610,-162,15922,0
13,4477,90227042,13,-145,30,0,0
L,90230026,VALID,-27.659,4.180,1
4,4476,90237251,-650,3705,7275,0,0
37,4476,90237292,3808,596,-161,15923,0
13,4478,90247215,-5,-135,53,0,0
4,4477,90257437,-608,3696,7298,0,0
37,4477,90257478,3808,586,-159,15923,0
13,4479,90267412,6,-83,35,0,0
4,4478,90277479,-648,3698,7280,0,0
37,4478,90277520,3809,579,-158,15923,0
13,4480,90287462,1,-102,29,0,0
4,4479,90297539,-640,3693,7279,0,0
37,4479,90297579,3809,568,-158,15924,0
13,4481,90307626,-3,-129,59,0,0
4,4480,90317755,-595,3692,7284,0,0
37,4480,90317796,3808,555,-155,15924,0
13,4482,90327748,0,-142,47,0,0
L,90330618,VALID,-27.655,3.795,1
4,4481,90337939,-500,3683,7268,0,0
37,4481,90337980,3807,538,-154,15925,0
13,4483,90347833,-60,-243,66,0,0
4,4482,90357858,-644,3717,7295,0,0
37,4482,90357926,3801,518,-153,15927,0
13,4484,90368031,-30,-154,58,0,0
4,4483,90378194,-570,3690,7281,0,0
37,4483,90378234,3800,507,-152,15928,0
13,4485,90388064,-15,-131,41,0,0
4,4484,90398219,-582,3690,7290,0,0
37,4484,90398260,3799,493,-150,15929,0
13,4486,90408236,-10,-171,66,0,0
4,4485,90418409,-559,3680,7294,0,0
37,4485,90418450,3798,475,-147,15929,0
13,4487,90428237,-9,-215,93,0,0
L,90431185,VALID,-27.578,3.237,1
4,4486,90438409,-473,3698,7306,0,0
37,4486,90438450,3798,452,-144,15930,0
13,4488,90448476,-3,-229,55,0,0
4,4487,90458597,-471,3702,7286,0,0
37,4487,90458637,3797,433,-145,15931,0
13,4489,90468633,-25,-185,50,0,0
4,4488,90478728,-432,3678,7314,0,0
37,4488,90478769,3795,418,-144,15932,0
13,4490,90488781,-2,-131,41,0,0
4,4489,90498946,-451,3684,7305,0,0
37,4489,90498987,3795,410,-142,15932,0
13,4491,90508813,-8,-62,45,0,0
4,4490,90519039,-422,3696,7302,0,0
37,4490,90519079,3794,405,-140,15932,0
13,4492,90528975,-7,-41,13,0,0
L,90531838,VALID,-27.547,2.749,1
4,4491,90539165,-469,3699,7287,0,0
37,4491,90539206,3793,401,-141,15933,0
13,4493,90549122,-23,-71,11,0,0
4,4492,90559259,-484,3677,7290,0,0
37,4492,90559300,3790,394,-141,15933,0
13,4494,90569277,-42,-113,45,0,0
4,4493,90579510,-426,3665,7323,0,0
37,4493,90579577,3787,381,-138,15935,0
13,4495,90589415,-13,-108,60,0,0
4,4494,90599519,-406,3674,7318,0,0
37,4494,90599559,3788,374,-135,15934,0
13,4496,90609474,22,-61,48,0,0
4,4495,90619758,-407,3683,7311,0,0
37,4495,90619798,3790,366,-132,15934,0
13,4497,90629741,28,-70,48,0,0
L,90632613,VALID,-27.517,2.470,1
4,4496,90639801,-420,3706,7292,0,0
37,4496,90639842,3791,359,-129,15934,0
13,4498,90649826,-15,-88,57,0,0
4,4497,90660025,-388,3676,7325,0,0
37,4497,90660066,3790,350,-127,15935,0
13,4499,90669897,3,-98,35,0,0
4,4498,90680031,-379,3684,7298,0,0
37,4498,90680072,3791,341,-127,15935,0
13,4500,90690093,6,-82,23,0,0
4,4499,90700212,-383,3708,7277,0,0
37,4499,90700252,3791,335,-127,15935,0
13,4501,90710197,-32,-85,5,0,0
4,4500,90720341,-394,3696,7291,0,0
37,4500,90720409,3786,327,-128,15936,0
13,4502,90730413,-60,-93,22,0,0
L,90733371,VALID,-27.487,2.198,1
4,4501,90740655,-368,3680,7310,0,0
37,4501,90740695,3781,318,-127,15937,0
13,4503,90750500,-54,-94,32,0,0
4,4502,90760625,-344,3657,7327,0,0
37,4502,90760666,3776,309,-127,15939,0
13,4504,90770704,-26,-95,9,0,0
4,4503,90780797,-339,3662,7328,0,0
37,4503,90780838,3776,302,-129,15939,0
13,4505,90790799,0,-83,1,0,0
4,4504,90800864,-361,3677,7306,0,0
37,4504,90800905,3776,295,-130,15939,0
13,4506,90810850,-13,-98,10,0,0
4,4505,90821160,-336,3663,7308,0,0
37,4505,90821200,3773,285,-130,15940,0
13,4507,90830972,-38,-103,30,0,0
L,90834015,VALID,-27.392,1.915,1
4,4506,90841144,-308,3651,7343,0,0
37,4506,90841185,3771,277,-130,15941,0
13,4508,90851159,3,-67,31,0,0
4,4507,90861324,-319,3649,7320,0,0
37,4507,90861364,3773,271,-128,15940,0
13,4509,90871377,40,-74,31,0,0
4,4508,90881452,-317,3692,7304,0,0
37,4508,90881492,3777,264,-128,15939,0
13,4510,90891512,20,-84,13,0,0
4,4509,90901589,-306,3680,7290,0,0
37,4509,90901629,3776,255,-128,15940,0
13,4511,90911590,-33,-92,26,0,0
4,4510,90921702,-290,3687,7313,0,0
37,4510,90921742,3773,248,-127,15941,0
13,4512,90931813,-41,-68,26,0,0
L,90934773,VALID,-27.391,1.658,1
4,4511,90941954,-287,3665,7329,0,0
37,4511,90941995,3770,243,-127,15941,0
13,4513,90951910,-19,-59,12,0,0
4,4512,90962028,-299,3656,7326,0,0
37,4512,90962069,3769,237,-126,15942,0
13,4514,90972065,1,-55,36,0,0
4,4513,90982245,-268,3658,7334,0,0
37,4513,90982285,3770,232,-124,15942,0
13,4515,90992238,18,-39,34,0,0
4,4514,91002253,-278,3664,7306,0,0
37,4514,91002294,3771,228,-123,15941,0
13,4516,91012373,4,-63,20,0,0
4,4515,91022457,-293,3675,7296,0,0
37,4515,91022498,3771,221,-123,15942,0
13,4517,91032537,-23,-102,15,0,0
L,91035574,VALID,-27.377,1.468,1
4,4516,91042579,-264,3667,7334,0,0
37,4516,91042619,3768,210,-124,15942,0
13,4518,91052563,-23,-130,18,0,0
4,4517,91062873,-244,3646,7324,0,0
37,4517,91062913,3767,199,-124,15943,0
13,4519,91072796,-3,-110,36,0,0
4,4518,91082933,-219,3667,7324,0,0
37,4518,91082973,3767,190,-123,15943,0
13,4520,91092890,-3,-91,27,0,0
4,4519,91103070,-247,3676,7295,0,0
37,4519,91103111,3766,181,-123,15943,0
13,4521,91113099,-23,-108,27,0,0
4,4520,91123149,-214,3656,7332,0,0
37,4520,91123189,3764,170,-123,15944,0
13,4522,91133362,-4,-129,17,0,0
L,91136323,VALID,-27.327,1.120,1
4,4521,91143393,-216,3664,7321,0,0
37,4521,91143433,3764,159,-125,15944,0
13,4523,91153450,9,-148,12,0,0
4,4522,91163458,-189,3669,7318,0,0
37,4522,91163498,3764,146,-126,15944,0
13,4524,91173431,-2,-131,16,0,0
4,4523,91183664,-190,3684,7310,0,0
37,4523,91183705,3764,133,-129,15944,0
13,4525,91193648,-21,-185,-11,0,0
4,4524,91203812,-160,3664,7333,0,0
37,4524,91203853,3761,117,-133,15945,0
13,4526,91213742,-41,-154,10,0,0
4,4525,91224010,-207,3642,7327,0,0
37,4525,91224051,3756,105,-135,15946,0
13,4527,91233889,-40,-197,25,0,0
L,91236959,VALID,-27.271,0.697,1
4,4526,91244038,-153,3628,7345,0,0
37,4526,91244078,3755,84,-135,15947,0
13,4528,91254071,13,-214,59,0,0
4,4527,91264230,-77,3645,7366,0,0
37,4527,91264271,3759,67,-136,15946,0
13,4529,91274162,67,-163,7,0,0
4,4528,91284377,-142,3671,7299,0,0
37,4528,91284417,3764,53,-139,15945,0
13,4530,91294378,37,-193,29,0,0
4,4529,91304550,-80,3669,7323,0,0
37,4529,91304591,3766,34,-139,15944,0
13,4531,91314481,31,-181,39,0,0
4,4530,91324661,-29,3669,7328,0,0
37,4530,91324702,3770,21,-141,15943,0
13,4532,91334601,36,-114,-10,0,0
L,91337656,VALID,-27.376,0.135,1
4,4531,91344794,-61,3683,7292,0,0
37,4531,91344861,3771,14,-143,15943,0
13,4533,91354799,-6,-72,12,0,0
4,4532,91364921,-59,3689,7307,0,0
37,4532,91364962,3770,9,-144,15943,0
13,4534,91374938,-34,-66,12,0,0
4,4533,91385127,-59,3635,7340,0,0
37,4533,91385167,3765,0,-143,15944,0
13,4535,91395066,-21,-103,23,0,0
4,4534,91405283,-22,3672,7335,0,0
37,4534,91405323,3767,-6,-144,15944,0
13,4536,91415203,20,-39,-1,0,0
4,4535,91425358,-63,3668,7310,0,0
37,4535,91425399,3768,-7,-145,15944,0
13,4537,91435297,-1,-40,11,0,0
L,91438170,VALID,-27.362,-0.049,1
4,4536,91445524,-56,3670,7317,0,0
37,4536,91445565,3766,-14,-144,15944,0
13,4538,91455488,-14,-91,22,0,0
4,4537,91465721,-20,3658,7331,0,0
37,4537,91465788,3766,-22,-145,15944,0
13,4539,91475634,3,-80,12,0,0
4,4538,91485808,-19,3655,7329,0,0
37,4538,91485848,3767,-28,-145,15944,0
13,4540,91495817,11,-49,2,0,0
4,4539,91505978,-57,3675,7304,0,0
37,4539,91506019,3767,-32,-145,15944,0
13,4541,91515935,-24,-75,29,0,0
4,4540,91526011,-20,3661,7319,0,0
37,4540,91526052,3763,-41,-144,15945,0
13,4542,91536047,-35,-95,22,0,0
L,91538997,VALID,-27.329,-0.282,1
4,4541,91546300,15,3653,7343,0,0
37,4541,91546341,3761,-48,-145,15945,0
13,4543,91556151,3,-50,17,0,0
4,4542,91566459,19,3663,7321,0,0
37,4542,91566499,3763,-51,-144,15945,0
13,4544,91576357,16,-15,8,0,0
4,4543,91586468,-11,3680,7306,0,0
37,4543,91586509,3763,-52,-144,15945,0
13,4545,91596494,-20,-35,5,0,0
4,4544,91606554,-10,3667,7320,0,0
37,4544,91606595,3760,-56,-145,15945,0
13,4546,91616746,-43,-72,-1,0,0
4,4545,91626917,-5,3647,7334,0,0
37,4545,91626958,3756,-63,-146,15946,0
13,4547,91636771,-34,-80,17,0,0
L,91639720,VALID,-27.282,-0.430,1
4,4546,91646919,41,3637,7345,0,0
37,4546,91646960,3754,-70,-146,15947,0
13,4548,91656959,4,-55,10,0,0
4,4547,91667156,31,3658,7330,0,0
37,4547,91667197,3756,-74,-147,15946,0
13,4549,91677165,8,-39,-6,0,0
4,4548,91687234,13,3667,7305,0,0
37,4548,91687275,3755,-77,-148,15946,0
13,4550,91697252,-34,-41,6,0,0
4,4549,91707416,13,3643,7324,0,0
37,4549,91707456,3750,-80,-148,15947,0
13,4551,91717278,-45,-51,13,0,0
4,4550,91727554,33,3633,7340,0,0
37,4550,91727595,3747,-87,-148,15948,0
13,4552,91737466,-14,-85,8,0,0
L,91740339,VALID,-27.219,-0.590,1
4,4551,91747744,43,3664,7324,0,0
37,4551,91747785,3747,-93,-149,15948,0
13,4553,91757642,-15,-62,15,0,0
4,4552,91767768,24,3674,7295,0,0
37,4552,91767808,3744,-101,-148,15949,0
13,4554,91777889,-77,-90,34,0,0
4,4553,91788045,56,3636,7346,0,0
37,4553,91788086,3735,-108,-147,15951,0
13,4555,91797950,-99,-74,41,0,0
4,4554,91807992,68,3627,7340,0,0
37,4554,91808033,3726,-116,-144,15953,0
13,4556,91818103,-92,-57,43,0,0
4,4555,91828354,92,3594,7371,0,0
37,4555,91828395,3720,-119,-143,15954,0
13,4557,91838260,-39,-18,22,0,0
L,91841236,VALID,-27.028,-0.819,1
4,4556,91848313,82,3625,7341,0,0
37,4556,91848353,3719,-121,-141,15955,0
13,4558,91858361,-30,-18,14,0,0
4,4557,91868537,79,3639,7323,0,0
37,4557,91868577,3714,-123,-141,15956,0
13,4559,91878545,-78,-24,-7,0,0
4,4558,91888645,60,3616,7348,0,0
37,4558,91888685,3706,-125,-142,15958,0
13,4560,91898628,-93,-26,9,0,0
4,4559,91908817,79,3589,7355,0,0
37,4559,91908857,3699,-127,-142,15959,0
13,4561,91918775,-72,-28,16,0,0
4,4560,91928870,82,3586,7369,0,0
37,4560,91928910,3693,-130,-140,15961,0
13,4562,91938827,-50,-12,20,0,0
L,91941785,VALID,-26.834,-0.901,1
4,4561,91949131,78,3589,7349,0,0
37,4561,91949171,3689,-130,-140,15961,0
13,4563,91959094,-45,-9,-1,0,0
4,4562,91969145,87,3600,7349,0,0
37,4562,91969185,3685,-131,-140,15962,0
13,4564,91979222,-60,-14,-9,0,0
4,4563,91989354,81,3604,7348,0,0
37,4563,91989394,3679,-133,-142,15964,0
13,4565,91999371,-77,-22,-9,0,0
4,4564,92009471,89,3576,7370,0,0
37,4564,92009512,3673,-134,-143,15965,0
13,4566,92019411,-56,-17,-7,0,0
4,4565,92029730,116,3557,7374,0,0
37,4565,92029771,3669,-136,-145,15966,0
13,4567,92039550,-47,-37,-53,0,0
L,92042568,VALID,-26.664,-0.936,1
4,4566,92049708,107,3577,7368,0,0
37,4566,92049748,3664,-139,-152,15967,0
13,4568,92059722,-72,-55,-72,0,0
4,4567,92069903,67,3571,7353,0,0
37,4567,92069943,3656,-141,-158,15969,0
13,4569,92079902,-106,-29,-28,0,0
4,4568,92090024,71,3542,7386,0,0
37,4568,92090064,3647,-142,-160,15971,0
13,4570,92100048,-75,-17,-29,0,0
4,4569,92110223,82,3540,7379,0,0
37,4569,92110264,3642,-143,-163,15972,0
13,4571,92120136,-53,-14,-23,0,0
4,4570,92130353,76,3559,7369,0,0
37,4570,92130393,3637,-143,-164,15973,0
13,4572,92140323,-59,-8,-1,0,0
L,92143161,VALID,-26.436,-0.957,1
4,4571,92150446,86,3508,7407,0,0
37,4571,92150487,3633,-144,-165,15974,0
13,4573,92160477,7,-5,-2,0,0
4,4572,92170502,95,3508,7419,0,0
37,4572,92170542,3637,-144,-165,15973,0
13,4574,92180521,71,-1,-12,0,0
4,4573,92190787,93,3572,7344,0,0
37,4573,92190827,3643,-144,-167,15972,0
13,4575,92200746,19,-13,-17,0,0
4,4574,92210806,75,3581,7348,0,0
37,4574,92210846,3642,-144,-168,15972,0
13,4576,92220838,-42,-3,1,0,0
4,4575,92231064,98,3540,7377,0,0
37,4575,92231104,3636,-145,-168,15973,0
13,4577,92241014,-51,-4,0,0,0
L,92243762,VALID,-26.429,-0.965,1
4,4576,92251193,94,3517,7417,0,0
37,4576,92251234,3633,-145,-168,15974,0
13,4578,92261130,-2,0,-3,0,0
4,4577,92271321,93,3525,7388,0,0
37,4577,92271362,3635,-145,-168,15974,0
13,4579,92281339,21,-4,-11,0,0
4,4578,92291408,84,3551,7374,0,0
37,4578,92291448,3636,-144,-170,15973,0
13,4580,92301451,-9,-6,-7,0,0
4,4579,92311578,91,3538,7387,0,0
37,4579,92311619,3634,-144,-170,15974,0
13,4581,92321510,-14,-3,-3,0,0
4,4580,92331708,89,3528,7399,0,0
37,4580,92331748,3633,-144,-171,15974,0
13,4582,92341580,11,-2,-5,0,0
L,92344337,VALID,-26.407,-0.953,1
4,4581,92351901,85,3551,7373,0,0
37,4581,92351941,3635,-143,-171,15974,0
13,4583,92361803,12,2,-7,0,0
4,4582,92371888,88,3541,7384,0,0
37,4582,92371929,3635,-143,-172,15973,0
13,4584,92382010,6,-1,-11,0,0
4,4583,92392111,87,3530,7393,0,0
37,4583,92392152,3636,-142,-173,15973,0
13,4585,92402121,18,-3,-6,0,0
4,4584,92412145,98,3539,7377,0,0
37,4584,92412186,3637,-142,-173,15973,0
13,4586,92422214,24,0,-2,0,0
4,4585,92432395,94,3542,7382,0,0
37,4585,92432435,3640,-142,-173,15972,0
13,4587,92442405,38,3,-1,0,0
L,92445078,VALID,-26.458,-0.936,1
4,4586,92452518,89,3551,7372,0,0
37,4586,92452558,3644,-142,-173,15971,0
13,4588,92462517,34,3,0,0,0
4,4587,92472712,76,3556,7376,0,0
37,4587,92472753,3646,-141,-174,15971,0
13,4589,92482664,22,2,-1,0,0
4,4588,92492724,90,3558,7375,0,0
37,4588,92492764,3647,-140,-174,15971,0
13,4590,92502837,2,0,-1,0,0
4,4589,92512945,97,3538,7386,0,0
37,4589,92512986,3647,-140,-174,15971,0
13,4591,92522955,16,2,-4,0,0
4,4590,92533004,87,3552,7369,0,0
37,4590,92533045,3649,-140,-174,15970,0
13,4592,92543058,20,2,0,0,0
L,92545667,VALID,-26.522,-0.920,1
4,4591,92553162,89,3569,7361,0,0
37,4591,92553202,3651,-139,-174,15970,0
13,4593,92563119,9,2,2,0,0
4,4592,92573340,94,3570,7374,0,0
37,4592,92573380,3651,-139,-174,15970,0
13,4594,92583334,0,2,1,0,0
4,4593,92593590,93,3555,7368,0,0
37,4593,92593631,3651,-138,-174,15970,0
13,4595,92603438,6,0,-1,0,0
4,4594,92613529,95,3552,7385,0,0
37,4594,92613596,3652,-138,-174,15970,0
13,4596,92623646,20,0,0,0,0
4,4595,92633685,87,3564,7359,0,0
37,4595,92633725,3654,-138,-174,15969,0
13,4597,92643895,3,0,-1,0,0
L,92646524,VALID,-26.557,-0.906,1
4,4596,92653885,91,3561,7375,0,0
37,4596,92653925,3654,-138,-174,15969,0
13,4598,92663945,11,0,0,0,0
4,4597,92674072,87,3554,7377,0,0
37,4597,92674113,3656,-137,-174,15969,0
13,4599,92683928,25,-1,0,0,0
4,4598,92694105,99,3566,7366,0,0
37,4598,92694145,3658,-138,-174,15968,0
13,4600,92704177,15,1,2,0,0
4,4599,92714373,91,3566,7364,0,0
37,4599,92714414,3658,-138,-174,15968,0
13,4601,92724280,-5,2,1,0,0
4,4600,92734372,87,3559,7376,0,0
37,4600,92734413,3658,-137,-174,15968,0
13,4602,92744427,7,3,-1,0,0
L,92747020,VALID,-26.586,-0.898,1
4,4601,92754669,86,3555,7375,0,0
37,4601,92754709,3659,-136,-174,15968,0
13,4603,92764540,21,0,-4,0,0
4,4602,92774675,89,3568,7364,0,0
37,4602,92774715,3661,-136,-174,15968,0
13,4604,92784633,24,-5,-1,0,0
4,4603,92794890,87,3559,7375,0,0
37,4603,92794930,3663,-137,-174,15967,0
13,4605,92804840,41,-1,3,0,0
4,4604,92814889,87,3571,7371,0,0
37,4604,92814929,3668,-137,-174,15966,0
13,4606,92824916,52,0,0,0,0
4,4605,92835181,99,3577,7364,0,0
37,4605,92835221,3671,-137,-174,15965,0
13,4607,92845037,32,3,-4,0,0
L,92847726,VALID,-26.679,-0.897,1
4,4606,92855167,90,3580,7345,0,0
37,4606,92855207,3673,-136,-174,15965,0
13,4608,92865288,9,1,0,0,0
4,4607,92875355,82,3575,7355,0,0
37,4607,92875396,3674,-136,-174,15965,0
13,4609,92885331,0,0,2,0,0
4,4608,92895437,90,3565,7369,0,0
37,4608,92895478,3673,-136,-174,15965,0
13,4610,92905475,10,1,0,0,0
4,4609,92915776,106,3579,7368,0,0
37,4609,92915816,3675,-136,-174,15964,0
13,4611,92925589,24,2,-1,0,0
4,4610,92935687,94,3587,7349,0,0
37,4610,92935727,3677,-135,-174,15964,0
13,4612,92945663,7,3,1,0,0
L,92948197,VALID,-26.722,-0.883,1
4,4611,92955956,83,3585,7357,0,0
37,4611,92955996,3677,-135,-174,15964,0
13,4613,92965845,5,3,1,0,0
4,4612,92975987,91,3575,7372,0,0
37,4612,92976027,3678,-135,-173,15964,0
13,4614,92985982,17,1,3,0,0
4,4613,92996232,96,3575,7372,0,0
37,4613,92996272,3680,-135,-173,15963,0
13,4615,93006111,46,3,-4,0,0
4,4614,93016223,93,3599,7358,0,0
37,4614,93016264,3685,-134,-173,15962,0
13,4616,93026257,43,0,-2,0,0
4,4615,93036350,86,3612,7341,0,0
37,4615,93036391,3688,-134,-174,15961,0
13,4617,93046368,-1,2,0,0,0
L,93048989,VALID,-26.801,-0.875,1
4,4616,93056508,86,3601,7346,0,0
37,4616,93056548,3687,-134,-174,15962,0
13,4618,93066428,-23,1,0,0,0
4,4617,93076840,92,3578,7375,0,0
37,4617,93076880,3684,-134,-174,15962,0
13,4619,93086611,-6,1,-2,0,0
4,4618,93096736,88,3571,7371,0,0
37,4618,93096776,3684,-133,-174,15962,0
13,4620,93106739,22,3,-3,0,0
4,4619,93116901,94,3586,7359,0,0
37,4619,93116942,3687,-133,-174,15962,0
13,4621,93127008,28,0,-2,0,0
4,4620,93137074,92,3595,7353,0,0
37,4620,93137114,3689,-133,-174,15961,0
13,4622,93147022,20,2,0,0,0
L,93149616,VALID,-26.808,-0.868,1
4,4621,93157210,94,3602,7357,0,0
37,4621,93157250,3692,-133,-174,15961,0
13,4623,93167185,23,1,-4,0,0
4,4622,93177314,80,3599,7350,0,0
37,4622,93177354,3693,-132,-174,15960,0
13,4624,93187367,16,-1,0,0,0
4,4623,93197503,92,3593,7356,0,0
37,4623,93197544,3695,-133,-174,15960,0
13,4625,93207487,33,1,-3,0,0
4,4624,93217512,90,3600,7345,0,0
37,4624,93217552,3698,-132,-175,15959,0
13,4626,93227487,25,2,-3,0,0
4,4625,93237823,86,3606,7349,0,0
37,4625,93237863,3700,-132,-175,15959,0
13,4627,93247669,14,3,0,0,0
L,93250261,VALID,-26.886,-0.858,1
4,4626,93257892,85,3605,7334,0,0
37,4626,93257933,3700,-132,-175,15959,0
13,4628,93267837,-13,0,2,0,0
4,4627,93278011,94,3593,7352,0,0
37,4627,93278051,3699,-132,-174,15959,0
13,4629,93288054,-4,2,0,0,0
4,4628,93298095,95,3574,7375,0,0
37,4628,93298135,3700,-131,-174,15959,0
13,4630,93308114,42,6,-4,0,0
4,4629,93318240,81,3601,7345,0,0
37,4629,93318281,3705,-130,-175,15958,0
13,4631,93328269,42,1,1,0,0
4,4630,93338414,102,3613,7331,0,0
37,4630,93338455,3708,-131,-174,15957,0
13,4632,93348399,14,0,0,0,0
L,93351010,VALID,-26.944,-0.852,1
4,4631,93358486,94,3617,7336,0,0
37,4631,93358553,3708,-131,-174,15957,0
13,4633,93368520,-9,3,-1,0,0
4,4632,93378580,88,3615,7335,0,0
37,4632,93378621,3707,-131,-174,15957,0
13,4634,93388690,-18,1,-1,0,0
4,4633,93398888,86,3586,7364,0,0
37,4633,93398929,3705,-131,-174,15957,0
13,4635,93408776,7,0,2,0,0
4,4634,93418886,92,3595,7362,0,0
37,4634,93418927,3707,-131,-174,15957,0
13,4636,93428905,40,0,-1,0,0
4,4635,93439058,86,3601,7365,0,0
37,4635,93439098,3712,-131,-174,15956,0
13,4637,93448966,55,1,-2,0,0
L,93451655,VALID,-26.972,-0.852,1
4,4636,93459139,94,3624,7344,0,0
37,4636,93459179,3716,-131,-174,15955,0
13,4638,93469232,36,2,-1,0,0
4,4637,93479413,91,3629,7329,0,0
37,4637,93479453,3719,-130,-174,15954,0
13,4639,93489407,12,2,0,0,0
4,4638,93499467,99,3639,7339,0,0
37,4638,93499508,3719,-131,-174,15954,0
13,4640,93509518,-2,-1,1,0,0
4,4639,93519628,93,3613,7346,0,0
37,4639,93519668,3719,-131,-174,15954,0
13,4641,93529559,3,1,-1,0,0
4,4640,93539816,89,3611,7355,0,0
37,4640,93539857,3719,-131,-174,15954,0
13,4642,93549715,18,-1,-2,0,0
L,93552473,VALID,-27.023,-0.851,1
4,4641,93559940,87,3633,7328,0,0
37,4641,93559980,3721,-131,-174,15954,0
13,4643,93569903,3,1,0,0,0
4,4642,93580022,96,3619,7335,0,0
37,4642,93580062,3720,-131,-174,15954,0
13,4644,93590059,-6,0,2,0,0
4,4643,93600228,90,3611,7353,0,0
37,4643,93600296,3720,-131,-174,15954,0
13,4645,93610206,21,1,-1,0,0
4,4644,93620282,91,3620,7357,0,0
37,4644,93620322,3724,-131,-174,15953,0
13,4646,93630284,50,0,0,0,0
4,4645,93640619,75,3632,7315,0,0
37,4645,93640659,3727,-131,-174,15952,0
13,4647,93650541,15,-1,3,0,0
L,93653231,VALID,-27.081,-0.850,1
4,4646,93660567,92,3629,7338,0,0
37,4646,93660607,3728,-131,-173,15952,0
13,4648,93670652,4,3,0,0,0
4,4647,93680720,97,3625,7336,0,0
37,4647,93680760,3728,-131,-173,15952,0
13,4649,93690729,8,2,1,0,0
4,4648,93700849,100,3648,7330,0,0
37,4648,93700889,3729,-132,-173,15952,0
13,4650,93710927,-2,2,1,0,0
4,4649,93721081,89,3641,7329,0,0
37,4649,93721121,3729,-131,-172,15952,0
13,4651,93731031,-13,2,2,0,0
4,4650,93741202,87,3621,7356,0,0
37,4650,93741243,3728,-131,-172,15952,0
13,4652,93751222,5,3,2,0,0
L,93753737,VALID,-27.088,-0.854,1
4,4651,93761411,92,3636,7349,0,0
37,4651,93761451,3729,-131,-172,15952,0
13,4653,93771307,13,1,0,0,0
4,4652,93781433,95,3633,7335,0,0
37,4652,93781473,3730,-131,-172,15952,0
13,4654,93791538,17,0,0,0,0
4,4653,93801682,96,3631,7345,0,0
37,4653,93801722,3732,-132,-172,15951,0
13,4655,93811600,22,1,1,0,0
4,4654,93821699,97,3630,7329,0,0
37,4654,93821739,3733,-132,-171,15951,0
13,4656,93831684,14,2,-4,0,0
4,4655,93841940,81,3637,7325,0,0
37,4655,93841980,3734,-132,-172,15951,0
13,4657,93851788,2,1,-1,0,0
L,93854381,VALID,-27.130,-0.860,1
4,4656,93861951,84,3639,7333,0,0
37,4656,93861992,3734,-131,-172,15951,0
13,4658,93872021,0,1,2,0,0
4,4657,93882215,86,3635,7340,0,0
37,4657,93882255,3735,-131,-172,15951,0
13,4659,93892219,6,1,1,0,0
4,4658,93902293,87,3644,7331,0,0
37,4658,93902334,3735,-131,-172,15950,0
13,4660,93912352,0,3,-2,0,0
4,4659,93922416,85,3644,7339,0,0
37,4659,93922456,3735,-130,-172,15950,0
13,4661,93932441,-4,0,-2,0,0
4,4660,93942551,101,3624,7357,0,0
37,4660,93942591,3735,-131,-172,15951,0
13,4662,93952675,16,-2,0,0,0
L,93955382,VALID,-27.137,-0.853,1
4,4661,93962849,89,3628,7326,0,0
37,4661,93962889,3738,-131,-172,15950,0
13,4663,93972787,40,-1,1,0,0
4,4662,93982922,92,3647,7326,0,0
37,4662,93982990,3741,-131,-172,15949,0
13,4664,93992979,22,0,0,0,0
4,4663,94003082,84,3649,7324,0,0
37,4663,94003122,3742,-131,-171,15949,0
13,4665,94013115,-5,0,1,0,0
4,4664,94023154,92,3629,7342,0,0
37,4664,94023195,3741,-131,-171,15949,0
13,4666,94033237,-1,1,2,0,0
4,4665,94043397,84,3625,7335,0,0
37,4665,94043437,3741,-130,-171,15949,0
13,4667,94053398,10,3,-2,0,0
L,94056070,VALID,-27.181,-0.847,1
4,4666,94063451,86,3648,7330,0,0
37,4666,94063491,3742,-130,-171,15949,0
13,4668,94073380,13,0,0,0,0
4,4667,94083695,82,3644,7321,0,0
37,4667,94083735,3743,-130,-171,15949,0
13,4669,94093655,2,0,0,0,0
4,4668,94103774,94,3646,7324,0,0
37,4668,94103814,3743,-130,-171,15949,0
13,4670,94113751,1,0,2,0,0
4,4669,94123998,92,3639,7330,0,0
37,4669,94124039,3743,-131,-171,15949,0
13,4671,94133943,1,2,0,0,0
4,4670,94143979,81,3638,7340,0,0
37,4670,94144020,3743,-130,-171,15949,0
13,4672,94154182,17,1,-1,0,0
L,94156845,VALID,-27.195,-0.847,1
4,4671,94164173,88,3642,7323,0,0
37,4671,94164214,3747,-130,-171,15948,0
13,4673,94174258,34,2,0,0,0
4,4672,94184275,87,3658,7309,0,0
37,4672,94184315,3749,-130,-171,15947,0
13,4674,94194257,0,0,0,0,0
4,4673,94204530,88,3649,7323,0,0
37,4673,94204570,3748,-130,-171,15947,0
13,4675,94214500,-11,2,0,0,0
4,4674,94224643,90,3657,7325,0,0
37,4674,94224683,3747,-130,-171,15948,0
13,4676,94234558,-19,4,-2,0,0
4,4675,94244764,84,3629,7355,0,0
37,4675,94244805,3745,-130,-171,15948,0
13,4677,94254759,-3,0,0,0,0
L,94257342,VALID,-27.210,-0.847,1
4,4676,94264878,87,3642,7342,0,0
37,4676,94264919,3746,-129,-171,15948,0
13,4678,94274885,18,2,1,0,0
4,4677,94285066,85,3650,7335,0,0
37,4677,94285107,3747,-129,-171,15948,0
13,4679,94294962,9,-1,2,0,0
4,4678,94305159,88,3649,7334,0,0
37,4678,94305199,3748,-129,-171,15948,0
13,4680,94315195,8,0,0,0,0
4,4679,94325270,92,3641,7339,0,0
37,4679,94325311,3749,-130,-170,15947,0
13,4681,94335221,24,1,0,0,0
4,4680,94345425,95,3646,7307,0,0
37,4680,94345465,3751,-130,-170,15947,0
13,4682,94355393,3,2,-2,0,0
L,94358004,VALID,-27.252,-0.848,1
4,4681,94365645,81,3664,7323,0,0
37,4681,94365686,3750,-129,-171,15947,0
13,4683,94375619,-21,3,-3,0,0
4,4682,94385689,85,3633,7341,0,0
37,4682,94385730,3748,-129,-171,15947,0
13,4684,94395712,-5,1,1,0,0
4,4683,94405881,101,3641,7347,0,0
37,4683,94405922,3749,-129,-170,15947,0
13,4685,94415848,23,1,0,0,0
4,4684,94426107,95,3654,7310,0,0
37,4684,94426147,3751,-129,-170,15947,0
13,4686,94435962,8,2,0,0,0
4,4685,94446192,95,3665,7319,0,0
37,4685,94446232,3751,-129,-170,15947,0
13,4687,94456090,-16,0,0,0,0
L,94458797,VALID,-27.252,-0.841,1
4,4686,94466298,88,3645,7333,0,0
37,4686,94466338,3749,-129,-170,15947,0
13,4688,94476279,-16,1,-2,0,0
4,4687,94486416,92,3647,7331,0,0
37,4687,94486456,3748,-129,-170,15948,0
13,4689,94496391,-12,4,-2,0,0
4,4688,94506538,80,3641,7332,0,0
37,4688,94506579,3747,-128,-171,15948,0
13,4690,94516573,-13,2,0,0,0
4,4689,94526768,82,3639,7331,0,0
37,4689,94526809,3745,-128,-170,15948,0
13,4691,94536734,-2,0,1,0,0
4,4690,94546759,89,3634,7327,0,0
37,4690,94546799,3745,-128,-171,15948,0
13,4692,94556821,13,0,-1,0,0
L,94559511,VALID,-27.210,-0.833,1
4,4691,94566969,82,3650,7327,0,0
37,4691,94567009,3747,-128,-170,15948,0
13,4693,94576898,19,1,1,0,0
4,4692,94587171,90,3660,7316,0,0
37,4692,94587212,3749,-128,-170,15947,0
13,4694,94597089,-3,1,0,0,0
4,4693,94607301,92,3649,7334,0,0
37,4693,94607368,3748,-129,-170,15948,0
13,4695,94617226,-12,-2,-2,0,0
4,4694,94627346,103,3638,7339,0,0
37,4694,94627387,3747,-129,-170,15948,0
13,4696,94637510,5,0,0,0,0
4,4695,94647628,85,3636,7333,0,0
37,4695,94647669,3748,-129,-170,15948,0
13,4697,94657561,15,0,-1,0,0
L,94660242,VALID,-27.230,-0.841,1
4,4696,94667656,94,3651,7313,0,0
37,4696,94667697,3748,-129,-170,15947,0
13,4698,94677716,0,1,-2,0,0
4,4697,94687934,97,3650,7334,0,0
37,4697,94687975,3749,-130,-170,15947,0
13,4699,94697880,7,1,-1,0,0
4,4698,94707981,91,3633,7331,0,0
37,4698,94708021,3749,-129,-170,15947,0
13,4700,94717974,16,0,-1,0,0
4,4699,94728085,87,3657,7319,0,0
37,4699,94728125,3751,-130,-170,15947,0
13,4701,94738017,11,0,-1,0,0
4,4700,94748266,91,3660,7320,0,0
37,4700,94748306,3752,-130,-170,15947,0
13,4702,94758217,4,0,0,0,0
L,94760722,VALID,-27.259,-0.848,1
4,4701,94768500,90,3655,7318,0,0
37,4701,94768540,3753,-130,-170,15946,0
13,4703,94778379,1,2,0,0,0
4,4702,94788505,83,3646,7329,0,0
37,4702,94788545,3752,-129,-170,15946,0
13,4704,94798611,0,1,0,0,0
4,4703,94808687,87,3654,7328,0,0
37,4703,94808727,3752,-129,-170,15946,0
13,4705,94818688,-3,2,1,0,0
4,4704,94828720,90,3651,7331,0,0
37,4704,94828761,3752,-129,-170,15947,0
13,4706,94838799,-1,0,0,0,0
4,4705,94849108,96,3639,7338,0,0
37,4705,94849148,3752,-130,-170,15947,0
13,4707,94858939,20,-1,0,0,0
L,94861627,VALID,-27.259,-0.848,1
4,4706,94869024,89,3648,7322,0,0
37,4706,94869092,3755,-130,-170,15946,0
13,4708,94879086,15,0,0,0,0
4,4707,94889154,97,3666,7300,0,0
37,4707,94889194,3755,-130,-170,15946,0
13,4709,94899255,-28,0,2,0,0
4,4708,94909358,102,3660,7326,0,0
37,4708,94909398,3751,-130,-170,15947,0
13,4710,94919334,-46,1,1,0,0
4,4709,94929549,89,3625,7344,0,0
37,4709,94929589,3747,-130,-170,15948,0
13,4711,94939437,-14,3,0,0,0
4,4710,94949546,82,3634,7343,0,0
37,4710,94949586,3747,-129,-170,15948,0
13,4712,94959495,9,1,0,0,0
L,94962029,VALID,-27.223,-0.841,1
4,4711,94969686,88,3658,7320,0,0
37,4711,94969726,3748,-129,-170,15947,0
13,4713,94979762,7,2,-1,0,0
4,4712,94989812,89,3641,7332,0,0
37,4712,94989853,3748,-129,-170,15947,0
13,4714,94999902,-2,1,0,0,0
4,4713,95010065,94,3641,7337,0,0
37,4713,95010106,3748,-129,-170,15947,0
13,4715,95019988,4,2,-1,0,0
4,4714,95030079,91,3652,7319,0,0
37,4714,95030119,3748,-129,-170,15947,0
13,4716,95040050,-7,0,0,0,0
4,4715,95050330,88,3643,7330,0,0
37,4715,95050370,3747,-129,-169,15948,0
13,4717,95060184,-6,0,0,0,0
L,95062787,VALID,-27.223,-0.843,1
4,4716,95070322,95,3635,7339,0,0
37,4716,95070362,3747,-129,-169,15948,0
13,4718,95080338,2,2,-1,0,0
4,4717,95090595,84,3663,7326,0,0
37,4717,95090635,3747,-129,-170,15948,0
13,4719,95100474,-17,2,-4,0,0
4,4718,95110595,96,3659,7314,0,0
37,4718,95110635,3744,-129,-170,15948,0
13,4720,95120641,-42,0,-1,0,0
4,4719,95130753,93,3633,7340,0,0
37,4719,95130794,3740,-129,-170,15949,0
13,4721,95140684,-29,-2,1,0,0
4,4720,95150873,92,3618,7334,0,0
37,4720,95150913,3738,-130,-170,15950,0
13,4722,95160881,-7,-1,-1,0,0
L,95163674,VALID,-27.159,-0.849,1
4,4721,95171029,95,3629,7338,0,0
37,4721,95171069,3738,-130,-170,15950,0
13,4723,95180966,3,-2,-3,0,0
4,4722,95191057,91,3642,7321,0,0
37,4722,95191097,3739,-130,-170,15950,0
13,4724,95201026,1,-1,2,0,0
4,4723,95211221,101,3642,7332,0,0
37,4723,95211262,3739,-131,-170,15950,0
13,4725,95221216,3,0,1,0,0
4,4724,95231298,84,3635,7317,0,0
37,4724,95231338,3739,-131,-170,15950,0
13,4726,95241318,-5,0,0,0,0
4,4725,95251574,90,3636,7338,0,0
37,4725,95251615,3738,-131,-170,15950,0
13,4727,95261528,0,1,-1,0,0
L,95264119,VALID,-27.159,-0.856,1
4,4726,95271638,98,3629,7349,0,0
37,4726,95271679,3739,-131,-170,15950,0
13,4728,95281594,23,3,-2,0,0
4,4727,95291748,90,3644,7334,0,0
37,4727,95291789,3741,-130,-170,15949,0
13,4729,95301809,7,0,-1,0,0
4,4728,95311865,91,3642,7327,0,0
37,4728,95311905,3741,-131,-170,15949,0
13,4730,95321843,1,1,0,0,0
4,4729,95332029,90,3643,7326,0,0
37,4729,95332070,3741,-130,-170,15949,0
13,4731,95341928,-9,2,-1,0,0
4,4730,95352115,98,3635,7324,0,0
37,4730,95352155,3740,-131,-170,15949,0
13,4732,95362006,-6,2,1,0,0
L,95364607,VALID,-27.174,-0.856,1
4,4731,95372248,88,3642,7344,0,0
37,4731,95372289,3740,-131,-169,15949,0
13,4733,95382239,0,0,0,0,0
4,4732,95392280,88,3640,7327,0,0
37,4732,95392321,3740,-131,-169,15949,0
13,4734,95402418,-1,-1,0,0,0
4,4733,95412565,93,3647,7330,0,0
37,4733,95412606,3740,-131,-169,15949,0
13,4735,95422540,-5,0,0,0,0
4,4734,95432529,86,3632,7342,0,0
37,4734,95432570,3739,-131,-169,15950,0
13,4736,95442607,0,0,0,0,0
4,4735,95452743,86,3630,7346,0,0
37,4735,95452784,3739,-130,-169,15949,0
13,4737,95462840,25,1,0,0,0
L,95465409,VALID,-27.167,-0.850,1
4,4736,95472919,94,3651,7325,0,0
37,4736,95472959,3743,-130,-169,15949,0
13,4738,95482935,17,1,0,0,0
4,4737,95493150,98,3655,7319,0,0
37,4737,95493191,3743,-131,-169,15949,0
13,4739,95503084,-18,1,2,0,0
4,4738,95513117,106,3634,7334,0,0
37,4738,95513158,3741,-131,-169,15949,0
13,4740,95523177,-16,1,0,0,0
4,4739,95533295,98,3633,7339,0,0
37,4739,95533335,3740,-131,-169,15949,0
13,4741,95543330,3,1,-2,0,0
4,4740,95553346,97,3651,7316,0,0
37,4740,95553387,3740,-131,-169,15949,0
13,4742,95563458,-12,0,-4,0,0
L,95566236,VALID,-27.174,-0.857,1
4,4741,95573582,102,3634,7346,0,0
37,4741,95573623,3738,-131,-169,15950,0
13,4743,95583441,-11,0,0,0,0
4,4742,95593687,87,3619,7335,0,0
37,4742,95593728,3738,-131,-169,15950,0
13,4744,95603691,12,0,-1,0,0
4,4743,95613826,87,3636,7341,0,0
37,4743,95613894,3740,-131,-169,15949,0
13,4745,95623743,23,1,0,0,0
4,4744,95633904,92,3641,7328,0,0
37,4744,95633945,3742,-131,-169,15949,0
13,4746,95643967,22,0,0,0,0
4,4745,95654050,91,3651,7319,0,0
37,4745,95654091,3744,-132,-169,15949,0
13,4747,95664167,-3,0,0,0,0
L,95666785,VALID,-27.202,-0.864,1
4,4746,95674130,88,3652,7307,0,0
37,4746,95674171,3742,-132,-169,15949,0
13,4748,95684258,-37,-1,0,0,0
4,4747,95694301,92,3639,7328,0,0
37,4747,95694341,3737,-132,-169,15950,0
13,4749,95704241,-53,1,-1,0,0
4,4748,95714367,97,3626,7344,0,0
37,4748,95714408,3733,-131,-169,15951,0
13,4750,95724430,-32,1,0,0,0
4,4749,95734715,91,3619,7354,0,0
37,4749,95734755,3731,-132,-169,15951,0
13,4751,95744534,5,0,0,0,0
4,4750,95754670,94,3632,7336,0,0
37,4750,95754710,3733,-131,-169,15951,0
13,4752,95764697,27,4,-2,0,0
L,95767360,VALID,-27.123,-0.858,1
4,4751,95774809,97,3634,7335,0,0
37,4751,95774849,3735,-131,-169,15950,0
13,4753,95784808,18,0,0,0,0
4,4752,95794962,101,3641,7323,0,0
37,4752,95795002,3736,-132,-169,15950,0
13,4754,95804893,-5,1,0,0,0
4,4753,95815177,98,3640,7337,0,0
37,4753,95815217,3735,-132,-169,15950,0
13,4755,95825092,-8,0,-1,0,0
4,4754,95835159,86,3627,7329,0,0
37,4754,95835200,3734,-132,-169,15951,0
13,4756,95845186,-12,2,0,0,0
4,4755,95855399,92,3627,7343,0,0
37,4755,95855439,3733,-131,-169,15951,0
13,4757,95865281,-11,1,0,0,0
L,95867987,VALID,-27.123,-0.858,1
4,4756,95875420,91,3616,7344,0,0
37,4756,95875461,3732,-131,-169,15951,0
13,4758,95885480,5,0,1,0,0
4,4757,95895659,88,3635,7333,0,0
37,4757,95895700,3733,-131,-168,15951,0
13,4759,95905554,11,-1,0,0,0
4,4758,95915665,91,3640,7329,0,0
37,4758,95915706,3734,-132,-168,15951,0
13,4760,95925684,-2,0,1,0,0
4,4759,95935925,89,3621,7361,0,0
37,4759,95935966,3734,-132,-168,15951,0
13,4761,95945771,22,-1,2,0,0
4,4760,95955906,99,3635,7332,0,0
37,4760,95955947,3737,-132,-168,15950,0
13,4762,95965856,33,1,-2,0,0
L,95968554,VALID,-27.152,-0.866,1
4,4761,95976184,96,3645,7315,0,0
37,4761,95976225,3739,-132,-168,15950,0
13,4763,95986021,0,1,0,0,0
4,4762,95996154,96,3653,7330,0,0
37,4762,95996195,3738,-132,-168,15950,0
13,4764,96006182,-25,0,0,0,0
4,4763,96016397,88,3627,7342,0,0
37,4763,96016438,3736,-132,-168,15950,0
13,4765,96026348,-6,0,0,0,0
4,4764,96036439,97,3625,7341,0,0
37,4764,96036480,3736,-132,-168,15950,0
13,4766,96046491,24,2,-2,0,0
4,4765,96056597,85,3646,7335,0,0
37,4765,96056637,3739,-131,-168,15950,0
13,4767,96066570,12,1,0,0,0
L,96069157,VALID,-27.166,-0.859,1
4,4766,96076700,88,3646,7316,0,0
37,4766,96076740,3739,-131,-168,15950,0
13,4768,96086637,-19,-1,0,0,0
4,4767,96096981,89,3626,7341,0,0
37,4767,96097021,3737,-131,-168,15950,0
13,4769,96106863,-1,-1,-2,0,0
4,4768,96116955,92,3636,7334,0,0
37,4768,96116995,3738,-131,-168,15950,0
13,4770,96126983,15,2,-2,0,0
4,4769,96137173,87,3644,7318,0,0
37,4769,96137214,3739,-131,-169,15950,0
13,4771,96147242,-3,2,0,0,0
4,4770,96157326,93,3639,7324,0,0
37,4770,96157366,3738,-131,-168,15950,0
13,4772,96167275,-11,0,0,0,0
L,96169947,VALID,-27.159,-0.859,1
4,4771,96177406,94,3636,7330,0,0
37,4771,96177446,3737,-131,-168,15950,0
13,4773,96187464,-9,1,-2,0,0
4,4772,96197575,99,3628,7333,0,0
37,4772,96197615,3737,-131,-169,15950,0
13,4774,96207602,-4,2,-3,0,0
4,4773,96217799,97,3641,7330,0,0
37,4773,96217840,3736,-131,-169,15950,0
13,4775,96227688,-2,0,0,0,0
4,4774,96237736,95,3629,7337,0,0
37,4774,96237776,3737,-132,-168,15950,0
13,4776,96247713,25,0,1,0,0
4,4775,96258032,98,3631,7336,0,0
37,4775,96258072,3740,-132,-168,15949,0
13,4777,96267930,35,0,0,0,0
L,96270497,VALID,-27.174,-0.866,1
4,4776,96278094,95,3640,7333,0,0
37,4776,96278134,3743,-132,-168,15949,0
13,4778,96288037,33,1,-2,0,0
4,4777,96298237,86,3670,7321,0,0
37,4777,96298278,3746,-131,-169,15948,0
13,4779,96308273,6,1,0,0,0
4,4778,96318332,88,3651,7322,0,0
37,4778,96318372,3745,-132,-168,15948,0
13,4780,96328324,-15,-1,1,0,0
4,4779,96338401,103,3639,7345,0,0
37,4779,96338442,3744,-132,-168,15949,0
13,4781,96348461,-10,1,0,0,0
4,4780,96358633,88,3643,7337,0,0
37,4780,96358673,3743,-132,-168,15949,0
13,4782,96368608,-5,0,-2,0,0
L,96371289,VALID,-27.195,-0.865,1
4,4781,96378784,86,3631,7332,0,0
37,4781,96378824,3742,-132,-168,15949,0
13,4783,96388730,3,-2,0,0,0
4,4782,96398738,98,3629,7346,0,0
37,4782,96398778,3743,-132,-168,15949,0
13,4784,96408857,31,0,0,0,0
4,4783,96418994,96,3649,7321,0,0
37,4783,96419035,3747,-132,-168,15948,0
13,4785,96428925,29,1,-1,0,0
4,4784,96439045,97,3657,7314,0,0
37,4784,96439086,3749,-132,-168,15947,0
13,4786,96449063,9,0,-2,0,0
4,4785,96459251,89,3646,7328,0,0
37,4785,96459291,3749,-132,-169,15947,0
13,4787,96469062,0,-2,0,0,0
L,96471656,VALID,-27.239,-0.863,1
4,4786,96479251,84,3637,7334,0,0
37,4786,96479292,3749,-132,-169,15947,0
13,4788,96489321,12,0,-3,0,0
4,4787,96499484,81,3649,7326,0,0
37,4787,96499525,3751,-132,-169,15947,0
13,4789,96509469,20,0,-1,0,0
4,4788,96519547,88,3646,7331,0,0
37,4788,96519587,3752,-131,-169,15946,0
13,4790,96529596,19,1,-2,0,0
4,4789,96539777,88,3661,7309,0,0
37,4789,96539817,3754,-131,-169,15946,0
13,4791,96549630,9,0,-1,0,0
4,4790,96559913,82,3662,7313,0,0
37,4790,96559953,3755,-131,-169,15946,0
13,4792,96569794,-12,0,0,0,0
L,96572491,VALID,-27.281,-0.856,1
4,4791,96579958,90,3651,7324,0,0
37,4791,96579999,3753,-131,-169,15946,0
13,4793,96589965,-27,0,-1,0,0
4,4792,96600119,95,3656,7328,0,0
37,4792,96600159,3750,-131,-170,15947,0
13,4794,96610095,-23,-3,-4,0,0
4,4793,96620345,95,3639,7335,0,0
37,4793,96620385,3749,-132,-170,15947,0
13,4795,96630278,-2,-4,-3,0,0
4,4794,96640321,98,3643,7326,0,0
37,4794,96640361,3749,-132,-170,15947,0
13,4796,96650328,5,-2,-4,0,0
4,4795,96660549,96,3643,7342,0,0
37,4795,96660590,3749,-132,-171,15947,0
13,4797,96670516,12,0,-2,0,0
L,96673212,VALID,-27.239,-0.860,1
4,4796,96680533,93,3645,7317,0,0
37,4796,96680573,3750,-133,-171,15947,0
13,4798,96690626,2,0,-1,0,0
4,4797,96700789,102,3649,7341,0,0
37,4797,96700830,3750,-133,-170,15947,0
13,4799,96710689,9,1,2,0,0
4,4798,96720830,96,3645,7318,0,0
37,4798,96720871,3750,-133,-170,15947,0
13,4800,96730868,-3,2,0,0,0
4,4799,96740960,94,3654,7324,0,0
37,4799,96741000,3750,-133,-170,15947,0
13,4801,96750945,-5,2,1,0,0
4,4800,96761161,86,3652,7326,0,0
37,4800,96761201,3750,-133,-170,15947,0
13,4802,96771154,-12,0,1,0,0
L,96773816,VALID,-27.246,-0.868,1
4,4801,96781370,90,3659,7317,0,0
37,4801,96781410,3749,-133,-170,15947,0
13,4803,96791211,-26,1,0,0,0
4,4802,96801365,84,3656,7325,0,0
37,4802,96801406,3745,-133,-170,15948,0
13,4804,96811461,-50,-1,5,0,0
4,4803,96821581,100,3620,7360,0,0
37,4803,96821622,3741,-133,-169,15949,0
13,4805,96831523,0,1,6,0,0
4,4804,96841621,104,3624,7347,0,0
37,4804,96841662,3744,-133,-169,15948,0
13,4806,96851617,46,3,0,0,0
4,4805,96861960,92,3651,7327,0,0
37,4805,96862000,3748,-133,-169,15947,0
13,4807,96871737,29,3,-1,0,0
L,96874425,VALID,-27.232,-0.870,1
4,4806,96881937,94,3649,7328,0,0
37,4806,96881977,3749,-133,-169,15947,0
13,4808,96891928,10,0,-1,0,0
4,4807,96902048,95,3655,7330,0,0
37,4807,96902089,3751,-133,-169,15947,0
13,4809,96912106,18,0,0,0,0
4,4808,96922198,96,3659,7319,0,0
37,4808,96922238,3753,-134,-168,15946,0
13,4810,96932244,0,-3,0,0,0
4,4809,96942346,99,3647,7320,0,0
37,4809,96942387,3752,-134,-168,15946,0
13,4811,96952356,-1,-1,1,0,0
4,4810,96962440,99,3641,7333,0,0
37,4810,96962480,3752,-135,-168,15947,0
13,4812,96972588,9,0,1,0,0
L,96975114,VALID,-27.259,-0.885,1
4,4811,96982700,96,3651,7325,0,0
37,4811,96982741,3753,-135,-168,15946,0
13,4813,96992657,20,1,-2,0,0
4,4812,97002804,88,3656,7328,0,0
37,4812,97002845,3756,-134,-168,15946,0
13,4814,97012839,30,2,-1,0,0
4,4813,97022984,97,3660,7326,0,0
37,4813,97023024,3759,-135,-168,15945,0
13,4815,97032963,34,1,-4,0,0
4,4814,97042991,102,3664,7308,0,0
37,4814,97043032,3761,-135,-168,15944,0
13,4816,97053104,2,0,-4,0,0
4,4815,97063190,95,3659,7302,0,0
37,4815,97063230,3760,-135,-169,15945,0
13,4817,97073242,-23,-3,-8,0,0
L,97076123,VALID,-27.317,-0.882,1
4,4816,97083288,92,3646,7327,0,0
37,4816,97083328,3758,-135,-170,15945,0
13,4818,97093258,-11,-3,-8,0,0
4,4817,97103612,92,3649,7333,0,0
37,4817,97103652,3757,-135,-171,15945,0
13,4819,97113501,3,-1,-7,0,0
4,4818,97123619,95,3655,7316,0,0
37,4818,97123687,3758,-135,-171,15945,0
13,4820,97133604,3,-2,-5,0,0
4,4819,97143809,98,3649,7321,0,0
37,4819,97143849,3758,-135,-171,15945,0
13,4821,97153828,6,0,-2,0,0
4,4820,97163826,85,3658,7328,0,0
37,4820,97163866,3759,-135,-172,15945,0
13,4822,97174025,16,-2,-4,0,0
L,97176811,VALID,-27.310,-0.878,1
4,4821,97184106,83,3657,7321,0,0
37,4821,97184146,3761,-135,-172,15944,0
13,4823,97194111,28,0,-1,0,0
4,4822,97204127,100,3660,7326,0,0
37,4822,97204168,3764,-135,-172,15944,0
13,4824,97214076,35,1,0,0,0
4,4823,97224289,90,3676,7302,0,0
37,4823,97224329,3767,-135,-172,15943,0
13,4825,97234291,10,0,-1,0,0
4,4824,97244470,95,3669,7319,0,0
37,4824,97244538,3767,-135,-172,15943,0
13,4826,97254412,-7,-4,-1,0,0
4,4825,97264636,91,3660,7329,0,0
37,4825,97264677,3766,-135,-172,15943,0
13,4827,97274587,-9,-3,0,0,0
L,97277239,VALID,-27.361,-0.877,1
4,4826,97284670,99,3655,7314,0,0
37,4826,97284711,3764,-136,-172,15944,0
13,4828,97294686,-14,0,-2,0,0
4,4827,97304833,89,3661,7327,0,0
37,4827,97304873,3763,-136,-173,15944,0
13,4829,97314763,-8,0,-4,0,0
4,4828,97324970,99,3654,7320,0,0
37,4828,97325010,3762,-136,-173,15944,0
13,4830,97334997,1,-2,-2,0,0
4,4829,97345125,91,3655,7329,0,0
37,4829,97345165,3763,-136,-173,15944,0
13,4831,97355040,29,1,0,0,0
4,4830,97365226,89,3671,7311,0,0
37,4830,97365266,3767,-136,-173,15943,0
13,4832,97375169,17,0,0,0,0
L,97377779,VALID,-27.368,-0.882,1
4,4831,97385386,90,3679,7315,0,0
37,4831,97385427,3767,-136,-173,15943,0
13,4833,97395421,-6,-1,0,0,0
4,4832,97405461,96,3658,7336,0,0
37,4832,97405502,3767,-136,-173,15943,0
13,4834,97415513,13,-1,-1,0,0
4,4833,97425692,101,3660,7313,0,0
37,4833,97425732,3769,-136,-173,15943,0
13,4835,97435607,19,1,-5,0,0
4,4834,97445860,92,3671,7314,0,0
37,4834,97445900,3770,-136,-174,15942,0
13,4836,97455763,2,0,-8,0,0
4,4835,97465932,96,3681,7305,0,0
37,4835,97465972,3770,-136,-174,15942,0
13,4837,97475823,-15,-4,-4,0,0
L,97478693,VALID,-27.390,-0.880,1
4,4836,97486082,100,3658,7334,0,0
37,4836,97486123,3768,-136,-175,15943,0
13,4838,97496013,-1,1,-4,0,0
4,4837,97506260,94,3668,7306,0,0
37,4837,97506301,3768,-136,-175,15943,0
13,4839,97516133,-13,-6,-2,0,0
4,4838,97526297,101,3654,7327,0,0
37,4838,97526337,3767,-137,-175,15943,0
13,4840,97536316,5,-1,-1,0,0
4,4839,97546466,104,3661,7308,0,0
37,4839,97546506,3768,-138,-175,15943,0
13,4841,97556467,-3,-1,-9,0,0
4,4840,97566508,103,3661,7305,0,0
37,4840,97566549,3766,-138,-177,15943,0
13,4842,97576579,-32,-19,-40,0,0
L,97579642,VALID,-27.362,-0.889,1
4,4841,97586781,95,3661,7328,0,0
37,4841,97586822,3763,-139,-182,15944,0
13,4843,97596640,-28,-22,-43,0,0
4,4842,97606958,90,3662,7331,0,0
37,4842,97606999,3761,-140,-186,15944,0
13,4844,97616881,-20,-23,-44,0,0
4,4843,97627027,85,3651,7330,0,0
37,4843,97627095,3759,-141,-189,15944,0
13,4845,97637018,-2,-14,-17,0,0
4,4844,97647106,92,3676,7321,0,0
37,4844,97647146,3761,-141,-191,15944,0
13,4846,97657276,7,-2,-10,0,0
4,4845,97667458,104,3651,7321,0,0
37,4845,97667498,3761,-141,-191,15944,0
13,4847,97677354,15,1,-6,0,0
L,97680057,VALID,-27.327,-0.888,1
4,4846,97687423,97,3661,7318,0,0
37,4846,97687464,3762,-141,-191,15944,0
13,4848,97697491,-5,3,-3,0,0
4,4847,97707679,98,3652,7330,0,0
37,4847,97707719,3761,-141,-192,15944,0
13,4849,97717672,1,-1,-3,0,0
4,4848,97727774,102,3655,7336,0,0
37,4848,97727815,3762,-142,-192,15944,0
13,4850,97737785,27,0,-4,0,0
4,4849,97747919,98,3665,7319,0,0
37,4849,97747987,3765,-142,-192,15943,0
13,4851,97757818,26,2,-3,0,0
4,4850,97768067,96,3681,7294,0,0
37,4850,97768108,3767,-142,-192,15943,0
13,4852,97778036,-16,2,0,0,0
L,97780697,VALID,-27.369,-0.892,1
4,4851,97788258,100,3667,7301,0,0
37,4851,97788299,3763,-141,-192,15944,0
13,4853,97798163,-56,3,-2,0,0
4,4852,97808264,92,3649,7322,0,0
37,4852,97808305,3757,-141,-192,15945,0
13,4854,97818386,-58,2,-1,0,0
4,4853,97828583,89,3636,7357,0,0
37,4853,97828624,3753,-141,-192,15946,0
13,4855,97838491,-19,0,-1,0,0
4,4854,97848523,92,3628,7346,0,0
37,4854,97848563,3753,-141,-193,15946,0
13,4856,97858626,32,1,0,0,0
4,4855,97868877,106,3642,7315,0,0
37,4855,97868917,3757,-141,-192,15945,0
13,4857,97878800,27,2,-1,0,0
L,97881498,VALID,-27.298,-0.887,1
4,4856,97888854,89,3666,7301,0,0
37,4856,97888894,3758,-141,-192,15945,0
13,4858,97898930,-8,1,0,0,0
4,4857,97909056,98,3645,7335,0,0
37,4857,97909096,3757,-141,-192,15945,0
13,4859,97919083,-2,1,0,0,0
4,4858,97929169,100,3653,7328,0,0
37,4858,97929209,3758,-141,-192,15945,0
13,4860,97939152,21,0,0,0,0
4,4859,97949348,90,3660,7326,0,0
37,4859,97949389,3759,-141,-192,15944,0
13,4861,97959316,15,-1,0,0,0
4,4860,97969417,96,3655,7316,0,0
37,4860,97969457,3760,-141,-192,15944,0
13,4862,97979340,8,-1,0,0,0
L,97981943,VALID,-27.320,-0.886,1
4,4861,97989659,100,3654,7309,0,0
37,4861,97989727,3761,-141,-192,15944,0
13,4863,97999644,-7,0,-3,0,0
4,4862,98009684,102,3660,7321,0,0
37,4862,98009751,3760,-142,-192,15944,0
13,4864,98019790,-6,0,0,0,0
4,4863,98029943,97,3658,7320,0,0
37,4863,98029984,3760,-142,-192,15944,0
13,4865,98039968,-1,0,0,0,0
4,4864,98050045,102,3660,7318,0,0
37,4864,98050085,3759,-142,-192,15944,0
13,4866,98060003,-8,0,2,0,0
4,4865,98070364,98,3651,7339,0,0
37,4865,98070404,3759,-142,-192,15945,0
13,4867,98080168,9,0,-1,0,0
L,98082787,VALID,-27.311,-0.893,1
4,4866,98090314,96,3652,7322,0,0
37,4866,98090354,3759,-142,-192,15944,0
13,4868,98100357,8,0,-2,0,0
4,4867,98110544,95,3664,7321,0,0
37,4867,98110584,3761,-142,-192,15944,0
13,4869,98120512,2,0,0,0,0
4,4868,98130683,97,3672,7315,0,0
37,4868,98130724,3761,-142,-192,15944,0
13,4870,98140720,-10,3,-1,0,0
4,4869,98150866,100,3662,7318,0,0
37,4869,98150907,3759,-142,-192,15945,0
13,4871,98160762,-25,0,0,0,0
4,4870,98170970,103,3645,7332,0,0
37,4870,98171011,3757,-142,-192,15945,0
13,4872,98181003,-5,-2,1,0,0
L,98183684,VALID,-27.298,-0.893,1
4,4871,98191064,89,3644,7323,0,0
37,4871,98191104,3757,-142,-192,15945,0
13,4873,98201123,4,0,1,0,0
4,4872,98211153,95,3645,7342,0,0
37,4872,98211193,3758,-142,-192,15945,0
13,4874,98221191,34,-3,0,0,0
4,4873,98231422,103,3663,7315,0,0
37,4873,98231463,3762,-143,-192,15944,0
13,4875,98241399,31,-1,-2,0,0
4,4874,98251449,92,3667,7295,0,0
37,4874,98251489,3763,-143,-193,15943,0
13,4876,98261518,-6,1,0,0,0
4,4875,98271759,96,3654,7316,0,0
37,4875,98271799,3762,-143,-192,15944,0
13,4877,98281710,-23,0,1,0,0
L,98284372,VALID,-27.334,-0.900,1
4,4876,98291864,91,3655,7333,0,0
37,4876,98291904,3760,-142,-192,15944,0
13,4878,98301802,-10,1,1,0,0
4,4877,98312035,97,3655,7322,0,0
37,4877,98312075,3759,-142,-192,15945,0
13,4879,98322053,-7,1,1,0,0
4,4878,98332129,103,3649,7327,0,0
37,4878,98332169,3758,-143,-192,15945,0
13,4880,98342122,-5,-1,0,0,0
4,4879,98352267,95,3651,7331,0,0
37,4879,98352307,3758,-143,-192,15945,0
13,4881,98362251,12,0,0,0,0
4,4880,98372411,104,3665,7319,0,0
37,4880,98372451,3759,-143,-192,15944,0
13,4882,98382319,2,0,-1,0,0
L,98384956,VALID,-27.313,-0.900,1
4,4881,98392632,100,3653,7317,0,0
37,4881,98392672,3759,-143,-192,15945,0
13,4883,98402537,-3,0,-2,0,0
4,4882,98412664,98,3659,7319,0,0
37,4882,98412705,3759,-144,-193,15945,0
13,4884,98422767,0,-1,-3,0,0
4,4883,98432896,97,3653,7332,0,0
37,4883,98432936,3759,-144,-193,15945,0
13,4885,98442922,1,0,0,0,0
4,4884,98452921,100,3658,7317,0,0
37,4884,98452961,3759,-144,-193,15945,0
13,4886,98462982,-6,-2,-1,0,0
4,4885,98473188,107,3657,7324,0,0
37,4885,98473228,3758,-145,-193,15945,0
13,4887,98483241,-16,-1,-1,0,0
L,98486113,VALID,-27.305,-0.912,1
4,4886,98493304,97,3651,7323,0,0
37,4886,98493344,3756,-145,-193,15945,0
13,4888,98503335,-23,0,-3,0,0
4,4887,98513527,100,3642,7349,0,0
37,4887,98513567,3754,-145,-193,15946,0
13,4889,98523528,-1,0,-1,0,0
4,4888,98533568,101,3648,7326,0,0
37,4888,98533608,3755,-145,-193,15946,0
13,4890,98543644,15,2,0,0,0
4,4889,98553772,94,3656,7314,0,0
37,4889,98553813,3756,-145,-193,15945,0
13,4891,98563791,-1,1,0,0,0
4,4890,98573851,101,3657,7326,0,0
37,4890,98573891,3755,-145,-193,15945,0
13,4892,98583963,-16,2,0,0,0
L,98586619,VALID,-27.285,-0.912,1
4,4891,98594077,98,3648,7332,0,0
37,4891,98594117,3753,-145,-193,15946,0
13,4893,98603980,-7,1,0,0,0
4,4892,98614253,101,3629,7335,0,0
37,4892,98614293,3753,-145,-193,15946,0
13,4894,98624249,17,1,1,0,0
4,4893,98634514,92,3666,7315,0,0
37,4893,98634555,3754,-144,-193,15946,0
13,4895,98644326,-4,0,2,0,0
4,4894,98654488,99,3652,7313,0,0
37,4894,98654529,3753,-144,-193,15946,0
13,4896,98664575,-34,2,1,0,0
4,4895,98674633,95,3649,7315,0,0
37,4895,98674673,3749,-144,-193,15947,0
13,4897,98684773,-60,0,0,0,0
L,98687446,VALID,-27.240,-0.906,1
4,4896,98694766,101,3629,7359,0,0
37,4896,98694806,3744,-144,-193,15948,0
13,4898,98704885,-29,0,-3,0,0
4,4897,98714987,91,3629,7343,0,0
37,4897,98715028,3743,-144,-193,15948,0
13,4899,98724858,13,-2,-3,0,0
4,4898,98735054,100,3633,7334,0,0
37,4898,98735095,3745,-144,-194,15948,0
13,4900,98745126,29,-1,-7,0,0
4,4899,98755334,95,3665,7307,0,0
37,4899,98755374,3747,-144,-194,15947,0
13,4901,98765246,2,-2,-6,0,0
4,4900,98775367,94,3648,7329,0,0
37,4900,98775407,3747,-144,-195,15947,0
13,4902,98785428,-1,0,-4,0,0
L,98788099,VALID,-27.227,-0.903,1
4,4901,98795617,92,3645,7335,0,0
37,4901,98795657,3747,-144,-195,15947,0
13,4903,98805538,4,-2,-1,0,0
4,4902,98815676,98,3644,7343,0,0
37,4902,98815717,3748,-144,-196,15947,0
13,4904,98825598,20,1,-3,0,0
4,4903,98835906,93,3655,7314,0,0
37,4903,98835946,3749,-143,-196,15947,0
13,4905,98845884,-4,1,0,0,0
4,4904,98855924,97,3647,7331,0,0
37,4904,98855964,3749,-144,-196,15947,0
13,4906,98865977,6,-1,-4,0,0
4,4905,98876287,99,3644,7341,0,0
37,4905,98876328,3750,-144,-196,15947,0
13,4907,98886125,19,0,-4,0,0
L,98888840,VALID,-27.247,-0.901,1
4,4906,98896274,104,3651,7315,0,0
37,4906,98896314,3752,-144,-197,15946,0
13,4908,98906350,13,-3,-8,0,0
4,4907,98916450,102,3665,7315,0,0
37,4907,98916491,3752,-144,-197,15946,0
13,4909,98926442,-11,-4,-3,0,0
4,4908,98936536,100,3650,7332,0,0
37,4908,98936577,3751,-145,-197,15946,0
13,4910,98946520,-6,-1,0,0,0
4,4909,98956889,107,3640,7329,0,0
37,4909,98956929,3751,-145,-197,15946,0
13,4911,98966667,0,2,0,0,0
4,4910,98976801,104,3659,7320,0,0
37,4910,98976841,3751,-145,-197,15946,0
13,4912,98986778,2,1,0,0,0
L,98989276,VALID,-27.256,-0.906,1
4,4911,98997045,95,3649,7330,0,0
37,4911,98997112,3751,-145,-197,15946,0
13,4913,99006934,6,0,-2,0,0
4,4912,99017113,89,3653,7332,0,0
37,4912,99017154,3752,-145,-198,15946,0
13,4914,99027106,7,-2,-4,0,0
4,4913,99037381,101,3651,7325,0,0
37,4913,99037421,3753,-145,-198,15946,0
13,4915,99047286,-6,-6,-15,0,0
4,4914,99057405,88,3648,7334,0,0
37,4914,99057445,3751,-145,-200,15946,0
13,4916,99067406,-6,-5,-5,0,0
4,4915,99077508,95,3639,7333,0,0
37,4915,99077548,3751,-145,-200,15946,0
13,4917,99087516,13,1,1,0,0
L,99090138,VALID,-27.256,-0.902,1
4,4916,99097665,99,3654,7318,0,0
37,4916,99097705,3752,-145,-200,15946,0
13,4918,99107629,1,3,0,0,0
4,4917,99118050,95,3651,7313,0,0
37,4917,99118090,3752,-145,-200,15946,0
13,4919,99127837,-17,1,-1,0,0
4,4918,99137956,90,3656,7323,0,0
37,4918,99138024,3750,-145,-200,15946,0
13,4920,99147948,-21,0,0,0,0
4,4919,99158121,106,3635,7339,0,0
37,4919,99158161,3749,-145,-200,15947,0
13,4921,99168267,7,2,0,0,0
4,4920,99178307,109,3624,7341,0,0
37,4920,99178347,3751,-145,-200,15946,0
13,4922,99188318,47,2,-1,0,0
L,99191026,VALID,-27.256,-0.902,1
4,4921,99198492,91,3658,7319,0,0
37,4921,99198533,3755,-144,-200,15945,0
13,4923,99208473,28,1,-2,0,0
4,4922,99218600,94,3667,7315,0,0
37,4922,99218641,3757,-144,-200,15945,0
13,4924,99228672,-4,0,0,0,0
4,4923,99238806,101,3671,7312,0,0
37,4923,99238846,3755,-144,-200,15945,0
13,4925,99248759,-35,0,0,0,0
4,4924,99258825,111,3644,7338,0,0
37,4924,99258865,3752,-145,-200,15946,0
13,4926,99268826,-33,-1,-4,0,0
4,4925,99279161,96,3630,7333,0,0
37,4925,99279202,3749,-144,-201,15947,0
13,4927,99289040,-12,-2,-9,0,0
L,99291931,VALID,-27.241,-0.893,1
4,4926,99299232,99,3640,7339,0,0
37,4926,99299273,3748,-145,-202,15947,0
13,4928,99309222,3,-5,-13,0,0
4,4927,99319342,95,3639,7324,0,0
37,4927,99319382,3749,-145,-203,15947,0
13,4929,99329481,13,-4,-6,0,0
4,4928,99339515,96,3641,7321,0,0
37,4928,99339556,3750,-145,-203,15946,0
13,4930,99349550,21,-1,-1,0,0
4,4929,99359644,99,3658,7318,0,0
37,4929,99359684,3752,-146,-203,15946,0
13,4931,99369670,13,-1,0,0,0
4,4930,99379893,96,3659,7324,0,0
37,4930,99379934,3754,-146,-203,15946,0
13,4932,99389825,9,-1,0,0,0
L,99392419,VALID,-27.276,-0.903,1
4,4931,99400000,90,3648,7319,0,0
37,4931,99400041,3754,-146,-204,15946,0
13,4933,99409999,-7,0,-1,0,0
4,4932,99420013,100,3651,7319,0,0
37,4932,99420054,3752,-146,-204,15946,0
13,4934,99430152,-18,1,0,0,0
4,4933,99440341,106,3636,7335,0,0
37,4933,99440382,3751,-146,-204,15946,0
13,4935,99450231,1,0,0,0,0
4,4934,99460400,100,3645,7340,0,0
37,4934,99460441,3753,-146,-204,15946,0
13,4936,99470428,32,0,0,0,0
4,4935,99480520,89,3654,7325,0,0
37,4935,99480560,3756,-146,-204,15945,0
13,4937,99490444,34,1,-2,0,0
L,99493133,VALID,-27.292,-0.901,1
4,4936,99500618,94,3660,7317,0,0
37,4936,99500658,3758,-146,-204,15945,0
13,4938,99510710,14,2,1,0,0
4,4937,99520901,99,3654,7308,0,0
37,4937,99520942,3758,-146,-204,15944,0
13,4939,99530903,-9,1,-2,0,0
4,4938,99540994,99,3648,7317,0,0
37,4938,99541035,3757,-146,-204,15945,0
13,4940,99551081,-13,0,-1,0,0
4,4939,99561194,97,3643,7332,0,0
37,4939,99561234,3756,-146,-204,15945,0
13,4941,99571151,2,-1,0,0,0
4,4940,99581373,100,3652,7336,0,0
37,4940,99581413,3757,-146,-204,15945,0
13,4942,99591307,26,1,1,0,0
L,99593926,VALID,-27.298,-0.901,1
4,4941,99601556,95,3661,7317,0,0
37,4941,99601596,3760,-146,-204,15944,0
13,4943,99611487,14,0,2,0,0
4,4942,99621656,94,3659,7310,0,0
37,4942,99621696,3761,-146,-204,15944,0
13,4944,99631694,3,3,0,0,0
4,4943,99641839,98,3653,7329,0,0
37,4943,99641879,3760,-146,-204,15944,0
13,4945,99651833,8,0,0,0,0
4,4944,99661952,91,3654,7329,0,0
37,4944,99661992,3762,-146,-204,15944,0
13,4946,99671926,30,0,0,0,0
4,4945,99682226,99,3651,7332,0,0
37,4945,99682267,3765,-146,-204,15943,0
13,4947,99692115,45,0,0,0,0
L,99694753,VALID,-27.356,-0.900,1
4,4946,99702202,100,3680,7314,0,0
37,4946,99702243,3769,-146,-204,15942,0
13,4948,99712270,26,0,-1,0,0
4,4947,99722440,91,3666,7313,0,0
37,4947,99722481,3771,-146,-204,15941,0
13,4949,99732382,19,1,-1,0,0
4,4948,99742534,97,3666,7326,0,0
37,4948,99742574,3773,-146,-204,15941,0
13,4950,99752571,21,0,-2,0,0
4,4949,99762805,95,3667,7317,0,0
37,4949,99762845,3774,-146,-204,15941,0
13,4951,99772701,18,0,-2,0,0
4,4950,99782916,101,3676,7307,0,0
37,4950,99782957,3776,-146,-204,15940,0
13,4952,99792951,7,0,-5,0,0
L,99795519,VALID,-27.436,-0.899,1
4,4951,99803123,107,3666,7314,0,0
37,4951,99803163,3776,-147,-205,15940,0
13,4953,99813037,6,-7,-24,0,0
4,4952,99823113,112,3653,7313,0,0
37,4952,99823153,3777,-147,-210,15940,0
13,4954,99833295,14,-28,-66,0,0
4,4953,99843451,92,3694,7312,0,0
37,4953,99843491,3779,-149,-216,15939,0
13,4955,99853365,15,-22,-44,0,0
4,4954,99863459,91,3678,7304,0,0
37,4954,99863499,3780,-149,-219,15939,0
13,4956,99873468,14,-13,-26,0,0
4,4955,99883745,103,3688,7316,0,0
37,4955,99883786,3781,-150,-221,15939,0
13,4957,99893580,0,-7,-18,0,0
L,99896364,VALID,-27.472,-0.898,1
4,4956,99903789,95,3682,7308,0,0
37,4956,99903830,3781,-150,-222,15939,0
13,4958,99913805,1,-5,1,0,0
4,4957,99923981,107,3671,7315,0,0
37,4957,99924022,3781,-151,-221,15939,0
13,4959,99933992,7,-5,2,0,0
4,4958,99944051,104,3667,7319,0,0
37,4958,99944092,3782,-152,-222,15939,0
13,4960,99954148,27,-5,-7,0,0
4,4959,99964181,102,3659,7335,0,0
37,4959,99964222,3785,-153,-223,15938,0
13,4961,99974208,49,-14,-18,0,0
4,4960,99984345,113,3698,7284,0,0
37,4960,99984385,3789,-153,-225,15937,0
13,4962,99994449,23,-11,-29,0,0
L,99997408,VALID,-27.530,-0.911,1
4,4961,100004664,99,3697,7281,0,0
37,4961,100004704,3791,-154,-227,15936,0
13,4963,100014570,11,-2,-5,0,0
4,4962,100024700,100,3686,7308,0,0
37,4962,100024740,3792,-154,-227,15936,0
13,4964,100034726,1,-1,-2,0,0
4,4963,100044843,95,3673,7311,0,0
37,4963,100044884,3791,-154,-227,15936,0
13,4965,100054879,11,-2,1,0,0
4,4964,100064885,105,3678,7311,0,0
37,4964,100064926,3793,-154,-227,15936,0
13,4966,100074975,26,0,0,0,0
4,4965,100085161,103,3695,7293,0,0
37,4965,100085202,3795,-154,-227,15935,0
13,4967,100095174,12,0,-4,0,0
L,100097957,VALID,-27.575,-0.914,1
4,4966,100105226,100,3707,7297,0,0
37,4966,100105267,3796,-154,-228,15935,0
13,4968,100115182,-10,-1,-3,0,0
4,4967,100125480,98,3686,7303,0,0
37,4967,100125521,3795,-154,-228,15935,0
13,4969,100135431,-15,-1,-7,0,0
4,4968,100145604,100,3683,7313,0,0
37,4968,100145644,3794,-154,-229,15936,0
13,4970,100155605,-7,-3,-11,0,0
4,4969,100165812,98,3695,7300,0,0
37,4969,100165852,3793,-155,-230,15936,0
13,4971,100175792,-12,-4,-7,0,0
4,4970,100185816,97,3695,7307,0,0
37,4970,100185856,3792,-155,-231,15936,0
13,4972,100196016,-15,-4,-2,0,0
L,100198941,VALID,-27.553,-0.915,1
4,4971,100206071,91,3682,7308,0,0
37,4971,100206112,3790,-155,-231,15936,0
13,4973,100216129,-23,-2,4,0,0
4,4972,100226145,105,3672,7315,0,0
37,4972,100226185,3788,-155,-230,15937,0
13,4974,100236111,-4,-1,2,0,0
4,4973,100246383,102,3685,7313,0,0
37,4973,100246424,3788,-156,-230,15937,0
13,4975,100256380,4,1,1,0,0
4,4974,100266541,95,3678,7299,0,0
37,4974,100266581,3789,-155,-230,15937,0
13,4976,100276504,2,0,0,0,0
4,4975,100286628,96,3683,7312,0,0
37,4975,100286668,3788,-155,-230,15937,0
13,4977,100296644,0,1,2,0,0
L,100299238,VALID,-27.524,-0.917,1
4,4976,100306773,101,3685,7298,0,0
37,4976,100306814,3789,-155,-230,15937,0
13,4978,100316783,1,1,1,0,0
4,4977,100326961,106,3685,7309,0,0
37,4977,100327001,3788,-156,-229,15937,0
13,4979,100336835,-3,0,4,0,0
4,4978,100347072,108,3684,7304,0,0
37,4978,100347112,3789,-156,-229,15937,0
13,4980,100357084,1,3,0,0,0
4,4979,100367209,100,3680,7296,0,0
37,4979,100367250,3788,-156,-229,15937,0
13,4981,100377162,-9,3,0,0,0
4,4980,100387356,100,3693,7291,0,0
37,4980,100387423,3787,-156,-229,15937,0
13,4982,100397316,-30,0,0,0,0
L,100400091,VALID,-27.517,-0.925,1
4,4981,100407610,90,3662,7312,0,0
37,4981,100407650,3783,-155,-229,15938,0
13,4983,100417557,-21,1,2,0,0
4,4982,100427633,108,3669,7328,0,0
37,4982,100427673,3783,-155,-228,15938,0
13,4984,100437643,14,3,5,0,0
4,4983,100447779,103,3678,7296,0,0
37,4983,100447819,3784,-155,-228,15938,0
13,4985,100457755,11,5,2,0,0
4,4984,100467993,106,3696,7302,0,0
37,4984,100468033,3784,-155,-228,15938,0
13,4986,100477911,-22,3,-1,0,0
4,4985,100488123,98,3712,7284,0,0
37,4985,100488164,3782,-155,-228,15939,0
13,4987,100498031,-61,2,1,0,0
L,100500831,VALID,-27.480,-0.921,1
4,4986,100508264,98,3636,7365,0,0
37,4986,100508332,3776,-155,-228,15940,0
13,4988,100518193,0,0,2,0,0
4,4987,100528451,103,3678,7305,0,0
37,4987,100528491,3777,-155,-228,15940,0
13,4989,100538403,-5,0,0,0,0
4,4988,100548510,111,3682,7308,0,0
37,4988,100548550,3776,-155,-227,15940,0
13,4990,100558564,-10,1,-1,0,0
4,4989,100568734,105,3673,7321,0,0
37,4989,100568775,3775,-155,-228,15940,0
13,4991,100578642,-1,0,-1,0,0
4,4990,100588777,102,3669,7323,0,0
37,4990,100588817,3775,-155,-228,15940,0
13,4992,100598823,7,1,-1,0,0
L,100601511,VALID,-27.430,-0.922,1
4,4991,100609013,105,3667,7332,0,0
37,4991,100609053,3777,-155,-228,15940,0
13,4993,100618935,30,3,1,0,0
4,4992,100629232,91,3683,7295,0,0
37,4992,100629299,3780,-155,-227,15939,0
13,4994,100639150,23,2,4,0,0
4,4993,100649364,94,3695,7293,0,0
37,4993,100649404,3781,-155,-227,15939,0
13,4995,100659311,-17,1,2,0,0
4,4994,100669401,103,3663,7320,0,0
37,4994,100669441,3778,-155,-227,15939,0
13,4996,100679554,-16,0,3,0,0
4,4995,100689691,91,3664,7322,0,0
37,4995,100689731,3778,-154,-226,15939,0
13,4997,100699606,17,4,11,0,0
L,100702381,VALID,-27.452,-0.918,1
4,4996,100709728,100,3706,7297,0,0
37,4996,100709768,3781,-154,-224,15939,0
13,4998,100719814,3,18,43,0,0
4,4997,100730035,118,3651,7318,0,0
37,4997,100730076,3780,-154,-219,15939,0
13,4999,100740021,-5,18,34,0,0
4,4998,100750078,102,3669,7322,0,0
37,4998,100750119,3779,-153,-217,15939,0
13,5000,100760124,-1,17,36,0,0
4,4999,100770224,102,3667,7321,0,0
37,4999,100770292,3779,-152,-212,15939,0
13,5001,100780172,18,19,37,0,0
4,5000,100790448,93,3688,7306,0,0
37,5000,100790488,3782,-151,-209,15939,0
13,5002,100800365,23,23,46,0,0
L,100803243,VALID,-27.479,-0.924,1
4,5001,100810675,103,3673,7315,0,0
37,5001,100810716,3785,-150,-204,15938,0
13,5003,100820537,32,29,59,0,0
4,5002,100830655,118,3697,7294,0,0
37,5002,100830695,3785,-148,-199,15938,0
13,5004,100840778,-31,15,23,0,0
4,5003,100850915,106,3663,7320,0,0
37,5003,100850955,3781,-147,-198,15939,0
13,5005,100860839,-38,5,3,0,0
4,5004,100870886,100,3672,7307,0,0
37,5004,100870926,3778,-148,-198,15940,0
13,5006,100881010,-22,1,2,0,0
4,5005,100891328,112,3660,7326,0,0
37,5005,100891368,3777,-148,-198,15940,0
13,5007,100901175,12,0,-4,0,0
L,100903940,VALID,-27.443,-0.922,1
4,5006,100911261,110,3673,7305,0,0
37,5006,100911302,3779,-148,-198,15940,0
13,5008,100921336,10,3,-6,0,0
4,5007,100931395,98,3687,7305,0,0
37,5007,100931435,3779,-148,-199,15940,0
13,5009,100941517,-12,1,-7,0,0
4,5008,100951576,90,3677,7314,0,0
37,5008,100951616,3777,-148,-200,15940,0
13,5010,100961578,-19,0,-7,0,0
4,5009,100971835,98,3652,7327,0,0
37,5009,100971875,3776,-148,-201,15940,0
13,5011,100981742,2,-4,-10,0,0
4,5010,100991833,102,3673,7306,0,0
37,5010,100991874,3777,-148,-201,15940,0
13,5012,101001828,14,-3,-1,0,0
L,101004706,VALID,-27.443,-0.917,1
4,5011,101012045,105,3665,7314,0,0
37,5011,101012085,3778,-148,-201,15940,0
13,5013,101022077,15,1,-3,0,0
4,5012,101032163,104,3672,7306,0,0
37,5012,101032203,3780,-149,-201,15939,0
13,5014,101042250,16,0,-4,0,0
4,5013,101052446,101,3691,7291,0,0
37,5013,101052486,3781,-149,-202,15939,0
13,5015,101062413,-19,-1,-5,0,0
4,5014,101072445,94,3691,7308,0,0
37,5014,101072486,3777,-149,-202,15940,0
13,5016,101082454,-45,-1,-5,0,0
4,5015,101092756,97,3649,7331,0,0
37,5015,101092797,3773,-148,-203,15941,0
13,5017,101102602,-19,-2,-5,0,0
L,101105559,VALID,-27.414,-0.915,1
4,5016,101112785,98,3648,7330,0,0
37,5016,101112826,3774,-149,-203,15941,0
13,5018,101122826,30,-2,-1,0,0
4,5017,101133102,107,3676,7298,0,0
37,5017,101133143,3777,-149,-204,15940,0
13,5019,101142999,10,-3,-7,0,0
4,5018,101153102,104,3689,7297,0,0
37,5018,101153142,3777,-150,-205,15940,0
13,5020,101163129,-19,-10,-14,0,0
4,5019,101173265,105,3648,7332,0,0
37,5019,101173305,3774,-150,-207,15941,0
13,5021,101183239,-2,-9,-16,0,0
4,5020,101193401,101,3671,7326,0,0
37,5020,101193442,3775,-150,-207,15940,0
13,5022,101203395,16,0,-2,0,0
L,101206143,VALID,-27.430,-0.922,1
4,5021,101213559,107,3681,7291,0,0
37,5021,101213600,3777,-150,-208,15940,0
13,5023,101223549,-5,0,0,0,0
4,5022,101233606,104,3669,7311,0,0
37,5022,101233646,3775,-151,-207,15941,0
13,5024,101243609,-23,0,1,0,0
4,5023,101253787,106,3671,7321,0,0
37,5023,101253828,3773,-151,-207,15941,0
13,5025,101263825,-13,1,-2,0,0
4,5024,101273891,97,3653,7326,0,0
37,5024,101273959,3772,-151,-208,15941,0
13,5026,101283946,5,-2,-3,0,0
4,5025,101294220,103,3667,7323,0,0
37,5025,101294260,3774,-151,-208,15941,0
13,5027,101304126,24,-5,0,0,0
L,101306928,VALID,-27.421,-0.927,1
4,5026,101314282,103,3671,7308,0,0
37,5026,101314322,3775,-152,-208,15940,0
13,5028,101324264,8,-1,-3,0,0
4,5027,101334399,111,3668,7308,0,0
37,5027,101334439,3775,-152,-209,15940,0
13,5029,101344471,-11,-14,-24,0,0
4,5028,101354565,100,3655,7316,0,0
37,5028,101354605,3773,-153,-213,15941,0
13,5030,101364565,-20,-22,-46,0,0
4,5029,101374780,111,3664,7314,0,0
37,5029,101374821,3772,-154,-217,15941,0
13,5031,101384686,-13,-24,-51,0,0
4,5030,101394883,87,3682,7305,0,0
37,5030,101394951,3771,-155,-221,15941,0
13,5032,101404806,-5,-6,-11,0,0
L,101407763,VALID,-27.402,-0.934,1
4,5031,101415041,103,3671,7319,0,0
37,5031,101415082,3771,-155,-221,15941,0
13,5033,101425023,-2,2,-1,0,0
4,5032,101435130,106,3665,7317,0,0
37,5032,101435171,3770,-155,-221,15941,0
13,5034,101445235,-11,3,-2,0,0
4,5033,101455399,106,3656,7339,0,0
37,5033,101455440,3770,-155,-221,15941,0
13,5035,101465350,18,-1,0,0,0
4,5034,101475354,109,3657,7322,0,0
37,5034,101475394,3772,-155,-221,15941,0
13,5036,101485460,34,-1,-3,0,0
4,5035,101495647,117,3669,7319,0,0
37,5035,101495688,3776,-155,-222,15940,0
13,5037,101505728,33,-1,-8,0,0
L,101508599,VALID,-27.437,-0.931,1
4,5036,101515841,100,3690,7297,0,0
37,5036,101515882,3778,-155,-223,15940,0
13,5038,101525842,-6,-3,-14,0,0
4,5037,101536047,103,3687,7299,0,0
37,5037,101536087,3776,-155,-224,15940,0
13,5039,101545953,-41,-3,-15,0,0
4,5038,101556027,99,3674,7318,0,0
37,5038,101556067,3771,-155,-225,15941,0
13,5040,101566113,-53,-3,-7,0,0
4,5039,101576183,98,3651,7341,0,0
37,5039,101576223,3767,-155,-226,15942,0
13,5041,101586218,-16,-2,-6,0,0
4,5040,101596303,100,3655,7330,0,0
37,5040,101596343,3767,-155,-227,15942,0
13,5042,101606373,18,0,-8,0,0
L,101609139,VALID,-27.373,-0.924,1
4,5041,101616529,95,3663,7323,0,0
37,5041,101616569,3769,-155,-227,15942,0
13,5043,101626398,18,2,0,0,0
4,5042,101636635,91,3671,7331,0,0
37,5042,101636675,3770,-154,-227,15941,0
13,5044,101646639,17,3,2,0,0
4,5043,101656888,99,3675,7292,0,0
37,5043,101656928,3771,-154,-227,15941,0
13,5045,101666804,-11,3,1,0,0
4,5044,101676920,106,3668,7311,0,0
37,5044,101676961,3770,-154,-227,15941,0
13,5046,101686983,-23,2,-1,0,0
4,5045,101697103,99,3671,7318,0,0
37,5045,101697143,3767,-154,-227,15942,0
13,5047,101707242,-30,0,0,0,0
L,101710010,VALID,-27.373,-0.918,1
4,5046,101717193,100,3647,7328,0,0
37,5046,101717233,3765,-154,-227,15943,0
13,5048,101727346,0,-1,0,0,0
4,5047,101737367,101,3655,7338,0,0
37,5047,101737408,3766,-154,-227,15942,0
13,5049,101747329,36,0,-1,0,0
4,5048,101757514,97,3665,7310,0,0
37,5048,101757555,3770,-154,-227,15941,0
13,5050,101767560,29,0,-2,0,0
4,5049,101777861,99,3675,7295,0,0
37,5049,101777902,3772,-154,-227,15941,0
13,5051,101787725,0,-2,1,0,0
4,5050,101797852,96,3671,7330,0,0
37,5050,101797893,3772,-154,-227,15941,0
13,5052,101807853,10,1,1,0,0
L,101810524,VALID,-27.408,-0.917,1
4,5051,101818026,106,3660,7312,0,0
37,5051,101818066,3773,-154,-227,15941,0
13,5053,101828016,18,2,0,0,0
4,5052,101838152,98,3677,7312,0,0
37,5052,101838192,3774,-154,-227,15940,0
13,5054,101848068,-1,1,0,0,0
4,5053,101858410,111,3670,7313,0,0
37,5053,101858450,3773,-155,-227,15941,0
13,5055,101868362,-11,1,0,0,0
4,5054,101878437,104,3661,7332,0,0
37,5054,101878477,3772,-155,-227,15941,0
13,5056,101888447,6,0,0,0,0
4,5055,101898730,106,3670,7309,0,0
37,5055,101898770,3773,-155,-227,15941,0
13,5057,101908576,3,0,-3,0,0
L,101911290,VALID,-27.415,-0.924,1
4,5056,101918760,104,3686,7307,0,0
37,5056,101918800,3773,-155,-227,15941,0
13,5058,101928834,-15,1,2,0,0
4,5057,101938998,104,3662,7334,0,0
37,5057,101939038,3772,-155,-227,15941,0
13,5059,101948921,1,1,0,0,0
4,5058,101959005,91,3659,7330,0,0
37,5058,101959045,3772,-155,-227,15941,0
13,5060,101969032,14,3,1,0,0
4,5059,101979340,102,3671,7314,0,0
37,5059,101979380,3773,-155,-226,15941,0
13,5061,101989189,2,2,1,0,0
4,5060,101999313,101,3677,7313,0,0
37,5060,101999353,3774,-155,-226,15941,0
13,5062,102009264,-1,0,0,0,0
L,102011944,VALID,-27.422,-0.925,1
4,5061,102019637,103,3655,7327,0,0
37,5061,102019678,3773,-155,-226,15941,0
13,5063,102029445,4,2,-2,0,0
4,5062,102039625,93,3673,7315,0,0
37,5062,102039665,3774,-154,-227,15940,0
13,5064,102049662,5,0,-1,0,0
4,5063,102059822,98,3671,7318,0,0
37,5063,102059862,3774,-154,-227,15941,0
13,5065,102069798,-6,0,2,0,0
4,5064,102079926,104,3664,7322,0,0
37,5064,102079966,3773,-155,-226,15941,0
13,5066,102089919,0,0,0,0,0
4,5065,102100122,99,3670,7314,0,0
37,5065,102100163,3773,-155,-227,15941,0
13,5067,102110075,8,1,0,0,0
L,102112675,VALID,-27.415,-0.924,1
4,5066,102120203,95,3672,7305,0,0
37,5066,102120243,3775,-155,-227,15940,0
13,5068,102130203,17,-1,0,0,0
4,5067,102140538,101,3671,7328,0,0
37,5067,102140579,3776,-155,-227,15940,0
13,5069,102150393,27,0,0,0,0
4,5068,102160529,99,3671,7305,0,0
37,5068,102160570,3779,-155,-227,15939,0
13,5070,102170557,24,-1,1,0,0
4,5069,102180718,102,3681,7302,0,0
37,5069,102180759,3780,-155,-226,15939,0
13,5071,102190833,-1,0,0,0,0
4,5070,102200847,103,3689,7301,0,0
37,5070,102200887,3779,-155,-226,15939,0
13,5072,102210807,-23,1,-1,0,0
L,102213650,VALID,-27.459,-0.925,1
4,5071,102220963,101,3662,7328,0,0
37,5071,102221003,3777,-155,-226,15940,0
13,5073,102230996,0,2,0,0,0
4,5072,102241155,101,3677,7314,0,0
37,5072,102241195,3778,-155,-226,15939,0
13,5074,102251194,16,0,0,0,0
4,5073,102261346,100,3682,7304,0,0
37,5073,102261414,3780,-155,-226,15939,0
13,5075,102271306,9,-2,-1,0,0
4,5074,102281355,107,3679,7313,0,0
37,5074,102281422,3780,-156,-227,15939,0
13,5076,102291304,7,0,-2,0,0
4,5075,102301662,101,3678,7311,0,0
37,5075,102301703,3782,-156,-227,15939,0
13,5077,102311546,13,-2,-1,0,0
L,102314434,VALID,-27.480,-0.929,1
4,5076,102321729,98,3689,7304,0,0
37,5076,102321769,3783,-156,-227,15938,0
13,5078,102331700,0,0,1,0,0
4,5077,102341897,107,3677,7319,0,0
37,5077,102341937,3782,-156,-227,15938,0
13,5079,102351926,-4,2,0,0,0
4,5078,102361981,106,3678,7321,0,0
37,5078,102362022,3782,-156,-227,15939,0
13,5080,102372019,-6,3,-1,0,0
4,5079,102382077,97,3677,7325,0,0
37,5079,102382118,3781,-156,-227,15939,0
13,5081,102392157,7,0,-4,0,0
4,5080,102402328,94,3661,7331,0,0
37,5080,102402368,3782,-156,-227,15938,0
13,5082,102412310,37,-4,-6,0,0
L,102415174,VALID,-27.481,-0.929,1
4,5081,102422493,102,3677,7313,0,0
37,5081,102422534,3787,-156,-228,15937,0
13,5083,102432433,49,-6,-19,0,0
4,5082,102442464,106,3702,7284,0,0
37,5082,102442505,3791,-156,-230,15936,0
13,5084,102452577,12,-10,-22,0,0
4,5083,102462758,97,3707,7292,0,0
37,5083,102462799,3790,-157,-232,15937,0
13,5085,102472681,-35,-3,-12,0,0
4,5084,102482870,98,3680,7309,0,0
37,5084,102482911,3786,-157,-233,15938,0
13,5086,102492862,-35,-3,-2,0,0
4,5085,102503068,100,3659,7327,0,0
37,5085,102503109,3784,-157,-233,15938,0
13,5087,102512897,-1,2,-3,0,0
L,102515662,VALID,-27.495,-0.926,1
4,5086,102523069,107,3664,7313,0,0
37,5086,102523110,3784,-157,-233,15938,0
13,5088,102533200,12,-1,-3,0,0
4,5087,102543313,98,3661,7315,0,0
37,5087,102543353,3785,-157,-234,15938,0
13,5089,102553328,25,-2,-5,0,0
4,5088,102563428,101,3685,7303,0,0
37,5088,102563468,3788,-157,-234,15937,0
13,5090,102573465,21,0,-10,0,0
4,5089,102583627,101,3696,7289,0,0
37,5089,102583667,3789,-157,-235,15937,0
13,5091,102593492,-5,-1,-5,0,0
4,5090,102603798,99,3678,7320,0,0
37,5090,102603839,3788,-157,-235,15937,0
13,5092,102613689,3,0,0,0,0
L,102616272,VALID,-27.524,-0.922,1
4,5091,102623878,100,3672,7321,0,0
37,5091,102623919,3789,-157,-235,15937,0
13,5093,102633887,33,2,0,0,0
4,5092,102644021,104,3689,7302,0,0
37,5092,102644062,3793,-157,-235,15936,0
13,5094,102654014,28,2,-2,0,0
4,5093,102664289,107,3699,7290,0,0
37,5093,102664329,3795,-157,-235,15935,0
13,5095,102674199,-1,0,-3,0,0
4,5094,102684263,104,3684,7295,0,0
37,5094,102684304,3794,-157,-236,15935,0
13,5096,102694273,-7,-1,-7,0,0
4,5095,102704470,107,3676,7331,0,0
37,5095,102704510,3793,-158,-237,15936,0
13,5097,102714472,8,-11,-34,0,0
L,102717421,VALID,-27.560,-0.925,1
4,5096,102724526,94,3686,7318,0,0
37,5096,102724566,3796,-158,-242,15935,0
13,5098,102734626,40,-15,-43,0,0
4,5097,102744755,98,3710,7284,0,0
37,5097,102744796,3799,-158,-245,15934,0
13,5099,102754687,2,-9,-25,0,0
4,5098,102764822,104,3701,7281,0,0
37,5098,102764862,3796,-159,-247,15935,0
13,5100,102774877,-49,-12,-28,0,0
4,5099,102785032,90,3681,7316,0,0
37,5099,102785073,3792,-159,-249,15936,0
13,5101,102794989,-46,-2,-4,0,0
4,5100,102805160,97,3680,7323,0,0
37,5100,102805201,3788,-159,-249,15937,0
13,5102,102815168,-37,-2,3,0,0
L,102818005,VALID,-27.525,-0.913,1
4,5101,102825377,104,3680,7304,0,0
37,5101,102825418,3786,-159,-249,15937,0
13,5103,102835273,-31,2,-1,0,0
4,5102,102845399,93,3669,7319,0,0
37,5102,102845440,3782,-159,-249,15938,0
13,5104,102855513,-18,-1,1,0,0
4,5103,102865605,89,3657,7335,0,0
37,5103,102865645,3783,-159,-249,15938,0
13,5105,102875599,37,0,2,0,0
4,5104,102885699,95,3670,7319,0,0
37,5104,102885739,3788,-159,-248,15937,0
13,5106,102895702,59,-1,1,0,0
4,5105,102906004,104,3698,7298,0,0
37,5105,102906044,3793,-159,-248,15936,0
13,5107,102915780,45,3,-2,0,0
L,102918580,VALID,-27.560,-0.914,1
4,5106,102925988,112,3689,7291,0,0
37,5106,102926028,3796,-159,-248,15935,0
13,5108,102935979,25,2,-1,0,0
4,5107,102946121,106,3685,7299,0,0
37,5107,102946162,3797,-159,-248,15935,0
13,5109,102956167,9,3,-1,0,0
4,5108,102966250,87,3682,7306,0,0
37,5108,102966290,3797,-159,-249,15935,0
13,5110,102976305,5,0,-2,0,0
4,5109,102986404,87,3691,7303,0,0
37,5109,102986444,3798,-158,-249,15934,0
13,5111,102996390,2,-2,5,0,0
4,5110,103006550,107,3691,7302,0,0
37,5110,103006591,3798,-159,-248,15934,0
13,5112,103016649,0,1,6,0,0
L,103019251,VALID,-27.597,-0.914,1
4,5111,103026806,111,3686,7313,0,0
37,5111,103026847,3798,-159,-247,15934,0
13,5113,103036814,5,2,2,0,0
4,5112,103046932,103,3685,7300,0,0
37,5112,103046972,3798,-160,-247,15934,0
13,5114,103056934,9,-1,1,0,0
4,5113,103067112,94,3694,7315,0,0
37,5113,103067152,3799,-160,-247,15934,0
13,5115,103077096,24,0,2,0,0
4,5114,103087145,96,3691,7299,0,0
37,5114,103087186,3801,-160,-247,15934,0
13,5116,103097234,15,2,2,0,0
4,5115,103107361,106,3699,7305,0,0
37,5115,103107401,3802,-160,-247,15933,0
13,5117,103117381,8,0,1,0,0
L,103119982,VALID,-27.626,-0.921,1
4,5116,103127467,103,3699,7292,0,0
37,5116,103127507,3803,-160,-247,15933,0
13,5118,103137398,8,1,0,0,0
4,5117,103147792,111,3699,7310,0,0
37,5117,103147832,3804,-160,-246,15933,0
13,5119,103157664,12,3,0,0,0
4,5118,103167844,99,3715,7289,0,0
37,5118,103167885,3805,-160,-246,15933,0
13,5120,103177795,-9,1,0,0,0
4,5119,103187957,90,3698,7304,0,0
37,5119,103187997,3803,-160,-246,15933,0
13,5121,103198016,-17,0,2,0,0
4,5120,103208040,100,3681,7320,0,0
37,5120,103208081,3803,-160,-246,15933,0
13,5122,103218225,21,0,1,0,0
L,103220913,VALID,-27.633,-0.923,1
4,5121,103228338,98,3699,7291,0,0
37,5121,103228379,3805,-160,-246,15933,0
13,5123,103238337,20,1,0,0,0
4,5122,103248376,98,3696,7295,0,0
37,5122,103248416,3806,-160,-246,15932,0
13,5124,103258336,0,0,1,0,0
4,5123,103268564,94,3708,7298,0,0
37,5123,103268604,3806,-159,-246,15932,0
13,5125,103278586,-9,0,0,0,0
4,5124,103288740,101,3687,7300,0,0
37,5124,103288780,3805,-159,-246,15933,0
13,5126,103298733,-2,1,-1,0,0
4,5125,103308948,99,3693,7306,0,0
37,5125,103308988,3805,-159,-246,15933,0
13,5127,103318835,1,1,1,0,0
L,103321445,VALID,-27.647,-0.916,1
4,5126,103329006,103,3706,7289,0,0
37,5126,103329047,3805,-159,-245,15933,0
13,5128,103338981,-6,0,1,0,0
4,5127,103349163,111,3701,7298,0,0
37,5127,103349203,3804,-160,-245,15933,0
13,5129,103359043,-15,2,2,0,0
4,5128,103369305,97,3691,7310,0,0
37,5128,103369345,3803,-160,-245,15933,0
13,5130,103379344,-4,0,-1,0,0
4,5129,103389496,99,3703,7297,0,0
37,5129,103389536,3803,-160,-245,15933,0
13,5131,103399421,-5,1,2,0,0
4,5130,103409626,94,3685,7314,0,0
37,5130,103409666,3802,-159,-245,15933,0
13,5132,103419576,9,0,2,0,0
L,103422168,VALID,-27.626,-0.918,1
4,5131,103429773,104,3696,7290,0,0
37,5131,103429813,3804,-160,-245,15933,0
13,5133,103439808,9,2,2,0,0
4,5132,103449857,97,3700,7318,0,0
37,5132,103449897,3804,-160,-244,15933,0
13,5134,103459918,0,0,1,0,0
4,5133,103470116,107,3696,7293,0,0
37,5133,103470157,3803,-160,-244,15933,0
13,5135,103480024,-8,1,2,0,0
4,5134,103490244,108,3694,7309,0,0
37,5134,103490285,3803,-160,-244,15933,0
13,5136,103500162,11,2,-1,0,0
4,5135,103510314,106,3700,7294,0,0
37,5135,103510354,3804,-160,-244,15933,0
13,5137,103520274,6,0,0,0,0
L,103522865,VALID,-27.640,-0.926,1
4,5136,103530558,114,3698,7294,0,0
37,5136,103530598,3804,-161,-244,15933,0
13,5138,103540454,-7,0,2,0,0
4,5137,103550708,101,3700,7302,0,0
37,5137,103550749,3803,-161,-243,15933,0
13,5139,103560636,-22,2,1,0,0
4,5138,103570736,105,3693,7291,0,0
37,5138,103570776,3801,-161,-243,15934,0
13,5140,103580788,-18,0,0,0,0
4,5139,103590934,103,3683,7318,0,0
37,5139,103590974,3800,-161,-243,15934,0
13,5141,103600911,1,0,1,0,0
4,5140,103611001,108,3688,7313,0,0
37,5140,103611042,3801,-161,-243,15934,0
13,5142,103621047,29,0,-3,0,0
L,103623796,VALID,-27.618,-0.935,1
4,5141,103631281,102,3709,7288,0,0
37,5141,103631322,3804,-161,-244,15933,0
13,5143,103641152,13,2,-3,0,0
4,5142,103651424,93,3726,7284,0,0
37,5142,103651491,3803,-160,-244,15933,0
13,5144,103661340,-40,1,0,0,0
4,5143,103671547,90,3684,7315,0,0
37,5143,103671587,3798,-160,-244,15934,0
13,5145,103681513,-39,3,0,0,0
4,5144,103691623,111,3677,7324,0,0
37,5144,103691664,3796,-160,-244,15935,0
13,5146,103701761,-6,2,0,0,0
4,5145,103711926,99,3696,7304,0,0
37,5145,103711966,3796,-160,-243,15935,0
13,5147,103721789,-18,0,2,0,0
L,103724563,VALID,-27.582,-0.929,1
4,5146,103731918,107,3691,7294,0,0
37,5146,103731958,3793,-160,-243,15936,0
13,5148,103741977,-31,1,0,0,0
4,5147,103752156,93,3677,7309,0,0
37,5147,103752197,3790,-159,-243,15936,0
13,5149,103762184,-28,0,0,0,0
4,5148,103772259,95,3679,7322,0,0
37,5148,103772300,3788,-159,-243,15937,0
13,5150,103782295,-17,0,1,0,0
4,5149,103792467,102,3669,7312,0,0
37,5149,103792508,3786,-159,-243,15937,0
13,5151,103802304,-5,3,-1,0,0
4,5150,103812612,97,3673,7315,0,0
37,5150,103812652,3787,-159,-243,15937,0
13,5152,103822545,16,1,2,0,0
L,103825233,VALID,-27.518,-0.923,1
4,5151,103832736,91,3693,7312,0,0
37,5151,103832776,3788,-159,-243,15937,0
13,5153,103842656,7,-1,3,0,0
4,5152,103852793,99,3683,7307,0,0
37,5152,103852833,3788,-159,-243,15937,0
13,5154,103862906,-3,1,1,0,0
4,5153,103873111,107,3687,7302,0,0
37,5153,103873151,3787,-159,-243,15937,0
13,5155,103882977,-22,2,-2,0,0
4,5154,103893017,104,3680,7299,0,0
37,5154,103893057,3784,-159,-243,15938,0
13,5156,103903148,-39,0,-2,0,0
4,5155,103913407,103,3663,7330,0,0
37,5155,103913447,3781,-159,-243,15938,0
13,5157,103923322,-3,-3,0,0,0
L,103926078,VALID,-27.475,-0.924,1
4,5156,103933365,98,3654,7337,0,0
37,5156,103933406,3782,-159,-243,15938,0
13,5158,103943430,39,0,0,0,0
4,5157,103953566,95,3687,7304,0,0
37,5157,103953607,3788,-159,-243,15937,0
13,5159,103963586,50,1,1,0,0
4,5158,103973679,100,3705,7278,0,0
37,5158,103973719,3791,-159,-243,15936,0
13,5160,103983656,11,0,1,0,0
4,5159,103993858,96,3698,7306,0,0
37,5159,103993899,3791,-159,-243,15936,0
13,5161,104003853,-19,2,0,0,0
4,5160,104013945,97,3682,7310,0,0
37,5160,104013985,3789,-159,-243,15937,0
13,5162,104023878,-19,1,0,0,0
L,104026653,VALID,-27.531,-0.923,1
4,5161,104034174,102,3673,7326,0,0
37,5161,104034215,3787,-159,-243,15937,0
13,5163,104044173,-6,1,0,0,0
4,5162,104054250,99,3679,7315,0,0
37,5162,104054291,3786,-159,-243,15937,0
13,5164,104064291,1,0,0,0,0
4,5163,104074419,99,3682,7312,0,0
37,5163,104074459,3787,-159,-243,15937,0
13,5165,104084437,0,1,2,0,0
4,5164,104094505,98,3683,7305,0,0
37,5164,104094545,3787,-159,-243,15937,0
13,5166,104104455,-4,0,2,0,0
4,5165,104114848,103,3681,7312,0,0
37,5165,104114888,3786,-159,-242,15937,0
13,5167,104124637,-8,0,0,0,0
L,104127289,VALID,-27.511,-0.925,1
4,5166,104134791,101,3684,7303,0,0
37,5166,104134831,3785,-159,-242,15937,0
13,5168,104144826,-7,4,0,0,0
4,5167,104155003,98,3665,7316,0,0
37,5167,104155071,3784,-159,-242,15938,0
13,5169,104165034,-2,0,1,0,0
4,5168,104175135,100,3674,7304,0,0
37,5168,104175176,3784,-159,-242,15938,0
13,5170,104185170,0,0,0,0,0
4,5169,104195339,110,3676,7314,0,0
37,5169,104195380,3784,-159,-242,15938,0
13,5171,104205255,8,2,0,0,0
4,5170,104215409,100,3692,7289,0,0
37,5170,104215449,3785,-159,-242,15937,0
13,5172,104225446,1,3,-1,0,0
L,104228134,VALID,-27.504,-0.925,1
4,5171,104235575,103,3693,7300,0,0
37,5171,104235616,3784,-159,-242,15938,0
13,5173,104245575,-31,1,0,0,0
4,5172,104255641,94,3663,7320,0,0
37,5172,104255682,3781,-158,-242,15938,0
13,5174,104265633,-18,2,3,0,0
4,5173,104275934,106,3668,7324,0,0
37,5173,104275975,3780,-158,-242,15939,0
13,5175,104285845,2,2,0,0,0
4,5174,104295940,100,3681,7310,0,0
37,5174,104295981,3781,-159,-242,15939,0
13,5176,104305980,8,0,2,0,0
4,5175,104316156,111,3680,7307,0,0
37,5175,104316197,3781,-159,-242,15938,0
13,5177,104326125,2,0,-1,0,0
L,104328804,VALID,-27.475,-0.926,1
4,5176,104336263,96,3679,7311,0,0
37,5176,104336303,3782,-159,-242,15938,0
13,5178,104346211,9,-1,0,0,0
4,5177,104356431,111,3674,7297,0,0
37,5177,104356472,3783,-159,-242,15938,0
13,5179,104366453,8,0,-2,0,0
4,5178,104376535,101,3676,7307,0,0
37,5178,104376576,3783,-159,-242,15938,0
13,5180,104386520,1,1,0,0,0
4,5179,104396629,96,3688,7298,0,0
37,5179,104396670,3783,-159,-242,15938,0
13,5181,104406615,-11,1,1,0,0
4,5180,104416812,102,3680,7304,0,0
37,5180,104416852,3782,-159,-242,15938,0
13,5182,104426691,-13,0,2,0,0
L,104429484,VALID,-27.482,-0.926,1
4,5181,104436976,105,3666,7339,0,0
37,5181,104437017,3781,-159,-241,15938,0
13,5183,104446882,9,3,0,0,0
4,5182,104456990,102,3678,7294,0,0
37,5182,104457030,3782,-159,-241,15938,0
13,5184,104467062,-1,1,0,0,0
4,5183,104477154,102,3684,7332,0,0
37,5183,104477195,3782,-159,-241,15938,0
13,5185,104487217,-2,0,1,0,0
4,5184,104497205,103,3658,7313,0,0
37,5184,104497246,3781,-159,-241,15938,0
13,5186,104507284,9,2,0,0,0
4,5185,104517479,102,3682,7319,0,0
37,5185,104517520,3782,-159,-241,15938,0
13,5187,104527510,5,2,0,0,0
L,104530111,VALID,-27.482,-0.927,1
4,5186,104537588,89,3684,7304,0,0
37,5186,104537629,3782,-159,-241,15938,0
13,5188,104547639,-9,0,3,0,0
4,5187,104557802,106,3687,7308,0,0
37,5187,104557842,3781,-159,-241,15938,0
13,5189,104567725,-28,0,1,0,0
4,5188,104577808,104,3678,7316,0,0
37,5188,104577848,3778,-159,-241,15939,0
13,5190,104587862,-35,0,-1,0,0
4,5189,104597963,103,3653,7332,0,0
37,5189,104598004,3776,-159,-241,15940,0
13,5191,104608009,5,0,1,0,0
4,5190,104618064,106,3668,7318,0,0
37,5190,104618104,3778,-159,-241,15939,0
13,5192,104628146,32,1,1,0,0
L,104630851,VALID,-27.453,-0.928,1
4,5191,104638241,106,3669,7315,0,0
37,5191,104638281,3781,-159,-241,15939,0
13,5193,104648198,26,2,-1,0,0
4,5192,104658418,106,3686,7295,0,0
37,5192,104658486,3782,-159,-241,15938,0
13,5194,104668439,8,2,0,0,0
4,5193,104678685,101,3693,7313,0,0
37,5193,104678725,3784,-159,-241,15938,0
13,5195,104688586,7,0,0,0,0
4,5194,104698667,104,3682,7319,0,0
37,5194,104698707,3784,-159,-240,15938,0
13,5196,104708774,6,0,2,0,0
4,5195,104718798,99,3689,7292,0,0
37,5195,104718838,3785,-159,-240,15938,0
13,5197,104728972,-7,0,-1,0,0
L,104731739,VALID,-27.502,-0.928,1
4,5196,104738930,102,3686,7293,0,0
37,5196,104738971,3783,-159,-241,15938,0
13,5198,104749092,-35,0,-1,0,0
4,5197,104759195,104,3673,7310,0,0
37,5197,104759235,3779,-159,-241,15939,0
13,5199,104769024,-48,3,-1,0,0
4,5198,104779244,93,3665,7329,0,0
37,5198,104779285,3775,-159,-241,15940,0
13,5200,104789298,-26,2,-4,0,0
4,5199,104799514,90,3659,7338,0,0
37,5199,104799555,3774,-158,-241,15940,0
13,5201,104809438,15,-1,0,0,0
4,5200,104819538,96,3666,7321,0,0
37,5200,104819578,3777,-158,-241,15940,0
13,5202,104829606,32,0,0,0,0
L,104832288,VALID,-27.445,-0.921,1
4,5201,104839808,107,3691,7294,0,0
37,5201,104839848,3779,-159,-241,15939,0
13,5203,104849713,2,2,0,0,0
4,5202,104859830,104,3684,7304,0,0
37,5202,104859871,3778,-159,-241,15939,0
13,5204,104869806,-30,1,0,0,0
4,5203,104880088,102,3675,7314,0,0
37,5203,104880129,3775,-159,-241,15940,0
13,5205,104890040,-28,-2,3,0,0
4,5204,104900132,92,3662,7325,0,0
37,5204,104900172,3773,-158,-241,15941,0
13,5206,104910142,-13,0,-1,0,0
4,5205,104920443,114,3662,7310,0,0
37,5205,104920483,3772,-159,-241,15941,0
13,5207,104930316,7,-1,0,0,0
L,104932985,VALID,-27.409,-0.928,1
4,5206,104940434,106,3663,7314,0,0
37,5206,104940475,3773,-159,-241,15940,0
13,5208,104950512,13,0,1,0,0
4,5207,104960631,102,3681,7299,0,0
37,5207,104960672,3775,-159,-241,15940,0
13,5209,104970591,-1,2,-1,0,0
4,5208,104980725,92,3677,7298,0,0
37,5208,104980765,3773,-159,-241,15940,0
13,5210,104990701,-35,0,2,0,0
4,5209,105001068,102,3661,7322,0,0
37,5209,105001109,3769,-159,-241,15941,0
13,5211,105010867,-32,1,0,0,0
4,5210,105020974,107,3657,7329,0,0
37,5210,105021015,3767,-159,-241,15942,0
13,5212,105030969,-13,0,-1,0,0
L,105033830,VALID,-27.374,-0.929,1
4,5211,105041291,101,3664,7315,0,0
37,5211,105041332,3766,-159,-241,15942,0
13,5213,105051140,-12,3,0,0,0
4,5212,105061320,97,3670,7293,0,0
37,5212,105061361,3764,-159,-241,15942,0
13,5214,105071337,-48,2,1,0,0
4,5213,105081544,103,3664,7317,0,0
37,5213,105081585,3758,-159,-241,15944,0
13,5215,105091494,-78,2,0,0,0
4,5214,105101586,100,3655,7329,0,0
37,5214,105101627,3752,-158,-241,15945,0
13,5216,105111562,-77,0,3,0,0
4,5215,105121689,100,3615,7363,0,0
37,5215,105121729,3746,-158,-240,15947,0
13,5217,105131725,-29,1,2,0,0
L,105134492,VALID,-27.222,-0.927,1
4,5216,105141855,96,3629,7347,0,0
37,5216,105141896,3744,-158,-240,15947,0
13,5218,105151820,10,-1,3,0,0
4,5217,105162250,96,3668,7302,0,0
37,5217,105162291,3746,-159,-240,15947,0
13,5219,105172044,-22,-6,8,0,0
4,5218,105182181,110,3636,7333,0,0
37,5218,105182222,3743,-159,-239,15947,0
13,5220,105192201,-23,0,0,0,0
4,5219,105202334,98,3656,7313,0,0
37,5219,105202375,3741,-159,-240,15948,0
13,5221,105212440,-44,0,0,0,0
4,5220,105222498,109,3627,7335,0,0
37,5220,105222538,3737,-159,-240,15949,0
13,5222,105232458,-38,-1,1,0,0
L,105235319,VALID,-27.158,-0.935,1
4,5221,105242657,106,3650,7322,0,0
37,5221,105242698,3733,-159,-240,15950,0
13,5223,105252621,-60,0,0,0,0
4,5222,105262790,102,3618,7346,0,0
37,5222,105262830,3728,-159,-240,15951,0
13,5224,105272854,-42,0,1,0,0
4,5223,105282946,108,3630,7326,0,0
37,5223,105283014,3724,-159,-240,15952,0
13,5225,105292958,-63,0,0,0,0
4,5224,105303035,107,3615,7340,0,0
37,5224,105303075,3719,-159,-240,15953,0
13,5226,105312956,-52,0,-3,0,0
4,5225,105323308,97,3625,7329,0,0
37,5225,105323349,3713,-159,-240,15955,0
13,5227,105333195,-89,2,0,0,0
L,105335955,VALID,-26.985,-0.938,1
4,5226,105343345,109,3613,7350,0,0
37,5226,105343385,3705,-158,-240,15956,0
13,5228,105353292,-98,4,-4,0,0
4,5227,105363479,91,3606,7344,0,0
37,5227,105363519,3695,-158,-241,15959,0
13,5229,105373567,-137,-2,1,0,0
4,5228,105383644,95,3572,7375,0,0
37,5228,105383685,3683,-158,-240,15962,0
13,5230,105393619,-107,1,6,0,0
4,5229,105403764,93,3532,7413,0,0
37,5229,105403804,3677,-158,-240,15963,0
13,5231,105413774,3,0,3,0,0
4,5230,105423978,95,3599,7334,0,0
37,5230,105424019,3680,-158,-240,15962,0
13,5232,105433973,-11,0,2,0,0
L,105436747,VALID,-26.749,-0.936,1
4,5231,105444067,98,3605,7328,0,0
37,5231,105444107,3675,-158,-240,15963,0
13,5233,105454100,-80,-1,2,0,0
4,5232,105464098,101,3582,7341,0,0
37,5232,105464139,3667,-158,-239,15965,0
13,5234,105474213,-109,0,1,0,0
4,5233,105484417,105,3574,7368,0,0
37,5233,105484458,3656,-158,-239,15968,0
13,5235,105494283,-140,-2,5,0,0
4,5234,105504487,105,3537,7404,0,0
37,5234,105504527,3644,-158,-239,15970,0
13,5236,105514472,-100,-1,6,0,0
4,5235,105524650,106,3552,7376,0,0
37,5235,105524690,3638,-158,-238,15972,0
13,5237,105534531,-76,0,5,0,0
L,105537305,VALID,-26.447,-0.944,1
4,5236,105544686,96,3532,7386,0,0
37,5236,105544753,3632,-158,-238,15973,0
13,5238,105554808,-82,-2,2,0,0
4,5237,105564979,104,3528,7376,0,0
37,5237,105565019,3622,-158,-238,15976,0
13,5239,105574944,-117,-2,1,0,0
4,5238,105585019,104,3534,7362,0,0
37,5238,105585060,3614,-158,-238,15977,0
13,5240,105595065,-140,2,12,0,0
4,5239,105605201,91,3521,7394,0,0
37,5239,105605241,3594,-158,-236,15982,0
13,5241,105615142,-194,14,28,0,0
4,5240,105625434,105,3493,7400,0,0
37,5240,105625474,3580,-157,-234,15985,0
13,5242,105635314,-181,8,10,0,0
L,105638254,VALID,-26.031,-0.951,1
4,5241,105645558,105,3482,7418,0,0
37,5241,105645598,3566,-156,-234,15988,0
13,5243,105655556,-152,5,7,0,0
4,5242,105665640,96,3460,7439,0,0
37,5242,105665708,3556,-156,-233,15990,0
13,5244,105675703,-93,5,11,0,0
4,5243,105685875,97,3464,7432,0,0
37,5243,105685915,3548,-155,-231,15992,0
13,5245,105695830,-89,5,22,0,0
4,5244,105705922,100,3447,7433,0,0
37,5244,105705963,3541,-155,-230,15994,0
13,5246,105715941,-70,-2,4,0,0
4,5245,105726199,101,3486,7394,0,0
37,5245,105726239,3532,-155,-230,15996,0
13,5247,105736108,-147,0,2,0,0
L,105738994,VALID,-25.686,-0.950,1
4,5246,105746185,112,3416,7442,0,0
37,5246,105746225,3518,-155,-230,15999,0
13,5248,105756218,-129,6,-2,0,0
4,5247,105766336,94,3429,7438,0,0
37,5247,105766376,3509,-154,-230,16001,0
13,5249,105776303,-111,3,-1,0,0
4,5248,105786439,96,3429,7413,0,0
37,5248,105786480,3498,-154,-231,16003,0
13,5250,105796563,-152,1,-2,0,0
4,5249,105806709,95,3429,7398,0,0
37,5249,105806750,3481,-154,-231,16007,0
13,5251,105816624,-229,-2,7,0,0
4,5250,105826818,110,3330,7519,0,0
37,5250,105826858,3464,-154,-230,16011,0
13,5252,105836820,-122,2,5,0,0
L,105839673,VALID,-25.199,-0.951,1
4,5251,105846986,107,3363,7470,0,0
37,5251,105847026,3456,-153,-230,16012,0
13,5253,105856881,-73,4,6,0,0
4,5252,105867005,108,3378,7446,0,0
37,5252,105867046,3451,-153,-229,16013,0
13,5254,105877130,-92,4,3,0,0
4,5253,105887325,98,3390,7451,0,0
37,5253,105887366,3441,-152,-229,16016,0
13,5255,105897225,-147,1,-1,0,0
4,5254,105907284,99,3363,7458,0,0
37,5254,105907324,3425,-152,-229,16019,0
13,5256,105917301,-185,-1,2,0,0
4,5255,105927526,94,3306,7516,0,0
37,5255,105927566,3409,-152,-229,16022,0
13,5257,105937424,-129,-1,-1,0,0
L,105940475,VALID,-24.807,-0.946,1
4,5256,105947597,107,3319,7503,0,0
37,5256,105947638,3403,-152,-229,16024,0
13,5258,105957618,-73,-1,1,0,0
4,5257,105967773,98,3309,7494,0,0
37,5257,105967813,3397,-152,-229,16025,0
13,5259,105977775,-54,0,4,0,0
4,5258,105987850,93,3341,7455,0,0
37,5258,105987890,3390,-152,-229,16026,0
13,5260,105997929,-134,-3,6,0,0
4,5259,106008006,105,3336,7445,0,0
37,5259,106008046,3374,-153,-229,16030,0
13,5261,106017999,-236,-2,3,0,0
4,5260,106028169,102,3326,7463,0,0
37,5260,106028210,3350,-152,-229,16035,0
13,5262,106038310,-321,0,4,0,0
L,106041171,VALID,-24.384,-0.954,1
4,5261,106048459,118,3300,7467,0,0
37,5261,106048499,3321,-152,-229,16041,0
13,5263,106058397,-392,0,0,0,0
4,5262,106068497,111,3215,7533,0,0
37,5262,106068537,3282,-152,-229,16049,0
13,5264,106078522,-432,1,6,0,0
4,5263,106088632,106,3162,7583,0,0
37,5263,106088673,3247,-151,-229,16056,0
13,5265,106098662,-359,0,5,0,0
4,5264,106108668,103,3175,7533,0,0
37,5264,106108708,3219,-151,-228,16062,0
13,5266,106118799,-348,0,5,0,0
4,5265,106128986,107,3125,7581,0,0
37,5265,106129027,3188,-150,-228,16068,0
13,5267,106138946,-319,9,0,0,0
L,106141816,VALID,-23.228,-0.961,1
4,5266,106149042,113,3037,7656,0,0
37,5266,106149082,3164,-149,-228,16073,0
13,5268,106158971,-173,6,0,0,0
4,5267,106169306,97,3109,7570,0,0
37,5267,106169346,3154,-148,-228,16075,0
13,5269,106179274,-140,3,1,0,0
4,5268,106189386,95,3155,7509,0,0
37,5268,106189426,3139,-148,-228,16078,0
13,5270,106199376,-291,3,4,0,0
4,5269,106209554,99,3109,7539,0,0
37,5269,106209595,3104,-147,-228,16084,0
13,5271,106219522,-453,4,10,0,0
4,5270,106229537,110,2976,7646,0,0
37,5270,106229578,3060,-147,-227,16093,0
13,5272,106239771,-412,-3,8,0,0
L,106242747,VALID,-22.315,-0.958,1
4,5271,106249749,109,2970,7650,0,0
37,5271,106249790,3036,-147,-227,16097,0
13,5273,106259841,-304,-1,4,0,0
4,5272,106269839,98,2962,7610,0,0
37,5272,106269879,3003,-146,-227,16104,0
13,5274,106279804,-370,0,5,0,0
4,5273,106290139,111,2953,7639,0,0
37,5273,106290179,2972,-146,-227,16109,0
13,5275,106300046,-362,4,2,0,0
4,5274,106310219,114,2951,7599,0,0
37,5274,106310259,2940,-145,-227,16115,0
13,5276,106320177,-446,1,7,0,0
4,5275,106330331,105,2869,7682,0,0
37,5275,106330372,2898,-144,-227,16123,0
13,5277,106340278,-444,2,7,0,0
L,106343140,VALID,-21.162,-0.956,1
4,5276,106350383,105,2808,7702,0,0
37,5276,106350424,2860,-144,-226,16130,0
13,5278,106360373,-412,2,5,0,0
4,5277,106370629,108,2775,7713,0,0
37,5277,106370670,2829,-143,-226,16135,0
13,5279,106380495,-345,1,4,0,0
4,5278,106390696,95,2805,7663,0,0
37,5278,106390737,2796,-142,-226,16141,0
13,5280,106400700,-442,1,6,0,0
4,5279,106410800,102,2842,7600,0,0
37,5279,106410841,2748,-142,-226,16149,0
13,5281,106420768,-678,2,12,0,0
4,5280,106431001,113,2683,7727,0,0
37,5280,106431041,2684,-141,-225,16160,0
13,5282,106440916,-728,4,6,0,0
L,106443759,VALID,-19.643,-0.963,1
4,5281,106451148,100,2667,7712,0,0
37,5281,106451188,2617,-140,-225,16171,0
13,5283,106461138,-844,1,12,0,0
4,5282,106471181,105,2575,7740,0,0
37,5282,106471221,2539,-139,-225,16183,0
13,5284,106481191,-920,2,15,0,0
4,5283,106491361,119,2405,7857,0,0
37,5283,106491401,2459,-138,-224,16196,0
13,5285,106501310,-831,3,14,0,0
4,5284,106511566,123,2404,7817,0,0
37,5284,106511607,2391,-136,-223,16206,0
13,5286,106521457,-811,13,21,0,0
4,5285,106531679,46,2424,7765,0,0
37,5285,106531720,2319,-133,-219,16216,0
13,5287,106541525,-908,54,166,0,0
L,106544673,VALID,-17.059,-0.956,1
4,5286,106551796,86,2308,7799,0,0
37,5286,106551836,2231,-128,-193,16229,0
13,5288,106561723,-1092,90,312,0,0
4,5287,106571922,129,2303,7690,0,0
37,5287,106571962,2121,-124,-171,16244,0
13,5289,106581869,-1548,50,182,0,0
4,5288,106592006,71,2129,7783,0,0
37,5288,106592047,1962,-120,-158,16264,0
13,5290,106602032,-1927,42,177,0,0
4,5289,106612223,105,1783,8029,0,0
37,5289,106612263,1795,-116,-141,16284,0
13,5291,106622137,-1823,53,200,0,0
4,5290,106632197,94,1596,8107,0,0
37,5290,106632238,1640,-113,-126,16300,0
13,5292,106642282,-1621,38,176,0,0
L,106645535,VALID,-12.268,-0.956,1
4,5291,106652448,163,1505,8057,0,0
37,5291,106652489,1504,-112,-114,16313,0
13,5293,106662351,-1531,12,63,0,0
4,5292,106672680,95,1358,8145,0,0
37,5292,106672720,1377,-109,-114,16325,0
13,5294,106682574,-1366,4,13,0,0
4,5293,106692806,109,1302,8106,0,0
37,5293,106692846,1261,-108,-113,16334,0
13,5295,106702722,-1295,6,16,0,0
4,5294,106712831,113,1147,8171,0,0
37,5294,106712871,1147,-107,-112,16342,0
13,5296,106722936,-1182,4,19,0,0
4,5295,106733039,111,1045,8183,0,0
37,5295,106733080,1053,-107,-111,16349,0
13,5297,106742988,-979,5,22,0,0
L,106745945,VALID,-8.147,-0.958,1
4,5296,106753102,97,873,8310,0,0
37,5296,106753142,981,-105,-109,16353,0
13,5298,106763219,-610,11,29,0,0
4,5297,106773410,122,901,8231,0,0
37,5297,106773450,939,-105,-108,16356,0
13,5299,106783375,-403,10,4,0,0
4,5298,106793468,100,993,8077,0,0
37,5298,106793536,900,-103,-108,16358,0
13,5300,106803531,-489,6,1,0,0
4,5299,106813660,107,875,8192,0,0
37,5299,106813701,863,-103,-108,16360,0
13,5301,106823539,-390,5,2,0,0
4,5300,106833806,92,945,8084,0,0
37,5300,106833846,827,-102,-108,16362,0
13,5302,106843743,-520,1,5,0,0
L,106846607,VALID,-6.563,-0.936,1
4,5301,106854022,92,923,8035,0,0
37,5301,106854062,769,-102,-107,16365,0
13,5303,106863899,-811,2,11,0,0
4,5302,106874020,89,857,8033,0,0
37,5302,106874060,681,-101,-107,16369,0
13,5304,106884156,-1105,3,15,0,0
4,5303,106894245,103,666,8164,0,0
37,5303,106894285,580,-100,-106,16373,0
13,5305,106904210,-1150,4,22,0,0
4,5304,106914261,99,485,8256,0,0
37,5304,106914302,481,-99,-105,16376,0
13,5306,106924345,-1030,5,22,0,0
4,5305,106934658,49,550,8102,0,0
37,5305,106934698,396,-97,-100,16378,0
13,5307,106944546,-1091,12,120,0,0
L,106947782,VALID,-3.545,-0.924,1
4,5306,106954627,50,473,8067,0,0
37,5306,106954667,289,-96,-86,16380,0
13,5308,106964646,-1383,8,230,0,0
4,5307,106974717,65,154,8260,0,0
37,5307,106974757,156,-94,-62,16382,0
13,5309,106984768,-1358,9,304,0,0
4,5308,106994916,198,3,8299,0,0
37,5308,106994957,41,-95,-39,16383,0
13,5310,107004870,-1047,32,163,0,0
4,5309,107015140,132,-345,8677,0,0
37,5309,107015181,4,-90,-34,16383,0
13,5311,107025025,-1,16,0,0,0
4,5310,107035111,84,67,8169,0,0
37,5310,107035151,7,-90,-34,16383,0
13,5312,107045048,0,3,4,0,0
L,107047812,VALID,-0.821,-0.893,1
4,5311,107055339,95,51,8186,0,0
37,5311,107055380,6,-89,-34,16383,0
13,5313,107065352,-26,6,0,0,0
4,5312,107075430,86,37,8237,0,0
37,5312,107075470,5,-89,-34,16383,0
13,5314,107085496,4,0,0,0,0
4,5313,107095636,86,52,8200,0,0
37,5313,107095677,8,-89,-34,16383,0
13,5315,107105592,20,-3,-2,0,0
4,5314,107115679,93,59,8197,0,0
37,5314,107115719,11,-89,-35,16383,0
13,5316,107125642,7,-3,-2,0,0
4,5315,107135970,98,72,8194,0,0
37,5315,107136010,11,-89,-35,16383,0
13,5317,107145849,-24,8,-2,0,0
L,107148723,VALID,-0.849,-0.886,1
4,5316,107155949,102,66,8196,0,0
37,5316,107155989,7,-89,-35,16383,0
13,5318,107166029,-54,13,1,0,0
4,5317,107176301,91,36,8223,0,0
37,5317,107176342,5,-88,-35,16383,0
13,5319,107186212,-15,0,-2,0,0
4,5318,107196319,92,51,8202,0,0
37,5318,107196360,5,-88,-35,16383,0
13,5320,107206339,-7,4,-5,0,0
4,5319,107216439,95,45,8202,0,0
37,5319,107216480,5,-87,-36,16383,0
13,5321,107226425,-3,3,-15,0,0
4,5320,107236565,188,-41,8210,0,0
37,5320,107236605,5,-89,-41,16383,0
13,5322,107246573,1,-1,-175,0,0
L,107249551,VALID,-0.807,-0.886,1
4,5321,107256767,5,95,8209,0,0
37,5321,107256808,6,-87,-61,16383,0
13,5323,107266701,0,-1,-140,0,0
4,5322,107276772,164,-13,8188,0,0
37,5322,107276813,6,-88,-73,16383,0
13,5324,107286796,-10,0,-204,0,0
4,5323,107296945,102,36,8205,0,0
37,5323,107297012,4,-88,-90,16383,0
13,5325,107306995,-19,5,-227,0,0
4,5324,107317059,75,66,8220,0,0
37,5324,107317100,4,-87,-116,16383,0
13,5326,107327089,-16,-3,-262,0,0
4,5325,107337315,104,50,8194,0,0
37,5325,107337355,2,-88,-137,16383,0
13,5327,107347227,-21,-4,-232,0,0
L,107350378,VALID,-0.790,-0.879,1
4,5326,107357379,1,106,8217,0,0
37,5326,107357419,0,-87,-148,16383,0
13,5328,107367303,-34,12,-22,0,0
4,5327,107377478,92,37,8172,0,0
37,5327,107377518,-1,-87,-148,16383,0
13,5329,107387543,-16,5,0,0,0
4,5328,107397596,81,46,8201,0,0
37,5328,107397637,-2,-86,-148,16383,0
13,5330,107407630,-23,3,3,0,0
4,5329,107417769,90,47,8172,0,0
37,5329,107417836,-4,-86,-148,16383,0
13,5331,107427707,-32,9,2,0,0
4,5330,107437890,88,15,8212,0,0
37,5330,107437931,-6,-85,-147,16383,0
13,5332,107447785,-17,2,1,0,0
L,107450536,VALID,-0.734,-0.858,1
4,5331,107458010,79,19,8216,0,0
37,5331,107458051,-6,-85,-147,16383,0
13,5333,107467991,-4,0,1,0,0
4,5332,107478060,78,15,8191,0,0
37,5332,107478100,-6,-85,-147,16383,0
13,5334,107488181,0,-2,1,0,0
4,5333,107498310,87,13,8190,0,0
37,5333,107498350,-5,-85,-147,16383,0
13,5335,107508300,-10,4,3,0,0
4,5334,107518301,90,30,8206,0,0
37,5334,107518342,-5,-84,-147,16383,0
13,5336,107528386,-8,7,4,0,0
4,5335,107538524,74,44,8197,0,0
37,5335,107538565,-5,-83,-146,16383,0
13,5337,107548593,-16,10,49,0,0
L,107551554,VALID,-0.741,-0.844,1
4,5336,107558712,-44,74,8202,0,0
37,5336,107558752,-7,-81,-128,16383,0
13,5338,107568708,-13,12,326,0,0
4,5337,107578921,76,58,8192,0,0
37,5337,107578961,-7,-81,-102,16383,0
13,5339,107588886,-3,0,295,0,0
4,5338,107598877,188,-27,8211,0,0
37,5338,107598918,-8,-82,-82,16383,0
13,5340,107608964,2,0,138,0,0
4,5339,107619015,43,22,8210,0,0
37,5339,107619056,-8,-82,-67,16383,0
13,5341,107629049,-4,3,195,0,0
4,5340,107639127,112,26,8199,0,0
37,5340,107639168,-8,-81,-54,16383,0
13,5342,107649194,-7,6,133,0,0
L,107652060,VALID,-0.717,-0.830,1
4,5341,107659337,136,9,8199,0,0
37,5341,107659377,-9,-82,-42,16383,0
13,5343,107669211,-6,5,73,0,0
4,5342,107679437,96,22,8194,0,0
37,5342,107679478,-9,-81,-39,16383,0
13,5344,107689461,-11,5,19,0,0
4,5343,107699628,78,9,8200,0,0
37,5343,107699668,-9,-81,-39,16383,0
13,5345,107709546,-1,-1,8,0,0
4,5344,107719640,-39,30,8211,0,0
37,5344,107719681,-9,-78,-32,16383,0
13,5346,107729711,-4,6,194,0,0
4,5345,107739797,223,-2,8189,0,0
37,5345,107739838,-10,-81,-16,16383,0
13,5347,107749952,-3,1,50,0,0
L,107752757,VALID,-0.701,-0.830,1
4,5346,107759887,70,29,8203,0,0
37,5346,107759927,-9,-81,-17,16383,0
13,5348,107770012,-3,1,1,0,0
4,5347,107780107,87,25,8206,0,0
37,5347,107780147,-8,-81,-17,16383,0
13,5349,107789993,0,1,0,0,0
4,5348,107800147,72,12,8204,0,0
37,5348,107800188,-8,-80,-17,16383,0
13,5350,107810252,-2,1,-1,0,0
4,5349,107820496,78,27,8201,0,0
37,5349,107820536,-7,-80,-17,16383,0
13,5351,107830339,-2,3,2,0,0
4,5350,107840433,79,15,8197,0,0
37,5350,107840473,-7,-80,-17,16383,0
13,5352,107850457,0,-1,2,0,0
L,107853150,VALID,-0.722,-0.823,1
4,5351,107860573,93,19,8203,0,0
37,5351,107860614,-6,-81,-17,16383,0
13,5353,107870561,2,-1,0,0,0
4,5352,107880647,83,10,8197,0,0
37,5352,107880688,-5,-81,-16,16383,0
13,5354,107890612,1,1,1,0,0
4,5353,107900938,90,7,8205,0,0
37,5353,107900978,-5,-81,-17,16383,0
13,5355,107910844,0,1,-1,0,0
4,5354,107920930,81,5,8196,0,0
37,5354,107920970,-4,-81,-17,16383,0
13,5356,107930912,1,0,0,0,0
4,5355,107941171,44,8,8200,0,0
37,5355,107941211,-4,-80,-16,16383,0
13,5357,107951061,0,3,74,0,0
L,107953733,VALID,-0.743,-0.823,1
4,5356,107961165,81,24,8197,0,0
37,5356,107961206,-3,-81,-3,16383,0
13,5358,107971239,-2,0,120,0,0
4,5357,107981396,117,18,8222,0,0
37,5357,107981436,-3,-81,0,16383,0
13,5359,107991308,1,-2,14,0,0
4,5358,108001396,54,26,8199,0,0
37,5358,108001436,-2,-81,3,16383,0
13,5360,108011428,0,1,70,0,0
4,5359,108021679,129,0,8196,0,0
37,5359,108021718,-3,-81,8,16383,0
13,5361,108031540,-2,3,11,0,0
4,5360,108041634,71,12,8200,0,0
37,5360,108041674,-3,-80,8,16383,0
13,5362,108051606,-1,3,0,0,0
L,108054308,VALID,-0.749,-0.823,1
4,5361,108061948,83,10,8208,0,0
37,5361,108061988,-2,-80,8,16383,0
13,5363,108071790,-2,0,0,0,0
4,5362,108081896,87,-1,8194,0,0
37,5362,108081936,-2,-81,8,16383,0
13,5364,108091890,4,-1,0,0,0
4,5363,108102049,83,12,8203,0,0
37,5363,108102089,-1,-81,8,16383,0
13,5365,108112020,0,0,0,0,0
4,5364,108122125,-100,82,8216,0,0
37,5364,108122165,0,-78,10,16383,0
13,5366,108132133,-11,2,122,0,0
4,5365,108142255,308,-65,8191,0,0
37,5365,108142295,-3,-82,22,16383,0
13,5367,108152236,0,2,24,0,0
L,108154936,VALID,-0.749,-0.837,1
4,5366,108162340,45,11,8200,0,0
37,5366,108162380,-2,-82,21,16383,0
13,5368,108172269,28,-10,0,0,0
4,5367,108182651,88,26,8201,0,0
37,5367,108182692,0,-83,20,16383,0
13,5369,108192503,6,-6,-12,0,0
4,5368,108202610,83,-69,8213,0,0
37,5368,108202650,0,-84,15,16383,0
13,5370,108212613,0,-4,-105,0,0
4,5369,108222779,84,117,8195,0,0
37,5369,108222820,2,-83,10,16383,0
13,5371,108232812,-4,2,6,0,0
4,5370,108242907,79,11,8204,0,0
37,5370,108242947,2,-83,11,16383,0
13,5372,108252845,-2,2,0,0,0
L,108255537,VALID,-0.784,-0.844,1
4,5371,108262987,84,14,8206,0,0
37,5371,108263027,2,-83,11,16383,0
13,5373,108273017,-11,9,0,0,0
4,5372,108283139,80,11,8203,0,0
37,5372,108283180,1,-82,11,16383,0
13,5374,108293188,-6,5,1,0,0
4,5373,108303373,102,12,8198,0,0
37,5373,108303413,1,-81,11,16383,0
13,5375,108313259,-15,22,-1,0,0
4,5374,108323341,76,-12,8206,0,0
37,5374,108323381,0,-80,11,16383,0
13,5376,108333301,4,0,-2,0,0
4,5375,108343558,87,13,8198,0,0
37,5375,108343599,0,-79,10,16383,0
13,5377,108353445,-7,6,-3,0,0
L,108356208,VALID,-0.770,-0.816,1
4,5376,108363622,85,2,8200,0,0
37,5376,108363662,0,-80,10,16383,0
13,5378,108373565,-1,3,-1,0,0
4,5377,108383756,100,23,8207,0,0
37,5377,108383796,0,-80,9,16383,0
13,5379,108393782,-3,1,-34,0,0
4,5378,108403853,68,6,8206,0,0
37,5378,108403894,0,-79,6,16383,0
13,5380,108413832,2,-1,-4,0,0
4,5379,108423886,77,15,8207,0,0
37,5379,108423927,1,-79,6,16383,0
13,5381,108433934,2,0,-2,0,0
4,5380,108444178,78,9,8204,0,0
37,5380,108444218,1,-79,6,16383,0
13,5382,108454081,2,0,-1,0,0
L,108456739,VALID,-0.778,-0.816,1
4,5381,108464267,91,14,8207,0,0
37,5381,108464307,2,-80,6,16383,0
13,5383,108474193,2,0,-5,0,0
4,5382,108484203,81,7,8204,0,0
37,5382,108484244,2,-80,5,16383,0
13,5384,108494294,1,0,-9,0,0
4,5383,108504461,78,5,8202,0,0
37,5383,108504501,3,-80,4,16383,0
13,5385,108514321,3,-1,-7,0,0
4,5384,108524521,75,4,8211,0,0
37,5384,108524561,3,-80,4,16383,0
13,5386,108534510,0,-3,-5,0,0
4,5385,108544642,65,0,8208,0,0
37,5385,108544709,3,-79,4,16383,0
13,5387,108554515,0,-4,-2,0,0
L,108557306,VALID,-0.792,-0.816,1
4,5386,108564731,82,7,8202,0,0
37,5386,108564772,3,-80,3,16383,0
13,5388,108574734,4,0,-1,0,0
4,5387,108584864,80,19,8210,0,0
37,5387,108584904,4,-80,3,16383,0
13,5389,108594870,6,-1,-1,0,0
4,5388,108604916,83,9,8208,0,0
37,5388,108604956,5,-80,3,16383,0
13,5390,108614947,5,-2,0,0,0
4,5389,108625139,78,14,8196,0,0
37,5389,108625180,6,-80,3,16383,0
13,5391,108634939,3,-4,0,0,0
4,5390,108645232,74,15,8200,0,0
37,5390,108645272,6,-80,3,16383,0
13,5392,108655154,5,0,-2,0,0
L,108657820,VALID,-0.813,-0.823,1
4,5391,108665296,88,6,8184,0,0
37,5391,108665336,7,-81,3,16383,0
13,5393,108675299,7,0,-1,0,0
4,5392,108685459,96,18,8183,0,0
37,5392,108685499,8,-81,3,16383,0
13,5394,108695465,3,0,-2,0,0
4,5393,108705689,83,18,8205,0,0
37,5393,108705729,9,-81,3,16383,0
13,5395,108715566,4,0,0,0,0
4,5394,108725628,73,14,8183,0,0
37,5394,108725668,9,-80,2,16383,0
13,5396,108735651,0,1,0,0,0
4,5395,108745843,85,4,8208,0,0
37,5395,108745883,9,-81,3,16383,0
13,5397,108755772,0,0,1,0,0
L,108758352,VALID,-0.834,-0.830,1
4,5396,108765854,88,6,8196,0,0
37,5396,108765894,9,-81,3,16383,0
13,5398,108775900,0,0,0,0,0
4,5397,108786057,83,15,8208,0,0
37,5397,108786097,9,-81,3,16383,0
13,5399,108795986,2,0,0,0,0
4,5398,108806048,74,17,8204,0,0
37,5398,108806116,10,-81,3,16383,0
13,5400,108816134,0,1,0,0,0
4,5399,108826274,74,12,8194,0,0
37,5399,108826315,10,-80,2,16383,0
13,5401,108836202,1,1,0,0,0
4,5400,108846381,77,15,8208,0,0
37,5400,108846422,10,-80,2,16383,0
13,5402,108856364,0,2,0,0,0
L,108858945,VALID,-0.841,-0.823,1
4,5401,108866567,76,13,8194,0,0
37,5401,108866607,10,-79,2,16383,0
13,5403,108876434,1,2,0,0,0
4,5402,108886546,87,16,8198,0,0
37,5402,108886586,11,-80,2,16383,0
13,5404,108896665,0,0,0,0,0
4,5403,108906769,83,13,8202,0,0
37,5403,108906809,11,-80,2,16383,0
13,5405,108916734,2,0,0,0,0
4,5404,108926803,88,-1,8196,0,0
37,5404,108926843,11,-80,2,16383,0
13,5406,108936827,2,1,-1,0,0
4,5405,108947115,84,5,8204,0,0
37,5405,108947155,10,-80,2,16383,0
13,5407,108956890,0,2,0,0,0
L,108959477,VALID,-0.841,-0.823,1
4,5406,108967072,84,13,8205,0,0
37,5406,108967113,11,-80,2,16383,0
13,5408,108977103,1,0,0,0,0
4,5407,108987165,86,6,8203,0,0
37,5407,108987206,11,-80,2,16383,0
13,5409,108997267,2,3,0,0,0
4,5408,109007320,79,26,8202,0,0
37,5408,109007360,11,-80,2,16383,0
13,5410,109017362,1,1,1,0,0
4,5409,109027475,84,13,8210,0,0
37,5409,109027515,12,-80,2,16383,0
13,5411,109037447,0,1,0,0,0
4,5410,109047560,87,15,8205,0,0
37,5410,109047600,12,-80,2,16383,0
13,5412,109057731,1,0,0,0,0
L,109060295,VALID,-0.855,-0.823,1
4,5411,109067807,70,22,8205,0,0
37,5411,109067847,12,-80,2,16383,0
13,5413,109077751,0,0,0,0,0
4,5412,109087879,76,11,8209,0,0
37,5412,109087919,12,-80,2,16383,0
13,5414,109097869,0,2,0,0,0
4,5413,109108035,82,13,8201,0,0
37,5413,109108075,12,-80,2,16383,0
13,5415,109118007,0,1,0,0,0
4,5414,109127964,83,16,8207,0,0
37,5414,109128005,13,-80,2,16383,0
13,5416,109138083,0,1,0,0,0
4,5415,109148195,78,6,8195,0,0
37,5415,109148236,12,-80,2,16383,0
13,5417,109158186,2,0,-1,0,0
L,109160861,VALID,-0.855,-0.823,1
4,5416,109168268,78,13,8205,0,0
37,5416,109168308,13,-80,2,16383,0
13,5418,109178211,0,0,1,0,0
4,5417,109188582,79,19,8199,0,0
37,5417,109188623,13,-79,2,16383,0
13,5419,109198490,-1,2,0,0,0
4,5418,109208618,88,15,8199,0,0
37,5418,109208659,13,-80,2,16383,0
13,5420,109218555,1,0,0,0,0
4,5419,109228704,78,10,8205,0,0
37,5419,109228745,13,-79,2,16383,0
13,5421,109238728,1,1,-1,0,0
4,5420,109248730,83,14,8203,0,0
37,5420,109248770,13,-80,2,16383,0
13,5422,109258943,0,2,0,0,0
L,109261532,VALID,-0.862,-0.823,1
4,5421,109269008,78,14,8205,0,0
37,5421,109269048,13,-80,2,16383,0
13,5423,109279011,0,0,0,0,0
4,5422,109289030,87,9,8194,0,0
37,5422,109289070,13,-80,2,16383,0
13,5424,109298985,1,0,0,0,0
4,5423,109309245,83,14,8206,0,0
37,5423,109309286,13,-80,2,16383,0
13,5425,109319262,0,1,0,0,0
4,5424,109329410,80,9,8199,0,0
37,5424,109329451,13,-80,2,16383,0
13,5426,109339312,1,0,0,0,0
4,5425,109349538,82,12,8207,0,0
37,5425,109349579,13,-80,2,16383,0
13,5427,109359467,0,2,0,0,0
L,109362038,VALID,-0.862,-0.823,1
4,5426,109369548,81,10,8204,0,0
37,5426,109369588,13,-80,2,16383,0
13,5428,109379579,0,0,-1,0,0
4,5427,109389717,80,15,8209,0,0
37,5427,109389757,13,-80,2,16383,0
13,5429,109399630,0,0,0,0,0
4,5428,109409862,84,19,8203,0,0
37,5428,109409902,13,-80,2,16383,0
13,5430,109419844,0,0,1,0,0
4,5429,109430062,79,21,8193,0,0
37,5429,109430103,14,-80,1,16383,0
13,5431,109439922,1,1,-2,0,0
4,5430,109450132,81,19,8205,0,0
37,5430,109450172,14,-80,1,16383,0
13,5432,109460087,1,1,0,0,0
L,109462674,VALID,-0.869,-0.823,1
4,5431,109470262,76,15,8201,0,0
37,5431,109470302,15,-79,1,16383,0
13,5433,109480257,2,1,-1,0,0
4,5432,109490303,86,14,8198,0,0
37,5432,109490343,15,-80,1,16383,0
13,5434,109500310,0,0,-2,0,0
4,5433,109510526,79,11,8199,0,0
37,5433,109510566,14,-80,1,16383,0
13,5435,109520456,0,-1,0,0,0
4,5434,109530697,87,5,8200,0,0
37,5434,109530737,14,-80,1,16383,0
13,5436,109540601,1,0,0,0,0
4,5435,109550799,79,10,8206,0,0
37,5435,109550867,14,-80,1,16383,0
13,5437,109560713,0,1,0,0,0
L,109563310,VALID,-0.869,-0.823,1
4,5436,109570977,86,6,8204,0,0
37,5436,109571018,14,-80,1,16383,0
13,5438,109580929,2,2,1,0,0
4,5437,109591144,80,20,8202,0,0
37,5437,109591185,14,-80,1,16383,0
13,5439,109601049,0,1,0,0,0
4,5438,109611163,84,12,8198,0,0
37,5438,109611203,14,-80,1,16383,0
13,5440,109621152,1,0,0,0,0
4,5439,109631335,84,13,8199,0,0
37,5439,109631375,14,-80,1,16383,0
13,5441,109641342,0,0,-1,0,0
4,5440,109651377,83,12,8200,0,0
37,5440,109651417,14,-80,1,16383,0
13,5442,109661471,-1,0,0,0,0
L,109664154,VALID,-0.869,-0.823,1
4,5441,109671699,86,23,8199,0,0
37,5441,109671767,15,-80,1,16383,0
13,5443,109681555,1,0,0,0,0
4,5442,109691869,78,8,8203,0,0
37,5442,109691910,14,-80,1,16383,0
13,5444,109701764,0,0,0,0,0
4,5443,109711911,82,12,8205,0,0
37,5443,109711952,14,-80,1,16383,0
13,5445,109721900,0,1,0,0,0
4,5444,109731953,76,5,8201,0,0
37,5444,109731993,14,-80,1,16383,0
13,5446,109742107,1,1,-1,0,0
4,5445,109752290,84,15,8194,0,0
37,5445,109752330,14,-80,1,16383,0
13,5447,109762134,2,1,0,0,0
L,109764721,VALID,-0.869,-0.823,1
4,5446,109772265,84,4,8196,0,0
37,5446,109772305,14,-80,1,16383,0
13,5448,109782348,0,0,0,0,0
4,5447,109792487,85,14,8198,0,0
37,5447,109792527,14,-81,1,16383,0
13,5449,109802519,0,1,0,0,0
4,5448,109812652,79,10,8205,0,0
37,5448,109812692,14,-80,1,16383,0
13,5450,109822633,0,2,0,0,0
4,5449,109832825,88,18,8194,0,0
37,5449,109832865,14,-81,1,16383,0
13,5451,109842685,1,2,1,0,0
4,5450,109852908,81,19,8199,0,0
37,5450,109852948,14,-80,1,16383,0
13,5452,109862846,0,2,0,0,0
L,109865409,VALID,-0.869,-0.823,1
4,5451,109873074,84,17,8210,0,0
37,5451,109873114,14,-80,1,16383,0
13,5453,109882942,1,1,-1,0,0
4,5452,109893106,86,22,8190,0,0
37,5452,109893146,15,-81,1,16383,0
13,5454,109903208,2,0,1,0,0
4,5453,109913364,83,16,8190,0,0
37,5453,109913404,15,-81,1,16383,0
13,5455,109923268,0,1,0,0,0
4,5454,109933295,75,15,8198,0,0
37,5454,109933336,15,-80,1,16383,0
13,5456,109943440,0,0,0,0,0
4,5455,109953667,80,9,8205,0,0
37,5455,109953708,15,-80,1,16383,0
13,5457,109963603,1,-1,0,0,0
L,109966288,VALID,-0.876,-0.823,1
4,5456,109973650,88,18,8202,0,0
37,5456,109973690,15,-81,1,16383,0
13,5458,109983750,1,0,-1,0,0
4,5457,109993837,87,16,8201,0,0
37,5457,109993878,15,-81,1,16383,0
13,5459,110003854,1,-1,0,0,0
4,5458,110013992,84,8,8201,0,0
37,5458,110014033,15,-81,1,16383,0
13,5460,110023956,2,0,0,0,0
4,5459,110034172,86,16,8203,0,0
37,5459,110034212,15,-82,1,16383,0
13,5461,110044154,0,1,0,0,0
4,5460,110054225,82,18,8198,0,0
37,5460,110054265,15,-82,1,16383,0
13,5462,110064162,0,0,0,0,0
L,110066776,VALID,-0.876,-0.837,1
4,5461,110074469,84,15,8202,0,0
37,5461,110074509,15,-82,1,16383,0
13,5463,110084455,0,1,0,0,0
4,5462,110094517,88,7,8188,0,0
37,5462,110094558,15,-82,1,16383,0
13,5464,110104601,0,2,0,0,0
4,5463,110114665,89,11,8203,0,0
37,5463,110114705,15,-82,1,16383,0
13,5465,110124714,1,2,0,0,0
4,5464,110134783,83,13,8199,0,0
37,5464,110134823,14,-82,1,16383,0
13,5466,110144731,0,0,1,0,0
4,5465,110155153,82,13,8199,0,0
37,5465,110155193,14,-82,1,16383,0
13,5467,110164964,0,0,0,0,0
L,110167551,VALID,-0.869,-0.837,1
4,5466,110175078,79,7,8194,0,0
37,5466,110175119,14,-82,1,16383,0
13,5468,110185170,0,0,0,0,0
4,5467,110195363,79,13,8205,0,0
37,5467,110195403,14,-82,1,16383,0
13,5469,110205293,1,0,0,0,0
4,5468,110215429,80,9,8201,0,0
37,5468,110215469,14,-82,1,16383,0
13,5470,110225470,0,-1,0,0,0
4,5469,110235594,77,10,8198,0,0
37,5469,110235634,14,-82,1,16383,0
13,5471,110245539,0,0,-1,0,0
4,5470,110255696,81,16,8203,0,0
37,5470,110255736,14,-82,1,16383,0
13,5472,110265712,1,-1,0,0,0
L,110268396,VALID,-0.869,-0.837,1
4,5471,110275837,82,11,8195,0,0
37,5471,110275877,14,-82,1,16383,0
13,5473,110285894,3,-2,0,0,0
4,5472,110295954,92,19,8202,0,0
37,5472,110295994,14,-83,1,16383,0
13,5474,110305978,1,0,1,0,0
4,5473,110316222,83,13,8203,0,0
37,5473,110316263,14,-83,1,16383,0
13,5475,110326144,1,0,0,0,0
4,5474,110336249,82,4,8200,0,0
37,5474,110336289,14,-82,1,16383,0
13,5476,110346245,1,-1,0,0,0
4,5475,110356472,79,9,8200,0,0
37,5475,110356512,14,-82,1,16383,0
13,5477,110366425,1,1,-2,0,0
L,110369110,VALID,-0.869,-0.837,1
4,5476,110376551,80,19,8206,0,0
37,5476,110376591,14,-82,1,16383,0
13,5478,110386522,-1,0,1,0,0
4,5477,110396771,78,15,8205,0,0
37,5477,110396812,14,-82,1,16383,0
13,5479,110406762,0,1,0,0,0
4,5478,110416841,82,15,8213,0,0
37,5478,110416881,14,-82,1,16383,0
13,5480,110426873,0,1,0,0,0
4,5479,110436988,86,17,8197,0,0
37,5479,110437029,15,-82,1,16383,0
13,5481,110446916,1,1,0,0,0
4,5480,110457133,75,16,8200,0,0
37,5480,110457174,15,-81,1,16383,0
13,5482,110467039,0,1,1,0,0
L,110469607,VALID,-0.876,-0.830,1
4,5481,110477282,82,10,8203,0,0
37,5481,110477323,15,-81,1,16383,0
13,5483,110487243,1,0,-2,0,0
4,5482,110497287,84,21,8196,0,0
37,5482,110497327,15,-81,1,16383,0
13,5484,110507389,0,-2,0,0,0
4,5483,110517546,80,5,8196,0,0
37,5483,110517586,15,-81,0,16383,0
13,5485,110527527,1,0,0,0,0
4,5484,110537553,81,11,8203,0,0
37,5484,110537593,14,-81,1,16383,0
13,5486,110547604,1,0,1,0,0
4,5485,110557865,80,16,8206,0,0
37,5485,110557905,15,-81,1,16383,0
13,5487,110567881,1,-1,-2,0,0
L,110570634,VALID,-0.876,-0.830,1
4,5486,110577956,79,7,8207,0,0
37,5486,110577996,15,-81,0,16383,0
13,5488,110587974,0,0,-1,0,0
4,5487,110598159,80,20,8197,0,0
37,5487,110598199,15,-81,0,16383,0
13,5489,110608112,0,0,1,0,0
4,5488,110618147,87,14,8197,0,0
37,5488,110618188,15,-81,0,16383,0
13,5490,110628215,0,-1,-1,0,0
4,5489,110638321,74,17,8199,0,0
37,5489,110638361,15,-81,0,16383,0
13,5491,110648345,1,1,0,0,0
4,5490,110658422,83,10,8198,0,0
37,5490,110658462,15,-81,0,16383,0
13,5492,110668499,1,-1,0,0,0
L,110671192,VALID,-0.876,-0.830,1
4,5491,110678607,85,17,8199,0,0
37,5491,110678675,15,-82,0,16383,0
13,5493,110688497,1,0,0,0,0
4,5492,110698786,81,15,8205,0,0
37,5492,110698826,15,-81,0,16383,0
13,5494,110708759,1,0,0,0,0
4,5493,110719018,81,8,8199,0,0
37,5493,110719058,15,-81,0,16383,0
13,5495,110728860,0,0,-1,0,0
4,5494,110738975,83,7,8202,0,0
37,5494,110739015,14,-81,0,16383,0
13,5496,110749041,-1,1,0,0,0
4,5495,110759067,85,9,8204,0,0
37,5495,110759107,14,-81,0,16383,0
13,5497,110769264,-1,0,1,0,0
L,110771941,VALID,-0.869,-0.830,1
4,5496,110779209,80,12,8205,0,0
37,5496,110779250,14,-81,0,16383,0
13,5498,110789350,0,0,2,0,0
4,5497,110799437,72,8,8196,0,0
37,5497,110799477,14,-81,0,16383,0
13,5499,110809340,1,-1,-2,0,0
4,5498,110819525,79,13,8195,0,0
37,5498,110819566,14,-81,0,16383,0
13,5500,110829590,0,0,-1,0,0
4,5499,110839781,89,14,8193,0,0
37,5499,110839822,14,-81,0,16383,0
13,5501,110849677,1,0,-1,0,0
4,5500,110859791,86,17,8196,0,0
37,5500,110859831,14,-82,0,16383,0
13,5502,110869806,0,1,1,0,0
L,110872386,VALID,-0.869,-0.837,1
4,5501,110879973,85,9,8210,0,0
37,5501,110880014,14,-82,0,16383,0
13,5503,110889918,0,0,-1,0,0
4,5502,110900022,81,14,8202,0,0
37,5502,110900062,14,-82,0,16383,0
13,5504,110909969,1,0,0,0,0
4,5503,110920236,77,14,8201,0,0
37,5503,110920277,14,-81,0,16383,0
13,5505,110930218,0,1,1,0,0
4,5504,110940263,81,12,8212,0,0
37,5504,110940303,14,-81,0,16383,0
13,5506,110950331,2,0,-1,0,0
4,5505,110960601,83,5,8204,0,0
37,5505,110960641,14,-81,0,16383,0
13,5507,110970418,1,0,1,0,0
L,110972996,VALID,-0.869,-0.830,1
4,5506,110980574,81,12,8200,0,0
37,5506,110980615,14,-81,0,16383,0
13,5508,110990624,1,0,0,0,0
4,5507,111000726,77,10,8205,0,0
37,5507,111000767,14,-81,0,16383,0
13,5509,111010657,0,1,0,0,0
4,5508,111020772,93,10,8200,0,0
37,5508,111020812,13,-81,0,16383,0
13,5510,111030769,0,-1,0,0,0
4,5509,111041140,77,13,8193,0,0
37,5509,111041181,13,-81,0,16383,0
13,5511,111050914,1,0,-1,0,0
4,5510,111061002,89,20,8196,0,0
37,5510,111061042,14,-82,0,16383,0
13,5512,111070999,0,-1,0,0,0
L,111073692,VALID,-0.869,-0.837,1
4,5511,111081256,81,12,8204,0,0
37,5511,111081296,14,-82,0,16383,0
13,5513,111091182,0,0,0,0,0
4,5512,111101301,80,8,8198,0,0
37,5512,111101342,13,-81,0,16383,0
13,5514,111111326,-2,0,0,0,0
4,5513,111121519,86,10,8203,0,0
37,5513,111121560,13,-82,0,16383,0
13,5515,111131397,1,0,0,0,0
4,5514,111141501,76,9,8200,0,0
37,5514,111141541,13,-81,0,16383,0
13,5516,111151550,-1,1,0,0,0
4,5515,111161646,85,17,8206,0,0
37,5515,111161686,13,-81,0,16383,0
13,5517,111171644,1,0,0,0,0
L,111174242,VALID,-0.862,-0.830,1
4,5516,111181795,79,13,8199,0,0
37,5516,111181835,13,-81,0,16383,0
13,5518,111191721,0,0,0,0,0
4,5517,111202136,89,10,8199,0,0
37,5517,111202177,13,-81,0,16383,0
13,5519,111211949,1,2,0,0,0
4,5518,111222058,79,12,8202,0,0
37,5518,111222098,13,-81,0,16383,0
13,5520,111232074,-1,-1,0,0,0
4,5519,111242160,86,15,8199,0,0
37,5519,111242201,13,-82,0,16383,0
13,5521,111252290,0,0,0,0,0
4,5520,111262343,79,9,8204,0,0
37,5520,111262383,13,-82,0,16383,0
13,5522,111272298,1,0,0,0,0
L,111274878,VALID,-0.862,-0.837,1
4,5521,111282508,77,19,8199,0,0
37,5521,111282548,14,-81,0,16383,0
13,5523,111292479,2,0,0,0,0
4,5522,111302626,78,16,8208,0,0
37,5522,111302666,14,-81,0,16383,0
13,5524,111312659,0,2,-2,0,0
4,5523,111322836,79,10,8195,0,0
37,5523,111322877,14,-81,0,16383,0
13,5525,111332774,0,0,-1,0,0
4,5524,111342825,84,5,8201,0,0
37,5524,111342866,13,-81,0,16383,0
13,5526,111352814,1,0,0,0,0
4,5525,111363126,86,11,8204,0,0
37,5525,111363167,13,-81,0,16383,0
13,5527,111372988,0,0,0,0,0
L,111375557,VALID,-0.862,-0.830,1
4,5526,111383145,79,15,8195,0,0
37,5526,111383185,13,-81,0,16383,0
13,5528,111393082,0,2,0,0,0
4,5527,111403237,94,16,8193,0,0
37,5527,111403277,13,-81,0,16383,0
13,5529,111413331,-1,0,0,0,0
4,5528,111423418,85,8,8206,0,0
37,5528,111423458,13,-82,0,16383,0
13,5530,111433389,0,0,-2,0,0
4,5529,111443549,80,15,8191,0,0
37,5529,111443589,13,-81,0,16383,0
13,5531,111453562,0,0,0,0,0
4,5530,111463746,77,14,8203,0,0
37,5530,111463786,13,-81,0,16383,0
13,5532,111473717,2,1,0,0,0
L,111476315,VALID,-0.862,-0.830,1
4,5531,111483806,77,16,8210,0,0
37,5531,111483846,14,-80,0,16383,0
13,5533,111493812,0,2,0,0,0
4,5532,111503830,71,17,8203,0,0
37,5532,111503871,14,-80,0,16383,0
13,5534,111513957,1,0,0,0,0
4,5533,111524165,80,6,8207,0,0
37,5533,111524206,13,-80,0,16383,0
13,5535,111534035,0,0,-1,0,0
4,5534,111544209,80,5,8204,0,0
37,5534,111544249,13,-80,0,16383,0
13,5536,111554216,0,0,1,0,0
4,5535,111564302,87,16,8199,0,0
37,5535,111564370,13,-80,0,16383,0
13,5537,111574241,0,1,0,0,0
L,111576846,VALID,-0.862,-0.823,1
4,5536,111584410,86,6,8196,0,0
37,5536,111584450,13,-80,0,16383,0
13,5538,111594506,0,-1,1,0,0
4,5537,111604640,76,10,8205,0,0
37,5537,111604680,13,-80,0,16383,0
13,5539,111614610,0,-2,0,0,0
4,5538,111624691,82,10,8197,0,0
37,5538,111624731,13,-81,0,16383,0
13,5540,111634741,1,0,0,0,0
4,5539,111644862,86,12,8206,0,0
37,5539,111644903,13,-81,0,16383,0
13,5541,111654775,1,0,-1,0,0
4,5540,111665033,79,7,8205,0,0
37,5540,111665073,13,-81,0,16383,0
13,5542,111674964,0,0,0,0,0
L,111677561,VALID,-0.862,-0.830,1
4,5541,111685184,85,16,8198,0,0
37,5541,111685225,13,-81,0,16383,0
13,5543,111695109,1,1,0,0,0
4,5542,111705285,80,9,8203,0,0
37,5542,111705325,13,-81,0,16383,0
13,5544,111715316,1,0,0,0,0
4,5543,111725455,82,17,8207,0,0
37,5543,111725495,13,-81,0,16383,0
13,5545,111735393,0,1,-1,0,0
4,5544,111745455,86,13,8200,0,0
37,5544,111745495,13,-81,0,16383,0
13,5546,111755428,0,0,-1,0,0
4,5545,111765717,79,15,8204,0,0
37,5545,111765758,13,-81,0,16383,0
13,5547,111775644,0,-1,-1,0,0
L,111778396,VALID,-0.862,-0.830,1
4,5546,111785672,82,12,8206,0,0
37,5546,111785713,13,-81,0,16383,0
13,5548,111795753,0,0,-1,0,0
4,5547,111805894,86,12,8204,0,0
37,5547,111805962,13,-81,0,16383,0
13,5549,111815823,0,0,-1,0,0
4,5548,111825990,80,15,8194,0,0
37,5548,111826030,13,-81,0,16383,0
13,5550,111836022,1,0,0,0,0
4,5549,111846193,83,15,8198,0,0
37,5549,111846234,14,-81,0,16383,0
13,5551,111856124,0,0,-1,0,0
4,5550,111866254,72,21,8205,0,0
37,5550,111866295,14,-81,0,16383,0
13,5552,111876279,0,1,0,0,0
L,111878868,VALID,-0.869,-0.830,1
4,5551,111886429,87,14,8194,0,0
37,5551,111886470,14,-81,0,16383,0
13,5553,111896365,-1,-1,0,0,0
4,5552,111906478,78,23,8198,0,0
37,5552,111906519,14,-81,0,16383,0
13,5554,111916572,0,-1,0,0,0
4,5553,111926772,90,17,8204,0,0
37,5553,111926813,14,-82,0,16383,0
13,5555,111936666,1,1,0,0,0
4,5554,111946718,73,15,8199,0,0
37,5554,111946786,14,-81,0,16383,0
13,5556,111956744,0,-1,0,0,0
4,5555,111966979,78,6,8202,0,0
37,5555,111967019,14,-81,0,16383,0
13,5557,111976839,0,1,0,0,0
L,111979425,VALID,-0.869,-0.830,1
4,5556,111987030,82,11,8203,0,0
37,5556,111987070,14,-81,0,16383,0
13,5558,111997009,0,1,-2,0,0
4,5557,112007190,81,8,8199,0,0
37,5557,112007231,13,-81,0,16383,0
13,5559,112017173,1,0,0,0,0
4,5558,112027268,78,4,8197,0,0
37,5558,112027308,13,-81,0,16383,0
13,5560,112037345,0,0,0,0,0
4,5559,112047346,87,7,8196,0,0
37,5559,112047386,13,-81,0,16383,0
13,5561,112057395,0,0,-1,0,0
4,5560,112067534,83,12,8205,0,0
37,5560,112067602,13,-81,0,16383,0
13,5562,112077673,0,2,0,0,0
L,112080252,VALID,-0.862,-0.830,1
4,5561,112087858,78,19,8197,0,0
37,5561,112087898,13,-81,0,16383,0
13,5563,112097750,0,-2,1,0,0
4,5562,112107862,80,17,8201,0,0
37,5562,112107902,13,-81,0,16383,0
13,5564,112117887,1,0,1,0,0
4,5563,112127976,85,21,8206,0,0
37,5563,112128016,14,-81,0,16383,0
13,5565,112137964,0,0,0,0,0
4,5564,112147991,76,7,8203,0,0
37,5564,112148031,14,-81,0,16383,0
13,5566,112158074,0,0,0,0,0
4,5565,112168256,77,10,8204,0,0
37,5565,112168297,13,-81,0,16383,0
13,5567,112178238,0,0,0,0,0
L,112180854,VALID,-0.862,-0.830,1
4,5566,112188286,83,17,8211,0,0
37,5566,112188326,14,-81,0,16383,0
13,5568,112198228,1,0,0,0,0
4,5567,112208524,78,5,8207,0,0
37,5567,112208565,13,-81,0,16383,0
13,5569,112218497,0,-1,0,0,0
4,5568,112228609,81,7,8204,0,0
37,5568,112228650,13,-81,0,16383,0
13,5570,112238581,2,2,0,0,0
4,5569,112248738,83,16,8204,0,0
37,5569,112248778,13,-81,0,16383,0
13,5571,112258712,0,0,1,0,0
4,5570,112268753,74,13,8208,0,0
37,5570,112268793,13,-81,0,16383,0
13,5572,112278970,0,0,0,0,0
L,112281533,VALID,-0.862,-0.830,1
4,5571,112288965,76,14,8201,0,0
37,5571,112289006,14,-80,0,16383,0
13,5573,112299064,1,0,-1,0,0
4,5572,112309074,75,6,8209,0,0
37,5572,112309114,13,-80,0,16383,0
13,5574,112319002,1,-1,0,0,0
4,5573,112329299,86,16,8200,0,0
37,5573,112329340,14,-81,0,16383,0
13,5575,112339289,1,0,0,0,0
4,5574,112349382,86,19,8207,0,0
37,5574,112349423,14,-81,0,16383,0
13,5576,112359364,1,1,0,0,0
4,5575,112369496,80,3,8202,0,0
37,5575,112369537,14,-81,0,16383,0
13,5577,112379468,0,0,0,0,0
L,112382030,VALID,-0.869,-0.830,1
4,5576,112389574,87,8,8207,0,0
37,5576,112389614,13,-81,0,16383,0
13,5578,112399588,0,1,1,0,0
4,5577,112409787,81,12,8209,0,0
37,5577,112409827,13,-81,0,16383,0
13,5579,112419666,0,-1,0,0,0
4,5578,112429873,81,12,8198,0,0
37,5578,112429913,13,-81,0,16383,0
13,5580,112439889,0,0,0,0,0
4,5579,112450012,84,13,8204,0,0
37,5579,112450052,13,-81,0,16383,0
13,5581,112459967,0,1,0,0,0
4,5580,112470183,91,12,8198,0,0
37,5580,112470224,13,-82,0,16383,0
13,5582,112480129,1,0,0,0,0
L,112482727,VALID,-0.862,-0.837,1
4,5581,112490306,86,7,8196,0,0
37,5581,112490346,13,-82,0,16383,0
13,5583,112500302,1,0,0,0,0
4,5582,112510350,84,20,8201,0,0
37,5582,112510391,14,-82,0,16383,0
13,5584,112520353,0,0,0,0,0
4,5583,112530500,83,14,8199,0,0
37,5583,112530541,14,-82,0,16383,0
13,5585,112540457,0,0,-1,0,0
4,5584,112550707,81,10,8197,0,0
37,5584,112550774,14,-82,0,16383,0
13,5586,112560593,1,-1,-1,0,0
4,5585,112570804,71,6,8204,0,0
37,5585,112570844,13,-82,0,16383,0
13,5587,112580618,1,0,0,0,0
L,112583224,VALID,-0.862,-0.837,1
4,5586,112590914,87,6,8199,0,0
37,5586,112590954,13,-82,0,16383,0
13,5588,112600843,0,-1,0,0,0
4,5587,112611043,72,8,8204,0,0
37,5587,112611084,13,-82,0,16383,0
13,5589,112620979,1,0,-1,0,0
4,5588,112631073,94,11,8208,0,0
37,5588,112631113,13,-82,0,16383,0
13,5590,112641092,0,0,-1,0,0
4,5589,112651266,73,1,8208,0,0
37,5589,112651306,12,-82,0,16383,0
13,5591,112661178,0,0,0,0,0
4,5590,112671255,84,11,8203,0,0
37,5590,112671295,12,-82,0,16383,0
13,5592,112681289,0,0,-1,0,0
L,112683973,VALID,-0.855,-0.837,1
4,5591,112691449,80,18,8190,0,0
37,5591,112691489,12,-82,0,16383,0
13,5593,112701392,0,-1,0,0,0
4,5592,112711686,85,17,8197,0,0
37,5592,112711727,13,-82,0,16383,0
13,5594,112721584,1,2,0,0,0
4,5593,112731781,89,10,8200,0,0
37,5593,112731822,13,-82,0,16383,0
13,5595,112741701,0,1,0,0,0
4,5594,112751745,80,14,8201,0,0
37,5594,112751786,13,-82,0,16383,0
13,5596,112761891,1,1,-1,0,0
4,5595,112771997,80,10,8205,0,0
37,5595,112772037,13,-82,0,16383,0
13,5597,112781934,1,0,0,0,0
L,112784548,VALID,-0.862,-0.837,1
4,5596,112792058,82,15,8206,0,0
37,5596,112792098,13,-82,0,16383,0
13,5598,112802080,-1,0,1,0,0
4,5597,112812367,75,15,8211,0,0
37,5597,112812407,13,-82,0,16383,0
13,5599,112822340,1,-1,0,0,0
4,5598,112832370,74,4,8200,0,0
37,5598,112832410,13,-81,0,16383,0
13,5600,112842399,0,0,0,0,0
4,5599,112852495,76,12,8204,0,0
37,5599,112852535,13,-81,0,16383,0
13,5601,112862423,0,0,0,0,0
4,5600,112872623,87,11,8209,0,0
37,5600,112872663,13,-81,0,16383,0
13,5602,112882562,0,0,0,0,0
L,112885140,VALID,-0.862,-0.830,1
4,5601,112892858,86,23,8196,0,0
37,5601,112892898,13,-82,0,16383,0
13,5603,112902726,0,1,-1,0,0
4,5602,112912812,84,16,8200,0,0
37,5602,112912852,13,-82,0,16383,0
13,5604,112922957,0,-1,0,0,0
4,5603,112933114,85,17,8204,0,0
37,5603,112933155,13,-82,0,16383,0
13,5605,112943017,0,0,0,0,0
4,5604,112953027,82,9,8201,0,0
37,5604,112953067,13,-82,0,16383,0
13,5606,112963198,0,0,-1,0,0
4,5605,112973416,83,14,8201,0,0
37,5605,112973456,13,-82,0,16383,0
13,5607,112983310,1,1,-1,0,0
L,112986055,VALID,-0.862,-0.837,1
4,5606,112993373,82,8,8199,0,0
37,5606,112993414,13,-82,0,16383,0
13,5608,113003386,1,-1,0,0,0
4,5607,113013460,80,14,8201,0,0
37,5607,113013500,13,-82,0,16383,0
13,5609,113023549,0,0,0,0,0
4,5608,113033620,85,21,8201,0,0
37,5608,113033660,14,-82,0,16383,0
13,5610,113043576,1,0,-1,0,0
4,5609,113053869,80,14,8197,0,0
37,5609,113053937,14,-82,-1,16383,0
13,5611,113063773,0,0,0,0,0
4,5610,113073826,80,12,8202,0,0
37,5610,113073866,13,-82,0,16383,0
13,5612,113083797,0,0,0,0,0
L,113086386,VALID,-0.862,-0.837,1
4,5611,113094077,83,17,8204,0,0
37,5611,113094118,14,-82,0,16383,0
13,5613,113104091,1,0,0,0,0
4,5612,113114127,91,12,8201,0,0
37,5612,113114168,14,-83,0,16383,0
13,5614,113124186,0,0,3,0,0
4,5613,113134326,79,6,8193,0,0
37,5613,113134366,13,-82,0,16383,0
13,5615,113144298,1,1,1,0,0
4,5614,113154348,77,13,8192,0,0
37,5614,113154388,13,-82,0,16383,0
13,5616,113164296,0,-1,1,0,0
4,5615,113174634,80,9,8202,0,0
37,5615,113174674,13,-82,0,16383,0
13,5617,113184477,0,0,-1,0,0
L,113187135,VALID,-0.862,-0.837,1
4,5616,113194628,66,17,8198,0,0
37,5616,113194696,13,-82,0,16383,0
13,5618,113204677,0,0,0,0,0
4,5617,113214911,81,6,8204,0,0
37,5617,113214951,13,-82,0,16383,0
13,5619,113224797,0,-1,0,0,0
4,5618,113234936,79,11,8199,0,0
37,5618,113234976,13,-82,0,16383,0
13,5620,113244916,0,0,-1,0,0
4,5619,113255040,78,13,8208,0,0
37,5619,113255081,13,-81,0,16383,0
13,5621,113264994,1,0,0,0,0
4,5620,113275148,84,13,8198,0,0
37,5620,113275189,13,-82,0,16383,0
13,5622,113285140,0,0,-1,0,0
L,113287832,VALID,-0.862,-0.837,1
4,5621,113295316,82,9,8201,0,0
37,5621,113295357,13,-82,0,16383,0
13,5623,113305277,0,-1,1,0,0
4,5622,113315331,89,8,8202,0,0
37,5622,113315371,12,-82,0,16383,0
13,5624,113325335,-1,0,1,0,0
4,5623,113335503,85,6,8195,0,0
37,5623,113335544,12,-82,0,16383,0
13,5625,113345578,0,0,0,0,0
4,5624,113355587,83,9,8208,0,0
37,5624,113355628,12,-82,0,16383,0
13,5626,113365602,-2,0,0,0,0
4,5625,113375872,82,14,8204,0,0
37,5625,113375913,12,-82,0,16383,0
13,5627,113385759,-1,2,1,0,0
L,113388451,VALID,-0.855,-0.837,1
4,5626,113395866,72,14,8190,0,0
37,5626,113395906,12,-82,0,16383,0
13,5628,113405844,0,0,0,0,0
4,5627,113415981,89,12,8209,0,0
37,5627,113416022,12,-82,0,16383,0
13,5629,113426059,0,-1,0,0,0
4,5628,113436146,79,17,8209,0,0
37,5628,113436187,12,-82,0,16383,0
13,5630,113446127,1,-1,0,0,0
4,5629,113456329,81,13,8205,0,0
37,5629,113456370,13,-82,0,16383,0
13,5631,113466214,0,0,0,0,0
4,5630,113476354,79,9,8204,0,0
37,5630,113476394,12,-82,0,16383,0
13,5632,113486264,0,0,0,0,0
L,113488826,VALID,-0.855,-0.837,1
4,5631,113496484,76,22,8202,0,0
37,5631,113496524,13,-82,0,16383,0
13,5633,113506410,0,0,1,0,0
4,5632,113516499,75,20,8198,0,0
37,5632,113516539,13,-81,0,16383,0
13,5634,113526600,-1,0,0,0,0
4,5633,113536774,76,17,8202,0,0
37,5633,113536814,13,-81,0,16383,0
13,5635,113546753,1,0,0,0,0
4,5634,113556720,73,17,8211,0,0
37,5634,113556761,13,-81,0,16383,0
13,5636,113566779,0,1,0,0,0
4,5635,113577006,75,24,8205,0,0
37,5635,113577047,14,-80,0,16383,0
13,5637,113587048,1,0,-1,0,0
L,113589705,VALID,-0.869,-0.823,1
4,5636,113597145,78,9,8199,0,0
37,5636,113597186,14,-80,0,16383,0
13,5638,113607157,0,0,1,0,0
4,5637,113617324,73,-2,8206,0,0
37,5637,113617364,13,-80,0,16383,0
13,5639,113627246,0,0,0,0,0
4,5638,113637298,75,10,8199,0,0
37,5638,113637338,13,-80,0,16383,0
13,5640,113647373,0,0,0,0,0
4,5639,113657408,81,10,8200,0,0
37,5639,113657448,13,-80,0,16383,0
13,5641,113667494,0,0,0,0,0
4,5640,113677572,78,16,8204,0,0
37,5640,113677612,13,-80,0,16383,0
13,5642,113687640,1,0,0,0,0
L,113690246,VALID,-0.862,-0.823,1
4,5641,113697792,83,16,8203,0,0
37,5641,113697833,14,-80,0,16383,0
13,5643,113707639,1,0,1,0,0
4,5642,113717883,77,9,8210,0,0
37,5642,113717923,13,-80,0,16383,0
13,5644,113727914,0,0,0,0,0
4,5643,113738064,83,9,8202,0,0
37,5643,113738104,13,-80,0,16383,0
13,5645,113747948,1,0,0,0,0
4,5644,113758046,84,10,8208,0,0
37,5644,113758086,13,-80,0,16383,0
13,5646,113768121,0,-1,0,0,0
4,5645,113778234,84,14,8200,0,0
37,5645,113778275,13,-80,0,16383,0
13,5647,113788362,0,-1,0,0,0
L,113791021,VALID,-0.862,-0.823,1
4,5646,113798333,88,18,8194,0,0
37,5646,113798373,13,-81,0,16383,0
13,5648,113808465,0,0,0,0,0
4,5647,113818500,77,4,8206,0,0
37,5647,113818540,13,-81,0,16383,0
13,5649,113828395,0,0,-2,0,0
4,5648,113838613,75,7,8197,0,0
37,5648,113838654,13,-80,0,16383,0
13,5650,113848680,0,0,0,0,0
4,5649,113858871,89,8,8202,0,0
37,5649,113858912,12,-81,0,16383,0
13,5651,113868757,0,0,-1,0,0
4,5650,113878855,78,14,8201,0,0
37,5650,113878895,12,-81,0,16383,0
13,5652,113888817,0,0,0,0,0
L,113891388,VALID,-0.855,-0.830,1
4,5651,113899018,80,11,8190,0,0
37,5651,113899059,12,-80,0,16383,0
13,5653,113908972,0,0,0,0,0
4,5652,113919102,89,5,8200,0,0
37,5652,113919142,12,-81,0,16383,0
13,5654,113929057,0,2,0,0,0
4,5653,113939393,76,22,8203,0,0
37,5653,113939434,12,-80,0,16383,0
13,5655,113949298,0,0,-1,0,0
4,5654,113959387,82,11,8209,0,0
37,5654,113959428,12,-80,0,16383,0
13,5656,113969411,0,2,1,0,0
4,5655,113979611,86,6,8193,0,0
37,5655,113979652,12,-81,0,16383,0
13,5657,113989588,0,-1,-1,0,0
L,113992345,VALID,-0.855,-0.830,1
4,5656,113999629,86,17,8200,0,0
37,5656,113999670,13,-81,0,16383,0
13,5658,114009702,0,0,0,0,0
4,5657,114019867,80,5,8211,0,0
37,5657,114019907,12,-81,0,16383,0
13,5659,114029763,0,0,0,0,0
4,5658,114039900,77,15,8205,0,0
37,5658,114039940,12,-81,0,16383,0
13,5660,114049900,0,0,1,0,0
4,5659,114060238,82,6,8205,0,0
37,5659,114060278,12,-81,0,16383,0
13,5661,114070063,-1,0,0,0,0
4,5660,114080177,81,13,8204,0,0
37,5660,114080245,12,-81,0,16383,0
13,5662,114090157,0,0,1,0,0
L,114092746,VALID,-0.855,-0.830,1
4,5661,114100506,85,15,8206,0,0
37,5661,114100546,12,-81,0,16383,0
13,5663,114110373,0,0,0,0,0
4,5662,114120477,86,18,8197,0,0
37,5662,114120517,12,-81,0,16383,0
13,5664,114130494,0,0,0,0,0
4,5663,114140589,86,17,8212,0,0
37,5663,114140630,12,-81,0,16383,0
13,5665,114150572,-1,1,0,0,0
4,5664,114160701,87,7,8201,0,0
37,5664,114160741,12,-82,0,16383,0
13,5666,114170708,0,0,0,0,0
4,5665,114180906,76,9,8195,0,0
37,5665,114180946,12,-81,0,16383,0
13,5667,114190863,0,2,0,0,0
L,114193469,VALID,-0.855,-0.830,1
4,5666,114200962,84,8,8202,0,0
37,5666,114201002,12,-81,0,16383,0
13,5668,114210939,0,1,0,0,0
4,5667,114221303,74,5,8205,0,0
37,5667,114221343,12,-81,0,16383,0
13,5669,114231147,0,1,0,0,0
4,5668,114241269,79,12,8203,0,0
37,5668,114241309,12,-81,0,16383,0
13,5670,114251293,0,0,1,0,0
4,5669,114261441,82,11,8196,0,0
37,5669,114261482,12,-81,0,16383,0
13,5671,114271526,0,0,0,0,0
4,5670,114281553,79,9,8199,0,0
37,5670,114281594,11,-81,0,16383,0
13,5672,114291517,0,1,0,0,0
L,114294088,VALID,-0.848,-0.830,1
4,5671,114301701,78,19,8202,0,0
37,5671,114301741,12,-80,0,16383,0
13,5673,114311726,1,0,0,0,0
4,5672,114321820,74,8,8203,0,0
37,5672,114321860,12,-80,0,16383,0
13,5674,114331949,-1,0,0,0,0
4,5673,114342104,75,13,8199,0,0
37,5673,114342145,11,-80,0,16383,0
13,5675,114352018,-2,0,-1,0,0
4,5674,114362105,82,16,8198,0,0
37,5674,114362145,12,-80,0,16383,0
13,5676,114372016,0,0,0,0,0
4,5675,114382328,86,10,8204,0,0
37,5675,114382368,12,-80,0,16383,0
13,5677,114392214,0,0,1,0,0
L,114394828,VALID,-0.855,-0.823,1
4,5676,114402363,84,16,8205,0,0
37,5676,114402403,12,-80,0,16383,0
13,5678,114412318,-1,1,0,0,0
4,5677,114422567,80,4,8203,0,0
37,5677,114422607,11,-80,0,16383,0
13,5679,114432550,0,0,1,0,0
4,5678,114442654,75,3,8202,0,0
37,5678,114442694,11,-80,0,16383,0
13,5680,114452652,1,2,1,0,0
4,5679,114462739,83,15,8196,0,0
37,5679,114462780,11,-80,1,16383,0
13,5681,114472809,0,0,0,0,0
4,5680,114483015,81,8,8202,0,0
37,5680,114483056,11,-80,1,16383,0
13,5682,114492945,0,0,0,0,0
L,114495525,VALID,-0.848,-0.823,1
4,5681,114503103,85,13,8205,0,0
37,5681,114503144,11,-81,1,16383,0
13,5683,114513084,0,-1,0,0,0
4,5682,114523075,80,15,8202,0,0
37,5682,114523116,11,-81,1,16383,0
13,5684,114533202,0,0,2,0,0
4,5683,114543383,87,6,8204,0,0
37,5683,114543424,11,-81,1,16383,0
13,5685,114553246,0,0,0,0,0
4,5684,114563427,85,1,8208,0,0
37,5684,114563467,10,-81,1,16383,0
13,5686,114573434,0,-1,0,0,0
4,5685,114583600,83,6,8205,0,0
37,5685,114583640,10,-81,1,16383,0
13,5687,114593458,0,0,0,0,0
L,114596074,VALID,-0.841,-0.830,1
4,5686,114603646,77,9,8208,0,0
37,5686,114603686,10,-81,1,16383,0
13,5688,114613691,1,-1,0,0,0
4,5687,114623789,74,7,8211,0,0
37,5687,114623830,10,-81,1,16383,0
13,5689,114633813,0,0,0,0,0
4,5688,114643875,82,18,8203,0,0
37,5688,114643916,10,-81,1,16383,0
13,5690,114653933,0,1,-1,0,0
4,5689,114664064,76,13,8198,0,0
37,5689,114664105,11,-80,1,16383,0
13,5691,114673933,0,0,0,0,0
4,5690,114684243,91,4,8204,0,0
37,5690,114684284,10,-81,1,16383,0
13,5692,114694096,-1,0,1,0,0
L,114696780,VALID,-0.841,-0.830,1
4,5691,114704299,82,12,8200,0,0
37,5691,114704339,10,-81,1,16383,0
13,5693,114714329,0,1,0,0,0
4,5692,114724435,70,6,8194,0,0
37,5692,114724475,10,-80,1,16383,0
13,5694,114734422,0,-1,0,0,0
4,5693,114744623,83,12,8201,0,0
37,5693,114744663,10,-81,1,16383,0
13,5695,114754562,0,1,-1,0,0
4,5694,114764586,78,17,8208,0,0
37,5694,114764626,11,-80,1,16383,0
13,5696,114774620,0,0,0,0,0
4,5695,114784785,75,20,8204,0,0
37,5695,114784825,11,-80,1,16383,0
13,5697,114794750,0,0,-2,0,0
L,114797407,VALID,-0.848,-0.823,1
4,5696,114804839,81,15,8206,0,0
37,5696,114804879,11,-80,1,16383,0
13,5698,114814878,0,0,-1,0,0
4,5697,114825088,91,19,8205,0,0
37,5697,114825129,12,-81,1,16383,0
13,5699,114834955,0,0,0,0,0
4,5698,114845079,78,12,8199,0,0
37,5698,114845119,12,-81,1,16383,0
13,5700,114855169,0,0,-1,0,0
4,5699,114865275,77,18,8196,0,0
37,5699,114865315,12,-80,1,16383,0
13,5701,114875203,0,1,1,0,0
4,5700,114885378,78,15,8195,0,0
37,5700,114885419,12,-80,1,16383,0
13,5702,114895376,0,0,0,0,0
L,114897956,VALID,-0.855,-0.823,1
4,5701,114905586,93,12,8202,0,0
37,5701,114905627,12,-81,1,16383,0
13,5703,114915455,0,0,0,0,0
4,5702,114925548,82,2,8201,0,0
37,5702,114925589,12,-81,1,16383,0
13,5704,114935659,0,1,0,0,0
4,5703,114945817,79,13,8204,0,0
37,5703,114945857,12,-81,1,16383,0
13,5705,114955781,-1,1,0,0,0
4,5704,114965810,84,14,8205,0,0
37,5704,114965851,12,-81,1,16383,0
13,5706,114975824,0,-1,0,0,0
4,5705,114986095,80,12,8194,0,0
37,5705,114986135,12,-81,1,16383,0
13,5707,114995891,0,1,0,0,0
L,114998462,VALID,-0.855,-0.830,1
4,5706,115006067,83,11,8197,0,0
37,5706,115006107,12,-81,1,16383,0
13,5708,115016011,-1,0,0,0,0
4,5707,115026120,84,6,8201,0,0
37,5707,115026160,12,-81,1,16383,0
13,5709,115036200,0,1,0,0,0
4,5708,115046236,86,12,8206,0,0
37,5708,115046276,12,-81,1,16383,0
13,5710,115056304,1,0,-1,0,0
4,5709,115066408,84,9,8208,0,0
37,5709,115066448,12,-81,1,16383,0
13,5711,115076353,1,0,1,0,0
4,5710,115086512,79,11,8199,0,0
37,5710,115086552,12,-81,1,16383,0
13,5712,115096605,0,2,0,0,0
L,115099193,VALID,-0.855,-0.830,1
4,5711,115106683,81,15,8203,0,0
37,5711,115106723,12,-81,1,16383,0
13,5713,115116647,-1,0,1,0,0
4,5712,115126788,85,16,8198,0,0
37,5712,115126828,12,-81,1,16383,0
13,5714,115136776,0,-1,0,0,0
4,5713,115146932,72,13,8199,0,0
37,5713,115146973,12,-81,1,16383,0
13,5715,115156897,-1,0,0,0,0
4,5714,115166889,87,18,8203,0,0
37,5714,115166929,12,-81,1,16383,0
13,5716,115177025,0,0,0,0,0
4,5715,115187129,80,11,8206,0,0
37,5715,115187169,12,-81,1,16383,0
13,5717,115197119,0,0,1,0,0
L,115199725,VALID,-0.855,-0.830,1
4,5716,115207243,81,12,8212,0,0
37,5716,115207284,12,-81,1,16383,0
13,5718,115217152,0,0,0,0,0
4,5717,115227516,81,13,8202,0,0
37,5717,115227556,12,-81,1,16383,0
13,5719,115237438,0,2,0,0,0
4,5718,115247533,92,16,8205,0,0
37,5718,115247574,12,-81,1,16383,0
13,5720,115257471,-2,-1,0,0,0
4,5719,115267637,85,3,8195,0,0
37,5719,115267678,12,-82,1,16383,0
13,5721,115277644,0,-1,0,0,0
4,5720,115287636,87,17,8200,0,0
37,5720,115287677,12,-82,1,16383,0
13,5722,115297893,0,0,0,0,0
L,115300483,VALID,-0.855,-0.837,1
4,5721,115307924,81,25,8201,0,0
37,5721,115307964,13,-82,1,16383,0
13,5723,115317962,0,0,0,0,0
4,5722,115327971,80,11,8200,0,0
37,5722,115328012,12,-81,1,16383,0
13,5724,115337891,0,0,-1,0,0
4,5723,115348162,79,5,8195,0,0
37,5723,115348203,12,-81,1,16383,0
13,5725,115358183,0,-1,0,0,0
4,5724,115368291,84,11,8206,0,0
37,5724,115368331,12,-82,1,16383,0
13,5726,115378210,0,-1,-1,0,0
4,5725,115388422,86,10,8200,0,0
37,5725,115388462,12,-82,1,16383,0
13,5727,115398332,0,0,0,0,0
L,115400925,VALID,-0.855,-0.837,1
4,5726,115408421,81,2,8211,0,0
37,5726,115408461,12,-82,1,16383,0
13,5728,115418449,0,0,0,0,0
4,5727,115428581,77,12,8203,0,0
37,5727,115428621,12,-82,1,16383,0
13,5729,115438510,-2,0,1,0,0
4,5728,115448735,84,16,8207,0,0
37,5728,115448775,12,-82,1,16383,0
13,5730,115458769,0,1,0,0,0
4,5729,115468935,77,2,8206,0,0
37,5729,115468976,12,-81,1,16383,0
13,5731,115478864,0,0,0,0,0
4,5730,115489010,82,16,8199,0,0
37,5730,115489051,12,-81,1,16383,0
13,5732,115498983,-2,1,1,0,0
L,115501650,VALID,-0.855,-0.830,1
4,5731,115509100,76,7,8204,0,0
37,5731,115509141,11,-81,1,16383,0
13,5733,115519087,-1,0,0,0,0
4,5732,115529183,79,18,8205,0,0
37,5732,115529223,11,-81,1,16383,0
13,5734,115539164,-1,0,1,0,0
4,5733,115549380,77,15,8196,0,0
37,5733,115549421,12,-81,1,16383,0
13,5735,115559310,-2,0,-1,0,0
4,5734,115569502,83,14,8201,0,0
37,5734,115569569,11,-81,1,16383,0
13,5736,115579422,0,0,0,0,0
4,5735,115589613,80,9,8198,0,0
37,5735,115589654,11,-81,1,16383,0
13,5737,115599471,0,0,-1,0,0
L,115602156,VALID,-0.848,-0.830,1
4,5736,115609753,75,18,8204,0,0
37,5736,115609794,12,-80,1,16383,0
13,5738,115619705,0,0,0,0,0
4,5737,115629854,73,13,8203,0,0
37,5737,115629894,12,-80,1,16383,0
13,5739,115639800,1,0,-2,0,0
4,5738,115649922,80,15,8216,0,0
37,5738,115649963,12,-80,1,16383,0
13,5740,115659919,0,-1,-1,0,0
4,5739,115670094,87,12,8203,0,0
37,5739,115670134,12,-81,1,16383,0
13,5741,115680049,0,0,0,0,0
4,5740,115690118,82,12,8210,0,0
37,5740,115690159,12,-81,1,16383,0
13,5742,115700203,0,0,0,0,0
L,115702818,VALID,-0.855,-0.830,1
4,5741,115710416,80,8,8198,0,0
37,5741,115710457,12,-81,1,16383,0
13,5743,115720245,0,2,0,0,0
4,5742,115730549,81,6,8202,0,0
37,5742,115730589,11,-80,1,16383,0
13,5744,115740436,1,0,0,0,0
4,5743,115750609,75,8,8205,0,0
37,5743,115750649,11,-80,1,16383,0
13,5745,115760582,0,-1,0,0,0
4,5744,115770577,85,18,8192,0,0
37,5744,115770618,12,-81,1,16383,0
13,5746,115780780,0,0,-1,0,0
4,5745,115790971,78,9,8191,0,0
37,5745,115791012,12,-80,1,16383,0
13,5747,115800788,0,0,0,0,0
L,115803359,VALID,-0.855,-0.823,1
4,5746,115810919,88,11,8198,0,0
37,5746,115810960,11,-81,1,16383,0
13,5748,115820976,0,2,0,0,0
4,5747,115831150,82,13,8199,0,0
37,5747,115831191,12,-81,1,16383,0
13,5749,115841210,0,0,1,0,0
4,5748,115851247,86,7,8203,0,0
37,5748,115851287,11,-81,1,16383,0
13,5750,115861268,0,0,0,0,0
4,5749,115871453,82,13,8199,0,0
37,5749,115871494,11,-81,1,16383,0
13,5751,115881287,-2,1,0,0,0
4,5750,115891513,93,9,8208,0,0
37,5750,115891553,11,-82,1,16383,0
13,5752,115901441,0,0,-1,0,0
L,115904125,VALID,-0.848,-0.837,1
4,5751,115911670,85,6,8197,0,0
37,5751,115911710,11,-82,1,16383,0
13,5753,115921562,0,1,0,0,0
4,5752,115931691,87,7,8201,0,0
37,5752,115931732,11,-82,1,16383,0
13,5754,115941794,-1,0,1,0,0
4,5753,115951978,84,14,8207,0,0
37,5753,115952019,11,-82,1,16383,0
13,5755,115961845,0,0,-1,0,0
4,5754,115971890,81,10,8196,0,0
37,5754,115971930,11,-82,1,16383,0
13,5756,115981991,0,0,0,0,0
4,5755,115992200,84,10,8196,0,0
37,5755,115992241,11,-82,1,16383,0
13,5757,116002128,0,0,0,0,0
L,116004709,VALID,-0.848,-0.837,1
4,5756,116012158,82,17,8210,0,0
37,5756,116012198,11,-82,1,16383,0
13,5758,116022249,0,0,-1,0,0
4,5757,116032337,82,17,8200,0,0
37,5757,116032377,12,-82,1,16383,0
13,5759,116042344,0,2,-2,0,0
4,5758,116052473,85,5,8205,0,0
37,5758,116052514,11,-82,1,16383,0
13,5760,116062437,0,0,0,0,0
4,5759,116072627,80,4,8205,0,0
37,5759,116072667,11,-82,1,16383,0
13,5761,116082592,0,-1,0,0,0
4,5760,116092691,81,26,8199,0,0
37,5760,116092731,12,-82,1,16383,0
13,5762,116102653,0,0,0,0,0
L,116105249,VALID,-0.855,-0.837,1
4,5761,116112897,74,5,8193,0,0
37,5761,116112938,11,-82,1,16383,0
13,5763,116122866,-1,-1,0,0,0
4,5762,116132941,81,6,8202,0,0
37,5762,116132982,11,-82,1,16383,0
13,5764,116142944,-2,1,0,0,0
4,5763,116153056,91,4,8194,0,0
37,5763,116153096,10,-82,1,16383,0
13,5765,116163082,1,1,0,0,0
4,5764,116173125,80,9,8198,0,0
37,5764,116173166,10,-82,1,16383,0
13,5766,116183080,0,-1,0,0,0
4,5765,116193471,80,17,8202,0,0
37,5765,116193512,11,-82,1,16383,0
13,5767,116203263,0,0,-1,0,0
L,116205946,VALID,-0.848,-0.837,1
4,5766,116213370,91,13,8201,0,0
37,5766,116213411,11,-82,1,16383,0
13,5768,116223426,-1,0,0,0,0
4,5767,116233610,78,6,8204,0,0
37,5767,116233650,10,-82,1,16383,0
13,5769,116243545,0,0,0,0,0
4,5768,116253651,83,9,8190,0,0
37,5768,116253691,10,-82,1,16383,0
13,5770,116263675,0,0,0,0,0
4,5769,116273815,82,15,8208,0,0
37,5769,116273855,11,-82,1,16383,0
13,5771,116283701,-1,0,0,0,0
4,5770,116293908,82,14,8200,0,0
37,5770,116293948,11,-82,1,16383,0
13,5772,116303907,0,0,0,0,0
L,116306504,VALID,-0.848,-0.837,1
4,5771,116314014,84,12,8213,0,0
37,5771,116314054,11,-82,1,16383,0
13,5773,116324018,0,0,0,0,0
4,5772,116334069,82,15,8204,0,0
37,5772,116334110,11,-82,1,16383,0
13,5774,116344086,-1,2,0,0,0
4,5773,116354303,80,12,8207,0,0
37,5773,116354343,11,-82,1,16383,0
13,5775,116364267,-1,0,0,0,0
4,5774,116374363,73,21,8200,0,0
37,5774,116374403,11,-81,1,16383,0
13,5776,116384352,0,0,1,0,0
4,5775,116394536,77,18,8199,0,0
37,5775,116394577,12,-81,1,16383,0
13,5777,116404500,0,-1,0,0,0
L,116407157,VALID,-0.855,-0.830,1
4,5776,116414607,85,14,8192,0,0
37,5776,116414647,12,-82,1,16383,0
13,5778,116424542,-1,0,0,0,0
4,5777,116434800,87,11,8208,0,0
37,5777,116434840,12,-82,1,16383,0
13,5779,116444774,0,-2,0,0,0
4,5778,116454828,87,7,8200,0,0
37,5778,116454896,12,-82,1,16383,0
13,5780,116464832,0,0,0,0,0
4,5779,116474965,78,18,8200,0,0
37,5779,116475005,12,-82,1,16383,0
13,5781,116484938,1,0,0,0,0
4,5780,116495110,81,19,8203,0,0
37,5780,116495151,12,-82,1,16383,0
13,5782,116505005,0,0,0,0,0
L,116507585,VALID,-0.855,-0.837,1
4,5781,116515233,77,6,8202,0,0
37,5781,116515273,12,-82,1,16383,0
13,5783,116525152,-1,1,0,0,0
4,5782,116535195,75,11,8204,0,0
37,5782,116535235,12,-81,1,16383,0
13,5784,116545314,0,-1,-1,0,0
4,5783,116555420,86,12,8199,0,0
37,5783,116555461,12,-82,1,16383,0
13,5785,116565409,0,0,1,0,0
4,5784,116575418,78,17,8206,0,0
37,5784,116575459,12,-82,1,16383,0
13,5786,116585494,-1,0,0,0,0
4,5785,116595704,80,17,8194,0,0
37,5785,116595745,12,-82,1,16383,0
13,5787,116605753,-1,1,-1,0,0
L,116608551,VALID,-0.855,-0.837,1
4,5786,116615835,85,0,8198,0,0
37,5786,116615875,12,-82,1,16383,0
13,5788,116625795,-2,0,0,0,0
4,5787,116635979,83,12,8195,0,0
37,5787,116636019,12,-82,1,16383,0
13,5789,116645909,2,0,0,0,0
4,5788,116655959,85,14,8196,0,0
37,5788,116655999,12,-82,1,16383,0
13,5790,116666046,0,0,-2,0,0
4,5789,116676132,84,4,8200,0,0
37,5789,116676173,12,-82,1,16383,0
13,5791,116686174,-1,0,1,0,0
4,5790,116696244,77,18,8202,0,0
37,5790,116696285,12,-82,1,16383,0
13,5792,116706310,0,0,0,0,0
L,116708900,VALID,-0.855,-0.837,1
4,5791,116716430,89,14,8203,0,0
37,5791,116716470,12,-82,1,16383,0
13,5793,116726327,0,0,1,0,0
4,5792,116736570,78,9,8201,0,0
37,5792,116736611,12,-82,1,16383,0
13,5794,116746577,-2,1,0,0,0
4,5793,116756805,80,7,8204,0,0
37,5793,116756846,11,-82,1,16383,0
13,5795,116766663,-1,0,0,0,0
4,5794,116776741,88,7,8209,0,0
37,5794,116776782,11,-82,1,16383,0
13,5796,116786818,0,-2,-2,0,0
4,5795,116796873,85,10,8200,0,0
37,5795,116796913,11,-83,1,16383,0
13,5797,116807034,0,2,0,0,0
L,116809632,VALID,-0.848,-0.844,1
4,5796,116817021,88,13,8210,0,0
37,5796,116817062,11,-83,1,16383,0
13,5798,116827110,-1,2,0,0,0
4,5797,116837268,78,6,8192,0,0
37,5797,116837308,11,-82,1,16383,0
13,5799,116847083,0,0,0,0,0
4,5798,116857259,80,11,8204,0,0
37,5798,116857300,11,-82,1,16383,0
13,5800,116867351,0,0,0,0,0
4,5799,116877457,75,9,8202,0,0
37,5799,116877497,11,-82,1,16383,0
13,5801,116887384,0,0,0,0,0
4,5800,116897490,84,16,8199,0,0
37,5800,116897530,11,-82,1,16383,0
13,5802,116907506,0,1,0,0,0
L,116910103,VALID,-0.848,-0.837,1
4,5801,116917690,80,16,8207,0,0
37,5801,116917730,11,-81,1,16383,0
13,5803,116927635,0,0,1,0,0
4,5802,116937713,88,12,8206,0,0
37,5802,116937753,11,-82,1,16383,0
13,5804,116947677,0,2,0,0,0
4,5803,116957987,86,11,8203,0,0
37,5803,116958028,11,-82,1,16383,0
13,5805,116967892,0,2,-1,0,0
4,5804,116977982,90,7,8207,0,0
37,5804,116978022,11,-82,1,16383,0
13,5806,116988039,0,-1,1,0,0
4,5805,116998221,85,5,8197,0,0
37,5805,116998261,11,-82,1,16383,0
13,5807,117008106,0,0,-1,0,0
L,117010773,VALID,-0.848,-0.837,1
4,5806,117018232,90,4,8195,0,0
37,5806,117018272,11,-82,1,16383,0
13,5808,117028270,1,1,0,0,0
4,5807,117038401,80,12,8208,0,0
37,5807,117038441,11,-82,1,16383,0
13,5809,117048357,1,0,0,0,0
4,5808,117058495,85,12,8199,0,0
37,5808,117058535,11,-83,1,16383,0
13,5810,117068503,0,0,0,0,0
4,5809,117078868,77,12,8201,0,0
37,5809,117078908,11,-82,1,16383,0
13,5811,117088598,0,2,-1,0,0
4,5810,117098781,85,11,8199,0,0
37,5810,117098821,11,-82,1,16383,0
13,5812,117108726,0,1,-1,0,0
L,117111383,VALID,-0.848,-0.837,1
4,5811,117118988,75,8,8206,0,0
37,5811,117119028,11,-82,1,16383,0
13,5813,117128898,-1,2,0,0,0
4,5812,117139038,88,8,8202,0,0
37,5812,117139079,11,-82,1,16383,0
13,5814,117149009,0,1,0,0,0
4,5813,117159244,87,5,8204,0,0
37,5813,117159284,11,-82,0,16383,0
13,5815,117169138,0,0,-1,0,0
4,5814,117179251,82,10,8201,0,0
37,5814,117179292,11,-82,0,16383,0
13,5816,117189276,1,1,0,0,0
4,5815,117199346,86,6,8202,0,0
37,5815,117199386,11,-82,0,16383,0
13,5817,117209387,0,0,0,0,0
L,117211993,VALID,-0.848,-0.837,1
4,5816,117219540,76,12,8204,0,0
37,5816,117219580,11,-82,0,16383,0
13,5818,117229447,0,-3,0,0,0
4,5817,117239863,84,10,8210,0,0
37,5817,117239903,11,-82,0,16383,0
13,5819,117249698,0,0,0,0,0
4,5818,117259792,85,14,8195,0,0
37,5818,117259832,11,-82,0,16383,0
13,5820,117269818,0,0,0,0,0
4,5819,117279880,78,13,8207,0,0
37,5819,117279920,11,-82,0,16383,0
13,5821,117289980,0,0,0,0,0
4,5820,117300069,82,13,8207,0,0
37,5820,117300109,11,-82,0,16383,0
13,5822,117310024,1,1,1,0,0
L,117312603,VALID,-0.848,-0.837,1
4,5821,117320251,87,15,8200,0,0
37,5821,117320292,11,-82,1,16383,0
13,5823,117330195,0,1,-1,0,0
4,5822,117340337,90,4,8212,0,0
37,5822,117340378,11,-82,1,16383,0
13,5824,117350411,0,0,0,0,0
4,5823,117360515,78,21,8192,0,0
37,5823,117360556,12,-82,1,16383,0
13,5825,117370496,0,-1,-1,0,0
4,5824,117380551,82,10,8205,0,0
37,5824,117380591,11,-82,1,16383,0
13,5826,117390496,0,0,0,0,0
4,5825,117400798,87,16,8207,0,0
37,5825,117400839,12,-83,1,16383,0
13,5827,117410652,0,-2,0,0,0
L,117413326,VALID,-0.855,-0.844,1
4,5826,117420819,78,8,8208,0,0
37,5826,117420859,12,-83,1,16383,0
13,5828,117430772,0,-1,0,0,0
4,5827,117440927,79,11,8205,0,0
37,5827,117440967,12,-82,1,16383,0
13,5829,117451003,1,1,0,0,0
4,5828,117461048,79,7,8200,0,0
37,5828,117461116,12,-82,1,16383,0
13,5830,117471089,0,-1,1,0,0
4,5829,117481223,81,14,8199,0,0
37,5829,117481263,12,-82,1,16383,0
13,5831,117491227,0,0,-1,0,0
4,5830,117501410,77,7,8198,0,0
37,5830,117501450,12,-82,1,16383,0
13,5832,117511321,0,0,0,0,0
L,117513893,VALID,-0.855,-0.837,1
4,5831,117521428,83,11,8205,0,0
37,5831,117521468,12,-82,1,16383,0
13,5833,117531425,0,1,0,0,0
4,5832,117541469,77,0,8202,0,0
37,5832,117541508,11,-82,0,16383,0
13,5834,117551553,0,1,0,0,0
4,5833,117561804,79,11,8196,0,0
37,5833,117561845,11,-81,0,16383,0
13,5835,117571674,0,0,-1,0,0
4,5834,117581812,81,14,8203,0,0
37,5834,117581880,11,-81,0,16383,0
13,5836,117591836,1,0,0,0,0
4,5835,117601969,79,8,8196,0,0
37,5835,117602010,11,-81,0,16383,0
13,5837,117611863,-2,0,0,0,0
L,117614529,VALID,-0.848,-0.830,1
4,5836,117622047,82,8,8201,0,0
37,5836,117622088,11,-81,0,16383,0
13,5838,117632120,0,0,0,0,0
4,5837,117642260,82,9,8204,0,0
37,5837,117642301,11,-81,0,16383,0
13,5839,117652250,0,0,0,0,0
4,5838,117662284,81,4,8207,0,0
37,5838,117662324,10,-81,0,16383,0
13,5840,117672335,0,0,0,0,0
4,5839,117682474,75,7,8203,0,0
37,5839,117682515,10,-81,0,16383,0
13,5841,117692387,0,0,1,0,0
4,5840,117702671,87,5,8203,0,0
37,5840,117702739,10,-81,0,16383,0
13,5842,117712575,2,0,1,0,0
L,117715191,VALID,-0.841,-0.830,1
4,5841,117722807,85,5,8202,0,0
37,5841,117722848,10,-81,1,16383,0
13,5843,117732775,0,0,0,0,0
4,5842,117742913,75,10,8210,0,0
37,5842,117742953,10,-81,1,16383,0
13,5844,117752894,0,0,0,0,0
4,5843,117763042,82,9,8205,0,0
37,5843,117763083,10,-81,1,16383,0
13,5845,117773024,-1,0,0,0,0
4,5844,117783068,83,9,8204,0,0
37,5844,117783109,10,-81,1,16383,0
13,5846,117793065,0,1,1,0,0
4,5845,117803369,86,21,8210,0,0
37,5845,117803409,10,-81,1,16383,0
13,5847,117813230,1,1,0,0,0
L,117815827,VALID,-0.841,-0.830,1
4,5846,117823337,81,13,8197,0,0
37,5846,117823377,10,-81,1,16383,0
13,5848,117833409,-1,-2,0,0,0
4,5847,117843527,89,13,8198,0,0
37,5847,117843567,10,-82,1,16383,0
13,5849,117853497,0,-1,1,0,0
4,5848,117863622,92,17,8198,0,0
37,5848,117863662,11,-82,1,16383,0
13,5850,117873668,0,1,0,0,0
4,5849,117883807,88,7,8207,0,0
37,5849,117883847,11,-83,1,16383,0
13,5851,117893736,0,0,1,0,0
4,5850,117903902,77,6,8215,0,0
37,5850,117903943,10,-82,1,16383,0
13,5852,117913917,0,0,0,0,0
L,117916489,VALID,-0.841,-0.837,1
4,5851,117924085,77,10,8200,0,0
37,5851,117924125,10,-82,1,16383,0
13,5853,117933961,0,0,0,0,0
4,5852,117944081,82,19,8206,0,0
37,5852,117944122,11,-82,1,16383,0
13,5854,117954227,-1,1,0,0,0
4,5853,117964411,83,15,8199,0,0
37,5853,117964452,11,-82,1,16383,0
13,5855,117974297,0,-2,0,0,0
4,5854,117984377,78,16,8198,0,0
37,5854,117984418,11,-82,1,16383,0
13,5856,117994382,0,1,0,0,0
4,5855,118004564,84,9,8202,0,0
37,5855,118004604,11,-82,1,16383,0
13,5857,118014449,2,-1,1,0,0
L,118017116,VALID,-0.848,-0.837,1
4,5856,118024575,79,9,8206,0,0
37,5856,118024615,11,-82,1,16383,0
13,5858,118034612,0,0,-1,0,0
4,5857,118044735,71,11,8206,0,0
37,5857,118044775,11,-81,1,16383,0
13,5859,118054768,0,0,2,0,0
4,5858,118064838,79,10,8197,0,0
37,5858,118064878,11,-81,1,16383,0
13,5860,118074853,0,0,1,0,0
4,5859,118084924,86,15,8204,0,0
37,5859,118084964,11,-81,2,16383,0
13,5861,118094939,0,3,0,0,0
4,5860,118105079,84,14,8207,0,0
37,5860,118105120,12,-81,1,16383,0
13,5862,118115179,0,0,-1,0,0
L,118117839,VALID,-0.855,-0.830,1
4,5861,118125331,83,17,8202,0,0
37,5861,118125372,12,-81,1,16383,0
13,5863,118135258,2,0,-1,0,0
4,5862,118145319,81,3,8209,0,0
37,5862,118145360,12,-82,1,16383,0
13,5864,118155351,0,0,0,0,0
4,5863,118165430,78,14,8202,0,0
37,5863,118165470,12,-81,1,16383,0
13,5865,118175421,-1,0,-1,0,0
4,5864,118185438,77,11,8195,0,0
37,5864,118185479,12,-81,1,16383,0
13,5866,118195532,0,-1,1,0,0
4,5865,118205748,80,9,8203,0,0
37,5865,118205789,11,-81,1,16383,0
13,5867,118215686,1,0,0,0,0
L,118218310,VALID,-0.848,-0.830,1
4,5866,118225727,89,2,8194,0,0
37,5866,118225767,11,-81,1,16383,0
13,5868,118235711,0,0,-1,0,0
4,5867,118245982,79,7,8206,0,0
37,5867,118246022,11,-81,1,16383,0
13,5869,118255909,0,-1,0,0,0
4,5868,118265998,82,12,8200,0,0
37,5868,118266038,11,-81,1,16383,0
13,5870,118275969,0,0,0,0,0
4,5869,118286161,76,12,8207,0,0
37,5869,118286201,11,-81,1,16383,0
13,5871,118296125,-1,0,0,0,0
4,5870,118306134,85,13,8206,0,0
37,5870,118306174,11,-81,1,16383,0
13,5872,118316340,0,0,-1,0,0
L,118319050,VALID,-0.848,-0.830,1
4,5871,118326319,88,10,8197,0,0
37,5871,118326359,11,-81,1,16383,0
13,5873,118336424,0,0,2,0,0
4,5872,118346417,81,10,8208,0,0
37,5872,118346458,11,-81,2,16383,0
13,5874,118356363,0,-1,0,0,0
4,5873,118366658,85,14,8201,0,0
37,5873,118366699,11,-82,1,16383,0
13,5875,118376631,1,0,-1,0,0
4,5874,118386737,89,7,8193,0,0
37,5874,118386778,11,-82,1,16383,0
13,5876,118396664,0,0,1,0,0
4,5875,118406813,81,8,8195,0,0
37,5875,118406854,11,-82,1,16383,0
13,5877,118416794,0,1,0,0,0
L,118419382,VALID,-0.848,-0.837,1
4,5876,118426866,87,3,8198,0,0
37,5876,118426906,11,-82,1,16383,0
13,5878,118436897,1,0,0,0,0
4,5877,118447104,82,10,8205,0,0
37,5877,118447144,11,-82,2,16383,0
13,5879,118456931,0,0,1,0,0
4,5878,118467217,75,15,8202,0,0
37,5878,118467257,11,-82,2,16383,0
13,5880,118477242,-2,0,0,0,0
4,5879,118487298,88,2,8192,0,0
37,5879,118487338,11,-82,1,16383,0
13,5881,118497284,0,1,0,0,0
4,5880,118507465,83,9,8208,0,0
37,5880,118507506,11,-82,2,16383,0
13,5882,118517394,1,0,0,0,0
L,118519957,VALID,-0.848,-0.837,1
4,5881,118527604,87,11,8204,0,0
37,5881,118527644,11,-82,1,16383,0
13,5883,118537568,0,0,0,0,0
4,5882,118547620,88,13,8197,0,0
37,5882,118547660,11,-83,2,16383,0
13,5884,118557662,-1,-1,0,0,0
4,5883,118567827,85,8,8207,0,0
37,5883,118567867,11,-83,1,16383,0
13,5885,118577747,0,0,0,0,0
4,5884,118588016,82,19,8191,0,0
37,5884,118588057,11,-83,1,16383,0
13,5886,118597876,0,0,0,0,0
4,5885,118608144,78,12,8196,0,0
37,5885,118608184,11,-82,1,16383,0
13,5887,118617989,1,1,1,0,0
L,118620567,VALID,-0.848,-0.837,1
4,5886,118628198,82,17,8213,0,0
37,5886,118628239,11,-82,1,16383,0
13,5888,118638151,0,-2,0,0,0
4,5887,118648283,81,11,8200,0,0
37,5887,118648324,12,-82,1,16383,0
13,5889,118658272,0,2,0,0,0
4,5888,118668399,84,16,8205,0,0
37,5888,118668440,12,-82,2,16383,0
13,5890,118678401,0,1,0,0,0
4,5889,118688591,78,7,8206,0,0
37,5889,118688631,12,-82,2,16383,0
13,5891,118698495,0,0,0,0,0
4,5890,118708572,81,14,8210,0,0
37,5890,118708613,12,-82,2,16383,0
13,5892,118718597,1,0,3,0,0
L,118721194,VALID,-0.855,-0.837,1
4,5891,118728802,84,17,8200,0,0
37,5891,118728842,12,-82,2,16383,0
13,5893,118738693,0,1,0,0,0
4,5892,118748962,83,8,8201,0,0
37,5892,118749002,12,-82,2,16383,0
13,5894,118758863,0,-1,0,0,0
4,5893,118769048,83,13,8200,0,0
37,5893,118769088,12,-82,2,16383,0
13,5895,118778976,0,2,-1,0,0
4,5894,118789063,77,4,8205,0,0
37,5894,118789104,12,-82,2,16383,0
13,5896,118799190,-1,0,-1,0,0
4,5895,118809314,87,15,8206,0,0
37,5895,118809355,12,-82,2,16383,0
13,5897,118819208,0,-1,0,0,0
L,118821900,VALID,-0.855,-0.837,1
4,5896,118829332,78,6,8196,0,0
37,5896,118829373,12,-82,2,16383,0
13,5898,118839401,0,0,0,0,0
4,5897,118849631,78,19,8198,0,0
37,5897,118849672,12,-82,2,16383,0
13,5899,118859588,0,0,1,0,0
4,5898,118869639,79,1,8210,0,0
37,5898,118869680,11,-82,2,16383,0
13,5900,118879662,1,1,0,0,0
4,5899,118889750,85,9,8197,0,0
37,5899,118889790,11,-82,2,16383,0
13,5901,118899635,0,1,0,0,0
4,5900,118909871,80,11,8201,0,0
37,5900,118909911,11,-82,2,16383,0
13,5902,118919800,0,-1,0,0,0
L,118922484,VALID,-0.848,-0.837,1
4,5901,118930062,84,12,8203,0,0
37,5901,118930102,11,-82,2,16383,0
13,5903,118939904,0,0,0,0,0
4,5902,118950039,82,6,8203,0,0
37,5902,118950079,11,-82,2,16383,0
13,5904,118960152,0,-1,1,0,0
4,5903,118970276,80,12,8203,0,0
37,5903,118970317,11,-82,2,16383,0
13,5905,118980249,0,1,0,0,0
4,5904,118990278,75,12,8202,0,0
37,5904,118990318,11,-82,2,16383,0
13,5906,119000366,0,0,0,0,0
4,5905,119010601,79,10,8206,0,0
37,5905,119010641,11,-81,2,16383,0
13,5907,119020489,0,1,-1,0,0
L,119023172,VALID,-0.848,-0.830,1
4,5906,119030553,83,13,8205,0,0
37,5906,119030593,11,-82,2,16383,0
13,5908,119040574,0,-1,0,0,0
4,5907,119050669,82,12,8203,0,0
37,5907,119050710,11,-82,2,16383,0
13,5909,119060737,0,0,0,0,0
4,5908,119070823,82,9,8211,0,0
37,5908,119070863,11,-82,2,16383,0
13,5910,119080771,0,-1,0,0,0
4,5909,119091057,80,12,8199,0,0
37,5909,119091098,11,-82,2,16383,0
13,5911,119100996,2,0,-1,0,0
4,5910,119111077,78,11,8205,0,0
37,5910,119111117,12,-82,2,16383,0
13,5912,119120995,0,-1,0,0,0
L,119123660,VALID,-0.855,-0.837,1
4,5911,119131196,91,8,8190,0,0
37,5911,119131237,11,-82,2,16383,0
13,5913,119141234,0,0,0,0,0
4,5912,119151255,83,15,8205,0,0
37,5912,119151295,11,-82,1,16383,0
13,5914,119161321,1,0,0,0,0
4,5913,119171519,80,19,8200,0,0
37,5913,119171559,12,-82,1,16383,0
13,5915,119181459,0,0,0,0,0
4,5914,119191536,80,0,8203,0,0
37,5914,119191576,11,-82,1,16383,0
13,5916,119201484,0,-1,0,0,0
4,5915,119211832,85,6,8206,0,0
37,5915,119211872,11,-82,1,16383,0
13,5917,119221690,-1,-1,-1,0,0
L,119224574,VALID,-0.848,-0.837,1
4,5916,119231852,84,13,8195,0,0
37,5916,119231892,11,-82,1,16383,0
13,5918,119241890,1,0,0,0,0
4,5917,119252114,80,10,8197,0,0
37,5917,119252155,11,-82,1,16383,0
13,5919,119262018,1,0,0,0,0
4,5918,119272072,89,19,8206,0,0
37,5918,119272112,12,-82,1,16383,0
13,5920,119282087,0,0,1,0,0
4,5919,119292213,77,6,8203,0,0
37,5919,119292253,11,-82,1,16383,0
13,5921,119302163,0,0,-1,0,0
4,5920,119312319,88,7,8203,0,0
37,5920,119312360,11,-82,1,16383,0
13,5922,119322353,1,-1,0,0,0
L,119325037,VALID,-0.848,-0.837,1
4,5921,119332478,78,13,8208,0,0
37,5921,119332518,11,-82,1,16383,0
13,5923,119342455,0,0,0,0,0
4,5922,119352553,79,4,8194,0,0
37,5922,119352594,11,-82,1,16383,0
13,5924,119362567,-1,0,0,0,0
4,5923,119372717,92,9,8199,0,0
37,5923,119372757,11,-82,1,16383,0
13,5925,119382747,-1,-1,0,0,0
4,5924,119392823,88,7,8211,0,0
37,5924,119392864,10,-83,1,16383,0
13,5926,119402825,0,1,0,0,0
4,5925,119413067,82,9,8205,0,0
37,5925,119413107,10,-83,1,16383,0
13,5927,119422963,-2,-1,0,0,0
L,119425725,VALID,-0.841,-0.844,1
4,5926,119433114,83,19,8203,0,0
37,5926,119433155,11,-83,1,16383,0
13,5928,119443057,0,0,-2,0,0
4,5927,119453222,86,9,8203,0,0
37,5927,119453262,10,-83,1,16383,0
13,5929,119463323,0,0,0,0,0
4,5928,119473404,89,7,8199,0,0
37,5928,119473445,10,-83,1,16383,0
13,5930,119483427,1,1,0,0,0
4,5929,119493620,81,4,8198,0,0
37,5929,119493661,10,-83,1,16383,0
13,5931,119503522,0,0,-1,0,0
4,5930,119513705,77,13,8202,0,0
37,5930,119513746,10,-83,1,16383,0
13,5932,119523607,-1,1,0,0,0
L,119526326,VALID,-0.841,-0.844,1
4,5931,119533819,86,13,8204,0,0
37,5931,119533859,10,-83,1,16383,0
13,5933,119543772,-1,0,0,0,0
4,5932,119553875,82,12,8200,0,0
37,5932,119553916,10,-83,1,16383,0
13,5934,119563952,0,1,-1,0,0
4,5933,119574160,78,18,8198,0,0
37,5933,119574201,10,-83,1,16383,0
13,5935,119584106,0,0,0,0,0
4,5934,119594142,83,4,8204,0,0
37,5934,119594183,10,-83,1,16383,0
13,5936,119604199,0,-1,0,0,0
4,5935,119614377,80,23,8201,0,0
37,5935,119614417,10,-83,1,16383,0
13,5937,119624459,0,-1,0,0,0
L,119627127,VALID,-0.841,-0.844,1
4,5936,119634532,90,10,8200,0,0
37,5936,119634573,10,-83,1,16383,0
13,5938,119644537,0,-2,0,0,0
4,5937,119654755,85,15,8196,0,0
37,5937,119654796,11,-83,1,16383,0
13,5939,119664676,0,0,0,0,0
4,5938,119674719,90,9,8202,0,0
37,5938,119674759,11,-84,1,16383,0
13,5940,119684760,0,0,-1,0,0
4,5939,119694840,83,12,8210,0,0
37,5939,119694880,11,-84,1,16383,0
13,5941,119704923,0,-1,0,0,0
4,5940,119714951,83,10,8199,0,0
37,5940,119714991,11,-84,1,16383,0
13,5942,119725008,0,0,0,0,0
L,119727598,VALID,-0.848,-0.851,1
4,5941,119735214,78,8,8209,0,0
37,5941,119735254,11,-83,1,16383,0
13,5943,119745079,-1,0,1,0,0
4,5942,119755323,85,15,8204,0,0
37,5942,119755363,11,-83,1,16383,0
13,5944,119765284,0,1,-1,0,0
4,5943,119775442,69,6,8196,0,0
37,5943,119775482,11,-83,1,16383,0
13,5945,119785378,0,1,0,0,0
4,5944,119795468,80,10,8208,0,0
37,5944,119795509,11,-83,1,16383,0
13,5946,119805543,0,-2,0,0,0
4,5945,119815673,81,11,8200,0,0
37,5945,119815713,11,-83,1,16383,0
13,5947,119825774,0,-2,1,0,0
L,119828486,VALID,-0.848,-0.844,1
4,5946,119835746,83,9,8208,0,0
37,5946,119835786,11,-83,1,16383,0
13,5948,119845895,0,-1,-1,0,0
4,5947,119855945,80,10,8212,0,0
37,5947,119855985,11,-83,1,16383,0
13,5949,119865861,-1,-2,0,0,0
4,5948,119876061,77,17,8200,0,0
37,5948,119876102,11,-83,1,16383,0
13,5950,119886092,-1,0,0,0,0
4,5949,119896319,82,10,8204,0,0
37,5949,119896360,11,-83,1,16383,0
13,5951,119906180,0,0,0,0,0
4,5950,119916292,92,15,8202,0,0
37,5950,119916332,11,-83,1,16383,0
13,5952,119926308,-2,0,-1,0,0
L,119929078,VALID,-0.848,-0.844,1
4,5951,119936459,80,7,8198,0,0
37,5951,119936499,10,-83,1,16383,0
13,5953,119946437,0,0,0,0,0
4,5952,119956566,86,13,8204,0,0
37,5952,119956606,11,-83,1,16383,0
13,5954,119966504,0,-1,0,0,0
4,5953,119976836,81,17,8195,0,0
37,5953,119976876,11,-83,1,16383,0
13,5955,119986748,0,0,0,0,0
4,5954,119996811,80,10,8205,0,0
37,5954,119996852,11,-83,1,16383,0
# CONFIG,end,4,50.000,0,4,0
# CONFIG,end,13,50.000,0,1000,0
# CONFIG,end,37,50.000,0,1,0
# END,accel_events=5954,gyro_events=5955,quaternion_events=5954,queue_dropped=0,malformed=0,max_poll_gap_us=148634
# Reset the board before another capture.

# EXPERIMENT,lean
# cues_relative_to_first_VALID_reading_us
# PLANNED_CUE,0,CALIBRATED: keep upright for 5 seconds. Right lean is positive; nose-up pitch is positive.
# PLANNED_CUE,5000000,LEAN RIGHT about 25 degrees over 5 seconds, then hold.
# PLANNED_CUE,15000000,KEEP RIGHT LEAN: raise the front about 15 degrees over 5 seconds, then hold.
# PLANNED_CUE,25000000,KEEP RIGHT LEAN: return the front to level over 5 seconds, then hold.
# PLANNED_CUE,35000000,KEEP RIGHT LEAN: lower the front about 15 degrees over 5 seconds, then hold.
# PLANNED_CUE,45000000,RETURN UPRIGHT AND LEVEL over 5 seconds, then hold.
# PLANNED_CUE,55000000,LEAN LEFT about 25 degrees over 5 seconds, then hold.
# PLANNED_CUE,65000000,KEEP LEFT LEAN: raise the front about 15 degrees over 5 seconds, then hold.
# PLANNED_CUE,75000000,KEEP LEFT LEAN: return the front to level over 5 seconds, then hold.
# PLANNED_CUE,85000000,KEEP LEFT LEAN: lower the front about 15 degrees over 5 seconds, then hold.
# PLANNED_CUE,95000000,RETURN UPRIGHT AND LEVEL over 5 seconds; leave still until finished.
