Bootloader starting
NRF_POWER->GPREGRET2 = 0004
CONFIG_GPIO_AS_PINRESET NOT defined
BHI260/BHA260 found. Product ID read 89
Loading firmware. Boot status: 11
No BHY UPDATE file found!
No ANNA_UPDATE_FILE found. Starting main application
Ä$≈ÖçïÅthe box still. Send s to capture 5 s startup + 30 s stationary data.
# NICLA_DIAGNOSTIC_V1
# Arduino_BHY2=1.0.8; corrected counts; no orientation or BLE output
# configuration_read_attempts=3
# CONFIG,phase,sensor_id,rate_hz,latency_ms,range,sensitivity
# startup_us=5000000,duration_us=35000000
# host_us is delivery time; hardware timestamps and upstream loss are not exposed
sensor_id,sequence,host_us,x_counts,y_counts,z_counts
# CONFIG_READ_FAILURE,phase=start,sensor_id=4,attempt=1,status=-5,bytes=4,expected_bytes=12
# CONFIG,start,4,100.000,0,4,0
# CONFIG,start,13,100.000,0,1000,0
4,1,135432,-101,-328,-7709
4,2,138248,-81,-321,-7705
13,1,138270,14,-19,-11
4,3,138296,-76,-322,-7723
13,2,138318,14,-22,-11
4,4,138340,-85,-328,-7727
13,3,138362,14,-23,-12
4,5,145458,-88,-328,-7714
13,4,145480,14,-19,-14
4,6,154738,-80,-328,-7715
13,5,154760,13,-18,-12
4,7,164563,-80,-324,-7726
13,6,164586,11,-21,-13
4,8,174688,-82,-327,-7710
13,7,174710,14,-23,-13
4,9,184722,-84,-335,-7707
13,8,184744,14,-22,-10
4,10,194884,-84,-329,-7710
13,9,194907,11,-19,-13
4,11,204777,-83,-323,-7732
13,10,204799,12,-21,-15
4,12,214885,-87,-328,-7722
13,11,214907,13,-22,-12
4,13,224912,-80,-325,-7718
13,12,224934,12,-19,-11
4,14,235039,-89,-336,-7714
13,13,235061,12,-19,-12
4,15,245026,-87,-332,-7719
13,14,245048,11,-21,-11
4,16,255112,-76,-330,-7707
13,15,255134,11,-20,-11
4,17,265140,-89,-328,-7724
13,16,265162,15,-20,-13
4,18,275325,-81,-331,-7722
13,17,275347,14,-18,-12
4,19,285244,-86,-327,-7717
13,18,285267,13,-20,-13
4,20,295328,-83,-332,-7723
13,19,295350,12,-23,-11
4,21,305453,-78,-323,-7712
13,20,305475,10,-21,-11
4,22,315532,-83,-333,-7723
13,21,315554,13,-18,-11
4,23,325527,-79,-335,-7716
13,22,325549,13,-20,-14
4,24,335641,-76,-329,-7727
13,23,335663,12,-21,-13
4,25,345636,-88,-325,-7740
13,24,345658,13,-20,-12
4,26,355865,-95,-322,-7721
13,25,355887,13,-21,-12
4,27,365804,-88,-335,-7720
13,26,365826,13,-21,-13
4,28,375804,-89,-338,-7722
13,27,375826,12,-20,-13
4,29,385859,-88,-331,-7721
13,28,385881,13,-22,-10
4,30,395997,-80,-320,-7724
13,29,396019,12,-19,-12
4,31,405931,-88,-329,-7724
13,30,405952,13,-19,-12
4,32,416044,-88,-322,-7726
13,31,416066,12,-22,-13
4,33,426039,-81,-332,-7715
13,32,426061,11,-19,-11
4,34,436260,-90,-331,-7727
13,33,436282,12,-20,-13
4,35,446227,-75,-324,-7731
13,34,446249,13,-23,-12
4,36,456295,-82,-324,-7723
13,35,456317,13,-20,-12
4,37,466345,-88,-331,-7718
13,36,466367,14,-19,-12
4,38,476427,-82,-325,-7723
13,37,476449,15,-21,-11
4,39,486488,-88,-332,-7718
13,38,486510,13,-21,-11
4,40,496491,-82,-327,-7734
13,39,496513,13,-19,-11
4,41,506514,-85,-333,-7725
13,40,506536,12,-18,-10
4,42,516678,-84,-326,-7723
13,41,516700,13,-21,-13
4,43,526661,-85,-339,-7714
13,42,526683,12,-21,-12
4,44,536722,-84,-326,-7723
13,43,536744,14,-20,-11
4,45,546779,-89,-339,-7724
13,44,546801,14,-20,-12
4,46,556946,-87,-324,-7726
13,45,556968,12,-22,-12
4,47,566914,-104,-329,-7718
13,46,566936,12,-21,-11
4,48,576992,-93,-333,-7716
13,47,577014,14,-20,-12
4,49,587069,-79,-332,-7718
13,48,587091,13,-20,-13
4,50,597190,-81,-328,-7732
13,49,597212,13,-22,-12
4,51,607123,-78,-321,-7716
13,50,607145,13,-20,-11
4,52,617111,-77,-320,-7724
13,51,617133,16,-19,-14
4,53,627262,-76,-315,-7718
13,52,627284,13,-21,-13
4,54,637341,-75,-328,-7723
13,53,637363,13,-20,-10
4,55,647387,-86,-330,-7729
13,54,647409,1,1,1
4,56,657342,-85,-321,-7719
13,55,657364,0,0,1
4,57,667576,-77,-338,-7722
13,56,667598,0,0,2
4,58,677626,-86,-320,-7720
13,57,677648,0,0,2
4,59,687637,-78,-319,-7712
13,58,687659,0,0,1
4,60,697679,-79,-332,-7712
13,59,697701,-1,2,1
4,61,707734,-82,-333,-7721
13,60,707756,-1,2,2
4,62,717810,-85,-325,-7714
13,61,717832,0,2,1
4,63,727800,-88,-324,-7720
13,62,727822,1,0,0
4,64,737887,-75,-324,-7731
13,63,737909,-1,0,0
4,65,747925,-77,-327,-7727
13,64,747947,0,-1,0
4,66,758113,-86,-325,-7715
13,65,758135,1,0,0
4,67,768130,-93,-328,-7725
13,66,768152,0,-1,0
4,68,778065,-93,-321,-7708
13,67,778087,-1,0,0
4,69,788195,-91,-327,-7707
13,68,788216,-2,0,0
4,70,798233,-84,-330,-7718
13,69,798255,0,1,0
4,71,808411,-84,-325,-7720
13,70,808433,1,1,0
4,72,818349,-89,-311,-7717
13,71,818371,0,1,1
4,73,828495,-82,-323,-7713
13,72,828517,-1,0,2
4,74,838607,-83,-331,-7717
13,73,838629,2,0,2
4,75,848553,-89,-319,-7717
13,74,848575,2,1,1
4,76,858629,-92,-331,-7720
13,75,858651,0,1,-1
4,77,868658,-83,-328,-7714
13,76,868680,0,0,0
4,78,878759,-86,-322,-7708
13,77,878781,0,1,0
4,79,888753,-88,-329,-7730
13,78,888774,0,-1,0
4,80,898856,-84,-326,-7721
13,79,898878,-1,1,0
4,81,908994,-85,-328,-7725
13,80,909015,-2,1,1
4,82,919126,-74,-322,-7724
13,81,919148,-1,0,0
4,83,928987,-82,-326,-7716
13,82,929009,0,2,-1
4,84,939140,-78,-323,-7722
13,83,939162,-1,0,-2
4,85,949140,-82,-323,-7720
13,84,949162,0,0,0
4,86,959309,-88,-321,-7720
13,85,959331,-1,1,0
4,87,969328,-80,-328,-7717
13,86,969349,0,1,0
4,88,979323,-71,-320,-7723
13,87,979345,1,0,0
4,89,989443,-81,-327,-7726
13,88,989465,1,0,0
4,90,999577,-77,-321,-7714
13,89,999599,1,0,-2
4,91,1009526,-99,-326,-7723
13,90,1009548,-1,-1,0
4,92,1019587,-86,-336,-7723
13,91,1019609,-3,-1,0
4,93,1029675,-83,-330,-7705
13,92,1029697,0,-2,-3
4,94,1039677,-73,-324,-7717
13,93,1039699,0,-1,0
4,95,1049872,-76,-331,-7732
13,94,1049894,0,-1,-1
4,96,1059876,-79,-328,-7733
13,95,1059898,0,2,1
4,97,1069949,-80,-330,-7712
13,96,1069971,-1,2,0
4,98,1080106,-88,-324,-7725
13,97,1080128,-1,0,-1
4,99,1090051,-85,-321,-7721
13,98,1090073,0,0,-1
4,100,1100128,-76,-329,-7727
13,99,1100150,2,0,0
4,101,1110181,-85,-328,-7722
13,100,1110203,0,2,0
4,102,1120273,-85,-326,-7722
13,101,1120295,-2,0,-1
4,103,1130301,-89,-319,-7715
13,102,1130323,-1,0,0
4,104,1140429,-86,-326,-7713
13,103,1140451,0,0,2
4,105,1150440,-86,-342,-7722
13,104,1150462,-3,-2,0
4,106,1160583,-86,-331,-7721
13,105,1160605,-2,0,0
4,107,1170588,-105,-346,-8160
13,106,1170613,0,2,0
4,108,1180603,-99,-352,-8153
13,107,1180653,-1,-1,0
4,109,1190593,-92,-345,-8161
13,108,1190642,-1,0,0
4,110,1200781,-93,-341,-8144
13,109,1200803,-2,4,0
4,111,1210882,-90,-353,-8145
13,110,1210904,0,1,-1
4,112,1220926,-94,-336,-8161
13,111,1220948,0,0,-1
4,113,1230901,-92,-349,-8156
13,112,1230923,0,0,0
4,114,1241085,-87,-346,-8160
13,113,1241107,-1,0,1
4,115,1250965,-90,-342,-8171
13,114,1250987,0,2,2
4,116,1261105,-86,-351,-8167
13,115,1261127,-1,1,1
4,117,1271167,-93,-351,-8163
13,116,1271189,0,2,0
4,118,1281210,-98,-345,-8154
13,117,1281232,0,0,0
4,119,1291328,-99,-339,-8147
13,118,1291350,0,0,0
4,120,1301274,-84,-338,-8149
13,119,1301296,0,1,1
4,121,1311455,-92,-345,-8154
13,120,1311477,0,0,0
4,122,1321647,-101,-349,-8157
13,121,1321669,0,-1,1
4,123,1331535,-99,-345,-8153
13,122,1331557,2,0,1
4,124,1341627,-99,-351,-8161
13,123,1341649,1,0,0
4,125,1351664,-86,-341,-8153
13,124,1351686,1,0,0
4,126,1361699,-97,-339,-8162
13,125,1361721,0,0,0
4,127,1371762,-99,-357,-8159
13,126,1371784,0,0,0
4,128,1381862,-101,-353,-8153
13,127,1381884,0,1,-1
4,129,1391916,-104,-347,-8151
13,128,1391938,0,0,-1
4,130,1402067,-93,-344,-8142
13,129,1402089,1,0,1
4,131,1412066,-95,-349,-8147
13,130,1412088,-1,0,1
4,132,1422056,-85,-341,-8154
13,131,1422078,-2,-1,-1
4,133,1432197,-80,-342,-8160
13,132,1432246,1,0,-2
4,134,1442319,-91,-337,-8165
13,133,1442341,-2,1,0
4,135,1452294,-94,-338,-8155
13,134,1452316,-1,0,0
4,136,1462465,-90,-343,-8157
13,135,1462487,0,0,2
4,137,1472466,-91,-336,-8159
13,136,1472488,0,2,1
4,138,1482597,-94,-339,-8152
13,137,1482619,0,0,0
4,139,1492568,-88,-338,-8154
13,138,1492590,0,0,1
4,140,1502712,-96,-341,-8167
13,139,1502733,0,0,0
4,141,1512741,-91,-342,-8158
13,140,1512763,0,-1,0
4,142,1522855,-88,-341,-8144
13,141,1522877,0,0,1
4,143,1532823,-89,-344,-8160
13,142,1532845,0,0,0
4,144,1542910,-87,-357,-8156
13,143,1542931,1,0,0
4,145,1552980,-97,-351,-8148
13,144,1553002,2,2,0
4,146,1563103,-98,-348,-8154
13,145,1563125,1,0,0
4,147,1573156,-84,-345,-8167
13,146,1573178,0,0,0
4,148,1583190,-97,-341,-8152
13,147,1583212,0,1,0
4,149,1593304,-94,-345,-8143
13,148,1593326,0,0,0
4,150,1603353,-104,-340,-8155
13,149,1603375,0,0,2
4,151,1613389,-101,-341,-8163
13,150,1613411,-1,-1,0
4,152,1623476,-99,-340,-8147
13,151,1623498,0,1,0
4,153,1633533,-91,-348,-8158
13,152,1633555,0,0,0
4,154,1643703,-85,-335,-8159
13,153,1643725,0,1,0
4,155,1653651,-101,-341,-8157
13,154,1653673,1,0,-1
4,156,1663733,-99,-349,-8162
13,155,1663755,0,-1,-2
4,157,1673779,-97,-338,-8168
13,156,1673801,0,-1,0
4,158,1683831,-91,-344,-8152
13,157,1683852,0,1,-2
4,159,1693953,-82,-348,-8155
13,158,1693975,0,2,0
4,160,1704076,-99,-343,-8139
13,159,1704098,0,0,-4
4,161,1714086,-99,-344,-8164
13,160,1714108,-2,0,-2
4,162,1724233,-89,-334,-8155
13,161,1724255,0,0,0
4,163,1734173,-83,-342,-8156
13,162,1734195,0,1,0
4,164,1744242,-95,-334,-8151
13,163,1744264,0,0,-1
4,165,1754312,-92,-348,-8153
13,164,1754334,-2,-1,0
4,166,1764431,-96,-360,-8161
13,165,1764453,0,0,0
4,167,1774460,-96,-349,-8160
13,166,1774482,1,2,1
4,168,1784471,-100,-341,-8157
13,167,1784493,1,1,0
4,169,1794600,-90,-353,-8147
13,168,1794622,0,0,-1
4,170,1804797,-99,-346,-8153
13,169,1804819,0,0,0
4,171,1814755,-88,-349,-8143
13,170,1814777,-1,1,0
4,172,1824809,-89,-349,-8144
13,171,1824831,-1,2,-1
4,173,1834825,-83,-350,-8146
13,172,1834847,2,1,-1
4,174,1844977,-88,-347,-8149
13,173,1844999,0,0,0
4,175,1855032,-89,-340,-8155
13,174,1855054,0,0,0
4,176,1865035,-96,-343,-8166
13,175,1865057,-1,0,1
4,177,1875097,-98,-349,-8164
13,176,1875119,0,0,-1
4,178,1885244,-109,-345,-8151
13,177,1885266,-2,0,0
4,179,1895235,-86,-340,-8160
13,178,1895257,-1,0,-2
4,180,1905299,-87,-337,-8147
13,179,1905321,0,-1,-3
4,181,1915343,-98,-357,-8158
13,180,1915365,0,-1,-1
4,182,1925458,-102,-346,-8156
13,181,1925480,0,0,0
4,183,1935493,-90,-335,-8162
13,182,1935542,1,0,0
4,184,1945573,-89,-346,-8155
13,183,1945595,0,0,0
4,185,1955646,-100,-354,-8147
13,184,1955668,0,0,0
4,186,1965837,-102,-356,-8162
13,185,1965859,0,-2,0
4,187,1975768,-111,-339,-8163
13,186,1975790,1,0,-2
4,188,1985778,-98,-343,-8167
13,187,1985800,0,0,0
4,189,1995819,-101,-352,-8159
13,188,1995841,0,1,0
4,190,2005949,-94,-344,-8145
13,189,2005971,0,0,0
4,191,2015967,-78,-348,-8162
13,190,2015989,0,-2,0
4,192,2026015,-91,-341,-8161
13,191,2026037,0,0,0
4,193,2036035,-90,-342,-8159
13,192,2036057,0,0,0
4,194,2046238,-101,-349,-8156
13,193,2046260,0,0,0
4,195,2056202,-100,-339,-8144
13,194,2056224,0,2,0
4,196,2066314,-87,-342,-8146
13,195,2066336,0,2,0
4,197,2076369,-92,-351,-8162
13,196,2076391,0,-1,1
4,198,2086413,-96,-350,-8152
13,197,2086435,0,0,-1
4,199,2096486,-90,-347,-8164
13,198,2096508,0,2,-3
4,200,2106529,-93,-341,-8156
13,199,2106551,0,-2,-1
4,201,2116594,-99,-342,-8146
13,200,2116616,-2,-3,0
4,202,2126691,-91,-343,-8139
13,201,2126713,-2,0,0
4,203,2136776,-102,-352,-8153
13,202,2136798,0,0,0
4,204,2146783,-97,-351,-8144
13,203,2146805,0,-1,-1
4,205,2156810,-94,-345,-8153
13,204,2156832,0,-1,-1
4,206,2166922,-95,-342,-8161
13,205,2166944,0,-2,0
4,207,2176969,-93,-352,-8147
13,206,2176991,0,-1,-1
4,208,2187006,-97,-357,-8149
13,207,2187028,-1,-1,0
4,209,2197115,-101,-343,-8160
13,208,2197137,0,-4,0
4,210,2207287,-97,-347,-8153
13,209,2207309,0,0,-1
4,211,2217221,-87,-350,-8154
13,210,2217243,0,4,-1
4,212,2227288,-93,-348,-8147
13,211,2227310,-1,1,-1
4,213,2237301,-102,-346,-8160
13,212,2237323,-1,-3,-1
4,214,2247433,-83,-344,-8154
13,213,2247455,0,0,0
4,215,2257440,-80,-355,-8145
13,214,2257462,0,2,0
4,216,2267447,-77,-352,-8153
13,215,2267469,-1,0,-1
4,217,2277588,-93,-344,-8147
13,216,2277610,-1,0,0
4,218,2287749,-99,-344,-8164
13,217,2287771,-1,2,-1
4,219,2297676,-100,-342,-8160
13,218,2297698,-1,1,0
4,220,2307778,-88,-348,-8155
13,219,2307800,0,0,0
4,221,2317937,-93,-339,-8148
13,220,2317959,0,0,0
4,222,2327915,-101,-346,-8149
13,221,2327937,-2,0,-2
4,223,2337984,-97,-343,-8140
13,222,2338006,-2,0,0
4,224,2348041,-101,-354,-8143
13,223,2348063,0,-1,0
4,225,2358130,-93,-355,-8154
13,224,2358152,0,0,-2
4,226,2368255,-103,-353,-8166
13,225,2368277,-1,0,-2
4,227,2378164,-105,-352,-8163
13,226,2378186,-2,0,1
4,228,2388351,-95,-352,-8162
13,227,2388373,-2,-1,1
4,229,2398357,-87,-345,-8159
13,228,2398379,1,2,1
4,230,2408445,-90,-346,-8161
13,229,2408467,1,0,0
4,231,2418490,-89,-353,-8161
13,230,2418512,0,0,1
4,232,2428533,-93,-358,-8148
13,231,2428555,0,0,1
4,233,2438719,-92,-340,-8165
13,232,2438741,-1,1,0
4,234,2448819,-98,-346,-8151
13,233,2448841,0,0,1
4,235,2458722,-93,-354,-8149
13,234,2458744,-2,0,-2
4,236,2468844,-83,-351,-8147
13,235,2468866,0,-1,0
4,237,2478963,-97,-337,-8162
13,236,2478985,1,1,-1
4,238,2489005,-98,-337,-8148
13,237,2489027,-2,1,0
4,239,2499065,-94,-347,-8154
13,238,2499087,-1,-1,1
4,240,2509103,-99,-350,-8154
13,239,2509125,0,0,0
4,241,2519075,-91,-352,-8146
13,240,2519096,0,2,1
4,242,2529313,-96,-346,-8162
13,241,2529334,0,2,0
4,243,2539208,-101,-347,-8161
13,242,2539230,0,0,0
4,244,2549336,-87,-349,-8151
13,243,2549358,0,0,0
4,245,2559401,-97,-341,-8154
13,244,2559423,-2,0,-1
4,246,2569571,-93,-346,-8147
13,245,2569593,-1,0,0
4,247,2579571,-102,-347,-8150
13,246,2579593,-2,0,2
4,248,2589675,-100,-348,-8151
13,247,2589697,-2,0,3
4,249,2599667,-96,-344,-8148
13,248,2599689,0,0,2
4,250,2609876,-99,-345,-8157
13,249,2609898,0,0,0
4,251,2619780,-96,-344,-8160
13,250,2619802,-2,-1,0
4,252,2629799,-92,-345,-8157
13,251,2629821,-2,-2,0
4,253,2639906,-93,-345,-8154
13,252,2639928,0,0,0
4,254,2650010,-83,-342,-8151
13,253,2650032,0,1,0
4,255,2660023,-96,-347,-8148
13,254,2660045,-2,-1,0
4,256,2670152,-84,-351,-8148
13,255,2670174,-1,-1,1
4,257,2680168,-86,-347,-8151
13,256,2680190,0,0,0
4,258,2690350,-103,-346,-8148
13,257,2690372,0,0,-1
4,259,2700343,-103,-337,-8151
13,258,2700365,-1,0,0
4,260,2710375,-90,-349,-8160
13,259,2710397,0,0,0
4,261,2720499,-78,-334,-8156
13,260,2720521,1,0,0
4,262,2730541,-92,-338,-8157
13,261,2730563,0,1,-1
4,263,2740585,-109,-341,-8152
13,262,2740607,0,0,1
4,264,2750548,-88,-342,-8148
13,263,2750570,0,-2,1
4,265,2760669,-96,-347,-8158
13,264,2760691,0,0,0
4,266,2770831,-102,-354,-8153
13,265,2770853,0,0,-1
4,267,2780807,-92,-356,-8158
13,266,2780829,0,0,1
4,268,2790878,-85,-354,-8153
13,267,2790900,0,0,2
4,269,2800868,-98,-345,-8159
13,268,2800890,0,-2,0
4,270,2811008,-98,-338,-8146
13,269,2811030,0,-2,2
4,271,2820997,-88,-347,-8151
13,270,2821019,-2,0,1
4,272,2831121,-88,-334,-8157
13,271,2831143,0,0,2
4,273,2841135,-88,-343,-8157
13,272,2841157,1,1,0
4,274,2851312,-100,-350,-8150
13,273,2851334,0,0,1
4,275,2861299,-98,-345,-8151
13,274,2861321,0,2,0
4,276,2871339,-98,-339,-8153
13,275,2871361,-1,1,0
4,277,2881479,-95,-333,-8154
13,276,2881501,-1,0,0
4,278,2891487,-91,-339,-8158
13,277,2891509,0,2,0
4,279,2901518,-95,-353,-8149
13,278,2901540,0,0,0
4,280,2911594,-90,-345,-8145
13,279,2911615,0,-1,2
4,281,2921661,-93,-331,-8151
13,280,2921683,0,0,1
4,282,2931803,-94,-340,-8153
13,281,2931852,0,2,1
4,283,2941749,-85,-348,-8149
13,282,2941770,0,2,1
4,284,2951854,-84,-357,-8145
13,283,2951876,0,0,0
4,285,2961897,-94,-345,-8146
13,284,2961919,0,1,1
4,286,2971981,-94,-344,-8152
13,285,2972003,0,-2,0
4,287,2982049,-77,-348,-8159
13,286,2982071,-1,0,-2
4,288,2992102,-92,-345,-8144
13,287,2992124,-2,0,0
4,289,3002135,-97,-348,-8154
13,288,3002157,-3,-1,-1
4,290,3012225,-92,-353,-8155
13,289,3012247,-1,1,0
4,291,3022225,-88,-352,-8149
13,290,3022247,0,1,1
4,292,3032295,-99,-342,-8152
13,291,3032317,-1,0,0
4,293,3042395,-94,-347,-8149
13,292,3042417,0,0,0
4,294,3052453,-89,-346,-8160
13,293,3052475,0,0,0
4,295,3062481,-88,-339,-8137
13,294,3062503,0,0,0
4,296,3072507,-93,-347,-8148
13,295,3072557,0,0,0
4,297,3082679,-98,-347,-8166
13,296,3082701,1,2,1
4,298,3092743,-84,-348,-8158
13,297,3092765,-1,0,1
4,299,3102724,-92,-349,-8154
13,298,3102746,0,-1,0
4,300,3112759,-101,-340,-8150
13,299,3112781,0,1,0
4,301,3122872,-96,-349,-8149
13,300,3122894,0,4,0
4,302,3132888,-96,-348,-8147
13,301,3132910,1,3,0
4,303,3142865,-97,-341,-8162
13,302,3142887,-1,0,0
4,304,3152955,-93,-344,-8148
13,303,3152977,1,0,0
4,305,3163019,-85,-349,-8154
13,304,3163041,0,1,2
4,306,3173194,-91,-348,-8147
13,305,3173216,0,2,2
4,307,3183143,-83,-349,-8150
13,306,3183165,0,2,-2
4,308,3193217,-92,-342,-8151
13,307,3193239,0,0,0
4,309,3203297,-93,-341,-8154
13,308,3203319,0,-2,0
4,310,3213416,-93,-347,-8156
13,309,3213438,0,1,0
4,311,3223417,-90,-353,-8160
13,310,3223439,0,2,1
4,312,3233475,-82,-360,-8150
13,311,3233497,0,0,-1
4,313,3243532,-95,-341,-8160
13,312,3243554,-1,1,0
4,314,3253667,-106,-338,-8149
13,313,3253689,0,1,0
4,315,3263581,-92,-350,-8156
13,314,3263603,0,0,0
4,316,3273673,-91,-340,-8172
13,315,3273695,-1,0,0
4,317,3283737,-91,-362,-8145
13,316,3283759,-4,2,0
4,318,3293857,-102,-354,-8141
13,317,3293879,-1,2,-1
4,319,3303822,-96,-340,-8150
13,318,3303844,0,0,1
4,320,3313887,-85,-347,-8150
13,319,3313909,0,0,2
4,321,3324021,-98,-351,-8155
13,320,3324043,0,0,0
4,322,3334139,-96,-351,-8142
13,321,3334161,0,0,0
4,323,3344090,-87,-356,-8160
13,322,3344112,1,0,1
4,324,3354153,-85,-342,-8150
13,323,3354175,2,0,0
4,325,3364263,-91,-338,-8150
13,324,3364285,2,1,0
4,326,3374283,-89,-341,-8154
13,325,3374305,-1,2,2
4,327,3384329,-86,-345,-8144
13,326,3384351,0,0,0
4,328,3394427,-94,-358,-8140
13,327,3394449,0,-1,2
4,329,3404438,-91,-346,-8158
13,328,3404460,0,0,2
4,330,3414598,-84,-335,-8151
13,329,3414619,0,1,1
4,331,3424610,-98,-346,-8162
13,330,3424632,-1,0,-1
4,332,3434627,-100,-351,-8157
13,331,3434649,-1,0,0
4,333,3444699,-95,-348,-8149
13,332,3444721,0,-3,0
4,334,3454822,-102,-347,-8152
13,333,3454844,-1,0,1
4,335,3464829,-103,-348,-8158
13,334,3464851,0,1,1
4,336,3474908,-94,-346,-8151
13,335,3474930,0,-1,0
4,337,3484954,-93,-353,-8154
13,336,3484976,0,1,-1
4,338,3495143,-84,-344,-8156
13,337,3495165,1,1,0
4,339,3505051,-88,-338,-8145
13,338,3505073,1,-1,0
4,340,3515157,-97,-347,-8159
13,339,3515179,0,-2,0
4,341,3525200,-103,-353,-8155
13,340,3525222,0,1,0
4,342,3535321,-103,-352,-8154
13,341,3535343,-1,0,0
4,343,3545290,-88,-351,-8157
13,342,3545312,-1,-2,2
4,344,3555282,-97,-344,-8162
13,343,3555304,0,2,0
4,345,3565479,-96,-341,-8157
13,344,3565501,1,1,0
4,346,3575597,-98,-338,-8152
13,345,3575619,0,2,0
4,347,3585546,-97,-346,-8162
13,346,3585568,0,0,0
4,348,3595566,-96,-358,-8148
13,347,3595588,-1,-1,0
4,349,3605667,-104,-339,-8139
13,348,3605689,0,-1,0
4,350,3615794,-96,-344,-8152
13,349,3615816,1,0,1
4,351,3625730,-84,-348,-8156
13,350,3625752,0,1,0
4,352,3635826,-92,-344,-8150
13,351,3635848,0,2,0
4,353,3645915,-108,-339,-8159
13,352,3645937,-1,0,0
4,354,3656050,-106,-349,-8154
13,353,3656072,0,0,0
4,355,3666023,-92,-344,-8153
13,354,3666045,1,0,0
4,356,3676076,-98,-342,-8145
13,355,3676098,2,0,1
4,357,3686063,-96,-350,-8145
13,356,3686085,0,0,0
4,358,3696213,-98,-358,-8161
13,357,3696235,0,1,0
4,359,3706332,-89,-343,-8152
13,358,3706354,1,0,1
4,360,3716357,-83,-337,-8143
13,359,3716379,0,-2,0
4,361,3726346,-87,-337,-8160
13,360,3726368,0,0,-1
4,362,3736537,-95,-341,-8165
13,361,3736559,0,2,0
4,363,3746468,-98,-347,-8156
13,362,3746490,0,0,1
4,364,3756477,-93,-350,-8142
13,363,3756499,0,0,1
4,365,3766599,-86,-357,-8155
13,364,3766621,1,0,1
4,366,3776733,-92,-348,-8156
13,365,3776755,1,0,0
4,367,3786790,-96,-347,-8140
13,366,3786811,0,0,0
4,368,3796768,-100,-357,-8148
13,367,3796790,0,-1,0
4,369,3806845,-104,-350,-8151
13,368,3806867,2,0,1
4,370,3816945,-92,-346,-8151
13,369,3816967,1,1,1
4,371,3826936,-87,-340,-8134
13,370,3826958,1,1,-3
4,372,3837046,-91,-344,-8147
13,371,3837068,0,1,-2
4,373,3847049,-91,-349,-8154
13,372,3847071,-1,0,0
4,374,3857232,-94,-349,-8160
13,373,3857254,-1,0,1
4,375,3867162,-93,-351,-8154
13,374,3867184,0,1,-1
4,376,3877242,-103,-358,-8145
13,375,3877264,0,0,0
4,377,3887390,-94,-340,-8152
13,376,3887412,0,1,0
4,378,3897468,-93,-332,-8157
13,377,3897490,-1,-1,2
4,379,3907439,-96,-344,-8164
13,378,3907461,0,-1,0
4,380,3917501,-91,-348,-8143
13,379,3917523,-1,0,0
4,381,3927503,-82,-345,-8149
13,380,3927525,-1,0,0
4,382,3937642,-91,-349,-8150
13,381,3937664,0,0,-1
4,383,3947683,-80,-339,-8150
13,382,3947705,0,0,0
4,384,3957786,-97,-331,-8163
13,383,3957808,0,0,1
4,385,3967839,-95,-349,-8153
13,384,3967861,0,0,1
4,386,3978001,-88,-351,-8141
13,385,3978023,0,1,0
4,387,3987902,-98,-351,-8157
13,386,3987924,0,1,0
4,388,3998002,-93,-343,-8158
13,387,3998024,0,0,0
4,389,4008051,-100,-347,-8147
13,388,4008073,0,0,0
4,390,4018122,-95,-343,-8164
13,389,4018144,0,0,0
4,391,4028245,-93,-340,-8153
13,390,4028267,0,0,0
4,392,4038246,-91,-332,-8154
13,391,4038268,0,0,2
4,393,4048333,-94,-349,-8161
13,392,4048355,-1,0,0
4,394,4058464,-85,-347,-8148
13,393,4058486,0,0,-3
4,395,4068492,-105,-350,-8150
13,394,4068514,1,0,0
4,396,4078570,-100,-339,-8150
13,395,4078592,0,0,0
4,397,4088636,-97,-342,-8145
13,396,4088658,-1,0,1
4,398,4098656,-92,-344,-8152
13,397,4098678,0,0,1
4,399,4108689,-99,-355,-8155
13,398,4108711,-2,0,1
4,400,4118758,-103,-342,-8165
13,399,4118779,-2,0,0
4,401,4128744,-77,-352,-8153
13,400,4128766,-1,0,1
4,402,4138947,-95,-351,-8142
13,401,4138969,0,0,1
4,403,4148904,-96,-344,-8141
13,402,4148926,0,0,0
4,404,4158969,-98,-342,-8162
13,403,4158991,0,1,1
4,405,4169033,-99,-347,-8155
13,404,4169055,1,-1,1
4,406,4179113,-99,-339,-8149
13,405,4179135,2,-2,0
4,407,4189153,-89,-346,-8151
13,406,4189175,1,0,0
4,408,4199204,-94,-347,-8155
13,407,4199226,0,0,0
4,409,4209321,-94,-346,-8149
13,408,4209343,-1,-3,0
4,410,4219471,-92,-357,-8160
13,409,4219493,1,-1,1
4,411,4229421,-95,-356,-8157
13,410,4229443,0,0,1
4,412,4239494,-92,-354,-8154
13,411,4239516,0,0,0
4,413,4249500,-91,-341,-8157
13,412,4249522,-1,0,0
4,414,4259617,-84,-347,-8162
13,413,4259639,0,0,2
4,415,4269720,-87,-348,-8147
13,414,4269741,0,3,0
4,416,4279715,-79,-349,-8147
13,415,4279737,-1,0,0
4,417,4289761,-95,-355,-8163
13,416,4289783,-1,0,0
4,418,4299902,-101,-344,-8154
13,417,4299924,2,0,-1
4,419,4309893,-96,-349,-8155
13,418,4309915,2,2,-2
4,420,4319958,-90,-344,-8154
13,419,4319979,0,0,0
4,421,4330003,-96,-340,-8156
13,420,4330053,1,0,0
4,422,4340137,-100,-339,-8155
13,421,4340159,1,0,1
4,423,4350099,-89,-347,-8159
13,422,4350121,0,0,0
4,424,4360213,-94,-349,-8149
13,423,4360235,0,0,0
4,425,4370299,-94,-345,-8152
13,424,4370321,0,0,-2
4,426,4380422,-98,-349,-8152
13,425,4380444,0,2,-1
4,427,4390370,-96,-336,-8153
13,426,4390392,0,0,0
4,428,4400409,-89,-351,-8149
13,427,4400431,0,0,0
4,429,4410487,-85,-346,-8151
13,428,4410509,0,-2,0
4,430,4420684,-93,-345,-8145
13,429,4420706,-2,0,-1
4,431,4430643,-96,-354,-8145
13,430,4430665,-3,-1,1
4,432,4440698,-88,-348,-8145
13,431,4440720,-1,1,0
4,433,4450741,-97,-335,-8165
13,432,4450763,0,1,-1
4,434,4460948,-79,-348,-8157
13,433,4460970,-1,0,1
4,435,4470940,-84,-350,-8144
13,434,4470962,0,0,0
4,436,4480991,-96,-346,-8143
13,435,4481013,0,0,0
4,437,4491060,-95,-360,-8157
13,436,4491082,0,0,0
4,438,4501109,-97,-350,-8160
13,437,4501131,0,0,3
4,439,4511144,-101,-339,-8156
13,438,4511166,-1,1,3
4,440,4521196,-92,-352,-8154
13,439,4521218,-1,2,1
4,441,4531305,-90,-356,-8150
13,440,4531327,-1,0,1
4,442,4541400,-91,-346,-8157
13,441,4541422,-2,0,0
4,443,4551348,-97,-342,-8159
13,442,4551370,-1,-1,1
4,444,4561385,-95,-349,-8159
13,443,4561407,0,2,1
4,445,4571487,-100,-346,-8150
13,444,4571509,0,1,0
4,446,4581606,-106,-336,-8151
13,445,4581628,0,0,0
4,447,4591607,-97,-340,-8151
13,446,4591629,0,1,1
4,448,4601633,-98,-340,-8153
13,447,4601655,0,-1,0
4,449,4611717,-95,-347,-8153
13,448,4611739,-3,-1,0
4,450,4621864,-90,-341,-8151
13,449,4621886,0,-1,0
4,451,4631840,-91,-331,-8147
13,450,4631861,-1,-2,2
4,452,4641882,-94,-349,-8147
13,451,4641904,-1,-2,0
4,453,4651895,-92,-351,-8149
13,452,4651917,0,0,0
4,454,4662037,-97,-344,-8140
13,453,4662059,0,0,0
4,455,4672075,-93,-340,-8148
13,454,4672096,-1,1,0
4,456,4682131,-90,-348,-8146
13,455,4682153,-2,-1,-1
4,457,4692134,-92,-342,-8161
13,456,4692156,0,0,0
4,458,4702449,-89,-347,-8158
13,457,4702471,0,0,1
4,459,4712337,-99,-345,-8148
13,458,4712359,0,0,0
4,460,4722322,-105,-344,-8154
13,459,4722344,0,-2,0
4,461,4732434,-87,-347,-8150
13,460,4732456,-1,-2,0
4,462,4742527,-88,-354,-8160
13,461,4742549,0,0,0
4,463,4752543,-98,-352,-8152
13,462,4752565,1,-3,0
4,464,4762575,-90,-339,-8144
13,463,4762597,0,-3,1
4,465,4772633,-98,-341,-8157
13,464,4772655,-2,1,0
4,466,4782800,-92,-345,-8151
13,465,4782822,-2,2,0
4,467,4792772,-100,-350,-8149
13,466,4792794,-2,1,-1
4,468,4802747,-97,-350,-8153
13,467,4802769,-1,-1,0
4,469,4812869,-88,-348,-8150
13,468,4812891,0,0,0
4,470,4822977,-101,-344,-8153
13,469,4822999,0,-1,0
4,471,4832920,-93,-328,-8166
13,470,4832942,-1,-1,0
4,472,4843093,-83,-338,-8163
13,471,4843115,0,0,1
4,473,4853148,-81,-353,-8147
13,472,4853170,0,0,1
4,474,4863245,-94,-342,-8166
13,473,4863267,0,2,0
4,475,4873248,-88,-347,-8153
13,474,4873270,0,0,-2
4,476,4883361,-74,-345,-8156
13,475,4883383,-1,-1,1
4,477,4893285,-98,-343,-8159
13,476,4893307,0,0,0
4,478,4903417,-92,-351,-8142
13,477,4903439,0,1,0
4,479,4913466,-84,-344,-8141
13,478,4913488,1,0,0
4,480,4923555,-91,-350,-8155
13,479,4923577,-1,0,1
4,481,4933576,-89,-350,-8162
13,480,4933598,0,0,0
4,482,4943692,-81,-346,-8141
13,481,4943714,0,1,1
4,483,4953751,-84,-348,-8139
13,482,4953800,0,0,1
4,484,4963804,-90,-341,-8148
13,483,4963826,0,0,0
4,485,4973846,-99,-344,-8147
13,484,4973868,0,2,0
4,486,4983963,-97,-346,-8141
13,485,4983985,0,-1,2
4,487,4993998,-100,-358,-8151
13,486,4994020,-1,0,2
4,488,5004097,-93,-338,-8159
13,487,5004119,0,0,1
4,489,5014089,-97,-344,-8164
13,488,5014111,0,0,0
4,490,5024186,-80,-339,-8162
13,489,5024208,1,1,0
4,491,5034224,-97,-345,-8147
13,490,5034246,-1,0,0
4,492,5044302,-100,-347,-8155
13,491,5044324,-1,-1,-1
4,493,5054327,-87,-346,-8150
13,492,5054349,0,-1,-1
4,494,5064491,-90,-347,-8161
13,493,5064513,0,0,0
4,495,5074482,-95,-345,-8160
13,494,5074504,0,0,1
4,496,5084458,-107,-351,-8146
13,495,5084480,0,2,-1
4,497,5094617,-105,-349,-8156
13,496,5094639,0,0,1
4,498,5104723,-83,-354,-8157
13,497,5104745,0,-3,4
4,499,5114743,-95,-344,-8152
13,498,5114765,-1,-1,3
4,500,5124823,-87,-350,-8153
13,499,5124845,-1,1,0
4,501,5134898,-90,-348,-8159
13,500,5134920,-2,1,0
4,502,5144959,-95,-349,-8152
13,501,5144981,0,0,3
4,503,5155011,-90,-347,-8146
13,502,5155033,0,0,-1
4,504,5164989,-91,-336,-8150
13,503,5165011,-1,0,-1
4,505,5175153,-91,-342,-8159
13,504,5175175,0,2,0
4,506,5185240,-94,-351,-8143
13,505,5185262,-1,0,1
4,507,5195167,-91,-342,-8151
13,506,5195189,0,0,2
4,508,5205272,-94,-350,-8153
13,507,5205294,0,0,1
4,509,5215365,-95,-345,-8150
13,508,5215387,-1,2,0
4,510,5225448,-83,-350,-8150
13,509,5225470,-2,-1,-1
4,511,5235562,-85,-350,-8156
13,510,5235584,-1,-1,-1
4,512,5245540,-89,-341,-8157
13,511,5245562,2,0,3
4,513,5255562,-97,-352,-8151
13,512,5255584,0,1,2
4,514,5265734,-88,-345,-8155
13,513,5265756,-1,2,0
4,515,5275673,-91,-348,-8159
13,514,5275695,1,2,1
4,516,5285796,-93,-339,-8156
13,515,5285818,0,-1,0
4,517,5295810,-86,-345,-8154
13,516,5295832,0,-2,1
4,518,5305949,-98,-341,-8145
13,517,5305971,0,-2,2
4,519,5315885,-93,-340,-8154
13,518,5315907,0,0,0
4,520,5325962,-97,-340,-8163
13,519,5325984,1,1,1
4,521,5336110,-91,-340,-8167
13,520,5336132,0,0,0
4,522,5346220,-101,-342,-8150
13,521,5346242,0,0,0
4,523,5356164,-84,-339,-8148
13,522,5356186,0,0,0
4,524,5366182,-85,-346,-8154
13,523,5366204,1,1,-1
4,525,5376284,-97,-350,-8152
13,524,5376306,0,0,0
4,526,5386322,-99,-346,-8162
13,525,5386344,0,0,1
4,527,5396376,-88,-336,-8155
13,526,5396398,0,1,1
4,528,5406415,-97,-338,-8163
13,527,5406437,1,2,0
4,529,5416502,-102,-350,-8157
13,528,5416524,0,0,2
4,530,5426665,-92,-343,-8151
13,529,5426687,0,0,2
4,531,5436614,-86,-355,-8152
13,530,5436636,0,-1,0
4,532,5446730,-96,-350,-8150
13,531,5446752,0,0,2
4,533,5456731,-105,-341,-8135
13,532,5456753,0,2,0
4,534,5466871,-99,-339,-8141
13,533,5466893,1,1,-1
4,535,5476901,-87,-348,-8150
13,534,5476923,1,0,-1
4,536,5486960,-91,-355,-8151
13,535,5486982,0,-2,0
4,537,5497034,-96,-348,-8152
13,536,5497056,0,-3,-2
4,538,5507132,-96,-354,-8159
13,537,5507154,2,-3,-1
4,539,5517087,-96,-352,-8152
13,538,5517108,0,0,-1
4,540,5527175,-90,-338,-8156
13,539,5527197,-2,0,-2
4,541,5537207,-80,-339,-8160
13,540,5537229,-1,0,0
4,542,5547314,-96,-347,-8147
13,541,5547336,-1,0,0
4,543,5557371,-93,-347,-8150
13,542,5557393,0,1,1
4,544,5567423,-91,-344,-8157
13,543,5567445,0,0,0
4,545,5577401,-90,-340,-8154
13,544,5577423,-2,0,0
4,546,5587651,-96,-345,-8161
13,545,5587673,1,0,0
4,547,5597620,-87,-343,-8150
13,546,5597642,0,0,-2
4,548,5607729,-91,-337,-8160
13,547,5607751,-1,0,0
4,549,5617750,-97,-343,-8150
13,548,5617772,2,0,0
4,550,5627837,-97,-351,-8153
13,549,5627859,0,-1,0
4,551,5637871,-89,-345,-8163
13,550,5637893,0,-1,-1
4,552,5647952,-97,-348,-8154
13,551,5647974,0,1,-1
4,553,5657984,-87,-348,-8160
13,552,5658006,1,2,-2
4,554,5668137,-97,-344,-8153
13,553,5668159,-1,0,0
4,555,5678092,-94,-350,-8157
13,554,5678114,-1,2,-2
4,556,5688230,-82,-353,-8156
13,555,5688252,1,0,1
4,557,5698223,-93,-339,-8145
13,556,5698245,0,0,0
4,558,5708284,-97,-345,-8141
13,557,5708306,0,0,0
4,559,5718359,-94,-352,-8145
13,558,5718408,0,0,-2
4,560,5728454,-101,-352,-8154
13,559,5728476,1,1,-4
4,561,5738518,-86,-336,-8147
13,560,5738540,0,1,0
4,562,5748655,-87,-334,-8146
13,561,5748677,0,0,2
4,563,5758630,-90,-347,-8153
13,562,5758652,0,1,0
4,564,5768664,-105,-355,-8146
13,563,5768686,-2,0,-1
4,565,5778737,-92,-342,-8160
13,564,5778759,1,0,-1
4,566,5788803,-95,-345,-8147
13,565,5788825,0,0,0
4,567,5798858,-102,-343,-8159
13,566,5798880,1,-1,0
4,568,5808928,-99,-345,-8156
13,567,5808950,1,-2,0
4,569,5818985,-92,-340,-8149
13,568,5819007,2,0,1
4,570,5829093,-90,-342,-8156
13,569,5829115,0,-4,0
4,571,5839096,-97,-352,-8165
13,570,5839118,1,-1,1
4,572,5849202,-92,-342,-8149
13,571,5849224,0,1,-3
4,573,5859325,-91,-354,-8143
13,572,5859347,0,2,-1
4,574,5869349,-88,-352,-8149
13,573,5869371,1,0,-2
4,575,5879406,-95,-343,-8159
13,574,5879428,0,-1,-1
4,576,5889486,-93,-350,-8162
13,575,5889508,-2,0,-1
4,577,5899499,-100,-348,-8153
13,576,5899520,0,0,-1
4,578,5909655,-80,-348,-8162
13,577,5909677,0,0,0
4,579,5919623,-83,-359,-8162
13,578,5919645,1,0,0
4,580,5929747,-96,-357,-8157
13,579,5929769,0,0,0
4,581,5939748,-100,-355,-8155
13,580,5939770,-1,2,-1
4,582,5949880,-104,-345,-8153
13,581,5949902,-1,0,0
4,583,5959954,-93,-336,-8153
13,582,5960003,0,-1,0
4,584,5969930,-94,-351,-8147
13,583,5969952,0,-3,2
4,585,5980073,-93,-346,-8152
13,584,5980095,0,-2,-2
4,586,5990255,-94,-343,-8159
13,585,5990277,0,0,-2
4,587,6000196,-100,-349,-8159
13,586,6000218,0,0,0
4,588,6010233,-89,-346,-8151
13,587,6010255,-2,0,0
4,589,6020274,-91,-350,-8155
13,588,6020296,0,0,2
4,590,6030379,-100,-340,-8144
13,589,6030401,0,2,0
4,591,6040417,-92,-349,-8150
13,590,6040438,0,-1,-1
4,592,6050475,-95,-339,-8150
13,591,6050497,0,-1,1
4,593,6060597,-92,-355,-8163
13,592,6060619,0,0,1
4,594,6070704,-90,-343,-8154
13,593,6070726,0,1,-2
4,595,6080721,-95,-344,-8159
13,594,6080743,0,0,-2
4,596,6090741,-86,-350,-8147
13,595,6090763,-1,-3,0
4,597,6100852,-86,-343,-8132
13,596,6100874,0,0,1
4,598,6110915,-101,-350,-8147
13,597,6110937,0,0,0
4,599,6120902,-93,-353,-8165
13,598,6120924,0,-1,0
4,600,6131034,-90,-341,-8166
13,599,6131056,1,0,2
4,601,6141048,-98,-340,-8148
13,600,6141070,-1,-1,-1
4,602,6151164,-99,-351,-8154
13,601,6151186,0,1,0
4,603,6161105,-89,-358,-8154
13,602,6161127,-1,0,0
4,604,6171208,-90,-351,-8152
13,603,6171230,1,1,-2
4,605,6181295,-99,-344,-8149
13,604,6181317,0,1,-1
4,606,6191320,-78,-342,-8154
13,605,6191342,0,0,0
4,607,6201384,-94,-342,-8156
13,606,6201406,-2,-3,0
4,608,6211454,-95,-347,-8168
13,607,6211476,-3,0,-1
4,609,6221499,-87,-346,-8161
13,608,6221548,1,0,0
4,610,6231703,-91,-351,-8142
13,609,6231725,0,0,0
4,611,6241645,-90,-343,-8160
13,610,6241667,-2,-1,-2
4,612,6251647,-91,-347,-8153
13,611,6251669,-1,0,-2
4,613,6261779,-89,-348,-8150
13,612,6261801,0,0,0
4,614,6271881,-92,-356,-8141
13,613,6271903,0,0,0
4,615,6281889,-101,-352,-8141
13,614,6281911,1,0,0
4,616,6291887,-83,-335,-8149
13,615,6291909,-2,0,0
4,617,6302044,-83,-347,-8153
13,616,6302066,0,0,-1
4,618,6312153,-84,-346,-8152
13,617,6312174,0,0,-2
4,619,6322078,-97,-346,-8156
13,618,6322100,0,0,0
4,620,6332212,-98,-340,-8162
13,619,6332234,-1,1,1
4,621,6342361,-99,-356,-8159
13,620,6342384,0,0,-1
4,622,6352448,-90,-359,-8153
13,621,6352470,1,-2,-2
4,623,6362428,-89,-337,-8155
13,622,6362450,2,-1,0
4,624,6372508,-91,-347,-8158
13,623,6372530,0,1,0
4,625,6382490,-89,-364,-8159
13,624,6382512,-1,0,-1
4,626,6392697,-102,-349,-8152
13,625,6392719,0,0,0
4,627,6402657,-92,-345,-8153
13,626,6402679,0,1,0
4,628,6412671,-99,-349,-8152
13,627,6412693,-2,2,-1
4,629,6422849,-86,-348,-8144
13,628,6422871,0,0,-1
4,630,6432827,-92,-348,-8150
13,629,6432849,0,-1,1
4,631,6442920,-90,-348,-8154
13,630,6442941,0,1,0
4,632,6453039,-94,-341,-8166
13,631,6453061,-1,0,0
4,633,6463062,-99,-339,-8144
13,632,6463084,-2,0,0
4,634,6473243,-97,-358,-8145
13,633,6473265,-1,0,1
4,635,6483191,-89,-341,-8151
13,634,6483213,1,0,-1
4,636,6493210,-92,-353,-8152
13,635,6493232,1,0,-1
4,637,6503307,-96,-343,-8149
13,636,6503329,-3,2,0
4,638,6513403,-100,-338,-8146
13,637,6513425,-2,2,0
4,639,6523416,-94,-359,-8155
13,638,6523438,-1,1,-2
4,640,6533464,-93,-354,-8152
13,639,6533486,0,0,0
4,641,6543535,-94,-345,-8158
13,640,6543557,-1,1,1
4,642,6553619,-92,-346,-8167
13,641,6553641,1,1,-1
4,643,6563661,-92,-346,-8151
13,642,6563683,0,0,0
4,644,6573705,-85,-344,-8151
13,643,6573727,-1,1,0
4,645,6583740,-101,-347,-8152
13,644,6583762,0,1,1
4,646,6593967,-93,-361,-8156
13,645,6593989,0,0,-1
4,647,6603918,-91,-345,-8151
13,646,6603940,0,0,-1
4,648,6614003,-89,-333,-8156
13,647,6614025,2,1,0
4,649,6624084,-94,-344,-8159
13,648,6624106,0,-1,0
4,650,6634249,-101,-343,-8146
13,649,6634271,0,0,-1
4,651,6644217,-100,-338,-8156
13,650,6644239,2,2,0
4,652,6654282,-98,-345,-8154
13,651,6654304,1,2,0
4,653,6664271,-96,-341,-8155
13,652,6664293,-2,0,0
4,654,6674387,-99,-359,-8160
13,653,6674409,-1,-1,0
4,655,6684419,-86,-350,-8151
13,654,6684441,-2,0,-2
4,656,6694410,-95,-345,-8144
13,655,6694432,0,0,0
4,657,6704547,-103,-353,-8146
13,656,6704569,0,0,0
4,658,6714670,-84,-349,-8159
13,657,6714720,1,0,-2
4,659,6724671,-95,-343,-8161
13,658,6724720,2,0,0
4,660,6734730,-94,-343,-8161
13,659,6734752,1,0,0
4,661,6744781,-86,-337,-8158
13,660,6744803,0,0,0
4,662,6754910,-96,-346,-8159
13,661,6754932,0,0,0
4,663,6764929,-100,-353,-8160
13,662,6764951,0,0,0
4,664,6774981,-101,-349,-8158
13,663,6775003,1,0,1
4,665,6785027,-93,-355,-8147
13,664,6785049,1,-1,0
4,666,6795201,-103,-348,-8142
13,665,6795223,-1,0,0
4,667,6805129,-97,-346,-8162
13,666,6805150,0,0,0
4,668,6815136,-93,-352,-8163
13,667,6815158,2,-1,1
4,669,6825279,-94,-349,-8151
13,668,6825301,0,-3,0
4,670,6835397,-104,-342,-8152
13,669,6835419,-2,-2,-1
4,671,6845393,-97,-344,-8163
13,670,6845415,0,-1,0
4,672,6855492,-88,-348,-8159
13,671,6855514,1,-1,1
4,673,6865499,-81,-344,-8151
13,672,6865521,2,1,0
4,674,6875690,-91,-343,-8152
13,673,6875712,0,-3,1
4,675,6885658,-100,-350,-8155
13,674,6885680,0,-1,-1
4,676,6895714,-107,-341,-8159
13,675,6895736,0,0,0
4,677,6905729,-90,-359,-8155
13,676,6905751,0,0,0
4,678,6915782,-87,-351,-8156
13,677,6915804,1,0,-2
4,679,6925859,-99,-342,-8161
13,678,6925881,0,-1,-1
4,680,6935909,-90,-345,-8149
13,679,6935931,1,0,-1
4,681,6945963,-91,-345,-8152
13,680,6945985,-1,0,0
4,682,6956125,-88,-337,-8149
13,681,6956147,-1,0,1
4,683,6966015,-92,-344,-8148
13,682,6966037,2,0,1
4,684,6976100,-94,-345,-8156
13,683,6976122,1,0,0
4,685,6986255,-94,-338,-8157
13,684,6986277,0,0,1
4,686,6996309,-87,-342,-8139
13,685,6996331,0,0,1
4,687,7006343,-102,-352,-8150
13,686,7006365,0,1,2
4,688,7016369,-88,-346,-8147
13,687,7016391,0,2,1
4,689,7026400,-88,-337,-8149
13,688,7026422,-1,0,1
4,690,7036566,-99,-353,-8150
13,689,7036588,-1,0,2
4,691,7046539,-96,-357,-8155
13,690,7046561,0,2,-1
4,692,7056616,-90,-340,-8147
13,691,7056638,0,2,0
4,693,7066645,-93,-341,-8145
13,692,7066667,0,0,0
4,694,7076766,-87,-347,-8144
13,693,7076788,0,0,0
4,695,7086759,-93,-351,-8162
13,694,7086780,0,0,0
4,696,7096904,-96,-337,-8153
13,695,7096926,0,0,-2
4,697,7106928,-97,-352,-8147
13,696,7106950,1,0,0
4,698,7117075,-91,-348,-8144
13,697,7117097,0,2,0
4,699,7126965,-95,-341,-8152
13,698,7126987,1,0,0
4,700,7137082,-91,-344,-8155
13,699,7137104,-1,1,-1
4,701,7147115,-82,-351,-8148
13,700,7147137,-1,0,-1
4,702,7157191,-90,-348,-8160
13,701,7157213,0,0,0
4,703,7167166,-96,-348,-8152
13,702,7167188,0,2,0
4,704,7177284,-90,-342,-8148
13,703,7177306,0,0,0
4,705,7187321,-83,-346,-8152
13,704,7187343,-1,-1,0
4,706,7197498,-98,-344,-8160
13,705,7197520,0,2,0
4,707,7207457,-93,-359,-8154
13,706,7207479,-1,0,-1
4,708,7217448,-84,-353,-8147
13,707,7217470,0,0,0
4,709,7227566,-88,-338,-8145
13,708,7227588,2,-1,0
4,710,7237682,-95,-345,-8157
13,709,7237704,0,-2,-1
4,711,7247728,-103,-362,-8155
13,710,7247750,0,-1,-1
4,712,7257701,-98,-347,-8145
13,711,7257723,1,2,0
4,713,7267888,-86,-348,-8140
13,712,7267910,1,0,0
4,714,7277927,-92,-345,-8144
13,713,7277949,0,0,-1
4,715,7287870,-83,-356,-8159
13,714,7287892,1,2,0
4,716,7297974,-95,-337,-8145
13,715,7297996,2,0,0
4,717,7308018,-90,-337,-8152
13,716,7308040,0,1,0
4,718,7318116,-93,-338,-8152
13,717,7318138,0,0,1
4,719,7328124,-91,-343,-8166
13,718,7328146,0,-1,0
4,720,7338201,-98,-346,-8165
13,719,7338223,0,-1,0
4,721,7348246,-88,-353,-8154
13,720,7348268,0,-1,0
4,722,7358446,-85,-357,-8156
13,721,7358468,0,0,0
4,723,7368317,-99,-342,-8156
13,722,7368339,1,0,0
4,724,7378434,-93,-337,-8151
13,723,7378456,0,0,-1
4,725,7388509,-84,-334,-8148
13,724,7388531,-2,0,-1
4,726,7398546,-94,-347,-8143
13,725,7398568,0,-1,0
4,727,7408612,-97,-335,-8142
13,726,7408634,0,0,0
4,728,7418665,-90,-344,-8158
13,727,7418686,0,0,0
4,729,7428706,-100,-349,-8158
13,728,7428728,1,0,1
4,730,7438866,-100,-344,-8155
13,729,7438888,-1,0,0
4,731,7448893,-95,-345,-8152
13,730,7448915,-2,-1,2
4,732,7458849,-101,-344,-8150
13,731,7458871,-2,0,0
4,733,7468977,-82,-348,-8156
13,732,7468999,0,-2,0
4,734,7479113,-81,-337,-8146
13,733,7479135,0,0,1
4,735,7489168,-91,-348,-8141
13,734,7489190,0,1,0
4,736,7499199,-90,-348,-8141
13,735,7499221,0,0,0
4,737,7509197,-90,-344,-8153
13,736,7509219,1,0,-1
4,738,7519442,-98,-342,-8155
13,737,7519464,0,1,-1
4,739,7529361,-93,-350,-8149
13,738,7529383,-1,0,0
4,740,7539393,-94,-348,-8147
13,739,7539415,1,-1,0
4,741,7549457,-93,-350,-8148
13,740,7549479,0,0,-1
4,742,7559542,-97,-346,-8158
13,741,7559564,0,1,-1
4,743,7569622,-89,-349,-8158
13,742,7569644,1,0,-1
4,744,7579609,-91,-356,-8163
13,743,7579631,0,0,0
4,745,7589664,-91,-344,-8158
13,744,7589686,0,-1,2
4,746,7599863,-96,-357,-8151
13,745,7599885,0,1,0
4,747,7609885,-86,-337,-8163
13,746,7609907,-1,1,-1
4,748,7619907,-91,-345,-8153
13,747,7619929,0,0,0
4,749,7630013,-96,-345,-8157
13,748,7630035,-1,1,0
4,750,7640099,-94,-338,-8161
13,749,7640121,0,0,-1
4,751,7650048,-98,-345,-8144
13,750,7650070,1,1,-1
4,752,7660157,-93,-341,-8155
13,751,7660179,0,0,0
4,753,7670162,-92,-340,-8166
13,752,7670184,0,0,-3
4,754,7680389,-82,-349,-8148
13,753,7680411,0,0,-2
4,755,7690366,-80,-344,-8159
13,754,7690388,0,0,0
4,756,7700495,-95,-338,-8153
13,755,7700516,0,2,2
4,757,7710504,-85,-336,-8141
13,756,7710526,1,-1,1
4,758,7720647,-96,-340,-8142
13,757,7720696,0,1,0
4,759,7730580,-89,-347,-8155
13,758,7730601,-1,-2,-1
4,760,7740771,-95,-345,-8145
13,759,7740793,1,-3,0
4,761,7750801,-101,-356,-8152
13,760,7750823,2,-1,-1
4,762,7760917,-89,-346,-8151
13,761,7760939,-1,-2,0
4,763,7770919,-96,-340,-8142
13,762,7770941,0,0,0
4,764,7780973,-94,-348,-8147
13,763,7780995,0,0,0
4,765,7791029,-98,-343,-8160
13,764,7791051,0,0,0
4,766,7801175,-91,-350,-8151
13,765,7801197,0,0,0
4,767,7811173,-93,-341,-8158
13,766,7811195,0,0,0
4,768,7821212,-94,-331,-8146
13,767,7821234,-2,1,0
4,769,7831280,-94,-344,-8159
13,768,7831302,-1,1,1
4,770,7841427,-99,-359,-8155
13,769,7841449,-1,0,0
4,771,7851472,-98,-352,-8149
13,770,7851521,0,0,-2
4,772,7861510,-92,-345,-8160
13,771,7861532,0,0,-1
4,773,7871628,-95,-349,-8145
13,772,7871650,0,0,0
4,774,7881624,-89,-342,-8156
13,773,7881646,-1,2,0
4,775,7891700,-90,-335,-8148
13,774,7891722,0,0,-1
4,776,7901750,-90,-344,-8152
13,775,7901772,0,0,0
4,777,7911816,-93,-340,-8145
13,776,7911838,0,0,-1
4,778,7921977,-109,-342,-8155
13,777,7921999,1,1,-1
4,779,7931883,-104,-343,-8152
13,778,7931905,0,0,0
4,780,7941975,-99,-354,-8145
13,779,7941997,0,0,0
4,781,7951997,-99,-344,-8162
13,780,7952019,2,0,0
4,782,7962150,-97,-344,-8157
13,781,7962172,2,-1,2
4,783,7972121,-98,-344,-8152
13,782,7972143,0,0,0
4,784,7982214,-88,-340,-8145
13,783,7982236,0,0,0
4,785,7992307,-97,-345,-8141
13,784,7992329,2,-2,0
4,786,8002459,-92,-352,-8155
13,785,8002481,0,-1,0
4,787,8012464,-90,-346,-8146
13,786,8012486,0,-1,-1
4,788,8022504,-98,-349,-8153
13,787,8022526,1,0,0
4,789,8032508,-100,-339,-8154
13,788,8032530,0,1,-3
4,790,8042617,-103,-337,-8158
13,789,8042639,-1,1,0
4,791,8052617,-97,-347,-8149
13,790,8052639,-1,-1,0
4,792,8062701,-94,-359,-8145
13,791,8062723,1,-1,0
4,793,8072764,-88,-356,-8156
13,792,8072786,0,-1,2
4,794,8082934,-88,-333,-8151
13,793,8082956,0,2,0
4,795,8092913,-91,-326,-8164
13,794,8092935,2,0,0
4,796,8102935,-102,-344,-8156
13,795,8102957,0,1,0
4,797,8113042,-99,-345,-8144
13,796,8113064,0,-1,0
4,798,8123178,-84,-349,-8152
13,797,8123200,-2,0,-1
4,799,8133156,-93,-343,-8165
13,798,8133178,0,0,0
4,800,8143166,-88,-351,-8158
13,799,8143188,1,0,-1
4,801,8153299,-93,-351,-8143
13,800,8153321,-1,2,-2
4,802,8163427,-100,-335,-8147
13,801,8163449,-2,0,0
4,803,8173449,-99,-333,-8142
13,802,8173471,0,0,0
4,804,8183468,-93,-339,-8146
13,803,8183490,0,-1,0
4,805,8193492,-80,-360,-8149
13,804,8193514,0,0,0
4,806,8203587,-89,-348,-8145
13,805,8203609,0,-1,0
4,807,8213707,-90,-353,-8151
13,806,8213729,0,-1,0
4,808,8223676,-89,-357,-8150
13,807,8223698,0,-2,0
4,809,8233763,-90,-344,-8148
13,808,8233784,-2,0,-1
4,810,8243922,-94,-347,-8154
13,809,8243944,0,1,0
4,811,8253931,-100,-351,-8162
13,810,8253953,0,0,2
4,812,8263942,-85,-338,-8162
13,811,8263964,0,1,1
4,813,8273944,-104,-345,-8164
13,812,8273966,1,4,0
4,814,8284110,-97,-345,-8168
13,813,8284132,0,2,-1
4,815,8294096,-89,-342,-8150
13,814,8294118,0,0,1
4,816,8304179,-102,-347,-8148
13,815,8304200,-1,1,0
4,817,8314203,-105,-355,-8153
13,816,8314225,1,0,0
4,818,8324390,-95,-341,-8147
13,817,8324412,0,-2,0
4,819,8334314,-95,-328,-8147
13,818,8334336,-3,-1,0
4,820,8344372,-98,-341,-8149
13,819,8344394,0,-1,-2
4,821,8354449,-101,-350,-8147
13,820,8354471,0,-1,0
4,822,8364571,-89,-337,-8143
13,821,8364593,-1,0,0
4,823,8374617,-93,-341,-8140
13,822,8374639,2,0,0
4,824,8384660,-91,-336,-8150
13,823,8384682,0,-1,0
4,825,8394683,-105,-351,-8151
13,824,8394705,0,0,-4
4,826,8404841,-85,-348,-8153
13,825,8404863,0,1,-5
4,827,8414771,-89,-338,-8152
13,826,8414793,0,0,-2
4,828,8424911,-104,-344,-8161
13,827,8424933,-1,0,-2
4,829,8434883,-91,-350,-8156
13,828,8434905,0,0,-1
4,830,8444981,-102,-348,-8142
13,829,8445003,2,0,0
4,831,8455049,-100,-346,-8152
13,830,8455071,1,-1,0
4,832,8465073,-86,-338,-8149
13,831,8465095,-1,0,-1
4,833,8475087,-95,-346,-8157
13,832,8475109,-1,-2,-1
4,834,8485261,-93,-340,-8154
13,833,8485283,-1,1,-1
4,835,8495303,-94,-359,-8149
13,834,8495325,-2,0,0
4,836,8505274,-104,-357,-8143
13,835,8505296,0,0,-1
4,837,8515352,-88,-341,-8151
13,836,8515374,-2,0,0
4,838,8525435,-92,-345,-8159
13,837,8525457,0,0,0
4,839,8535362,-88,-339,-8144
13,838,8535384,0,0,0
4,840,8545456,-85,-336,-8139
13,839,8545478,1,2,0
4,841,8555583,-97,-345,-8147
13,840,8555605,0,1,0
4,842,8565682,-97,-347,-8150
13,841,8565704,0,0,-2
4,843,8575601,-81,-345,-8161
13,842,8575623,0,0,-2
4,844,8585665,-102,-353,-8169
13,843,8585687,0,2,-2
4,845,8595724,-89,-339,-8159
13,844,8595746,0,0,-2
4,846,8605797,-86,-344,-8150
13,845,8605819,-2,-2,0
4,847,8615877,-98,-349,-8151
13,846,8615899,-1,-2,-1
4,848,8625956,-107,-346,-8152
13,847,8625978,0,0,0
4,849,8635967,-100,-354,-8148
13,848,8635989,-1,0,-2
4,850,8646128,-86,-359,-8152
13,849,8646150,0,-2,-1
4,851,8656062,-91,-352,-8159
13,850,8656084,0,-3,0
4,852,8666168,-105,-338,-8157
13,851,8666190,-1,0,0
4,853,8676154,-99,-350,-8156
13,852,8676176,-1,1,-1
4,854,8686200,-96,-339,-8148
13,853,8686222,-1,0,1
4,855,8696319,-94,-339,-8148
13,854,8696341,0,-2,1
4,856,8706319,-97,-340,-8155
13,855,8706341,0,0,0
4,857,8716404,-86,-354,-8160
13,856,8716426,0,0,-2
4,858,8726474,-94,-338,-8155
13,857,8726496,0,-2,0
4,859,8736520,-102,-340,-8149
13,858,8736569,0,-4,0
4,860,8746645,-105,-342,-8149
13,859,8746667,0,-1,-2
4,861,8756590,-103,-351,-8163
13,860,8756612,0,0,-2
4,862,8766708,-82,-349,-8143
13,861,8766730,1,1,2
4,863,8776754,-92,-344,-8144
13,862,8776776,1,0,0
4,864,8786771,-84,-341,-8149
13,863,8786793,0,0,0
4,865,8796828,-93,-346,-8153
13,864,8796850,-1,-1,0
4,866,8806977,-95,-349,-8151
13,865,8806999,0,-1,-1
4,867,8816876,-91,-346,-8155
13,866,8816897,1,-2,-2
4,868,8826969,-105,-340,-8158
13,867,8826991,0,0,0
4,869,8837079,-89,-344,-8153
13,868,8837101,-1,0,0
4,870,8847127,-99,-349,-8144
13,869,8847149,0,2,0
4,871,8857093,-94,-363,-8154
13,870,8857115,0,1,0
4,872,8867192,-97,-353,-8154
13,871,8867241,0,0,-1
4,873,8877291,-99,-354,-8149
13,872,8877313,-1,-1,0
4,874,8887368,-91,-352,-8147
13,873,8887390,-1,-3,-1
4,875,8897381,-99,-339,-8156
13,874,8897403,-1,0,0
4,876,8907433,-102,-353,-8156
13,875,8907455,0,-1,0
4,877,8917503,-77,-347,-8160
13,876,8917525,0,2,-3
4,878,8927549,-83,-351,-8162
13,877,8927571,-1,1,-2
4,879,8937568,-90,-338,-8158
13,878,8937590,0,0,0
4,880,8947570,-91,-347,-8150
13,879,8947592,0,0,2
4,881,8957648,-104,-344,-8151
13,880,8957670,-1,-1,0
4,882,8967819,-93,-348,-8148
13,881,8967841,0,-1,-1
4,883,8977721,-98,-341,-8151
13,882,8977743,0,0,0
4,884,8987916,-85,-346,-8145
13,883,8987938,0,-1,-1
4,885,8997823,-84,-346,-8156
13,884,8997845,-1,-3,0
4,886,9008019,-100,-347,-8163
13,885,9008041,-1,2,0
4,887,9018095,-103,-347,-8150
13,886,9018117,1,2,0
4,888,9028089,-104,-362,-8155
13,887,9028111,1,-2,0
4,889,9038131,-100,-354,-8152
13,888,9038153,0,0,0
4,890,9048265,-93,-342,-8150
13,889,9048287,1,0,0
4,891,9058168,-89,-340,-8160
13,890,9058190,1,1,-1
4,892,9068274,-96,-346,-8156
13,891,9068296,-1,0,0
4,893,9078343,-99,-349,-8149
13,892,9078365,0,0,-1
4,894,9088420,-90,-342,-8146
13,893,9088442,0,-1,1
4,895,9098441,-88,-340,-8155
13,894,9098463,0,0,-2
4,896,9108507,-95,-339,-8155
13,895,9108529,0,0,0
4,897,9118489,-89,-341,-8154
13,896,9118511,0,1,-1
4,898,9128762,-94,-336,-8155
13,897,9128784,-1,2,0
4,899,9138704,-83,-345,-8157
13,898,9138726,-2,0,1
4,900,9148695,-87,-350,-8154
13,899,9148717,0,0,1
4,901,9158820,-102,-350,-8126
13,900,9158842,0,1,0
4,902,9168870,-94,-345,-8148
13,901,9168892,0,0,0
4,903,9178885,-89,-355,-8159
13,902,9178906,1,-1,2
4,904,9188946,-98,-345,-8151
13,903,9188968,0,0,0
4,905,9199065,-88,-340,-8146
13,904,9199087,-1,-1,0
4,906,9209207,-86,-353,-8152
13,905,9209229,-1,0,-1
4,907,9219158,-91,-340,-8156
13,906,9219180,0,0,0
4,908,9229197,-94,-348,-8156
13,907,9229219,0,0,0
4,909,9239240,-101,-350,-8149
13,908,9239262,-1,0,0
4,910,9249378,-103,-347,-8161
13,909,9249400,-1,-1,0
4,911,9259336,-92,-350,-8164
13,910,9259358,0,0,-1
4,912,9269440,-98,-343,-8167
13,911,9269462,-1,0,-3
4,913,9279501,-112,-340,-8143
13,912,9279523,-2,-2,0
4,914,9289660,-102,-349,-8152
13,913,9289682,0,1,0
4,915,9299625,-96,-353,-8161
13,914,9299647,-1,1,0
4,916,9309647,-89,-343,-8152
13,915,9309669,0,-1,-1
4,917,9319727,-91,-343,-8160
13,916,9319749,0,-1,0
4,918,9329811,-98,-348,-8149
13,917,9329833,0,0,-1
4,919,9339833,-91,-350,-8156
13,918,9339854,-1,0,-2
4,920,9349883,-86,-356,-8151
13,919,9349905,0,-1,-1
4,921,9359946,-95,-343,-8149
13,920,9359968,0,2,0
4,922,9370133,-98,-346,-8147
13,921,9370155,-1,0,0
4,923,9380023,-94,-346,-8151
13,922,9380045,-1,-3,0
4,924,9390139,-102,-351,-8148
13,923,9390161,1,0,0
4,925,9400241,-100,-348,-8147
13,924,9400263,0,0,0
4,926,9410270,-92,-349,-8140
13,925,9410292,0,-2,1
4,927,9420272,-75,-346,-8159
13,926,9420294,0,0,1
4,928,9430289,-77,-347,-8169
13,927,9430311,0,1,0
4,929,9440373,-87,-344,-8159
13,928,9440395,0,-2,3
4,930,9450542,-87,-347,-8162
13,929,9450564,0,0,0
4,931,9460523,-93,-353,-8157
13,930,9460545,0,0,0
4,932,9470539,-85,-339,-8156
13,931,9470561,0,-1,0
4,933,9480561,-96,-350,-8150
13,932,9480583,0,0,-2
4,934,9490683,-99,-347,-8151
13,933,9490704,0,0,-1
4,935,9500734,-95,-332,-8162
13,934,9500756,0,0,0
4,936,9510800,-93,-352,-8142
13,935,9510822,1,0,0
4,937,9520854,-87,-341,-8152
13,936,9520876,-1,0,0
4,938,9530933,-101,-339,-8159
13,937,9530955,-2,0,0
4,939,9540931,-100,-340,-8161
13,938,9540953,0,0,-1
4,940,9551051,-92,-340,-8163
13,939,9551073,1,0,-3
4,941,9561069,-86,-347,-8146
13,940,9561091,0,-1,-1
4,942,9571187,-88,-346,-8149
13,941,9571209,-2,0,0
4,943,9581201,-93,-339,-8155
13,942,9581223,0,-1,0
4,944,9591252,-81,-340,-8150
13,943,9591274,0,2,-2
4,945,9601339,-86,-341,-8152
13,944,9601361,0,2,0
4,946,9611465,-95,-346,-8150
13,945,9611515,0,1,0
4,947,9621494,-90,-329,-8156
13,946,9621516,0,0,0
4,948,9631525,-91,-343,-8156
13,947,9631547,0,2,-1
4,949,9641585,-78,-347,-8151
13,948,9641607,0,2,-1
4,950,9651692,-86,-354,-8164
13,949,9651714,-1,0,-2
4,951,9661725,-104,-341,-8154
13,950,9661747,0,-1,0
4,952,9671740,-98,-345,-8153
13,951,9671761,0,-3,0
4,953,9681789,-83,-346,-8148
13,952,9681811,0,-1,0
4,954,9691897,-95,-354,-8147
13,953,9691919,0,0,-2
4,955,9701911,-93,-341,-8168
13,954,9701933,0,0,0
4,956,9711963,-82,-343,-8165
13,955,9711985,0,1,1
4,957,9722052,-90,-364,-8140
13,956,9722074,0,1,1
4,958,9732076,-99,-354,-8149
13,957,9732098,2,-1,0
4,959,9742150,-94,-340,-8163
13,958,9742172,0,-3,0
4,960,9752234,-90,-352,-8148
13,959,9752256,0,0,-1
4,961,9762289,-95,-340,-8145
13,960,9762311,-2,0,-2
4,962,9772443,-82,-350,-8161
13,961,9772465,-1,2,2
4,963,9782348,-103,-335,-8158
13,962,9782370,1,2,0
4,964,9792442,-102,-347,-8148
13,963,9792464,0,0,0
4,965,9802511,-101,-345,-8149
13,964,9802533,0,1,0
4,966,9812611,-98,-342,-8155
13,965,9812633,0,0,0
4,967,9822561,-98,-341,-8152
13,966,9822583,-1,0,0
4,968,9832734,-97,-348,-8154
13,967,9832756,0,1,0
4,969,9842738,-96,-349,-8146
13,968,9842760,0,2,0
4,970,9852825,-91,-352,-8158
13,969,9852847,0,0,-2
4,971,9862848,-101,-343,-8152
13,970,9862870,0,-1,0
4,972,9872896,-99,-339,-8153
13,971,9872918,0,2,0
4,973,9882982,-97,-339,-8153
13,972,9883004,0,1,0
4,974,9893060,-92,-352,-8157
13,973,9893082,0,0,0
4,975,9903103,-90,-354,-8159
13,974,9903125,0,-1,-1
4,976,9913165,-94,-346,-8165
13,975,9913187,1,-1,0
4,977,9923210,-102,-335,-8157
13,976,9923232,1,0,0
4,978,9933295,-87,-357,-8147
13,977,9933317,0,-1,0
4,979,9943310,-83,-354,-8149
13,978,9943332,2,0,0
4,980,9953353,-103,-347,-8143
13,979,9953375,1,0,-1
4,981,9963340,-91,-338,-8158
13,980,9963362,1,-1,0
4,982,9973522,-94,-346,-8156
13,981,9973544,-2,0,0
4,983,9983527,-92,-343,-8147
13,982,9983549,0,1,-1
4,984,9993537,-94,-347,-8162
13,983,9993559,1,0,-2
4,985,10003677,-84,-347,-8157
13,984,10003699,0,0,-3
4,986,10013848,-98,-355,-8159
13,985,10013870,0,0,-1
4,987,10023712,-95,-348,-8162
13,986,10023734,2,-1,-1
4,988,10033809,-98,-351,-8156
13,987,10033831,0,-1,0
4,989,10043840,-93,-349,-8151
13,988,10043862,0,0,0
4,990,10053992,-98,-349,-8148
13,989,10054014,0,1,0
4,991,10063959,-90,-350,-8146
13,990,10063980,0,0,0
4,992,10073954,-92,-348,-8152
13,991,10073976,0,1,1
4,993,10084117,-100,-350,-8141
13,992,10084139,-1,2,0
4,994,10094242,-92,-329,-8156
13,993,10094264,0,2,-2
4,995,10104188,-95,-347,-8163
13,994,10104210,-2,1,0
4,996,10114232,-97,-339,-8148
13,995,10114254,-1,0,0
4,997,10124300,-94,-342,-8154
13,996,10124350,0,0,0
4,998,10134483,-88,-329,-8156
13,997,10134505,0,-1,1
4,999,10144466,-93,-350,-8158
13,998,10144488,0,2,0
4,1000,10154443,-103,-355,-8151
13,999,10154465,0,2,-1
4,1001,10164573,-99,-340,-8146
13,1000,10164595,0,0,-1
4,1002,10174738,-98,-334,-8155
13,1001,10174760,0,1,0
4,1003,10184673,-98,-347,-8148
13,1002,10184695,-1,0,0
4,1004,10194762,-100,-340,-8150
13,1003,10194784,0,0,0
4,1005,10204780,-99,-342,-8140
13,1004,10204802,0,-1,0
4,1006,10214806,-91,-339,-8157
13,1005,10214828,-1,0,-2
4,1007,10224903,-93,-339,-8156
13,1006,10224925,-1,-3,-2
4,1008,10234930,-91,-357,-8149
13,1007,10234952,0,0,0
4,1009,10245012,-91,-342,-8152
13,1008,10245034,0,2,0
4,1010,10255211,-90,-341,-8146
13,1009,10255233,-1,1,-1
4,1011,10265224,-91,-343,-8141
13,1010,10265246,0,0,-1
4,1012,10275209,-100,-350,-8151
13,1011,10275231,0,1,0
4,1013,10285338,-96,-352,-8151
13,1012,10285360,-2,1,0
4,1014,10295310,-99,-342,-8158
13,1013,10295332,0,-1,0
4,1015,10305459,-92,-342,-8143
13,1014,10305481,1,0,0
4,1016,10315446,-92,-358,-8142
13,1015,10315468,1,2,1
4,1017,10325471,-95,-347,-8146
13,1016,10325493,2,0,0
4,1018,10335647,-103,-339,-8147
13,1017,10335669,0,-2,0
4,1019,10345624,-94,-341,-8152
13,1018,10345646,0,0,-1
4,1020,10355691,-99,-336,-8149
13,1019,10355713,0,0,0
4,1021,10365816,-94,-347,-8140
13,1020,10365838,0,1,0
4,1022,10375848,-91,-346,-8150
13,1021,10375898,-1,2,0
4,1023,10385897,-91,-338,-8151
13,1022,10385919,-2,0,-2
4,1024,10395959,-86,-347,-8147
13,1023,10395981,0,-2,-1
4,1025,10406016,-93,-346,-8151
13,1024,10406038,0,0,0
4,1026,10416208,-92,-355,-8161
13,1025,10416230,-1,2,0
4,1027,10426124,-88,-349,-8152
13,1026,10426146,0,1,0
4,1028,10436229,-97,-342,-8156
13,1027,10436251,-1,0,-1
4,1029,10446203,-94,-347,-8162
13,1028,10446225,0,1,-1
4,1030,10456316,-92,-338,-8146
13,1029,10456338,0,1,-2
4,1031,10466364,-88,-354,-8154
13,1030,10466386,-1,0,-1
4,1032,10476408,-90,-347,-8160
13,1031,10476430,0,-1,0
4,1033,10486472,-99,-334,-8153
13,1032,10486494,-2,2,0
4,1034,10496569,-88,-345,-8154
13,1033,10496591,-1,3,0
4,1035,10506609,-84,-348,-8155
13,1034,10506631,0,0,0
4,1036,10516605,-96,-354,-8144
13,1035,10516627,-1,0,-2
4,1037,10526701,-91,-346,-8144
13,1036,10526723,-3,0,2
4,1038,10536766,-83,-327,-8150
13,1037,10536788,0,1,1
4,1039,10546787,-100,-331,-8156
13,1038,10546809,0,-1,2
4,1040,10556848,-85,-355,-8144
13,1039,10556870,0,0,0
4,1041,10566903,-90,-350,-8150
13,1040,10566925,0,2,0
4,1042,10577103,-93,-342,-8155
13,1041,10577125,0,0,1
4,1043,10587030,-93,-351,-8151
13,1042,10587052,-1,0,0
4,1044,10597059,-86,-350,-8152
13,1043,10597081,-2,-1,-3
4,1045,10607143,-91,-347,-8161
13,1044,10607165,0,0,-1
4,1046,10617239,-98,-346,-8153
13,1045,10617261,0,0,-2
4,1047,10627259,-89,-335,-8141
13,1046,10627308,1,0,0
4,1048,10637332,-97,-348,-8146
13,1047,10637354,4,0,2
4,1049,10647404,-101,-355,-8158
13,1048,10647426,1,0,0
4,1050,10657537,-89,-353,-8155
13,1049,10657559,-3,2,-1
4,1051,10667499,-94,-346,-8157
13,1050,10667521,0,2,0
4,1052,10677571,-100,-348,-8154
13,1051,10677593,2,-3,0
4,1053,10687661,-90,-352,-8160
13,1052,10687683,-1,-1,-2
4,1054,10697682,-91,-343,-8155
13,1053,10697704,0,0,0
4,1055,10707664,-96,-352,-8144
13,1054,10707685,0,1,0
4,1056,10717784,-95,-353,-8159
13,1055,10717806,0,0,-2
4,1057,10727826,-92,-346,-8159
13,1056,10727848,0,0,-2
4,1058,10738020,-90,-344,-8146
13,1057,10738042,-2,0,-1
4,1059,10747925,-100,-342,-8156
13,1058,10747947,0,1,0
4,1060,10757997,-95,-341,-8158
13,1059,10758046,0,1,0
4,1061,10768092,-95,-343,-8149
13,1060,10768114,-2,2,-1
4,1062,10778258,-105,-341,-8158
13,1061,10778280,1,1,0
4,1063,10788216,-94,-344,-8172
13,1062,10788238,1,2,-1
4,1064,10798260,-99,-347,-8160
13,1063,10798282,0,0,0
4,1065,10808311,-96,-353,-8150
13,1064,10808333,1,0,1
4,1066,10818505,-100,-345,-8160
13,1065,10818527,0,0,0
4,1067,10828398,-93,-331,-8163
13,1066,10828420,0,-2,0
4,1068,10838397,-101,-345,-8148
13,1067,10838419,0,0,1
4,1069,10848526,-94,-340,-8152
13,1068,10848548,-1,0,1
4,1070,10858590,-101,-338,-8144
13,1069,10858612,0,-1,0
4,1071,10868631,-95,-340,-8157
13,1070,10868653,0,-1,1
4,1072,10878693,-83,-351,-8142
13,1071,10878715,-2,-2,1
4,1073,10888781,-83,-345,-8145
13,1072,10888803,-2,1,0
4,1074,10898917,-98,-351,-8156
13,1073,10898939,-3,1,0
4,1075,10908899,-90,-354,-8156
13,1074,10908921,0,0,-1
4,1076,10918946,-94,-352,-8157
13,1075,10918968,0,1,1
4,1077,10928982,-97,-348,-8156
13,1076,10929003,0,0,0
4,1078,10939094,-91,-351,-8162
13,1077,10939116,-2,0,-3
4,1079,10949079,-95,-342,-8152
13,1078,10949101,0,0,0
4,1080,10959105,-96,-345,-8154
13,1079,10959127,2,2,1
4,1081,10969219,-88,-346,-8152
13,1080,10969241,1,2,-1
4,1082,10979382,-89,-349,-8150
13,1081,10979404,1,0,0
4,1083,10989422,-91,-347,-8144
13,1082,10989444,0,0,0
4,1084,10999391,-93,-352,-8152
13,1083,10999413,0,2,0
4,1085,11009503,-100,-343,-8156
13,1084,11009525,-2,0,0
4,1086,11019635,-98,-353,-8152
13,1085,11019657,-1,-1,0
4,1087,11029622,-95,-355,-8157
13,1086,11029644,-1,-1,0
4,1088,11039667,-97,-340,-8148
13,1087,11039689,0,1,2
4,1089,11049705,-93,-341,-8158
13,1088,11049727,-1,0,0
4,1090,11059912,-105,-340,-8159
13,1089,11059934,-2,-3,-3
4,1091,11069806,-95,-357,-8156
13,1090,11069828,0,-4,-2
4,1092,11079892,-93,-348,-8158
13,1091,11079914,0,0,1
4,1093,11089972,-84,-342,-8152
13,1092,11089994,0,0,-1
4,1094,11099978,-104,-346,-8161
13,1093,11100000,0,-1,-2
4,1095,11110080,-97,-339,-8153
13,1094,11110102,0,1,-4
4,1096,11120187,-86,-346,-8152
13,1095,11120209,1,0,1
4,1097,11130249,-96,-345,-8151
13,1096,11130271,0,-1,-1
4,1098,11140354,-101,-340,-8146
13,1097,11140376,0,0,-3
4,1099,11150333,-95,-345,-8155
13,1098,11150355,-1,-2,1
4,1100,11160397,-92,-349,-8153
13,1099,11160419,-2,-1,0
4,1101,11170463,-91,-340,-8146
13,1100,11170485,-2,0,-1
4,1102,11180547,-90,-339,-8165
13,1101,11180569,1,0,-1
4,1103,11190613,-91,-349,-8156
13,1102,11190635,1,0,0
4,1104,11200631,-93,-343,-8160
13,1103,11200653,0,0,0
4,1105,11210740,-82,-345,-8163
13,1104,11210762,-1,0,0
4,1106,11220842,-87,-346,-8152
13,1105,11220864,-1,2,0
4,1107,11230872,-95,-350,-8144
13,1106,11230894,-2,2,-1
4,1108,11240847,-96,-354,-8156
13,1107,11240869,0,1,-2
4,1109,11250856,-90,-348,-8147
13,1108,11250878,0,0,1
4,1110,11261092,-96,-341,-8143
13,1109,11261114,1,0,0
4,1111,11271064,-97,-342,-8142
13,1110,11271086,0,0,0
4,1112,11281109,-98,-341,-8142
13,1111,11281131,-1,2,0
4,1113,11291139,-103,-352,-8145
13,1112,11291161,0,1,3
4,1114,11301290,-100,-337,-8151
13,1113,11301312,0,-3,2
4,1115,11311319,-89,-338,-8150
13,1114,11311341,2,-3,0
4,1116,11321275,-99,-348,-8155
13,1115,11321297,0,-2,1
4,1117,11331392,-93,-335,-8146
13,1116,11331414,-1,0,3
4,1118,11341503,-89,-356,-8158
13,1117,11341525,0,0,0
4,1119,11351499,-93,-352,-8158
13,1118,11351521,2,-1,1
4,1120,11361556,-95,-346,-8141
13,1119,11361578,1,0,0
4,1121,11371593,-102,-334,-8147
13,1120,11371615,-1,1,0
4,1122,11381693,-91,-341,-8151
13,1121,11381742,-1,0,3
4,1123,11391766,-83,-353,-8148
13,1122,11391788,0,0,2
4,1124,11401879,-96,-339,-8151
13,1123,11401901,1,-1,-2
4,1125,11411888,-86,-342,-8154
13,1124,11411910,0,0,1
4,1126,11421930,-84,-350,-8146
13,1125,11421952,0,0,0
4,1127,11431979,-102,-350,-8148
13,1126,11432001,2,1,0
4,1128,11442044,-88,-346,-8154
13,1127,11442066,1,0,1
4,1129,11452069,-102,-348,-8149
13,1128,11452091,0,-1,0
4,1130,11462297,-110,-352,-8150
13,1129,11462319,0,-1,-1
4,1131,11472303,-98,-339,-8155
13,1130,11472325,1,1,4
4,1132,11482380,-96,-334,-8154
13,1131,11482402,0,0,2
4,1133,11492364,-102,-342,-8156
13,1132,11492386,0,0,0
4,1134,11502456,-90,-344,-8149
13,1133,11502477,1,0,0
4,1135,11512463,-101,-334,-8149
13,1134,11512485,1,0,0
4,1136,11522566,-92,-356,-8153
13,1135,11522588,0,2,0
4,1137,11532648,-103,-353,-8159
13,1136,11532670,0,0,0
4,1138,11542740,-90,-348,-8163
13,1137,11542762,0,0,1
4,1139,11552794,-81,-344,-8152
13,1138,11552816,0,1,0
4,1140,11562742,-90,-339,-8145
13,1139,11562764,0,1,0
4,1141,11572842,-102,-349,-8146
13,1140,11572864,0,1,0
4,1142,11582998,-92,-347,-8159
13,1141,11583020,0,0,-1
4,1143,11592965,-92,-336,-8143
13,1142,11592986,0,-1,0
4,1144,11603049,-91,-340,-8151
13,1143,11603071,-1,0,0
4,1145,11613099,-97,-342,-8151
13,1144,11613121,0,0,-1
4,1146,11623209,-105,-347,-8158
13,1145,11623231,0,0,1
4,1147,11633215,-113,-347,-8159
13,1146,11633237,-1,2,4
4,1148,11643279,-108,-348,-8146
13,1147,11643301,3,0,1
4,1149,11653378,-101,-347,-8155
13,1148,11653400,0,0,0
4,1150,11663454,-96,-344,-8150
13,1149,11663476,-1,0,1
4,1151,11673475,-89,-356,-8152
13,1150,11673497,0,0,1
4,1152,11683476,-96,-349,-8145
13,1151,11683498,1,0,2
4,1153,11693574,-90,-355,-8141
13,1152,11693595,-1,1,0
4,1154,11703700,-97,-351,-8155
13,1153,11703722,-1,-1,0
4,1155,11713601,-101,-355,-8157
13,1154,11713623,0,0,2
4,1156,11723794,-96,-348,-8144
13,1155,11723816,0,0,0
4,1157,11733784,-89,-343,-8156
13,1156,11733806,-1,0,0
4,1158,11743886,-91,-358,-8149
13,1157,11743908,0,1,0
4,1159,11753898,-99,-351,-8156
13,1158,11753920,0,1,-1
4,1160,11764016,-99,-343,-8159
13,1159,11764038,0,0,1
4,1161,11774088,-94,-346,-8160
13,1160,11774110,0,0,0
4,1162,11784209,-97,-345,-8152
13,1161,11784231,0,0,0
4,1163,11794134,-98,-350,-8156
13,1162,11794156,0,0,1
4,1164,11804179,-94,-345,-8148
13,1163,11804201,-1,0,-2
4,1165,11814218,-91,-356,-8162
13,1164,11814240,0,0,0
4,1166,11824246,-85,-348,-8166
13,1165,11824268,1,0,0
4,1167,11834314,-97,-342,-8152
13,1166,11834336,0,1,2
4,1168,11844392,-84,-344,-8151
13,1167,11844413,1,0,2
4,1169,11854442,-95,-351,-8157
13,1168,11854464,1,0,1
4,1170,11864598,-93,-348,-8155
13,1169,11864620,-2,1,3
4,1171,11874534,-94,-336,-8155
13,1170,11874556,-2,1,0
4,1172,11884612,-90,-346,-8140
13,1171,11884634,-1,2,0
4,1173,11894678,-91,-351,-8154
13,1172,11894700,-2,-3,0
4,1174,11904776,-95,-340,-8158
13,1173,11904798,0,0,0
4,1175,11914801,-92,-338,-8148
13,1174,11914823,0,1,0
4,1176,11924856,-96,-345,-8150
13,1175,11924878,-1,0,0
4,1177,11934915,-99,-352,-8159
13,1176,11934937,0,-2,0
4,1178,11944998,-96,-350,-8156
13,1177,11945020,0,0,0
4,1179,11955021,-88,-343,-8160
13,1178,11955043,-3,0,0
4,1180,11965132,-91,-339,-8160
13,1179,11965154,0,-1,1
4,1181,11975166,-99,-352,-8150
13,1180,11975188,0,0,0
4,1182,11985217,-89,-349,-8151
13,1181,11985239,0,1,0
4,1183,11995211,-87,-347,-8155
13,1182,11995233,0,2,0
4,1184,12005323,-90,-344,-8157
13,1183,12005345,0,0,0
4,1185,12015369,-97,-349,-8160
13,1184,12015391,0,0,0
4,1186,12025563,-92,-338,-8151
13,1185,12025585,0,1,0
4,1187,12035525,-91,-346,-8155
13,1186,12035547,0,2,-1
4,1188,12045530,-92,-345,-8163
13,1187,12045552,0,0,1
4,1189,12055633,-91,-339,-8153
13,1188,12055654,0,-1,0
4,1190,12065694,-87,-348,-8149
13,1189,12065716,0,-1,0
4,1191,12075736,-83,-352,-8152
13,1190,12075758,-2,-1,1
4,1192,12085762,-97,-345,-8152
13,1191,12085784,0,1,2
4,1193,12095823,-97,-345,-8153
13,1192,12095845,1,-2,1
4,1194,12105989,-95,-350,-8147
13,1193,12106011,1,-3,1
4,1195,12116015,-100,-357,-8159
13,1194,12116037,0,0,1
4,1196,12126023,-98,-338,-8150
13,1195,12126045,1,-1,0
4,1197,12136049,-98,-341,-8147
13,1196,12136070,0,-1,2
4,1198,12146201,-98,-337,-8166
13,1197,12146223,0,0,-2
4,1199,12156186,-83,-346,-8150
13,1198,12156208,0,0,0
4,1200,12166251,-85,-350,-8161
13,1199,12166273,-1,0,0
4,1201,12176311,-95,-353,-8147
13,1200,12176333,0,2,1
4,1202,12186458,-95,-348,-8144
13,1201,12186480,-1,1,0
4,1203,12196387,-93,-338,-8153
13,1202,12196409,0,-2,0
4,1204,12206435,-95,-355,-8157
13,1203,12206457,0,0,1
4,1205,12216525,-86,-353,-8159
13,1204,12216547,0,1,1
4,1206,12226645,-92,-355,-8151
13,1205,12226667,0,-2,1
4,1207,12236642,-94,-346,-8151
13,1206,12236664,0,1,1
4,1208,12246668,-92,-339,-8144
13,1207,12246690,0,1,0
4,1209,12256725,-98,-334,-8152
13,1208,12256747,0,-2,2
4,1210,12266920,-94,-352,-8155
13,1209,12266942,-2,0,2
4,1211,12276884,-96,-352,-8155
13,1210,12276906,-1,-1,0
4,1212,12286949,-99,-343,-8148
13,1211,12286971,0,0,0
4,1213,12296937,-97,-342,-8143
13,1212,12296959,0,0,1
4,1214,12307055,-90,-347,-8160
13,1213,12307077,0,0,0
4,1215,12317073,-101,-347,-8148
13,1214,12317095,-1,2,-1
4,1216,12327157,-90,-349,-8153
13,1215,12327179,0,1,0
4,1217,12337190,-111,-344,-8152
13,1216,12337212,0,-2,0
4,1218,12347334,-102,-346,-8155
13,1217,12347356,0,1,1
4,1219,12357331,-90,-351,-8152
13,1218,12357353,0,0,2
4,1220,12367389,-96,-352,-8157
13,1219,12367411,-1,1,1
4,1221,12377463,-94,-341,-8162
13,1220,12377485,0,0,0
4,1222,12387492,-91,-337,-8137
13,1221,12387514,0,0,0
4,1223,12397673,-90,-344,-8152
13,1222,12397695,-1,0,0
4,1224,12407663,-91,-344,-8151
13,1223,12407685,0,-1,1
4,1225,12417692,-94,-334,-8146
13,1224,12417714,1,-1,0
4,1226,12427863,-93,-343,-8157
13,1225,12427885,2,0,0
4,1227,12437802,-93,-343,-8148
13,1226,12437824,0,0,0
4,1228,12447895,-82,-340,-8150
13,1227,12447917,-1,0,0
4,1229,12457931,-96,-348,-8155
13,1228,12457953,-2,2,1
4,1230,12468060,-88,-345,-8159
13,1229,12468082,-1,0,1
4,1231,12478068,-96,-344,-8150
13,1230,12478090,0,0,0
4,1232,12488133,-86,-343,-8158
13,1231,12488154,0,0,2
4,1233,12498115,-93,-343,-8150
13,1232,12498137,0,0,1
4,1234,12508326,-101,-348,-8149
13,1233,12508375,0,-1,0
4,1235,12518320,-78,-348,-8159
13,1234,12518369,0,-2,0
4,1236,12528342,-85,-340,-8155
13,1235,12528364,-2,0,0
4,1237,12538466,-94,-349,-8155
13,1236,12538488,0,2,0
4,1238,12548530,-100,-344,-8153
13,1237,12548552,1,0,1
4,1239,12558511,-91,-339,-8150
13,1238,12558533,0,0,2
4,1240,12568574,-90,-337,-8153
13,1239,12568596,0,0,0
4,1241,12578706,-96,-339,-8164
13,1240,12578728,0,0,1
4,1242,12588754,-103,-348,-8156
13,1241,12588776,0,0,0
4,1243,12598754,-94,-347,-8151
13,1242,12598776,-1,2,0
4,1244,12608812,-92,-356,-8155
13,1243,12608834,0,1,0
4,1245,12618919,-93,-351,-8138
13,1244,12618941,0,0,2
4,1246,12628987,-96,-336,-8144
13,1245,12629009,0,0,2
4,1247,12638926,-92,-339,-8146
13,1246,12638948,1,0,1
4,1248,12649085,-91,-346,-8160
13,1247,12649107,0,1,0
4,1249,12659103,-86,-346,-8165
13,1248,12659125,-2,2,1
4,1250,12669254,-94,-346,-8158
13,1249,12669276,0,-2,0
4,1251,12679244,-77,-348,-8152
13,1250,12679266,0,0,-1
4,1252,12689268,-85,-347,-8152
13,1251,12689290,0,0,0
4,1253,12699387,-94,-345,-8160
13,1252,12699409,1,0,0
4,1254,12709441,-93,-352,-8147
13,1253,12709463,-1,-1,0
4,1255,12719379,-103,-347,-8155
13,1254,12719401,-2,-1,0
4,1256,12729517,-93,-344,-8165
13,1255,12729539,0,1,0
4,1257,12739624,-85,-348,-8150
13,1256,12739646,1,0,-1
4,1258,12749741,-91,-350,-8155
13,1257,12749763,0,0,0
4,1259,12759756,-104,-338,-8141
13,1258,12759778,0,0,1
4,1260,12769772,-89,-350,-8155
13,1259,12769822,-2,0,0
4,1261,12779805,-89,-354,-8166
13,1260,12779827,0,-2,3
4,1262,12789929,-97,-351,-8149
13,1261,12789951,-2,0,0
4,1263,12799918,-94,-345,-8143
13,1262,12799940,-1,-2,-1
4,1264,12810019,-93,-340,-8156
13,1263,12810041,0,0,2
4,1265,12820061,-82,-345,-8148
13,1264,12820083,0,0,0
4,1266,12830262,-101,-348,-8150
13,1265,12830284,0,0,-3
4,1267,12840185,-95,-350,-8155
13,1266,12840207,0,0,0
4,1268,12850320,-81,-349,-8145
13,1267,12850342,0,2,0
4,1269,12860234,-88,-340,-8155
13,1268,12860256,0,2,-1
4,1270,12870451,-90,-345,-8166
13,1269,12870473,0,2,0
4,1271,12880418,-96,-335,-8148
13,1270,12880440,1,0,2
4,1272,12890423,-96,-347,-8154
13,1271,12890444,0,1,1
4,1273,12900594,-95,-341,-8146
13,1272,12900616,1,-1,0
4,1274,12910733,-99,-340,-8145
13,1273,12910755,0,2,0
4,1275,12920709,-102,-351,-8164
13,1274,12920731,0,0,-1
4,1276,12930808,-88,-342,-8153
13,1275,12930830,2,0,1
4,1277,12940820,-93,-351,-8145
13,1276,12940842,0,2,3
4,1278,12950902,-93,-348,-8159
13,1277,12950924,-1,0,2
4,1279,12960925,-83,-349,-8161
13,1278,12960947,0,-4,0
4,1280,12970994,-90,-348,-8150
13,1279,12971016,0,-2,-2
4,1281,12981106,-90,-341,-8165
13,1280,12981128,0,1,0
4,1282,12991228,-94,-336,-8159
13,1281,12991250,0,2,0
4,1283,13001231,-98,-345,-8150
13,1282,13001253,0,2,-2
4,1284,13011206,-88,-346,-8154
13,1283,13011228,0,0,-1
4,1285,13021305,-99,-344,-8136
13,1284,13021327,0,0,0
4,1286,13031430,-98,-340,-8149
13,1285,13031452,0,1,0
4,1287,13041439,-85,-346,-8156
13,1286,13041461,1,0,3
4,1288,13051494,-94,-353,-8145
13,1287,13051516,0,0,0
4,1289,13061539,-98,-349,-8158
13,1288,13061561,0,0,0
4,1290,13071685,-99,-342,-8149
13,1289,13071707,0,0,-1
4,1291,13081615,-96,-343,-8146
13,1290,13081637,0,0,0
4,1292,13091722,-99,-357,-8155
13,1291,13091744,1,1,0
4,1293,13101729,-104,-355,-8150
13,1292,13101751,1,-3,1
4,1294,13111885,-95,-342,-8150
13,1293,13111907,0,-2,0
4,1295,13121899,-95,-342,-8151
13,1294,13121921,0,1,1
4,1296,13131959,-99,-346,-8153
13,1295,13131981,0,0,0
4,1297,13142080,-100,-346,-8148
13,1296,13142129,0,0,2
4,1298,13152214,-85,-349,-8149
13,1297,13152236,0,-1,0
4,1299,13162172,-92,-334,-8168
13,1298,13162194,-1,-2,1
4,1300,13172218,-90,-335,-8148
13,1299,13172240,-1,-2,2
4,1301,13182290,-91,-346,-8146
13,1300,13182312,1,0,0
4,1302,13192374,-102,-345,-8153
13,1301,13192396,1,0,0
4,1303,13202389,-90,-336,-8160
13,1302,13202411,0,0,0
4,1304,13212456,-84,-341,-8155
13,1303,13212478,0,0,1
4,1305,13222539,-85,-347,-8147
13,1304,13222561,0,0,0
4,1306,13232660,-93,-349,-8146
13,1305,13232682,-1,2,0
4,1307,13242642,-90,-349,-8148
13,1306,13242664,-1,0,1
4,1308,13252764,-87,-344,-8159
13,1307,13252786,0,0,0
4,1309,13262737,-95,-352,-8144
13,1308,13262759,1,0,2
4,1310,13272791,-91,-348,-8146
13,1309,13272813,1,0,0
4,1311,13282902,-88,-344,-8150
13,1310,13282924,1,-1,0
4,1312,13292987,-94,-344,-8150
13,1311,13293009,0,1,0
4,1313,13303090,-96,-348,-8157
13,1312,13303112,1,2,1
4,1314,13313170,-101,-346,-8152
13,1313,13313192,0,-1,0
4,1315,13323128,-87,-344,-8149
13,1314,13323150,0,-1,1
4,1316,13333185,-92,-338,-8150
13,1315,13333207,1,0,0
4,1317,13343301,-102,-350,-8161
13,1316,13343323,0,0,0
4,1318,13353318,-97,-352,-8154
13,1317,13353340,-2,0,0
4,1319,13363332,-87,-350,-8150
13,1318,13363354,1,0,1
4,1320,13373382,-84,-338,-8172
13,1319,13373404,0,-2,0
4,1321,13383525,-83,-346,-8152
13,1320,13383547,-3,0,1
4,1322,13393660,-89,-341,-8146
13,1321,13393682,0,2,0
4,1323,13403499,-92,-336,-8155
13,1322,13403521,0,1,0
4,1324,13413655,-92,-336,-8160
13,1323,13413677,-1,0,-1
4,1325,13423700,-94,-345,-8160
13,1324,13423722,-1,-1,2
4,1326,13433815,-99,-347,-8148
13,1325,13433837,0,0,2
4,1327,13443817,-89,-351,-8141
13,1326,13443839,1,0,2
4,1328,13453868,-92,-350,-8158
13,1327,13453889,0,0,1
4,1329,13463922,-104,-343,-8155
13,1328,13463944,0,1,0
4,1330,13474079,-109,-331,-8162
13,1329,13474101,0,2,1
4,1331,13484026,-92,-354,-8161
13,1330,13484048,-3,-1,1
4,1332,13494085,-103,-347,-8152
13,1331,13494107,0,0,0
4,1333,13504150,-93,-344,-8148
13,1332,13504172,-2,0,1
4,1334,13514230,-105,-353,-8155
13,1333,13514252,-1,0,0
4,1335,13524187,-94,-348,-8156
13,1334,13524209,0,0,0
4,1336,13534345,-91,-340,-8158
13,1335,13534367,0,-1,0
4,1337,13544406,-101,-353,-8153
13,1336,13544428,0,-5,0
4,1338,13554560,-112,-342,-8152
13,1337,13554582,-1,0,0
4,1339,13564490,-96,-350,-8148
13,1338,13564512,0,0,1
4,1340,13574516,-98,-346,-8158
13,1339,13574538,0,-1,1
4,1341,13584638,-93,-350,-8147
13,1340,13584659,0,0,1
4,1342,13594665,-97,-344,-8153
13,1341,13594687,-2,2,0
4,1343,13604704,-100,-340,-8143
13,1342,13604726,0,1,1
4,1344,13614734,-96,-339,-8154
13,1343,13614756,0,0,0
4,1345,13624853,-107,-354,-8144
13,1344,13624875,0,-3,1
4,1346,13634946,-105,-349,-8156
13,1345,13634968,0,-1,1
4,1347,13644900,-106,-353,-8161
13,1346,13644922,0,0,0
4,1348,13655042,-91,-345,-8146
13,1347,13655064,1,0,-2
4,1349,13664981,-86,-346,-8152
13,1348,13665003,0,-1,0
4,1350,13675144,-103,-348,-8158
13,1349,13675166,0,-1,0
4,1351,13685225,-90,-339,-8163
13,1350,13685247,1,0,0
4,1352,13695220,-74,-349,-8155
13,1351,13695242,-1,0,0
4,1353,13705256,-86,-358,-8145
13,1352,13705278,0,-1,-2
4,1354,13715408,-93,-346,-8148
13,1353,13715430,-1,0,0
4,1355,13725385,-86,-336,-8151
13,1354,13725407,0,1,0
4,1356,13735417,-89,-339,-8141
13,1355,13735439,-2,2,1
4,1357,13745497,-102,-340,-8155
13,1356,13745519,-1,0,0
4,1358,13755654,-91,-344,-8159
13,1357,13755676,0,0,0
4,1359,13765607,-90,-337,-8154
13,1358,13765629,0,2,1
4,1360,13775751,-105,-348,-8169
13,1359,13775773,-1,1,1
4,1361,13785750,-113,-362,-8153
13,1360,13785772,-1,-2,0
4,1362,13795977,-89,-343,-8150
13,1361,13795999,-1,0,0
4,1363,13805882,-91,-347,-8150
13,1362,13805904,0,2,2
4,1364,13815878,-92,-348,-8146
13,1363,13815900,0,-1,2
4,1365,13826022,-105,-355,-8150
13,1364,13826044,1,-1,1
4,1366,13836060,-87,-337,-8158
13,1365,13836082,2,-1,2
4,1367,13846071,-82,-333,-8158
13,1366,13846092,0,0,3
4,1368,13856051,-89,-340,-8140
13,1367,13856073,0,2,0
4,1369,13866213,-104,-347,-8152
13,1368,13866235,-1,0,0
4,1370,13876376,-105,-351,-8152
13,1369,13876398,0,-1,0
4,1371,13886250,-101,-348,-8148
13,1370,13886272,0,0,0
4,1372,13896339,-91,-343,-8150
13,1371,13896361,0,0,0
4,1373,13906391,-88,-338,-8153
13,1372,13906440,0,2,1
4,1374,13916537,-97,-353,-8158
13,1373,13916559,0,-1,0
4,1375,13926546,-100,-353,-8164
13,1374,13926568,0,0,0
4,1376,13936602,-96,-350,-8153
13,1375,13936624,0,1,0
4,1377,13946615,-94,-342,-8151
13,1376,13946637,0,0,1
4,1378,13956799,-92,-352,-8145
13,1377,13956821,0,-1,2
4,1379,13966810,-98,-346,-8155
13,1378,13966832,1,-2,0
4,1380,13976804,-89,-348,-8157
13,1379,13976826,0,-3,0
4,1381,13986786,-100,-341,-8151
13,1380,13986808,-2,-1,0
4,1382,13996949,-95,-341,-8149
13,1381,13996971,0,1,0
4,1383,14006970,-97,-360,-8147
13,1382,14006992,-1,0,1
4,1384,14016965,-95,-348,-8153
13,1383,14016987,-1,-1,0
4,1385,14027088,-83,-346,-8145
13,1384,14027137,0,0,1
4,1386,14037295,-85,-354,-8154
13,1385,14037317,1,0,2
4,1387,14047261,-92,-340,-8152
13,1386,14047283,0,0,1
4,1388,14057274,-92,-352,-8140
13,1387,14057296,0,-2,2
4,1389,14067290,-91,-355,-8153
13,1388,14067312,0,-1,0
4,1390,14077330,-95,-334,-8155
13,1389,14077352,-1,-1,-1
4,1391,14087401,-95,-357,-8154
13,1390,14087423,-1,0,1
4,1392,14097476,-84,-342,-8151
13,1391,14097498,0,1,0
4,1393,14107463,-88,-343,-8145
13,1392,14107485,1,0,-1
4,1394,14117728,-101,-342,-8153
13,1393,14117750,-1,0,0
4,1395,14127566,-113,-342,-8150
13,1394,14127588,0,0,1
4,1396,14137678,-98,-344,-8146
13,1395,14137699,0,1,1
4,1397,14147806,-101,-344,-8152
13,1396,14147855,0,1,0
4,1398,14157834,-95,-353,-8148
13,1397,14157856,0,0,0
4,1399,14167878,-110,-343,-8139
13,1398,14167900,0,0,0
4,1400,14177933,-94,-349,-8159
13,1399,14177955,-1,0,1
4,1401,14187969,-84,-348,-8153
13,1400,14187991,-1,0,1
4,1402,14198116,-99,-353,-8163
13,1401,14198138,0,-1,0
4,1403,14208066,-92,-348,-8150
13,1402,14208087,0,0,3
4,1404,14218165,-80,-336,-8144
13,1403,14218187,-3,1,1
4,1405,14228185,-83,-343,-8160
13,1404,14228207,0,0,-1
4,1406,14238304,-97,-347,-8153
13,1405,14238326,1,-2,1
4,1407,14248247,-90,-353,-8145
13,1406,14248269,0,0,1
4,1408,14258370,-89,-345,-8154
13,1407,14258392,-2,1,-1
4,1409,14268407,-93,-339,-8152
13,1408,14268429,-1,1,-1
4,1410,14278548,-91,-341,-8151
13,1409,14278570,0,0,0
4,1411,14288633,-84,-341,-8151
13,1410,14288655,-1,-2,0
4,1412,14298632,-100,-346,-8157
13,1411,14298654,-2,-1,1
4,1413,14308700,-103,-346,-8147
13,1412,14308722,-1,0,0
4,1414,14318764,-97,-341,-8137
13,1413,14318786,2,0,-1
4,1415,14328819,-99,-331,-8138
13,1414,14328841,0,0,0
4,1416,14338877,-82,-343,-8153
13,1415,14338899,0,0,0
4,1417,14348952,-96,-335,-8145
13,1416,14348974,1,0,1
4,1418,14359049,-102,-340,-8154
13,1417,14359071,0,0,0
4,1419,14368986,-98,-343,-8156
13,1418,14369008,0,-1,0
4,1420,14379058,-91,-345,-8150
13,1419,14379080,0,1,-1
4,1421,14389042,-91,-356,-8152
13,1420,14389064,0,2,1
4,1422,14399203,-99,-354,-8141
13,1421,14399225,0,0,3
4,1423,14409282,-98,-343,-8146
13,1422,14409304,0,-1,1
4,1424,14419327,-101,-353,-8146
13,1423,14419349,-2,0,2
4,1425,14429391,-97,-347,-8139
13,1424,14429413,0,0,2
4,1426,14439515,-93,-336,-8144
13,1425,14439537,0,-3,1
4,1427,14449499,-85,-336,-8143
13,1426,14449521,0,0,0
4,1428,14459529,-82,-343,-8157
13,1427,14459551,1,1,0
4,1429,14469616,-85,-339,-8149
13,1428,14469638,0,-3,1
4,1430,14479712,-95,-341,-8147
13,1429,14479734,0,-5,0
4,1431,14489726,-102,-344,-8154
13,1430,14489748,0,0,-1
4,1432,14499789,-91,-345,-8153
13,1431,14499811,-1,0,0
4,1433,14509805,-93,-342,-8151
13,1432,14509827,0,-2,0
4,1434,14520048,-89,-346,-8154
13,1433,14520070,0,0,2
4,1435,14530041,-97,-345,-8149
13,1434,14530063,-1,1,1
4,1436,14540036,-97,-334,-8161
13,1435,14540058,-2,0,0
4,1437,14550103,-91,-356,-8160
13,1436,14550125,0,0,1
4,1438,14560144,-92,-344,-8150
13,1437,14560166,0,0,0
4,1439,14570239,-94,-344,-8155
13,1438,14570261,-1,0,0
4,1440,14580243,-96,-355,-8155
13,1439,14580265,-1,1,1
4,1441,14590316,-94,-351,-8158
13,1440,14590337,0,2,1
4,1442,14600469,-94,-341,-8150
13,1441,14600491,-1,0,0
4,1443,14610380,-95,-347,-8158
13,1442,14610402,-1,0,0
4,1444,14620514,-94,-340,-8147
13,1443,14620536,0,-2,0
4,1445,14630559,-92,-348,-8155
13,1444,14630581,-1,-2,0
4,1446,14640640,-91,-345,-8163
13,1445,14640662,-1,0,0
4,1447,14650648,-90,-356,-8133
13,1446,14650670,0,2,-2
4,1448,14660662,-84,-348,-8150
13,1447,14660684,-2,0,0
4,1449,14670815,-89,-340,-8150
13,1448,14670837,0,-1,-2
4,1450,14681022,-103,-341,-8152
13,1449,14681044,0,0,0
4,1451,14690939,-88,-345,-8155
13,1450,14690961,0,2,0
4,1452,14700965,-95,-354,-8154
13,1451,14700987,-1,0,0
4,1453,14711011,-102,-351,-8157
13,1452,14711033,0,1,0
4,1454,14721115,-96,-335,-8152
13,1453,14721137,-1,3,2
4,1455,14731154,-98,-355,-8145
13,1454,14731176,-1,0,1
4,1456,14741179,-103,-340,-8149
13,1455,14741201,0,0,1
4,1457,14751254,-90,-336,-8154
13,1456,14751276,0,0,0
4,1458,14761427,-96,-362,-8139
13,1457,14761449,0,1,0
4,1459,14771376,-94,-349,-8141
13,1458,14771398,-4,-1,1
4,1460,14781453,-88,-356,-8162
13,1459,14781502,-1,-2,1
4,1461,14791579,-100,-361,-8156
13,1460,14791601,0,0,2
4,1462,14801635,-104,-352,-8152
13,1461,14801657,0,0,2
4,1463,14811638,-100,-341,-8157
13,1462,14811660,-1,2,1
4,1464,14821625,-101,-342,-8166
13,1463,14821647,0,0,1
4,1465,14831778,-96,-336,-8138
13,1464,14831800,-1,-1,1
4,1466,14841878,-100,-340,-8148
13,1465,14841900,-1,0,0
4,1467,14851877,-93,-341,-8157
13,1466,14851899,0,1,-2
4,1468,14861843,-88,-355,-8155
13,1467,14861865,0,-2,2
4,1469,14871975,-91,-348,-8137
13,1468,14871997,0,0,2
4,1470,14882050,-89,-348,-8143
13,1469,14882072,1,0,1
4,1471,14892105,-88,-357,-8150
13,1470,14892126,0,1,-1
4,1472,14902143,-91,-349,-8152
13,1471,14902165,-1,0,0
4,1473,14912124,-92,-347,-8153
13,1472,14912146,0,2,0
4,1474,14922384,-100,-347,-8157
13,1473,14922406,2,2,0
4,1475,14932345,-99,-343,-8150
13,1474,14932367,0,1,0
4,1476,14942407,-96,-346,-8145
13,1475,14942429,0,1,0
4,1477,14952378,-84,-344,-8156
13,1476,14952400,0,0,0
4,1478,14962575,-99,-330,-8155
13,1477,14962597,0,2,-1
4,1479,14972530,-107,-342,-8145
13,1478,14972552,0,-2,0
4,1480,14982535,-89,-344,-8151
13,1479,14982556,2,0,0
4,1481,14992666,-86,-342,-8162
13,1480,14992688,0,0,-1
4,1482,15002783,-99,-349,-8157
13,1481,15002805,0,-2,-1
4,1483,15012766,-97,-344,-8154
13,1482,15012788,0,-1,0
4,1484,15022821,-97,-334,-8145
13,1483,15022843,0,2,-1
4,1485,15032892,-93,-351,-8152
13,1484,15032914,0,0,-3
4,1486,15042989,-90,-341,-8154
13,1485,15043011,0,-1,0
4,1487,15053020,-89,-339,-8156
13,1486,15053042,0,2,1
4,1488,15063039,-90,-340,-8153
13,1487,15063061,0,3,-2
4,1489,15073127,-95,-340,-8155
13,1488,15073149,0,1,-1
4,1490,15083272,-85,-334,-8154
13,1489,15083294,-1,1,1
4,1491,15093167,-80,-345,-8140
13,1490,15093189,0,3,-2
4,1492,15103285,-97,-348,-8143
13,1491,15103306,0,0,-1
4,1493,15113331,-87,-341,-8154
13,1492,15113353,1,-2,1
4,1494,15123380,-95,-351,-8148
13,1493,15123402,1,-1,0
4,1495,15133473,-95,-339,-8150
13,1494,15133495,0,2,-2
4,1496,15143552,-94,-346,-8149
13,1495,15143574,-2,0,-2
4,1497,15153511,-88,-348,-8160
13,1496,15153533,0,0,0
4,1498,15163720,-95,-344,-8153
13,1497,15163742,0,2,0
4,1499,15173695,-96,-345,-8156
13,1498,15173717,-1,2,0
4,1500,15183787,-96,-353,-8156
13,1499,15183809,0,0,0
4,1501,15193791,-92,-340,-8152
13,1500,15193813,1,0,0
4,1502,15203839,-95,-343,-8163
13,1501,15203861,0,0,0
4,1503,15213914,-89,-342,-8153
13,1502,15213936,0,0,-1
4,1504,15223929,-93,-341,-8153
13,1503,15223951,-2,0,0
4,1505,15233975,-96,-340,-8158
13,1504,15233997,0,-2,0
4,1506,15244155,-102,-341,-8151
13,1505,15244177,0,0,-1
4,1507,15254116,-91,-353,-8146
13,1506,15254138,-2,0,0
4,1508,15264203,-88,-345,-8143
13,1507,15264225,-1,0,0
4,1509,15274217,-96,-340,-8145
13,1508,15274239,0,-2,0
4,1510,15284251,-96,-343,-8153
13,1509,15284273,-1,0,-1
4,1511,15294366,-97,-347,-8142
13,1510,15294388,-2,0,-1
4,1512,15304441,-88,-361,-8146
13,1511,15304463,0,0,1
4,1513,15314484,-89,-339,-8167
13,1512,15314506,2,-1,0
4,1514,15324624,-91,-344,-8158
13,1513,15324646,0,1,1
4,1515,15334521,-86,-349,-8151
13,1514,15334543,0,0,2
4,1516,15344536,-90,-348,-8154
13,1515,15344557,0,0,-1
4,1517,15354622,-96,-351,-8151
13,1516,15354644,0,-1,-3
4,1518,15364660,-98,-339,-8141
13,1517,15364682,1,0,-1
4,1519,15374736,-95,-342,-8149
13,1518,15374757,-1,0,1
4,1520,15384772,-103,-349,-8158
13,1519,15384794,-1,-4,0
4,1521,15394898,-99,-346,-8158
13,1520,15394920,1,-3,-1
4,1522,15405022,-94,-349,-8148
13,1521,15405044,0,-1,1
4,1523,15415054,-101,-345,-8162
13,1522,15415076,0,-1,0
4,1524,15424931,-110,-341,-8162
13,1523,15424980,0,0,0
4,1525,15435148,-106,-348,-8157
13,1524,15435170,0,2,0
4,1526,15445174,-92,-350,-8158
13,1525,15445196,1,1,-1
4,1527,15455126,-100,-351,-8151
13,1526,15455148,1,0,-1
4,1528,15465213,-93,-342,-8149
13,1527,15465235,0,0,0
4,1529,15475286,-84,-341,-8149
13,1528,15475308,0,0,0
4,1530,15485428,-86,-348,-8155
13,1529,15485450,-1,-2,-1
4,1531,15495428,-98,-351,-8159
13,1530,15495450,0,-1,0
4,1532,15505422,-102,-339,-8154
13,1531,15505444,-1,2,0
4,1533,15515489,-96,-344,-8174
13,1532,15515511,0,0,0
4,1534,15525606,-84,-344,-8155
13,1533,15525628,0,0,0
4,1535,15535630,-94,-352,-8146
13,1534,15535652,1,0,0
4,1536,15545765,-97,-350,-8152
13,1535,15545787,0,0,0
4,1537,15555776,-87,-347,-8155
13,1536,15555798,0,0,0
4,1538,15565951,-88,-337,-8149
13,1537,15565973,0,0,-1
4,1539,15575810,-92,-344,-8151
13,1538,15575832,-2,0,0
4,1540,15585922,-87,-354,-8147
13,1539,15585943,-3,0,0
4,1541,15595952,-86,-348,-8152
13,1540,15595974,0,0,0
4,1542,15606081,-99,-354,-8146
13,1541,15606102,3,1,0
4,1543,15616077,-102,-339,-8158
13,1542,15616099,0,1,-2
4,1544,15626089,-105,-341,-8142
13,1543,15626111,1,-1,0
4,1545,15636197,-95,-342,-8154
13,1544,15636219,1,0,0
4,1546,15646298,-81,-346,-8164
13,1545,15646320,2,-1,-1
4,1547,15656289,-76,-346,-8146
13,1546,15656311,0,-2,0
4,1548,15666298,-78,-343,-8155
13,1547,15666320,0,0,3
4,1549,15676419,-79,-350,-8157
13,1548,15676441,0,0,1
4,1550,15686503,-87,-341,-8159
13,1549,15686525,2,-1,-1
4,1551,15696526,-94,-336,-8154
13,1550,15696548,0,-1,2
4,1552,15706616,-90,-353,-8158
13,1551,15706638,-1,1,1
4,1553,15716635,-79,-345,-8140
13,1552,15716657,0,0,0
4,1554,15726767,-89,-348,-8159
13,1553,15726789,-1,-1,0
4,1555,15736719,-88,-347,-8159
13,1554,15736741,0,-1,0
4,1556,15746804,-90,-338,-8151
13,1555,15746826,0,-2,1
4,1557,15756817,-87,-348,-8147
13,1556,15756839,0,0,-2
4,1558,15766930,-102,-348,-8156
13,1557,15766952,-2,-1,-1
4,1559,15776931,-90,-349,-8142
13,1558,15776952,-3,0,0
4,1560,15787029,-81,-345,-8154
13,1559,15787051,-2,1,-2
4,1561,15797085,-96,-358,-8155
13,1560,15797107,0,1,-2
4,1562,15807248,-94,-347,-8154
13,1561,15807270,0,0,-1
4,1563,15817271,-101,-346,-8149
13,1562,15817293,-4,0,-1
4,1564,15827265,-101,-351,-8156
13,1563,15827287,0,1,-1
4,1565,15837266,-95,-352,-8153
13,1564,15837288,2,2,0
4,1566,15847370,-94,-345,-8148
13,1565,15847392,0,1,-1
4,1567,15857395,-100,-352,-8157
13,1566,15857417,-2,2,-1
4,1568,15867527,-98,-342,-8154
13,1567,15867549,-2,2,0
4,1569,15877515,-96,-346,-8158
13,1568,15877537,-1,-1,0
4,1570,15887682,-93,-349,-8156
13,1569,15887704,0,0,0
4,1571,15897618,-99,-348,-8153
13,1570,15897640,0,1,0
4,1572,15907777,-102,-345,-8153
13,1571,15907799,0,0,0
4,1573,15917750,-93,-334,-8146
13,1572,15917800,0,1,1
4,1574,15927870,-87,-352,-8156
13,1573,15927892,0,2,0
4,1575,15937904,-96,-347,-8159
13,1574,15937926,2,0,0
4,1576,15948007,-88,-348,-8154
13,1575,15948029,1,0,1
4,1577,15958024,-96,-347,-8153
13,1576,15958046,-1,2,0
4,1578,15968061,-97,-348,-8148
13,1577,15968083,0,0,0
4,1579,15978073,-85,-352,-8139
13,1578,15978095,1,0,-1
4,1580,15988126,-93,-345,-8148
13,1579,15988148,1,-1,-1
4,1581,15998196,-94,-343,-8152
13,1580,15998217,0,-2,0
4,1582,16008297,-102,-352,-8144
13,1581,16008319,-1,0,0
4,1583,16018298,-91,-354,-8161
13,1582,16018320,0,0,1
4,1584,16028353,-96,-344,-8153
13,1583,16028375,1,-1,-2
4,1585,16038402,-101,-348,-8156
13,1584,16038424,0,2,-2
4,1586,16048587,-103,-343,-8147
13,1585,16048609,0,-4,0
4,1587,16058549,-105,-352,-8151
13,1586,16058571,0,-1,0
4,1588,16068606,-77,-347,-8150
13,1587,16068628,1,1,1
4,1589,16078665,-84,-359,-8154
13,1588,16078687,0,0,-1
4,1590,16088697,-95,-341,-8150
13,1589,16088719,0,0,0
4,1591,16098751,-99,-353,-8153
13,1590,16098773,0,-1,0
4,1592,16108789,-96,-338,-8157
13,1591,16108811,-1,0,-1
4,1593,16118953,-90,-339,-8154
13,1592,16118975,-1,0,-1
4,1594,16129024,-105,-337,-8151
13,1593,16129046,0,2,-2
4,1595,16138966,-93,-340,-8153
13,1594,16138988,1,0,-3
4,1596,16149085,-83,-346,-8154
13,1595,16149107,1,0,-2
4,1597,16159094,-93,-348,-8146
13,1596,16159115,1,0,0
4,1598,16169172,-95,-350,-8148
13,1597,16169222,0,2,0
4,1599,16179198,-94,-350,-8154
13,1598,16179220,1,0,-3
4,1600,16189320,-94,-350,-8150
13,1599,16189342,1,0,-2
4,1601,16199325,-94,-350,-8157
13,1600,16199347,-1,1,0
4,1602,16209446,-100,-350,-8161
13,1601,16209468,0,1,0
4,1603,16219468,-95,-344,-8154
13,1602,16219490,0,2,0
4,1604,16229386,-86,-345,-8153
13,1603,16229407,0,-1,0
4,1605,16239537,-92,-353,-8157
13,1604,16239559,0,0,0
4,1606,16249643,-93,-350,-8155
13,1605,16249665,0,2,-2
4,1607,16259626,-87,-355,-8160
13,1606,16259648,-1,1,0
4,1608,16269704,-90,-351,-8157
13,1607,16269726,0,0,0
4,1609,16279744,-93,-349,-8147
13,1608,16279766,0,-1,-1
4,1610,16289941,-86,-340,-8160
13,1609,16289963,0,-1,0
4,1611,16299865,-92,-349,-8155
13,1610,16299887,0,-1,-1
4,1612,16309932,-91,-339,-8154
13,1611,16309954,2,2,0
4,1613,16320059,-91,-336,-8150
13,1612,16320081,0,2,0
4,1614,16330063,-92,-346,-8164
13,1613,16330085,-1,-2,0
4,1615,16340143,-95,-337,-8158
13,1614,16340165,0,-1,-2
4,1616,16350115,-95,-338,-8154
13,1615,16350137,0,0,-2
4,1617,16360235,-107,-350,-8151
13,1616,16360257,0,0,-1
4,1618,16370311,-98,-348,-8166
13,1617,16370333,0,-1,0
4,1619,16380206,-81,-337,-8162
13,1618,16380228,-1,0,0
4,1620,16390392,-95,-352,-8156
13,1619,16390414,-1,0,0
4,1621,16400381,-92,-353,-8156
13,1620,16400403,0,0,-1
4,1622,16410499,-90,-354,-8157
13,1621,16410521,2,0,0
4,1623,16420439,-91,-345,-8161
13,1622,16420461,1,1,0
4,1624,16430591,-91,-344,-8162
13,1623,16430613,0,0,-1
4,1625,16440710,-96,-348,-8154
13,1624,16440732,0,2,-2
4,1626,16450747,-96,-355,-8148
13,1625,16450769,0,2,0
4,1627,16460767,-88,-338,-8141
13,1626,16460789,0,2,0
4,1628,16470784,-93,-333,-8158
13,1627,16470806,0,-2,-1
4,1629,16480838,-94,-348,-8164
13,1628,16480860,0,1,0
4,1630,16490925,-89,-352,-8154
13,1629,16490947,-1,1,0
4,1631,16500951,-94,-350,-8161
13,1630,16500973,-1,0,0
4,1632,16510945,-101,-363,-8162
13,1631,16510967,0,-1,0
4,1633,16521079,-102,-343,-8156
13,1632,16521101,-1,-1,-3
4,1634,16531256,-96,-339,-8144
13,1633,16531277,0,0,-1
4,1635,16541163,-92,-345,-8153
13,1634,16541185,-1,1,0
4,1636,16551174,-89,-355,-8158
13,1635,16551196,0,1,1
4,1637,16561327,-98,-359,-8146
13,1636,16561349,0,0,0
4,1638,16571415,-101,-349,-8158
13,1637,16571437,0,0,0
4,1639,16581363,-85,-336,-8157
13,1638,16581385,0,0,0
4,1640,16591488,-90,-347,-8141
13,1639,16591510,1,-1,0
4,1641,16601585,-99,-348,-8153
13,1640,16601607,0,-2,0
4,1642,16611727,-103,-354,-8156
13,1641,16611749,1,0,0
4,1643,16621657,-97,-341,-8160
13,1642,16621679,-2,0,-2
4,1644,16631711,-97,-340,-8161
13,1643,16631733,0,0,0
4,1645,16641718,-91,-350,-8154
13,1644,16641740,1,0,1
4,1646,16651871,-91,-348,-8157
13,1645,16651893,-2,1,0
4,1647,16661874,-94,-354,-8141
13,1646,16661896,1,0,1
4,1648,16671891,-91,-360,-8149
13,1647,16671913,3,0,0
4,1649,16682102,-100,-347,-8157
13,1648,16682124,0,-1,1
4,1650,16692161,-100,-341,-8152
13,1649,16692183,0,-2,0
4,1651,16702181,-92,-344,-8152
13,1650,16702203,0,-2,0
4,1652,16712315,-90,-351,-8147
13,1651,16712336,0,0,2
4,1653,16722307,-97,-355,-8166
13,1652,16722329,1,2,0
4,1654,16732405,-92,-343,-8150
13,1653,16732427,2,-3,0
4,1655,16742417,-94,-338,-8149
13,1654,16742439,0,0,0
4,1656,16752455,-101,-339,-8151
13,1655,16752477,0,1,2
4,1657,16762596,-93,-349,-8152
13,1656,16762618,1,0,2
4,1658,16772752,-94,-350,-8143
13,1657,16772774,1,0,1
4,1659,16782737,-95,-349,-8139
13,1658,16782759,-1,-3,0
4,1660,16792775,-95,-347,-8157
13,1659,16792797,0,0,2
4,1661,16802883,-98,-343,-8158
13,1660,16802905,0,1,1
4,1662,16812920,-94,-349,-8151
13,1661,16812942,-1,0,0
4,1663,16823028,-89,-352,-8156
13,1662,16823050,1,2,2
4,1664,16833101,-93,-341,-8158
13,1663,16833123,0,0,0
4,1665,16843088,-87,-348,-8150
13,1664,16843110,0,0,0
4,1666,16853337,-97,-348,-8151
13,1665,16853359,0,0,-1
4,1667,16863218,-94,-352,-8144
13,1666,16863240,0,1,-1
4,1668,16873295,-83,-341,-8150
13,1667,16873317,-1,0,2
4,1669,16883334,-96,-345,-8162
13,1668,16883356,0,0,0
4,1670,16893505,-90,-345,-8148
13,1669,16893527,0,0,0
4,1671,16903537,-89,-344,-8152
13,1670,16903559,-3,0,2
4,1672,16913580,-86,-344,-8152
13,1671,16913602,0,2,1
4,1673,16923618,-108,-341,-8157
13,1672,16923667,0,2,-1
4,1674,16933767,-93,-338,-8155
13,1673,16933789,0,0,-1
4,1675,16943728,-90,-339,-8161
13,1674,16943750,1,0,1
4,1676,16953761,-94,-351,-8149
13,1675,16953783,-1,2,0
4,1677,16963845,-93,-346,-8149
13,1676,16963867,0,2,0
4,1678,16973933,-84,-339,-8148
13,1677,16973955,-1,0,2
4,1679,16983938,-87,-339,-8149
13,1678,16983960,0,-2,2
4,1680,16994002,-79,-341,-8153
13,1679,16994024,0,0,3
4,1681,17004056,-94,-356,-8159
13,1680,17004078,0,2,2
4,1682,17014210,-101,-340,-8158
13,1681,17014232,0,0,0
4,1683,17024181,-97,-347,-8147
13,1682,17024203,0,0,0
4,1684,17034204,-93,-338,-8151
13,1683,17034226,0,-3,0
4,1685,17044284,-102,-340,-8164
13,1684,17044305,0,0,0
4,1686,17054409,-97,-346,-8159
13,1685,17054431,0,0,1
4,1687,17064431,-99,-339,-8145
13,1686,17064453,0,1,1
4,1688,17074406,-99,-343,-8146
13,1687,17074428,-1,0,-1
4,1689,17084569,-90,-354,-8143
13,1688,17084591,1,0,1
4,1690,17094719,-95,-353,-8157
13,1689,17094741,0,0,0
4,1691,17104617,-100,-350,-8155
13,1690,17104639,0,1,0
4,1692,17114669,-102,-352,-8155
13,1691,17114691,1,0,0
4,1693,17124672,-100,-343,-8148
13,1692,17124694,-1,0,1
4,1694,17134808,-88,-345,-8156
13,1693,17134830,-3,-2,0
4,1695,17144816,-86,-351,-8147
13,1694,17144837,0,0,0
4,1696,17154895,-94,-348,-8157
13,1695,17154917,1,0,1
4,1697,17164931,-80,-339,-8155
13,1696,17164953,0,0,0
4,1698,17175046,-95,-345,-8154
13,1697,17175096,1,1,0
4,1699,17185095,-106,-345,-8140
13,1698,17185117,0,0,2
4,1700,17195157,-95,-343,-8154
13,1699,17195179,0,1,-1
4,1701,17205245,-94,-356,-8150
13,1700,17205267,0,1,0
4,1702,17215300,-105,-344,-8151
13,1701,17215322,0,0,1
4,1703,17225297,-99,-344,-8156
13,1702,17225319,-1,2,0
4,1704,17235373,-93,-343,-8160
13,1703,17235395,-1,2,0
4,1705,17245525,-93,-338,-8157
13,1704,17245547,-1,0,0
4,1706,17255614,-99,-339,-8156
13,1705,17255636,1,-2,-1
4,1707,17265568,-91,-351,-8148
13,1706,17265590,1,0,-1
4,1708,17275653,-92,-347,-8159
13,1707,17275675,0,0,0
4,1709,17285711,-92,-347,-8155
13,1708,17285733,0,-1,0
4,1710,17295816,-89,-352,-8155
13,1709,17295838,-1,2,1
4,1711,17305821,-100,-345,-8148
13,1710,17305842,0,0,0
4,1712,17315911,-91,-349,-8148
13,1711,17315933,0,0,0
4,1713,17325983,-96,-336,-8161
13,1712,17326005,0,2,1
4,1714,17336121,-101,-342,-8144
13,1713,17336143,0,0,0
4,1715,17346080,-101,-336,-8154
13,1714,17346102,-2,0,0
4,1716,17356169,-100,-350,-8150
13,1715,17356191,0,0,0
4,1717,17366177,-96,-352,-8152
13,1716,17366199,-1,0,0
4,1718,17376272,-99,-352,-8151
13,1717,17376294,0,-3,1
4,1719,17386256,-94,-350,-8146
13,1718,17386278,0,-2,0
4,1720,17396363,-89,-349,-8154
13,1719,17396385,0,0,0
4,1721,17406446,-89,-348,-8160
13,1720,17406468,0,0,0
4,1722,17416591,-102,-344,-8143
13,1721,17416613,0,1,-1
4,1723,17426496,-96,-347,-8153
13,1722,17426518,0,1,0
4,1724,17436622,-100,-343,-8147
13,1723,17436644,1,0,2
4,1725,17446684,-97,-343,-8149
13,1724,17446706,0,-1,2
4,1726,17456768,-100,-342,-8148
13,1725,17456790,0,0,0
4,1727,17466813,-95,-339,-8155
13,1726,17466835,2,-1,0
4,1728,17476804,-92,-348,-8159
13,1727,17476826,0,0,0
4,1729,17486895,-103,-346,-8154
13,1728,17486916,-4,0,0
4,1730,17497042,-88,-337,-8142
13,1729,17497064,0,0,-1
4,1731,17507004,-91,-348,-8145
13,1730,17507026,0,-1,1
4,1732,17516994,-92,-363,-8150
13,1731,17517016,0,0,-1
4,1733,17527153,-90,-355,-8165
13,1732,17527175,0,0,0
4,1734,17537203,-97,-345,-8166
13,1733,17537225,0,1,1
4,1735,17547162,-92,-351,-8155
13,1734,17547184,1,2,1
4,1736,17557279,-90,-355,-8150
13,1735,17557328,0,2,0
4,1737,17567369,-97,-345,-8142
13,1736,17567391,-3,0,0
4,1738,17577534,-97,-337,-8159
13,1737,17577556,0,-1,1
4,1739,17587473,-94,-348,-8152
13,1738,17587495,0,1,-2
4,1740,17597517,-95,-351,-8149
13,1739,17597539,0,0,1
4,1741,17607584,-100,-341,-8156
13,1740,17607606,0,-1,2
4,1742,17617668,-88,-353,-8155
13,1741,17617690,0,-2,1
4,1743,17627618,-101,-355,-8142
13,1742,17627640,0,-1,0
4,1744,17637730,-104,-355,-8155
13,1743,17637752,0,0,1
4,1745,17647803,-92,-344,-8161
13,1744,17647825,1,1,0
4,1746,17657890,-92,-346,-8152
13,1745,17657912,-1,2,0
4,1747,17667895,-99,-355,-8139
13,1746,17667917,0,-1,0
4,1748,17677976,-83,-343,-8144
13,1747,17677998,0,-2,2
4,1749,17687990,-89,-350,-8150
13,1748,17688012,-1,0,1
4,1750,17698168,-103,-339,-8152
13,1749,17698190,1,0,1
4,1751,17708225,-99,-343,-8145
13,1750,17708247,2,0,0
4,1752,17718195,-94,-345,-8148
13,1751,17718217,0,2,1
4,1753,17728295,-93,-337,-8146
13,1752,17728317,0,-2,1
4,1754,17738441,-89,-346,-8149
13,1753,17738463,0,0,2
4,1755,17748448,-98,-343,-8150
13,1754,17748470,-1,2,1
4,1756,17758432,-94,-359,-8151
13,1755,17758454,0,2,0
4,1757,17768458,-94,-359,-8148
13,1756,17768480,0,0,-1
4,1758,17778655,-85,-340,-8164
13,1757,17778676,0,0,1
4,1759,17788643,-104,-345,-8154
13,1758,17788665,-1,0,1
4,1760,17798702,-94,-347,-8149
13,1759,17798724,-1,0,1
4,1761,17808757,-85,-337,-8151
13,1760,17808806,0,0,0
4,1762,17818947,-109,-348,-8145
13,1761,17818969,0,1,1
4,1763,17828954,-98,-350,-8148
13,1762,17828976,-1,-1,0
4,1764,17838967,-89,-350,-8153
13,1763,17838989,-1,0,-2
4,1765,17848943,-98,-330,-8155
13,1764,17848965,0,1,-1
4,1766,17859102,-103,-340,-8140
13,1765,17859124,-1,1,2
4,1767,17869162,-95,-358,-8157
13,1766,17869184,1,-1,0
4,1768,17879174,-100,-348,-8155
13,1767,17879196,0,-2,0
4,1769,17889294,-99,-344,-8145
13,1768,17889316,0,0,-1
4,1770,17899369,-92,-345,-8155
13,1769,17899391,0,1,0
4,1771,17909295,-96,-354,-8152
13,1770,17909317,-1,-2,0
4,1772,17919413,-102,-330,-8148
13,1771,17919435,0,-1,1
4,1773,17929417,-98,-348,-8156
13,1772,17929439,-2,0,0
4,1774,17939573,-94,-340,-8160
13,1773,17939595,-1,1,-1
4,1775,17949622,-98,-338,-8154
13,1774,17949644,1,1,0
4,1776,17959738,-98,-347,-8161
13,1775,17959760,0,1,0
4,1777,17969736,-88,-355,-8152
13,1776,17969758,-1,2,0
4,1778,17979945,-93,-350,-8161
13,1777,17979967,-5,0,0
4,1779,17989796,-83,-343,-8152
13,1778,17989818,-2,-1,-1
4,1780,17999949,-96,-345,-8154
13,1779,17999971,0,1,0
4,1781,18009974,-102,-352,-8153
13,1780,18009996,0,0,0
4,1782,18020018,-95,-337,-8154
13,1781,18020040,-1,0,0
4,1783,18030102,-96,-344,-8154
13,1782,18030124,0,-1,1
4,1784,18040150,-92,-347,-8160
13,1783,18040172,-1,0,1
4,1785,18050218,-94,-342,-8149
13,1784,18050240,-1,0,3
4,1786,18060423,-93,-355,-8156
13,1785,18060445,-1,0,0
4,1787,18070343,-98,-350,-8149
13,1786,18070365,-1,-1,0
4,1788,18080408,-92,-349,-8157
13,1787,18080430,1,0,1
4,1789,18090455,-97,-343,-8162
13,1788,18090477,0,-2,2
4,1790,18100534,-82,-340,-8162
13,1789,18100556,-1,-4,3
4,1791,18110603,-96,-339,-8154
13,1790,18110625,-1,-1,1
4,1792,18120633,-101,-340,-8158
13,1791,18120655,0,-2,-1
4,1793,18130745,-104,-344,-8157
13,1792,18130767,0,0,-1
4,1794,18140800,-98,-340,-8154
13,1793,18140821,-2,0,0
4,1795,18150808,-89,-341,-8144
13,1794,18150830,-1,0,2
4,1796,18160855,-89,-339,-8160
13,1795,18160877,0,0,0
4,1797,18170920,-85,-339,-8157
13,1796,18170942,0,0,0
4,1798,18180983,-96,-361,-8149
13,1797,18181005,0,0,1
4,1799,18190955,-86,-343,-8159
13,1798,18190977,0,0,0
4,1800,18201093,-94,-339,-8155
13,1799,18201115,1,1,1
4,1801,18211143,-111,-339,-8156
13,1800,18211165,0,0,0
4,1802,18221296,-102,-345,-8160
13,1801,18221318,0,0,-3
4,1803,18231223,-89,-348,-8148
13,1802,18231245,0,0,0
4,1804,18241306,-91,-338,-8158
13,1803,18241328,-1,0,0
4,1805,18251356,-93,-341,-8158
13,1804,18251378,-1,0,0
4,1806,18261443,-98,-344,-8168
13,1805,18261465,-1,0,1
4,1807,18271520,-90,-329,-8157
13,1806,18271541,0,1,0
4,1808,18281521,-101,-337,-8165
13,1807,18281543,0,-3,1
4,1809,18291591,-90,-350,-8152
13,1808,18291613,1,0,0
4,1810,18301737,-96,-353,-8146
13,1809,18301786,-1,0,0
4,1811,18311696,-99,-344,-8152
13,1810,18311718,-1,1,0
4,1812,18321776,-89,-345,-8156
13,1811,18321798,0,1,0
4,1813,18331863,-105,-345,-8156
13,1812,18331885,0,0,0
4,1814,18341929,-102,-348,-8155
13,1813,18341951,0,1,0
4,1815,18351972,-89,-354,-8156
13,1814,18351993,-1,-1,1
4,1816,18362005,-99,-354,-8151
13,1815,18362027,-2,-4,2
4,1817,18372062,-101,-342,-8146
13,1816,18372084,1,-1,0
4,1818,18382270,-89,-341,-8153
13,1817,18382292,-2,0,0
4,1819,18392172,-93,-340,-8153
13,1818,18392194,-2,0,1
4,1820,18402164,-93,-339,-8151
13,1819,18402186,0,-1,1
4,1821,18412282,-93,-336,-8143
13,1820,18412304,0,0,0
4,1822,18422366,-92,-344,-8153
13,1821,18422388,0,-1,1
4,1823,18432457,-88,-351,-8157
13,1822,18432506,0,0,0
4,1824,18442480,-80,-350,-8163
13,1823,18442502,-1,0,-2
4,1825,18452539,-90,-335,-8151
13,1824,18452561,0,0,0
4,1826,18462689,-84,-338,-8145
13,1825,18462711,-1,0,0
4,1827,18472710,-92,-352,-8157
13,1826,18472732,0,-1,0
4,1828,18482704,-99,-349,-8155
13,1827,18482726,0,0,0
4,1829,18492755,-105,-350,-8157
13,1828,18492777,0,1,0
4,1830,18502868,-91,-342,-8153
13,1829,18502890,0,-1,0
4,1831,18512939,-94,-350,-8149
13,1830,18512961,0,-2,1
4,1832,18522952,-92,-341,-8157
13,1831,18522974,-1,0,1
4,1833,18532945,-95,-343,-8165
13,1832,18532967,0,2,0
4,1834,18543167,-99,-341,-8152
13,1833,18543189,0,-1,0
4,1835,18553110,-99,-337,-8147
13,1834,18553132,-1,0,0
4,1836,18563175,-94,-343,-8153
13,1835,18563224,-1,2,0
4,1837,18573253,-97,-341,-8152
13,1836,18573275,-1,0,1
4,1838,18583336,-100,-348,-8151
13,1837,18583358,0,-1,2
4,1839,18593387,-95,-358,-8160
13,1838,18593409,0,-1,2
4,1840,18603431,-96,-350,-8156
13,1839,18603453,0,0,0
4,1841,18613475,-95,-340,-8155
13,1840,18613497,1,-1,2
4,1842,18623645,-86,-349,-8151
13,1841,18623667,0,-1,0
4,1843,18633584,-94,-349,-8161
13,1842,18633606,-1,0,0
4,1844,18643663,-91,-339,-8156
13,1843,18643684,-1,0,0
4,1845,18653650,-101,-339,-8153
13,1844,18653672,0,1,0
4,1846,18663824,-95,-354,-8148
13,1845,18663846,-1,-4,0
4,1847,18673824,-100,-358,-8153
13,1846,18673846,-1,-2,1
4,1848,18683996,-102,-353,-8155
13,1847,18684018,1,0,0
4,1849,18693973,-95,-342,-8147
13,1848,18693995,2,1,0
4,1850,18704126,-98,-350,-8159
13,1849,18704148,1,-1,0
4,1851,18714144,-96,-348,-8152
13,1850,18714166,0,0,0
4,1852,18724158,-81,-341,-8154
13,1851,18724180,0,1,-1
4,1853,18734207,-94,-334,-8155
13,1852,18734229,1,1,-1
4,1854,18744256,-95,-345,-8149
13,1853,18744278,0,0,-1
4,1855,18754345,-96,-358,-8153
13,1854,18754367,0,-2,0
4,1856,18764369,-97,-358,-8154
13,1855,18764391,0,-1,0
4,1857,18774400,-96,-354,-8161
13,1856,18774422,0,0,0
4,1858,18784645,-85,-348,-8145
13,1857,18784667,0,-1,0
4,1859,18794475,-97,-345,-8144
13,1858,18794497,-1,-1,1
4,1860,18804584,-87,-346,-8168
13,1859,18804606,1,0,1
4,1861,18814735,-98,-351,-8157
13,1860,18814757,0,-2,1
4,1862,18824767,-109,-353,-8145
13,1861,18824789,-1,-1,3
4,1863,18834782,-86,-342,-8141
13,1862,18834804,0,0,0
4,1864,18844843,-82,-351,-8151
13,1863,18844865,-3,-1,-2
4,1865,18854904,-89,-355,-8152
13,1864,18854926,-1,-2,1
4,1866,18864998,-91,-338,-8154
13,1865,18865020,1,0,1
4,1867,18874959,-95,-338,-8144
13,1866,18874981,-1,1,0
4,1868,18885071,-85,-351,-8157
13,1867,18885093,1,0,2
4,1869,18895070,-94,-350,-8150
13,1868,18895092,1,0,1
4,1870,18905221,-92,-351,-8147
13,1869,18905243,0,0,0
4,1871,18915195,-95,-336,-8150
13,1870,18915217,-2,0,0
4,1872,18925290,-89,-338,-8156
13,1871,18925312,0,0,0
4,1873,18935313,-96,-338,-8137
13,1872,18935335,0,1,0
4,1874,18945441,-99,-347,-8150
13,1873,18945463,2,1,-3
4,1875,18955511,-88,-342,-8148
13,1874,18955533,0,0,0
4,1876,18965493,-97,-352,-8151
13,1875,18965515,-1,1,0
4,1877,18975568,-107,-347,-8148
13,1876,18975590,-1,1,0
4,1878,18985605,-106,-347,-8153
13,1877,18985626,-1,0,0
4,1879,18995670,-84,-360,-8155
13,1878,18995692,-1,0,1
4,1880,19005738,-92,-359,-8151
13,1879,19005760,0,0,0
4,1881,19015705,-96,-350,-8151
13,1880,19015727,1,1,-1
4,1882,19025902,-100,-349,-8160
13,1881,19025924,1,0,0
4,1883,19035866,-88,-348,-8159
13,1882,19035888,0,1,-1
4,1884,19045925,-107,-341,-8147
13,1883,19045947,0,2,-1
4,1885,19055968,-103,-342,-8156
13,1884,19055990,2,2,0
4,1886,19066096,-90,-342,-8151
13,1885,19066118,0,0,0
4,1887,19076003,-93,-347,-8153
13,1886,19076025,1,0,-2
4,1888,19086149,-95,-346,-8151
13,1887,19086171,1,0,-2
4,1889,19096270,-96,-348,-8142
13,1888,19096292,0,-1,-2
4,1890,19106332,-100,-353,-8148
13,1889,19106354,0,-1,-1
4,1891,19116268,-100,-347,-8158
13,1890,19116290,-3,0,-1
4,1892,19126368,-95,-338,-8162
13,1891,19126390,0,1,-2
4,1893,19136420,-88,-347,-8156
13,1892,19136442,0,-1,-3
4,1894,19146445,-99,-348,-8143
13,1893,19146467,0,1,2
4,1895,19156529,-101,-346,-8153
13,1894,19156551,-2,1,0
4,1896,19166657,-88,-345,-8159
13,1895,19166679,-1,0,-1
4,1897,19176720,-86,-349,-8148
13,1896,19176742,-1,0,2
4,1898,19186835,-100,-337,-8158
13,1897,19186857,2,1,0
4,1899,19196796,-92,-349,-8153
13,1898,19196818,2,0,1
4,1900,19206799,-93,-350,-8149
13,1899,19206821,1,2,2
4,1901,19216896,-92,-342,-8162
13,1900,19216918,0,2,0
4,1902,19227009,-98,-341,-8153
13,1901,19227031,-2,-1,0
4,1903,19237005,-100,-341,-8140
13,1902,19237027,-1,0,0
4,1904,19247119,-93,-349,-8148
13,1903,19247141,0,2,0
4,1905,19257108,-76,-345,-8162
13,1904,19257130,2,2,1
4,1906,19267279,-97,-347,-8156
13,1905,19267301,0,1,0
4,1907,19277312,-113,-353,-8145
13,1906,19277334,0,1,0
4,1908,19287304,-101,-347,-8139
13,1907,19287326,2,1,3
4,1909,19297370,-96,-349,-8151
13,1908,19297392,1,-1,1
4,1910,19307479,-101,-348,-8148
13,1909,19307501,0,0,1
4,1911,19317460,-94,-341,-8159
13,1910,19317482,0,2,3
4,1912,19327613,-96,-343,-8161
13,1911,19327635,-1,2,0
4,1913,19337673,-103,-345,-8154
13,1912,19337695,-3,2,2
4,1914,19347837,-94,-344,-8152
13,1913,19347859,-1,1,1
4,1915,19357765,-92,-350,-8146
13,1914,19357787,1,0,0
4,1916,19367801,-96,-354,-8157
13,1915,19367823,0,1,-1
4,1917,19377793,-88,-354,-8149
13,1916,19377815,0,1,1
4,1918,19387960,-94,-350,-8150
13,1917,19387982,0,0,-1
4,1919,19397980,-97,-346,-8154
13,1918,19398002,0,2,-2
4,1920,19407991,-97,-353,-8157
13,1919,19408013,0,2,1
4,1921,19418157,-99,-351,-8147
13,1920,19418179,-1,0,1
4,1922,19428263,-91,-351,-8150
13,1921,19428285,-1,1,0
4,1923,19438208,-95,-349,-8161
13,1922,19438230,-1,1,-1
4,1924,19448284,-98,-352,-8153
13,1923,19448306,0,-1,-1
4,1925,19458392,-97,-342,-8151
13,1924,19458414,0,-3,1
4,1926,19468510,-98,-342,-8149
13,1925,19468532,1,-1,0
4,1927,19478535,-99,-358,-8151
13,1926,19478556,1,0,0
4,1928,19488531,-97,-340,-8147
13,1927,19488553,0,-2,0
4,1929,19498568,-100,-347,-8146
13,1928,19498590,1,0,0
4,1930,19508721,-105,-345,-8158
13,1929,19508743,0,2,0
4,1931,19518623,-107,-344,-8158
13,1930,19518644,0,2,2
4,1932,19528751,-92,-348,-8145
13,1931,19528773,-1,0,-1
4,1933,19538820,-93,-350,-8151
13,1932,19538842,-1,0,0
4,1934,19548901,-99,-346,-8151
13,1933,19548923,-1,0,1
4,1935,19558926,-92,-348,-8158
13,1934,19558948,-2,0,0
4,1936,19568993,-101,-338,-8149
13,1935,19569042,-2,1,0
4,1937,19579081,-104,-354,-8151
13,1936,19579103,0,0,0
4,1938,19589222,-97,-349,-8159
13,1937,19589244,1,0,0
4,1939,19599183,-100,-338,-8151
13,1938,19599205,0,1,1
4,1940,19609234,-103,-356,-8150
13,1939,19609256,-1,0,0
4,1941,19619251,-96,-354,-8154
13,1940,19619273,-2,1,1
4,1942,19629350,-96,-358,-8153
13,1941,19629372,0,2,0
4,1943,19639317,-102,-342,-8150
13,1942,19639339,0,0,0
4,1944,19649426,-93,-339,-8156
13,1943,19649448,1,0,-1
4,1945,19659538,-85,-334,-8155
13,1944,19659560,0,0,-2
4,1946,19669624,-91,-343,-8152
13,1945,19669646,-1,0,1
4,1947,19679596,-100,-347,-8143
13,1946,19679617,0,1,1
4,1948,19689598,-92,-350,-8146
13,1947,19689620,0,0,2
4,1949,19699720,-97,-347,-8148
13,1948,19699770,0,2,0
4,1950,19709822,-88,-340,-8159
13,1949,19709844,0,0,0
4,1951,19719872,-102,-331,-8151
13,1950,19719894,0,0,2
4,1952,19729922,-94,-339,-8150
13,1951,19729944,-1,1,0
4,1953,19739926,-95,-346,-8150
13,1952,19739948,0,2,0
4,1954,19750119,-96,-348,-8149
13,1953,19750141,0,1,2
4,1955,19760044,-97,-344,-8146
13,1954,19760066,1,-1,0
4,1956,19770125,-91,-342,-8147
13,1955,19770147,0,0,2
4,1957,19780171,-100,-344,-8154
13,1956,19780193,0,2,0
4,1958,19790212,-96,-344,-8156
13,1957,19790234,0,-1,0
4,1959,19800272,-90,-345,-8146
13,1958,19800294,-1,-2,0
4,1960,19810383,-94,-341,-8146
13,1959,19810405,0,0,0
4,1961,19820415,-102,-359,-8149
13,1960,19820464,0,1,1
4,1962,19830568,-109,-353,-8155
13,1961,19830590,0,-1,0
4,1963,19840521,-92,-349,-8154
13,1962,19840543,0,0,0
4,1964,19850575,-90,-350,-8141
13,1963,19850597,0,1,1
4,1965,19860611,-103,-351,-8156
13,1964,19860633,0,0,2
4,1966,19870674,-100,-348,-8158
13,1965,19870696,0,0,1
4,1967,19880711,-106,-338,-8157
13,1966,19880733,0,0,-1
4,1968,19890770,-90,-338,-8155
13,1967,19890792,0,0,0
4,1969,19900808,-85,-345,-8150
13,1968,19900829,0,0,1
4,1970,19910991,-89,-350,-8160
13,1969,19911012,1,0,0
4,1971,19921008,-98,-340,-8154
13,1970,19921030,0,-1,2
4,1972,19931000,-89,-348,-8155
13,1971,19931022,0,-1,1
4,1973,19941061,-91,-353,-8162
13,1972,19941083,0,-1,1
4,1974,19951101,-98,-333,-8152
13,1973,19951150,0,1,0
4,1975,19961204,-100,-340,-8141
13,1974,19961226,0,0,0
4,1976,19971262,-98,-341,-8147
13,1975,19971284,0,-2,2
4,1977,19981329,-102,-330,-8160
13,1976,19981351,0,-1,3
4,1978,19991381,-94,-338,-8161
13,1977,19991403,1,-1,0
4,1979,20001406,-100,-339,-8152
13,1978,20001428,0,1,0
4,1980,20011466,-92,-348,-8162
13,1979,20011488,0,1,0
4,1981,20021516,-95,-347,-8148
13,1980,20021538,0,0,0
4,1982,20031624,-90,-340,-8155
13,1981,20031646,-3,0,0
4,1983,20041558,-91,-351,-8160
13,1982,20041580,-1,1,0
4,1984,20051681,-96,-351,-8150
13,1983,20051703,0,0,0
4,1985,20061729,-98,-354,-8148
13,1984,20061751,-2,-1,0
4,1986,20071934,-97,-348,-8145
13,1985,20071956,-1,0,2
4,1987,20081804,-98,-340,-8147
13,1986,20081854,-1,1,0
4,1988,20091988,-95,-347,-8158
13,1987,20092010,2,1,0
4,1989,20101996,-82,-349,-8143
13,1988,20102018,0,0,0
4,1990,20112016,-91,-354,-8144
13,1989,20112038,0,0,0
4,1991,20122086,-93,-343,-8147
13,1990,20122108,-2,0,0
4,1992,20132112,-91,-348,-8158
13,1991,20132134,1,0,0
4,1993,20142188,-97,-342,-8153
13,1992,20142210,1,-1,0
4,1994,20152319,-100,-341,-8149
13,1993,20152341,0,-1,-1
4,1995,20162283,-96,-351,-8145
13,1994,20162305,0,0,0
4,1996,20172344,-95,-339,-8151
13,1995,20172366,0,0,-1
4,1997,20182392,-101,-350,-8145
13,1996,20182414,0,-1,0
4,1998,20192422,-92,-357,-8145
13,1997,20192444,0,-1,0
4,1999,20202491,-89,-342,-8156
13,1998,20202540,0,-1,0
4,2000,20212583,-92,-352,-8154
13,1999,20212605,0,0,1
4,2001,20222572,-94,-349,-8160
13,2000,20222594,0,0,0
4,2002,20232797,-89,-345,-8161
13,2001,20232819,-1,1,-1
4,2003,20242759,-96,-343,-8152
13,2002,20242781,-2,0,0
4,2004,20252733,-87,-352,-8151
13,2003,20252755,0,0,0
4,2005,20262846,-86,-359,-8161
13,2004,20262868,-1,0,2
4,2006,20272969,-88,-349,-8156
13,2005,20272991,-3,0,1
4,2007,20282908,-94,-351,-8153
13,2006,20282930,-1,-1,1
4,2008,20293005,-88,-351,-8162
13,2007,20293027,0,1,-1
4,2009,20303084,-89,-345,-8160
13,2008,20303106,2,0,0
4,2010,20313297,-87,-349,-8158
13,2009,20313319,0,0,2
4,2011,20323157,-85,-346,-8158
13,2010,20323179,0,0,1
4,2012,20333186,-88,-341,-8163
13,2011,20333235,-1,-2,0
4,2013,20343364,-95,-346,-8160
13,2012,20343386,-1,0,1
4,2014,20353415,-91,-354,-8152
13,2013,20353437,0,0,-1
4,2015,20363419,-95,-349,-8151
13,2014,20363441,2,-3,0
4,2016,20373452,-90,-333,-8151
13,2015,20373474,-2,0,2
4,2017,20383515,-95,-346,-8142
13,2016,20383537,0,0,0
4,2018,20393741,-94,-353,-8155
13,2017,20393763,-2,-2,2
4,2019,20403663,-97,-338,-8156
13,2018,20403685,-3,0,0
4,2020,20413647,-104,-343,-8150
13,2019,20413669,0,0,0
4,2021,20423777,-99,-354,-8148
13,2020,20423799,1,-2,0
4,2022,20433889,-100,-352,-8152
13,2021,20433911,1,0,0
4,2023,20443872,-95,-356,-8155
13,2022,20443894,0,1,1
4,2024,20454025,-89,-348,-8148
13,2023,20454047,0,-1,1
4,2025,20464021,-100,-346,-8159
13,2024,20464043,0,-1,0
4,2026,20474124,-97,-337,-8164
13,2025,20474146,2,0,0
4,2027,20484125,-97,-342,-8157
13,2026,20484147,0,0,1
4,2028,20494164,-90,-347,-8164
13,2027,20494186,-1,0,1
4,2029,20504213,-100,-344,-8143
13,2028,20504235,-1,0,1
4,2030,20514309,-96,-339,-8154
13,2029,20514331,0,0,-1
4,2031,20524396,-93,-362,-8153
13,2030,20524418,1,0,-1
4,2032,20534417,-99,-342,-8157
13,2031,20534439,-1,1,0
4,2033,20544508,-96,-340,-8154
13,2032,20544530,0,1,-1
4,2034,20554523,-97,-349,-8154
13,2033,20554545,0,-2,-1
4,2035,20564592,-97,-346,-8152
13,2034,20564614,1,-1,0
4,2036,20574606,-97,-352,-8155
13,2035,20574628,0,0,1
4,2037,20584602,-103,-343,-8155
13,2036,20584624,1,0,0
4,2038,20594812,-103,-349,-8158
13,2037,20594834,2,-1,0
4,2039,20604801,-93,-344,-8165
13,2038,20604823,-1,0,0
4,2040,20614863,-99,-351,-8158
13,2039,20614885,-2,1,0
4,2041,20624975,-101,-345,-8155
13,2040,20624997,0,0,0
4,2042,20635044,-95,-344,-8152
13,2041,20635066,0,-3,-1
4,2043,20645032,-94,-344,-8145
13,2042,20645054,0,0,0
4,2044,20655055,-107,-336,-8144
13,2043,20655076,-2,1,0
4,2045,20665145,-93,-341,-8147
13,2044,20665166,-2,2,1
4,2046,20675281,-84,-353,-8157
13,2045,20675303,0,0,1
4,2047,20685250,-88,-338,-8149
13,2046,20685272,1,0,0
4,2048,20695350,-87,-354,-8154
13,2047,20695372,2,-1,1
4,2049,20705287,-87,-356,-8138
13,2048,20705309,0,0,0
4,2050,20715571,-95,-355,-8158
13,2049,20715593,-1,1,0
4,2051,20725472,-89,-351,-8153
13,2050,20725494,-1,0,1
4,2052,20735552,-91,-342,-8150
13,2051,20735574,0,0,0
4,2053,20745598,-85,-344,-8156
13,2052,20745620,0,-2,0
4,2054,20755614,-80,-354,-8156
13,2053,20755636,0,-3,0
4,2055,20765686,-84,-343,-8156
13,2054,20765708,3,0,0
4,2056,20775677,-88,-351,-8153
13,2055,20775699,0,0,2
4,2057,20785831,-96,-344,-8153
13,2056,20785853,0,0,0
4,2058,20795893,-96,-337,-8162
13,2057,20795915,0,-1,0
4,2059,20805927,-91,-344,-8163
13,2058,20805949,0,1,0
4,2060,20815963,-89,-357,-8140
13,2059,20815985,1,1,0
4,2061,20826057,-92,-345,-8159
13,2060,20826079,0,0,1
4,2062,20836217,-96,-342,-8162
13,2061,20836239,-1,1,0
4,2063,20846188,-88,-339,-8156
13,2062,20846210,0,2,-1
4,2064,20856230,-100,-351,-8153
13,2063,20856252,1,-2,1
4,2065,20866286,-107,-352,-8148
13,2064,20866308,2,0,0
4,2066,20876400,-100,-347,-8156
13,2065,20876422,0,0,0
4,2067,20886366,-90,-341,-8154
13,2066,20886388,-1,-2,0
4,2068,20896434,-105,-344,-8159
13,2067,20896456,-2,0,1
4,2069,20906460,-93,-346,-8163
13,2068,20906482,0,0,0
4,2070,20916550,-96,-343,-8155
13,2069,20916572,0,0,0
4,2071,20926610,-98,-344,-8159
13,2070,20926632,0,0,0
4,2072,20936627,-100,-350,-8160
13,2071,20936648,0,1,0
4,2073,20946775,-98,-346,-8151
13,2072,20946824,0,0,-1
4,2074,20956875,-94,-342,-8157
13,2073,20956897,0,0,0
4,2075,20966776,-90,-339,-8157
13,2074,20966798,-2,0,0
4,2076,20976881,-97,-353,-8161
13,2075,20976903,0,1,-1
4,2077,20986927,-93,-346,-8152
13,2076,20986949,1,-1,-2
4,2078,20997072,-100,-337,-8151
13,2077,20997094,0,0,0
4,2079,21007019,-91,-338,-8159
13,2078,21007041,-1,0,0
4,2080,21017094,-94,-343,-8164
13,2079,21017116,0,0,0
4,2081,21027117,-96,-354,-8157
13,2080,21027138,1,0,0
4,2082,21037364,-96,-355,-8151
13,2081,21037386,1,0,-1
4,2083,21047263,-93,-346,-8143
13,2082,21047285,-1,-1,-1
4,2084,21057311,-92,-342,-8145
13,2083,21057333,0,0,0
4,2085,21067379,-90,-345,-8156
13,2084,21067401,0,0,-2
4,2086,21077538,-86,-348,-8148
13,2085,21077560,0,0,-2
4,2087,21087535,-80,-352,-8154
13,2086,21087557,0,0,0
4,2088,21097503,-105,-351,-8150
13,2087,21097525,-1,-1,1
4,2089,21107645,-97,-334,-8154
13,2088,21107667,0,0,1
4,2090,21117761,-100,-346,-8161
13,2089,21117783,0,0,1
4,2091,21127723,-102,-355,-8155
13,2090,21127745,0,1,1
4,2092,21137769,-82,-351,-8149
13,2091,21137791,-1,0,0
4,2093,21147843,-94,-340,-8154
13,2092,21147865,-1,1,1
4,2094,21157950,-93,-348,-8147
13,2093,21157972,1,2,1
4,2095,21167943,-95,-339,-8148
13,2094,21167965,0,0,0
4,2096,21177989,-82,-346,-8150
13,2095,21178011,0,0,-1
4,2097,21188056,-99,-346,-8150
13,2096,21188078,2,1,0
4,2098,21198205,-102,-358,-8150
13,2097,21198254,1,0,1
4,2099,21208187,-98,-337,-8153
13,2098,21208236,-1,0,-1
4,2100,21218176,-91,-338,-8142
13,2099,21218225,0,2,0
4,2101,21228343,-91,-350,-8159
13,2100,21228365,0,0,1
4,2102,21238403,-100,-346,-8160
13,2101,21238425,1,-1,-1
4,2103,21248472,-101,-344,-8152
13,2102,21248494,2,1,-1
4,2104,21258466,-98,-347,-8160
13,2103,21258488,4,0,0
4,2105,21268538,-99,-355,-8150
13,2104,21268560,0,-1,0
4,2106,21278765,-93,-348,-8156
13,2105,21278787,0,0,0
4,2107,21288640,-83,-345,-8156
13,2106,21288662,0,0,0
4,2108,21298702,-93,-346,-8151
13,2107,21298724,0,0,0
4,2109,21308758,-97,-344,-8152
13,2108,21308780,0,1,0
4,2110,21318902,-98,-352,-8152
13,2109,21318924,0,0,0
4,2111,21328871,-89,-342,-8156
13,2110,21328893,0,-1,1
4,2112,21338945,-87,-355,-8152
13,2111,21338967,0,-1,0
4,2113,21349062,-100,-352,-8142
13,2112,21349084,-1,-1,0
4,2114,21359113,-94,-346,-8152
13,2113,21359135,0,1,0
4,2115,21369138,-104,-348,-8162
13,2114,21369160,0,0,1
4,2116,21379217,-97,-340,-8162
13,2115,21379239,-2,-1,0
4,2117,21389193,-82,-335,-8151
13,2116,21389215,0,-2,0
4,2118,21399313,-90,-345,-8150
13,2117,21399335,0,-5,1
4,2119,21409339,-93,-351,-8156
13,2118,21409361,-1,-2,-1
4,2120,21419395,-100,-340,-8154
13,2119,21419417,-2,0,0
4,2121,21429459,-94,-344,-8150
13,2120,21429481,0,0,0
4,2122,21439581,-92,-356,-8160
13,2121,21439603,0,0,2
4,2123,21449594,-91,-343,-8158
13,2122,21449615,-1,-4,-2
4,2124,21459587,-98,-344,-8149
13,2123,21459609,0,0,-2
4,2125,21469747,-99,-345,-8145
13,2124,21469769,0,1,0
4,2126,21479749,-99,-341,-8153
13,2125,21479771,0,0,0
4,2127,21489857,-98,-344,-8149
13,2126,21489879,0,0,1
4,2128,21499835,-101,-353,-8153
13,2127,21499857,0,0,2
4,2129,21509846,-88,-353,-8148
13,2128,21509868,0,0,0
4,2130,21520082,-93,-338,-8155
13,2129,21520104,0,0,0
4,2131,21529991,-94,-341,-8151
13,2130,21530013,0,0,0
4,2132,21540041,-92,-358,-8156
13,2131,21540063,1,2,1
4,2133,21550022,-94,-347,-8157
13,2132,21550044,0,1,1
4,2134,21560185,-92,-341,-8153
13,2133,21560207,1,0,0
4,2135,21570261,-91,-343,-8144
13,2134,21570283,0,2,1
4,2136,21580213,-95,-351,-8149
13,2135,21580235,0,2,1
4,2137,21590388,-90,-339,-8155
13,2136,21590410,0,-1,-1
4,2138,21600494,-92,-344,-8160
13,2137,21600516,0,-1,0
4,2139,21610476,-95,-351,-8157
13,2138,21610498,0,-1,0
4,2140,21620521,-92,-346,-8150
13,2139,21620543,0,-1,0
4,2141,21630558,-97,-333,-8156
13,2140,21630580,-1,-1,0
4,2142,21640559,-91,-334,-8149
13,2141,21640581,1,-2,2
4,2143,21650686,-93,-349,-8160
13,2142,21650708,1,-1,-1
4,2144,21660764,-91,-344,-8156
13,2143,21660786,0,2,0
4,2145,21670767,-98,-349,-8145
13,2144,21670789,0,1,2
4,2146,21680888,-101,-341,-8157
13,2145,21680910,-1,-1,-1
4,2147,21690866,-98,-341,-8154
13,2146,21690888,-1,0,1
4,2148,21700963,-90,-353,-8143
13,2147,21700985,-1,-2,1
4,2149,21710946,-98,-347,-8157
13,2148,21710968,0,0,-1
4,2150,21721123,-84,-353,-8157
13,2149,21721145,0,0,0
4,2151,21731225,-79,-348,-8154
13,2150,21731247,1,1,0
4,2152,21741285,-84,-345,-8152
13,2151,21741307,2,0,0
4,2153,21751291,-85,-342,-8154
13,2152,21751313,0,0,0
4,2154,21761408,-90,-347,-8154
13,2153,21761430,0,0,1
4,2155,21771322,-101,-340,-8155
13,2154,21771344,0,0,0
4,2156,21781441,-93,-338,-8149
13,2155,21781463,-1,0,0
4,2157,21791500,-90,-344,-8154
13,2156,21791522,0,1,0
4,2158,21801546,-102,-345,-8157
13,2157,21801568,1,0,1
4,2159,21811649,-92,-343,-8161
13,2158,21811671,-1,0,2
4,2160,21821641,-93,-344,-8150
13,2159,21821663,-1,-2,0
4,2161,21831724,-94,-344,-8155
13,2160,21831746,-1,-2,-2
4,2162,21842007,-92,-345,-8162
13,2161,21842029,0,0,1
4,2163,21851905,-85,-348,-8152
13,2162,21851927,2,0,-1
4,2164,21861948,-98,-353,-8151
13,2163,21861970,0,2,0
4,2165,21872049,-94,-349,-8142
13,2164,21872071,0,0,2
4,2166,21882071,-89,-333,-8145
13,2165,21882093,-1,0,2
4,2167,21892135,-82,-344,-8146
13,2166,21892157,0,2,1
4,2168,21902188,-100,-341,-8170
13,2167,21902210,0,-1,0
4,2169,21912261,-101,-354,-8156
13,2168,21912283,1,-1,0
4,2170,21922396,-89,-343,-8166
13,2169,21922418,0,0,0
4,2171,21932365,-101,-348,-8153
13,2170,21932387,0,-3,0
4,2172,21942368,-103,-342,-8143
13,2171,21942390,1,-1,0
4,2173,21952483,-94,-350,-8151
13,2172,21952505,1,0,-1
4,2174,21962635,-96,-342,-8141
13,2173,21962657,1,0,0
4,2175,21972589,-90,-341,-8158
13,2174,21972611,0,1,1
4,2176,21982762,-95,-350,-8170
13,2175,21982784,-1,-1,0
4,2177,21992756,-95,-345,-8150
13,2176,21992778,0,-1,0
4,2178,22002921,-90,-347,-8152
13,2177,22002943,-1,0,-1
4,2179,22012894,-98,-355,-8155
13,2178,22012916,-2,0,0
4,2180,22022982,-103,-345,-8158
13,2179,22023004,0,0,0
4,2181,22033062,-92,-342,-8155
13,2180,22033084,0,1,0
4,2182,22043152,-93,-332,-8151
13,2181,22043173,0,0,0
4,2183,22053112,-92,-347,-8152
13,2182,22053134,-1,0,-3
4,2184,22063188,-80,-349,-8160
13,2183,22063210,0,1,-3
4,2185,22073269,-89,-343,-8157
13,2184,22073291,0,0,0
4,2186,22083377,-96,-337,-8156
13,2185,22083426,0,-1,2
4,2187,22093412,-97,-346,-8154
13,2186,22093434,-1,2,1
4,2188,22103479,-103,-349,-8151
13,2187,22103501,0,0,1
4,2189,22113530,-88,-351,-8158
13,2188,22113552,0,0,0
4,2190,22123645,-101,-346,-8160
13,2189,22123667,0,1,0
4,2191,22133666,-96,-347,-8148
13,2190,22133688,-1,1,0
4,2192,22143720,-92,-345,-8145
13,2191,22143742,-2,0,2
4,2193,22153787,-85,-349,-8157
13,2192,22153809,0,0,2
4,2194,22163932,-99,-353,-8148
13,2193,22163954,1,1,0
4,2195,22173912,-92,-339,-8151
13,2194,22173934,-1,0,-1
4,2196,22183981,-90,-341,-8156
13,2195,22184003,0,0,0
4,2197,22194050,-98,-339,-8149
13,2196,22194072,0,0,0
4,2198,22204062,-82,-337,-8161
13,2197,22204084,-1,-1,0
4,2199,22214143,-92,-348,-8148
13,2198,22214165,0,1,0
4,2200,22224307,-93,-344,-8160
13,2199,22224329,0,0,0
4,2201,22234319,-96,-345,-8161
13,2200,22234341,0,-1,0
4,2202,22244468,-98,-331,-8149
13,2201,22244490,0,0,1
4,2203,22254388,-92,-344,-8146
13,2202,22254410,0,0,0
4,2204,22264475,-95,-346,-8155
13,2203,22264497,1,-1,0
4,2205,22274542,-105,-348,-8160
13,2204,22274564,0,1,0
4,2206,22284634,-91,-341,-8160
13,2205,22284656,1,2,1
4,2207,22294689,-89,-340,-8151
13,2206,22294711,1,1,1
4,2208,22304700,-86,-355,-8148
13,2207,22304722,1,0,0
4,2209,22314812,-92,-355,-8153
13,2208,22314834,0,1,1
4,2210,22324965,-102,-352,-8159
13,2209,22324987,0,-1,1
4,2211,22334943,-96,-346,-8145
13,2210,22334965,1,0,2
4,2212,22345052,-92,-326,-8146
13,2211,22345074,0,-2,0
4,2213,22355042,-95,-340,-8154
13,2212,22355064,-1,0,-1
4,2214,22365202,-96,-337,-8141
13,2213,22365224,-1,1,0
4,2215,22375286,-92,-345,-8144
13,2214,22375308,-1,0,2
4,2216,22385303,-92,-351,-8157
13,2215,22385325,0,2,0
4,2217,22395361,-98,-341,-8150
13,2216,22395383,0,0,0
4,2218,22405491,-96,-339,-8160
13,2217,22405513,0,0,-2
4,2219,22415450,-87,-345,-8147
13,2218,22415472,0,1,0
4,2220,22425515,-88,-341,-8152
13,2219,22425537,-2,0,-1
4,2221,22435589,-88,-348,-8150
13,2220,22435611,1,-2,-1
4,2222,22445696,-104,-351,-8155
13,2221,22445718,0,-2,0
4,2223,22455723,-94,-345,-8158
13,2222,22455745,0,-2,1
4,2224,22465785,-91,-345,-8160
13,2223,22465807,0,1,0
4,2225,22475893,-100,-349,-8155
13,2224,22475915,-1,2,1
4,2226,22486080,-87,-336,-8154
13,2225,22486102,0,0,1
4,2227,22496007,-97,-338,-8147
13,2226,22496029,-2,-4,1
4,2228,22506064,-102,-352,-8138
13,2227,22506086,0,0,0
4,2229,22516058,-99,-349,-8145
13,2228,22516080,0,0,0
4,2230,22526210,-100,-350,-8149
13,2229,22526232,-1,0,1
4,2231,22536238,-86,-340,-8156
13,2230,22536259,-2,0,1
4,2232,22546287,-91,-343,-8157
13,2231,22546309,-1,0,0
4,2233,22556321,-96,-349,-8144
13,2232,22556343,0,0,0
4,2234,22566566,-83,-346,-8148
13,2233,22566588,-1,1,1
4,2235,22576494,-92,-339,-8150
13,2234,22576516,-3,-2,0
4,2236,22586538,-101,-345,-8152
13,2235,22586560,0,-1,0
4,2237,22596671,-92,-352,-8140
13,2236,22596693,0,1,-1
4,2238,22606688,-96,-348,-8152
13,2237,22606710,0,2,-1
4,2239,22616801,-97,-343,-8147
13,2238,22616823,2,0,0
4,2240,22626827,-102,-352,-8156
13,2239,22626849,0,0,-1
4,2241,22636889,-99,-349,-8149
13,2240,22636911,0,0,0
4,2242,22646986,-95,-343,-8151
13,2241,22647007,0,-1,2
4,2243,22657042,-86,-340,-8144
13,2242,22657064,0,2,1
4,2244,22667081,-99,-342,-8154
13,2243,22667103,0,2,2
4,2245,22677084,-99,-336,-8156
13,2244,22677106,-3,0,1
4,2246,22687233,-87,-344,-8150
13,2245,22687255,1,0,0
4,2247,22697244,-98,-344,-8146
13,2246,22697266,0,-1,1
4,2248,22707307,-95,-348,-8152
13,2247,22707329,0,0,0
4,2249,22717404,-84,-351,-8150
13,2248,22717453,-1,-1,-1
4,2250,22727568,-89,-351,-8152
13,2249,22727590,-1,0,-1
4,2251,22737548,-89,-345,-8152
13,2250,22737570,0,-1,0
4,2252,22747612,-99,-341,-8156
13,2251,22747634,-1,-2,2
4,2253,22757627,-96,-346,-8159
13,2252,22757649,0,-1,0
4,2254,22767730,-97,-352,-8159
13,2253,22767752,0,0,-1
4,2255,22777783,-96,-348,-8143
13,2254,22777805,0,0,0
4,2256,22787780,-93,-341,-8151
13,2255,22787802,0,-1,0
4,2257,22797898,-91,-347,-8162
13,2256,22797920,0,1,1
4,2258,22808084,-90,-341,-8153
13,2257,22808106,0,0,0
4,2259,22817953,-98,-340,-8153
13,2258,22817975,-1,3,1
4,2260,22828103,-100,-349,-8155
13,2259,22828125,0,2,0
4,2261,22838194,-97,-343,-8152
13,2260,22838216,0,1,0
4,2262,22848200,-85,-343,-8153
13,2261,22848249,0,1,0
4,2263,22858314,-95,-352,-8147
13,2262,22858336,-1,0,0
4,2264,22868369,-91,-342,-8154
13,2263,22868391,-2,1,-1
4,2265,22878510,-90,-342,-8151
13,2264,22878532,-1,2,0
4,2266,22888543,-90,-348,-8151
13,2265,22888565,0,2,0
4,2267,22898449,-90,-339,-8160
13,2266,22898471,0,0,0
4,2268,22908617,-77,-353,-8148
13,2267,22908638,0,1,0
4,2269,22918622,-93,-357,-8156
13,2268,22918644,0,0,0
4,2270,22928712,-94,-352,-8147
13,2269,22928734,2,0,0
4,2271,22938729,-96,-341,-8150
13,2270,22938751,0,0,1
4,2272,22948797,-98,-336,-8165
13,2271,22948819,-1,2,0
4,2273,22958896,-93,-347,-8159
13,2272,22958918,-1,0,0
4,2274,22969037,-95,-335,-8161
13,2273,22969059,0,1,2
4,2275,22978900,-89,-345,-8151
13,2274,22978922,0,1,0
4,2276,22989048,-91,-349,-8158
13,2275,22989070,1,0,-1
4,2277,22999179,-97,-344,-8140
13,2276,22999201,0,0,0
4,2278,23009222,-98,-338,-8150
13,2277,23009244,0,0,1
4,2279,23019295,-110,-341,-8142
13,2278,23019317,0,0,1
4,2280,23029307,-99,-345,-8160
13,2279,23029329,1,0,-1
4,2281,23039349,-94,-358,-8150
13,2280,23039371,0,-2,1
4,2282,23049511,-95,-361,-8146
13,2281,23049533,0,-2,-1
4,2283,23059447,-97,-345,-8154
13,2282,23059469,0,2,-3
4,2284,23069573,-93,-343,-8150
13,2283,23069595,-1,-1,1
4,2285,23079620,-91,-350,-8142
13,2284,23079641,-1,-2,0
4,2286,23089839,-90,-352,-8150
13,2285,23089861,-2,1,0
4,2287,23099753,-93,-342,-8156
13,2286,23099775,-1,1,2
4,2288,23109921,-102,-339,-8145
13,2287,23109943,-1,0,0
4,2289,23119854,-99,-345,-8152
13,2288,23119876,0,0,0
4,2290,23130149,-91,-344,-8157
13,2289,23130171,0,1,1
4,2291,23140041,-91,-345,-8144
13,2290,23140063,1,0,0
4,2292,23150062,-100,-356,-8151
13,2291,23150084,0,-1,-1
4,2293,23160183,-85,-341,-8167
13,2292,23160205,-1,0,0
4,2294,23170244,-91,-343,-8154
13,2293,23170266,0,1,0
4,2295,23180308,-87,-343,-8149
13,2294,23180330,0,1,0
4,2296,23190394,-85,-345,-8163
13,2295,23190415,-4,0,1
4,2297,23200448,-92,-344,-8158
13,2296,23200470,0,2,0
4,2298,23210588,-86,-342,-8145
13,2297,23210610,0,3,0
4,2299,23220558,-92,-346,-8158
13,2298,23220607,-1,0,-1
4,2300,23230655,-91,-344,-8150
13,2299,23230677,-1,0,-1
4,2301,23240764,-87,-345,-8153
13,2300,23240786,-1,0,1
4,2302,23250826,-101,-347,-8157
13,2301,23250848,-1,-1,0
4,2303,23260868,-101,-346,-8155
13,2302,23260890,0,0,0
4,2304,23270818,-101,-339,-8153
13,2303,23270840,0,1,1
4,2305,23280926,-92,-355,-8152
13,2304,23280948,0,1,2
4,2306,23291063,-81,-349,-8155
13,2305,23291084,-1,-1,0
4,2307,23301035,-80,-342,-8155
13,2306,23301057,1,1,1
4,2308,23311100,-95,-348,-8156
13,2307,23311122,0,0,0
4,2309,23321111,-98,-347,-8158
13,2308,23321133,-1,0,0
4,2310,23331261,-90,-351,-8159
13,2309,23331283,-1,0,1
4,2311,23341220,-94,-341,-8161
13,2310,23341242,-1,2,0
4,2312,23351395,-99,-342,-8142
13,2311,23351417,0,1,0
4,2313,23361388,-92,-339,-8158
13,2312,23361410,0,0,0
4,2314,23371611,-88,-342,-8161
13,2313,23371633,0,2,-1
4,2315,23381581,-82,-348,-8151
13,2314,23381603,0,0,2
4,2316,23391636,-86,-343,-8155
13,2315,23391658,0,1,1
4,2317,23401736,-87,-337,-8156
13,2316,23401758,-2,0,1
4,2318,23411764,-93,-349,-8155
13,2317,23411786,0,-1,1
4,2319,23421820,-98,-340,-8163
13,2318,23421842,2,1,-1
4,2320,23431867,-90,-348,-8153
13,2319,23431889,0,-1,-1
4,2321,23441947,-105,-355,-8147
13,2320,23441969,-1,-3,-1
4,2322,23452087,-94,-347,-8147
13,2321,23452108,0,0,0
4,2323,23462029,-75,-345,-8147
13,2322,23462051,-1,0,0
4,2324,23472113,-98,-339,-8162
13,2323,23472135,-1,-1,0
4,2325,23482149,-95,-345,-8150
13,2324,23482198,1,0,0
4,2326,23492288,-91,-347,-8161
13,2325,23492310,-1,0,0
4,2327,23502301,-91,-350,-8156
13,2326,23502323,0,-1,1
4,2328,23512444,-95,-354,-8165
13,2327,23512466,0,-2,0
4,2329,23522414,-89,-337,-8164
13,2328,23522436,-1,-1,0
4,2330,23532527,-79,-352,-8135
13,2329,23532549,-2,0,2
4,2331,23542561,-94,-352,-8149
13,2330,23542583,-1,0,1
4,2332,23552587,-92,-345,-8157
13,2331,23552609,2,-2,0
4,2333,23562740,-85,-348,-8152
13,2332,23562762,0,-1,0
4,2334,23572775,-89,-348,-8152
13,2333,23572797,1,0,0
4,2335,23582810,-102,-348,-8152
13,2334,23582832,0,0,0
4,2336,23592840,-96,-350,-8158
13,2335,23592862,0,0,1
4,2337,23602995,-85,-347,-8159
13,2336,23603017,0,1,1
4,2338,23613123,-88,-344,-8159
13,2337,23613145,0,2,1
4,2339,23623081,-92,-349,-8161
13,2338,23623103,0,-1,0
4,2340,23633161,-93,-353,-8146
13,2339,23633183,0,0,1
4,2341,23643225,-80,-336,-8153
13,2340,23643247,2,-1,0
4,2342,23653289,-86,-336,-8148
13,2341,23653311,0,1,0
4,2343,23663251,-97,-342,-8155
13,2342,23663273,0,3,0
4,2344,23673364,-96,-346,-8151
13,2343,23673386,0,-1,1
4,2345,23683482,-94,-355,-8161
13,2344,23683504,-1,-1,2
4,2346,23693592,-91,-351,-8151
13,2345,23693614,0,0,0
4,2347,23703604,-100,-351,-8154
13,2346,23703626,1,0,0
4,2348,23713643,-96,-345,-8143
13,2347,23713665,3,0,0
4,2349,23723729,-91,-351,-8153
13,2348,23723751,1,-3,1
4,2350,23733831,-97,-345,-8152
13,2349,23733853,1,0,1
4,2351,23743858,-85,-347,-8159
13,2350,23743880,0,-2,1
4,2352,23753946,-89,-346,-8147
13,2351,23753968,-4,1,-1
4,2353,23763985,-94,-343,-8151
13,2352,23764007,-1,1,0
4,2354,23774130,-98,-358,-8153
13,2353,23774152,2,0,1
4,2355,23784021,-95,-350,-8144
13,2354,23784043,1,-1,-1
4,2356,23794168,-94,-341,-8148
13,2355,23794190,0,1,0
4,2357,23804203,-89,-343,-8151
13,2356,23804225,-2,1,0
4,2358,23814364,-92,-334,-8155
13,2357,23814386,-1,1,0
4,2359,23824351,-101,-346,-8159
13,2358,23824373,-2,0,1
4,2360,23834390,-98,-347,-8151
13,2359,23834412,0,-1,1
4,2361,23844529,-97,-345,-8157
13,2360,23844579,0,-1,2
4,2362,23854647,-83,-344,-8156
13,2361,23854669,0,0,0
4,2363,23864579,-85,-351,-8163
13,2362,23864601,1,1,0
4,2364,23874670,-83,-356,-8153
13,2363,23874692,0,1,0
4,2365,23884768,-88,-337,-8153
13,2364,23884790,0,0,-1
4,2366,23894814,-89,-343,-8155
13,2365,23894836,1,-1,-1
4,2367,23904830,-97,-342,-8155
13,2366,23904851,0,0,1
4,2368,23914962,-91,-337,-8147
13,2367,23914983,0,-1,1
4,2369,23924889,-87,-351,-8151
13,2368,23924911,1,0,0
4,2370,23935137,-87,-341,-8158
13,2369,23935159,0,-1,0
4,2371,23945156,-91,-347,-8154
13,2370,23945178,0,0,0
4,2372,23955127,-81,-346,-8148
13,2371,23955149,0,-1,3
4,2373,23965204,-97,-348,-8154
13,2372,23965226,-1,0,1
4,2374,23975308,-93,-345,-8143
13,2373,23975357,0,-1,1
4,2375,23985351,-102,-342,-8144
13,2374,23985373,0,1,0
4,2376,23995425,-100,-339,-8156
13,2375,23995447,0,-1,2
4,2377,24005503,-98,-336,-8147
13,2376,24005525,0,-1,0
4,2378,24015678,-102,-326,-8153
13,2377,24015700,0,0,0
4,2379,24025556,-88,-339,-8160
13,2378,24025578,0,1,0
4,2380,24035688,-98,-348,-8142
13,2379,24035710,0,1,0
4,2381,24045710,-106,-356,-8142
13,2380,24045732,1,-1,1
4,2382,24055877,-91,-334,-8150
13,2381,24055899,0,-1,0
4,2383,24065851,-92,-345,-8139
13,2382,24065873,1,0,0
4,2384,24075819,-98,-345,-8160
13,2383,24075841,0,0,1
4,2385,24086014,-97,-345,-8153
13,2384,24086036,0,0,1
4,2386,24096108,-95,-352,-8152
13,2385,24096157,0,0,-1
4,2387,24106083,-93,-342,-8148
13,2386,24106105,2,0,0
4,2388,24116115,-88,-344,-8154
13,2387,24116137,0,2,1
4,2389,24126234,-92,-344,-8158
13,2388,24126256,0,4,2
4,2390,24136401,-91,-350,-8148
13,2389,24136423,0,0,2
4,2391,24146319,-99,-341,-8159
13,2390,24146341,3,0,0
4,2392,24156410,-88,-349,-8142
13,2391,24156432,0,0,1
4,2393,24166488,-99,-348,-8146
13,2392,24166510,0,-2,1
4,2394,24176622,-100,-347,-8151
13,2393,24176644,2,-2,2
4,2395,24186596,-104,-342,-8150
13,2394,24186618,0,1,2
4,2396,24196651,-96,-342,-8149
13,2395,24196673,0,0,2
4,2397,24206654,-79,-345,-8157
13,2396,24206675,1,0,1
4,2398,24216799,-88,-348,-8157
13,2397,24216821,3,1,0
4,2399,24226899,-95,-359,-8156
13,2398,24226948,0,-2,0
4,2400,24236908,-89,-341,-8138
13,2399,24236930,1,0,1
4,2401,24246961,-92,-352,-8145
13,2400,24246983,0,0,1
4,2402,24257139,-92,-348,-8152
13,2401,24257161,0,0,0
4,2403,24267114,-86,-342,-8150
13,2402,24267136,0,0,0
4,2404,24277113,-88,-353,-8146
13,2403,24277135,-3,-2,0
4,2405,24287213,-83,-348,-8156
13,2404,24287235,-2,-1,0
4,2406,24297388,-102,-346,-8151
13,2405,24297410,1,0,-1
4,2407,24307399,-93,-350,-8149
13,2406,24307420,0,0,-1
4,2408,24317410,-96,-348,-8147
13,2407,24317432,1,0,0
4,2409,24327469,-96,-346,-8149
13,2408,24327491,0,-1,2
4,2410,24337542,-92,-353,-8152
13,2409,24337564,-1,1,1
4,2411,24347566,-102,-345,-8150
13,2410,24347588,0,2,0
4,2412,24357626,-96,-350,-8155
13,2411,24357675,0,1,-1
4,2413,24367678,-86,-336,-8140
13,2412,24367700,0,-3,0
4,2414,24377858,-95,-340,-8165
13,2413,24377880,0,0,-1
4,2415,24387786,-106,-352,-8165
13,2414,24387808,2,-1,1
4,2416,24397894,-96,-344,-8152
13,2415,24397916,-1,-1,1
4,2417,24408013,-99,-347,-8158
13,2416,24408035,0,2,0
4,2418,24418103,-94,-351,-8152
13,2417,24418125,1,2,0
4,2419,24428062,-94,-349,-8147
13,2418,24428084,0,1,-1
4,2420,24438138,-102,-337,-8156
13,2419,24438159,1,0,0
4,2421,24448125,-79,-351,-8152
13,2420,24448147,-1,2,1
4,2422,24458310,-90,-353,-8143
13,2421,24458332,-1,-1,1
4,2423,24468308,-98,-340,-8158
13,2422,24468330,0,0,0
4,2424,24478377,-98,-338,-8154
13,2423,24478399,0,0,-2
4,2425,24488482,-92,-353,-8151
13,2424,24488504,-1,0,0
4,2426,24498625,-96,-348,-8153
13,2425,24498647,-1,0,0
4,2427,24508568,-93,-344,-8156
13,2426,24508590,0,0,0
4,2428,24518685,-88,-337,-8160
13,2427,24518707,0,-1,-1
4,2429,24528729,-84,-340,-8154
13,2428,24528751,0,-1,0
4,2430,24538760,-91,-343,-8155
13,2429,24538782,0,-1,0
4,2431,24548911,-94,-346,-8150
13,2430,24548933,0,0,1
4,2432,24558895,-104,-349,-8158
13,2431,24558917,-1,0,0
4,2433,24568966,-97,-355,-8154
13,2432,24568987,0,0,0
4,2434,24579135,-93,-342,-8152
13,2433,24579157,2,1,0
4,2435,24589149,-103,-332,-8160
13,2434,24589171,2,0,2
4,2436,24599220,-95,-354,-8158
13,2435,24599242,0,-1,0
4,2437,24609317,-94,-354,-8145
13,2436,24609339,0,2,-1
4,2438,24619347,-92,-353,-8154
13,2437,24619369,-1,-1,0
4,2439,24629402,-94,-347,-8163
13,2438,24629424,0,-2,0
4,2440,24639430,-103,-341,-8151
13,2439,24639452,2,-1,1
4,2441,24649455,-92,-343,-8149
13,2440,24649477,0,2,1
4,2442,24659620,-104,-342,-8154
13,2441,24659641,0,1,0
4,2443,24669605,-90,-343,-8155
13,2442,24669627,0,0,1
4,2444,24679668,-83,-356,-8152
13,2443,24679690,0,0,0
4,2445,24689720,-92,-348,-8147
13,2444,24689742,0,1,0
4,2446,24699829,-93,-343,-8155
13,2445,24699851,0,2,2
4,2447,24709854,-71,-349,-8155
13,2446,24709876,-2,0,0
4,2448,24719916,-96,-347,-8145
13,2447,24719938,0,0,-1
4,2449,24729950,-96,-342,-8156
13,2448,24729972,-1,0,2
4,2450,24740155,-94,-349,-8156
13,2449,24740177,0,-2,0
4,2451,24750116,-96,-341,-8160
13,2450,24750138,0,-2,0
4,2452,24760168,-102,-345,-8154
13,2451,24760190,0,-1,0
4,2453,24770171,-95,-346,-8150
13,2452,24770193,-1,0,0
4,2454,24780306,-83,-340,-8142
13,2453,24780328,0,0,0
4,2455,24790406,-90,-339,-8151
13,2454,24790428,-1,0,-1
4,2456,24800379,-102,-340,-8162
13,2455,24800401,0,1,0
4,2457,24810503,-91,-346,-8156
13,2456,24810524,0,-1,-1
4,2458,24820560,-86,-345,-8144
13,2457,24820582,0,0,0
4,2459,24830572,-85,-351,-8162
13,2458,24830594,0,0,-1
4,2460,24840644,-90,-350,-8145
13,2459,24840666,-2,2,2
4,2461,24850698,-89,-341,-8150
13,2460,24850720,-1,2,1
4,2462,24860838,-97,-347,-8165
13,2461,24860860,0,0,0
4,2463,24870778,-93,-349,-8151
13,2462,24870827,-1,-2,-2
4,2464,24880941,-104,-347,-8154
13,2463,24880963,0,-1,0
4,2465,24890959,-97,-340,-8155
13,2464,24890981,0,1,0
4,2466,24901123,-91,-347,-8160
13,2465,24901145,0,0,0
4,2467,24911092,-82,-347,-8163
13,2466,24911114,2,0,0
4,2468,24921074,-87,-339,-8149
13,2467,24921096,-1,-1,1
4,2469,24931173,-93,-344,-8141
13,2468,24931195,0,1,1
4,2470,24941321,-84,-347,-8158
13,2469,24941343,0,0,0
4,2471,24951285,-92,-354,-8150
13,2470,24951307,0,1,0
4,2472,24961358,-85,-350,-8150
13,2471,24961380,0,0,1
4,2473,24971446,-83,-337,-8161
13,2472,24971468,-1,-3,0
4,2474,24981600,-104,-344,-8153
13,2473,24981622,0,-1,0
4,2475,24991531,-97,-341,-8144
13,2474,24991580,0,1,1
4,2476,25001643,-90,-349,-8160
13,2475,25001665,-1,0,1
4,2477,25011688,-96,-357,-8149
13,2476,25011710,1,-2,2
4,2478,25021805,-97,-355,-8153
13,2477,25021827,1,0,3
4,2479,25031795,-95,-347,-8147
13,2478,25031817,0,0,1
4,2480,25041828,-98,-340,-8148
13,2479,25041850,1,-2,1
4,2481,25051940,-97,-350,-8161
13,2480,25051962,0,1,0
4,2482,25062046,-91,-344,-8154
13,2481,25062068,0,-1,0
4,2483,25072024,-98,-347,-8154
13,2482,25072046,-1,0,1
4,2484,25082017,-83,-344,-8162
13,2483,25082039,-2,1,0
4,2485,25092133,-94,-347,-8160
13,2484,25092155,-1,-1,1
4,2486,25102217,-101,-347,-8159
13,2485,25102239,0,-2,2
4,2487,25112256,-99,-344,-8147
13,2486,25112278,-2,0,0
4,2488,25122259,-90,-342,-8149
13,2487,25122308,0,0,0
4,2489,25132419,-94,-346,-8157
13,2488,25132441,0,0,0
4,2490,25142565,-96,-365,-8162
13,2489,25142587,-2,-1,0
4,2491,25152501,-86,-356,-8161
13,2490,25152523,-2,-1,-1
4,2492,25162551,-104,-348,-8153
13,2491,25162573,0,1,0
4,2493,25172563,-93,-349,-8143
13,2492,25172585,0,1,0
4,2494,25182713,-93,-349,-8149
13,2493,25182735,0,-3,2
4,2495,25192751,-92,-345,-8162
13,2494,25192773,0,-2,0
4,2496,25202800,-89,-341,-8155
13,2495,25202822,0,0,0
4,2497,25212823,-90,-352,-8158
13,2496,25212845,0,1,2
4,2498,25223073,-101,-348,-8155
13,2497,25223122,2,0,0
4,2499,25233008,-98,-340,-8147
13,2498,25233030,0,0,0
4,2500,25242984,-94,-341,-8152
13,2499,25243006,0,0,0
4,2501,25253143,-90,-345,-8164
13,2500,25253165,0,0,0
4,2502,25263234,-82,-344,-8141
13,2501,25263256,0,0,1
4,2503,25273248,-101,-341,-8160
13,2502,25273270,-1,-3,0
4,2504,25283291,-92,-350,-8151
13,2503,25283313,1,-1,0
4,2505,25293369,-101,-344,-8150
13,2504,25293391,2,0,0
4,2506,25303509,-88,-343,-8159
13,2505,25303531,-1,0,0
4,2507,25313457,-98,-345,-8147
13,2506,25313479,-1,1,0
4,2508,25323458,-96,-349,-8161
13,2507,25323480,1,0,1
4,2509,25333588,-99,-341,-8159
13,2508,25333610,1,0,0
4,2510,25343683,-95,-343,-8152
13,2509,25343705,-2,1,0
4,2511,25353642,-102,-357,-8161
13,2510,25353664,0,0,0
4,2512,25363744,-98,-351,-8162
13,2511,25363766,0,0,0
4,2513,25373852,-88,-332,-8150
13,2512,25373874,0,0,0
4,2514,25383965,-93,-345,-8153
13,2513,25383987,0,0,0
4,2515,25393961,-98,-349,-8153
13,2514,25393983,0,1,0
4,2516,25404055,-109,-348,-8153
13,2515,25404077,-1,2,0
4,2517,25414037,-107,-348,-8162
13,2516,25414059,0,2,-1
4,2518,25424137,-96,-341,-8141
13,2517,25424159,0,2,0
4,2519,25434179,-91,-350,-8153
13,2518,25434201,-1,0,0
4,2520,25444310,-102,-339,-8157
13,2519,25444332,0,-3,0
4,2521,25454315,-89,-343,-8153
13,2520,25454337,0,0,0
4,2522,25464416,-90,-349,-8166
13,2521,25464438,0,2,1
4,2523,25474475,-89,-348,-8148
13,2522,25474497,0,1,0
4,2524,25484468,-90,-347,-8148
13,2523,25484490,0,0,-1
4,2525,25494561,-94,-362,-8146
13,2524,25494583,-1,-1,0
4,2526,25504634,-94,-341,-8162
13,2525,25504656,1,-2,0
4,2527,25514675,-106,-345,-8151
13,2526,25514697,1,0,1
4,2528,25524794,-97,-346,-8148
13,2527,25524816,0,0,-1
4,2529,25534805,-95,-348,-8158
13,2528,25534827,0,1,-2
4,2530,25544859,-98,-351,-8163
13,2529,25544881,0,2,0
4,2531,25554892,-98,-349,-8152
13,2530,25554914,0,1,0
4,2532,25565030,-106,-348,-8151
13,2531,25565052,0,0,0
4,2533,25575014,-101,-347,-8151
13,2532,25575036,0,-2,0
4,2534,25585171,-83,-347,-8144
13,2533,25585193,1,-1,-3
4,2535,25595143,-90,-343,-8152
13,2534,25595165,-1,0,1
4,2536,25605143,-93,-347,-8150
13,2535,25605165,-1,1,1
4,2537,25615290,-93,-340,-8153
13,2536,25615339,1,0,0
4,2538,25625405,-84,-355,-8149
13,2537,25625427,0,1,0
4,2539,25635429,-78,-350,-8155
13,2538,25635451,-1,0,-1
4,2540,25645476,-91,-352,-8155
13,2539,25645498,0,-1,0
4,2541,25655575,-101,-349,-8153
13,2540,25655597,0,-3,1
4,2542,25665597,-104,-352,-8154
13,2541,25665619,-1,0,0
4,2543,25675683,-88,-355,-8165
13,2542,25675705,-2,1,0
4,2544,25685637,-89,-339,-8140
13,2543,25685659,0,0,1
4,2545,25695800,-97,-343,-8147
13,2544,25695822,1,0,1
4,2546,25705903,-105,-353,-8161
13,2545,25705925,0,0,0
4,2547,25715798,-97,-340,-8152
13,2546,25715820,-1,0,0
4,2548,25725938,-91,-351,-8150
13,2547,25725960,0,0,0
4,2549,25735989,-97,-344,-8161
13,2548,25736011,1,0,0
4,2550,25746123,-85,-345,-8159
13,2549,25746145,0,0,0
4,2551,25756249,-91,-344,-8151
13,2550,25756271,0,0,0
4,2552,25766206,-90,-346,-8162
13,2551,25766228,0,0,0
4,2553,25776314,-83,-345,-8147
13,2552,25776336,0,-2,0
4,2554,25786399,-90,-358,-8144
13,2553,25786421,0,-2,0
4,2555,25796380,-84,-339,-8145
13,2554,25796402,0,0,1
4,2556,25806478,-83,-344,-8150
13,2555,25806500,0,0,0
4,2557,25816486,-96,-346,-8154
13,2556,25816508,-3,-2,0
4,2558,25826661,-101,-337,-8146
13,2557,25826683,0,-1,0
4,2559,25836568,-101,-347,-8159
13,2558,25836590,1,0,0
4,2560,25846709,-96,-347,-8148
13,2559,25846731,1,-1,-1
4,2561,25856741,-90,-340,-8141
13,2560,25856763,1,0,0
4,2562,25866961,-93,-349,-8154
13,2561,25866983,0,-1,0
4,2563,25876896,-104,-349,-8165
13,2562,25876918,-1,-1,-2
4,2564,25886902,-81,-340,-8144
13,2563,25886924,1,1,1
4,2565,25897030,-79,-346,-8146
13,2564,25897052,0,1,0
4,2566,25907065,-96,-354,-8149
13,2565,25907087,-1,0,-2
4,2567,25917165,-88,-355,-8149
13,2566,25917187,-1,-1,0
4,2568,25927156,-84,-347,-8153
13,2567,25927178,0,0,1
4,2569,25937298,-97,-347,-8153
13,2568,25937320,-1,-1,1
4,2570,25947443,-91,-353,-8153
13,2569,25947465,-1,0,0
4,2571,25957413,-93,-343,-8157
13,2570,25957435,-1,2,3
4,2572,25967525,-92,-340,-8154
13,2571,25967547,-1,0,1
4,2573,25977541,-108,-338,-8150
13,2572,25977563,-1,0,-1
4,2574,25987637,-99,-355,-8155
13,2573,25987659,1,1,1
4,2575,25997653,-99,-346,-8154
13,2574,25997702,2,2,2
4,2576,26007765,-102,-342,-8159
13,2575,26007787,0,2,0
4,2577,26017782,-102,-346,-8159
13,2576,26017804,-1,0,-1
4,2578,26027930,-96,-344,-8158
13,2577,26027952,-1,0,2
4,2579,26037922,-97,-344,-8158
13,2578,26037944,-1,0,2
4,2580,26047935,-88,-341,-8153
13,2579,26047957,-2,0,2
4,2581,26058015,-102,-348,-8158
13,2580,26058037,0,0,0
4,2582,26068116,-102,-354,-8142
13,2581,26068138,0,2,3
4,2583,26078196,-87,-354,-8151
13,2582,26078218,0,1,0
4,2584,26088172,-91,-360,-8159
13,2583,26088194,-1,1,-1
4,2585,26098239,-101,-351,-8157
13,2584,26098261,-1,0,0
4,2586,26108425,-101,-353,-8154
13,2585,26108474,0,-2,0
4,2587,26118386,-96,-346,-8148
13,2586,26118408,0,0,0
4,2588,26128515,-86,-342,-8153
13,2587,26128537,2,1,2
4,2589,26138516,-87,-350,-8153
13,2588,26138538,1,1,1
4,2590,26148619,-97,-343,-8153
13,2589,26148641,-1,-1,0
4,2591,26158632,-105,-354,-8153
13,2590,26158654,-1,0,0
4,2592,26168752,-97,-352,-8153
13,2591,26168774,-1,2,1
4,2593,26178769,-96,-345,-8156
13,2592,26178791,0,1,-2
4,2594,26188899,-98,-353,-8154
13,2593,26188921,2,-3,0
4,2595,26198882,-84,-354,-8143
13,2594,26198904,0,0,0
4,2596,26208984,-91,-346,-8152
13,2595,26209006,0,-1,-1
4,2597,26218998,-97,-335,-8158
13,2596,26219020,0,1,-2
4,2598,26229023,-96,-346,-8150
13,2597,26229045,0,1,0
4,2599,26239115,-99,-342,-8148
13,2598,26239137,0,0,0
4,2600,26249174,-90,-348,-8140
13,2599,26249223,0,0,1
4,2601,26259263,-94,-346,-8144
13,2600,26259285,0,0,1
4,2602,26269427,-99,-354,-8146
13,2601,26269449,0,0,1
4,2603,26279393,-91,-345,-8164
13,2602,26279415,0,0,0
4,2604,26289455,-94,-357,-8151
13,2603,26289477,2,0,0
4,2605,26299488,-95,-341,-8159
13,2604,26299510,-1,0,0
4,2606,26309586,-101,-355,-8141
13,2605,26309608,0,-1,0
4,2607,26319618,-98,-351,-8145
13,2606,26319640,0,-1,1
4,2608,26329653,-101,-346,-8145
13,2607,26329675,0,0,0
4,2609,26339760,-100,-348,-8150
13,2608,26339781,0,0,0
4,2610,26349836,-97,-356,-8146
13,2609,26349858,1,-2,0
4,2611,26359866,-95,-351,-8158
13,2610,26359888,0,0,0
4,2612,26369910,-88,-344,-8156
13,2611,26369932,0,1,1
4,2613,26380051,-82,-346,-8156
13,2612,26380073,0,0,0
4,2614,26390117,-97,-344,-8143
13,2613,26390139,0,0,0
4,2615,26400127,-97,-345,-8146
13,2614,26400149,0,0,-1
4,2616,26410237,-98,-341,-8159
13,2615,26410259,-1,0,-2
4,2617,26420228,-82,-345,-8149
13,2616,26420250,-1,-1,0
4,2618,26430382,-90,-349,-8152
13,2617,26430404,1,-1,0
4,2619,26440337,-99,-361,-8164
13,2618,26440359,0,1,-1
4,2620,26450435,-91,-347,-8137
13,2619,26450457,0,1,-2
4,2621,26460453,-91,-347,-8148
13,2620,26460475,0,1,0
4,2622,26470526,-96,-345,-8156
13,2621,26470548,-1,1,0
4,2623,26480624,-102,-339,-8162
13,2622,26480646,0,2,0
4,2624,26490543,-89,-342,-8150
13,2623,26490565,1,0,-1
4,2625,26500665,-90,-333,-8142
13,2624,26500714,1,0,-2
4,2626,26510911,-92,-344,-8142
13,2625,26510933,2,0,0
4,2627,26520800,-99,-344,-8147
13,2626,26520822,1,0,-2
4,2628,26530870,-104,-341,-8155
13,2627,26530892,0,1,0
4,2629,26540916,-96,-340,-8156
13,2628,26540938,-2,0,2
4,2630,26551014,-89,-349,-8153
13,2629,26551036,2,0,1
4,2631,26561022,-93,-343,-8148
13,2630,26561044,0,1,0
4,2632,26571086,-89,-338,-8146
13,2631,26571108,-1,2,-2
4,2633,26581239,-94,-344,-8157
13,2632,26581261,-2,-1,0
4,2634,26591321,-101,-339,-8151
13,2633,26591343,0,0,1
4,2635,26601344,-101,-351,-8150
13,2634,26601366,0,0,-1
4,2636,26611332,-85,-341,-8151
13,2635,26611354,0,-1,0
4,2637,26621500,-102,-341,-8155
13,2636,26621522,1,0,0
4,2638,26631522,-91,-328,-8161
13,2637,26631544,0,-1,0
4,2639,26641489,-92,-341,-8157
13,2638,26641511,-1,1,0
4,2640,26651692,-84,-336,-8149
13,2639,26651714,1,0,0
4,2641,26661693,-84,-347,-8154
13,2640,26661715,0,-3,0
4,2642,26671837,-92,-353,-8145
13,2641,26671859,-1,-1,1
4,2643,26681714,-101,-354,-8147
13,2642,26681736,0,0,0
4,2644,26691845,-95,-354,-8148
13,2643,26691867,-2,0,-2
4,2645,26701946,-89,-347,-8153
13,2644,26701968,-1,0,0
4,2646,26711963,-101,-343,-8153
13,2645,26711985,0,2,0
4,2647,26722059,-96,-331,-8154
13,2646,26722081,0,0,0
4,2648,26732084,-94,-338,-8160
13,2647,26732106,0,-1,0
4,2649,26742187,-96,-357,-8153
13,2648,26742209,0,0,-1
4,2650,26752362,-96,-360,-8159
13,2649,26752384,-3,2,1
4,2651,26762314,-100,-354,-8156
13,2650,26762336,-1,0,1
4,2652,26772335,-93,-349,-8151
13,2651,26772357,0,0,0
4,2653,26782418,-98,-349,-8145
13,2652,26782440,-1,1,-2
4,2654,26792573,-103,-347,-8157
13,2653,26792595,-1,0,3
4,2655,26802518,-93,-347,-8160
13,2654,26802540,-1,0,0
4,2656,26812539,-90,-353,-8143
13,2655,26812561,-1,2,0
4,2657,26822669,-86,-343,-8153
13,2656,26822691,0,1,2
4,2658,26832848,-83,-340,-8160
13,2657,26832870,0,-1,0
4,2659,26842752,-97,-345,-8146
13,2658,26842774,0,0,0
4,2660,26852860,-97,-340,-8151
13,2659,26852882,0,-1,0
4,2661,26862987,-89,-344,-8148
13,2660,26863009,-1,0,0
4,2662,26873117,-100,-347,-8150
13,2661,26873139,0,1,1
4,2663,26883106,-108,-337,-8159
13,2662,26883128,0,2,0
4,2664,26893137,-97,-338,-8170
13,2663,26893159,-1,0,-1
4,2665,26903191,-79,-350,-8159
13,2664,26903213,-1,0,0
4,2666,26913348,-94,-342,-8154
13,2665,26913370,-1,0,-1
4,2667,26923331,-89,-337,-8145
13,2666,26923353,-1,2,0
4,2668,26933341,-99,-348,-8154
13,2667,26933363,0,0,1
4,2669,26943508,-92,-344,-8164
13,2668,26943530,0,-1,0
4,2670,26953511,-97,-336,-8160
13,2669,26953533,0,0,-1
4,2671,26963574,-94,-352,-8145
13,2670,26963596,0,0,-3
4,2672,26973683,-101,-346,-8153
13,2671,26973705,0,-1,-1
4,2673,26983698,-99,-332,-8159
13,2672,26983720,0,0,0
4,2674,26993854,-92,-340,-8163
13,2673,26993876,0,0,2
4,2675,27003837,-92,-344,-8160
13,2674,27003886,0,0,0
4,2676,27013830,-94,-348,-8156
13,2675,27013879,0,2,-2
4,2677,27024002,-92,-350,-8157
13,2676,27024024,0,1,-2
4,2678,27034092,-88,-352,-8146
13,2677,27034114,0,1,0
4,2679,27044123,-94,-345,-8160
13,2678,27044145,-2,1,0
4,2680,27054138,-93,-346,-8164
13,2679,27054160,-2,0,0
4,2681,27064220,-93,-355,-8138
13,2680,27064241,1,0,-1
4,2682,27074340,-100,-353,-8150
13,2681,27074362,0,-1,0
4,2683,27084343,-108,-350,-8146
13,2682,27084365,0,-1,0
4,2684,27094423,-103,-342,-8154
13,2683,27094445,0,1,0
4,2685,27104435,-100,-346,-8157
13,2684,27104457,0,0,1
4,2686,27114639,-88,-351,-8140
13,2685,27114661,1,-1,0
4,2687,27124632,-94,-348,-8146
13,2686,27124654,1,0,-1
4,2688,27134699,-102,-353,-8148
13,2687,27134721,0,-1,0
4,2689,27144773,-103,-346,-8154
13,2688,27144795,0,0,0
4,2690,27154949,-93,-346,-8157
13,2689,27154971,0,0,-1
4,2691,27164962,-94,-343,-8152
13,2690,27164984,0,1,-1
4,2692,27174996,-90,-348,-8152
13,2691,27175018,0,2,-1
4,2693,27184990,-88,-348,-8160
13,2692,27185012,0,1,0
4,2694,27195118,-91,-342,-8158
13,2693,27195140,0,0,1
4,2695,27205162,-96,-347,-8150
13,2694,27205184,0,1,2
4,2696,27215141,-97,-352,-8155
13,2695,27215163,0,1,0
4,2697,27225272,-94,-342,-8150
13,2696,27225294,-1,1,1
4,2698,27235435,-95,-348,-8160
13,2697,27235457,1,2,0
4,2699,27245377,-102,-353,-8157
13,2698,27245399,0,2,0
4,2700,27255432,-97,-335,-8152
13,2699,27255454,-1,2,0
4,2701,27265540,-87,-344,-8148
13,2700,27265562,0,-1,0
4,2702,27275648,-90,-340,-8153
13,2701,27275670,0,0,1
4,2703,27285670,-99,-338,-8165
13,2702,27285692,0,-2,0
4,2704,27295726,-98,-349,-8153
13,2703,27295748,0,1,1
4,2705,27305793,-92,-344,-8147
13,2704,27305815,1,2,0
4,2706,27315927,-90,-348,-8165
13,2705,27315949,-3,0,0
4,2707,27325889,-83,-336,-8159
13,2706,27325911,0,0,0
4,2708,27335927,-73,-342,-8147
13,2707,27335949,2,3,0
4,2709,27346022,-91,-342,-8140
13,2708,27346044,0,0,0
4,2710,27356198,-89,-343,-8156
13,2709,27356220,0,-2,0
4,2711,27366153,-93,-354,-8149
13,2710,27366175,-1,1,-1
4,2712,27376224,-106,-351,-8156
13,2711,27376245,0,0,-1
4,2713,27386246,-103,-339,-8156
13,2712,27386295,2,0,0
4,2714,27396461,-88,-353,-8148
13,2713,27396483,0,-1,1
4,2715,27406438,-90,-355,-8143
13,2714,27406460,-1,-2,1
4,2716,27416482,-81,-354,-8157
13,2715,27416504,-1,-1,0
4,2717,27426555,-87,-347,-8159
13,2716,27426577,0,0,0
4,2718,27436566,-93,-340,-8161
13,2717,27436588,-1,0,0
4,2719,27446683,-93,-351,-8161
13,2718,27446705,-2,2,-2
4,2720,27456745,-86,-354,-8154
13,2719,27456767,1,0,-1
4,2721,27466797,-89,-347,-8155
13,2720,27466819,1,0,2
4,2722,27476992,-101,-343,-8149
13,2721,27477014,0,1,2
4,2723,27486883,-108,-332,-8155
13,2722,27486905,0,-5,0
4,2724,27497020,-100,-346,-8150
13,2723,27497042,0,-2,0
4,2725,27507159,-97,-346,-8142
13,2724,27507181,-2,2,-1
4,2726,27517198,-96,-345,-8161
13,2725,27517220,-2,2,-2
4,2727,27527217,-97,-350,-8152
13,2726,27527239,0,0,1
4,2728,27537285,-99,-336,-8148
13,2727,27537307,0,-2,2
4,2729,27547374,-92,-355,-8154
13,2728,27547396,0,1,0
4,2730,27557492,-95,-346,-8150
13,2729,27557514,0,2,0
4,2731,27567469,-96,-344,-8158
13,2730,27567491,1,-3,0
4,2732,27577517,-99,-344,-8161
13,2731,27577539,0,-2,0
4,2733,27587592,-86,-349,-8158
13,2732,27587613,0,-2,1
4,2734,27597677,-90,-349,-8149
13,2733,27597699,0,0,-1
4,2735,27607728,-102,-348,-8142
13,2734,27607750,2,0,-1
4,2736,27617836,-85,-351,-8152
13,2735,27617858,0,-1,0
4,2737,27627824,-102,-348,-8157
13,2736,27627846,-1,-1,0
4,2738,27638047,-82,-345,-8164
13,2737,27638069,0,2,1
4,2739,27647927,-87,-359,-8154
13,2738,27647949,-1,0,0
4,2740,27658058,-89,-343,-8163
13,2739,27658080,0,-1,0
4,2741,27668108,-97,-353,-8155
13,2740,27668130,1,-3,-1
4,2742,27678188,-98,-343,-8148
13,2741,27678210,-1,-3,0
4,2743,27688162,-94,-352,-8153
13,2742,27688184,0,-1,2
4,2744,27698280,-100,-353,-8148
13,2743,27698302,1,-1,0
4,2745,27708370,-96,-344,-8143
13,2744,27708392,0,-1,0
4,2746,27718519,-98,-351,-8146
13,2745,27718541,0,0,0
4,2747,27728474,-99,-349,-8154
13,2746,27728496,1,0,-1
4,2748,27738487,-91,-341,-8147
13,2747,27738509,0,2,1
4,2749,27748594,-99,-346,-8154
13,2748,27748616,1,3,0
4,2750,27758691,-93,-343,-8159
13,2749,27758740,0,4,0
4,2751,27768761,-98,-344,-8164
13,2750,27768783,0,3,1
4,2752,27778775,-108,-334,-8152
13,2751,27778797,1,0,0
4,2753,27788916,-100,-345,-8152
13,2752,27788938,0,-2,-2
4,2754,27799030,-95,-350,-8156
13,2753,27799052,0,-2,0
4,2755,27808929,-92,-344,-8166
13,2754,27808951,1,-2,0
4,2756,27819045,-87,-354,-8149
13,2755,27819067,1,-3,0
4,2757,27829102,-96,-336,-8157
13,2756,27829124,-1,0,1
4,2758,27839205,-91,-343,-8158
13,2757,27839227,0,-1,0
4,2759,27849250,-87,-342,-8156
13,2758,27849272,0,0,0
4,2760,27859293,-83,-345,-8164
13,2759,27859315,0,-3,0
4,2761,27869396,-95,-337,-8154
13,2760,27869418,0,-1,1
4,2762,27879555,-90,-332,-8155
13,2761,27879577,0,0,0
4,2763,27889446,-88,-339,-8156
13,2762,27889468,0,1,-1
4,2764,27899610,-92,-348,-8154
13,2763,27899632,-1,1,0
4,2765,27909658,-102,-335,-8148
13,2764,27909680,0,0,1
4,2766,27919730,-100,-340,-8152
13,2765,27919752,0,0,-1
4,2767,27929773,-84,-340,-8158
13,2766,27929795,-1,0,0
4,2768,27939848,-90,-354,-8154
13,2767,27939870,-1,0,3
4,2769,27949840,-103,-348,-8154
13,2768,27949862,0,0,0
4,2770,27960080,-91,-341,-8165
13,2769,27960102,0,2,0
4,2771,27970084,-88,-337,-8159
13,2770,27970106,-1,2,0
4,2772,27980054,-99,-339,-8156
13,2771,27980076,-1,1,0
4,2773,27990166,-100,-340,-8145
13,2772,27990188,0,0,0
4,2774,28000276,-94,-354,-8147
13,2773,28000298,0,0,0
4,2775,28010401,-85,-347,-8139
13,2774,28010423,0,0,0
4,2776,28020367,-100,-340,-8155
13,2775,28020389,0,0,3
4,2777,28030430,-98,-347,-8148
13,2776,28030452,0,2,2
4,2778,28040644,-97,-356,-8148
13,2777,28040666,0,0,1
4,2779,28050576,-91,-347,-8158
13,2778,28050598,1,0,-2
4,2780,28060633,-85,-333,-8156
13,2779,28060655,1,0,0
4,2781,28070687,-87,-355,-8153
13,2780,28070709,1,0,1
4,2782,28080782,-90,-340,-8142
13,2781,28080804,0,0,0
4,2783,28090864,-92,-353,-8144
13,2782,28090886,0,2,1
4,2784,28100881,-91,-340,-8159
13,2783,28100903,-1,-3,0
4,2785,28110869,-103,-343,-8159
13,2784,28110891,0,-1,0
4,2786,28121090,-93,-363,-8160
13,2785,28121112,-1,0,0
4,2787,28131120,-87,-345,-8153
13,2786,28131169,0,0,1
4,2788,28141170,-95,-344,-8152
13,2787,28141192,2,3,0
4,2789,28151292,-97,-337,-8156
13,2788,28151314,0,0,2
4,2790,28161326,-104,-342,-8138
13,2789,28161348,0,-1,1
4,2791,28171309,-100,-338,-8150
13,2790,28171331,0,2,0
4,2792,28181412,-96,-342,-8153
13,2791,28181434,1,0,-1
4,2793,28191422,-84,-352,-8156
13,2792,28191444,0,-1,-2
4,2794,28201625,-87,-340,-8150
13,2793,28201647,-1,1,1
4,2795,28211585,-91,-339,-8158
13,2794,28211607,0,-1,3
4,2796,28221735,-88,-345,-8151
13,2795,28221757,2,2,1
4,2797,28231725,-104,-345,-8151
13,2796,28231747,0,-1,0
4,2798,28241872,-92,-348,-8158
13,2797,28241894,0,1,0
4,2799,28251817,-89,-353,-8153
13,2798,28251839,0,0,1
4,2800,28262003,-93,-334,-8158
13,2799,28262025,-2,0,0
4,2801,28272034,-98,-328,-8158
13,2800,28272056,0,0,0
4,2802,28282119,-86,-339,-8148
13,2801,28282141,-1,-2,-1
4,2803,28292172,-80,-351,-8148
13,2802,28292194,-3,-3,-1
4,2804,28302215,-91,-351,-8149
13,2803,28302237,0,-2,0
4,2805,28312275,-96,-347,-8165
13,2804,28312297,0,0,1
4,2806,28322426,-93,-336,-8161
13,2805,28322448,0,2,0
4,2807,28332397,-94,-337,-8154
13,2806,28332419,0,0,0
4,2808,28342465,-94,-349,-8164
13,2807,28342487,0,0,0
4,2809,28352524,-90,-342,-8160
13,2808,28352546,1,1,1
4,2810,28362685,-94,-343,-8159
13,2809,28362707,0,0,0
4,2811,28372679,-100,-349,-8160
13,2810,28372701,-1,0,0
4,2812,28382693,-95,-346,-8156
13,2811,28382715,-3,0,0
4,2813,28392871,-87,-353,-8146
13,2812,28392893,-5,-1,0
4,2814,28402835,-89,-351,-8149
13,2813,28402857,0,0,0
4,2815,28412920,-96,-338,-8157
13,2814,28412942,0,0,0
4,2816,28422965,-97,-343,-8153
13,2815,28422987,-1,0,0
4,2817,28433042,-95,-353,-8150
13,2816,28433064,-2,-1,2
4,2818,28443183,-97,-349,-8155
13,2817,28443205,-1,0,0
4,2819,28453086,-94,-336,-8157
13,2818,28453107,0,0,0
4,2820,28463243,-89,-342,-8138
13,2819,28463265,0,-1,0
4,2821,28473224,-94,-340,-8157
13,2820,28473246,1,0,0
4,2822,28483387,-108,-337,-8171
13,2821,28483409,1,0,1
4,2823,28493343,-99,-352,-8150
13,2822,28493364,2,1,1
4,2824,28503492,-92,-341,-8144
13,2823,28503514,0,1,0
4,2825,28513559,-87,-345,-8148
13,2824,28513609,-1,2,0
4,2826,28523744,-89,-348,-8161
13,2825,28523766,-1,0,1
4,2827,28533745,-101,-350,-8152
13,2826,28533767,0,0,0
4,2828,28543737,-110,-347,-8155
13,2827,28543759,-1,0,-1
4,2829,28553817,-88,-348,-8151
13,2828,28553839,0,2,1
4,2830,28563892,-99,-354,-8151
13,2829,28563914,0,1,0
4,2831,28573939,-89,-350,-8161
13,2830,28573961,0,0,0
4,2832,28583988,-86,-345,-8158
13,2831,28584010,-1,0,0
4,2833,28594055,-99,-350,-8149
13,2832,28594077,-1,-1,1
4,2834,28604208,-88,-343,-8154
13,2833,28604230,-1,-1,0
4,2835,28614173,-81,-339,-8160
13,2834,28614195,0,0,0
4,2836,28624257,-88,-348,-8158
13,2835,28624279,0,2,1
4,2837,28634293,-103,-354,-8164
13,2836,28634314,0,1,-1
4,2838,28644489,-96,-336,-8159
13,2837,28644511,0,-1,0
4,2839,28654438,-97,-345,-8168
13,2838,28654460,1,-2,1
4,2840,28664457,-102,-342,-8159
13,2839,28664479,0,0,0
4,2841,28674604,-94,-343,-8156
13,2840,28674626,0,0,0
4,2842,28684692,-95,-343,-8146
13,2841,28684714,0,0,0
4,2843,28694737,-87,-344,-8151
13,2842,28694759,1,0,0
4,2844,28704723,-89,-348,-8168
13,2843,28704745,1,-1,0
4,2845,28714800,-95,-334,-8151
13,2844,28714822,0,0,0
4,2846,28724886,-89,-338,-8162
13,2845,28724908,-1,-1,0
4,2847,28734965,-92,-341,-8149
13,2846,28734987,-1,3,-2
4,2848,28744978,-92,-346,-8154
13,2847,28745000,0,2,0
4,2849,28755020,-95,-357,-8151
13,2848,28755042,0,-1,1
4,2850,28765250,-103,-349,-8149
13,2849,28765272,0,-2,0
4,2851,28775239,-99,-349,-8150
13,2850,28775261,0,0,0
4,2852,28785273,-90,-344,-8157
13,2851,28785295,0,0,2
4,2853,28795277,-99,-345,-8156
13,2852,28795299,0,-1,0
4,2854,28805417,-87,-339,-8158
13,2853,28805439,0,-1,0
4,2855,28815436,-89,-346,-8160
13,2854,28815458,0,0,-1
4,2856,28825491,-85,-355,-8152
13,2855,28825513,-1,0,0
4,2857,28835607,-93,-351,-8151
13,2856,28835629,0,0,0
4,2858,28845728,-90,-350,-8154
13,2857,28845750,0,2,2
4,2859,28855702,-100,-342,-8154
13,2858,28855724,0,1,0
4,2860,28865759,-103,-352,-8147
13,2859,28865781,-1,0,0
4,2861,28875815,-99,-358,-8143
13,2860,28875837,0,1,-1
4,2862,28885949,-90,-354,-8146
13,2861,28885971,1,2,0
4,2863,28895960,-86,-338,-8152
13,2862,28896009,0,-1,0
4,2864,28906053,-88,-342,-8150
13,2863,28906075,-1,0,1
4,2865,28916047,-97,-354,-8151
13,2864,28916069,-1,-1,0
4,2866,28926252,-86,-351,-8146
13,2865,28926274,1,-2,0
4,2867,28936221,-88,-346,-8154
13,2866,28936243,0,2,0
4,2868,28946330,-97,-354,-8157
13,2867,28946352,0,2,3
4,2869,28956334,-98,-338,-8148
13,2868,28956356,1,0,1
4,2870,28966424,-95,-343,-8150
13,2869,28966446,0,0,0
4,2871,28976495,-100,-341,-8159
13,2870,28976517,0,0,0
4,2872,28986477,-103,-344,-8150
13,2871,28986499,-1,-1,-1
4,2873,28996552,-99,-347,-8156
13,2872,28996574,1,0,0
4,2874,29006703,-84,-356,-8161
13,2873,29006725,1,2,2
4,2875,29016734,-95,-344,-8147
13,2874,29016756,0,0,0
4,2876,29026764,-95,-346,-8139
13,2875,29026786,-3,0,0
4,2877,29036810,-94,-353,-8152
13,2876,29036832,0,2,0
4,2878,29046981,-97,-340,-8156
13,2877,29047003,0,-2,1
4,2879,29056863,-99,-348,-8162
13,2878,29056885,0,-1,0
4,2880,29066970,-99,-345,-8158
13,2879,29066992,1,-1,0
4,2881,29077070,-92,-342,-8145
13,2880,29077092,0,1,-1
4,2882,29087162,-97,-348,-8153
13,2881,29087184,1,0,0
4,2883,29097146,-94,-351,-8160
13,2882,29097168,0,0,-1
4,2884,29107183,-90,-343,-8156
13,2883,29107205,0,0,0
4,2885,29117264,-94,-350,-8160
13,2884,29117286,2,1,1
4,2886,29127353,-92,-345,-8160
13,2885,29127375,0,0,1
4,2887,29137385,-103,-351,-8149
13,2886,29137407,0,2,2
4,2888,29147554,-100,-350,-8149
13,2887,29147576,1,0,0
4,2889,29157560,-105,-349,-8157
13,2888,29157582,0,-1,-1
4,2890,29167767,-99,-341,-8156
13,2889,29167789,-2,-3,-1
4,2891,29177658,-92,-354,-8153
13,2890,29177680,-2,1,0
4,2892,29187743,-97,-342,-8154
13,2891,29187764,-1,2,0
4,2893,29197768,-102,-346,-8157
13,2892,29197790,-1,1,1
4,2894,29207788,-90,-336,-8151
13,2893,29207810,0,0,0
4,2895,29217950,-94,-341,-8160
13,2894,29217972,2,0,1
4,2896,29227921,-97,-356,-8151
13,2895,29227943,1,-1,1
4,2897,29238013,-99,-352,-8157
13,2896,29238035,0,0,-1
4,2898,29248072,-94,-357,-8159
13,2897,29248094,0,2,0
4,2899,29258099,-103,-347,-8155
13,2898,29258120,0,2,1
4,2900,29268261,-98,-345,-8149
13,2899,29268283,0,1,0
4,2901,29278145,-95,-343,-8156
13,2900,29278167,0,0,0
4,2902,29288353,-92,-331,-8153
13,2901,29288375,-1,0,0
4,2903,29298349,-95,-338,-8151
13,2902,29298371,-2,-2,1
4,2904,29308425,-106,-337,-8155
13,2903,29308447,0,0,0
4,2905,29318479,-96,-345,-8152
13,2904,29318501,0,0,1
4,2906,29328606,-88,-363,-8155
13,2905,29328628,0,-1,-1
4,2907,29338558,-95,-343,-8154
13,2906,29338580,-1,1,-1
4,2908,29348657,-99,-344,-8153
13,2907,29348679,0,0,-1
4,2909,29358761,-97,-336,-8157
13,2908,29358783,0,0,0
4,2910,29368784,-97,-337,-8149
13,2909,29368806,0,0,2
4,2911,29378767,-96,-341,-8150
13,2910,29378789,0,0,0
4,2912,29388864,-101,-337,-8156
13,2911,29388886,0,2,0
4,2913,29398924,-93,-343,-8150
13,2912,29398946,1,0,0
4,2914,29409052,-86,-350,-8162
13,2913,29409074,1,0,-1
4,2915,29419077,-97,-348,-8151
13,2914,29419099,0,-1,0
4,2916,29429183,-90,-355,-8142
13,2915,29429205,0,-1,-1
4,2917,29439225,-92,-337,-8164
13,2916,29439247,-4,0,2
4,2918,29449305,-87,-347,-8160
13,2917,29449327,-1,0,1
4,2919,29459283,-83,-349,-8157
13,2918,29459305,0,1,0
4,2920,29469275,-90,-341,-8158
13,2919,29469297,-1,0,-1
4,2921,29479416,-93,-344,-8155
13,2920,29479438,-2,0,0
4,2922,29489537,-93,-334,-8150
13,2921,29489559,0,3,2
4,2923,29499453,-97,-337,-8158
13,2922,29499475,0,1,0
4,2924,29509612,-101,-341,-8155
13,2923,29509634,-1,-3,0
4,2925,29519585,-99,-348,-8155
13,2924,29519607,-1,1,-1
4,2926,29529721,-90,-340,-8163
13,2925,29529743,0,2,2
4,2927,29539817,-98,-332,-8149
13,2926,29539839,-1,-1,1
4,2928,29549838,-95,-341,-8145
13,2927,29549860,-2,-1,0
4,2929,29559882,-107,-343,-8154
13,2928,29559904,-1,0,0
4,2930,29570033,-100,-352,-8161
13,2929,29570055,0,0,2
4,2931,29579921,-89,-339,-8159
13,2930,29579943,0,0,0
4,2932,29590030,-103,-332,-8150
13,2931,29590052,0,0,0
4,2933,29600108,-92,-334,-8148
13,2932,29600130,-1,0,2
4,2934,29610218,-93,-343,-8154
13,2933,29610240,-1,0,0
4,2935,29620257,-100,-343,-8143
13,2934,29620279,0,2,1
4,2936,29630308,-94,-345,-8144
13,2935,29630330,0,0,0
4,2937,29640352,-93,-347,-8166
13,2936,29640374,0,0,-1
4,2938,29650547,-92,-345,-8149
13,2937,29650569,0,1,0
4,2939,29660526,-93,-339,-8156
13,2938,29660548,-1,1,0
4,2940,29670538,-92,-350,-8163
13,2939,29670560,-2,0,0
4,2941,29680704,-98,-349,-8144
13,2940,29680726,1,0,1
4,2942,29690741,-91,-350,-8147
13,2941,29690763,1,2,0
4,2943,29700742,-88,-344,-8152
13,2942,29700764,0,0,3
4,2944,29710816,-90,-343,-8165
13,2943,29710837,0,0,3
4,2945,29720915,-103,-342,-8153
13,2944,29720937,-1,-1,1
4,2946,29731102,-88,-343,-8148
13,2945,29731124,0,0,0
4,2947,29741065,-90,-345,-8156
13,2946,29741087,-1,0,0
4,2948,29751058,-103,-347,-8154
13,2947,29751080,0,1,-2
4,2949,29761144,-102,-351,-8158
13,2948,29761166,-1,1,-1
4,2950,29771215,-91,-345,-8166
13,2949,29771264,0,0,0
4,2951,29781207,-96,-341,-8150
13,2950,29781257,0,-1,2
4,2952,29791347,-89,-338,-8142
13,2951,29791369,-1,0,2
4,2953,29801425,-86,-343,-8161
13,2952,29801447,0,0,-1
4,2954,29811541,-96,-354,-8165
13,2953,29811563,0,0,-2
4,2955,29821501,-99,-346,-8148
13,2954,29821523,0,0,0
4,2956,29831592,-86,-335,-8148
13,2955,29831614,0,-4,2
4,2957,29841627,-98,-344,-8154
13,2956,29841649,2,0,2
4,2958,29851767,-94,-339,-8155
13,2957,29851789,0,1,1
4,2959,29861782,-101,-343,-8153
13,2958,29861804,-1,2,1
4,2960,29871820,-95,-346,-8144
13,2959,29871842,-1,3,0
4,2961,29881907,-94,-347,-8149
13,2960,29881929,0,0,0
4,2962,29892043,-100,-347,-8150
13,2961,29892092,0,1,0
4,2963,29901981,-102,-352,-8145
13,2962,29902003,-1,0,2
4,2964,29912113,-107,-340,-8162
13,2963,29912135,0,-3,1
4,2965,29922238,-88,-340,-8159
13,2964,29922260,1,0,0
4,2966,29932271,-80,-343,-8160
13,2965,29932293,-1,0,0
4,2967,29942313,-92,-338,-8157
13,2966,29942335,-1,0,2
4,2968,29952291,-88,-344,-8153
13,2967,29952313,1,0,1
4,2969,29962418,-101,-334,-8155
13,2968,29962439,0,-1,0
4,2970,29972596,-88,-337,-8142
13,2969,29972618,0,0,0
4,2971,29982526,-84,-339,-8154
13,2970,29982548,-1,0,1
4,2972,29992613,-97,-348,-8155
13,2971,29992635,0,0,0
4,2973,30002615,-92,-348,-8159
13,2972,30002637,-2,1,0
4,2974,30012782,-95,-347,-8143
13,2973,30012804,0,0,2
4,2975,30022810,-94,-351,-8152
13,2974,30022831,-4,-2,0
4,2976,30032864,-85,-345,-8142
13,2975,30032886,-1,0,0
4,2977,30042942,-99,-347,-8148
13,2976,30042964,0,0,0
4,2978,30053018,-102,-348,-8147
13,2977,30053040,-1,2,0
4,2979,30063061,-91,-345,-8151
13,2978,30063083,-2,0,0
4,2980,30073127,-103,-349,-8149
13,2979,30073148,-1,-3,0
4,2981,30083152,-97,-340,-8153
13,2980,30083174,-2,2,0
4,2982,30093229,-80,-345,-8159
13,2981,30093251,-1,0,-1
4,2983,30103278,-91,-350,-8146
13,2982,30103300,0,0,0
4,2984,30113332,-96,-338,-8151
13,2983,30113354,0,1,3
4,2985,30123412,-85,-343,-8143
13,2984,30123434,0,0,0
4,2986,30133551,-98,-347,-8155
13,2985,30133573,0,0,0
4,2987,30143507,-97,-344,-8150
13,2986,30143529,0,0,1
4,2988,30153577,-99,-342,-8159
13,2987,30153627,0,1,3
4,2989,30163661,-97,-344,-8155
13,2988,30163683,0,1,0
4,2990,30173765,-98,-351,-8155
13,2989,30173787,0,1,-1
4,2991,30183863,-94,-340,-8156
13,2990,30183885,0,0,0
4,2992,30193854,-96,-340,-8152
13,2991,30193876,0,0,0
4,2993,30203880,-86,-348,-8155
13,2992,30203902,0,-2,0
4,2994,30213983,-93,-336,-8149
13,2993,30214005,0,0,0
4,2995,30224005,-104,-348,-8162
13,2994,30224027,0,-1,-2
4,2996,30234086,-98,-358,-8153
13,2995,30234107,1,-1,0
4,2997,30244118,-96,-346,-8152
13,2996,30244140,0,0,0
4,2998,30254191,-91,-351,-8149
13,2997,30254213,0,0,-1
4,2999,30264264,-99,-342,-8156
13,2998,30264286,0,0,1
4,3000,30274339,-92,-341,-8154
13,2999,30274361,1,1,3
4,3001,30284418,-90,-338,-8156
13,3000,30284440,0,0,1
4,3002,30294595,-86,-346,-8146
13,3001,30294617,-1,1,0
4,3003,30304493,-89,-340,-8154
13,3002,30304515,0,0,0
4,3004,30314611,-88,-349,-8152
13,3003,30314633,-1,-1,0
4,3005,30324656,-98,-347,-8154
13,3004,30324678,0,0,0
4,3006,30334740,-104,-345,-8145
13,3005,30334762,0,1,0
4,3007,30344720,-91,-350,-8151
13,3006,30344742,0,0,0
4,3008,30354898,-80,-342,-8152
13,3007,30354919,0,1,1
4,3009,30364918,-109,-342,-8149
13,3008,30364940,-1,0,0
4,3010,30375012,-96,-337,-8146
13,3009,30375033,0,1,1
4,3011,30385013,-95,-347,-8146
13,3010,30385035,-1,1,0
4,3012,30395092,-85,-345,-8148
13,3011,30395114,-2,0,-1
4,3013,30405153,-83,-352,-8144
13,3012,30405175,0,2,1
4,3014,30415293,-92,-347,-8156
13,3013,30415315,0,0,2
4,3015,30425326,-81,-340,-8153
13,3014,30425348,0,-2,2
4,3016,30435415,-93,-339,-8149
13,3015,30435437,0,0,0
4,3017,30445459,-94,-333,-8148
13,3016,30445481,0,-1,-1
4,3018,30455529,-95,-334,-8144
13,3017,30455551,0,0,0
4,3019,30465553,-92,-344,-8156
13,3018,30465575,-1,-1,1
4,3020,30475611,-110,-333,-8158
13,3019,30475633,-1,0,0
4,3021,30485621,-93,-341,-8139
13,3020,30485643,0,1,1
4,3022,30495762,-85,-343,-8158
13,3021,30495784,0,2,0
4,3023,30505795,-84,-339,-8155
13,3022,30505817,0,1,0
4,3024,30515794,-84,-343,-8138
13,3023,30515816,0,0,0
4,3025,30525913,-93,-345,-8160
13,3024,30525935,0,0,1
4,3026,30536167,-94,-339,-8160
13,3025,30536189,1,-2,0
4,3027,30546024,-103,-341,-8149
13,3026,30546046,0,0,1
4,3028,30556152,-93,-345,-8147
13,3027,30556174,0,1,1
4,3029,30566215,-93,-344,-8162
13,3028,30566237,0,0,1
4,3030,30576322,-98,-346,-8154
13,3029,30576344,1,0,0
4,3031,30586293,-99,-337,-8151
13,3030,30586315,0,-3,0
4,3032,30596293,-87,-344,-8156
13,3031,30596315,0,-3,0
4,3033,30606496,-93,-349,-8152
13,3032,30606518,0,-2,0
4,3034,30616563,-97,-347,-8145
13,3033,30616585,0,0,1
4,3035,30626556,-99,-351,-8151
13,3034,30626578,0,-1,0
4,3036,30636595,-94,-339,-8150
13,3035,30636617,-2,0,1
4,3037,30646668,-91,-346,-8142
13,3036,30646689,0,0,-1
4,3038,30656808,-92,-342,-8136
13,3037,30656830,0,-1,-2
4,3039,30666789,-93,-343,-8158
13,3038,30666811,0,0,0
4,3040,30676790,-88,-344,-8158
13,3039,30676812,0,0,2
4,3041,30686891,-98,-342,-8165
13,3040,30686913,0,2,0
4,3042,30697111,-91,-346,-8159
13,3041,30697133,-1,2,-2
4,3043,30706990,-96,-344,-8155
13,3042,30707012,0,1,0
4,3044,30717103,-89,-340,-8153
13,3043,30717125,-2,0,1
4,3045,30727149,-101,-346,-8149
13,3044,30727171,1,0,1
4,3046,30737161,-100,-347,-8146
13,3045,30737182,0,0,1
4,3047,30747249,-89,-342,-8157
13,3046,30747271,0,-1,0
4,3048,30757236,-89,-341,-8157
13,3047,30757258,1,-1,0
4,3049,30767398,-97,-344,-8155
13,3048,30767420,0,2,1
4,3050,30777535,-101,-346,-8146
13,3049,30777557,1,0,0
4,3051,30787567,-89,-354,-8164
13,3050,30787589,2,0,1
4,3052,30797579,-93,-344,-8149
13,3051,30797601,2,0,-2
4,3053,30807686,-101,-357,-8158
13,3052,30807708,1,1,0
4,3054,30817685,-91,-354,-8153
13,3053,30817707,0,-3,-1
4,3055,30827766,-92,-352,-8156
13,3054,30827788,-1,1,0
4,3056,30837771,-82,-343,-8149
13,3055,30837793,0,0,0
4,3057,30847788,-93,-342,-8156
13,3056,30847810,0,-1,0
4,3058,30857982,-97,-349,-8149
13,3057,30858004,-1,-1,0
4,3059,30867942,-91,-345,-8149
13,3058,30867964,0,0,-2
4,3060,30878005,-95,-346,-8151
13,3059,30878027,0,1,1
4,3061,30888116,-93,-357,-8139
13,3060,30888137,0,0,3
4,3062,30898151,-87,-349,-8145
13,3061,30898173,-1,0,0
4,3063,30908176,-97,-345,-8151
13,3062,30908198,-1,2,-1
4,3064,30918265,-109,-355,-8143
13,3063,30918287,-2,0,1
4,3065,30928350,-99,-353,-8157
13,3064,30928372,-1,0,0
4,3066,30938501,-95,-341,-8151
13,3065,30938523,0,0,-2
4,3067,30948430,-94,-327,-8149
13,3066,30948452,0,0,-1
4,3068,30958516,-92,-342,-8161
13,3067,30958538,-1,1,0
4,3069,30968453,-96,-355,-8163
13,3068,30968475,0,0,1
4,3070,30978596,-83,-348,-8144
13,3069,30978618,1,0,0
4,3071,30988595,-100,-347,-8150
13,3070,30988617,0,1,-1
4,3072,30998665,-99,-342,-8143
13,3071,30998687,-2,-1,0
4,3073,31008716,-96,-348,-8142
13,3072,31008738,0,0,0
4,3074,31018798,-89,-347,-8153
13,3073,31018820,0,1,1
4,3075,31028837,-87,-344,-8155
13,3074,31028859,0,0,1
4,3076,31038807,-101,-344,-8164
13,3075,31038828,-1,1,0
4,3077,31048950,-91,-342,-8146
13,3076,31048972,-2,0,0
4,3078,31058976,-98,-345,-8131
13,3077,31058998,-1,0,1
4,3079,31069061,-87,-342,-8158
13,3078,31069083,0,0,0
4,3080,31079091,-95,-347,-8167
13,3079,31079113,0,1,0
4,3081,31089162,-92,-344,-8152
13,3080,31089184,0,0,0
4,3082,31099370,-98,-342,-8146
13,3081,31099392,1,0,1
4,3083,31109272,-94,-343,-8154
13,3082,31109294,0,0,0
4,3084,31119328,-101,-345,-8150
13,3083,31119350,0,0,0
4,3085,31129357,-94,-340,-8160
13,3084,31129379,-1,-2,3
4,3086,31139469,-94,-346,-8151
13,3085,31139491,0,-3,0
4,3087,31149484,-95,-334,-8153
13,3086,31149506,0,0,-1
4,3088,31159551,-96,-341,-8147
13,3087,31159601,-1,0,0
4,3089,31169656,-91,-344,-8155
13,3088,31169678,-2,0,0
4,3090,31179790,-88,-356,-8166
13,3089,31179812,0,0,-1
4,3091,31189764,-89,-346,-8147
13,3090,31189786,0,-1,0
4,3092,31199794,-90,-345,-8151
13,3091,31199816,-1,0,0
4,3093,31209901,-86,-347,-8147
13,3092,31209923,1,0,0
4,3094,31219958,-99,-356,-8149
13,3093,31219980,1,0,2
4,3095,31229919,-91,-345,-8146
13,3094,31229941,0,0,0
4,3096,31240029,-93,-345,-8157
13,3095,31240051,-1,0,0
4,3097,31250099,-103,-339,-8158
13,3096,31250121,1,1,1
4,3098,31260313,-103,-336,-8157
13,3097,31260335,0,0,0
4,3099,31270182,-86,-339,-8160
13,3098,31270204,0,0,0
4,3100,31280255,-92,-346,-8149
13,3099,31280277,0,1,0
4,3101,31290354,-107,-348,-8145
13,3100,31290376,0,2,-1
4,3102,31300477,-98,-344,-8158
13,3101,31300499,0,0,2
4,3103,31310470,-91,-347,-8159
13,3102,31310492,1,0,2
4,3104,31320519,-85,-343,-8150
13,3103,31320541,0,-1,0
4,3105,31330575,-78,-338,-8145
13,3104,31330597,-1,-2,-1
4,3106,31340761,-84,-348,-8157
13,3105,31340783,-1,-5,0
4,3107,31350647,-92,-350,-8158
13,3106,31350669,0,0,-1
4,3108,31360677,-99,-344,-8150
13,3107,31360699,0,1,0
4,3109,31370752,-91,-339,-8157
13,3108,31370774,0,1,0
4,3110,31380870,-89,-340,-8155
13,3109,31380892,-1,0,1
4,3111,31390896,-94,-356,-8151
13,3110,31390918,1,0,0
4,3112,31400961,-94,-356,-8161
13,3111,31400983,0,0,-1
4,3113,31411034,-98,-346,-8156
13,3112,31411084,-1,0,0
4,3114,31421197,-96,-338,-8143
13,3113,31421219,0,0,0
4,3115,31431169,-104,-337,-8145
13,3114,31431191,-1,0,2
4,3116,31441192,-96,-348,-8141
13,3115,31441214,0,0,0
4,3117,31451271,-105,-347,-8152
13,3116,31451293,0,1,-1
4,3118,31461315,-100,-345,-8165
13,3117,31461337,0,2,-1
4,3119,31471339,-97,-352,-8154
13,3118,31471361,-1,0,0
4,3120,31481352,-94,-343,-8144
13,3119,31481374,-1,0,1
4,3121,31491462,-93,-353,-8153
13,3120,31491484,0,0,0
4,3122,31501621,-90,-343,-8149
13,3121,31501643,0,2,1
4,3123,31511604,-97,-346,-8147
13,3122,31511626,0,2,1
4,3124,31521650,-90,-349,-8150
13,3123,31521672,0,0,0
4,3125,31531660,-95,-355,-8153
13,3124,31531682,0,-4,0
4,3126,31541861,-89,-347,-8150
13,3125,31541883,0,0,0
4,3127,31551845,-98,-338,-8156
13,3126,31551867,0,0,2
4,3128,31561893,-90,-341,-8148
13,3127,31561915,0,0,3
4,3129,31571991,-100,-351,-8146
13,3128,31572013,0,0,0
4,3130,31582137,-94,-340,-8151
13,3129,31582159,0,1,1
4,3131,31592025,-99,-345,-8153
13,3130,31592047,0,-2,1
4,3132,31602111,-106,-351,-8143
13,3131,31602133,0,-1,1
4,3133,31612220,-88,-346,-8148
13,3132,31612242,1,0,0
4,3134,31622209,-90,-348,-8146
13,3133,31622231,0,0,0
4,3135,31632274,-99,-348,-8163
13,3134,31632296,0,0,1
4,3136,31642390,-100,-343,-8142
13,3135,31642412,-2,0,0
4,3137,31652390,-96,-341,-8153
13,3136,31652412,-1,0,0
4,3138,31662586,-86,-349,-8155
13,3137,31662608,0,0,0
4,3139,31672561,-87,-334,-8148
13,3138,31672583,0,0,0
4,3140,31682578,-92,-340,-8141
13,3139,31682600,0,0,0
4,3141,31692662,-96,-350,-8143
13,3140,31692684,0,0,0
4,3142,31702725,-101,-344,-8145
13,3141,31702747,0,-1,0
4,3143,31712807,-96,-346,-8157
13,3142,31712829,-1,0,0
4,3144,31722777,-98,-351,-8146
13,3143,31722799,1,-1,0
4,3145,31732937,-93,-348,-8150
13,3144,31732959,0,2,0
4,3146,31743003,-96,-350,-8151
13,3145,31743025,0,2,-2
4,3147,31753038,-96,-341,-8158
13,3146,31753060,0,0,0
4,3148,31763056,-96,-345,-8158
13,3147,31763078,0,1,0
4,3149,31773025,-98,-338,-8147
13,3148,31773047,0,0,-2
4,3150,31783288,-91,-340,-8158
13,3149,31783310,0,2,-1
4,3151,31793245,-102,-353,-8148
13,3150,31793267,0,0,0
4,3152,31803301,-96,-343,-8141
13,3151,31803323,0,0,-1
4,3153,31813303,-86,-343,-8150
13,3152,31813325,0,-1,1
4,3154,31823494,-92,-351,-8157
13,3153,31823516,-1,0,1
4,3155,31833518,-95,-351,-8151
13,3154,31833540,0,1,0
4,3156,31843453,-104,-346,-8149
13,3155,31843475,1,1,-1
4,3157,31853592,-87,-354,-8145
13,3156,31853613,1,0,-1
4,3158,31863678,-101,-346,-8156
13,3157,31863700,0,0,1
4,3159,31873693,-92,-348,-8150
13,3158,31873715,0,-1,0
4,3160,31883774,-85,-342,-8152
13,3159,31883796,0,0,0
4,3161,31893820,-99,-347,-8153
13,3160,31893842,-1,2,0
4,3162,31903920,-101,-351,-8153
13,3161,31903942,0,0,0
4,3163,31913945,-95,-344,-8151
13,3162,31913967,1,-1,0
4,3164,31924111,-92,-343,-8155
13,3163,31924133,0,0,0
4,3165,31934083,-87,-340,-8148
13,3164,31934105,-1,-1,0
4,3166,31944129,-104,-352,-8153
13,3165,31944151,2,-3,1
4,3167,31954203,-102,-346,-8157
13,3166,31954225,1,0,1
4,3168,31964226,-92,-340,-8153
13,3167,31964248,0,2,0
4,3169,31974268,-89,-341,-8146
13,3168,31974290,1,0,0
4,3170,31984462,-99,-340,-8152
13,3169,31984484,0,0,0
4,3171,31994500,-96,-353,-8157
13,3170,31994522,0,0,0
4,3172,32004549,-89,-349,-8148
13,3171,32004571,0,0,0
4,3173,32014562,-101,-343,-8151
13,3172,32014584,0,1,0
4,3174,32024673,-87,-350,-8146
13,3173,32024695,0,0,-1
4,3175,32034616,-87,-347,-8149
13,3174,32034638,-2,-2,-1
4,3176,32044784,-101,-347,-8152
13,3175,32044806,0,-3,0
4,3177,32054851,-99,-347,-8149
13,3176,32054873,1,0,0
4,3178,32064931,-95,-350,-8155
13,3177,32064953,-1,2,0
4,3179,32075030,-96,-348,-8160
13,3178,32075052,0,1,-1
4,3180,32084941,-90,-346,-8149
13,3179,32084963,0,-1,0
4,3181,32095050,-86,-347,-8150
13,3180,32095072,0,0,3
4,3182,32105189,-105,-347,-8161
13,3181,32105211,2,0,1
4,3183,32115191,-91,-355,-8153
13,3182,32115213,0,-1,0
4,3184,32125252,-97,-340,-8148
13,3183,32125274,0,0,0
4,3185,32135298,-96,-352,-8161
13,3184,32135320,-1,1,0
4,3186,32145398,-97,-342,-8156
13,3185,32145420,0,0,0
4,3187,32155429,-93,-332,-8150
13,3186,32155451,1,0,0
4,3188,32165504,-90,-349,-8159
13,3187,32165526,0,-1,0
4,3189,32175564,-98,-355,-8160
13,3188,32175586,0,-1,1
4,3190,32185691,-89,-349,-8148
13,3189,32185713,-1,1,-2
4,3191,32195712,-90,-346,-8149
13,3190,32195734,-1,1,0
4,3192,32205710,-90,-346,-8152
13,3191,32205732,0,1,1
4,3193,32215828,-90,-351,-8143
13,3192,32215849,0,0,0
4,3194,32225989,-83,-350,-8156
13,3193,32226011,0,-1,0
4,3195,32235892,-92,-344,-8149
13,3194,32235914,0,-1,-3
4,3196,32246054,-93,-342,-8139
13,3195,32246076,0,-1,0
4,3197,32256068,-92,-342,-8150
13,3196,32256090,0,0,1
4,3198,32266162,-96,-345,-8160
13,3197,32266184,-2,0,0
4,3199,32276205,-100,-340,-8157
13,3198,32276227,0,0,-1
4,3200,32286293,-97,-346,-8152
13,3199,32286315,2,0,0
4,3201,32296389,-85,-352,-8149
13,3200,32296411,0,0,2
4,3202,32306566,-87,-343,-8156
13,3201,32306588,-1,0,3
4,3203,32316469,-88,-341,-8157
13,3202,32316491,1,0,2
4,3204,32326537,-94,-339,-8150
13,3203,32326559,0,0,2
4,3205,32336573,-90,-342,-8148
13,3204,32336595,-1,1,1
4,3206,32346599,-83,-354,-8143
13,3205,32346621,0,-2,1
4,3207,32356687,-92,-352,-8163
13,3206,32356709,0,-3,0
4,3208,32366757,-101,-348,-8153
13,3207,32366778,-1,1,0
4,3209,32376834,-101,-350,-8152
13,3208,32376856,1,0,-1
4,3210,32386980,-91,-353,-8152
13,3209,32387002,1,0,0
4,3211,32396965,-93,-353,-8152
13,3210,32396987,-1,0,1
4,3212,32406986,-84,-353,-8144
13,3211,32407008,0,-1,0
4,3213,32417067,-88,-351,-8154
13,3212,32417089,-2,-2,0
4,3214,32427202,-96,-353,-8152
13,3213,32427224,-2,-1,0
4,3215,32437235,-92,-350,-8151
13,3214,32437257,0,0,1
4,3216,32447305,-95,-344,-8164
13,3215,32447327,-1,1,0
4,3217,32457353,-92,-341,-8149
13,3216,32457375,-1,2,2
4,3218,32467430,-86,-343,-8151
13,3217,32467452,-1,1,2
4,3219,32477456,-89,-355,-8152
13,3218,32477477,0,0,0
4,3220,32487566,-92,-354,-8157
13,3219,32487588,0,1,0
4,3221,32497590,-96,-342,-8162
13,3220,32497612,1,1,0
4,3222,32507670,-84,-337,-8155
13,3221,32507692,0,1,-1
4,3223,32517650,-90,-339,-8158
13,3222,32517672,0,1,0
4,3224,32527759,-96,-335,-8164
13,3223,32527781,0,2,0
4,3225,32537844,-102,-334,-8152
13,3224,32537866,-1,0,0
4,3226,32548003,-84,-341,-8157
13,3225,32548025,-1,0,1
4,3227,32557972,-88,-342,-8151
13,3226,32557994,-1,-2,0
4,3228,32567959,-99,-354,-8147
13,3227,32567981,1,2,0
4,3229,32578093,-89,-349,-8157
13,3228,32578115,1,3,0
4,3230,32588176,-93,-342,-8145
13,3229,32588198,0,0,1
4,3231,32598164,-88,-353,-8154
13,3230,32598186,-2,-1,3
4,3232,32608243,-106,-337,-8156
13,3231,32608265,1,-1,0
4,3233,32618258,-96,-348,-8152
13,3232,32618280,0,0,0
4,3234,32628466,-88,-352,-8153
13,3233,32628488,-1,0,2
4,3235,32638480,-102,-341,-8155
13,3234,32638501,0,-1,0
4,3236,32648496,-103,-339,-8145
13,3235,32648518,0,0,-1
4,3237,32658576,-92,-346,-8144
13,3236,32658598,-1,0,-1
4,3238,32668657,-95,-353,-8156
13,3237,32668679,-1,0,0
4,3239,32678715,-95,-338,-8149
13,3238,32678737,0,0,0
4,3240,32688767,-95,-343,-8156
13,3239,32688789,0,-1,0
4,3241,32698871,-99,-351,-8158
13,3240,32698893,0,0,0
4,3242,32708952,-84,-333,-8157
13,3241,32708974,2,2,2
4,3243,32718931,-94,-345,-8165
13,3242,32718953,-1,2,0
4,3244,32729010,-98,-341,-8156
13,3243,32729032,-1,0,1
4,3245,32739056,-93,-345,-8151
13,3244,32739078,-1,-1,0
4,3246,32749213,-96,-353,-8152
13,3245,32749235,-1,-1,0
4,3247,32759165,-90,-349,-8157
13,3246,32759187,-1,-1,-1
4,3248,32769252,-92,-344,-8154
13,3247,32769274,-1,-1,1
4,3249,32779251,-91,-346,-8159
13,3248,32779273,2,0,0
4,3250,32789440,-105,-351,-8162
13,3249,32789462,0,0,2
4,3251,32799473,-96,-350,-8160
13,3250,32799495,-2,0,0
4,3252,32809513,-97,-344,-8149
13,3251,32809535,-2,-2,-1
4,3253,32819536,-85,-344,-8152
13,3252,32819558,0,-1,0
4,3254,32829661,-90,-353,-8155
13,3253,32829683,0,1,0
4,3255,32839693,-98,-341,-8148
13,3254,32839715,-1,-1,0
4,3256,32849732,-98,-337,-8150
13,3255,32849754,0,0,0
4,3257,32859790,-91,-342,-8140
13,3256,32859812,-1,0,3
4,3258,32869893,-94,-344,-8153
13,3257,32869915,0,-3,0
4,3259,32879906,-98,-350,-8154
13,3258,32879928,0,-1,0
4,3260,32889978,-90,-344,-8159
13,3259,32890000,0,0,2
4,3261,32900032,-85,-338,-8151
13,3260,32900054,2,0,1
4,3262,32910078,-92,-338,-8159
13,3261,32910100,1,0,1
4,3263,32920234,-88,-340,-8151
13,3262,32920256,0,0,2
4,3264,32930227,-97,-342,-8145
13,3263,32930249,0,0,-1
4,3265,32940245,-98,-356,-8151
13,3264,32940267,0,0,0
4,3266,32950460,-86,-341,-8148
13,3265,32950482,-1,-1,0
4,3267,32960447,-103,-347,-8149
13,3266,32960469,0,0,0
4,3268,32970482,-102,-345,-8157
13,3267,32970504,0,1,2
4,3269,32980540,-96,-338,-8156
13,3268,32980562,-1,0,0
4,3270,32990629,-87,-334,-8159
13,3269,32990651,0,0,0
4,3271,33000672,-99,-356,-8145
13,3270,33000694,0,2,1
4,3272,33010732,-99,-358,-8148
13,3271,33010754,0,1,0
4,3273,33020754,-76,-350,-8151
13,3272,33020776,0,-1,-1
4,3274,33030961,-92,-343,-8145
13,3273,33030983,1,0,0
4,3275,33040913,-102,-354,-8147
13,3274,33040935,0,0,0
4,3276,33050944,-94,-354,-8149
13,3275,33050966,-1,1,0
4,3277,33061106,-87,-341,-8142
13,3276,33061128,0,2,0
4,3278,33071203,-98,-347,-8155
13,3277,33071225,0,0,0
4,3279,33081151,-98,-345,-8147
13,3278,33081173,0,0,0
4,3280,33091290,-94,-346,-8157
13,3279,33091312,-1,1,0
4,3281,33101406,-87,-338,-8145
13,3280,33101428,0,0,0
4,3282,33111438,-108,-346,-8161
13,3281,33111460,0,-3,0
4,3283,33121484,-96,-344,-8158
13,3282,33121506,0,0,2
4,3284,33131520,-92,-349,-8158
13,3283,33131542,0,0,0
4,3285,33141630,-105,-347,-8155
13,3284,33141652,1,-2,0
4,3286,33151698,-94,-348,-8148
13,3285,33151720,1,-1,0
4,3287,33161651,-78,-346,-8156
13,3286,33161673,1,0,0
4,3288,33171893,-92,-349,-8150
13,3287,33171915,0,-1,0
4,3289,33181903,-102,-360,-8148
13,3288,33181925,0,-2,0
4,3290,33192040,-104,-342,-8145
13,3289,33192062,1,0,1
4,3291,33202008,-96,-338,-8150
13,3290,33202030,2,1,0
4,3292,33212071,-94,-354,-8150
13,3291,33212093,-1,-2,-2
4,3293,33222161,-93,-346,-8152
13,3292,33222183,-1,-1,0
4,3294,33232222,-99,-339,-8142
13,3293,33232244,-2,0,0
4,3295,33242213,-102,-342,-8158
13,3294,33242235,0,1,-1
4,3296,33252307,-100,-348,-8161
13,3295,33252329,1,-1,0
4,3297,33262446,-107,-343,-8154
13,3296,33262468,1,0,0
4,3298,33272531,-97,-341,-8152
13,3297,33272553,-1,0,0
4,3299,33282541,-91,-351,-8160
13,3298,33282563,0,1,0
4,3300,33292573,-86,-347,-8148
13,3299,33292595,-1,0,0
4,3301,33302569,-95,-342,-8154
13,3300,33302591,-1,0,-1
4,3302,33312778,-107,-349,-8161
13,3301,33312800,0,0,0
4,3303,33322726,-99,-352,-8154
13,3302,33322748,-2,0,0
4,3304,33332864,-105,-341,-8150
13,3303,33332886,-1,0,1
4,3305,33342926,-97,-344,-8156
13,3304,33342948,0,0,0
4,3306,33353118,-87,-345,-8153
13,3305,33353140,1,0,0
4,3307,33363044,-96,-351,-8153
13,3306,33363066,0,-1,-1
4,3308,33373133,-106,-336,-8150
13,3307,33373155,-1,0,0
4,3309,33383120,-120,-339,-8157
13,3308,33383142,0,0,-1
4,3310,33393306,-93,-350,-8153
13,3309,33393328,-1,0,0
4,3311,33403292,-87,-355,-8165
13,3310,33403314,1,3,0
4,3312,33413279,-96,-345,-8160
13,3311,33413301,0,1,-2
4,3313,33423401,-99,-342,-8143
13,3312,33423423,-1,0,-2
4,3314,33433607,-98,-348,-8155
13,3313,33433629,2,0,0
4,3315,33443545,-112,-341,-8149
13,3314,33443567,0,0,2
4,3316,33453679,-98,-357,-8144
13,3315,33453701,0,1,0
4,3317,33463681,-90,-357,-8144
13,3316,33463703,0,1,0
4,3318,33473780,-92,-352,-8144
13,3317,33473802,0,0,3
4,3319,33483799,-94,-348,-8153
13,3318,33483821,0,-2,0
4,3320,33493856,-89,-344,-8156
13,3319,33493878,0,0,0
4,3321,33503974,-93,-341,-8151
13,3320,33503996,0,1,-1
4,3322,33514067,-101,-348,-8151
13,3321,33514089,0,0,1
4,3323,33524083,-101,-356,-8162
13,3322,33524105,0,0,1
4,3324,33534021,-87,-359,-8149
13,3323,33534043,0,0,-2
4,3325,33544149,-103,-347,-8155
13,3324,33544171,0,-1,-1
4,3326,33554232,-100,-347,-8148
13,3325,33554281,0,0,0
4,3327,33564296,-101,-342,-8152
13,3326,33564318,0,2,1
4,3328,33574384,-96,-345,-8153
13,3327,33574406,-1,1,0
4,3329,33584397,-92,-337,-8145
13,3328,33584419,0,-1,0
4,3330,33594589,-109,-344,-8153
13,3329,33594611,1,0,2
4,3331,33604519,-89,-347,-8147
13,3330,33604541,0,1,0
4,3332,33614628,-91,-352,-8162
13,3331,33614650,0,0,0
4,3333,33624631,-88,-344,-8162
13,3332,33624653,0,0,1
4,3334,33634785,-93,-352,-8147
13,3333,33634807,-1,0,0
4,3335,33644811,-97,-353,-8155
13,3334,33644833,0,-3,0
4,3336,33654878,-91,-345,-8143
13,3335,33654899,0,0,0
4,3337,33665034,-106,-343,-8143
13,3336,33665056,0,1,0
4,3338,33675142,-99,-338,-8153
13,3337,33675164,-1,-2,0
4,3339,33685096,-89,-351,-8162
13,3338,33685118,0,-2,1
4,3340,33695167,-94,-341,-8161
13,3339,33695189,0,0,0
4,3341,33705231,-92,-347,-8154
13,3340,33705253,1,1,0
4,3342,33715336,-92,-349,-8163
13,3341,33715358,0,-2,0
4,3343,33725340,-96,-349,-8150
13,3342,33725361,0,-1,1
4,3344,33735414,-104,-356,-8159
13,3343,33735436,0,-1,0
4,3345,33745471,-86,-352,-8158
13,3344,33745492,0,1,0
4,3346,33755625,-98,-350,-8152
13,3345,33755647,0,0,2
4,3347,33765615,-103,-346,-8147
13,3346,33765637,0,1,0
4,3348,33775694,-94,-339,-8143
13,3347,33775716,0,0,0
4,3349,33785710,-97,-348,-8147
13,3348,33785732,0,0,0
4,3350,33795765,-88,-346,-8147
13,3349,33795787,0,-1,1
4,3351,33805836,-92,-340,-8140
13,3350,33805886,1,0,1
4,3352,33815930,-93,-343,-8144
13,3351,33815952,0,1,0
4,3353,33826086,-94,-348,-8159
13,3352,33826108,-1,1,0
4,3354,33836127,-89,-350,-8153
13,3353,33836149,1,0,2
4,3355,33846116,-101,-356,-8149
13,3354,33846138,2,2,0
4,3356,33856161,-100,-350,-8153
13,3355,33856183,-1,0,0
4,3357,33866253,-89,-330,-8151
13,3356,33866275,0,1,0
4,3358,33876291,-92,-346,-8156
13,3357,33876313,1,-1,0
4,3359,33886315,-99,-350,-8154
13,3358,33886337,-2,-2,-1
4,3360,33896353,-93,-352,-8151
13,3359,33896375,-2,2,0
4,3361,33906507,-89,-353,-8157
13,3360,33906529,1,0,1
4,3362,33916585,-97,-350,-8170
13,3361,33916607,0,0,1
4,3363,33926499,-90,-333,-8155
13,3362,33926521,0,1,1
4,3364,33936639,-102,-341,-8161
13,3363,33936661,0,2,1
4,3365,33946731,-105,-357,-8151
13,3364,33946753,0,0,0
4,3366,33956792,-94,-348,-8148
13,3365,33956814,1,0,0
4,3367,33966823,-103,-347,-8159
13,3366,33966845,0,-1,0
4,3368,33976881,-107,-352,-8150
13,3367,33976903,-2,-1,0
4,3369,33986927,-93,-350,-8150
13,3368,33986949,-1,-2,0
4,3370,33997087,-94,-340,-8155
13,3369,33997109,0,1,0
4,3371,34007044,-98,-350,-8149
13,3370,34007065,0,1,1
4,3372,34017106,-97,-352,-8156
13,3371,34017128,0,-2,0
4,3373,34027181,-95,-346,-8163
13,3372,34027203,0,0,-1
4,3374,34037288,-89,-344,-8157
13,3373,34037310,0,0,-2
4,3375,34047258,-101,-347,-8153
13,3374,34047280,1,-2,1
4,3376,34057369,-89,-338,-8147
13,3375,34057391,0,0,1
4,3377,34067468,-89,-336,-8163
13,3376,34067490,0,0,1
4,3378,34077670,-97,-342,-8158
13,3377,34077692,0,0,0
4,3379,34087582,-94,-341,-8142
13,3378,34087604,0,0,-1
4,3380,34097639,-102,-344,-8157
13,3379,34097661,-2,0,0
4,3381,34107743,-95,-348,-8152
13,3380,34107765,0,1,0
4,3382,34117778,-88,-340,-8165
13,3381,34117800,-1,0,0
4,3383,34127805,-88,-346,-8160
13,3382,34127827,2,-1,0
4,3384,34137862,-95,-361,-8160
13,3383,34137884,3,0,1
4,3385,34148002,-99,-340,-8149
13,3384,34148024,0,1,3
4,3386,34158090,-97,-332,-8153
13,3385,34158112,-1,0,2
4,3387,34168056,-95,-339,-8167
13,3386,34168078,0,-1,1
4,3388,34178165,-86,-348,-8155
13,3387,34178187,0,0,1
4,3389,34188135,-88,-352,-8145
13,3388,34188184,0,0,2
4,3390,34198285,-100,-345,-8138
13,3389,34198307,0,0,0
4,3391,34208405,-98,-342,-8154
13,3390,34208427,-1,2,0
4,3392,34218397,-93,-355,-8156
13,3391,34218419,-1,-1,0
4,3393,34228437,-97,-346,-8160
13,3392,34228459,1,-1,2
4,3394,34238601,-93,-339,-8157
13,3393,34238623,1,-1,0
4,3395,34248531,-97,-341,-8148
13,3394,34248553,0,-1,0
4,3396,34258621,-100,-348,-8151
13,3395,34258643,-1,0,3
4,3397,34268660,-94,-338,-8154
13,3396,34268682,-1,0,3
4,3398,34278841,-95,-349,-8149
13,3397,34278863,-1,0,1
4,3399,34288808,-87,-340,-8152
13,3398,34288830,-2,-1,0
4,3400,34298910,-85,-346,-8145
13,3399,34298932,0,-1,0
4,3401,34308991,-92,-336,-8142
13,3400,34309013,1,0,1
4,3402,34319167,-100,-347,-8152
13,3401,34319189,-1,0,0
4,3403,34329083,-88,-351,-8163
13,3402,34329105,-1,0,-1
4,3404,34339062,-99,-343,-8165
13,3403,34339084,0,0,0
4,3405,34349206,-97,-345,-8158
13,3404,34349228,-1,1,3
4,3406,34359267,-106,-339,-8153
13,3405,34359288,0,0,1
4,3407,34369291,-97,-348,-8148
13,3406,34369313,-1,2,0
4,3408,34379285,-90,-352,-8145
13,3407,34379307,-1,0,0
4,3409,34389395,-89,-346,-8157
13,3408,34389417,0,-2,1
4,3410,34399644,-93,-342,-8159
13,3409,34399665,0,0,0
4,3411,34409480,-90,-344,-8162
13,3410,34409502,0,0,1
4,3412,34419598,-91,-343,-8151
13,3411,34419620,-1,0,3
4,3413,34429657,-88,-350,-8152
13,3412,34429679,-1,2,2
4,3414,34439782,-90,-359,-8166
13,3413,34439804,1,0,0
4,3415,34449805,-105,-343,-8158
13,3414,34449827,0,-1,0
4,3416,34459864,-91,-342,-8155
13,3415,34459886,1,-2,0
4,3417,34469887,-99,-352,-8147
13,3416,34469909,0,0,0
4,3418,34480045,-95,-346,-8151
13,3417,34480067,0,0,0
4,3419,34490083,-86,-345,-8154
13,3418,34490105,-2,0,0
4,3420,34500090,-97,-345,-8148
13,3419,34500112,-1,0,0
4,3421,34510081,-86,-347,-8147
13,3420,34510103,0,0,0
4,3422,34520244,-104,-357,-8145
13,3421,34520266,0,-2,1
4,3423,34530254,-92,-355,-8155
13,3422,34530276,0,0,3
4,3424,34540296,-100,-345,-8146
13,3423,34540318,1,0,0
4,3425,34550381,-93,-348,-8144
13,3424,34550403,2,-4,2
4,3426,34560643,-93,-352,-8147
13,3425,34560665,-3,1,0
4,3427,34570614,-89,-357,-8152
13,3426,34570636,0,1,1
4,3428,34580603,-97,-350,-8158
13,3427,34580625,2,1,1
4,3429,34590688,-99,-346,-8162
13,3428,34590710,3,2,1
4,3430,34600689,-91,-338,-8148
13,3429,34600711,0,0,0
4,3431,34610768,-100,-343,-8156
13,3430,34610789,0,-1,0
4,3432,34620800,-98,-342,-8149
13,3431,34620822,0,0,-2
4,3433,34630852,-95,-344,-8153
13,3432,34630874,2,-1,0
4,3434,34641072,-83,-352,-8142
13,3433,34641094,1,-2,-1
4,3435,34650934,-92,-344,-8147
13,3434,34650956,-1,0,0
4,3436,34661061,-84,-350,-8145
13,3435,34661083,0,1,2
4,3437,34671150,-83,-333,-8153
13,3436,34671172,1,-1,0
4,3438,34681209,-99,-329,-8143
13,3437,34681231,0,0,1
4,3439,34691226,-102,-352,-8145
13,3438,34691275,-2,0,1
4,3440,34701308,-106,-346,-8156
13,3439,34701330,0,-2,0
4,3441,34711337,-92,-350,-8155
13,3440,34711359,0,-1,-2
4,3442,34721539,-97,-341,-8140
13,3441,34721561,0,0,0
4,3443,34731514,-97,-355,-8153
13,3442,34731536,1,0,0
4,3444,34741550,-95,-341,-8161
13,3443,34741572,1,0,0
4,3445,34751626,-98,-354,-8154
13,3444,34751648,-2,0,1
4,3446,34761706,-97,-343,-8147
13,3445,34761728,0,-1,1
4,3447,34771689,-94,-345,-8164
13,3446,34771711,2,-2,0
4,3448,34781800,-100,-344,-8153
13,3447,34781822,0,0,0
4,3449,34791856,-96,-355,-8156
13,3448,34791878,0,2,1
4,3450,34801983,-86,-348,-8159
13,3449,34802005,0,2,0
4,3451,34812076,-84,-342,-8144
13,3450,34812098,0,0,0
4,3452,34822091,-86,-343,-8143
13,3451,34822113,0,0,0
4,3453,34832153,-94,-342,-8147
13,3452,34832175,1,0,0
4,3454,34842244,-108,-352,-8151
13,3453,34842266,1,0,0
4,3455,34852306,-89,-350,-8155
13,3454,34852328,0,-2,1
4,3456,34862339,-88,-346,-8158
13,3455,34862361,-2,0,1
4,3457,34872408,-96,-340,-8153
13,3456,34872430,1,-1,0
4,3458,34882521,-107,-341,-8156
13,3457,34882543,0,-1,-1
4,3459,34892499,-96,-348,-8150
13,3458,34892521,-1,0,0
4,3460,34902527,-94,-352,-8149
13,3459,34902549,0,0,2
4,3461,34912544,-105,-351,-8154
13,3460,34912566,0,-2,1
4,3462,34922696,-102,-327,-8151
13,3461,34922718,0,1,2
4,3463,34932720,-95,-341,-8149
13,3462,34932742,-1,1,2
4,3464,34942825,-97,-352,-8158
13,3463,34942847,3,-1,1
4,3465,34952876,-91,-355,-8158
13,3464,34952898,0,0,0
4,3466,34963045,-87,-356,-8150
13,3465,34963067,0,-1,0
4,3467,34972983,-100,-337,-8150
13,3466,34973005,0,-2,1
4,3468,34983060,-103,-340,-8159
13,3467,34983082,0,0,0
4,3469,34993095,-92,-347,-8150
13,3468,34993117,0,1,0
# CONFIG,end,4,100.000,0,4,0
# CONFIG,end,13,100.000,0,1000,0
# END,accel_events=3469,gyro_events=3468,queue_dropped=0,malformed=0,max_poll_gap_us=135061
# Reset the board before another ca