Bootloader starting
NRF_POWER->GPREGRET2 = 0004
CONFIG_GPIO_AS_PINRESET NOT defined
BHI260/BHA260 found. Product ID read 89
Loading firmware. Boot status: 11
No BHY UPDATE file found!
No ANNA_UPDATE_FILE found. Starting main application
Ä$≈ÖçïÅthe box still. Send s to capture 5 s startup + 30 s stationary data.
# NICLA_DIAGNOSTIC_V1
# Arduino_BHY2=1.0.8; corrected counts; no orientation or BLE output
# configuration_read_attempts=3
# CONFIG,phase,sensor_id,rate_hz,latency_ms,range,sensitivity
# startup_us=5000000,duration_us=35000000
# host_us is delivery time; hardware timestamps and upstream loss are not exposed
sensor_id,sequence,host_us,x_counts,y_counts,z_counts
# CONFIG_READ_FAILURE,phase=start,sensor_id=4,attempt=1,status=-5,bytes=4,expected_bytes=12
# CONFIG,start,4,100.000,0,4,0
# CONFIG,start,13,100.000,0,1000,0
4,1,136345,-148,-8271,696
4,2,136398,-141,-8263,690
13,1,136420,13,-22,-11
4,3,139143,-150,-8273,685
13,2,139165,12,-18,-11
4,4,139188,-139,-8259,680
13,3,139210,12,-20,-12
4,5,144007,-157,-8260,689
13,4,144030,12,-23,-14
4,6,153199,-159,-8279,686
13,5,153221,13,-21,-12
4,7,162435,-155,-8271,690
13,6,162458,13,-18,-12
4,8,172191,-155,-8275,687
13,7,172213,13,-19,-11
4,9,182223,-148,-8269,683
13,8,182273,12,-21,-13
4,10,192330,-162,-8262,685
13,9,192353,11,-21,-14
4,11,202374,-155,-8259,691
13,10,202397,11,-21,-14
4,12,212330,-156,-8276,692
13,11,212352,13,-19,-12
4,13,222395,-148,-8269,686
13,12,222417,11,-22,-13
4,14,232445,-159,-8265,688
13,13,232467,11,-18,-12
4,15,242423,-154,-8269,692
13,14,242445,11,-21,-11
4,16,252515,-151,-8276,689
13,15,252537,10,-22,-13
4,17,262505,-149,-8278,695
13,16,262527,13,-21,-12
4,18,272711,-149,-8265,693
13,17,272733,13,-20,-12
4,19,282613,-154,-8268,693
13,18,282635,12,-18,-10
4,20,292708,-146,-8261,691
13,19,292730,13,-21,-11
4,21,302735,-149,-8264,682
13,20,302757,12,-26,-11
4,22,312872,-153,-8263,689
13,21,312894,12,-22,-13
4,23,322928,-149,-8268,688
13,22,322950,12,-19,-12
4,24,332932,-148,-8271,691
13,23,332954,12,-21,-13
4,25,342972,-152,-8270,692
13,24,342994,11,-21,-14
4,26,353076,-148,-8268,692
13,25,353098,11,-21,-12
4,27,363040,-151,-8269,694
13,26,363062,14,-21,-12
4,28,373098,-150,-8269,697
13,27,373120,13,-21,-10
4,29,383143,-141,-8266,689
13,28,383165,12,-24,-12
4,30,393211,-148,-8266,695
13,29,393232,12,-22,-10
4,31,403242,-146,-8265,694
13,30,403264,12,-19,-10
4,32,413272,-147,-8260,685
13,31,413294,12,-21,-10
4,33,423321,-150,-8259,699
13,32,423343,12,-18,-14
4,34,433545,-141,-8266,685
13,33,433567,12,-20,-13
4,35,443363,-154,-8271,685
13,34,443412,12,-20,-12
4,36,453488,-157,-8263,694
13,35,453510,13,-21,-13
4,37,463558,-157,-8263,704
13,36,463580,10,-24,-10
4,38,473612,-152,-8276,693
13,37,473634,11,-21,-11
4,39,483611,-155,-8268,685
13,38,483633,11,-21,-14
4,40,493643,-148,-8258,692
13,39,493665,8,-22,-14
4,41,503682,-151,-8262,698
13,40,503704,11,-21,-13
4,42,513852,-154,-8280,685
13,41,513874,13,-20,-11
4,43,523856,-157,-8266,681
13,42,523878,11,-21,-12
4,44,533809,-153,-8268,696
13,43,533831,10,-20,-13
4,45,543906,-151,-8271,699
13,44,543928,11,-20,-13
4,46,554004,-149,-8273,689
13,45,554053,11,-21,-12
4,47,563939,-154,-8266,695
13,46,563961,10,-19,-14
4,48,574074,-149,-8269,696
13,47,574096,12,-20,-13
4,49,584129,-141,-8259,694
13,48,584151,11,-20,-12
4,50,594282,-154,-8265,697
13,49,594304,11,-22,-11
4,51,604227,-151,-8263,696
13,50,604248,13,-19,-10
4,52,614246,-148,-8271,694
13,51,614268,12,-18,-12
4,53,624267,-145,-8264,687
13,52,624289,13,-19,-14
4,54,634453,-149,-8261,694
13,53,634475,13,-22,-13
4,55,644405,-146,-8273,687
13,54,644427,2,-1,0
4,56,654515,-155,-8259,703
13,55,654537,0,-1,1
4,57,664574,-156,-8272,681
13,56,664596,0,-1,0
4,58,674662,-152,-8278,682
13,57,674711,1,0,-1
4,59,684570,-150,-8272,688
13,58,684592,0,2,0
4,60,694694,-155,-8281,692
13,59,694716,0,0,0
4,61,704751,-164,-8276,680
13,60,704773,0,0,0
4,62,714839,-157,-8274,700
13,61,714861,0,-1,0
4,63,724790,-157,-8270,686
13,62,724812,0,2,0
4,64,734908,-151,-8271,697
13,63,734930,2,0,-1
4,65,744931,-145,-8267,703
13,64,744953,0,-1,-2
4,66,755098,-151,-8268,691
13,65,755120,0,0,-1
4,67,765051,-146,-8258,685
13,66,765073,2,2,-1
4,68,775108,-143,-8267,695
13,67,775130,1,-1,-1
4,69,785156,-144,-8271,693
13,68,785178,0,-2,-1
4,70,795192,-152,-8269,690
13,69,795214,0,1,0
4,71,805329,-159,-8261,693
13,70,805378,1,1,1
4,72,815349,-160,-8274,698
13,71,815371,0,0,0
4,73,825450,-155,-8274,702
13,72,825472,-1,0,1
4,74,835501,-151,-8272,689
13,73,835523,0,-1,1
4,75,845538,-144,-8259,686
13,74,845560,0,1,0
4,76,855532,-146,-8262,691
13,75,855554,2,0,0
4,77,865564,-143,-8256,688
13,76,865586,3,0,0
4,78,875685,-139,-8266,695
13,77,875707,0,0,0
4,79,885695,-152,-8266,695
13,78,885717,0,-1,-1
4,80,895712,-153,-8270,684
13,79,895733,-1,-2,0
4,81,905793,-150,-8267,692
13,80,905815,1,2,1
4,82,915946,-146,-8264,697
13,81,915968,2,-1,1
4,83,925913,-152,-8262,679
13,82,925934,1,-1,-1
4,84,935949,-162,-8275,693
13,83,935998,1,1,0
4,85,946038,-148,-8268,689
13,84,946060,-1,0,0
4,86,956127,-151,-8274,685
13,85,956149,-1,0,0
4,87,966171,-147,-8277,680
13,86,966193,0,0,-1
4,88,976233,-148,-8269,690
13,87,976255,1,1,0
4,89,986277,-152,-8270,687
13,88,986299,1,-1,0
4,90,996421,-153,-8270,686
13,89,996443,0,0,-2
4,91,1006424,-156,-8268,688
13,90,1006446,-1,2,-1
4,92,1016374,-165,-8267,693
13,91,1016396,0,1,-1
4,93,1026524,-151,-8266,698
13,92,1026546,0,-1,0
4,94,1036589,-157,-8264,698
13,93,1036611,0,-2,-2
4,95,1046647,-146,-8262,697
13,94,1046669,-1,-1,2
4,96,1056599,-154,-8274,680
13,95,1056621,0,0,0
4,97,1066726,-151,-8273,674
13,96,1066748,1,-2,0
4,98,1076901,-151,-8258,689
13,97,1076923,0,0,0
4,99,1086864,-155,-8261,696
13,98,1086886,0,-2,0
4,100,1096972,-160,-8266,706
13,99,1096994,0,0,-2
4,101,1106995,-154,-8260,694
13,100,1107017,0,0,-1
4,102,1116958,-150,-8261,699
13,101,1116980,-1,-1,0
4,103,1127062,-157,-8257,699
13,102,1127084,0,-1,-2
4,104,1137046,-156,-8264,693
13,103,1137067,-1,0,-1
4,105,1147181,-144,-8270,691
13,104,1147203,-1,-2,-1
4,106,1157316,-155,-8275,701
13,105,1157338,0,0,0
4,107,1167275,-156,-8266,694
13,106,1167297,-1,0,0
4,108,1177414,-151,-8276,693
13,107,1177463,-2,-1,-2
4,109,1187398,-149,-8266,693
13,108,1187447,0,0,-1
4,110,1197529,-150,-8268,695
13,109,1197551,1,1,0
4,111,1207539,-159,-8270,691
13,110,1207561,0,2,0
4,112,1217593,-155,-8257,691
13,111,1217615,2,2,0
4,113,1227662,-147,-8267,689
13,112,1227684,0,-1,-2
4,114,1237787,-151,-8271,694
13,113,1237809,0,-2,0
4,115,1247816,-156,-8163,690
13,114,1247841,1,-1,1
4,116,1257866,-156,-8171,688
13,115,1257888,0,0,0
4,117,1267814,-146,-8171,685
13,116,1267836,0,0,0
4,118,1278017,-141,-8186,690
13,117,1278039,0,-1,-1
4,119,1287920,-142,-8172,683
13,118,1287942,-1,0,0
4,120,1298087,-148,-8162,677
13,119,1298109,-1,-2,-1
4,121,1308198,-160,-8159,684
13,120,1308220,-1,-1,1
4,122,1318295,-144,-8166,671
13,121,1318317,-1,0,0
4,123,1328261,-141,-8171,677
13,122,1328283,2,-1,0
4,124,1338282,-149,-8175,679
13,123,1338304,-1,0,1
4,125,1348377,-150,-8166,684
13,124,1348399,-2,-1,0
4,126,1358442,-156,-8169,677
13,125,1358464,0,-2,-2
4,127,1368484,-161,-8169,684
13,126,1368506,1,-1,-1
4,128,1378561,-152,-8166,687
13,127,1378583,1,1,1
4,129,1388632,-145,-8170,683
13,128,1388654,0,1,0
4,130,1398732,-156,-8173,686
13,129,1398753,0,-1,-2
4,131,1408697,-151,-8165,694
13,130,1408719,0,0,0
4,132,1418759,-153,-8178,690
13,131,1418781,0,1,1
4,133,1428856,-161,-8175,692
13,132,1428878,0,0,-1
4,134,1438948,-157,-8170,677
13,133,1438970,0,2,0
4,135,1448972,-150,-8176,679
13,134,1448994,1,2,0
4,136,1459008,-152,-8173,701
13,135,1459030,0,0,0
4,137,1469093,-145,-8166,689
13,136,1469115,1,0,1
4,138,1479191,-150,-8174,691
13,137,1479213,0,-3,-2
4,139,1489151,-148,-8175,679
13,138,1489172,0,-1,0
4,140,1499208,-153,-8178,682
13,139,1499230,0,0,0
4,141,1509263,-151,-8161,679
13,140,1509285,0,0,-1
4,142,1519357,-159,-8167,683
13,141,1519379,0,-4,-1
4,143,1529364,-160,-8170,686
13,142,1529386,0,2,0
4,144,1539498,-145,-8179,676
13,143,1539520,0,0,1
4,145,1549479,-154,-8181,682
13,144,1549501,-1,0,0
4,146,1559639,-143,-8174,684
13,145,1559661,-1,0,0
4,147,1569610,-158,-8178,684
13,146,1569632,0,-1,0
4,148,1579686,-162,-8177,674
13,147,1579708,0,-1,1
4,149,1589797,-161,-8171,680
13,148,1589819,0,0,1
4,150,1599840,-152,-8176,689
13,149,1599862,1,2,0
4,151,1609839,-154,-8168,681
13,150,1609861,1,-1,0
4,152,1619896,-157,-8166,686
13,151,1619918,0,-1,2
4,153,1629906,-153,-8162,682
13,152,1629928,0,-1,0
4,154,1640088,-149,-8174,679
13,153,1640110,-1,1,0
4,155,1650048,-149,-8172,684
13,154,1650070,-1,0,0
4,156,1660115,-154,-8180,680
13,155,1660137,1,-4,0
4,157,1670180,-154,-8171,684
13,156,1670202,0,0,0
4,158,1680206,-152,-8165,690
13,157,1680228,0,2,0
4,159,1690328,-151,-8172,691
13,158,1690350,0,0,-1
4,160,1700447,-149,-8174,677
13,159,1700469,-1,-3,0
4,161,1710425,-150,-8161,673
13,160,1710447,1,0,0
4,162,1720568,-138,-8168,690
13,161,1720590,2,1,0
4,163,1730528,-154,-8167,687
13,162,1730550,2,1,0
4,164,1740569,-150,-8171,689
13,163,1740591,0,0,1
4,165,1750635,-150,-8164,685
13,164,1750657,0,-1,0
4,166,1760696,-163,-8168,686
13,165,1760718,-1,-1,-3
4,167,1770743,-156,-8164,694
13,166,1770764,-1,-1,-1
4,168,1780789,-145,-8165,689
13,167,1780811,0,1,0
4,169,1790854,-151,-8167,680
13,168,1790876,0,0,0
4,170,1800985,-145,-8174,690
13,169,1801035,0,0,2
4,171,1811014,-148,-8165,684
13,170,1811036,2,-1,0
4,172,1821042,-154,-8163,682
13,171,1821064,3,0,-1
4,173,1831070,-141,-8159,682
13,172,1831092,1,-1,-1
4,174,1841117,-152,-8166,680
13,173,1841139,0,0,-1
4,175,1851183,-157,-8171,681
13,174,1851205,0,1,0
4,176,1861233,-149,-8169,683
13,175,1861255,0,-1,0
4,177,1871299,-148,-8174,683
13,176,1871321,0,-2,3
4,178,1881377,-151,-8188,675
13,177,1881399,0,-2,1
4,179,1891420,-150,-8168,668
13,178,1891442,0,-1,-2
4,180,1901447,-141,-8165,692
13,179,1901469,0,0,-1
4,181,1911511,-154,-8165,683
13,180,1911533,-1,-2,0
4,182,1921598,-154,-8160,677
13,181,1921620,1,-1,0
4,183,1931580,-160,-8171,678
13,182,1931602,1,-1,0
4,184,1941693,-161,-8176,681
13,183,1941715,-2,-1,1
4,185,1951783,-161,-8158,677
13,184,1951805,0,2,0
4,186,1961921,-164,-8179,685
13,185,1961943,2,0,-2
4,187,1971814,-145,-8162,694
13,186,1971836,-1,-2,0
4,188,1981963,-144,-8166,681
13,187,1981985,0,-1,1
4,189,1991953,-142,-8155,679
13,188,1991975,1,-1,0
4,190,2002007,-150,-8170,694
13,189,2002029,1,-2,-1
4,191,2012101,-154,-8167,686
13,190,2012123,0,-2,0
4,192,2022134,-150,-8177,680
13,191,2022156,0,0,2
4,193,2032201,-143,-8157,679
13,192,2032223,1,-2,0
4,194,2042330,-146,-8165,674
13,193,2042352,0,-1,-1
4,195,2052316,-147,-8164,691
13,194,2052338,0,-1,1
4,196,2062351,-140,-8166,701
13,195,2062400,-1,0,2
4,197,2072450,-146,-8167,691
13,196,2072472,0,1,1
4,198,2082464,-153,-8172,685
13,197,2082486,0,0,1
4,199,2092552,-152,-8167,678
13,198,2092574,0,2,0
4,200,2102624,-147,-8182,679
13,199,2102646,0,0,0
4,201,2112586,-150,-8172,685
13,200,2112608,2,0,-1
4,202,2122811,-153,-8170,675
13,201,2122833,1,0,0
4,203,2132759,-150,-8167,694
13,202,2132781,-1,0,0
4,204,2142740,-151,-8167,676
13,203,2142762,0,0,0
4,205,2152849,-155,-8163,677
13,204,2152871,0,0,0
4,206,2163000,-154,-8177,681
13,205,2163022,1,0,2
4,207,2172920,-158,-8163,665
13,206,2172942,0,-2,0
4,208,2183027,-158,-8174,685
13,207,2183049,0,0,0
4,209,2193131,-152,-8171,683
13,208,2193153,0,0,-1
4,210,2203315,-153,-8175,673
13,209,2203337,3,0,0
4,211,2213228,-147,-8171,686
13,210,2213250,1,0,1
4,212,2223202,-151,-8179,686
13,211,2223224,-1,0,0
4,213,2233356,-154,-8170,674
13,212,2233378,1,0,0
4,214,2243414,-143,-8166,692
13,213,2243436,0,-1,1
4,215,2253422,-164,-8160,691
13,214,2253444,0,-1,1
4,216,2263479,-150,-8176,686
13,215,2263501,-1,-1,0
4,217,2273532,-139,-8173,680
13,216,2273554,-1,0,0
4,218,2283757,-148,-8168,693
13,217,2283779,0,0,3
4,219,2293656,-154,-8165,688
13,218,2293678,0,-1,1
4,220,2303649,-154,-8170,687
13,219,2303671,0,-3,0
4,221,2313765,-148,-8172,693
13,220,2313814,0,0,0
4,222,2323930,-147,-8168,680
13,221,2323952,1,2,-1
4,223,2333915,-146,-8166,687
13,222,2333937,2,-2,0
4,224,2344022,-152,-8164,696
13,223,2344044,-1,-2,2
4,225,2354002,-152,-8177,680
13,224,2354024,0,2,1
4,226,2364103,-154,-8181,694
13,225,2364125,1,-1,2
4,227,2374110,-153,-8181,694
13,226,2374132,0,-1,0
4,228,2384111,-150,-8172,675
13,227,2384133,0,1,-1
4,229,2394217,-156,-8163,685
13,228,2394239,0,-2,-1
4,230,2404338,-158,-8180,692
13,229,2404360,0,0,1
4,231,2414382,-155,-8173,690
13,230,2414404,0,0,0
4,232,2424394,-159,-8174,680
13,231,2424416,1,0,-1
4,233,2434542,-147,-8169,697
13,232,2434564,0,-2,1
4,234,2444579,-153,-8182,692
13,233,2444601,0,-3,1
4,235,2454669,-148,-8173,682
13,234,2454691,0,0,-2
4,236,2464673,-144,-8162,682
13,235,2464695,0,0,-2
4,237,2474655,-160,-8161,677
13,236,2474677,1,-1,0
4,238,2484770,-158,-8163,686
13,237,2484791,0,0,1
4,239,2494784,-147,-8169,678
13,238,2494806,0,1,0
4,240,2504849,-147,-8164,679
13,239,2504871,1,0,1
4,241,2514948,-166,-8171,686
13,240,2514970,0,1,0
4,242,2525058,-153,-8167,686
13,241,2525080,0,0,-1
4,243,2535020,-146,-8172,678
13,242,2535042,0,0,-1
4,244,2545099,-145,-8166,679
13,243,2545120,0,-3,0
4,245,2555120,-147,-8159,683
13,244,2555142,1,0,-2
4,246,2565281,-168,-8167,685
13,245,2565303,4,1,0
4,247,2575283,-153,-8168,688
13,246,2575305,1,-4,0
4,248,2585358,-145,-8168,681
13,247,2585380,0,-1,-1
4,249,2595336,-160,-8169,682
13,248,2595358,0,2,-1
4,250,2605491,-151,-8163,690
13,249,2605513,0,0,0
4,251,2615456,-147,-8163,683
13,250,2615478,0,0,0
4,252,2625510,-151,-8166,684
13,251,2625532,0,1,2
4,253,2635558,-144,-8172,686
13,252,2635580,0,0,0
4,254,2645594,-141,-8161,682
13,253,2645616,1,0,0
4,255,2655683,-159,-8170,686
13,254,2655705,2,0,-1
4,256,2665672,-152,-8180,681
13,255,2665694,0,-1,-1
4,257,2675764,-152,-8174,679
13,256,2675786,1,0,1
4,258,2685901,-150,-8159,693
13,257,2685923,0,0,0
4,259,2695914,-155,-8162,676
13,258,2695936,-1,-1,-1
4,260,2705952,-149,-8170,680
13,259,2705974,1,0,0
4,261,2716004,-150,-8158,666
13,260,2716026,0,0,0
4,262,2726106,-148,-8160,687
13,261,2726128,0,0,0
4,263,2736087,-142,-8161,690
13,262,2736109,0,0,0
4,264,2746133,-145,-8171,676
13,263,2746155,1,0,1
4,265,2756218,-151,-8178,676
13,264,2756240,1,1,0
4,266,2766318,-163,-8173,684
13,265,2766340,1,0,1
4,267,2776293,-150,-8169,690
13,266,2776315,3,0,0
4,268,2786345,-151,-8176,679
13,267,2786367,1,-1,-2
4,269,2796383,-141,-8182,683
13,268,2796405,1,-1,-2
4,270,2806504,-155,-8180,679
13,269,2806553,1,0,0
4,271,2816548,-143,-8173,687
13,270,2816570,0,0,0
4,272,2826615,-145,-8166,688
13,271,2826637,0,1,-1
4,273,2836696,-152,-8179,684
13,272,2836718,2,-2,1
4,274,2846792,-147,-8174,685
13,273,2846814,-1,-1,1
4,275,2856716,-146,-8176,674
13,274,2856738,-1,0,0
4,276,2866802,-153,-8173,680
13,275,2866824,1,0,-1
4,277,2876861,-147,-8177,681
13,276,2876883,0,0,-1
4,278,2886991,-154,-8179,684
13,277,2887013,1,0,-1
4,279,2896960,-155,-8174,677
13,278,2896982,0,-2,-1
4,280,2906996,-151,-8177,681
13,279,2907018,0,1,1
4,281,2917075,-156,-8173,679
13,280,2917097,0,2,1
4,282,2927311,-142,-8173,684
13,281,2927333,1,1,1
4,283,2937167,-145,-8175,684
13,282,2937189,-1,-2,1
4,284,2947262,-142,-8180,683
13,283,2947284,0,0,1
4,285,2957295,-152,-8165,674
13,284,2957317,1,1,2
4,286,2967456,-160,-8166,671
13,285,2967478,1,1,2
4,287,2977427,-157,-8182,681
13,286,2977449,0,0,-1
4,288,2987399,-160,-8173,670
13,287,2987421,-1,0,0
4,289,2997528,-157,-8167,673
13,288,2997550,0,0,0
4,290,3007665,-143,-8170,682
13,289,3007687,1,0,0
4,291,3017632,-148,-8165,691
13,290,3017654,0,1,0
4,292,3027667,-157,-8180,679
13,291,3027689,0,1,-1
4,293,3037735,-139,-8180,683
13,292,3037757,1,0,1
4,294,3047839,-141,-8169,686
13,293,3047860,1,-1,0
4,295,3057866,-153,-8176,681
13,294,3057888,0,0,1
4,296,3067946,-162,-8173,679
13,295,3067968,0,-1,-1
4,297,3078004,-159,-8170,683
13,296,3078026,0,-3,0
4,298,3088165,-150,-8170,681
13,297,3088187,0,-1,1
4,299,3098110,-148,-8168,678
13,298,3098132,0,0,1
4,300,3108102,-143,-8173,675
13,299,3108124,0,0,0
4,301,3118184,-158,-8160,678
13,300,3118206,3,0,0
4,302,3128253,-153,-8162,679
13,301,3128275,2,0,-1
4,303,3138337,-148,-8179,688
13,302,3138359,-1,0,1
4,304,3148341,-154,-8178,683
13,303,3148363,-1,0,1
4,305,3158390,-139,-8175,683
13,304,3158412,0,2,0
4,306,3168599,-156,-8173,684
13,305,3168648,1,0,-1
4,307,3178479,-151,-8163,688
13,306,3178501,0,0,0
4,308,3188594,-153,-8173,682
13,307,3188616,0,0,0
4,309,3198608,-147,-8174,678
13,308,3198630,1,-3,0
4,310,3208791,-166,-8185,692
13,309,3208813,0,0,0
4,311,3218734,-165,-8170,678
13,310,3218756,2,0,-2
4,312,3228780,-154,-8173,689
13,311,3228802,0,1,-1
4,313,3238878,-158,-8169,678
13,312,3238900,0,2,-1
4,314,3248932,-146,-8165,683
13,313,3248954,0,1,0
4,315,3258932,-142,-8169,691
13,314,3258954,0,-1,0
4,316,3269020,-146,-8167,681
13,315,3269042,0,0,-1
4,317,3279024,-153,-8168,672
13,316,3279046,1,0,-1
4,318,3289090,-158,-8162,678
13,317,3289112,0,0,0
4,319,3299136,-157,-8165,686
13,318,3299158,1,-2,-1
4,320,3309195,-157,-8169,687
13,319,3309217,0,0,0
4,321,3319250,-154,-8163,693
13,320,3319272,1,2,0
4,322,3329415,-161,-8161,685
13,321,3329437,0,0,0
4,323,3339410,-156,-8165,668
13,322,3339432,0,-2,0
4,324,3349418,-139,-8178,682
13,323,3349440,0,0,-1
4,325,3359484,-154,-8170,698
13,324,3359506,0,2,0
4,326,3369513,-151,-8173,685
13,325,3369535,1,1,-2
4,327,3379610,-145,-8178,680
13,326,3379632,0,0,-1
4,328,3389585,-153,-8165,684
13,327,3389607,0,-1,0
4,329,3399630,-151,-8162,684
13,328,3399652,1,0,0
4,330,3409842,-150,-8182,675
13,329,3409864,1,1,-1
4,331,3419755,-151,-8175,682
13,330,3419777,1,0,-2
4,332,3429821,-156,-8166,681
13,331,3429843,2,0,0
4,333,3439801,-145,-8174,681
13,332,3439823,2,0,-1
4,334,3449990,-147,-8176,683
13,333,3450012,0,-1,0
4,335,3460059,-156,-8178,690
13,334,3460081,-1,0,-1
4,336,3470020,-157,-8160,682
13,335,3470042,0,0,0
4,337,3480121,-148,-8173,697
13,336,3480143,1,-1,1
4,338,3490273,-142,-8168,685
13,337,3490295,0,-2,0
4,339,3500191,-156,-8169,677
13,338,3500213,1,-2,-3
4,340,3510266,-151,-8173,674
13,339,3510288,0,-1,0
4,341,3520350,-149,-8172,682
13,340,3520372,0,-2,0
4,342,3530363,-147,-8171,688
13,341,3530385,-2,-1,-1
4,343,3540444,-160,-8178,681
13,342,3540466,0,-2,0
4,344,3550569,-149,-8173,675
13,343,3550591,0,-1,0
4,345,3560595,-146,-8174,693
13,344,3560644,0,-1,0
4,346,3570696,-152,-8177,698
13,345,3570718,0,-2,0
4,347,3580709,-151,-8165,687
13,346,3580731,0,0,0
4,348,3590772,-146,-8175,694
13,347,3590794,-2,0,1
4,349,3600747,-163,-8184,679
13,348,3600769,-1,0,1
4,350,3610893,-163,-8169,684
13,349,3610915,0,1,0
4,351,3620956,-146,-8168,688
13,350,3620978,0,0,1
4,352,3631008,-157,-8182,684
13,351,3631029,-3,1,0
4,353,3641007,-153,-8178,674
13,352,3641029,0,0,0
4,354,3651170,-159,-8181,690
13,353,3651192,0,0,0
4,355,3661069,-151,-8169,679
13,354,3661091,-1,0,0
4,356,3671172,-140,-8182,673
13,355,3671194,0,-1,0
4,357,3681244,-156,-8174,668
13,356,3681266,0,0,0
4,358,3691296,-146,-8182,677
13,357,3691318,0,0,0
4,359,3701415,-144,-8178,682
13,358,3701437,3,1,0
4,360,3711343,-156,-8168,688
13,359,3711365,0,-1,1
4,361,3721506,-165,-8177,673
13,360,3721528,0,-2,0
4,362,3731623,-146,-8170,671
13,361,3731645,0,-4,0
4,363,3741532,-148,-8160,678
13,362,3741554,0,0,0
4,364,3751601,-145,-8175,681
13,363,3751622,1,2,-3
4,365,3761671,-161,-8180,691
13,364,3761693,2,0,-1
4,366,3771716,-150,-8170,681
13,365,3771738,0,0,1
4,367,3781771,-144,-8191,670
13,366,3781793,0,0,1
4,368,3791837,-155,-8174,685
13,367,3791859,-1,0,0
4,369,3801872,-165,-8173,684
13,368,3801894,-1,2,0
4,370,3812065,-147,-8174,691
13,369,3812087,0,2,0
4,371,3822043,-144,-8160,684
13,370,3822065,0,0,0
4,372,3832024,-155,-8170,685
13,371,3832046,-2,0,0
4,373,3842132,-153,-8173,681
13,372,3842154,0,0,0
4,374,3852198,-146,-8159,683
13,373,3852220,-1,0,0
4,375,3862198,-150,-8165,687
13,374,3862219,0,0,0
4,376,3872323,-158,-8174,699
13,375,3872345,-1,2,0
4,377,3882355,-148,-8156,686
13,376,3882377,0,1,0
4,378,3892493,-156,-8174,686
13,377,3892515,0,0,0
4,379,3902423,-149,-8173,680
13,378,3902444,0,-2,0
4,380,3912567,-154,-8178,685
13,379,3912589,2,0,0
4,381,3922598,-154,-8176,688
13,380,3922620,1,-2,-1
4,382,3932730,-150,-8171,685
13,381,3932752,0,0,0
4,383,3942715,-151,-8172,669
13,382,3942737,0,2,0
4,384,3952726,-145,-8171,687
13,383,3952748,0,2,0
4,385,3962805,-148,-8179,695
13,384,3962827,1,1,1
4,386,3972903,-142,-8178,685
13,385,3972925,1,-1,0
4,387,3982910,-145,-8177,689
13,386,3982932,0,0,1
4,388,3992947,-149,-8175,680
13,387,3992969,0,-2,1
4,389,4003010,-149,-8172,684
13,388,4003032,1,0,0
4,390,4013095,-163,-8177,686
13,389,4013117,0,0,-1
4,391,4023132,-153,-8175,682
13,390,4023154,1,-1,0
4,392,4033207,-150,-8183,680
13,391,4033229,1,-2,-1
4,393,4043266,-149,-8172,687
13,392,4043288,0,-1,0
4,394,4053438,-143,-8181,689
13,393,4053460,-1,1,0
4,395,4063335,-159,-8182,673
13,394,4063357,0,0,-1
4,396,4073415,-150,-8166,683
13,395,4073437,-1,0,0
4,397,4083484,-144,-8167,680
13,396,4083506,0,0,0
4,398,4093506,-157,-8176,691
13,397,4093528,1,-2,-1
4,399,4103599,-161,-8173,695
13,398,4103621,0,-1,1
4,400,4113657,-141,-8173,684
13,399,4113679,0,0,2
4,401,4123689,-152,-8167,673
13,400,4123711,0,-1,2
4,402,4133818,-158,-8173,684
13,401,4133840,-1,0,1
4,403,4143711,-151,-8174,685
13,402,4143733,0,0,1
4,404,4153840,-144,-8177,678
13,403,4153862,0,-2,0
4,405,4163887,-140,-8181,676
13,404,4163909,0,0,-1
4,406,4173976,-150,-8180,683
13,405,4173998,1,0,1
4,407,4183986,-157,-8165,686
13,406,4184008,0,0,0
4,408,4194048,-149,-8186,680
13,407,4194070,0,0,-1
4,409,4204151,-147,-8183,685
13,408,4204173,0,0,0
4,410,4214277,-146,-8178,684
13,409,4214299,0,0,1
4,411,4224252,-150,-8177,682
13,410,4224274,1,1,2
4,412,4234245,-149,-8182,677
13,411,4234267,-1,0,1
4,413,4244280,-162,-8176,690
13,412,4244302,1,0,-1
4,414,4254417,-151,-8170,689
13,413,4254439,0,-1,0
4,415,4264504,-152,-8180,694
13,414,4264526,0,0,1
4,416,4274486,-144,-8168,681
13,415,4274508,1,0,0
4,417,4284531,-152,-8162,688
13,416,4284553,0,-1,0
4,418,4294660,-156,-8179,692
13,417,4294682,1,0,0
4,419,4304633,-149,-8179,691
13,418,4304655,1,0,-1
4,420,4314720,-140,-8180,684
13,419,4314742,0,-3,0
4,421,4324765,-161,-8164,692
13,420,4324787,1,-2,-1
4,422,4334861,-141,-8176,682
13,421,4334883,0,-1,-2
4,423,4344891,-142,-8170,687
13,422,4344913,0,-3,0
4,424,4354948,-144,-8174,685
13,423,4354970,0,-2,0
4,425,4364974,-148,-8176,678
13,424,4364996,0,0,-2
4,426,4375166,-143,-8178,688
13,425,4375188,-1,0,0
4,427,4385097,-153,-8174,690
13,426,4385119,-2,-3,0
4,428,4395139,-146,-8179,690
13,427,4395161,0,-1,0
4,429,4405150,-154,-8174,683
13,428,4405172,3,1,0
4,430,4415287,-159,-8166,692
13,429,4415309,0,0,0
4,431,4425285,-157,-8160,683
13,430,4425307,0,-3,0
4,432,4435353,-156,-8160,679
13,431,4435375,0,0,0
4,433,4445361,-145,-8167,681
13,432,4445410,0,-2,1
4,434,4455616,-152,-8186,688
13,433,4455638,0,0,0
4,435,4465556,-152,-8169,682
13,434,4465578,0,2,-1
4,436,4475630,-146,-8168,675
13,435,4475652,0,1,0
4,437,4485645,-152,-8174,679
13,436,4485667,0,-2,0
4,438,4495693,-153,-8174,687
13,437,4495715,0,-2,0
4,439,4505765,-149,-8172,686
13,438,4505787,0,0,-1
4,440,4515786,-146,-8170,680
13,439,4515808,2,0,0
4,441,4525885,-148,-8174,677
13,440,4525907,1,0,0
4,442,4535953,-151,-8172,680
13,441,4535975,-1,0,1
4,443,4546041,-165,-8183,679
13,442,4546063,3,-1,0
4,444,4556025,-152,-8181,672
13,443,4556047,3,0,1
4,445,4566042,-143,-8175,692
13,444,4566064,0,2,0
4,446,4576209,-150,-8165,680
13,445,4576231,0,2,0
4,447,4586235,-147,-8183,676
13,446,4586257,0,0,1
4,448,4596292,-145,-8179,690
13,447,4596314,1,0,1
4,449,4606328,-157,-8174,688
13,448,4606350,0,0,0
4,450,4616468,-147,-8169,685
13,449,4616490,1,-1,-1
4,451,4626426,-146,-8171,683
13,450,4626448,1,1,0
4,452,4636486,-155,-8175,685
13,451,4636508,0,0,1
4,453,4646459,-145,-8165,690
13,452,4646481,1,-1,0
4,454,4656634,-153,-8171,679
13,453,4656656,0,-1,-1
4,455,4666666,-163,-8182,684
13,454,4666688,-1,1,-1
4,456,4676671,-155,-8183,688
13,455,4676693,0,0,0
4,457,4686808,-166,-8174,686
13,456,4686858,1,0,1
4,458,4696956,-158,-8166,682
13,457,4696978,0,0,0
4,459,4706893,-141,-8169,687
13,458,4706915,0,-1,2
4,460,4716961,-156,-8176,688
13,459,4716983,0,0,-2
4,461,4727062,-148,-8165,679
13,460,4727084,1,1,0
4,462,4737033,-152,-8172,690
13,461,4737055,1,0,0
4,463,4747079,-158,-8177,686
13,462,4747101,0,2,0
4,464,4757173,-159,-8179,681
13,463,4757195,0,0,1
4,465,4767244,-151,-8166,691
13,464,4767266,0,-1,1
4,466,4777367,-142,-8166,686
13,465,4777389,0,-1,1
4,467,4787257,-160,-8160,677
13,466,4787279,1,-2,-1
4,468,4797408,-145,-8170,688
13,467,4797430,1,1,-1
4,469,4807450,-152,-8172,689
13,468,4807472,-1,0,-2
4,470,4817537,-159,-8173,683
13,469,4817559,0,0,0
4,471,4827590,-159,-8179,687
13,470,4827612,1,-1,-1
4,472,4837605,-139,-8174,683
13,471,4837627,0,-1,0
4,473,4847743,-157,-8176,690
13,472,4847765,1,0,0
4,474,4857793,-165,-8178,686
13,473,4857815,0,-2,0
4,475,4867700,-158,-8168,666
13,474,4867722,0,-2,0
4,476,4877824,-149,-8173,674
13,475,4877846,0,-1,0
4,477,4887915,-148,-8176,681
13,476,4887937,1,0,-1
4,478,4897996,-155,-8173,681
13,477,4898018,-1,-1,-1
4,479,4908034,-149,-8176,694
13,478,4908056,0,0,0
4,480,4918052,-138,-8167,687
13,479,4918074,0,0,0
4,481,4928071,-161,-8174,686
13,480,4928093,0,1,0
4,482,4938293,-159,-8176,687
13,481,4938315,0,1,0
4,483,4948199,-148,-8178,690
13,482,4948222,0,0,0
4,484,4958299,-150,-8176,682
13,483,4958321,2,2,0
4,485,4968386,-149,-8172,677
13,484,4968408,1,-1,0
4,486,4978482,-152,-8176,682
13,485,4978504,-1,-2,1
4,487,4988443,-161,-8174,680
13,486,4988465,-1,-2,0
4,488,4998583,-146,-8181,687
13,487,4998604,-1,-2,-1
4,489,5008513,-143,-8164,686
13,488,5008535,0,-2,0
4,490,5018770,-149,-8161,675
13,489,5018792,1,-1,0
4,491,5028672,-152,-8167,680
13,490,5028694,1,0,0
4,492,5038670,-142,-8172,680
13,491,5038692,-1,2,2
4,493,5048767,-166,-8169,693
13,492,5048789,1,1,1
4,494,5058856,-158,-8172,699
13,493,5058878,0,0,-1
4,495,5068928,-156,-8169,688
13,494,5068950,0,0,0
4,496,5079035,-148,-8173,677
13,495,5079057,1,0,0
4,497,5089058,-147,-8169,686
13,496,5089080,0,-2,0
4,498,5099156,-149,-8164,688
13,497,5099178,0,0,0
4,499,5109122,-152,-8167,696
13,498,5109144,0,1,2
4,500,5119161,-146,-8181,679
13,499,5119183,-1,-1,2
4,501,5129318,-148,-8155,661
13,500,5129340,0,-2,0
4,502,5139322,-151,-8168,683
13,501,5139344,1,1,0
4,503,5149389,-157,-8169,691
13,502,5149411,-1,2,0
4,504,5159338,-140,-8176,696
13,503,5159360,0,1,-1
4,505,5169460,-157,-8174,678
13,504,5169482,1,-2,0
4,506,5179642,-148,-8175,676
13,505,5179664,0,-1,0
4,507,5189552,-139,-8180,684
13,506,5189574,1,0,-2
4,508,5199623,-148,-8174,679
13,507,5199645,1,0,0
4,509,5209634,-156,-8181,691
13,508,5209656,0,-1,-1
4,510,5219787,-158,-8169,700
13,509,5219809,1,-2,0
4,511,5229793,-162,-8172,689
13,510,5229815,1,0,-2
4,512,5239809,-154,-8168,694
13,511,5239831,0,0,-2
4,513,5249850,-146,-8163,684
13,512,5249872,1,-2,0
4,514,5260051,-147,-8173,681
13,513,5260073,0,1,0
4,515,5269998,-163,-8173,692
13,514,5270019,0,1,0
4,516,5280072,-146,-8178,688
13,515,5280094,1,2,0
4,517,5290161,-132,-8171,694
13,516,5290183,1,1,0
4,518,5300208,-148,-8175,688
13,517,5300230,1,0,0
4,519,5310217,-160,-8176,680
13,518,5310239,0,-1,0
4,520,5320332,-149,-8173,697
13,519,5320354,0,-1,0
4,521,5330409,-156,-8164,690
13,520,5330431,0,0,1
4,522,5340527,-149,-8168,680
13,521,5340549,0,-1,3
4,523,5350483,-147,-8177,687
13,522,5350505,-1,0,0
4,524,5360511,-155,-8165,700
13,523,5360533,0,0,-2
4,525,5370568,-150,-8163,699
13,524,5370589,0,0,0
4,526,5380659,-147,-8183,680
13,525,5380681,0,1,0
4,527,5390705,-145,-8184,675
13,526,5390727,0,-2,0
4,528,5400785,-143,-8168,682
13,527,5400807,0,0,0
4,529,5410816,-151,-8174,672
13,528,5410838,0,0,-1
4,530,5420927,-155,-8170,685
13,529,5420949,0,2,1
4,531,5430915,-153,-8182,685
13,530,5430937,0,0,0
4,532,5441020,-154,-8170,681
13,531,5441042,0,2,0
4,533,5451124,-147,-8172,682
13,532,5451146,1,0,0
4,534,5461153,-148,-8179,685
13,533,5461175,1,-2,-2
4,535,5471182,-144,-8174,682
13,534,5471204,2,0,-2
4,536,5481239,-152,-8181,686
13,535,5481260,2,2,4
4,537,5491349,-145,-8168,694
13,536,5491371,0,0,0
4,538,5501417,-150,-8172,687
13,537,5501439,-1,-1,1
4,539,5511376,-146,-8182,685
13,538,5511398,1,1,1
4,540,5521417,-151,-8175,678
13,539,5521439,1,0,0
4,541,5531570,-138,-8171,683
13,540,5531592,0,0,-1
4,542,5541582,-157,-8180,696
13,541,5541603,-1,-1,0
4,543,5551534,-155,-8171,689
13,542,5551556,0,1,0
4,544,5561680,-148,-8166,686
13,543,5561730,-1,2,0
4,545,5571734,-151,-8156,679
13,544,5571756,-2,1,0
4,546,5581886,-153,-8174,683
13,545,5581908,0,0,1
4,547,5591838,-157,-8174,678
13,546,5591860,1,0,2
4,548,5601896,-142,-8179,682
13,547,5601918,1,0,1
4,549,5611918,-148,-8177,685
13,548,5611940,0,1,0
4,550,5622005,-160,-8178,684
13,549,5622026,0,0,0
4,551,5632025,-164,-8181,686
13,550,5632047,0,0,-1
4,552,5642083,-155,-8169,692
13,551,5642105,1,2,0
4,553,5652152,-152,-8179,689
13,552,5652174,0,1,1
4,554,5662279,-162,-8181,684
13,553,5662301,0,-1,2
4,555,5672189,-152,-8167,678
13,554,5672211,0,0,2
4,556,5682315,-164,-8175,684
13,555,5682337,1,1,1
4,557,5692398,-145,-8172,698
13,556,5692420,0,0,0
4,558,5702560,-144,-8166,688
13,557,5702582,1,0,0
4,559,5712519,-158,-8163,678
13,558,5712541,0,2,-1
4,560,5722585,-149,-8175,684
13,559,5722607,0,0,0
4,561,5732667,-156,-8172,675
13,560,5732689,-1,-2,0
4,562,5742768,-150,-8171,678
13,561,5742790,0,-1,-1
4,563,5752717,-164,-8181,682
13,562,5752739,0,0,1
4,564,5762781,-153,-8172,681
13,563,5762803,0,0,-1
4,565,5772911,-151,-8169,684
13,564,5772933,0,0,-2
4,566,5782953,-161,-8178,675
13,565,5782975,0,0,0
4,567,5792973,-153,-8186,679
13,566,5792995,0,0,2
4,568,5803091,-160,-8179,675
13,567,5803113,2,1,0
4,569,5813049,-151,-8165,682
13,568,5813071,3,0,1
4,570,5823288,-150,-8184,689
13,569,5823310,0,0,1
4,571,5833291,-147,-8179,688
13,570,5833313,1,1,0
4,572,5843303,-153,-8175,680
13,571,5843325,-1,1,2
4,573,5853349,-142,-8171,686
13,572,5853371,0,0,1
4,574,5863440,-145,-8168,688
13,573,5863462,2,0,0
4,575,5873480,-147,-8172,687
13,574,5873502,2,-3,0
4,576,5883529,-162,-8172,689
13,575,5883551,0,-1,0
4,577,5893616,-149,-8170,683
13,576,5893638,0,-1,2
4,578,5903817,-157,-8177,682
13,577,5903839,1,-5,1
4,579,5913713,-154,-8169,686
13,578,5913735,-4,0,0
4,580,5923821,-140,-8181,683
13,579,5923843,0,-1,0
4,581,5933830,-158,-8175,691
13,580,5933852,1,-1,0
4,582,5944023,-156,-8172,681
13,581,5944045,1,0,0
4,583,5953990,-151,-8170,684
13,582,5954012,1,-1,0
4,584,5963990,-145,-8174,696
13,583,5964012,1,1,-1
4,585,5974172,-145,-8163,677
13,584,5974194,0,-1,-1
4,586,5984258,-153,-8164,686
13,585,5984279,1,0,0
4,587,5994209,-144,-8170,683
13,586,5994231,1,0,1
4,588,6004200,-144,-8185,686
13,587,6004222,0,-2,1
4,589,6014331,-153,-8168,684
13,588,6014353,1,-2,0
4,590,6024472,-141,-8171,683
13,589,6024494,0,-1,0
4,591,6034412,-154,-8173,679
13,590,6034434,0,0,2
4,592,6044518,-146,-8175,689
13,591,6044540,0,0,2
4,593,6054586,-151,-8168,679
13,592,6054608,1,0,2
4,594,6064746,-158,-8182,681
13,593,6064768,0,0,0
4,595,6074711,-159,-8179,682
13,594,6074733,-1,-2,-1
4,596,6084779,-150,-8172,689
13,595,6084801,-1,0,-1
4,597,6094792,-160,-8167,687
13,596,6094814,0,0,-2
4,598,6104928,-156,-8172,682
13,597,6104950,-1,-1,-1
4,599,6115004,-152,-8175,686
13,598,6115026,0,0,0
4,600,6124996,-153,-8180,688
13,599,6125018,0,0,-2
4,601,6135032,-163,-8182,686
13,600,6135054,0,-2,-4
4,602,6145216,-152,-8173,687
13,601,6145238,0,0,0
4,603,6155183,-164,-8167,678
13,602,6155205,0,1,0
4,604,6165187,-148,-8181,684
13,603,6165209,-1,0,-1
4,605,6175315,-145,-8169,690
13,604,6175337,0,-1,0
4,606,6185481,-146,-8170,678
13,605,6185503,1,0,-1
4,607,6195525,-142,-8162,680
13,606,6195547,1,1,0
4,608,6205528,-147,-8172,699
13,607,6205550,1,0,0
4,609,6215567,-142,-8164,687
13,608,6215589,1,0,0
4,610,6225688,-156,-8179,679
13,609,6225710,2,-1,0
4,611,6235676,-158,-8174,686
13,610,6235698,-1,-1,-1
4,612,6245756,-146,-8170,682
13,611,6245778,-1,0,-2
4,613,6255741,-155,-8168,677
13,612,6255763,2,0,0
4,614,6265957,-155,-8178,690
13,613,6265979,2,1,0
4,615,6275844,-158,-8161,687
13,614,6275866,-1,-1,-1
4,616,6285961,-160,-8158,688
13,615,6285983,0,-2,-1
4,617,6296112,-159,-8169,689
13,616,6296134,0,0,0
4,618,6306225,-167,-8169,682
13,617,6306247,0,0,0
4,619,6316206,-146,-8163,683
13,618,6316228,0,-1,0
4,620,6326261,-151,-8174,681
13,619,6326283,0,0,0
4,621,6336249,-151,-8172,677
13,620,6336271,0,0,0
4,622,6346389,-147,-8171,677
13,621,6346411,0,0,0
4,623,6356408,-150,-8172,684
13,622,6356430,0,0,0
4,624,6366468,-158,-8176,691
13,623,6366490,0,-2,0
4,625,6376506,-151,-8172,678
13,624,6376527,0,-2,0
4,626,6386681,-144,-8177,675
13,625,6386703,2,2,1
4,627,6396568,-151,-8166,682
13,626,6396590,1,2,-2
4,628,6406722,-160,-8157,690
13,627,6406744,1,0,-1
4,629,6416758,-163,-8166,684
13,628,6416780,0,-2,0
4,630,6426821,-156,-8173,670
13,629,6426843,-2,-1,-2
4,631,6436991,-159,-8181,684
13,630,6437013,1,1,0
4,632,6446949,-149,-8166,682
13,631,6446972,1,-1,0
4,633,6457040,-151,-8167,681
13,632,6457062,-1,-1,0
4,634,6467187,-154,-8171,687
13,633,6467209,-1,0,1
4,635,6477195,-138,-8169,680
13,634,6477217,1,-1,0
4,636,6487202,-147,-8176,695
13,635,6487224,-1,1,-1
4,637,6497277,-154,-8173,689
13,636,6497299,1,0,0
4,638,6507329,-148,-8166,685
13,637,6507351,1,-3,0
4,639,6517327,-148,-8165,693
13,638,6517349,0,0,0
4,640,6527401,-150,-8176,690
13,639,6527423,0,1,0
4,641,6537380,-158,-8182,690
13,640,6537402,0,2,0
4,642,6547626,-150,-8174,696
13,641,6547648,-2,1,-1
4,643,6557589,-150,-8180,679
13,642,6557611,0,0,0
4,644,6567619,-147,-8172,680
13,643,6567641,0,0,0
4,645,6577737,-144,-8167,686
13,644,6577759,0,0,0
4,646,6587812,-154,-8174,682
13,645,6587834,0,2,0
4,647,6597845,-160,-8165,686
13,646,6597867,0,-1,0
4,648,6607879,-148,-8176,685
13,647,6607901,0,-3,0
4,649,6617945,-145,-8174,673
13,648,6617967,0,0,1
4,650,6628068,-159,-8174,682
13,649,6628090,1,1,-1
4,651,6638009,-158,-8171,692
13,650,6638031,0,-1,-2
4,652,6648109,-143,-8154,690
13,651,6648131,0,-1,0
4,653,6658100,-141,-8168,691
13,652,6658122,0,-1,0
4,654,6668242,-157,-8175,688
13,653,6668264,0,0,0
4,655,6678328,-155,-8166,684
13,654,6678350,0,0,0
4,656,6688317,-146,-8166,691
13,655,6688339,0,0,1
4,657,6698400,-153,-8169,688
13,656,6698422,4,2,1
4,658,6708497,-164,-8175,686
13,657,6708519,2,0,1
4,659,6718521,-159,-8182,676
13,658,6718543,0,-3,0
4,660,6728559,-154,-8172,686
13,659,6728581,0,0,-1
4,661,6738626,-151,-8166,688
13,660,6738648,0,0,0
4,662,6748711,-154,-8166,681
13,661,6748733,1,0,1
4,663,6758670,-163,-8170,687
13,662,6758692,1,1,1
4,664,6768781,-156,-8182,689
13,663,6768803,1,2,2
4,665,6778860,-147,-8165,692
13,664,6778882,0,2,0
4,666,6789022,-150,-8168,687
13,665,6789044,2,0,0
4,667,6798959,-150,-8175,688
13,666,6798981,1,0,0
4,668,6808979,-146,-8175,685
13,667,6809001,0,1,1
4,669,6819073,-149,-8163,699
13,668,6819122,0,0,0
4,670,6829265,-158,-8165,688
13,669,6829287,0,0,0
4,671,6839236,-149,-8160,691
13,670,6839258,1,2,1
4,672,6849293,-147,-8172,683
13,671,6849315,3,0,0
4,673,6859351,-164,-8177,693
13,672,6859373,0,-3,-1
4,674,6869465,-150,-8175,689
13,673,6869487,-1,1,1
4,675,6879464,-150,-8176,682
13,674,6879486,0,0,0
4,676,6889484,-149,-8166,684
13,675,6889506,2,0,0
4,677,6899564,-151,-8169,687
13,676,6899586,2,0,0
4,678,6909639,-151,-8172,694
13,677,6909661,1,0,-1
4,679,6919675,-160,-8175,686
13,678,6919697,0,2,0
4,680,6929727,-148,-8176,679
13,679,6929749,0,1,-4
4,681,6939895,-151,-8184,682
13,680,6939917,-1,0,0
4,682,6949975,-152,-8176,683
13,681,6949997,0,0,0
4,683,6959941,-163,-8185,684
13,682,6959963,0,1,-1
4,684,6969932,-144,-8185,683
13,683,6969954,1,0,0
4,685,6980058,-150,-8158,684
13,684,6980080,0,0,0
4,686,6990127,-149,-8161,689
13,685,6990149,-1,4,0
4,687,7000166,-147,-8170,684
13,686,7000188,0,1,-1
4,688,7010138,-152,-8170,690
13,687,7010160,2,0,-1
4,689,7020288,-157,-8178,677
13,688,7020310,1,-1,0
4,690,7030418,-152,-8177,681
13,689,7030440,0,1,1
4,691,7040399,-160,-8165,694
13,690,7040421,-1,0,0
4,692,7050453,-152,-8173,682
13,691,7050475,0,-1,1
4,693,7060454,-143,-8174,686
13,692,7060476,-1,0,0
4,694,7070624,-150,-8164,699
13,693,7070646,-1,-2,-2
4,695,7080636,-146,-8171,690
13,694,7080658,0,0,0
4,696,7090705,-151,-8174,682
13,695,7090727,0,-2,2
4,697,7100697,-157,-8160,680
13,696,7100719,0,-3,0
4,698,7110936,-149,-8162,686
13,697,7110958,0,1,0
4,699,7120849,-142,-8166,693
13,698,7120871,0,0,0
4,700,7130821,-161,-8166,696
13,699,7130843,0,0,0
4,701,7140952,-162,-8176,688
13,700,7140974,2,-1,0
4,702,7151053,-145,-8167,680
13,701,7151074,2,0,-2
4,703,7161080,-149,-8166,674
13,702,7161102,0,2,-1
4,704,7171105,-155,-8171,688
13,703,7171127,1,1,0
4,705,7181186,-146,-8165,688
13,704,7181208,0,0,1
4,706,7191355,-151,-8173,676
13,705,7191377,-1,0,0
4,707,7201308,-153,-8171,685
13,706,7201330,2,-1,0
4,708,7211337,-157,-8166,683
13,707,7211359,0,0,0
4,709,7221443,-149,-8174,687
13,708,7221465,0,0,0
4,710,7231515,-146,-8172,690
13,709,7231537,0,0,0
4,711,7241479,-147,-8171,689
13,710,7241501,1,0,0
4,712,7251572,-140,-8182,682
13,711,7251594,1,-1,0
4,713,7261633,-148,-8184,680
13,712,7261655,1,-2,1
4,714,7271733,-152,-8175,679
13,713,7271755,1,0,0
4,715,7281756,-154,-8169,685
13,714,7281778,0,1,0
4,716,7291854,-141,-8162,673
13,715,7291876,1,1,0
4,717,7301806,-152,-8163,675
13,716,7301828,1,0,-1
4,718,7311927,-164,-8169,683
13,717,7311976,1,1,0
4,719,7321991,-143,-8173,679
13,718,7322013,0,0,0
4,720,7332087,-152,-8172,697
13,719,7332109,0,-2,0
4,721,7342100,-160,-8170,692
13,720,7342122,0,-3,0
4,722,7352186,-158,-8172,680
13,721,7352208,0,0,0
4,723,7362230,-155,-8162,693
13,722,7362252,0,1,0
4,724,7372259,-165,-8165,685
13,723,7372281,-2,1,0
4,725,7382296,-163,-8163,678
13,724,7382318,-1,1,0
4,726,7392386,-150,-8178,690
13,725,7392408,0,1,-2
4,727,7402401,-152,-8166,687
13,726,7402423,0,-3,0
4,728,7412489,-159,-8174,694
13,727,7412510,0,0,0
4,729,7422543,-151,-8175,691
13,728,7422565,0,1,-1
4,730,7432613,-144,-8162,695
13,729,7432635,0,-1,0
4,731,7442650,-156,-8170,687
13,730,7442672,1,-4,0
4,732,7452741,-154,-8172,680
13,731,7452763,2,-1,1
4,733,7462764,-155,-8162,668
13,732,7462786,0,0,2
4,734,7472891,-151,-8164,683
13,733,7472913,-1,-1,0
4,735,7482861,-147,-8170,669
13,734,7482883,0,2,0
4,736,7492843,-150,-8166,674
13,735,7492865,0,0,0
4,737,7502949,-156,-8162,694
13,736,7502970,0,-3,1
4,738,7513037,-142,-8166,695
13,737,7513059,-1,-4,1
4,739,7523036,-161,-8168,686
13,738,7523058,-1,0,1
4,740,7533108,-156,-8168,684
13,739,7533130,0,-1,0
4,741,7543218,-161,-8165,688
13,740,7543240,-1,0,0
4,742,7553233,-149,-8167,682
13,741,7553255,0,-1,0
4,743,7563355,-144,-8174,681
13,742,7563377,0,-1,-1
4,744,7573262,-159,-8175,685
13,743,7573284,0,-1,0
4,745,7583460,-145,-8169,691
13,744,7583482,0,0,1
4,746,7593528,-143,-8171,684
13,745,7593550,0,2,0
4,747,7603417,-152,-8165,674
13,746,7603439,0,-2,0
4,748,7613536,-149,-8164,687
13,747,7613558,1,-1,0
4,749,7623566,-142,-8160,672
13,748,7623588,0,0,1
4,750,7633659,-149,-8162,692
13,749,7633681,-1,0,0
4,751,7643726,-157,-8164,692
13,750,7643748,-2,0,0
4,752,7653737,-148,-8167,683
13,751,7653759,0,0,-2
4,753,7663770,-147,-8173,684
13,752,7663792,0,-1,0
4,754,7673947,-155,-8179,691
13,753,7673969,0,-2,2
4,755,7683906,-143,-8170,679
13,754,7683928,0,-1,-1
4,756,7694035,-148,-8165,681
13,755,7694057,0,0,0
4,757,7704033,-162,-8161,680
13,756,7704055,-1,1,2
4,758,7714163,-148,-8161,676
13,757,7714185,0,1,2
4,759,7724075,-153,-8174,679
13,758,7724097,2,0,-1
4,760,7734162,-152,-8165,691
13,759,7734184,0,0,0
4,761,7744210,-157,-8161,683
13,760,7744232,0,0,0
4,762,7754373,-153,-8168,680
13,761,7754395,0,0,0
4,763,7764326,-147,-8171,681
13,762,7764348,0,1,0
4,764,7774314,-144,-8167,680
13,763,7774336,0,0,0
4,765,7784424,-146,-8183,689
13,764,7784446,0,0,0
4,766,7794481,-152,-8174,686
13,765,7794503,1,0,1
4,767,7804534,-156,-8164,686
13,766,7804556,0,0,0
4,768,7814537,-154,-8167,685
13,767,7814558,0,1,1
4,769,7824688,-144,-8168,679
13,768,7824710,1,-2,0
4,770,7834836,-159,-8174,672
13,769,7834858,1,-1,0
4,771,7844808,-163,-8172,685
13,770,7844830,1,-2,0
4,772,7854899,-140,-8175,690
13,771,7854920,0,0,-1
4,773,7864893,-151,-8166,684
13,772,7864915,0,-2,0
4,774,7874971,-142,-8156,688
13,773,7874993,2,-5,0
4,775,7885022,-139,-8155,684
13,774,7885044,2,-1,0
4,776,7895067,-146,-8169,674
13,775,7895089,0,1,0
4,777,7905143,-154,-8174,678
13,776,7905165,0,0,-1
4,778,7915265,-151,-8170,690
13,777,7915287,1,0,-1
4,779,7925234,-144,-8162,679
13,778,7925256,1,1,-1
4,780,7935283,-156,-8178,676
13,779,7935305,0,1,-1
4,781,7945367,-146,-8173,696
13,780,7945389,-2,0,0
4,782,7955483,-149,-8175,691
13,781,7955505,0,-2,0
4,783,7965535,-148,-8169,685
13,782,7965557,2,-4,-1
4,784,7975523,-153,-8168,693
13,783,7975545,2,0,-1
4,785,7985552,-156,-8173,693
13,784,7985574,1,0,-1
4,786,7995691,-161,-8171,685
13,785,7995712,0,0,0
4,787,8005657,-149,-8171,683
13,786,8005679,0,2,1
4,788,8015782,-154,-8156,683
13,787,8015804,0,-1,2
4,789,8025770,-143,-8162,691
13,788,8025792,0,-2,0
4,790,8035883,-156,-8166,680
13,789,8035905,-1,2,-1
4,791,8045889,-159,-8174,684
13,790,8045911,0,-2,-1
4,792,8056019,-149,-8172,693
13,791,8056068,0,-5,-1
4,793,8066020,-155,-8174,694
13,792,8066070,0,-4,-2
4,794,8076192,-151,-8174,683
13,793,8076214,1,0,0
4,795,8086139,-158,-8168,678
13,794,8086161,1,0,0
4,796,8096246,-151,-8177,680
13,795,8096268,0,0,0
4,797,8106241,-150,-8159,687
13,796,8106263,0,0,0
4,798,8116232,-148,-8174,683
13,797,8116254,0,-1,-1
4,799,8126325,-163,-8184,690
13,798,8126347,1,0,0
4,800,8136372,-166,-8164,683
13,799,8136394,2,0,1
4,801,8146439,-156,-8166,687
13,800,8146461,-1,-1,0
4,802,8156578,-155,-8172,693
13,801,8156599,0,-3,0
4,803,8166539,-160,-8166,682
13,802,8166561,0,-1,-2
4,804,8176639,-143,-8172,679
13,803,8176661,-1,-1,-1
4,805,8186660,-156,-8173,687
13,804,8186682,0,0,-1
4,806,8196797,-161,-8170,685
13,805,8196819,0,0,0
4,807,8206836,-155,-8177,684
13,806,8206858,0,-1,0
4,808,8216883,-147,-8167,680
13,807,8216905,0,-1,2
4,809,8226956,-140,-8163,685
13,808,8226978,0,-1,1
4,810,8236997,-151,-8169,688
13,809,8237019,-1,0,1
4,811,8247034,-159,-8175,690
13,810,8247056,0,1,0
4,812,8257071,-158,-8166,669
13,811,8257093,1,0,-1
4,813,8267191,-155,-8173,671
13,812,8267213,1,1,-2
4,814,8277222,-155,-8183,679
13,813,8277244,0,0,0
4,815,8287253,-144,-8170,688
13,814,8287275,1,-2,0
4,816,8297347,-140,-8161,690
13,815,8297369,-1,0,0
4,817,8307345,-144,-8172,700
13,816,8307367,-1,0,0
4,818,8317538,-145,-8169,686
13,817,8317560,0,0,2
4,819,8327487,-142,-8165,692
13,818,8327509,0,-2,0
4,820,8337616,-150,-8162,697
13,819,8337638,1,-1,0
4,821,8347588,-155,-8168,687
13,820,8347610,1,2,-1
4,822,8357666,-151,-8175,688
13,821,8357688,1,1,1
4,823,8367787,-148,-8170,688
13,822,8367809,1,-1,1
4,824,8377669,-154,-8164,689
13,823,8377691,0,-2,0
4,825,8387824,-153,-8170,685
13,824,8387846,0,-2,-2
4,826,8397981,-154,-8166,686
13,825,8398003,0,-1,0
4,827,8407889,-154,-8168,681
13,826,8407911,-1,0,0
4,828,8417945,-143,-8169,685
13,827,8417967,-2,0,-1
4,829,8428000,-142,-8175,677
13,828,8428022,1,0,0
4,830,8438117,-147,-8175,684
13,829,8438166,-1,0,1
4,831,8448144,-155,-8164,701
13,830,8448166,0,2,1
4,832,8458226,-151,-8169,690
13,831,8458248,0,0,1
4,833,8468300,-146,-8172,676
13,832,8468322,2,-3,0
4,834,8478406,-156,-8172,685
13,833,8478428,2,1,1
4,835,8488405,-148,-8179,677
13,834,8488427,0,1,0
4,836,8498387,-157,-8175,681
13,835,8498409,0,0,0
4,837,8508538,-144,-8164,683
13,836,8508560,0,0,0
4,838,8518546,-156,-8164,689
13,837,8518568,0,0,-1
4,839,8528536,-148,-8178,683
13,838,8528557,-1,0,-1
4,840,8538679,-145,-8168,682
13,839,8538701,0,0,0
4,841,8548712,-156,-8171,681
13,840,8548734,-1,0,0
4,842,8558880,-141,-8181,690
13,841,8558902,1,2,-1
4,843,8568743,-138,-8173,686
13,842,8568765,2,0,0
4,844,8578873,-156,-8171,687
13,843,8578895,0,0,1
4,845,8588983,-155,-8169,688
13,844,8589005,0,-2,0
4,846,8598981,-149,-8169,683
13,845,8599003,2,-1,2
4,847,8609047,-163,-8158,688
13,846,8609069,3,1,0
4,848,8619044,-158,-8160,686
13,847,8619066,0,0,0
4,849,8629103,-150,-8164,692
13,848,8629125,0,-2,0
4,850,8639262,-157,-8162,688
13,849,8639284,2,-1,1
4,851,8649237,-153,-8156,689
13,850,8649259,1,0,2
4,852,8659232,-155,-8170,681
13,851,8659254,-1,0,0
4,853,8669364,-150,-8181,684
13,852,8669386,0,0,0
4,854,8679473,-154,-8177,685
13,853,8679495,0,-1,2
4,855,8689465,-155,-8174,683
13,854,8689487,0,0,0
4,856,8699465,-141,-8179,694
13,855,8699514,0,2,1
4,857,8709603,-149,-8168,701
13,856,8709625,1,0,0
4,858,8719753,-154,-8171,689
13,857,8719775,0,-2,0
4,859,8729655,-163,-8164,679
13,858,8729677,0,1,0
4,860,8739749,-147,-8164,688
13,859,8739771,0,1,-1
4,861,8749843,-153,-8174,690
13,860,8749865,1,-2,-2
4,862,8759934,-145,-8172,679
13,861,8759956,0,-4,0
4,863,8769886,-157,-8158,679
13,862,8769908,1,-2,1
4,864,8779950,-157,-8162,687
13,863,8779972,0,0,0
4,865,8789953,-140,-8173,684
13,864,8789975,-1,-1,-1
4,866,8800150,-146,-8164,691
13,865,8800172,-1,-1,0
4,867,8810127,-154,-8172,692
13,866,8810149,0,0,0
4,868,8820117,-148,-8166,685
13,867,8820139,0,0,1
4,869,8830327,-146,-8181,681
13,868,8830349,0,0,2
4,870,8840284,-149,-8173,674
13,869,8840306,1,0,0
4,871,8850373,-152,-8166,680
13,870,8850395,0,-1,2
4,872,8860462,-159,-8174,692
13,871,8860484,0,0,1
4,873,8870465,-150,-8165,683
13,872,8870486,-1,1,0
4,874,8880636,-156,-8176,678
13,873,8880658,0,0,0
4,875,8890583,-159,-8170,683
13,874,8890605,0,0,2
4,876,8900562,-145,-8164,679
13,875,8900584,0,0,1
4,877,8910681,-146,-8173,677
13,876,8910702,2,0,0
4,878,8920769,-160,-8163,689
13,877,8920791,0,1,0
4,879,8930825,-154,-8161,686
13,878,8930847,1,-1,0
4,880,8940858,-151,-8177,693
13,879,8940880,0,1,-1
4,881,8950962,-140,-8161,692
13,880,8950984,0,2,-1
4,882,8961037,-154,-8174,686
13,881,8961059,1,0,0
4,883,8971059,-164,-8172,677
13,882,8971081,2,0,1
4,884,8981125,-148,-8171,683
13,883,8981147,0,-1,0
4,885,8991141,-150,-8170,694
13,884,8991163,0,-1,2
4,886,9001341,-146,-8170,692
13,885,9001363,1,0,-1
4,887,9011280,-146,-8172,682
13,886,9011302,0,1,0
4,888,9021363,-145,-8169,681
13,887,9021385,1,2,-1
4,889,9031409,-151,-8170,681
13,888,9031431,2,0,1
4,890,9041604,-152,-8176,686
13,889,9041626,2,0,0
4,891,9051587,-158,-8162,689
13,890,9051609,0,1,1
4,892,9061629,-161,-8175,688
13,891,9061679,0,-2,-1
4,893,9071663,-156,-8173,692
13,892,9071685,1,0,0
4,894,9081726,-155,-8176,691
13,893,9081748,0,-1,3
4,895,9091780,-159,-8170,691
13,894,9091802,-1,0,0
4,896,9101764,-151,-8163,689
13,895,9101786,2,-1,-1
4,897,9111863,-144,-8171,680
13,896,9111885,1,-1,-1
4,898,9122010,-156,-8171,689
13,897,9122032,0,0,1
4,899,9131966,-158,-8169,687
13,898,9131988,0,-1,0
4,900,9142039,-155,-8165,689
13,899,9142061,0,-2,0
4,901,9152076,-147,-8167,686
13,900,9152098,0,0,0
4,902,9162184,-147,-8170,680
13,901,9162205,1,0,0
4,903,9172175,-157,-8173,685
13,902,9172197,2,-1,0
4,904,9182265,-139,-8173,688
13,903,9182287,1,0,0
4,905,9192378,-138,-8167,698
13,904,9192400,2,2,1
4,906,9202497,-154,-8166,675
13,905,9202519,0,0,0
4,907,9212489,-149,-8158,678
13,906,9212511,0,-1,0
4,908,9222469,-159,-8174,692
13,907,9222491,0,1,0
4,909,9232603,-147,-8174,694
13,908,9232625,1,-1,2
4,910,9242688,-149,-8173,680
13,909,9242710,3,-1,1
4,911,9252660,-150,-8170,680
13,910,9252681,0,0,3
4,912,9262731,-152,-8178,688
13,911,9262753,0,-2,0
4,913,9272748,-155,-8176,684
13,912,9272770,0,-3,0
4,914,9282981,-149,-8174,690
13,913,9283003,-1,0,1
4,915,9292911,-158,-8158,692
13,914,9292933,-2,1,0
4,916,9302983,-154,-8171,686
13,915,9303005,0,0,0
4,917,9313034,-151,-8165,690
13,916,9313056,2,1,1
4,918,9323091,-134,-8155,704
13,917,9323140,0,0,-1
4,919,9333217,-149,-8171,694
13,918,9333239,0,1,-2
4,920,9343263,-157,-8160,689
13,919,9343285,0,1,1
4,921,9353335,-143,-8170,686
13,920,9353357,0,0,0
4,922,9363436,-147,-8168,686
13,921,9363458,0,0,0
4,923,9373345,-150,-8165,698
13,922,9373367,0,-2,-1
4,924,9383448,-147,-8165,684
13,923,9383469,-3,-3,0
4,925,9393551,-153,-8169,699
13,924,9393573,-2,-2,3
4,926,9403622,-151,-8167,690
13,925,9403643,1,0,0
4,927,9413625,-142,-8144,680
13,926,9413647,0,-1,-2
4,928,9423680,-151,-8167,676
13,927,9423702,-1,0,0
4,929,9433727,-144,-8182,684
13,928,9433748,0,0,-1
4,930,9443925,-151,-8172,689
13,929,9443947,2,0,0
4,931,9453873,-164,-8165,685
13,930,9453895,1,0,2
4,932,9463935,-155,-8172,676
13,931,9463957,0,1,0
4,933,9473993,-155,-8154,682
13,932,9474015,0,1,-1
4,934,9484053,-149,-8167,680
13,933,9484075,2,-1,1
4,935,9494088,-152,-8171,684
13,934,9494110,1,-1,2
4,936,9504204,-147,-8177,687
13,935,9504226,1,0,2
4,937,9514227,-155,-8173,686
13,936,9514249,0,0,0
4,938,9524331,-157,-8176,681
13,937,9524353,2,0,-1
4,939,9534252,-146,-8168,683
13,938,9534274,2,0,0
4,940,9544398,-160,-8169,679
13,939,9544420,0,-1,0
4,941,9554431,-155,-8168,674
13,940,9554453,0,-2,0
4,942,9564529,-153,-8161,684
13,941,9564551,0,-1,-2
4,943,9574505,-149,-8176,681
13,942,9574555,1,0,-1
4,944,9584656,-152,-8172,691
13,943,9584678,0,0,-1
4,945,9594671,-152,-8169,692
13,944,9594693,0,0,0
4,946,9604811,-159,-8177,684
13,945,9604833,0,2,0
4,947,9614796,-159,-8182,687
13,946,9614818,0,2,-2
4,948,9624775,-151,-8173,681
13,947,9624797,-2,0,0
4,949,9634882,-143,-8167,683
13,948,9634904,-1,-1,-1
4,950,9644980,-149,-8162,685
13,949,9645002,1,0,1
4,951,9654992,-154,-8164,676
13,950,9655014,0,-1,0
4,952,9664974,-146,-8169,684
13,951,9664996,-1,0,0
4,953,9675180,-163,-8177,675
13,952,9675202,0,2,1
4,954,9685286,-158,-8171,681
13,953,9685308,-2,2,1
4,955,9695146,-155,-8174,687
13,954,9695168,0,1,2
4,956,9705288,-152,-8170,691
13,955,9705310,0,0,0
4,957,9715324,-153,-8164,690
13,956,9715346,0,-1,-1
4,958,9725441,-137,-8163,688
13,957,9725463,0,0,0
4,959,9735425,-141,-8170,685
13,958,9735447,0,0,1
4,960,9745472,-146,-8169,682
13,959,9745493,0,-1,2
4,961,9755511,-157,-8172,684
13,960,9755533,0,0,0
4,962,9765673,-141,-8170,689
13,961,9765695,0,0,0
4,963,9775566,-146,-8164,693
13,962,9775588,0,0,-1
4,964,9785676,-154,-8173,684
13,963,9785698,-1,0,1
4,965,9795732,-147,-8168,682
13,964,9795754,0,1,0
4,966,9805746,-160,-8172,694
13,965,9805768,0,0,2
4,967,9815836,-154,-8177,684
13,966,9815885,0,2,0
4,968,9825884,-145,-8167,685
13,967,9825906,0,2,0
4,969,9835918,-138,-8168,674
13,968,9835940,-3,2,-1
4,970,9846119,-154,-8172,683
13,969,9846141,0,0,-2
4,971,9856096,-156,-8159,693
13,970,9856118,-1,1,-1
4,972,9866090,-146,-8167,689
13,971,9866112,-2,-2,0
4,973,9876153,-155,-8167,685
13,972,9876175,-1,1,0
4,974,9886252,-158,-8180,683
13,973,9886274,-1,1,-1
4,975,9896301,-155,-8167,691
13,974,9896323,0,1,-3
4,976,9906318,-137,-8172,682
13,975,9906340,1,-1,0
4,977,9916344,-157,-8168,689
13,976,9916366,0,-2,2
4,978,9926579,-151,-8177,689
13,977,9926628,-1,0,0
4,979,9936515,-148,-8163,687
13,978,9936537,1,1,-1
4,980,9946550,-156,-8167,687
13,979,9946599,0,0,1
4,981,9956653,-154,-8168,676
13,980,9956675,0,0,0
4,982,9966728,-136,-8170,680
13,981,9966750,-2,0,0
4,983,9976825,-160,-8177,688
13,982,9976847,-2,1,0
4,984,9986809,-165,-8173,689
13,983,9986831,0,1,0
4,985,9996833,-156,-8165,688
13,984,9996855,1,0,0
4,986,10007017,-152,-8170,696
13,985,10007039,0,0,1
4,987,10017032,-152,-8166,679
13,986,10017053,-1,-1,0
4,988,10027023,-149,-8163,688
13,987,10027045,0,1,0
4,989,10037152,-148,-8174,686
13,988,10037174,-2,2,0
4,990,10047161,-151,-8172,688
13,989,10047183,-2,1,-1
4,991,10057162,-141,-8166,688
13,990,10057184,0,0,1
4,992,10067248,-143,-8160,685
13,991,10067270,0,-1,1
4,993,10077289,-139,-8173,677
13,992,10077311,0,0,0
4,994,10087481,-146,-8177,689
13,993,10087503,-2,-2,-1
4,995,10097461,-150,-8165,688
13,994,10097483,-1,0,0
4,996,10107568,-159,-8177,690
13,995,10107590,2,2,0
4,997,10117543,-157,-8177,680
13,996,10117565,0,-1,-1
4,998,10127737,-152,-8176,677
13,997,10127759,0,1,0
4,999,10137637,-159,-8175,690
13,998,10137659,-3,0,0
4,1000,10147822,-150,-8168,681
13,999,10147844,-1,0,0
4,1001,10157831,-146,-8172,682
13,1000,10157853,0,1,1
4,1002,10167885,-157,-8184,687
13,1001,10167907,0,-1,-1
4,1003,10177917,-146,-8169,686
13,1002,10177939,0,1,-3
4,1004,10187954,-148,-8168,680
13,1003,10187976,0,0,-1
4,1005,10198075,-153,-8166,682
13,1004,10198097,0,-2,0
4,1006,10208194,-153,-8168,685
13,1005,10208216,-2,-2,0
4,1007,10218166,-147,-8168,676
13,1006,10218188,0,0,0
4,1008,10228230,-152,-8170,686
13,1007,10228252,0,1,1
4,1009,10238284,-153,-8171,699
13,1008,10238306,-1,2,2
4,1010,10248436,-153,-8170,685
13,1009,10248458,-2,0,1
4,1011,10258441,-152,-8172,685
13,1010,10258463,0,0,0
4,1012,10268438,-154,-8161,680
13,1011,10268460,0,-3,0
4,1013,10278547,-144,-8162,677
13,1012,10278569,1,-1,0
4,1014,10288550,-151,-8161,694
13,1013,10288572,0,0,0
4,1015,10298644,-150,-8170,686
13,1014,10298666,0,1,0
4,1016,10308671,-146,-8172,682
13,1015,10308692,-1,1,0
4,1017,10318782,-149,-8167,683
13,1016,10318804,-1,0,0
4,1018,10328913,-139,-8171,681
13,1017,10328935,0,0,0
4,1019,10338819,-139,-8177,679
13,1018,10338841,1,-1,0
4,1020,10348928,-147,-8169,694
13,1019,10348950,0,0,0
4,1021,10358936,-149,-8168,696
13,1020,10358958,0,0,0
4,1022,10369067,-145,-8163,695
13,1021,10369089,0,0,0
4,1023,10379003,-145,-8168,691
13,1022,10379025,0,-1,0
4,1024,10389154,-145,-8179,681
13,1023,10389176,0,0,0
4,1025,10399190,-151,-8173,693
13,1024,10399212,0,0,0
4,1026,10409355,-152,-8175,683
13,1025,10409377,0,-1,0
4,1027,10419349,-153,-8174,681
13,1026,10419371,0,0,0
4,1028,10429360,-153,-8179,692
13,1027,10429382,-1,0,0
4,1029,10439401,-160,-8162,689
13,1028,10439423,1,0,0
4,1030,10449529,-149,-8169,694
13,1029,10449551,-1,-1,2
4,1031,10459555,-155,-8165,694
13,1030,10459577,-1,0,2
4,1032,10469605,-157,-8161,685
13,1031,10469627,-1,1,-1
4,1033,10479676,-146,-8171,677
13,1032,10479698,2,0,0
4,1034,10489764,-151,-8181,692
13,1033,10489786,0,1,-2
4,1035,10499721,-146,-8176,686
13,1034,10499743,0,0,-1
4,1036,10509779,-132,-8162,682
13,1035,10509801,0,1,-1
4,1037,10519839,-165,-8161,686
13,1036,10519861,0,0,0
4,1038,10529975,-158,-8160,696
13,1037,10529997,-1,-2,-1
4,1039,10539934,-145,-8174,691
13,1038,10539956,0,-1,-2
4,1040,10549943,-156,-8181,681
13,1039,10549965,1,0,0
4,1041,10560035,-156,-8177,682
13,1040,10560057,0,-2,0
4,1042,10570225,-159,-8174,689
13,1041,10570247,0,1,0
4,1043,10580253,-150,-8164,685
13,1042,10580275,1,2,-2
4,1044,10590212,-154,-8173,681
13,1043,10590234,2,-2,-1
4,1045,10600279,-160,-8167,683
13,1044,10600301,1,-2,0
4,1046,10610346,-154,-8176,666
13,1045,10610368,0,-1,0
4,1047,10620441,-161,-8157,680
13,1046,10620463,0,-2,0
4,1048,10630414,-144,-8162,683
13,1047,10630436,0,0,0
4,1049,10640509,-151,-8174,679
13,1048,10640531,0,0,0
4,1050,10650648,-144,-8173,679
13,1049,10650670,1,2,0
4,1051,10660655,-150,-8167,677
13,1050,10660677,0,0,0
4,1052,10670668,-156,-8169,677
13,1051,10670690,1,-1,0
4,1053,10680652,-157,-8167,672
13,1052,10680674,2,1,0
4,1054,10690829,-153,-8168,693
13,1053,10690878,1,1,0
4,1055,10700873,-149,-8170,682
13,1054,10700895,0,2,-1
4,1056,10710919,-154,-8169,688
13,1055,10710941,3,0,0
4,1057,10720985,-152,-8160,687
13,1056,10721007,4,-2,1
4,1058,10731109,-137,-8161,685
13,1057,10731131,3,2,-1
4,1059,10741078,-143,-8168,689
13,1058,10741100,1,1,0
4,1060,10751098,-161,-8173,692
13,1059,10751120,0,1,-2
4,1061,10761170,-157,-8160,686
13,1060,10761192,-1,0,-3
4,1062,10771246,-150,-8161,692
13,1061,10771267,0,-1,0
4,1063,10781292,-148,-8168,684
13,1062,10781314,1,-1,0
4,1064,10791349,-161,-8174,676
13,1063,10791371,0,0,-1
4,1065,10801347,-149,-8162,678
13,1064,10801369,0,1,0
4,1066,10811590,-155,-8180,685
13,1065,10811612,0,0,0
4,1067,10821484,-142,-8174,682
13,1066,10821533,-1,0,0
4,1068,10831639,-146,-8161,681
13,1067,10831661,0,-2,1
4,1069,10841628,-159,-8169,685
13,1068,10841650,1,-1,0
4,1070,10851734,-151,-8169,683
13,1069,10851756,2,0,1
4,1071,10861801,-149,-8168,680
13,1070,10861823,0,0,0
4,1072,10871771,-145,-8177,681
13,1071,10871793,0,-1,1
4,1073,10881871,-144,-8169,671
13,1072,10881893,-2,0,1
4,1074,10891998,-143,-8169,697
13,1073,10892020,0,-1,3
4,1075,10902013,-150,-8163,680
13,1074,10902035,1,-1,0
4,1076,10912015,-139,-8175,677
13,1075,10912037,0,0,0
4,1077,10922056,-145,-8169,683
13,1076,10922078,0,0,-1
4,1078,10932243,-153,-8173,689
13,1077,10932292,2,0,-1
4,1079,10942139,-153,-8175,691
13,1078,10942160,0,0,0
4,1080,10952263,-150,-8166,687
13,1079,10952285,0,0,1
4,1081,10962366,-152,-8175,678
13,1080,10962388,2,0,0
4,1082,10972456,-147,-8178,681
13,1081,10972478,1,0,0
4,1083,10982431,-143,-8183,692
13,1082,10982453,-1,0,0
4,1084,10992436,-141,-8172,691
13,1083,10992458,2,0,-1
4,1085,11002509,-157,-8167,678
13,1084,11002531,1,0,0
4,1086,11012580,-164,-8169,692
13,1085,11012602,-1,-1,0
4,1087,11022596,-148,-8164,687
13,1086,11022618,-2,-1,0
4,1088,11032696,-164,-8173,683
13,1087,11032718,0,0,2
4,1089,11042693,-159,-8174,685
13,1088,11042715,2,2,0
4,1090,11052967,-145,-8169,668
13,1089,11052989,0,1,0
4,1091,11062813,-157,-8185,690
13,1090,11062835,0,0,0
4,1092,11072953,-157,-8175,681
13,1091,11072975,0,1,0
4,1093,11082957,-157,-8174,683
13,1092,11082979,0,-2,0
4,1094,11092993,-139,-8153,690
13,1093,11093015,1,3,0
4,1095,11103110,-147,-8164,689
13,1094,11103132,0,3,0
4,1096,11113116,-145,-8165,688
13,1095,11113138,1,0,0
4,1097,11123156,-156,-8171,696
13,1096,11123178,0,0,-1
4,1098,11133235,-163,-8171,688
13,1097,11133257,1,-1,-2
4,1099,11143250,-156,-8169,682
13,1098,11143272,0,0,-1
4,1100,11153366,-155,-8167,688
13,1099,11153388,0,1,-2
4,1101,11163309,-148,-8175,689
13,1100,11163331,0,0,-3
4,1102,11173448,-145,-8164,697
13,1101,11173470,0,0,0
4,1103,11183450,-158,-8171,698
13,1102,11183472,1,0,1
4,1104,11193531,-149,-8172,688
13,1103,11193580,0,-1,1
4,1105,11203578,-148,-8165,681
13,1104,11203600,1,0,0
4,1106,11213754,-148,-8167,680
13,1105,11213776,0,0,0
4,1107,11223649,-155,-8168,684
13,1106,11223671,-1,0,0
4,1108,11233768,-159,-8182,694
13,1107,11233790,0,-2,0
4,1109,11243824,-159,-8174,681
13,1108,11243846,0,0,1
4,1110,11253870,-138,-8170,682
13,1109,11253892,0,0,0
4,1111,11263863,-150,-8174,680
13,1110,11263885,0,0,0
4,1112,11273935,-150,-8159,675
13,1111,11273957,1,0,-1
4,1113,11284023,-144,-8160,673
13,1112,11284045,0,1,-2
4,1114,11294112,-150,-8179,681
13,1113,11294134,-1,0,2
4,1115,11304104,-150,-8172,682
13,1114,11304126,0,-1,2
4,1116,11314211,-158,-8156,679
13,1115,11314233,0,0,0
4,1117,11324305,-143,-8164,688
13,1116,11324327,-1,1,1
4,1118,11334360,-176,-8172,686
13,1117,11334382,0,1,0
4,1119,11344370,-154,-8175,678
13,1118,11344392,0,0,-2
4,1120,11354386,-151,-8174,683
13,1119,11354408,0,0,0
4,1121,11364448,-143,-8176,677
13,1120,11364470,0,-2,0
4,1122,11374615,-156,-8172,694
13,1121,11374636,0,-1,0
4,1123,11384488,-156,-8174,687
13,1122,11384510,0,1,0
4,1124,11394658,-154,-8166,685
13,1123,11394679,0,1,-1
4,1125,11404611,-153,-8168,696
13,1124,11404633,0,0,0
4,1126,11414742,-149,-8168,697
13,1125,11414764,-1,0,0
4,1127,11424850,-151,-8170,696
13,1126,11424872,0,1,1
4,1128,11434834,-144,-8168,679
13,1127,11434856,0,0,1
4,1129,11444939,-147,-8179,683
13,1128,11444961,-1,0,1
4,1130,11455057,-147,-8170,682
13,1129,11455079,-1,1,1
4,1131,11464944,-151,-8171,684
13,1130,11464966,0,0,1
4,1132,11475075,-154,-8176,688
13,1131,11475097,-1,0,-2
4,1133,11485109,-141,-8171,683
13,1132,11485131,-1,0,0
4,1134,11495188,-158,-8164,675
13,1133,11495210,0,0,0
4,1135,11505202,-150,-8174,682
13,1134,11505224,0,0,-2
4,1136,11515245,-140,-8172,680
13,1135,11515267,0,2,0
4,1137,11525226,-159,-8171,682
13,1136,11525248,-1,2,2
4,1138,11535425,-161,-8170,685
13,1137,11535447,-2,-1,0
4,1139,11545405,-150,-8166,673
13,1138,11545427,-1,-3,0
4,1140,11555379,-142,-8180,686
13,1139,11555400,0,1,2
4,1141,11565598,-144,-8170,680
13,1140,11565620,-1,1,0
4,1142,11575622,-149,-8177,680
13,1141,11575644,0,-1,0
4,1143,11585637,-156,-8168,706
13,1142,11585659,1,-2,-3
4,1144,11595661,-154,-8162,686
13,1143,11595683,0,0,-2
4,1145,11605748,-144,-8163,673
13,1144,11605770,-2,0,-2
4,1146,11615907,-151,-8166,676
13,1145,11615929,-1,0,-1
4,1147,11625855,-154,-8167,684
13,1146,11625877,0,0,0
4,1148,11635865,-157,-8165,695
13,1147,11635887,0,0,1
4,1149,11645893,-154,-8172,681
13,1148,11645915,0,0,2
4,1150,11655982,-153,-8177,679
13,1149,11656004,0,0,-1
4,1151,11665951,-147,-8171,683
13,1150,11665973,0,-1,0
4,1152,11676040,-152,-8162,688
13,1151,11676062,0,0,2
4,1153,11686129,-163,-8166,688
13,1152,11686151,0,0,-1
4,1154,11696290,-151,-8175,687
13,1153,11696312,0,-1,-1
4,1155,11706268,-155,-8169,693
13,1154,11706290,0,-1,-1
4,1156,11716303,-161,-8161,675
13,1155,11716325,-1,0,0
4,1157,11726362,-157,-8161,684
13,1156,11726384,-1,-1,1
4,1158,11736443,-151,-8175,680
13,1157,11736465,0,0,0
4,1159,11746460,-148,-8174,673
13,1158,11746482,0,0,0
4,1160,11756500,-149,-8171,678
13,1159,11756522,0,0,-1
4,1161,11766559,-144,-8173,677
13,1160,11766580,1,0,0
4,1162,11776705,-149,-8168,687
13,1161,11776727,0,0,1
4,1163,11786606,-159,-8178,686
13,1162,11786628,0,0,-1
4,1164,11796713,-148,-8180,680
13,1163,11796735,0,0,0
4,1165,11806820,-147,-8168,681
13,1164,11806842,1,0,1
4,1166,11816836,-151,-8166,699
13,1165,11816858,0,-1,-1
4,1167,11826901,-150,-8182,683
13,1166,11826923,-1,0,-2
4,1168,11836900,-148,-8177,674
13,1167,11836922,0,-1,-1
4,1169,11847008,-152,-8179,692
13,1168,11847030,0,-2,1
4,1170,11857122,-166,-8176,684
13,1169,11857144,0,-1,1
4,1171,11867065,-157,-8167,684
13,1170,11867087,1,0,2
4,1172,11877144,-147,-8164,683
13,1171,11877166,0,-3,0
4,1173,11887138,-159,-8164,692
13,1172,11887160,0,0,-1
4,1174,11897287,-146,-8172,682
13,1173,11897308,0,2,0
4,1175,11907300,-142,-8175,682
13,1174,11907322,1,-1,0
4,1176,11917380,-148,-8167,689
13,1175,11917402,0,-1,-1
4,1177,11927432,-143,-8174,677
13,1176,11927454,0,0,-1
4,1178,11937531,-149,-8170,683
13,1177,11937553,-1,-1,0
4,1179,11947593,-169,-8162,685
13,1178,11947615,0,0,1
4,1180,11957670,-151,-8168,680
13,1179,11957692,3,0,-1
4,1181,11967690,-147,-8173,679
13,1180,11967712,0,0,-2
4,1182,11977767,-161,-8169,695
13,1181,11977789,0,0,0
4,1183,11987788,-165,-8173,689
13,1182,11987810,0,-1,0
4,1184,11997815,-143,-8174,685
13,1183,11997837,1,0,0
4,1185,12007873,-152,-8175,684
13,1184,12007895,0,1,-1
4,1186,12018021,-154,-8162,677
13,1185,12018043,0,1,0
4,1187,12027972,-146,-8169,678
13,1186,12027994,1,0,0
4,1188,12038052,-148,-8174,676
13,1187,12038074,0,0,0
4,1189,12048082,-144,-8166,679
13,1188,12048104,0,0,0
4,1190,12058192,-153,-8183,684
13,1189,12058214,0,0,-1
4,1191,12068268,-156,-8170,686
13,1190,12068290,0,0,1
4,1192,12078270,-154,-8176,687
13,1191,12078292,1,2,1
4,1193,12088347,-146,-8176,683
13,1192,12088369,0,2,0
4,1194,12098420,-143,-8173,686
13,1193,12098442,1,0,0
4,1195,12108462,-170,-8173,692
13,1194,12108484,2,1,0
4,1196,12118476,-147,-8176,683
13,1195,12118498,1,2,1
4,1197,12128543,-146,-8160,696
13,1196,12128565,-1,-1,1
4,1198,12138569,-153,-8166,698
13,1197,12138591,0,2,0
4,1199,12148662,-157,-8172,680
13,1198,12148684,1,2,-3
4,1200,12158697,-163,-8173,678
13,1199,12158719,0,0,-1
4,1201,12168772,-148,-8176,681
13,1200,12168794,0,1,0
4,1202,12178946,-152,-8173,694
13,1201,12178968,1,1,1
4,1203,12188825,-163,-8178,683
13,1202,12188847,0,0,0
4,1204,12198965,-151,-8172,684
13,1203,12198987,0,0,0
4,1205,12208995,-151,-8167,680
13,1204,12209017,1,-1,0
4,1206,12219112,-156,-8176,688
13,1205,12219134,1,0,0
4,1207,12229048,-158,-8173,679
13,1206,12229070,1,1,0
4,1208,12239190,-153,-8178,684
13,1207,12239212,0,0,0
4,1209,12249220,-147,-8167,664
13,1208,12249242,1,0,0
4,1210,12259310,-147,-8175,674
13,1209,12259332,0,-1,-2
4,1211,12269315,-142,-8173,693
13,1210,12269337,-1,-1,0
4,1212,12279364,-140,-8170,676
13,1211,12279386,-2,-2,1
4,1213,12289438,-159,-8177,674
13,1212,12289460,0,-2,1
4,1214,12299513,-155,-8170,679
13,1213,12299535,1,-1,0
4,1215,12309529,-151,-8180,689
13,1214,12309551,0,0,-1
4,1216,12319593,-155,-8171,691
13,1215,12319615,0,0,3
4,1217,12329675,-154,-8171,691
13,1216,12329697,0,0,1
4,1218,12339772,-152,-8181,679
13,1217,12339794,1,-2,0
4,1219,12349774,-154,-8168,685
13,1218,12349796,-1,0,0
4,1220,12359861,-152,-8172,670
13,1219,12359883,0,0,-1
4,1221,12369818,-157,-8176,673
13,1220,12369840,0,0,-1
4,1222,12379950,-147,-8177,682
13,1221,12379972,1,0,0
4,1223,12389978,-151,-8184,686
13,1222,12390000,0,1,0
4,1224,12399945,-153,-8168,687
13,1223,12399967,0,1,0
4,1225,12410086,-147,-8187,671
13,1224,12410108,0,0,0
4,1226,12420265,-161,-8179,682
13,1225,12420287,0,0,-2
4,1227,12430122,-165,-8173,685
13,1226,12430144,-1,1,0
4,1228,12440219,-153,-8160,679
13,1227,12440241,-2,2,0
4,1229,12450305,-134,-8166,673
13,1228,12450327,-1,0,-1
4,1230,12460461,-157,-8157,684
13,1229,12460483,1,0,-1
4,1231,12470409,-165,-8171,675
13,1230,12470431,1,0,-1
4,1232,12480423,-150,-8175,684
13,1231,12480445,1,1,-1
4,1233,12490553,-148,-8174,680
13,1232,12490575,0,-1,0
4,1234,12500654,-153,-8176,678
13,1233,12500676,-1,0,0
4,1235,12510576,-145,-8177,697
13,1234,12510598,-1,-1,0
4,1236,12520645,-160,-8184,681
13,1235,12520667,0,0,0
4,1237,12530717,-152,-8170,670
13,1236,12530739,1,0,2
4,1238,12540819,-140,-8174,691
13,1237,12540841,0,0,2
4,1239,12550799,-148,-8167,680
13,1238,12550821,0,-1,-1
4,1240,12560786,-152,-8169,685
13,1239,12560808,1,0,0
4,1241,12570940,-152,-8178,684
13,1240,12570962,1,0,-1
4,1242,12581124,-142,-8177,673
13,1241,12581146,0,-2,-2
4,1243,12591026,-150,-8172,686
13,1242,12591048,0,-1,-1
4,1244,12601145,-151,-8162,685
13,1243,12601167,0,1,0
4,1245,12611112,-160,-8163,671
13,1244,12611134,1,1,0
4,1246,12621126,-154,-8179,685
13,1245,12621148,2,0,0
4,1247,12631183,-148,-8167,687
13,1246,12631205,0,0,4
4,1248,12641203,-149,-8176,681
13,1247,12641225,0,2,0
4,1249,12651322,-159,-8176,681
13,1248,12651344,2,0,0
4,1250,12661476,-149,-8168,682
13,1249,12661498,1,1,0
4,1251,12671491,-149,-8170,684
13,1250,12671513,0,-2,0
4,1252,12681463,-151,-8173,688
13,1251,12681485,0,-5,1
4,1253,12691646,-153,-8184,679
13,1252,12691668,0,-1,0
4,1254,12701561,-152,-8171,689
13,1253,12701610,0,0,0
4,1255,12711742,-162,-8173,680
13,1254,12711764,1,-2,0
4,1256,12721729,-150,-8162,675
13,1255,12721751,2,-2,0
4,1257,12731750,-153,-8170,680
13,1256,12731772,1,-2,0
4,1258,12741915,-153,-8178,690
13,1257,12741937,0,-1,-3
4,1259,12751868,-145,-8169,677
13,1258,12751890,1,1,0
4,1260,12761936,-158,-8168,673
13,1259,12761958,0,0,0
4,1261,12772040,-143,-8172,685
13,1260,12772061,1,0,0
4,1262,12782087,-144,-8176,685
13,1261,12782109,0,-1,0
4,1263,12792085,-146,-8178,690
13,1262,12792107,0,1,0
4,1264,12802141,-141,-8170,694
13,1263,12802163,0,-1,0
4,1265,12812211,-152,-8166,672
13,1264,12812233,3,0,0
4,1266,12822439,-149,-8166,669
13,1265,12822461,1,1,-1
4,1267,12832354,-144,-8166,672
13,1266,12832376,2,1,0
4,1268,12842453,-145,-8172,692
13,1267,12842475,2,1,0
4,1269,12852379,-148,-8178,684
13,1268,12852401,1,0,0
4,1270,12862500,-152,-8181,688
13,1269,12862522,-1,0,1
4,1271,12872524,-158,-8173,680
13,1270,12872546,0,0,0
4,1272,12882588,-141,-8171,681
13,1271,12882610,0,0,0
4,1273,12892657,-154,-8169,691
13,1272,12892679,0,-2,0
4,1274,12902748,-153,-8167,679
13,1273,12902770,0,0,-1
4,1275,12912738,-142,-8176,680
13,1274,12912760,1,0,-1
4,1276,12922763,-142,-8181,685
13,1275,12922785,0,0,1
4,1277,12932862,-148,-8178,677
13,1276,12932884,0,-3,0
4,1278,12942880,-148,-8177,697
13,1277,12942902,1,-2,0
4,1279,12953005,-142,-8180,690
13,1278,12953027,1,0,-2
4,1280,12963041,-148,-8181,683
13,1279,12963063,0,1,-2
4,1281,12973121,-153,-8169,679
13,1280,12973143,1,-1,1
4,1282,12983294,-161,-8169,674
13,1281,12983316,0,-2,0
4,1283,12993179,-154,-8165,676
13,1282,12993201,0,0,0
4,1284,13003232,-136,-8180,693
13,1283,13003254,0,-1,-1
4,1285,13013313,-145,-8174,687
13,1284,13013335,-1,-1,0
4,1286,13023417,-149,-8172,675
13,1285,13023439,0,-1,0
4,1287,13033431,-159,-8179,675
13,1286,13033453,0,-1,-1
4,1288,13043490,-144,-8170,675
13,1287,13043512,0,0,-1
4,1289,13053542,-153,-8181,698
13,1288,13053564,0,0,1
4,1290,13063708,-140,-8175,694
13,1289,13063730,0,0,0
4,1291,13073686,-151,-8167,677
13,1290,13073708,0,-2,1
4,1292,13083726,-149,-8181,687
13,1291,13083748,0,-3,1
4,1293,13093833,-153,-8162,687
13,1292,13093855,0,1,0
4,1294,13103847,-150,-8173,694
13,1293,13103869,-1,0,0
4,1295,13113837,-148,-8162,687
13,1294,13113859,0,2,0
4,1296,13123893,-149,-8163,689
13,1295,13123915,0,1,0
4,1297,13133963,-149,-8170,690
13,1296,13133985,0,0,0
4,1298,13144154,-165,-8164,684
13,1297,13144176,0,0,-1
4,1299,13154065,-163,-8176,686
13,1298,13154087,0,-1,-1
4,1300,13164133,-151,-8173,688
13,1299,13164155,0,1,0
4,1301,13174183,-157,-8172,675
13,1300,13174205,-1,-1,0
4,1302,13184344,-154,-8182,684
13,1301,13184394,1,-2,0
4,1303,13194298,-155,-8178,692
13,1302,13194347,1,0,0
4,1304,13204352,-165,-8169,682
13,1303,13204374,-1,0,0
4,1305,13214458,-163,-8165,688
13,1304,13214480,-1,0,0
4,1306,13224601,-137,-8178,682
13,1305,13224623,0,0,-1
4,1307,13234537,-146,-8176,683
13,1306,13234559,0,0,0
4,1308,13244530,-155,-8173,678
13,1307,13244552,2,0,0
4,1309,13254628,-153,-8156,676
13,1308,13254650,1,-2,0
4,1310,13264681,-146,-8165,676
13,1309,13264703,1,-1,1
4,1311,13274709,-148,-8178,688
13,1310,13274731,0,-1,-1
4,1312,13284788,-152,-8185,698
13,1311,13284810,0,0,0
4,1313,13294829,-154,-8176,685
13,1312,13294851,0,1,0
4,1314,13304994,-162,-8173,682
13,1313,13305016,1,1,0
4,1315,13314937,-153,-8161,677
13,1314,13314959,0,0,0
4,1316,13325045,-153,-8172,691
13,1315,13325067,0,1,0
4,1317,13335061,-153,-8171,686
13,1316,13335083,0,-1,0
4,1318,13345185,-153,-8169,671
13,1317,13345207,2,-1,2
4,1319,13355216,-149,-8168,681
13,1318,13355238,0,2,2
4,1320,13365196,-143,-8167,682
13,1319,13365218,0,0,1
4,1321,13375315,-153,-8173,687
13,1320,13375337,0,0,-1
4,1322,13385455,-146,-8170,669
13,1321,13385477,0,0,0
4,1323,13395466,-148,-8167,678
13,1322,13395488,0,-1,2
4,1324,13405461,-160,-8170,679
13,1323,13405483,-1,-2,0
4,1325,13415512,-144,-8161,687
13,1324,13415534,-1,-1,0
4,1326,13425700,-150,-8172,694
13,1325,13425722,1,0,1
4,1327,13435661,-153,-8165,688
13,1326,13435683,0,0,0
4,1328,13445701,-156,-8170,674
13,1327,13445723,-1,0,-1
4,1329,13455773,-150,-8180,676
13,1328,13455795,0,-1,1
4,1330,13466003,-159,-8175,689
13,1329,13466025,0,2,1
4,1331,13475923,-150,-8165,685
13,1330,13475945,-1,1,0
4,1332,13485948,-140,-8172,677
13,1331,13485970,2,0,-2
4,1333,13496055,-156,-8174,685
13,1332,13496077,0,0,-2
4,1334,13506028,-152,-8189,684
13,1333,13506050,0,-1,1
4,1335,13516106,-152,-8181,665
13,1334,13516128,-2,0,0
4,1336,13526207,-149,-8171,683
13,1335,13526229,-2,0,0
4,1337,13536229,-150,-8167,681
13,1336,13536251,-1,-1,0
4,1338,13546381,-162,-8167,679
13,1337,13546403,0,0,0
4,1339,13556301,-152,-8177,674
13,1338,13556323,0,1,0
4,1340,13566371,-143,-8182,679
13,1339,13566393,0,0,0
4,1341,13576445,-138,-8173,681
13,1340,13576467,-1,0,-2
4,1342,13586542,-147,-8181,678
13,1341,13586564,0,0,-1
4,1343,13596616,-148,-8173,683
13,1342,13596638,0,0,-2
4,1344,13606612,-152,-8174,685
13,1343,13606634,-1,0,0
4,1345,13616696,-154,-8176,680
13,1344,13616718,0,0,0
4,1346,13626775,-160,-8176,684
13,1345,13626797,0,1,0
4,1347,13636814,-161,-8173,686
13,1346,13636835,0,-2,-1
4,1348,13646792,-158,-8172,691
13,1347,13646814,2,-2,-2
4,1349,13656787,-146,-8166,685
13,1348,13656809,0,0,0
4,1350,13667000,-142,-8171,684
13,1349,13667022,0,0,0
4,1351,13676968,-162,-8168,678
13,1350,13676990,0,0,0
4,1352,13687035,-153,-8168,677
13,1351,13687057,1,-1,-1
4,1353,13697040,-151,-8162,691
13,1352,13697062,1,0,1
4,1354,13707263,-144,-8171,689
13,1353,13707285,0,0,2
4,1355,13717280,-158,-8174,679
13,1354,13717302,0,0,0
4,1356,13727201,-149,-8176,677
13,1355,13727223,0,-1,0
4,1357,13737305,-140,-8167,686
13,1356,13737327,0,0,-2
4,1358,13747373,-153,-8190,694
13,1357,13747395,0,0,0
4,1359,13757422,-149,-8177,679
13,1358,13757444,-1,0,1
4,1360,13767434,-154,-8173,675
13,1359,13767456,-2,0,-1
4,1361,13777494,-153,-8166,688
13,1360,13777516,0,0,0
4,1362,13787582,-153,-8166,674
13,1361,13787604,0,0,2
4,1363,13797601,-143,-8183,661
13,1362,13797623,0,0,-2
4,1364,13807736,-134,-8180,683
13,1363,13807758,-1,1,0
4,1365,13817713,-157,-8179,681
13,1364,13817735,0,0,1
4,1366,13827766,-154,-8168,675
13,1365,13827788,-1,-1,-1
4,1367,13837839,-151,-8169,688
13,1366,13837861,0,-1,-2
4,1368,13847892,-150,-8175,687
13,1367,13847914,0,-2,-2
4,1369,13857895,-144,-8173,689
13,1368,13857917,-3,-2,0
4,1370,13868080,-157,-8171,695
13,1369,13868102,-1,-2,2
4,1371,13878078,-154,-8160,695
13,1370,13878100,-1,-2,0
4,1372,13888118,-149,-8182,686
13,1371,13888140,0,1,0
4,1373,13898151,-156,-8171,684
13,1372,13898173,0,-1,0
4,1374,13908210,-150,-8165,692
13,1373,13908232,0,0,-1
4,1375,13918188,-154,-8178,679
13,1374,13918210,-1,1,1
4,1376,13928290,-135,-8164,682
13,1375,13928312,-2,0,0
4,1377,13938337,-148,-8172,682
13,1376,13938359,-2,0,0
4,1378,13948453,-161,-8168,683
13,1377,13948475,0,0,-1
4,1379,13958527,-145,-8172,682
13,1378,13958549,-1,0,0
4,1380,13968478,-152,-8167,683
13,1379,13968500,0,0,0
4,1381,13978571,-151,-8176,683
13,1380,13978593,0,-1,0
4,1382,13988695,-147,-8162,694
13,1381,13988717,0,-1,-1
4,1383,13998628,-152,-8161,695
13,1382,13998650,-1,0,0
4,1384,14008711,-161,-8162,679
13,1383,14008733,0,1,1
4,1385,14018759,-157,-8161,686
13,1384,14018781,0,0,2
4,1386,14028828,-147,-8172,679
13,1385,14028850,1,0,-1
4,1387,14038872,-151,-8177,675
13,1386,14038894,0,2,0
4,1388,14048895,-151,-8175,682
13,1387,14048917,0,1,-1
4,1389,14058955,-163,-8160,684
13,1388,14058976,1,0,0
4,1390,14069038,-157,-8168,686
13,1389,14069087,0,-2,1
4,1391,14079078,-150,-8174,691
13,1390,14079100,0,-1,0
4,1392,14089082,-153,-8181,677
13,1391,14089104,-2,3,0
4,1393,14099200,-165,-8175,679
13,1392,14099222,0,1,1
4,1394,14109313,-159,-8173,692
13,1393,14109335,0,0,0
4,1395,14119239,-148,-8180,687
13,1394,14119261,-1,1,0
4,1396,14129401,-136,-8167,684
13,1395,14129423,-2,0,1
4,1397,14139366,-149,-8169,678
13,1396,14139388,-3,0,0
4,1398,14149476,-147,-8164,677
13,1397,14149498,1,0,-1
4,1399,14159490,-148,-8165,669
13,1398,14159512,0,2,0
4,1400,14169589,-143,-8168,678
13,1399,14169610,1,-1,-1
4,1401,14179644,-149,-8180,673
13,1400,14179666,0,0,-1
4,1402,14189788,-149,-8181,684
13,1401,14189810,-1,2,1
4,1403,14199728,-150,-8168,682
13,1402,14199750,-3,0,0
4,1404,14209743,-156,-8163,685
13,1403,14209765,0,0,0
4,1405,14219796,-144,-8171,683
13,1404,14219818,0,0,0
4,1406,14229825,-153,-8177,684
13,1405,14229847,0,0,0
4,1407,14239892,-151,-8176,683
13,1406,14239914,0,1,1
4,1408,14249926,-152,-8174,678
13,1407,14249948,0,-1,0
4,1409,14259968,-150,-8169,680
13,1408,14259990,-2,0,0
4,1410,14270135,-142,-8169,677
13,1409,14270157,-3,-2,-1
4,1411,14280059,-149,-8177,678
13,1410,14280081,0,0,0
4,1412,14290113,-150,-8176,689
13,1411,14290135,-1,-1,0
4,1413,14300200,-149,-8167,688
13,1412,14300222,0,0,1
4,1414,14310250,-150,-8178,687
13,1413,14310272,0,1,0
4,1415,14320325,-147,-8172,682
13,1414,14320347,1,-1,-1
4,1416,14330340,-140,-8174,676
13,1415,14330362,-2,-1,0
4,1417,14340415,-153,-8171,690
13,1416,14340437,-1,0,-1
4,1418,14350473,-149,-8170,688
13,1417,14350495,0,0,0
4,1419,14360502,-147,-8178,684
13,1418,14360524,2,1,0
4,1420,14370583,-138,-8177,679
13,1419,14370605,1,0,1
4,1421,14380579,-152,-8170,686
13,1420,14380601,0,0,0
4,1422,14390675,-159,-8179,684
13,1421,14390697,0,-1,1
4,1423,14400616,-153,-8171,679
13,1422,14400638,-1,-2,0
4,1424,14410733,-139,-8176,679
13,1423,14410754,0,0,0
4,1425,14420772,-140,-8160,686
13,1424,14420794,-1,0,0
4,1426,14430917,-147,-8176,694
13,1425,14430939,1,-1,0
4,1427,14440894,-142,-8187,684
13,1426,14440916,1,1,0
4,1428,14450865,-165,-8163,699
13,1427,14450887,0,0,-1
4,1429,14461002,-157,-8169,682
13,1428,14461024,0,0,0
4,1430,14471084,-156,-8172,686
13,1429,14471106,0,2,1
4,1431,14481102,-162,-8173,689
13,1430,14481124,0,1,1
4,1432,14491160,-146,-8163,684
13,1431,14491182,0,-1,0
4,1433,14501178,-137,-8179,686
13,1432,14501200,0,0,0
4,1434,14511327,-152,-8176,693
13,1433,14511348,0,0,2
4,1435,14521334,-163,-8163,687
13,1434,14521356,-2,-1,0
4,1436,14531349,-156,-8177,684
13,1435,14531371,-2,-1,0
4,1437,14541374,-150,-8176,690
13,1436,14541395,-2,1,1
4,1438,14551454,-151,-8169,689
13,1437,14551476,0,0,1
4,1439,14561480,-146,-8168,669
13,1438,14561502,0,-1,1
4,1440,14571508,-147,-8187,677
13,1439,14571530,0,0,0
4,1441,14581587,-153,-8170,694
13,1440,14581609,1,-1,0
4,1442,14591727,-144,-8164,677
13,1441,14591749,-3,0,0
4,1443,14601710,-157,-8154,684
13,1442,14601732,-2,0,0
4,1444,14611735,-146,-8171,673
13,1443,14611757,-1,-1,0
4,1445,14621775,-154,-8168,683
13,1444,14621797,0,2,-1
4,1446,14631915,-150,-8184,680
13,1445,14631937,0,1,-3
4,1447,14641869,-148,-8168,684
13,1446,14641890,-1,0,0
4,1448,14651912,-154,-8176,682
13,1447,14651934,-1,0,0
4,1449,14661914,-152,-8174,675
13,1448,14661936,-1,1,0
4,1450,14672114,-156,-8165,681
13,1449,14672136,0,0,0
4,1451,14682045,-152,-8169,682
13,1450,14682067,1,0,-1
4,1452,14692108,-151,-8168,687
13,1451,14692130,-1,-1,2
4,1453,14702112,-146,-8177,680
13,1452,14702134,-2,2,1
4,1454,14712270,-154,-8179,679
13,1453,14712292,-3,0,0
4,1455,14722292,-154,-8168,682
13,1454,14722314,1,-2,1
4,1456,14732318,-140,-8163,705
13,1455,14732340,0,-1,-2
4,1457,14742349,-153,-8171,674
13,1456,14742371,0,0,0
4,1458,14752440,-158,-8175,685
13,1457,14752462,-1,2,-1
4,1459,14762469,-157,-8162,685
13,1458,14762491,0,0,0
4,1460,14772484,-152,-8166,677
13,1459,14772506,0,0,1
4,1461,14782562,-155,-8168,683
13,1460,14782584,-1,0,0
4,1462,14792589,-146,-8167,677
13,1461,14792611,0,0,0
4,1463,14802696,-142,-8181,671
13,1462,14802718,-2,1,0
4,1464,14812717,-151,-8172,688
13,1463,14812739,0,1,0
4,1465,14822716,-146,-8159,687
13,1464,14822738,0,0,0
4,1466,14832920,-157,-8175,689
13,1465,14832942,-1,0,-2
4,1467,14842857,-152,-8164,676
13,1466,14842879,-2,0,0
4,1468,14852921,-138,-8163,668
13,1467,14852943,0,0,-1
4,1469,14862975,-152,-8184,681
13,1468,14862997,0,1,0
4,1470,14873033,-139,-8171,683
13,1469,14873055,-1,-1,0
4,1471,14883051,-139,-8166,690
13,1470,14883073,-1,0,0
4,1472,14893092,-148,-8169,690
13,1471,14893114,-2,2,1
4,1473,14903131,-156,-8182,684
13,1472,14903153,0,0,0
4,1474,14913311,-158,-8173,674
13,1473,14913333,2,0,-1
4,1475,14923262,-162,-8172,676
13,1474,14923283,0,0,0
4,1476,14933283,-149,-8177,681
13,1475,14933305,-1,1,0
4,1477,14943385,-145,-8172,670
13,1476,14943407,-2,1,-1
4,1478,14953506,-152,-8162,689
13,1477,14953528,-2,1,0
4,1479,14963456,-149,-8168,676
13,1478,14963478,0,0,1
4,1480,14973589,-147,-8176,675
13,1479,14973611,1,1,0
4,1481,14983672,-150,-8178,692
13,1480,14983694,2,0,0
4,1482,14993709,-158,-8179,670
13,1481,14993731,1,-1,0
4,1483,15003692,-152,-8171,674
13,1482,15003714,-1,-3,0
4,1484,15013746,-152,-8177,684
13,1483,15013768,-1,-2,-1
4,1485,15023899,-150,-8173,680
13,1484,15023921,-1,-1,-2
4,1486,15033917,-162,-8170,682
13,1485,15033939,-1,0,-1
4,1487,15043878,-161,-8176,674
13,1486,15043900,0,0,-2
4,1488,15054042,-152,-8166,692
13,1487,15054064,0,0,0
4,1489,15064038,-166,-8164,679
13,1488,15064059,-1,0,0
4,1490,15074217,-151,-8163,676
13,1489,15074239,-2,1,1
4,1491,15084155,-150,-8169,690
13,1490,15084177,-2,-2,0
4,1492,15094242,-141,-8168,704
13,1491,15094264,0,-1,0
4,1493,15104326,-149,-8167,696
13,1492,15104348,-2,-1,0
4,1494,15114325,-153,-8169,690
13,1493,15114347,-1,1,-1
4,1495,15124306,-152,-8176,687
13,1494,15124328,0,2,0
4,1496,15134389,-154,-8169,679
13,1495,15134411,0,-1,0
4,1497,15144503,-153,-8164,683
13,1496,15144525,0,0,0
4,1498,15154603,-144,-8169,687
13,1497,15154625,0,-1,0
4,1499,15164598,-152,-8174,687
13,1498,15164620,0,0,0
4,1500,15174609,-159,-8181,679
13,1499,15174631,1,1,0
4,1501,15184594,-150,-8168,674
13,1500,15184615,0,0,0
4,1502,15194721,-150,-8165,681
13,1501,15194771,-1,1,0
4,1503,15204696,-140,-8177,687
13,1502,15204745,0,0,0
4,1504,15214837,-154,-8162,688
13,1503,15214859,1,2,0
4,1505,15224883,-152,-8164,683
13,1504,15224905,1,2,-1
4,1506,15235075,-154,-8176,670
13,1505,15235096,0,1,1
4,1507,15244938,-155,-8167,685
13,1506,15244960,0,-1,-1
4,1508,15255074,-159,-8179,687
13,1507,15255096,0,-2,-1
4,1509,15265017,-155,-8177,681
13,1508,15265039,-1,0,0
4,1510,15275212,-149,-8180,673
13,1509,15275234,0,-1,-1
4,1511,15285192,-151,-8164,690
13,1510,15285214,0,0,-1
4,1512,15295183,-138,-8166,684
13,1511,15295205,-1,0,-1
4,1513,15305324,-160,-8172,686
13,1512,15305346,1,0,-1
4,1514,15315467,-144,-8178,677
13,1513,15315489,1,0,0
4,1515,15325433,-141,-8172,677
13,1514,15325455,1,0,2
4,1516,15335529,-155,-8175,685
13,1515,15335551,0,0,1
4,1517,15345538,-143,-8176,685
13,1516,15345560,1,0,0
4,1518,15355618,-149,-8171,688
13,1517,15355640,0,0,-1
4,1519,15365607,-152,-8179,679
13,1518,15365629,0,0,-2
4,1520,15375675,-150,-8174,692
13,1519,15375697,0,1,-1
4,1521,15385754,-147,-8176,693
13,1520,15385776,1,0,1
4,1522,15395864,-139,-8167,682
13,1521,15395886,-1,-1,0
4,1523,15405881,-143,-8170,683
13,1522,15405903,0,0,0
4,1524,15415807,-150,-8172,686
13,1523,15415829,0,0,0
4,1525,15425928,-154,-8163,688
13,1524,15425950,0,-1,1
4,1526,15436025,-149,-8172,689
13,1525,15436047,0,-2,0
4,1527,15446044,-153,-8168,689
13,1526,15446066,1,1,0
4,1528,15456115,-156,-8174,680
13,1527,15456137,0,1,0
4,1529,15466133,-151,-8165,682
13,1528,15466155,-1,0,1
4,1530,15476305,-152,-8173,690
13,1529,15476327,1,0,2
4,1531,15486231,-149,-8169,678
13,1530,15486253,0,1,0
4,1532,15496308,-163,-8168,673
13,1531,15496330,-2,2,-1
4,1533,15506307,-155,-8159,688
13,1532,15506329,0,0,0
4,1534,15516462,-151,-8174,692
13,1533,15516484,0,0,0
4,1535,15526468,-149,-8177,680
13,1534,15526490,-2,1,0
4,1536,15536525,-153,-8166,667
13,1535,15536547,0,1,0
4,1537,15546610,-161,-8169,683
13,1536,15546632,0,2,0
4,1538,15556712,-151,-8174,693
13,1537,15556734,0,0,0
4,1539,15566664,-142,-8179,684
13,1538,15566686,-2,0,0
4,1540,15576744,-153,-8166,689
13,1539,15576766,0,2,2
4,1541,15586807,-149,-8167,677
13,1540,15586829,0,1,0
4,1542,15596879,-148,-8185,690
13,1541,15596901,0,-2,0
4,1543,15606923,-144,-8169,669
13,1542,15606945,-4,-2,0
4,1544,15616928,-156,-8169,675
13,1543,15616950,-1,-1,1
4,1545,15626977,-151,-8175,686
13,1544,15626999,1,0,1
4,1546,15637146,-147,-8170,679
13,1545,15637168,1,2,-1
4,1547,15647065,-155,-8166,673
13,1546,15647087,0,0,1
4,1548,15657198,-143,-8160,685
13,1547,15657220,-1,-1,1
4,1549,15667178,-146,-8170,682
13,1548,15667200,0,-1,-1
4,1550,15677218,-149,-8172,678
13,1549,15677240,1,0,-2
4,1551,15687293,-150,-8180,694
13,1550,15687315,0,0,0
4,1552,15697395,-158,-8181,685
13,1551,15697417,-4,0,-1
4,1553,15707486,-152,-8171,681
13,1552,15707508,0,0,0
4,1554,15717580,-152,-8176,686
13,1553,15717602,0,-1,0
4,1555,15727528,-142,-8171,672
13,1554,15727550,0,-2,1
4,1556,15737574,-139,-8173,682
13,1555,15737596,0,0,0
4,1557,15747665,-153,-8166,684
13,1556,15747687,-1,0,0
4,1558,15757678,-155,-8169,686
13,1557,15757700,0,1,0
4,1559,15767701,-155,-8171,683
13,1558,15767723,0,0,-1
4,1560,15777784,-150,-8168,690
13,1559,15777806,-1,-1,0
4,1561,15787888,-149,-8164,689
13,1560,15787910,0,0,-2
4,1562,15797990,-161,-8175,688
13,1561,15798012,0,0,-2
4,1563,15807872,-160,-8171,683
13,1562,15807894,-2,0,-1
4,1564,15817975,-153,-8176,694
13,1563,15817997,0,1,0
4,1565,15828076,-152,-8167,685
13,1564,15828098,0,0,-1
4,1566,15838155,-149,-8171,682
13,1565,15838177,0,1,1
4,1567,15848184,-150,-8173,683
13,1566,15848206,2,0,3
4,1568,15858202,-138,-8169,683
13,1567,15858224,1,0,0
4,1569,15868259,-153,-8181,684
13,1568,15868281,0,0,-1
4,1570,15878380,-147,-8173,673
13,1569,15878402,0,-1,0
4,1571,15888343,-150,-8171,698
13,1570,15888365,0,-1,3
4,1572,15898400,-154,-8169,687
13,1571,15898422,-1,1,0
4,1573,15908455,-154,-8177,683
13,1572,15908477,0,0,0
4,1574,15918532,-149,-8167,681
13,1573,15918554,0,-3,2
4,1575,15928463,-158,-8165,690
13,1574,15928485,0,0,0
4,1576,15938612,-154,-8158,687
13,1575,15938633,0,2,1
4,1577,15948639,-156,-8165,678
13,1576,15948688,-1,1,2
4,1578,15958882,-158,-8162,682
13,1577,15958904,0,-1,0
4,1579,15968757,-154,-8182,696
13,1578,15968779,2,1,-1
4,1580,15978816,-150,-8178,696
13,1579,15978838,-1,1,0
4,1581,15988891,-145,-8177,677
13,1580,15988913,-1,0,0
4,1582,15998919,-151,-8174,680
13,1581,15998941,-1,-1,-1
4,1583,16008927,-167,-8161,675
13,1582,16008949,0,1,0
4,1584,16018969,-155,-8173,685
13,1583,16018991,-1,0,-1
4,1585,16029092,-157,-8178,697
13,1584,16029114,-1,0,0
4,1586,16039189,-159,-8175,692
13,1585,16039211,0,0,1
4,1587,16049142,-146,-8159,684
13,1586,16049164,0,0,1
4,1588,16059255,-153,-8170,680
13,1587,16059277,0,-2,1
4,1589,16069180,-160,-8172,680
13,1588,16069202,0,0,0
4,1590,16079368,-151,-8178,671
13,1589,16079390,1,0,0
4,1591,16089460,-148,-8171,686
13,1590,16089482,0,0,0
4,1592,16099433,-150,-8166,683
13,1591,16099455,-2,1,-1
4,1593,16109537,-155,-8169,687
13,1592,16109559,-2,0,-2
4,1594,16119616,-166,-8175,677
13,1593,16119638,1,0,0
4,1595,16129578,-145,-8167,695
13,1594,16129600,-1,-1,0
4,1596,16139628,-150,-8166,690
13,1595,16139650,0,-1,0
4,1597,16149678,-154,-8175,683
13,1596,16149700,2,0,0
4,1598,16159831,-146,-8177,678
13,1597,16159853,1,-1,0
4,1599,16169791,-151,-8181,689
13,1598,16169813,0,-3,2
4,1600,16179921,-153,-8167,683
13,1599,16179943,1,-2,0
4,1601,16189898,-148,-8168,692
13,1600,16189920,0,-1,-2
4,1602,16200148,-145,-8167,685
13,1601,16200170,0,2,0
4,1603,16210040,-154,-8166,683
13,1602,16210062,0,0,0
4,1604,16220037,-142,-8166,697
13,1603,16220059,-3,-1,0
4,1605,16230227,-150,-8174,676
13,1604,16230249,-2,1,0
4,1606,16240237,-158,-8169,683
13,1605,16240258,0,0,0
4,1607,16250269,-160,-8170,689
13,1606,16250291,2,0,-3
4,1608,16260237,-158,-8176,691
13,1607,16260259,-1,1,0
4,1609,16270400,-143,-8165,686
13,1608,16270422,-2,0,2
4,1610,16280546,-150,-8167,687
13,1609,16280568,-2,0,0
4,1611,16290407,-150,-8157,691
13,1610,16290429,0,0,0
4,1612,16300523,-157,-8170,688
13,1611,16300545,0,0,-2
4,1613,16310570,-146,-8180,687
13,1612,16310592,0,0,-2
4,1614,16320705,-146,-8170,680
13,1613,16320727,0,0,0
4,1615,16330705,-154,-8167,670
13,1614,16330727,-1,-1,-1
4,1616,16340778,-156,-8167,680
13,1615,16340800,0,0,-1
4,1617,16350777,-147,-8175,686
13,1616,16350799,-1,1,2
4,1618,16360960,-148,-8167,684
13,1617,16360982,0,-2,0
4,1619,16370989,-148,-8172,681
13,1618,16371011,-2,0,2
4,1620,16380974,-147,-8170,690
13,1619,16380996,0,-2,2
4,1621,16390979,-145,-8173,682
13,1620,16391001,0,-1,0
4,1622,16401092,-145,-8176,679
13,1621,16401114,0,-3,0
4,1623,16411154,-160,-8171,680
13,1622,16411176,-1,-1,0
4,1624,16421125,-149,-8163,684
13,1623,16421147,-2,-1,0
4,1625,16431276,-146,-8178,683
13,1624,16431298,0,-2,0
4,1626,16441507,-150,-8176,674
13,1625,16441529,0,-1,0
4,1627,16451437,-147,-8173,680
13,1626,16451459,0,-2,-1
4,1628,16461439,-157,-8171,693
13,1627,16461461,0,0,-1
4,1629,16471502,-154,-8176,687
13,1628,16471524,0,-1,0
4,1630,16481535,-153,-8179,680
13,1629,16481557,0,0,0
4,1631,16491573,-151,-8181,683
13,1630,16491595,0,2,1
4,1632,16501613,-144,-8176,687
13,1631,16501635,0,0,1
4,1633,16511597,-141,-8164,682
13,1632,16511619,0,0,0
4,1634,16521861,-148,-8175,679
13,1633,16521883,0,1,3
4,1635,16531721,-150,-8176,666
13,1634,16531743,0,1,1
4,1636,16541824,-155,-8174,691
13,1635,16541846,-1,-2,0
4,1637,16551948,-159,-8169,698
13,1636,16551970,-1,-1,0
4,1638,16561949,-154,-8168,674
13,1637,16561971,-2,0,1
4,1639,16571987,-154,-8180,682
13,1638,16572009,0,0,0
4,1640,16582080,-153,-8170,689
13,1639,16582102,3,0,0
4,1641,16592077,-151,-8174,691
13,1640,16592099,0,1,0
4,1642,16602282,-144,-8167,693
13,1641,16602304,-3,2,0
4,1643,16612196,-151,-8178,684
13,1642,16612218,-3,1,-1
4,1644,16622237,-152,-8167,681
13,1643,16622259,0,1,0
4,1645,16632314,-165,-8164,678
13,1644,16632336,0,-3,0
4,1646,16642373,-157,-8168,671
13,1645,16642395,-1,-3,0
4,1647,16652353,-145,-8175,667
13,1646,16652374,-2,0,2
4,1648,16662437,-144,-8171,672
13,1647,16662459,-2,0,0
4,1649,16672508,-154,-8153,687
13,1648,16672530,0,2,0
4,1650,16682592,-153,-8169,681
13,1649,16682614,-1,0,-1
4,1651,16692715,-149,-8176,689
13,1650,16692738,-1,0,1
4,1652,16702691,-141,-8179,687
13,1651,16702713,0,-1,0
4,1653,16712746,-153,-8167,698
13,1652,16712768,0,0,0
4,1654,16722855,-158,-8164,692
13,1653,16722877,0,1,1
4,1655,16732909,-152,-8171,683
13,1654,16732931,0,0,0
4,1656,16742934,-151,-8175,683
13,1655,16742956,0,0,0
4,1657,16752994,-155,-8176,685
13,1656,16753016,0,-1,1
4,1658,16763071,-153,-8174,688
13,1657,16763093,-1,-2,0
4,1659,16773022,-144,-8163,689
13,1658,16773044,-1,2,0
4,1660,16783066,-144,-8166,676
13,1659,16783088,0,2,0
4,1661,16793077,-157,-8170,684
13,1660,16793099,-1,-2,0
4,1662,16803220,-156,-8170,677
13,1661,16803242,0,-1,-1
4,1663,16813253,-151,-8173,688
13,1662,16813275,0,0,0
4,1664,16823285,-153,-8169,680
13,1663,16823335,0,0,0
4,1665,16833385,-149,-8172,690
13,1664,16833407,0,0,0
4,1666,16843502,-152,-8165,689
13,1665,16843524,0,1,-1
4,1667,16853463,-159,-8168,680
13,1666,16853485,0,0,-2
4,1668,16863533,-158,-8170,681
13,1667,16863555,0,0,-3
4,1669,16873558,-151,-8163,672
13,1668,16873580,0,0,0
4,1670,16883640,-147,-8171,681
13,1669,16883662,-2,-2,2
4,1671,16893668,-165,-8173,690
13,1670,16893690,-2,0,1
4,1672,16903715,-147,-8170,677
13,1671,16903737,0,2,0
4,1673,16913732,-146,-8172,677
13,1672,16913754,0,0,0
4,1674,16923906,-148,-8173,689
13,1673,16923928,1,-2,0
4,1675,16933946,-146,-8180,685
13,1674,16933968,0,0,3
4,1676,16943925,-144,-8173,679
13,1675,16943947,0,0,0
4,1677,16954028,-141,-8175,690
13,1676,16954050,-1,-1,0
4,1678,16964034,-151,-8175,688
13,1677,16964056,0,0,0
4,1679,16974117,-156,-8173,678
13,1678,16974139,-1,-1,-1
4,1680,16984178,-151,-8168,688
13,1679,16984200,0,-1,0
4,1681,16994172,-144,-8173,676
13,1680,16994194,0,0,0
4,1682,17004341,-154,-8174,682
13,1681,17004363,0,1,0
4,1683,17014240,-150,-8174,690
13,1682,17014262,0,2,-1
4,1684,17024359,-155,-8183,675
13,1683,17024381,0,1,-1
4,1685,17034392,-155,-8170,684
13,1684,17034414,0,-2,0
4,1686,17044502,-152,-8173,677
13,1685,17044524,0,-1,0
4,1687,17054529,-151,-8174,675
13,1686,17054551,0,0,1
4,1688,17064517,-156,-8167,686
13,1687,17064539,2,-1,-1
4,1689,17074661,-148,-8178,683
13,1688,17074683,1,0,0
4,1690,17084856,-148,-8175,671
13,1689,17084878,0,0,0
4,1691,17094745,-137,-8173,667
13,1690,17094767,-1,0,0
4,1692,17104803,-150,-8169,677
13,1691,17104825,0,-3,0
4,1693,17114840,-157,-8175,678
13,1692,17114862,-1,-1,0
4,1694,17124896,-152,-8165,684
13,1693,17124918,-1,-1,0
4,1695,17134940,-160,-8167,687
13,1694,17134962,-2,0,2
4,1696,17144999,-152,-8175,686
13,1695,17145021,0,-1,1
4,1697,17155048,-162,-8180,685
13,1696,17155070,0,-4,0
4,1698,17165203,-149,-8170,683
13,1697,17165225,0,-1,0
4,1699,17175146,-151,-8171,684
13,1698,17175168,0,0,2
4,1700,17185204,-149,-8167,683
13,1699,17185226,0,-1,-1
4,1701,17195347,-147,-8176,692
13,1700,17195370,-1,1,0
4,1702,17205387,-145,-8168,687
13,1701,17205409,-1,0,0
4,1703,17215401,-143,-8171,673
13,1702,17215423,0,0,-1
4,1704,17225383,-151,-8174,695
13,1703,17225405,0,0,1
4,1705,17235518,-146,-8168,687
13,1704,17235540,0,0,0
4,1706,17245622,-140,-8161,679
13,1705,17245644,0,0,0
4,1707,17255574,-139,-8169,676
13,1706,17255596,0,1,0
4,1708,17265588,-155,-8168,685
13,1707,17265610,0,0,0
4,1709,17275672,-144,-8173,686
13,1708,17275694,0,-1,0
4,1710,17285785,-138,-8172,680
13,1709,17285807,-2,-2,0
4,1711,17295780,-146,-8170,682
13,1710,17295802,0,0,0
4,1712,17305854,-157,-8174,685
13,1711,17305876,1,-1,0
4,1713,17315837,-144,-8164,684
13,1712,17315859,-3,-1,0
4,1714,17326082,-140,-8168,684
13,1713,17326104,-2,0,0
4,1715,17336021,-152,-8162,689
13,1714,17336043,0,-3,0
4,1716,17346076,-143,-8172,692
13,1715,17346098,3,-5,0
4,1717,17356082,-138,-8163,680
13,1716,17356104,1,0,-2
4,1718,17366257,-144,-8172,686
13,1717,17366279,-1,-2,0
4,1719,17376213,-151,-8173,682
13,1718,17376235,-4,-3,0
4,1720,17386212,-145,-8177,682
13,1719,17386234,0,-1,0
4,1721,17396353,-156,-8168,683
13,1720,17396375,0,0,-2
4,1722,17406464,-153,-8182,680
13,1721,17406486,0,-1,-1
4,1723,17416440,-144,-8181,675
13,1722,17416462,0,-2,1
4,1724,17426490,-157,-8165,682
13,1723,17426512,0,-1,0
4,1725,17436524,-155,-8160,688
13,1724,17436546,0,0,0
4,1726,17446661,-153,-8171,689
13,1725,17446683,0,0,0
4,1727,17456675,-148,-8170,678
13,1726,17456697,0,0,0
4,1728,17466689,-154,-8181,682
13,1727,17466711,-2,0,0
4,1729,17476773,-159,-8175,685
13,1728,17476795,0,2,0
4,1730,17486929,-141,-8165,688
13,1729,17486951,1,0,1
4,1731,17496863,-161,-8164,696
13,1730,17496885,-1,0,0
4,1732,17506903,-156,-8173,683
13,1731,17506925,0,-1,0
4,1733,17516984,-164,-8175,684
13,1732,17517006,1,2,1
4,1734,17527009,-152,-8182,694
13,1733,17527031,0,0,-2
4,1735,17537106,-151,-8170,688
13,1734,17537128,0,-2,0
4,1736,17547174,-151,-8160,664
13,1735,17547196,0,0,-1
4,1737,17557141,-149,-8176,685
13,1736,17557163,0,1,0
4,1738,17567336,-146,-8181,685
13,1737,17567358,-2,0,0
4,1739,17577307,-145,-8172,683
13,1738,17577329,-1,0,0
4,1740,17587427,-154,-8164,692
13,1739,17587449,-1,-3,2
4,1741,17597409,-158,-8171,690
13,1740,17597431,0,0,1
4,1742,17607470,-152,-8178,683
13,1741,17607492,-2,0,-1
4,1743,17617553,-142,-8188,681
13,1742,17617575,-1,0,0
4,1744,17627550,-139,-8165,671
13,1743,17627572,0,0,0
4,1745,17637605,-157,-8171,690
13,1744,17637627,0,2,-1
4,1746,17647762,-148,-8189,692
13,1745,17647784,1,1,1
4,1747,17657720,-145,-8182,684
13,1746,17657742,-1,0,2
4,1748,17667830,-148,-8174,690
13,1747,17667852,0,0,0
4,1749,17677835,-157,-8173,691
13,1748,17677857,-1,1,-2
4,1750,17687861,-143,-8178,689
13,1749,17687883,0,0,-1
4,1751,17697954,-148,-8183,674
13,1750,17698003,-1,0,1
4,1752,17708108,-154,-8174,693
13,1751,17708130,0,-1,1
4,1753,17718111,-148,-8176,704
13,1752,17718133,0,-1,0
4,1754,17728285,-153,-8186,700
13,1753,17728307,0,0,0
4,1755,17738194,-150,-8175,688
13,1754,17738216,-2,0,-1
4,1756,17748192,-144,-8170,681
13,1755,17748214,0,-3,1
4,1757,17758290,-161,-8165,695
13,1756,17758312,0,-1,0
4,1758,17768306,-133,-8167,695
13,1757,17768328,0,0,1
4,1759,17778420,-148,-8184,675
13,1758,17778442,-3,-2,2
4,1760,17788446,-158,-8168,673
13,1759,17788468,-2,0,1
4,1761,17798609,-162,-8168,699
13,1760,17798630,0,0,0
4,1762,17808671,-146,-8168,683
13,1761,17808693,-1,-1,0
4,1763,17818697,-149,-8174,679
13,1762,17818747,0,0,0
4,1764,17828646,-148,-8180,673
13,1763,17828668,-1,2,0
4,1765,17838861,-151,-8179,690
13,1764,17838883,-1,-2,0
4,1766,17848904,-149,-8171,686
13,1765,17848926,-1,-1,0
4,1767,17858858,-153,-8183,681
13,1766,17858880,0,-1,0
4,1768,17868974,-152,-8173,680
13,1767,17868996,0,0,0
4,1769,17879051,-161,-8166,682
13,1768,17879073,-2,0,0
4,1770,17889180,-153,-8156,687
13,1769,17889202,0,-1,-1
4,1771,17899203,-158,-8172,675
13,1770,17899225,-1,1,-1
4,1772,17909196,-158,-8169,673
13,1771,17909218,0,1,0
4,1773,17919270,-153,-8181,689
13,1772,17919292,0,-1,1
4,1774,17929337,-152,-8174,686
13,1773,17929359,0,-1,-1
4,1775,17939387,-169,-8173,687
13,1774,17939409,0,1,1
4,1776,17949520,-147,-8175,677
13,1775,17949542,0,0,1
4,1777,17959538,-141,-8163,677
13,1776,17959560,0,-1,-1
4,1778,17969744,-153,-8171,686
13,1777,17969766,0,0,-1
4,1779,17979574,-143,-8175,693
13,1778,17979596,0,1,0
4,1780,17989689,-147,-8166,695
13,1779,17989711,0,1,2
4,1781,17999737,-151,-8165,688
13,1780,17999759,-1,0,2
4,1782,18009822,-153,-8176,684
13,1781,18009844,-2,1,0
4,1783,18019865,-164,-8177,682
13,1782,18019887,0,1,0
4,1784,18029844,-145,-8182,681
13,1783,18029866,0,0,1
4,1785,18039992,-139,-8169,689
13,1784,18040014,0,-2,0
4,1786,18050083,-147,-8172,678
13,1785,18050105,0,-3,-1
4,1787,18060112,-145,-8177,688
13,1786,18060133,-1,-1,0
4,1788,18070111,-148,-8166,692
13,1787,18070133,-1,1,-2
4,1789,18080275,-142,-8165,686
13,1788,18080297,0,2,-2
4,1790,18090346,-152,-8179,687
13,1789,18090368,2,-1,0
4,1791,18100367,-149,-8172,690
13,1790,18100389,0,-3,0
4,1792,18110495,-149,-8171,676
13,1791,18110517,-1,1,0
4,1793,18120457,-148,-8162,680
13,1792,18120479,-2,1,0
4,1794,18130646,-150,-8175,704
13,1793,18130668,0,0,0
4,1795,18140595,-158,-8163,684
13,1794,18140617,0,-1,2
4,1796,18150662,-140,-8168,685
13,1795,18150683,0,1,0
4,1797,18160733,-141,-8180,692
13,1796,18160755,-1,-1,-1
4,1798,18170843,-141,-8164,683
13,1797,18170865,0,0,-4
4,1799,18180857,-154,-8176,683
13,1798,18180879,-2,0,0
4,1800,18190897,-150,-8180,685
13,1799,18190919,-1,2,3
4,1801,18201025,-150,-8172,682
13,1800,18201047,0,2,1
4,1802,18211163,-138,-8170,678
13,1801,18211185,0,0,0
4,1803,18221199,-151,-8173,683
13,1802,18221221,0,1,1
4,1804,18231180,-151,-8172,679
13,1803,18231202,0,0,0
4,1805,18241183,-139,-8172,691
13,1804,18241205,0,1,0
4,1806,18251327,-143,-8167,678
13,1805,18251349,1,2,1
4,1807,18261355,-148,-8179,691
13,1806,18261377,1,0,0
4,1808,18271494,-150,-8180,671
13,1807,18271515,-2,-2,0
4,1809,18281458,-143,-8177,677
13,1808,18281480,-1,-1,-2
4,1810,18291655,-153,-8165,703
13,1809,18291677,0,-1,-1
4,1811,18301611,-156,-8172,681
13,1810,18301633,0,0,0
4,1812,18311715,-152,-8164,668
13,1811,18311737,0,0,-1
4,1813,18321726,-146,-8172,676
13,1812,18321748,0,1,0
4,1814,18331863,-147,-8171,680
13,1813,18331885,0,0,1
4,1815,18341876,-156,-8170,680
13,1814,18341898,-2,-1,0
4,1816,18351974,-157,-8184,685
13,1815,18351996,0,-1,0
4,1817,18362017,-156,-8183,681
13,1816,18362039,0,0,0
4,1818,18372058,-150,-8159,683
13,1817,18372080,-2,-2,0
4,1819,18382072,-150,-8172,700
13,1818,18382094,1,0,0
4,1820,18392149,-152,-8157,683
13,1819,18392171,0,0,0
4,1821,18402202,-145,-8163,685
13,1820,18402224,-1,0,0
4,1822,18412302,-150,-8188,683
13,1821,18412324,0,0,0
4,1823,18422324,-144,-8172,681
13,1822,18422346,0,1,0
4,1824,18432408,-141,-8169,691
13,1823,18432430,0,2,0
4,1825,18442453,-164,-8173,703
13,1824,18442475,-1,0,2
4,1826,18452637,-152,-8178,680
13,1825,18452659,-1,-1,1
4,1827,18462622,-153,-8163,673
13,1826,18462644,-2,0,0
4,1828,18472653,-155,-8165,696
13,1827,18472675,-1,1,-1
4,1829,18482732,-139,-8179,691
13,1828,18482754,-1,0,-1
4,1830,18492771,-151,-8170,682
13,1829,18492793,-2,0,-1
4,1831,18502814,-152,-8171,695
13,1830,18502836,-2,2,-3
4,1832,18512901,-146,-8165,689
13,1831,18512923,0,1,0
4,1833,18523037,-150,-8183,681
13,1832,18523059,0,-2,0
4,1834,18533125,-143,-8168,678
13,1833,18533147,-2,-1,0
4,1835,18543067,-139,-8172,688
13,1834,18543089,0,2,1
4,1836,18553202,-154,-8177,678
13,1835,18553224,0,1,0
4,1837,18563171,-142,-8174,697
13,1836,18563193,-2,0,2
4,1838,18573311,-148,-8168,680
13,1837,18573333,-1,1,1
4,1839,18583350,-139,-8174,669
13,1838,18583372,-1,2,0
4,1840,18593448,-146,-8172,699
13,1839,18593470,-2,0,-2
4,1841,18603465,-155,-8181,689
13,1840,18603487,0,0,-1
4,1842,18613597,-152,-8171,672
13,1841,18613618,1,-1,1
4,1843,18623632,-152,-8180,678
13,1842,18623654,-2,1,0
4,1844,18633561,-155,-8185,688
13,1843,18633583,-3,0,0
4,1845,18643681,-146,-8172,691
13,1844,18643703,0,0,2
4,1846,18653854,-150,-8174,694
13,1845,18653876,-1,-1,-1
4,1847,18663811,-147,-8173,675
13,1846,18663833,-2,0,0
4,1848,18673889,-152,-8174,683
13,1847,18673911,0,-2,1
4,1849,18683954,-143,-8172,684
13,1848,18683976,-1,0,0
4,1850,18694119,-152,-8167,683
13,1849,18694141,-2,0,-1
4,1851,18704090,-158,-8168,686
13,1850,18704112,-2,0,0
4,1852,18714124,-161,-8175,689
13,1851,18714146,0,0,-1
4,1853,18724266,-154,-8170,696
13,1852,18724288,0,1,0
4,1854,18734285,-140,-8176,676
13,1853,18734307,0,0,-1
4,1855,18744333,-150,-8166,685
13,1854,18744355,0,-1,0
4,1856,18754341,-143,-8159,687
13,1855,18754363,0,0,0
4,1857,18764440,-150,-8169,687
13,1856,18764462,0,1,0
4,1858,18774522,-153,-8175,695
13,1857,18774544,0,1,-1
4,1859,18784448,-149,-8171,684
13,1858,18784470,0,1,0
4,1860,18794629,-153,-8161,693
13,1859,18794651,1,-1,0
4,1861,18804614,-152,-8169,680
13,1860,18804635,0,0,0
4,1862,18814718,-144,-8170,677
13,1861,18814740,0,0,0
4,1863,18824659,-157,-8172,684
13,1862,18824681,-1,0,-1
4,1864,18834830,-151,-8175,693
13,1863,18834852,-1,0,0
4,1865,18844949,-151,-8172,688
13,1864,18844971,0,-1,0
4,1866,18854983,-157,-8166,689
13,1865,18855005,-1,0,0
4,1867,18864997,-141,-8164,673
13,1866,18865019,-3,2,-1
4,1868,18875030,-136,-8173,673
13,1867,18875052,0,0,-3
4,1869,18885085,-156,-8172,689
13,1868,18885107,0,0,0
4,1870,18895166,-148,-8183,679
13,1869,18895188,0,0,2
4,1871,18905196,-161,-8177,676
13,1870,18905218,0,0,2
4,1872,18915179,-156,-8169,676
13,1871,18915201,0,-3,-1
4,1873,18925280,-156,-8162,683
13,1872,18925302,0,-3,-1
4,1874,18935554,-156,-8168,697
13,1873,18935576,0,0,0
4,1875,18945415,-147,-8177,682
13,1874,18945437,0,2,-1
4,1876,18955464,-131,-8162,679
13,1875,18955486,-1,-2,0
4,1877,18965568,-154,-8167,692
13,1876,18965590,1,-2,-3
4,1878,18975667,-151,-8168,689
13,1877,18975689,1,-3,0
4,1879,18985613,-153,-8167,693
13,1878,18985635,0,-2,1
4,1880,18995718,-147,-8172,686
13,1879,18995740,1,0,0
4,1881,19005848,-153,-8172,685
13,1880,19005870,-1,-2,1
4,1882,19015982,-149,-8177,683
13,1881,19016003,-1,-1,0
4,1883,19025893,-152,-8161,674
13,1882,19025915,0,0,0
4,1884,19035936,-156,-8159,687
13,1883,19035958,0,0,0
4,1885,19045942,-143,-8167,691
13,1884,19045964,-1,0,1
4,1886,19056101,-144,-8172,690
13,1885,19056123,0,0,0
4,1887,19066115,-162,-8174,678
13,1886,19066137,0,-1,0
4,1888,19076134,-145,-8178,679
13,1887,19076156,0,-2,0
4,1889,19086329,-162,-8159,673
13,1888,19086351,-1,-3,-3
4,1890,19096390,-165,-8178,678
13,1889,19096412,0,0,-3
4,1891,19106366,-148,-8170,689
13,1890,19106388,0,0,-1
4,1892,19116466,-140,-8174,676
13,1891,19116488,0,0,-1
4,1893,19126449,-146,-8171,686
13,1892,19126471,0,0,0
4,1894,19136537,-150,-8161,686
13,1893,19136559,0,-1,0
4,1895,19146571,-152,-8170,685
13,1894,19146592,0,1,0
4,1896,19156584,-146,-8167,677
13,1895,19156606,-1,0,0
4,1897,19166728,-135,-8168,677
13,1896,19166750,-1,0,-1
4,1898,19176857,-138,-8184,686
13,1897,19176878,-2,2,0
4,1899,19186801,-149,-8165,688
13,1898,19186823,-2,0,1
4,1900,19196853,-142,-8184,677
13,1899,19196875,0,1,0
4,1901,19206969,-149,-8177,690
13,1900,19206991,0,1,2
4,1902,19217017,-149,-8166,696
13,1901,19217039,1,-1,1
4,1903,19227075,-155,-8181,694
13,1902,19227097,0,0,1
4,1904,19237138,-152,-8170,688
13,1903,19237160,-1,1,1
4,1905,19247145,-143,-8164,690
13,1904,19247167,0,1,-1
4,1906,19257377,-147,-8171,699
13,1905,19257399,0,-1,0
4,1907,19267288,-147,-8183,686
13,1906,19267310,0,0,2
4,1908,19277332,-143,-8170,674
13,1907,19277354,0,0,3
4,1909,19287415,-133,-8174,673
13,1908,19287437,-1,1,2
4,1910,19297535,-149,-8174,671
13,1909,19297557,0,0,0
4,1911,19307589,-159,-8173,683
13,1910,19307611,2,-2,0
4,1912,19317643,-153,-8176,699
13,1911,19317692,0,0,0
4,1913,19327716,-144,-8171,694
13,1912,19327738,1,2,-1
4,1914,19337824,-145,-8177,679
13,1913,19337846,0,0,0
4,1915,19347799,-155,-8177,678
13,1914,19347821,0,-1,1
4,1916,19357813,-154,-8167,672
13,1915,19357835,-1,-2,0
4,1917,19367883,-143,-8171,675
13,1916,19367905,-1,0,0
4,1918,19377988,-152,-8168,695
13,1917,19378010,2,0,1
4,1919,19387973,-153,-8163,696
13,1918,19387995,1,-4,0
4,1920,19398050,-161,-8170,686
13,1919,19398072,-1,-1,0
4,1921,19408089,-154,-8170,679
13,1920,19408111,0,1,0
4,1922,19418232,-139,-8161,692
13,1921,19418254,0,1,1
4,1923,19428227,-152,-8170,682
13,1922,19428248,0,-3,0
4,1924,19438259,-161,-8167,682
13,1923,19438281,-1,-1,1
4,1925,19448320,-149,-8173,689
13,1924,19448342,-2,0,1
4,1926,19458437,-153,-8172,684
13,1925,19458459,0,0,-1
4,1927,19468453,-152,-8181,685
13,1926,19468475,0,0,0
4,1928,19478444,-144,-8164,681
13,1927,19478466,0,0,0
4,1929,19488594,-159,-8178,690
13,1928,19488616,0,2,0
4,1930,19498766,-143,-8161,678
13,1929,19498788,0,0,0
4,1931,19508665,-143,-8161,682
13,1930,19508687,0,1,0
4,1932,19518720,-160,-8169,673
13,1931,19518742,1,2,-2
4,1933,19528707,-158,-8172,687
13,1932,19528729,-2,1,0
4,1934,19538872,-146,-8171,686
13,1933,19538894,0,0,0
4,1935,19548888,-143,-8172,694
13,1934,19548909,1,1,1
4,1936,19558919,-141,-8160,682
13,1935,19558941,0,1,0
4,1937,19569008,-150,-8171,690
13,1936,19569030,0,0,0
4,1938,19579124,-155,-8171,686
13,1937,19579146,0,-1,1
4,1939,19589153,-153,-8167,678
13,1938,19589175,0,-1,1
4,1940,19599188,-148,-8168,688
13,1939,19599210,2,-1,-1
4,1941,19609242,-152,-8174,677
13,1940,19609264,0,-1,0
4,1942,19619328,-158,-8167,670
13,1941,19619350,-2,1,-2
4,1943,19629299,-158,-8167,676
13,1942,19629321,0,2,0
4,1944,19639426,-154,-8173,691
13,1943,19639448,1,0,0
4,1945,19649542,-154,-8181,680
13,1944,19649564,-1,2,-3
4,1946,19659632,-149,-8171,678
13,1945,19659654,0,0,1
4,1947,19669594,-141,-8171,676
13,1946,19669616,0,-2,0
4,1948,19679634,-154,-8165,680
13,1947,19679656,0,0,-2
4,1949,19689680,-154,-8166,682
13,1948,19689702,1,0,0
4,1950,19699816,-147,-8180,678
13,1949,19699838,0,0,0
4,1951,19709874,-146,-8172,699
13,1950,19709896,-2,0,0
4,1952,19719899,-146,-8170,690
13,1951,19719921,-1,0,-1
4,1953,19729964,-150,-8178,680
13,1952,19729986,-1,0,0
4,1954,19740096,-151,-8172,685
13,1953,19740118,0,1,1
4,1955,19750057,-148,-8169,679
13,1954,19750079,0,-3,0
4,1956,19760158,-149,-8173,688
13,1955,19760179,0,-1,0
4,1957,19770156,-150,-8175,693
13,1956,19770178,0,-2,-1
4,1958,19780276,-151,-8167,691
13,1957,19780298,0,-1,2
4,1959,19790205,-140,-8175,687
13,1958,19790227,-3,-3,0
4,1960,19800335,-150,-8173,692
13,1959,19800357,0,0,2
4,1961,19810419,-145,-8175,691
13,1960,19810441,0,0,0
4,1962,19820579,-144,-8176,685
13,1961,19820601,-1,0,0
4,1963,19830443,-149,-8177,688
13,1962,19830465,-2,0,1
4,1964,19840565,-142,-8173,675
13,1963,19840587,0,0,1
4,1965,19850651,-152,-8173,678
13,1964,19850673,0,0,1
4,1966,19860701,-155,-8169,676
13,1965,19860723,1,1,-1
4,1967,19870731,-146,-8170,683
13,1966,19870753,-1,0,-1
4,1968,19880706,-161,-8157,689
13,1967,19880728,-1,0,0
4,1969,19890838,-149,-8161,683
13,1968,19890860,0,0,0
4,1970,19900976,-159,-8181,683
13,1969,19900998,0,-1,0
4,1971,19910918,-156,-8185,689
13,1970,19910940,-1,-1,1
4,1972,19920934,-148,-8177,681
13,1971,19920956,0,0,0
4,1973,19931115,-149,-8170,684
13,1972,19931137,1,-1,-1
4,1974,19941160,-146,-8172,676
13,1973,19941182,-1,-1,0
4,1975,19951107,-148,-8165,668
13,1974,19951129,-2,-1,0
4,1976,19961266,-145,-8160,679
13,1975,19961288,-2,-2,-1
4,1977,19971309,-140,-8177,684
13,1976,19971331,0,-1,0
4,1978,19981469,-151,-8174,690
13,1977,19981491,1,-1,1
4,1979,19991440,-146,-8173,688
13,1978,19991462,1,1,2
4,1980,20001447,-152,-8168,690
13,1979,20001469,0,-1,-1
4,1981,20011500,-149,-8174,679
13,1980,20011522,0,-1,-1
4,1982,20021600,-141,-8175,669
13,1981,20021622,-2,0,0
4,1983,20031544,-146,-8173,682
13,1982,20031566,-2,-1,-2
4,1984,20041656,-155,-8174,677
13,1983,20041678,0,1,-1
4,1985,20051720,-154,-8159,685
13,1984,20051742,0,-1,1
4,1986,20061838,-151,-8179,687
13,1985,20061860,0,-1,1
4,1987,20071834,-149,-8167,684
13,1986,20071856,-2,0,0
4,1988,20081941,-139,-8163,686
13,1987,20081963,-1,-3,2
4,1989,20091895,-148,-8179,680
13,1988,20091917,0,-1,0
4,1990,20102066,-158,-8175,678
13,1989,20102088,0,0,0
4,1991,20112102,-154,-8177,678
13,1990,20112124,0,0,1
4,1992,20122081,-143,-8166,668
13,1991,20122103,0,-2,0
4,1993,20132180,-153,-8168,686
13,1992,20132202,0,0,0
4,1994,20142312,-155,-8163,690
13,1993,20142334,2,0,0
4,1995,20152336,-156,-8175,692
13,1994,20152358,0,0,0
4,1996,20162318,-145,-8163,679
13,1995,20162340,-3,0,0
4,1997,20172326,-141,-8168,680
13,1996,20172348,-1,0,0
4,1998,20182493,-148,-8167,676
13,1997,20182515,0,0,0
4,1999,20192468,-162,-8176,678
13,1998,20192490,0,0,0
4,2000,20202565,-148,-8170,683
13,1999,20202587,-1,0,1
4,2001,20212586,-151,-8162,697
13,2000,20212608,2,0,0
4,2002,20222752,-146,-8171,687
13,2001,20222774,0,0,3
4,2003,20232742,-152,-8179,685
13,2002,20232764,-2,0,2
4,2004,20242756,-156,-8180,681
13,2003,20242778,0,1,2
4,2005,20252736,-156,-8179,679
13,2004,20252758,1,2,0
4,2006,20262866,-148,-8162,689
13,2005,20262888,0,0,-2
4,2007,20272965,-159,-8171,681
13,2006,20272987,0,0,0
4,2008,20282956,-142,-8172,689
13,2007,20282978,0,0,0
4,2009,20293068,-146,-8171,676
13,2008,20293090,0,1,0
4,2010,20303162,-143,-8152,685
13,2009,20303184,0,0,0
4,2011,20313048,-154,-8183,692
13,2010,20313070,-1,-1,0
4,2012,20323152,-146,-8153,678
13,2011,20323174,-2,-1,1
4,2013,20333158,-148,-8185,686
13,2012,20333180,0,0,-1
4,2014,20343364,-148,-8165,682
13,2013,20343386,1,0,-1
4,2015,20353366,-144,-8178,695
13,2014,20353388,-2,1,1
4,2016,20363454,-148,-8176,682
13,2015,20363476,-1,1,0
4,2017,20373460,-153,-8170,692
13,2016,20373482,-1,0,0
4,2018,20383686,-152,-8161,685
13,2017,20383708,-1,1,-1
4,2019,20393528,-149,-8171,694
13,2018,20393550,0,0,0
4,2020,20403687,-151,-8166,689
13,2019,20403709,0,0,0
4,2021,20413691,-162,-8172,680
13,2020,20413713,1,0,1
4,2022,20423731,-142,-8173,682
13,2021,20423753,0,-2,0
4,2023,20433811,-151,-8171,692
13,2022,20433833,0,1,0
4,2024,20443876,-150,-8171,681
13,2023,20443898,-1,2,1
4,2025,20453992,-131,-8183,682
13,2024,20454014,0,1,2
4,2026,20464183,-138,-8168,685
13,2025,20464205,0,1,1
4,2027,20474081,-152,-8171,673
13,2026,20474103,-1,0,0
4,2028,20484159,-150,-8160,680
13,2027,20484181,0,-1,-1
4,2029,20494198,-153,-8166,684
13,2028,20494220,0,0,1
4,2030,20504248,-136,-8164,676
13,2029,20504270,1,-1,0
4,2031,20514328,-155,-8183,680
13,2030,20514350,0,-1,1
4,2032,20524303,-146,-8171,687
13,2031,20524325,-2,0,0
4,2033,20534451,-139,-8172,692
13,2032,20534473,-1,0,0
4,2034,20544454,-156,-8164,682
13,2033,20544476,-1,1,1
4,2035,20554500,-147,-8180,684
13,2034,20554522,0,0,0
4,2036,20564549,-139,-8166,685
13,2035,20564571,0,-1,0
4,2037,20574620,-157,-8171,683
13,2036,20574669,-2,0,-1
4,2038,20584716,-162,-8173,675
13,2037,20584738,1,-1,0
4,2039,20594684,-141,-8176,687
13,2038,20594706,0,0,1
4,2040,20604822,-141,-8170,675
13,2039,20604844,-1,0,0
4,2041,20614832,-152,-8168,673
13,2040,20614854,0,2,-2
4,2042,20625019,-157,-8172,690
13,2041,20625041,0,0,0
4,2043,20634927,-158,-8178,687
13,2042,20634949,0,-2,0
4,2044,20645048,-149,-8165,683
13,2043,20645070,0,-1,0
4,2045,20655079,-139,-8176,674
13,2044,20655101,1,0,1
4,2046,20665195,-148,-8180,675
13,2045,20665217,-1,1,-1
4,2047,20675290,-161,-8176,680
13,2046,20675312,-2,1,0
4,2048,20685275,-145,-8166,689
13,2047,20685297,-1,1,2
4,2049,20695350,-142,-8177,692
13,2048,20695372,0,0,1
4,2050,20705531,-147,-8166,664
13,2049,20705553,0,-1,0
4,2051,20715508,-147,-8175,675
13,2050,20715530,-2,0,-1
4,2052,20725544,-153,-8166,683
13,2051,20725566,-1,0,0
4,2053,20735595,-145,-8166,673
13,2052,20735617,1,1,0
4,2054,20745688,-144,-8171,681
13,2053,20745710,-1,0,0
4,2055,20755683,-154,-8169,689
13,2054,20755705,-1,-4,0
4,2056,20765763,-157,-8174,687
13,2055,20765785,0,-3,0
4,2057,20775827,-152,-8167,681
13,2056,20775849,0,0,0
4,2058,20786033,-147,-8173,680
13,2057,20786055,-2,0,0
4,2059,20795934,-151,-8158,684
13,2058,20795956,0,0,0
4,2060,20805896,-148,-8183,687
13,2059,20805917,-1,0,2
4,2061,20816049,-141,-8176,688
13,2060,20816071,-2,-2,0
4,2062,20826150,-142,-8163,694
13,2061,20826172,-2,-1,0
4,2063,20836239,-147,-8168,688
13,2062,20836261,-2,1,0
4,2064,20846220,-151,-8168,690
13,2063,20846242,0,1,2
4,2065,20856283,-141,-8186,682
13,2064,20856305,-1,2,1
4,2066,20866413,-145,-8169,671
13,2065,20866435,0,0,0
4,2067,20876398,-145,-8167,692
13,2066,20876420,0,0,1
4,2068,20886414,-154,-8167,700
13,2067,20886436,0,-2,2
4,2069,20896452,-153,-8168,689
13,2068,20896474,0,0,0
4,2070,20906554,-150,-8167,688
13,2069,20906576,-2,2,0
4,2071,20916616,-131,-8177,686
13,2070,20916638,0,-1,0
4,2072,20926624,-142,-8165,683
13,2071,20926646,0,0,2
4,2073,20936629,-149,-8169,682
13,2072,20936651,-1,0,3
4,2074,20946857,-141,-8185,677
13,2073,20946879,-1,0,0
4,2075,20956818,-161,-8171,685
13,2074,20956840,-2,0,1
4,2076,20966862,-156,-8178,693
13,2075,20966884,2,-1,2
4,2077,20976949,-143,-8178,693
13,2076,20976971,0,0,0
4,2078,20987001,-143,-8177,681
13,2077,20987023,0,0,1
4,2079,20997014,-153,-8169,686
13,2078,20997036,0,0,0
4,2080,21007072,-152,-8155,680
13,2079,21007094,1,-2,0
4,2081,21017114,-154,-8177,698
13,2080,21017136,-1,-1,0
4,2082,21027290,-141,-8177,686
13,2081,21027312,-1,-1,-1
4,2083,21037245,-152,-8163,678
13,2082,21037267,-1,0,0
4,2084,21047285,-155,-8169,687
13,2083,21047307,-1,-2,0
4,2085,21057277,-159,-8174,699
13,2084,21057298,0,-1,0
4,2086,21067422,-147,-8171,693
13,2085,21067444,-2,2,0
4,2087,21077438,-151,-8168,692
13,2086,21077460,0,-1,-2
4,2088,21087579,-157,-8169,704
13,2087,21087601,1,0,0
4,2089,21097601,-156,-8176,694
13,2088,21097623,2,-1,0
4,2090,21107704,-155,-8168,682
13,2089,21107726,-2,-1,1
4,2091,21117699,-160,-8170,690
13,2090,21117721,-2,2,1
4,2092,21127686,-148,-8179,689
13,2091,21127708,0,1,0
4,2093,21137732,-151,-8178,676
13,2092,21137754,0,0,-1
4,2094,21147823,-135,-8162,678
13,2093,21147845,0,0,-2
4,2095,21157906,-143,-8185,676
13,2094,21157928,0,-1,0
4,2096,21167913,-147,-8176,671
13,2095,21167935,0,0,1
4,2097,21177957,-153,-8168,677
13,2096,21177979,0,0,1
4,2098,21188193,-154,-8171,683
13,2097,21188215,1,0,1
4,2099,21198011,-159,-8169,678
13,2098,21198033,-1,-1,1
4,2100,21208149,-147,-8175,677
13,2099,21208171,-1,-1,1
4,2101,21218282,-141,-8162,682
13,2100,21218304,0,0,0
4,2102,21228302,-154,-8169,691
13,2101,21228324,0,-1,0
4,2103,21238341,-146,-8169,688
13,2102,21238363,1,0,1
4,2104,21248349,-142,-8170,690
13,2103,21248371,-1,-2,1
4,2105,21258438,-137,-8173,685
13,2104,21258460,0,-4,0
4,2106,21268559,-163,-8161,680
13,2105,21268581,0,-3,-1
4,2107,21278519,-158,-8174,691
13,2106,21278541,-1,-1,-1
4,2108,21288639,-140,-8169,679
13,2107,21288661,-2,0,0
4,2109,21298613,-142,-8181,689
13,2108,21298635,0,-1,0
4,2110,21308791,-155,-8166,681
13,2109,21308813,-1,0,0
4,2111,21318737,-149,-8172,685
13,2110,21318758,-2,-1,0
4,2112,21328882,-145,-8178,666
13,2111,21328904,-1,-4,1
4,2113,21338888,-159,-8162,661
13,2112,21338910,0,2,-1
4,2114,21348983,-146,-8172,682
13,2113,21349005,2,-1,0
4,2115,21359061,-149,-8181,687
13,2114,21359083,0,-1,1
4,2116,21369053,-144,-8169,679
13,2115,21369075,0,2,0
4,2117,21379109,-150,-8171,681
13,2116,21379131,0,1,-2
4,2118,21389124,-152,-8172,680
13,2117,21389146,0,0,-1
4,2119,21399196,-150,-8162,685
13,2118,21399218,-1,0,1
4,2120,21409338,-150,-8174,686
13,2119,21409360,0,-2,0
4,2121,21419268,-159,-8169,681
13,2120,21419289,0,-1,1
4,2122,21429479,-156,-8159,683
13,2121,21429501,-1,1,1
4,2123,21439403,-159,-8171,676
13,2122,21439425,1,0,-1
4,2124,21449497,-154,-8163,688
13,2123,21449547,0,-2,-2
4,2125,21459576,-145,-8162,683
13,2124,21459598,-1,1,0
4,2126,21469665,-147,-8171,686
13,2125,21469687,0,1,0
4,2127,21479646,-156,-8167,698
13,2126,21479668,0,1,1
4,2128,21489732,-151,-8170,680
13,2127,21489754,0,-3,-1
4,2129,21499812,-146,-8173,680
13,2128,21499834,0,0,0
4,2130,21509911,-136,-8170,682
13,2129,21509933,-1,2,1
4,2131,21519811,-154,-8168,688
13,2130,21519833,1,0,0
4,2132,21529924,-154,-8175,690
13,2131,21529946,0,0,0
4,2133,21539970,-159,-8173,679
13,2132,21539992,0,-1,0
4,2134,21549992,-158,-8177,683
13,2133,21550014,0,0,0
4,2135,21560079,-157,-8165,678
13,2134,21560101,0,-3,0
4,2136,21570205,-142,-8164,691
13,2135,21570254,-1,-2,1
4,2137,21580285,-146,-8175,689
13,2136,21580307,-1,2,0
4,2138,21590391,-147,-8174,688
13,2137,21590413,0,0,-1
4,2139,21600337,-156,-8173,699
13,2138,21600359,1,1,1
4,2140,21610332,-153,-8168,676
13,2139,21610354,0,0,1
4,2141,21620448,-147,-8175,682
13,2140,21620470,-1,-1,1
4,2142,21630520,-149,-8185,686
13,2141,21630542,0,0,0
4,2143,21640494,-150,-8183,683
13,2142,21640516,2,0,0
4,2144,21650643,-146,-8177,684
13,2143,21650665,0,0,-1
4,2145,21660619,-152,-8177,678
13,2144,21660641,-1,0,0
4,2146,21670799,-158,-8165,681
13,2145,21670821,-2,0,0
4,2147,21680814,-155,-8173,685
13,2146,21680836,-1,1,1
4,2148,21690839,-153,-8181,690
13,2147,21690861,0,0,0
4,2149,21700889,-146,-8170,679
13,2148,21700910,-1,-2,-1
4,2150,21710996,-149,-8173,688
13,2149,21711018,0,-1,-1
4,2151,21720958,-150,-8176,680
13,2150,21720980,0,1,1
4,2152,21731096,-160,-8171,684
13,2151,21731118,0,0,0
4,2153,21741140,-153,-8160,681
13,2152,21741162,1,1,-1
4,2154,21751258,-141,-8174,679
13,2153,21751279,-1,2,0
4,2155,21761232,-140,-8173,680
13,2154,21761254,0,1,2
4,2156,21771253,-151,-8181,677
13,2155,21771275,1,0,2
4,2157,21781255,-156,-8158,696
13,2156,21781277,0,0,0
4,2158,21791400,-143,-8160,685
13,2157,21791422,0,0,-2
4,2159,21801446,-149,-8172,678
13,2158,21801468,-1,0,1
4,2160,21811427,-152,-8178,675
13,2159,21811449,0,-1,0
4,2161,21821607,-162,-8170,673
13,2160,21821657,0,-1,-1
4,2162,21831712,-148,-8174,686
13,2161,21831734,-1,0,1
4,2163,21841663,-160,-8181,690
13,2162,21841685,0,0,2
4,2164,21851736,-155,-8168,699
13,2163,21851758,0,0,0
4,2165,21861829,-152,-8171,682
13,2164,21861851,0,0,0
4,2166,21871930,-155,-8168,691
13,2165,21871952,0,0,-2
4,2167,21881924,-158,-8173,696
13,2166,21881946,0,0,-2
4,2168,21891908,-152,-8162,689
13,2167,21891930,1,-1,1
4,2169,21902000,-137,-8158,679
13,2168,21902022,0,-2,1
4,2170,21912134,-153,-8167,680
13,2169,21912156,0,-2,0
4,2171,21922024,-160,-8171,681
13,2170,21922046,0,-2,0
4,2172,21932138,-149,-8172,688
13,2171,21932160,-1,-1,2
4,2173,21942204,-139,-8170,685
13,2172,21942226,-1,1,0
4,2174,21952310,-150,-8169,678
13,2173,21952332,-2,0,-1
4,2175,21962335,-158,-8168,676
13,2174,21962357,0,0,1
4,2176,21972389,-148,-8171,671
13,2175,21972411,-3,-1,0
4,2177,21982433,-148,-8165,681
13,2176,21982455,-1,0,1
4,2178,21992584,-147,-8164,690
13,2177,21992606,0,1,1
4,2179,22002514,-150,-8166,678
13,2178,22002536,2,1,0
4,2180,22012589,-154,-8174,685
13,2179,22012611,0,0,0
4,2181,22022623,-146,-8169,678
13,2180,22022645,0,2,0
4,2182,22032724,-164,-8161,679
13,2181,22032746,0,1,1
4,2183,22042707,-153,-8176,685
13,2182,22042729,2,0,0
4,2184,22052779,-157,-8169,672
13,2183,22052801,1,0,0
4,2185,22062923,-150,-8175,678
13,2184,22062945,-1,0,0
4,2186,22073014,-144,-8177,676
13,2185,22073036,-2,0,-1
4,2187,22082965,-141,-8160,677
13,2186,22082988,-1,0,0
4,2188,22092990,-149,-8167,677
13,2187,22093012,-1,1,1
4,2189,22103076,-162,-8176,684
13,2188,22103098,0,2,1
4,2190,22113170,-154,-8175,684
13,2189,22113192,0,2,0
4,2191,22123175,-153,-8178,687
13,2190,22123197,1,0,1
4,2192,22133265,-148,-8172,695
13,2191,22133287,0,0,1
4,2193,22143231,-152,-8170,678
13,2192,22143253,-1,0,-1
4,2194,22153459,-149,-8188,684
13,2193,22153481,0,-1,0
4,2195,22163411,-150,-8163,690
13,2194,22163432,0,-1,0
4,2196,22173469,-141,-8162,682
13,2195,22173491,0,0,0
4,2197,22183547,-152,-8171,692
13,2196,22183569,0,-1,-1
4,2198,22193587,-155,-8186,699
13,2197,22193609,-2,0,-1
4,2199,22203667,-144,-8163,682
13,2198,22203717,0,-2,-3
4,2200,22213792,-147,-8176,674
13,2199,22213814,0,-1,-3
4,2201,22223843,-140,-8167,673
13,2200,22223865,0,0,-1
4,2202,22233941,-156,-8181,685
13,2201,22233963,0,0,2
4,2203,22243931,-157,-8173,692
13,2202,22243953,0,0,0
4,2204,22253957,-149,-8171,676
13,2203,22253979,0,-2,1
4,2205,22264031,-148,-8165,674
13,2204,22264053,0,-1,0
4,2206,22274137,-150,-8176,687
13,2205,22274159,0,1,0
4,2207,22284122,-149,-8169,683
13,2206,22284144,0,0,0
4,2208,22294214,-153,-8177,679
13,2207,22294236,-1,0,0
4,2209,22304270,-155,-8178,693
13,2208,22304292,-2,-1,0
4,2210,22314438,-154,-8173,686
13,2209,22314487,0,0,0
4,2211,22324480,-145,-8176,682
13,2210,22324502,2,1,0
4,2212,22334465,-157,-8167,692
13,2211,22334487,0,0,0
4,2213,22344535,-147,-8167,682
13,2212,22344557,0,-2,0
4,2214,22354550,-156,-8170,669
13,2213,22354572,0,-2,-2
4,2215,22364637,-157,-8176,671
13,2214,22364659,1,0,0
4,2216,22374667,-152,-8176,687
13,2215,22374688,0,1,0
4,2217,22384736,-151,-8173,684
13,2216,22384758,0,-1,-1
4,2218,22394818,-156,-8163,677
13,2217,22394840,0,-1,1
4,2219,22404814,-152,-8178,676
13,2218,22404836,-1,0,1
4,2220,22414895,-145,-8175,675
13,2219,22414917,0,0,1
4,2221,22424920,-158,-8170,687
13,2220,22424942,0,0,0
4,2222,22435030,-152,-8164,680
13,2221,22435052,0,0,-1
4,2223,22444988,-158,-8174,673
13,2222,22445010,0,2,1
4,2224,22455137,-148,-8174,684
13,2223,22455159,1,0,-1
4,2225,22465160,-144,-8155,682
13,2224,22465182,0,0,0
4,2226,22475338,-139,-8164,684
13,2225,22475360,0,0,0
4,2227,22485248,-154,-8177,683
13,2226,22485270,0,0,0
4,2228,22495373,-155,-8161,679
13,2227,22495395,0,0,0
4,2229,22505399,-152,-8161,680
13,2228,22505421,1,0,1
4,2230,22515393,-155,-8174,675
13,2229,22515415,1,0,1
4,2231,22525465,-148,-8182,679
13,2230,22525487,0,0,0
4,2232,22535524,-145,-8166,686
13,2231,22535546,-1,-2,0
4,2233,22545606,-154,-8168,693
13,2232,22545628,0,-2,-1
4,2234,22555761,-164,-8167,681
13,2233,22555782,2,0,-1
4,2235,22565709,-154,-8179,686
13,2234,22565730,0,1,0
4,2236,22575780,-146,-8165,669
13,2235,22575830,-2,-2,0
4,2237,22585858,-151,-8181,683
13,2236,22585880,0,-3,-2
4,2238,22595906,-152,-8179,684
13,2237,22595928,0,2,-3
4,2239,22605979,-146,-8172,675
13,2238,22606001,0,2,0
4,2240,22616011,-151,-8171,677
13,2239,22616033,0,0,-2
4,2241,22626048,-146,-8179,683
13,2240,22626070,0,0,0
4,2242,22636197,-156,-8167,686
13,2241,22636219,1,2,0
4,2243,22646168,-148,-8163,682
13,2242,22646190,-1,0,-1
4,2244,22656171,-147,-8168,671
13,2243,22656193,0,-3,0
4,2245,22666290,-155,-8169,677
13,2244,22666312,1,1,1
4,2246,22676438,-149,-8171,686
13,2245,22676460,0,0,0
4,2247,22686357,-155,-8175,679
13,2246,22686379,0,0,0
4,2248,22696457,-147,-8166,676
13,2247,22696479,0,-1,0
4,2249,22706564,-144,-8175,675
13,2248,22706586,0,0,0
4,2250,22716765,-153,-8173,681
13,2249,22716787,0,1,0
4,2251,22726658,-153,-8171,680
13,2250,22726680,1,0,-1
4,2252,22736679,-144,-8162,680
13,2251,22736701,-1,0,0
4,2253,22746797,-152,-8158,681
13,2252,22746818,-2,-1,0
4,2254,22756855,-143,-8162,680
13,2253,22756877,0,-1,0
4,2255,22766874,-145,-8176,687
13,2254,22766896,0,-2,-1
4,2256,22776928,-150,-8168,686
13,2255,22776950,-1,-1,2
4,2257,22787008,-144,-8179,675
13,2256,22787030,0,0,0
4,2258,22797195,-150,-8178,685
13,2257,22797217,0,0,-2
4,2259,22807107,-150,-8170,690
13,2258,22807129,-1,0,0
4,2260,22817098,-150,-8176,682
13,2259,22817120,0,-2,0
4,2261,22827204,-146,-8183,683
13,2260,22827226,0,-2,0
4,2262,22837401,-146,-8173,680
13,2261,22837423,-2,-1,0
4,2263,22847344,-151,-8177,694
13,2262,22847366,-1,0,0
4,2264,22857453,-161,-8167,697
13,2263,22857475,1,0,1
4,2265,22867467,-162,-8172,698
13,2264,22867489,0,0,0
4,2266,22877517,-160,-8173,683
13,2265,22877539,0,-1,1
4,2267,22887527,-157,-8161,680
13,2266,22887549,0,0,0
4,2268,22897530,-146,-8171,688
13,2267,22897552,1,0,0
4,2269,22907640,-141,-8178,670
13,2268,22907662,1,-1,-1
4,2270,22917720,-142,-8169,681
13,2269,22917742,-1,0,-2
4,2271,22927818,-143,-8171,685
13,2270,22927840,0,0,-1
4,2272,22937779,-153,-8169,675
13,2271,22937801,0,0,0
4,2273,22947925,-153,-8171,688
13,2272,22947974,-2,-3,0
4,2274,22957997,-143,-8178,696
13,2273,22958019,-1,-1,0
4,2275,22968066,-158,-8183,684
13,2274,22968088,0,0,-1
4,2276,22978071,-155,-8171,693
13,2275,22978093,1,2,-1
4,2277,22988064,-151,-8163,692
13,2276,22988086,0,0,0
4,2278,22998188,-152,-8166,691
13,2277,22998210,0,-1,0
4,2279,23008205,-144,-8175,693
13,2278,23008227,-2,-1,0
4,2280,23018281,-142,-8166,692
13,2279,23018303,0,-1,-1
4,2281,23028402,-150,-8159,685
13,2280,23028424,-1,2,0
4,2282,23038459,-143,-8168,694
13,2281,23038481,0,1,0
4,2283,23048439,-150,-8171,684
13,2282,23048461,0,1,1
4,2284,23058485,-155,-8171,686
13,2283,23058507,-1,3,0
4,2285,23068561,-152,-8168,683
13,2284,23068583,1,1,0
4,2286,23078710,-154,-8178,682
13,2285,23078732,2,-2,-2
4,2287,23088682,-153,-8168,684
13,2286,23088704,0,1,0
4,2288,23098787,-150,-8180,678
13,2287,23098809,-1,0,1
4,2289,23108727,-168,-8191,681
13,2288,23108749,-2,-1,2
4,2290,23118928,-152,-8179,682
13,2289,23118950,0,-1,0
4,2291,23128870,-147,-8164,687
13,2290,23128892,0,-1,0
4,2292,23138917,-153,-8167,698
13,2291,23138939,-1,0,0
4,2293,23148956,-151,-8184,674
13,2292,23148978,0,0,0
4,2294,23159023,-154,-8164,685
13,2293,23159045,0,0,0
4,2295,23169123,-150,-8173,688
13,2294,23169145,-1,1,0
4,2296,23179090,-136,-8176,691
13,2295,23179112,0,0,1
4,2297,23189233,-139,-8166,678
13,2296,23189255,0,0,1
4,2298,23199291,-157,-8182,686
13,2297,23199341,0,-1,0
4,2299,23209364,-147,-8167,683
13,2298,23209386,-1,1,-2
4,2300,23219384,-151,-8167,682
13,2299,23219406,0,1,-1
4,2301,23229449,-146,-8175,672
13,2300,23229471,0,0,-1
4,2302,23239568,-140,-8179,680
13,2301,23239590,-3,-2,0
4,2303,23249521,-158,-8175,685
13,2302,23249543,0,-3,1
4,2304,23259599,-147,-8173,675
13,2303,23259620,-1,-1,1
4,2305,23269610,-136,-8179,688
13,2304,23269632,-1,1,0
4,2306,23279794,-141,-8169,688
13,2305,23279816,-1,0,0
4,2307,23289728,-150,-8158,676
13,2306,23289750,0,0,0
4,2308,23299780,-149,-8175,681
13,2307,23299802,-1,1,2
4,2309,23309838,-140,-8169,685
13,2308,23309860,0,0,0
4,2310,23319926,-156,-8168,674
13,2309,23319948,0,1,0
4,2311,23329947,-154,-8166,677
13,2310,23329997,0,0,1
4,2312,23340027,-146,-8165,678
13,2311,23340049,-1,-2,1
4,2313,23350162,-142,-8174,682
13,2312,23350184,-1,-1,0
4,2314,23360224,-149,-8173,690
13,2313,23360246,-2,-2,2
4,2315,23370144,-151,-8169,689
13,2314,23370166,0,-2,2
4,2316,23380241,-171,-8169,678
13,2315,23380263,-2,0,0
4,2317,23390284,-160,-8172,685
13,2316,23390306,0,0,-1
4,2318,23400449,-146,-8181,681
13,2317,23400471,0,0,0
4,2319,23410369,-151,-8172,689
13,2318,23410391,-2,0,0
4,2320,23420463,-163,-8174,682
13,2319,23420485,-3,-3,0
4,2321,23430491,-161,-8174,693
13,2320,23430513,-1,0,0
4,2322,23440704,-146,-8165,692
13,2321,23440726,-1,2,-1
4,2323,23450614,-157,-8172,678
13,2322,23450636,0,2,1
4,2324,23460676,-166,-8174,681
13,2323,23460698,-1,0,0
4,2325,23470729,-150,-8173,688
13,2324,23470751,0,0,0
4,2326,23480859,-149,-8168,684
13,2325,23480881,1,-2,0
4,2327,23490841,-153,-8178,691
13,2326,23490863,0,-1,0
4,2328,23500855,-152,-8170,680
13,2327,23500877,0,0,0
4,2329,23510960,-154,-8177,686
13,2328,23510982,-1,2,0
4,2330,23521104,-149,-8161,688
13,2329,23521126,-1,0,0
4,2331,23531034,-149,-8176,676
13,2330,23531056,0,3,3
4,2332,23541094,-142,-8170,674
13,2331,23541116,0,2,0
4,2333,23551151,-150,-8175,690
13,2332,23551172,0,2,0
4,2334,23561263,-149,-8172,687
13,2333,23561285,0,0,0
4,2335,23571293,-142,-8171,686
13,2334,23571315,0,-1,0
4,2336,23581322,-153,-8163,673
13,2335,23581371,0,-1,0
4,2337,23591405,-144,-8173,678
13,2336,23591427,-1,0,0
4,2338,23601558,-136,-8180,674
13,2337,23601580,0,1,0
4,2339,23611540,-156,-8175,674
13,2338,23611562,0,2,-1
4,2340,23621536,-154,-8166,672
13,2339,23621558,0,1,0
4,2341,23631616,-148,-8170,683
13,2340,23631637,-1,-3,0
4,2342,23641705,-145,-8162,698
13,2341,23641727,0,0,-2
4,2343,23651780,-146,-8162,687
13,2342,23651802,0,0,-2
4,2344,23661805,-140,-8177,677
13,2343,23661827,0,0,2
4,2345,23671849,-149,-8178,690
13,2344,23671871,0,1,1
4,2346,23682078,-149,-8187,671
13,2345,23682127,0,0,0
4,2347,23691940,-145,-8182,687
13,2346,23691962,-2,1,0
4,2348,23702018,-138,-8162,684
13,2347,23702068,-1,1,-1
4,2349,23712108,-141,-8163,680
13,2348,23712130,-1,0,0
4,2350,23722248,-158,-8179,684
13,2349,23722270,-2,0,0
4,2351,23732232,-164,-8175,684
13,2350,23732254,0,0,0
4,2352,23742250,-149,-8176,693
13,2351,23742272,0,0,0
4,2353,23752360,-151,-8186,670
13,2352,23752382,0,-1,1
4,2354,23762399,-142,-8172,679
13,2353,23762421,0,-4,0
4,2355,23772397,-155,-8171,685
13,2354,23772419,0,-1,0
4,2356,23782528,-157,-8169,693
13,2355,23782550,0,0,0
4,2357,23792492,-156,-8176,683
13,2356,23792513,0,-1,0
4,2358,23802609,-152,-8176,672
13,2357,23802631,0,-2,1
4,2359,23812624,-147,-8171,679
13,2358,23812646,-1,2,1
4,2360,23822658,-149,-8170,687
13,2359,23822680,1,2,0
4,2361,23832769,-166,-8171,685
13,2360,23832791,2,2,1
4,2362,23842914,-165,-8169,682
13,2361,23842936,0,-1,0
4,2363,23852936,-158,-8181,683
13,2362,23852958,-1,0,-1
4,2364,23862934,-148,-8179,685
13,2363,23862956,0,0,2
4,2365,23873032,-157,-8172,685
13,2364,23873054,0,-2,1
4,2366,23883039,-154,-8165,683
13,2365,23883061,0,0,1
4,2367,23893121,-166,-8174,672
13,2366,23893142,1,-1,1
4,2368,23903156,-160,-8172,684
13,2367,23903178,0,0,0
4,2369,23913127,-155,-8175,694
13,2368,23913149,-2,0,-2
4,2370,23923394,-150,-8178,677
13,2369,23923416,0,-1,-1
4,2371,23933279,-150,-8179,676
13,2370,23933301,0,0,3
4,2372,23943348,-152,-8174,699
13,2371,23943370,0,-2,1
4,2373,23953336,-159,-8172,687
13,2372,23953358,-2,-2,-1
4,2374,23963530,-156,-8169,680
13,2373,23963552,0,-2,0
4,2375,23973607,-151,-8162,687
13,2374,23973629,0,-1,1
4,2376,23983525,-148,-8170,679
13,2375,23983547,0,0,1
4,2377,23993674,-155,-8174,684
13,2376,23993695,-1,-1,0
4,2378,24003766,-162,-8160,694
13,2377,24003788,0,-2,0
4,2379,24013741,-150,-8179,686
13,2378,24013763,0,1,-1
4,2380,24023788,-141,-8168,677
13,2379,24023810,-1,0,0
4,2381,24033824,-148,-8175,684
13,2380,24033846,0,1,-1
4,2382,24043899,-141,-8165,680
13,2381,24043921,-1,1,0
4,2383,24053944,-142,-8178,683
13,2382,24053966,0,-1,0
4,2384,24064066,-145,-8162,684
13,2383,24064088,0,0,-2
4,2385,24074057,-142,-8172,692
13,2384,24074079,-2,2,1
4,2386,24084203,-155,-8165,682
13,2385,24084225,-2,2,-1
4,2387,24094229,-155,-8170,670
13,2386,24094251,-2,0,-1
4,2388,24104286,-156,-8173,674
13,2387,24104308,0,0,0
4,2389,24114284,-148,-8173,699
13,2388,24114306,-1,0,1
4,2390,24124417,-140,-8174,702
13,2389,24124439,0,0,0
4,2391,24134501,-140,-8173,685
13,2390,24134522,-1,0,-1
4,2392,24144549,-153,-8177,690
13,2391,24144571,0,1,1
4,2393,24154582,-158,-8176,685
13,2392,24154603,0,0,-3
4,2394,24164699,-144,-8175,686
13,2393,24164721,-1,-1,-2
4,2395,24174617,-153,-8166,687
13,2394,24174639,-1,0,1
4,2396,24184735,-152,-8161,682
13,2395,24184757,0,1,0
4,2397,24194784,-145,-8171,681
13,2396,24194806,1,2,0
4,2398,24204851,-150,-8164,682
13,2397,24204873,0,-2,-1
4,2399,24214981,-143,-8164,693
13,2398,24215003,0,0,0
4,2400,24224967,-149,-8177,684
13,2399,24224989,0,0,0
4,2401,24235052,-156,-8163,681
13,2400,24235074,0,0,0
4,2402,24245234,-144,-8162,690
13,2401,24245256,0,0,0
4,2403,24255142,-149,-8171,687
13,2402,24255164,0,0,1
4,2404,24265197,-155,-8166,685
13,2403,24265219,0,0,1
4,2405,24275272,-150,-8172,684
13,2404,24275294,-1,0,0
4,2406,24285276,-154,-8192,676
13,2405,24285298,1,1,1
4,2407,24295398,-158,-8179,691
13,2406,24295420,0,-1,0
4,2408,24305420,-144,-8161,682
13,2407,24305442,-1,-1,1
4,2409,24315507,-146,-8173,685
13,2408,24315529,-1,0,0
4,2410,24325656,-140,-8176,685
13,2409,24325678,0,0,1
4,2411,24335622,-157,-8164,678
13,2410,24335644,-1,-1,1
4,2412,24345638,-146,-8169,688
13,2411,24345660,1,1,-2
4,2413,24355713,-140,-8191,692
13,2412,24355735,-1,0,0
4,2414,24365817,-144,-8167,685
13,2413,24365839,0,2,0
4,2415,24375770,-154,-8161,684
13,2414,24375792,-2,-1,2
4,2416,24385927,-158,-8173,684
13,2415,24385949,0,3,0
4,2417,24395901,-148,-8176,676
13,2416,24395923,0,1,-2
4,2418,24406078,-143,-8168,691
13,2417,24406100,-1,1,-3
4,2419,24416041,-157,-8184,688
13,2418,24416063,-1,0,0
4,2420,24426123,-142,-8167,689
13,2419,24426145,0,-1,2
4,2421,24436221,-153,-8165,685
13,2420,24436243,0,0,2
4,2422,24446278,-152,-8177,678
13,2421,24446327,-1,0,-2
4,2423,24456268,-154,-8172,681
13,2422,24456317,0,1,0
4,2424,24466364,-146,-8173,682
13,2423,24466386,-1,0,0
4,2425,24476433,-150,-8164,682
13,2424,24476455,0,0,0
4,2426,24486509,-165,-8163,677
13,2425,24486531,0,0,0
4,2427,24496521,-154,-8169,691
13,2426,24496543,0,0,1
4,2428,24506539,-145,-8167,676
13,2427,24506561,0,1,0
4,2429,24516611,-148,-8181,686
13,2428,24516633,0,0,1
4,2430,24526688,-151,-8163,684
13,2429,24526710,1,-1,-1
4,2431,24536756,-147,-8163,686
13,2430,24536778,0,0,0
4,2432,24546785,-153,-8175,682
13,2431,24546807,0,0,0
4,2433,24556874,-163,-8180,688
13,2432,24556896,1,1,0
4,2434,24567002,-145,-8167,685
13,2433,24567024,0,1,0
4,2435,24576980,-154,-8171,687
13,2434,24577002,0,0,0
4,2436,24587062,-149,-8180,680
13,2435,24587084,0,0,0
4,2437,24597103,-139,-8170,691
13,2436,24597125,-1,2,-2
4,2438,24607162,-154,-8177,675
13,2437,24607184,-1,1,0
4,2439,24617238,-140,-8172,685
13,2438,24617260,0,2,-2
4,2440,24627317,-141,-8180,689
13,2439,24627339,0,2,-2
4,2441,24637348,-148,-8178,675
13,2440,24637370,0,2,0
4,2442,24647509,-148,-8165,691
13,2441,24647531,-1,2,1
4,2443,24657406,-152,-8168,674
13,2442,24657428,0,-1,0
4,2444,24667509,-148,-8181,681
13,2443,24667530,1,0,2
4,2445,24677577,-155,-8170,689
13,2444,24677599,0,0,-2
4,2446,24687657,-139,-8161,693
13,2445,24687679,0,1,-2
4,2447,24697696,-158,-8179,688
13,2446,24697717,0,1,0
4,2448,24707669,-148,-8164,687
13,2447,24707691,0,0,0
4,2449,24717828,-148,-8175,687
13,2448,24717850,0,1,0
4,2450,24727984,-150,-8173,682
13,2449,24728006,-1,0,-1
4,2451,24737934,-161,-8178,679
13,2450,24737956,-2,0,-1
4,2452,24747989,-148,-8175,680
13,2451,24748011,0,0,-2
4,2453,24757956,-153,-8176,681
13,2452,24757978,-2,0,0
4,2454,24768129,-145,-8173,680
13,2453,24768151,0,1,-2
4,2455,24778178,-157,-8182,682
13,2454,24778200,1,2,-1
4,2456,24788208,-157,-8175,685
13,2455,24788230,2,-1,0
4,2457,24798275,-146,-8169,694
13,2456,24798297,0,-2,0
4,2458,24808410,-142,-8169,684
13,2457,24808432,-2,0,1
4,2459,24818394,-150,-8163,672
13,2458,24818416,1,0,0
4,2460,24828417,-158,-8158,682
13,2459,24828439,-1,1,1
4,2461,24838533,-160,-8164,688
13,2460,24838555,0,-1,0
4,2462,24848606,-152,-8169,692
13,2461,24848628,0,-1,0
4,2463,24858611,-150,-8172,664
13,2462,24858633,-2,-1,0
4,2464,24868693,-151,-8169,670
13,2463,24868715,0,-2,1
4,2465,24878711,-153,-8169,676
13,2464,24878732,0,-3,0
4,2466,24888937,-149,-8168,692
13,2465,24888959,0,0,0
4,2467,24898818,-147,-8175,677
13,2466,24898840,0,0,0
4,2468,24908895,-148,-8175,687
13,2467,24908917,0,0,-1
4,2469,24918886,-153,-8173,692
13,2468,24918908,0,-2,0
4,2470,24929059,-157,-8160,673
13,2469,24929081,0,-1,0
4,2471,24939070,-145,-8182,682
13,2470,24939092,-1,0,-2
4,2472,24949132,-146,-8174,685
13,2471,24949154,1,-1,-1
4,2473,24959162,-146,-8166,681
13,2472,24959212,0,-1,0
4,2474,24969362,-161,-8178,681
13,2473,24969384,-1,-1,0
4,2475,24979351,-152,-8180,674
13,2474,24979373,-3,-3,0
4,2476,24989386,-147,-8166,684
13,2475,24989408,-4,0,-1
4,2477,24999443,-157,-8161,674
13,2476,24999465,-1,-1,0
4,2478,25009489,-150,-8176,684
13,2477,25009511,-1,0,0
4,2479,25019570,-159,-8173,681
13,2478,25019592,-1,-2,0
4,2480,25029641,-164,-8163,685
13,2479,25029663,-1,0,0
4,2481,25039695,-152,-8168,693
13,2480,25039717,-1,2,0
4,2482,25049784,-153,-8178,690
13,2481,25049806,-1,0,1
4,2483,25059864,-143,-8167,676
13,2482,25059886,-1,0,0
4,2484,25069839,-148,-8169,690
13,2483,25069861,0,-1,-1
4,2485,25079861,-152,-8171,685
13,2484,25079883,0,0,0
4,2486,25090015,-155,-8169,680
13,2485,25090037,-1,-2,0
4,2487,25100074,-156,-8166,690
13,2486,25100096,0,1,-1
4,2488,25110102,-145,-8173,687
13,2487,25110124,0,1,-1
4,2489,25120189,-159,-8173,677
13,2488,25120211,0,1,1
4,2490,25130310,-152,-8174,686
13,2489,25130332,2,1,1
4,2491,25140254,-149,-8177,682
13,2490,25140276,0,0,-1
4,2492,25150322,-153,-8170,686
13,2491,25150344,-1,-2,1
4,2493,25160326,-151,-8177,682
13,2492,25160348,0,0,0
4,2494,25170494,-156,-8175,678
13,2493,25170515,0,1,-1
4,2495,25180481,-158,-8184,691
13,2494,25180503,-1,-1,2
4,2496,25190485,-149,-8176,694
13,2495,25190506,0,0,2
4,2497,25200599,-155,-8167,671
13,2496,25200621,0,-2,0
4,2498,25210765,-154,-8169,681
13,2497,25210787,0,-2,0
4,2499,25220671,-150,-8167,685
13,2498,25220693,0,0,0
4,2500,25230757,-140,-8175,698
13,2499,25230779,-1,1,0
4,2501,25240875,-138,-8169,689
13,2500,25240897,0,2,0
4,2502,25250835,-153,-8168,673
13,2501,25250857,-2,-1,1
4,2503,25260921,-144,-8169,681
13,2502,25260943,0,0,-1
4,2504,25270969,-150,-8172,693
13,2503,25270991,1,-2,0
4,2505,25281090,-168,-8170,683
13,2504,25281111,2,-2,0
4,2506,25291184,-159,-8168,690
13,2505,25291205,2,0,-1
4,2507,25301082,-155,-8168,679
13,2506,25301104,0,0,-1
4,2508,25311247,-152,-8160,680
13,2507,25311269,0,-1,3
4,2509,25321253,-151,-8176,677
13,2508,25321275,2,0,0
4,2510,25331381,-147,-8163,695
13,2509,25331403,1,-1,0
4,2511,25341378,-143,-8175,686
13,2510,25341400,0,0,0
4,2512,25351464,-153,-8168,674
13,2511,25351486,0,0,0
4,2513,25361534,-154,-8170,688
13,2512,25361556,-1,-1,-1
4,2514,25371606,-160,-8175,696
13,2513,25371628,0,1,-1
4,2515,25381542,-148,-8171,691
13,2514,25381564,1,0,0
4,2516,25391627,-143,-8170,686
13,2515,25391649,0,0,-2
4,2517,25401750,-153,-8169,691
13,2516,25401772,0,0,0
4,2518,25411782,-158,-8171,688
13,2517,25411804,0,2,1
4,2519,25421847,-153,-8175,680
13,2518,25421869,-1,2,-2
4,2520,25431843,-152,-8154,680
13,2519,25431865,0,0,1
4,2521,25441880,-144,-8158,687
13,2520,25441902,1,0,2
4,2522,25452116,-156,-8176,682
13,2521,25452138,0,0,1
4,2523,25461981,-148,-8173,678
13,2522,25462003,2,0,2
4,2524,25472155,-144,-8173,691
13,2523,25472177,3,0,-1
4,2525,25482189,-160,-8174,691
13,2524,25482211,0,0,-2
4,2526,25492315,-155,-8172,685
13,2525,25492337,-2,0,0
4,2527,25502267,-149,-8182,685
13,2526,25502289,0,-1,0
4,2528,25512375,-150,-8162,689
13,2527,25512397,2,1,0
4,2529,25522330,-151,-8166,677
13,2528,25522352,0,0,0
4,2530,25532592,-157,-8169,682
13,2529,25532614,-1,0,0
4,2531,25542504,-140,-8168,675
13,2530,25542525,0,0,1
4,2532,25552516,-134,-8161,692
13,2531,25552538,0,0,-1
4,2533,25562631,-149,-8171,692
13,2532,25562653,3,-2,1
4,2534,25572710,-157,-8160,682
13,2533,25572732,2,1,2
4,2535,25582744,-148,-8166,685
13,2534,25582793,0,2,0
4,2536,25592901,-144,-8176,689
13,2535,25592923,0,-1,0
4,2537,25602878,-153,-8176,690
13,2536,25602900,2,0,0
4,2538,25613015,-152,-8168,672
13,2537,25613037,0,0,0
4,2539,25622998,-149,-8178,676
13,2538,25623020,-1,0,0
4,2540,25633003,-143,-8162,689
13,2539,25633025,0,1,0
4,2541,25643149,-157,-8167,687
13,2540,25643171,0,-2,0
4,2542,25653166,-150,-8171,679
13,2541,25653188,0,0,-1
4,2543,25663255,-141,-8172,683
13,2542,25663277,0,2,0
4,2544,25673190,-150,-8178,676
13,2543,25673212,1,0,0
4,2545,25683319,-148,-8168,681
13,2544,25683341,2,-1,2
4,2546,25693464,-147,-8170,684
13,2545,25693514,0,-1,0
4,2547,25703412,-151,-8172,681
13,2546,25703434,-1,0,-1
4,2548,25713514,-153,-8162,687
13,2547,25713536,1,1,0
4,2549,25723476,-152,-8171,686
13,2548,25723498,1,-1,0
4,2550,25733654,-147,-8163,682
13,2549,25733676,1,0,-1
4,2551,25743617,-144,-8176,688
13,2550,25743639,0,0,-4
4,2552,25753682,-140,-8165,681
13,2551,25753704,1,-2,2
4,2553,25763706,-145,-8175,670
13,2552,25763728,1,-2,2
4,2554,25773889,-153,-8184,679
13,2553,25773911,0,0,-3
4,2555,25783854,-158,-8176,681
13,2554,25783876,0,0,0
4,2556,25793904,-157,-8169,678
13,2555,25793926,1,0,0
4,2557,25804017,-151,-8176,672
13,2556,25804039,2,1,0
4,2558,25814052,-151,-8164,679
13,2557,25814074,0,-1,2
4,2559,25824091,-153,-8171,683
13,2558,25824113,0,0,1
4,2560,25834176,-162,-8186,691
13,2559,25834198,1,0,0
4,2561,25844226,-159,-8172,681
13,2560,25844248,0,0,0
4,2562,25854371,-153,-8162,677
13,2561,25854393,1,0,0
4,2563,25864331,-152,-8177,687
13,2562,25864353,0,0,0
4,2564,25874378,-153,-8173,689
13,2563,25874400,0,0,-1
4,2565,25884419,-136,-8173,676
13,2564,25884441,1,0,0
4,2566,25894506,-142,-8170,681
13,2565,25894528,0,-1,0
4,2567,25904512,-150,-8170,675
13,2566,25904534,0,0,1
4,2568,25914625,-155,-8175,685
13,2567,25914647,1,0,-1
4,2569,25924675,-151,-8178,671
13,2568,25924697,1,0,-1
4,2570,25934732,-163,-8171,668
13,2569,25934754,0,0,0
4,2571,25944764,-146,-8183,689
13,2570,25944786,-1,0,1
4,2572,25954784,-144,-8173,674
13,2571,25954806,0,1,2
4,2573,25964943,-158,-8165,686
13,2572,25964965,2,1,0
4,2574,25974980,-151,-8167,688
13,2573,25975002,0,0,0
4,2575,25985009,-154,-8173,681
13,2574,25985031,0,2,0
4,2576,25995061,-155,-8167,681
13,2575,25995083,0,2,1
4,2577,26005112,-157,-8170,682
13,2576,26005134,0,2,0
4,2578,26015207,-151,-8160,686
13,2577,26015229,0,1,-1
4,2579,26025146,-153,-8181,686
13,2578,26025168,0,4,0
4,2580,26035221,-151,-8174,679
13,2579,26035243,0,1,0
4,2581,26045332,-154,-8168,685
13,2580,26045354,-1,1,0
4,2582,26055338,-158,-8173,679
13,2581,26055360,0,0,-2
4,2583,26065337,-153,-8165,672
13,2582,26065359,0,0,0
4,2584,26075425,-155,-8170,685
13,2583,26075447,1,0,-1
4,2585,26085517,-152,-8178,690
13,2584,26085539,0,1,-2
4,2586,26095641,-148,-8175,672
13,2585,26095663,0,0,-2
4,2587,26105600,-154,-8176,694
13,2586,26105622,0,0,1
4,2588,26115661,-142,-8170,686
13,2587,26115683,1,0,0
4,2589,26125719,-158,-8171,678
13,2588,26125741,0,-2,1
4,2590,26135798,-146,-8177,674
13,2589,26135820,0,-1,2
4,2591,26145817,-145,-8178,683
13,2590,26145839,0,0,1
4,2592,26155875,-152,-8168,685
13,2591,26155897,1,0,0
4,2593,26165941,-148,-8168,684
13,2592,26165963,1,0,0
4,2594,26176082,-156,-8168,677
13,2593,26176104,0,2,0
4,2595,26185998,-155,-8174,668
13,2594,26186020,-1,1,1
4,2596,26196108,-148,-8170,678
13,2595,26196130,2,0,0
4,2597,26206176,-137,-8180,684
13,2596,26206225,1,0,-1
4,2598,26216330,-139,-8166,684
13,2597,26216352,2,1,0
4,2599,26226297,-147,-8174,682
13,2598,26226319,1,-1,0
4,2600,26236341,-138,-8177,696
13,2599,26236363,-1,0,0
4,2601,26246459,-138,-8171,693
13,2600,26246481,2,-2,0
4,2602,26256522,-149,-8172,680
13,2601,26256544,-1,-1,1
4,2603,26266456,-149,-8166,693
13,2602,26266478,0,0,1
4,2604,26276524,-149,-8156,679
13,2603,26276546,-1,1,0
4,2605,26286618,-145,-8178,682
13,2604,26286640,0,0,0
4,2606,26296679,-157,-8179,688
13,2605,26296701,3,0,0
4,2607,26306684,-157,-8171,679
13,2606,26306705,3,0,0
4,2608,26316802,-151,-8179,693
13,2607,26316824,1,-2,0
4,2609,26326755,-162,-8175,681
13,2608,26326777,1,-1,0
4,2610,26336970,-155,-8162,672
13,2609,26336992,0,0,1
4,2611,26346998,-158,-8180,681
13,2610,26347020,2,-1,0
4,2612,26356996,-142,-8169,689
13,2611,26357018,0,0,0
4,2613,26367060,-150,-8177,689
13,2612,26367082,1,-1,1
4,2614,26377119,-148,-8166,681
13,2613,26377141,0,-2,1
4,2615,26387139,-149,-8169,681
13,2614,26387161,1,0,0
4,2616,26397226,-153,-8173,693
13,2615,26397248,0,0,0
4,2617,26407273,-148,-8181,676
13,2616,26407295,0,2,-1
4,2618,26417479,-156,-8180,678
13,2617,26417501,0,0,-1
4,2619,26427356,-162,-8167,685
13,2618,26427378,0,0,1
4,2620,26437476,-141,-8165,678
13,2619,26437498,0,0,1
4,2621,26447466,-144,-8183,684
13,2620,26447488,-1,-2,-1
4,2622,26457627,-158,-8181,695
13,2621,26457649,-2,0,0
4,2623,26467609,-152,-8175,692
13,2622,26467631,-1,1,0
4,2624,26477591,-151,-8164,681
13,2623,26477613,1,0,0
4,2625,26487741,-144,-8171,697
13,2624,26487763,0,0,0
4,2626,26497801,-147,-8183,683
13,2625,26497823,1,2,1
4,2627,26507752,-155,-8174,685
13,2626,26507774,2,1,0
4,2628,26517790,-147,-8169,675
13,2627,26517812,-2,1,0
4,2629,26527870,-133,-8165,677
13,2628,26527892,0,0,-1
4,2630,26538020,-137,-8170,682
13,2629,26538042,-2,0,-1
4,2631,26547909,-147,-8171,682
13,2630,26547931,-2,2,-1
4,2632,26558052,-145,-8172,690
13,2631,26558074,1,0,0
4,2633,26568104,-147,-8166,676
13,2632,26568126,1,0,0
4,2634,26578256,-157,-8163,682
13,2633,26578278,1,-1,0
4,2635,26588194,-153,-8172,688
13,2634,26588216,1,0,0
4,2636,26598257,-149,-8169,682
13,2635,26598279,3,0,0
4,2637,26608266,-149,-8168,685
13,2636,26608288,1,0,0
4,2638,26618384,-152,-8165,677
13,2637,26618406,0,0,-1
4,2639,26628461,-158,-8159,684
13,2638,26628483,0,1,1
4,2640,26638457,-147,-8165,688
13,2639,26638479,0,0,0
4,2641,26648439,-147,-8167,672
13,2640,26648461,0,0,0
4,2642,26658619,-137,-8172,688
13,2641,26658641,0,0,2
4,2643,26668582,-146,-8166,685
13,2642,26668604,1,-2,0
4,2644,26678596,-153,-8156,683
13,2643,26678618,1,0,-1
4,2645,26688701,-142,-8165,695
13,2644,26688723,1,0,-1
4,2646,26698895,-145,-8166,683
13,2645,26698918,2,-1,-1
4,2647,26708907,-165,-8174,680
13,2646,26708929,1,-2,-1
4,2648,26718885,-154,-8174,691
13,2647,26718907,1,-1,0
4,2649,26729002,-147,-8160,687
13,2648,26729024,-1,0,0
4,2650,26739055,-160,-8171,680
13,2649,26739077,0,0,0
4,2651,26749078,-146,-8174,690
13,2650,26749100,0,0,-3
4,2652,26759123,-148,-8176,683
13,2651,26759145,-1,1,0
4,2653,26769142,-146,-8172,678
13,2652,26769164,0,0,0
4,2654,26779329,-146,-8166,674
13,2653,26779351,0,0,0
4,2655,26789224,-142,-8168,678
13,2654,26789246,0,0,0
4,2656,26799344,-141,-8170,678
13,2655,26799366,2,1,-1
4,2657,26809461,-143,-8178,673
13,2656,26809483,1,1,0
4,2658,26819573,-146,-8183,690
13,2657,26819622,0,0,0
4,2659,26829525,-152,-8169,692
13,2658,26829547,1,1,0
4,2660,26839632,-149,-8173,683
13,2659,26839654,1,2,0
4,2661,26849594,-151,-8180,685
13,2660,26849616,0,-1,2
4,2662,26859740,-148,-8160,684
13,2661,26859762,0,0,0
4,2663,26869794,-154,-8167,678
13,2662,26869816,0,-1,0
4,2664,26879791,-137,-8172,685
13,2663,26879813,1,0,0
4,2665,26889906,-144,-8171,689
13,2664,26889928,0,0,0
4,2666,26900007,-163,-8167,687
13,2665,26900028,0,-3,0
4,2667,26909948,-155,-8177,691
13,2666,26909970,1,2,0
4,2668,26920048,-158,-8179,675
13,2667,26920070,0,0,1
4,2669,26930119,-152,-8175,686
13,2668,26930141,-1,-2,1
4,2670,26940133,-155,-8166,687
13,2669,26940154,0,0,2
4,2671,26950270,-154,-8178,691
13,2670,26950292,0,0,0
4,2672,26960272,-144,-8184,677
13,2671,26960321,0,1,0
4,2673,26970346,-147,-8174,685
13,2672,26970368,0,0,0
4,2674,26980520,-149,-8159,679
13,2673,26980542,1,-2,0
4,2675,26990522,-147,-8168,674
13,2674,26990544,2,0,0
4,2676,27000554,-145,-8167,691
13,2675,27000576,0,1,0
4,2677,27010595,-148,-8171,694
13,2676,27010617,-1,0,-1
4,2678,27020645,-151,-8161,690
13,2677,27020667,2,-3,0
4,2679,27030679,-147,-8157,691
13,2678,27030701,2,0,1
4,2680,27040710,-153,-8168,693
13,2679,27040732,2,-1,2
4,2681,27050758,-146,-8164,683
13,2680,27050780,0,0,0
4,2682,27060930,-147,-8178,677
13,2681,27060952,-1,1,-1
4,2683,27070878,-170,-8158,677
13,2682,27070900,0,0,1
4,2684,27080953,-161,-8170,683
13,2683,27080975,0,1,0
4,2685,27091025,-136,-8171,682
13,2684,27091047,0,0,1
4,2686,27101121,-147,-8169,677
13,2685,27101143,2,-1,0
4,2687,27111123,-151,-8164,686
13,2686,27111145,0,0,0
4,2688,27121214,-158,-8159,682
13,2687,27121235,0,-1,0
4,2689,27131226,-152,-8169,678
13,2688,27131248,2,0,0
4,2690,27141386,-147,-8174,697
13,2689,27141408,3,2,0
4,2691,27151328,-141,-8161,676
13,2690,27151350,0,0,0
4,2692,27161368,-148,-8167,687
13,2691,27161390,0,1,0
4,2693,27171374,-142,-8172,700
13,2692,27171396,1,1,0
4,2694,27181506,-136,-8165,679
13,2693,27181528,0,-1,3
4,2695,27191594,-154,-8178,677
13,2694,27191616,0,0,0
4,2696,27201599,-142,-8168,686
13,2695,27201621,2,1,-1
4,2697,27211687,-142,-8171,681
13,2696,27211709,0,0,0
4,2698,27221782,-152,-8166,678
13,2697,27221804,0,1,-1
4,2699,27231770,-150,-8163,687
13,2698,27231792,2,0,0
4,2700,27241856,-141,-8179,688
13,2699,27241878,0,0,0
4,2701,27251867,-150,-8183,694
13,2700,27251889,0,-1,0
4,2702,27261959,-150,-8179,682
13,2701,27261981,0,1,-1
4,2703,27271906,-151,-8175,683
13,2702,27271928,1,0,-2
4,2704,27282012,-146,-8165,666
13,2703,27282034,2,-2,0
4,2705,27292092,-146,-8169,682
13,2704,27292114,1,0,1
4,2706,27302246,-146,-8167,678
13,2705,27302268,0,-1,-1
4,2707,27312218,-143,-8166,674
13,2706,27312240,0,0,0
4,2708,27322195,-153,-8168,689
13,2707,27322217,0,0,1
4,2709,27332315,-152,-8176,680
13,2708,27332364,0,0,0
4,2710,27342460,-151,-8176,682
13,2709,27342482,0,0,-1
4,2711,27352445,-148,-8168,686
13,2710,27352467,1,1,0
4,2712,27362485,-160,-8171,679
13,2711,27362507,0,0,0
4,2713,27372566,-148,-8174,678
13,2712,27372588,1,0,0
4,2714,27382655,-138,-8161,685
13,2713,27382677,0,0,0
4,2715,27392593,-151,-8170,680
13,2714,27392615,0,-1,0
4,2716,27402673,-149,-8166,686
13,2715,27402695,0,1,0
4,2717,27412698,-149,-8164,688
13,2716,27412719,0,0,1
4,2718,27422779,-148,-8161,684
13,2717,27422801,0,0,0
4,2719,27432791,-148,-8187,680
13,2718,27432813,0,-2,0
4,2720,27442842,-155,-8169,683
13,2719,27442864,0,1,-1
4,2721,27452937,-153,-8178,675
13,2720,27452986,-1,2,0
4,2722,27463050,-153,-8164,679
13,2721,27463072,0,0,1
4,2723,27473000,-155,-8186,686
13,2722,27473022,0,0,2
4,2724,27482994,-150,-8179,681
13,2723,27483016,0,-3,0
4,2725,27493102,-152,-8165,675
13,2724,27493124,1,-1,1
4,2726,27503160,-153,-8170,684
13,2725,27503182,2,0,2
4,2727,27513169,-143,-8185,693
13,2726,27513191,-1,-1,0
4,2728,27523167,-147,-8178,671
13,2727,27523189,-1,1,3
4,2729,27533257,-160,-8171,673
13,2728,27533279,0,1,1
4,2730,27543419,-162,-8170,686
13,2729,27543441,-1,0,0
4,2731,27553353,-149,-8173,677
13,2730,27553375,-1,0,-1
4,2732,27563410,-142,-8167,684
13,2731,27563432,0,0,0
4,2733,27573389,-145,-8165,685
13,2732,27573411,0,1,1
4,2734,27583523,-145,-8177,689
13,2733,27583572,1,0,-2
4,2735,27593585,-143,-8174,689
13,2734,27593607,0,0,-1
4,2736,27603625,-150,-8172,686
13,2735,27603647,0,0,-1
4,2737,27613643,-153,-8167,697
13,2736,27613665,2,0,-3
4,2738,27623861,-143,-8166,684
13,2737,27623882,0,0,0
4,2739,27633754,-152,-8184,680
13,2738,27633776,0,0,0
4,2740,27643760,-149,-8175,686
13,2739,27643782,1,0,-1
4,2741,27653832,-146,-8179,689
13,2740,27653853,1,0,0
4,2742,27663926,-135,-8171,677
13,2741,27663948,0,0,-1
4,2743,27673948,-145,-8171,687
13,2742,27673970,-1,1,0
4,2744,27684013,-152,-8172,684
13,2743,27684034,0,2,0
4,2745,27694065,-152,-8171,690
13,2744,27694087,0,0,-1
4,2746,27704207,-146,-8169,676
13,2745,27704229,0,-2,-1
4,2747,27714168,-151,-8169,682
13,2746,27714190,0,1,0
4,2748,27724142,-154,-8164,683
13,2747,27724164,0,2,-1
4,2749,27734269,-152,-8178,681
13,2748,27734291,0,0,-1
4,2750,27744331,-142,-8170,689
13,2749,27744353,1,0,1
4,2751,27754298,-151,-8177,687
13,2750,27754320,0,0,1
4,2752,27764387,-164,-8168,683
13,2751,27764409,1,2,0
4,2753,27774434,-146,-8180,685
13,2752,27774456,0,2,2
4,2754,27784521,-137,-8183,673
13,2753,27784543,-1,2,0
4,2755,27794547,-159,-8165,680
13,2754,27794569,0,0,0
4,2756,27804646,-156,-8162,683
13,2755,27804668,0,0,3
4,2757,27814603,-139,-8170,689
13,2756,27814625,0,0,0
4,2758,27824745,-155,-8169,692
13,2757,27824767,-1,-1,0
4,2759,27834747,-149,-8167,681
13,2758,27834796,0,-4,0
4,2760,27844910,-143,-8164,674
13,2759,27844932,2,-1,1
4,2761,27854898,-144,-8165,688
13,2760,27854920,0,2,0
4,2762,27864984,-148,-8171,677
13,2761,27865006,-1,2,-1
4,2763,27875043,-168,-8165,696
13,2762,27875065,-1,0,2
4,2764,27885031,-151,-8178,683
13,2763,27885053,1,-1,0
4,2765,27895109,-149,-8175,684
13,2764,27895131,0,-2,-1
4,2766,27905186,-144,-8162,682
13,2765,27905208,0,1,-1
4,2767,27915199,-149,-8172,694
13,2766,27915221,0,1,-3
4,2768,27925297,-147,-8172,684
13,2767,27925319,0,0,0
4,2769,27935318,-156,-8175,683
13,2768,27935339,0,-1,-1
4,2770,27945431,-158,-8175,679
13,2769,27945453,1,0,-1
4,2771,27955428,-145,-8169,694
13,2770,27955450,2,1,2
4,2772,27965574,-146,-8172,679
13,2771,27965596,0,1,0
4,2773,27975569,-151,-8174,676
13,2772,27975591,0,0,0
4,2774,27985734,-143,-8174,686
13,2773,27985756,-1,-2,2
4,2775,27995677,-149,-8186,681
13,2774,27995699,0,0,2
4,2776,28005667,-150,-8172,682
13,2775,28005689,1,0,0
4,2777,28015783,-155,-8168,684
13,2776,28015805,0,-1,1
4,2778,28025867,-143,-8168,676
13,2777,28025889,1,0,1
4,2779,28035878,-158,-8175,674
13,2778,28035900,0,-1,0
4,2780,28045917,-156,-8170,677
13,2779,28045939,0,0,0
4,2781,28056034,-156,-8162,691
13,2780,28056056,0,2,1
4,2782,28066057,-149,-8178,696
13,2781,28066079,0,1,0
4,2783,28076127,-144,-8175,693
13,2782,28076149,1,-1,1
4,2784,28086085,-145,-8165,689
13,2783,28086107,0,2,1
4,2785,28096275,-152,-8173,680
13,2784,28096297,0,0,0
4,2786,28106389,-150,-8165,682
13,2785,28106411,1,0,0
4,2787,28116275,-153,-8163,682
13,2786,28116297,2,0,0
4,2788,28126398,-148,-8176,676
13,2787,28126420,0,1,1
4,2789,28136437,-153,-8168,692
13,2788,28136459,-1,0,3
4,2790,28146508,-150,-8167,689
13,2789,28146530,-1,0,1
4,2791,28156599,-153,-8167,687
13,2790,28156621,0,1,-2
4,2792,28166575,-140,-8176,692
13,2791,28166597,1,0,0
4,2793,28176654,-156,-8164,688
13,2792,28176676,0,-1,0
4,2794,28186768,-158,-8169,678
13,2793,28186790,0,1,-1
4,2795,28196730,-158,-8177,688
13,2794,28196752,1,0,0
4,2796,28206878,-151,-8170,686
13,2795,28206900,0,0,-1
4,2797,28216837,-148,-8175,677
13,2796,28216859,0,0,1
4,2798,28227005,-165,-8169,688
13,2797,28227027,2,0,1
4,2799,28236903,-163,-8172,681
13,2798,28236925,1,0,1
4,2800,28247024,-143,-8169,689
13,2799,28247046,0,-2,0
4,2801,28257048,-146,-8169,682
13,2800,28257070,2,-1,0
4,2802,28267190,-137,-8173,684
13,2801,28267212,1,0,0
4,2803,28277161,-149,-8180,695
13,2802,28277183,0,0,0
4,2804,28287150,-140,-8173,697
13,2803,28287172,-1,0,1
4,2805,28297253,-147,-8175,688
13,2804,28297275,1,1,0
4,2806,28307299,-157,-8171,685
13,2805,28307321,0,0,0
4,2807,28317361,-139,-8176,683
13,2806,28317383,1,1,1
4,2808,28327364,-144,-8175,693
13,2807,28327386,2,0,-2
4,2809,28337526,-139,-8172,678
13,2808,28337548,0,0,-2
4,2810,28347641,-146,-8170,683
13,2809,28347663,0,-1,1
4,2811,28357592,-150,-8171,684
13,2810,28357614,2,0,0
4,2812,28367707,-144,-8170,667
13,2811,28367729,0,1,1
4,2813,28377711,-149,-8176,675
13,2812,28377733,0,1,0
4,2814,28387789,-150,-8173,695
13,2813,28387811,0,0,-2
4,2815,28397784,-152,-8174,686
13,2814,28397806,0,0,-1
4,2816,28407845,-146,-8169,688
13,2815,28407867,0,0,-1
4,2817,28417914,-144,-8179,690
13,2816,28417936,1,-1,1
4,2818,28428058,-157,-8172,679
13,2817,28428080,0,-1,0
4,2819,28438037,-149,-8167,685
13,2818,28438059,2,0,0
4,2820,28448061,-137,-8172,687
13,2819,28448083,0,-1,0
4,2821,28458133,-154,-8175,683
13,2820,28458182,0,0,0
4,2822,28468242,-144,-8169,690
13,2821,28468264,0,-1,0
4,2823,28478290,-136,-8166,695
13,2822,28478312,0,-1,-1
4,2824,28488313,-155,-8174,688
13,2823,28488335,0,1,0
4,2825,28498332,-164,-8168,678
13,2824,28498354,0,2,0
4,2826,28508495,-157,-8176,679
13,2825,28508517,0,-1,1
4,2827,28518448,-154,-8162,682
13,2826,28518470,0,0,0
4,2828,28528542,-143,-8163,684
13,2827,28528564,0,0,-3
4,2829,28538569,-152,-8173,677
13,2828,28538591,0,1,-1
4,2830,28548637,-161,-8175,679
13,2829,28548659,-1,0,1
4,2831,28558656,-153,-8163,690
13,2830,28558678,0,-1,0
4,2832,28568771,-144,-8169,674
13,2831,28568793,1,-1,0
4,2833,28578782,-154,-8168,690
13,2832,28578804,0,-1,0
4,2834,28588945,-153,-8169,690
13,2833,28588967,0,0,0
4,2835,28598881,-156,-8176,687
13,2834,28598903,0,-2,0
4,2836,28609002,-159,-8177,672
13,2835,28609024,-1,-2,0
4,2837,28618991,-156,-8179,675
13,2836,28619013,1,0,0
4,2838,28629035,-148,-8163,683
13,2837,28629057,2,0,0
4,2839,28639078,-151,-8168,684
13,2838,28639100,0,0,0
4,2840,28649159,-157,-8177,679
13,2839,28649181,0,1,1
4,2841,28659215,-153,-8178,674
13,2840,28659237,0,1,1
4,2842,28669360,-153,-8175,677
13,2841,28669382,0,0,0
4,2843,28679296,-143,-8169,687
13,2842,28679318,-1,0,0
4,2844,28689331,-146,-8169,692
13,2843,28689353,0,0,2
4,2845,28699402,-155,-8170,686
13,2844,28699424,0,0,2
4,2846,28709503,-161,-8168,692
13,2845,28709526,1,0,-1
4,2847,28719528,-155,-8169,681
13,2846,28719550,0,0,-1
4,2848,28729568,-142,-8158,676
13,2847,28729590,0,1,0
4,2849,28739628,-152,-8174,672
13,2848,28739650,0,2,0
4,2850,28749718,-145,-8169,693
13,2849,28749740,1,0,0
4,2851,28759707,-148,-8168,683
13,2850,28759729,1,0,0
4,2852,28769779,-144,-8174,674
13,2851,28769801,0,0,0
4,2853,28779856,-138,-8178,690
13,2852,28779878,1,0,-1
4,2854,28789900,-146,-8167,690
13,2853,28789922,0,0,0
4,2855,28799892,-146,-8168,677
13,2854,28799914,0,0,-2
4,2856,28810014,-150,-8163,675
13,2855,28810036,0,1,0
4,2857,28820017,-161,-8171,677
13,2856,28820039,2,1,1
4,2858,28830189,-145,-8163,687
13,2857,28830211,1,1,1
4,2859,28840160,-140,-8173,686
13,2858,28840182,0,2,-1
4,2860,28850234,-153,-8171,682
13,2859,28850256,1,2,0
4,2861,28860247,-146,-8173,687
13,2860,28860269,1,1,1
4,2862,28870336,-143,-8172,695
13,2861,28870358,-2,0,1
4,2863,28880381,-150,-8164,688
13,2862,28880403,1,0,0
4,2864,28890341,-146,-8167,686
13,2863,28890363,0,0,1
4,2865,28900422,-141,-8170,687
13,2864,28900444,0,1,0
4,2866,28910635,-153,-8170,690
13,2865,28910657,1,-2,1
4,2867,28920527,-149,-8180,688
13,2866,28920549,0,-1,2
4,2868,28930583,-148,-8184,679
13,2867,28930605,1,0,0
4,2869,28940613,-156,-8167,685
13,2868,28940635,0,0,0
4,2870,28950724,-153,-8162,690
13,2869,28950746,0,0,2
4,2871,28960778,-155,-8173,703
13,2870,28960800,0,0,1
4,2872,28970824,-146,-8186,688
13,2871,28970846,1,2,-2
4,2873,28980949,-147,-8185,670
13,2872,28980971,0,-2,-2
4,2874,28991011,-155,-8170,676
13,2873,28991033,0,-1,0
4,2875,29001010,-155,-8175,683
13,2874,29001032,0,1,0
4,2876,29011002,-157,-8173,676
13,2875,29011024,0,-1,1
4,2877,29021113,-150,-8170,683
13,2876,29021135,0,-2,0
4,2878,29031175,-148,-8170,677
13,2877,29031197,0,0,0
4,2879,29041135,-158,-8174,680
13,2878,29041157,0,0,-3
4,2880,29051319,-143,-8165,682
13,2879,29051341,0,-1,-1
4,2881,29061307,-148,-8169,681
13,2880,29061329,0,-2,0
4,2882,29071451,-152,-8174,684
13,2881,29071473,1,-1,1
4,2883,29081353,-144,-8164,685
13,2882,29081375,1,0,1
4,2884,29091479,-156,-8165,690
13,2883,29091501,1,0,0
4,2885,29101614,-157,-8172,684
13,2884,29101636,1,0,1
4,2886,29111579,-150,-8172,687
13,2885,29111601,1,-2,1
4,2887,29121647,-156,-8165,687
13,2886,29121669,1,-1,2
4,2888,29131683,-153,-8165,676
13,2887,29131704,1,1,0
4,2889,29141729,-158,-8174,687
13,2888,29141751,0,0,-2
4,2890,29151869,-159,-8177,676
13,2889,29151891,0,-1,0
4,2891,29161844,-154,-8167,678
13,2890,29161866,1,-1,0
4,2892,29171847,-152,-8173,683
13,2891,29171869,0,1,1
4,2893,29181937,-152,-8167,687
13,2892,29181959,1,0,0
4,2894,29192101,-156,-8165,691
13,2893,29192123,1,-1,0
4,2895,29202069,-151,-8178,692
13,2894,29202091,0,-1,1
4,2896,29212068,-146,-8173,683
13,2895,29212090,1,1,0
4,2897,29222180,-149,-8174,688
13,2896,29222202,0,-1,0
4,2898,29232345,-147,-8181,685
13,2897,29232367,3,0,0
4,2899,29242268,-162,-8173,681
13,2898,29242290,1,-1,0
4,2900,29252348,-157,-8181,690
13,2899,29252370,0,-1,0
4,2901,29262444,-137,-8176,679
13,2900,29262466,-1,2,0
4,2902,29272514,-134,-8168,685
13,2901,29272536,0,1,0
4,2903,29282461,-154,-8166,686
13,2902,29282483,0,-1,1
4,2904,29292530,-149,-8158,695
13,2903,29292552,0,1,0
4,2905,29302542,-148,-8176,692
13,2904,29302564,1,0,0
4,2906,29312751,-148,-8169,681
13,2905,29312773,0,-1,-2
4,2907,29322701,-151,-8169,672
13,2906,29322723,1,-2,-1
4,2908,29332704,-161,-8175,673
13,2907,29332726,1,2,0
4,2909,29342911,-158,-8177,677
13,2908,29342933,0,1,0
4,2910,29352868,-134,-8176,676
13,2909,29352890,0,-1,-2
4,2911,29362974,-156,-8173,674
13,2910,29362996,2,-1,0
4,2912,29373053,-157,-8161,689
13,2911,29373075,0,0,0
4,2913,29383061,-149,-8171,686
13,2912,29383083,2,0,1
4,2914,29393182,-158,-8176,682
13,2913,29393204,3,-1,0
4,2915,29403144,-145,-8177,674
13,2914,29403166,0,0,2
4,2916,29413163,-137,-8171,682
13,2915,29413185,1,-1,1
4,2917,29423275,-157,-8169,688
13,2916,29423297,0,0,0
4,2918,29433391,-160,-8169,674
13,2917,29433413,0,0,-1
4,2919,29443404,-152,-8168,688
13,2918,29443426,0,0,0
4,2920,29453458,-146,-8167,681
13,2919,29453480,1,2,0
4,2921,29463556,-149,-8171,685
13,2920,29463578,-1,2,2
4,2922,29473650,-151,-8162,706
13,2921,29473672,0,1,0
4,2923,29483631,-151,-8157,678
13,2922,29483653,0,-1,1
4,2924,29493708,-151,-8185,672
13,2923,29493730,0,2,0
4,2925,29503704,-148,-8173,679
13,2924,29503726,-1,2,0
4,2926,29513878,-158,-8161,683
13,2925,29513900,0,0,-1
4,2927,29523875,-158,-8168,679
13,2926,29523897,1,0,0
4,2928,29533893,-149,-8170,681
13,2927,29533915,0,0,0
4,2929,29543974,-144,-8181,677
13,2928,29543996,0,0,0
4,2930,29554179,-146,-8171,685
13,2929,29554201,0,0,1
4,2931,29564136,-160,-8172,686
13,2930,29564158,0,-1,0
4,2932,29574210,-154,-8174,684
13,2931,29574232,0,1,-1
4,2933,29584196,-148,-8178,683
13,2932,29584218,0,-2,0
4,2934,29594350,-143,-8160,687
13,2933,29594372,-1,0,0
4,2935,29604367,-160,-8169,679
13,2934,29604389,0,0,0
4,2936,29614367,-152,-8168,683
13,2935,29614389,1,0,1
4,2937,29624503,-146,-8178,684
13,2936,29624525,1,-1,1
4,2938,29634617,-143,-8179,679
13,2937,29634639,1,0,0
4,2939,29644578,-149,-8172,684
13,2938,29644599,0,0,0
4,2940,29654627,-141,-8177,684
13,2939,29654649,1,0,0
4,2941,29664695,-144,-8171,674
13,2940,29664717,0,2,0
4,2942,29674764,-151,-8166,684
13,2941,29674786,2,0,1
4,2943,29684792,-152,-8169,681
13,2942,29684814,1,0,0
4,2944,29694852,-152,-8163,678
13,2943,29694874,0,0,-1
4,2945,29704908,-159,-8179,685
13,2944,29704930,0,0,0
4,2946,29715103,-144,-8177,683
13,2945,29715125,0,1,0
4,2947,29725042,-142,-8173,690
13,2946,29725064,1,0,0
4,2948,29735091,-157,-8170,687
13,2947,29735113,0,0,0
4,2949,29745167,-146,-8172,667
13,2948,29745189,0,2,-1
4,2950,29755333,-138,-8173,689
13,2949,29755355,1,0,-1
4,2951,29765281,-146,-8178,684
13,2950,29765303,1,-1,-1
4,2952,29775353,-152,-8165,698
13,2951,29775375,0,1,-2
4,2953,29785367,-161,-8171,682
13,2952,29785389,0,0,-2
4,2954,29795561,-160,-8173,692
13,2953,29795583,0,0,-2
4,2955,29805520,-157,-8165,679
13,2954,29805542,0,1,1
4,2956,29815585,-153,-8165,684
13,2955,29815607,1,0,0
4,2957,29825632,-153,-8175,685
13,2956,29825654,1,-1,0
4,2958,29835680,-161,-8176,682
13,2957,29835702,4,0,0
4,2959,29845786,-142,-8163,688
13,2958,29845808,2,0,0
4,2960,29855866,-157,-8173,684
13,2959,29855888,0,2,0
4,2961,29865909,-157,-8172,678
13,2960,29865931,1,-1,-2
4,2962,29876044,-152,-8175,674
13,2961,29876066,0,0,-1
4,2963,29885965,-154,-8175,672
13,2962,29885987,-1,0,0
4,2964,29896096,-162,-8166,691
13,2963,29896118,-1,0,0
4,2965,29906193,-145,-8182,685
13,2964,29906215,0,1,0
4,2966,29916218,-145,-8175,680
13,2965,29916240,0,0,-1
4,2967,29926290,-149,-8180,675
13,2966,29926312,-2,-2,0
4,2968,29936324,-151,-8166,679
13,2967,29936346,0,2,0
4,2969,29946408,-138,-8171,679
13,2968,29946430,0,1,0
4,2970,29956573,-146,-8169,678
13,2969,29956595,0,1,0
4,2971,29966520,-150,-8168,680
13,2970,29966569,0,0,0
4,2972,29976629,-137,-8166,687
13,2971,29976651,0,1,1
4,2973,29986676,-145,-8168,693
13,2972,29986698,0,0,2
4,2974,29996813,-141,-8171,687
13,2973,29996835,0,0,0
4,2975,30006804,-146,-8177,679
13,2974,30006826,-2,1,0
4,2976,30016930,-149,-8172,685
13,2975,30016952,-1,-1,0
4,2977,30026916,-160,-8168,687
13,2976,30026938,0,0,1
4,2978,30037112,-151,-8165,688
13,2977,30037134,0,0,0
4,2979,30047007,-153,-8168,683
13,2978,30047029,0,0,0
4,2980,30057124,-144,-8167,681
13,2979,30057146,-1,-1,2
4,2981,30067196,-151,-8161,684
13,2980,30067218,0,2,1
4,2982,30077272,-149,-8158,683
13,2981,30077294,0,1,0
4,2983,30087296,-149,-8168,685
13,2982,30087318,0,-1,0
4,2984,30097406,-149,-8178,677
13,2983,30097428,-1,1,0
4,2985,30107520,-164,-8178,688
13,2984,30107542,0,0,-1
4,2986,30117632,-158,-8161,681
13,2985,30117654,0,1,0
4,2987,30127597,-151,-8163,678
13,2986,30127619,0,0,0
4,2988,30137594,-148,-8179,674
13,2987,30137616,0,-1,0
4,2989,30147706,-145,-8170,687
13,2988,30147728,0,-1,0
4,2990,30157842,-151,-8155,694
13,2989,30157863,-1,0,-1
4,2991,30167832,-150,-8169,689
13,2990,30167854,0,-1,0
4,2992,30177874,-153,-8171,689
13,2991,30177895,0,0,-1
4,2993,30188015,-148,-8165,687
13,2992,30188037,0,1,0
4,2994,30198113,-154,-8161,687
13,2993,30198135,0,0,0
4,2995,30208041,-155,-8172,688
13,2994,30208063,0,-3,1
4,2996,30218186,-144,-8167,688
13,2995,30218208,0,-3,2
4,2997,30228246,-149,-8184,693
13,2996,30228268,-1,-1,0
4,2998,30238344,-157,-8179,684
13,2997,30238366,-2,-2,1
4,2999,30248366,-151,-8170,676
13,2998,30248388,0,0,1
4,3000,30258409,-143,-8173,684
13,2999,30258431,0,0,2
4,3001,30268486,-157,-8175,684
13,3000,30268508,0,0,1
4,3002,30278642,-151,-8174,682
13,3001,30278664,0,-1,0
4,3003,30288540,-151,-8177,688
13,3002,30288562,0,0,1
4,3004,30298678,-147,-8169,678
13,3003,30298700,-3,0,0
4,3005,30308718,-153,-8173,684
13,3004,30308740,-1,0,0
4,3006,30318764,-141,-8175,689
13,3005,30318786,-1,0,0
4,3007,30328844,-142,-8176,679
13,3006,30328866,-1,1,0
4,3008,30338886,-151,-8169,685
13,3007,30338935,0,0,0
4,3009,30348933,-154,-8176,679
13,3008,30348955,1,-1,0
4,3010,30359138,-140,-8168,676
13,3009,30359160,0,0,0
4,3011,30369176,-141,-8160,688
13,3010,30369198,0,0,1
4,3012,30379135,-151,-8170,696
13,3011,30379157,0,1,1
4,3013,30389223,-156,-8168,687
13,3012,30389245,-1,-3,3
4,3014,30399297,-148,-8168,688
13,3013,30399319,0,-1,2
4,3015,30409375,-154,-8171,689
13,3014,30409397,-1,0,0
4,3016,30419421,-142,-8167,677
13,3015,30419443,-2,0,0
4,3017,30429431,-152,-8156,675
13,3016,30429453,0,-1,0
4,3018,30439699,-159,-8169,677
13,3017,30439720,0,2,0
4,3019,30449579,-159,-8182,688
13,3018,30449601,-2,0,0
4,3020,30459634,-148,-8168,696
13,3019,30459655,-1,0,-1
4,3021,30469738,-153,-8174,691
13,3020,30469760,0,1,0
4,3022,30479819,-149,-8167,684
13,3021,30479841,0,-1,-1
4,3023,30489908,-152,-8168,686
13,3022,30489930,1,0,-1
4,3024,30499907,-154,-8175,686
13,3023,30499929,0,-1,0
4,3025,30509938,-149,-8173,675
13,3024,30509959,0,1,1
4,3026,30520109,-157,-8179,681
13,3025,30520131,0,1,0
4,3027,30530155,-145,-8171,687
13,3026,30530177,0,0,1
4,3028,30540149,-143,-8168,683
13,3027,30540171,-1,0,0
4,3029,30550264,-143,-8178,677
13,3028,30550286,-3,-2,0
4,3030,30560319,-154,-8169,674
13,3029,30560341,0,-2,0
4,3031,30570280,-154,-8172,694
13,3030,30570302,0,-2,-2
4,3032,30580391,-146,-8174,693
13,3031,30580413,0,0,1
4,3033,30590407,-149,-8175,683
13,3032,30590429,0,0,0
4,3034,30600652,-162,-8168,688
13,3033,30600674,-1,1,0
4,3035,30610607,-167,-8172,694
13,3034,30610629,1,0,0
4,3036,30620703,-161,-8161,682
13,3035,30620725,1,0,0
4,3037,30630711,-159,-8178,683
13,3036,30630733,0,1,0
4,3038,30640840,-145,-8178,687
13,3037,30640862,0,-2,0
4,3039,30650762,-157,-8175,692
13,3038,30650784,-1,-2,0
4,3040,30660907,-159,-8174,690
13,3039,30660929,-2,-1,0
4,3041,30670931,-152,-8186,686
13,3040,30670953,0,-1,0
4,3042,30681040,-152,-8175,680
13,3041,30681062,0,0,1
4,3043,30691050,-145,-8174,685
13,3042,30691072,0,0,0
4,3044,30701139,-138,-8168,689
13,3043,30701161,-1,-2,0
4,3045,30711161,-153,-8178,677
13,3044,30711183,0,-2,-2
4,3046,30721366,-144,-8156,685
13,3045,30721388,0,2,-1
4,3047,30731315,-148,-8170,688
13,3046,30731337,-1,4,0
4,3048,30741380,-155,-8169,697
13,3047,30741402,0,-1,-2
4,3049,30751466,-161,-8165,688
13,3048,30751488,0,-1,0
4,3050,30761576,-158,-8168,690
13,3049,30761598,1,-2,0
4,3051,30771600,-151,-8164,684
13,3050,30771622,0,0,0
4,3052,30781593,-153,-8168,686
13,3051,30781615,0,1,0
4,3053,30791726,-148,-8165,693
13,3052,30791748,0,-1,0
4,3054,30801720,-146,-8162,694
13,3053,30801741,0,-1,1
4,3055,30811792,-155,-8180,681
13,3054,30811813,0,0,1
4,3056,30821867,-147,-8167,679
13,3055,30821889,-2,2,0
4,3057,30831922,-144,-8167,683
13,3056,30831944,-1,0,1
4,3058,30842123,-142,-8162,690
13,3057,30842145,-1,-1,2
4,3059,30852005,-142,-8163,687
13,3058,30852027,-1,0,0
4,3060,30862123,-146,-8175,676
13,3059,30862145,-1,1,0
4,3061,30872120,-155,-8174,676
13,3060,30872142,-1,0,0
4,3062,30882232,-153,-8163,685
13,3061,30882254,0,2,0
4,3063,30892213,-157,-8171,677
13,3062,30892235,-1,0,0
4,3064,30902328,-152,-8168,685
13,3063,30902350,0,0,0
4,3065,30912415,-145,-8172,682
13,3064,30912437,-1,0,0
4,3066,30922549,-146,-8164,682
13,3065,30922571,0,1,0
4,3067,30932579,-158,-8165,688
13,3066,30932601,0,0,0
4,3068,30942569,-146,-8160,689
13,3067,30942591,0,0,-1
4,3069,30952618,-149,-8165,692
13,3068,30952639,0,0,0
4,3070,30962708,-152,-8175,664
13,3069,30962758,0,0,0
4,3071,30972766,-140,-8181,686
13,3070,30972788,1,0,0
4,3072,30982853,-142,-8168,684
13,3071,30982875,-1,-3,0
4,3073,30992900,-161,-8169,689
13,3072,30992922,-4,-1,-1
4,3074,31003041,-147,-8183,687
13,3073,31003063,-2,1,0
4,3075,31013011,-137,-8177,690
13,3074,31013033,1,0,0
4,3076,31023048,-136,-8172,690
13,3075,31023069,0,0,0
4,3077,31033153,-142,-8174,684
13,3076,31033175,-3,0,-1
4,3078,31043290,-148,-8167,670
13,3077,31043312,-1,-1,-1
4,3079,31053263,-139,-8169,679
13,3078,31053285,0,-1,-2
4,3080,31063255,-148,-8176,682
13,3079,31063277,0,2,1
4,3081,31073434,-140,-8172,681
13,3080,31073456,0,0,3
4,3082,31083590,-134,-8172,681
13,3081,31083612,0,-1,0
4,3083,31093610,-139,-8180,691
13,3082,31093632,1,-4,0
4,3084,31103604,-141,-8172,679
13,3083,31103626,0,0,0
4,3085,31113684,-155,-8178,677
13,3084,31113706,0,0,-1
4,3086,31123781,-145,-8168,685
13,3085,31123803,0,-1,-1
4,3087,31133814,-140,-8179,687
13,3086,31133836,-2,0,-2
4,3088,31143839,-148,-8168,681
13,3087,31143861,-2,0,0
4,3089,31153891,-152,-8170,682
13,3088,31153913,-1,-1,0
4,3090,31164044,-155,-8175,681
13,3089,31164066,0,1,0
4,3091,31174096,-142,-8169,682
13,3090,31174118,-1,1,0
4,3092,31184056,-151,-8177,690
13,3091,31184078,0,-2,0
4,3093,31194070,-147,-8173,696
13,3092,31194092,0,0,2
4,3094,31204207,-153,-8166,674
13,3093,31204229,0,0,0
4,3095,31214254,-150,-8162,675
13,3094,31214303,1,0,0
4,3096,31224334,-143,-8158,681
13,3095,31224356,0,0,-4
4,3097,31234400,-148,-8167,683
13,3096,31234422,-2,0,-1
4,3098,31244560,-139,-8165,678
13,3097,31244582,0,-1,-1
4,3099,31254506,-142,-8173,679
13,3098,31254528,1,0,0
4,3100,31264552,-149,-8166,677
13,3099,31264574,2,1,1
4,3101,31274596,-155,-8174,686
13,3100,31274618,0,0,0
4,3102,31284692,-149,-8176,687
13,3101,31284714,0,1,2
4,3103,31294716,-153,-8177,678
13,3102,31294738,-1,0,0
4,3104,31304764,-153,-8168,681
13,3103,31304786,-1,1,-1
4,3105,31314772,-155,-8176,680
13,3104,31314794,0,1,1
4,3106,31324969,-137,-8178,691
13,3105,31324991,0,-2,0
4,3107,31334936,-143,-8176,682
13,3106,31334958,1,1,0
4,3108,31345062,-156,-8164,689
13,3107,31345084,1,4,0
4,3109,31355098,-141,-8170,683
13,3108,31355120,0,0,0
4,3110,31365161,-141,-8163,693
13,3109,31365183,-3,-1,1
4,3111,31375237,-145,-8173,680
13,3110,31375259,-3,1,0
4,3112,31385251,-148,-8166,689
13,3111,31385273,0,1,1
4,3113,31395286,-147,-8163,685
13,3112,31395308,0,1,0
4,3114,31405454,-147,-8164,687
13,3113,31405476,0,1,0
4,3115,31415458,-156,-8173,690
13,3114,31415480,0,1,0
4,3116,31425451,-143,-8169,685
13,3115,31425473,0,0,1
4,3117,31435541,-139,-8170,682
13,3116,31435563,-1,0,0
4,3118,31445675,-145,-8173,679
13,3117,31445697,0,0,0
4,3119,31455591,-150,-8174,683
13,3118,31455613,-1,0,1
4,3120,31465696,-145,-8175,687
13,3119,31465745,-1,0,0
4,3121,31475859,-151,-8173,691
13,3120,31475881,1,-1,0
4,3122,31485940,-151,-8174,681
13,3121,31485962,2,0,0
4,3123,31495898,-151,-8170,689
13,3122,31495920,0,-2,0
4,3124,31505976,-145,-8168,679
13,3123,31505998,2,0,-1
4,3125,31515989,-145,-8169,675
13,3124,31516011,1,0,-2
4,3126,31526115,-144,-8167,676
13,3125,31526137,0,0,0
4,3127,31536119,-151,-8164,677
13,3126,31536141,1,1,1
4,3128,31546249,-153,-8160,684
13,3127,31546271,-1,0,1
4,3129,31556246,-154,-8179,679
13,3128,31556268,-1,0,1
4,3130,31566452,-164,-8170,685
13,3129,31566474,0,-2,-1
4,3131,31576357,-150,-8168,684
13,3130,31576379,0,0,0
4,3132,31586504,-152,-8161,686
13,3131,31586526,-1,0,0
4,3133,31596497,-145,-8177,678
13,3132,31596519,0,0,0
4,3134,31606525,-159,-8175,687
13,3133,31606547,2,0,0
4,3135,31616667,-154,-8173,692
13,3134,31616689,2,0,0
4,3136,31626668,-155,-8168,680
13,3135,31626690,0,1,0
4,3137,31636715,-144,-8172,685
13,3136,31636737,-1,1,0
4,3138,31646823,-154,-8173,696
13,3137,31646845,1,0,0
4,3139,31656820,-152,-8173,683
13,3138,31656842,0,0,0
4,3140,31666974,-148,-8170,669
13,3139,31666996,-1,-1,1
4,3141,31676887,-143,-8172,686
13,3140,31676909,0,-1,0
4,3142,31687058,-148,-8177,683
13,3141,31687080,0,0,1
4,3143,31697103,-149,-8163,677
13,3142,31697125,0,2,0
4,3144,31707154,-152,-8169,670
13,3143,31707176,-1,-1,0
4,3145,31717272,-159,-8178,690
13,3144,31717294,0,0,0
4,3146,31727387,-162,-8168,685
13,3145,31727409,0,0,-1
4,3147,31737295,-151,-8181,679
13,3146,31737317,-2,-1,0
4,3148,31747421,-156,-8171,685
13,3147,31747443,0,0,2
4,3149,31757504,-146,-8166,692
13,3148,31757526,0,2,0
4,3150,31767549,-146,-8184,677
13,3149,31767571,-1,0,-2
4,3151,31777502,-153,-8175,681
13,3150,31777524,-1,-1,0
4,3152,31787641,-154,-8162,686
13,3151,31787662,0,0,0
4,3153,31797693,-153,-8173,693
13,3152,31797715,-1,0,-1
4,3154,31807805,-149,-8166,686
13,3153,31807827,0,-1,1
4,3155,31817786,-150,-8175,684
13,3154,31817808,-1,-1,1
4,3156,31827898,-159,-8175,683
13,3155,31827920,0,-2,0
4,3157,31837999,-156,-8170,680
13,3156,31838021,0,-1,-1
4,3158,31848026,-150,-8170,674
13,3157,31848048,0,2,0
4,3159,31858060,-158,-8175,696
13,3158,31858082,0,0,0
4,3160,31868051,-154,-8167,698
13,3159,31868073,0,-1,0
4,3161,31878210,-154,-8165,684
13,3160,31878232,2,0,1
4,3162,31888317,-144,-8168,683
13,3161,31888339,0,0,0
4,3163,31898207,-157,-8169,677
13,3162,31898229,-2,2,0
4,3164,31908393,-151,-8163,687
13,3163,31908415,-1,0,0
4,3165,31918326,-158,-8164,682
13,3164,31918348,0,-1,0
4,3166,31928507,-156,-8176,695
13,3165,31928529,0,3,0
4,3167,31938552,-150,-8182,686
13,3166,31938574,0,-1,2
4,3168,31948595,-145,-8174,674
13,3167,31948617,1,-1,1
4,3169,31958630,-151,-8183,671
13,3168,31958652,1,1,-2
4,3170,31968823,-147,-8171,688
13,3169,31968845,0,0,-3
4,3171,31978753,-141,-8167,678
13,3170,31978775,0,2,-1
4,3172,31988828,-144,-8166,685
13,3171,31988850,0,0,1
4,3173,31998920,-149,-8169,688
13,3172,31998942,0,0,-2
4,3174,32008956,-147,-8167,677
13,3173,32008978,0,0,-2
4,3175,32019022,-147,-8168,688
13,3174,32019044,1,1,1
4,3176,32029062,-141,-8169,682
13,3175,32029084,1,0,0
4,3177,32039117,-140,-8175,691
13,3176,32039139,0,1,0
4,3178,32049292,-155,-8172,673
13,3177,32049314,1,0,0
4,3179,32059250,-155,-8169,685
13,3178,32059272,-1,-1,1
4,3180,32069274,-146,-8167,685
13,3179,32069296,-2,1,0
4,3181,32079433,-143,-8172,687
13,3180,32079455,-1,2,0
4,3182,32089503,-151,-8165,675
13,3181,32089525,0,-1,1
4,3183,32099504,-154,-8165,683
13,3182,32099526,-1,0,0
4,3184,32109568,-145,-8168,690
13,3183,32109590,0,2,-1
4,3185,32119684,-139,-8173,688
13,3184,32119706,-1,0,0
4,3186,32129826,-149,-8172,685
13,3185,32129848,0,0,0
4,3187,32139797,-148,-8181,674
13,3186,32139819,1,0,0
4,3188,32149787,-143,-8176,676
13,3187,32149809,0,0,0
4,3189,32159841,-147,-8172,687
13,3188,32159863,-1,-1,0
4,3190,32169931,-149,-8171,692
13,3189,32169953,0,0,1
4,3191,32179897,-152,-8175,689
13,3190,32179919,1,2,2
4,3192,32190038,-144,-8168,682
13,3191,32190060,0,2,0
4,3193,32200073,-143,-8163,686
13,3192,32200095,0,-1,0
4,3194,32210262,-147,-8170,679
13,3193,32210284,0,0,0
4,3195,32220170,-154,-8173,679
13,3194,32220220,0,1,0
4,3196,32230274,-149,-8164,694
13,3195,32230296,1,-1,0
4,3197,32240330,-154,-8185,677
13,3196,32240352,0,0,0
4,3198,32250396,-151,-8170,665
13,3197,32250418,0,-2,0
4,3199,32260433,-151,-8168,686
13,3198,32260455,-1,0,0
4,3200,32270476,-153,-8175,682
13,3199,32270498,-1,0,0
4,3201,32280553,-148,-8171,682
13,3200,32280575,-1,0,0
4,3202,32290683,-152,-8173,678
13,3201,32290705,-2,-2,0
4,3203,32300589,-145,-8168,682
13,3202,32300611,0,0,0
4,3204,32310696,-160,-8158,684
13,3203,32310718,0,1,0
4,3205,32320800,-151,-8163,675
13,3204,32320821,0,0,0
4,3206,32330862,-140,-8161,683
13,3205,32330883,2,-1,0
4,3207,32340860,-135,-8175,678
13,3206,32340882,-1,-2,0
4,3208,32350917,-145,-8163,682
13,3207,32350939,0,-1,-1
4,3209,32361031,-157,-8180,678
13,3208,32361053,1,1,0
4,3210,32371151,-149,-8170,684
13,3209,32371173,0,1,0
4,3211,32381120,-158,-8158,691
13,3210,32381142,0,0,-3
4,3212,32391145,-149,-8178,681
13,3211,32391167,0,-1,-1
4,3213,32401138,-157,-8176,682
13,3212,32401160,0,2,0
4,3214,32411278,-158,-8165,691
13,3213,32411300,-1,0,0
4,3215,32421331,-155,-8165,678
13,3214,32421353,-1,0,-2
4,3216,32431366,-159,-8168,682
13,3215,32431388,-1,0,-2
4,3217,32441434,-146,-8178,691
13,3216,32441456,0,0,-1
4,3218,32451540,-145,-8175,689
13,3217,32451562,1,0,1
4,3219,32461556,-156,-8184,678
13,3218,32461578,0,0,0
4,3220,32471697,-153,-8169,677
13,3219,32471719,1,0,-1
4,3221,32481662,-152,-8174,684
13,3220,32481684,-1,0,0
4,3222,32491769,-150,-8184,684
13,3221,32491791,-1,0,1
4,3223,32501768,-144,-8170,691
13,3222,32501790,-1,2,0
4,3224,32511809,-149,-8168,676
13,3223,32511831,0,0,-2
4,3225,32521875,-155,-8178,672
13,3224,32521897,0,0,0
4,3226,32532032,-157,-8171,688
13,3225,32532053,-1,-1,2
4,3227,32541977,-143,-8182,682
13,3226,32541999,0,-2,0
4,3228,32552031,-137,-8171,688
13,3227,32552053,0,0,0
4,3229,32562124,-155,-8175,684
13,3228,32562146,1,0,0
4,3230,32572189,-153,-8167,674
13,3229,32572211,0,0,0
4,3231,32582278,-147,-8173,680
13,3230,32582328,0,0,1
4,3232,32592262,-159,-8172,677
13,3231,32592311,0,0,1
4,3233,32602370,-154,-8171,676
13,3232,32602392,-2,0,1
4,3234,32612437,-147,-8181,684
13,3233,32612459,0,-2,0
4,3235,32622467,-148,-8176,682
13,3234,32622489,0,-2,0
4,3236,32632536,-159,-8170,677
13,3235,32632558,2,-3,0
4,3237,32642550,-167,-8173,697
13,3236,32642571,-2,0,0
4,3238,32652602,-136,-8175,693
13,3237,32652624,0,0,0
4,3239,32662648,-137,-8173,690
13,3238,32662670,0,0,0
4,3240,32672715,-150,-8172,679
13,3239,32672737,0,0,0
4,3241,32682790,-148,-8174,686
13,3240,32682812,-1,0,3
4,3242,32692917,-149,-8174,677
13,3241,32692938,0,-1,2
4,3243,32702827,-158,-8180,686
13,3242,32702849,0,1,1
4,3244,32712947,-154,-8176,688
13,3243,32712969,-1,0,0
4,3245,32723036,-153,-8175,672
13,3244,32723058,-1,0,0
4,3246,32733119,-138,-8163,676
13,3245,32733141,1,0,0
4,3247,32743086,-146,-8169,686
13,3246,32743108,0,1,0
4,3248,32753226,-148,-8165,674
13,3247,32753248,-3,0,0
4,3249,32763233,-156,-8177,677
13,3248,32763255,-2,0,1
4,3250,32773323,-156,-8182,686
13,3249,32773345,-1,2,-1
4,3251,32783341,-152,-8172,690
13,3250,32783363,0,0,0
4,3252,32793418,-154,-8165,679
13,3251,32793440,0,1,-1
4,3253,32803470,-154,-8175,678
13,3252,32803492,-1,2,0
4,3254,32813579,-155,-8181,680
13,3253,32813601,-2,1,-1
4,3255,32823589,-148,-8181,682
13,3254,32823611,-1,0,-1
4,3256,32833637,-145,-8168,685
13,3255,32833659,-1,-2,1
4,3257,32843772,-153,-8174,682
13,3256,32843794,0,-1,0
4,3258,32853834,-147,-8169,674
13,3257,32853856,0,-2,0
4,3259,32863855,-147,-8168,684
13,3258,32863877,0,0,1
4,3260,32873919,-159,-8169,687
13,3259,32873941,-1,0,0
4,3261,32883922,-154,-8174,688
13,3260,32883944,0,-1,0
4,3262,32894042,-142,-8167,688
13,3261,32894064,0,-1,-1
4,3263,32904066,-153,-8177,676
13,3262,32904088,0,0,0
4,3264,32914069,-144,-8179,688
13,3263,32914091,-1,2,0
4,3265,32924172,-152,-8177,679
13,3264,32924194,0,1,0
4,3266,32934411,-154,-8172,684
13,3265,32934433,0,-3,0
4,3267,32944241,-143,-8179,678
13,3266,32944263,0,-1,1
4,3268,32954351,-148,-8168,682
13,3267,32954373,-2,0,1
4,3269,32964403,-144,-8178,680
13,3268,32964425,-1,-1,0
4,3270,32974559,-139,-8180,682
13,3269,32974581,0,0,0
4,3271,32984546,-153,-8163,682
13,3270,32984568,0,-1,2
4,3272,32994519,-155,-8170,678
13,3271,32994541,-1,0,1
4,3273,33004675,-158,-8172,681
13,3272,33004697,-2,-1,0
4,3274,33014751,-149,-8159,681
13,3273,33014773,-1,-2,0
4,3275,33024729,-142,-8165,679
13,3274,33024751,0,1,0
4,3276,33034762,-136,-8174,690
13,3275,33034783,-2,0,0
4,3277,33044816,-151,-8180,689
13,3276,33044838,-2,0,1
4,3278,33055000,-147,-8175,678
13,3277,33055022,0,-1,1
4,3279,33064948,-152,-8163,683
13,3278,33064970,0,0,0
4,3280,33074958,-148,-8170,694
13,3279,33074980,0,0,0
4,3281,33085062,-154,-8174,690
13,3280,33085084,-1,0,0
4,3282,33095325,-156,-8166,677
13,3281,33095347,-1,2,2
4,3283,33105236,-161,-8169,684
13,3282,33105258,-1,0,3
4,3284,33115341,-155,-8165,689
13,3283,33115363,-1,0,0
4,3285,33125331,-159,-8172,677
13,3284,33125353,1,3,-1
4,3286,33135356,-157,-8169,690
13,3285,33135378,0,0,0
4,3287,33145445,-146,-8170,691
13,3286,33145467,0,-2,1
4,3288,33155410,-144,-8168,683
13,3287,33155432,-1,2,0
4,3289,33165573,-149,-8168,687
13,3288,33165595,0,1,0
4,3290,33175685,-148,-8171,687
13,3289,33175707,-1,0,0
4,3291,33185693,-159,-8174,692
13,3290,33185715,-2,0,0
4,3292,33195719,-148,-8167,695
13,3291,33195741,0,2,-1
4,3293,33205828,-143,-8173,682
13,3292,33205850,1,0,-3
4,3294,33215821,-156,-8176,678
13,3293,33215842,0,0,0
4,3295,33225983,-143,-8179,688
13,3294,33226005,-1,1,2
4,3296,33235993,-149,-8178,697
13,3295,33236015,0,0,0
4,3297,33246002,-150,-8176,676
13,3296,33246024,-2,-1,-1
4,3298,33256188,-152,-8169,691
13,3297,33256210,-2,-1,0
4,3299,33266147,-152,-8184,677
13,3298,33266169,0,2,0
4,3300,33276218,-139,-8168,687
13,3299,33276240,0,2,0
4,3301,33286335,-147,-8174,691
13,3300,33286357,-1,-2,0
4,3302,33296363,-151,-8164,689
13,3301,33296385,0,-1,1
4,3303,33306389,-148,-8172,684
13,3302,33306411,0,2,0
4,3304,33316447,-141,-8177,676
13,3303,33316469,0,-1,0
4,3305,33326516,-155,-8183,685
13,3304,33326538,-1,0,1
4,3306,33336757,-155,-8164,691
13,3305,33336779,-1,0,-2
4,3307,33346644,-133,-8166,690
13,3306,33346666,-1,0,0
4,3308,33356751,-142,-8167,686
13,3307,33356773,-1,1,-2
4,3309,33366707,-148,-8177,689
13,3308,33366729,0,0,-3
4,3310,33376858,-145,-8174,676
13,3309,33376880,0,-1,0
4,3311,33386875,-158,-8168,678
13,3310,33386897,-1,0,1
4,3312,33396892,-157,-8174,683
13,3311,33396913,0,-1,0
4,3313,33406969,-154,-8178,685
13,3312,33406991,0,0,1
4,3314,33417059,-157,-8166,676
13,3313,33417081,-1,2,0
4,3315,33427088,-152,-8173,688
13,3314,33427110,-1,1,0
4,3316,33437105,-156,-8178,679
13,3315,33437127,0,-1,0
4,3317,33447200,-152,-8175,682
13,3316,33447222,0,0,0
4,3318,33457262,-142,-8182,684
13,3317,33457284,-1,1,0
4,3319,33467314,-140,-8195,681
13,3318,33467336,0,2,0
4,3320,33477413,-146,-8171,681
13,3319,33477435,0,-1,0
4,3321,33487468,-148,-8178,682
13,3320,33487490,-2,0,0
4,3322,33497662,-145,-8175,673
13,3321,33497684,-3,2,0
4,3323,33507563,-150,-8182,688
13,3322,33507585,0,0,-2
4,3324,33517593,-151,-8175,666
13,3323,33517615,-1,-1,0
4,3325,33527648,-153,-8184,676
13,3324,33527670,0,0,0
4,3326,33537739,-145,-8165,688
13,3325,33537761,0,1,0
4,3327,33547761,-148,-8155,684
13,3326,33547783,0,0,-1
4,3328,33557798,-147,-8169,686
13,3327,33557820,1,1,0
4,3329,33567875,-157,-8167,677
13,3328,33567897,0,2,1
4,3330,33578004,-146,-8171,674
13,3329,33578026,0,1,0
4,3331,33587977,-159,-8173,694
13,3330,33587999,0,0,-1
4,3332,33598072,-151,-8166,680
13,3331,33598094,-1,-1,-1
4,3333,33608156,-157,-8178,680
13,3332,33608178,0,0,1
4,3334,33618189,-152,-8174,690
13,3333,33618211,-2,1,2
4,3335,33628157,-153,-8167,683
13,3334,33628179,-1,-1,0
4,3336,33638255,-152,-8169,688
13,3335,33638277,-1,-2,0
4,3337,33648303,-154,-8169,681
13,3336,33648325,-1,0,0
4,3338,33658510,-153,-8172,681
13,3337,33658532,0,0,0
4,3339,33668427,-144,-8181,692
13,3338,33668449,0,0,0
4,3340,33678471,-138,-8181,681
13,3339,33678493,-1,0,2
4,3341,33688517,-144,-8162,682
13,3340,33688539,1,0,0
4,3342,33698666,-146,-8169,686
13,3341,33698688,1,0,2
4,3343,33708616,-153,-8174,686
13,3342,33708638,0,2,1
4,3344,33718675,-150,-8168,674
13,3343,33718724,0,0,-1
4,3345,33728764,-135,-8169,682
13,3344,33728786,1,-1,0
4,3346,33738981,-147,-8170,676
13,3345,33739003,0,0,0
4,3347,33748843,-154,-8161,675
13,3346,33748865,0,2,1
4,3348,33758865,-153,-8165,690
13,3347,33758887,0,2,1
4,3349,33768950,-147,-8168,685
13,3348,33768971,2,0,0
4,3350,33779043,-134,-8157,683
13,3349,33779065,-1,-2,-2
4,3351,33789048,-155,-8180,675
13,3350,33789070,0,0,-2
4,3352,33799094,-140,-8167,676
13,3351,33799115,0,-1,1
4,3353,33809209,-152,-8166,672
13,3352,33809230,-2,0,-2
4,3354,33819310,-152,-8178,686
13,3353,33819332,0,-1,-1
4,3355,33829289,-157,-8176,688
13,3354,33829311,2,-3,-1
4,3356,33839318,-150,-8161,677
13,3355,33839340,1,1,-1
4,3357,33849423,-162,-8165,686
13,3356,33849445,-1,0,2
4,3358,33859505,-148,-8162,689
13,3357,33859527,-1,1,0
4,3359,33869526,-152,-8174,685
13,3358,33869548,0,0,0
4,3360,33879512,-159,-8166,684
13,3359,33879534,0,-2,0
4,3361,33889589,-154,-8181,695
13,3360,33889611,0,0,1
4,3362,33899748,-142,-8172,688
13,3361,33899770,1,0,0
4,3363,33909734,-152,-8177,681
13,3362,33909756,-1,0,0
4,3364,33919742,-152,-8164,680
13,3363,33919764,0,1,0
4,3365,33929814,-160,-8175,690
13,3364,33929836,0,1,1
4,3366,33939945,-144,-8161,692
13,3365,33939967,0,1,0
4,3367,33949910,-142,-8173,680
13,3366,33949932,-1,-2,-1
4,3368,33959973,-156,-8164,686
13,3367,33959995,0,-1,-1
4,3369,33970080,-146,-8172,687
13,3368,33970102,0,0,0
4,3370,33980241,-152,-8158,678
13,3369,33980263,0,0,0
4,3371,33990172,-146,-8171,679
13,3370,33990194,1,1,-1
4,3372,34000218,-144,-8173,689
13,3371,34000240,1,-1,-1
4,3373,34010318,-164,-8172,689
13,3372,34010340,0,1,0
4,3374,34020315,-155,-8172,684
13,3373,34020337,0,-1,1
4,3375,34030342,-143,-8176,687
13,3374,34030364,0,0,1
4,3376,34040465,-137,-8177,686
13,3375,34040487,0,-2,1
4,3377,34050462,-154,-8174,687
13,3376,34050484,0,2,0
4,3378,34060606,-156,-8164,681
13,3377,34060628,1,1,-2
4,3379,34070601,-148,-8176,679
13,3378,34070623,0,-1,0
4,3380,34080633,-148,-8177,685
13,3379,34080655,0,2,0
4,3381,34090697,-152,-8163,688
13,3380,34090719,-1,2,-1
4,3382,34100802,-151,-8162,690
13,3381,34100824,0,0,0
4,3383,34110867,-146,-8168,684
13,3382,34110889,-1,2,0
4,3384,34120890,-155,-8179,695
13,3383,34120912,-1,3,0
4,3385,34130979,-150,-8179,668
13,3384,34131001,0,-1,1
4,3386,34141063,-141,-8176,684
13,3385,34141085,0,0,1
4,3387,34151089,-147,-8179,688
13,3386,34151110,-1,-1,0
4,3388,34161095,-152,-8164,679
13,3387,34161117,1,-3,0
4,3389,34171080,-160,-8158,679
13,3388,34171102,0,0,0
4,3390,34181296,-146,-8172,680
13,3389,34181318,-1,-1,0
4,3391,34191283,-143,-8156,679
13,3390,34191304,0,0,0
4,3392,34201309,-144,-8161,675
13,3391,34201330,-1,2,0
4,3393,34211336,-140,-8169,681
13,3392,34211358,0,1,0
4,3394,34221559,-141,-8177,684
13,3393,34221581,-2,0,1
4,3395,34231586,-153,-8178,695
13,3394,34231608,0,0,0
4,3396,34241534,-156,-8160,695
13,3395,34241556,-2,-1,0
4,3397,34251639,-150,-8156,684
13,3396,34251661,-1,-1,0
4,3398,34261720,-154,-8177,690
13,3397,34261741,0,0,0
4,3399,34271741,-147,-8169,689
13,3398,34271763,-2,0,0
4,3400,34281795,-145,-8172,684
13,3399,34281816,2,0,0
4,3401,34291879,-150,-8178,688
13,3400,34291901,1,0,0
4,3402,34301970,-143,-8166,694
13,3401,34301992,1,0,0
4,3403,34311983,-143,-8168,675
13,3402,34312005,1,-1,1
4,3404,34322091,-147,-8169,682
13,3403,34322113,0,0,1
4,3405,34332102,-162,-8161,678
13,3404,34332124,0,0,-1
4,3406,34342112,-155,-8177,676
13,3405,34342134,1,0,-2
4,3407,34352253,-155,-8182,669
13,3406,34352275,-2,1,1
4,3408,34362293,-147,-8175,676
13,3407,34362315,0,0,1
4,3409,34372301,-149,-8173,691
13,3408,34372323,0,0,0
4,3410,34382485,-142,-8159,681
13,3409,34382507,0,0,0
4,3411,34392482,-152,-8178,682
13,3410,34392504,1,0,0
4,3412,34402554,-142,-8167,678
13,3411,34402576,-1,1,1
4,3413,34412555,-148,-8178,684
13,3412,34412576,0,0,0
4,3414,34422653,-154,-8165,686
13,3413,34422675,0,-1,0
4,3415,34432626,-161,-8164,675
13,3414,34432647,-3,0,2
4,3416,34442744,-140,-8166,679
13,3415,34442766,-2,-1,1
4,3417,34452799,-153,-8166,685
13,3416,34452821,0,0,2
4,3418,34462887,-143,-8176,676
13,3417,34462936,0,-3,0
4,3419,34472978,-147,-8165,679
13,3418,34473000,0,-1,-1
4,3420,34482929,-147,-8164,684
13,3419,34482951,0,2,0
4,3421,34493034,-163,-8177,683
13,3420,34493056,0,0,0
4,3422,34503142,-148,-8168,673
13,3421,34503164,-2,1,-1
4,3423,34513139,-147,-8180,682
13,3422,34513161,-1,0,-1
4,3424,34523187,-145,-8175,685
13,3423,34523209,-1,-2,0
4,3425,34533244,-152,-8163,688
13,3424,34533266,-2,0,0
4,3426,34543345,-144,-8173,681
13,3425,34543367,0,1,0
4,3427,34553353,-150,-8178,673
13,3426,34553375,0,2,0
4,3428,34563441,-148,-8179,691
13,3427,34563463,0,2,0
4,3429,34573488,-138,-8169,676
13,3428,34573510,0,0,1
4,3430,34583583,-149,-8173,679
13,3429,34583605,-1,0,0
4,3431,34593589,-161,-8174,689
13,3430,34593638,-2,0,0
4,3432,34603598,-160,-8164,690
13,3431,34603620,0,0,0
4,3433,34613729,-153,-8175,667
13,3432,34613751,-1,0,0
4,3434,34623862,-140,-8168,683
13,3433,34623884,0,1,0
4,3435,34633782,-142,-8179,686
13,3434,34633804,0,0,1
4,3436,34643929,-144,-8183,684
13,3435,34643951,-2,0,0
4,3437,34653914,-136,-8174,683
13,3436,34653936,-3,0,-2
4,3438,34663994,-157,-8160,694
13,3437,34664015,-1,0,0
4,3439,34674043,-147,-8169,691
13,3438,34674065,0,1,1
4,3440,34684162,-145,-8179,690
13,3439,34684184,-2,1,1
4,3441,34694200,-147,-8174,686
13,3440,34694222,0,0,1
4,3442,34704387,-151,-8168,684
13,3441,34704409,-1,0,0
4,3443,34714266,-157,-8165,681
13,3442,34714288,-2,0,0
4,3444,34724343,-144,-8161,676
13,3443,34724365,0,0,1
4,3445,34734396,-136,-8174,686
13,3444,34734418,-2,-2,1
4,3446,34744426,-149,-8173,688
13,3445,34744448,-3,0,0
4,3447,34754567,-149,-8171,684
13,3446,34754588,-2,-2,-2
4,3448,34764545,-154,-8174,681
13,3447,34764567,0,0,0
4,3449,34774632,-155,-8162,688
13,3448,34774654,0,-1,0
4,3450,34784763,-144,-8162,681
13,3449,34784785,0,0,1
4,3451,34794718,-143,-8170,681
13,3450,34794740,0,2,1
4,3452,34804776,-147,-8159,670
13,3451,34804798,0,0,0
4,3453,34814853,-150,-8168,684
13,3452,34814875,1,0,-1
4,3454,34824947,-146,-8172,675
13,3453,34824969,0,0,-1
4,3455,34834958,-151,-8162,681
13,3454,34834979,0,0,0
4,3456,34845086,-154,-8165,693
13,3455,34845108,2,0,0
4,3457,34855120,-141,-8169,689
13,3456,34855142,1,0,0
4,3458,34865226,-150,-8164,687
13,3457,34865248,-1,0,0
4,3459,34875234,-160,-8155,678
13,3458,34875256,2,0,0
4,3460,34885331,-153,-8190,693
13,3459,34885353,2,0,0
4,3461,34895323,-148,-8154,705
13,3460,34895345,-2,0,0
4,3462,34905423,-157,-8175,672
13,3461,34905445,0,1,0
4,3463,34915391,-160,-8163,678
13,3462,34915413,0,0,-1
4,3464,34925511,-146,-8198,686
13,3463,34925533,-2,0,0
4,3465,34935586,-146,-8152,666
13,3464,34935608,0,0,-2
4,3466,34945727,-138,-8182,695
13,3465,34945749,1,0,-1
4,3467,34955660,-153,-8177,683
13,3466,34955682,-1,-3,-1
4,3468,34965696,-150,-8173,666
13,3467,34965718,0,0,0
4,3469,34975801,-142,-8162,683
13,3468,34975823,0,0,0
4,3470,34985937,-148,-8181,693
13,3469,34985959,0,-1,2
4,3471,34995938,-147,-8171,688
13,3470,34995960,0,1,-2
# CONFIG,end,4,100.000,0,4,0
# CONFIG,end,13,100.000,0,1000,0
# END,accel_events=3471,gyro_events=3470,queue_dropped=0,malformed=0,max_poll_gap_us=135939
# Reset the board before 