Bootloader starting
NRF_POWER->GPREGRET2 = 0004
CONFIG_GPIO_AS_PINRESET NOT defined
BHI260/BHA260 found. Product ID read 89
Loading firmware. Boot status: 11
No BHY UPDATE file found!
No ANNA_UPDATE_FILE found. Starting main application
Ä$≈ÖçïÅthe box still. Send s to capture 5 s startup + 30 s stationary data.
# NICLA_DIAGNOSTIC_V1
# Arduino_BHY2=1.0.8; corrected counts; no orientation or BLE output
# configuration_read_attempts=3
# CONFIG,phase,sensor_id,rate_hz,latency_ms,range,sensitivity
# startup_us=5000000,duration_us=35000000
# host_us is delivery time; hardware timestamps and upstream loss are not exposed
sensor_id,sequence,host_us,x_counts,y_counts,z_counts
# CONFIG_READ_FAILURE,phase=start,sensor_id=4,attempt=1,status=-5,bytes=4,expected_bytes=12
# CONFIG,start,4,100.000,0,4,0
# CONFIG,start,13,100.000,0,1000,0
4,1,136067,43,-120,8518
4,2,138684,39,-119,8516
13,1,138707,13,-21,-8
4,3,138732,44,-118,8509
13,2,138754,13,-20,-12
4,4,138776,50,-114,8524
13,3,138798,14,-22,-12
4,5,145511,56,-129,8516
13,4,145533,14,-23,-10
4,6,156500,54,-125,8515
13,5,156522,13,-22,-11
4,7,164610,58,-115,8520
13,6,164632,14,-21,-11
4,8,174745,34,-111,8508
13,7,174768,15,-20,-10
4,9,184799,61,-111,8504
13,8,184821,12,-23,-9
4,10,194934,61,-118,8523
13,9,194956,14,-24,-10
4,11,204851,48,-117,8499
13,10,204873,13,-24,-13
4,12,215007,55,-116,8509
13,11,215030,12,-24,-11
4,13,225044,53,-112,8502
13,12,225066,13,-23,-16
4,14,235174,53,-116,8504
13,13,235196,12,-26,-12
4,15,245224,56,-114,8515
13,14,245247,12,-25,-12
4,16,255281,68,-109,8491
13,15,255304,13,-21,-13
4,17,265324,64,-119,8509
13,16,265346,17,-19,-10
4,18,275571,67,-123,8515
13,17,275593,15,-18,-14
4,19,285471,51,-124,8505
13,18,285520,13,-21,-13
4,20,295624,47,-130,8514
13,19,295646,11,-23,-11
4,21,305705,48,-113,8507
13,20,305727,13,-24,-11
4,22,315811,51,-116,8517
13,21,315833,13,-21,-12
4,23,325816,49,-125,8511
13,22,325838,13,-18,-12
4,24,335964,41,-109,8513
13,23,335985,13,-23,-13
4,25,346000,54,-119,8516
13,24,346022,10,-23,-11
4,26,356225,48,-106,8506
13,25,356247,15,-25,-11
4,27,366202,43,-128,8496
13,26,366224,14,-23,-12
4,28,376213,49,-123,8513
13,27,376235,13,-25,-13
4,29,386277,40,-126,8513
13,28,386299,12,-21,-12
4,30,396486,45,-121,8512
13,29,396508,11,-25,-12
4,31,406403,56,-115,8505
13,30,406425,10,-26,-12
4,32,416533,53,-116,8517
13,31,416555,13,-24,-14
4,33,426567,56,-119,8520
13,32,426589,12,-25,-13
4,34,436754,57,-115,8511
13,33,436776,12,-21,-12
4,35,446763,69,-98,8514
13,34,446785,13,-18,-11
4,36,456807,67,-114,8500
13,35,456829,13,-20,-11
4,37,466863,60,-111,8509
13,36,466885,14,-22,-12
4,38,477000,68,-112,8502
13,37,477022,13,-23,-11
4,39,487078,68,-122,8509
13,38,487100,12,-22,-11
4,40,497094,65,-118,8495
13,39,497116,13,-23,-10
4,41,507125,53,-125,8511
13,40,507147,14,-22,-10
4,42,517328,52,-114,8516
13,41,517377,13,-21,-11
4,43,527334,52,-112,8507
13,42,527383,12,-20,-11
4,44,537428,55,-127,8507
13,43,537450,14,-21,-12
4,45,547508,51,-111,8513
13,44,547530,15,-19,-14
4,46,557651,47,-116,8514
13,45,557673,14,-17,-13
4,47,567653,49,-122,8513
13,46,567675,14,-18,-13
4,48,577725,53,-122,8529
13,47,577747,14,-20,-12
4,49,587837,46,-120,8508
13,48,587859,13,-22,-13
4,50,597956,53,-116,8512
13,49,597978,13,-23,-11
4,51,607939,55,-103,8533
13,50,607961,14,-24,-11
4,52,617964,56,-116,8515
13,51,617986,13,-24,-12
4,53,628091,57,-118,8516
13,52,628113,11,-26,-12
4,54,638188,55,-117,8510
13,53,638210,11,-21,-12
4,55,648275,47,-111,8501
13,54,648297,0,-1,1
4,56,658261,56,-107,8516
13,55,658283,-1,-1,-1
4,57,668484,63,-117,8509
13,56,668506,0,1,-1
4,58,678532,67,-117,8512
13,57,678554,-1,1,0
4,59,688551,65,-118,8511
13,58,688573,0,0,0
4,60,698591,62,-126,8498
13,59,698613,0,1,0
4,61,708667,54,-126,8502
13,60,708689,0,0,1
4,62,718810,58,-126,8503
13,61,718832,0,1,-1
4,63,728811,49,-125,8501
13,62,728833,1,-2,-3
4,64,738911,54,-110,8512
13,63,738933,0,1,0
4,65,748963,58,-116,8507
13,64,748985,0,0,0
4,66,759175,47,-111,8509
13,65,759197,1,1,1
4,67,769187,38,-112,8526
13,66,769209,1,0,1
4,68,779163,42,-131,8524
13,67,779185,1,1,1
4,69,789307,39,-135,8508
13,68,789329,3,0,0
4,70,799375,48,-117,8503
13,69,799397,2,-2,-1
4,71,809530,60,-111,8513
13,70,809552,-1,-4,-1
4,72,819499,60,-110,8509
13,71,819521,1,0,1
4,73,829606,51,-115,8510
13,72,829628,0,2,-1
4,74,839778,51,-113,8519
13,73,839800,1,1,-1
4,75,849767,57,-120,8511
13,74,849789,0,1,-1
4,76,859837,48,-112,8508
13,75,859859,0,0,-1
4,77,869922,56,-115,8500
13,76,869944,-1,0,0
4,78,880017,47,-118,8509
13,77,880039,-1,3,0
4,79,890028,54,-122,8517
13,78,890050,0,0,0
4,80,900143,56,-122,8505
13,79,900165,-1,1,0
4,81,910325,71,-121,8499
13,80,910347,-1,1,-1
4,82,920405,63,-107,8514
13,81,920427,-1,0,-1
4,83,930341,67,-114,8501
13,82,930363,1,1,-1
4,84,940463,53,-113,8511
13,83,940485,1,1,0
4,85,950488,51,-123,8515
13,84,950510,0,3,0
4,86,960628,59,-124,8503
13,85,960650,1,2,-1
4,87,970660,49,-122,8503
13,86,970682,1,3,-1
4,88,980691,49,-122,8508
13,87,980713,1,6,0
4,89,990822,54,-119,8517
13,88,990844,0,5,-2
4,90,1001007,42,-112,8508
13,89,1001029,0,3,0
4,91,1010982,38,-127,8504
13,90,1011004,0,5,0
4,92,1021042,42,-114,8503
13,91,1021064,1,3,0
4,93,1031146,59,-111,8512
13,92,1031169,0,1,-1
4,94,1041175,37,-108,8513
13,93,1041197,0,0,0
4,95,1051353,45,-113,8509
13,94,1051375,2,-1,0
4,96,1061349,53,-116,8512
13,95,1061371,0,-5,1
4,97,1071433,51,-110,8522
13,96,1071455,1,-3,-2
4,98,1081595,46,-128,8502
13,97,1081617,0,3,1
4,99,1091551,47,-142,8513
13,98,1091573,-1,2,-3
4,100,1101645,44,-125,8518
13,99,1101667,0,-1,0
4,101,1111708,59,-110,8500
13,100,1111730,0,-4,0
4,102,1121840,64,-117,8503
13,101,1121862,0,-6,0
4,103,1131867,54,-123,8493
13,102,1131889,0,-5,0
4,104,1142003,45,-129,8509
13,103,1142025,0,-2,0
4,105,1152048,52,-124,8514
13,104,1152097,0,0,-1
4,106,1162239,72,-118,8503
13,105,1162261,0,0,-1
4,107,1172263,53,-117,8218
13,106,1172288,0,0,-1
4,108,1182273,44,-122,8237
13,107,1182295,0,3,0
4,109,1192326,60,-126,8232
13,108,1192348,0,2,0
4,110,1202471,62,-120,8226
13,109,1202493,2,3,0
4,111,1212555,54,-114,8222
13,110,1212577,0,3,-1
4,112,1222644,44,-120,8234
13,111,1222666,0,2,-1
4,113,1232639,49,-122,8231
13,112,1232661,0,-2,0
4,114,1242836,50,-123,8231
13,113,1242858,0,-1,0
4,115,1252738,51,-116,8223
13,114,1252760,0,2,0
4,116,1262844,37,-121,8229
13,115,1262866,-2,-2,0
4,117,1272927,50,-100,8228
13,116,1272949,0,1,0
4,118,1282989,50,-122,8223
13,117,1283038,0,0,0
4,119,1293154,59,-121,8227
13,118,1293176,2,0,0
4,120,1303101,57,-113,8221
13,119,1303123,1,3,-2
4,121,1313281,56,-115,8215
13,120,1313303,-1,3,0
4,122,1323443,58,-117,8216
13,121,1323465,0,3,1
4,123,1333363,56,-122,8219
13,122,1333385,0,3,-1
4,124,1343458,59,-115,8226
13,123,1343480,0,2,0
4,125,1353498,53,-121,8227
13,124,1353520,0,-5,0
4,126,1363579,61,-113,8220
13,125,1363601,1,0,-1
4,127,1373640,64,-113,8220
13,126,1373662,2,3,-1
4,128,1383755,55,-122,8232
13,127,1383777,0,1,0
4,129,1393798,46,-113,8232
13,128,1393820,0,3,0
4,130,1404002,41,-119,8222
13,129,1404024,3,6,-1
4,131,1413976,43,-121,8230
13,130,1413998,1,3,0
4,132,1423999,43,-138,8233
13,131,1424021,0,3,0
4,133,1434126,45,-126,8219
13,132,1434148,0,2,0
4,134,1444191,51,-112,8213
13,133,1444213,-1,-1,0
4,135,1454211,49,-106,8222
13,134,1454233,0,-1,0
4,136,1464369,52,-112,8222
13,135,1464391,-1,1,0
4,137,1474423,46,-109,8223
13,136,1474445,-2,1,0
4,138,1484550,41,-116,8216
13,137,1484572,1,0,0
4,139,1494525,60,-117,8229
13,138,1494547,0,3,0
4,140,1504672,47,-122,8231
13,139,1504694,-1,3,-1
4,141,1514715,51,-117,8229
13,140,1514737,0,4,-1
4,142,1524908,46,-128,8219
13,141,1524930,1,3,-3
4,143,1534853,61,-117,8215
13,142,1534875,1,3,-1
4,144,1544937,61,-107,8228
13,143,1544959,0,2,0
4,145,1555018,55,-122,8225
13,144,1555040,0,1,0
4,146,1565124,57,-112,8215
13,145,1565146,0,2,0
4,147,1575132,50,-109,8224
13,146,1575153,0,5,0
4,148,1585204,50,-117,8228
13,147,1585226,0,3,-3
4,149,1595303,50,-118,8234
13,148,1595325,0,2,-1
4,150,1605386,43,-119,8240
13,149,1605408,0,1,0
4,151,1615426,43,-117,8217
13,150,1615448,1,-2,-1
4,152,1625502,60,-128,8225
13,151,1625524,0,-5,-1
4,153,1635588,49,-128,8217
13,152,1635610,2,-4,1
4,154,1645778,53,-113,8219
13,153,1645800,3,-5,-1
4,155,1655706,52,-111,8234
13,154,1655756,1,0,-1
4,156,1665784,48,-117,8235
13,155,1665806,0,0,-1
4,157,1675858,39,-116,8229
13,156,1675880,0,-2,-2
4,158,1685910,44,-114,8215
13,157,1685932,0,-1,0
4,159,1696009,50,-115,8222
13,158,1696031,0,-6,0
4,160,1706081,42,-119,8215
13,159,1706103,-1,-3,-1
4,161,1716121,51,-117,8228
13,160,1716142,-2,0,-2
4,162,1726292,42,-124,8220
13,161,1726314,0,-1,-2
4,163,1736200,45,-125,8208
13,162,1736222,-1,-3,0
4,164,1746308,43,-119,8225
13,163,1746330,0,-5,0
4,165,1756383,54,-120,8224
13,164,1756405,0,-5,0
4,166,1766515,59,-125,8227
13,165,1766537,0,0,0
4,167,1776534,57,-124,8231
13,166,1776556,0,0,-1
4,168,1786564,65,-123,8230
13,167,1786614,0,0,-2
4,169,1796707,49,-119,8217
13,168,1796729,0,2,0
4,170,1806853,46,-116,8214
13,169,1806875,1,3,1
4,171,1816814,61,-116,8219
13,170,1816836,0,4,0
4,172,1826867,62,-115,8223
13,171,1826889,1,3,0
4,173,1836885,52,-118,8220
13,172,1836907,0,0,0
4,174,1847027,53,-126,8227
13,173,1847049,0,0,0
4,175,1857122,49,-114,8225
13,174,1857143,1,0,0
4,176,1867126,32,-108,8215
13,175,1867148,0,-1,-1
4,177,1877197,41,-108,8222
13,176,1877218,1,-3,-1
4,178,1887346,41,-120,8223
13,177,1887368,0,-3,1
4,179,1897315,44,-129,8223
13,178,1897337,-1,-3,0
4,180,1907419,38,-113,8236
13,179,1907441,-1,-3,-1
4,181,1917477,40,-113,8219
13,180,1917499,1,-4,2
4,182,1927597,48,-127,8234
13,181,1927619,-1,-4,0
4,183,1937601,63,-112,8233
13,182,1937623,-1,-5,-4
4,184,1947659,62,-121,8222
13,183,1947681,0,0,-1
4,185,1957725,53,-123,8233
13,184,1957747,0,1,-1
4,186,1967939,48,-118,8227
13,185,1967961,1,-1,0
4,187,1977844,56,-118,8225
13,186,1977866,0,-3,0
4,188,1987915,57,-121,8218
13,187,1987937,1,-3,0
4,189,1997935,56,-122,8228
13,188,1997957,1,-1,-3
4,190,2008088,50,-115,8211
13,189,2008109,0,0,-2
4,191,2018139,56,-119,8216
13,190,2018161,1,0,1
4,192,2028168,62,-124,8234
13,191,2028190,-1,0,0
4,193,2038192,61,-131,8227
13,192,2038241,0,-6,0
4,194,2048459,51,-110,8229
13,193,2048481,1,-1,0
4,195,2058398,50,-117,8231
13,194,2058420,2,-2,0
4,196,2068497,55,-125,8220
13,195,2068519,0,-3,0
4,197,2078505,54,-112,8226
13,196,2078526,-1,-3,0
4,198,2088582,48,-117,8218
13,197,2088604,-2,-2,1
4,199,2098638,49,-117,8230
13,198,2098660,0,-3,0
4,200,2108708,43,-116,8235
13,199,2108730,0,-1,-1
4,201,2118804,55,-131,8227
13,200,2118826,-1,2,-1
4,202,2128875,64,-123,8236
13,201,2128897,0,2,-2
4,203,2138983,55,-116,8237
13,202,2139005,1,1,0
4,204,2148981,49,-118,8227
13,203,2149003,1,-2,1
4,205,2159018,56,-123,8228
13,204,2159067,0,-3,0
4,206,2169190,52,-122,8227
13,205,2169212,0,-2,0
4,207,2179222,49,-123,8229
13,206,2179244,-2,-2,0
4,208,2189281,61,-135,8217
13,207,2189303,0,-4,0
4,209,2199319,68,-140,8212
13,208,2199341,0,-3,-1
4,210,2209480,51,-118,8219
13,209,2209502,0,-1,-3
4,211,2219463,54,-121,8236
13,210,2219485,2,0,0
4,212,2229525,53,-116,8228
13,211,2229547,0,1,0
4,213,2239531,54,-119,8218
13,212,2239553,1,1,0
4,214,2249681,44,-115,8226
13,213,2249703,1,0,-1
4,215,2259730,57,-112,8229
13,214,2259752,1,-2,-2
4,216,2269734,64,-102,8231
13,215,2269756,0,-4,-2
4,217,2279905,54,-122,8213
13,216,2279927,0,-2,0
4,218,2290044,46,-123,8233
13,217,2290066,0,-3,-1
4,219,2299973,42,-114,8225
13,218,2299995,-1,-6,-2
4,220,2310086,52,-120,8225
13,219,2310108,0,-16,1
4,221,2320173,61,-112,8220
13,220,2320195,2,-17,0
4,222,2330163,59,-108,8224
13,221,2330185,-1,-1,0
4,223,2340254,58,-118,8244
13,222,2340276,-2,3,0
4,224,2350336,53,-119,8227
13,223,2350358,0,3,0
4,225,2360421,57,-114,8224
13,224,2360443,-2,1,0
4,226,2370572,45,-112,8241
13,225,2370594,-1,-1,1
4,227,2380461,59,-125,8230
13,226,2380483,-1,-3,0
4,228,2390642,59,-118,8218
13,227,2390664,1,-2,-1
4,229,2400648,49,-122,8232
13,228,2400670,2,-4,-1
4,230,2410782,59,-127,8221
13,229,2410804,1,-1,0
4,231,2420831,66,-120,8221
13,230,2420853,0,0,0
4,232,2430906,56,-117,8229
13,231,2430928,0,0,0
4,233,2441033,46,-114,8227
13,232,2441055,-1,0,-1
4,234,2451120,49,-115,8228
13,233,2451142,-1,0,0
4,235,2461044,59,-117,8231
13,234,2461066,1,-1,-1
4,236,2471174,63,-124,8223
13,235,2471196,0,-5,0
4,237,2481269,68,-118,8216
13,236,2481291,1,-4,0
4,238,2491345,63,-122,8227
13,237,2491367,0,-3,-1
4,239,2501422,49,-116,8204
13,238,2501444,0,-2,0
4,240,2511450,46,-131,8210
13,239,2511472,1,-3,0
4,241,2521449,52,-121,8223
13,240,2521471,-1,0,0
4,242,2531720,58,-123,8228
13,241,2531742,0,2,0
4,243,2541628,52,-122,8224
13,242,2541650,0,-2,1
4,244,2551740,55,-136,8224
13,243,2551762,0,-5,-2
4,245,2561816,57,-132,8234
13,244,2561838,0,-3,-4
4,246,2571934,52,-116,8243
13,245,2571956,3,-1,-2
4,247,2581956,53,-123,8224
13,246,2581978,2,-4,-2
4,248,2592040,60,-126,8223
13,247,2592062,1,-5,-2
4,249,2602015,56,-120,8226
13,248,2602037,3,-3,-1
4,250,2612287,49,-121,8228
13,249,2612309,1,-4,0
4,251,2622203,48,-131,8235
13,250,2622225,0,-3,-1
4,252,2632235,68,-129,8219
13,251,2632256,0,-1,-2
4,253,2642336,72,-128,8223
13,252,2642358,0,-1,1
4,254,2652454,57,-120,8216
13,253,2652503,0,3,0
4,255,2662521,73,-120,8228
13,254,2662543,4,2,0
4,256,2672644,64,-115,8220
13,255,2672666,2,1,1
4,257,2682680,60,-108,8208
13,256,2682702,0,2,-2
4,258,2692805,65,-123,8233
13,257,2692827,1,0,-3
4,259,2702785,59,-119,8225
13,258,2702807,1,2,1
4,260,2712836,55,-119,8226
13,259,2712858,0,0,0
4,261,2722985,51,-110,8229
13,260,2723007,-1,-2,-2
4,262,2733007,56,-121,8217
13,261,2733029,-1,0,-1
4,263,2743097,54,-119,8231
13,262,2743119,0,0,-3
4,264,2753064,49,-123,8224
13,263,2753086,-1,0,0
4,265,2763203,57,-118,8225
13,264,2763225,0,3,0
4,266,2773389,60,-118,8229
13,265,2773411,1,2,1
4,267,2783338,62,-127,8223
13,266,2783360,1,3,0
4,268,2793422,60,-115,8222
13,267,2793444,0,2,-1
4,269,2803414,50,-120,8216
13,268,2803436,-1,0,-1
4,270,2813574,63,-126,8216
13,269,2813596,0,0,-1
4,271,2823571,63,-129,8235
13,270,2823593,0,-2,0
4,272,2833675,50,-123,8228
13,271,2833697,1,0,-1
4,273,2843703,65,-123,8220
13,272,2843725,-1,1,1
4,274,2853882,65,-120,8226
13,273,2853904,0,-2,1
4,275,2863867,55,-121,8223
13,274,2863889,0,-1,0
4,276,2873925,58,-117,8219
13,275,2873947,1,0,0
4,277,2884053,66,-111,8224
13,276,2884075,-1,-2,0
4,278,2894133,53,-118,8217
13,277,2894155,0,-3,0
4,279,2904139,51,-115,8206
13,278,2904188,0,-3,0
4,280,2914270,72,-119,8224
13,279,2914292,0,-1,1
4,281,2924325,58,-116,8225
13,280,2924347,0,3,0
4,282,2934489,54,-120,8220
13,281,2934511,0,2,0
4,283,2944468,65,-115,8217
13,282,2944490,0,1,0
4,284,2954489,58,-109,8217
13,283,2954511,1,2,0
4,285,2964595,56,-126,8229
13,284,2964617,1,0,-1
4,286,2974663,55,-121,8220
13,285,2974685,0,0,-2
4,287,2984721,58,-112,8219
13,286,2984743,0,0,0
4,288,2994848,56,-120,8228
13,287,2994870,0,2,0
4,289,3004855,53,-128,8220
13,288,3004877,0,1,0
4,290,3014970,65,-129,8216
13,289,3014992,0,3,0
4,291,3025006,63,-116,8222
13,290,3025028,-1,2,-1
4,292,3035096,46,-113,8226
13,291,3035118,0,1,0
4,293,3045231,43,-114,8219
13,292,3045253,4,0,0
4,294,3055296,54,-123,8224
13,293,3055318,1,1,1
4,295,3065292,60,-122,8220
13,294,3065314,0,0,0
4,296,3075356,48,-118,8223
13,295,3075378,1,0,0
4,297,3085471,63,-123,8223
13,296,3085493,-1,0,0
4,298,3095565,61,-120,8211
13,297,3095587,0,0,-1
4,299,3105593,66,-115,8216
13,298,3105615,0,0,-1
4,300,3115638,57,-108,8226
13,299,3115660,1,3,0
4,301,3125768,60,-127,8228
13,300,3125790,0,3,0
4,302,3135813,57,-120,8218
13,301,3135835,0,0,0
4,303,3145811,53,-130,8222
13,302,3145833,-1,0,-2
4,304,3155977,53,-128,8231
13,303,3155999,-2,-2,0
4,305,3166036,56,-127,8226
13,304,3166058,0,-1,0
4,306,3176223,58,-121,8253
13,305,3176245,2,0,0
4,307,3186175,55,-123,8219
13,306,3186197,0,0,0
4,308,3196225,57,-126,8210
13,307,3196247,0,0,-1
4,309,3206278,62,-125,8221
13,308,3206300,0,0,0
4,310,3216397,64,-116,8218
13,309,3216419,0,4,-2
4,311,3226445,57,-117,8219
13,310,3226467,0,2,-1
4,312,3236499,64,-123,8226
13,311,3236520,0,2,0
4,313,3246594,69,-126,8242
13,312,3246616,0,2,0
4,314,3256742,53,-112,8231
13,313,3256763,-1,1,0
4,315,3266659,57,-115,8225
13,314,3266681,-1,3,0
4,316,3276773,55,-115,8230
13,315,3276795,1,0,1
4,317,3286855,47,-111,8229
13,316,3286877,0,-1,0
4,318,3297026,45,-110,8218
13,317,3297048,2,2,0
4,319,3306981,74,-121,8216
13,318,3307003,1,1,0
4,320,3317059,69,-114,8224
13,319,3317081,2,0,0
4,321,3327134,64,-106,8223
13,320,3327156,1,-1,-1
4,322,3337265,63,-109,8216
13,321,3337287,0,-3,0
4,323,3347245,59,-123,8212
13,322,3347267,0,-2,1
4,324,3357303,51,-114,8233
13,323,3357325,0,-1,1
4,325,3367431,50,-112,8235
13,324,3367453,1,-1,1
4,326,3377452,63,-117,8229
13,325,3377474,0,-2,-4
4,327,3387486,56,-123,8229
13,326,3387508,0,0,0
4,328,3397599,59,-119,8217
13,327,3397648,0,1,2
4,329,3407582,73,-122,8231
13,328,3407632,0,-1,2
4,330,3417788,72,-126,8224
13,329,3417810,2,3,2
4,331,3427810,64,-131,8224
13,330,3427832,1,4,-1
4,332,3437843,51,-122,8239
13,331,3437865,0,1,0
4,333,3447887,51,-112,8217
13,332,3447909,2,0,0
4,334,3457991,54,-105,8223
13,333,3458013,3,-3,0
4,335,3468012,57,-116,8232
13,334,3468034,0,-5,0
4,336,3478092,48,-127,8214
13,335,3478114,0,-5,0
4,337,3488140,58,-106,8226
13,336,3488162,2,0,0
4,338,3498361,57,-121,8229
13,337,3498383,1,-1,-1
4,339,3508273,57,-109,8227
13,338,3508295,2,0,0
4,340,3518388,59,-118,8236
13,339,3518437,1,-1,0
4,341,3528388,49,-116,8231
13,340,3528437,0,-4,0
4,342,3538575,43,-121,8228
13,341,3538597,0,-5,1
4,343,3548547,66,-130,8232
13,342,3548569,2,-6,-1
4,344,3558573,72,-116,8226
13,343,3558595,2,-3,-1
4,345,3568736,65,-124,8231
13,344,3568758,2,-3,-1
4,346,3578833,52,-129,8220
13,345,3578855,2,-5,-1
4,347,3588802,70,-131,8239
13,346,3588824,2,-7,0
4,348,3598790,61,-101,8247
13,347,3598812,5,-9,0
4,349,3608910,50,-103,8224
13,348,3608931,5,-7,-3
4,350,3619072,50,-126,8248
13,349,3619094,4,-9,-1
4,351,3629003,52,-111,8225
13,350,3629025,3,-9,0
4,352,3639111,54,-111,8208
13,351,3639133,4,-12,-2
4,353,3649172,62,-111,8202
13,352,3649194,7,-9,-1
4,354,3659362,61,-115,8195
13,353,3659384,4,-8,-2
4,355,3669321,67,-107,8217
13,354,3669343,0,-12,0
4,356,3679390,75,-119,8240
13,355,3679412,-1,-5,1
4,357,3689421,63,-123,8229
13,356,3689443,-1,-8,1
4,358,3699563,62,-113,8221
13,357,3699585,0,-10,-2
4,359,3709636,64,-117,8234
13,358,3709658,1,-12,-2
4,360,3719658,66,-120,8222
13,359,3719679,0,-13,-5
4,361,3729680,68,-114,8223
13,360,3729702,0,-16,-12
4,362,3739883,82,-117,8223
13,361,3739904,1,-14,-22
4,363,3749851,90,-117,8216
13,362,3749873,0,-10,-28
4,364,3759853,83,-105,8223
13,363,3759875,0,-4,-22
4,365,3769987,59,-108,8229
13,364,3770009,0,0,-14
4,366,3780144,69,-125,8216
13,365,3780166,1,-1,-8
4,367,3790196,73,-135,8220
13,366,3790218,0,1,-4
4,368,3800195,71,-133,8221
13,367,3800217,0,3,-2
4,369,3810289,66,-128,8220
13,368,3810311,-1,5,0
4,370,3820337,65,-117,8230
13,369,3820359,0,10,1
4,371,3830362,60,-130,8236
13,370,3830384,-2,11,0
4,372,3840433,63,-117,8238
13,371,3840455,0,13,-1
4,373,3850446,57,-110,8227
13,372,3850467,2,12,1
4,374,3860666,68,-122,8217
13,373,3860688,0,11,2
4,375,3870577,55,-114,8223
13,374,3870599,0,8,0
4,376,3880716,55,-108,8221
13,375,3880737,0,10,0
4,377,3890829,63,-112,8241
13,376,3890851,1,11,0
4,378,3900962,59,-110,8222
13,377,3900984,2,11,0
4,379,3910945,54,-111,8215
13,378,3910967,0,6,0
4,380,3920993,70,-117,8222
13,379,3921015,0,5,0
4,381,3931035,68,-110,8221
13,380,3931057,1,10,0
4,382,3941158,54,-124,8224
13,381,3941180,3,7,-2
4,383,3951197,58,-124,8213
13,382,3951219,4,3,-1
4,384,3961251,60,-116,8227
13,383,3961273,2,3,0
4,385,3971317,61,-120,8224
13,384,3971339,1,5,0
4,386,3981500,54,-120,8231
13,385,3981522,1,3,0
4,387,3991377,46,-120,8233
13,386,3991399,3,-2,0
4,388,4001499,59,-124,8231
13,387,4001521,2,-4,-1
4,389,4011567,58,-115,8233
13,388,4011589,0,-4,-1
4,390,4021635,61,-111,8214
13,389,4021657,2,-4,0
4,391,4031761,68,-107,8227
13,390,4031783,0,0,-2
4,392,4041768,70,-112,8222
13,391,4041790,0,1,0
4,393,4051863,46,-119,8232
13,392,4051885,2,1,2
4,394,4061976,49,-112,8213
13,393,4061998,3,1,0
4,395,4072014,63,-112,8241
13,394,4072036,2,2,0
4,396,4082060,63,-112,8232
13,395,4082082,0,2,1
4,397,4092158,53,-100,8223
13,396,4092180,2,4,0
4,398,4102166,48,-112,8230
13,397,4102188,2,5,0
4,399,4112199,57,-109,8222
13,398,4112221,2,4,2
4,400,4122285,60,-119,8225
13,399,4122307,2,3,3
4,401,4132299,50,-118,8230
13,400,4132321,3,1,5
4,402,4142552,51,-110,8221
13,401,4142574,2,3,10
4,403,4152462,55,-115,8221
13,402,4152484,0,3,15
4,404,4162554,69,-118,8220
13,403,4162576,2,1,14
4,405,4172631,61,-113,8231
13,404,4172653,2,1,10
4,406,4182722,52,-118,8233
13,405,4182744,-1,3,9
4,407,4192758,54,-121,8234
13,406,4192780,-1,0,4
4,408,4202772,53,-119,8240
13,407,4202794,0,2,0
4,409,4212877,51,-130,8235
13,408,4212899,-2,0,1
4,410,4223000,51,-124,8227
13,409,4223022,0,-6,0
4,411,4232972,55,-119,8221
13,410,4232994,-2,-7,2
4,412,4243025,56,-119,8235
13,411,4243047,0,-5,0
4,413,4253045,66,-129,8228
13,412,4253067,1,-2,2
4,414,4263201,50,-112,8227
13,413,4263223,1,-3,3
4,415,4273272,55,-111,8224
13,414,4273321,0,-5,0
4,416,4283312,45,-117,8225
13,415,4283334,-1,-2,1
4,417,4293370,57,-118,8231
13,416,4293392,-1,-3,0
4,418,4303494,63,-122,8233
13,417,4303516,-3,-2,0
4,419,4313507,73,-104,8234
13,418,4313529,-2,0,-1
4,420,4323534,68,-124,8235
13,419,4323556,0,1,0
4,421,4333584,64,-115,8228
13,420,4333606,-1,0,1
4,422,4343677,63,-113,8219
13,421,4343699,0,0,1
4,423,4353683,54,-120,8226
13,422,4353705,-2,1,0
4,424,4363790,65,-124,8223
13,423,4363812,-1,4,0
4,425,4373872,71,-121,8225
13,424,4373893,0,4,-1
4,426,4384021,59,-120,8229
13,425,4384043,1,1,0
4,427,4393968,57,-118,8214
13,426,4393990,-1,0,0
4,428,4403990,53,-115,8223
13,427,4404012,-1,2,0
4,429,4414147,61,-106,8229
13,428,4414169,0,4,1
4,430,4424316,61,-106,8223
13,429,4424338,0,6,4
4,431,4434253,64,-118,8218
13,430,4434275,-1,6,0
4,432,4444308,44,-128,8224
13,431,4444330,0,3,2
4,433,4454369,49,-113,8228
13,432,4454391,0,3,3
4,434,4464519,53,-102,8229
13,433,4464541,0,1,4
4,435,4474517,50,-107,8224
13,434,4474539,-1,0,2
4,436,4484548,50,-118,8228
13,435,4484570,-1,1,3
4,437,4494657,57,-109,8230
13,436,4494679,0,-1,6
4,438,4504742,58,-125,8234
13,437,4504764,0,-1,6
4,439,4514773,62,-118,8228
13,438,4514795,-1,2,1
4,440,4524845,60,-118,8222
13,439,4524867,0,2,1
4,441,4534993,51,-121,8221
13,440,4535015,-1,1,3
4,442,4545097,60,-112,8215
13,441,4545119,-2,1,2
4,443,4555078,65,-117,8218
13,442,4555100,-2,-2,0
4,444,4565101,66,-110,8223
13,443,4565123,-1,-2,1
4,445,4575170,66,-114,8217
13,444,4575192,0,-1,2
4,446,4585321,69,-111,8218
13,445,4585343,-1,-2,1
4,447,4595318,79,-120,8233
13,446,4595340,0,-1,0
4,448,4605318,75,-120,8220
13,447,4605340,1,0,1
4,449,4615452,54,-115,8234
13,448,4615474,0,-1,0
4,450,4625603,55,-103,8226
13,449,4625625,0,2,-1
4,451,4635584,62,-119,8226
13,450,4635606,0,0,0
4,452,4645665,60,-112,8233
13,451,4645687,1,2,1
4,453,4655679,70,-119,8224
13,452,4655700,0,0,2
4,454,4665851,71,-109,8220
13,453,4665873,-2,0,0
4,455,4675873,61,-111,8221
13,454,4675895,-1,0,-1
4,456,4685962,55,-127,8226
13,455,4685984,0,0,0
4,457,4695971,47,-104,8230
13,456,4695993,-1,2,0
4,458,4706234,51,-107,8222
13,457,4706256,0,4,-1
4,459,4716138,60,-116,8226
13,458,4716160,2,2,0
4,460,4726128,62,-116,8223
13,459,4726150,2,1,0
4,461,4736254,58,-117,8226
13,460,4736276,0,1,0
4,462,4746365,50,-113,8210
13,461,4746387,-2,0,-1
4,463,4756401,63,-113,8216
13,462,4756423,0,2,0
4,464,4766465,73,-114,8225
13,463,4766487,0,6,1
4,465,4776584,67,-118,8218
13,464,4776606,0,7,0
4,466,4786735,54,-122,8220
13,465,4786757,-1,4,0
4,467,4796705,57,-117,8216
13,466,4796727,0,4,1
4,468,4806720,65,-111,8218
13,467,4806742,0,5,1
4,469,4816846,71,-110,8219
13,468,4816868,1,2,2
4,470,4826947,56,-108,8210
13,469,4826969,-1,1,3
4,471,4836899,60,-108,8216
13,470,4836921,-1,3,2
4,472,4847029,61,-118,8227
13,471,4847050,0,3,3
4,473,4857091,59,-107,8231
13,472,4857113,0,2,0
4,474,4867221,52,-111,8228
13,473,4867243,0,4,0
4,475,4877228,56,-110,8225
13,474,4877250,-1,4,0
4,476,4887328,41,-115,8239
13,475,4887350,0,6,0
4,477,4897281,45,-94,8227
13,476,4897303,1,4,2
4,478,4907466,53,-114,8228
13,477,4907488,0,4,0
4,479,4917533,57,-117,8229
13,478,4917555,0,0,1
4,480,4927626,57,-117,8234
13,479,4927648,-2,-2,0
4,481,4937662,58,-114,8221
13,480,4937684,-1,-2,1
4,482,4947759,71,-132,8220
13,481,4947781,-2,-3,0
4,483,4957823,60,-119,8221
13,482,4957845,0,-1,0
4,484,4967872,68,-112,8227
13,483,4967894,-2,0,-3
4,485,4977911,67,-125,8240
13,484,4977933,0,0,-2
4,486,4988032,62,-117,8217
13,485,4988054,0,-2,0
4,487,4998074,60,-117,8223
13,486,4998096,2,-1,1
4,488,5008206,72,-118,8222
13,487,5008228,-1,0,1
4,489,5018223,76,-115,8236
13,488,5018244,-1,-2,0
4,490,5028349,76,-120,8235
13,489,5028371,0,1,1
4,491,5038390,56,-114,8223
13,490,5038412,0,0,2
4,492,5048484,64,-115,8223
13,491,5048506,0,0,0
4,493,5058523,65,-123,8223
13,492,5058545,0,1,-1
4,494,5068653,61,-112,8227
13,493,5068675,0,-3,0
4,495,5078631,59,-105,8213
13,494,5078653,0,-2,0
4,496,5088630,63,-109,8228
13,495,5088652,0,3,-2
4,497,5098758,54,-114,8224
13,496,5098780,-2,2,-1
4,498,5108901,57,-107,8221
13,497,5108923,-3,0,0
4,499,5118911,65,-114,8226
13,498,5118933,-1,1,0
4,500,5128983,47,-111,8221
13,499,5129005,0,2,0
4,501,5139087,54,-123,8228
13,500,5139109,0,0,0
4,502,5149200,47,-107,8225
13,501,5149222,1,1,1
4,503,5159257,44,-123,8225
13,502,5159279,0,0,1
4,504,5169218,65,-129,8238
13,503,5169240,-3,0,0
4,505,5179451,59,-109,8226
13,504,5179473,0,0,0
4,506,5189488,52,-118,8234
13,505,5189510,-1,1,-2
4,507,5199462,53,-128,8228
13,506,5199484,0,2,-1
4,508,5209567,65,-120,8229
13,507,5209589,0,1,0
4,509,5219656,61,-116,8212
13,508,5219678,0,0,0
4,510,5229737,66,-115,8216
13,509,5229759,0,0,0
4,511,5239837,67,-123,8226
13,510,5239859,0,0,1
4,512,5249841,58,-117,8228
13,511,5249863,-2,0,-3
4,513,5259917,73,-109,8216
13,512,5259939,-2,1,-2
4,514,5270149,59,-115,8218
13,513,5270171,0,4,0
4,515,5280090,69,-109,8225
13,514,5280112,2,3,0
4,516,5290236,53,-118,8217
13,515,5290258,0,1,0
4,517,5300244,63,-115,8209
13,516,5300266,0,4,0
4,518,5310375,60,-99,8233
13,517,5310397,-1,3,0
4,519,5320329,68,-108,8221
13,518,5320351,0,1,1
4,520,5330416,66,-102,8228
13,519,5330438,1,-3,-1
4,521,5340507,43,-116,8234
13,520,5340529,0,0,1
4,522,5350658,52,-112,8227
13,521,5350680,0,-3,1
4,523,5360635,54,-114,8222
13,522,5360656,0,-1,-1
4,524,5370655,52,-116,8227
13,523,5370677,-1,0,0
4,525,5380761,57,-126,8223
13,524,5380783,-1,0,-3
4,526,5390823,46,-120,8229
13,525,5390845,-2,1,-2
4,527,5400917,52,-111,8228
13,526,5400966,-2,1,0
4,528,5410984,61,-120,8211
13,527,5411006,3,-1,1
4,529,5421101,68,-125,8228
13,528,5421123,0,-3,0
4,530,5431258,68,-124,8225
13,529,5431280,0,0,0
4,531,5441236,55,-123,8229
13,530,5441258,0,0,0
4,532,5451341,73,-113,8218
13,531,5451363,-1,0,0
4,533,5461359,68,-118,8230
13,532,5461381,0,-1,0
4,534,5471442,71,-113,8229
13,533,5471464,0,-2,0
4,535,5481491,74,-119,8211
13,534,5481513,1,0,1
4,536,5491575,61,-122,8229
13,535,5491597,0,4,0
4,537,5501684,70,-116,8229
13,536,5501706,0,3,1
4,538,5511807,64,-116,8221
13,537,5511856,0,2,0
4,539,5521758,58,-120,8217
13,538,5521780,-1,0,0
4,540,5531883,59,-111,8229
13,539,5531905,-2,0,2
4,541,5541923,58,-107,8229
13,540,5541945,0,1,0
4,542,5552052,50,-121,8218
13,541,5552074,-3,1,0
4,543,5562123,57,-116,8218
13,542,5562145,-2,0,0
4,544,5572145,54,-114,8238
13,543,5572167,0,2,-1
4,545,5582121,59,-106,8232
13,544,5582143,0,1,0
4,546,5592345,63,-121,8226
13,545,5592367,0,0,0
4,547,5602349,62,-108,8233
13,546,5602371,0,0,-2
4,548,5612441,51,-111,8221
13,547,5612463,0,0,-2
4,549,5622471,59,-120,8227
13,548,5622493,1,2,-2
4,550,5632571,60,-116,8232
13,549,5632593,-2,2,-1
4,551,5642601,57,-107,8223
13,550,5642623,0,0,1
4,552,5652742,67,-119,8236
13,551,5652764,0,-2,-1
4,553,5662759,68,-127,8228
13,552,5662781,0,0,-2
4,554,5672933,73,-111,8222
13,553,5672955,0,0,-2
4,555,5682881,63,-120,8231
13,554,5682903,-2,0,0
4,556,5692998,68,-114,8233
13,555,5693020,-1,3,1
4,557,5702987,62,-123,8217
13,556,5703009,0,3,1
4,558,5713051,65,-114,8214
13,557,5713073,0,0,2
4,559,5723141,67,-125,8232
13,558,5723163,0,-2,0
4,560,5733213,64,-115,8224
13,559,5733235,0,2,0
4,561,5743275,68,-123,8224
13,560,5743297,1,4,0
4,562,5753421,57,-114,8230
13,561,5753443,-2,5,0
4,563,5763392,50,-119,8222
13,562,5763414,-2,4,1
4,564,5773484,59,-116,8231
13,563,5773506,0,2,0
4,565,5783573,54,-117,8225
13,564,5783595,0,2,-1
4,566,5793690,61,-106,8226
13,565,5793712,0,1,-2
4,567,5803710,53,-112,8220
13,566,5803732,0,1,-1
4,568,5813776,65,-117,8229
13,567,5813798,1,-2,1
4,569,5823816,60,-116,8229
13,568,5823838,0,-1,-1
4,570,5833925,54,-113,8235
13,569,5833947,-1,0,-1
4,571,5843958,56,-110,8229
13,570,5843980,0,1,0
4,572,5854002,67,-116,8227
13,571,5854024,0,0,0
4,573,5864160,53,-125,8228
13,572,5864182,0,0,-1
4,574,5874173,65,-106,8217
13,573,5874195,0,0,0
4,575,5884248,59,-106,8233
13,574,5884270,1,-1,-1
4,576,5894333,74,-119,8231
13,575,5894382,0,-3,0
4,577,5904383,74,-124,8214
13,576,5904405,1,1,-2
4,578,5914552,57,-113,8218
13,577,5914574,0,0,1
4,579,5924519,64,-112,8231
13,578,5924541,0,-1,1
4,580,5934650,59,-112,8213
13,579,5934671,0,-1,0
4,581,5944648,69,-112,8220
13,580,5944670,-1,-4,-1
4,582,5954739,65,-112,8230
13,581,5954761,-1,-3,0
4,583,5964828,65,-122,8228
13,582,5964850,0,1,1
4,584,5974779,62,-123,8233
13,583,5974801,2,1,0
4,585,5984909,63,-114,8233
13,584,5984931,0,1,-1
4,586,5995131,58,-109,8223
13,585,5995153,0,2,-1
4,587,6005070,55,-122,8233
13,586,6005092,1,0,-2
4,588,6015113,51,-116,8227
13,587,6015135,0,0,0
4,589,6025171,48,-109,8225
13,588,6025193,1,4,2
4,590,6035316,64,-125,8213
13,589,6035338,2,4,-1
4,591,6045343,56,-111,8217
13,590,6045365,2,3,-1
4,592,6055410,65,-115,8223
13,591,6055432,-3,4,0
4,593,6065518,61,-108,8228
13,592,6065540,-3,2,-1
4,594,6075637,52,-117,8222
13,593,6075659,2,1,0
4,595,6085649,58,-129,8214
13,594,6085671,5,0,1
4,596,6095666,58,-108,8217
13,595,6095688,3,2,2
4,597,6105801,62,-113,8226
13,596,6105823,2,4,1
4,598,6115831,70,-119,8228
13,597,6115853,0,4,2
4,599,6125830,73,-122,8221
13,598,6125852,0,4,0
4,600,6135981,64,-121,8227
13,599,6136003,2,3,3
4,601,6146013,57,-131,8220
13,600,6146035,0,4,1
4,602,6156189,56,-121,8223
13,601,6156211,0,5,-1
4,603,6166119,64,-120,8220
13,602,6166141,2,5,1
4,604,6176249,51,-123,8223
13,603,6176271,0,4,0
4,605,6186338,60,-125,8221
13,604,6186360,0,3,-2
4,606,6196336,72,-118,8203
13,605,6196358,2,1,1
4,607,6206447,59,-106,8226
13,606,6206469,3,1,1
4,608,6216485,40,-107,8225
13,607,6216507,0,3,1
4,609,6226572,52,-121,8231
13,608,6226594,-2,4,0
4,610,6236727,53,-120,8225
13,609,6236749,-1,3,1
4,611,6246684,47,-122,8235
13,610,6246706,1,-1,0
4,612,6256690,55,-120,8230
13,611,6256711,1,-2,0
4,613,6266802,59,-126,8226
13,612,6266823,-1,-3,0
4,614,6276994,49,-119,8238
13,613,6277016,0,-2,1
4,615,6286986,49,-122,8223
13,614,6287008,1,-2,0
4,616,6296970,57,-131,8221
13,615,6296992,0,1,0
4,617,6307115,54,-116,8226
13,616,6307137,-3,4,0
4,618,6317247,53,-110,8214
13,617,6317269,1,2,0
4,619,6327137,65,-119,8215
13,618,6327159,0,1,0
4,620,6337287,55,-117,8223
13,619,6337309,0,1,0
4,621,6347386,45,-101,8216
13,620,6347408,2,-2,0
4,622,6357521,51,-115,8223
13,621,6357543,1,-2,0
4,623,6367466,63,-116,8215
13,622,6367488,-1,0,0
4,624,6377551,68,-112,8220
13,623,6377573,-1,-3,0
4,625,6387560,66,-120,8230
13,624,6387582,1,-2,0
4,626,6397800,54,-123,8219
13,625,6397822,2,-3,0
4,627,6407800,64,-111,8220
13,626,6407822,1,-1,0
4,628,6417799,76,-118,8226
13,627,6417821,0,0,0
4,629,6427990,66,-124,8228
13,628,6428012,0,7,3
4,630,6437973,38,-121,8229
13,629,6437995,1,3,1
4,631,6448070,49,-119,8226
13,630,6448092,-1,4,0
4,632,6458171,51,-115,8233
13,631,6458193,0,3,-1
4,633,6468188,48,-125,8240
13,632,6468210,0,3,1
4,634,6478351,41,-103,8226
13,633,6478373,0,3,0
4,635,6488302,54,-114,8231
13,634,6488324,-1,1,0
4,636,6498332,52,-123,8223
13,635,6498354,0,-2,-1
4,637,6508430,57,-110,8238
13,636,6508452,-1,-2,0
4,638,6518536,57,-112,8234
13,637,6518558,0,-2,-2
4,639,6528619,52,-112,8228
13,638,6528641,2,-1,0
4,640,6538689,61,-118,8220
13,639,6538711,0,0,2
4,641,6548781,52,-127,8229
13,640,6548803,-1,2,0
4,642,6558857,60,-116,8217
13,641,6558879,0,1,0
4,643,6568889,57,-119,8234
13,642,6568911,-2,0,0
4,644,6578952,56,-120,8231
13,643,6578973,0,-2,-1
4,645,6588940,50,-113,8227
13,644,6588962,0,-3,0
4,646,6599173,59,-111,8213
13,645,6599195,-1,0,0
4,647,6609150,54,-113,8223
13,646,6609172,0,0,-1
4,648,6619211,57,-126,8236
13,647,6619233,-1,0,0
4,649,6629297,69,-114,8229
13,648,6629319,0,3,-1
4,650,6639541,58,-114,8213
13,649,6639563,0,1,0
4,651,6649525,58,-112,8231
13,650,6649547,0,1,1
4,652,6659577,66,-125,8224
13,651,6659599,0,3,0
4,653,6669607,69,-118,8227
13,652,6669629,-1,0,-1
4,654,6679691,72,-107,8229
13,653,6679713,0,0,0
4,655,6689764,48,-118,8235
13,654,6689786,1,0,-2
4,656,6699737,47,-134,8224
13,655,6699758,0,3,-2
4,657,6709863,52,-113,8228
13,656,6709885,0,3,0
4,658,6720011,68,-112,8208
13,657,6720033,0,1,3
4,659,6729989,44,-116,8222
13,658,6730010,1,4,1
4,660,6740061,50,-103,8232
13,659,6740083,0,1,-2
4,661,6750134,62,-118,8232
13,660,6750156,0,-1,0
4,662,6760232,49,-122,8232
13,661,6760254,-1,0,-2
4,663,6770270,61,-117,8232
13,662,6770292,2,0,-1
4,664,6780374,63,-121,8219
13,663,6780396,0,-4,0
4,665,6790435,63,-108,8230
13,664,6790457,-1,-3,2
4,666,6800596,63,-123,8223
13,665,6800618,1,-2,0
4,667,6810585,67,-122,8223
13,666,6810607,1,-2,0
4,668,6820584,62,-118,8223
13,667,6820606,-1,-3,0
4,669,6830689,58,-123,8223
13,668,6830710,-1,0,-2
4,670,6840835,62,-119,8226
13,669,6840857,0,0,-2
4,671,6850837,56,-117,8212
13,670,6850859,3,-1,0
4,672,6860874,54,-120,8229
13,671,6860896,1,0,0
4,673,6870900,56,-118,8231
13,672,6870922,2,0,1
4,674,6881126,50,-117,8229
13,673,6881148,0,2,-1
4,675,6891087,57,-106,8224
13,674,6891109,0,1,-2
4,676,6901207,60,-117,8234
13,675,6901229,0,-1,-1
4,677,6911246,74,-118,8223
13,676,6911268,1,2,0
4,678,6921305,56,-116,8232
13,677,6921327,1,2,-2
4,679,6931371,55,-109,8232
13,678,6931393,1,1,-2
4,680,6941408,58,-111,8235
13,679,6941430,0,-1,1
4,681,6951492,60,-119,8232
13,680,6951514,-1,-1,1
4,682,6961627,63,-121,8214
13,681,6961649,0,-1,1
4,683,6971538,57,-107,8222
13,682,6971560,0,0,-2
4,684,6981645,53,-106,8225
13,683,6981667,-1,2,-3
4,685,6991762,69,-126,8232
13,684,6991784,0,0,-3
4,686,7001793,64,-111,8235
13,685,7001815,0,1,-1
4,687,7011845,61,-114,8228
13,686,7011866,0,0,-2
4,688,7021919,57,-122,8217
13,687,7021941,0,0,0
4,689,7032010,61,-128,8228
13,688,7032032,1,2,0
4,690,7042190,65,-107,8229
13,689,7042212,1,2,0
4,691,7052139,57,-109,8227
13,690,7052161,0,2,0
4,692,7062220,83,-118,8230
13,691,7062242,0,2,0
4,693,7072267,69,-123,8234
13,692,7072289,1,0,0
4,694,7082366,59,-113,8230
13,693,7082388,1,2,0
4,695,7092424,55,-115,8221
13,694,7092445,-1,0,0
4,696,7102523,57,-120,8221
13,695,7102545,0,-1,0
4,697,7112585,62,-104,8223
13,696,7112607,2,0,-1
4,698,7122701,56,-122,8220
13,697,7122723,0,-1,1
4,699,7132621,53,-118,8236
13,698,7132643,-1,-2,1
4,700,7142733,54,-117,8228
13,699,7142755,1,-2,0
4,701,7152799,69,-115,8231
13,700,7152848,1,-2,0
4,702,7162974,53,-123,8235
13,701,7162996,-1,-4,0
4,703,7172945,51,-119,8238
13,702,7172967,3,-2,0
4,704,7183078,45,-108,8226
13,703,7183100,2,0,0
4,705,7193121,66,-113,8218
13,704,7193143,0,0,1
4,706,7203257,57,-110,8234
13,705,7203279,2,1,0
4,707,7213243,63,-115,8219
13,706,7213265,2,2,0
4,708,7223236,68,-109,8228
13,707,7223258,0,2,0
4,709,7233364,63,-113,8233
13,708,7233386,0,0,2
4,710,7243477,52,-131,8216
13,709,7243499,0,1,-1
4,711,7253522,58,-122,8225
13,710,7253544,0,3,-1
4,712,7263504,62,-129,8228
13,711,7263526,0,3,0
4,713,7273752,61,-124,8231
13,712,7273774,1,0,0
4,714,7283826,62,-122,8221
13,713,7283848,2,-1,3
4,715,7293734,67,-113,8229
13,714,7293756,2,0,1
4,716,7303884,51,-113,8217
13,715,7303906,0,-1,4
4,717,7313910,48,-117,8228
13,716,7313932,0,0,11
4,718,7323988,71,-124,8231
13,717,7324010,0,3,14
4,719,7334022,62,-122,8217
13,718,7334044,0,2,10
4,720,7344092,60,-118,8230
13,719,7344114,-1,0,7
4,721,7354127,65,-110,8227
13,720,7354149,1,1,6
4,722,7364319,55,-118,8231
13,721,7364341,0,0,5
4,723,7374221,56,-121,8234
13,722,7374243,-1,2,2
4,724,7384318,56,-103,8236
13,723,7384340,0,0,3
4,725,7394404,59,-112,8229
13,724,7394426,0,0,2
4,726,7404427,62,-113,8235
13,725,7404476,0,3,0
4,727,7414558,60,-117,8220
13,726,7414580,0,0,1
4,728,7424605,62,-120,8218
13,727,7424627,-2,0,1
4,729,7434647,60,-114,8243
13,728,7434669,-2,1,0
4,730,7444827,58,-116,8233
13,729,7444849,0,0,0
4,731,7454834,54,-114,8224
13,730,7454856,-1,0,0
4,732,7464790,54,-110,8222
13,731,7464812,0,-1,-1
4,733,7474910,53,-124,8221
13,732,7474932,1,0,-1
4,734,7485023,64,-123,8225
13,733,7485045,0,0,-1
4,735,7495085,65,-118,8227
13,734,7495107,0,2,0
4,736,7505098,63,-122,8216
13,735,7505120,0,2,0
4,737,7515106,61,-113,8221
13,736,7515128,-1,0,1
4,738,7525393,50,-109,8229
13,737,7525415,-2,0,1
4,739,7535330,52,-122,8213
13,738,7535352,0,2,0
4,740,7545380,58,-110,8227
13,739,7545402,2,2,0
4,741,7555456,60,-121,8230
13,740,7555478,1,2,1
4,742,7565502,50,-118,8224
13,741,7565524,0,3,0
4,743,7575585,50,-104,8228
13,742,7575606,0,1,-1
4,744,7585614,43,-97,8222
13,743,7585636,0,1,0
4,745,7595638,49,-116,8221
13,744,7595660,0,1,0
4,746,7605858,56,-122,8223
13,745,7605880,0,3,0
4,747,7615850,50,-119,8218
13,746,7615872,0,3,0
4,748,7625901,46,-111,8219
13,747,7625923,0,3,0
4,749,7635996,50,-120,8218
13,748,7636018,0,2,0
4,750,7646062,54,-125,8230
13,749,7646111,1,0,0
4,751,7656039,59,-119,8228
13,750,7656089,4,1,-2
4,752,7666183,66,-110,8226
13,751,7666205,3,1,1
4,753,7676204,73,-122,8219
13,752,7676226,0,0,0
4,754,7686393,62,-118,8221
13,753,7686415,-1,3,0
4,755,7696372,63,-123,8214
13,754,7696394,0,6,1
4,756,7706499,54,-111,8222
13,755,7706521,0,2,0
4,757,7716517,47,-111,8215
13,756,7716539,0,-4,0
4,758,7726680,55,-127,8210
13,757,7726702,0,-4,0
4,759,7736585,51,-119,8228
13,758,7736607,0,-2,0
4,760,7746762,45,-112,8233
13,759,7746784,1,-2,1
4,761,7756774,62,-117,8218
13,760,7756796,1,-2,-1
4,762,7766872,58,-108,8223
13,761,7766921,0,-4,-1
4,763,7776914,54,-121,8227
13,762,7776936,0,-5,-2
4,764,7786975,65,-116,8231
13,763,7786997,0,-6,-1
4,765,7797060,61,-109,8225
13,764,7797082,0,-2,0
4,766,7807188,51,-118,8225
13,765,7807210,0,0,0
4,767,7817164,53,-116,8230
13,766,7817186,0,0,0
4,768,7827227,61,-114,8224
13,767,7827249,0,-1,0
4,769,7837286,57,-114,8226
13,768,7837308,0,-2,-1
4,770,7847453,50,-116,8229
13,769,7847475,1,-3,0
4,771,7857466,60,-115,8219
13,770,7857488,0,-3,0
4,772,7867495,53,-123,8214
13,771,7867516,0,0,2
4,773,7877619,51,-119,8221
13,772,7877641,0,-3,-1
4,774,7887603,63,-113,8226
13,773,7887625,0,-4,-1
4,775,7897705,59,-104,8226
13,774,7897754,2,-4,0
4,776,7907787,71,-117,8216
13,775,7907809,-1,-3,0
4,777,7917861,60,-122,8227
13,776,7917883,1,0,0
4,778,7927996,61,-118,8218
13,777,7928018,1,1,0
4,779,7937925,56,-109,8218
13,778,7937947,1,0,0
4,780,7947999,64,-111,8225
13,779,7948021,0,0,0
4,781,7958043,58,-107,8227
13,780,7958065,0,3,0
4,782,7968161,56,-117,8223
13,781,7968183,0,3,0
4,783,7978160,58,-114,8227
13,782,7978182,0,3,-1
4,784,7988255,63,-112,8242
13,783,7988277,2,2,0
4,785,7998341,48,-112,8219
13,784,7998363,0,1,-1
4,786,8008475,55,-118,8221
13,785,8008497,0,2,0
4,787,8018553,52,-136,8232
13,786,8018575,0,3,0
4,788,8028564,42,-104,8229
13,787,8028586,1,0,0
4,789,8038630,56,-110,8230
13,788,8038652,0,0,0
4,790,8048735,51,-117,8235
13,789,8048757,0,1,0
4,791,8058745,55,-121,8230
13,790,8058767,-1,2,2
4,792,8068802,46,-121,8229
13,791,8068824,0,-1,-1
4,793,8078874,60,-113,8226
13,792,8078896,0,-3,0
4,794,8089018,67,-130,8223
13,793,8089040,0,-1,-1
4,795,8099004,57,-117,8243
13,794,8099026,1,0,0
4,796,8109038,50,-112,8228
13,795,8109059,-1,0,-1
4,797,8119130,48,-108,8224
13,796,8119152,0,1,-2
4,798,8129258,51,-107,8233
13,797,8129280,1,0,0
4,799,8139236,64,-125,8225
13,798,8139258,0,-3,2
4,800,8149249,54,-129,8218
13,799,8149271,0,-4,1
4,801,8159366,56,-120,8222
13,800,8159388,0,0,0
4,802,8169564,55,-112,8235
13,801,8169586,0,3,0
4,803,8179556,58,-114,8224
13,802,8179578,0,1,0
4,804,8189562,43,-111,8225
13,803,8189584,2,0,1
4,805,8199579,57,-119,8225
13,804,8199601,2,0,1
4,806,8209697,53,-114,8237
13,805,8209719,0,-3,0
4,807,8219791,61,-118,8227
13,806,8219813,-1,-3,-1
4,808,8229788,60,-115,8220
13,807,8229810,-1,-1,3
4,809,8239872,54,-121,8212
13,808,8239894,-1,-1,3
4,810,8250012,58,-117,8229
13,809,8250034,1,2,2
4,811,8260010,63,-131,8229
13,810,8260032,1,2,6
4,812,8270032,58,-129,8226
13,811,8270054,3,5,6
4,813,8280034,56,-112,8245
13,812,8280083,1,3,5
4,814,8290228,58,-110,8223
13,813,8290250,1,-1,3
4,815,8300246,52,-115,8218
13,814,8300268,2,-1,5
4,816,8310312,58,-109,8238
13,815,8310334,0,0,7
4,817,8320342,51,-116,8238
13,816,8320364,0,0,3
4,818,8330509,57,-117,8241
13,817,8330531,-2,-3,1
4,819,8340499,54,-111,8228
13,818,8340521,0,-5,0
4,820,8350522,63,-113,8215
13,819,8350544,1,-5,0
4,821,8360612,67,-124,8230
13,820,8360634,1,-2,1
4,822,8370683,59,-119,8235
13,821,8370705,0,0,1
4,823,8380717,59,-112,8227
13,822,8380739,0,-2,4
4,824,8390764,58,-117,8231
13,823,8390786,0,0,3
4,825,8400796,67,-115,8225
13,824,8400818,0,0,1
4,826,8411023,63,-113,8228
13,825,8411045,0,0,0
4,827,8420983,42,-112,8223
13,826,8421005,1,1,0
4,828,8431133,56,-113,8218
13,827,8431155,2,0,0
4,829,8441141,59,-113,8218
13,828,8441163,1,0,0
4,830,8451207,52,-107,8235
13,829,8451229,1,0,2
4,831,8461293,57,-112,8228
13,830,8461315,1,1,0
4,832,8471305,49,-120,8220
13,831,8471327,0,2,3
4,833,8481367,57,-130,8230
13,832,8481388,0,1,3
4,834,8491519,48,-127,8228
13,833,8491541,0,0,2
4,835,8501575,61,-112,8227
13,834,8501597,0,0,0
4,836,8511573,62,-122,8223
13,835,8511595,3,0,-2
4,837,8521659,55,-109,8232
13,836,8521708,1,0,1
4,838,8531814,56,-111,8228
13,837,8531836,0,1,0
4,839,8541743,53,-125,8231
13,838,8541765,1,0,0
4,840,8551887,50,-124,8218
13,839,8551909,0,1,1
4,841,8561955,51,-107,8224
13,840,8561977,-1,0,0
4,842,8572084,63,-104,8222
13,841,8572106,0,-2,1
4,843,8582028,57,-115,8220
13,842,8582050,0,-3,0
4,844,8592099,58,-115,8221
13,843,8592121,0,-6,1
4,845,8602171,72,-119,8231
13,844,8602193,0,-3,1
4,846,8612279,59,-118,8232
13,845,8612301,0,-1,2
4,847,8622325,59,-114,8226
13,846,8622347,1,-1,0
4,848,8632423,60,-120,8223
13,847,8632445,0,0,0
4,849,8642456,59,-126,8229
13,848,8642478,1,-3,0
4,850,8652683,67,-116,8222
13,849,8652705,0,-4,0
4,851,8662570,57,-128,8224
13,850,8662592,0,-2,0
4,852,8672703,62,-126,8225
13,851,8672725,2,-2,-1
4,853,8682697,61,-102,8234
13,852,8682719,0,-5,0
4,854,8692759,54,-110,8220
13,853,8692781,0,-1,0
4,855,8702877,66,-125,8217
13,854,8702899,2,3,0
4,856,8712899,61,-110,8233
13,855,8712921,1,4,1
4,857,8722963,51,-106,8234
13,856,8722985,-1,4,0
4,858,8733045,51,-110,8219
13,857,8733067,-1,2,0
4,859,8743110,56,-120,8222
13,858,8743132,0,-3,-3
4,860,8753198,61,-119,8230
13,859,8753220,0,0,-1
4,861,8763183,54,-128,8227
13,860,8763205,-1,-2,0
4,862,8773351,50,-117,8225
13,861,8773373,0,-3,0
4,863,8783383,56,-108,8220
13,862,8783405,0,-5,0
4,864,8793425,50,-111,8222
13,863,8793447,-1,-5,-1
4,865,8803520,53,-113,8233
13,864,8803542,1,0,0
4,866,8813659,57,-115,8226
13,865,8813681,1,-2,-1
4,867,8823568,67,-106,8216
13,866,8823590,2,-4,-1
4,868,8833699,57,-113,8230
13,867,8833721,-1,2,0
4,869,8843804,57,-123,8228
13,868,8843826,-2,2,1
4,870,8853879,65,-131,8224
13,869,8853901,0,3,0
4,871,8863843,60,-118,8218
13,870,8863865,1,2,-1
4,872,8873962,53,-125,8228
13,871,8873984,2,1,-2
4,873,8884056,56,-123,8229
13,872,8884078,1,2,-2
4,874,8894153,59,-119,8213
13,873,8894202,0,0,0
4,875,8904221,49,-119,8227
13,874,8904243,-1,-1,0
4,876,8914315,47,-124,8229
13,875,8914337,-1,0,0
4,877,8924409,45,-109,8223
13,876,8924431,-1,-1,1
4,878,8934459,64,-119,8228
13,877,8934481,0,0,1
4,879,8944471,55,-137,8231
13,878,8944492,1,5,0
4,880,8954470,46,-111,8222
13,879,8954492,2,5,0
4,881,8964598,57,-106,8207
13,880,8964620,0,3,0
4,882,8974785,60,-109,8223
13,881,8974807,1,6,0
4,883,8984672,53,-108,8238
13,882,8984694,1,4,-2
4,884,8994878,57,-115,8222
13,883,8994899,0,0,-2
4,885,9004821,47,-126,8222
13,884,9004842,1,-4,0
4,886,9014976,57,-122,8225
13,885,9014998,0,-5,0
4,887,9025092,61,-119,8228
13,886,9025114,0,-5,0
4,888,9035100,62,-117,8240
13,887,9035122,0,-2,0
4,889,9045194,60,-122,8238
13,888,9045216,-2,0,-1
4,890,9055296,64,-114,8227
13,889,9055318,0,0,-1
4,891,9065237,63,-113,8219
13,890,9065259,0,-1,1
4,892,9075362,70,-121,8233
13,891,9075384,0,-4,0
4,893,9085428,59,-114,8221
13,892,9085450,0,-1,0
4,894,9095526,49,-117,8224
13,893,9095548,0,-1,1
4,895,9105553,46,-119,8233
13,894,9105575,0,-1,1
4,896,9115634,48,-126,8231
13,895,9115656,0,1,0
4,897,9125632,57,-118,8231
13,896,9125654,0,3,0
4,898,9135906,58,-112,8216
13,897,9135928,0,0,-1
4,899,9145809,57,-120,8210
13,898,9145831,0,-2,0
4,900,9155850,62,-114,8228
13,899,9155899,0,0,-2
4,901,9166055,52,-110,8225
13,900,9166077,1,0,0
4,902,9176101,44,-119,8226
13,901,9176123,0,-3,1
4,903,9186150,61,-110,8233
13,902,9186172,0,0,0
4,904,9196180,52,-129,8236
13,903,9196202,0,0,-3
4,905,9206341,51,-129,8228
13,904,9206363,0,0,0
4,906,9216474,64,-121,8225
13,905,9216495,0,0,-2
4,907,9226434,64,-116,8242
13,906,9226455,0,2,0
4,908,9236476,57,-117,8221
13,907,9236498,1,1,0
4,909,9246526,51,-111,8224
13,908,9246548,1,1,0
4,910,9256661,44,-120,8235
13,909,9256683,2,1,0
4,911,9266610,47,-124,8233
13,910,9266632,1,0,-2
4,912,9276773,51,-118,8214
13,911,9276795,0,-1,0
4,913,9286846,69,-110,8221
13,912,9286868,0,-2,0
4,914,9297019,59,-116,8221
13,913,9297041,-1,-1,0
4,915,9307007,59,-122,8217
13,914,9307029,0,0,0
4,916,9317023,57,-121,8230
13,915,9317045,1,2,0
4,917,9327116,58,-118,8225
13,916,9327138,1,2,-1
4,918,9337224,69,-104,8224
13,917,9337246,1,0,-1
4,919,9347257,58,-107,8220
13,918,9347279,0,2,-2
4,920,9357303,58,-125,8225
13,919,9357325,1,0,-1
4,921,9367380,58,-122,8220
13,920,9367402,1,0,1
4,922,9377542,56,-108,8227
13,921,9377564,1,1,0
4,923,9387456,60,-107,8212
13,922,9387478,1,1,0
4,924,9397571,53,-117,8221
13,923,9397593,0,0,0
4,925,9407706,65,-108,8218
13,924,9407728,1,0,0
4,926,9417761,54,-113,8225
13,925,9417783,0,0,-1
4,927,9427802,53,-129,8229
13,926,9427824,0,0,0
4,928,9437799,53,-109,8227
13,927,9437821,0,1,0
4,929,9447927,49,-112,8219
13,928,9447949,0,1,0
4,930,9458065,63,-130,8221
13,929,9458087,0,3,0
4,931,9468066,56,-126,8233
13,930,9468088,0,0,-1
4,932,9478102,48,-115,8224
13,931,9478123,0,-2,-2
4,933,9488141,50,-118,8227
13,932,9488163,0,0,-2
4,934,9498277,48,-114,8238
13,933,9498299,0,0,0
4,935,9508296,52,-124,8235
13,934,9508318,1,2,2
4,936,9518374,68,-118,8242
13,935,9518396,0,2,-1
4,937,9528490,58,-117,8232
13,936,9528512,1,3,-1
4,938,9538592,54,-109,8228
13,937,9538614,1,2,0
4,939,9548584,40,-107,8223
13,938,9548606,1,0,0
4,940,9558710,43,-108,8219
13,939,9558732,1,-1,0
4,941,9568710,51,-109,8215
13,940,9568732,0,2,-1
4,942,9578789,53,-127,8218
13,941,9578811,0,2,0
4,943,9588837,58,-111,8234
13,942,9588859,1,2,0
4,944,9598901,57,-114,8218
13,943,9598923,1,0,0
4,945,9608949,63,-118,8227
13,944,9608971,0,0,0
4,946,9619119,51,-101,8219
13,945,9619141,0,0,0
4,947,9629067,50,-106,8224
13,946,9629089,2,0,0
4,948,9639151,54,-122,8238
13,947,9639173,0,-1,0
4,949,9649195,53,-132,8223
13,948,9649244,1,-2,-2
4,950,9659360,52,-119,8229
13,949,9659382,3,0,-1
4,951,9669405,54,-126,8216
13,950,9669427,0,0,0
4,952,9679446,50,-115,8222
13,951,9679468,0,1,-1
4,953,9689487,49,-122,8216
13,952,9689509,0,3,0
4,954,9699595,55,-132,8216
13,953,9699617,3,2,1
4,955,9709590,57,-119,8232
13,954,9709612,2,-3,0
4,956,9719664,48,-104,8210
13,955,9719686,1,-4,2
4,957,9729744,61,-106,8221
13,956,9729766,2,1,0
4,958,9739773,50,-120,8235
13,957,9739795,0,-1,-2
4,959,9749852,41,-117,8226
13,958,9749874,-2,-4,0
4,960,9759914,54,-108,8225
13,959,9759936,0,-3,0
4,961,9770010,64,-121,8225
13,960,9770059,2,-7,0
4,962,9780187,59,-127,8221
13,961,9780209,-1,-5,-1
4,963,9790076,56,-113,8226
13,962,9790098,-1,-1,0
4,964,9800218,66,-112,8225
13,963,9800240,0,0,0
4,965,9810262,51,-103,8234
13,964,9810284,0,-1,0
4,966,9820371,63,-114,8219
13,965,9820393,1,-1,0
4,967,9830303,70,-122,8221
13,966,9830325,-1,0,0
4,968,9840480,59,-108,8225
13,967,9840501,0,-1,0
4,969,9850514,41,-129,8232
13,968,9850536,1,2,2
4,970,9860573,55,-115,8220
13,969,9860595,0,2,1
4,971,9870610,53,-112,8221
13,970,9870631,-1,1,2
4,972,9880657,59,-132,8220
13,971,9880679,0,0,1
4,973,9890741,55,-129,8237
13,972,9890763,0,-2,0
4,974,9900836,37,-121,8228
13,973,9900858,0,0,1
4,975,9910875,48,-120,8220
13,974,9910897,-2,2,2
4,976,9920920,59,-113,8220
13,975,9920942,0,0,6
4,977,9930975,63,-122,8229
13,976,9930997,1,-1,2
4,978,9941075,54,-119,8219
13,977,9941097,3,0,0
4,979,9951106,57,-126,8224
13,978,9951128,1,0,0
4,980,9961190,55,-123,8225
13,979,9961212,1,3,0
4,981,9971180,58,-108,8225
13,980,9971202,0,3,0
4,982,9981344,51,-118,8226
13,981,9981366,-1,0,-2
4,983,9991341,52,-114,8234
13,982,9991363,-1,1,0
4,984,10001372,56,-105,8229
13,983,10001394,-2,0,-1
4,985,10011492,54,-112,8223
13,984,10011514,0,-2,-1
4,986,10021706,58,-124,8233
13,985,10021728,0,0,0
4,987,10031598,64,-115,8232
13,986,10031620,1,-1,-1
4,988,10041693,61,-109,8231
13,987,10041715,2,0,0
4,989,10051755,57,-116,8236
13,988,10051777,0,-1,1
4,990,10061892,58,-116,8227
13,989,10061914,-1,0,1
4,991,10071875,56,-117,8230
13,990,10071897,1,3,-1
4,992,10081865,56,-122,8222
13,991,10081887,1,3,-1
4,993,10092024,68,-117,8228
13,992,10092046,1,1,0
4,994,10102160,60,-113,8233
13,993,10102182,0,1,0
4,995,10112108,57,-123,8230
13,994,10112130,0,3,-1
4,996,10122177,49,-124,8222
13,995,10122199,1,3,-1
4,997,10132226,65,-120,8229
13,996,10132248,-1,1,0
4,998,10142405,55,-118,8227
13,997,10142427,-1,-1,0
4,999,10152411,54,-111,8222
13,998,10152433,1,-2,-1
4,1000,10162396,55,-126,8227
13,999,10162418,0,0,0
4,1001,10172544,56,-121,8219
13,1000,10172566,0,0,-1
4,1002,10182703,59,-113,8231
13,1001,10182725,1,1,0
4,1003,10192641,67,-126,8225
13,1002,10192663,0,1,0
4,1004,10202749,55,-114,8234
13,1003,10202771,0,1,0
4,1005,10212744,53,-106,8222
13,1004,10212766,1,2,1
4,1006,10222810,58,-108,8210
13,1005,10222832,1,3,0
4,1007,10232896,58,-128,8228
13,1006,10232918,2,0,0
4,1008,10242935,58,-121,8220
13,1007,10242957,0,0,0
4,1009,10253031,58,-111,8213
13,1008,10253053,0,-1,0
4,1010,10263244,63,-111,8228
13,1009,10263266,0,-1,-2
4,1011,10273241,65,-121,8218
13,1010,10273263,0,-3,-1
4,1012,10283246,69,-126,8229
13,1011,10283268,0,-1,0
4,1013,10293402,53,-118,8232
13,1012,10293424,0,0,0
4,1014,10303350,58,-123,8225
13,1013,10303372,0,1,-3
4,1015,10313509,61,-130,8216
13,1014,10313530,-1,-1,-1
4,1016,10323502,54,-116,8241
13,1015,10323523,1,0,-2
4,1017,10333537,59,-117,8220
13,1016,10333559,2,-1,0
4,1018,10343722,58,-121,8218
13,1017,10343744,0,-3,1
4,1019,10353694,49,-114,8245
13,1018,10353716,0,0,0
4,1020,10363762,54,-117,8219
13,1019,10363784,1,0,-2
4,1021,10373873,61,-122,8209
13,1020,10373895,0,-2,-1
4,1022,10383928,66,-105,8225
13,1021,10383950,1,2,0
4,1023,10393934,59,-112,8217
13,1022,10393956,1,-1,0
4,1024,10404039,68,-124,8218
13,1023,10404061,1,-1,1
4,1025,10414084,56,-128,8228
13,1024,10414106,4,0,-1
4,1026,10424266,49,-108,8220
13,1025,10424288,0,-4,-1
4,1027,10434213,50,-116,8215
13,1026,10434235,0,-5,-3
4,1028,10444288,54,-117,8225
13,1027,10444310,0,-6,0
4,1029,10454256,56,-119,8225
13,1028,10454277,1,-7,0
4,1030,10464415,62,-115,8230
13,1029,10464437,-2,-4,0
4,1031,10474421,70,-111,8226
13,1030,10474443,0,0,-1
4,1032,10484511,64,-113,8223
13,1031,10484533,0,0,0
4,1033,10494598,59,-124,8217
13,1032,10494620,1,-1,-2
4,1034,10504697,61,-124,8234
13,1033,10504719,1,-3,-3
4,1035,10514707,51,-123,8245
13,1034,10514729,1,-4,-1
4,1036,10524726,57,-119,8226
13,1035,10524748,0,-8,-3
4,1037,10534843,51,-115,8197
13,1036,10534865,-1,-8,-3
4,1038,10544924,59,-113,8225
13,1037,10544946,0,-8,-4
4,1039,10554978,55,-105,8227
13,1038,10555000,0,-5,-7
4,1040,10565021,82,-116,8219
13,1039,10565043,0,-5,-25
4,1041,10575095,58,-109,8242
13,1040,10575117,0,-7,-102
4,1042,10585311,49,-115,8220
13,1041,10585333,0,3,-54
4,1043,10595237,65,-113,8219
13,1042,10595259,1,8,-24
4,1044,10605287,59,-111,8221
13,1043,10605309,2,17,-26
4,1045,10615344,60,-119,8220
13,1044,10615365,4,19,-20
4,1046,10625452,59,-118,8208
13,1045,10625474,8,28,-35
4,1047,10635491,57,-98,8244
13,1046,10635513,9,48,-39
4,1048,10645567,22,-67,8223
13,1047,10645616,13,78,-8
4,1049,10655683,61,-105,8217
13,1048,10655705,17,117,17
4,1050,10665836,60,-105,8242
13,1049,10665858,14,142,17
4,1051,10675781,54,-105,8235
13,1050,10675803,5,121,-25
4,1052,10685842,25,-109,8214
13,1051,10685864,5,117,-37
4,1053,10695949,10,-116,8203
13,1052,10695971,5,108,-24
4,1054,10706006,25,-146,8229
13,1053,10706028,-5,25,-13
4,1055,10715976,46,-137,8262
13,1054,10715998,0,-13,-10
4,1056,10726100,28,-119,8204
13,1055,10726122,8,23,0
4,1057,10736170,35,-108,8231
13,1056,10736192,1,17,-9
4,1058,10746398,0,-90,8214
13,1057,10746420,0,7,-26
4,1059,10756287,6,-112,8223
13,1058,10756308,-4,0,-14
4,1060,10766375,21,-99,8288
13,1059,10766397,-1,10,-1
4,1061,10776460,7,-109,8178
13,1060,10776482,-1,14,-4
4,1062,10786638,24,-117,8223
13,1061,10786660,-2,5,-3
4,1063,10796592,28,-111,8247
13,1062,10796614,-1,4,-3
4,1064,10806667,14,-110,8203
13,1063,10806689,0,3,-8
4,1065,10816707,26,-113,8228
13,1064,10816729,-1,4,-3
4,1066,10826933,26,-110,8232
13,1065,10826955,-1,9,-6
4,1067,10836829,-2,-106,8222
13,1066,10836851,1,5,-6
4,1068,10846835,30,-108,8231
13,1067,10846857,1,-10,-7
4,1069,10856955,27,-118,8239
13,1068,10856977,0,-21,-29
4,1070,10867042,95,-88,8225
13,1069,10867064,-3,-36,-60
4,1071,10877093,19,-98,8231
13,1070,10877115,-7,-58,-123
4,1072,10887141,-55,-176,8259
13,1071,10887163,-9,-94,-94
4,1073,10897257,75,-109,8192
13,1072,10897279,-2,-93,-80
4,1074,10907421,44,-114,8250
13,1073,10907443,-4,-54,-70
4,1075,10917352,135,-71,8245
13,1074,10917374,-4,-83,-122
4,1076,10927443,29,-100,8219
13,1075,10927465,-6,-107,-243
4,1077,10937482,27,-131,8220
13,1076,10937504,0,-71,-256
4,1078,10947573,-28,-172,8220
13,1077,10947595,0,-41,-182
4,1079,10957595,180,-43,8235
13,1078,10957617,6,-34,-91
4,1080,10967615,194,-79,8230
13,1079,10967637,5,-97,-467
4,1081,10977757,179,-95,8212
13,1080,10977779,3,-61,-617
4,1082,10987874,-71,-167,8241
13,1081,10987896,0,-68,-648
4,1083,10997914,-8,-116,8253
13,1082,10997936,11,-79,-494
4,1084,11007907,-61,-150,8194
13,1083,11007929,19,-87,-422
4,1085,11018002,22,-108,8232
13,1084,11018051,14,-45,-155
4,1086,11028156,101,-87,8227
13,1085,11028178,17,-55,-142
4,1087,11038141,70,-97,8227
13,1086,11038163,14,-52,-199
4,1088,11048197,40,-111,8225
13,1087,11048219,7,-35,-197
4,1089,11058263,104,-96,8214
13,1088,11058285,2,-19,-124
4,1090,11068481,301,-135,8216
13,1089,11068503,-3,-25,-297
4,1091,11078373,-10,-36,8208
13,1090,11078395,-9,-37,-665
4,1092,11088451,168,-45,8221
13,1091,11088473,-15,-13,-449
4,1093,11098561,369,-7,8207
13,1092,11098583,-17,2,-612
4,1094,11108531,195,-72,8237
13,1093,11108553,-30,22,-937
4,1095,11118655,256,-72,8204
13,1094,11118677,-7,-6,-1022
4,1096,11128743,-29,-104,8222
13,1095,11128765,-11,-13,-1080
4,1097,11138802,58,-135,8240
13,1096,11138824,-6,-15,-947
4,1098,11148966,-164,-204,8234
13,1097,11148988,-1,-30,-896
4,1099,11158927,-111,-254,8239
13,1098,11158949,-1,-47,-647
4,1100,11169007,-83,-108,8223
13,1099,11169029,3,-34,-423
4,1101,11179047,43,-87,8232
13,1100,11179069,3,-18,-174
4,1102,11189154,210,-151,8228
13,1101,11189176,4,-19,-145
4,1103,11199218,70,-67,8217
13,1102,11199240,7,-24,-274
4,1104,11209249,16,-52,8229
13,1103,11209271,0,-14,-231
4,1105,11219344,15,-79,8230
13,1104,11219366,4,-26,-161
4,1106,11229480,42,-78,8239
13,1105,11229501,10,-31,-72
4,1107,11239504,172,-145,8233
13,1106,11239526,7,-24,-57
4,1108,11249507,174,-164,8218
13,1107,11249529,10,-25,-171
4,1109,11259523,142,-237,8212
13,1108,11259544,-1,-10,-267
4,1110,11269773,62,-124,8243
13,1109,11269795,-18,6,-333
4,1111,11279776,104,-150,8227
13,1110,11279798,-12,-3,-327
4,1112,11289814,111,-202,8220
13,1111,11289836,-14,0,-441
4,1113,11299862,92,1,8225
13,1112,11299884,-9,-7,-513
4,1114,11310022,63,17,8190
13,1113,11310044,-12,-4,-574
4,1115,11320041,-4,-6,8236
13,1114,11320063,-13,16,-413
4,1116,11330041,153,-153,8215
13,1115,11330063,-9,1,-353
4,1117,11340138,-26,13,8249
13,1116,11340159,-5,-11,-451
4,1118,11350255,71,-58,8218
13,1117,11350277,6,-34,-256
4,1119,11360287,98,-81,8211
13,1118,11360309,5,-17,-167
4,1120,11370361,104,-98,8238
13,1119,11370383,3,-15,-149
4,1121,11380398,109,-225,8250
13,1120,11380420,16,-53,-279
4,1122,11390511,41,-40,8211
13,1121,11390533,16,-52,-361
4,1123,11400572,62,-52,8233
13,1122,11400594,14,-38,-288
4,1124,11410685,108,-48,8197
13,1123,11410707,16,-44,-298
4,1125,11420717,-24,-67,8024
13,1124,11420739,-57,152,-244
4,1126,11430758,59,-15,8369
13,1125,11430780,-41,73,-239
4,1127,11440812,20,73,7998
13,1126,11440834,44,-117,-87
4,1128,11450893,65,-189,8316
13,1127,11450915,-37,121,-135
4,1129,11460904,365,-21,8080
13,1128,11460926,2,-22,-126
4,1130,11471149,-132,-100,8320
13,1129,11471171,-53,123,-164
4,1131,11481140,280,-142,8257
13,1130,11481162,-19,3,-72
4,1132,11491227,20,29,8069
13,1131,11491249,-53,139,8
4,1133,11501230,77,-124,8369
13,1132,11501252,-51,165,-57
4,1134,11511349,238,-129,8209
13,1133,11511398,11,-74,-254
4,1135,11521305,124,-39,8220
13,1134,11521327,8,-36,-257
4,1136,11531460,39,-153,8233
13,1135,11531482,2,-30,-284
4,1137,11541532,223,-81,8167
13,1136,11541554,-2,-9,-237
4,1138,11551641,-168,-186,8294
13,1137,11551663,0,22,-250
4,1139,11561695,146,-76,8181
13,1138,11561717,18,-75,-22
4,1140,11571661,506,116,8160
13,1139,11571683,-7,-21,-163
4,1141,11581801,233,-31,8243
13,1140,11581822,-36,60,-790
4,1142,11591947,295,99,8251
13,1141,11591969,-21,0,-1015
4,1143,11601926,109,-135,8225
13,1142,11601948,-11,-5,-1454
4,1144,11612024,-100,-161,8240
13,1143,11612046,-12,-3,-1443
4,1145,11622101,12,-199,8259
13,1144,11622122,-9,-18,-1368
4,1146,11632214,-262,-240,8225
13,1145,11632236,-7,-39,-1246
4,1147,11642214,-154,-237,8256
13,1146,11642236,-3,-30,-769
4,1148,11652335,28,-190,8225
13,1147,11652357,15,-66,-494
4,1149,11662417,74,-128,8224
13,1148,11662439,5,-74,-490
4,1150,11672504,7,-164,8223
13,1149,11672526,0,-41,-640
4,1151,11682556,68,-137,8229
13,1150,11682578,-7,-20,-776
4,1152,11692580,47,-146,8247
13,1151,11692602,-14,-18,-812
4,1153,11702672,77,-164,8236
13,1152,11702694,1,-57,-916
4,1154,11712841,163,59,8172
13,1153,11712863,-5,-36,-956
4,1155,11722789,151,-55,8227
13,1154,11722811,-17,-6,-835
4,1156,11732936,96,-94,8247
13,1155,11732958,-15,-19,-855
4,1157,11742956,111,-19,8219
13,1156,11742978,-3,-34,-916
4,1158,11753074,101,-27,8219
13,1157,11753096,-19,-16,-999
4,1159,11763091,70,18,8217
13,1158,11763113,-22,-7,-1169
4,1160,11773268,69,-29,8205
13,1159,11773290,-20,-16,-1455
4,1161,11783313,205,-185,8238
13,1160,11783335,-35,1,-1635
4,1162,11793460,150,-109,8230
13,1161,11793482,-31,4,-1728
4,1163,11803375,20,125,8209
13,1162,11803397,-27,0,-1859
4,1164,11813448,-90,119,8196
13,1163,11813470,-48,12,-1905
4,1165,11823511,2,-140,8259
13,1164,11823533,-47,6,-2209
4,1166,11833570,-53,-132,8260
13,1165,11833592,-35,-16,-2409
4,1167,11843650,204,-200,8245
13,1166,11843672,-16,-42,-2052
4,1168,11853719,42,53,8214
13,1167,11853741,-9,-44,-1634
4,1169,11863793,0,-143,8251
13,1168,11863815,-19,-22,-1513
4,1170,11873965,-49,-55,8231
13,1169,11873987,-9,-34,-1608
4,1171,11883930,23,-71,8225
13,1170,11883952,-12,-36,-1653
4,1172,11894023,99,-26,8214
13,1171,11894073,-9,-32,-1624
4,1173,11904105,32,-49,8228
13,1172,11904127,-19,-17,-1779
4,1174,11914229,101,-70,8218
13,1173,11914251,-24,-18,-1932
4,1175,11924230,-5,18,8235
13,1174,11924252,-28,-11,-2013
4,1176,11934322,248,-88,8248
13,1175,11934344,-26,-22,-2150
4,1177,11944389,17,92,8204
13,1176,11944411,-25,-32,-2101
4,1178,11954480,50,-124,8244
13,1177,11954502,-26,-16,-2049
4,1179,11964509,191,-16,8187
13,1178,11964531,-19,-27,-1657
4,1180,11974613,7,-64,8240
13,1179,11974635,-18,-16,-1436
4,1181,11984643,185,-103,8217
13,1180,11984665,-13,-27,-1295
4,1182,11994760,68,-79,8205
13,1181,11994782,-17,-18,-1160
4,1183,12004731,223,-160,8216
13,1182,12004753,-27,3,-1335
4,1184,12014855,115,-21,8230
13,1183,12014877,-19,-11,-1318
4,1185,12024947,52,-13,8222
13,1184,12024969,-22,-15,-1454
4,1186,12035118,232,-109,8225
13,1185,12035140,-20,-12,-1510
4,1187,12045090,24,44,8218
13,1186,12045112,-17,-18,-1308
4,1188,12055095,176,-57,8260
13,1187,12055117,-20,-12,-1187
4,1189,12065194,2,1,8220
13,1188,12065216,-11,-20,-1000
4,1190,12075304,134,-134,8238
13,1189,12075326,-16,-7,-1025
4,1191,12085331,75,-71,8229
13,1190,12085353,-14,-10,-1021
4,1192,12095401,151,-62,8229
13,1191,12095423,-7,-13,-973
4,1193,12105444,158,-25,8224
13,1192,12105466,-6,-20,-882
4,1194,12115627,49,-28,8224
13,1193,12115649,-17,-2,-919
4,1195,12125683,163,-41,8227
13,1194,12125705,-22,-1,-1066
4,1196,12135704,89,-9,8224
13,1195,12135726,-14,-7,-992
4,1197,12145826,102,11,8214
13,1196,12145848,-21,3,-988
4,1198,12155906,167,-77,8250
13,1197,12155928,-20,3,-1066
4,1199,12165940,63,6,8247
13,1198,12165962,-6,-18,-924
4,1200,12176024,100,0,8219
13,1199,12176046,-7,-29,-786
4,1201,12186069,9,-65,8226
13,1200,12186091,-14,-5,-789
4,1202,12196232,129,-97,8232
13,1201,12196254,-4,-23,-822
4,1203,12206187,30,-36,8196
13,1202,12206209,-3,-25,-876
4,1204,12216272,151,-68,8237
13,1203,12216294,-12,-15,-1114
4,1205,12226347,56,-45,8223
13,1204,12226369,-1,-51,-1119
4,1206,12236527,104,56,8205
13,1205,12236549,-13,-26,-1293
4,1207,12246472,187,-18,8245
13,1206,12246494,-18,-18,-1224
4,1208,12256564,177,36,8203
13,1207,12256586,-1,-35,-935
4,1209,12266612,8,-32,8221
13,1208,12266633,-10,-12,-791
4,1210,12276833,82,-53,8237
13,1209,12276855,-12,-4,-946
4,1211,12286812,255,-50,8216
13,1210,12286834,-6,-17,-852
4,1212,12296851,108,-51,8237
13,1211,12296873,-9,-6,-669
4,1213,12306895,7,-138,8228
13,1212,12306917,-12,-8,-701
4,1214,12316993,-98,-122,8217
13,1213,12317015,-16,-11,-946
4,1215,12327010,132,17,8259
13,1214,12327031,-19,-5,-1296
4,1216,12337112,276,59,8214
13,1215,12337134,-6,-26,-1070
4,1217,12347157,127,72,8223
13,1216,12347179,-18,3,-938
4,1218,12357291,126,-4,8241
13,1217,12357313,-11,-2,-829
4,1219,12367278,120,-18,8205
13,1218,12367300,-9,-18,-705
4,1220,12377368,18,-63,8243
13,1219,12377390,-9,-15,-734
4,1221,12387417,-13,-10,8217
13,1220,12387439,-8,-24,-913
4,1222,12397511,196,49,8218
13,1221,12397533,-10,-19,-949
4,1223,12407650,167,53,8220
13,1222,12407672,4,-30,-645
4,1224,12417649,119,12,8201
13,1223,12417671,-5,-18,-513
4,1225,12427671,43,-63,8235
13,1224,12427693,-12,-5,-546
4,1226,12437854,39,-3,8232
13,1225,12437876,-9,-4,-674
4,1227,12447807,113,6,8225
13,1226,12447829,-10,-5,-719
4,1228,12457873,176,44,8221
13,1227,12457895,-4,-14,-671
4,1229,12467940,92,-43,8215
13,1228,12467962,-11,-5,-568
4,1230,12478023,35,-78,8248
13,1229,12478045,-14,0,-623
4,1231,12488055,-8,-76,8211
13,1230,12488077,-14,-2,-720
4,1232,12498155,167,-3,8222
13,1231,12498177,-15,9,-803
4,1233,12508142,145,-6,8222
13,1232,12508164,-15,5,-763
4,1234,12518425,15,-30,8230
13,1233,12518447,-24,5,-820
4,1235,12528349,38,58,8235
13,1234,12528371,-17,-3,-975
4,1236,12538387,98,29,8234
13,1235,12538409,-10,-21,-928
4,1237,12548506,54,-2,8230
13,1236,12548528,-4,-24,-834
4,1238,12558587,49,-59,8231
13,1237,12558609,-12,-13,-801
4,1239,12568551,162,20,8248
13,1238,12568573,-4,-19,-781
4,1240,12578646,99,-36,8225
13,1239,12578668,-6,-11,-685
4,1241,12588818,178,19,8220
13,1240,12588840,-8,-2,-680
4,1242,12598840,100,-43,8221
13,1241,12598862,-16,0,-667
4,1243,12608853,39,-56,8232
13,1242,12608875,-20,0,-768
4,1244,12618905,48,-31,8227
13,1243,12618927,-17,2,-907
4,1245,12629012,72,6,8222
13,1244,12629034,-13,-4,-1105
4,1246,12639058,167,54,8225
13,1245,12639080,-4,-26,-1064
4,1247,12649054,66,64,8221
13,1246,12649104,-5,-28,-877
4,1248,12659258,-68,52,8220
13,1247,12659280,-7,-16,-924
4,1249,12669253,57,118,8220
13,1248,12669275,-5,-27,-1063
4,1250,12679418,123,121,8212
13,1249,12679440,-1,-30,-941
4,1251,12689342,113,86,8213
13,1250,12689364,-14,-7,-856
4,1252,12699405,176,24,8210
13,1251,12699427,-14,-3,-799
4,1253,12709560,151,-39,8225
13,1252,12709582,-14,-1,-737
4,1254,12719598,157,-2,8232
13,1253,12719620,-14,-4,-732
4,1255,12729595,108,23,8213
13,1254,12729617,-12,-6,-684
4,1256,12739682,133,45,8227
13,1255,12739704,-14,-1,-675
4,1257,12749844,131,52,8239
13,1256,12749866,-13,6,-553
4,1258,12759944,44,3,8229
13,1257,12759966,-17,10,-485
4,1259,12769994,60,11,8244
13,1258,12770016,-13,5,-615
4,1260,12780040,114,-16,8221
13,1259,12780062,-11,2,-705
4,1261,12790031,64,-15,8223
13,1260,12790053,-17,7,-756
4,1262,12800219,83,-34,8229
13,1261,12800241,-11,-7,-925
4,1263,12810183,88,-31,8216
13,1262,12810205,-7,-23,-1058
4,1264,12820281,109,35,8231
13,1263,12820303,-11,-16,-1152
4,1265,12830332,146,18,8221
13,1264,12830354,-15,-11,-1018
4,1266,12840590,68,49,8222
13,1265,12840612,-15,-10,-903
4,1267,12850487,22,40,8226
13,1266,12850509,-11,-9,-883
4,1268,12860619,76,15,8236
13,1267,12860641,-9,-11,-892
4,1269,12870573,94,-5,8232
13,1268,12870595,-11,-8,-947
4,1270,12880785,28,-56,8224
13,1269,12880807,-13,-12,-1024
4,1271,12890794,14,-52,8219
13,1270,12890843,-12,-23,-1186
4,1272,12900791,-9,16,8221
13,1271,12900813,-13,-22,-1207
4,1273,12910975,-66,59,8222
13,1272,12910997,-14,-16,-1189
4,1274,12921135,106,49,8254
13,1273,12921157,-17,-5,-1228
4,1275,12931090,132,62,8237
13,1274,12931112,-13,-20,-1053
4,1276,12941217,-8,13,8222
13,1275,12941239,-24,-3,-1072
4,1277,12951241,-79,-102,8239
13,1276,12951263,-19,-5,-1340
4,1278,12961337,6,-36,8247
13,1277,12961359,-15,-24,-1550
4,1279,12971379,124,74,8202
13,1278,12971401,-12,-28,-1466
4,1280,12981433,286,59,8218
13,1279,12981455,-18,-11,-1215
4,1281,12991582,137,0,8240
13,1280,12991604,-13,-8,-962
4,1282,13001677,119,43,8236
13,1281,13001699,-6,-11,-920
4,1283,13011770,176,55,8223
13,1282,13011792,-6,-11,-853
4,1284,13021678,121,13,8230
13,1283,13021700,-8,-16,-765
4,1285,13031843,38,-5,8222
13,1284,13031865,-12,-16,-802
4,1286,13041956,62,33,8230
13,1285,13041978,-14,-7,-858
4,1287,13051987,77,73,8232
13,1286,13052009,-17,4,-869
4,1288,13062048,60,30,8222
13,1287,13062070,-10,-4,-882
4,1289,13072067,110,76,8230
13,1288,13072089,-9,-12,-898
4,1290,13082290,63,42,8231
13,1289,13082312,-8,-10,-807
4,1291,13092186,103,52,8215
13,1290,13092208,-11,-7,-756
4,1292,13102338,82,53,8244
13,1291,13102360,-12,3,-714
4,1293,13112360,137,170,8194
13,1292,13112382,-13,-9,-719
4,1294,13122526,179,165,8227
13,1293,13122548,-14,22,-494
4,1295,13132537,53,-64,8247
13,1294,13132559,-8,13,-313
4,1296,13142622,10,-30,8232
13,1295,13142644,-4,5,-551
4,1297,13152800,2,-51,8265
13,1296,13152822,-7,-12,-774
4,1298,13162878,66,44,8208
13,1297,13162900,-12,-54,-1016
4,1299,13172869,120,55,8207
13,1298,13172891,-1,-29,-778
4,1300,13182939,43,46,8236
13,1299,13182961,-11,-1,-698
4,1301,13193004,72,53,8221
13,1300,13193026,-10,-6,-729
4,1302,13203077,90,99,8221
13,1301,13203099,-5,-13,-696
4,1303,13213131,84,82,8238
13,1302,13213153,-6,-5,-511
4,1304,13223200,61,41,8241
13,1303,13223222,-7,-2,-412
4,1305,13233284,26,-33,8238
13,1304,13233306,-5,-3,-433
4,1306,13243456,22,-40,8223
13,1305,13243478,-3,-9,-564
4,1307,13253398,20,-2,8224
13,1306,13253419,-4,-10,-686
4,1308,13263533,74,64,8214
13,1307,13263582,-11,-11,-742
4,1309,13273580,110,74,8236
13,1308,13273602,-5,-8,-688
4,1310,13283615,99,63,8228
13,1309,13283637,-1,-12,-657
4,1311,13293720,86,79,8219
13,1310,13293742,-9,-5,-652
4,1312,13303763,54,57,8233
13,1311,13303785,-7,-9,-647
4,1313,13313862,70,92,8215
13,1312,13313884,-13,-7,-677
4,1314,13323982,49,46,8237
13,1313,13324004,-16,-1,-654
4,1315,13333931,55,46,8224
13,1314,13333953,-11,-9,-693
4,1316,13343997,75,35,8212
13,1315,13344019,-10,-5,-685
4,1317,13354130,72,18,8222
13,1316,13354152,-12,-9,-740
4,1318,13364186,100,68,8231
13,1317,13364208,6,-10,-637
4,1319,13374188,51,45,8233
13,1318,13374210,-7,-9,-562
4,1320,13384281,75,67,8197
13,1319,13384303,-11,-12,-583
4,1321,13394416,67,33,8226
13,1320,13394438,-10,-3,-551
4,1322,13404547,46,20,8262
13,1321,13404569,-5,-5,-573
4,1323,13414445,65,53,8235
13,1322,13414467,2,-14,-616
4,1324,13424561,67,26,8234
13,1323,13424583,2,-15,-577
4,1325,13434621,33,-2,8229
13,1324,13434642,4,-12,-559
4,1326,13444687,66,62,8225
13,1325,13444709,2,-14,-570
4,1327,13454758,80,76,8241
13,1326,13454780,-1,-8,-509
4,1328,13464792,81,81,8227
13,1327,13464814,-2,-5,-449
4,1329,13474875,122,156,8214
13,1328,13474897,-4,-1,-381
4,1330,13485052,106,106,8221
13,1329,13485074,-7,4,-267
4,1331,13495010,91,21,8233
13,1330,13495032,-5,-4,-266
4,1332,13505089,12,-5,8231
13,1331,13505111,-5,-7,-345
4,1333,13515126,-21,-54,8223
13,1332,13515148,0,-11,-419
4,1334,13525276,-30,-1,8214
13,1333,13525298,-1,-14,-562
4,1335,13535253,97,145,8204
13,1334,13535275,4,-17,-637
4,1336,13545394,141,155,8212
13,1335,13545416,-1,-11,-509
4,1337,13555475,103,110,8229
13,1336,13555497,-9,-1,-378
4,1338,13565633,66,52,8240
13,1337,13565655,-18,4,-353
4,1339,13575577,96,95,8222
13,1338,13575599,-11,-4,-363
4,1340,13585611,48,17,8246
13,1339,13585632,-14,0,-363
4,1341,13595756,29,2,8238
13,1340,13595778,-11,0,-408
4,1342,13605813,28,-22,8223
13,1341,13605835,1,-6,-465
4,1343,13615840,42,20,8217
13,1342,13615862,0,-9,-581
4,1344,13625916,69,50,8225
13,1343,13625938,-5,-4,-606
4,1345,13636068,86,93,8241
13,1344,13636090,-1,-5,-580
4,1346,13646179,96,82,8223
13,1345,13646201,-6,-5,-518
4,1347,13656144,54,30,8238
13,1346,13656166,-8,-4,-512
4,1348,13666267,41,56,8230
13,1347,13666289,-1,-11,-547
4,1349,13676235,48,31,8227
13,1348,13676257,-4,-6,-527
4,1350,13686383,26,28,8226
13,1349,13686405,-5,-5,-572
4,1351,13696468,57,48,8226
13,1350,13696490,-11,-7,-633
4,1352,13706448,60,28,8229
13,1351,13706470,-4,-10,-633
4,1353,13716554,33,68,8239
13,1352,13716576,0,-12,-656
4,1354,13726685,65,111,8202
13,1353,13726707,-6,-8,-630
4,1355,13736662,38,66,8222
13,1354,13736684,-19,0,-597
4,1356,13746734,56,54,8237
13,1355,13746756,-9,-1,-625
4,1357,13756838,46,74,8215
13,1356,13756860,-3,-11,-637
4,1358,13767015,71,83,8224
13,1357,13767037,-6,-12,-623
4,1359,13776975,109,117,8222
13,1358,13776997,3,-11,-559
4,1360,13787107,52,48,8225
13,1359,13787129,8,-11,-520
4,1361,13797117,-81,-28,8239
13,1360,13797139,-12,-7,-614
4,1362,13807307,-12,83,8226
13,1361,13807329,-8,-11,-752
4,1363,13817236,47,93,8216
13,1362,13817257,-2,-13,-773
4,1364,13827230,30,84,8208
13,1363,13827252,-5,-9,-765
4,1365,13837422,68,70,8238
13,1364,13837444,-11,-9,-771
4,1366,13847466,62,49,8221
13,1365,13847488,-12,-4,-740
4,1367,13857500,79,65,8232
13,1366,13857522,-10,-7,-756
4,1368,13867487,128,117,8232
13,1367,13867509,-5,-10,-725
4,1369,13877645,123,87,8226
13,1368,13877667,-13,0,-610
4,1370,13887871,34,29,8242
13,1369,13887893,-8,0,-562
4,1371,13897690,6,30,8240
13,1370,13897712,0,-13,-581
4,1372,13907849,23,71,8211
13,1371,13907871,2,-16,-602
4,1373,13917905,66,124,8216
13,1372,13917927,-3,-10,-611
4,1374,13928017,92,109,8239
13,1373,13928039,-11,-3,-557
4,1375,13938007,99,131,8229
13,1374,13938029,-7,0,-473
4,1376,13948084,53,53,8224
13,1375,13948106,-2,-4,-427
4,1377,13958115,-28,28,8214
13,1376,13958137,0,-15,-507
4,1378,13968331,-14,100,8208
13,1377,13968353,0,-14,-607
4,1379,13978365,49,138,8218
13,1378,13978387,-6,-9,-618
4,1380,13988377,-55,73,8241
13,1379,13988399,-21,-1,-627
4,1381,13998396,79,78,8215
13,1380,13998418,-17,-2,-749
4,1382,14008541,117,99,8242
13,1381,14008563,-13,-5,-707
4,1383,14018629,71,99,8208
13,1382,14018651,-6,-12,-636
4,1384,14028616,110,119,8216
13,1383,14028638,-8,-6,-560
4,1385,14038789,80,72,8232
13,1384,14038811,-15,3,-442
4,1386,14048938,-12,23,8242
13,1385,14048960,-16,-2,-456
4,1387,14058916,36,84,8219
13,1386,14058938,-15,-9,-614
4,1388,14068937,150,88,8233
13,1387,14068959,-10,2,-560
4,1389,14078998,37,7,8251
13,1388,14079020,-6,-4,-478
4,1390,14089059,53,60,8232
13,1389,14089081,-8,-10,-599
4,1391,14099117,96,73,8249
13,1390,14099139,-7,2,-574
4,1392,14109179,37,45,8240
13,1391,14109201,-13,0,-572
4,1393,14119195,22,50,8226
13,1392,14119217,-5,-14,-649
4,1394,14129514,4,82,8240
13,1393,14129536,-1,-11,-701
4,1395,14139365,20,88,8241
13,1394,14139387,-4,-8,-740
4,1396,14149489,74,95,8225
13,1395,14149511,0,-17,-740
4,1397,14159646,93,109,8232
13,1396,14159668,-9,-4,-691
4,1398,14169686,49,67,8234
13,1397,14169708,-15,-3,-623
4,1399,14179706,45,73,8213
13,1398,14179728,-7,-7,-647
4,1400,14189749,41,102,8228
13,1399,14189771,-8,-1,-654
4,1401,14199797,-2,40,8231
13,1400,14199819,-13,-5,-655
4,1402,14210023,-65,69,8239
13,1401,14210045,-7,-15,-771
4,1403,14219985,0,105,8233
13,1402,14220007,-4,-17,-826
4,1404,14230060,20,75,8223
13,1403,14230082,-10,-11,-790
4,1405,14240114,-3,58,8223
13,1404,14240136,-4,-13,-808
4,1406,14250253,15,65,8208
13,1405,14250275,-3,-14,-793
4,1407,14260223,-3,60,8227
13,1406,14260245,-9,-6,-830
4,1408,14270366,91,97,8230
13,1407,14270388,-15,-8,-878
4,1409,14280434,122,116,8222
13,1408,14280456,5,-16,-791
4,1410,14290549,100,135,8226
13,1409,14290571,17,-12,-681
4,1411,14300644,46,105,8227
13,1410,14300666,13,-15,-562
4,1412,14310611,-18,20,8246
13,1411,14310633,9,-13,-541
4,1413,14320714,7,79,8222
13,1412,14320736,11,-19,-618
4,1414,14330779,68,118,8214
13,1413,14330801,9,-19,-603
4,1415,14340876,73,102,8227
13,1414,14340898,3,-9,-550
4,1416,14350954,84,110,8230
13,1415,14350976,4,-6,-531
4,1417,14361043,72,92,8213
13,1416,14361065,-5,-10,-535
4,1418,14371146,104,157,8212
13,1417,14371168,0,-2,-576
4,1419,14381097,24,114,8241
13,1418,14381119,7,-11,-520
4,1420,14391155,24,92,8226
13,1419,14391177,0,-16,-536
4,1421,14401210,13,100,8214
13,1420,14401232,-2,-13,-569
4,1422,14411347,-15,61,8225
13,1421,14411369,-1,-12,-576
4,1423,14421388,50,143,8195
13,1422,14421410,-7,-8,-610
4,1424,14431449,27,109,8228
13,1423,14431471,-5,-4,-548
4,1425,14441516,39,140,8233
13,1424,14441537,-9,-8,-550
4,1426,14451666,0,110,8229
13,1425,14451688,-12,-4,-540
4,1427,14461643,-39,115,8240
13,1426,14461665,-2,-12,-548
4,1428,14471696,6,157,8225
13,1427,14471718,4,-16,-488
4,1429,14481767,66,150,8225
13,1428,14481789,0,-6,-394
4,1430,14491897,37,103,8228
13,1429,14491919,-15,0,-311
4,1431,14501918,16,110,8227
13,1430,14501940,-21,1,-283
4,1432,14511983,20,105,8224
13,1431,14512005,-21,3,-263
4,1433,14522046,-10,123,8221
13,1432,14522069,-19,0,-263
4,1434,14532262,-65,131,8229
13,1433,14532284,-21,0,-305
4,1435,14542251,-78,106,8236
13,1434,14542273,-20,0,-427
4,1436,14552259,-14,159,8233
13,1435,14552281,-11,-3,-462
4,1437,14562316,3,133,8259
13,1436,14562338,-12,1,-404
4,1438,14572368,-13,177,8227
13,1437,14572390,-16,0,-314
4,1439,14582460,29,110,8241
13,1438,14582482,-18,2,-276
4,1440,14592515,-38,129,8228
13,1439,14592537,-8,-6,-296
4,1441,14602603,35,89,8232
13,1440,14602625,2,-3,-355
4,1442,14612767,79,64,8228
13,1441,14612789,-19,-3,-376
4,1443,14622668,96,63,8226
13,1442,14622690,-10,-2,-336
4,1444,14632793,-40,106,8229
13,1443,14632814,2,-2,-344
4,1445,14642893,-57,166,8217
13,1444,14642915,3,-4,-470
4,1446,14652995,14,122,8240
13,1445,14653017,-9,-5,-552
4,1447,14663018,-79,199,8229
13,1446,14663040,-7,-8,-612
4,1448,14673056,35,83,8237
13,1447,14673078,-13,-6,-796
4,1449,14683164,81,34,8232
13,1448,14683186,-1,-14,-798
4,1450,14693379,-54,173,8233
13,1449,14693401,23,-16,-643
4,1451,14703288,-101,126,8231
13,1450,14703310,3,-17,-646
4,1452,14713337,154,19,8225
13,1451,14713359,0,-17,-629
4,1453,14723433,27,67,8255
13,1452,14723454,3,-16,-428
4,1454,14733517,-77,118,8196
13,1453,14733538,9,-16,-504
4,1455,14743564,65,-63,8230
13,1454,14743586,0,-13,-725
4,1456,14753595,12,-14,8224
13,1455,14753617,-1,-15,-829
4,1457,14763703,106,90,8229
13,1456,14763752,-14,-9,-857
4,1458,14773860,2,96,8201
13,1457,14773882,-4,-20,-773
4,1459,14783830,-106,29,8262
13,1458,14783852,-12,-5,-865
4,1460,14793914,140,45,8250
13,1459,14793936,0,-16,-1021
4,1461,14804001,159,7,8223
13,1460,14804023,8,-21,-941
4,1462,14814054,316,102,8221
13,1461,14814076,6,-25,-828
4,1463,14824065,137,147,8201
13,1462,14824087,6,-20,-551
4,1464,14834068,-139,71,8221
13,1463,14834090,6,-22,-527
4,1465,14844218,-25,98,8251
13,1464,14844240,-5,-13,-662
4,1466,14854347,19,130,8230
13,1465,14854369,0,-13,-636
4,1467,14864334,151,196,8204
13,1466,14864356,-4,-12,-451
4,1468,14874323,87,165,8217
13,1467,14874345,-1,-10,-335
4,1469,14884453,-1,40,8233
13,1468,14884475,7,-15,-248
4,1470,14894548,-341,-54,8238
13,1469,14894570,7,-13,-399
4,1471,14904603,-401,-94,8217
13,1470,14904625,1,-13,-709
4,1472,14914631,58,127,8247
13,1471,14914653,-8,-13,-867
4,1473,14924673,89,190,8220
13,1472,14924695,-1,-18,-733
4,1474,14934868,-10,101,8218
13,1473,14934890,-3,-21,-611
4,1475,14944823,38,96,8225
13,1474,14944845,1,-5,-625
4,1476,14954905,197,134,8218
13,1475,14954927,-11,-10,-605
4,1477,14964894,234,272,8197
13,1476,14964916,-1,-9,-504
4,1478,14975118,316,323,8233
13,1477,14975140,-6,-3,-328
4,1479,14985055,127,242,8200
13,1478,14985076,-9,-4,-156
4,1480,14995090,-4,-5,8249
13,1479,14995112,-6,0,-76
4,1481,15005205,-323,-86,8210
13,1480,15005226,-4,-8,-336
4,1482,15015386,-32,88,8252
13,1481,15015408,-8,-1,-718
4,1483,15025368,102,198,8230
13,1482,15025390,-8,-14,-743
4,1484,15035422,153,171,8201
13,1483,15035444,-11,-10,-630
4,1485,15045485,106,205,8226
13,1484,15045507,-3,-12,-516
4,1486,15055546,67,196,8221
13,1485,15055568,-5,-7,-329
4,1487,15065579,38,163,8221
13,1486,15065601,-6,-5,-192
4,1488,15075580,12,143,8232
13,1487,15075602,-6,0,-124
4,1489,15085709,33,64,8221
13,1488,15085731,-8,-2,-99
4,1490,15095885,-129,146,8196
13,1489,15095907,-2,-4,-257
4,1491,15105799,7,190,8242
13,1490,15105821,-5,0,-396
4,1492,15115930,91,168,8219
13,1491,15115952,-9,1,-245
4,1493,15125974,-53,168,8225
13,1492,15125996,-7,5,-191
4,1494,15136041,5,122,8236
13,1493,15136063,-4,5,-293
4,1495,15146133,27,123,8209
13,1494,15146155,-8,-1,-240
4,1496,15156267,-26,153,8235
13,1495,15156289,-11,3,-201
4,1497,15166235,-50,137,8241
13,1496,15166257,-10,6,-312
4,1498,15176405,84,119,8225
13,1497,15176427,-7,7,-409
4,1499,15186385,44,77,8253
13,1498,15186407,-5,3,-290
4,1500,15196478,-14,104,8218
13,1499,15196500,-6,1,-250
4,1501,15206519,60,59,8254
13,1500,15206541,-4,2,-336
4,1502,15216543,23,108,8213
13,1501,15216565,-3,-5,-164
4,1503,15226677,35,86,8244
13,1502,15226699,-1,-3,-89
4,1504,15236688,9,92,8251
13,1503,15236710,1,-8,-18
4,1505,15246756,-141,274,8197
13,1504,15246778,6,1,-10
4,1506,15256947,120,0,8263
13,1505,15256969,2,8,-112
4,1507,15266918,49,80,8194
13,1506,15266940,-2,-1,-19
4,1508,15277025,-73,190,8210
13,1507,15277047,-2,10,-24
4,1509,15287024,-21,167,8270
13,1508,15287046,0,5,-153
4,1510,15297081,-21,199,8202
13,1509,15297103,-4,4,-153
4,1511,15307149,64,93,8242
13,1510,15307171,-3,11,-166
4,1512,15317248,0,184,8216
13,1511,15317270,0,0,-96
4,1513,15327284,-6,105,8255
13,1512,15327305,1,11,-96
4,1514,15337491,-35,188,8221
13,1513,15337513,2,2,-34
4,1515,15347390,13,102,8246
13,1514,15347412,5,-5,-38
4,1516,15357410,-28,137,8222
13,1515,15357432,2,-3,-2
4,1517,15367522,117,63,8227
13,1516,15367544,11,4,-49
4,1518,15377577,150,-48,8216
13,1517,15377599,19,13,-201
4,1519,15387669,42,82,8247
13,1518,15387691,36,29,-175
4,1520,15397787,-11,38,8228
13,1519,15397809,28,20,-174
4,1521,15407868,35,106,8235
13,1520,15407890,9,-1,-136
4,1522,15418003,-60,164,8213
13,1521,15418025,28,22,-201
4,1523,15427997,-27,97,8234
13,1522,15428019,2,17,-58
4,1524,15437951,-6,133,8223
13,1523,15437973,-10,8,17
4,1525,15448149,-14,129,8229
13,1524,15448171,-10,7,-5
4,1526,15458176,54,202,8249
13,1525,15458198,-11,-6,-23
4,1527,15468168,9,577,8186
13,1526,15468190,-10,-14,-387
4,1528,15478275,-23,39,8256
13,1527,15478297,-19,-4,-654
4,1529,15488348,21,31,8234
13,1528,15488370,-32,-10,-634
4,1530,15498482,-6,-101,8221
13,1529,15498504,-32,-22,-620
4,1531,15508522,44,-132,8235
13,1530,15508571,-40,-27,-374
4,1532,15518561,-3,145,8251
13,1531,15518583,-21,-27,-135
4,1533,15528624,17,129,8221
13,1532,15528646,-5,-5,-21
4,1534,15538713,4,119,8236
13,1533,15538735,-6,4,-29
4,1535,15548745,-11,129,8231
13,1534,15548767,0,5,-15
4,1536,15558852,-1,119,8224
13,1535,15558874,0,1,2
4,1537,15568838,23,107,8211
13,1536,15568860,3,3,2
4,1538,15579061,-9,121,8233
13,1537,15579083,17,23,2
4,1539,15588938,-22,152,8252
13,1538,15588959,16,26,16
4,1540,15599053,-41,162,8228
13,1539,15599075,26,32,110
4,1541,15609132,11,72,8224
13,1540,15609154,18,16,138
4,1542,15619236,-13,107,8212
13,1541,15619258,0,2,22
4,1543,15629253,-13,141,8230
13,1542,15629275,-4,-7,-11
4,1544,15639277,-11,136,8238
13,1543,15639299,-5,-12,-2
4,1545,15649422,-21,109,8250
13,1544,15649444,-17,-16,-8
4,1546,15659517,-13,93,8219
13,1545,15659539,-26,-17,-47
4,1547,15669542,23,91,8225
13,1546,15669564,-25,-15,-74
4,1548,15679559,-16,139,8250
13,1547,15679581,-17,-9,-106
4,1549,15689638,-16,145,8225
13,1548,15689660,-4,-3,-18
4,1550,15699766,13,127,8220
13,1549,15699788,-4,-2,8
4,1551,15709776,8,117,8215
13,1550,15709798,-6,-4,-14
4,1552,15719914,2,125,8227
13,1551,15719936,-5,0,-38
4,1553,15729901,43,70,8196
13,1552,15729923,-10,3,-96
4,1554,15740074,-62,183,8247
13,1553,15740096,-22,9,-234
4,1555,15750052,0,132,8226
13,1554,15750074,2,-2,-56
4,1556,15760093,13,106,8222
13,1555,15760115,3,1,4
4,1557,15770205,1,121,8232
13,1556,15770227,1,1,2
4,1558,15780295,-3,120,8219
13,1557,15780317,0,0,12
4,1559,15790329,-12,118,8237
13,1558,15790351,7,-1,37
4,1560,15800392,17,109,8221
13,1559,15800414,13,0,36
4,1561,15810456,-2,106,8223
13,1560,15810478,0,1,21
4,1562,15820637,-6,121,8221
13,1561,15820659,1,0,13
4,1563,15830622,-8,123,8242
13,1562,15830644,0,-2,19
4,1564,15840670,-22,134,8229
13,1563,15840692,-7,-2,21
4,1565,15850651,-19,126,8224
13,1564,15850673,-1,2,59
4,1566,15860837,-14,114,8224
13,1565,15860859,8,3,101
4,1567,15870852,-6,130,8233
13,1566,15870874,14,4,111
4,1568,15880958,-6,105,8228
13,1567,15881008,0,3,88
4,1569,15891018,-12,113,8221
13,1568,15891040,-3,-2,40
4,1570,15901168,-7,124,8246
13,1569,15901190,-2,-5,24
4,1571,15911125,-3,131,8231
13,1570,15911147,-6,0,23
4,1572,15921233,-16,112,8233
13,1571,15921255,-13,1,16
4,1573,15931254,-6,115,8227
13,1572,15931276,-5,-1,23
4,1574,15941329,-9,138,8227
13,1573,15941351,-6,0,28
4,1575,15951335,-11,142,8219
13,1574,15951357,-14,7,45
4,1576,15961469,-5,165,8226
13,1575,15961491,-1,8,101
4,1577,15971492,0,93,8241
13,1576,15971514,-20,15,155
4,1578,15981598,1,135,8225
13,1577,15981620,-16,4,149
4,1579,15991617,1,163,8221
13,1578,15991639,-19,10,218
4,1580,16001662,18,81,8216
13,1579,16001684,-38,19,252
4,1581,16011743,13,38,8236
13,1580,16011765,-31,10,168
4,1582,16021877,9,94,8222
13,1581,16021899,-6,0,49
4,1583,16031904,-7,120,8227
13,1582,16031926,-5,0,1
4,1584,16041950,-17,108,8225
13,1583,16041972,-12,0,6
4,1585,16052040,-12,120,8224
13,1584,16052062,-11,2,12
4,1586,16062152,-11,130,8233
13,1585,16062174,-11,0,32
4,1587,16072125,-8,158,8221
13,1586,16072147,-20,3,65
4,1588,16082204,-24,101,8232
13,1587,16082226,-33,17,144
4,1589,16092231,0,94,8239
13,1588,16092253,-12,6,163
4,1590,16102277,12,122,8220
13,1589,16102299,-4,-1,132
4,1591,16112347,-8,105,8221
13,1590,16112369,0,-1,134
4,1592,16122433,-16,73,8217
13,1591,16122455,3,0,127
4,1593,16132546,-17,88,8221
13,1592,16132595,4,3,91
4,1594,16142695,-4,96,8243
13,1593,16142717,6,0,58
4,1595,16152650,-3,113,8244
13,1594,16152672,-6,-1,20
4,1596,16162754,2,92,8223
13,1595,16162776,-11,-1,3
4,1597,16172780,3,116,8232
13,1596,16172802,-3,-1,10
4,1598,16182852,1,115,8229
13,1597,16182874,1,-3,27
4,1599,16192884,8,143,8223
13,1598,16192906,2,0,64
4,1600,16203011,-5,121,8225
13,1599,16203033,-1,0,122
4,1601,16212995,-15,16,8229
13,1600,16213017,-1,1,117
4,1602,16223184,-20,76,8231
13,1601,16223206,4,0,49
4,1603,16233213,-7,112,8231
13,1602,16233235,1,-4,19
4,1604,16243161,-13,105,8224
13,1603,16243183,-3,-1,14
4,1605,16253267,-7,119,8239
13,1604,16253289,0,0,22
4,1606,16263473,-8,139,8230
13,1605,16263495,-2,0,51
4,1607,16273449,-11,104,8228
13,1606,16273471,-4,0,103
4,1608,16283511,-12,78,8229
13,1607,16283533,2,-2,113
4,1609,16293620,-12,132,8246
13,1608,16293642,4,-1,107
4,1610,16303709,-12,66,8231
13,1609,16303731,2,0,127
4,1611,16313685,0,118,8204
13,1610,16313707,-1,0,88
4,1612,16323749,7,142,8211
13,1611,16323771,3,0,114
4,1613,16333888,0,92,8248
13,1612,16333910,0,-1,147
4,1614,16343897,-1,95,8231
13,1613,16343919,-7,1,120
4,1615,16353977,0,124,8227
13,1614,16353999,-9,3,101
4,1616,16364019,43,185,8233
13,1615,16364041,-4,0,168
4,1617,16374105,-14,2,8239
13,1616,16374126,-1,-1,243
4,1618,16384270,-18,0,8222
13,1617,16384292,0,3,113
4,1619,16394146,-2,95,8225
13,1618,16394195,15,3,33
4,1620,16404357,-2,115,8239
13,1619,16404379,7,3,20
4,1621,16414358,-7,101,8215
13,1620,16414380,1,1,5
4,1622,16424450,0,113,8241
13,1621,16424472,1,-1,-1
4,1623,16434465,3,108,8240
13,1622,16434487,-6,0,1
4,1624,16444525,-3,93,8214
13,1623,16444547,-4,-2,2
4,1625,16454687,-7,93,8231
13,1624,16454709,4,-3,6
4,1626,16464721,-10,98,8239
13,1625,16464743,2,-1,10
4,1627,16474748,-12,94,8216
13,1626,16474770,1,2,7
4,1628,16484815,-11,107,8244
13,1627,16484837,10,-2,1
4,1629,16494870,0,116,8242
13,1628,16494892,5,-5,1
4,1630,16504996,4,104,8228
13,1629,16505045,-4,-5,0
4,1631,16515057,-7,100,8213
13,1630,16515079,-1,0,0
4,1632,16525067,-7,106,8237
13,1631,16525089,-4,0,0
4,1633,16535164,4,109,8232
13,1632,16535186,-5,1,0
4,1634,16545387,0,94,8199
13,1633,16545409,1,2,2
4,1635,16555308,0,124,8243
13,1634,16555330,5,0,3
4,1636,16565309,2,92,8238
13,1635,16565331,0,-1,2
4,1637,16575441,10,105,8225
13,1636,16575462,-1,-1,2
4,1638,16585523,2,97,8217
13,1637,16585545,-4,1,0
4,1639,16595509,-8,111,8227
13,1638,16595531,4,0,0
4,1640,16605604,-4,106,8241
13,1639,16605626,0,0,0
4,1641,16615744,0,96,8229
13,1640,16615766,-2,0,1
4,1642,16625922,0,95,8231
13,1641,16625944,5,2,4
4,1643,16635809,7,102,8232
13,1642,16635831,7,0,3
4,1644,16645903,-10,103,8228
13,1643,16645925,3,3,4
4,1645,16655894,-10,108,8222
13,1644,16655916,5,1,5
4,1646,16666058,-10,99,8240
13,1645,16666080,1,-2,5
4,1647,16676075,-13,96,8209
13,1646,16676097,0,-4,6
4,1648,16686076,-5,108,8232
13,1647,16686098,6,-1,4
4,1649,16696244,-13,86,8237
13,1648,16696266,3,1,2
4,1650,16706277,-9,99,8232
13,1649,16706299,4,0,4
4,1651,16716330,-15,92,8251
13,1650,16716352,0,-1,4
4,1652,16726434,1,98,8222
13,1651,16726456,-3,-3,1
4,1653,16736448,0,87,8225
13,1652,16736470,-3,0,0
4,1654,16746545,0,110,8221
13,1653,16746567,3,1,1
4,1655,16756562,15,107,8245
13,1654,16756584,0,0,3
4,1656,16766569,9,104,8223
13,1655,16766591,-1,0,3
4,1657,16776736,-4,117,8222
13,1656,16776758,2,1,1
4,1658,16786904,4,106,8239
13,1657,16786926,-3,1,1
4,1659,16796846,-4,100,8219
13,1658,16796868,-2,-2,0
4,1660,16806896,5,108,8245
13,1659,16806917,1,-3,0
4,1661,16816948,0,93,8232
13,1660,16816970,-1,-3,-1
4,1662,16827019,-2,101,8247
13,1661,16827041,0,-3,0
4,1663,16837105,-10,100,8224
13,1662,16837127,-1,-2,-1
4,1664,16847171,-1,105,8220
13,1663,16847193,-2,-2,0
4,1665,16857201,-14,111,8219
13,1664,16857223,-3,-2,3
4,1666,16867449,-6,111,8230
13,1665,16867471,-7,0,-1
4,1667,16877392,-5,95,8218
13,1666,16877414,-5,-1,-2
4,1668,16887435,-6,103,8237
13,1667,16887457,0,-1,0
4,1669,16897555,0,109,8246
13,1668,16897577,0,-1,0
4,1670,16907719,-3,104,8226
13,1669,16907741,-1,1,0
4,1671,16917725,1,87,8226
13,1670,16917747,-2,0,1
4,1672,16927808,4,98,8243
13,1671,16927830,-1,-1,0
4,1673,16937814,-2,97,8239
13,1672,16937836,0,0,-1
4,1674,16947974,-13,98,8212
13,1673,16947996,1,2,0
4,1675,16957919,-3,102,8221
13,1674,16957940,1,0,0
4,1676,16967960,7,115,8231
13,1675,16967982,3,0,0
4,1677,16978084,9,98,8237
13,1676,16978106,1,0,0
4,1678,16988201,0,99,8232
13,1677,16988223,0,0,0
4,1679,16998242,0,102,8229
13,1678,16998264,0,0,0
4,1680,17008274,-10,95,8240
13,1679,17008296,-1,0,2
4,1681,17018413,0,89,8230
13,1680,17018435,-1,1,0
4,1682,17028542,7,95,8222
13,1681,17028564,0,0,-4
4,1683,17038515,-1,99,8216
13,1682,17038537,1,-2,0
4,1684,17048612,-6,108,8232
13,1683,17048634,1,0,1
4,1685,17058632,-10,107,8238
13,1684,17058654,2,2,0
4,1686,17068755,-6,104,8225
13,1685,17068777,1,0,0
4,1687,17078771,-10,104,8226
13,1686,17078793,1,0,-1
4,1688,17088787,0,103,8229
13,1687,17088808,-1,0,-2
4,1689,17098925,0,96,8240
13,1688,17098947,-1,-3,0
4,1690,17109137,0,92,8237
13,1689,17109159,2,1,1
4,1691,17119051,0,115,8229
13,1690,17119073,1,0,1
4,1692,17129085,0,102,8231
13,1691,17129107,0,2,-1
4,1693,17139107,1,89,8218
13,1692,17139129,0,2,0
4,1694,17149281,0,108,8214
13,1693,17149303,1,0,-2
4,1695,17159337,1,108,8221
13,1694,17159359,0,-1,-1
4,1696,17169385,5,98,8232
13,1695,17169407,3,0,0
4,1697,17179450,0,113,8223
13,1696,17179472,0,0,2
4,1698,17189550,1,114,8229
13,1697,17189572,0,0,0
4,1699,17199552,1,108,8233
13,1698,17199574,-2,0,0
4,1700,17209623,-4,109,8231
13,1699,17209645,1,0,-2
4,1701,17219682,-5,105,8228
13,1700,17219703,4,1,0
4,1702,17229780,0,121,8231
13,1701,17229802,1,0,0
4,1703,17239762,-11,111,8219
13,1702,17239784,3,0,0
4,1704,17249864,-1,101,8223
13,1703,17249886,2,-2,0
4,1705,17260027,5,107,8236
13,1704,17260049,1,1,0
4,1706,17270103,-5,105,8223
13,1705,17270125,5,1,0
4,1707,17280086,-9,100,8234
13,1706,17280108,3,0,-3
4,1708,17290135,5,103,8228
13,1707,17290157,2,1,0
4,1709,17300220,5,93,8217
13,1708,17300242,4,0,0
4,1710,17310278,-3,97,8241
13,1709,17310300,1,0,0
4,1711,17320306,-4,100,8236
13,1710,17320328,0,3,0
4,1712,17330353,4,111,8232
13,1711,17330375,0,1,1
4,1713,17340428,-4,113,8223
13,1712,17340450,0,0,0
4,1714,17350610,7,105,8226
13,1713,17350632,0,0,-2
4,1715,17360549,-3,107,8232
13,1714,17360571,1,-2,-1
4,1716,17370701,-11,103,8225
13,1715,17370723,0,-1,0
4,1717,17380679,1,108,8233
13,1716,17380701,0,1,0
4,1718,17390830,3,99,8220
13,1717,17390852,-1,1,-1
4,1719,17400798,13,107,8236
13,1718,17400820,-2,0,0
4,1720,17410905,-12,89,8198
13,1719,17410927,-3,1,1
4,1721,17420996,0,132,8249
13,1720,17421018,6,-2,0
4,1722,17431115,-1,102,8227
13,1721,17431137,-5,0,0
4,1723,17441034,5,108,8224
13,1722,17441056,1,-5,2
4,1724,17451143,0,105,8238
13,1723,17451165,0,-2,1
4,1725,17461204,-6,108,8210
13,1724,17461226,0,-2,2
4,1726,17471301,-5,98,8228
13,1725,17471323,0,-1,0
4,1727,17481329,-1,102,8232
13,1726,17481351,-3,0,0
4,1728,17491368,-8,102,8231
13,1727,17491390,-2,-2,0
4,1729,17501471,-6,107,8231
13,1728,17501493,0,-2,1
4,1730,17511658,-12,100,8234
13,1729,17511680,1,1,2
4,1731,17521632,3,96,8219
13,1730,17521654,3,-2,1
4,1732,17531655,12,101,8224
13,1731,17531677,2,2,1
4,1733,17541816,-3,113,8230
13,1732,17541838,1,0,0
4,1734,17551845,1,105,8226
13,1733,17551867,-1,0,1
4,1735,17561846,8,110,8239
13,1734,17561868,-2,0,1
4,1736,17571954,-10,103,8224
13,1735,17571976,-1,-1,0
4,1737,17582048,-9,103,8224
13,1736,17582069,0,1,0
4,1738,17592192,14,114,8235
13,1737,17592214,0,0,1
4,1739,17602172,1,106,8222
13,1738,17602193,1,1,0
4,1740,17612244,-5,102,8224
13,1739,17612266,1,-1,0
4,1741,17622311,-8,110,8229
13,1740,17622333,1,-1,0
4,1742,17632403,-14,101,8219
13,1741,17632425,0,0,0
4,1743,17642385,-8,100,8231
13,1742,17642434,0,0,0
4,1744,17652546,-6,105,8224
13,1743,17652568,1,-1,0
4,1745,17662603,-1,112,8217
13,1744,17662625,0,-2,1
4,1746,17672705,-7,104,8236
13,1745,17672727,0,0,1
4,1747,17682711,-5,92,8252
13,1746,17682733,-2,0,-1
4,1748,17692749,-5,98,8229
13,1747,17692771,-3,0,0
4,1749,17702797,-9,108,8227
13,1748,17702819,0,0,0
4,1750,17712925,6,114,8232
13,1749,17712947,0,0,0
4,1751,17723055,9,111,8226
13,1750,17723077,0,-2,0
4,1752,17732988,0,105,8225
13,1751,17733010,-1,0,0
4,1753,17743119,-4,98,8222
13,1752,17743141,1,0,-1
4,1754,17753307,-2,115,8222
13,1753,17753329,-1,0,0
4,1755,17763322,-5,119,8221
13,1754,17763344,-1,0,-1
4,1756,17773361,-11,109,8234
13,1755,17773383,1,-2,0
4,1757,17783346,0,103,8224
13,1756,17783368,0,-1,3
4,1758,17793531,0,108,8222
13,1757,17793553,1,-3,1
4,1759,17803531,-2,111,8224
13,1758,17803553,0,-3,-3
4,1760,17813583,-7,96,8219
13,1759,17813605,-1,-1,0
4,1761,17823634,-1,105,8223
13,1760,17823656,3,-1,1
4,1762,17833816,-1,107,8226
13,1761,17833838,4,0,0
4,1763,17843829,3,108,8233
13,1762,17843851,0,0,-1
4,1764,17853855,0,117,8232
13,1763,17853877,-1,-2,0
4,1765,17863879,-8,114,8224
13,1764,17863901,-2,-2,0
4,1766,17874029,10,104,8224
13,1765,17874051,0,-1,2
4,1767,17884136,-7,114,8226
13,1766,17884158,2,-2,0
4,1768,17894147,-8,116,8238
13,1767,17894169,1,0,0
4,1769,17904294,7,109,8229
13,1768,17904316,0,1,0
4,1770,17914398,-5,103,8225
13,1769,17914420,1,2,1
4,1771,17924305,-7,104,8232
13,1770,17924327,0,0,0
4,1772,17934431,-7,108,8233
13,1771,17934453,0,0,0
4,1773,17944432,-1,101,8231
13,1772,17944454,0,-1,1
4,1774,17954608,8,111,8227
13,1773,17954630,0,1,0
4,1775,17964639,-4,105,8218
13,1774,17964661,0,0,0
4,1776,17974751,-5,97,8233
13,1775,17974773,0,-1,1
4,1777,17984773,-3,110,8225
13,1776,17984795,0,2,0
4,1778,17995026,-6,107,8226
13,1777,17995048,-2,1,0
4,1779,18004858,-10,114,8225
13,1778,18004880,-2,-1,-2
4,1780,18015072,1,108,8221
13,1779,18015094,-1,0,1
4,1781,18025088,1,108,8221
13,1780,18025110,0,0,3
4,1782,18035135,5,113,8220
13,1781,18035157,1,0,1
4,1783,18045228,-9,106,8242
13,1782,18045250,2,2,2
4,1784,18055286,0,107,8226
13,1783,18055308,-2,0,1
4,1785,18065374,0,120,8221
13,1784,18065396,-4,-2,1
4,1786,18075584,-9,112,8221
13,1785,18075606,-1,0,-1
4,1787,18085490,-1,113,8217
13,1786,18085512,-1,5,1
4,1788,18095570,-8,106,8237
13,1787,18095592,0,9,4
4,1789,18105671,-10,105,8229
13,1788,18105693,0,0,1
4,1790,18115741,8,111,8231
13,1789,18115763,-1,0,0
4,1791,18125863,-7,107,8225
13,1790,18125885,-1,0,1
4,1792,18135843,-2,98,8220
13,1791,18135865,0,0,0
4,1793,18146017,5,93,8236
13,1792,18146039,1,0,-2
4,1794,18156067,0,111,8233
13,1793,18156089,3,0,-2
4,1795,18166091,-2,104,8235
13,1794,18166113,1,1,0
4,1796,18176162,-2,106,8227
13,1795,18176184,-2,-2,-1
4,1797,18186215,-5,111,8235
13,1796,18186237,0,1,-1
4,1798,18196328,-3,104,8236
13,1797,18196350,1,1,0
4,1799,18206327,-1,116,8220
13,1798,18206349,-1,0,2
4,1800,18216451,-4,108,8218
13,1799,18216473,-1,0,0
4,1801,18226452,7,97,8230
13,1800,18226474,1,0,-1
4,1802,18236695,8,104,8224
13,1801,18236717,1,-2,0
4,1803,18246601,4,110,8227
13,1802,18246623,0,0,0
4,1804,18256712,7,104,8243
13,1803,18256734,-2,-3,0
4,1805,18266850,-10,108,8227
13,1804,18266872,-3,-1,1
4,1806,18276946,2,117,8227
13,1805,18276968,-1,0,-1
4,1807,18287041,-11,101,8223
13,1806,18287063,0,0,-1
4,1808,18297029,-9,109,8227
13,1807,18297051,-1,-2,1
4,1809,18307088,-9,106,8234
13,1808,18307109,-1,1,1
4,1810,18317242,-1,105,8225
13,1809,18317264,0,0,0
4,1811,18327220,4,96,8230
13,1810,18327242,0,-2,0
4,1812,18337302,-17,104,8230
13,1811,18337324,0,-1,0
4,1813,18347359,2,94,8227
13,1812,18347381,1,2,1
4,1814,18357495,-3,99,8226
13,1813,18357517,0,3,2
4,1815,18367510,-2,102,8231
13,1814,18367531,0,0,0
4,1816,18377616,-4,100,8223
13,1815,18377638,0,-2,0
4,1817,18387728,0,116,8227
13,1816,18387750,0,0,-1
4,1818,18397927,-1,110,8237
13,1817,18397949,1,-4,2
4,1819,18407865,0,110,8224
13,1818,18407887,0,-4,1
4,1820,18417883,3,116,8209
13,1819,18417905,1,0,2
4,1821,18428003,-2,114,8241
13,1820,18428025,-1,1,2
4,1822,18438067,-4,98,8209
13,1821,18438089,-1,0,-2
4,1823,18448170,0,101,8230
13,1822,18448192,-2,0,0
4,1824,18458201,7,107,8237
13,1823,18458223,-1,0,0
4,1825,18468267,-5,96,8223
13,1824,18468289,1,-1,1
4,1826,18478461,-8,99,8217
13,1825,18478483,1,-1,1
4,1827,18488453,-9,102,8228
13,1826,18488474,0,1,0
4,1828,18498476,-19,109,8246
13,1827,18498498,1,0,0
4,1829,18508564,-5,113,8223
13,1828,18508586,0,-1,1
4,1830,18518710,6,112,8228
13,1829,18518732,0,-1,0
4,1831,18528804,-13,103,8224
13,1830,18528826,0,-2,3
4,1832,18538812,-9,106,8224
13,1831,18538834,-1,0,2
4,1833,18548869,-4,99,8220
13,1832,18548891,0,-2,0
4,1834,18559013,-6,101,8230
13,1833,18559035,-1,-3,0
4,1835,18569018,0,105,8218
13,1834,18569040,0,0,2
4,1836,18579074,2,89,8217
13,1835,18579096,0,1,0
4,1837,18589147,-2,100,8238
13,1836,18589169,1,1,0
4,1838,18599278,16,100,8231
13,1837,18599300,1,0,2
4,1839,18609300,7,88,8231
13,1838,18609322,0,0,0
4,1840,18619375,0,107,8223
13,1839,18619397,-1,-3,0
4,1841,18629427,3,107,8221
13,1840,18629449,-1,0,0
4,1842,18639617,0,104,8235
13,1841,18639639,-1,2,0
4,1843,18649598,4,115,8224
13,1842,18649620,0,1,0
4,1844,18659664,-6,108,8224
13,1843,18659686,0,0,1
4,1845,18669685,-5,107,8228
13,1844,18669707,0,2,2
4,1846,18679825,-2,112,8214
13,1845,18679847,-1,0,2
4,1847,18689894,0,107,8223
13,1846,18689916,-1,-1,3
4,1848,18699977,3,94,8229
13,1847,18699999,0,-1,2
4,1849,18710047,3,100,8221
13,1848,18710069,0,1,0
4,1850,18720194,-3,114,8231
13,1849,18720216,-1,0,0
4,1851,18730217,-2,113,8234
13,1850,18730239,-2,1,3
4,1852,18740239,-4,100,8223
13,1851,18740261,-2,1,0
4,1853,18750299,3,103,8223
13,1852,18750321,0,0,1
4,1854,18760440,-1,111,8226
13,1853,18760462,2,-1,0
4,1855,18770510,-5,104,8225
13,1854,18770532,2,-2,0
4,1856,18780558,0,105,8230
13,1855,18780580,0,-2,1
4,1857,18790629,1,108,8246
13,1856,18790651,-1,0,0
4,1858,18800818,-5,111,8229
13,1857,18800840,-2,2,1
4,1859,18810698,-8,102,8222
13,1858,18810720,-2,0,-1
4,1860,18820815,5,103,8225
13,1859,18820837,0,-1,-2
4,1861,18830962,-9,113,8227
13,1860,18830983,1,1,0
4,1862,18841020,-10,105,8232
13,1861,18841041,2,-2,0
4,1863,18851043,-2,92,8226
13,1862,18851065,-1,1,0
4,1864,18861127,-19,93,8229
13,1863,18861149,-1,0,0
4,1865,18871198,1,85,8228
13,1864,18871220,-1,2,-1
4,1866,18881385,6,109,8222
13,1865,18881407,0,2,0
4,1867,18891342,-12,113,8232
13,1866,18891364,-1,0,0
4,1868,18901491,5,103,8222
13,1867,18901513,-2,0,0
4,1869,18911497,0,92,8231
13,1868,18911519,-2,1,2
4,1870,18921635,-17,106,8232
13,1869,18921657,0,1,0
4,1871,18931653,-8,107,8233
13,1870,18931675,0,0,1
4,1872,18941737,0,100,8222
13,1871,18941759,0,0,1
4,1873,18951780,4,105,8228
13,1872,18951802,0,3,0
4,1874,18961890,0,112,8222
13,1873,18961912,-2,-1,-1
4,1875,18971949,5,107,8236
13,1874,18971971,0,-2,-2
4,1876,18981993,2,110,8229
13,1875,18982015,0,-1,0
4,1877,18992065,2,100,8228
13,1876,18992087,0,-1,1
4,1878,19002142,4,109,8235
13,1877,19002163,-1,1,0
4,1879,19012243,-1,108,8235
13,1878,19012265,1,0,0
4,1880,19022397,-2,101,8224
13,1879,19022419,3,0,0
4,1881,19032354,-3,105,8224
13,1880,19032376,0,0,0
4,1882,19042557,-4,100,8224
13,1881,19042579,0,0,1
4,1883,19052516,5,104,8222
13,1882,19052538,-1,0,0
4,1884,19062589,0,99,8222
13,1883,19062611,-4,-2,-2
4,1885,19072660,0,102,8232
13,1884,19072682,0,0,0
4,1886,19082750,-6,102,8234
13,1885,19082772,0,1,0
4,1887,19092771,8,108,8232
13,1886,19092793,0,2,-2
4,1888,19102860,-10,84,8192
13,1887,19102882,-3,5,-1
4,1889,19113011,-9,130,8251
13,1888,19113033,6,0,-1
4,1890,19123118,-5,93,8236
13,1889,19123167,-5,0,0
4,1891,19133059,10,110,8207
13,1890,19133081,1,0,2
4,1892,19143211,6,95,8243
13,1891,19143233,0,-1,1
4,1893,19153286,2,111,8223
13,1892,19153308,0,-2,0
4,1894,19163335,0,110,8233
13,1893,19163357,0,-2,1
4,1895,19173418,2,107,8223
13,1894,19173440,1,-2,0
4,1896,19183519,0,104,8224
13,1895,19183541,1,0,-2
4,1897,19193627,-2,108,8222
13,1896,19193649,0,1,0
4,1898,19203720,0,101,8223
13,1897,19203742,0,0,1
4,1899,19213687,3,101,8241
13,1898,19213709,0,0,0
4,1900,19223707,-2,101,8231
13,1899,19223729,0,2,0
4,1901,19233850,-8,109,8220
13,1900,19233872,-1,1,0
4,1902,19243941,-8,120,8227
13,1901,19243963,-3,0,0
4,1903,19253925,8,103,8220
13,1902,19253947,-1,0,1
4,1904,19264144,-4,109,8228
13,1903,19264166,0,0,1
4,1905,19274101,1,117,8232
13,1904,19274123,0,1,1
4,1906,19284339,-8,114,8215
13,1905,19284361,-2,0,-1
4,1907,19294355,-21,112,8225
13,1906,19294377,-4,0,0
4,1908,19304364,-6,113,8238
13,1907,19304385,-1,0,0
4,1909,19314430,5,121,8220
13,1908,19314451,-3,0,0
4,1910,19324546,0,111,8223
13,1909,19324568,-5,-1,1
4,1911,19334503,-6,101,8236
13,1910,19334525,-2,0,0
4,1912,19344651,-7,98,8216
13,1911,19344673,-1,-1,-1
4,1913,19354747,7,111,8227
13,1912,19354769,0,-1,0
4,1914,19364887,-1,110,8237
13,1913,19364909,0,0,0
4,1915,19374861,-1,91,8236
13,1914,19374883,-1,0,0
4,1916,19384942,-4,103,8235
13,1915,19384964,-2,-2,0
4,1917,19395007,3,107,8229
13,1916,19395029,-2,-2,1
4,1918,19405138,18,100,8228
13,1917,19405160,-2,2,1
4,1919,19415197,6,107,8238
13,1918,19415219,-1,3,0
4,1920,19425234,-6,96,8233
13,1919,19425256,-1,0,0
4,1921,19435372,-3,96,8234
13,1920,19435394,-1,0,0
4,1922,19445510,-5,111,8245
13,1921,19445532,0,1,-1
4,1923,19455470,-6,100,8232
13,1922,19455492,-3,0,0
4,1924,19465537,0,96,8223
13,1923,19465559,-3,0,0
4,1925,19475674,0,100,8228
13,1924,19475696,-1,2,-1
4,1926,19485783,7,101,8226
13,1925,19485805,-2,-1,-1
4,1927,19495816,-11,103,8227
13,1926,19495838,-1,-3,1
4,1928,19505834,-6,104,8226
13,1927,19505856,0,0,0
4,1929,19515951,5,99,8224
13,1928,19515973,0,0,0
4,1930,19526096,0,98,8229
13,1929,19526118,1,0,-1
4,1931,19536027,-6,106,8230
13,1930,19536049,0,0,0
4,1932,19546153,-13,102,8231
13,1931,19546175,1,0,0
4,1933,19556171,-4,96,8231
13,1932,19556193,-1,2,0
4,1934,19566303,-4,107,8210
13,1933,19566325,0,2,-1
4,1935,19576346,-1,105,8224
13,1934,19576368,1,0,-1
4,1936,19586420,5,111,8224
13,1935,19586442,2,1,1
4,1937,19596494,-15,100,8225
13,1936,19596516,-1,1,0
4,1938,19606664,0,101,8232
13,1937,19606686,0,2,0
4,1939,19616630,-2,99,8228
13,1938,19616652,-1,2,0
4,1940,19626695,10,113,8230
13,1939,19626717,0,1,0
4,1941,19636794,0,96,8221
13,1940,19636816,1,-1,1
4,1942,19646890,-11,104,8235
13,1941,19646912,0,0,1
4,1943,19656903,0,116,8218
13,1942,19656925,1,-2,0
4,1944,19666975,0,108,8228
13,1943,19666997,0,-3,0
4,1945,19677121,-5,102,8228
13,1944,19677143,0,0,0
4,1946,19687209,-7,111,8229
13,1945,19687231,0,0,3
4,1947,19697164,-7,105,8220
13,1946,19697186,0,0,0
4,1948,19707192,-10,107,8225
13,1947,19707214,-1,0,0
4,1949,19717303,0,104,8237
13,1948,19717325,0,0,0
4,1950,19727434,-4,103,8239
13,1949,19727456,-1,2,0
4,1951,19737457,-6,93,8234
13,1950,19737479,0,-1,1
4,1952,19747509,-1,106,8232
13,1951,19747531,0,-2,0
4,1953,19757519,2,106,8231
13,1952,19757541,0,-2,0
4,1954,19767771,-2,103,8229
13,1953,19767793,1,0,0
4,1955,19777771,0,111,8226
13,1954,19777793,0,-1,0
4,1956,19787801,6,101,8222
13,1955,19787823,-3,-2,-1
4,1957,19797907,-6,112,8232
13,1956,19797929,-2,0,1
4,1958,19807917,-1,108,8237
13,1957,19807939,1,-1,2
4,1959,19817998,3,101,8231
13,1958,19818020,-2,-2,1
4,1960,19828116,-12,107,8210
13,1959,19828138,-2,-1,2
4,1961,19838162,-4,106,8231
13,1960,19838184,0,-2,0
4,1962,19848334,7,109,8238
13,1961,19848356,-1,1,0
4,1963,19858292,0,103,8235
13,1962,19858314,-2,1,1
4,1964,19868376,0,97,8232
13,1963,19868398,-2,-2,1
4,1965,19878456,-4,112,8234
13,1964,19878478,0,0,0
4,1966,19888613,-2,107,8234
13,1965,19888635,0,0,0
4,1967,19898658,-3,106,8225
13,1966,19898680,0,-1,0
4,1968,19908713,-4,108,8223
13,1967,19908735,0,-1,0
4,1969,19918791,-3,112,8222
13,1968,19918813,0,0,-1
4,1970,19928934,-1,107,8227
13,1969,19928956,0,0,0
4,1971,19938960,-4,93,8224
13,1970,19938982,0,0,-1
4,1972,19948971,1,94,8237
13,1971,19948992,0,0,0
4,1973,19959056,0,90,8215
13,1972,19959078,0,-1,0
4,1974,19969112,2,105,8218
13,1973,19969134,0,0,0
4,1975,19979195,-7,103,8228
13,1974,19979217,0,1,0
4,1976,19989274,0,107,8222
13,1975,19989296,0,0,1
4,1977,19999367,11,106,8226
13,1976,19999389,-1,0,1
4,1978,20009490,-1,100,8231
13,1977,20009512,1,0,0
4,1979,20019501,-1,96,8238
13,1978,20019523,-1,1,2
4,1980,20029590,1,103,8217
13,1979,20029612,-2,2,0
4,1981,20039634,-6,104,8223
13,1980,20039656,2,0,1
4,1982,20049725,-9,103,8221
13,1981,20049747,0,-2,1
4,1983,20059727,0,105,8229
13,1982,20059749,1,-1,-1
4,1984,20069822,-5,107,8227
13,1983,20069844,2,0,3
4,1985,20079918,-2,107,8226
13,1984,20079940,1,1,3
4,1986,20090067,0,99,8231
13,1985,20090089,0,0,0
4,1987,20099966,-7,92,8220
13,1986,20099988,2,2,0
4,1988,20110191,-7,106,8225
13,1987,20110213,0,0,0
4,1989,20120191,0,91,8235
13,1988,20120213,1,2,0
4,1990,20130242,-4,98,8228
13,1989,20130264,2,0,0
4,1991,20140357,-12,113,8230
13,1990,20140379,0,-3,0
4,1992,20150441,0,107,8236
13,1991,20150463,-1,0,0
4,1993,20160513,4,109,8222
13,1992,20160535,0,3,1
4,1994,20170661,-9,107,8234
13,1993,20170683,-1,2,-1
4,1995,20180607,-8,99,8236
13,1994,20180629,0,-1,2
4,1996,20190685,0,104,8218
13,1995,20190707,0,-2,0
4,1997,20200770,0,99,8216
13,1996,20200792,2,0,0
4,1998,20210810,0,103,8223
13,1997,20210832,2,0,1
4,1999,20220908,-9,104,8220
13,1998,20220929,2,-1,-1
4,2000,20230950,0,102,8231
13,1999,20230972,3,1,0
4,2001,20240981,0,110,8231
13,2000,20241003,1,1,-1
4,2002,20251242,-2,105,8225
13,2001,20251264,0,0,0
4,2003,20261192,0,95,8228
13,2002,20261214,-1,1,-2
4,2004,20271221,-11,109,8220
13,2003,20271243,0,0,0
4,2005,20281319,-11,106,8218
13,2004,20281341,1,0,1
4,2006,20291472,-6,111,8230
13,2005,20291494,0,0,0
4,2007,20301419,7,101,8227
13,2006,20301441,-2,-1,2
4,2008,20311518,1,111,8227
13,2007,20311540,0,0,0
4,2009,20321573,-4,109,8213
13,2008,20321595,1,0,0
4,2010,20331812,-4,102,8222
13,2009,20331834,1,0,1
4,2011,20341722,-1,95,8219
13,2010,20341744,0,-2,1
4,2012,20351702,-12,97,8225
13,2011,20351724,2,0,-1
4,2013,20361901,0,102,8227
13,2012,20361923,0,1,0
4,2014,20371950,-2,108,8228
13,2013,20371972,0,0,0
4,2015,20381975,-4,109,8217
13,2014,20382024,0,0,2
4,2016,20392044,0,120,8222
13,2015,20392066,-1,1,3
4,2017,20402130,4,103,8232
13,2016,20402152,-1,0,2
4,2018,20412318,0,98,8220
13,2017,20412340,0,0,2
4,2019,20422267,11,105,8227
13,2018,20422289,-1,-2,0
4,2020,20432269,-5,101,8221
13,2019,20432291,-1,0,2
4,2021,20442360,-8,114,8229
13,2020,20442382,-2,-1,0
4,2022,20452532,3,108,8230
13,2021,20452554,-3,2,-1
4,2023,20462511,-9,107,8216
13,2022,20462533,0,3,1
4,2024,20472633,0,107,8226
13,2023,20472655,0,0,-4
4,2025,20482687,3,98,8223
13,2024,20482709,-1,-2,0
4,2026,20492741,-1,87,8232
13,2025,20492763,-2,-4,3
4,2027,20502791,-1,96,8235
13,2026,20502813,-3,-1,0
4,2028,20512785,-3,105,8221
13,2027,20512807,2,-1,0
4,2029,20522950,6,105,8237
13,2028,20522972,2,0,0
4,2030,20533041,8,112,8243
13,2029,20533063,4,2,0
4,2031,20543117,0,109,8230
13,2030,20543139,4,3,0
4,2032,20553142,2,109,8227
13,2031,20553164,1,2,0
4,2033,20563251,2,103,8224
13,2032,20563273,0,2,1
4,2034,20573296,-3,106,8226
13,2033,20573318,0,2,2
4,2035,20583361,3,99,8229
13,2034,20583383,1,-1,2
4,2036,20593389,-5,103,8225
13,2035,20593411,0,2,1
4,2037,20603411,2,100,8222
13,2036,20603433,2,3,1
4,2038,20613550,0,109,8222
13,2037,20613572,3,2,1
4,2039,20623613,-6,113,8221
13,2038,20623634,2,0,1
4,2040,20633657,-1,116,8219
13,2039,20633679,3,1,2
4,2041,20643842,1,115,8236
13,2040,20643864,2,2,0
4,2042,20653934,-3,109,8219
13,2041,20653956,0,0,4
4,2043,20663906,5,109,8216
13,2042,20663928,-4,-1,3
4,2044,20673952,-9,103,8230
13,2043,20673974,-4,0,0
4,2045,20683988,-4,108,8232
13,2044,20684010,-4,1,1
4,2046,20694159,-10,101,8210
13,2045,20694180,-2,0,2
4,2047,20704121,-5,104,8226
13,2046,20704143,-3,-3,1
4,2048,20714248,-7,106,8219
13,2047,20714270,-1,-3,0
4,2049,20724197,0,100,8224
13,2048,20724219,-1,0,0
4,2050,20734428,3,104,8218
13,2049,20734450,-1,2,-1
4,2051,20744390,4,110,8225
13,2050,20744411,-1,2,-1
4,2052,20754442,-3,114,8229
13,2051,20754464,-2,1,1
4,2053,20764547,-3,115,8228
13,2052,20764569,-3,0,0
4,2054,20774557,4,102,8234
13,2053,20774579,-2,0,0
4,2055,20784652,-6,97,8233
13,2054,20784674,0,1,0
4,2056,20794645,0,111,8229
13,2055,20794667,0,1,0
4,2057,20804770,8,98,8229
13,2056,20804792,0,1,0
4,2058,20814845,0,109,8225
13,2057,20814867,0,1,2
4,2059,20824869,0,112,8224
13,2058,20824891,1,2,0
4,2060,20834951,0,103,8227
13,2059,20834973,-1,0,1
4,2061,20845008,-11,100,8229
13,2060,20845030,-2,0,-1
4,2062,20855179,-1,106,8238
13,2061,20855201,-1,0,0
4,2063,20865167,-3,105,8224
13,2062,20865189,-1,-1,0
4,2064,20875209,0,104,8214
13,2063,20875230,0,0,0
4,2065,20885327,3,110,8226
13,2064,20885349,0,0,1
4,2066,20895477,-3,106,8237
13,2065,20895499,-1,-1,0
4,2067,20905461,-3,109,8232
13,2066,20905483,0,0,4
4,2068,20915508,-8,115,8227
13,2067,20915530,-2,0,3
4,2069,20925594,-2,104,8228
13,2068,20925616,-4,0,2
4,2070,20935686,-3,106,8225
13,2069,20935708,-4,-1,1
4,2071,20945715,0,109,8221
13,2070,20945737,0,0,0
4,2072,20955777,-8,105,8230
13,2071,20955799,5,-1,2
4,2073,20965909,-4,110,8233
13,2072,20965931,6,0,7
4,2074,20976029,-3,105,8235
13,2073,20976051,1,0,10
4,2075,20985957,3,102,8232
13,2074,20985979,0,-1,13
4,2076,20996094,6,110,8228
13,2075,20996116,4,0,19
4,2077,21006133,6,110,8235
13,2076,21006155,0,0,18
4,2078,21016320,-4,110,8226
13,2077,21016342,0,-1,10
4,2079,21026308,2,109,8231
13,2078,21026330,-2,-2,8
4,2080,21036383,12,103,8224
13,2079,21036405,-1,1,7
4,2081,21046457,-4,97,8237
13,2080,21046479,0,0,8
4,2082,21056629,-7,106,8238
13,2081,21056651,2,2,13
4,2083,21066552,-11,113,8206
13,2082,21066574,1,1,18
4,2084,21076616,-10,106,8252
13,2083,21076638,-1,-3,21
4,2085,21086703,-16,102,8216
13,2084,21086725,-1,-1,21
4,2086,21096856,-11,115,8219
13,2085,21096878,0,0,21
4,2087,21106838,-1,127,8237
13,2086,21106860,-4,-1,27
4,2088,21116840,5,102,8228
13,2087,21116862,-8,0,23
4,2089,21126980,-4,101,8226
13,2088,21127002,-3,3,26
4,2090,21137159,0,110,8229
13,2089,21137181,3,2,40
4,2091,21147141,-1,103,8238
13,2090,21147163,0,1,47
4,2092,21157180,-6,102,8232
13,2091,21157202,-4,1,40
4,2093,21167287,11,102,8227
13,2092,21167309,-1,1,36
4,2094,21177342,1,115,8230
13,2093,21177364,0,-1,45
4,2095,21187411,5,118,8219
13,2094,21187433,-1,2,63
4,2096,21197462,0,113,8223
13,2095,21197484,-4,1,67
4,2097,21207545,-7,94,8219
13,2096,21207567,-4,-4,51
4,2098,21217684,0,104,8217
13,2097,21217705,0,-1,52
4,2099,21227653,3,122,8233
13,2098,21227675,-1,3,88
4,2100,21237687,5,100,8212
13,2099,21237709,2,1,135
4,2101,21247791,5,106,8229
13,2100,21247813,7,3,151
4,2102,21257939,9,103,8243
13,2101,21257961,4,5,162
4,2103,21268004,-12,89,8223
13,2102,21268026,2,3,166
4,2104,21278025,-15,109,8226
13,2103,21278047,0,-2,114
4,2105,21288106,14,157,8240
13,2104,21288128,-9,0,134
4,2106,21298292,-6,74,8205
13,2105,21298314,-2,3,209
4,2107,21308230,-7,109,8220
13,2106,21308251,0,2,146
4,2108,21318270,-9,92,8230
13,2107,21318292,-1,-1,131
4,2109,21328367,-7,123,8230
13,2108,21328389,0,0,115
4,2110,21338503,5,144,8238
13,2109,21338525,-4,3,201
4,2111,21348490,-11,65,8230
13,2110,21348511,-3,4,306
4,2112,21358575,-13,117,8226
13,2111,21358597,-4,3,211
4,2113,21368681,1,106,8224
13,2112,21368703,-6,3,213
4,2114,21378765,25,133,8236
13,2113,21378814,-5,3,269
4,2115,21388809,9,110,8219
13,2114,21388831,-1,2,364
4,2116,21398959,-5,79,8229
13,2115,21398981,1,4,356
4,2117,21408952,20,113,8232
13,2116,21408974,3,6,371
4,2118,21419064,0,68,8234
13,2117,21419086,5,5,434
4,2119,21429084,-9,86,8227
13,2118,21429106,-1,6,348
4,2120,21439146,-6,81,8225
13,2119,21439167,-5,3,275
4,2121,21449237,15,138,8225
13,2120,21449259,-4,4,262
4,2122,21459381,1,89,8240
13,2121,21459403,0,3,427
4,2123,21469399,0,120,8220
13,2122,21469421,2,6,494
4,2124,21479431,-15,113,8225
13,2123,21479453,2,5,511
4,2125,21489543,-1,93,8228
13,2124,21489564,1,6,594
4,2126,21499618,4,77,8219
13,2125,21499667,-6,7,592
4,2127,21509708,-17,133,8227
13,2126,21509730,-10,5,600
4,2128,21519750,-4,62,8218
13,2127,21519772,-6,9,686
4,2129,21529743,1,66,8209
13,2128,21529765,-6,9,565
4,2130,21540025,1,68,8229
13,2129,21540047,-7,5,479
4,2131,21549925,12,69,8235
13,2130,21549947,-5,6,381
4,2132,21559980,26,98,8237
13,2131,21560002,-13,3,439
4,2133,21570010,-1,83,8212
13,2132,21570032,-10,4,544
4,2134,21580137,7,68,8208
13,2133,21580159,-8,4,567
4,2135,21590253,6,93,8228
13,2134,21590275,-4,2,551
4,2136,21600205,17,104,8235
13,2135,21600227,-6,6,487
4,2137,21610348,-10,90,8216
13,2136,21610370,-11,4,472
4,2138,21620530,-11,105,8229
13,2137,21620552,-18,1,340
4,2139,21630467,-5,102,8227
13,2138,21630517,-22,-5,288
4,2140,21640588,0,91,8234
13,2139,21640610,-21,-5,267
4,2141,21650635,5,114,8229
13,2140,21650657,-16,-4,304
4,2142,21660701,-8,94,8221
13,2141,21660723,-12,-2,393
4,2143,21670776,13,61,8245
13,2142,21670798,-18,5,428
4,2144,21680872,23,48,8223
13,2143,21680894,-33,1,263
4,2145,21690879,4,51,8211
13,2144,21690901,-30,0,169
4,2146,21700975,6,67,8227
13,2145,21700997,-27,-2,140
4,2147,21711034,16,78,8221
13,2146,21711056,-30,0,188
4,2148,21721088,0,56,8209
13,2147,21721110,-26,2,305
4,2149,21731110,1,49,8236
13,2148,21731132,-6,1,259
4,2150,21741271,14,80,8250
13,2149,21741293,-10,0,171
4,2151,21751411,23,81,8231
13,2150,21751433,-18,0,207
4,2152,21761442,4,60,8229
13,2151,21761464,-9,2,295
4,2153,21771496,12,37,8230
13,2152,21771518,-3,2,263
4,2154,21781645,34,52,8237
13,2153,21781667,0,0,354
4,2155,21791565,29,51,8222
13,2154,21791587,-4,4,441
4,2156,21801673,11,67,8224
13,2155,21801695,3,5,383
4,2157,21811719,23,71,8230
13,2156,21811740,14,1,324
4,2158,21821786,16,77,8239
13,2157,21821808,11,3,333
4,2159,21831916,5,85,8226
13,2158,21831938,11,3,324
4,2160,21841897,3,86,8243
13,2159,21841919,10,4,301
4,2161,21852025,13,87,8240
13,2160,21852046,1,2,261
4,2162,21862249,45,49,8239
13,2161,21862299,-7,2,314
4,2163,21872200,11,45,8228
13,2162,21872222,-9,3,428
4,2164,21882246,16,55,8223
13,2163,21882268,-2,2,433
4,2165,21892345,-9,76,8243
13,2164,21892367,8,3,445
4,2166,21902391,-29,91,8231
13,2165,21902413,13,2,380
4,2167,21912481,-9,104,8224
13,2166,21912503,14,1,311
4,2168,21922561,1,105,8232
13,2167,21922583,10,3,392
4,2169,21932624,-9,70,8235
13,2168,21932646,8,3,471
4,2170,21942796,15,45,8227
13,2169,21942818,7,0,396
4,2171,21952744,25,66,8221
13,2170,21952766,9,0,393
4,2172,21962781,37,50,8234
13,2171,21962803,15,3,485
4,2173,21972908,21,64,8237
13,2172,21972930,8,1,472
4,2174,21983023,13,101,8227
13,2173,21983045,7,3,439
4,2175,21992982,5,88,8226
13,2174,21993004,11,3,462
4,2176,22003199,20,93,8249
13,2175,22003221,10,2,473
4,2177,22013203,13,56,8224
13,2176,22013225,6,4,450
4,2178,22023356,24,76,8217
13,2177,22023378,4,4,408
4,2179,22033339,45,89,8220
13,2178,22033361,9,7,475
4,2180,22043414,32,56,8238
13,2179,22043436,11,6,572
4,2181,22053514,16,56,8235
13,2180,22053536,3,3,588
4,2182,22063619,-2,86,8217
13,2181,22063641,8,5,520
4,2183,22073570,4,76,8227
13,2182,22073592,13,4,453
4,2184,22083668,6,83,8225
13,2183,22083690,13,3,456
4,2185,22093734,20,97,8222
13,2184,22093756,10,3,509
4,2186,22103839,29,71,8229
13,2185,22103861,15,5,579
4,2187,22113855,15,84,8229
13,2186,22113877,10,8,613
4,2188,22123898,7,31,8230
13,2187,22123920,9,6,617
4,2189,22134009,20,28,8222
13,2188,22134031,4,1,523
4,2190,22144096,24,58,8228
13,2189,22144118,8,2,510
4,2191,22154148,29,130,8229
13,2190,22154170,7,3,501
4,2192,22164222,19,101,8239
13,2191,22164244,15,3,535
4,2193,22174281,15,92,8234
13,2192,22174303,16,3,538
4,2194,22184429,19,126,8223
13,2193,22184451,9,1,546
4,2195,22194395,10,56,8228
13,2194,22194417,4,5,567
4,2196,22204480,29,76,8224
13,2195,22204502,-3,0,549
4,2197,22214556,32,98,8234
13,2196,22214578,-1,3,614
4,2198,22224599,42,13,8236
13,2197,22224620,-3,6,661
4,2199,22234697,35,77,8219
13,2198,22234718,0,0,572
4,2200,22244826,29,67,8218
13,2199,22244848,8,0,531
4,2201,22254845,15,38,8224
13,2200,22254894,10,0,497
4,2202,22265025,16,18,8222
13,2201,22265047,6,0,445
4,2203,22274940,13,5,8238
13,2202,22274962,3,0,370
4,2204,22285040,23,26,8232
13,2203,22285062,0,0,290
4,2205,22295142,19,101,8221
13,2204,22295164,1,2,270
4,2206,22305203,12,50,8249
13,2205,22305225,11,3,377
4,2207,22315233,24,72,8228
13,2206,22315255,13,0,365
4,2208,22325226,21,68,8221
13,2207,22325248,17,2,414
4,2209,22335364,32,64,8220
13,2208,22335386,14,0,428
4,2210,22345529,15,96,8230
13,2209,22345551,4,3,410
4,2211,22355470,39,48,8228
13,2210,22355492,3,3,477
4,2212,22365569,43,63,8238
13,2211,22365591,-2,3,457
4,2213,22375551,31,86,8223
13,2212,22375573,-4,3,443
4,2214,22385747,40,72,8222
13,2213,22385769,4,2,492
4,2215,22395821,59,101,8241
13,2214,22395843,2,0,541
4,2216,22405850,31,63,8233
13,2215,22405872,-1,4,637
4,2217,22415925,27,77,8230
13,2216,22415947,2,5,649
4,2218,22426050,20,62,8232
13,2217,22426072,5,5,699
4,2219,22436036,28,114,8225
13,2218,22436058,2,4,753
4,2220,22446090,40,41,8233
13,2219,22446112,1,9,838
4,2221,22456174,50,4,8228
13,2220,22456196,5,7,840
4,2222,22466275,28,23,8237
13,2221,22466297,5,4,787
4,2223,22476331,32,18,8220
13,2222,22476353,2,7,708
4,2224,22486365,30,35,8245
13,2223,22486387,10,6,673
4,2225,22496462,32,26,8240
13,2224,22496483,9,5,674
4,2226,22506677,38,47,8233
13,2225,22506699,13,8,626
4,2227,22516608,39,8,8227
13,2226,22516630,5,7,632
4,2228,22526690,30,30,8216
13,2227,22526712,10,7,631
4,2229,22536705,29,48,8223
13,2228,22536727,17,5,636
4,2230,22546856,26,73,8225
13,2229,22546877,16,6,669
4,2231,22556853,53,39,8231
13,2230,22556875,11,8,745
4,2232,22566916,59,27,8236
13,2231,22566938,-2,9,779
4,2233,22576967,44,103,8219
13,2232,22576989,2,7,792
4,2234,22587175,53,70,8226
13,2233,22587197,11,7,897
4,2235,22597161,0,73,8230
13,2234,22597183,17,8,924
4,2236,22607199,-6,92,8237
13,2235,22607221,11,6,813
4,2237,22617314,7,109,8236
13,2236,22617336,1,7,843
4,2238,22627348,5,56,8221
13,2237,22627370,3,5,907
4,2239,22637479,-18,75,8223
13,2238,22637501,6,4,844
4,2240,22647526,34,30,8237
13,2239,22647548,14,7,752
4,2241,22657596,4,89,8221
13,2240,22657618,19,4,702
4,2242,22667706,47,25,8236
13,2241,22667728,22,6,763
4,2243,22677760,53,40,8236
13,2242,22677782,18,8,755
4,2244,22687781,38,38,8218
13,2243,22687803,7,6,733
4,2245,22697797,48,8,8235
13,2244,22697818,-5,4,726
4,2246,22707958,81,-7,8219
13,2245,22707980,-7,10,700
4,2247,22717981,56,5,8230
13,2246,22718003,-1,9,610
4,2248,22728046,50,8,8229
13,2247,22728068,4,7,563
4,2249,22738158,41,63,8218
13,2248,22738180,10,3,527
4,2250,22748305,55,57,8229
13,2249,22748327,18,3,571
4,2251,22758297,47,56,8226
13,2250,22758319,13,3,595
4,2252,22768378,14,111,8207
13,2251,22768400,9,3,638
4,2253,22778403,41,77,8229
13,2252,22778425,11,6,697
4,2254,22788566,39,10,8234
13,2253,22788588,3,6,709
4,2255,22798604,7,63,8232
13,2254,22798626,1,6,705
4,2256,22808592,69,36,8246
13,2255,22808614,9,9,704
4,2257,22818742,52,82,8232
13,2256,22818763,0,8,617
4,2258,22828935,60,37,8214
13,2257,22828957,-5,11,677
4,2259,22838841,52,20,8230
13,2258,22838863,0,9,663
4,2260,22848968,50,31,8234
13,2259,22848990,10,9,672
4,2261,22859087,72,-2,8234
13,2260,22859109,5,6,687
4,2262,22869127,49,35,8217
13,2261,22869149,2,3,658
4,2263,22879201,16,56,8239
13,2262,22879251,6,5,740
4,2264,22889310,42,42,8232
13,2263,22889332,10,8,831
4,2265,22899478,55,55,8234
13,2264,22899500,4,5,718
4,2266,22909558,36,89,8228
13,2265,22909580,5,6,652
4,2267,22919500,56,67,8235
13,2266,22919522,10,7,709
4,2268,22929638,81,-24,8236
13,2267,22929660,2,11,714
4,2269,22939678,53,1,8216
13,2268,22939700,-1,9,622
4,2270,22949771,71,-1,8221
13,2269,22949793,1,7,627
4,2271,22959826,45,24,8246
13,2270,22959848,6,6,623
4,2272,22969909,53,0,8225
13,2271,22969931,10,3,648
4,2273,22980009,52,46,8213
13,2272,22980031,10,3,619
4,2274,22990152,53,32,8239
13,2273,22990201,0,3,626
4,2275,23000067,32,66,8216
13,2274,23000089,1,3,622
4,2276,23010225,39,83,8226
13,2275,23010247,15,2,624
4,2277,23020322,52,70,8235
13,2276,23020344,15,7,641
4,2278,23030372,73,17,8223
13,2277,23030394,13,7,653
4,2279,23040476,60,-1,8229
13,2278,23040498,17,3,575
4,2280,23050465,57,48,8237
13,2279,23050487,20,3,491
4,2281,23060514,56,42,8235
13,2280,23060536,19,5,555
4,2282,23070716,54,28,8230
13,2281,23070738,10,8,582
4,2283,23080632,54,77,8232
13,2282,23080654,0,5,610
4,2284,23090741,63,129,8229
13,2283,23090763,8,6,746
4,2285,23100820,67,38,8224
13,2284,23100842,2,10,866
4,2286,23111010,51,-53,8220
13,2285,23111032,-6,13,898
4,2287,23120960,34,5,8225
13,2286,23120982,4,12,821
4,2288,23131152,50,-2,8242
13,2287,23131174,9,6,755
4,2289,23141107,44,30,8229
13,2288,23141129,7,0,654
4,2290,23151400,69,143,8235
13,2289,23151422,14,5,691
4,2291,23161292,97,-3,8238
13,2290,23161314,1,10,809
4,2292,23171316,69,4,8217
13,2291,23171338,-1,12,763
4,2293,23181453,47,49,8230
13,2292,23181475,-2,5,746
4,2294,23191542,58,-14,8229
13,2293,23191564,2,7,783
4,2295,23201596,52,-48,8230
13,2294,23201617,7,6,718
4,2296,23211687,27,84,8217
13,2295,23211709,9,3,717
4,2297,23221751,45,26,8238
13,2296,23221773,11,8,828
4,2298,23231897,46,-7,8237
13,2297,23231919,5,8,741
4,2299,23241863,65,40,8224
13,2298,23241885,15,4,689
4,2300,23251946,76,32,8238
13,2299,23251968,8,5,727
4,2301,23262093,68,-41,8221
13,2300,23262115,4,11,785
4,2302,23272164,57,-46,8221
13,2301,23272186,-1,11,767
4,2303,23282217,73,16,8238
13,2302,23282239,-6,11,771
4,2304,23292211,55,8,8233
13,2303,23292233,1,12,743
4,2305,23302292,76,46,8236
13,2304,23302314,3,3,635
4,2306,23312444,71,78,8226
13,2305,23312466,20,3,636
4,2307,23322452,60,36,8251
13,2306,23322474,23,6,657
4,2308,23332516,57,-45,8238
13,2307,23332538,2,5,669
4,2309,23342550,52,-6,8212
13,2308,23342572,5,3,618
4,2310,23352698,38,19,8228
13,2309,23352720,15,3,586
4,2311,23362695,61,79,8222
13,2310,23362717,16,5,580
4,2312,23372790,67,-37,8233
13,2311,23372812,19,8,690
4,2313,23382834,46,-41,8222
13,2312,23382884,10,6,596
4,2314,23393044,70,25,8244
13,2313,23393066,4,3,555
4,2315,23403043,72,10,8232
13,2314,23403065,1,8,655
4,2316,23413106,79,-8,8221
13,2315,23413128,-1,8,707
4,2317,23423212,65,0,8233
13,2316,23423234,0,3,705
4,2318,23433255,48,42,8239
13,2317,23433277,7,5,695
4,2319,23443288,40,41,8227
13,2318,23443310,14,3,712
4,2320,23453351,50,81,8234
13,2319,23453373,6,3,756
4,2321,23463422,61,15,8234
13,2320,23463444,4,11,892
4,2322,23473616,45,-78,8218
13,2321,23473638,2,8,832
4,2323,23483599,15,75,8221
13,2322,23483621,5,3,644
4,2324,23493655,85,-13,8239
13,2323,23493677,7,8,815
4,2325,23503751,87,-56,8228
13,2324,23503800,5,9,871
4,2326,23513858,78,-20,8228
13,2325,23513880,16,8,842
4,2327,23523898,82,-46,8214
13,2326,23523920,16,5,748
4,2328,23534032,57,0,8225
13,2327,23534054,22,3,608
4,2329,23544063,58,-4,8224
13,2328,23544085,17,3,531
4,2330,23554149,64,-29,8210
13,2329,23554171,14,4,537
4,2331,23564156,59,21,8226
13,2330,23564178,19,1,491
4,2332,23574260,51,28,8230
13,2331,23574282,16,3,494
4,2333,23584349,57,11,8217
13,2332,23584370,13,5,529
4,2334,23594432,58,42,8221
13,2333,23594454,8,7,526
4,2335,23604478,108,0,8227
13,2334,23604500,9,11,559
4,2336,23614544,101,-21,8232
13,2335,23614566,-4,5,495
4,2337,23624703,50,53,8218
13,2336,23624725,7,2,343
4,2338,23634793,54,77,8225
13,2337,23634815,17,5,348
4,2339,23644797,98,-40,8230
13,2338,23644819,14,5,436
4,2340,23654849,81,-8,8226
13,2339,23654871,6,5,345
4,2341,23664993,57,38,8222
13,2340,23665015,5,6,370
4,2342,23675016,78,-1,8227
13,2341,23675038,7,6,500
4,2343,23685004,69,35,8216
13,2342,23685026,4,6,529
4,2344,23695139,66,0,8226
13,2343,23695161,5,5,587
4,2345,23705211,71,-20,8231
13,2344,23705233,10,6,543
4,2346,23715374,41,40,8222
13,2345,23715396,9,4,533
4,2347,23725341,47,40,8231
13,2346,23725363,4,7,642
4,2348,23735392,66,32,8241
13,2347,23735414,0,5,735
4,2349,23745491,85,4,8233
13,2348,23745513,0,8,784
4,2350,23755619,63,72,8233
13,2349,23755641,6,10,857
4,2351,23765658,110,14,8232
13,2350,23765680,3,16,991
4,2352,23775713,125,-28,8219
13,2351,23775735,-4,14,1051
4,2353,23785789,66,-80,8222
13,2352,23785811,-3,12,1024
4,2354,23795915,47,0,8228
13,2353,23795937,3,5,881
4,2355,23805827,43,39,8227
13,2354,23805849,13,5,815
4,2356,23815945,95,-19,8218
13,2355,23815967,14,7,799
4,2357,23826009,90,-43,8233
13,2356,23826031,-3,11,702
4,2358,23836182,68,18,8225
13,2357,23836204,5,5,580
4,2359,23846149,88,0,8219
13,2358,23846171,21,5,601
4,2360,23856242,70,-18,8235
13,2359,23856264,15,6,571
4,2361,23866373,75,-35,8230
13,2360,23866395,7,6,536
4,2362,23876474,106,40,8227
13,2361,23876496,9,3,555
4,2363,23886460,115,53,8230
13,2362,23886482,14,3,651
4,2364,23896498,100,76,8217
13,2363,23896520,14,4,713
4,2365,23906624,88,-88,8233
13,2364,23906646,14,7,801
4,2366,23916654,97,-2,8224
13,2365,23916676,6,8,756
4,2367,23926684,59,-24,8235
13,2366,23926706,3,9,803
4,2368,23936782,38,-45,8226
13,2367,23936803,6,5,786
4,2369,23946754,76,-6,8244
13,2368,23946776,7,5,762
4,2370,23956972,43,-45,8242
13,2369,23956994,2,10,778
4,2371,23967006,61,29,8224
13,2370,23967028,6,8,724
4,2372,23977019,88,30,8229
13,2371,23977041,6,4,760
4,2373,23987078,60,-65,8224
13,2372,23987100,9,8,793
4,2374,23997186,41,-61,8207
13,2373,23997236,9,8,670
4,2375,24007227,50,29,8246
13,2374,24007249,5,10,666
4,2376,24017299,84,73,8232
13,2375,24017321,9,11,795
4,2377,24027419,77,-90,8227
13,2376,24027441,9,10,903
4,2378,24037571,54,-36,8240
13,2377,24037593,9,7,762
4,2379,24047500,71,-31,8228
13,2378,24047522,15,6,699
4,2380,24057615,76,-11,8225
13,2379,24057637,8,5,662
4,2381,24067661,87,-9,8228
13,2380,24067683,8,8,630
4,2382,24077771,106,-31,8223
13,2381,24077793,2,8,593
4,2383,24087745,99,35,8220
13,2382,24087767,9,3,574
4,2384,24097783,96,-16,8226
13,2383,24097805,9,5,627
4,2385,24107962,87,45,8230
13,2384,24107984,8,10,638
4,2386,24118106,68,-48,8236
13,2385,24118128,7,9,696
4,2387,24128025,41,-111,8232
13,2386,24128047,7,7,621
4,2388,24138099,56,-22,8230
13,2387,24138121,8,5,530
4,2389,24148219,65,-5,8217
13,2388,24148241,2,2,517
4,2390,24158393,94,75,8228
13,2389,24158415,3,6,598
4,2391,24168328,67,-59,8230
13,2390,24168350,11,9,706
4,2392,24178415,50,-46,8234
13,2391,24178437,7,13,677
4,2393,24188498,86,-2,8235
13,2392,24188519,5,7,672
4,2394,24198655,79,-21,8227
13,2393,24198677,5,4,693
4,2395,24208626,66,-81,8231
13,2394,24208648,2,7,702
4,2396,24218701,73,16,8233
13,2395,24218723,3,7,651
4,2397,24228715,94,-13,8237
13,2396,24228737,7,5,706
4,2398,24238868,101,41,8228
13,2397,24238890,7,8,716
4,2399,24248992,87,-82,8240
13,2398,24249014,7,9,743
4,2400,24259032,57,19,8235
13,2399,24259054,7,4,664
4,2401,24269027,79,-52,8226
13,2400,24269049,10,3,734
4,2402,24279263,99,-32,8215
13,2401,24279285,8,4,722
4,2403,24289227,50,-128,8224
13,2402,24289249,3,4,667
4,2404,24299246,58,-70,8222
13,2403,24299268,7,3,544
4,2405,24309337,83,26,8209
13,2404,24309359,14,2,542
4,2406,24319495,87,-82,8220
13,2405,24319517,8,6,609
4,2407,24329563,64,0,8223
13,2406,24329585,1,6,567
4,2408,24339545,102,7,8234
13,2407,24339567,2,6,621
4,2409,24349661,94,-71,8237
13,2408,24349682,4,7,636
4,2410,24359748,91,19,8226
13,2409,24359770,11,4,593
4,2411,24369782,119,47,8233
13,2410,24369804,13,6,677
4,2412,24379900,136,55,8238
13,2411,24379922,10,7,765
4,2413,24389906,84,-71,8236
13,2412,24389928,6,9,813
4,2414,24400127,41,-112,8224
13,2413,24400149,3,7,726
4,2415,24410032,51,-90,8236
13,2414,24410054,9,0,615
4,2416,24420160,73,-27,8232
13,2415,24420182,11,0,512
4,2417,24430274,81,-20,8232
13,2416,24430296,20,2,508
4,2418,24440392,82,-3,8235
13,2417,24440414,23,3,552
4,2419,24450363,110,-5,8222
13,2418,24450385,13,3,564
4,2420,24460413,100,-50,8236
13,2419,24460435,0,5,601
4,2421,24470464,83,-58,8233
13,2420,24470486,-10,9,577
4,2422,24480594,79,-34,8234
13,2421,24480615,1,8,550
4,2423,24490648,87,-27,8230
13,2422,24490670,5,7,586
4,2424,24500714,50,-175,8251
13,2423,24500736,-2,9,536
4,2425,24510838,80,-34,8219
13,2424,24510860,-2,2,396
4,2426,24520993,87,-34,8220
13,2425,24521015,7,3,407
4,2427,24530909,68,-114,8227
13,2426,24530931,6,3,388
4,2428,24541055,88,-14,8232
13,2427,24541077,4,2,308
4,2429,24551074,105,33,8237
13,2428,24551096,6,3,346
4,2430,24561117,117,97,8225
13,2429,24561139,9,3,456
4,2431,24571252,100,48,8242
13,2430,24571274,14,6,631
4,2432,24581268,98,-15,8232
13,2431,24581290,6,7,724
4,2433,24591340,69,-19,8249
13,2432,24591362,0,9,741
4,2434,24601508,86,-6,8234
13,2433,24601530,-9,10,759
4,2435,24611542,82,-3,8229
13,2434,24611564,0,10,802
4,2436,24621585,66,-93,8238
13,2435,24621635,9,9,851
4,2437,24631697,53,-120,8234
13,2436,24631719,-5,13,765
4,2438,24641748,92,12,8215
13,2437,24641770,1,11,724
4,2439,24651771,113,35,8222
13,2438,24651793,10,8,805
4,2440,24661866,119,30,8222
13,2439,24661888,15,10,970
4,2441,24671872,124,-22,8236
13,2440,24671894,1,18,1100
4,2442,24682066,64,-91,8226
13,2441,24682088,0,20,1157
4,2443,24692030,51,-64,8222
13,2442,24692052,8,12,1146
4,2444,24702105,61,-49,8227
13,2443,24702127,8,12,1115
4,2445,24712167,78,-68,8223
13,2444,24712189,9,9,1111
4,2446,24722307,66,-122,8233
13,2445,24722329,7,11,1082
4,2447,24732321,56,-70,8226
13,2446,24732343,5,13,1007
4,2448,24742391,67,-73,8230
13,2447,24742413,6,11,974
4,2449,24752489,80,-49,8228
13,2448,24752511,6,12,952
4,2450,24762634,86,-68,8246
13,2449,24762656,14,12,990
4,2451,24772607,42,-139,8236
13,2450,24772629,20,9,1013
4,2452,24782667,65,-76,8229
13,2451,24782689,27,3,999
4,2453,24792688,43,-64,8248
13,2452,24792710,16,9,969
4,2454,24802815,49,-85,8216
13,2453,24802837,18,5,927
4,2455,24812900,39,-84,8247
13,2454,24812922,8,7,907
4,2456,24822923,64,-77,8233
13,2455,24822945,13,6,869
4,2457,24833000,45,-159,8226
13,2456,24833022,18,7,815
4,2458,24843100,54,-144,8216
13,2457,24843122,15,4,682
4,2459,24853110,44,-160,8220
13,2458,24853132,8,2,551
4,2460,24863150,70,-31,8216
13,2459,24863172,4,4,455
4,2461,24873234,72,-2,8226
13,2460,24873256,10,6,578
4,2462,24883347,83,-83,8258
13,2461,24883369,9,5,706
4,2463,24893337,101,-43,8234
13,2462,24893359,-1,12,721
4,2464,24903461,80,-108,8224
13,2463,24903483,3,13,750
4,2465,24913518,40,-173,8237
13,2464,24913540,3,10,631
4,2466,24923660,67,-22,8233
13,2465,24923682,4,3,484
4,2467,24933631,69,-26,8231
13,2466,24933653,8,0,572
4,2468,24943630,76,-48,8229
13,2467,24943652,8,6,662
4,2469,24953780,87,-37,8231
13,2468,24953802,4,10,690
4,2470,24963918,94,-20,8232
13,2469,24963940,-1,9,694
4,2471,24973901,97,-41,8228
13,2470,24973923,3,10,767
4,2472,24983997,71,-106,8229
13,2471,24984018,2,9,801
4,2473,24994068,76,-97,8230
13,2472,24994090,5,7,729
4,2474,25004255,76,-93,8211
13,2473,25004277,11,6,683
4,2475,25014191,48,-163,8242
13,2474,25014213,7,8,604
4,2476,25024284,77,-66,8238
13,2475,25024306,-4,9,467
4,2477,25034336,84,-15,8219
13,2476,25034358,-3,8,491
4,2478,25044414,63,-72,8230
13,2477,25044436,3,7,588
4,2479,25054451,50,-132,8230
13,2478,25054473,11,6,608
4,2480,25064498,59,-91,8223
13,2479,25064520,7,0,534
4,2481,25074664,54,-101,8240
13,2480,25074686,9,0,498
4,2482,25084740,51,-71,8240
13,2481,25084762,0,4,493
4,2483,25094731,69,-15,8233
13,2482,25094753,4,2,575
4,2484,25104759,82,-94,8238
13,2483,25104781,9,7,684
4,2485,25114840,60,-150,8240
13,2484,25114862,23,7,715
4,2486,25125001,56,-167,8246
13,2485,25125023,17,6,667
4,2487,25135002,51,-155,8226
13,2486,25135024,9,-1,506
4,2488,25145050,67,-103,8238
13,2487,25145072,21,-10,392
4,2489,25155178,70,-92,8225
13,2488,25155200,11,-5,311
4,2490,25165312,61,-27,8212
13,2489,25165334,6,0,294
4,2491,25175300,82,-62,8233
13,2490,25175322,13,0,449
4,2492,25185371,90,-79,8230
13,2491,25185393,4,5,476
4,2493,25195406,71,-17,8215
13,2492,25195428,7,4,590
4,2494,25205528,76,-47,8241
13,2493,25205549,2,7,768
4,2495,25215601,94,-7,8228
13,2494,25215623,-7,13,758
4,2496,25225636,76,-89,8225
13,2495,25225658,-4,11,856
4,2497,25235667,84,-131,8226
13,2496,25235689,4,4,831
4,2498,25245979,76,-63,8232
13,2497,25246001,1,5,673
4,2499,25255877,55,-1,8230
13,2498,25255899,16,1,767
4,2500,25265922,93,-24,8218
13,2499,25265944,13,4,963
4,2501,25276037,98,-68,8225
13,2500,25276059,8,14,1061
4,2502,25286154,85,-139,8250
13,2501,25286176,6,18,1067
4,2503,25296160,78,-121,8228
13,2502,25296182,4,14,883
4,2504,25306255,49,-116,8233
13,2503,25306276,13,5,774
4,2505,25316332,61,-111,8220
13,2504,25316353,21,5,836
4,2506,25326514,74,-111,8242
13,2505,25326536,15,9,870
4,2507,25336482,36,-187,8231
13,2506,25336504,16,8,896
4,2508,25346484,35,-88,8231
13,2507,25346506,32,4,966
4,2509,25356634,86,-38,8238
13,2508,25356656,25,5,1163
4,2510,25366741,62,-107,8220
13,2509,25366763,19,13,1323
4,2511,25376746,58,-125,8225
13,2510,25376768,33,5,1236
4,2512,25386879,54,-130,8231
13,2511,25386901,32,-4,994
4,2513,25396952,69,-128,8230
13,2512,25396974,25,-5,772
4,2514,25407075,58,-58,8211
13,2513,25407097,19,0,690
4,2515,25417095,89,-87,8231
13,2514,25417117,9,4,770
4,2516,25427219,83,-132,8232
13,2515,25427240,3,9,768
4,2517,25437161,79,-148,8231
13,2516,25437182,8,11,679
4,2518,25447346,77,-71,8228
13,2517,25447368,0,8,596
4,2519,25457386,78,-129,8234
13,2518,25457408,-2,13,619
4,2520,25467505,44,-97,8222
13,2519,25467527,5,9,579
4,2521,25477532,55,-73,8232
13,2520,25477554,19,0,729
4,2522,25487658,75,-119,8239
13,2521,25487680,23,7,1020
4,2523,25497778,88,-161,8227
13,2522,25497800,4,13,1074
4,2524,25507776,71,-132,8239
13,2523,25507798,10,7,822
4,2525,25517849,87,-132,8225
13,2524,25517871,14,-1,590
4,2526,25527962,98,-122,8224
13,2525,25527984,-2,2,241
4,2527,25538013,75,-19,8233
13,2526,25538035,-19,14,151
4,2528,25548111,74,-87,8219
13,2527,25548133,-13,20,411
4,2529,25558127,68,-179,8219
13,2528,25558149,0,10,497
4,2530,25568264,71,-120,8242
13,2529,25568286,2,5,344
4,2531,25578266,64,-94,8228
13,2530,25578288,3,0,270
4,2532,25588388,61,-68,8218
13,2531,25588410,-2,-4,234
4,2533,25598393,53,-41,8228
13,2532,25598415,0,-1,387
4,2534,25608571,39,-100,8234
13,2533,25608593,10,3,678
4,2535,25618538,50,-76,8230
13,2534,25618560,19,3,920
4,2536,25628565,78,-68,8223
13,2535,25628587,15,8,1092
4,2537,25638746,98,-66,8229
13,2536,25638768,5,9,941
4,2538,25648834,68,-73,8238
13,2537,25648856,1,11,825
4,2539,25658883,49,-44,8241
13,2538,25658905,0,11,863
4,2540,25668936,74,-154,8227
13,2539,25668958,1,9,966
4,2541,25679069,103,-253,8229
13,2540,25679091,1,4,722
4,2542,25689115,77,-154,8231
13,2541,25689137,-6,4,367
4,2543,25699187,61,-154,8227
13,2542,25699209,1,0,259
4,2544,25709172,52,-91,8211
13,2543,25709194,10,-6,211
4,2545,25719351,33,-31,8231
13,2544,25719373,15,-5,319
4,2546,25729491,41,-19,8232
13,2545,25729513,11,1,562
4,2547,25739410,68,-98,8238
13,2546,25739432,8,14,834
4,2548,25749557,68,-164,8242
13,2547,25749579,16,12,956
4,2549,25759647,78,-210,8235
13,2548,25759669,10,3,772
4,2550,25769766,51,-78,8234
13,2549,25769788,8,1,530
4,2551,25779886,48,-107,8224
13,2550,25779908,9,4,645
4,2552,25789872,124,-282,8233
13,2551,25789894,7,4,591
4,2553,25799980,95,-183,8242
13,2552,25800002,7,-5,132
4,2554,25810098,63,-83,8231
13,2553,25810120,5,-6,-27
4,2555,25820076,45,-44,8225
13,2554,25820098,4,-3,53
4,2556,25830225,56,-47,8233
13,2555,25830247,2,5,312
4,2557,25840229,90,-123,8235
13,2556,25840251,4,7,476
4,2558,25850414,60,-67,8226
13,2557,25850436,-1,8,450
4,2559,25860330,68,-92,8229
13,2558,25860352,-4,12,636
4,2560,25870466,49,-132,8228
13,2559,25870488,5,11,895
4,2561,25880561,46,-129,8224
13,2560,25880583,6,0,831
4,2562,25890776,49,-117,8230
13,2561,25890798,8,0,711
4,2563,25900749,75,-160,8225
13,2562,25900771,11,-3,596
4,2564,25910746,98,-154,8242
13,2563,25910768,5,-3,395
4,2565,25920873,99,-156,8222
13,2564,25920895,-2,1,234
4,2566,25930915,50,-109,8229
13,2565,25930937,-2,2,185
4,2567,25941001,77,-176,8228
13,2566,25941023,3,0,233
4,2568,25951035,82,-144,8238
13,2567,25951057,7,-5,79
4,2569,25961183,73,-106,8245
13,2568,25961205,2,-2,0
4,2570,25971339,60,-91,8232
13,2569,25971361,-4,8,14
4,2571,25981319,38,-26,8237
13,2570,25981341,-9,16,245
4,2572,25991447,83,-128,8225
13,2571,25991497,-1,9,630
4,2573,26001452,71,-16,8225
13,2572,26001474,-8,1,504
4,2574,26011621,75,-3,8231
13,2573,26011643,-3,14,817
4,2575,26021652,104,-231,8237
13,2574,26021674,10,13,1075
4,2576,26031768,48,-179,8236
13,2575,26031790,8,10,781
4,2577,26041804,53,-157,8221
13,2576,26041826,8,5,588
4,2578,26051991,66,-128,8240
13,2577,26052013,5,3,491
4,2579,26061957,65,-124,8232
13,2578,26061979,7,3,532
4,2580,26072032,61,-192,8227
13,2579,26072054,9,2,516
4,2581,26082127,66,-190,8239
13,2580,26082149,14,-1,325
4,2582,26092223,69,-140,8227
13,2581,26092245,17,0,225
4,2583,26102335,63,-126,8227
13,2582,26102357,13,1,229
4,2584,26112326,67,-98,8233
13,2583,26112347,4,1,234
4,2585,26122387,74,-104,8235
13,2584,26122409,-4,4,353
4,2586,26132642,60,-124,8235
13,2585,26132664,-6,8,505
4,2587,26142595,53,-144,8228
13,2586,26142617,0,2,442
4,2588,26152726,51,-160,8234
13,2587,26152748,9,-6,273
4,2589,26162734,73,-162,8225
13,2588,26162756,7,-8,116
4,2590,26172830,61,-132,8228
13,2589,26172852,4,-6,10
4,2591,26182879,60,-127,8229
13,2590,26182901,3,-5,-3
4,2592,26192994,63,-132,8233
13,2591,26193016,-2,-3,2
4,2593,26203027,65,-126,8228
13,2592,26203049,0,-1,1
4,2594,26213211,72,-119,8232
13,2593,26213233,0,3,4
4,2595,26223189,88,-10,8231
13,2594,26223211,-8,15,143
4,2596,26233308,70,-207,8226
13,2595,26233330,-6,20,526
4,2597,26243341,50,-129,8232
13,2596,26243363,1,4,277
4,2598,26253396,78,-54,8227
13,2597,26253418,-6,3,318
4,2599,26263532,67,-134,8212
13,2598,26263554,-2,9,593
4,2600,26273607,21,-212,8215
13,2599,26273629,5,1,526
4,2601,26283677,74,-155,8239
13,2600,26283699,4,-12,80
4,2602,26293818,62,-121,8237
13,2601,26293840,-1,0,-47
4,2603,26303802,57,-134,8228
13,2602,26303824,0,-1,1
4,2604,26313873,72,-136,8237
13,2603,26313895,-5,2,1
4,2605,26323936,66,-132,8224
13,2604,26323958,-4,-1,-2
4,2606,26334075,49,-150,8225
13,2605,26334097,-2,0,-2
4,2607,26344103,62,-140,8232
13,2606,26344125,2,-5,-1
4,2608,26354175,60,-136,8238
13,2607,26354197,3,-2,-3
4,2609,26364269,57,-142,8225
13,2608,26364291,6,3,-4
4,2610,26374363,81,-136,8227
13,2609,26374412,5,3,-1
4,2611,26384455,71,-153,8235
13,2610,26384477,3,7,0
4,2612,26394512,53,-143,8228
13,2611,26394534,5,3,-2
4,2613,26404633,51,-115,8233
13,2612,26404655,4,-2,-1
4,2614,26414670,65,-126,8238
13,2613,26414692,0,-1,1
4,2615,26424725,59,-127,8227
13,2614,26424747,-6,-5,-2
4,2616,26434877,83,-119,8233
13,2615,26434899,-8,-3,0
4,2617,26444887,59,-134,8231
13,2616,26444909,-10,1,1
4,2618,26455049,75,-129,8236
13,2617,26455071,-5,1,0
4,2619,26465045,90,-118,8223
13,2618,26465067,0,1,4
4,2620,26475165,169,167,8221
13,2619,26475186,1,3,222
4,2621,26485219,-46,-409,8253
13,2620,26485241,17,2,513
4,2622,26495310,77,-68,8225
13,2621,26495360,0,1,150
4,2623,26505426,63,-179,8218
13,2622,26505448,6,-5,215
4,2624,26515399,36,-181,8246
13,2623,26515421,6,0,146
4,2625,26525559,51,-169,8227
13,2624,26525581,6,-11,61
4,2626,26535754,65,-126,8231
13,2625,26535776,3,-7,-6
4,2627,26545664,51,-138,8222
13,2626,26545686,1,1,0
4,2628,26555787,71,-134,8219
13,2627,26555809,6,-1,0
4,2629,26565833,49,-121,8250
13,2628,26565855,8,-7,0
4,2630,26575963,66,-133,8226
13,2629,26575985,-5,-7,0
4,2631,26586004,63,-141,8213
13,2630,26586026,-8,-2,3
4,2632,26596091,80,-55,8231
13,2631,26596113,-5,0,6
4,2633,26606231,91,128,8221
13,2632,26606253,1,3,248
4,2634,26616375,40,-456,8238
13,2633,26616397,10,3,431
4,2635,26626420,86,-142,8233
13,2634,26626442,-3,2,43
4,2636,26636423,113,108,8229
13,2635,26636445,-3,8,81
4,2637,26646567,46,-273,8218
13,2636,26646589,3,22,327
4,2638,26656630,16,-261,8223
13,2637,26656652,4,22,117
4,2639,26666621,76,-102,8226
13,2638,26666643,4,15,-28
4,2640,26676786,68,-142,8226
13,2639,26676808,4,11,2
4,2641,26686801,52,-139,8224
13,2640,26686823,8,11,3
4,2642,26697001,59,-138,8224
13,2641,26697023,8,8,-1
4,2643,26706937,58,-125,8233
13,2642,26706959,3,6,-2
4,2644,26717077,60,-119,8235
13,2643,26717099,0,8,-1
4,2645,26727212,55,-131,8207
13,2644,26727234,-6,3,-2
4,2646,26737223,66,-138,8238
13,2645,26737245,-4,3,-1
4,2647,26747301,57,-120,8229
13,2646,26747323,-2,7,0
4,2648,26757422,55,-133,8226
13,2647,26757444,0,4,0
4,2649,26767534,49,-132,8247
13,2648,26767556,1,9,-2
4,2650,26777662,59,-132,8223
13,2649,26777684,-2,8,0
4,2651,26787657,54,-144,8226
13,2650,26787679,-6,8,0
4,2652,26797686,46,-138,8231
13,2651,26797708,-1,4,1
4,2653,26807787,62,-132,8235
13,2652,26807809,4,3,-1
4,2654,26817945,64,-138,8236
13,2653,26817967,0,3,-1
4,2655,26827946,52,-123,8226
13,2654,26827968,-1,2,-2
4,2656,26837991,66,-123,8244
13,2655,26838013,-5,3,-3
4,2657,26848107,112,-98,8235
13,2656,26848129,-10,1,2
4,2658,26858300,1403,40,8170
13,2657,26858322,19,-33,122
4,2659,26868209,-774,-339,8274
13,2658,26868231,26,-14,160
4,2660,26878383,-284,-75,8226
13,2659,26878405,-14,16,87
4,2661,26888501,347,-133,8205
13,2660,26888523,-4,6,0
4,2662,26898628,277,-217,8238
13,2661,26898650,1,-11,-45
4,2663,26908640,-15,-299,8231
13,2662,26908662,8,-7,-130
4,2664,26918661,-577,1,8244
13,2663,26918683,1,-3,-277
4,2665,26928715,-10,-97,8218
13,2664,26928737,-19,2,-51
4,2666,26938934,113,-153,8239
13,2665,26938956,-5,0,24
4,2667,26948935,52,-122,8241
13,2666,26948957,-8,-5,-2
4,2668,26958949,61,-132,8232
13,2667,26958971,-11,-5,-1
4,2669,26969148,59,-129,8231
13,2668,26969170,-13,0,0
4,2670,26979144,53,-132,8220
13,2669,26979166,-9,-4,0
4,2671,26989244,54,-148,8229
13,2670,26989266,1,-5,-2
4,2672,26999408,57,-143,8235
13,2671,26999430,9,0,-2
4,2673,27009451,59,-136,8241
13,2672,27009473,10,0,-3
4,2674,27019615,56,-127,8233
13,2673,27019637,14,3,-6
4,2675,27029609,92,-248,8218
13,2674,27029631,0,2,-23
4,2676,27039634,117,-231,8244
13,2675,27039656,2,3,-374
4,2677,27049760,-48,59,8226
13,2676,27049782,-6,11,-436
4,2678,27059883,42,-131,8218
13,2677,27059905,-15,1,-58
4,2679,27069922,104,-233,8243
13,2678,27069944,-4,-7,-101
4,2680,27080018,53,-93,8234
13,2679,27080040,-6,-9,-307
4,2681,27090107,51,-131,8201
13,2680,27090129,-8,-3,-238
4,2682,27100215,57,-171,8258
13,2681,27100237,-1,-1,-261
4,2683,27110263,76,-149,8229
13,2682,27110285,-1,1,-320
4,2684,27120344,78,-159,8209
13,2683,27120366,5,4,-347
4,2685,27130373,66,-63,8227
13,2684,27130395,3,2,-353
4,2686,27140638,60,-119,8235
13,2685,27140660,-6,0,-238
4,2687,27150608,59,-123,8226
13,2686,27150630,-7,-4,-212
4,2688,27160724,51,-121,8221
13,2687,27160746,-6,-5,-208
4,2689,27170764,58,-120,8231
13,2688,27170786,-5,2,-207
4,2690,27180994,60,-129,8226
13,2689,27181016,-9,3,-206
4,2691,27190979,74,-134,8221
13,2690,27191001,-7,7,-190
4,2692,27201032,62,-113,8236
13,2691,27201053,-6,12,-163
4,2693,27211073,57,-103,8237
13,2692,27211095,-9,12,-74
4,2694,27221175,71,-132,8238
13,2693,27221196,-10,5,-7
4,2695,27231244,39,-152,8218
13,2694,27231266,-4,2,0
4,2696,27241232,50,-134,8233
13,2695,27241254,-5,-2,-3
4,2697,27251447,63,-128,8240
13,2696,27251469,-7,-1,-3
4,2698,27261565,77,-147,8210
13,2697,27261587,-6,0,1
4,2699,27271552,68,-127,8244
13,2698,27271574,5,-1,0
4,2700,27281661,57,-133,8232
13,2699,27281683,5,-2,0
4,2701,27291717,77,-136,8210
13,2700,27291739,2,-3,-1
4,2702,27301815,57,-124,8248
13,2701,27301837,1,3,0
4,2703,27311850,67,-119,8228
13,2702,27311872,-1,3,0
4,2704,27321945,65,-120,8223
13,2703,27321967,-7,1,-1
4,2705,27332000,53,-114,8237
13,2704,27332022,-18,3,1
4,2706,27342171,67,-142,8222
13,2705,27342193,-17,3,0
4,2707,27352183,45,-143,8228
13,2706,27352204,-10,3,1
4,2708,27362191,57,-143,8226
13,2707,27362213,-7,4,0
4,2709,27372352,53,-134,8228
13,2708,27372373,1,-1,-1
4,2710,27382548,65,-130,8222
13,2709,27382570,6,2,-4
4,2711,27392552,67,-127,8234
13,2710,27392574,4,10,-5
4,2712,27402601,59,-141,8231
13,2711,27402623,-2,15,-4
4,2713,27412645,43,-129,8222
13,2712,27412667,-10,26,-3
4,2714,27422845,49,-116,8214
13,2713,27422867,-14,21,-1
4,2715,27432822,32,-152,8234
13,2714,27432844,-13,15,-1
4,2716,27442916,63,-153,8242
13,2715,27442938,-11,15,-1
4,2717,27452977,47,-136,8223
13,2716,27452999,-12,22,0
4,2718,27463044,34,-153,8225
13,2717,27463066,-9,20,0
4,2719,27473132,49,-144,8232
13,2718,27473154,-3,11,-2
4,2720,27483225,52,-138,8238
13,2719,27483247,2,17,-1
4,2721,27493282,49,-152,8227
13,2720,27493304,5,22,-3
4,2722,27503501,85,-135,8220
13,2721,27503523,4,26,-5
4,2723,27513446,81,-130,8228
13,2722,27513468,4,22,-2
4,2724,27523566,13,-137,8226
13,2723,27523588,1,23,0
4,2725,27533725,107,-128,8230
13,2724,27533747,3,3,-1
4,2726,27543735,6,-152,8218
13,2725,27543757,-10,31,1
4,2727,27553784,49,-136,8216
13,2726,27553806,1,-5,0
4,2728,27563857,71,-137,8226
13,2727,27563878,-8,25,0
4,2729,27573973,15,-130,8244
13,2728,27573995,-6,11,5
4,2730,27584127,57,-138,8216
13,2729,27584149,3,-15,0
4,2731,27594095,36,-147,8215
13,2730,27594117,5,-4,-4
4,2732,27604199,58,-145,8222
13,2731,27604221,9,-5,-3
4,2733,27614239,46,-136,8223
13,2732,27614260,6,-2,0
4,2734,27624423,88,-142,8215
13,2733,27624445,1,2,0
4,2735,27634454,4,-148,8229
13,2734,27634476,-4,32,0
4,2736,27644585,16,-150,8223
13,2735,27644607,7,-2,0
4,2737,27654614,46,-155,8224
13,2736,27654636,11,-17,-2
4,2738,27664740,52,-137,8238
13,2737,27664762,6,-12,0
4,2739,27674696,32,-143,8238
13,2738,27674718,1,-5,-1
4,2740,27684809,46,-132,8228
13,2739,27684831,0,-1,-1
4,2741,27694889,59,-146,8223
13,2740,27694911,1,0,-2
4,2742,27704987,50,-133,8238
13,2741,27705009,2,2,0
4,2743,27714963,67,-113,8230
13,2742,27714985,0,12,0
4,2744,27725117,-18,-172,8223
13,2743,27725139,-11,42,0
4,2745,27735193,37,-145,8214
13,2744,27735215,4,-7,-1
4,2746,27745402,55,-127,8227
13,2745,27745424,7,-16,0
4,2747,27755354,51,-120,8226
13,2746,27755376,2,-1,0
4,2748,27765394,53,-131,8229
13,2747,27765416,0,8,-1
4,2749,27775509,54,-128,8220
13,2748,27775531,0,4,-1
4,2750,27785606,47,-133,8224
13,2749,27785628,1,4,0
4,2751,27795631,48,-136,8235
13,2750,27795653,0,3,-2
4,2752,27805661,42,-139,8220
13,2751,27805683,0,2,-2
4,2753,27815847,36,-138,8217
13,2752,27815869,1,-4,-1
4,2754,27825948,60,-146,8215
13,2753,27825970,1,-4,2
4,2755,27835892,42,-142,8231
13,2754,27835914,1,1,1
4,2756,27846009,49,-141,8233
13,2755,27846031,2,3,-2
4,2757,27856088,47,-139,8243
13,2756,27856110,2,5,-4
4,2758,27866183,103,-106,8213
13,2757,27866205,3,7,0
4,2759,27876281,-1,-144,8236
13,2758,27876303,-14,44,13
4,2760,27886356,9,-153,8235
13,2759,27886378,-4,5,17
4,2761,27896422,40,-137,8217
13,2760,27896444,3,-7,6
4,2762,27906571,31,-134,8228
13,2761,27906593,1,-7,5
4,2763,27916516,38,-131,8235
13,2762,27916538,3,-12,7
4,2764,27926623,32,-140,8228
13,2763,27926645,2,-6,12
4,2765,27936688,23,-145,8225
13,2764,27936710,3,-1,7
4,2766,27946744,39,-139,8222
13,2765,27946765,1,-2,6
4,2767,27956861,36,-139,8222
13,2766,27956883,5,-6,7
4,2768,27966897,38,-122,8226
13,2767,27966919,5,-7,6
4,2769,27976952,48,-129,8228
13,2768,27976974,6,-9,2
4,2770,27987145,50,-128,8224
13,2769,27987194,4,-8,1
4,2771,27997220,46,-135,8218
13,2770,27997242,0,-5,2
4,2772,28007139,60,-137,8222
13,2771,28007161,-2,-3,0
4,2773,28017305,57,-143,8233
13,2772,28017327,-2,3,0
4,2774,28027431,54,-142,8233
13,2773,28027453,-2,6,2
4,2775,28037478,46,-137,8219
13,2774,28037500,-1,3,1
4,2776,28047521,52,-139,8222
13,2775,28047543,0,1,1
4,2777,28057547,32,-143,8231
13,2776,28057569,-3,0,5
4,2778,28067817,39,-144,8224
13,2777,28067839,-1,-3,15
4,2779,28077724,31,-148,8227
13,2778,28077746,0,3,13
4,2780,28087799,31,-158,8234
13,2779,28087821,1,3,7
4,2781,28097874,34,-146,8223
13,2780,28097896,6,0,4
4,2782,28107981,46,-143,8223
13,2781,28108003,4,0,3
4,2783,28118128,34,-134,8225
13,2782,28118150,4,0,3
4,2784,28128140,42,-143,8227
13,2783,28128162,2,2,4
4,2785,28138161,38,-129,8234
13,2784,28138183,0,2,6
4,2786,28148386,40,-136,8221
13,2785,28148408,-1,3,5
4,2787,28158419,34,-137,8232
13,2786,28158441,0,0,7
4,2788,28168423,39,-133,8235
13,2787,28168445,-1,-2,15
4,2789,28178522,40,-125,8221
13,2788,28178544,0,-8,15
4,2790,28188585,52,-142,8219
13,2789,28188607,1,-2,9
4,2791,28198552,50,-143,8230
13,2790,28198574,1,1,7
4,2792,28208684,46,-139,8231
13,2791,28208706,0,0,7
4,2793,28218717,48,-139,8222
13,2792,28218739,4,0,3
4,2794,28228923,45,-136,8235
13,2793,28228945,5,-1,2
4,2795,28238911,50,-126,8220
13,2794,28238933,2,-2,3
4,2796,28249056,47,-142,8219
13,2795,28249078,0,0,4
4,2797,28259076,47,-149,8231
13,2796,28259098,2,-3,0
4,2798,28269240,46,-136,8223
13,2797,28269262,1,-6,3
4,2799,28279160,44,-145,8227
13,2798,28279182,2,-8,1
4,2800,28289346,31,-139,8229
13,2799,28289368,2,-2,1
4,2801,28299343,42,-134,8229
13,2800,28299365,3,-1,0
4,2802,28309470,46,-143,8224
13,2801,28309492,2,0,0
4,2803,28319487,43,-137,8236
13,2802,28319509,-1,-3,-1
4,2804,28329556,39,-138,8238
13,2803,28329578,-1,-1,0
4,2805,28339620,44,-134,8231
13,2804,28339642,-1,-2,1
4,2806,28349773,39,-137,8227
13,2805,28349795,0,-1,1
4,2807,28359756,44,-128,8232
13,2806,28359778,2,-4,0
4,2808,28369817,39,-134,8233
13,2807,28369839,1,-6,0
4,2809,28379951,45,-130,8234
13,2808,28379973,0,-4,0
4,2810,28390085,54,-123,8230
13,2809,28390107,5,-2,0
4,2811,28400114,55,-128,8241
13,2810,28400136,3,0,-1
4,2812,28410131,49,-144,8232
13,2811,28410153,2,3,-2
4,2813,28420239,31,-134,8215
13,2812,28420260,2,2,-2
4,2814,28430260,40,-127,8231
13,2813,28430282,1,-2,-3
4,2815,28440341,55,-133,8221
13,2814,28440362,2,-3,-1
4,2816,28450415,51,-132,8222
13,2815,28450437,1,-1,-1
4,2817,28460492,36,-147,8221
13,2816,28460514,0,-3,-2
4,2818,28470677,43,-141,8224
13,2817,28470698,0,-3,2
4,2819,28480570,59,-128,8229
13,2818,28480592,0,1,1
4,2820,28490706,53,-141,8224
13,2819,28490728,1,0,1
4,2821,28500743,46,-154,8232
13,2820,28500765,0,1,0
4,2822,28510929,42,-139,8214
13,2821,28510951,-3,0,0
4,2823,28520920,36,-142,8222
13,2822,28520942,-1,-2,-2
4,2824,28531040,46,-142,8223
13,2823,28531062,0,-1,0
4,2825,28541143,42,-144,8237
13,2824,28541165,-3,-4,0
4,2826,28551289,38,-141,8231
13,2825,28551311,-1,-1,0
4,2827,28561319,37,-133,8223
13,2826,28561341,1,0,0
4,2828,28571337,56,-143,8229
13,2827,28571359,1,1,-1
4,2829,28581411,34,-126,8232
13,2828,28581433,2,0,-1
4,2830,28591541,46,-133,8223
13,2829,28591563,0,1,-2
4,2831,28601585,47,-136,8223
13,2830,28601607,-3,1,0
4,2832,28611660,53,-137,8227
13,2831,28611682,-2,2,0
4,2833,28621708,45,-139,8226
13,2832,28621730,1,-2,0
4,2834,28631925,41,-132,8229
13,2833,28631947,2,-4,0
4,2835,28641919,45,-137,8231
13,2834,28641941,2,-3,0
4,2836,28651963,48,-135,8222
13,2835,28651985,0,-4,0
4,2837,28662055,58,-134,8219
13,2836,28662077,0,2,-1
4,2838,28672212,51,-130,8210
13,2837,28672233,0,0,-1
4,2839,28682207,54,-142,8217
13,2838,28682229,1,1,0
4,2840,28692215,51,-127,8231
13,2839,28692237,-1,1,-2
4,2841,28702367,58,-146,8232
13,2840,28702389,0,-1,0
4,2842,28712520,49,-152,8252
13,2841,28712542,1,2,0
4,2843,28722551,48,-145,8240
13,2842,28722573,3,0,0
4,2844,28732591,44,-125,8233
13,2843,28732613,4,-5,0
4,2845,28742650,50,-131,8222
13,2844,28742672,6,-2,1
4,2846,28752804,49,-137,8226
13,2845,28752826,6,0,0
4,2847,28762908,49,-130,8223
13,2846,28762930,2,1,-1
4,2848,28772915,50,-126,8218
13,2847,28772937,3,0,1
4,2849,28783016,43,-129,8230
13,2848,28783038,0,0,0
4,2850,28793154,38,-136,8224
13,2849,28793176,-1,0,1
4,2851,28803209,47,-132,8235
13,2850,28803231,1,-7,5
4,2852,28813237,41,-123,8239
13,2851,28813259,5,-5,9
4,2853,28823248,36,-125,8234
13,2852,28823270,3,-6,16
4,2854,28833421,58,-142,8237
13,2853,28833443,1,-6,24
4,2855,28843444,59,-132,8233
13,2854,28843466,3,-4,27
4,2856,28853549,35,-137,8234
13,2855,28853571,1,-3,22
4,2857,28863623,42,-128,8224
13,2856,28863645,0,-1,13
4,2858,28873808,65,-125,8229
13,2857,28873830,1,2,7
4,2859,28883797,55,-132,8237
13,2858,28883819,-2,4,13
4,2860,28893865,53,-125,8225
13,2859,28893887,-3,2,30
4,2861,28903955,34,-139,8242
13,2860,28903977,-5,2,52
4,2862,28914036,35,-135,8241
13,2861,28914058,-1,1,41
4,2863,28924098,55,-138,8208
13,2862,28924120,3,0,11
4,2864,28934159,49,-139,8232
13,2863,28934181,5,1,9
4,2865,28944203,57,-131,8227
13,2864,28944225,1,0,9
4,2866,28954405,51,-139,8220
13,2865,28954427,0,-1,5
4,2867,28964416,36,-138,8238
13,2866,28964438,1,2,3
4,2868,28974556,44,-128,8214
13,2867,28974578,0,1,0
4,2869,28984557,40,-134,8218
13,2868,28984579,-1,0,-3
4,2870,28994720,50,-132,8227
13,2869,28994742,0,0,0
4,2871,29004797,51,-138,8237
13,2870,29004819,1,1,-1
4,2872,29014860,46,-137,8241
13,2871,29014882,0,0,0
4,2873,29024924,51,-130,8226
13,2872,29024946,1,-2,0
4,2874,29035080,54,-139,8229
13,2873,29035102,1,1,0
4,2875,29045117,46,-137,8227
13,2874,29045139,1,0,-2
4,2876,29055127,38,-141,8226
13,2875,29055149,4,-4,-3
4,2877,29065238,34,-140,8216
13,2876,29065260,2,-2,1
4,2878,29075377,37,-134,8223
13,2877,29075399,-1,0,-1
4,2879,29085342,46,-139,8220
13,2878,29085364,1,0,-1
4,2880,29095460,44,-140,8240
13,2879,29095481,0,1,0
4,2881,29105590,48,-139,8233
13,2880,29105612,0,0,-1
4,2882,29115754,46,-147,8227
13,2881,29115776,-1,3,0
4,2883,29125716,50,-140,8226
13,2882,29125738,-1,0,0
4,2884,29135801,49,-132,8227
13,2883,29135823,0,0,-1
4,2885,29145861,51,-132,8231
13,2884,29145883,1,-4,-2
4,2886,29155991,49,-135,8238
13,2885,29156013,0,-1,0
4,2887,29166013,51,-132,8223
13,2886,29166035,1,-2,0
4,2888,29176118,42,-138,8223
13,2887,29176140,0,-1,0
4,2889,29186198,43,-132,8224
13,2888,29186220,2,0,1
4,2890,29196398,40,-128,8239
13,2889,29196420,1,0,0
4,2891,29206323,39,-141,8226
13,2890,29206345,1,0,-1
4,2892,29216442,48,-135,8221
13,2891,29216464,0,3,-4
4,2893,29226494,43,-141,8233
13,2892,29226516,0,4,0
4,2894,29236544,46,-140,8225
13,2893,29236566,0,2,0
4,2895,29246736,54,-132,8218
13,2894,29246758,0,1,0
4,2896,29256769,46,-131,8217
13,2895,29256791,0,2,0
4,2897,29266834,40,-136,8232
13,2896,29266856,1,1,0
4,2898,29276979,46,-132,8229
13,2897,29277001,-1,1,0
4,2899,29287030,37,-136,8225
13,2898,29287052,-3,0,1
4,2900,29297111,50,-143,8211
13,2899,29297133,0,0,2
4,2901,29307123,55,-144,8223
13,2900,29307145,-1,-1,1
4,2902,29317281,57,-133,8226
13,2901,29317303,0,-4,0
4,2903,29327346,57,-120,8226
13,2902,29327368,1,-4,1
4,2904,29337421,56,-134,8211
13,2903,29337443,2,-4,0
4,2905,29347524,57,-132,8226
13,2904,29347546,0,0,0
4,2906,29357680,49,-140,8235
13,2905,29357702,0,1,-1
4,2907,29367613,50,-143,8229
13,2906,29367635,0,0,0
4,2908,29377802,42,-125,8225
13,2907,29377824,-2,0,0
4,2909,29387911,40,-128,8228
13,2908,29387933,-3,3,0
4,2910,29397992,34,-132,8226
13,2909,29398014,-4,3,-1
4,2911,29407977,51,-138,8233
13,2910,29407999,0,3,0
4,2912,29418095,39,-138,8231
13,2911,29418117,0,0,0
4,2913,29428158,46,-134,8222
13,2912,29428180,0,0,0
4,2914,29438302,41,-135,8222
13,2913,29438324,1,-1,0
4,2915,29448355,40,-139,8239
13,2914,29448377,0,-3,0
4,2916,29458467,53,-131,8242
13,2915,29458489,-1,0,2
4,2917,29468581,49,-129,8223
13,2916,29468603,0,0,2
4,2918,29478630,40,-135,8217
13,2917,29478652,-2,2,0
4,2919,29488689,47,-130,8227
13,2918,29488711,0,2,-1
4,2920,29498696,50,-139,8228
13,2919,29498718,0,0,-2
4,2921,29508879,48,-131,8224
13,2920,29508901,0,1,0
4,2922,29519041,38,-136,8230
13,2921,29519063,1,0,-1
4,2923,29528975,49,-130,8235
13,2922,29528997,1,-2,0
4,2924,29539156,52,-129,8219
13,2923,29539178,0,1,0
4,2925,29549137,48,-135,8217
13,2924,29549158,0,2,0
4,2926,29559294,50,-135,8215
13,2925,29559316,1,3,1
4,2927,29569404,44,-130,8218
13,2926,29569426,0,0,1
4,2928,29579423,50,-135,8231
13,2927,29579445,0,-2,0
4,2929,29589500,52,-127,8227
13,2928,29589522,0,-1,1
4,2930,29599662,45,-136,8234
13,2929,29599684,0,0,4
4,2931,29609627,58,-146,8225
13,2930,29609649,1,-1,2
4,2932,29619722,45,-130,8234
13,2931,29619744,0,-1,4
4,2933,29629865,47,-122,8228
13,2932,29629887,0,0,5
4,2934,29639955,53,-131,8222
13,2933,29639977,1,0,2
4,2935,29649993,46,-138,8219
13,2934,29650015,1,-3,3
4,2936,29660098,57,-130,8231
13,2935,29660120,0,-3,2
4,2937,29670122,43,-137,8221
13,2936,29670144,2,0,0
4,2938,29680334,41,-136,8234
13,2937,29680356,1,1,1
4,2939,29690316,42,-133,8234
13,2938,29690338,0,0,0
4,2940,29700336,37,-143,8234
13,2939,29700358,0,-1,2
4,2941,29710523,44,-138,8234
13,2940,29710545,0,0,5
4,2942,29720592,57,-133,8224
13,2941,29720614,3,0,7
4,2943,29730643,45,-133,8229
13,2942,29730665,0,1,9
4,2944,29740737,46,-139,8233
13,2943,29740759,0,0,10
4,2945,29750932,53,-139,8219
13,2944,29750954,1,-1,11
4,2946,29761080,31,-129,8224
13,2945,29761102,0,-1,6
4,2947,29771048,42,-129,8220
13,2946,29771070,1,-3,3
4,2948,29781097,54,-136,8228
13,2947,29781119,2,-4,3
4,2949,29791140,56,-133,8222
13,2948,29791162,0,-5,3
4,2950,29801244,48,-133,8225
13,2949,29801266,2,-1,5
4,2951,29811228,40,-134,8232
13,2950,29811250,3,-2,1
4,2952,29821373,42,-128,8230
13,2951,29821395,3,-6,2
4,2953,29831470,54,-132,8220
13,2952,29831492,1,-1,2
4,2954,29841633,53,-133,8230
13,2953,29841654,2,-4,1
4,2955,29851635,44,-136,8238
13,2954,29851657,1,-3,0
4,2956,29861696,42,-135,8236
13,2955,29861718,-1,3,0
4,2957,29871794,55,-125,8225
13,2956,29871843,-4,4,1
4,2958,29881910,54,-132,8221
13,2957,29881932,-3,7,1
4,2959,29891976,42,-135,8229
13,2958,29891998,-1,3,1
4,2960,29902040,55,-136,8226
13,2959,29902062,-2,3,1
4,2961,29912108,48,-134,8223
13,2960,29912130,-2,4,0
4,2962,29922259,52,-126,8229
13,2961,29922281,0,5,1
4,2963,29932199,43,-134,8232
13,2962,29932221,-2,1,2
4,2964,29942332,37,-147,8223
13,2963,29942354,-1,0,1
4,2965,29952449,50,-130,8227
13,2964,29952471,0,3,3
4,2966,29962530,50,-138,8225
13,2965,29962552,-2,1,4
4,2967,29972557,54,-132,8222
13,2966,29972579,-1,0,2
4,2968,29982600,45,-130,8226
13,2967,29982622,-2,0,3
4,2969,29992762,33,-140,8226
13,2968,29992784,0,2,5
4,2970,30002949,32,-138,8233
13,2969,30002971,0,1,8
4,2971,30012936,46,-139,8234
13,2970,30012958,-1,0,7
4,2972,30023016,44,-131,8223
13,2971,30023038,-1,0,6
4,2973,30033053,52,-133,8234
13,2972,30033075,-2,3,5
4,2974,30043182,42,-131,8236
13,2973,30043204,-1,1,4
4,2975,30053248,54,-134,8229
13,2974,30053270,0,0,2
4,2976,30063324,47,-138,8226
13,2975,30063346,1,-1,2
4,2977,30073400,47,-129,8222
13,2976,30073422,0,0,0
4,2978,30083540,39,-128,8217
13,2977,30083562,1,-1,-1
4,2979,30093573,37,-143,8227
13,2978,30093595,1,-3,-2
4,2980,30103712,49,-141,8238
13,2979,30103734,1,-3,-1
4,2981,30113739,53,-141,8231
13,2980,30113761,0,-1,-2
4,2982,30123866,43,-133,8226
13,2981,30123888,-1,0,0
4,2983,30133911,50,-135,8233
13,2982,30133933,0,1,0
4,2984,30143987,61,-146,8243
13,2983,30144009,1,3,0
4,2985,30154103,45,-128,8222
13,2984,30154125,-1,3,-1
4,2986,30164223,40,-138,8222
13,2985,30164245,-2,0,0
4,2987,30174216,52,-141,8232
13,2986,30174238,-2,0,0
4,2988,30184253,39,-145,8227
13,2987,30184275,-2,0,0
4,2989,30194345,38,-139,8231
13,2988,30194366,0,-3,0
4,2990,30204471,47,-146,8235
13,2989,30204493,0,-2,0
4,2991,30214569,47,-140,8217
13,2990,30214591,0,0,0
4,2992,30224606,43,-125,8221
13,2991,30224628,1,2,0
4,2993,30234645,45,-126,8231
13,2992,30234667,-2,0,0
4,2994,30244808,43,-134,8226
13,2993,30244830,0,-4,-1
4,2995,30254837,45,-137,8247
13,2994,30254859,1,0,0
4,2996,30264899,34,-130,8225
13,2995,30264921,3,-4,0
4,2997,30274980,45,-131,8215
13,2996,30275002,2,-4,1
4,2998,30285032,41,-129,8228
13,2997,30285054,3,1,0
4,2999,30295118,43,-133,8220
13,2998,30295140,3,6,0
4,3000,30305171,54,-124,8228
13,2999,30305193,2,5,-1
4,3001,30315292,62,-119,8242
13,3000,30315314,-4,4,0
4,3002,30325412,44,-131,8237
13,3001,30325434,-6,4,0
4,3003,30335347,49,-134,8221
13,3002,30335369,-5,5,0
4,3004,30345495,56,-134,8229
13,3003,30345517,-3,3,6
4,3005,30355560,112,-79,8222
13,3004,30355582,-4,0,22
4,3006,30365701,95,-135,8223
13,3005,30365750,22,-7,58
4,3007,30375663,-81,-216,8241
13,3006,30375685,7,4,0
4,3008,30385910,60,-126,8205
13,3007,30385932,-7,4,-5
4,3009,30395909,38,-140,8231
13,3008,30395931,3,-5,3
4,3010,30406051,44,-144,8241
13,3009,30406073,3,-3,0
4,3011,30416060,52,-129,8229
13,3010,30416082,0,0,-2
4,3012,30426113,45,-128,8229
13,3011,30426135,0,-1,-1
4,3013,30436201,38,-138,8244
13,3012,30436223,-1,2,-2
4,3014,30446310,34,-135,8235
13,3013,30446332,0,0,0
4,3015,30456340,36,-129,8225
13,3014,30456362,1,-3,0
4,3016,30466428,31,-143,8223
13,3015,30466450,1,-3,-2
4,3017,30476537,50,-139,8232
13,3016,30476558,1,-1,-1
4,3018,30486613,40,-140,8231
13,3017,30486635,-2,0,-1
4,3019,30496649,48,-135,8221
13,3018,30496671,0,-5,0
4,3020,30506758,52,-134,8230
13,3019,30506780,1,-2,-1
4,3021,30516774,55,-136,8225
13,3020,30516796,1,-2,0
4,3022,30526946,40,-138,8228
13,3021,30526968,0,-1,-2
4,3023,30536984,50,-124,8231
13,3022,30537006,-1,-1,-1
4,3024,30546986,53,-135,8240
13,3023,30547008,-1,1,-3
4,3025,30557117,53,-130,8229
13,3024,30557139,-2,-1,0
4,3026,30567331,49,-141,8226
13,3025,30567353,-1,-3,0
4,3027,30577226,45,-151,8216
13,3026,30577248,1,0,0
4,3028,30587324,46,-133,8211
13,3027,30587346,1,-1,0
4,3029,30597429,42,-130,8233
13,3028,30597451,3,-4,0
4,3030,30607568,44,-156,8221
13,3029,30607590,3,0,0
4,3031,30617583,44,-147,8226
13,3030,30617605,1,0,0
4,3032,30627583,38,-140,8224
13,3031,30627605,1,-3,-1
4,3033,30637812,49,-129,8225
13,3032,30637834,1,-3,-1
4,3034,30647904,51,-137,8221
13,3033,30647926,2,1,-1
4,3035,30657871,41,-133,8226
13,3034,30657893,0,-3,-2
4,3036,30667947,47,-125,8222
13,3035,30667968,0,0,0
4,3037,30678011,45,-133,8234
13,3036,30678033,0,0,-1
4,3038,30688183,39,-120,8235
13,3037,30688205,0,-2,-1
4,3039,30698175,35,-128,8233
13,3038,30698196,0,-3,0
4,3040,30708189,49,-138,8223
13,3039,30708211,1,-2,0
4,3041,30718314,51,-134,8232
13,3040,30718336,1,-4,-1
4,3042,30728558,44,-121,8239
13,3041,30728607,3,-3,1
4,3043,30738492,52,-129,8229
13,3042,30738514,3,-4,-1
4,3044,30748652,52,-133,8236
13,3043,30748674,3,-2,-2
4,3045,30758676,46,-136,8235
13,3044,30758698,4,-1,-2
4,3046,30768719,52,-138,8233
13,3045,30768741,1,-3,-1
4,3047,30778822,47,-129,8225
13,3046,30778844,0,-4,1
4,3048,30788888,54,-139,8226
13,3047,30788910,3,-3,-1
4,3049,30798995,50,-143,8220
13,3048,30799017,2,-3,0
4,3050,30809163,51,-130,8219
13,3049,30809185,1,0,2
4,3051,30819178,48,-134,8223
13,3050,30819200,0,0,0
4,3052,30829231,53,-141,8219
13,3051,30829253,-1,-2,0
4,3053,30839338,46,-130,8239
13,3052,30839360,1,2,0
4,3054,30849350,36,-130,8250
13,3053,30849372,-2,0,-2
4,3055,30859519,50,-130,8231
13,3054,30859541,0,0,1
4,3056,30869539,49,-134,8221
13,3055,30869588,0,0,0
4,3057,30879544,42,-126,8227
13,3056,30879593,0,3,-3
4,3058,30889796,40,-123,8237
13,3057,30889818,-1,-1,-1
4,3059,30899761,48,-124,8244
13,3058,30899783,0,-4,0
4,3060,30909847,53,-128,8241
13,3059,30909869,0,0,0
4,3061,30919938,44,-130,8226
13,3060,30919960,0,-2,0
4,3062,30930022,46,-135,8217
13,3061,30930044,1,-2,0
4,3063,30940065,49,-136,8220
13,3062,30940087,0,0,0
4,3064,30950141,53,-134,8229
13,3063,30950163,-1,1,0
4,3065,30960225,59,-136,8218
13,3064,30960247,1,0,0
4,3066,30970455,49,-126,8213
13,3065,30970477,0,0,-2
4,3067,30980393,53,-133,8230
13,3066,30980415,-2,0,-1
4,3068,30990544,50,-128,8232
13,3067,30990566,-1,-2,-1
4,3069,31000479,56,-133,8224
13,3068,31000501,0,0,-1
4,3070,31010661,54,-123,8226
13,3069,31010683,0,1,-1
4,3071,31020726,43,-125,8227
13,3070,31020748,0,2,-2
4,3072,31030792,56,-132,8231
13,3071,31030814,-1,0,-1
4,3073,31040874,52,-138,8237
13,3072,31040896,-1,0,-2
4,3074,31050990,43,-133,8230
13,3073,31051012,0,0,-2
4,3075,31061015,47,-132,8226
13,3074,31061037,1,2,0
4,3076,31071033,46,-143,8227
13,3075,31071055,0,0,-2
4,3077,31081153,53,-136,8225
13,3076,31081175,-2,0,-4
4,3078,31091240,44,-135,8226
13,3077,31091262,0,0,-3
4,3079,31101337,43,-127,8226
13,3078,31101358,2,0,0
4,3080,31111411,44,-126,8227
13,3079,31111433,0,0,0
4,3081,31121502,43,-119,8230
13,3080,31121552,1,-1,0
4,3082,31131751,53,-130,8221
13,3081,31131773,1,0,-1
4,3083,31141674,56,-132,8217
13,3082,31141696,0,0,-1
4,3084,31151754,52,-129,8227
13,3083,31151776,-1,0,0
4,3085,31161855,54,-122,8214
13,3084,31161877,-2,0,-1
4,3086,31171916,55,-139,8236
13,3085,31171938,1,1,-2
4,3087,31181986,44,-145,8217
13,3086,31182008,0,0,0
4,3088,31192056,49,-139,8213
13,3087,31192078,0,-1,-2
4,3089,31202131,67,-132,8228
13,3088,31202153,0,1,-2
4,3090,31212299,63,-135,8223
13,3089,31212320,0,-2,-1
4,3091,31222275,50,-134,8221
13,3090,31222297,0,-6,-2
4,3092,31232383,49,-127,8229
13,3091,31232405,0,0,0
4,3093,31242518,56,-129,8231
13,3092,31242540,1,0,0
4,3094,31252595,54,-132,8239
13,3093,31252617,0,-1,0
4,3095,31262565,46,-135,8234
13,3094,31262587,0,1,0
4,3096,31272672,59,-137,8223
13,3095,31272694,1,0,0
4,3097,31282798,63,-126,8236
13,3096,31282820,1,0,-1
4,3098,31292964,54,-119,8226
13,3097,31292986,1,-4,0
4,3099,31302901,43,-128,8228
13,3098,31302922,0,1,-1
4,3100,31312970,50,-139,8233
13,3099,31312992,0,0,0
4,3101,31323051,57,-144,8237
13,3100,31323073,-1,0,0
4,3102,31333233,60,-127,8229
13,3101,31333254,-2,3,0
4,3103,31343218,58,-130,8230
13,3102,31343240,0,1,-1
4,3104,31353302,49,-131,8222
13,3103,31353324,1,0,1
4,3105,31363381,36,-137,8241
13,3104,31363403,0,0,-1
4,3106,31373630,50,-134,8231
13,3105,31373652,0,0,-2
4,3107,31383558,62,-133,8224
13,3106,31383580,0,0,0
4,3108,31393585,46,-129,8223
13,3107,31393607,-1,0,-1
4,3109,31403737,47,-136,8223
13,3108,31403759,0,0,0
4,3110,31413790,53,-131,8226
13,3109,31413812,0,0,-1
4,3111,31423866,55,-133,8230
13,3110,31423888,-1,2,0
4,3112,31433941,46,-139,8237
13,3111,31433963,-4,3,0
4,3113,31444039,45,-141,8215
13,3112,31444061,-2,0,-2
4,3114,31454191,43,-131,8218
13,3113,31454213,0,0,0
4,3115,31464173,43,-134,8235
13,3114,31464195,0,-2,0
4,3116,31474273,47,-131,8236
13,3115,31474295,0,-1,1
4,3117,31484338,43,-129,8233
13,3116,31484360,1,0,0
4,3118,31494499,46,-133,8234
13,3117,31494521,0,0,-2
4,3119,31504529,56,-146,8226
13,3118,31504551,1,1,-2
4,3120,31514563,41,-135,8226
13,3119,31514585,0,1,-1
4,3121,31524701,50,-126,8235
13,3120,31524723,1,0,0
4,3122,31534861,41,-130,8232
13,3121,31534883,0,0,0
4,3123,31544892,45,-140,8234
13,3122,31544914,0,0,0
4,3124,31554904,49,-130,8233
13,3123,31554925,-2,-2,0
4,3125,31565014,57,-122,8228
13,3124,31565036,0,-1,0
4,3126,31575150,50,-138,8240
13,3125,31575172,0,-2,-1
4,3127,31585142,49,-138,8232
13,3126,31585164,0,-1,0
4,3128,31595221,52,-130,8223
13,3127,31595243,0,-2,0
4,3129,31605313,44,-138,8238
13,3128,31605335,1,0,0
4,3130,31615593,57,-142,8235
13,3129,31615615,1,-4,0
4,3131,31625476,56,-136,8219
13,3130,31625498,1,-5,1
4,3132,31635601,45,-128,8219
13,3131,31635623,4,-4,0
4,3133,31645716,59,-118,8231
13,3132,31645738,3,-5,-1
4,3134,31655728,46,-127,8235
13,3133,31655750,2,-3,0
4,3135,31665780,47,-132,8224
13,3134,31665802,3,-3,0
4,3136,31675917,51,-130,8232
13,3135,31675939,3,-1,0
4,3137,31685942,58,-135,8230
13,3136,31685964,1,0,-2
4,3138,31696110,55,-135,8214
13,3137,31696132,0,0,-2
4,3139,31706098,41,-132,8220
13,3138,31706120,0,0,1
4,3140,31716187,43,-130,8229
13,3139,31716208,-1,2,-1
4,3141,31726270,52,-132,8227
13,3140,31726292,0,0,-2
4,3142,31736406,58,-115,8230
13,3141,31736428,0,0,-3
4,3143,31746525,41,-133,8231
13,3142,31746547,0,1,-2
4,3144,31756553,49,-127,8239
13,3143,31756575,0,0,-1
4,3145,31766697,67,-124,8245
13,3144,31766719,-1,2,0
4,3146,31776800,52,-139,8229
13,3145,31776822,-3,2,-2
4,3147,31786841,51,-125,8220
13,3146,31786863,-1,1,0
4,3148,31796858,48,-121,8233
13,3147,31796880,0,0,-2
4,3149,31806872,50,-125,8227
13,3148,31806894,0,-1,-1
4,3150,31817095,52,-132,8233
13,3149,31817117,-1,-3,0
4,3151,31827106,48,-133,8218
13,3150,31827127,1,0,0
4,3152,31837163,53,-128,8226
13,3151,31837185,0,-2,2
4,3153,31847183,49,-135,8237
13,3152,31847205,0,-4,-2
4,3154,31857409,53,-126,8233
13,3153,31857431,1,-2,-2
4,3155,31867483,49,-127,8221
13,3154,31867505,1,1,-1
4,3156,31877423,51,-126,8229
13,3155,31877445,-2,0,-2
4,3157,31887567,58,-125,8230
13,3156,31887589,-3,0,-1
4,3158,31897717,43,-126,8223
13,3157,31897739,0,2,-2
4,3159,31907745,47,-129,8220
13,3158,31907767,0,0,-1
4,3160,31917800,58,-146,8220
13,3159,31917822,-1,-1,-2
4,3161,31927890,54,-141,8242
13,3160,31927912,0,0,-1
4,3162,31938002,40,-131,8225
13,3161,31938023,0,0,-1
4,3163,31948034,48,-138,8228
13,3162,31948056,1,0,-2
4,3164,31958148,60,-129,8231
13,3163,31958170,1,0,0
4,3165,31968199,61,-121,8238
13,3164,31968220,1,2,-1
4,3166,31978231,60,-140,8219
13,3165,31978253,2,0,0
4,3167,31988330,46,-138,8216
13,3166,31988352,2,-3,0
4,3168,31998418,47,-145,8233
13,3167,31998468,3,-2,0
4,3169,32008452,56,-129,8231
13,3168,32008474,2,0,0
4,3170,32018711,55,-122,8226
13,3169,32018733,1,1,0
4,3171,32028739,44,-133,8221
13,3170,32028761,-1,-1,0
4,3172,32038822,35,-133,8230
13,3171,32038844,-1,-1,-1
4,3173,32048819,50,-128,8219
13,3172,32048841,0,0,0
4,3174,32058950,53,-132,8228
13,3173,32058972,0,3,0
4,3175,32068945,58,-134,8230
13,3174,32068967,0,0,-1
4,3176,32079052,51,-120,8225
13,3175,32079074,0,0,-1
4,3177,32089163,51,-133,8224
13,3176,32089185,0,1,-2
4,3178,32099267,49,-124,8224
13,3177,32099289,0,1,1
4,3179,32109373,42,-126,8233
13,3178,32109395,1,0,-1
4,3180,32119318,58,-126,8227
13,3179,32119340,2,-3,0
4,3181,32129494,50,-124,8224
13,3180,32129516,3,-2,0
4,3182,32139675,45,-124,8238
13,3181,32139697,0,0,0
4,3183,32149646,50,-133,8239
13,3182,32149668,0,1,-1
4,3184,32159744,53,-128,8219
13,3183,32159766,-2,1,0
4,3185,32169775,58,-137,8222
13,3184,32169797,-3,1,-2
4,3186,32179921,47,-140,8227
13,3185,32179943,0,1,0
4,3187,32189936,43,-140,8229
13,3186,32189958,2,-1,1
4,3188,32200019,57,-131,8236
13,3187,32200041,2,-3,-1
4,3189,32210104,58,-127,8231
13,3188,32210126,2,0,-2
4,3190,32220226,63,-120,8226
13,3189,32220247,0,1,0
4,3191,32230275,59,-121,8225
13,3190,32230297,0,3,0
4,3192,32240302,49,-141,8224
13,3191,32240323,3,2,0
4,3193,32250474,58,-140,8237
13,3192,32250496,1,1,-2
4,3194,32260634,55,-127,8235
13,3193,32260656,0,2,0
4,3195,32270560,52,-123,8213
13,3194,32270582,1,0,1
4,3196,32280763,48,-119,8228
13,3195,32280785,0,3,0
4,3197,32290781,50,-122,8244
13,3196,32290803,-1,2,0
4,3198,32300905,49,-123,8233
13,3197,32300927,-3,3,0
4,3199,32310929,45,-130,8220
13,3198,32310951,-2,0,0
4,3200,32321089,37,-127,8232
13,3199,32321111,0,-1,1
4,3201,32331153,46,-120,8228
13,3200,32331175,1,-2,0
4,3202,32341356,55,-125,8227
13,3201,32341378,0,3,-2
4,3203,32351282,57,-129,8224
13,3202,32351304,0,-2,0
4,3204,32361332,41,-130,8230
13,3203,32361354,0,-1,-1
4,3205,32371488,54,-123,8229
13,3204,32371510,-2,0,-2
4,3206,32381535,42,-138,8239
13,3205,32381557,0,0,-1
4,3207,32391655,37,-137,8230
13,3206,32391677,1,0,0
4,3208,32401707,52,-143,8235
13,3207,32401729,0,0,-1
4,3209,32411824,57,-139,8232
13,3208,32411846,0,3,-1
4,3210,32421959,50,-124,8217
13,3209,32421981,1,0,0
4,3211,32431941,56,-135,8223
13,3210,32431963,2,0,-3
4,3212,32442036,52,-129,8228
13,3211,32442058,0,0,-3
4,3213,32452106,49,-123,8220
13,3212,32452128,-3,2,0
4,3214,32462242,46,-144,8218
13,3213,32462263,-3,0,0
4,3215,32472279,47,-136,8235
13,3214,32472301,0,1,0
4,3216,32482372,53,-119,8231
13,3215,32482394,0,-1,0
4,3217,32492451,48,-124,8221
13,3216,32492473,0,-2,-1
4,3218,32502603,51,-124,8230
13,3217,32502625,0,0,0
4,3219,32512661,58,-110,8223
13,3218,32512683,0,-1,0
4,3220,32522819,65,-113,8232
13,3219,32522841,0,0,0
4,3221,32532832,47,-127,8227
13,3220,32532854,-1,1,-1
4,3222,32542902,52,-134,8238
13,3221,32542924,-2,0,-1
4,3223,32552872,62,-137,8227
13,3222,32552894,0,0,-1
4,3224,32563015,47,-125,8208
13,3223,32563037,3,0,-2
4,3225,32573121,48,-133,8219
13,3224,32573143,2,0,-1
4,3226,32583286,59,-126,8237
13,3225,32583308,0,3,0
4,3227,32593261,45,-131,8238
13,3226,32593283,-4,0,0
4,3228,32603306,44,-130,8221
13,3227,32603328,-4,1,0
4,3229,32613407,48,-139,8235
13,3228,32613429,-1,1,1
4,3230,32623560,53,-141,8228
13,3229,32623582,0,-2,0
4,3231,32633632,60,-134,8222
13,3230,32633654,2,-1,-3
4,3232,32643679,61,-139,8221
13,3231,32643701,4,0,-1
4,3233,32653722,62,-127,8215
13,3232,32653744,1,-3,0
4,3234,32663916,43,-135,8234
13,3233,32663938,0,0,0
4,3235,32673987,46,-136,8232
13,3234,32674009,-1,0,0
4,3236,32683975,52,-125,8225
13,3235,32683997,-1,0,-1
4,3237,32694050,50,-122,8230
13,3236,32694072,0,0,0
4,3238,32704188,54,-129,8221
13,3237,32704210,0,-1,0
4,3239,32714211,48,-133,8209
13,3238,32714233,-1,3,0
4,3240,32724309,47,-118,8226
13,3239,32724331,1,4,-1
4,3241,32734397,48,-120,8236
13,3240,32734419,0,3,-2
4,3242,32744622,46,-138,8224
13,3241,32744644,1,1,0
4,3243,32754567,55,-133,8225
13,3242,32754589,0,-2,0
4,3244,32764654,55,-132,8226
13,3243,32764676,0,0,0
4,3245,32774768,51,-125,8224
13,3244,32774790,0,1,0
4,3246,32784902,54,-128,8225
13,3245,32784924,0,0,0
4,3247,32794905,42,-131,8215
13,3246,32794927,-1,1,1
4,3248,32804979,55,-132,8225
13,3247,32805001,-4,2,2
4,3249,32815013,46,-128,8222
13,3248,32815035,-2,0,0
4,3250,32825237,53,-139,8244
13,3249,32825259,0,0,0
4,3251,32835193,40,-138,8243
13,3250,32835215,-2,0,0
4,3252,32845285,44,-130,8227
13,3251,32845307,0,3,0
4,3253,32855305,60,-130,8221
13,3252,32855327,1,2,1
4,3254,32865521,54,-134,8227
13,3253,32865543,2,0,0
4,3255,32875541,45,-127,8227
13,3254,32875563,1,-1,-2
4,3256,32885639,54,-123,8230
13,3255,32885661,0,0,-2
4,3257,32895721,56,-125,8234
13,3256,32895743,0,0,0
4,3258,32905831,46,-137,8231
13,3257,32905853,0,1,0
4,3259,32915855,47,-131,8209
13,3258,32915877,-1,-1,-2
4,3260,32925895,51,-125,8229
13,3259,32925917,-1,0,-2
4,3261,32936018,71,-135,8226
13,3260,32936040,-2,0,0
4,3262,32946040,59,-128,8229
13,3261,32946061,-1,-1,-1
4,3263,32956232,49,-121,8221
13,3262,32956254,-1,-1,-2
4,3264,32966224,46,-128,8222
13,3263,32966246,-2,1,-2
4,3265,32976265,50,-133,8222
13,3264,32976287,1,-1,-1
4,3266,32986495,44,-138,8227
13,3265,32986517,6,-7,-1
4,3267,32996468,44,-137,8223
13,3266,32996517,7,-8,1
4,3268,33006586,57,-134,8218
13,3267,33006608,6,-5,0
4,3269,33016651,52,-125,8222
13,3268,33016673,4,-4,-1
4,3270,33026776,48,-127,8227
13,3269,33026798,3,-1,0
4,3271,33036798,59,-128,8240
13,3270,33036820,2,0,1
4,3272,33046881,53,-131,8233
13,3271,33046903,0,0,-1
4,3273,33056899,53,-127,8225
13,3272,33056921,0,0,1
4,3274,33067088,47,-129,8221
13,3273,33067110,0,0,1
4,3275,33077085,57,-116,8237
13,3274,33077107,0,0,0
4,3276,33087091,51,-120,8231
13,3275,33087113,-1,0,-1
4,3277,33097240,41,-112,8222
13,3276,33097262,0,0,0
4,3278,33107356,47,-120,8234
13,3277,33107378,1,-1,0
4,3279,33117329,45,-127,8236
13,3278,33117351,0,1,-3
4,3280,33127494,49,-124,8217
13,3279,33127516,0,-1,-1
4,3281,33137628,49,-127,8229
13,3280,33137650,0,-1,1
4,3282,33147701,52,-133,8230
13,3281,33147723,0,0,0
4,3283,33157730,54,-125,8216
13,3282,33157752,0,0,0
4,3284,33167794,55,-126,8223
13,3283,33167816,-2,0,1
4,3285,33177896,53,-141,8230
13,3284,33177918,-3,0,0
4,3286,33187988,53,-138,8234
13,3285,33188010,0,2,0
4,3287,33197964,51,-128,8224
13,3286,33197986,0,2,0
4,3288,33208129,66,-129,8242
13,3287,33208151,0,0,0
4,3289,33218206,67,-132,8229
13,3288,33218227,0,0,1
4,3290,33228332,51,-141,8215
13,3289,33228354,0,3,4
4,3291,33238307,44,-135,8231
13,3290,33238329,0,3,1
4,3292,33248382,52,-132,8226
13,3291,33248431,0,0,2
4,3293,33258545,50,-130,8222
13,3292,33258567,1,0,0
4,3294,33268594,47,-117,8227
13,3293,33268616,2,-1,0
4,3295,33278592,51,-132,8231
13,3294,33278614,2,0,1
4,3296,33288690,43,-127,8231
13,3295,33288712,1,-1,1
4,3297,33298832,60,-111,8234
13,3296,33298854,0,0,0
4,3298,33308936,51,-127,8228
13,3297,33308958,-3,1,1
4,3299,33318976,55,-133,8235
13,3298,33318998,-2,2,2
4,3300,33328979,53,-127,8247
13,3299,33329001,-1,2,2
4,3301,33339027,47,-129,8220
13,3300,33339049,-1,2,2
4,3302,33349181,56,-126,8229
13,3301,33349203,-3,0,3
4,3303,33359181,60,-138,8236
13,3302,33359203,-1,0,1
4,3304,33369297,53,-135,8226
13,3303,33369346,0,0,0
4,3305,33379420,44,-119,8236
13,3304,33379442,0,-3,0
4,3306,33389630,57,-130,8220
13,3305,33389652,0,-1,-1
4,3307,33399552,56,-134,8227
13,3306,33399574,0,0,-1
4,3308,33409693,51,-139,8233
13,3307,33409715,2,3,-3
4,3309,33419660,65,-129,8234
13,3308,33419682,0,2,-1
4,3310,33429881,49,-134,8235
13,3309,33429903,0,0,-3
4,3311,33439855,51,-127,8234
13,3310,33439877,-1,3,0
4,3312,33449889,59,-131,8231
13,3311,33449911,-3,4,-1
4,3313,33459983,61,-138,8215
13,3312,33460005,-1,3,0
4,3314,33470169,53,-135,8234
13,3313,33470191,3,1,1
4,3315,33480169,55,-123,8231
13,3314,33480191,0,1,1
4,3316,33490271,57,-126,8236
13,3315,33490320,0,3,4
4,3317,33500344,53,-130,8219
13,3316,33500366,2,0,8
4,3318,33510451,46,-129,8236
13,3317,33510473,0,2,11
4,3319,33520476,42,-129,8241
13,3318,33520498,0,0,11
4,3320,33530582,49,-109,8240
13,3319,33530604,0,1,7
4,3321,33540679,44,-116,8230
13,3320,33540701,-1,0,10
4,3322,33550786,50,-132,8230
13,3321,33550808,-1,0,8
4,3323,33560802,63,-124,8232
13,3322,33560824,0,0,6
4,3324,33570779,56,-131,8218
13,3323,33570801,-2,0,7
4,3325,33580926,49,-132,8226
13,3324,33580948,0,-2,10
4,3326,33591051,44,-133,8234
13,3325,33591073,3,-2,7
4,3327,33601083,53,-137,8229
13,3326,33601105,2,1,7
4,3328,33611135,70,-134,8228
13,3327,33611157,0,1,8
4,3329,33621182,62,-129,8212
13,3328,33621204,-1,0,8
4,3330,33631392,47,-132,8223
13,3329,33631414,-1,0,6
4,3331,33641351,60,-143,8212
13,3330,33641373,0,0,7
4,3332,33651450,61,-133,8224
13,3331,33651472,0,0,5
4,3333,33661500,59,-122,8236
13,3332,33661522,0,0,0
4,3334,33671605,54,-130,8208
13,3333,33671627,0,0,0
4,3335,33681667,46,-122,8221
13,3334,33681689,-1,1,2
4,3336,33691741,41,-122,8232
13,3335,33691763,0,0,0
4,3337,33701878,62,-129,8228
13,3336,33701899,0,2,2
4,3338,33711995,53,-113,8224
13,3337,33712017,0,0,2
4,3339,33721948,53,-137,8232
13,3338,33721970,0,-1,0
4,3340,33732033,58,-129,8228
13,3339,33732055,0,0,-1
4,3341,33742121,45,-118,8218
13,3340,33742143,1,-1,0
4,3342,33752275,40,-125,8227
13,3341,33752297,0,-4,0
4,3343,33762303,47,-135,8230
13,3342,33762325,0,0,0
4,3344,33772374,45,-125,8230
13,3343,33772396,0,3,0
4,3345,33782472,41,-127,8226
13,3344,33782494,-1,0,0
4,3346,33792612,45,-132,8225
13,3345,33792634,0,-1,1
4,3347,33802581,48,-129,8221
13,3346,33802603,0,0,2
4,3348,33812721,49,-137,8238
13,3347,33812743,0,-2,1
4,3349,33822747,59,-136,8233
13,3348,33822769,1,-1,1
4,3350,33832826,57,-119,8224
13,3349,33832848,0,1,3
4,3351,33842909,54,-114,8217
13,3350,33842931,0,0,4
4,3352,33852975,44,-121,8223
13,3351,33852997,0,2,4
4,3353,33863117,42,-125,8222
13,3352,33863166,0,-1,2
4,3354,33873272,53,-140,8232
13,3353,33873294,0,-2,0
4,3355,33883262,53,-123,8244
13,3354,33883284,0,0,0
4,3356,33893316,53,-122,8219
13,3355,33893338,0,2,0
4,3357,33903452,46,-130,8229
13,3356,33903474,0,2,1
4,3358,33913467,55,-126,8229
13,3357,33913489,-1,0,0
4,3359,33923553,47,-127,8226
13,3358,33923575,-2,0,1
4,3360,33933604,53,-140,8240
13,3359,33933626,-3,0,0
4,3361,33943725,44,-130,8222
13,3360,33943747,0,1,1
4,3362,33953873,55,-130,8228
13,3361,33953895,1,0,3
4,3363,33963798,47,-132,8228
13,3362,33963819,1,0,0
4,3364,33973949,57,-130,8218
13,3363,33973971,0,-1,0
4,3365,33984001,46,-128,8227
13,3364,33984023,0,-2,0
4,3366,33994183,62,-131,8234
13,3365,33994205,1,0,1
4,3367,34004204,55,-136,8227
13,3366,34004226,0,0,1
4,3368,34014294,55,-147,8236
13,3367,34014316,-1,0,1
4,3369,34024413,46,-134,8235
13,3368,34024435,0,0,3
4,3370,34034526,50,-134,8223
13,3369,34034548,-1,1,0
4,3371,34044506,46,-140,8220
13,3370,34044528,0,1,0
4,3372,34054587,54,-128,8224
13,3371,34054609,0,0,0
4,3373,34064679,48,-136,8235
13,3372,34064701,-1,1,0
4,3374,34074767,55,-136,8226
13,3373,34074789,1,0,1
4,3375,34084783,51,-135,8217
13,3374,34084805,3,0,0
4,3376,34094923,62,-124,8227
13,3375,34094945,3,-2,0
4,3377,34105000,55,-115,8223
13,3376,34105022,2,-2,0
4,3378,34115257,51,-123,8226
13,3377,34115279,0,-1,-3
4,3379,34125169,63,-123,8222
13,3378,34125191,0,0,0
4,3380,34135274,51,-121,8237
13,3379,34135296,-2,-3,0
4,3381,34145385,37,-127,8233
13,3380,34145407,0,-2,0
4,3382,34155441,44,-121,8240
13,3381,34155463,-2,0,-1
4,3383,34165484,54,-126,8222
13,3382,34165506,2,0,-1
4,3384,34175545,44,-137,8235
13,3383,34175567,1,-2,-1
4,3385,34185732,46,-141,8216
13,3384,34185754,1,0,-2
4,3386,34195804,60,-137,8231
13,3385,34195826,0,0,-2
4,3387,34205812,52,-126,8232
13,3386,34205833,0,-1,-1
4,3388,34215934,47,-135,8219
13,3387,34215956,0,1,-1
4,3389,34225901,48,-139,8227
13,3388,34225923,-1,1,0
4,3390,34236082,53,-139,8243
13,3389,34236104,-1,-2,0
4,3391,34246187,52,-138,8236
13,3390,34246209,-1,2,0
4,3392,34256242,40,-138,8223
13,3391,34256264,0,2,1
4,3393,34266303,48,-129,8226
13,3392,34266325,1,3,0
4,3394,34276490,52,-122,8236
13,3393,34276512,0,0,0
4,3395,34286449,43,-129,8234
13,3394,34286471,-1,0,1
4,3396,34296524,53,-124,8229
13,3395,34296546,1,1,2
4,3397,34306603,59,-130,8240
13,3396,34306625,0,-2,1
4,3398,34316790,57,-124,8227
13,3397,34316812,0,0,1
4,3399,34326759,55,-118,8223
13,3398,34326781,1,0,1
4,3400,34336892,47,-126,8232
13,3399,34336914,0,0,-1
4,3401,34346933,47,-128,8238
13,3400,34346955,-1,2,-1
4,3402,34357192,35,-130,8233
13,3401,34357214,0,1,-1
4,3403,34367095,51,-125,8223
13,3402,34367117,0,-2,0
4,3404,34377113,49,-124,8237
13,3403,34377162,1,-1,0
4,3405,34387309,44,-130,8229
13,3404,34387331,0,0,-1
4,3406,34397401,51,-141,8215
13,3405,34397423,0,-1,0
4,3407,34407457,60,-143,8232
13,3406,34407479,1,0,3
4,3408,34417440,58,-136,8239
13,3407,34417462,0,0,0
4,3409,34427589,50,-135,8236
13,3408,34427611,1,-1,-1
4,3410,34437812,50,-127,8230
13,3409,34437834,1,0,-3
4,3411,34447685,48,-116,8224
13,3410,34447706,1,2,0
4,3412,34457814,45,-131,8227
13,3411,34457836,2,0,-1
4,3413,34467895,49,-143,8222
13,3412,34467917,1,0,-2
4,3414,34478002,53,-148,8221
13,3413,34478024,0,0,0
4,3415,34488069,60,-119,8235
13,3414,34488091,0,-2,0
4,3416,34498178,56,-131,8228
13,3415,34498200,1,0,0
4,3417,34508233,63,-124,8221
13,3416,34508255,0,-2,-1
4,3418,34518450,57,-119,8226
13,3417,34518472,0,1,-1
4,3419,34528477,48,-118,8210
13,3418,34528499,-5,2,-2
4,3420,34538452,59,-135,8221
13,3419,34538474,0,-3,-3
4,3421,34548473,50,-132,8234
13,3420,34548494,1,-2,-2
4,3422,34558658,49,-129,8218
13,3421,34558680,1,-2,-2
4,3423,34568696,60,-127,8219
13,3422,34568718,1,-1,-1
4,3424,34578721,55,-125,8221
13,3423,34578743,1,1,-1
4,3425,34588876,57,-135,8230
13,3424,34588898,1,-1,0
4,3426,34599084,56,-140,8209
13,3425,34599105,0,-2,1
4,3427,34609074,49,-134,8218
13,3426,34609096,2,0,-1
4,3428,34619139,44,-134,8230
13,3427,34619161,-1,1,0
4,3429,34629214,53,-131,8228
13,3428,34629236,-2,1,-3
4,3430,34639285,52,-141,8227
13,3429,34639307,0,1,-2
4,3431,34649368,50,-134,8223
13,3430,34649390,1,1,-2
4,3432,34659429,64,-127,8225
13,3431,34659451,0,0,-2
4,3433,34669440,59,-130,8225
13,3432,34669462,0,-2,0
4,3434,34679737,46,-114,8239
13,3433,34679759,0,-1,1
4,3435,34689614,66,-120,8230
13,3434,34689636,-1,0,0
4,3436,34699732,47,-127,8223
13,3435,34699754,-1,0,-1
4,3437,34709869,58,-126,8216
13,3436,34709891,-1,0,-1
4,3438,34719919,63,-126,8225
13,3437,34719941,0,0,0
4,3439,34729981,50,-122,8235
13,3438,34730003,-1,0,-1
4,3440,34740056,53,-120,8228
13,3439,34740105,0,0,-1
4,3441,34750126,57,-127,8237
13,3440,34750148,0,0,0
4,3442,34760339,54,-130,8229
13,3441,34760361,0,0,-2
4,3443,34770322,53,-118,8223
13,3442,34770344,0,0,-2
4,3444,34780392,61,-130,8225
13,3443,34780414,0,2,1
4,3445,34790442,54,-141,8222
13,3444,34790464,0,1,0
4,3446,34800578,45,-125,8212
13,3445,34800600,0,0,0
4,3447,34810570,44,-130,8235
13,3446,34810591,-1,1,0
4,3448,34820696,54,-142,8222
13,3447,34820718,0,1,-3
4,3449,34830803,62,-128,8231
13,3448,34830825,0,0,0
4,3450,34840904,50,-137,8237
13,3449,34840926,0,0,0
4,3451,34851018,43,-136,8233
13,3450,34851040,3,1,0
4,3452,34861028,38,-143,8235
13,3451,34861050,3,0,0
4,3453,34871124,38,-132,8226
13,3452,34871146,0,1,-3
4,3454,34881242,46,-120,8219
13,3453,34881264,0,0,-1
4,3455,34891318,54,-129,8233
13,3454,34891340,-1,0,1
4,3456,34901424,57,-133,8241
13,3455,34901446,-1,0,0
4,3457,34911466,74,-133,8226
13,3456,34911488,0,1,0
4,3458,34921578,52,-126,8223
13,3457,34921600,0,0,0
4,3459,34931554,46,-129,8223
13,3458,34931576,-1,-1,0
4,3460,34941628,59,-126,8227
13,3459,34941650,0,-1,0
4,3461,34951670,52,-125,8230
13,3460,34951692,1,-3,1
4,3462,34961822,50,-128,8226
13,3461,34961844,0,-1,-1
4,3463,34971886,67,-134,8227
13,3462,34971908,0,0,-2
4,3464,34981960,52,-130,8215
13,3463,34981982,0,2,1
4,3465,34992104,55,-125,8227
13,3464,34992126,0,2,0
# CONFIG,end,4,100.000,0,4,0
# CONFIG,end,13,100.000,0,1000,0
# END,accel_events=3465,gyro_events=3464,queue_dropped=0,malformed=0,max_poll_gap_us=135696
# Reset the board before another ca
# EXPERIMENT,rotation-x
# planned_turn_us=10000000:13000000,planned_return_us=20000000:23000000
